name,sku,tax_type,gst_rate,purchase_rate,selling_rate,opening_stock,category,hsn,barcode
Advanced Statutory Audit Services - Corporate Entity,TAX-00001,GST,18,52191.03,115306.0,23,Financial Auditing Services,998221,8908196001338
Individual ITR-1 / ITR-2 Filing - Salaried Single Form 16,TAX-00002,GST,18,394.02,1036.0,67,Individual Tax Preparation,998232,8909402654235
Standard Statutory Audit Services - Medium Enterprise,TAX-00003,GST,18,48664.24,122436.0,43,Financial Auditing Services,998221,8900781618495
Premium Business & Professional ITR-3 / ITR-4 - Presumptive Taxation,TAX-00004,GST,18,1610.33,5088.0,20,Individual Tax Preparation,998232,8903164752553
End-to-End Payroll Processing - Upto 150 Employees,TAX-00005,GST,18,5152.42,15940.0,30,Payroll & Compliance Services,998223,8907648350305
Basic Corporate Income Tax Return (ITR-6) - Standard,TAX-00006,GST,18,11019.48,31414.0,50,Corporate Tax Consulting,998231,8903767242388
Dedicated Professional Tax (PT) Compliance - Annual Filing,TAX-00007,GST,18,650.4,2274.0,75,Payroll & Compliance Services,998223,8907101226916
Retainer ROC Annual Compliance Filing - Fast Track Strike Off,TAX-00008,GST,18,3925.31,11108.0,11,Corporate Tax Consulting,998231,8901845146270
PF & ESI Registration and Returns - Monthly Retainer,TAX-00009,GST,18,1925.01,5695.0,87,Payroll & Compliance Services,998223,8903252880957
Advanced Statutory Audit Services - Medium Enterprise,TAX-00010,GST,18,48687.43,114966.0,82,Financial Auditing Services,998221,8901171822782
Retainer Professional Tax (PT) Compliance - Registration,TAX-00011,GST,18,970.08,2944.0,49,Payroll & Compliance Services,998223,8906578713315
Express Stock & Inventory Audit - Single Location,TAX-00012,GST,18,8640.92,18202.0,90,Financial Auditing Services,998221,8900310518347
Express Virtual CFO Services - Part-time (20 hours),TAX-00013,GST,18,27610.96,65286.0,70,Accounting & Bookkeeping Services,998222,8906311656670
Dedicated Statutory Audit Services - Medium Enterprise,TAX-00014,GST,18,69336.27,150037.0,34,Financial Auditing Services,998221,8903872624731
Premium ROC Annual Compliance Filing - AOC-4 & MGT-7,TAX-00015,GST,18,4807.39,13513.0,11,Corporate Tax Consulting,998231,8901326773602
Advanced GST Registration & Advisory - E-commerce/Multi-State,TAX-00016,GST,18,1789.03,5685.0,46,Corporate Tax Consulting,998231,8906872343098
Premium Tax Audit (U/s 44AB) - Individual/HUF,TAX-00017,GST,18,5947.48,16381.0,77,Financial Auditing Services,998221,8902081219136
Express Stock & Inventory Audit - Single Location,TAX-00018,GST,18,7492.13,21945.0,63,Financial Auditing Services,998221,8909985435346
Dedicated Bank Reconciliation Services - Annual Cleanup,TAX-00019,GST,18,1857.74,6323.0,11,Accounting & Bookkeeping Services,998222,8907991183842
Dedicated End-to-End Payroll Processing - Upto 20 Employees,TAX-00020,GST,18,3546.86,9425.0,79,Payroll & Compliance Services,998223,8904980841241
Advanced Stock & Inventory Audit - Single Location,TAX-00021,GST,18,8125.41,18818.0,53,Financial Auditing Services,998221,8903487401640
Tax Audit (U/s 44AB) - Individual/HUF,TAX-00022,GST,18,8628.36,19348.0,66,Financial Auditing Services,998221,8908680112805
Comprehensive Business & Professional ITR-3 / ITR-4 - Regular Accounts,TAX-00023,GST,18,1450.35,3694.0,15,Individual Tax Preparation,998232,8905331586923
Premium Cloud Accounting Setup (Tally/Zoho) - Advanced Integration,TAX-00024,GST,18,3152.3,10676.0,62,Accounting & Bookkeeping Services,998222,8903421607337
Basic TDS & TCS Return Filing - Form 24Q,TAX-00025,GST,18,1240.78,2841.0,52,Payroll & Compliance Services,998223,8904145868501
Premium PF & ESI Registration and Returns - Annual Package,TAX-00026,GST,18,1932.62,5125.0,50,Payroll & Compliance Services,998223,8906981693406
Dedicated Stock & Inventory Audit - Single Location,TAX-00027,GST,18,5933.73,20313.0,52,Financial Auditing Services,998221,8909514846564
Turnkey Business & Professional ITR-3 / ITR-4 - Presumptive Taxation,TAX-00028,GST,18,1983.87,5096.0,32,Individual Tax Preparation,998232,8909946804436
Managed NRI Tax Advisory & Filing - DTAA Benefit Filing,TAX-00029,GST,18,3520.28,8169.0,70,Individual Tax Preparation,998232,8902148951343
Premium Cloud Accounting Setup (Tally/Zoho) - Basic Setup,TAX-00030,GST,18,2448.11,6641.0,19,Accounting & Bookkeeping Services,998222,8907693676320
Comprehensive Forensic Audit & Fraud Investigation - Basic Assessment,TAX-00031,GST,18,18955.82,57699.0,69,Financial Auditing Services,998221,8900831727889
Retainer Professional Tax (PT) Compliance - Annual Filing,TAX-00032,GST,18,1142.16,2557.0,70,Payroll & Compliance Services,998223,8907434873471
Dedicated PF & ESI Registration and Returns - Annual Package,TAX-00033,GST,18,2049.3,5759.0,27,Payroll & Compliance Services,998223,8902362316658
Basic GST Annual Return (GSTR-9/9C) - Turnover < 2Cr,TAX-00034,GST,18,7060.94,18247.0,84,Corporate Tax Consulting,998231,8900967054668
Basic Business & Professional ITR-3 / ITR-4 - Regular Accounts,TAX-00035,GST,18,1544.46,4214.0,59,Individual Tax Preparation,998232,8905627298069
Individual ITR-1 / ITR-2 Filing - Salaried Single Form 16,TAX-00036,GST,18,276.64,913.0,33,Individual Tax Preparation,998232,8900465375564
Managed Corporate Income Tax Return (ITR-6) - Standard,TAX-00037,GST,18,7205.79,20242.0,54,Corporate Tax Consulting,998231,8903100330923
Standard Financial Statement Preparation (P&L/BS) - LLP,TAX-00038,GST,18,6974.8,16230.0,99,Accounting & Bookkeeping Services,998222,8904529912419
Tax Audit (U/s 44AB) - Company,TAX-00039,GST,18,7339.17,18810.0,35,Financial Auditing Services,998221,8901931491905
Standard Advance Tax Calculation & Advisory - One-Time Analysis,TAX-00040,GST,18,838.43,2106.0,63,Individual Tax Preparation,998232,8907165726284
Turnkey Advance Tax Calculation & Advisory - One-Time Analysis,TAX-00041,GST,18,839.82,2426.0,51,Individual Tax Preparation,998232,8903147379965
Comprehensive Forensic Audit & Fraud Investigation - Detailed Investigation,TAX-00042,GST,18,82438.95,208755.0,43,Financial Auditing Services,998221,8905494808313
Managed GST Annual Return (GSTR-9/9C) - Turnover < 2Cr,TAX-00043,GST,18,6155.91,16844.0,12,Corporate Tax Consulting,998231,8901436349578
Retainer NRI Tax Advisory & Filing - DTAA Benefit Filing,TAX-00044,GST,18,2528.58,7723.0,44,Individual Tax Preparation,998232,8904431351823
Express Financial Statement Preparation (P&L/BS) - Private Limited,TAX-00045,GST,18,6934.09,19325.0,46,Accounting & Bookkeeping Services,998222,8901343524082
Retainer End-to-End Payroll Processing - Upto 20 Employees,TAX-00046,GST,18,2769.5,9461.0,91,Payroll & Compliance Services,998223,8907109477752
Standard Tax Audit (U/s 44AB) - Partnership Firm,TAX-00047,GST,18,6984.07,18166.0,19,Financial Auditing Services,998221,8909022941318
Retainer ROC Annual Compliance Filing - AOC-4 & MGT-7,TAX-00048,GST,18,3533.41,11882.0,48,Corporate Tax Consulting,998231,8909649909133
Basic End-to-End Payroll Processing - Upto 20 Employees,TAX-00049,GST,18,4198.15,8869.0,10,Payroll & Compliance Services,998223,8906797403447
Internal Audit & Risk Assessment - Half-Yearly,TAX-00050,GST,18,13661.24,43796.0,35,Financial Auditing Services,998221,8906183242102
Standard TDS & TCS Return Filing - Form 26Q,TAX-00051,GST,18,1473.86,3620.0,61,Payroll & Compliance Services,998223,8904887719065
Standard NRI Tax Advisory & Filing - Standard Consultation,TAX-00052,GST,18,2429.4,7316.0,83,Individual Tax Preparation,998232,8909049027874
Virtual CFO Services - Dedicated (40 hours),TAX-00053,GST,18,37748.91,130369.0,70,Accounting & Bookkeeping Services,998222,8905655125674
Managed ROC Annual Compliance Filing - AOC-4 & MGT-7,TAX-00054,GST,18,4257.97,10128.0,24,Corporate Tax Consulting,998231,8906808760385
Premium Advance Tax Calculation & Advisory - One-Time Analysis,TAX-00055,GST,18,638.85,1804.0,46,Individual Tax Preparation,998232,8907710932480
Basic Advance Tax Calculation & Advisory - Quarterly Retainer,TAX-00056,GST,18,769.28,2592.0,69,Individual Tax Preparation,998232,8901274846773
Turnkey ROC Annual Compliance Filing - AOC-4 & MGT-7,TAX-00057,GST,18,3706.02,10744.0,27,Corporate Tax Consulting,998231,8901465840449
Managed Advance Tax Calculation & Advisory - Quarterly Retainer,TAX-00058,GST,18,849.59,2139.0,80,Individual Tax Preparation,998232,8908675339636
Managed Tax Audit (U/s 44AB) - Company,TAX-00059,GST,18,5374.07,17289.0,59,Financial Auditing Services,998221,8902702895171
Comprehensive Advance Tax Calculation & Advisory - Quarterly Retainer,TAX-00060,GST,18,674.01,2010.0,29,Individual Tax Preparation,998232,8901745961586
Express Professional Tax (PT) Compliance - Registration,TAX-00061,GST,18,707.9,2086.0,46,Payroll & Compliance Services,998223,8903161172400
Dedicated End-to-End Payroll Processing - Upto 50 Employees,TAX-00062,GST,18,4451.05,9874.0,77,Payroll & Compliance Services,998223,8906922219693
Basic ROC Annual Compliance Filing - AOC-4 & MGT-7,TAX-00063,GST,18,5194.11,12367.0,42,Corporate Tax Consulting,998231,8900748217594
Advanced Corporate Income Tax Return (ITR-6) - Complex with Transfer Pricing,TAX-00064,GST,18,21818.06,56226.0,71,Corporate Tax Consulting,998231,8901369594406
End-to-End Payroll Processing - Upto 150 Employees,TAX-00065,GST,18,6185.69,21405.0,87,Payroll & Compliance Services,998223,8907439533942
Managed Statutory Audit Services - Medium Enterprise,TAX-00066,GST,18,40075.89,102085.0,26,Financial Auditing Services,998221,8901456232858
Advanced NRI Tax Advisory & Filing - Standard Consultation,TAX-00067,GST,18,2943.55,10056.0,47,Individual Tax Preparation,998232,8905171236851
Retainer GST Registration & Advisory - E-commerce/Multi-State,TAX-00068,GST,18,1519.07,3878.0,96,Corporate Tax Consulting,998231,8904965137098
PF & ESI Registration and Returns - Monthly Retainer,TAX-00069,GST,18,2161.66,7272.0,48,Payroll & Compliance Services,998223,8906120047113
Managed Business & Professional ITR-3 / ITR-4 - Regular Accounts,TAX-00070,GST,18,1295.24,4435.0,99,Individual Tax Preparation,998232,8908692617964
Managed Tax Audit (U/s 44AB) - Individual/HUF,TAX-00071,GST,18,6513.98,15335.0,56,Financial Auditing Services,998221,8901585064317
Internal Audit & Risk Assessment - Annual,TAX-00072,GST,18,21625.11,43943.0,52,Financial Auditing Services,998221,8903293183933
Advanced PF & ESI Registration and Returns - Monthly Retainer,TAX-00073,GST,18,3326.52,7375.0,26,Payroll & Compliance Services,998223,8908421020539
Advanced End-to-End Payroll Processing - Upto 20 Employees,TAX-00074,GST,18,2654.39,8262.0,77,Payroll & Compliance Services,998223,8901177589178
Virtual CFO Services - Part-time (20 hours),TAX-00075,GST,18,23685.33,63644.0,13,Accounting & Bookkeeping Services,998222,8900766177115
Comprehensive Business & Professional ITR-3 / ITR-4 - Presumptive Taxation,TAX-00076,GST,18,1430.36,4219.0,80,Individual Tax Preparation,998232,8905698478961
Turnkey Stock & Inventory Audit - Single Location,TAX-00077,GST,18,8757.27,20516.0,53,Financial Auditing Services,998221,8907661565452
Standard GST Registration & Advisory - Standard Business,TAX-00078,GST,18,1776.35,3810.0,57,Corporate Tax Consulting,998231,8902809885165
Express GST Registration & Advisory - E-commerce/Multi-State,TAX-00079,GST,18,1996.38,4303.0,74,Corporate Tax Consulting,998231,8903273158514
Retainer Business & Professional ITR-3 / ITR-4 - Regular Accounts,TAX-00080,GST,18,1794.81,5793.0,88,Individual Tax Preparation,998232,8908094024455
Express Internal Audit & Risk Assessment - Quarterly,TAX-00081,GST,18,21453.84,45147.0,91,Financial Auditing Services,998221,8900183667525
Express TDS & TCS Return Filing - Form 27Q,TAX-00082,GST,18,1418.53,2949.0,30,Payroll & Compliance Services,998223,8909014767976
Dedicated PF & ESI Registration and Returns - Monthly Retainer,TAX-00083,GST,18,2511.48,6090.0,96,Payroll & Compliance Services,998223,8909784036900
Comprehensive Bank Reconciliation Services - Monthly,TAX-00084,GST,18,2427.93,5910.0,25,Accounting & Bookkeeping Services,998222,8900762268388
Premium End-to-End Payroll Processing - Upto 50 Employees,TAX-00085,GST,18,3785.28,10181.0,19,Payroll & Compliance Services,998223,8905969664160
Dedicated PF & ESI Registration and Returns - Annual Package,TAX-00086,GST,18,1550.18,5064.0,41,Payroll & Compliance Services,998223,8906968164535
Monthly Bookkeeping Retainer - Enterprise Plan,TAX-00087,GST,18,6199.08,17140.0,54,Accounting & Bookkeeping Services,998222,8905231243292
Managed Internal Audit & Risk Assessment - Annual,TAX-00088,GST,18,14506.24,41279.0,84,Financial Auditing Services,998221,8907995527177
Premium TDS & TCS Return Filing - Form 27Q,TAX-00089,GST,18,1617.97,3416.0,69,Payroll & Compliance Services,998223,8907005411998
Managed GST Annual Return (GSTR-9/9C) - Turnover < 2Cr,TAX-00090,GST,18,6585.51,18818.0,34,Corporate Tax Consulting,998231,8905978207151
Basic Business & Professional ITR-3 / ITR-4 - Presumptive Taxation,TAX-00091,GST,18,1489.18,5192.0,77,Individual Tax Preparation,998232,8908925546659
Dedicated Tax Audit (U/s 44AB) - Individual/HUF,TAX-00092,GST,18,4211.67,12709.0,46,Financial Auditing Services,998221,8904925192546
Advanced Virtual CFO Services - Part-time (20 hours),TAX-00093,GST,18,21842.41,64768.0,52,Accounting & Bookkeeping Services,998222,8902816850542
Basic Bank Reconciliation Services - Annual Cleanup,TAX-00094,GST,18,2069.48,4566.0,19,Accounting & Bookkeeping Services,998222,8904188805929
Comprehensive Monthly GST Return Filing (GSTR 1 & 3B) - Nil Return,TAX-00095,GST,18,693.14,2188.0,31,Corporate Tax Consulting,998231,8907065379473
Managed Business & Professional ITR-3 / ITR-4 - Regular Accounts,TAX-00096,GST,18,2459.16,5634.0,96,Individual Tax Preparation,998232,8909774688623
Premium Business & Professional ITR-3 / ITR-4 - Regular Accounts,TAX-00097,GST,18,1523.02,5043.0,80,Individual Tax Preparation,998232,8901814124782
Managed GST Registration & Advisory - Standard Business,TAX-00098,GST,18,1646.2,5590.0,63,Corporate Tax Consulting,998231,8900685361530
End-to-End Payroll Processing - Upto 150 Employees,TAX-00099,GST,18,7849.22,17418.0,14,Payroll & Compliance Services,998223,8904727790104
Standard Cloud Accounting Setup (Tally/Zoho) - Advanced Integration,TAX-00100,GST,18,6050.18,14257.0,25,Accounting & Bookkeeping Services,998222,8900369711798
Comprehensive Stock & Inventory Audit - Single Location,TAX-00101,GST,18,9445.42,18913.0,55,Financial Auditing Services,998221,8903962185188
Managed Individual ITR-1 / ITR-2 Filing - Multiple Form 16 + Capital Gains,TAX-00102,GST,18,477.85,1233.0,57,Individual Tax Preparation,998232,8904051531952
Dedicated Tax Audit (U/s 44AB) - Company,TAX-00103,GST,18,7999.97,18101.0,97,Financial Auditing Services,998221,8907722170430
Advanced Monthly Bookkeeping Retainer - SME Plan,TAX-00104,GST,18,2429.04,8462.0,79,Accounting & Bookkeeping Services,998222,8907403450541
Managed Professional Tax (PT) Compliance - Annual Filing,TAX-00105,GST,18,1208.54,3118.0,33,Payroll & Compliance Services,998223,8907758416169
Dedicated Virtual CFO Services - Dedicated (40 hours),TAX-00106,GST,18,36895.84,91940.0,47,Accounting & Bookkeeping Services,998222,8904796275705
Advance Tax Calculation & Advisory - One-Time Analysis,TAX-00107,GST,18,753.98,2580.0,19,Individual Tax Preparation,998232,8906582029702
Dedicated Internal Audit & Risk Assessment - Annual,TAX-00108,GST,18,11460.48,39243.0,14,Financial Auditing Services,998221,8909275571928
Professional Tax (PT) Compliance - Annual Filing,TAX-00109,GST,18,682.4,2348.0,13,Payroll & Compliance Services,998223,8902786814473
Basic NRI Tax Advisory & Filing - DTAA Benefit Filing,TAX-00110,GST,18,2101.4,6891.0,67,Individual Tax Preparation,998232,8902715518844
Retainer Cloud Accounting Setup (Tally/Zoho) - Advanced Integration,TAX-00111,GST,18,3147.2,10945.0,27,Accounting & Bookkeeping Services,998222,8903705895782
Advanced Individual ITR-1 / ITR-2 Filing - Salaried Single Form 16,TAX-00112,GST,18,292.32,899.0,71,Individual Tax Preparation,998232,8908669125177
Retainer NRI Tax Advisory & Filing - Standard Consultation,TAX-00113,GST,18,3941.58,8959.0,26,Individual Tax Preparation,998232,8906801824225
Standard Bank Reconciliation Services - Annual Cleanup,TAX-00114,GST,18,1567.1,4627.0,80,Accounting & Bookkeeping Services,998222,8904249818299
Express Cloud Accounting Setup (Tally/Zoho) - Advanced Integration,TAX-00115,GST,18,2987.86,9847.0,20,Accounting & Bookkeeping Services,998222,8900943969078
Basic TDS & TCS Return Filing - Form 26Q,TAX-00116,GST,18,1389.93,4208.0,48,Payroll & Compliance Services,998223,8907102767735
Dedicated Business & Professional ITR-3 / ITR-4 - Regular Accounts,TAX-00117,GST,18,1595.79,5252.0,61,Individual Tax Preparation,998232,8902588153714
Standard Monthly GST Return Filing (GSTR 1 & 3B) - Nil Return,TAX-00118,GST,18,434.75,1486.0,88,Corporate Tax Consulting,998231,8906325953278
Managed GST Annual Return (GSTR-9/9C) - Turnover > 5Cr,TAX-00119,GST,18,8904.72,30435.0,74,Corporate Tax Consulting,998231,8907339500479
Standard Corporate Income Tax Return (ITR-6) - Standard,TAX-00120,GST,18,7638.21,25387.0,56,Corporate Tax Consulting,998231,8906506098358
Retainer End-to-End Payroll Processing - Upto 50 Employees,TAX-00121,GST,18,3629.3,10252.0,89,Payroll & Compliance Services,998223,8909121655852
Retainer Virtual CFO Services - Dedicated (40 hours),TAX-00122,GST,18,43031.12,88574.0,52,Accounting & Bookkeeping Services,998222,8907872982595
Advanced Financial Statement Preparation (P&L/BS) - LLP,TAX-00123,GST,18,5959.13,16453.0,75,Accounting & Bookkeeping Services,998222,8908794705516
Express NRI Tax Advisory & Filing - Standard Consultation,TAX-00124,GST,18,2404.79,8298.0,84,Individual Tax Preparation,998232,8909309728962
Standard Monthly Bookkeeping Retainer - Enterprise Plan,TAX-00125,GST,18,6728.39,17908.0,63,Accounting & Bookkeeping Services,998222,8902636897028
Virtual CFO Services - Dedicated (40 hours),TAX-00126,GST,18,43751.12,112232.0,32,Accounting & Bookkeeping Services,998222,8907858549733
Advanced TDS & TCS Return Filing - Form 24Q,TAX-00127,GST,18,1357.38,4150.0,98,Payroll & Compliance Services,998223,8907575844198
Comprehensive GST Annual Return (GSTR-9/9C) - Turnover > 5Cr,TAX-00128,GST,18,14578.16,35446.0,20,Corporate Tax Consulting,998231,8905747338484
Express Monthly Bookkeeping Retainer - Enterprise Plan,TAX-00129,GST,18,8859.19,18393.0,77,Accounting & Bookkeeping Services,998222,8903301657120
Business & Professional ITR-3 / ITR-4 - Regular Accounts,TAX-00130,GST,18,1719.32,5704.0,71,Individual Tax Preparation,998232,8903454019380
Premium Financial Statement Preparation (P&L/BS) - Proprietorship,TAX-00131,GST,18,7504.94,19479.0,73,Accounting & Bookkeeping Services,998222,8902400499154
Comprehensive ROC Annual Compliance Filing - Fast Track Strike Off,TAX-00132,GST,18,5442.57,14706.0,34,Corporate Tax Consulting,998231,8901527420549
Turnkey Cloud Accounting Setup (Tally/Zoho) - Advanced Integration,TAX-00133,GST,18,5958.39,12692.0,95,Accounting & Bookkeeping Services,998222,8901227530463
Advanced Corporate Income Tax Return (ITR-6) - Complex with Transfer Pricing,TAX-00134,GST,18,23852.56,68202.0,43,Corporate Tax Consulting,998231,8905301742684
Express Tax Audit (U/s 44AB) - Partnership Firm,TAX-00135,GST,18,3974.34,13656.0,71,Financial Auditing Services,998221,8902795687833
Retainer Individual ITR-1 / ITR-2 Filing - Multiple Form 16 + Capital Gains,TAX-00136,GST,18,816.19,1728.0,82,Individual Tax Preparation,998232,8901088398225
Advance Tax Calculation & Advisory - Quarterly Retainer,TAX-00137,GST,18,627.89,1805.0,21,Individual Tax Preparation,998232,8908707286790
Premium Advance Tax Calculation & Advisory - One-Time Analysis,TAX-00138,GST,18,618.98,1996.0,37,Individual Tax Preparation,998232,8909106518017
Comprehensive Tax Audit (U/s 44AB) - Partnership Firm,TAX-00139,GST,18,5642.57,17767.0,92,Financial Auditing Services,998221,8906567661825
Turnkey Internal Audit & Risk Assessment - Annual,TAX-00140,GST,18,13771.0,42577.0,38,Financial Auditing Services,998221,8900047868633
Advanced Corporate Income Tax Return (ITR-6) - Standard,TAX-00141,GST,18,6748.34,22356.0,24,Corporate Tax Consulting,998231,8900690331190
Basic ROC Annual Compliance Filing - AOC-4 & MGT-7,TAX-00142,GST,18,5394.1,14043.0,39,Corporate Tax Consulting,998231,8908302843959
Advanced NRI Tax Advisory & Filing - Standard Consultation,TAX-00143,GST,18,2847.46,9905.0,76,Individual Tax Preparation,998232,8903644089268
GST Registration & Advisory - E-commerce/Multi-State,TAX-00144,GST,18,1607.89,5111.0,50,Corporate Tax Consulting,998231,8906624628733
Premium PF & ESI Registration and Returns - Annual Package,TAX-00145,GST,18,1879.38,6487.0,81,Payroll & Compliance Services,998223,8908263435175
Premium Stock & Inventory Audit - Single Location,TAX-00146,GST,18,6206.59,18685.0,87,Financial Auditing Services,998221,8900139837354
Standard Internal Audit & Risk Assessment - Quarterly,TAX-00147,GST,18,14989.0,46938.0,41,Financial Auditing Services,998221,8909363854678
Dedicated TDS & TCS Return Filing - Form 26Q,TAX-00148,GST,18,1346.36,3697.0,22,Payroll & Compliance Services,998223,8907535560932
Express Tax Audit (U/s 44AB) - Company,TAX-00149,GST,18,6223.04,16344.0,29,Financial Auditing Services,998221,8903536937854
Comprehensive GST Annual Return (GSTR-9/9C) - Turnover > 5Cr,TAX-00150,GST,18,17300.01,43739.0,27,Corporate Tax Consulting,998231,8908728080100
Basic Monthly GST Return Filing (GSTR 1 & 3B) - High Volume,TAX-00151,GST,18,2809.29,6255.0,37,Corporate Tax Consulting,998231,8908750997700
Premium Advance Tax Calculation & Advisory - Quarterly Retainer,TAX-00152,GST,18,882.63,2129.0,46,Individual Tax Preparation,998232,8900862118233
Advanced NRI Tax Advisory & Filing - DTAA Benefit Filing,TAX-00153,GST,18,4522.01,9580.0,61,Individual Tax Preparation,998232,8907933410166
Premium ROC Annual Compliance Filing - Fast Track Strike Off,TAX-00154,GST,18,4393.85,13420.0,20,Corporate Tax Consulting,998231,8907659180339
Standard Corporate Income Tax Return (ITR-6) - Standard,TAX-00155,GST,18,11796.86,28555.0,79,Corporate Tax Consulting,998231,8909025039261
Express PF & ESI Registration and Returns - Monthly Retainer,TAX-00156,GST,18,2826.92,7304.0,79,Payroll & Compliance Services,998223,8905621850163
Express Tax Audit (U/s 44AB) - Company,TAX-00157,GST,18,7383.66,19161.0,51,Financial Auditing Services,998221,8900477358662
Express Advance Tax Calculation & Advisory - Quarterly Retainer,TAX-00158,GST,18,799.69,1895.0,19,Individual Tax Preparation,998232,8901426265511
Dedicated Tax Audit (U/s 44AB) - Partnership Firm,TAX-00159,GST,18,8224.41,17710.0,21,Financial Auditing Services,998221,8902678886101
Express End-to-End Payroll Processing - Upto 150 Employees,TAX-00160,GST,18,6511.76,21460.0,11,Payroll & Compliance Services,998223,8904661839826
Advanced Cloud Accounting Setup (Tally/Zoho) - Advanced Integration,TAX-00161,GST,18,5052.05,11210.0,31,Accounting & Bookkeeping Services,998222,8906464715437
Standard Business & Professional ITR-3 / ITR-4 - Regular Accounts,TAX-00162,GST,18,1942.64,3905.0,60,Individual Tax Preparation,998232,8905965756924
Dedicated PF & ESI Registration and Returns - Annual Package,TAX-00163,GST,18,2053.24,5333.0,50,Payroll & Compliance Services,998223,8904793564651
Business & Professional ITR-3 / ITR-4 - Presumptive Taxation,TAX-00164,GST,18,2610.8,5327.0,69,Individual Tax Preparation,998232,8903741672434
Standard Financial Statement Preparation (P&L/BS) - Private Limited,TAX-00165,GST,18,5304.98,15368.0,84,Accounting & Bookkeeping Services,998222,8906886805891
Internal Audit & Risk Assessment - Annual,TAX-00166,GST,18,13162.77,39100.0,15,Financial Auditing Services,998221,8909656101438
Dedicated Business & Professional ITR-3 / ITR-4 - Regular Accounts,TAX-00167,GST,18,1418.39,4480.0,85,Individual Tax Preparation,998232,8908250714611
Dedicated Bank Reconciliation Services - Annual Cleanup,TAX-00168,GST,18,2223.95,5138.0,71,Accounting & Bookkeeping Services,998222,8905717751401
Standard Tax Audit (U/s 44AB) - Company,TAX-00169,GST,18,7602.39,17079.0,41,Financial Auditing Services,998221,8908282586736
Turnkey Cloud Accounting Setup (Tally/Zoho) - Advanced Integration,TAX-00170,GST,18,3346.27,9775.0,35,Accounting & Bookkeeping Services,998222,8907966033419
Dedicated Stock & Inventory Audit - Single Location,TAX-00171,GST,18,7169.64,19260.0,43,Financial Auditing Services,998221,8907859696915
Professional Tax (PT) Compliance - Registration,TAX-00172,GST,18,1178.17,2882.0,88,Payroll & Compliance Services,998223,8909125134125
Turnkey Virtual CFO Services - Dedicated (40 hours),TAX-00173,GST,18,41438.97,118607.0,64,Accounting & Bookkeeping Services,998222,8902782827422
Dedicated Professional Tax (PT) Compliance - Registration,TAX-00174,GST,18,1169.82,3190.0,34,Payroll & Compliance Services,998223,8906887676772
Basic Stock & Inventory Audit - Single Location,TAX-00175,GST,18,7843.62,18921.0,78,Financial Auditing Services,998221,8904279788191
Premium TDS & TCS Return Filing - Form 27Q,TAX-00176,GST,18,1551.44,4130.0,37,Payroll & Compliance Services,998223,8906134074517
Express Internal Audit & Risk Assessment - Quarterly,TAX-00177,GST,18,13909.16,45783.0,88,Financial Auditing Services,998221,8906292330958
Advanced PF & ESI Registration and Returns - Annual Package,TAX-00178,GST,18,2360.67,5668.0,75,Payroll & Compliance Services,998223,8901260422325
Comprehensive Financial Statement Preparation (P&L/BS) - Private Limited,TAX-00179,GST,18,6795.87,16331.0,63,Accounting & Bookkeeping Services,998222,8906711684577
Standard End-to-End Payroll Processing - Upto 150 Employees,TAX-00180,GST,18,7805.26,20978.0,95,Payroll & Compliance Services,998223,8905186363745
Express TDS & TCS Return Filing - Form 27Q,TAX-00181,GST,18,923.86,3029.0,53,Payroll & Compliance Services,998223,8900017012770
Comprehensive Monthly GST Return Filing (GSTR 1 & 3B) - High Volume,TAX-00182,GST,18,3794.85,9308.0,45,Corporate Tax Consulting,998231,8901541520643
Premium GST Registration & Advisory - Standard Business,TAX-00183,GST,18,1927.34,4080.0,85,Corporate Tax Consulting,998231,8903870051627
Standard Internal Audit & Risk Assessment - Half-Yearly,TAX-00184,GST,18,21644.74,46615.0,50,Financial Auditing Services,998221,8905426221890
Dedicated Business & Professional ITR-3 / ITR-4 - Regular Accounts,TAX-00185,GST,18,1775.93,5225.0,29,Individual Tax Preparation,998232,8906973112196
Comprehensive Professional Tax (PT) Compliance - Annual Filing,TAX-00186,GST,18,778.58,2310.0,41,Payroll & Compliance Services,998223,8908999404389
Advanced Business & Professional ITR-3 / ITR-4 - Regular Accounts,TAX-00187,GST,18,1591.46,5054.0,40,Individual Tax Preparation,998232,8907613791805
Express PF & ESI Registration and Returns - Annual Package,TAX-00188,GST,18,2150.36,6063.0,32,Payroll & Compliance Services,998223,8907109104300
ROC Annual Compliance Filing - Fast Track Strike Off,TAX-00189,GST,18,4404.15,13876.0,64,Corporate Tax Consulting,998231,8906188924141
Retainer Business & Professional ITR-3 / ITR-4 - Presumptive Taxation,TAX-00190,GST,18,1505.39,4335.0,93,Individual Tax Preparation,998232,8901463031617
Individual ITR-1 / ITR-2 Filing - Multiple Form 16 + Capital Gains,TAX-00191,GST,18,564.45,1756.0,25,Individual Tax Preparation,998232,8900202758842
Standard PF & ESI Registration and Returns - Annual Package,TAX-00192,GST,18,3480.37,7114.0,64,Payroll & Compliance Services,998223,8904814917785
Dedicated Forensic Audit & Fraud Investigation - Basic Assessment,TAX-00193,GST,18,13346.55,42175.0,83,Financial Auditing Services,998221,8901380003075
Premium Monthly GST Return Filing (GSTR 1 & 3B) - Nil Return,TAX-00194,GST,18,574.92,1938.0,93,Corporate Tax Consulting,998231,8906353654195
Comprehensive Stock & Inventory Audit - Single Location,TAX-00195,GST,18,6573.26,18232.0,15,Financial Auditing Services,998221,8906174451870
Express PF & ESI Registration and Returns - Annual Package,TAX-00196,GST,18,2300.79,7154.0,41,Payroll & Compliance Services,998223,8907597383206
Dedicated Internal Audit & Risk Assessment - Annual,TAX-00197,GST,18,14709.27,44719.0,11,Financial Auditing Services,998221,8905064138367
Advanced Internal Audit & Risk Assessment - Annual,TAX-00198,GST,18,10012.38,33861.0,76,Financial Auditing Services,998221,8906571918261
Individual ITR-1 / ITR-2 Filing - Multiple Form 16 + Capital Gains,TAX-00199,GST,18,816.51,1923.0,43,Individual Tax Preparation,998232,8905655743132
Standard Individual ITR-1 / ITR-2 Filing - Salaried Single Form 16,TAX-00200,GST,18,294.17,794.0,62,Individual Tax Preparation,998232,8901853747411
Basic Bank Reconciliation Services - Monthly,TAX-00201,GST,18,2444.12,6090.0,21,Accounting & Bookkeeping Services,998222,8903568044206
Standard ROC Annual Compliance Filing - AOC-4 & MGT-7,TAX-00202,GST,18,3859.2,12372.0,27,Corporate Tax Consulting,998231,8901003236519
Premium NRI Tax Advisory & Filing - Standard Consultation,TAX-00203,GST,18,4523.59,10389.0,92,Individual Tax Preparation,998232,8907215107029
Premium GST Annual Return (GSTR-9/9C) - Turnover > 5Cr,TAX-00204,GST,18,14081.84,37176.0,55,Corporate Tax Consulting,998231,8903244720999
Turnkey Bank Reconciliation Services - Annual Cleanup,TAX-00205,GST,18,2283.21,6207.0,21,Accounting & Bookkeeping Services,998222,8904626383806
Dedicated Professional Tax (PT) Compliance - Annual Filing,TAX-00206,GST,18,1140.69,3141.0,59,Payroll & Compliance Services,998223,8904205930407
Comprehensive NRI Tax Advisory & Filing - Standard Consultation,TAX-00207,GST,18,2278.17,6801.0,44,Individual Tax Preparation,998232,8908039652239
Premium TDS & TCS Return Filing - Form 27Q,TAX-00208,GST,18,1594.84,4031.0,82,Payroll & Compliance Services,998223,8909293784270
Express Statutory Audit Services - Small Business,TAX-00209,GST,18,9779.64,27282.0,10,Financial Auditing Services,998221,8905932525002
Retainer Business & Professional ITR-3 / ITR-4 - Presumptive Taxation,TAX-00210,GST,18,1609.2,5537.0,57,Individual Tax Preparation,998232,8906915452267
Basic PF & ESI Registration and Returns - Annual Package,TAX-00211,GST,18,2109.77,6797.0,58,Payroll & Compliance Services,998223,8904422096902
NRI Tax Advisory & Filing - Standard Consultation,TAX-00212,GST,18,2543.88,8662.0,28,Individual Tax Preparation,998232,8905135521570
Standard PF & ESI Registration and Returns - Monthly Retainer,TAX-00213,GST,18,1839.63,5851.0,10,Payroll & Compliance Services,998223,8900676267658
Express GST Registration & Advisory - E-commerce/Multi-State,TAX-00214,GST,18,1671.21,5065.0,30,Corporate Tax Consulting,998231,8907104054115
Standard Financial Statement Preparation (P&L/BS) - Proprietorship,TAX-00215,GST,18,4810.91,16103.0,21,Accounting & Bookkeeping Services,998222,8905997062962
Basic Statutory Audit Services - Medium Enterprise,TAX-00216,GST,18,61555.06,160900.0,80,Financial Auditing Services,998221,8908444310698
Dedicated Monthly GST Return Filing (GSTR 1 & 3B) - Nil Return,TAX-00217,GST,18,677.01,1443.0,94,Corporate Tax Consulting,998231,8909731032417
Managed Tax Audit (U/s 44AB) - Partnership Firm,TAX-00218,GST,18,5237.4,15668.0,21,Financial Auditing Services,998221,8908625652704
Basic GST Annual Return (GSTR-9/9C) - Turnover > 5Cr,TAX-00219,GST,18,16053.78,45695.0,29,Corporate Tax Consulting,998231,8901158693806
Express Advance Tax Calculation & Advisory - One-Time Analysis,TAX-00220,GST,18,914.38,2482.0,20,Individual Tax Preparation,998232,8906089899217
Basic Cloud Accounting Setup (Tally/Zoho) - Basic Setup,TAX-00221,GST,18,2358.2,6214.0,97,Accounting & Bookkeeping Services,998222,8906329451168
Advanced ROC Annual Compliance Filing - Fast Track Strike Off,TAX-00222,GST,18,3767.47,12718.0,11,Corporate Tax Consulting,998231,8909986162299
Express Individual ITR-1 / ITR-2 Filing - Salaried Single Form 16,TAX-00223,GST,18,336.94,1071.0,78,Individual Tax Preparation,998232,8905646799702
Express Professional Tax (PT) Compliance - Registration,TAX-00224,GST,18,908.08,2761.0,14,Payroll & Compliance Services,998223,8906530745054
TDS & TCS Return Filing - Form 26Q,TAX-00225,GST,18,899.69,2972.0,27,Payroll & Compliance Services,998223,8904754691373
Premium GST Annual Return (GSTR-9/9C) - Turnover > 5Cr,TAX-00226,GST,18,17718.0,39661.0,49,Corporate Tax Consulting,998231,8908628902330
Premium Monthly Bookkeeping Retainer - SME Plan,TAX-00227,GST,18,3294.79,10072.0,45,Accounting & Bookkeeping Services,998222,8905786103579
Express Monthly GST Return Filing (GSTR 1 & 3B) - Standard B2B/B2C,TAX-00228,GST,18,1282.4,3227.0,43,Corporate Tax Consulting,998231,8901406029333
Retainer Bank Reconciliation Services - Annual Cleanup,TAX-00229,GST,18,1277.42,4050.0,97,Accounting & Bookkeeping Services,998222,8900722903494
Dedicated Professional Tax (PT) Compliance - Annual Filing,TAX-00230,GST,18,1106.0,2574.0,48,Payroll & Compliance Services,998223,8908969108589
NRI Tax Advisory & Filing - DTAA Benefit Filing,TAX-00231,GST,18,3259.92,6832.0,45,Individual Tax Preparation,998232,8905444328309
Premium Corporate Income Tax Return (ITR-6) - Standard,TAX-00232,GST,18,8063.89,28193.0,43,Corporate Tax Consulting,998231,8906660993538
Comprehensive Corporate Income Tax Return (ITR-6) - Complex with Transfer Pricing,TAX-00233,GST,18,23009.33,76270.0,33,Corporate Tax Consulting,998231,8904172482513
Turnkey PF & ESI Registration and Returns - Annual Package,TAX-00234,GST,18,2869.07,7164.0,43,Payroll & Compliance Services,998223,8909471709991
Standard Monthly GST Return Filing (GSTR 1 & 3B) - High Volume,TAX-00235,GST,18,3596.88,9253.0,48,Corporate Tax Consulting,998231,8906022356972
Managed PF & ESI Registration and Returns - Monthly Retainer,TAX-00236,GST,18,1666.11,5798.0,50,Payroll & Compliance Services,998223,8900074329271
Virtual CFO Services - Dedicated (40 hours),TAX-00237,GST,18,41455.05,109588.0,71,Accounting & Bookkeeping Services,998222,8906008350583
Basic Statutory Audit Services - Corporate Entity,TAX-00238,GST,18,34427.01,114142.0,49,Financial Auditing Services,998221,8902168942104
Turnkey Professional Tax (PT) Compliance - Annual Filing,TAX-00239,GST,18,890.3,3110.0,53,Payroll & Compliance Services,998223,8907532603323
Standard Stock & Inventory Audit - Single Location,TAX-00240,GST,18,6608.62,19666.0,14,Financial Auditing Services,998221,8906489090100
Turnkey Forensic Audit & Fraud Investigation - Detailed Investigation,TAX-00241,GST,18,72447.34,172360.0,99,Financial Auditing Services,998221,8902304618499
Retainer Financial Statement Preparation (P&L/BS) - Proprietorship,TAX-00242,GST,18,7989.98,17391.0,24,Accounting & Bookkeeping Services,998222,8901739348356
Retainer PF & ESI Registration and Returns - Monthly Retainer,TAX-00243,GST,18,2720.7,6289.0,71,Payroll & Compliance Services,998223,8905300119721
Advanced Individual ITR-1 / ITR-2 Filing - Salaried Single Form 16,TAX-00244,GST,18,376.15,1010.0,47,Individual Tax Preparation,998232,8904701204556
Premium Statutory Audit Services - Small Business,TAX-00245,GST,18,12280.33,36780.0,31,Financial Auditing Services,998221,8905579415521
Advanced GST Annual Return (GSTR-9/9C) - Turnover > 5Cr,TAX-00246,GST,18,15048.5,45670.0,71,Corporate Tax Consulting,998231,8906212021697
Express Advance Tax Calculation & Advisory - Quarterly Retainer,TAX-00247,GST,18,780.17,1980.0,13,Individual Tax Preparation,998232,8902771670145
Stock & Inventory Audit - Single Location,TAX-00248,GST,18,8900.37,24731.0,98,Financial Auditing Services,998221,8909163756289
Comprehensive Statutory Audit Services - Corporate Entity,TAX-00249,GST,18,48669.1,131598.0,73,Financial Auditing Services,998221,8902175354083
Basic Advance Tax Calculation & Advisory - One-Time Analysis,TAX-00250,GST,18,629.72,1679.0,83,Individual Tax Preparation,998232,8907177517016
Standard GST Registration & Advisory - Standard Business,TAX-00251,GST,18,1562.37,5382.0,91,Corporate Tax Consulting,998231,8904883755037
Managed Professional Tax (PT) Compliance - Annual Filing,TAX-00252,GST,18,682.71,2143.0,38,Payroll & Compliance Services,998223,8900554885102
Turnkey Monthly GST Return Filing (GSTR 1 & 3B) - High Volume,TAX-00253,GST,18,2194.92,6401.0,34,Corporate Tax Consulting,998231,8901637351609
Forensic Audit & Fraud Investigation - Detailed Investigation,TAX-00254,GST,18,79429.77,218932.0,73,Financial Auditing Services,998221,8900808697829
Turnkey Cloud Accounting Setup (Tally/Zoho) - Basic Setup,TAX-00255,GST,18,2793.51,8127.0,51,Accounting & Bookkeeping Services,998222,8908669346547
Express Cloud Accounting Setup (Tally/Zoho) - Advanced Integration,TAX-00256,GST,18,4419.34,13800.0,48,Accounting & Bookkeeping Services,998222,8908583339452
Standard Virtual CFO Services - Dedicated (40 hours),TAX-00257,GST,18,44834.03,127482.0,84,Accounting & Bookkeeping Services,998222,8909684608106
Premium Monthly Bookkeeping Retainer - Enterprise Plan,TAX-00258,GST,18,5759.17,17999.0,30,Accounting & Bookkeeping Services,998222,8904420438057
Stock & Inventory Audit - Single Location,TAX-00259,GST,18,9172.07,21613.0,99,Financial Auditing Services,998221,8904066658004
Basic Virtual CFO Services - Dedicated (40 hours),TAX-00260,GST,18,44364.57,135620.0,92,Accounting & Bookkeeping Services,998222,8905989334721
Turnkey Cloud Accounting Setup (Tally/Zoho) - Basic Setup,TAX-00261,GST,18,2441.84,5906.0,43,Accounting & Bookkeeping Services,998222,8902294057202
Express End-to-End Payroll Processing - Upto 150 Employees,TAX-00262,GST,18,8968.35,21988.0,83,Payroll & Compliance Services,998223,8908515832818
Retainer Financial Statement Preparation (P&L/BS) - LLP,TAX-00263,GST,18,5953.0,15026.0,37,Accounting & Bookkeeping Services,998222,8905554398780
Basic Tax Audit (U/s 44AB) - Partnership Firm,TAX-00264,GST,18,6431.66,18784.0,89,Financial Auditing Services,998221,8903056164840
Managed NRI Tax Advisory & Filing - DTAA Benefit Filing,TAX-00265,GST,18,1964.2,6575.0,34,Individual Tax Preparation,998232,8905811288013
Basic Financial Statement Preparation (P&L/BS) - Proprietorship,TAX-00266,GST,18,5249.64,16033.0,65,Accounting & Bookkeeping Services,998222,8901207501102
Basic End-to-End Payroll Processing - Upto 150 Employees,TAX-00267,GST,18,8653.82,22599.0,67,Payroll & Compliance Services,998223,8906650618091
Dedicated Individual ITR-1 / ITR-2 Filing - Salaried Single Form 16,TAX-00268,GST,18,527.05,1138.0,97,Individual Tax Preparation,998232,8904914766072
Turnkey Business & Professional ITR-3 / ITR-4 - Presumptive Taxation,TAX-00269,GST,18,1647.12,5393.0,47,Individual Tax Preparation,998232,8902450882100
Advanced Advance Tax Calculation & Advisory - Quarterly Retainer,TAX-00270,GST,18,581.59,1810.0,54,Individual Tax Preparation,998232,8903682223943
Express Internal Audit & Risk Assessment - Annual,TAX-00271,GST,18,14966.06,49045.0,80,Financial Auditing Services,998221,8907814141397
TDS & TCS Return Filing - Form 24Q,TAX-00272,GST,18,1835.76,3947.0,89,Payroll & Compliance Services,998223,8901357759492
Turnkey NRI Tax Advisory & Filing - DTAA Benefit Filing,TAX-00273,GST,18,2864.58,7075.0,38,Individual Tax Preparation,998232,8906452577754
Comprehensive ROC Annual Compliance Filing - AOC-4 & MGT-7,TAX-00274,GST,18,6346.33,13473.0,45,Corporate Tax Consulting,998231,8902834110809
Premium Advance Tax Calculation & Advisory - Quarterly Retainer,TAX-00275,GST,18,764.42,2152.0,79,Individual Tax Preparation,998232,8907256394278
Dedicated Individual ITR-1 / ITR-2 Filing - Multiple Form 16 + Capital Gains,TAX-00276,GST,18,526.72,1577.0,88,Individual Tax Preparation,998232,8902827229927
Managed End-to-End Payroll Processing - Upto 20 Employees,TAX-00277,GST,18,3821.77,9159.0,39,Payroll & Compliance Services,998223,8900385677005
Advanced Stock & Inventory Audit - Multi-Location,TAX-00278,GST,18,13734.4,39215.0,58,Financial Auditing Services,998221,8906591846386
Managed TDS & TCS Return Filing - Form 26Q,TAX-00279,GST,18,2165.78,4353.0,27,Payroll & Compliance Services,998223,8907231843222
Basic End-to-End Payroll Processing - Upto 150 Employees,TAX-00280,GST,18,7266.35,18132.0,24,Payroll & Compliance Services,998223,8907773926030
Comprehensive Virtual CFO Services - Part-time (20 hours),TAX-00281,GST,18,32488.07,66886.0,83,Accounting & Bookkeeping Services,998222,8902024286990
Managed End-to-End Payroll Processing - Upto 20 Employees,TAX-00282,GST,18,4075.55,11033.0,71,Payroll & Compliance Services,998223,8902369292984
Express Bank Reconciliation Services - Annual Cleanup,TAX-00283,GST,18,2335.46,5476.0,59,Accounting & Bookkeeping Services,998222,8902103886291
Express Financial Statement Preparation (P&L/BS) - LLP,TAX-00284,GST,18,3870.83,12293.0,74,Accounting & Bookkeeping Services,998222,8901172980686
Retainer End-to-End Payroll Processing - Upto 150 Employees,TAX-00285,GST,18,5358.85,18261.0,71,Payroll & Compliance Services,998223,8906599162473
Retainer Tax Audit (U/s 44AB) - Company,TAX-00286,GST,18,6597.24,15065.0,100,Financial Auditing Services,998221,8900981806356
Turnkey End-to-End Payroll Processing - Upto 20 Employees,TAX-00287,GST,18,4729.36,11258.0,78,Payroll & Compliance Services,998223,8906959463688
Retainer Monthly GST Return Filing (GSTR 1 & 3B) - Standard B2B/B2C,TAX-00288,GST,18,1357.6,3232.0,49,Corporate Tax Consulting,998231,8909562137213
Retainer Advance Tax Calculation & Advisory - One-Time Analysis,TAX-00289,GST,18,731.45,2214.0,16,Individual Tax Preparation,998232,8902601279611
Standard PF & ESI Registration and Returns - Annual Package,TAX-00290,GST,18,2146.92,6627.0,61,Payroll & Compliance Services,998223,8909849027703
Premium NRI Tax Advisory & Filing - Standard Consultation,TAX-00291,GST,18,3447.8,9536.0,99,Individual Tax Preparation,998232,8903920530214
Turnkey Corporate Income Tax Return (ITR-6) - Complex with Transfer Pricing,TAX-00292,GST,18,24603.71,68315.0,100,Corporate Tax Consulting,998231,8901184895543
Turnkey Business & Professional ITR-3 / ITR-4 - Regular Accounts,TAX-00293,GST,18,2046.28,4894.0,62,Individual Tax Preparation,998232,8908181845184
Turnkey NRI Tax Advisory & Filing - DTAA Benefit Filing,TAX-00294,GST,18,2742.67,8653.0,53,Individual Tax Preparation,998232,8907790714163
Dedicated Bank Reconciliation Services - Annual Cleanup,TAX-00295,GST,18,2626.35,5291.0,43,Accounting & Bookkeeping Services,998222,8903416518275
Comprehensive PF & ESI Registration and Returns - Annual Package,TAX-00296,GST,18,2526.23,7641.0,34,Payroll & Compliance Services,998223,8907333433339
Standard PF & ESI Registration and Returns - Monthly Retainer,TAX-00297,GST,18,2508.86,7561.0,94,Payroll & Compliance Services,998223,8907908075957
Comprehensive NRI Tax Advisory & Filing - DTAA Benefit Filing,TAX-00298,GST,18,3064.01,10338.0,45,Individual Tax Preparation,998232,8906392086780
NRI Tax Advisory & Filing - DTAA Benefit Filing,TAX-00299,GST,18,3538.62,9504.0,25,Individual Tax Preparation,998232,8908750036915
Retainer TDS & TCS Return Filing - Form 24Q,TAX-00300,GST,18,1356.01,3260.0,88,Payroll & Compliance Services,998223,8905527636556
Express Professional Tax (PT) Compliance - Registration,TAX-00301,GST,18,755.63,2164.0,39,Payroll & Compliance Services,998223,8901438663227
Managed Internal Audit & Risk Assessment - Half-Yearly,TAX-00302,GST,18,10386.22,34689.0,90,Financial Auditing Services,998221,8908857448906
Basic Internal Audit & Risk Assessment - Quarterly,TAX-00303,GST,18,17782.47,48276.0,90,Financial Auditing Services,998221,8901754558845
Dedicated Forensic Audit & Fraud Investigation - Basic Assessment,TAX-00304,GST,18,17190.88,59217.0,35,Financial Auditing Services,998221,8909982455877
Managed Forensic Audit & Fraud Investigation - Detailed Investigation,TAX-00305,GST,18,100651.14,223171.0,31,Financial Auditing Services,998221,8905699611253
Advanced TDS & TCS Return Filing - Form 27Q,TAX-00306,GST,18,1390.27,4043.0,60,Payroll & Compliance Services,998223,8904759876220
Standard Cloud Accounting Setup (Tally/Zoho) - Advanced Integration,TAX-00307,GST,18,4185.21,10863.0,22,Accounting & Bookkeeping Services,998222,8901780068114
Business & Professional ITR-3 / ITR-4 - Presumptive Taxation,TAX-00308,GST,18,2203.68,5696.0,39,Individual Tax Preparation,998232,8903472282005
Retainer Professional Tax (PT) Compliance - Annual Filing,TAX-00309,GST,18,1122.64,3169.0,27,Payroll & Compliance Services,998223,8908299796884
Standard Professional Tax (PT) Compliance - Registration,TAX-00310,GST,18,1001.3,2552.0,43,Payroll & Compliance Services,998223,8902400825478
Advanced Forensic Audit & Fraud Investigation - Detailed Investigation,TAX-00311,GST,18,60821.66,160913.0,47,Financial Auditing Services,998221,8909308536866
Turnkey Cloud Accounting Setup (Tally/Zoho) - Advanced Integration,TAX-00312,GST,18,5155.71,10924.0,90,Accounting & Bookkeeping Services,998222,8903894484631
Standard Cloud Accounting Setup (Tally/Zoho) - Advanced Integration,TAX-00313,GST,18,4585.88,13421.0,44,Accounting & Bookkeeping Services,998222,8909735020802
Comprehensive Tax Audit (U/s 44AB) - Partnership Firm,TAX-00314,GST,18,5618.22,17364.0,39,Financial Auditing Services,998221,8901207356475
Standard GST Registration & Advisory - E-commerce/Multi-State,TAX-00315,GST,18,1604.1,5498.0,17,Corporate Tax Consulting,998231,8904618723460
Managed Internal Audit & Risk Assessment - Half-Yearly,TAX-00316,GST,18,10579.92,36943.0,35,Financial Auditing Services,998221,8907183764520
Managed Individual ITR-1 / ITR-2 Filing - Multiple Form 16 + Capital Gains,TAX-00317,GST,18,730.61,1679.0,16,Individual Tax Preparation,998232,8903136502491
Premium Monthly GST Return Filing (GSTR 1 & 3B) - Nil Return,TAX-00318,GST,18,646.55,1963.0,98,Corporate Tax Consulting,998231,8909251327195
Statutory Audit Services - Medium Enterprise,TAX-00319,GST,18,39086.76,109620.0,23,Financial Auditing Services,998221,8902735857306
Premium PF & ESI Registration and Returns - Annual Package,TAX-00320,GST,18,2355.2,6256.0,47,Payroll & Compliance Services,998223,8908739285574
Retainer Business & Professional ITR-3 / ITR-4 - Presumptive Taxation,TAX-00321,GST,18,1616.12,3949.0,43,Individual Tax Preparation,998232,8908570862095
Standard Business & Professional ITR-3 / ITR-4 - Regular Accounts,TAX-00322,GST,18,1809.19,5081.0,59,Individual Tax Preparation,998232,8903878294565
Statutory Audit Services - Corporate Entity,TAX-00323,GST,18,32023.89,104167.0,26,Financial Auditing Services,998221,8902031731096
Premium ROC Annual Compliance Filing - Fast Track Strike Off,TAX-00324,GST,18,4055.79,11798.0,19,Corporate Tax Consulting,998231,8900371705865
Retainer Stock & Inventory Audit - Multi-Location,TAX-00325,GST,18,14025.57,29532.0,48,Financial Auditing Services,998221,8901381138633
Retainer Business & Professional ITR-3 / ITR-4 - Presumptive Taxation,TAX-00326,GST,18,2015.42,5286.0,23,Individual Tax Preparation,998232,8909576122868
Dedicated PF & ESI Registration and Returns - Annual Package,TAX-00327,GST,18,2657.23,7507.0,51,Payroll & Compliance Services,998223,8905665939836
Managed NRI Tax Advisory & Filing - DTAA Benefit Filing,TAX-00328,GST,18,3155.3,8190.0,14,Individual Tax Preparation,998232,8904908240433
Advanced End-to-End Payroll Processing - Upto 150 Employees,TAX-00329,GST,18,8193.99,22672.0,83,Payroll & Compliance Services,998223,8909210752245
Advanced Business & Professional ITR-3 / ITR-4 - Presumptive Taxation,TAX-00330,GST,18,2537.59,5425.0,61,Individual Tax Preparation,998232,8909315727919
Express End-to-End Payroll Processing - Upto 150 Employees,TAX-00331,GST,18,5625.54,17834.0,52,Payroll & Compliance Services,998223,8905661390604
Retainer Individual ITR-1 / ITR-2 Filing - Multiple Form 16 + Capital Gains,TAX-00332,GST,18,652.14,1624.0,99,Individual Tax Preparation,998232,8903206799813
Comprehensive Corporate Income Tax Return (ITR-6) - Complex with Transfer Pricing,TAX-00333,GST,18,25487.59,54131.0,83,Corporate Tax Consulting,998231,8900864168622
Managed ROC Annual Compliance Filing - AOC-4 & MGT-7,TAX-00334,GST,18,4190.42,11972.0,81,Corporate Tax Consulting,998231,8909833146591
Dedicated Forensic Audit & Fraud Investigation - Detailed Investigation,TAX-00335,GST,18,78525.82,194831.0,86,Financial Auditing Services,998221,8900425979270
Comprehensive Cloud Accounting Setup (Tally/Zoho) - Advanced Integration,TAX-00336,GST,18,4313.93,14146.0,24,Accounting & Bookkeeping Services,998222,8900392405147
Basic GST Registration & Advisory - E-commerce/Multi-State,TAX-00337,GST,18,2271.54,5265.0,79,Corporate Tax Consulting,998231,8908487920698
Premium Tax Audit (U/s 44AB) - Individual/HUF,TAX-00338,GST,18,4438.12,14130.0,89,Financial Auditing Services,998221,8904070164510
Turnkey Professional Tax (PT) Compliance - Registration,TAX-00339,GST,18,860.16,2636.0,50,Payroll & Compliance Services,998223,8907981238780
Advanced Internal Audit & Risk Assessment - Annual,TAX-00340,GST,18,14930.31,38671.0,30,Financial Auditing Services,998221,8900555438404
Basic GST Registration & Advisory - E-commerce/Multi-State,TAX-00341,GST,18,1177.91,3941.0,94,Corporate Tax Consulting,998231,8902168936392
Managed Corporate Income Tax Return (ITR-6) - Complex with Transfer Pricing,TAX-00342,GST,18,28978.81,66945.0,27,Corporate Tax Consulting,998231,8909832482629
Retainer Bank Reconciliation Services - Monthly,TAX-00343,GST,18,1731.64,5332.0,33,Accounting & Bookkeeping Services,998222,8905205664742
Comprehensive Monthly Bookkeeping Retainer - Startup Plan,TAX-00344,GST,18,1869.83,6505.0,88,Accounting & Bookkeeping Services,998222,8904999393305
Retainer Forensic Audit & Fraud Investigation - Basic Assessment,TAX-00345,GST,18,21718.03,58707.0,93,Financial Auditing Services,998221,8905267722330
Turnkey GST Registration & Advisory - E-commerce/Multi-State,TAX-00346,GST,18,1363.81,4101.0,35,Corporate Tax Consulting,998231,8903127975736
Dedicated GST Registration & Advisory - E-commerce/Multi-State,TAX-00347,GST,18,1316.33,4487.0,83,Corporate Tax Consulting,998231,8909880817703
Retainer Advance Tax Calculation & Advisory - Quarterly Retainer,TAX-00348,GST,18,631.25,1987.0,16,Individual Tax Preparation,998232,8903476447264
Managed Individual ITR-1 / ITR-2 Filing - Salaried Single Form 16,TAX-00349,GST,18,408.21,1093.0,74,Individual Tax Preparation,998232,8901298266570
Basic Financial Statement Preparation (P&L/BS) - LLP,TAX-00350,GST,18,8719.74,18619.0,51,Accounting & Bookkeeping Services,998222,8902111751868
Retainer Business & Professional ITR-3 / ITR-4 - Regular Accounts,TAX-00351,GST,18,1413.53,4456.0,52,Individual Tax Preparation,998232,8909222206447
Comprehensive PF & ESI Registration and Returns - Monthly Retainer,TAX-00352,GST,18,3830.35,7681.0,42,Payroll & Compliance Services,998223,8900777809733
Turnkey Advance Tax Calculation & Advisory - One-Time Analysis,TAX-00353,GST,18,703.7,2042.0,10,Individual Tax Preparation,998232,8903849830220
Premium End-to-End Payroll Processing - Upto 20 Employees,TAX-00354,GST,18,3480.17,11335.0,48,Payroll & Compliance Services,998223,8905101622499
Express Business & Professional ITR-3 / ITR-4 - Regular Accounts,TAX-00355,GST,18,2147.28,4410.0,48,Individual Tax Preparation,998232,8905561681472
Retainer Tax Audit (U/s 44AB) - Partnership Firm,TAX-00356,GST,18,6524.63,15103.0,36,Financial Auditing Services,998221,8909019817946
Retainer NRI Tax Advisory & Filing - DTAA Benefit Filing,TAX-00357,GST,18,2964.7,8701.0,26,Individual Tax Preparation,998232,8909978772934
Premium Monthly Bookkeeping Retainer - Startup Plan,TAX-00358,GST,18,2585.21,8260.0,36,Accounting & Bookkeeping Services,998222,8909660558303
Advanced TDS & TCS Return Filing - Form 24Q,TAX-00359,GST,18,1177.0,3325.0,10,Payroll & Compliance Services,998223,8901556990235
Premium Professional Tax (PT) Compliance - Annual Filing,TAX-00360,GST,18,1031.13,2807.0,90,Payroll & Compliance Services,998223,8907857608495
Express Individual ITR-1 / ITR-2 Filing - Salaried Single Form 16,TAX-00361,GST,18,321.32,1028.0,55,Individual Tax Preparation,998232,8901240568299
Standard Monthly GST Return Filing (GSTR 1 & 3B) - High Volume,TAX-00362,GST,18,2955.26,9242.0,100,Corporate Tax Consulting,998231,8905046173574
Comprehensive Virtual CFO Services - Dedicated (40 hours),TAX-00363,GST,18,29099.12,92460.0,35,Accounting & Bookkeeping Services,998222,8901780782357
Comprehensive NRI Tax Advisory & Filing - DTAA Benefit Filing,TAX-00364,GST,18,4413.76,9478.0,76,Individual Tax Preparation,998232,8902307681040
Managed Individual ITR-1 / ITR-2 Filing - Multiple Form 16 + Capital Gains,TAX-00365,GST,18,866.5,1867.0,94,Individual Tax Preparation,998232,8904094353344
NRI Tax Advisory & Filing - DTAA Benefit Filing,TAX-00366,GST,18,3089.5,6871.0,45,Individual Tax Preparation,998232,8901098813858
Advanced TDS & TCS Return Filing - Form 24Q,TAX-00367,GST,18,1685.93,3805.0,49,Payroll & Compliance Services,998223,8909587020701
Turnkey GST Registration & Advisory - Standard Business,TAX-00368,GST,18,1466.14,4482.0,85,Corporate Tax Consulting,998231,8907954538179
Managed Monthly Bookkeeping Retainer - Enterprise Plan,TAX-00369,GST,18,6883.96,16973.0,92,Accounting & Bookkeeping Services,998222,8907733294562
Managed TDS & TCS Return Filing - Form 26Q,TAX-00370,GST,18,1051.6,2853.0,54,Payroll & Compliance Services,998223,8907724599281
Retainer GST Registration & Advisory - E-commerce/Multi-State,TAX-00371,GST,18,1587.19,5061.0,78,Corporate Tax Consulting,998231,8907696393827
Basic GST Registration & Advisory - E-commerce/Multi-State,TAX-00372,GST,18,1881.55,5431.0,65,Corporate Tax Consulting,998231,8909583219719
Retainer Advance Tax Calculation & Advisory - One-Time Analysis,TAX-00373,GST,18,636.47,1698.0,49,Individual Tax Preparation,998232,8906191965701
Comprehensive Cloud Accounting Setup (Tally/Zoho) - Basic Setup,TAX-00374,GST,18,3037.55,8139.0,47,Accounting & Bookkeeping Services,998222,8906997335494
Express Corporate Income Tax Return (ITR-6) - Standard,TAX-00375,GST,18,5776.76,20101.0,61,Corporate Tax Consulting,998231,8902405800851
Turnkey End-to-End Payroll Processing - Upto 20 Employees,TAX-00376,GST,18,4442.0,11511.0,50,Payroll & Compliance Services,998223,8906666832723
Turnkey Advance Tax Calculation & Advisory - One-Time Analysis,TAX-00377,GST,18,501.69,1754.0,95,Individual Tax Preparation,998232,8902201027621
Express Financial Statement Preparation (P&L/BS) - Private Limited,TAX-00378,GST,18,6466.04,18977.0,68,Accounting & Bookkeeping Services,998222,8908687653269
Basic Stock & Inventory Audit - Multi-Location,TAX-00379,GST,18,17312.88,41618.0,79,Financial Auditing Services,998221,8909500975197
Retainer Internal Audit & Risk Assessment - Annual,TAX-00380,GST,18,14867.49,51672.0,45,Financial Auditing Services,998221,8907818913718
Dedicated NRI Tax Advisory & Filing - Standard Consultation,TAX-00381,GST,18,4235.74,8540.0,68,Individual Tax Preparation,998232,8908795654420
Premium NRI Tax Advisory & Filing - DTAA Benefit Filing,TAX-00382,GST,18,3109.99,8917.0,83,Individual Tax Preparation,998232,8900490471281
Express TDS & TCS Return Filing - Form 24Q,TAX-00383,GST,18,1001.59,3292.0,11,Payroll & Compliance Services,998223,8901929275243
Premium Monthly GST Return Filing (GSTR 1 & 3B) - High Volume,TAX-00384,GST,18,3426.12,7286.0,28,Corporate Tax Consulting,998231,8909276637239
Advanced End-to-End Payroll Processing - Upto 150 Employees,TAX-00385,GST,18,9751.19,21199.0,31,Payroll & Compliance Services,998223,8907674783667
Premium PF & ESI Registration and Returns - Annual Package,TAX-00386,GST,18,1772.86,5666.0,58,Payroll & Compliance Services,998223,8905801856945
Advanced TDS & TCS Return Filing - Form 24Q,TAX-00387,GST,18,1525.09,3945.0,96,Payroll & Compliance Services,998223,8903938525800
Standard Statutory Audit Services - Medium Enterprise,TAX-00388,GST,18,43863.3,132829.0,54,Financial Auditing Services,998221,8903443009109
Standard Virtual CFO Services - Part-time (20 hours),TAX-00389,GST,18,17403.34,50592.0,58,Accounting & Bookkeeping Services,998222,8909212447174
Comprehensive Corporate Income Tax Return (ITR-6) - Complex with Transfer Pricing,TAX-00390,GST,18,30794.75,74398.0,17,Corporate Tax Consulting,998231,8906650442717
Comprehensive Virtual CFO Services - Dedicated (40 hours),TAX-00391,GST,18,56068.36,121256.0,79,Accounting & Bookkeeping Services,998222,8906391741011
Premium NRI Tax Advisory & Filing - DTAA Benefit Filing,TAX-00392,GST,18,4491.56,9986.0,91,Individual Tax Preparation,998232,8900064256908
Turnkey GST Annual Return (GSTR-9/9C) - Turnover > 5Cr,TAX-00393,GST,18,14449.74,45826.0,18,Corporate Tax Consulting,998231,8908306719855
Professional Tax (PT) Compliance - Registration,TAX-00394,GST,18,1092.7,3246.0,56,Payroll & Compliance Services,998223,8908517432806
Standard Bank Reconciliation Services - Annual Cleanup,TAX-00395,GST,18,2196.63,5577.0,20,Accounting & Bookkeeping Services,998222,8907320309376
Managed Stock & Inventory Audit - Multi-Location,TAX-00396,GST,18,11813.77,38411.0,67,Financial Auditing Services,998221,8900050506138
Express ROC Annual Compliance Filing - AOC-4 & MGT-7,TAX-00397,GST,18,5217.14,10998.0,28,Corporate Tax Consulting,998231,8907079032020
Express End-to-End Payroll Processing - Upto 50 Employees,TAX-00398,GST,18,3066.97,8853.0,23,Payroll & Compliance Services,998223,8901799313656
Express End-to-End Payroll Processing - Upto 150 Employees,TAX-00399,GST,18,7780.02,19313.0,37,Payroll & Compliance Services,998223,8900925114262
Basic PF & ESI Registration and Returns - Annual Package,TAX-00400,GST,18,3676.28,7577.0,22,Payroll & Compliance Services,998223,8909620710021
Managed NRI Tax Advisory & Filing - DTAA Benefit Filing,TAX-00401,GST,18,3970.57,9169.0,91,Individual Tax Preparation,998232,8904876329092
ROC Annual Compliance Filing - AOC-4 & MGT-7,TAX-00402,GST,18,5938.09,14559.0,63,Corporate Tax Consulting,998231,8900833181958
Business & Professional ITR-3 / ITR-4 - Regular Accounts,TAX-00403,GST,18,2105.08,5083.0,34,Individual Tax Preparation,998232,8901277220054
Dedicated Financial Statement Preparation (P&L/BS) - Private Limited,TAX-00404,GST,18,4985.13,16626.0,68,Accounting & Bookkeeping Services,998222,8900108220781
Managed Internal Audit & Risk Assessment - Annual,TAX-00405,GST,18,17619.42,43854.0,35,Financial Auditing Services,998221,8905315313636
Express Monthly Bookkeeping Retainer - SME Plan,TAX-00406,GST,18,2499.6,8338.0,28,Accounting & Bookkeeping Services,998222,8903972652735
Comprehensive PF & ESI Registration and Returns - Annual Package,TAX-00407,GST,18,1716.09,4896.0,45,Payroll & Compliance Services,998223,8902177625349
Express Virtual CFO Services - Part-time (20 hours),TAX-00408,GST,18,23489.37,77104.0,21,Accounting & Bookkeeping Services,998222,8906873977406
Turnkey Cloud Accounting Setup (Tally/Zoho) - Advanced Integration,TAX-00409,GST,18,3917.93,13077.0,85,Accounting & Bookkeeping Services,998222,8902906007806
Standard Advance Tax Calculation & Advisory - One-Time Analysis,TAX-00410,GST,18,869.21,2052.0,81,Individual Tax Preparation,998232,8900632543107
Express PF & ESI Registration and Returns - Annual Package,TAX-00411,GST,18,3457.69,7042.0,68,Payroll & Compliance Services,998223,8907262570165
Turnkey Individual ITR-1 / ITR-2 Filing - Multiple Form 16 + Capital Gains,TAX-00412,GST,18,579.24,1765.0,88,Individual Tax Preparation,998232,8908931950850
Managed Forensic Audit & Fraud Investigation - Detailed Investigation,TAX-00413,GST,18,87080.82,221913.0,32,Financial Auditing Services,998221,8908183253817
Dedicated Business & Professional ITR-3 / ITR-4 - Presumptive Taxation,TAX-00414,GST,18,1830.04,4394.0,97,Individual Tax Preparation,998232,8906401557788
Managed Forensic Audit & Fraud Investigation - Detailed Investigation,TAX-00415,GST,18,69407.82,222095.0,98,Financial Auditing Services,998221,8901371162411
Comprehensive Bank Reconciliation Services - Monthly,TAX-00416,GST,18,1582.19,5241.0,76,Accounting & Bookkeeping Services,998222,8900468275670
Premium PF & ESI Registration and Returns - Monthly Retainer,TAX-00417,GST,18,3157.35,7415.0,76,Payroll & Compliance Services,998223,8905695579887
Advanced Corporate Income Tax Return (ITR-6) - Standard,TAX-00418,GST,18,9266.48,22147.0,71,Corporate Tax Consulting,998231,8905402547292
Comprehensive NRI Tax Advisory & Filing - Standard Consultation,TAX-00419,GST,18,3210.29,9757.0,95,Individual Tax Preparation,998232,8902231059274
Retainer PF & ESI Registration and Returns - Monthly Retainer,TAX-00420,GST,18,2308.29,6921.0,54,Payroll & Compliance Services,998223,8902578284106
Dedicated Monthly GST Return Filing (GSTR 1 & 3B) - Standard B2B/B2C,TAX-00421,GST,18,762.32,2634.0,79,Corporate Tax Consulting,998231,8908547492975
Comprehensive Forensic Audit & Fraud Investigation - Basic Assessment,TAX-00422,GST,18,25132.92,54672.0,13,Financial Auditing Services,998221,8906937515093
Basic Business & Professional ITR-3 / ITR-4 - Regular Accounts,TAX-00423,GST,18,1300.39,3651.0,67,Individual Tax Preparation,998232,8901863759980
Turnkey Professional Tax (PT) Compliance - Registration,TAX-00424,GST,18,962.0,2462.0,46,Payroll & Compliance Services,998223,8905547813767
Turnkey PF & ESI Registration and Returns - Annual Package,TAX-00425,GST,18,1811.67,5219.0,21,Payroll & Compliance Services,998223,8902347851961
Turnkey Forensic Audit & Fraud Investigation - Detailed Investigation,TAX-00426,GST,18,65903.13,177489.0,82,Financial Auditing Services,998221,8902326487049
Basic Professional Tax (PT) Compliance - Annual Filing,TAX-00427,GST,18,1015.14,2034.0,43,Payroll & Compliance Services,998223,8904714627301
Express Professional Tax (PT) Compliance - Registration,TAX-00428,GST,18,1021.03,2932.0,82,Payroll & Compliance Services,998223,8906471589042
Dedicated Individual ITR-1 / ITR-2 Filing - Salaried Single Form 16,TAX-00429,GST,18,304.94,927.0,55,Individual Tax Preparation,998232,8902045650448
Stock & Inventory Audit - Single Location,TAX-00430,GST,18,8325.85,17832.0,31,Financial Auditing Services,998221,8908554451895
Retainer Monthly Bookkeeping Retainer - Startup Plan,TAX-00431,GST,18,2375.47,7526.0,62,Accounting & Bookkeeping Services,998222,8905213283389
Managed Individual ITR-1 / ITR-2 Filing - Multiple Form 16 + Capital Gains,TAX-00432,GST,18,867.65,1887.0,26,Individual Tax Preparation,998232,8900754527985
Standard Bank Reconciliation Services - Monthly,TAX-00433,GST,18,1386.82,4556.0,28,Accounting & Bookkeeping Services,998222,8903423216110
Basic GST Annual Return (GSTR-9/9C) - Turnover < 2Cr,TAX-00434,GST,18,4015.89,12809.0,75,Corporate Tax Consulting,998231,8909071401401
Express Stock & Inventory Audit - Single Location,TAX-00435,GST,18,10983.8,25012.0,54,Financial Auditing Services,998221,8900124955289
Standard Virtual CFO Services - Part-time (20 hours),TAX-00436,GST,18,23081.43,72588.0,77,Accounting & Bookkeeping Services,998222,8903342801387
PF & ESI Registration and Returns - Annual Package,TAX-00437,GST,18,3378.28,7673.0,55,Payroll & Compliance Services,998223,8906638361517
Managed Stock & Inventory Audit - Single Location,TAX-00438,GST,18,7727.27,23623.0,81,Financial Auditing Services,998221,8900157164794
Turnkey Monthly GST Return Filing (GSTR 1 & 3B) - High Volume,TAX-00439,GST,18,2159.58,7090.0,34,Corporate Tax Consulting,998231,8901752071678
Turnkey Statutory Audit Services - Small Business,TAX-00440,GST,18,10398.72,30009.0,23,Financial Auditing Services,998221,8902153539613
Express GST Annual Return (GSTR-9/9C) - Turnover > 5Cr,TAX-00441,GST,18,13122.22,41131.0,92,Corporate Tax Consulting,998231,8906579678427
Managed Statutory Audit Services - Medium Enterprise,TAX-00442,GST,18,44546.3,131080.0,27,Financial Auditing Services,998221,8900101702695
Standard Bank Reconciliation Services - Monthly,TAX-00443,GST,18,2033.51,5653.0,73,Accounting & Bookkeeping Services,998222,8907347784858
Turnkey Individual ITR-1 / ITR-2 Filing - Salaried Single Form 16,TAX-00444,GST,18,512.23,1116.0,67,Individual Tax Preparation,998232,8905677002842
Advanced GST Annual Return (GSTR-9/9C) - Turnover < 2Cr,TAX-00445,GST,18,6359.15,17368.0,24,Corporate Tax Consulting,998231,8909788977828
Managed Forensic Audit & Fraud Investigation - Detailed Investigation,TAX-00446,GST,18,85364.59,219105.0,96,Financial Auditing Services,998221,8905450090255
Turnkey Individual ITR-1 / ITR-2 Filing - Multiple Form 16 + Capital Gains,TAX-00447,GST,18,505.62,1273.0,55,Individual Tax Preparation,998232,8906503334911
Comprehensive End-to-End Payroll Processing - Upto 50 Employees,TAX-00448,GST,18,3253.69,8099.0,68,Payroll & Compliance Services,998223,8906986407905
Dedicated ROC Annual Compliance Filing - Fast Track Strike Off,TAX-00449,GST,18,4057.6,13035.0,22,Corporate Tax Consulting,998231,8903578529456
Standard Financial Statement Preparation (P&L/BS) - LLP,TAX-00450,GST,18,6528.04,18303.0,46,Accounting & Bookkeeping Services,998222,8904049639191
Standard NRI Tax Advisory & Filing - DTAA Benefit Filing,TAX-00451,GST,18,3098.77,8666.0,64,Individual Tax Preparation,998232,8903514846853
Express GST Annual Return (GSTR-9/9C) - Turnover > 5Cr,TAX-00452,GST,18,13188.73,39663.0,80,Corporate Tax Consulting,998231,8902082973748
Retainer Advance Tax Calculation & Advisory - Quarterly Retainer,TAX-00453,GST,18,668.59,1801.0,40,Individual Tax Preparation,998232,8902466513644
Turnkey Bank Reconciliation Services - Monthly,TAX-00454,GST,18,2065.67,4596.0,13,Accounting & Bookkeeping Services,998222,8903477866032
Advanced PF & ESI Registration and Returns - Monthly Retainer,TAX-00455,GST,18,2966.49,7169.0,80,Payroll & Compliance Services,998223,8902070015941
Turnkey Corporate Income Tax Return (ITR-6) - Standard,TAX-00456,GST,18,10300.19,31790.0,27,Corporate Tax Consulting,998231,8903198189847
Standard Internal Audit & Risk Assessment - Annual,TAX-00457,GST,18,19215.3,47464.0,84,Financial Auditing Services,998221,8906363212347
Managed Corporate Income Tax Return (ITR-6) - Standard,TAX-00458,GST,18,8745.25,26668.0,24,Corporate Tax Consulting,998231,8905867342575
Express End-to-End Payroll Processing - Upto 150 Employees,TAX-00459,GST,18,4732.12,14713.0,16,Payroll & Compliance Services,998223,8903486451837
Advanced GST Registration & Advisory - E-commerce/Multi-State,TAX-00460,GST,18,1256.28,4277.0,40,Corporate Tax Consulting,998231,8904327560417
Turnkey GST Annual Return (GSTR-9/9C) - Turnover > 5Cr,TAX-00461,GST,18,14375.79,46439.0,30,Corporate Tax Consulting,998231,8904815698570
Managed Internal Audit & Risk Assessment - Annual,TAX-00462,GST,18,21695.55,47820.0,61,Financial Auditing Services,998221,8903459112382
Managed Advance Tax Calculation & Advisory - One-Time Analysis,TAX-00463,GST,18,669.73,2078.0,43,Individual Tax Preparation,998232,8902954316526
Premium ROC Annual Compliance Filing - AOC-4 & MGT-7,TAX-00464,GST,18,4517.13,15289.0,92,Corporate Tax Consulting,998231,8909317342069
Comprehensive ROC Annual Compliance Filing - Fast Track Strike Off,TAX-00465,GST,18,3971.19,10134.0,82,Corporate Tax Consulting,998231,8901086771333
Managed TDS & TCS Return Filing - Form 27Q,TAX-00466,GST,18,1310.56,3469.0,36,Payroll & Compliance Services,998223,8909343626204
Basic PF & ESI Registration and Returns - Annual Package,TAX-00467,GST,18,1952.48,5909.0,68,Payroll & Compliance Services,998223,8901072563669
Retainer End-to-End Payroll Processing - Upto 20 Employees,TAX-00468,GST,18,3318.54,8294.0,40,Payroll & Compliance Services,998223,8907599004896
Comprehensive Professional Tax (PT) Compliance - Annual Filing,TAX-00469,GST,18,1130.54,3210.0,84,Payroll & Compliance Services,998223,8902428757215
Advanced Advance Tax Calculation & Advisory - Quarterly Retainer,TAX-00470,GST,18,830.98,1717.0,26,Individual Tax Preparation,998232,8907456449485
Managed Monthly GST Return Filing (GSTR 1 & 3B) - Standard B2B/B2C,TAX-00471,GST,18,1592.35,3546.0,94,Corporate Tax Consulting,998231,8907032032074
Standard Financial Statement Preparation (P&L/BS) - Private Limited,TAX-00472,GST,18,5740.22,19464.0,15,Accounting & Bookkeeping Services,998222,8907587771215
Comprehensive Internal Audit & Risk Assessment - Half-Yearly,TAX-00473,GST,18,15584.15,48699.0,44,Financial Auditing Services,998221,8909939089261
Standard Financial Statement Preparation (P&L/BS) - LLP,TAX-00474,GST,18,9149.35,18655.0,97,Accounting & Bookkeeping Services,998222,8901659152017
Express GST Annual Return (GSTR-9/9C) - Turnover > 5Cr,TAX-00475,GST,18,16974.99,42338.0,15,Corporate Tax Consulting,998231,8909759230450
Standard Stock & Inventory Audit - Multi-Location,TAX-00476,GST,18,15870.64,35979.0,61,Financial Auditing Services,998221,8901032664214
GST Annual Return (GSTR-9/9C) - Turnover > 5Cr,TAX-00477,GST,18,16275.33,41316.0,22,Corporate Tax Consulting,998231,8905837767499
Dedicated GST Registration & Advisory - E-commerce/Multi-State,TAX-00478,GST,18,1878.8,4981.0,64,Corporate Tax Consulting,998231,8901085732788
Turnkey Tax Audit (U/s 44AB) - Partnership Firm,TAX-00479,GST,18,3932.78,12594.0,48,Financial Auditing Services,998221,8902243864908
Standard Statutory Audit Services - Corporate Entity,TAX-00480,GST,18,50358.67,131916.0,69,Financial Auditing Services,998221,8909454918017
Premium Cloud Accounting Setup (Tally/Zoho) - Advanced Integration,TAX-00481,GST,18,3046.63,10100.0,48,Accounting & Bookkeeping Services,998222,8905977945232
Stock & Inventory Audit - Multi-Location,TAX-00482,GST,18,10963.16,30714.0,10,Financial Auditing Services,998221,8906102776974
Advanced NRI Tax Advisory & Filing - DTAA Benefit Filing,TAX-00483,GST,18,3064.92,6751.0,34,Individual Tax Preparation,998232,8901030372368
Managed Monthly Bookkeeping Retainer - SME Plan,TAX-00484,GST,18,2656.09,6993.0,24,Accounting & Bookkeeping Services,998222,8902277707933
Dedicated Professional Tax (PT) Compliance - Registration,TAX-00485,GST,18,682.37,2010.0,65,Payroll & Compliance Services,998223,8906799840767
Premium Advance Tax Calculation & Advisory - Quarterly Retainer,TAX-00486,GST,18,808.2,2128.0,50,Individual Tax Preparation,998232,8908146717957
Advanced GST Registration & Advisory - Standard Business,TAX-00487,GST,18,1935.75,5234.0,66,Corporate Tax Consulting,998231,8903839597246
Comprehensive Corporate Income Tax Return (ITR-6) - Complex with Transfer Pricing,TAX-00488,GST,18,28647.69,69433.0,21,Corporate Tax Consulting,998231,8907223297167
Retainer PF & ESI Registration and Returns - Monthly Retainer,TAX-00489,GST,18,2437.36,4941.0,43,Payroll & Compliance Services,998223,8905228015619
Basic Monthly Bookkeeping Retainer - Enterprise Plan,TAX-00490,GST,18,5977.38,20864.0,55,Accounting & Bookkeeping Services,998222,8900842891077
Express Statutory Audit Services - Corporate Entity,TAX-00491,GST,18,43519.94,148885.0,81,Financial Auditing Services,998221,8900812135247
Comprehensive Advance Tax Calculation & Advisory - Quarterly Retainer,TAX-00492,GST,18,898.11,2247.0,27,Individual Tax Preparation,998232,8901376037548
Dedicated Monthly Bookkeeping Retainer - SME Plan,TAX-00493,GST,18,3531.35,9261.0,90,Accounting & Bookkeeping Services,998222,8903286326667
Managed NRI Tax Advisory & Filing - Standard Consultation,TAX-00494,GST,18,3465.14,6982.0,76,Individual Tax Preparation,998232,8901155626060
Virtual CFO Services - Part-time (20 hours),TAX-00495,GST,18,24198.35,77401.0,76,Accounting & Bookkeeping Services,998222,8904668455048
Managed Business & Professional ITR-3 / ITR-4 - Regular Accounts,TAX-00496,GST,18,1515.59,5049.0,89,Individual Tax Preparation,998232,8909756341085
Retainer Monthly GST Return Filing (GSTR 1 & 3B) - High Volume,TAX-00497,GST,18,3302.59,7065.0,80,Corporate Tax Consulting,998231,8904852008943
Premium Professional Tax (PT) Compliance - Registration,TAX-00498,GST,18,1277.18,3052.0,74,Payroll & Compliance Services,998223,8905101749075
Dedicated Virtual CFO Services - Part-time (20 hours),TAX-00499,GST,18,18989.57,56976.0,83,Accounting & Bookkeeping Services,998222,8902683158935
Turnkey GST Registration & Advisory - Standard Business,TAX-00500,GST,18,2573.81,5464.0,17,Corporate Tax Consulting,998231,8906273715869
Express Advance Tax Calculation & Advisory - One-Time Analysis,TAX-00501,GST,18,796.54,2099.0,66,Individual Tax Preparation,998232,8907622827728
Managed Individual ITR-1 / ITR-2 Filing - Salaried Single Form 16,TAX-00502,GST,18,299.06,933.0,81,Individual Tax Preparation,998232,8905196115940
Dedicated Business & Professional ITR-3 / ITR-4 - Presumptive Taxation,TAX-00503,GST,18,1673.11,4286.0,47,Individual Tax Preparation,998232,8907022960443
Standard Financial Statement Preparation (P&L/BS) - Proprietorship,TAX-00504,GST,18,7665.08,16107.0,15,Accounting & Bookkeeping Services,998222,8906794975679
Managed Cloud Accounting Setup (Tally/Zoho) - Advanced Integration,TAX-00505,GST,18,6117.9,13603.0,51,Accounting & Bookkeeping Services,998222,8901996636580
Comprehensive Corporate Income Tax Return (ITR-6) - Standard,TAX-00506,GST,18,10091.0,28840.0,100,Corporate Tax Consulting,998231,8904818139890
Retainer Business & Professional ITR-3 / ITR-4 - Regular Accounts,TAX-00507,GST,18,2576.56,5618.0,78,Individual Tax Preparation,998232,8902043397189
Managed Professional Tax (PT) Compliance - Registration,TAX-00508,GST,18,1512.12,3077.0,65,Payroll & Compliance Services,998223,8902608564111
Comprehensive Business & Professional ITR-3 / ITR-4 - Regular Accounts,TAX-00509,GST,18,1272.34,4011.0,29,Individual Tax Preparation,998232,8904620952004
Comprehensive GST Registration & Advisory - E-commerce/Multi-State,TAX-00510,GST,18,1821.56,4529.0,58,Corporate Tax Consulting,998231,8901033993788
Premium GST Registration & Advisory - E-commerce/Multi-State,TAX-00511,GST,18,1525.26,4316.0,18,Corporate Tax Consulting,998231,8907063048913
Express Business & Professional ITR-3 / ITR-4 - Regular Accounts,TAX-00512,GST,18,2123.84,4515.0,91,Individual Tax Preparation,998232,8908325823868
Managed GST Registration & Advisory - Standard Business,TAX-00513,GST,18,1966.16,5763.0,93,Corporate Tax Consulting,998231,8902007494653
Comprehensive NRI Tax Advisory & Filing - Standard Consultation,TAX-00514,GST,18,3289.36,9357.0,48,Individual Tax Preparation,998232,8901612846398
Advanced TDS & TCS Return Filing - Form 27Q,TAX-00515,GST,18,1474.38,4514.0,44,Payroll & Compliance Services,998223,8903553795020
Premium Advance Tax Calculation & Advisory - Quarterly Retainer,TAX-00516,GST,18,867.64,2273.0,99,Individual Tax Preparation,998232,8907681180715
Turnkey ROC Annual Compliance Filing - Fast Track Strike Off,TAX-00517,GST,18,3382.99,10663.0,99,Corporate Tax Consulting,998231,8900175370304
Express PF & ESI Registration and Returns - Monthly Retainer,TAX-00518,GST,18,2078.05,6676.0,38,Payroll & Compliance Services,998223,8903750479303
Express GST Registration & Advisory - E-commerce/Multi-State,TAX-00519,GST,18,2095.12,4726.0,34,Corporate Tax Consulting,998231,8909992192124
Basic Business & Professional ITR-3 / ITR-4 - Regular Accounts,TAX-00520,GST,18,2706.57,5507.0,98,Individual Tax Preparation,998232,8908948706056
Corporate Income Tax Return (ITR-6) - Standard,TAX-00521,GST,18,9652.03,26479.0,76,Corporate Tax Consulting,998231,8900304687506
Express Bank Reconciliation Services - Monthly,TAX-00522,GST,18,1726.92,6019.0,38,Accounting & Bookkeeping Services,998222,8906133254110
Express GST Annual Return (GSTR-9/9C) - Turnover < 2Cr,TAX-00523,GST,18,5283.91,17979.0,42,Corporate Tax Consulting,998231,8903173505831
Advance Tax Calculation & Advisory - Quarterly Retainer,TAX-00524,GST,18,935.43,2046.0,17,Individual Tax Preparation,998232,8900651207049
GST Registration & Advisory - Standard Business,TAX-00525,GST,18,1792.81,3726.0,58,Corporate Tax Consulting,998231,8906196399076
Dedicated GST Annual Return (GSTR-9/9C) - Turnover < 2Cr,TAX-00526,GST,18,5601.82,16882.0,13,Corporate Tax Consulting,998231,8907859311091
Business & Professional ITR-3 / ITR-4 - Presumptive Taxation,TAX-00527,GST,18,1873.21,4745.0,71,Individual Tax Preparation,998232,8909723200249
Advanced ROC Annual Compliance Filing - Fast Track Strike Off,TAX-00528,GST,18,4659.79,13102.0,28,Corporate Tax Consulting,998231,8902749545089
Retainer Monthly Bookkeeping Retainer - Startup Plan,TAX-00529,GST,18,3408.38,9677.0,16,Accounting & Bookkeeping Services,998222,8906533315377
Express NRI Tax Advisory & Filing - DTAA Benefit Filing,TAX-00530,GST,18,3048.22,7599.0,23,Individual Tax Preparation,998232,8907073033793
Dedicated Financial Statement Preparation (P&L/BS) - LLP,TAX-00531,GST,18,7042.1,18055.0,61,Accounting & Bookkeeping Services,998222,8902050150812
Professional Tax (PT) Compliance - Registration,TAX-00532,GST,18,867.77,2732.0,15,Payroll & Compliance Services,998223,8900334234258
Premium Cloud Accounting Setup (Tally/Zoho) - Basic Setup,TAX-00533,GST,18,2672.31,6394.0,22,Accounting & Bookkeeping Services,998222,8900261534735
Standard PF & ESI Registration and Returns - Annual Package,TAX-00534,GST,18,1550.8,5155.0,26,Payroll & Compliance Services,998223,8903386559630
Comprehensive Business & Professional ITR-3 / ITR-4 - Regular Accounts,TAX-00535,GST,18,2085.21,4337.0,45,Individual Tax Preparation,998232,8902897317912
Managed Advance Tax Calculation & Advisory - One-Time Analysis,TAX-00536,GST,18,934.1,2119.0,57,Individual Tax Preparation,998232,8908777496903
Basic Cloud Accounting Setup (Tally/Zoho) - Advanced Integration,TAX-00537,GST,18,4869.87,11975.0,58,Accounting & Bookkeeping Services,998222,8909254812147
Express NRI Tax Advisory & Filing - Standard Consultation,TAX-00538,GST,18,2371.41,6565.0,53,Individual Tax Preparation,998232,8906776657546
Basic Internal Audit & Risk Assessment - Half-Yearly,TAX-00539,GST,18,17651.35,37312.0,20,Financial Auditing Services,998221,8904888143111
Basic End-to-End Payroll Processing - Upto 150 Employees,TAX-00540,GST,18,5776.95,17404.0,42,Payroll & Compliance Services,998223,8904439284044
Express Professional Tax (PT) Compliance - Annual Filing,TAX-00541,GST,18,1460.48,2947.0,93,Payroll & Compliance Services,998223,8908263337389
Dedicated Advance Tax Calculation & Advisory - One-Time Analysis,TAX-00542,GST,18,968.57,2392.0,34,Individual Tax Preparation,998232,8906637780529
Managed Bank Reconciliation Services - Monthly,TAX-00543,GST,18,1853.33,6026.0,53,Accounting & Bookkeeping Services,998222,8903666845909
Dedicated Internal Audit & Risk Assessment - Quarterly,TAX-00544,GST,18,13556.68,43364.0,87,Financial Auditing Services,998221,8909663618637
Managed Tax Audit (U/s 44AB) - Company,TAX-00545,GST,18,6834.85,16793.0,31,Financial Auditing Services,998221,8901820970231
Basic Corporate Income Tax Return (ITR-6) - Standard,TAX-00546,GST,18,8483.12,23639.0,68,Corporate Tax Consulting,998231,8900580256621
Managed Virtual CFO Services - Dedicated (40 hours),TAX-00547,GST,18,48976.4,126530.0,36,Accounting & Bookkeeping Services,998222,8902346729949
Advanced Virtual CFO Services - Dedicated (40 hours),TAX-00548,GST,18,27904.33,97292.0,67,Accounting & Bookkeeping Services,998222,8901693859777
Advanced Individual ITR-1 / ITR-2 Filing - Salaried Single Form 16,TAX-00549,GST,18,299.26,1011.0,54,Individual Tax Preparation,998232,8904692632967
Express Monthly GST Return Filing (GSTR 1 & 3B) - High Volume,TAX-00550,GST,18,2085.98,6358.0,15,Corporate Tax Consulting,998231,8903248413768
Standard Tax Audit (U/s 44AB) - Individual/HUF,TAX-00551,GST,18,4980.02,15783.0,62,Financial Auditing Services,998221,8907243807017
Basic Corporate Income Tax Return (ITR-6) - Complex with Transfer Pricing,TAX-00552,GST,18,30948.77,62396.0,24,Corporate Tax Consulting,998231,8902577711837
Comprehensive Financial Statement Preparation (P&L/BS) - Private Limited,TAX-00553,GST,18,6550.74,13279.0,22,Accounting & Bookkeeping Services,998222,8902418621042
Basic Corporate Income Tax Return (ITR-6) - Standard,TAX-00554,GST,18,8664.19,28930.0,78,Corporate Tax Consulting,998231,8903708164709
Basic Statutory Audit Services - Medium Enterprise,TAX-00555,GST,18,61691.27,158051.0,40,Financial Auditing Services,998221,8903106005313
Comprehensive Internal Audit & Risk Assessment - Annual,TAX-00556,GST,18,11875.39,32880.0,51,Financial Auditing Services,998221,8905839386613
Dedicated Monthly Bookkeeping Retainer - SME Plan,TAX-00557,GST,18,2725.1,7094.0,50,Accounting & Bookkeeping Services,998222,8900637314950
Advanced Internal Audit & Risk Assessment - Half-Yearly,TAX-00558,GST,18,17222.53,47351.0,23,Financial Auditing Services,998221,8908924195625
Standard Bank Reconciliation Services - Annual Cleanup,TAX-00559,GST,18,1660.94,4838.0,84,Accounting & Bookkeeping Services,998222,8907683890309
Turnkey Tax Audit (U/s 44AB) - Individual/HUF,TAX-00560,GST,18,6034.51,17679.0,17,Financial Auditing Services,998221,8902574326303
Comprehensive Advance Tax Calculation & Advisory - One-Time Analysis,TAX-00561,GST,18,633.3,1878.0,15,Individual Tax Preparation,998232,8908640355338
Basic Internal Audit & Risk Assessment - Annual,TAX-00562,GST,18,17168.38,44161.0,51,Financial Auditing Services,998221,8902701713023
Express Monthly Bookkeeping Retainer - Startup Plan,TAX-00563,GST,18,2691.95,8595.0,36,Accounting & Bookkeeping Services,998222,8903816742336
Advanced Virtual CFO Services - Part-time (20 hours),TAX-00564,GST,18,21164.82,56561.0,91,Accounting & Bookkeeping Services,998222,8903471566277
Comprehensive ROC Annual Compliance Filing - Fast Track Strike Off,TAX-00565,GST,18,4550.62,14518.0,12,Corporate Tax Consulting,998231,8906614982824
Managed GST Annual Return (GSTR-9/9C) - Turnover > 5Cr,TAX-00566,GST,18,12419.05,35310.0,71,Corporate Tax Consulting,998231,8901527323008
Turnkey Professional Tax (PT) Compliance - Annual Filing,TAX-00567,GST,18,918.76,3175.0,57,Payroll & Compliance Services,998223,8906749160169
Advanced Cloud Accounting Setup (Tally/Zoho) - Advanced Integration,TAX-00568,GST,18,4549.52,14228.0,54,Accounting & Bookkeeping Services,998222,8908750663370
End-to-End Payroll Processing - Upto 150 Employees,TAX-00569,GST,18,8448.17,20208.0,68,Payroll & Compliance Services,998223,8902439920116
Retainer ROC Annual Compliance Filing - AOC-4 & MGT-7,TAX-00570,GST,18,4544.34,15060.0,31,Corporate Tax Consulting,998231,8906448869461
Comprehensive Stock & Inventory Audit - Multi-Location,TAX-00571,GST,18,14536.65,33642.0,60,Financial Auditing Services,998221,8904027011686
Comprehensive Professional Tax (PT) Compliance - Registration,TAX-00572,GST,18,807.57,2468.0,35,Payroll & Compliance Services,998223,8907281793230
Turnkey Cloud Accounting Setup (Tally/Zoho) - Advanced Integration,TAX-00573,GST,18,3633.82,12244.0,23,Accounting & Bookkeeping Services,998222,8902141614150
Managed Business & Professional ITR-3 / ITR-4 - Regular Accounts,TAX-00574,GST,18,2377.26,5114.0,17,Individual Tax Preparation,998232,8904090138069
Managed NRI Tax Advisory & Filing - DTAA Benefit Filing,TAX-00575,GST,18,3243.7,9428.0,53,Individual Tax Preparation,998232,8905553566905
Managed End-to-End Payroll Processing - Upto 20 Employees,TAX-00576,GST,18,4746.2,12353.0,27,Payroll & Compliance Services,998223,8900918435797
Premium Advance Tax Calculation & Advisory - Quarterly Retainer,TAX-00577,GST,18,752.55,2586.0,51,Individual Tax Preparation,998232,8900505739769
Managed Tax Audit (U/s 44AB) - Partnership Firm,TAX-00578,GST,18,5905.07,19402.0,22,Financial Auditing Services,998221,8906493289802
GST Registration & Advisory - E-commerce/Multi-State,TAX-00579,GST,18,1678.34,5842.0,69,Corporate Tax Consulting,998231,8902717833321
Comprehensive Forensic Audit & Fraud Investigation - Basic Assessment,TAX-00580,GST,18,24378.34,60696.0,59,Financial Auditing Services,998221,8904347128715
Virtual CFO Services - Part-time (20 hours),TAX-00581,GST,18,17323.23,58297.0,58,Accounting & Bookkeeping Services,998222,8908633414111
Express PF & ESI Registration and Returns - Monthly Retainer,TAX-00582,GST,18,1799.7,5903.0,58,Payroll & Compliance Services,998223,8909040983665
Standard PF & ESI Registration and Returns - Monthly Retainer,TAX-00583,GST,18,2132.19,5986.0,68,Payroll & Compliance Services,998223,8905243772942
Advanced Stock & Inventory Audit - Multi-Location,TAX-00584,GST,18,12477.5,37843.0,45,Financial Auditing Services,998221,8909737460523
Managed Monthly Bookkeeping Retainer - Startup Plan,TAX-00585,GST,18,3802.09,9310.0,94,Accounting & Bookkeeping Services,998222,8902086567566
Advanced Stock & Inventory Audit - Multi-Location,TAX-00586,GST,18,18029.45,41335.0,80,Financial Auditing Services,998221,8906125904729
Managed Financial Statement Preparation (P&L/BS) - LLP,TAX-00587,GST,18,6396.71,14183.0,37,Accounting & Bookkeeping Services,998222,8903059126620
Comprehensive Tax Audit (U/s 44AB) - Partnership Firm,TAX-00588,GST,18,8771.98,19088.0,75,Financial Auditing Services,998221,8905962630136
Corporate Income Tax Return (ITR-6) - Standard,TAX-00589,GST,18,9265.83,29315.0,95,Corporate Tax Consulting,998231,8901764750111
Premium Forensic Audit & Fraud Investigation - Basic Assessment,TAX-00590,GST,18,15077.17,52484.0,71,Financial Auditing Services,998221,8904192676492
Retainer Tax Audit (U/s 44AB) - Individual/HUF,TAX-00591,GST,18,4158.35,13387.0,12,Financial Auditing Services,998221,8906888718981
Express Monthly Bookkeeping Retainer - Startup Plan,TAX-00592,GST,18,4572.24,9181.0,67,Accounting & Bookkeeping Services,998222,8905102932184
Retainer Statutory Audit Services - Small Business,TAX-00593,GST,18,8256.18,28479.0,31,Financial Auditing Services,998221,8906034084872
Retainer Advance Tax Calculation & Advisory - One-Time Analysis,TAX-00594,GST,18,718.41,2511.0,87,Individual Tax Preparation,998232,8908831030324
Express Cloud Accounting Setup (Tally/Zoho) - Basic Setup,TAX-00595,GST,18,3216.53,7053.0,89,Accounting & Bookkeeping Services,998222,8906184462671
Retainer Professional Tax (PT) Compliance - Registration,TAX-00596,GST,18,765.87,2255.0,44,Payroll & Compliance Services,998223,8903598926256
Standard GST Registration & Advisory - Standard Business,TAX-00597,GST,18,1504.36,4208.0,97,Corporate Tax Consulting,998231,8908615155423
Turnkey End-to-End Payroll Processing - Upto 20 Employees,TAX-00598,GST,18,5527.27,12897.0,23,Payroll & Compliance Services,998223,8901284971859
Standard TDS & TCS Return Filing - Form 27Q,TAX-00599,GST,18,1936.51,4369.0,59,Payroll & Compliance Services,998223,8902588967924
Stock & Inventory Audit - Single Location,TAX-00600,GST,18,6722.22,17264.0,44,Financial Auditing Services,998221,8900539672757
Turnkey NRI Tax Advisory & Filing - DTAA Benefit Filing,TAX-00601,GST,18,2755.95,8482.0,39,Individual Tax Preparation,998232,8904146511131
Standard Virtual CFO Services - Part-time (20 hours),TAX-00602,GST,18,24830.82,70302.0,73,Accounting & Bookkeeping Services,998222,8900682778816
Premium Stock & Inventory Audit - Single Location,TAX-00603,GST,18,7577.88,23142.0,54,Financial Auditing Services,998221,8903890972832
Retainer Tax Audit (U/s 44AB) - Individual/HUF,TAX-00604,GST,18,7055.62,14650.0,73,Financial Auditing Services,998221,8906251538144
Basic Corporate Income Tax Return (ITR-6) - Complex with Transfer Pricing,TAX-00605,GST,18,16991.52,50070.0,60,Corporate Tax Consulting,998231,8903480797050
Advanced Advance Tax Calculation & Advisory - One-Time Analysis,TAX-00606,GST,18,973.24,1954.0,33,Individual Tax Preparation,998232,8906501673188
Managed Financial Statement Preparation (P&L/BS) - Proprietorship,TAX-00607,GST,18,3820.97,12052.0,42,Accounting & Bookkeeping Services,998222,8903765456284
Comprehensive Forensic Audit & Fraud Investigation - Detailed Investigation,TAX-00608,GST,18,55753.69,173987.0,10,Financial Auditing Services,998221,8905313402665
Basic Internal Audit & Risk Assessment - Annual,TAX-00609,GST,18,14818.22,50968.0,44,Financial Auditing Services,998221,8901678725686
Premium Monthly Bookkeeping Retainer - Startup Plan,TAX-00610,GST,18,2743.84,6904.0,11,Accounting & Bookkeeping Services,998222,8903056906744
Basic GST Registration & Advisory - E-commerce/Multi-State,TAX-00611,GST,18,1612.87,4990.0,33,Corporate Tax Consulting,998231,8903414363718
Express Business & Professional ITR-3 / ITR-4 - Presumptive Taxation,TAX-00612,GST,18,2255.87,5015.0,25,Individual Tax Preparation,998232,8902604326093
Turnkey Statutory Audit Services - Medium Enterprise,TAX-00613,GST,18,43541.19,132811.0,39,Financial Auditing Services,998221,8903567086041
Dedicated TDS & TCS Return Filing - Form 26Q,TAX-00614,GST,18,1706.42,4045.0,16,Payroll & Compliance Services,998223,8902000534749
Advanced Forensic Audit & Fraud Investigation - Basic Assessment,TAX-00615,GST,18,24027.92,61160.0,48,Financial Auditing Services,998221,8901108255598
NRI Tax Advisory & Filing - Standard Consultation,TAX-00616,GST,18,2608.73,7504.0,21,Individual Tax Preparation,998232,8901291093371
Advanced Stock & Inventory Audit - Multi-Location,TAX-00617,GST,18,12012.17,41856.0,35,Financial Auditing Services,998221,8908202368485
Turnkey Professional Tax (PT) Compliance - Registration,TAX-00618,GST,18,793.23,2085.0,74,Payroll & Compliance Services,998223,8900294240903
Comprehensive GST Annual Return (GSTR-9/9C) - Turnover < 2Cr,TAX-00619,GST,18,5529.47,15283.0,81,Corporate Tax Consulting,998231,8906694320293
Retainer Individual ITR-1 / ITR-2 Filing - Multiple Form 16 + Capital Gains,TAX-00620,GST,18,620.96,1731.0,48,Individual Tax Preparation,998232,8903448123083
Comprehensive End-to-End Payroll Processing - Upto 150 Employees,TAX-00621,GST,18,9466.88,22878.0,27,Payroll & Compliance Services,998223,8904033810595
Retainer End-to-End Payroll Processing - Upto 150 Employees,TAX-00622,GST,18,7624.01,16776.0,88,Payroll & Compliance Services,998223,8904500534240
Individual ITR-1 / ITR-2 Filing - Multiple Form 16 + Capital Gains,TAX-00623,GST,18,473.92,1393.0,87,Individual Tax Preparation,998232,8908373543962
Turnkey Monthly GST Return Filing (GSTR 1 & 3B) - High Volume,TAX-00624,GST,18,2201.44,7382.0,21,Corporate Tax Consulting,998231,8907272239724
Comprehensive Tax Audit (U/s 44AB) - Individual/HUF,TAX-00625,GST,18,5981.76,18131.0,34,Financial Auditing Services,998221,8901216376182
Turnkey Stock & Inventory Audit - Single Location,TAX-00626,GST,18,9163.75,19840.0,11,Financial Auditing Services,998221,8900231429001
Basic NRI Tax Advisory & Filing - Standard Consultation,TAX-00627,GST,18,2215.95,6957.0,66,Individual Tax Preparation,998232,8902457230848
Standard Statutory Audit Services - Small Business,TAX-00628,GST,18,14936.05,32170.0,63,Financial Auditing Services,998221,8902030366254
Standard Financial Statement Preparation (P&L/BS) - LLP,TAX-00629,GST,18,4500.38,15689.0,38,Accounting & Bookkeeping Services,998222,8901451951510
Turnkey Business & Professional ITR-3 / ITR-4 - Presumptive Taxation,TAX-00630,GST,18,1653.44,4794.0,96,Individual Tax Preparation,998232,8906249451475
Comprehensive End-to-End Payroll Processing - Upto 20 Employees,TAX-00631,GST,18,5355.69,11889.0,28,Payroll & Compliance Services,998223,8906771196421
Turnkey PF & ESI Registration and Returns - Monthly Retainer,TAX-00632,GST,18,2136.93,5858.0,71,Payroll & Compliance Services,998223,8906952366878
Turnkey Advance Tax Calculation & Advisory - Quarterly Retainer,TAX-00633,GST,18,548.11,1684.0,77,Individual Tax Preparation,998232,8909313503058
Premium Monthly GST Return Filing (GSTR 1 & 3B) - Nil Return,TAX-00634,GST,18,889.31,2260.0,27,Corporate Tax Consulting,998231,8904728633302
Premium Internal Audit & Risk Assessment - Half-Yearly,TAX-00635,GST,18,17414.07,45922.0,16,Financial Auditing Services,998221,8901917920252
Premium Internal Audit & Risk Assessment - Quarterly,TAX-00636,GST,18,13470.92,43384.0,29,Financial Auditing Services,998221,8902728476570
Premium End-to-End Payroll Processing - Upto 20 Employees,TAX-00637,GST,18,6057.09,12406.0,32,Payroll & Compliance Services,998223,8908206678498
Comprehensive PF & ESI Registration and Returns - Annual Package,TAX-00638,GST,18,2626.4,5615.0,58,Payroll & Compliance Services,998223,8902369036289
Dedicated Forensic Audit & Fraud Investigation - Detailed Investigation,TAX-00639,GST,18,86388.13,225270.0,58,Financial Auditing Services,998221,8902056341115
Basic NRI Tax Advisory & Filing - Standard Consultation,TAX-00640,GST,18,2677.12,7529.0,18,Individual Tax Preparation,998232,8903904383034
Express Stock & Inventory Audit - Single Location,TAX-00641,GST,18,9489.27,25865.0,16,Financial Auditing Services,998221,8905140546835
Corporate Income Tax Return (ITR-6) - Standard,TAX-00642,GST,18,8126.22,21217.0,74,Corporate Tax Consulting,998231,8901820967904
Standard Cloud Accounting Setup (Tally/Zoho) - Advanced Integration,TAX-00643,GST,18,6967.96,14911.0,39,Accounting & Bookkeeping Services,998222,8903228898572
Express TDS & TCS Return Filing - Form 26Q,TAX-00644,GST,18,1624.12,4298.0,97,Payroll & Compliance Services,998223,8906339912971
Retainer Internal Audit & Risk Assessment - Half-Yearly,TAX-00645,GST,18,15441.13,49351.0,21,Financial Auditing Services,998221,8907175242149
Standard TDS & TCS Return Filing - Form 24Q,TAX-00646,GST,18,986.09,3114.0,43,Payroll & Compliance Services,998223,8907472197054
Managed GST Annual Return (GSTR-9/9C) - Turnover < 2Cr,TAX-00647,GST,18,4514.5,14750.0,50,Corporate Tax Consulting,998231,8905168740903
Standard Individual ITR-1 / ITR-2 Filing - Salaried Single Form 16,TAX-00648,GST,18,380.37,851.0,61,Individual Tax Preparation,998232,8901367157787
Standard Statutory Audit Services - Small Business,TAX-00649,GST,18,11159.85,37762.0,65,Financial Auditing Services,998221,8903651559737
Premium Tax Audit (U/s 44AB) - Partnership Firm,TAX-00650,GST,18,4700.24,16088.0,28,Financial Auditing Services,998221,8903590960567
Premium Monthly Bookkeeping Retainer - Startup Plan,TAX-00651,GST,18,3374.97,10211.0,44,Accounting & Bookkeeping Services,998222,8904212146147
ROC Annual Compliance Filing - AOC-4 & MGT-7,TAX-00652,GST,18,6571.72,14958.0,16,Corporate Tax Consulting,998231,8901654235677
Dedicated Business & Professional ITR-3 / ITR-4 - Regular Accounts,TAX-00653,GST,18,1979.71,5653.0,11,Individual Tax Preparation,998232,8908931992550
Managed Financial Statement Preparation (P&L/BS) - Proprietorship,TAX-00654,GST,18,8515.44,18482.0,96,Accounting & Bookkeeping Services,998222,8906480727910
Retainer Cloud Accounting Setup (Tally/Zoho) - Advanced Integration,TAX-00655,GST,18,4910.02,14246.0,37,Accounting & Bookkeeping Services,998222,8905339055044
Individual ITR-1 / ITR-2 Filing - Multiple Form 16 + Capital Gains,TAX-00656,GST,18,743.59,1949.0,55,Individual Tax Preparation,998232,8905868512765
Retainer Virtual CFO Services - Part-time (20 hours),TAX-00657,GST,18,25159.61,61076.0,94,Accounting & Bookkeeping Services,998222,8906491111096
Forensic Audit & Fraud Investigation - Basic Assessment,TAX-00658,GST,18,17082.37,49058.0,14,Financial Auditing Services,998221,8904633786137
Turnkey Tax Audit (U/s 44AB) - Partnership Firm,TAX-00659,GST,18,6339.12,18810.0,60,Financial Auditing Services,998221,8900538444463
Premium Forensic Audit & Fraud Investigation - Basic Assessment,TAX-00660,GST,18,12251.37,39030.0,76,Financial Auditing Services,998221,8909552963863
Express Advance Tax Calculation & Advisory - Quarterly Retainer,TAX-00661,GST,18,595.17,2029.0,59,Individual Tax Preparation,998232,8902658263128
Stock & Inventory Audit - Multi-Location,TAX-00662,GST,18,13912.75,45300.0,30,Financial Auditing Services,998221,8905311060920
Premium Individual ITR-1 / ITR-2 Filing - Multiple Form 16 + Capital Gains,TAX-00663,GST,18,800.16,1757.0,68,Individual Tax Preparation,998232,8905233438364
Comprehensive Tax Audit (U/s 44AB) - Individual/HUF,TAX-00664,GST,18,5648.54,16706.0,84,Financial Auditing Services,998221,8901179112442
Dedicated Statutory Audit Services - Medium Enterprise,TAX-00665,GST,18,67927.25,157045.0,22,Financial Auditing Services,998221,8907061713665
Advanced Monthly GST Return Filing (GSTR 1 & 3B) - Nil Return,TAX-00666,GST,18,638.88,1449.0,82,Corporate Tax Consulting,998231,8909015579980
Standard Virtual CFO Services - Dedicated (40 hours),TAX-00667,GST,18,47357.26,96814.0,12,Accounting & Bookkeeping Services,998222,8908823513052
Comprehensive Monthly Bookkeeping Retainer - Enterprise Plan,TAX-00668,GST,18,6860.22,18676.0,21,Accounting & Bookkeeping Services,998222,8905847768634
Turnkey Cloud Accounting Setup (Tally/Zoho) - Advanced Integration,TAX-00669,GST,18,3203.09,10217.0,85,Accounting & Bookkeeping Services,998222,8904237676945
Turnkey Individual ITR-1 / ITR-2 Filing - Multiple Form 16 + Capital Gains,TAX-00670,GST,18,533.73,1350.0,90,Individual Tax Preparation,998232,8901720849649
Premium NRI Tax Advisory & Filing - DTAA Benefit Filing,TAX-00671,GST,18,2134.39,6859.0,64,Individual Tax Preparation,998232,8902531355251
Premium Tax Audit (U/s 44AB) - Company,TAX-00672,GST,18,7487.53,17376.0,82,Financial Auditing Services,998221,8905381649383
Express Stock & Inventory Audit - Multi-Location,TAX-00673,GST,18,14273.13,45833.0,95,Financial Auditing Services,998221,8901966553307
Turnkey GST Registration & Advisory - E-commerce/Multi-State,TAX-00674,GST,18,1443.73,3868.0,86,Corporate Tax Consulting,998231,8905963904090
Turnkey Corporate Income Tax Return (ITR-6) - Standard,TAX-00675,GST,18,7307.69,20463.0,77,Corporate Tax Consulting,998231,8900501716445
Retainer Professional Tax (PT) Compliance - Registration,TAX-00676,GST,18,1082.92,2968.0,16,Payroll & Compliance Services,998223,8906477159103
Standard Statutory Audit Services - Small Business,TAX-00677,GST,18,11817.14,38903.0,65,Financial Auditing Services,998221,8903213580040
Standard Statutory Audit Services - Medium Enterprise,TAX-00678,GST,18,38419.37,116483.0,58,Financial Auditing Services,998221,8904229712529
Retainer GST Annual Return (GSTR-9/9C) - Turnover < 2Cr,TAX-00679,GST,18,5566.08,15957.0,94,Corporate Tax Consulting,998231,8907457314415
Standard Business & Professional ITR-3 / ITR-4 - Presumptive Taxation,TAX-00680,GST,18,1374.59,3769.0,37,Individual Tax Preparation,998232,8900376371539
Managed NRI Tax Advisory & Filing - DTAA Benefit Filing,TAX-00681,GST,18,2757.27,9021.0,23,Individual Tax Preparation,998232,8902356798363
Comprehensive Tax Audit (U/s 44AB) - Partnership Firm,TAX-00682,GST,18,5003.15,17147.0,83,Financial Auditing Services,998221,8901271130724
Dedicated Forensic Audit & Fraud Investigation - Detailed Investigation,TAX-00683,GST,18,55025.5,186558.0,20,Financial Auditing Services,998221,8905632686850
Standard Corporate Income Tax Return (ITR-6) - Complex with Transfer Pricing,TAX-00684,GST,18,20023.05,51535.0,64,Corporate Tax Consulting,998231,8903436294897
Advance Tax Calculation & Advisory - Quarterly Retainer,TAX-00685,GST,18,695.2,1650.0,24,Individual Tax Preparation,998232,8903100943181
Turnkey PF & ESI Registration and Returns - Annual Package,TAX-00686,GST,18,2566.28,5979.0,98,Payroll & Compliance Services,998223,8904732354940
Express Internal Audit & Risk Assessment - Annual,TAX-00687,GST,18,16897.98,41535.0,98,Financial Auditing Services,998221,8903251225720
Premium GST Annual Return (GSTR-9/9C) - Turnover > 5Cr,TAX-00688,GST,18,13911.31,33328.0,19,Corporate Tax Consulting,998231,8902095790737
Express Statutory Audit Services - Small Business,TAX-00689,GST,18,14039.89,34201.0,39,Financial Auditing Services,998221,8908822114577
Managed TDS & TCS Return Filing - Form 27Q,TAX-00690,GST,18,1206.79,3244.0,55,Payroll & Compliance Services,998223,8904589714802
Comprehensive Monthly GST Return Filing (GSTR 1 & 3B) - High Volume,TAX-00691,GST,18,3586.37,7339.0,83,Corporate Tax Consulting,998231,8906531361487
Business & Professional ITR-3 / ITR-4 - Regular Accounts,TAX-00692,GST,18,1756.25,4385.0,85,Individual Tax Preparation,998232,8906443098591
Advanced GST Annual Return (GSTR-9/9C) - Turnover > 5Cr,TAX-00693,GST,18,15933.4,32066.0,97,Corporate Tax Consulting,998231,8902728498247
Premium End-to-End Payroll Processing - Upto 50 Employees,TAX-00694,GST,18,4414.9,10269.0,85,Payroll & Compliance Services,998223,8901074065004
Retainer Bank Reconciliation Services - Annual Cleanup,TAX-00695,GST,18,1795.88,5663.0,29,Accounting & Bookkeeping Services,998222,8901423691430
Corporate Income Tax Return (ITR-6) - Standard,TAX-00696,GST,18,10616.8,27963.0,22,Corporate Tax Consulting,998231,8904494296592
Turnkey Bank Reconciliation Services - Monthly,TAX-00697,GST,18,2196.94,5386.0,20,Accounting & Bookkeeping Services,998222,8904978266128
Managed Corporate Income Tax Return (ITR-6) - Complex with Transfer Pricing,TAX-00698,GST,18,22619.58,61069.0,62,Corporate Tax Consulting,998231,8907080612943
Express NRI Tax Advisory & Filing - Standard Consultation,TAX-00699,GST,18,3009.8,8573.0,47,Individual Tax Preparation,998232,8900626078701
Standard Tax Audit (U/s 44AB) - Company,TAX-00700,GST,18,6756.91,14501.0,47,Financial Auditing Services,998221,8909750198038
Comprehensive Virtual CFO Services - Dedicated (40 hours),TAX-00701,GST,18,32676.39,98471.0,29,Accounting & Bookkeeping Services,998222,8904407931102
Basic Individual ITR-1 / ITR-2 Filing - Salaried Single Form 16,TAX-00702,GST,18,299.56,812.0,74,Individual Tax Preparation,998232,8907601467238
Turnkey Professional Tax (PT) Compliance - Registration,TAX-00703,GST,18,1074.05,2183.0,28,Payroll & Compliance Services,998223,8903288377441
Advance Tax Calculation & Advisory - One-Time Analysis,TAX-00704,GST,18,727.1,1875.0,23,Individual Tax Preparation,998232,8907662047196
Premium Stock & Inventory Audit - Multi-Location,TAX-00705,GST,18,12100.01,40412.0,89,Financial Auditing Services,998221,8907052774025
Retainer Business & Professional ITR-3 / ITR-4 - Regular Accounts,TAX-00706,GST,18,2138.82,4479.0,93,Individual Tax Preparation,998232,8902595724461
Express GST Annual Return (GSTR-9/9C) - Turnover > 5Cr,TAX-00707,GST,18,14788.8,42356.0,74,Corporate Tax Consulting,998231,8908425995996
Comprehensive Statutory Audit Services - Small Business,TAX-00708,GST,18,9165.11,27476.0,73,Financial Auditing Services,998221,8907533126610
Premium NRI Tax Advisory & Filing - Standard Consultation,TAX-00709,GST,18,4639.88,9787.0,57,Individual Tax Preparation,998232,8909025176298
Managed Cloud Accounting Setup (Tally/Zoho) - Advanced Integration,TAX-00710,GST,18,5032.66,12225.0,35,Accounting & Bookkeeping Services,998222,8902683190130
Turnkey Monthly Bookkeeping Retainer - SME Plan,TAX-00711,GST,18,2630.78,8673.0,53,Accounting & Bookkeeping Services,998222,8902873397855
Managed Business & Professional ITR-3 / ITR-4 - Presumptive Taxation,TAX-00712,GST,18,1779.13,4562.0,19,Individual Tax Preparation,998232,8909128411730
Basic NRI Tax Advisory & Filing - Standard Consultation,TAX-00713,GST,18,3977.67,9685.0,42,Individual Tax Preparation,998232,8906512418938
Express NRI Tax Advisory & Filing - DTAA Benefit Filing,TAX-00714,GST,18,2175.44,6627.0,24,Individual Tax Preparation,998232,8909740056435
Retainer Internal Audit & Risk Assessment - Quarterly,TAX-00715,GST,18,19377.3,48335.0,94,Financial Auditing Services,998221,8900371990516
Comprehensive Individual ITR-1 / ITR-2 Filing - Multiple Form 16 + Capital Gains,TAX-00716,GST,18,680.21,1403.0,14,Individual Tax Preparation,998232,8907835674300
Express Internal Audit & Risk Assessment - Annual,TAX-00717,GST,18,16277.68,49206.0,12,Financial Auditing Services,998221,8908706626682
Express Forensic Audit & Fraud Investigation - Basic Assessment,TAX-00718,GST,18,24291.39,61981.0,34,Financial Auditing Services,998221,8905603319036
Basic Individual ITR-1 / ITR-2 Filing - Salaried Single Form 16,TAX-00719,GST,18,513.5,1086.0,26,Individual Tax Preparation,998232,8907240559342
Advance Tax Calculation & Advisory - One-Time Analysis,TAX-00720,GST,18,814.11,1722.0,42,Individual Tax Preparation,998232,8908375374584
Dedicated Virtual CFO Services - Dedicated (40 hours),TAX-00721,GST,18,45035.36,124080.0,16,Accounting & Bookkeeping Services,998222,8905697413283
Dedicated PF & ESI Registration and Returns - Monthly Retainer,TAX-00722,GST,18,2192.08,6975.0,14,Payroll & Compliance Services,998223,8903771070449
Premium Corporate Income Tax Return (ITR-6) - Standard,TAX-00723,GST,18,8059.02,23489.0,73,Corporate Tax Consulting,998231,8900667033626
Premium Individual ITR-1 / ITR-2 Filing - Multiple Form 16 + Capital Gains,TAX-00724,GST,18,636.87,1606.0,13,Individual Tax Preparation,998232,8909549305966
Turnkey Statutory Audit Services - Corporate Entity,TAX-00725,GST,18,46938.41,159530.0,46,Financial Auditing Services,998221,8908769984267
Advanced Cloud Accounting Setup (Tally/Zoho) - Basic Setup,TAX-00726,GST,18,2521.27,8639.0,20,Accounting & Bookkeeping Services,998222,8903845960945
Express TDS & TCS Return Filing - Form 27Q,TAX-00727,GST,18,1146.99,2822.0,94,Payroll & Compliance Services,998223,8905427707070
Turnkey Professional Tax (PT) Compliance - Registration,TAX-00728,GST,18,608.23,2073.0,45,Payroll & Compliance Services,998223,8909851724447
Comprehensive Cloud Accounting Setup (Tally/Zoho) - Basic Setup,TAX-00729,GST,18,2981.27,8896.0,39,Accounting & Bookkeeping Services,998222,8901028795083
Premium Tax Audit (U/s 44AB) - Partnership Firm,TAX-00730,GST,18,5199.87,17088.0,55,Financial Auditing Services,998221,8908093511871
Basic Individual ITR-1 / ITR-2 Filing - Salaried Single Form 16,TAX-00731,GST,18,339.06,867.0,97,Individual Tax Preparation,998232,8906164205955
Advanced Corporate Income Tax Return (ITR-6) - Complex with Transfer Pricing,TAX-00732,GST,18,30991.28,69435.0,15,Corporate Tax Consulting,998231,8904290193588
Turnkey NRI Tax Advisory & Filing - Standard Consultation,TAX-00733,GST,18,4745.47,9723.0,29,Individual Tax Preparation,998232,8906113989868
Express Stock & Inventory Audit - Single Location,TAX-00734,GST,18,7436.47,20723.0,66,Financial Auditing Services,998221,8905439435353
Basic Corporate Income Tax Return (ITR-6) - Standard,TAX-00735,GST,18,7438.86,25563.0,62,Corporate Tax Consulting,998231,8905158815793
Express GST Annual Return (GSTR-9/9C) - Turnover < 2Cr,TAX-00736,GST,18,5232.29,18209.0,78,Corporate Tax Consulting,998231,8903692944551
Retainer Forensic Audit & Fraud Investigation - Detailed Investigation,TAX-00737,GST,18,90196.72,258325.0,90,Financial Auditing Services,998221,8903270216487
Turnkey Internal Audit & Risk Assessment - Quarterly,TAX-00738,GST,18,14432.52,32479.0,19,Financial Auditing Services,998221,8902886652683
Dedicated End-to-End Payroll Processing - Upto 50 Employees,TAX-00739,GST,18,3746.05,10957.0,15,Payroll & Compliance Services,998223,8901576764722
Premium Individual ITR-1 / ITR-2 Filing - Salaried Single Form 16,TAX-00740,GST,18,386.33,987.0,93,Individual Tax Preparation,998232,8907657289413
Premium Professional Tax (PT) Compliance - Annual Filing,TAX-00741,GST,18,808.44,2705.0,84,Payroll & Compliance Services,998223,8908645652203
Express ROC Annual Compliance Filing - Fast Track Strike Off,TAX-00742,GST,18,6019.7,14878.0,54,Corporate Tax Consulting,998231,8904214477324
End-to-End Payroll Processing - Upto 20 Employees,TAX-00743,GST,18,4381.14,9393.0,80,Payroll & Compliance Services,998223,8908209088307
Advanced Tax Audit (U/s 44AB) - Individual/HUF,TAX-00744,GST,18,6673.32,19064.0,66,Financial Auditing Services,998221,8908274117674
Internal Audit & Risk Assessment - Half-Yearly,TAX-00745,GST,18,13565.66,34329.0,20,Financial Auditing Services,998221,8903152854781
Standard End-to-End Payroll Processing - Upto 50 Employees,TAX-00746,GST,18,3967.67,12662.0,50,Payroll & Compliance Services,998223,8903800329633
Managed Professional Tax (PT) Compliance - Registration,TAX-00747,GST,18,973.12,3017.0,46,Payroll & Compliance Services,998223,8902318306178
Premium Business & Professional ITR-3 / ITR-4 - Presumptive Taxation,TAX-00748,GST,18,1896.34,4541.0,58,Individual Tax Preparation,998232,8909357824347
Retainer GST Annual Return (GSTR-9/9C) - Turnover > 5Cr,TAX-00749,GST,18,18191.91,39018.0,24,Corporate Tax Consulting,998231,8904675361275
Turnkey Tax Audit (U/s 44AB) - Company,TAX-00750,GST,18,5469.35,17286.0,71,Financial Auditing Services,998221,8907963044836
Advanced Stock & Inventory Audit - Multi-Location,TAX-00751,GST,18,15648.62,40950.0,66,Financial Auditing Services,998221,8906640473504
Express GST Annual Return (GSTR-9/9C) - Turnover < 2Cr,TAX-00752,GST,18,6621.57,18567.0,90,Corporate Tax Consulting,998231,8901995298006
Retainer Tax Audit (U/s 44AB) - Partnership Firm,TAX-00753,GST,18,6015.94,12476.0,36,Financial Auditing Services,998221,8905832863425
Retainer Professional Tax (PT) Compliance - Registration,TAX-00754,GST,18,855.42,2917.0,14,Payroll & Compliance Services,998223,8900818670244
Basic Internal Audit & Risk Assessment - Annual,TAX-00755,GST,18,10456.74,32676.0,58,Financial Auditing Services,998221,8906241118600
Express Business & Professional ITR-3 / ITR-4 - Presumptive Taxation,TAX-00756,GST,18,2349.19,5383.0,87,Individual Tax Preparation,998232,8904568044731
Advanced Professional Tax (PT) Compliance - Annual Filing,TAX-00757,GST,18,1087.26,2537.0,62,Payroll & Compliance Services,998223,8908474883607
Managed Corporate Income Tax Return (ITR-6) - Standard,TAX-00758,GST,18,6584.58,22801.0,60,Corporate Tax Consulting,998231,8903757914521
Basic Stock & Inventory Audit - Single Location,TAX-00759,GST,18,9013.0,24648.0,41,Financial Auditing Services,998221,8901269789307
Dedicated Professional Tax (PT) Compliance - Annual Filing,TAX-00760,GST,18,1480.95,3043.0,98,Payroll & Compliance Services,998223,8909960438787
Managed PF & ESI Registration and Returns - Annual Package,TAX-00761,GST,18,2499.24,6927.0,20,Payroll & Compliance Services,998223,8901616202812
Premium Financial Statement Preparation (P&L/BS) - Proprietorship,TAX-00762,GST,18,6796.4,18641.0,90,Accounting & Bookkeeping Services,998222,8908728660416
Dedicated TDS & TCS Return Filing - Form 27Q,TAX-00763,GST,18,1515.57,3876.0,93,Payroll & Compliance Services,998223,8902248395894
Dedicated GST Annual Return (GSTR-9/9C) - Turnover < 2Cr,TAX-00764,GST,18,6153.18,18953.0,27,Corporate Tax Consulting,998231,8902870562271
Basic Tax Audit (U/s 44AB) - Company,TAX-00765,GST,18,6303.8,13495.0,68,Financial Auditing Services,998221,8905109792158
Basic Bank Reconciliation Services - Monthly,TAX-00766,GST,18,1450.27,4686.0,64,Accounting & Bookkeeping Services,998222,8909459648831
Basic Business & Professional ITR-3 / ITR-4 - Presumptive Taxation,TAX-00767,GST,18,1766.62,4230.0,23,Individual Tax Preparation,998232,8902896599949
Premium Monthly GST Return Filing (GSTR 1 & 3B) - Nil Return,TAX-00768,GST,18,615.74,2145.0,21,Corporate Tax Consulting,998231,8909222705102
Advance Tax Calculation & Advisory - One-Time Analysis,TAX-00769,GST,18,844.39,2072.0,25,Individual Tax Preparation,998232,8903866675485
Comprehensive Individual ITR-1 / ITR-2 Filing - Salaried Single Form 16,TAX-00770,GST,18,352.26,1145.0,28,Individual Tax Preparation,998232,8906877418652
Tax Audit (U/s 44AB) - Partnership Firm,TAX-00771,GST,18,5536.55,14595.0,88,Financial Auditing Services,998221,8908365203758
Advanced Monthly Bookkeeping Retainer - Enterprise Plan,TAX-00772,GST,18,5728.4,19285.0,42,Accounting & Bookkeeping Services,998222,8908094047604
Premium End-to-End Payroll Processing - Upto 150 Employees,TAX-00773,GST,18,6536.9,22169.0,87,Payroll & Compliance Services,998223,8907727810509
Standard Cloud Accounting Setup (Tally/Zoho) - Basic Setup,TAX-00774,GST,18,2224.12,7270.0,17,Accounting & Bookkeeping Services,998222,8907051843905
Retainer PF & ESI Registration and Returns - Annual Package,TAX-00775,GST,18,1616.09,4843.0,63,Payroll & Compliance Services,998223,8900138241270
Comprehensive PF & ESI Registration and Returns - Annual Package,TAX-00776,GST,18,2055.05,6706.0,10,Payroll & Compliance Services,998223,8904485157919
Standard GST Registration & Advisory - Standard Business,TAX-00777,GST,18,1883.43,4011.0,50,Corporate Tax Consulting,998231,8909020357134
Premium Cloud Accounting Setup (Tally/Zoho) - Advanced Integration,TAX-00778,GST,18,4886.01,11876.0,45,Accounting & Bookkeeping Services,998222,8902956334324
Standard Professional Tax (PT) Compliance - Annual Filing,TAX-00779,GST,18,910.73,2612.0,54,Payroll & Compliance Services,998223,8908720962893
Basic Corporate Income Tax Return (ITR-6) - Complex with Transfer Pricing,TAX-00780,GST,18,17578.24,60693.0,80,Corporate Tax Consulting,998231,8904183437401
Comprehensive Business & Professional ITR-3 / ITR-4 - Regular Accounts,TAX-00781,GST,18,1872.02,4651.0,82,Individual Tax Preparation,998232,8906905150267
Standard TDS & TCS Return Filing - Form 27Q,TAX-00782,GST,18,1232.55,3127.0,30,Payroll & Compliance Services,998223,8907820797996
Advanced GST Annual Return (GSTR-9/9C) - Turnover < 2Cr,TAX-00783,GST,18,6005.69,17425.0,71,Corporate Tax Consulting,998231,8906403816649
Comprehensive ROC Annual Compliance Filing - AOC-4 & MGT-7,TAX-00784,GST,18,3745.5,12673.0,86,Corporate Tax Consulting,998231,8908392250142
Comprehensive Professional Tax (PT) Compliance - Annual Filing,TAX-00785,GST,18,862.14,2576.0,35,Payroll & Compliance Services,998223,8902441233613
Premium Virtual CFO Services - Dedicated (40 hours),TAX-00786,GST,18,44566.54,112177.0,70,Accounting & Bookkeeping Services,998222,8908637673162
Dedicated PF & ESI Registration and Returns - Annual Package,TAX-00787,GST,18,2320.35,7494.0,64,Payroll & Compliance Services,998223,8909681579039
Dedicated Cloud Accounting Setup (Tally/Zoho) - Advanced Integration,TAX-00788,GST,18,3597.99,11639.0,88,Accounting & Bookkeeping Services,998222,8909613273034
Turnkey GST Registration & Advisory - E-commerce/Multi-State,TAX-00789,GST,18,1922.26,5072.0,46,Corporate Tax Consulting,998231,8904670462268
Dedicated Forensic Audit & Fraud Investigation - Basic Assessment,TAX-00790,GST,18,25494.08,54866.0,61,Financial Auditing Services,998221,8900252986707
Advanced GST Annual Return (GSTR-9/9C) - Turnover < 2Cr,TAX-00791,GST,18,4878.42,15187.0,24,Corporate Tax Consulting,998231,8909785758512
ROC Annual Compliance Filing - Fast Track Strike Off,TAX-00792,GST,18,5013.84,10080.0,100,Corporate Tax Consulting,998231,8909438976074
Managed Statutory Audit Services - Medium Enterprise,TAX-00793,GST,18,36878.6,122944.0,97,Financial Auditing Services,998221,8905465408424
Managed Professional Tax (PT) Compliance - Registration,TAX-00794,GST,18,814.5,2406.0,86,Payroll & Compliance Services,998223,8901508632181
Turnkey Cloud Accounting Setup (Tally/Zoho) - Advanced Integration,TAX-00795,GST,18,5939.45,14956.0,68,Accounting & Bookkeeping Services,998222,8909389701550
Turnkey Virtual CFO Services - Part-time (20 hours),TAX-00796,GST,18,20523.63,63379.0,53,Accounting & Bookkeeping Services,998222,8904660241613
Express NRI Tax Advisory & Filing - DTAA Benefit Filing,TAX-00797,GST,18,2576.98,8456.0,41,Individual Tax Preparation,998232,8900597364248
Comprehensive Stock & Inventory Audit - Multi-Location,TAX-00798,GST,18,17022.7,41008.0,62,Financial Auditing Services,998221,8903062447951
Dedicated Cloud Accounting Setup (Tally/Zoho) - Basic Setup,TAX-00799,GST,18,2247.45,6556.0,87,Accounting & Bookkeeping Services,998222,8907969586780
Dedicated TDS & TCS Return Filing - Form 26Q,TAX-00800,GST,18,1903.34,4240.0,73,Payroll & Compliance Services,998223,8903826460917
Basic NRI Tax Advisory & Filing - Standard Consultation,TAX-00801,GST,18,3361.02,9392.0,48,Individual Tax Preparation,998232,8904577029929
Premium Professional Tax (PT) Compliance - Annual Filing,TAX-00802,GST,18,1211.54,2939.0,72,Payroll & Compliance Services,998223,8903682691163
Advanced Monthly Bookkeeping Retainer - Enterprise Plan,TAX-00803,GST,18,7944.87,17786.0,61,Accounting & Bookkeeping Services,998222,8908653694551
Turnkey Professional Tax (PT) Compliance - Registration,TAX-00804,GST,18,971.49,2619.0,67,Payroll & Compliance Services,998223,8902264085721
Turnkey ROC Annual Compliance Filing - Fast Track Strike Off,TAX-00805,GST,18,4082.41,12062.0,89,Corporate Tax Consulting,998231,8903299819960
Express PF & ESI Registration and Returns - Monthly Retainer,TAX-00806,GST,18,2205.82,6676.0,57,Payroll & Compliance Services,998223,8900968832753
Basic Financial Statement Preparation (P&L/BS) - LLP,TAX-00807,GST,18,5911.11,14420.0,13,Accounting & Bookkeeping Services,998222,8903977397327
Comprehensive Individual ITR-1 / ITR-2 Filing - Multiple Form 16 + Capital Gains,TAX-00808,GST,18,448.9,1384.0,18,Individual Tax Preparation,998232,8900068761648
Managed Stock & Inventory Audit - Single Location,TAX-00809,GST,18,6736.06,20808.0,47,Financial Auditing Services,998221,8906056876112
Comprehensive End-to-End Payroll Processing - Upto 150 Employees,TAX-00810,GST,18,5929.36,17698.0,28,Payroll & Compliance Services,998223,8903734151773
Managed TDS & TCS Return Filing - Form 26Q,TAX-00811,GST,18,1262.91,3379.0,43,Payroll & Compliance Services,998223,8909490228403
Advanced TDS & TCS Return Filing - Form 27Q,TAX-00812,GST,18,1085.64,3337.0,82,Payroll & Compliance Services,998223,8904774222946
Basic PF & ESI Registration and Returns - Monthly Retainer,TAX-00813,GST,18,2947.07,6550.0,11,Payroll & Compliance Services,998223,8904588679252
Turnkey NRI Tax Advisory & Filing - DTAA Benefit Filing,TAX-00814,GST,18,3615.28,9862.0,31,Individual Tax Preparation,998232,8908727601534
Advanced Cloud Accounting Setup (Tally/Zoho) - Basic Setup,TAX-00815,GST,18,2570.52,7951.0,25,Accounting & Bookkeeping Services,998222,8903577908335
Dedicated Forensic Audit & Fraud Investigation - Basic Assessment,TAX-00816,GST,18,21011.04,50578.0,78,Financial Auditing Services,998221,8908107983342
Comprehensive Cloud Accounting Setup (Tally/Zoho) - Advanced Integration,TAX-00817,GST,18,3377.48,9841.0,80,Accounting & Bookkeeping Services,998222,8904131284033
Managed Virtual CFO Services - Dedicated (40 hours),TAX-00818,GST,18,27602.13,91707.0,16,Accounting & Bookkeeping Services,998222,8905137171731
Advanced Business & Professional ITR-3 / ITR-4 - Regular Accounts,TAX-00819,GST,18,1699.18,4881.0,24,Individual Tax Preparation,998232,8907399704694
Retainer Monthly GST Return Filing (GSTR 1 & 3B) - Standard B2B/B2C,TAX-00820,GST,18,1288.32,3125.0,92,Corporate Tax Consulting,998231,8904483548847
Premium Internal Audit & Risk Assessment - Half-Yearly,TAX-00821,GST,18,11088.73,38384.0,70,Financial Auditing Services,998221,8907221641758
Basic Cloud Accounting Setup (Tally/Zoho) - Basic Setup,TAX-00822,GST,18,2371.52,6528.0,50,Accounting & Bookkeeping Services,998222,8908714939252
Comprehensive Financial Statement Preparation (P&L/BS) - Proprietorship,TAX-00823,GST,18,7414.24,16576.0,76,Accounting & Bookkeeping Services,998222,8907964347452
Dedicated TDS & TCS Return Filing - Form 27Q,TAX-00824,GST,18,1718.95,4251.0,49,Payroll & Compliance Services,998223,8906966060652
Basic Corporate Income Tax Return (ITR-6) - Standard,TAX-00825,GST,18,7352.17,22608.0,47,Corporate Tax Consulting,998231,8905056658833
Standard Advance Tax Calculation & Advisory - One-Time Analysis,TAX-00826,GST,18,747.11,1674.0,71,Individual Tax Preparation,998232,8909706734996
Statutory Audit Services - Small Business,TAX-00827,GST,18,10381.77,29140.0,66,Financial Auditing Services,998221,8904172156229
Managed PF & ESI Registration and Returns - Monthly Retainer,TAX-00828,GST,18,1936.27,5536.0,94,Payroll & Compliance Services,998223,8904884021557
Managed Cloud Accounting Setup (Tally/Zoho) - Advanced Integration,TAX-00829,GST,18,4311.71,10966.0,35,Accounting & Bookkeeping Services,998222,8904490216667
Retainer Stock & Inventory Audit - Single Location,TAX-00830,GST,18,6928.03,19735.0,14,Financial Auditing Services,998221,8908587495119
Retainer Stock & Inventory Audit - Single Location,TAX-00831,GST,18,6346.72,17582.0,21,Financial Auditing Services,998221,8909793164772
End-to-End Payroll Processing - Upto 20 Employees,TAX-00832,GST,18,4056.59,10876.0,98,Payroll & Compliance Services,998223,8906069409600
Comprehensive Bank Reconciliation Services - Annual Cleanup,TAX-00833,GST,18,1990.72,4647.0,96,Accounting & Bookkeeping Services,998222,8905873959232
Standard Bank Reconciliation Services - Monthly,TAX-00834,GST,18,1400.68,4066.0,15,Accounting & Bookkeeping Services,998222,8902851553334
Basic Financial Statement Preparation (P&L/BS) - Private Limited,TAX-00835,GST,18,8178.5,19022.0,55,Accounting & Bookkeeping Services,998222,8900271607360
Basic GST Annual Return (GSTR-9/9C) - Turnover > 5Cr,TAX-00836,GST,18,13169.66,33856.0,25,Corporate Tax Consulting,998231,8901289812317
Turnkey NRI Tax Advisory & Filing - DTAA Benefit Filing,TAX-00837,GST,18,2059.97,7164.0,74,Individual Tax Preparation,998232,8905748170066
Dedicated GST Registration & Advisory - E-commerce/Multi-State,TAX-00838,GST,18,1759.86,5728.0,65,Corporate Tax Consulting,998231,8904316704502
Comprehensive Cloud Accounting Setup (Tally/Zoho) - Basic Setup,TAX-00839,GST,18,3450.62,7627.0,70,Accounting & Bookkeeping Services,998222,8900093459626
Cloud Accounting Setup (Tally/Zoho) - Basic Setup,TAX-00840,GST,18,1932.73,6414.0,24,Accounting & Bookkeeping Services,998222,8902073465495
Premium Statutory Audit Services - Medium Enterprise,TAX-00841,GST,18,75829.19,155551.0,28,Financial Auditing Services,998221,8906086982210
Turnkey PF & ESI Registration and Returns - Monthly Retainer,TAX-00842,GST,18,3580.62,7765.0,70,Payroll & Compliance Services,998223,8907687290477
PF & ESI Registration and Returns - Annual Package,TAX-00843,GST,18,1868.8,6420.0,95,Payroll & Compliance Services,998223,8901779323822
Standard Monthly Bookkeeping Retainer - Enterprise Plan,TAX-00844,GST,18,9561.99,23173.0,88,Accounting & Bookkeeping Services,998222,8901334245798
Dedicated NRI Tax Advisory & Filing - Standard Consultation,TAX-00845,GST,18,2703.39,8088.0,84,Individual Tax Preparation,998232,8900603202032
Express Corporate Income Tax Return (ITR-6) - Standard,TAX-00846,GST,18,7914.14,26010.0,34,Corporate Tax Consulting,998231,8909673794871
Comprehensive TDS & TCS Return Filing - Form 26Q,TAX-00847,GST,18,1011.37,3247.0,72,Payroll & Compliance Services,998223,8908715841560
Basic Business & Professional ITR-3 / ITR-4 - Presumptive Taxation,TAX-00848,GST,18,1785.45,5794.0,25,Individual Tax Preparation,998232,8908425476818
Basic Financial Statement Preparation (P&L/BS) - LLP,TAX-00849,GST,18,4324.26,13063.0,12,Accounting & Bookkeeping Services,998222,8903589298808
Dedicated PF & ESI Registration and Returns - Monthly Retainer,TAX-00850,GST,18,1746.68,5276.0,91,Payroll & Compliance Services,998223,8909328963406
Managed Professional Tax (PT) Compliance - Annual Filing,TAX-00851,GST,18,1172.77,2585.0,48,Payroll & Compliance Services,998223,8900148439910
Managed Monthly GST Return Filing (GSTR 1 & 3B) - Nil Return,TAX-00852,GST,18,692.75,2180.0,41,Corporate Tax Consulting,998231,8906266933513
Standard PF & ESI Registration and Returns - Annual Package,TAX-00853,GST,18,2423.85,6978.0,96,Payroll & Compliance Services,998223,8902372450184
Basic Individual ITR-1 / ITR-2 Filing - Multiple Form 16 + Capital Gains,TAX-00854,GST,18,692.34,1695.0,25,Individual Tax Preparation,998232,8908972154064
Express Forensic Audit & Fraud Investigation - Detailed Investigation,TAX-00855,GST,18,57705.29,176846.0,72,Financial Auditing Services,998221,8904381199537
GST Annual Return (GSTR-9/9C) - Turnover < 2Cr,TAX-00856,GST,18,4053.67,12789.0,45,Corporate Tax Consulting,998231,8904856451017
Basic Virtual CFO Services - Dedicated (40 hours),TAX-00857,GST,18,39460.15,118319.0,23,Accounting & Bookkeeping Services,998222,8907899698609
Express Stock & Inventory Audit - Single Location,TAX-00858,GST,18,4912.62,16949.0,40,Financial Auditing Services,998221,8905996605779
Individual ITR-1 / ITR-2 Filing - Multiple Form 16 + Capital Gains,TAX-00859,GST,18,663.97,1758.0,13,Individual Tax Preparation,998232,8903920514607
Dedicated TDS & TCS Return Filing - Form 27Q,TAX-00860,GST,18,990.9,3417.0,45,Payroll & Compliance Services,998223,8907057423885
Managed Corporate Income Tax Return (ITR-6) - Standard,TAX-00861,GST,18,12280.03,30708.0,88,Corporate Tax Consulting,998231,8908354116597
Advanced Financial Statement Preparation (P&L/BS) - Proprietorship,TAX-00862,GST,18,6751.8,18420.0,53,Accounting & Bookkeeping Services,998222,8907522501394
Turnkey NRI Tax Advisory & Filing - Standard Consultation,TAX-00863,GST,18,4197.92,8874.0,21,Individual Tax Preparation,998232,8901964258562
Express GST Registration & Advisory - E-commerce/Multi-State,TAX-00864,GST,18,2299.7,4883.0,38,Corporate Tax Consulting,998231,8907038240733
Cloud Accounting Setup (Tally/Zoho) - Advanced Integration,TAX-00865,GST,18,6523.25,14469.0,47,Accounting & Bookkeeping Services,998222,8903097768893
Express Monthly GST Return Filing (GSTR 1 & 3B) - High Volume,TAX-00866,GST,18,2619.11,7499.0,59,Corporate Tax Consulting,998231,8904546553585
Basic Internal Audit & Risk Assessment - Half-Yearly,TAX-00867,GST,18,16702.82,47911.0,22,Financial Auditing Services,998221,8908785193583
Managed Corporate Income Tax Return (ITR-6) - Standard,TAX-00868,GST,18,10101.25,27735.0,65,Corporate Tax Consulting,998231,8901208780572
Advanced Tax Audit (U/s 44AB) - Individual/HUF,TAX-00869,GST,18,4756.76,16273.0,13,Financial Auditing Services,998221,8909762637484
Comprehensive PF & ESI Registration and Returns - Annual Package,TAX-00870,GST,18,2045.66,7099.0,85,Payroll & Compliance Services,998223,8905090591191
Basic Advance Tax Calculation & Advisory - Quarterly Retainer,TAX-00871,GST,18,637.08,1849.0,32,Individual Tax Preparation,998232,8902071511696
Comprehensive GST Annual Return (GSTR-9/9C) - Turnover > 5Cr,TAX-00872,GST,18,20174.24,45886.0,49,Corporate Tax Consulting,998231,8905264712463
Dedicated Bank Reconciliation Services - Monthly,TAX-00873,GST,18,2395.56,5129.0,42,Accounting & Bookkeeping Services,998222,8900908051208
Turnkey Statutory Audit Services - Medium Enterprise,TAX-00874,GST,18,37230.9,119141.0,82,Financial Auditing Services,998221,8909512397283
Comprehensive End-to-End Payroll Processing - Upto 150 Employees,TAX-00875,GST,18,6919.66,19797.0,66,Payroll & Compliance Services,998223,8902827090814
End-to-End Payroll Processing - Upto 50 Employees,TAX-00876,GST,18,3204.77,8902.0,22,Payroll & Compliance Services,998223,8907392957867
Dedicated Stock & Inventory Audit - Single Location,TAX-00877,GST,18,8346.02,18462.0,72,Financial Auditing Services,998221,8903605079181
Advanced Professional Tax (PT) Compliance - Registration,TAX-00878,GST,18,898.25,2400.0,35,Payroll & Compliance Services,998223,8904666617071
Advanced Professional Tax (PT) Compliance - Annual Filing,TAX-00879,GST,18,824.65,2622.0,46,Payroll & Compliance Services,998223,8900803149982
Premium End-to-End Payroll Processing - Upto 150 Employees,TAX-00880,GST,18,6040.13,14825.0,34,Payroll & Compliance Services,998223,8905806882850
Comprehensive Monthly Bookkeeping Retainer - SME Plan,TAX-00881,GST,18,3248.7,9969.0,19,Accounting & Bookkeeping Services,998222,8903739900631
End-to-End Payroll Processing - Upto 20 Employees,TAX-00882,GST,18,3716.71,12068.0,32,Payroll & Compliance Services,998223,8906356022939
Basic Professional Tax (PT) Compliance - Annual Filing,TAX-00883,GST,18,1065.43,3175.0,44,Payroll & Compliance Services,998223,8906066643749
Managed Forensic Audit & Fraud Investigation - Basic Assessment,TAX-00884,GST,18,13674.88,41493.0,19,Financial Auditing Services,998221,8901127128524
Advanced Corporate Income Tax Return (ITR-6) - Complex with Transfer Pricing,TAX-00885,GST,18,32076.51,76735.0,25,Corporate Tax Consulting,998231,8906318732807
Basic GST Registration & Advisory - Standard Business,TAX-00886,GST,18,1427.52,3686.0,20,Corporate Tax Consulting,998231,8901369572790
Dedicated Business & Professional ITR-3 / ITR-4 - Presumptive Taxation,TAX-00887,GST,18,1829.5,3698.0,29,Individual Tax Preparation,998232,8905425730662
Comprehensive End-to-End Payroll Processing - Upto 20 Employees,TAX-00888,GST,18,4447.58,11136.0,66,Payroll & Compliance Services,998223,8900713984822
Standard NRI Tax Advisory & Filing - Standard Consultation,TAX-00889,GST,18,3494.99,9139.0,78,Individual Tax Preparation,998232,8900925502130
Turnkey GST Registration & Advisory - Standard Business,TAX-00890,GST,18,2445.56,5330.0,38,Corporate Tax Consulting,998231,8900981079649
GST Annual Return (GSTR-9/9C) - Turnover < 2Cr,TAX-00891,GST,18,6601.51,15679.0,91,Corporate Tax Consulting,998231,8907727853242
Dedicated Corporate Income Tax Return (ITR-6) - Standard,TAX-00892,GST,18,11047.72,29250.0,48,Corporate Tax Consulting,998231,8902076836253
Managed GST Annual Return (GSTR-9/9C) - Turnover > 5Cr,TAX-00893,GST,18,16412.09,43752.0,59,Corporate Tax Consulting,998231,8907555628333
Virtual CFO Services - Part-time (20 hours),TAX-00894,GST,18,28102.38,71524.0,69,Accounting & Bookkeeping Services,998222,8908654362718
Premium Corporate Income Tax Return (ITR-6) - Complex with Transfer Pricing,TAX-00895,GST,18,22434.25,56232.0,30,Corporate Tax Consulting,998231,8906862703692
Express PF & ESI Registration and Returns - Annual Package,TAX-00896,GST,18,3111.4,7146.0,62,Payroll & Compliance Services,998223,8905732759980
Premium Statutory Audit Services - Small Business,TAX-00897,GST,18,7326.83,24130.0,16,Financial Auditing Services,998221,8905155323415
Managed NRI Tax Advisory & Filing - DTAA Benefit Filing,TAX-00898,GST,18,3426.69,7754.0,48,Individual Tax Preparation,998232,8901822261896
Advanced Virtual CFO Services - Dedicated (40 hours),TAX-00899,GST,18,36852.58,123658.0,24,Accounting & Bookkeeping Services,998222,8902710267672
Managed Stock & Inventory Audit - Multi-Location,TAX-00900,GST,18,17304.14,39328.0,12,Financial Auditing Services,998221,8907955151229
Standard Professional Tax (PT) Compliance - Registration,TAX-00901,GST,18,1017.12,3241.0,95,Payroll & Compliance Services,998223,8903541597099
Advanced Monthly GST Return Filing (GSTR 1 & 3B) - Standard B2B/B2C,TAX-00902,GST,18,1110.57,2688.0,76,Corporate Tax Consulting,998231,8900752034476
End-to-End Payroll Processing - Upto 50 Employees,TAX-00903,GST,18,4852.94,10290.0,80,Payroll & Compliance Services,998223,8900290904637
GST Annual Return (GSTR-9/9C) - Turnover < 2Cr,TAX-00904,GST,18,5473.5,14027.0,56,Corporate Tax Consulting,998231,8908665254837
Managed TDS & TCS Return Filing - Form 24Q,TAX-00905,GST,18,2072.21,4408.0,95,Payroll & Compliance Services,998223,8905810213125
Basic Internal Audit & Risk Assessment - Annual,TAX-00906,GST,18,14437.11,47578.0,11,Financial Auditing Services,998221,8900591297519
Comprehensive Statutory Audit Services - Corporate Entity,TAX-00907,GST,18,36058.52,112470.0,20,Financial Auditing Services,998221,8902110633016
Basic PF & ESI Registration and Returns - Annual Package,TAX-00908,GST,18,2524.65,6925.0,100,Payroll & Compliance Services,998223,8902749072801
Comprehensive Cloud Accounting Setup (Tally/Zoho) - Advanced Integration,TAX-00909,GST,18,5193.23,14869.0,34,Accounting & Bookkeeping Services,998222,8901132532694
Basic Advance Tax Calculation & Advisory - One-Time Analysis,TAX-00910,GST,18,626.25,2027.0,40,Individual Tax Preparation,998232,8908044210175
Standard Stock & Inventory Audit - Multi-Location,TAX-00911,GST,18,12226.25,40933.0,67,Financial Auditing Services,998221,8900159591945
Dedicated Corporate Income Tax Return (ITR-6) - Complex with Transfer Pricing,TAX-00912,GST,18,20862.49,65615.0,50,Corporate Tax Consulting,998231,8908339205677
Managed Professional Tax (PT) Compliance - Annual Filing,TAX-00913,GST,18,1158.99,2565.0,59,Payroll & Compliance Services,998223,8906025626506
Basic Cloud Accounting Setup (Tally/Zoho) - Basic Setup,TAX-00914,GST,18,2358.39,6101.0,29,Accounting & Bookkeeping Services,998222,8904530762484
Express Cloud Accounting Setup (Tally/Zoho) - Advanced Integration,TAX-00915,GST,18,5262.55,13942.0,30,Accounting & Bookkeeping Services,998222,8907051157942
Basic Virtual CFO Services - Dedicated (40 hours),TAX-00916,GST,18,53917.12,108883.0,49,Accounting & Bookkeeping Services,998222,8902549691928
Dedicated TDS & TCS Return Filing - Form 27Q,TAX-00917,GST,18,1277.86,4212.0,57,Payroll & Compliance Services,998223,8909710756335
Advanced Bank Reconciliation Services - Annual Cleanup,TAX-00918,GST,18,1879.73,5387.0,52,Accounting & Bookkeeping Services,998222,8903259399337
Dedicated Advance Tax Calculation & Advisory - Quarterly Retainer,TAX-00919,GST,18,984.9,2111.0,28,Individual Tax Preparation,998232,8909518779417
Comprehensive Monthly GST Return Filing (GSTR 1 & 3B) - Standard B2B/B2C,TAX-00920,GST,18,930.32,2946.0,70,Corporate Tax Consulting,998231,8903305597824
Express Professional Tax (PT) Compliance - Annual Filing,TAX-00921,GST,18,1349.51,3104.0,92,Payroll & Compliance Services,998223,8903991403884
Premium Financial Statement Preparation (P&L/BS) - Private Limited,TAX-00922,GST,18,6172.5,14236.0,47,Accounting & Bookkeeping Services,998222,8900061572768
Dedicated Virtual CFO Services - Dedicated (40 hours),TAX-00923,GST,18,38259.52,92218.0,45,Accounting & Bookkeeping Services,998222,8903974292501
Managed Tax Audit (U/s 44AB) - Company,TAX-00924,GST,18,5971.12,14766.0,58,Financial Auditing Services,998221,8908065625904
Premium End-to-End Payroll Processing - Upto 150 Employees,TAX-00925,GST,18,6808.35,20905.0,73,Payroll & Compliance Services,998223,8901122182315
Turnkey TDS & TCS Return Filing - Form 24Q,TAX-00926,GST,18,1616.16,3401.0,61,Payroll & Compliance Services,998223,8908086628137
Basic Monthly Bookkeeping Retainer - SME Plan,TAX-00927,GST,18,2479.49,7357.0,81,Accounting & Bookkeeping Services,998222,8900037003322
Turnkey NRI Tax Advisory & Filing - DTAA Benefit Filing,TAX-00928,GST,18,3135.69,9424.0,12,Individual Tax Preparation,998232,8908470681039
Express Internal Audit & Risk Assessment - Quarterly,TAX-00929,GST,18,16572.03,41829.0,20,Financial Auditing Services,998221,8909582632809
Dedicated TDS & TCS Return Filing - Form 27Q,TAX-00930,GST,18,1649.26,3694.0,35,Payroll & Compliance Services,998223,8909453546147
Basic Forensic Audit & Fraud Investigation - Detailed Investigation,TAX-00931,GST,18,86537.63,178483.0,23,Financial Auditing Services,998221,8903394394570
Basic Virtual CFO Services - Dedicated (40 hours),TAX-00932,GST,18,46249.83,113999.0,37,Accounting & Bookkeeping Services,998222,8902537657692
GST Annual Return (GSTR-9/9C) - Turnover > 5Cr,TAX-00933,GST,18,19418.17,46075.0,88,Corporate Tax Consulting,998231,8901009004047
Standard ROC Annual Compliance Filing - AOC-4 & MGT-7,TAX-00934,GST,18,4270.84,9921.0,34,Corporate Tax Consulting,998231,8906514604014
Basic Bank Reconciliation Services - Annual Cleanup,TAX-00935,GST,18,1455.47,4301.0,97,Accounting & Bookkeeping Services,998222,8900720113798
Express TDS & TCS Return Filing - Form 24Q,TAX-00936,GST,18,1175.27,3640.0,29,Payroll & Compliance Services,998223,8903166007676
Premium Monthly Bookkeeping Retainer - Enterprise Plan,TAX-00937,GST,18,6561.52,22566.0,45,Accounting & Bookkeeping Services,998222,8904734043370
Retainer Stock & Inventory Audit - Multi-Location,TAX-00938,GST,18,16810.28,45939.0,39,Financial Auditing Services,998221,8900451957782
Retainer TDS & TCS Return Filing - Form 27Q,TAX-00939,GST,18,1509.83,3746.0,91,Payroll & Compliance Services,998223,8905629657542
Dedicated ROC Annual Compliance Filing - Fast Track Strike Off,TAX-00940,GST,18,7216.15,15368.0,42,Corporate Tax Consulting,998231,8902557782058
Retainer Virtual CFO Services - Dedicated (40 hours),TAX-00941,GST,18,38677.77,120566.0,83,Accounting & Bookkeeping Services,998222,8902361618808
Advanced Stock & Inventory Audit - Single Location,TAX-00942,GST,18,8456.92,25345.0,31,Financial Auditing Services,998221,8903571558686
Turnkey Virtual CFO Services - Dedicated (40 hours),TAX-00943,GST,18,35480.65,123541.0,38,Accounting & Bookkeeping Services,998222,8907230817214
Basic Financial Statement Preparation (P&L/BS) - Private Limited,TAX-00944,GST,18,7489.93,16065.0,34,Accounting & Bookkeeping Services,998222,8900004132114
Dedicated GST Registration & Advisory - E-commerce/Multi-State,TAX-00945,GST,18,2524.49,5089.0,86,Corporate Tax Consulting,998231,8904565346997
Premium Individual ITR-1 / ITR-2 Filing - Multiple Form 16 + Capital Gains,TAX-00946,GST,18,623.21,1575.0,42,Individual Tax Preparation,998232,8907681699570
Standard GST Registration & Advisory - E-commerce/Multi-State,TAX-00947,GST,18,1657.9,4668.0,20,Corporate Tax Consulting,998231,8903176539705
Express Professional Tax (PT) Compliance - Registration,TAX-00948,GST,18,1246.87,2513.0,26,Payroll & Compliance Services,998223,8909087182749
Advanced ROC Annual Compliance Filing - AOC-4 & MGT-7,TAX-00949,GST,18,4303.45,13114.0,72,Corporate Tax Consulting,998231,8902742049561
Managed Monthly Bookkeeping Retainer - Startup Plan,TAX-00950,GST,18,4154.76,8345.0,93,Accounting & Bookkeeping Services,998222,8902604235973
Comprehensive GST Registration & Advisory - Standard Business,TAX-00951,GST,18,1257.98,3913.0,87,Corporate Tax Consulting,998231,8909077560858
Premium Forensic Audit & Fraud Investigation - Detailed Investigation,TAX-00952,GST,18,66253.58,187890.0,64,Financial Auditing Services,998221,8901114576832
Standard Statutory Audit Services - Small Business,TAX-00953,GST,18,10863.0,32556.0,67,Financial Auditing Services,998221,8908584712961
Basic Individual ITR-1 / ITR-2 Filing - Salaried Single Form 16,TAX-00954,GST,18,357.3,786.0,99,Individual Tax Preparation,998232,8906050801849
Comprehensive Individual ITR-1 / ITR-2 Filing - Multiple Form 16 + Capital Gains,TAX-00955,GST,18,608.75,1440.0,71,Individual Tax Preparation,998232,8903377731268
Individual ITR-1 / ITR-2 Filing - Salaried Single Form 16,TAX-00956,GST,18,281.03,777.0,18,Individual Tax Preparation,998232,8907819236534
Premium GST Registration & Advisory - E-commerce/Multi-State,TAX-00957,GST,18,1753.1,5559.0,13,Corporate Tax Consulting,998231,8903567932798
Express Monthly GST Return Filing (GSTR 1 & 3B) - Nil Return,TAX-00958,GST,18,695.27,1909.0,19,Corporate Tax Consulting,998231,8906906181205
Managed Professional Tax (PT) Compliance - Annual Filing,TAX-00959,GST,18,808.33,2813.0,53,Payroll & Compliance Services,998223,8904895478769
Dedicated Business & Professional ITR-3 / ITR-4 - Regular Accounts,TAX-00960,GST,18,1391.47,3805.0,53,Individual Tax Preparation,998232,8908891444498
Basic Bank Reconciliation Services - Annual Cleanup,TAX-00961,GST,18,2146.45,5415.0,49,Accounting & Bookkeeping Services,998222,8903586449639
Bank Reconciliation Services - Monthly,TAX-00962,GST,18,1862.21,5715.0,80,Accounting & Bookkeeping Services,998222,8905379821433
NRI Tax Advisory & Filing - Standard Consultation,TAX-00963,GST,18,3761.17,9638.0,60,Individual Tax Preparation,998232,8907497852491
Retainer End-to-End Payroll Processing - Upto 50 Employees,TAX-00964,GST,18,6443.71,12919.0,34,Payroll & Compliance Services,998223,8904778948963
End-to-End Payroll Processing - Upto 50 Employees,TAX-00965,GST,18,4461.95,12908.0,70,Payroll & Compliance Services,998223,8906651221500
Retainer Tax Audit (U/s 44AB) - Individual/HUF,TAX-00966,GST,18,7308.55,16014.0,22,Financial Auditing Services,998221,8906309001594
Basic Professional Tax (PT) Compliance - Registration,TAX-00967,GST,18,783.34,2276.0,44,Payroll & Compliance Services,998223,8908532089532
Express Monthly GST Return Filing (GSTR 1 & 3B) - High Volume,TAX-00968,GST,18,2706.87,6065.0,83,Corporate Tax Consulting,998231,8909471136337
Basic Business & Professional ITR-3 / ITR-4 - Presumptive Taxation,TAX-00969,GST,18,2109.49,4229.0,95,Individual Tax Preparation,998232,8904699673311
Comprehensive GST Annual Return (GSTR-9/9C) - Turnover > 5Cr,TAX-00970,GST,18,17021.3,43859.0,88,Corporate Tax Consulting,998231,8906084376855
Managed Forensic Audit & Fraud Investigation - Detailed Investigation,TAX-00971,GST,18,86212.17,220655.0,100,Financial Auditing Services,998221,8901962633556
Basic PF & ESI Registration and Returns - Annual Package,TAX-00972,GST,18,1790.39,5938.0,13,Payroll & Compliance Services,998223,8909317069556
Managed Forensic Audit & Fraud Investigation - Detailed Investigation,TAX-00973,GST,18,117570.99,250919.0,42,Financial Auditing Services,998221,8905345472239
Turnkey Business & Professional ITR-3 / ITR-4 - Presumptive Taxation,TAX-00974,GST,18,1407.17,4420.0,21,Individual Tax Preparation,998232,8902198041847
Turnkey Bank Reconciliation Services - Monthly,TAX-00975,GST,18,1391.84,4696.0,39,Accounting & Bookkeeping Services,998222,8906428131909
Turnkey Bank Reconciliation Services - Annual Cleanup,TAX-00976,GST,18,2649.12,6237.0,35,Accounting & Bookkeeping Services,998222,8909111428178
Retainer PF & ESI Registration and Returns - Monthly Retainer,TAX-00977,GST,18,3207.13,7596.0,11,Payroll & Compliance Services,998223,8905248088062
Comprehensive Monthly Bookkeeping Retainer - SME Plan,TAX-00978,GST,18,4141.54,9786.0,87,Accounting & Bookkeeping Services,998222,8905947372132
Turnkey Individual ITR-1 / ITR-2 Filing - Salaried Single Form 16,TAX-00979,GST,18,321.29,781.0,77,Individual Tax Preparation,998232,8907688687859
Retainer Advance Tax Calculation & Advisory - One-Time Analysis,TAX-00980,GST,18,1127.38,2537.0,73,Individual Tax Preparation,998232,8902031954196
Dedicated GST Annual Return (GSTR-9/9C) - Turnover > 5Cr,TAX-00981,GST,18,11149.71,30448.0,12,Corporate Tax Consulting,998231,8903627924632
Advanced Internal Audit & Risk Assessment - Half-Yearly,TAX-00982,GST,18,15460.51,41736.0,69,Financial Auditing Services,998221,8905372603214
Managed End-to-End Payroll Processing - Upto 50 Employees,TAX-00983,GST,18,3767.22,12547.0,65,Payroll & Compliance Services,998223,8901945887071
Advanced TDS & TCS Return Filing - Form 24Q,TAX-00984,GST,18,1962.28,4413.0,22,Payroll & Compliance Services,998223,8902840083850
Express GST Annual Return (GSTR-9/9C) - Turnover > 5Cr,TAX-00985,GST,18,13172.35,38630.0,46,Corporate Tax Consulting,998231,8905089177680
Turnkey Individual ITR-1 / ITR-2 Filing - Salaried Single Form 16,TAX-00986,GST,18,282.93,869.0,91,Individual Tax Preparation,998232,8904223196463
Premium Statutory Audit Services - Medium Enterprise,TAX-00987,GST,18,69640.09,159597.0,82,Financial Auditing Services,998221,8903626894301
Managed Monthly Bookkeeping Retainer - SME Plan,TAX-00988,GST,18,4100.24,9548.0,31,Accounting & Bookkeeping Services,998222,8907117595749
Retainer NRI Tax Advisory & Filing - DTAA Benefit Filing,TAX-00989,GST,18,2322.91,7022.0,85,Individual Tax Preparation,998232,8908493306745
Turnkey NRI Tax Advisory & Filing - DTAA Benefit Filing,TAX-00990,GST,18,2287.41,6605.0,42,Individual Tax Preparation,998232,8901283337218
Turnkey NRI Tax Advisory & Filing - DTAA Benefit Filing,TAX-00991,GST,18,3234.92,8077.0,20,Individual Tax Preparation,998232,8903297150666
Premium Financial Statement Preparation (P&L/BS) - Private Limited,TAX-00992,GST,18,5675.05,14503.0,49,Accounting & Bookkeeping Services,998222,8903776936634
Dedicated Virtual CFO Services - Part-time (20 hours),TAX-00993,GST,18,21189.1,52776.0,58,Accounting & Bookkeeping Services,998222,8901111028671
Managed Monthly Bookkeeping Retainer - Startup Plan,TAX-00994,GST,18,3231.49,7110.0,56,Accounting & Bookkeeping Services,998222,8905910245109
Premium Statutory Audit Services - Corporate Entity,TAX-00995,GST,18,66133.91,151339.0,31,Financial Auditing Services,998221,8906714949819
Managed PF & ESI Registration and Returns - Monthly Retainer,TAX-00996,GST,18,2769.49,6619.0,92,Payroll & Compliance Services,998223,8908179340652
Retainer GST Annual Return (GSTR-9/9C) - Turnover > 5Cr,TAX-00997,GST,18,11994.02,35745.0,61,Corporate Tax Consulting,998231,8906345337220
Standard Statutory Audit Services - Corporate Entity,TAX-00998,GST,18,31232.32,109230.0,26,Financial Auditing Services,998221,8902145593766
Basic Stock & Inventory Audit - Multi-Location,TAX-00999,GST,18,15052.58,44921.0,56,Financial Auditing Services,998221,8902635100462
Dedicated GST Annual Return (GSTR-9/9C) - Turnover > 5Cr,TAX-01000,GST,18,11921.19,38430.0,100,Corporate Tax Consulting,998231,8906592024617
Comprehensive PF & ESI Registration and Returns - Monthly Retainer,TAX-01001,GST,18,1899.59,5520.0,45,Payroll & Compliance Services,998223,8903260055955
Retainer Statutory Audit Services - Medium Enterprise,TAX-01002,GST,18,50684.86,112607.0,97,Financial Auditing Services,998221,8908486899936
Retainer Forensic Audit & Fraud Investigation - Detailed Investigation,TAX-01003,GST,18,96727.16,259679.0,46,Financial Auditing Services,998221,8905069176799
Managed Bank Reconciliation Services - Monthly,TAX-01004,GST,18,1396.95,4662.0,14,Accounting & Bookkeeping Services,998222,8903946408303
Premium Monthly GST Return Filing (GSTR 1 & 3B) - Standard B2B/B2C,TAX-01005,GST,18,885.7,3045.0,45,Corporate Tax Consulting,998231,8908860849079
Standard Virtual CFO Services - Dedicated (40 hours),TAX-01006,GST,18,39127.99,132583.0,59,Accounting & Bookkeeping Services,998222,8908528306153
Comprehensive GST Registration & Advisory - Standard Business,TAX-01007,GST,18,1839.16,5695.0,31,Corporate Tax Consulting,998231,8904462632514
Comprehensive End-to-End Payroll Processing - Upto 20 Employees,TAX-01008,GST,18,3770.64,12366.0,10,Payroll & Compliance Services,998223,8903142175188
Managed ROC Annual Compliance Filing - AOC-4 & MGT-7,TAX-01009,GST,18,5629.07,13608.0,20,Corporate Tax Consulting,998231,8905152638409
Comprehensive Statutory Audit Services - Small Business,TAX-01010,GST,18,10467.35,29132.0,98,Financial Auditing Services,998221,8908375056618
Basic Monthly GST Return Filing (GSTR 1 & 3B) - Nil Return,TAX-01011,GST,18,733.54,1999.0,85,Corporate Tax Consulting,998231,8901378765530
Premium Forensic Audit & Fraud Investigation - Basic Assessment,TAX-01012,GST,18,25721.21,52103.0,95,Financial Auditing Services,998221,8905560571219
Managed Individual ITR-1 / ITR-2 Filing - Salaried Single Form 16,TAX-01013,GST,18,269.59,942.0,53,Individual Tax Preparation,998232,8901905348640
Statutory Audit Services - Medium Enterprise,TAX-01014,GST,18,72665.51,160255.0,43,Financial Auditing Services,998221,8906245618517
Premium TDS & TCS Return Filing - Form 26Q,TAX-01015,GST,18,1172.29,2846.0,33,Payroll & Compliance Services,998223,8901289915114
Comprehensive TDS & TCS Return Filing - Form 24Q,TAX-01016,GST,18,1325.63,3809.0,20,Payroll & Compliance Services,998223,8903044881898
Turnkey TDS & TCS Return Filing - Form 24Q,TAX-01017,GST,18,1997.47,4117.0,63,Payroll & Compliance Services,998223,8901540211901
Dedicated GST Registration & Advisory - E-commerce/Multi-State,TAX-01018,GST,18,2089.03,4513.0,30,Corporate Tax Consulting,998231,8909831522910
Comprehensive Monthly GST Return Filing (GSTR 1 & 3B) - High Volume,TAX-01019,GST,18,1931.06,6635.0,97,Corporate Tax Consulting,998231,8908360849378
Basic Monthly Bookkeeping Retainer - SME Plan,TAX-01020,GST,18,3427.86,8853.0,77,Accounting & Bookkeeping Services,998222,8904526969443
Advanced Individual ITR-1 / ITR-2 Filing - Multiple Form 16 + Capital Gains,TAX-01021,GST,18,613.87,1686.0,24,Individual Tax Preparation,998232,8906934292913
Basic Monthly Bookkeeping Retainer - Startup Plan,TAX-01022,GST,18,3028.86,9380.0,97,Accounting & Bookkeeping Services,998222,8906234190310
Basic GST Registration & Advisory - E-commerce/Multi-State,TAX-01023,GST,18,2074.33,4606.0,92,Corporate Tax Consulting,998231,8901556684732
Basic Financial Statement Preparation (P&L/BS) - Private Limited,TAX-01024,GST,18,5635.55,18525.0,94,Accounting & Bookkeeping Services,998222,8903774604067
Managed Monthly Bookkeeping Retainer - Startup Plan,TAX-01025,GST,18,3685.12,8497.0,24,Accounting & Bookkeeping Services,998222,8904244260781
Advanced Advance Tax Calculation & Advisory - One-Time Analysis,TAX-01026,GST,18,839.19,2244.0,98,Individual Tax Preparation,998232,8904764273720
Basic Financial Statement Preparation (P&L/BS) - Private Limited,TAX-01027,GST,18,6860.54,19399.0,92,Accounting & Bookkeeping Services,998222,8902145841484
Express GST Registration & Advisory - Standard Business,TAX-01028,GST,18,2663.05,5754.0,46,Corporate Tax Consulting,998231,8904389982780
Retainer Monthly Bookkeeping Retainer - SME Plan,TAX-01029,GST,18,3216.23,8079.0,71,Accounting & Bookkeeping Services,998222,8903214644936
Turnkey NRI Tax Advisory & Filing - Standard Consultation,TAX-01030,GST,18,3611.83,8287.0,41,Individual Tax Preparation,998232,8905055738573
Standard ROC Annual Compliance Filing - AOC-4 & MGT-7,TAX-01031,GST,18,3056.02,10219.0,39,Corporate Tax Consulting,998231,8906037681187
Basic Cloud Accounting Setup (Tally/Zoho) - Basic Setup,TAX-01032,GST,18,3452.68,7095.0,11,Accounting & Bookkeeping Services,998222,8909614973153
Advanced Individual ITR-1 / ITR-2 Filing - Salaried Single Form 16,TAX-01033,GST,18,383.55,1076.0,90,Individual Tax Preparation,998232,8903074820736
Retainer End-to-End Payroll Processing - Upto 20 Employees,TAX-01034,GST,18,3222.11,10914.0,45,Payroll & Compliance Services,998223,8900655782019
Comprehensive Tax Audit (U/s 44AB) - Individual/HUF,TAX-01035,GST,18,7726.27,18167.0,15,Financial Auditing Services,998221,8902333247073
Standard Business & Professional ITR-3 / ITR-4 - Presumptive Taxation,TAX-01036,GST,18,1695.67,5233.0,56,Individual Tax Preparation,998232,8904621276025
Stock & Inventory Audit - Single Location,TAX-01037,GST,18,9286.7,24429.0,20,Financial Auditing Services,998221,8902312616324
Comprehensive NRI Tax Advisory & Filing - DTAA Benefit Filing,TAX-01038,GST,18,3359.96,9715.0,94,Individual Tax Preparation,998232,8909376297454
Basic Business & Professional ITR-3 / ITR-4 - Presumptive Taxation,TAX-01039,GST,18,1760.63,4513.0,78,Individual Tax Preparation,998232,8907191203818
Premium GST Annual Return (GSTR-9/9C) - Turnover < 2Cr,TAX-01040,GST,18,5655.97,15885.0,39,Corporate Tax Consulting,998231,8902308981388
Retainer Tax Audit (U/s 44AB) - Company,TAX-01041,GST,18,5310.84,12702.0,80,Financial Auditing Services,998221,8902206732318
Standard Virtual CFO Services - Dedicated (40 hours),TAX-01042,GST,18,37005.45,109195.0,20,Accounting & Bookkeeping Services,998222,8905724500000
Comprehensive Statutory Audit Services - Medium Enterprise,TAX-01043,GST,18,45874.51,147347.0,84,Financial Auditing Services,998221,8901137178509
Dedicated Internal Audit & Risk Assessment - Half-Yearly,TAX-01044,GST,18,18217.12,39581.0,74,Financial Auditing Services,998221,8904442182998
Retainer Corporate Income Tax Return (ITR-6) - Complex with Transfer Pricing,TAX-01045,GST,18,37091.49,78445.0,32,Corporate Tax Consulting,998231,8904890567086
Express GST Registration & Advisory - Standard Business,TAX-01046,GST,18,1239.54,3710.0,41,Corporate Tax Consulting,998231,8906551584826
Basic ROC Annual Compliance Filing - AOC-4 & MGT-7,TAX-01047,GST,18,3778.45,12078.0,75,Corporate Tax Consulting,998231,8903550542960
Premium Individual ITR-1 / ITR-2 Filing - Multiple Form 16 + Capital Gains,TAX-01048,GST,18,637.55,1505.0,87,Individual Tax Preparation,998232,8909879509822
Premium Statutory Audit Services - Medium Enterprise,TAX-01049,GST,18,47912.34,158009.0,42,Financial Auditing Services,998221,8908188044287
Basic Monthly GST Return Filing (GSTR 1 & 3B) - High Volume,TAX-01050,GST,18,2358.08,7418.0,77,Corporate Tax Consulting,998231,8901643212694
Turnkey Virtual CFO Services - Dedicated (40 hours),TAX-01051,GST,18,50451.39,102470.0,63,Accounting & Bookkeeping Services,998222,8902586314417
Forensic Audit & Fraud Investigation - Detailed Investigation,TAX-01052,GST,18,78588.82,198988.0,57,Financial Auditing Services,998221,8904026355824
Standard Monthly Bookkeeping Retainer - Enterprise Plan,TAX-01053,GST,18,8408.37,20698.0,45,Accounting & Bookkeeping Services,998222,8904898803153
Dedicated Business & Professional ITR-3 / ITR-4 - Regular Accounts,TAX-01054,GST,18,2376.69,5232.0,88,Individual Tax Preparation,998232,8900504043333
Express PF & ESI Registration and Returns - Annual Package,TAX-01055,GST,18,1875.42,5745.0,60,Payroll & Compliance Services,998223,8903211197871
Basic Individual ITR-1 / ITR-2 Filing - Salaried Single Form 16,TAX-01056,GST,18,335.0,987.0,35,Individual Tax Preparation,998232,8907326530601
Dedicated Stock & Inventory Audit - Multi-Location,TAX-01057,GST,18,21767.07,46646.0,74,Financial Auditing Services,998221,8906880023009
Standard Tax Audit (U/s 44AB) - Partnership Firm,TAX-01058,GST,18,4951.18,16123.0,77,Financial Auditing Services,998221,8900365774491
Turnkey GST Registration & Advisory - Standard Business,TAX-01059,GST,18,1388.9,4428.0,27,Corporate Tax Consulting,998231,8900149118941
Basic NRI Tax Advisory & Filing - Standard Consultation,TAX-01060,GST,18,2941.07,7988.0,13,Individual Tax Preparation,998232,8909263223998
Managed Monthly Bookkeeping Retainer - Startup Plan,TAX-01061,GST,18,2992.17,7500.0,19,Accounting & Bookkeeping Services,998222,8901404288605
Managed Tax Audit (U/s 44AB) - Individual/HUF,TAX-01062,GST,18,7195.22,19017.0,15,Financial Auditing Services,998221,8908112600308
Turnkey Bank Reconciliation Services - Annual Cleanup,TAX-01063,GST,18,2912.45,6211.0,13,Accounting & Bookkeeping Services,998222,8906271531234
Turnkey TDS & TCS Return Filing - Form 24Q,TAX-01064,GST,18,1622.34,3691.0,83,Payroll & Compliance Services,998223,8901776829384
Basic End-to-End Payroll Processing - Upto 20 Employees,TAX-01065,GST,18,3361.82,9520.0,77,Payroll & Compliance Services,998223,8907354378826
Internal Audit & Risk Assessment - Quarterly,TAX-01066,GST,18,12796.09,39486.0,16,Financial Auditing Services,998221,8901570908599
Express Tax Audit (U/s 44AB) - Partnership Firm,TAX-01067,GST,18,6603.38,13363.0,67,Financial Auditing Services,998221,8904926999699
Standard Corporate Income Tax Return (ITR-6) - Complex with Transfer Pricing,TAX-01068,GST,18,31836.17,77786.0,78,Corporate Tax Consulting,998231,8905969325914
Express Stock & Inventory Audit - Multi-Location,TAX-01069,GST,18,11535.17,39938.0,34,Financial Auditing Services,998221,8902312342669
Express Individual ITR-1 / ITR-2 Filing - Multiple Form 16 + Capital Gains,TAX-01070,GST,18,494.97,1725.0,70,Individual Tax Preparation,998232,8902617607234
Dedicated Business & Professional ITR-3 / ITR-4 - Presumptive Taxation,TAX-01071,GST,18,1759.2,5108.0,56,Individual Tax Preparation,998232,8903828040561
Dedicated Virtual CFO Services - Dedicated (40 hours),TAX-01072,GST,18,27446.32,88017.0,28,Accounting & Bookkeeping Services,998222,8906958264186
Turnkey Advance Tax Calculation & Advisory - One-Time Analysis,TAX-01073,GST,18,658.75,2230.0,37,Individual Tax Preparation,998232,8900876123859
Basic End-to-End Payroll Processing - Upto 50 Employees,TAX-01074,GST,18,4575.05,11886.0,29,Payroll & Compliance Services,998223,8903948400273
Retainer Statutory Audit Services - Corporate Entity,TAX-01075,GST,18,49164.94,127141.0,59,Financial Auditing Services,998221,8901016831139
Standard End-to-End Payroll Processing - Upto 20 Employees,TAX-01076,GST,18,4739.01,9876.0,92,Payroll & Compliance Services,998223,8904149150762
Business & Professional ITR-3 / ITR-4 - Regular Accounts,TAX-01077,GST,18,2042.45,4525.0,57,Individual Tax Preparation,998232,8903440777946
Managed Monthly Bookkeeping Retainer - Enterprise Plan,TAX-01078,GST,18,8045.89,24854.0,62,Accounting & Bookkeeping Services,998222,8902925081776
Express Internal Audit & Risk Assessment - Annual,TAX-01079,GST,18,10527.35,33336.0,12,Financial Auditing Services,998221,8906884133373
Dedicated Internal Audit & Risk Assessment - Half-Yearly,TAX-01080,GST,18,20514.23,46298.0,54,Financial Auditing Services,998221,8906178170321
Premium Stock & Inventory Audit - Single Location,TAX-01081,GST,18,8503.18,19798.0,64,Financial Auditing Services,998221,8903852778956
Managed Internal Audit & Risk Assessment - Quarterly,TAX-01082,GST,18,11155.59,33487.0,47,Financial Auditing Services,998221,8904490295026
Turnkey End-to-End Payroll Processing - Upto 20 Employees,TAX-01083,GST,18,2684.98,9377.0,40,Payroll & Compliance Services,998223,8907341678127
Comprehensive ROC Annual Compliance Filing - AOC-4 & MGT-7,TAX-01084,GST,18,3091.72,10051.0,91,Corporate Tax Consulting,998231,8901798213486
Managed Virtual CFO Services - Dedicated (40 hours),TAX-01085,GST,18,42491.69,128757.0,66,Accounting & Bookkeeping Services,998222,8903638318285
Basic GST Registration & Advisory - E-commerce/Multi-State,TAX-01086,GST,18,1827.66,4888.0,12,Corporate Tax Consulting,998231,8907986617706
Retainer Monthly GST Return Filing (GSTR 1 & 3B) - Standard B2B/B2C,TAX-01087,GST,18,1608.24,3570.0,11,Corporate Tax Consulting,998231,8905068212235
Turnkey PF & ESI Registration and Returns - Monthly Retainer,TAX-01088,GST,18,2286.8,6836.0,11,Payroll & Compliance Services,998223,8905871469218
Comprehensive Monthly Bookkeeping Retainer - Enterprise Plan,TAX-01089,GST,18,7421.94,19274.0,68,Accounting & Bookkeeping Services,998222,8909089843699
Comprehensive NRI Tax Advisory & Filing - Standard Consultation,TAX-01090,GST,18,2044.77,6907.0,52,Individual Tax Preparation,998232,8900938694842
Express TDS & TCS Return Filing - Form 27Q,TAX-01091,GST,18,1255.32,3696.0,92,Payroll & Compliance Services,998223,8901457887071
Retainer PF & ESI Registration and Returns - Monthly Retainer,TAX-01092,GST,18,2322.35,6005.0,35,Payroll & Compliance Services,998223,8908209746191
Turnkey GST Annual Return (GSTR-9/9C) - Turnover > 5Cr,TAX-01093,GST,18,12223.88,40162.0,83,Corporate Tax Consulting,998231,8906872258937
Stock & Inventory Audit - Multi-Location,TAX-01094,GST,18,14719.25,38239.0,33,Financial Auditing Services,998221,8903504056695
Premium ROC Annual Compliance Filing - AOC-4 & MGT-7,TAX-01095,GST,18,6056.27,13638.0,79,Corporate Tax Consulting,998231,8902554428679
Dedicated Monthly GST Return Filing (GSTR 1 & 3B) - Nil Return,TAX-01096,GST,18,748.69,2184.0,33,Corporate Tax Consulting,998231,8903289463389
Comprehensive Tax Audit (U/s 44AB) - Partnership Firm,TAX-01097,GST,18,4610.63,13955.0,51,Financial Auditing Services,998221,8902857256292
Basic ROC Annual Compliance Filing - AOC-4 & MGT-7,TAX-01098,GST,18,4004.25,11660.0,97,Corporate Tax Consulting,998231,8905138186550
Turnkey ROC Annual Compliance Filing - Fast Track Strike Off,TAX-01099,GST,18,5390.01,15297.0,12,Corporate Tax Consulting,998231,8909574430349
Standard Stock & Inventory Audit - Single Location,TAX-01100,GST,18,8673.1,25139.0,31,Financial Auditing Services,998221,8900385934015
Standard Financial Statement Preparation (P&L/BS) - Private Limited,TAX-01101,GST,18,5386.65,14439.0,51,Accounting & Bookkeeping Services,998222,8905313259367
Turnkey Individual ITR-1 / ITR-2 Filing - Salaried Single Form 16,TAX-01102,GST,18,371.97,921.0,12,Individual Tax Preparation,998232,8909421410527
Express ROC Annual Compliance Filing - AOC-4 & MGT-7,TAX-01103,GST,18,4483.1,12742.0,87,Corporate Tax Consulting,998231,8902704523888
Comprehensive Professional Tax (PT) Compliance - Registration,TAX-01104,GST,18,1117.38,3169.0,64,Payroll & Compliance Services,998223,8906059867874
Managed PF & ESI Registration and Returns - Monthly Retainer,TAX-01105,GST,18,2501.71,6918.0,95,Payroll & Compliance Services,998223,8904859655942
Express Business & Professional ITR-3 / ITR-4 - Regular Accounts,TAX-01106,GST,18,1636.7,5649.0,98,Individual Tax Preparation,998232,8906502000245
Standard Virtual CFO Services - Part-time (20 hours),TAX-01107,GST,18,34940.72,76754.0,24,Accounting & Bookkeeping Services,998222,8905513055708
Comprehensive Financial Statement Preparation (P&L/BS) - LLP,TAX-01108,GST,18,7055.22,17115.0,46,Accounting & Bookkeeping Services,998222,8908896699727
Financial Statement Preparation (P&L/BS) - Private Limited,TAX-01109,GST,18,5818.69,17916.0,47,Accounting & Bookkeeping Services,998222,8906202582543
Comprehensive Stock & Inventory Audit - Single Location,TAX-01110,GST,18,7185.22,23076.0,23,Financial Auditing Services,998221,8902312392049
Premium Statutory Audit Services - Medium Enterprise,TAX-01111,GST,18,55891.12,155343.0,63,Financial Auditing Services,998221,8904723875082
GST Annual Return (GSTR-9/9C) - Turnover < 2Cr,TAX-01112,GST,18,4848.47,15420.0,54,Corporate Tax Consulting,998231,8907754584726
Dedicated Virtual CFO Services - Part-time (20 hours),TAX-01113,GST,18,24479.82,52273.0,95,Accounting & Bookkeeping Services,998222,8907683160827
Standard Forensic Audit & Fraud Investigation - Basic Assessment,TAX-01114,GST,18,21257.19,49372.0,66,Financial Auditing Services,998221,8903992052229
Comprehensive Business & Professional ITR-3 / ITR-4 - Regular Accounts,TAX-01115,GST,18,1855.31,5750.0,51,Individual Tax Preparation,998232,8909143882325
Dedicated PF & ESI Registration and Returns - Monthly Retainer,TAX-01116,GST,18,2627.03,6468.0,63,Payroll & Compliance Services,998223,8901777326430
Advanced NRI Tax Advisory & Filing - DTAA Benefit Filing,TAX-01117,GST,18,2539.64,8710.0,73,Individual Tax Preparation,998232,8909127997029
Comprehensive Financial Statement Preparation (P&L/BS) - Proprietorship,TAX-01118,GST,18,5239.41,12416.0,86,Accounting & Bookkeeping Services,998222,8907871375298
Comprehensive Business & Professional ITR-3 / ITR-4 - Presumptive Taxation,TAX-01119,GST,18,1215.8,3663.0,22,Individual Tax Preparation,998232,8902560832004
Retainer Advance Tax Calculation & Advisory - One-Time Analysis,TAX-01120,GST,18,638.16,2103.0,66,Individual Tax Preparation,998232,8905358523860
Advanced Internal Audit & Risk Assessment - Quarterly,TAX-01121,GST,18,21899.13,51560.0,59,Financial Auditing Services,998221,8901995171523
Comprehensive Individual ITR-1 / ITR-2 Filing - Salaried Single Form 16,TAX-01122,GST,18,448.2,1009.0,85,Individual Tax Preparation,998232,8905014374830
Express Business & Professional ITR-3 / ITR-4 - Presumptive Taxation,TAX-01123,GST,18,1676.44,4535.0,36,Individual Tax Preparation,998232,8909719126022
Standard Internal Audit & Risk Assessment - Quarterly,TAX-01124,GST,18,14570.37,49335.0,68,Financial Auditing Services,998221,8906720191116
Comprehensive GST Registration & Advisory - Standard Business,TAX-01125,GST,18,1262.36,3694.0,14,Corporate Tax Consulting,998231,8907258733930
Turnkey PF & ESI Registration and Returns - Annual Package,TAX-01126,GST,18,2072.59,5812.0,94,Payroll & Compliance Services,998223,8902748124211
End-to-End Payroll Processing - Upto 150 Employees,TAX-01127,GST,18,6441.17,17953.0,53,Payroll & Compliance Services,998223,8900952294620
Dedicated Business & Professional ITR-3 / ITR-4 - Regular Accounts,TAX-01128,GST,18,1602.71,5224.0,18,Individual Tax Preparation,998232,8900399529701
Comprehensive Financial Statement Preparation (P&L/BS) - Proprietorship,TAX-01129,GST,18,5336.53,14066.0,55,Accounting & Bookkeeping Services,998222,8908585642304
Comprehensive Internal Audit & Risk Assessment - Quarterly,TAX-01130,GST,18,15257.07,51802.0,64,Financial Auditing Services,998221,8901592738740
Managed Virtual CFO Services - Part-time (20 hours),TAX-01131,GST,18,20187.23,69565.0,65,Accounting & Bookkeeping Services,998222,8906906322481
Comprehensive TDS & TCS Return Filing - Form 26Q,TAX-01132,GST,18,1403.85,4249.0,92,Payroll & Compliance Services,998223,8900340301095
Dedicated GST Annual Return (GSTR-9/9C) - Turnover > 5Cr,TAX-01133,GST,18,11928.27,37935.0,89,Corporate Tax Consulting,998231,8901579554623
Comprehensive Professional Tax (PT) Compliance - Registration,TAX-01134,GST,18,1281.64,3046.0,65,Payroll & Compliance Services,998223,8900108018103
Standard Forensic Audit & Fraud Investigation - Basic Assessment,TAX-01135,GST,18,20372.33,49184.0,21,Financial Auditing Services,998221,8907268080815
Express GST Registration & Advisory - Standard Business,TAX-01136,GST,18,1191.35,3669.0,53,Corporate Tax Consulting,998231,8900713806713
Dedicated Forensic Audit & Fraud Investigation - Basic Assessment,TAX-01137,GST,18,19458.92,40313.0,46,Financial Auditing Services,998221,8905847436213
Turnkey Statutory Audit Services - Corporate Entity,TAX-01138,GST,18,39805.72,111358.0,77,Financial Auditing Services,998221,8905766947031
Basic Individual ITR-1 / ITR-2 Filing - Multiple Form 16 + Capital Gains,TAX-01139,GST,18,608.33,1950.0,35,Individual Tax Preparation,998232,8909627466621
Basic End-to-End Payroll Processing - Upto 150 Employees,TAX-01140,GST,18,7174.3,21876.0,70,Payroll & Compliance Services,998223,8900004666145
Standard Individual ITR-1 / ITR-2 Filing - Salaried Single Form 16,TAX-01141,GST,18,257.74,743.0,95,Individual Tax Preparation,998232,8907140049388
Express Stock & Inventory Audit - Multi-Location,TAX-01142,GST,18,12154.5,28854.0,100,Financial Auditing Services,998221,8901520499809
Express Professional Tax (PT) Compliance - Annual Filing,TAX-01143,GST,18,971.44,2661.0,38,Payroll & Compliance Services,998223,8901379716698
Turnkey End-to-End Payroll Processing - Upto 50 Employees,TAX-01144,GST,18,5748.52,12777.0,72,Payroll & Compliance Services,998223,8904077943325
Retainer Monthly GST Return Filing (GSTR 1 & 3B) - Nil Return,TAX-01145,GST,18,706.26,2043.0,84,Corporate Tax Consulting,998231,8909197014262
Premium Internal Audit & Risk Assessment - Half-Yearly,TAX-01146,GST,18,13100.51,42311.0,79,Financial Auditing Services,998221,8902116020418
Internal Audit & Risk Assessment - Half-Yearly,TAX-01147,GST,18,15750.57,46036.0,75,Financial Auditing Services,998221,8909897211708
Standard NRI Tax Advisory & Filing - Standard Consultation,TAX-01148,GST,18,3031.15,10282.0,43,Individual Tax Preparation,998232,8904822175883
Managed Advance Tax Calculation & Advisory - One-Time Analysis,TAX-01149,GST,18,901.86,2533.0,17,Individual Tax Preparation,998232,8900480675712
Standard Financial Statement Preparation (P&L/BS) - LLP,TAX-01150,GST,18,5469.42,14247.0,92,Accounting & Bookkeeping Services,998222,8901287942968
Turnkey Business & Professional ITR-3 / ITR-4 - Regular Accounts,TAX-01151,GST,18,1401.14,4902.0,71,Individual Tax Preparation,998232,8900409531419
Turnkey GST Registration & Advisory - E-commerce/Multi-State,TAX-01152,GST,18,1104.38,3699.0,92,Corporate Tax Consulting,998231,8903274883565
Comprehensive Forensic Audit & Fraud Investigation - Detailed Investigation,TAX-01153,GST,18,91541.47,189285.0,87,Financial Auditing Services,998221,8906496683496
Retainer Tax Audit (U/s 44AB) - Partnership Firm,TAX-01154,GST,18,6839.31,14343.0,11,Financial Auditing Services,998221,8902851622593
Premium Corporate Income Tax Return (ITR-6) - Standard,TAX-01155,GST,18,9186.92,26282.0,38,Corporate Tax Consulting,998231,8904868839062
Comprehensive Professional Tax (PT) Compliance - Annual Filing,TAX-01156,GST,18,1034.72,3238.0,66,Payroll & Compliance Services,998223,8909916091141
Basic Monthly Bookkeeping Retainer - Enterprise Plan,TAX-01157,GST,18,6248.17,19577.0,86,Accounting & Bookkeeping Services,998222,8902361337605
Advanced Cloud Accounting Setup (Tally/Zoho) - Basic Setup,TAX-01158,GST,18,2499.85,6916.0,61,Accounting & Bookkeeping Services,998222,8905025447241
Dedicated Individual ITR-1 / ITR-2 Filing - Multiple Form 16 + Capital Gains,TAX-01159,GST,18,510.04,1688.0,99,Individual Tax Preparation,998232,8904409661771
Express Business & Professional ITR-3 / ITR-4 - Regular Accounts,TAX-01160,GST,18,1537.3,4811.0,90,Individual Tax Preparation,998232,8900880678214
Turnkey Forensic Audit & Fraud Investigation - Detailed Investigation,TAX-01161,GST,18,60607.55,211697.0,38,Financial Auditing Services,998221,8905926648698
Express Business & Professional ITR-3 / ITR-4 - Regular Accounts,TAX-01162,GST,18,1959.94,4836.0,74,Individual Tax Preparation,998232,8906941559450
Comprehensive Statutory Audit Services - Corporate Entity,TAX-01163,GST,18,48073.97,145149.0,17,Financial Auditing Services,998221,8907536051171
Express GST Registration & Advisory - Standard Business,TAX-01164,GST,18,1523.63,4810.0,60,Corporate Tax Consulting,998231,8903653621894
Premium TDS & TCS Return Filing - Form 27Q,TAX-01165,GST,18,1721.59,3463.0,13,Payroll & Compliance Services,998223,8909942489420
Professional Tax (PT) Compliance - Annual Filing,TAX-01166,GST,18,969.39,3081.0,81,Payroll & Compliance Services,998223,8909667605642
Turnkey Tax Audit (U/s 44AB) - Partnership Firm,TAX-01167,GST,18,6760.04,18489.0,66,Financial Auditing Services,998221,8905809745338
Comprehensive Individual ITR-1 / ITR-2 Filing - Multiple Form 16 + Capital Gains,TAX-01168,GST,18,435.5,1382.0,43,Individual Tax Preparation,998232,8906622654016
Premium TDS & TCS Return Filing - Form 24Q,TAX-01169,GST,18,828.75,2816.0,64,Payroll & Compliance Services,998223,8902212242767
Comprehensive Corporate Income Tax Return (ITR-6) - Complex with Transfer Pricing,TAX-01170,GST,18,25298.39,73869.0,59,Corporate Tax Consulting,998231,8900112411584
Premium Advance Tax Calculation & Advisory - Quarterly Retainer,TAX-01171,GST,18,680.28,2360.0,11,Individual Tax Preparation,998232,8901798677823
Express Internal Audit & Risk Assessment - Annual,TAX-01172,GST,18,19566.14,49650.0,11,Financial Auditing Services,998221,8904726426121
Retainer Monthly Bookkeeping Retainer - Startup Plan,TAX-01173,GST,18,2386.31,7405.0,71,Accounting & Bookkeeping Services,998222,8905365968078
Advanced PF & ESI Registration and Returns - Annual Package,TAX-01174,GST,18,3378.95,7644.0,26,Payroll & Compliance Services,998223,8901838545400
Corporate Income Tax Return (ITR-6) - Complex with Transfer Pricing,TAX-01175,GST,18,20643.25,61482.0,53,Corporate Tax Consulting,998231,8902311232748
Managed Advance Tax Calculation & Advisory - Quarterly Retainer,TAX-01176,GST,18,644.87,2038.0,36,Individual Tax Preparation,998232,8903427203886
Dedicated Monthly Bookkeeping Retainer - SME Plan,TAX-01177,GST,18,3103.69,9257.0,17,Accounting & Bookkeeping Services,998222,8901963045306
Retainer Business & Professional ITR-3 / ITR-4 - Regular Accounts,TAX-01178,GST,18,2134.19,4732.0,89,Individual Tax Preparation,998232,8903534001816
Retainer GST Annual Return (GSTR-9/9C) - Turnover > 5Cr,TAX-01179,GST,18,14390.72,46969.0,54,Corporate Tax Consulting,998231,8902444544608
Standard Virtual CFO Services - Dedicated (40 hours),TAX-01180,GST,18,38253.36,112056.0,67,Accounting & Bookkeeping Services,998222,8908105391287
Express NRI Tax Advisory & Filing - DTAA Benefit Filing,TAX-01181,GST,18,3286.87,8672.0,85,Individual Tax Preparation,998232,8908829045792
Managed GST Registration & Advisory - E-commerce/Multi-State,TAX-01182,GST,18,2155.68,5132.0,39,Corporate Tax Consulting,998231,8900198642423
Comprehensive Business & Professional ITR-3 / ITR-4 - Regular Accounts,TAX-01183,GST,18,2024.69,4773.0,23,Individual Tax Preparation,998232,8902187062932
Comprehensive Individual ITR-1 / ITR-2 Filing - Salaried Single Form 16,TAX-01184,GST,18,380.23,786.0,24,Individual Tax Preparation,998232,8900232001867
Premium GST Annual Return (GSTR-9/9C) - Turnover < 2Cr,TAX-01185,GST,18,6816.0,18825.0,90,Corporate Tax Consulting,998231,8909876108143
Advanced Professional Tax (PT) Compliance - Registration,TAX-01186,GST,18,672.87,2077.0,80,Payroll & Compliance Services,998223,8904531980746
Dedicated Business & Professional ITR-3 / ITR-4 - Presumptive Taxation,TAX-01187,GST,18,1302.0,4296.0,85,Individual Tax Preparation,998232,8905100307620
Express TDS & TCS Return Filing - Form 26Q,TAX-01188,GST,18,1065.47,3464.0,52,Payroll & Compliance Services,998223,8900066664110
Standard Corporate Income Tax Return (ITR-6) - Complex with Transfer Pricing,TAX-01189,GST,18,23610.01,72155.0,38,Corporate Tax Consulting,998231,8904078516994
Retainer Advance Tax Calculation & Advisory - Quarterly Retainer,TAX-01190,GST,18,868.31,2215.0,81,Individual Tax Preparation,998232,8903668348268
Turnkey Advance Tax Calculation & Advisory - Quarterly Retainer,TAX-01191,GST,18,694.6,2207.0,77,Individual Tax Preparation,998232,8903868889178
Dedicated ROC Annual Compliance Filing - AOC-4 & MGT-7,TAX-01192,GST,18,3053.42,9784.0,64,Corporate Tax Consulting,998231,8902571976093
Comprehensive Monthly Bookkeeping Retainer - Startup Plan,TAX-01193,GST,18,2662.24,8126.0,55,Accounting & Bookkeeping Services,998222,8907898260418
Comprehensive Stock & Inventory Audit - Multi-Location,TAX-01194,GST,18,14399.8,45733.0,56,Financial Auditing Services,998221,8905851777412
Express Corporate Income Tax Return (ITR-6) - Complex with Transfer Pricing,TAX-01195,GST,18,26410.28,55777.0,79,Corporate Tax Consulting,998231,8908241996264
Express Cloud Accounting Setup (Tally/Zoho) - Basic Setup,TAX-01196,GST,18,3659.95,9155.0,85,Accounting & Bookkeeping Services,998222,8901704542185
Premium TDS & TCS Return Filing - Form 26Q,TAX-01197,GST,18,1059.56,3358.0,26,Payroll & Compliance Services,998223,8900922570900
Dedicated Forensic Audit & Fraud Investigation - Basic Assessment,TAX-01198,GST,18,14080.73,48240.0,68,Financial Auditing Services,998221,8902324728289
Premium TDS & TCS Return Filing - Form 24Q,TAX-01199,GST,18,1063.21,2956.0,76,Payroll & Compliance Services,998223,8902247312616
Managed NRI Tax Advisory & Filing - Standard Consultation,TAX-01200,GST,18,2095.96,6664.0,81,Individual Tax Preparation,998232,8900119509271
Turnkey Tax Audit (U/s 44AB) - Individual/HUF,TAX-01201,GST,18,3797.1,12607.0,56,Financial Auditing Services,998221,8903709230071
ROC Annual Compliance Filing - Fast Track Strike Off,TAX-01202,GST,18,2819.99,9688.0,42,Corporate Tax Consulting,998231,8901894854329
Express Advance Tax Calculation & Advisory - One-Time Analysis,TAX-01203,GST,18,928.88,2155.0,62,Individual Tax Preparation,998232,8905294471619
Basic Business & Professional ITR-3 / ITR-4 - Regular Accounts,TAX-01204,GST,18,1682.31,5411.0,20,Individual Tax Preparation,998232,8903104502589
Comprehensive Monthly GST Return Filing (GSTR 1 & 3B) - High Volume,TAX-01205,GST,18,1874.44,6258.0,37,Corporate Tax Consulting,998231,8905748352680
Premium Corporate Income Tax Return (ITR-6) - Complex with Transfer Pricing,TAX-01206,GST,18,27432.65,73292.0,85,Corporate Tax Consulting,998231,8908344883842
PF & ESI Registration and Returns - Annual Package,TAX-01207,GST,18,3149.73,7707.0,27,Payroll & Compliance Services,998223,8908055077406
Dedicated Professional Tax (PT) Compliance - Annual Filing,TAX-01208,GST,18,610.22,2100.0,30,Payroll & Compliance Services,998223,8903920908551
Premium Forensic Audit & Fraud Investigation - Detailed Investigation,TAX-01209,GST,18,78137.12,226608.0,39,Financial Auditing Services,998221,8901117861902
Managed TDS & TCS Return Filing - Form 27Q,TAX-01210,GST,18,1918.81,3993.0,99,Payroll & Compliance Services,998223,8902206953541
Monthly Bookkeeping Retainer - Startup Plan,TAX-01211,GST,18,2612.73,6941.0,50,Accounting & Bookkeeping Services,998222,8909500260151
Dedicated PF & ESI Registration and Returns - Monthly Retainer,TAX-01212,GST,18,2582.15,7700.0,97,Payroll & Compliance Services,998223,8909479507407
Comprehensive Forensic Audit & Fraud Investigation - Basic Assessment,TAX-01213,GST,18,17525.46,49529.0,55,Financial Auditing Services,998221,8909503100649
Basic Bank Reconciliation Services - Monthly,TAX-01214,GST,18,1995.84,5725.0,10,Accounting & Bookkeeping Services,998222,8904520360894
Advanced Statutory Audit Services - Corporate Entity,TAX-01215,GST,18,41363.4,139179.0,38,Financial Auditing Services,998221,8905992855359
Dedicated PF & ESI Registration and Returns - Monthly Retainer,TAX-01216,GST,18,2909.43,5964.0,62,Payroll & Compliance Services,998223,8907990069680
Managed Stock & Inventory Audit - Multi-Location,TAX-01217,GST,18,18099.03,37395.0,99,Financial Auditing Services,998221,8903784233944
Premium NRI Tax Advisory & Filing - Standard Consultation,TAX-01218,GST,18,2343.06,6411.0,58,Individual Tax Preparation,998232,8902550325017
Advanced Financial Statement Preparation (P&L/BS) - Private Limited,TAX-01219,GST,18,5015.96,12975.0,46,Accounting & Bookkeeping Services,998222,8901784290292
Dedicated Cloud Accounting Setup (Tally/Zoho) - Advanced Integration,TAX-01220,GST,18,7001.75,14736.0,14,Accounting & Bookkeeping Services,998222,8909060530886
Premium NRI Tax Advisory & Filing - Standard Consultation,TAX-01221,GST,18,2088.68,7006.0,21,Individual Tax Preparation,998232,8906673290457
Express Professional Tax (PT) Compliance - Annual Filing,TAX-01222,GST,18,1443.05,3076.0,85,Payroll & Compliance Services,998223,8909642603362
Dedicated Internal Audit & Risk Assessment - Half-Yearly,TAX-01223,GST,18,17139.16,39074.0,42,Financial Auditing Services,998221,8907709207115
Comprehensive Cloud Accounting Setup (Tally/Zoho) - Basic Setup,TAX-01224,GST,18,2111.36,6441.0,31,Accounting & Bookkeeping Services,998222,8901921581897
Standard Tax Audit (U/s 44AB) - Company,TAX-01225,GST,18,4828.12,15253.0,74,Financial Auditing Services,998221,8906385588195
Comprehensive Advance Tax Calculation & Advisory - One-Time Analysis,TAX-01226,GST,18,1075.98,2304.0,81,Individual Tax Preparation,998232,8908005378931
Retainer Advance Tax Calculation & Advisory - Quarterly Retainer,TAX-01227,GST,18,922.63,2509.0,32,Individual Tax Preparation,998232,8908454018227
Comprehensive Monthly Bookkeeping Retainer - Startup Plan,TAX-01228,GST,18,2944.33,8605.0,78,Accounting & Bookkeeping Services,998222,8902322041447
Retainer PF & ESI Registration and Returns - Monthly Retainer,TAX-01229,GST,18,3355.31,7043.0,56,Payroll & Compliance Services,998223,8909930202030
Comprehensive PF & ESI Registration and Returns - Monthly Retainer,TAX-01230,GST,18,1953.08,5192.0,55,Payroll & Compliance Services,998223,8902135302816
Advanced End-to-End Payroll Processing - Upto 50 Employees,TAX-01231,GST,18,4978.72,9979.0,17,Payroll & Compliance Services,998223,8905937775691
Standard Business & Professional ITR-3 / ITR-4 - Presumptive Taxation,TAX-01232,GST,18,1725.86,5139.0,86,Individual Tax Preparation,998232,8901617469029
Premium Business & Professional ITR-3 / ITR-4 - Presumptive Taxation,TAX-01233,GST,18,1284.93,4193.0,79,Individual Tax Preparation,998232,8904196622913
Premium Forensic Audit & Fraud Investigation - Detailed Investigation,TAX-01234,GST,18,82384.74,210109.0,81,Financial Auditing Services,998221,8905667063621
Dedicated Advance Tax Calculation & Advisory - One-Time Analysis,TAX-01235,GST,18,578.03,1660.0,42,Individual Tax Preparation,998232,8904076634933
Premium Advance Tax Calculation & Advisory - One-Time Analysis,TAX-01236,GST,18,654.33,1902.0,31,Individual Tax Preparation,998232,8907322626114
Turnkey Bank Reconciliation Services - Monthly,TAX-01237,GST,18,1676.01,5664.0,53,Accounting & Bookkeeping Services,998222,8908542188087
Comprehensive Individual ITR-1 / ITR-2 Filing - Multiple Form 16 + Capital Gains,TAX-01238,GST,18,544.3,1680.0,20,Individual Tax Preparation,998232,8909964338532
Dedicated Professional Tax (PT) Compliance - Registration,TAX-01239,GST,18,1112.29,2833.0,40,Payroll & Compliance Services,998223,8903343031158
Dedicated GST Annual Return (GSTR-9/9C) - Turnover < 2Cr,TAX-01240,GST,18,8060.85,19351.0,69,Corporate Tax Consulting,998231,8906947576945
Turnkey Bank Reconciliation Services - Monthly,TAX-01241,GST,18,1819.23,4927.0,44,Accounting & Bookkeeping Services,998222,8906698616342
Advanced Internal Audit & Risk Assessment - Half-Yearly,TAX-01242,GST,18,14054.86,39399.0,11,Financial Auditing Services,998221,8909594815269
Express Bank Reconciliation Services - Annual Cleanup,TAX-01243,GST,18,2019.05,4953.0,67,Accounting & Bookkeeping Services,998222,8902130742359
Turnkey Tax Audit (U/s 44AB) - Individual/HUF,TAX-01244,GST,18,4011.54,12919.0,16,Financial Auditing Services,998221,8904893326145
Managed PF & ESI Registration and Returns - Monthly Retainer,TAX-01245,GST,18,2789.68,6500.0,68,Payroll & Compliance Services,998223,8903100817852
Dedicated Monthly Bookkeeping Retainer - Startup Plan,TAX-01246,GST,18,3490.7,9320.0,81,Accounting & Bookkeeping Services,998222,8904523542687
TDS & TCS Return Filing - Form 27Q,TAX-01247,GST,18,1586.41,4358.0,24,Payroll & Compliance Services,998223,8907320865237
Express GST Annual Return (GSTR-9/9C) - Turnover < 2Cr,TAX-01248,GST,18,5036.47,15225.0,62,Corporate Tax Consulting,998231,8903370140052
Premium ROC Annual Compliance Filing - AOC-4 & MGT-7,TAX-01249,GST,18,5944.19,15165.0,93,Corporate Tax Consulting,998231,8908000272214
Bank Reconciliation Services - Annual Cleanup,TAX-01250,GST,18,2668.5,6117.0,64,Accounting & Bookkeeping Services,998222,8900943913681
Basic Monthly GST Return Filing (GSTR 1 & 3B) - Nil Return,TAX-01251,GST,18,603.4,1549.0,54,Corporate Tax Consulting,998231,8905286209297
Dedicated Bank Reconciliation Services - Monthly,TAX-01252,GST,18,2537.6,6416.0,94,Accounting & Bookkeeping Services,998222,8903322273938
Advanced Business & Professional ITR-3 / ITR-4 - Presumptive Taxation,TAX-01253,GST,18,1629.94,4418.0,98,Individual Tax Preparation,998232,8903532366185
Standard Forensic Audit & Fraud Investigation - Detailed Investigation,TAX-01254,GST,18,88699.73,250740.0,68,Financial Auditing Services,998221,8900826971823
Premium GST Registration & Advisory - Standard Business,TAX-01255,GST,18,2106.58,4706.0,22,Corporate Tax Consulting,998231,8905838821764
Managed NRI Tax Advisory & Filing - DTAA Benefit Filing,TAX-01256,GST,18,2703.15,7201.0,43,Individual Tax Preparation,998232,8902233222801
Comprehensive NRI Tax Advisory & Filing - DTAA Benefit Filing,TAX-01257,GST,18,2233.2,7784.0,82,Individual Tax Preparation,998232,8902225606295
Turnkey Bank Reconciliation Services - Monthly,TAX-01258,GST,18,1376.72,4606.0,71,Accounting & Bookkeeping Services,998222,8903118046741
Monthly Bookkeeping Retainer - SME Plan,TAX-01259,GST,18,2332.0,7661.0,49,Accounting & Bookkeeping Services,998222,8901852013626
Stock & Inventory Audit - Multi-Location,TAX-01260,GST,18,12598.88,35987.0,70,Financial Auditing Services,998221,8905615470554
Individual ITR-1 / ITR-2 Filing - Salaried Single Form 16,TAX-01261,GST,18,398.44,1017.0,64,Individual Tax Preparation,998232,8904119556409
Express Stock & Inventory Audit - Multi-Location,TAX-01262,GST,18,16119.03,46526.0,67,Financial Auditing Services,998221,8908752070204
Financial Statement Preparation (P&L/BS) - Proprietorship,TAX-01263,GST,18,4127.98,12112.0,93,Accounting & Bookkeeping Services,998222,8907121241393
Managed ROC Annual Compliance Filing - Fast Track Strike Off,TAX-01264,GST,18,4305.77,12792.0,61,Corporate Tax Consulting,998231,8900987312677
Comprehensive Monthly Bookkeeping Retainer - Enterprise Plan,TAX-01265,GST,18,5815.55,17319.0,96,Accounting & Bookkeeping Services,998222,8900759889786
PF & ESI Registration and Returns - Monthly Retainer,TAX-01266,GST,18,2046.17,6855.0,99,Payroll & Compliance Services,998223,8904319165430
Basic NRI Tax Advisory & Filing - Standard Consultation,TAX-01267,GST,18,3335.23,6899.0,25,Individual Tax Preparation,998232,8909150576449
Premium Corporate Income Tax Return (ITR-6) - Complex with Transfer Pricing,TAX-01268,GST,18,36076.78,72218.0,63,Corporate Tax Consulting,998231,8908764486764
Advanced Advance Tax Calculation & Advisory - One-Time Analysis,TAX-01269,GST,18,1164.73,2485.0,35,Individual Tax Preparation,998232,8906560450063
Basic TDS & TCS Return Filing - Form 27Q,TAX-01270,GST,18,1761.77,3623.0,59,Payroll & Compliance Services,998223,8904969277119
Basic PF & ESI Registration and Returns - Annual Package,TAX-01271,GST,18,2778.26,5763.0,57,Payroll & Compliance Services,998223,8909702551282
Turnkey GST Annual Return (GSTR-9/9C) - Turnover < 2Cr,TAX-01272,GST,18,4092.87,14248.0,50,Corporate Tax Consulting,998231,8909489895965
Basic Professional Tax (PT) Compliance - Annual Filing,TAX-01273,GST,18,950.87,2373.0,43,Payroll & Compliance Services,998223,8904344149169
Advanced Business & Professional ITR-3 / ITR-4 - Presumptive Taxation,TAX-01274,GST,18,1577.16,4221.0,38,Individual Tax Preparation,998232,8909464088223
Retainer Stock & Inventory Audit - Multi-Location,TAX-01275,GST,18,12503.45,36362.0,71,Financial Auditing Services,998221,8903988941321
Comprehensive Stock & Inventory Audit - Multi-Location,TAX-01276,GST,18,13230.94,29902.0,71,Financial Auditing Services,998221,8900754853465
Comprehensive Professional Tax (PT) Compliance - Registration,TAX-01277,GST,18,1015.76,2047.0,48,Payroll & Compliance Services,998223,8904964612939
Dedicated Statutory Audit Services - Small Business,TAX-01278,GST,18,8080.35,25600.0,36,Financial Auditing Services,998221,8907565896359
Retainer Professional Tax (PT) Compliance - Registration,TAX-01279,GST,18,918.62,3175.0,20,Payroll & Compliance Services,998223,8909931458434
Basic Professional Tax (PT) Compliance - Annual Filing,TAX-01280,GST,18,902.22,2106.0,79,Payroll & Compliance Services,998223,8908503423622
Advanced Internal Audit & Risk Assessment - Quarterly,TAX-01281,GST,18,18090.56,41150.0,62,Financial Auditing Services,998221,8903104379686
Retainer Individual ITR-1 / ITR-2 Filing - Salaried Single Form 16,TAX-01282,GST,18,308.94,1076.0,93,Individual Tax Preparation,998232,8905294690217
Managed Corporate Income Tax Return (ITR-6) - Standard,TAX-01283,GST,18,6673.89,23294.0,48,Corporate Tax Consulting,998231,8903502385022
Turnkey NRI Tax Advisory & Filing - DTAA Benefit Filing,TAX-01284,GST,18,2900.83,7753.0,53,Individual Tax Preparation,998232,8902332829302
Turnkey Internal Audit & Risk Assessment - Half-Yearly,TAX-01285,GST,18,20110.0,43472.0,36,Financial Auditing Services,998221,8900303346771
Dedicated Forensic Audit & Fraud Investigation - Detailed Investigation,TAX-01286,GST,18,125631.72,253281.0,64,Financial Auditing Services,998221,8902799553024
Standard PF & ESI Registration and Returns - Monthly Retainer,TAX-01287,GST,18,3374.55,7625.0,39,Payroll & Compliance Services,998223,8909847230342
Advanced Internal Audit & Risk Assessment - Annual,TAX-01288,GST,18,12038.35,41169.0,84,Financial Auditing Services,998221,8900172224050
GST Annual Return (GSTR-9/9C) - Turnover > 5Cr,TAX-01289,GST,18,17283.04,46558.0,23,Corporate Tax Consulting,998231,8907754619924
Forensic Audit & Fraud Investigation - Detailed Investigation,TAX-01290,GST,18,76343.71,214162.0,66,Financial Auditing Services,998221,8902725812259
Turnkey Stock & Inventory Audit - Multi-Location,TAX-01291,GST,18,12816.96,35896.0,42,Financial Auditing Services,998221,8908237337912
Standard Internal Audit & Risk Assessment - Quarterly,TAX-01292,GST,18,23676.37,51587.0,68,Financial Auditing Services,998221,8908035869017
Premium Forensic Audit & Fraud Investigation - Detailed Investigation,TAX-01293,GST,18,70552.58,239794.0,86,Financial Auditing Services,998221,8902519994529
Standard End-to-End Payroll Processing - Upto 50 Employees,TAX-01294,GST,18,4004.69,8863.0,73,Payroll & Compliance Services,998223,8906433872205
Standard PF & ESI Registration and Returns - Monthly Retainer,TAX-01295,GST,18,2310.43,5927.0,51,Payroll & Compliance Services,998223,8904963308334
Premium TDS & TCS Return Filing - Form 26Q,TAX-01296,GST,18,1022.1,3333.0,73,Payroll & Compliance Services,998223,8908995047020
Standard Professional Tax (PT) Compliance - Annual Filing,TAX-01297,GST,18,834.73,2765.0,34,Payroll & Compliance Services,998223,8907749266329
Advanced Professional Tax (PT) Compliance - Registration,TAX-01298,GST,18,659.68,2231.0,70,Payroll & Compliance Services,998223,8905225920616
Express End-to-End Payroll Processing - Upto 20 Employees,TAX-01299,GST,18,2907.91,8669.0,83,Payroll & Compliance Services,998223,8902294115630
Dedicated Virtual CFO Services - Dedicated (40 hours),TAX-01300,GST,18,41715.15,127302.0,61,Accounting & Bookkeeping Services,998222,8903637262942
Standard Forensic Audit & Fraud Investigation - Detailed Investigation,TAX-01301,GST,18,81011.77,193522.0,75,Financial Auditing Services,998221,8900851331380
Retainer Tax Audit (U/s 44AB) - Company,TAX-01302,GST,18,7869.3,18388.0,30,Financial Auditing Services,998221,8901122121548
Comprehensive Tax Audit (U/s 44AB) - Company,TAX-01303,GST,18,6579.73,18523.0,78,Financial Auditing Services,998221,8907640191854
Advanced Individual ITR-1 / ITR-2 Filing - Multiple Form 16 + Capital Gains,TAX-01304,GST,18,621.42,1942.0,96,Individual Tax Preparation,998232,8900062987787
Turnkey Bank Reconciliation Services - Annual Cleanup,TAX-01305,GST,18,2309.45,5595.0,61,Accounting & Bookkeeping Services,998222,8904196234219
Comprehensive Financial Statement Preparation (P&L/BS) - Proprietorship,TAX-01306,GST,18,5523.33,12563.0,49,Accounting & Bookkeeping Services,998222,8901042948314
Standard ROC Annual Compliance Filing - AOC-4 & MGT-7,TAX-01307,GST,18,4251.84,12426.0,29,Corporate Tax Consulting,998231,8906999949812
Retainer Business & Professional ITR-3 / ITR-4 - Presumptive Taxation,TAX-01308,GST,18,1565.04,3645.0,65,Individual Tax Preparation,998232,8906602000532
Retainer NRI Tax Advisory & Filing - Standard Consultation,TAX-01309,GST,18,2412.48,7984.0,10,Individual Tax Preparation,998232,8905052438380
Express PF & ESI Registration and Returns - Annual Package,TAX-01310,GST,18,1677.33,5313.0,88,Payroll & Compliance Services,998223,8900076862763
Retainer Cloud Accounting Setup (Tally/Zoho) - Basic Setup,TAX-01311,GST,18,3085.28,7954.0,36,Accounting & Bookkeeping Services,998222,8903761851862
Basic GST Annual Return (GSTR-9/9C) - Turnover < 2Cr,TAX-01312,GST,18,6208.65,15255.0,23,Corporate Tax Consulting,998231,8900132823392
Dedicated Stock & Inventory Audit - Single Location,TAX-01313,GST,18,9279.51,24977.0,86,Financial Auditing Services,998221,8901875067761
Express Forensic Audit & Fraud Investigation - Detailed Investigation,TAX-01314,GST,18,59855.24,176705.0,78,Financial Auditing Services,998221,8908143192797
Retainer GST Registration & Advisory - E-commerce/Multi-State,TAX-01315,GST,18,2041.91,5163.0,85,Corporate Tax Consulting,998231,8906983845720
Dedicated Financial Statement Preparation (P&L/BS) - Private Limited,TAX-01316,GST,18,5326.07,17219.0,78,Accounting & Bookkeeping Services,998222,8906295912573
Dedicated PF & ESI Registration and Returns - Annual Package,TAX-01317,GST,18,2270.84,5471.0,65,Payroll & Compliance Services,998223,8900742990747
Turnkey Virtual CFO Services - Dedicated (40 hours),TAX-01318,GST,18,33835.84,118274.0,18,Accounting & Bookkeeping Services,998222,8907996708089
Advanced Corporate Income Tax Return (ITR-6) - Complex with Transfer Pricing,TAX-01319,GST,18,22280.26,67473.0,83,Corporate Tax Consulting,998231,8904641839841
Advanced GST Annual Return (GSTR-9/9C) - Turnover < 2Cr,TAX-01320,GST,18,6583.45,18292.0,90,Corporate Tax Consulting,998231,8905369881649
Advanced Individual ITR-1 / ITR-2 Filing - Multiple Form 16 + Capital Gains,TAX-01321,GST,18,450.68,1437.0,31,Individual Tax Preparation,998232,8908605210262
Turnkey GST Registration & Advisory - E-commerce/Multi-State,TAX-01322,GST,18,1464.82,4252.0,17,Corporate Tax Consulting,998231,8900824845813
Stock & Inventory Audit - Single Location,TAX-01323,GST,18,9637.97,24045.0,49,Financial Auditing Services,998221,8908839974185
Comprehensive Monthly GST Return Filing (GSTR 1 & 3B) - Nil Return,TAX-01324,GST,18,851.11,2273.0,57,Corporate Tax Consulting,998231,8900003056619
Premium NRI Tax Advisory & Filing - Standard Consultation,TAX-01325,GST,18,2932.44,10045.0,59,Individual Tax Preparation,998232,8904184937846
Retainer ROC Annual Compliance Filing - AOC-4 & MGT-7,TAX-01326,GST,18,4202.65,14167.0,12,Corporate Tax Consulting,998231,8901872600136
Basic End-to-End Payroll Processing - Upto 20 Employees,TAX-01327,GST,18,3829.44,9357.0,42,Payroll & Compliance Services,998223,8902990674568
Advanced Corporate Income Tax Return (ITR-6) - Standard,TAX-01328,GST,18,12369.75,31750.0,26,Corporate Tax Consulting,998231,8901559967256
Standard Cloud Accounting Setup (Tally/Zoho) - Basic Setup,TAX-01329,GST,18,3183.76,7952.0,37,Accounting & Bookkeeping Services,998222,8904704747648
Express TDS & TCS Return Filing - Form 26Q,TAX-01330,GST,18,1201.23,3190.0,31,Payroll & Compliance Services,998223,8901383507124
Standard TDS & TCS Return Filing - Form 24Q,TAX-01331,GST,18,953.03,3091.0,86,Payroll & Compliance Services,998223,8900036221173
Comprehensive Financial Statement Preparation (P&L/BS) - Private Limited,TAX-01332,GST,18,6314.08,15192.0,92,Accounting & Bookkeeping Services,998222,8908395855852
Comprehensive Virtual CFO Services - Dedicated (40 hours),TAX-01333,GST,18,48895.52,123188.0,50,Accounting & Bookkeeping Services,998222,8901618575917
Premium Statutory Audit Services - Medium Enterprise,TAX-01334,GST,18,45029.98,133068.0,56,Financial Auditing Services,998221,8904914774473
Comprehensive PF & ESI Registration and Returns - Annual Package,TAX-01335,GST,18,1719.54,5693.0,47,Payroll & Compliance Services,998223,8901715949734
Dedicated PF & ESI Registration and Returns - Monthly Retainer,TAX-01336,GST,18,1986.39,5494.0,13,Payroll & Compliance Services,998223,8903318361133
Premium Business & Professional ITR-3 / ITR-4 - Regular Accounts,TAX-01337,GST,18,1723.06,4754.0,32,Individual Tax Preparation,998232,8908152787304
Dedicated Advance Tax Calculation & Advisory - Quarterly Retainer,TAX-01338,GST,18,924.62,2284.0,25,Individual Tax Preparation,998232,8907465353780
Dedicated Stock & Inventory Audit - Single Location,TAX-01339,GST,18,7451.2,20249.0,47,Financial Auditing Services,998221,8904671776296
Basic Individual ITR-1 / ITR-2 Filing - Multiple Form 16 + Capital Gains,TAX-01340,GST,18,523.11,1357.0,85,Individual Tax Preparation,998232,8909946645099
Standard Individual ITR-1 / ITR-2 Filing - Salaried Single Form 16,TAX-01341,GST,18,256.45,742.0,53,Individual Tax Preparation,998232,8907390835211
Advanced Advance Tax Calculation & Advisory - One-Time Analysis,TAX-01342,GST,18,724.75,1770.0,45,Individual Tax Preparation,998232,8908849979572
Dedicated NRI Tax Advisory & Filing - DTAA Benefit Filing,TAX-01343,GST,18,3129.68,8940.0,76,Individual Tax Preparation,998232,8902819022179
Comprehensive ROC Annual Compliance Filing - AOC-4 & MGT-7,TAX-01344,GST,18,4054.19,11395.0,91,Corporate Tax Consulting,998231,8909717059844
Basic End-to-End Payroll Processing - Upto 50 Employees,TAX-01345,GST,18,3224.31,10127.0,30,Payroll & Compliance Services,998223,8908681123038
Retainer NRI Tax Advisory & Filing - DTAA Benefit Filing,TAX-01346,GST,18,3229.58,6856.0,41,Individual Tax Preparation,998232,8909781459009
Managed Business & Professional ITR-3 / ITR-4 - Presumptive Taxation,TAX-01347,GST,18,2247.29,4653.0,50,Individual Tax Preparation,998232,8902866933515
Premium Individual ITR-1 / ITR-2 Filing - Multiple Form 16 + Capital Gains,TAX-01348,GST,18,591.66,1777.0,34,Individual Tax Preparation,998232,8902601193910
Express Virtual CFO Services - Part-time (20 hours),TAX-01349,GST,18,31507.96,77543.0,92,Accounting & Bookkeeping Services,998222,8905513609085
Premium Individual ITR-1 / ITR-2 Filing - Salaried Single Form 16,TAX-01350,GST,18,405.45,848.0,27,Individual Tax Preparation,998232,8904373615873
Managed GST Annual Return (GSTR-9/9C) - Turnover < 2Cr,TAX-01351,GST,18,4148.18,12591.0,75,Corporate Tax Consulting,998231,8909693353900
Standard TDS & TCS Return Filing - Form 26Q,TAX-01352,GST,18,1002.49,3442.0,67,Payroll & Compliance Services,998223,8903156639792
Standard TDS & TCS Return Filing - Form 24Q,TAX-01353,GST,18,1462.55,3465.0,96,Payroll & Compliance Services,998223,8909028377270
Virtual CFO Services - Dedicated (40 hours),TAX-01354,GST,18,53224.44,106823.0,41,Accounting & Bookkeeping Services,998222,8904281644161
Managed Statutory Audit Services - Corporate Entity,TAX-01355,GST,18,64358.69,159931.0,36,Financial Auditing Services,998221,8905846405103
Managed Individual ITR-1 / ITR-2 Filing - Salaried Single Form 16,TAX-01356,GST,18,576.92,1161.0,28,Individual Tax Preparation,998232,8907636281444
Express GST Registration & Advisory - Standard Business,TAX-01357,GST,18,1861.36,4313.0,12,Corporate Tax Consulting,998231,8909690676490
Retainer Business & Professional ITR-3 / ITR-4 - Presumptive Taxation,TAX-01358,GST,18,1462.3,4807.0,88,Individual Tax Preparation,998232,8908745513587
Managed Financial Statement Preparation (P&L/BS) - Proprietorship,TAX-01359,GST,18,6098.08,13994.0,92,Accounting & Bookkeeping Services,998222,8906881164034
Retainer Virtual CFO Services - Part-time (20 hours),TAX-01360,GST,18,22250.33,62803.0,66,Accounting & Bookkeeping Services,998222,8905833364770
Premium End-to-End Payroll Processing - Upto 20 Employees,TAX-01361,GST,18,3757.63,11025.0,24,Payroll & Compliance Services,998223,8905386028262
Premium TDS & TCS Return Filing - Form 24Q,TAX-01362,GST,18,2101.6,4417.0,31,Payroll & Compliance Services,998223,8903190577204
Premium End-to-End Payroll Processing - Upto 20 Employees,TAX-01363,GST,18,4206.96,11536.0,85,Payroll & Compliance Services,998223,8904193245381
Express Stock & Inventory Audit - Multi-Location,TAX-01364,GST,18,10014.78,34372.0,28,Financial Auditing Services,998221,8902487098726
Comprehensive Professional Tax (PT) Compliance - Registration,TAX-01365,GST,18,1049.5,2222.0,73,Payroll & Compliance Services,998223,8904224043261
Premium Stock & Inventory Audit - Single Location,TAX-01366,GST,18,6963.87,17924.0,65,Financial Auditing Services,998221,8901630702867
Premium Monthly Bookkeeping Retainer - Startup Plan,TAX-01367,GST,18,2607.85,6527.0,40,Accounting & Bookkeeping Services,998222,8906621953689
Managed Statutory Audit Services - Medium Enterprise,TAX-01368,GST,18,52536.1,129737.0,17,Financial Auditing Services,998221,8901732590073
Basic Advance Tax Calculation & Advisory - Quarterly Retainer,TAX-01369,GST,18,1146.74,2353.0,67,Individual Tax Preparation,998232,8902211386908
Managed GST Registration & Advisory - E-commerce/Multi-State,TAX-01370,GST,18,1798.69,3921.0,42,Corporate Tax Consulting,998231,8905461719281
Advanced GST Registration & Advisory - E-commerce/Multi-State,TAX-01371,GST,18,1642.92,4289.0,28,Corporate Tax Consulting,998231,8903442252160
Basic Bank Reconciliation Services - Monthly,TAX-01372,GST,18,2610.59,6278.0,20,Accounting & Bookkeeping Services,998222,8902094477269
Comprehensive Internal Audit & Risk Assessment - Annual,TAX-01373,GST,18,13754.04,40413.0,50,Financial Auditing Services,998221,8901327617948
Dedicated Internal Audit & Risk Assessment - Half-Yearly,TAX-01374,GST,18,19121.69,48543.0,79,Financial Auditing Services,998221,8905160211915
Turnkey Individual ITR-1 / ITR-2 Filing - Salaried Single Form 16,TAX-01375,GST,18,369.4,963.0,99,Individual Tax Preparation,998232,8904986478686
Turnkey Cloud Accounting Setup (Tally/Zoho) - Advanced Integration,TAX-01376,GST,18,4638.91,15595.0,74,Accounting & Bookkeeping Services,998222,8908447408378
Express Stock & Inventory Audit - Single Location,TAX-01377,GST,18,6697.81,16325.0,82,Financial Auditing Services,998221,8902164006983
Basic ROC Annual Compliance Filing - AOC-4 & MGT-7,TAX-01378,GST,18,4125.41,14313.0,45,Corporate Tax Consulting,998231,8908486470821
Dedicated Virtual CFO Services - Dedicated (40 hours),TAX-01379,GST,18,44367.59,101213.0,11,Accounting & Bookkeeping Services,998222,8902123720550
Premium Cloud Accounting Setup (Tally/Zoho) - Basic Setup,TAX-01380,GST,18,2066.73,5834.0,58,Accounting & Bookkeeping Services,998222,8903467391900
Advanced Individual ITR-1 / ITR-2 Filing - Salaried Single Form 16,TAX-01381,GST,18,242.07,774.0,12,Individual Tax Preparation,998232,8909169232737
Turnkey Advance Tax Calculation & Advisory - Quarterly Retainer,TAX-01382,GST,18,503.96,1609.0,53,Individual Tax Preparation,998232,8904818674630
Express Statutory Audit Services - Corporate Entity,TAX-01383,GST,18,43678.63,132191.0,41,Financial Auditing Services,998221,8906113711815
Advanced Stock & Inventory Audit - Multi-Location,TAX-01384,GST,18,15700.98,34735.0,83,Financial Auditing Services,998221,8904203401535
Turnkey Bank Reconciliation Services - Annual Cleanup,TAX-01385,GST,18,1641.51,4075.0,83,Accounting & Bookkeeping Services,998222,8909944946672
Retainer Statutory Audit Services - Small Business,TAX-01386,GST,18,7847.73,26069.0,12,Financial Auditing Services,998221,8902818223879
Turnkey End-to-End Payroll Processing - Upto 20 Employees,TAX-01387,GST,18,3112.66,8704.0,74,Payroll & Compliance Services,998223,8901745273536
Dedicated PF & ESI Registration and Returns - Monthly Retainer,TAX-01388,GST,18,3843.35,7787.0,47,Payroll & Compliance Services,998223,8901291828518
Forensic Audit & Fraud Investigation - Basic Assessment,TAX-01389,GST,18,14467.72,42641.0,51,Financial Auditing Services,998221,8905904610079
Advanced Cloud Accounting Setup (Tally/Zoho) - Basic Setup,TAX-01390,GST,18,3584.24,7295.0,20,Accounting & Bookkeeping Services,998222,8902838271012
Standard Cloud Accounting Setup (Tally/Zoho) - Advanced Integration,TAX-01391,GST,18,5350.51,11705.0,93,Accounting & Bookkeeping Services,998222,8904850766534
Advanced Professional Tax (PT) Compliance - Registration,TAX-01392,GST,18,843.82,2819.0,66,Payroll & Compliance Services,998223,8906346019153
Tax Audit (U/s 44AB) - Partnership Firm,TAX-01393,GST,18,5621.79,19373.0,49,Financial Auditing Services,998221,8907243586176
Dedicated Business & Professional ITR-3 / ITR-4 - Presumptive Taxation,TAX-01394,GST,18,1697.41,5303.0,26,Individual Tax Preparation,998232,8907267086665
Advanced Monthly GST Return Filing (GSTR 1 & 3B) - Nil Return,TAX-01395,GST,18,676.94,2325.0,89,Corporate Tax Consulting,998231,8907687849477
Premium Internal Audit & Risk Assessment - Annual,TAX-01396,GST,18,17614.01,44782.0,14,Financial Auditing Services,998221,8906184897422
Basic Bank Reconciliation Services - Annual Cleanup,TAX-01397,GST,18,1937.94,4769.0,63,Accounting & Bookkeeping Services,998222,8906821215649
Advanced PF & ESI Registration and Returns - Annual Package,TAX-01398,GST,18,2889.15,6524.0,61,Payroll & Compliance Services,998223,8904411197388
Managed Stock & Inventory Audit - Single Location,TAX-01399,GST,18,5627.61,18491.0,64,Financial Auditing Services,998221,8903435948821
Retainer NRI Tax Advisory & Filing - DTAA Benefit Filing,TAX-01400,GST,18,2489.91,6493.0,43,Individual Tax Preparation,998232,8900511021254
Comprehensive Bank Reconciliation Services - Monthly,TAX-01401,GST,18,2259.34,4618.0,100,Accounting & Bookkeeping Services,998222,8906049860372
Premium Stock & Inventory Audit - Multi-Location,TAX-01402,GST,18,20214.82,46574.0,17,Financial Auditing Services,998221,8903197899901
Premium Tax Audit (U/s 44AB) - Individual/HUF,TAX-01403,GST,18,4017.79,13574.0,70,Financial Auditing Services,998221,8901317197860
Dedicated Forensic Audit & Fraud Investigation - Basic Assessment,TAX-01404,GST,18,18736.81,54810.0,16,Financial Auditing Services,998221,8908419478550
Managed Statutory Audit Services - Small Business,TAX-01405,GST,18,11613.99,29111.0,31,Financial Auditing Services,998221,8901072887807
Premium Financial Statement Preparation (P&L/BS) - LLP,TAX-01406,GST,18,6426.17,17363.0,63,Accounting & Bookkeeping Services,998222,8901608819722
Advanced Virtual CFO Services - Dedicated (40 hours),TAX-01407,GST,18,35537.28,112381.0,78,Accounting & Bookkeeping Services,998222,8903753076810
Bank Reconciliation Services - Monthly,TAX-01408,GST,18,2056.62,5807.0,55,Accounting & Bookkeeping Services,998222,8907800244323
Standard Monthly GST Return Filing (GSTR 1 & 3B) - Nil Return,TAX-01409,GST,18,871.14,1792.0,59,Corporate Tax Consulting,998231,8909685746706
Turnkey Corporate Income Tax Return (ITR-6) - Standard,TAX-01410,GST,18,12742.06,27747.0,83,Corporate Tax Consulting,998231,8905215016426
Premium Statutory Audit Services - Medium Enterprise,TAX-01411,GST,18,44619.18,113599.0,93,Financial Auditing Services,998221,8908424319839
Retainer Bank Reconciliation Services - Annual Cleanup,TAX-01412,GST,18,2046.3,4165.0,48,Accounting & Bookkeeping Services,998222,8901691053021
Managed End-to-End Payroll Processing - Upto 50 Employees,TAX-01413,GST,18,3687.2,11598.0,80,Payroll & Compliance Services,998223,8906463395348
Dedicated Statutory Audit Services - Small Business,TAX-01414,GST,18,11138.17,24256.0,45,Financial Auditing Services,998221,8907642789615
Dedicated Monthly GST Return Filing (GSTR 1 & 3B) - High Volume,TAX-01415,GST,18,2288.89,7204.0,24,Corporate Tax Consulting,998231,8902817751239
Dedicated Professional Tax (PT) Compliance - Registration,TAX-01416,GST,18,1098.94,2453.0,91,Payroll & Compliance Services,998223,8900972360244
Turnkey Corporate Income Tax Return (ITR-6) - Complex with Transfer Pricing,TAX-01417,GST,18,27438.12,74161.0,14,Corporate Tax Consulting,998231,8905171073087
Advanced Tax Audit (U/s 44AB) - Partnership Firm,TAX-01418,GST,18,6490.2,17660.0,92,Financial Auditing Services,998221,8903703175438
Advanced Internal Audit & Risk Assessment - Half-Yearly,TAX-01419,GST,18,14851.24,48427.0,74,Financial Auditing Services,998221,8905726029254
Comprehensive ROC Annual Compliance Filing - Fast Track Strike Off,TAX-01420,GST,18,6565.0,14961.0,76,Corporate Tax Consulting,998231,8904076642076
Standard Cloud Accounting Setup (Tally/Zoho) - Advanced Integration,TAX-01421,GST,18,4823.49,14758.0,53,Accounting & Bookkeeping Services,998222,8903867625923
Express Advance Tax Calculation & Advisory - One-Time Analysis,TAX-01422,GST,18,494.04,1652.0,98,Individual Tax Preparation,998232,8900488693205
Premium PF & ESI Registration and Returns - Annual Package,TAX-01423,GST,18,2865.91,5841.0,77,Payroll & Compliance Services,998223,8909273961597
Dedicated Corporate Income Tax Return (ITR-6) - Standard,TAX-01424,GST,18,7505.14,22398.0,51,Corporate Tax Consulting,998231,8906707897755
Standard PF & ESI Registration and Returns - Annual Package,TAX-01425,GST,18,1991.51,6560.0,40,Payroll & Compliance Services,998223,8908422736273
Comprehensive Monthly Bookkeeping Retainer - Enterprise Plan,TAX-01426,GST,18,5987.46,17754.0,71,Accounting & Bookkeeping Services,998222,8901117576917
Premium Forensic Audit & Fraud Investigation - Basic Assessment,TAX-01427,GST,18,25534.98,57107.0,79,Financial Auditing Services,998221,8905144869830
Turnkey PF & ESI Registration and Returns - Monthly Retainer,TAX-01428,GST,18,3810.53,7666.0,84,Payroll & Compliance Services,998223,8902202698014
Managed Financial Statement Preparation (P&L/BS) - Private Limited,TAX-01429,GST,18,8712.35,18216.0,79,Accounting & Bookkeeping Services,998222,8900177031637
Premium Tax Audit (U/s 44AB) - Company,TAX-01430,GST,18,7821.71,19060.0,35,Financial Auditing Services,998221,8903267244693
Express Forensic Audit & Fraud Investigation - Basic Assessment,TAX-01431,GST,18,16915.65,45087.0,40,Financial Auditing Services,998221,8908083906540
Standard Bank Reconciliation Services - Annual Cleanup,TAX-01432,GST,18,2468.14,5747.0,87,Accounting & Bookkeeping Services,998222,8903272728129
Dedicated Forensic Audit & Fraud Investigation - Basic Assessment,TAX-01433,GST,18,22083.2,54053.0,82,Financial Auditing Services,998221,8906026676527
Dedicated Virtual CFO Services - Dedicated (40 hours),TAX-01434,GST,18,48286.56,139170.0,43,Accounting & Bookkeeping Services,998222,8909950708864
Dedicated Forensic Audit & Fraud Investigation - Detailed Investigation,TAX-01435,GST,18,71979.62,235354.0,12,Financial Auditing Services,998221,8902080192902
Advanced Monthly Bookkeeping Retainer - SME Plan,TAX-01436,GST,18,4211.61,9928.0,14,Accounting & Bookkeeping Services,998222,8904489093225
Comprehensive Cloud Accounting Setup (Tally/Zoho) - Basic Setup,TAX-01437,GST,18,2568.77,5784.0,55,Accounting & Bookkeeping Services,998222,8901025550193
TDS & TCS Return Filing - Form 26Q,TAX-01438,GST,18,1868.7,4371.0,61,Payroll & Compliance Services,998223,8909888439333
Turnkey Bank Reconciliation Services - Monthly,TAX-01439,GST,18,2180.64,6298.0,26,Accounting & Bookkeeping Services,998222,8900805983124
Express End-to-End Payroll Processing - Upto 20 Employees,TAX-01440,GST,18,2614.42,8288.0,86,Payroll & Compliance Services,998223,8906599920123
Standard GST Annual Return (GSTR-9/9C) - Turnover < 2Cr,TAX-01441,GST,18,6335.74,15608.0,57,Corporate Tax Consulting,998231,8904210629419
Express Financial Statement Preparation (P&L/BS) - Private Limited,TAX-01442,GST,18,9034.87,19395.0,26,Accounting & Bookkeeping Services,998222,8902671317536
Managed Financial Statement Preparation (P&L/BS) - Private Limited,TAX-01443,GST,18,4793.67,14389.0,75,Accounting & Bookkeeping Services,998222,8906461209617
Express Monthly Bookkeeping Retainer - Startup Plan,TAX-01444,GST,18,2934.01,8772.0,78,Accounting & Bookkeeping Services,998222,8904524032115
Premium Bank Reconciliation Services - Annual Cleanup,TAX-01445,GST,18,1992.22,4794.0,27,Accounting & Bookkeeping Services,998222,8901914308779
Managed Monthly GST Return Filing (GSTR 1 & 3B) - Standard B2B/B2C,TAX-01446,GST,18,1510.31,3308.0,98,Corporate Tax Consulting,998231,8904221883458
Premium Stock & Inventory Audit - Single Location,TAX-01447,GST,18,6760.6,19025.0,73,Financial Auditing Services,998221,8900676933329
Standard Advance Tax Calculation & Advisory - One-Time Analysis,TAX-01448,GST,18,669.11,1958.0,17,Individual Tax Preparation,998232,8902578464085
Retainer NRI Tax Advisory & Filing - Standard Consultation,TAX-01449,GST,18,2241.12,7087.0,99,Individual Tax Preparation,998232,8906726208467
Dedicated Virtual CFO Services - Part-time (20 hours),TAX-01450,GST,18,24581.73,57154.0,91,Accounting & Bookkeeping Services,998222,8905519628222
Retainer End-to-End Payroll Processing - Upto 20 Employees,TAX-01451,GST,18,2882.03,8917.0,94,Payroll & Compliance Services,998223,8906247286394
Comprehensive Monthly Bookkeeping Retainer - Startup Plan,TAX-01452,GST,18,4041.33,9572.0,45,Accounting & Bookkeeping Services,998222,8901499290096
Managed Monthly GST Return Filing (GSTR 1 & 3B) - High Volume,TAX-01453,GST,18,2351.56,6149.0,10,Corporate Tax Consulting,998231,8904509563217
Basic End-to-End Payroll Processing - Upto 20 Employees,TAX-01454,GST,18,5336.76,11073.0,20,Payroll & Compliance Services,998223,8909335389222
Standard Professional Tax (PT) Compliance - Registration,TAX-01455,GST,18,1365.88,3187.0,10,Payroll & Compliance Services,998223,8900608277056
Professional Tax (PT) Compliance - Registration,TAX-01456,GST,18,904.07,2935.0,17,Payroll & Compliance Services,998223,8907626438500
Managed NRI Tax Advisory & Filing - Standard Consultation,TAX-01457,GST,18,2947.16,7094.0,21,Individual Tax Preparation,998232,8907623133610
Standard NRI Tax Advisory & Filing - DTAA Benefit Filing,TAX-01458,GST,18,4188.6,10260.0,35,Individual Tax Preparation,998232,8901654413727
Managed GST Annual Return (GSTR-9/9C) - Turnover > 5Cr,TAX-01459,GST,18,14314.77,47832.0,14,Corporate Tax Consulting,998231,8906349429046
Dedicated Forensic Audit & Fraud Investigation - Detailed Investigation,TAX-01460,GST,18,60164.87,170009.0,12,Financial Auditing Services,998221,8901799932420
Managed Bank Reconciliation Services - Monthly,TAX-01461,GST,18,1510.49,4769.0,19,Accounting & Bookkeeping Services,998222,8907234565386
Express NRI Tax Advisory & Filing - DTAA Benefit Filing,TAX-01462,GST,18,4683.63,9443.0,55,Individual Tax Preparation,998232,8904853626890
Basic Professional Tax (PT) Compliance - Registration,TAX-01463,GST,18,852.97,2645.0,44,Payroll & Compliance Services,998223,8901009538557
Turnkey PF & ESI Registration and Returns - Monthly Retainer,TAX-01464,GST,18,2967.24,6978.0,85,Payroll & Compliance Services,998223,8909009378146
Tax Audit (U/s 44AB) - Partnership Firm,TAX-01465,GST,18,5397.74,16763.0,47,Financial Auditing Services,998221,8903788443706
GST Registration & Advisory - E-commerce/Multi-State,TAX-01466,GST,18,2282.06,5767.0,63,Corporate Tax Consulting,998231,8904672636815
Dedicated End-to-End Payroll Processing - Upto 150 Employees,TAX-01467,GST,18,6970.92,21748.0,83,Payroll & Compliance Services,998223,8900027729108
Managed TDS & TCS Return Filing - Form 24Q,TAX-01468,GST,18,1208.99,3937.0,59,Payroll & Compliance Services,998223,8900435660503
Turnkey Financial Statement Preparation (P&L/BS) - Private Limited,TAX-01469,GST,18,6941.61,16441.0,13,Accounting & Bookkeeping Services,998222,8906773067182
Turnkey Cloud Accounting Setup (Tally/Zoho) - Advanced Integration,TAX-01470,GST,18,5501.9,14927.0,83,Accounting & Bookkeeping Services,998222,8904190878865
Virtual CFO Services - Dedicated (40 hours),TAX-01471,GST,18,36633.59,118681.0,59,Accounting & Bookkeeping Services,998222,8907396342898
Dedicated GST Annual Return (GSTR-9/9C) - Turnover < 2Cr,TAX-01472,GST,18,6085.19,17991.0,12,Corporate Tax Consulting,998231,8904922170486
Stock & Inventory Audit - Multi-Location,TAX-01473,GST,18,20453.3,41819.0,60,Financial Auditing Services,998221,8903201629073
Business & Professional ITR-3 / ITR-4 - Presumptive Taxation,TAX-01474,GST,18,1810.77,5839.0,30,Individual Tax Preparation,998232,8907182653371
Advanced GST Registration & Advisory - E-commerce/Multi-State,TAX-01475,GST,18,2203.4,4974.0,85,Corporate Tax Consulting,998231,8904203983135
Advanced End-to-End Payroll Processing - Upto 20 Employees,TAX-01476,GST,18,3438.46,9794.0,63,Payroll & Compliance Services,998223,8907069219587
Advanced Monthly Bookkeeping Retainer - SME Plan,TAX-01477,GST,18,3714.56,10385.0,44,Accounting & Bookkeeping Services,998222,8903884302178
Retainer Forensic Audit & Fraud Investigation - Detailed Investigation,TAX-01478,GST,18,122488.85,246003.0,91,Financial Auditing Services,998221,8906431589016
Dedicated PF & ESI Registration and Returns - Monthly Retainer,TAX-01479,GST,18,1409.12,4804.0,15,Payroll & Compliance Services,998223,8901709264070
Monthly Bookkeeping Retainer - Enterprise Plan,TAX-01480,GST,18,7705.74,21394.0,18,Accounting & Bookkeeping Services,998222,8907262829682
Dedicated TDS & TCS Return Filing - Form 27Q,TAX-01481,GST,18,2012.43,4116.0,12,Payroll & Compliance Services,998223,8907288959274
Retainer Statutory Audit Services - Medium Enterprise,TAX-01482,GST,18,29403.43,100136.0,97,Financial Auditing Services,998221,8901961276620
Premium Individual ITR-1 / ITR-2 Filing - Salaried Single Form 16,TAX-01483,GST,18,379.8,828.0,17,Individual Tax Preparation,998232,8902634443596
Retainer Bank Reconciliation Services - Annual Cleanup,TAX-01484,GST,18,1721.02,5701.0,10,Accounting & Bookkeeping Services,998222,8901204242536
Comprehensive Individual ITR-1 / ITR-2 Filing - Salaried Single Form 16,TAX-01485,GST,18,428.23,1151.0,41,Individual Tax Preparation,998232,8900284976039
Comprehensive GST Annual Return (GSTR-9/9C) - Turnover < 2Cr,TAX-01486,GST,18,7739.1,18887.0,58,Corporate Tax Consulting,998231,8905240553648
Dedicated Stock & Inventory Audit - Multi-Location,TAX-01487,GST,18,17711.99,42820.0,12,Financial Auditing Services,998221,8903648821597
Dedicated Monthly GST Return Filing (GSTR 1 & 3B) - High Volume,TAX-01488,GST,18,2293.34,7037.0,62,Corporate Tax Consulting,998231,8902323606679
Express Advance Tax Calculation & Advisory - One-Time Analysis,TAX-01489,GST,18,654.1,1674.0,49,Individual Tax Preparation,998232,8909722042986
Express Cloud Accounting Setup (Tally/Zoho) - Advanced Integration,TAX-01490,GST,18,6604.62,13319.0,63,Accounting & Bookkeeping Services,998222,8906179962356
Basic Business & Professional ITR-3 / ITR-4 - Presumptive Taxation,TAX-01491,GST,18,1527.25,4321.0,71,Individual Tax Preparation,998232,8906887779256
Basic Tax Audit (U/s 44AB) - Individual/HUF,TAX-01492,GST,18,6158.03,13911.0,76,Financial Auditing Services,998221,8904931539839
Turnkey Internal Audit & Risk Assessment - Quarterly,TAX-01493,GST,18,16045.32,32197.0,18,Financial Auditing Services,998221,8904407629143
Express Tax Audit (U/s 44AB) - Company,TAX-01494,GST,18,5112.66,12530.0,12,Financial Auditing Services,998221,8903897528720
Advance Tax Calculation & Advisory - One-Time Analysis,TAX-01495,GST,18,885.85,1984.0,95,Individual Tax Preparation,998232,8902405920823
Express PF & ESI Registration and Returns - Monthly Retainer,TAX-01496,GST,18,2176.8,7597.0,64,Payroll & Compliance Services,998223,8909194896298
Retainer Tax Audit (U/s 44AB) - Partnership Firm,TAX-01497,GST,18,6473.06,12988.0,70,Financial Auditing Services,998221,8905307966186
Comprehensive NRI Tax Advisory & Filing - DTAA Benefit Filing,TAX-01498,GST,18,3167.47,9431.0,92,Individual Tax Preparation,998232,8904043474125
Basic Monthly Bookkeeping Retainer - Enterprise Plan,TAX-01499,GST,18,7111.32,20822.0,61,Accounting & Bookkeeping Services,998222,8901007773217
Turnkey End-to-End Payroll Processing - Upto 20 Employees,TAX-01500,GST,18,2944.4,8431.0,94,Payroll & Compliance Services,998223,8902025999193
Basic Advance Tax Calculation & Advisory - Quarterly Retainer,TAX-01501,GST,18,901.6,2060.0,33,Individual Tax Preparation,998232,8904447489047
Retainer GST Registration & Advisory - E-commerce/Multi-State,TAX-01502,GST,18,2068.39,4536.0,38,Corporate Tax Consulting,998231,8905107651917
Standard Stock & Inventory Audit - Multi-Location,TAX-01503,GST,18,15901.03,37500.0,94,Financial Auditing Services,998221,8902895145634
Retainer Stock & Inventory Audit - Single Location,TAX-01504,GST,18,8666.37,23948.0,54,Financial Auditing Services,998221,8905811574496
Turnkey PF & ESI Registration and Returns - Monthly Retainer,TAX-01505,GST,18,1804.7,4941.0,70,Payroll & Compliance Services,998223,8900040930454
Premium Stock & Inventory Audit - Multi-Location,TAX-01506,GST,18,19680.01,46700.0,79,Financial Auditing Services,998221,8902218039662
Dedicated Internal Audit & Risk Assessment - Annual,TAX-01507,GST,18,17864.81,50307.0,61,Financial Auditing Services,998221,8904078802652
Turnkey NRI Tax Advisory & Filing - Standard Consultation,TAX-01508,GST,18,2835.1,7530.0,86,Individual Tax Preparation,998232,8903335623039
Premium Corporate Income Tax Return (ITR-6) - Complex with Transfer Pricing,TAX-01509,GST,18,23805.41,65723.0,16,Corporate Tax Consulting,998231,8906708987092
Express Statutory Audit Services - Corporate Entity,TAX-01510,GST,18,32464.74,105791.0,98,Financial Auditing Services,998221,8904311326611
Dedicated TDS & TCS Return Filing - Form 27Q,TAX-01511,GST,18,1504.16,3782.0,61,Payroll & Compliance Services,998223,8903211960472
Basic Monthly Bookkeeping Retainer - SME Plan,TAX-01512,GST,18,3253.28,8802.0,10,Accounting & Bookkeeping Services,998222,8907745447082
Standard Monthly Bookkeeping Retainer - SME Plan,TAX-01513,GST,18,2423.01,7557.0,89,Accounting & Bookkeeping Services,998222,8909539467662
Dedicated Monthly GST Return Filing (GSTR 1 & 3B) - Nil Return,TAX-01514,GST,18,723.73,2073.0,10,Corporate Tax Consulting,998231,8905302618402
Premium Professional Tax (PT) Compliance - Annual Filing,TAX-01515,GST,18,879.03,2270.0,61,Payroll & Compliance Services,998223,8900506306636
Comprehensive Tax Audit (U/s 44AB) - Individual/HUF,TAX-01516,GST,18,5248.83,17482.0,21,Financial Auditing Services,998221,8906409891039
Comprehensive Stock & Inventory Audit - Single Location,TAX-01517,GST,18,5331.43,16587.0,91,Financial Auditing Services,998221,8900252094523
Express Corporate Income Tax Return (ITR-6) - Complex with Transfer Pricing,TAX-01518,GST,18,18701.83,61458.0,83,Corporate Tax Consulting,998231,8902600986027
Professional Tax (PT) Compliance - Annual Filing,TAX-01519,GST,18,746.66,2402.0,90,Payroll & Compliance Services,998223,8909205489445
Standard Virtual CFO Services - Part-time (20 hours),TAX-01520,GST,18,21970.29,64723.0,25,Accounting & Bookkeeping Services,998222,8908965583445
Comprehensive GST Annual Return (GSTR-9/9C) - Turnover < 2Cr,TAX-01521,GST,18,5440.54,16478.0,29,Corporate Tax Consulting,998231,8901797056603
Comprehensive GST Registration & Advisory - E-commerce/Multi-State,TAX-01522,GST,18,1631.0,4297.0,67,Corporate Tax Consulting,998231,8900472660235
Dedicated Tax Audit (U/s 44AB) - Company,TAX-01523,GST,18,4764.05,12204.0,35,Financial Auditing Services,998221,8900173167156
Managed Tax Audit (U/s 44AB) - Company,TAX-01524,GST,18,6363.35,16291.0,32,Financial Auditing Services,998221,8904413395479
Turnkey End-to-End Payroll Processing - Upto 150 Employees,TAX-01525,GST,18,7462.51,23118.0,56,Payroll & Compliance Services,998223,8903157905719
Turnkey Stock & Inventory Audit - Multi-Location,TAX-01526,GST,18,13556.16,46160.0,61,Financial Auditing Services,998221,8909365618335
Advance Tax Calculation & Advisory - One-Time Analysis,TAX-01527,GST,18,844.24,2271.0,80,Individual Tax Preparation,998232,8900570237718
PF & ESI Registration and Returns - Monthly Retainer,TAX-01528,GST,18,2238.84,5101.0,13,Payroll & Compliance Services,998223,8909567333297
Express Cloud Accounting Setup (Tally/Zoho) - Basic Setup,TAX-01529,GST,18,3587.61,9354.0,43,Accounting & Bookkeeping Services,998222,8900282532676
Comprehensive Business & Professional ITR-3 / ITR-4 - Regular Accounts,TAX-01530,GST,18,1358.33,4588.0,89,Individual Tax Preparation,998232,8902385202320
Premium Individual ITR-1 / ITR-2 Filing - Multiple Form 16 + Capital Gains,TAX-01531,GST,18,426.97,1249.0,39,Individual Tax Preparation,998232,8902844234719
Business & Professional ITR-3 / ITR-4 - Presumptive Taxation,TAX-01532,GST,18,1451.17,4687.0,20,Individual Tax Preparation,998232,8905452607569
Retainer Individual ITR-1 / ITR-2 Filing - Salaried Single Form 16,TAX-01533,GST,18,526.88,1152.0,10,Individual Tax Preparation,998232,8906433226227
Basic GST Annual Return (GSTR-9/9C) - Turnover > 5Cr,TAX-01534,GST,18,16004.56,33820.0,74,Corporate Tax Consulting,998231,8900664707038
Turnkey End-to-End Payroll Processing - Upto 20 Employees,TAX-01535,GST,18,4790.24,11988.0,50,Payroll & Compliance Services,998223,8902984241074
Advanced Internal Audit & Risk Assessment - Half-Yearly,TAX-01536,GST,18,10891.63,32370.0,65,Financial Auditing Services,998221,8907582676259
Premium Forensic Audit & Fraud Investigation - Basic Assessment,TAX-01537,GST,18,24761.1,58626.0,61,Financial Auditing Services,998221,8903856461497
Managed TDS & TCS Return Filing - Form 27Q,TAX-01538,GST,18,1698.87,3930.0,76,Payroll & Compliance Services,998223,8903997984914
Express Advance Tax Calculation & Advisory - Quarterly Retainer,TAX-01539,GST,18,702.05,2340.0,50,Individual Tax Preparation,998232,8900493266432
Turnkey Cloud Accounting Setup (Tally/Zoho) - Advanced Integration,TAX-01540,GST,18,4745.58,10209.0,80,Accounting & Bookkeeping Services,998222,8909811594853
Standard End-to-End Payroll Processing - Upto 20 Employees,TAX-01541,GST,18,3330.79,8912.0,99,Payroll & Compliance Services,998223,8902239847422
Retainer Professional Tax (PT) Compliance - Annual Filing,TAX-01542,GST,18,1369.07,2870.0,75,Payroll & Compliance Services,998223,8908822378870
Turnkey TDS & TCS Return Filing - Form 24Q,TAX-01543,GST,18,1441.42,3714.0,19,Payroll & Compliance Services,998223,8903495647998
Professional Tax (PT) Compliance - Registration,TAX-01544,GST,18,910.48,2406.0,66,Payroll & Compliance Services,998223,8909496383097
Standard Cloud Accounting Setup (Tally/Zoho) - Advanced Integration,TAX-01545,GST,18,3518.91,9904.0,83,Accounting & Bookkeeping Services,998222,8902616620165
Managed TDS & TCS Return Filing - Form 27Q,TAX-01546,GST,18,1532.08,3998.0,45,Payroll & Compliance Services,998223,8905786555751
Turnkey Bank Reconciliation Services - Annual Cleanup,TAX-01547,GST,18,2331.03,4686.0,59,Accounting & Bookkeeping Services,998222,8908758682405
Dedicated Forensic Audit & Fraud Investigation - Detailed Investigation,TAX-01548,GST,18,85905.1,185535.0,32,Financial Auditing Services,998221,8904441899740
Retainer Cloud Accounting Setup (Tally/Zoho) - Basic Setup,TAX-01549,GST,18,2578.51,7224.0,64,Accounting & Bookkeeping Services,998222,8900835701703
Express Monthly GST Return Filing (GSTR 1 & 3B) - Nil Return,TAX-01550,GST,18,501.63,1708.0,29,Corporate Tax Consulting,998231,8903860205089
Express Business & Professional ITR-3 / ITR-4 - Presumptive Taxation,TAX-01551,GST,18,2212.69,5348.0,18,Individual Tax Preparation,998232,8903490961979
Comprehensive ROC Annual Compliance Filing - Fast Track Strike Off,TAX-01552,GST,18,5846.02,14644.0,29,Corporate Tax Consulting,998231,8908413569480
Managed TDS & TCS Return Filing - Form 24Q,TAX-01553,GST,18,1008.86,3158.0,58,Payroll & Compliance Services,998223,8907480957394
Tax Audit (U/s 44AB) - Company,TAX-01554,GST,18,8564.92,17710.0,94,Financial Auditing Services,998221,8906029442031
Retainer PF & ESI Registration and Returns - Annual Package,TAX-01555,GST,18,1729.15,5641.0,12,Payroll & Compliance Services,998223,8907342031977
Managed Corporate Income Tax Return (ITR-6) - Complex with Transfer Pricing,TAX-01556,GST,18,24070.34,61330.0,24,Corporate Tax Consulting,998231,8904186482308
Business & Professional ITR-3 / ITR-4 - Regular Accounts,TAX-01557,GST,18,1838.4,4770.0,75,Individual Tax Preparation,998232,8904196233260
Comprehensive Professional Tax (PT) Compliance - Annual Filing,TAX-01558,GST,18,790.06,2574.0,47,Payroll & Compliance Services,998223,8908317306629
Standard Monthly Bookkeeping Retainer - SME Plan,TAX-01559,GST,18,3695.54,10327.0,21,Accounting & Bookkeeping Services,998222,8907882426559
Turnkey Professional Tax (PT) Compliance - Registration,TAX-01560,GST,18,1342.77,3160.0,68,Payroll & Compliance Services,998223,8902371798902
Cloud Accounting Setup (Tally/Zoho) - Advanced Integration,TAX-01561,GST,18,6985.88,14565.0,100,Accounting & Bookkeeping Services,998222,8906548708477
Standard NRI Tax Advisory & Filing - DTAA Benefit Filing,TAX-01562,GST,18,3339.14,8908.0,73,Individual Tax Preparation,998232,8905539818890
Retainer Monthly GST Return Filing (GSTR 1 & 3B) - Standard B2B/B2C,TAX-01563,GST,18,869.28,2499.0,51,Corporate Tax Consulting,998231,8907908945896
Basic Financial Statement Preparation (P&L/BS) - LLP,TAX-01564,GST,18,5588.27,15791.0,66,Accounting & Bookkeeping Services,998222,8906380207612
Virtual CFO Services - Dedicated (40 hours),TAX-01565,GST,18,42487.84,92274.0,90,Accounting & Bookkeeping Services,998222,8909051881298
Retainer Advance Tax Calculation & Advisory - Quarterly Retainer,TAX-01566,GST,18,734.36,2367.0,13,Individual Tax Preparation,998232,8907066901079
Comprehensive Cloud Accounting Setup (Tally/Zoho) - Advanced Integration,TAX-01567,GST,18,5928.34,13137.0,80,Accounting & Bookkeeping Services,998222,8909334864970
Turnkey Bank Reconciliation Services - Monthly,TAX-01568,GST,18,1942.86,5227.0,88,Accounting & Bookkeeping Services,998222,8906833557077
Monthly Bookkeeping Retainer - Startup Plan,TAX-01569,GST,18,4295.17,9995.0,51,Accounting & Bookkeeping Services,998222,8905505705218
Retainer ROC Annual Compliance Filing - AOC-4 & MGT-7,TAX-01570,GST,18,3477.3,11243.0,43,Corporate Tax Consulting,998231,8900458831141
Professional Tax (PT) Compliance - Registration,TAX-01571,GST,18,1462.66,3150.0,29,Payroll & Compliance Services,998223,8903503687156
Express Individual ITR-1 / ITR-2 Filing - Salaried Single Form 16,TAX-01572,GST,18,303.54,1007.0,67,Individual Tax Preparation,998232,8909780234456
Turnkey NRI Tax Advisory & Filing - DTAA Benefit Filing,TAX-01573,GST,18,3600.93,10305.0,47,Individual Tax Preparation,998232,8900366401632
Basic NRI Tax Advisory & Filing - DTAA Benefit Filing,TAX-01574,GST,18,3419.3,9434.0,36,Individual Tax Preparation,998232,8901597572927
Turnkey Monthly Bookkeeping Retainer - Enterprise Plan,TAX-01575,GST,18,8103.99,25617.0,36,Accounting & Bookkeeping Services,998222,8900291585423
Standard Cloud Accounting Setup (Tally/Zoho) - Advanced Integration,TAX-01576,GST,18,3397.82,11855.0,57,Accounting & Bookkeeping Services,998222,8901854839660
Advanced Monthly GST Return Filing (GSTR 1 & 3B) - Standard B2B/B2C,TAX-01577,GST,18,1098.53,3592.0,100,Corporate Tax Consulting,998231,8904621595841
Turnkey Corporate Income Tax Return (ITR-6) - Standard,TAX-01578,GST,18,10375.14,20796.0,11,Corporate Tax Consulting,998231,8902218169814
Advanced Internal Audit & Risk Assessment - Half-Yearly,TAX-01579,GST,18,17579.32,45353.0,17,Financial Auditing Services,998221,8909483774029
Advanced Virtual CFO Services - Dedicated (40 hours),TAX-01580,GST,18,34983.31,122280.0,35,Accounting & Bookkeeping Services,998222,8900265099621
Turnkey Business & Professional ITR-3 / ITR-4 - Regular Accounts,TAX-01581,GST,18,2113.82,4618.0,58,Individual Tax Preparation,998232,8906661025634
Comprehensive Monthly Bookkeeping Retainer - Startup Plan,TAX-01582,GST,18,2274.95,6935.0,38,Accounting & Bookkeeping Services,998222,8904998013768
Dedicated Financial Statement Preparation (P&L/BS) - Private Limited,TAX-01583,GST,18,8215.02,16629.0,70,Accounting & Bookkeeping Services,998222,8907915244614
Comprehensive End-to-End Payroll Processing - Upto 150 Employees,TAX-01584,GST,18,5150.23,16302.0,54,Payroll & Compliance Services,998223,8901746564260
Basic Stock & Inventory Audit - Multi-Location,TAX-01585,GST,18,17156.39,37613.0,37,Financial Auditing Services,998221,8901995695592
Managed Financial Statement Preparation (P&L/BS) - LLP,TAX-01586,GST,18,4461.34,14817.0,21,Accounting & Bookkeeping Services,998222,8904900385025
Basic End-to-End Payroll Processing - Upto 150 Employees,TAX-01587,GST,18,6898.24,21886.0,44,Payroll & Compliance Services,998223,8904486722883
Managed Individual ITR-1 / ITR-2 Filing - Multiple Form 16 + Capital Gains,TAX-01588,GST,18,514.11,1766.0,18,Individual Tax Preparation,998232,8904546157493
Standard Bank Reconciliation Services - Monthly,TAX-01589,GST,18,1466.35,4652.0,68,Accounting & Bookkeeping Services,998222,8908879531204
Advanced Stock & Inventory Audit - Multi-Location,TAX-01590,GST,18,12098.11,33189.0,65,Financial Auditing Services,998221,8906183085800
Basic Stock & Inventory Audit - Multi-Location,TAX-01591,GST,18,13140.51,30344.0,20,Financial Auditing Services,998221,8905114367862
Retainer Statutory Audit Services - Medium Enterprise,TAX-01592,GST,18,39062.85,104851.0,15,Financial Auditing Services,998221,8909685642570
Comprehensive ROC Annual Compliance Filing - AOC-4 & MGT-7,TAX-01593,GST,18,4572.29,14782.0,94,Corporate Tax Consulting,998231,8903315423060
Premium Internal Audit & Risk Assessment - Quarterly,TAX-01594,GST,18,12966.24,35700.0,52,Financial Auditing Services,998221,8905052241142
Managed Forensic Audit & Fraud Investigation - Detailed Investigation,TAX-01595,GST,18,66193.45,163667.0,42,Financial Auditing Services,998221,8905992016633
Comprehensive Business & Professional ITR-3 / ITR-4 - Presumptive Taxation,TAX-01596,GST,18,2283.59,5519.0,14,Individual Tax Preparation,998232,8905392220562
Express Statutory Audit Services - Corporate Entity,TAX-01597,GST,18,44983.6,147344.0,24,Financial Auditing Services,998221,8903484339133
Retainer Bank Reconciliation Services - Monthly,TAX-01598,GST,18,1430.06,4947.0,37,Accounting & Bookkeeping Services,998222,8902394564523
Advanced PF & ESI Registration and Returns - Annual Package,TAX-01599,GST,18,2908.96,7118.0,66,Payroll & Compliance Services,998223,8906024986634
Express Monthly Bookkeeping Retainer - Enterprise Plan,TAX-01600,GST,18,10757.08,25508.0,68,Accounting & Bookkeeping Services,998222,8907349852973
Dedicated Professional Tax (PT) Compliance - Registration,TAX-01601,GST,18,818.1,2860.0,61,Payroll & Compliance Services,998223,8905591476253
Turnkey Individual ITR-1 / ITR-2 Filing - Multiple Form 16 + Capital Gains,TAX-01602,GST,18,593.77,1425.0,57,Individual Tax Preparation,998232,8903369524746
Dedicated Corporate Income Tax Return (ITR-6) - Standard,TAX-01603,GST,18,7874.0,22605.0,98,Corporate Tax Consulting,998231,8906298532436
Advanced ROC Annual Compliance Filing - AOC-4 & MGT-7,TAX-01604,GST,18,3768.11,10220.0,30,Corporate Tax Consulting,998231,8907638354346
Basic NRI Tax Advisory & Filing - DTAA Benefit Filing,TAX-01605,GST,18,4450.27,9075.0,22,Individual Tax Preparation,998232,8906824979399
Standard Individual ITR-1 / ITR-2 Filing - Multiple Form 16 + Capital Gains,TAX-01606,GST,18,627.33,1466.0,74,Individual Tax Preparation,998232,8901168371030
Comprehensive Monthly GST Return Filing (GSTR 1 & 3B) - Standard B2B/B2C,TAX-01607,GST,18,1096.67,2969.0,31,Corporate Tax Consulting,998231,8900148967808
Advanced Financial Statement Preparation (P&L/BS) - LLP,TAX-01608,GST,18,7490.11,16304.0,25,Accounting & Bookkeeping Services,998222,8904639476254
Turnkey Virtual CFO Services - Part-time (20 hours),TAX-01609,GST,18,29970.88,73273.0,61,Accounting & Bookkeeping Services,998222,8903391729940
Advanced Financial Statement Preparation (P&L/BS) - LLP,TAX-01610,GST,18,5268.54,15792.0,95,Accounting & Bookkeeping Services,998222,8901266497196
GST Registration & Advisory - E-commerce/Multi-State,TAX-01611,GST,18,2396.96,5600.0,52,Corporate Tax Consulting,998231,8903910161259
Basic Statutory Audit Services - Medium Enterprise,TAX-01612,GST,18,56258.65,135480.0,84,Financial Auditing Services,998221,8900133344376
Advanced Monthly GST Return Filing (GSTR 1 & 3B) - High Volume,TAX-01613,GST,18,3720.38,8001.0,15,Corporate Tax Consulting,998231,8909841016793
Retainer Statutory Audit Services - Medium Enterprise,TAX-01614,GST,18,40641.6,105696.0,46,Financial Auditing Services,998221,8909910042028
Standard Advance Tax Calculation & Advisory - One-Time Analysis,TAX-01615,GST,18,711.54,2004.0,14,Individual Tax Preparation,998232,8901990342134
Retainer NRI Tax Advisory & Filing - DTAA Benefit Filing,TAX-01616,GST,18,3332.73,7445.0,17,Individual Tax Preparation,998232,8903531607917
Retainer Individual ITR-1 / ITR-2 Filing - Salaried Single Form 16,TAX-01617,GST,18,420.8,892.0,71,Individual Tax Preparation,998232,8901171321940
Bank Reconciliation Services - Annual Cleanup,TAX-01618,GST,18,2751.12,6169.0,76,Accounting & Bookkeeping Services,998222,8908141128745
Standard Financial Statement Preparation (P&L/BS) - LLP,TAX-01619,GST,18,6112.27,17795.0,65,Accounting & Bookkeeping Services,998222,8907857646391
Premium Virtual CFO Services - Part-time (20 hours),TAX-01620,GST,18,27478.96,75539.0,88,Accounting & Bookkeeping Services,998222,8901619423215
Basic End-to-End Payroll Processing - Upto 20 Employees,TAX-01621,GST,18,3360.4,8412.0,52,Payroll & Compliance Services,998223,8900696261684
Dedicated TDS & TCS Return Filing - Form 24Q,TAX-01622,GST,18,1041.23,3107.0,49,Payroll & Compliance Services,998223,8901025471798
Turnkey NRI Tax Advisory & Filing - DTAA Benefit Filing,TAX-01623,GST,18,3285.34,7962.0,82,Individual Tax Preparation,998232,8909300519567
Dedicated Professional Tax (PT) Compliance - Registration,TAX-01624,GST,18,890.36,2455.0,28,Payroll & Compliance Services,998223,8902717266256
Turnkey End-to-End Payroll Processing - Upto 50 Employees,TAX-01625,GST,18,4556.81,12370.0,94,Payroll & Compliance Services,998223,8900144130686
Retainer Bank Reconciliation Services - Monthly,TAX-01626,GST,18,1591.82,5113.0,10,Accounting & Bookkeeping Services,998222,8900668904172
Managed Business & Professional ITR-3 / ITR-4 - Presumptive Taxation,TAX-01627,GST,18,1973.99,4517.0,24,Individual Tax Preparation,998232,8901522328222
Premium Business & Professional ITR-3 / ITR-4 - Regular Accounts,TAX-01628,GST,18,1775.68,4806.0,29,Individual Tax Preparation,998232,8908359994004
Retainer Statutory Audit Services - Corporate Entity,TAX-01629,GST,18,40147.4,116749.0,24,Financial Auditing Services,998221,8903511350535
Monthly GST Return Filing (GSTR 1 & 3B) - Nil Return,TAX-01630,GST,18,873.06,1918.0,10,Corporate Tax Consulting,998231,8906415780978
Retainer Monthly Bookkeeping Retainer - Startup Plan,TAX-01631,GST,18,3067.07,6469.0,48,Accounting & Bookkeeping Services,998222,8901945341952
Advanced Individual ITR-1 / ITR-2 Filing - Multiple Form 16 + Capital Gains,TAX-01632,GST,18,593.5,1552.0,68,Individual Tax Preparation,998232,8904280218893
Dedicated Forensic Audit & Fraud Investigation - Basic Assessment,TAX-01633,GST,18,14943.2,50345.0,92,Financial Auditing Services,998221,8900378912139
Turnkey Corporate Income Tax Return (ITR-6) - Standard,TAX-01634,GST,18,13586.48,27453.0,52,Corporate Tax Consulting,998231,8908557599408
Turnkey PF & ESI Registration and Returns - Monthly Retainer,TAX-01635,GST,18,2498.4,6608.0,91,Payroll & Compliance Services,998223,8900452898606
Dedicated Statutory Audit Services - Medium Enterprise,TAX-01636,GST,18,53485.78,126274.0,67,Financial Auditing Services,998221,8904570165276
Internal Audit & Risk Assessment - Half-Yearly,TAX-01637,GST,18,17646.4,43203.0,80,Financial Auditing Services,998221,8900253084376
Advanced Business & Professional ITR-3 / ITR-4 - Regular Accounts,TAX-01638,GST,18,1563.72,4206.0,73,Individual Tax Preparation,998232,8902508423242
Premium Bank Reconciliation Services - Monthly,TAX-01639,GST,18,1747.12,4685.0,26,Accounting & Bookkeeping Services,998222,8904155369158
Advanced TDS & TCS Return Filing - Form 26Q,TAX-01640,GST,18,1487.43,4280.0,13,Payroll & Compliance Services,998223,8906279602425
Basic GST Registration & Advisory - Standard Business,TAX-01641,GST,18,1849.23,4099.0,53,Corporate Tax Consulting,998231,8909452315828
Advanced Monthly GST Return Filing (GSTR 1 & 3B) - Nil Return,TAX-01642,GST,18,449.69,1458.0,87,Corporate Tax Consulting,998231,8906629917217
Comprehensive PF & ESI Registration and Returns - Monthly Retainer,TAX-01643,GST,18,2290.05,4879.0,69,Payroll & Compliance Services,998223,8908215392669
Turnkey Financial Statement Preparation (P&L/BS) - Proprietorship,TAX-01644,GST,18,6239.43,13660.0,55,Accounting & Bookkeeping Services,998222,8900313928048
Comprehensive End-to-End Payroll Processing - Upto 20 Employees,TAX-01645,GST,18,3838.38,8225.0,84,Payroll & Compliance Services,998223,8900193335937
Express Advance Tax Calculation & Advisory - Quarterly Retainer,TAX-01646,GST,18,796.28,1662.0,12,Individual Tax Preparation,998232,8902956162256
Retainer Professional Tax (PT) Compliance - Registration,TAX-01647,GST,18,1155.74,2925.0,86,Payroll & Compliance Services,998223,8904079923045
Standard Cloud Accounting Setup (Tally/Zoho) - Basic Setup,TAX-01648,GST,18,3099.45,9225.0,69,Accounting & Bookkeeping Services,998222,8907814564743
Express GST Registration & Advisory - Standard Business,TAX-01649,GST,18,1360.27,4265.0,35,Corporate Tax Consulting,998231,8909117766650
PF & ESI Registration and Returns - Annual Package,TAX-01650,GST,18,2850.63,7489.0,26,Payroll & Compliance Services,998223,8900928157806
Comprehensive Stock & Inventory Audit - Single Location,TAX-01651,GST,18,8232.44,17320.0,24,Financial Auditing Services,998221,8906787067635
Basic Cloud Accounting Setup (Tally/Zoho) - Basic Setup,TAX-01652,GST,18,3763.52,8222.0,55,Accounting & Bookkeeping Services,998222,8909212684856
Standard Financial Statement Preparation (P&L/BS) - Proprietorship,TAX-01653,GST,18,6348.24,14146.0,49,Accounting & Bookkeeping Services,998222,8903000375398
Standard Business & Professional ITR-3 / ITR-4 - Presumptive Taxation,TAX-01654,GST,18,1701.63,4066.0,54,Individual Tax Preparation,998232,8909866932784
Forensic Audit & Fraud Investigation - Basic Assessment,TAX-01655,GST,18,20020.31,50326.0,19,Financial Auditing Services,998221,8905382011406
Turnkey PF & ESI Registration and Returns - Annual Package,TAX-01656,GST,18,2145.75,5679.0,38,Payroll & Compliance Services,998223,8905127245533
Dedicated Corporate Income Tax Return (ITR-6) - Complex with Transfer Pricing,TAX-01657,GST,18,30662.45,79074.0,70,Corporate Tax Consulting,998231,8906487849622
Dedicated TDS & TCS Return Filing - Form 27Q,TAX-01658,GST,18,2092.48,4253.0,62,Payroll & Compliance Services,998223,8902506929656
Comprehensive NRI Tax Advisory & Filing - Standard Consultation,TAX-01659,GST,18,4647.93,9674.0,63,Individual Tax Preparation,998232,8902767293509
Advanced ROC Annual Compliance Filing - AOC-4 & MGT-7,TAX-01660,GST,18,5702.73,13709.0,27,Corporate Tax Consulting,998231,8901291465022
Managed Bank Reconciliation Services - Annual Cleanup,TAX-01661,GST,18,1635.95,5375.0,99,Accounting & Bookkeeping Services,998222,8900457972518
Premium End-to-End Payroll Processing - Upto 50 Employees,TAX-01662,GST,18,3031.67,9018.0,77,Payroll & Compliance Services,998223,8902147823372
Dedicated Stock & Inventory Audit - Multi-Location,TAX-01663,GST,18,8851.9,29953.0,72,Financial Auditing Services,998221,8906706363286
Standard Monthly Bookkeeping Retainer - Startup Plan,TAX-01664,GST,18,3114.06,10354.0,29,Accounting & Bookkeeping Services,998222,8900084842648
Turnkey Cloud Accounting Setup (Tally/Zoho) - Basic Setup,TAX-01665,GST,18,2925.79,8817.0,58,Accounting & Bookkeeping Services,998222,8900828967136
Tax Audit (U/s 44AB) - Company,TAX-01666,GST,18,4116.96,13899.0,65,Financial Auditing Services,998221,8909208564901
Express Cloud Accounting Setup (Tally/Zoho) - Advanced Integration,TAX-01667,GST,18,3580.4,11818.0,82,Accounting & Bookkeeping Services,998222,8903500115461
Retainer Corporate Income Tax Return (ITR-6) - Standard,TAX-01668,GST,18,13320.68,30972.0,77,Corporate Tax Consulting,998231,8908904410404
Turnkey Monthly Bookkeeping Retainer - SME Plan,TAX-01669,GST,18,2873.21,7940.0,19,Accounting & Bookkeeping Services,998222,8903538148374
Retainer Corporate Income Tax Return (ITR-6) - Complex with Transfer Pricing,TAX-01670,GST,18,24992.07,51561.0,91,Corporate Tax Consulting,998231,8900168564717
Premium ROC Annual Compliance Filing - Fast Track Strike Off,TAX-01671,GST,18,2992.59,10147.0,14,Corporate Tax Consulting,998231,8902716988371
Dedicated GST Registration & Advisory - Standard Business,TAX-01672,GST,18,1842.57,4761.0,76,Corporate Tax Consulting,998231,8906119976759
Comprehensive Business & Professional ITR-3 / ITR-4 - Presumptive Taxation,TAX-01673,GST,18,1669.04,4531.0,15,Individual Tax Preparation,998232,8905058353458
Turnkey Stock & Inventory Audit - Multi-Location,TAX-01674,GST,18,11342.26,34689.0,79,Financial Auditing Services,998221,8905353399824
Financial Statement Preparation (P&L/BS) - Private Limited,TAX-01675,GST,18,4834.97,13065.0,99,Accounting & Bookkeeping Services,998222,8907580158466
Premium Advance Tax Calculation & Advisory - Quarterly Retainer,TAX-01676,GST,18,763.14,2415.0,10,Individual Tax Preparation,998232,8902853272766
Dedicated Business & Professional ITR-3 / ITR-4 - Regular Accounts,TAX-01677,GST,18,1469.61,3757.0,100,Individual Tax Preparation,998232,8900252854613
Basic Stock & Inventory Audit - Multi-Location,TAX-01678,GST,18,22741.95,45745.0,82,Financial Auditing Services,998221,8907207382777
Retainer GST Registration & Advisory - Standard Business,TAX-01679,GST,18,1717.93,4258.0,98,Corporate Tax Consulting,998231,8907863090071
Comprehensive Monthly Bookkeeping Retainer - Startup Plan,TAX-01680,GST,18,3831.7,9265.0,34,Accounting & Bookkeeping Services,998222,8904473057771
Advance Tax Calculation & Advisory - Quarterly Retainer,TAX-01681,GST,18,739.9,2180.0,23,Individual Tax Preparation,998232,8906596566764
Retainer Stock & Inventory Audit - Multi-Location,TAX-01682,GST,18,19276.17,44184.0,44,Financial Auditing Services,998221,8900095224265
Basic Financial Statement Preparation (P&L/BS) - LLP,TAX-01683,GST,18,8436.08,19179.0,21,Accounting & Bookkeeping Services,998222,8909143907054
Premium Monthly GST Return Filing (GSTR 1 & 3B) - Standard B2B/B2C,TAX-01684,GST,18,1416.15,3543.0,91,Corporate Tax Consulting,998231,8909115010162
Retainer GST Registration & Advisory - Standard Business,TAX-01685,GST,18,1412.0,3674.0,81,Corporate Tax Consulting,998231,8909347597833
Retainer TDS & TCS Return Filing - Form 27Q,TAX-01686,GST,18,1595.83,4049.0,21,Payroll & Compliance Services,998223,8909214967914
Retainer Monthly GST Return Filing (GSTR 1 & 3B) - High Volume,TAX-01687,GST,18,2721.84,9465.0,59,Corporate Tax Consulting,998231,8904320317266
Advanced PF & ESI Registration and Returns - Monthly Retainer,TAX-01688,GST,18,2391.97,5979.0,85,Payroll & Compliance Services,998223,8902724000208
Advanced GST Registration & Advisory - Standard Business,TAX-01689,GST,18,1987.93,5100.0,12,Corporate Tax Consulting,998231,8905190854327
Premium Forensic Audit & Fraud Investigation - Basic Assessment,TAX-01690,GST,18,19545.61,59499.0,35,Financial Auditing Services,998221,8903563693010
Premium Statutory Audit Services - Corporate Entity,TAX-01691,GST,18,45940.19,132895.0,40,Financial Auditing Services,998221,8901878104802
Advanced Business & Professional ITR-3 / ITR-4 - Regular Accounts,TAX-01692,GST,18,1330.07,3745.0,86,Individual Tax Preparation,998232,8902909304376
Turnkey GST Registration & Advisory - Standard Business,TAX-01693,GST,18,1601.75,4486.0,92,Corporate Tax Consulting,998231,8900812268159
Managed Professional Tax (PT) Compliance - Annual Filing,TAX-01694,GST,18,924.81,3059.0,38,Payroll & Compliance Services,998223,8901105833096
Managed Monthly GST Return Filing (GSTR 1 & 3B) - High Volume,TAX-01695,GST,18,3416.38,8320.0,27,Corporate Tax Consulting,998231,8901891426937
Standard Corporate Income Tax Return (ITR-6) - Standard,TAX-01696,GST,18,9187.05,25069.0,71,Corporate Tax Consulting,998231,8901877628836
Retainer Financial Statement Preparation (P&L/BS) - LLP,TAX-01697,GST,18,6264.68,18795.0,13,Accounting & Bookkeeping Services,998222,8901627629226
Retainer GST Annual Return (GSTR-9/9C) - Turnover > 5Cr,TAX-01698,GST,18,16440.39,45578.0,82,Corporate Tax Consulting,998231,8903761652289
Advanced Individual ITR-1 / ITR-2 Filing - Multiple Form 16 + Capital Gains,TAX-01699,GST,18,692.41,1636.0,50,Individual Tax Preparation,998232,8909812559777
Express Financial Statement Preparation (P&L/BS) - Private Limited,TAX-01700,GST,18,7108.19,18270.0,13,Accounting & Bookkeeping Services,998222,8908385805014
Turnkey Forensic Audit & Fraud Investigation - Basic Assessment,TAX-01701,GST,18,16381.14,46312.0,34,Financial Auditing Services,998221,8909129565188
Advanced GST Registration & Advisory - Standard Business,TAX-01702,GST,18,2322.9,4783.0,93,Corporate Tax Consulting,998231,8905009244928
Dedicated ROC Annual Compliance Filing - Fast Track Strike Off,TAX-01703,GST,18,3851.66,13437.0,90,Corporate Tax Consulting,998231,8903029301125
Retainer Statutory Audit Services - Corporate Entity,TAX-01704,GST,18,42358.52,124464.0,73,Financial Auditing Services,998221,8904290695222
Express Cloud Accounting Setup (Tally/Zoho) - Advanced Integration,TAX-01705,GST,18,4987.15,10865.0,81,Accounting & Bookkeeping Services,998222,8900620073024
Turnkey Financial Statement Preparation (P&L/BS) - LLP,TAX-01706,GST,18,4272.39,13042.0,83,Accounting & Bookkeeping Services,998222,8907537405714
Turnkey Professional Tax (PT) Compliance - Annual Filing,TAX-01707,GST,18,846.99,2848.0,42,Payroll & Compliance Services,998223,8900687354453
Standard TDS & TCS Return Filing - Form 27Q,TAX-01708,GST,18,1103.26,3291.0,80,Payroll & Compliance Services,998223,8908658348348
Bank Reconciliation Services - Annual Cleanup,TAX-01709,GST,18,1676.36,4400.0,73,Accounting & Bookkeeping Services,998222,8903664853207
Premium Corporate Income Tax Return (ITR-6) - Complex with Transfer Pricing,TAX-01710,GST,18,23536.25,78885.0,47,Corporate Tax Consulting,998231,8903269834436
Dedicated NRI Tax Advisory & Filing - Standard Consultation,TAX-01711,GST,18,2104.61,6495.0,49,Individual Tax Preparation,998232,8905050928467
Managed Monthly Bookkeeping Retainer - Startup Plan,TAX-01712,GST,18,3182.89,7188.0,87,Accounting & Bookkeeping Services,998222,8903907737295
TDS & TCS Return Filing - Form 27Q,TAX-01713,GST,18,2240.46,4497.0,81,Payroll & Compliance Services,998223,8900162585150
Dedicated Monthly Bookkeeping Retainer - SME Plan,TAX-01714,GST,18,2850.95,6493.0,81,Accounting & Bookkeeping Services,998222,8901435312794
Express Cloud Accounting Setup (Tally/Zoho) - Advanced Integration,TAX-01715,GST,18,4701.29,14751.0,34,Accounting & Bookkeeping Services,998222,8901112359042
Managed Corporate Income Tax Return (ITR-6) - Standard,TAX-01716,GST,18,13588.6,30214.0,65,Corporate Tax Consulting,998231,8906251085738
Dedicated Virtual CFO Services - Dedicated (40 hours),TAX-01717,GST,18,29779.36,102198.0,43,Accounting & Bookkeeping Services,998222,8906091935117
Dedicated TDS & TCS Return Filing - Form 26Q,TAX-01718,GST,18,1769.62,4123.0,68,Payroll & Compliance Services,998223,8900627281673
Turnkey Financial Statement Preparation (P&L/BS) - Private Limited,TAX-01719,GST,18,3894.45,12716.0,21,Accounting & Bookkeeping Services,998222,8905756264126
Retainer Stock & Inventory Audit - Multi-Location,TAX-01720,GST,18,8931.27,30934.0,93,Financial Auditing Services,998221,8907620990693
Basic Stock & Inventory Audit - Multi-Location,TAX-01721,GST,18,8928.93,29163.0,89,Financial Auditing Services,998221,8909516704505
Business & Professional ITR-3 / ITR-4 - Presumptive Taxation,TAX-01722,GST,18,1972.48,5184.0,39,Individual Tax Preparation,998232,8901234388804
NRI Tax Advisory & Filing - Standard Consultation,TAX-01723,GST,18,3395.74,7567.0,28,Individual Tax Preparation,998232,8905936450282
Advanced Monthly Bookkeeping Retainer - Startup Plan,TAX-01724,GST,18,2725.43,6930.0,57,Accounting & Bookkeeping Services,998222,8907672991154
Individual ITR-1 / ITR-2 Filing - Multiple Form 16 + Capital Gains,TAX-01725,GST,18,417.0,1394.0,76,Individual Tax Preparation,998232,8903436953102
Standard Advance Tax Calculation & Advisory - One-Time Analysis,TAX-01726,GST,18,1054.24,2278.0,12,Individual Tax Preparation,998232,8906291792651
Retainer Monthly GST Return Filing (GSTR 1 & 3B) - Nil Return,TAX-01727,GST,18,583.1,1540.0,97,Corporate Tax Consulting,998231,8909108739221
Express Business & Professional ITR-3 / ITR-4 - Regular Accounts,TAX-01728,GST,18,1768.72,5625.0,66,Individual Tax Preparation,998232,8903767105298
Managed GST Annual Return (GSTR-9/9C) - Turnover < 2Cr,TAX-01729,GST,18,6678.61,16826.0,86,Corporate Tax Consulting,998231,8909153044500
Monthly Bookkeeping Retainer - Startup Plan,TAX-01730,GST,18,2463.58,7909.0,41,Accounting & Bookkeeping Services,998222,8908789034502
Managed NRI Tax Advisory & Filing - DTAA Benefit Filing,TAX-01731,GST,18,4560.94,9445.0,93,Individual Tax Preparation,998232,8900409346754
Basic Stock & Inventory Audit - Single Location,TAX-01732,GST,18,8493.34,23888.0,22,Financial Auditing Services,998221,8900138272105
Advanced Internal Audit & Risk Assessment - Quarterly,TAX-01733,GST,18,18367.84,39506.0,49,Financial Auditing Services,998221,8902201388253
Basic Monthly Bookkeeping Retainer - Enterprise Plan,TAX-01734,GST,18,10803.25,22851.0,96,Accounting & Bookkeeping Services,998222,8906816360389
Turnkey Forensic Audit & Fraud Investigation - Basic Assessment,TAX-01735,GST,18,19566.58,52806.0,75,Financial Auditing Services,998221,8909476720005
Standard Monthly Bookkeeping Retainer - SME Plan,TAX-01736,GST,18,2760.17,9522.0,11,Accounting & Bookkeeping Services,998222,8907163485089
Basic End-to-End Payroll Processing - Upto 20 Employees,TAX-01737,GST,18,3684.81,10294.0,20,Payroll & Compliance Services,998223,8901919445456
Express Advance Tax Calculation & Advisory - Quarterly Retainer,TAX-01738,GST,18,795.57,1995.0,24,Individual Tax Preparation,998232,8909276713771
Turnkey Advance Tax Calculation & Advisory - Quarterly Retainer,TAX-01739,GST,18,727.22,1841.0,23,Individual Tax Preparation,998232,8902667830557
Basic Financial Statement Preparation (P&L/BS) - Proprietorship,TAX-01740,GST,18,4906.49,16084.0,71,Accounting & Bookkeeping Services,998222,8904022346144
Managed GST Annual Return (GSTR-9/9C) - Turnover < 2Cr,TAX-01741,GST,18,4911.23,15182.0,10,Corporate Tax Consulting,998231,8904117614215
Standard Bank Reconciliation Services - Monthly,TAX-01742,GST,18,1578.53,5502.0,63,Accounting & Bookkeeping Services,998222,8903647046568
Premium Advance Tax Calculation & Advisory - One-Time Analysis,TAX-01743,GST,18,642.42,1816.0,39,Individual Tax Preparation,998232,8900048379363
Comprehensive Tax Audit (U/s 44AB) - Company,TAX-01744,GST,18,7937.49,17601.0,100,Financial Auditing Services,998221,8909127065934
Premium Statutory Audit Services - Medium Enterprise,TAX-01745,GST,18,36291.15,123570.0,28,Financial Auditing Services,998221,8909118722824
Premium GST Registration & Advisory - Standard Business,TAX-01746,GST,18,1748.71,3797.0,99,Corporate Tax Consulting,998231,8909607578984
Express Advance Tax Calculation & Advisory - One-Time Analysis,TAX-01747,GST,18,753.98,2214.0,17,Individual Tax Preparation,998232,8905221711486
Retainer Professional Tax (PT) Compliance - Annual Filing,TAX-01748,GST,18,1032.75,2922.0,78,Payroll & Compliance Services,998223,8901061735631
Comprehensive Monthly GST Return Filing (GSTR 1 & 3B) - Nil Return,TAX-01749,GST,18,569.48,1977.0,56,Corporate Tax Consulting,998231,8905726169496
Retainer Financial Statement Preparation (P&L/BS) - LLP,TAX-01750,GST,18,4380.73,12533.0,37,Accounting & Bookkeeping Services,998222,8908999068201
Standard Monthly Bookkeeping Retainer - SME Plan,TAX-01751,GST,18,2956.99,8104.0,34,Accounting & Bookkeeping Services,998222,8902163361317
Express NRI Tax Advisory & Filing - DTAA Benefit Filing,TAX-01752,GST,18,2001.02,6547.0,49,Individual Tax Preparation,998232,8909037295458
Turnkey PF & ESI Registration and Returns - Annual Package,TAX-01753,GST,18,2325.03,7511.0,40,Payroll & Compliance Services,998223,8909981274392
Standard Bank Reconciliation Services - Annual Cleanup,TAX-01754,GST,18,2115.43,5095.0,86,Accounting & Bookkeeping Services,998222,8902581476212
Standard Financial Statement Preparation (P&L/BS) - Proprietorship,TAX-01755,GST,18,6642.37,17222.0,83,Accounting & Bookkeeping Services,998222,8909454138453
Basic Tax Audit (U/s 44AB) - Partnership Firm,TAX-01756,GST,18,6134.97,17820.0,11,Financial Auditing Services,998221,8907968590964
Professional Tax (PT) Compliance - Registration,TAX-01757,GST,18,758.55,2347.0,81,Payroll & Compliance Services,998223,8909921773516
Standard ROC Annual Compliance Filing - AOC-4 & MGT-7,TAX-01758,GST,18,6396.73,14864.0,89,Corporate Tax Consulting,998231,8907367072173
Comprehensive End-to-End Payroll Processing - Upto 150 Employees,TAX-01759,GST,18,5763.72,17151.0,92,Payroll & Compliance Services,998223,8902419830632
Advanced Financial Statement Preparation (P&L/BS) - Private Limited,TAX-01760,GST,18,8762.77,18763.0,79,Accounting & Bookkeeping Services,998222,8901444248420
Dedicated Bank Reconciliation Services - Monthly,TAX-01761,GST,18,1384.86,4018.0,66,Accounting & Bookkeeping Services,998222,8906511861564
Standard Stock & Inventory Audit - Multi-Location,TAX-01762,GST,18,13595.77,34361.0,89,Financial Auditing Services,998221,8908913705424
End-to-End Payroll Processing - Upto 150 Employees,TAX-01763,GST,18,7243.23,20012.0,32,Payroll & Compliance Services,998223,8906110356594
Premium Virtual CFO Services - Part-time (20 hours),TAX-01764,GST,18,29634.14,67025.0,71,Accounting & Bookkeeping Services,998222,8906669692295
Standard Cloud Accounting Setup (Tally/Zoho) - Advanced Integration,TAX-01765,GST,18,6082.37,13012.0,18,Accounting & Bookkeeping Services,998222,8908390934242
Turnkey End-to-End Payroll Processing - Upto 50 Employees,TAX-01766,GST,18,4105.71,11367.0,34,Payroll & Compliance Services,998223,8904633488933
Dedicated PF & ESI Registration and Returns - Annual Package,TAX-01767,GST,18,1486.79,5108.0,77,Payroll & Compliance Services,998223,8906694086542
Turnkey PF & ESI Registration and Returns - Monthly Retainer,TAX-01768,GST,18,2233.2,7631.0,80,Payroll & Compliance Services,998223,8905507435095
Express Virtual CFO Services - Dedicated (40 hours),TAX-01769,GST,18,29062.56,101087.0,71,Accounting & Bookkeeping Services,998222,8900396964535
Turnkey Individual ITR-1 / ITR-2 Filing - Multiple Form 16 + Capital Gains,TAX-01770,GST,18,605.55,1446.0,25,Individual Tax Preparation,998232,8908830099542
Advanced Advance Tax Calculation & Advisory - Quarterly Retainer,TAX-01771,GST,18,831.68,2586.0,88,Individual Tax Preparation,998232,8906686679899
Turnkey Professional Tax (PT) Compliance - Registration,TAX-01772,GST,18,1070.59,2876.0,92,Payroll & Compliance Services,998223,8900690149711
Advanced Internal Audit & Risk Assessment - Annual,TAX-01773,GST,18,13985.14,47922.0,67,Financial Auditing Services,998221,8901567566505
Premium Stock & Inventory Audit - Multi-Location,TAX-01774,GST,18,15971.81,41152.0,94,Financial Auditing Services,998221,8904492343596
Advanced NRI Tax Advisory & Filing - Standard Consultation,TAX-01775,GST,18,2288.05,7697.0,92,Individual Tax Preparation,998232,8905669375402
Standard PF & ESI Registration and Returns - Annual Package,TAX-01776,GST,18,2034.69,6215.0,85,Payroll & Compliance Services,998223,8902571402503
Turnkey NRI Tax Advisory & Filing - DTAA Benefit Filing,TAX-01777,GST,18,2992.96,9378.0,48,Individual Tax Preparation,998232,8908163849368
Dedicated Forensic Audit & Fraud Investigation - Basic Assessment,TAX-01778,GST,18,21745.94,50692.0,20,Financial Auditing Services,998221,8900127896951
Advanced Business & Professional ITR-3 / ITR-4 - Presumptive Taxation,TAX-01779,GST,18,1831.2,5046.0,57,Individual Tax Preparation,998232,8902775867036
Premium Professional Tax (PT) Compliance - Registration,TAX-01780,GST,18,1019.53,3182.0,37,Payroll & Compliance Services,998223,8904443946896
Retainer Cloud Accounting Setup (Tally/Zoho) - Basic Setup,TAX-01781,GST,18,1747.42,6019.0,35,Accounting & Bookkeeping Services,998222,8903576170731
Dedicated Corporate Income Tax Return (ITR-6) - Complex with Transfer Pricing,TAX-01782,GST,18,19345.71,64406.0,32,Corporate Tax Consulting,998231,8906263678508
Advanced Advance Tax Calculation & Advisory - One-Time Analysis,TAX-01783,GST,18,691.16,2384.0,57,Individual Tax Preparation,998232,8909443485295
Managed Financial Statement Preparation (P&L/BS) - LLP,TAX-01784,GST,18,5397.21,17904.0,13,Accounting & Bookkeeping Services,998222,8903767687404
Turnkey Monthly Bookkeeping Retainer - SME Plan,TAX-01785,GST,18,3899.05,8269.0,86,Accounting & Bookkeeping Services,998222,8907534115733
Premium Stock & Inventory Audit - Single Location,TAX-01786,GST,18,10838.42,22433.0,45,Financial Auditing Services,998221,8900656582344
PF & ESI Registration and Returns - Annual Package,TAX-01787,GST,18,2657.58,6772.0,53,Payroll & Compliance Services,998223,8902326600047
Standard Stock & Inventory Audit - Single Location,TAX-01788,GST,18,7008.91,16599.0,49,Financial Auditing Services,998221,8909561199899
Standard Corporate Income Tax Return (ITR-6) - Standard,TAX-01789,GST,18,8876.52,26845.0,50,Corporate Tax Consulting,998231,8908374661447
Retainer GST Annual Return (GSTR-9/9C) - Turnover < 2Cr,TAX-01790,GST,18,5660.08,16821.0,75,Corporate Tax Consulting,998231,8907047966682
Comprehensive Individual ITR-1 / ITR-2 Filing - Multiple Form 16 + Capital Gains,TAX-01791,GST,18,587.36,1477.0,86,Individual Tax Preparation,998232,8909508914233
Comprehensive Internal Audit & Risk Assessment - Annual,TAX-01792,GST,18,12469.66,41928.0,12,Financial Auditing Services,998221,8905473986221
Standard End-to-End Payroll Processing - Upto 50 Employees,TAX-01793,GST,18,4258.66,9081.0,59,Payroll & Compliance Services,998223,8906047473389
Retainer Tax Audit (U/s 44AB) - Partnership Firm,TAX-01794,GST,18,6082.22,14547.0,48,Financial Auditing Services,998221,8904203594410
Cloud Accounting Setup (Tally/Zoho) - Advanced Integration,TAX-01795,GST,18,4319.36,10954.0,20,Accounting & Bookkeeping Services,998222,8908664774131
Retainer Bank Reconciliation Services - Monthly,TAX-01796,GST,18,2824.65,5686.0,55,Accounting & Bookkeeping Services,998222,8908534658153
Standard NRI Tax Advisory & Filing - Standard Consultation,TAX-01797,GST,18,2877.93,8356.0,53,Individual Tax Preparation,998232,8909909841286
Standard TDS & TCS Return Filing - Form 27Q,TAX-01798,GST,18,1373.85,3459.0,89,Payroll & Compliance Services,998223,8902383193489
Premium Stock & Inventory Audit - Single Location,TAX-01799,GST,18,7535.51,25928.0,18,Financial Auditing Services,998221,8904634292421
Basic NRI Tax Advisory & Filing - DTAA Benefit Filing,TAX-01800,GST,18,3153.05,10312.0,85,Individual Tax Preparation,998232,8901218527341
Turnkey Tax Audit (U/s 44AB) - Company,TAX-01801,GST,18,5332.77,12661.0,52,Financial Auditing Services,998221,8905530153030
Managed TDS & TCS Return Filing - Form 24Q,TAX-01802,GST,18,1675.48,3572.0,22,Payroll & Compliance Services,998223,8900965984557
Advanced GST Annual Return (GSTR-9/9C) - Turnover < 2Cr,TAX-01803,GST,18,4337.56,14442.0,25,Corporate Tax Consulting,998231,8908299126994
Turnkey PF & ESI Registration and Returns - Monthly Retainer,TAX-01804,GST,18,2694.24,5720.0,89,Payroll & Compliance Services,998223,8901061669100
Business & Professional ITR-3 / ITR-4 - Presumptive Taxation,TAX-01805,GST,18,1300.9,4163.0,25,Individual Tax Preparation,998232,8906826822175
Turnkey Monthly GST Return Filing (GSTR 1 & 3B) - High Volume,TAX-01806,GST,18,3201.86,9134.0,58,Corporate Tax Consulting,998231,8902083479100
PF & ESI Registration and Returns - Monthly Retainer,TAX-01807,GST,18,2440.32,7199.0,91,Payroll & Compliance Services,998223,8905722870322
Statutory Audit Services - Corporate Entity,TAX-01808,GST,18,39461.09,128956.0,81,Financial Auditing Services,998221,8905972438712
Advanced NRI Tax Advisory & Filing - Standard Consultation,TAX-01809,GST,18,2309.15,7739.0,15,Individual Tax Preparation,998232,8905802860604
Comprehensive Individual ITR-1 / ITR-2 Filing - Salaried Single Form 16,TAX-01810,GST,18,318.9,838.0,55,Individual Tax Preparation,998232,8904747695090
Retainer End-to-End Payroll Processing - Upto 150 Employees,TAX-01811,GST,18,8046.9,23148.0,52,Payroll & Compliance Services,998223,8906643016556
Retainer Cloud Accounting Setup (Tally/Zoho) - Advanced Integration,TAX-01812,GST,18,4574.65,12652.0,58,Accounting & Bookkeeping Services,998222,8905699313606
Standard Cloud Accounting Setup (Tally/Zoho) - Basic Setup,TAX-01813,GST,18,2917.12,9332.0,34,Accounting & Bookkeeping Services,998222,8908604794719
Retainer Individual ITR-1 / ITR-2 Filing - Salaried Single Form 16,TAX-01814,GST,18,291.91,728.0,42,Individual Tax Preparation,998232,8908953829441
Managed Individual ITR-1 / ITR-2 Filing - Multiple Form 16 + Capital Gains,TAX-01815,GST,18,583.54,1807.0,56,Individual Tax Preparation,998232,8903472839516
Premium Monthly GST Return Filing (GSTR 1 & 3B) - High Volume,TAX-01816,GST,18,3634.26,9075.0,38,Corporate Tax Consulting,998231,8902670848868
Corporate Income Tax Return (ITR-6) - Complex with Transfer Pricing,TAX-01817,GST,18,16384.23,54664.0,57,Corporate Tax Consulting,998231,8908228280183
Basic Cloud Accounting Setup (Tally/Zoho) - Advanced Integration,TAX-01818,GST,18,2942.57,9850.0,75,Accounting & Bookkeeping Services,998222,8905684676780
Dedicated Advance Tax Calculation & Advisory - One-Time Analysis,TAX-01819,GST,18,1031.69,2402.0,44,Individual Tax Preparation,998232,8904959752135
Dedicated Monthly Bookkeeping Retainer - SME Plan,TAX-01820,GST,18,3301.58,9989.0,100,Accounting & Bookkeeping Services,998222,8905928974874
Statutory Audit Services - Corporate Entity,TAX-01821,GST,18,42366.51,118196.0,97,Financial Auditing Services,998221,8902675119976
Advanced TDS & TCS Return Filing - Form 24Q,TAX-01822,GST,18,1528.78,3873.0,50,Payroll & Compliance Services,998223,8901564196789
Premium Monthly GST Return Filing (GSTR 1 & 3B) - High Volume,TAX-01823,GST,18,4543.24,9426.0,36,Corporate Tax Consulting,998231,8905820163015
Comprehensive Advance Tax Calculation & Advisory - Quarterly Retainer,TAX-01824,GST,18,1137.64,2522.0,77,Individual Tax Preparation,998232,8904834927668
Turnkey Stock & Inventory Audit - Multi-Location,TAX-01825,GST,18,19570.18,40588.0,20,Financial Auditing Services,998221,8908040334801
Basic PF & ESI Registration and Returns - Annual Package,TAX-01826,GST,18,1783.42,5924.0,61,Payroll & Compliance Services,998223,8906715544605
Turnkey Virtual CFO Services - Part-time (20 hours),TAX-01827,GST,18,14757.2,49227.0,72,Accounting & Bookkeeping Services,998222,8904627205364
Express Individual ITR-1 / ITR-2 Filing - Salaried Single Form 16,TAX-01828,GST,18,336.28,1031.0,54,Individual Tax Preparation,998232,8906728502155
Premium Virtual CFO Services - Part-time (20 hours),TAX-01829,GST,18,25441.04,68207.0,50,Accounting & Bookkeeping Services,998222,8908212626439
Professional Tax (PT) Compliance - Annual Filing,TAX-01830,GST,18,1085.14,2640.0,60,Payroll & Compliance Services,998223,8900789075199
Managed Stock & Inventory Audit - Single Location,TAX-01831,GST,18,8152.26,20833.0,29,Financial Auditing Services,998221,8909441492531
Retainer Corporate Income Tax Return (ITR-6) - Standard,TAX-01832,GST,18,9392.56,29492.0,76,Corporate Tax Consulting,998231,8905974776565
Premium Individual ITR-1 / ITR-2 Filing - Multiple Form 16 + Capital Gains,TAX-01833,GST,18,599.31,1471.0,88,Individual Tax Preparation,998232,8904343687715
Comprehensive ROC Annual Compliance Filing - AOC-4 & MGT-7,TAX-01834,GST,18,4300.63,13956.0,44,Corporate Tax Consulting,998231,8909076341535
Standard Advance Tax Calculation & Advisory - One-Time Analysis,TAX-01835,GST,18,865.83,2594.0,24,Individual Tax Preparation,998232,8901547734943
Retainer Tax Audit (U/s 44AB) - Company,TAX-01836,GST,18,6916.81,15628.0,56,Financial Auditing Services,998221,8907856413547
Retainer End-to-End Payroll Processing - Upto 50 Employees,TAX-01837,GST,18,3243.8,9644.0,69,Payroll & Compliance Services,998223,8903952328555
Managed Individual ITR-1 / ITR-2 Filing - Multiple Form 16 + Capital Gains,TAX-01838,GST,18,717.75,1760.0,72,Individual Tax Preparation,998232,8905816602841
Basic Financial Statement Preparation (P&L/BS) - Proprietorship,TAX-01839,GST,18,4381.63,13601.0,91,Accounting & Bookkeeping Services,998222,8904704071469
Managed GST Registration & Advisory - E-commerce/Multi-State,TAX-01840,GST,18,1867.79,5106.0,98,Corporate Tax Consulting,998231,8903418559508
Dedicated Financial Statement Preparation (P&L/BS) - Private Limited,TAX-01841,GST,18,6665.3,17354.0,25,Accounting & Bookkeeping Services,998222,8907039610175
Standard Individual ITR-1 / ITR-2 Filing - Salaried Single Form 16,TAX-01842,GST,18,446.69,917.0,59,Individual Tax Preparation,998232,8907949078692
NRI Tax Advisory & Filing - DTAA Benefit Filing,TAX-01843,GST,18,2023.66,6791.0,29,Individual Tax Preparation,998232,8901593896763
Managed PF & ESI Registration and Returns - Annual Package,TAX-01844,GST,18,3056.4,7800.0,96,Payroll & Compliance Services,998223,8905896070722
Standard Business & Professional ITR-3 / ITR-4 - Regular Accounts,TAX-01845,GST,18,2462.35,5776.0,54,Individual Tax Preparation,998232,8901390143097
PF & ESI Registration and Returns - Annual Package,TAX-01846,GST,18,1960.82,5729.0,65,Payroll & Compliance Services,998223,8906357967148
Internal Audit & Risk Assessment - Annual,TAX-01847,GST,18,15510.34,32220.0,68,Financial Auditing Services,998221,8903565826082
Basic PF & ESI Registration and Returns - Annual Package,TAX-01848,GST,18,2767.97,7491.0,85,Payroll & Compliance Services,998223,8904128866911
Comprehensive Cloud Accounting Setup (Tally/Zoho) - Basic Setup,TAX-01849,GST,18,2051.75,6032.0,31,Accounting & Bookkeeping Services,998222,8905261197892
Dedicated TDS & TCS Return Filing - Form 26Q,TAX-01850,GST,18,1498.23,3590.0,90,Payroll & Compliance Services,998223,8904653255441
Retainer Stock & Inventory Audit - Single Location,TAX-01851,GST,18,7200.08,22657.0,99,Financial Auditing Services,998221,8905136738052
Internal Audit & Risk Assessment - Annual,TAX-01852,GST,18,20865.41,44869.0,85,Financial Auditing Services,998221,8903768418471
Comprehensive Professional Tax (PT) Compliance - Registration,TAX-01853,GST,18,963.66,2035.0,94,Payroll & Compliance Services,998223,8908333540112
Basic Monthly GST Return Filing (GSTR 1 & 3B) - High Volume,TAX-01854,GST,18,4669.02,9418.0,10,Corporate Tax Consulting,998231,8908764770906
Retainer GST Annual Return (GSTR-9/9C) - Turnover < 2Cr,TAX-01855,GST,18,5107.97,13779.0,28,Corporate Tax Consulting,998231,8909507671621
Advanced Monthly GST Return Filing (GSTR 1 & 3B) - Nil Return,TAX-01856,GST,18,590.82,1931.0,60,Corporate Tax Consulting,998231,8908041869303
Financial Statement Preparation (P&L/BS) - Private Limited,TAX-01857,GST,18,5561.13,14464.0,88,Accounting & Bookkeeping Services,998222,8906741991605
Turnkey Virtual CFO Services - Part-time (20 hours),TAX-01858,GST,18,30118.4,71539.0,82,Accounting & Bookkeeping Services,998222,8900970342519
Retainer GST Registration & Advisory - Standard Business,TAX-01859,GST,18,1139.89,3756.0,81,Corporate Tax Consulting,998231,8909136829670
Standard Corporate Income Tax Return (ITR-6) - Standard,TAX-01860,GST,18,9460.57,32009.0,18,Corporate Tax Consulting,998231,8909362526022
Retainer Forensic Audit & Fraud Investigation - Basic Assessment,TAX-01861,GST,18,20642.18,55388.0,45,Financial Auditing Services,998221,8908029335838
Premium PF & ESI Registration and Returns - Monthly Retainer,TAX-01862,GST,18,2254.06,6025.0,51,Payroll & Compliance Services,998223,8901745469351
Standard Internal Audit & Risk Assessment - Annual,TAX-01863,GST,18,11331.38,38085.0,21,Financial Auditing Services,998221,8902833195589
Basic ROC Annual Compliance Filing - AOC-4 & MGT-7,TAX-01864,GST,18,3707.67,11633.0,87,Corporate Tax Consulting,998231,8907177170305
Premium ROC Annual Compliance Filing - Fast Track Strike Off,TAX-01865,GST,18,6093.2,14960.0,26,Corporate Tax Consulting,998231,8904605164838
Basic NRI Tax Advisory & Filing - Standard Consultation,TAX-01866,GST,18,2886.97,8193.0,24,Individual Tax Preparation,998232,8908767760064
Bank Reconciliation Services - Annual Cleanup,TAX-01867,GST,18,1797.85,6107.0,68,Accounting & Bookkeeping Services,998222,8903173033249
Managed GST Annual Return (GSTR-9/9C) - Turnover > 5Cr,TAX-01868,GST,18,19533.47,46803.0,53,Corporate Tax Consulting,998231,8901048480947
Standard Monthly Bookkeeping Retainer - Enterprise Plan,TAX-01869,GST,18,10039.82,25908.0,53,Accounting & Bookkeeping Services,998222,8904270799594
Standard GST Annual Return (GSTR-9/9C) - Turnover < 2Cr,TAX-01870,GST,18,4697.42,12806.0,83,Corporate Tax Consulting,998231,8907647545657
Comprehensive Virtual CFO Services - Dedicated (40 hours),TAX-01871,GST,18,31536.17,95387.0,36,Accounting & Bookkeeping Services,998222,8904854039098
Turnkey Professional Tax (PT) Compliance - Annual Filing,TAX-01872,GST,18,759.77,2014.0,85,Payroll & Compliance Services,998223,8909261382687
Managed Stock & Inventory Audit - Multi-Location,TAX-01873,GST,18,16861.45,44827.0,57,Financial Auditing Services,998221,8907039962637
Managed ROC Annual Compliance Filing - AOC-4 & MGT-7,TAX-01874,GST,18,3152.62,10019.0,17,Corporate Tax Consulting,998231,8907351289622
Advanced Forensic Audit & Fraud Investigation - Basic Assessment,TAX-01875,GST,18,18418.12,43241.0,97,Financial Auditing Services,998221,8903023993446
Turnkey Forensic Audit & Fraud Investigation - Basic Assessment,TAX-01876,GST,18,15017.91,51984.0,100,Financial Auditing Services,998221,8903069523578
Express Corporate Income Tax Return (ITR-6) - Standard,TAX-01877,GST,18,10803.2,23819.0,53,Corporate Tax Consulting,998231,8903700644885
Basic Professional Tax (PT) Compliance - Annual Filing,TAX-01878,GST,18,619.56,2133.0,90,Payroll & Compliance Services,998223,8908042554280
Turnkey PF & ESI Registration and Returns - Annual Package,TAX-01879,GST,18,2885.06,7080.0,26,Payroll & Compliance Services,998223,8905507868878
Premium GST Registration & Advisory - Standard Business,TAX-01880,GST,18,1426.28,4115.0,26,Corporate Tax Consulting,998231,8902131701958
Express GST Annual Return (GSTR-9/9C) - Turnover < 2Cr,TAX-01881,GST,18,5953.72,17818.0,79,Corporate Tax Consulting,998231,8907987287314
Turnkey Bank Reconciliation Services - Annual Cleanup,TAX-01882,GST,18,1374.39,4434.0,70,Accounting & Bookkeeping Services,998222,8909644160332
Premium Individual ITR-1 / ITR-2 Filing - Multiple Form 16 + Capital Gains,TAX-01883,GST,18,573.69,1215.0,15,Individual Tax Preparation,998232,8902874512022
Managed Statutory Audit Services - Corporate Entity,TAX-01884,GST,18,48062.62,122553.0,44,Financial Auditing Services,998221,8901648792104
Managed GST Annual Return (GSTR-9/9C) - Turnover < 2Cr,TAX-01885,GST,18,4629.88,14397.0,22,Corporate Tax Consulting,998231,8905269744203
Retainer GST Registration & Advisory - E-commerce/Multi-State,TAX-01886,GST,18,2246.38,5644.0,79,Corporate Tax Consulting,998231,8903309587238
Financial Statement Preparation (P&L/BS) - LLP,TAX-01887,GST,18,5825.04,12078.0,21,Accounting & Bookkeeping Services,998222,8904579232671
Standard TDS & TCS Return Filing - Form 27Q,TAX-01888,GST,18,1444.74,3887.0,22,Payroll & Compliance Services,998223,8905019679720
Standard Business & Professional ITR-3 / ITR-4 - Regular Accounts,TAX-01889,GST,18,2361.15,4886.0,81,Individual Tax Preparation,998232,8902852332970
Express PF & ESI Registration and Returns - Annual Package,TAX-01890,GST,18,2596.01,5821.0,23,Payroll & Compliance Services,998223,8905855116397
Comprehensive Tax Audit (U/s 44AB) - Company,TAX-01891,GST,18,5751.39,19302.0,69,Financial Auditing Services,998221,8905741424873
Turnkey Advance Tax Calculation & Advisory - Quarterly Retainer,TAX-01892,GST,18,596.15,1730.0,76,Individual Tax Preparation,998232,8908312497736
Advanced GST Annual Return (GSTR-9/9C) - Turnover < 2Cr,TAX-01893,GST,18,4818.09,14228.0,35,Corporate Tax Consulting,998231,8905497872965
Turnkey GST Registration & Advisory - E-commerce/Multi-State,TAX-01894,GST,18,1615.45,5294.0,38,Corporate Tax Consulting,998231,8908029903480
Managed PF & ESI Registration and Returns - Annual Package,TAX-01895,GST,18,2489.97,6544.0,16,Payroll & Compliance Services,998223,8900094091657
Comprehensive Financial Statement Preparation (P&L/BS) - Private Limited,TAX-01896,GST,18,6288.61,14160.0,58,Accounting & Bookkeeping Services,998222,8902254920369
Standard Monthly Bookkeeping Retainer - Enterprise Plan,TAX-01897,GST,18,9646.87,23178.0,90,Accounting & Bookkeeping Services,998222,8900152731172
Standard Financial Statement Preparation (P&L/BS) - Private Limited,TAX-01898,GST,18,4052.32,13940.0,52,Accounting & Bookkeeping Services,998222,8906900184293
Managed Bank Reconciliation Services - Annual Cleanup,TAX-01899,GST,18,2673.49,6003.0,83,Accounting & Bookkeeping Services,998222,8908359667715
Comprehensive Virtual CFO Services - Part-time (20 hours),TAX-01900,GST,18,16800.78,52985.0,30,Accounting & Bookkeeping Services,998222,8904736500329
Individual ITR-1 / ITR-2 Filing - Salaried Single Form 16,TAX-01901,GST,18,303.97,745.0,68,Individual Tax Preparation,998232,8906144278735
Premium TDS & TCS Return Filing - Form 27Q,TAX-01902,GST,18,1669.27,4050.0,92,Payroll & Compliance Services,998223,8903169792067
Basic TDS & TCS Return Filing - Form 27Q,TAX-01903,GST,18,1581.35,3888.0,39,Payroll & Compliance Services,998223,8909690453925
Retainer Virtual CFO Services - Dedicated (40 hours),TAX-01904,GST,18,49517.48,123871.0,35,Accounting & Bookkeeping Services,998222,8903813307345
Comprehensive Cloud Accounting Setup (Tally/Zoho) - Basic Setup,TAX-01905,GST,18,3533.3,9309.0,22,Accounting & Bookkeeping Services,998222,8902247409853
Basic Monthly GST Return Filing (GSTR 1 & 3B) - Nil Return,TAX-01906,GST,18,796.72,1647.0,19,Corporate Tax Consulting,998231,8906023251071
Retainer TDS & TCS Return Filing - Form 26Q,TAX-01907,GST,18,2068.03,4304.0,85,Payroll & Compliance Services,998223,8904042245641
Dedicated Stock & Inventory Audit - Single Location,TAX-01908,GST,18,7348.25,24130.0,26,Financial Auditing Services,998221,8905380781913
Basic End-to-End Payroll Processing - Upto 50 Employees,TAX-01909,GST,18,4724.37,11646.0,42,Payroll & Compliance Services,998223,8901971575571
Comprehensive GST Annual Return (GSTR-9/9C) - Turnover < 2Cr,TAX-01910,GST,18,6510.49,19191.0,26,Corporate Tax Consulting,998231,8904630616218
Dedicated Professional Tax (PT) Compliance - Registration,TAX-01911,GST,18,653.58,2164.0,10,Payroll & Compliance Services,998223,8907615042059
Advance Tax Calculation & Advisory - One-Time Analysis,TAX-01912,GST,18,778.3,2252.0,68,Individual Tax Preparation,998232,8901433608090
Advanced Statutory Audit Services - Small Business,TAX-01913,GST,18,13508.62,35479.0,22,Financial Auditing Services,998221,8900392788881
Advanced Business & Professional ITR-3 / ITR-4 - Presumptive Taxation,TAX-01914,GST,18,1614.36,5398.0,94,Individual Tax Preparation,998232,8901638816878
End-to-End Payroll Processing - Upto 150 Employees,TAX-01915,GST,18,6682.26,17579.0,86,Payroll & Compliance Services,998223,8900509656882
Retainer GST Annual Return (GSTR-9/9C) - Turnover < 2Cr,TAX-01916,GST,18,4508.32,12257.0,29,Corporate Tax Consulting,998231,8907208147237
Advanced Bank Reconciliation Services - Annual Cleanup,TAX-01917,GST,18,1458.01,4044.0,13,Accounting & Bookkeeping Services,998222,8908306978999
Advanced End-to-End Payroll Processing - Upto 150 Employees,TAX-01918,GST,18,7221.52,17520.0,80,Payroll & Compliance Services,998223,8903671467490
Managed GST Annual Return (GSTR-9/9C) - Turnover > 5Cr,TAX-01919,GST,18,11199.07,36986.0,53,Corporate Tax Consulting,998231,8907116456059
Advanced Professional Tax (PT) Compliance - Registration,TAX-01920,GST,18,739.34,2311.0,74,Payroll & Compliance Services,998223,8900739200258
Basic Professional Tax (PT) Compliance - Annual Filing,TAX-01921,GST,18,850.41,2300.0,71,Payroll & Compliance Services,998223,8907303167871
Standard Business & Professional ITR-3 / ITR-4 - Regular Accounts,TAX-01922,GST,18,1571.99,4435.0,96,Individual Tax Preparation,998232,8902012402545
Premium End-to-End Payroll Processing - Upto 150 Employees,TAX-01923,GST,18,9563.85,23371.0,14,Payroll & Compliance Services,998223,8908099839767
Comprehensive Virtual CFO Services - Dedicated (40 hours),TAX-01924,GST,18,48055.65,103132.0,37,Accounting & Bookkeeping Services,998222,8900343830009
Dedicated Tax Audit (U/s 44AB) - Individual/HUF,TAX-01925,GST,18,5355.94,13180.0,38,Financial Auditing Services,998221,8900741799654
Retainer GST Annual Return (GSTR-9/9C) - Turnover < 2Cr,TAX-01926,GST,18,5475.4,16644.0,55,Corporate Tax Consulting,998231,8901896225275
Comprehensive GST Registration & Advisory - Standard Business,TAX-01927,GST,18,1890.53,3887.0,38,Corporate Tax Consulting,998231,8904056771251
Standard End-to-End Payroll Processing - Upto 50 Employees,TAX-01928,GST,18,3850.43,12615.0,31,Payroll & Compliance Services,998223,8908051666081
Managed Cloud Accounting Setup (Tally/Zoho) - Basic Setup,TAX-01929,GST,18,3137.41,7658.0,45,Accounting & Bookkeeping Services,998222,8907909863615
Express Financial Statement Preparation (P&L/BS) - Private Limited,TAX-01930,GST,18,5100.65,14422.0,46,Accounting & Bookkeeping Services,998222,8904420224824
Standard Advance Tax Calculation & Advisory - Quarterly Retainer,TAX-01931,GST,18,684.93,1844.0,69,Individual Tax Preparation,998232,8901450311802
Advanced GST Annual Return (GSTR-9/9C) - Turnover < 2Cr,TAX-01932,GST,18,6162.21,17910.0,41,Corporate Tax Consulting,998231,8909606104718
Express Individual ITR-1 / ITR-2 Filing - Salaried Single Form 16,TAX-01933,GST,18,370.11,1082.0,50,Individual Tax Preparation,998232,8906924768834
Advanced Statutory Audit Services - Small Business,TAX-01934,GST,18,11765.75,25177.0,18,Financial Auditing Services,998221,8908118140513
Managed Bank Reconciliation Services - Monthly,TAX-01935,GST,18,2059.76,6185.0,49,Accounting & Bookkeeping Services,998222,8904708560940
Advanced GST Annual Return (GSTR-9/9C) - Turnover < 2Cr,TAX-01936,GST,18,6153.92,16954.0,77,Corporate Tax Consulting,998231,8903103145645
Managed Monthly GST Return Filing (GSTR 1 & 3B) - Nil Return,TAX-01937,GST,18,500.71,1735.0,86,Corporate Tax Consulting,998231,8904074033744
Express Advance Tax Calculation & Advisory - Quarterly Retainer,TAX-01938,GST,18,1072.82,2543.0,23,Individual Tax Preparation,998232,8903694126410
Comprehensive GST Registration & Advisory - Standard Business,TAX-01939,GST,18,1418.97,4560.0,54,Corporate Tax Consulting,998231,8903180576310
Express Statutory Audit Services - Corporate Entity,TAX-01940,GST,18,50182.7,125378.0,62,Financial Auditing Services,998221,8901253606400
Retainer Professional Tax (PT) Compliance - Annual Filing,TAX-01941,GST,18,862.32,2500.0,81,Payroll & Compliance Services,998223,8906989484817
Standard Internal Audit & Risk Assessment - Half-Yearly,TAX-01942,GST,18,15625.84,32507.0,68,Financial Auditing Services,998221,8907017737594
Premium Business & Professional ITR-3 / ITR-4 - Presumptive Taxation,TAX-01943,GST,18,2134.21,4599.0,19,Individual Tax Preparation,998232,8907196004902
Advanced Tax Audit (U/s 44AB) - Partnership Firm,TAX-01944,GST,18,3657.44,12646.0,55,Financial Auditing Services,998221,8905967433384
Dedicated Advance Tax Calculation & Advisory - One-Time Analysis,TAX-01945,GST,18,1083.98,2540.0,23,Individual Tax Preparation,998232,8907033530049
Business & Professional ITR-3 / ITR-4 - Regular Accounts,TAX-01946,GST,18,1787.88,4509.0,59,Individual Tax Preparation,998232,8901977317394
Retainer Monthly GST Return Filing (GSTR 1 & 3B) - Standard B2B/B2C,TAX-01947,GST,18,1019.08,3143.0,35,Corporate Tax Consulting,998231,8908586539276
Advanced Advance Tax Calculation & Advisory - Quarterly Retainer,TAX-01948,GST,18,659.96,2301.0,40,Individual Tax Preparation,998232,8904931796706
Retainer Tax Audit (U/s 44AB) - Partnership Firm,TAX-01949,GST,18,6187.29,16808.0,39,Financial Auditing Services,998221,8905792116250
Dedicated ROC Annual Compliance Filing - AOC-4 & MGT-7,TAX-01950,GST,18,5445.0,14101.0,61,Corporate Tax Consulting,998231,8903989701455
Express GST Registration & Advisory - Standard Business,TAX-01951,GST,18,2194.62,5214.0,26,Corporate Tax Consulting,998231,8907186692552
Premium Individual ITR-1 / ITR-2 Filing - Multiple Form 16 + Capital Gains,TAX-01952,GST,18,737.02,1666.0,16,Individual Tax Preparation,998232,8900011015616
Basic Stock & Inventory Audit - Multi-Location,TAX-01953,GST,18,12230.36,38913.0,89,Financial Auditing Services,998221,8908121300882
Virtual CFO Services - Dedicated (40 hours),TAX-01954,GST,18,42748.97,138862.0,89,Accounting & Bookkeeping Services,998222,8900867233104
End-to-End Payroll Processing - Upto 50 Employees,TAX-01955,GST,18,3587.97,12445.0,90,Payroll & Compliance Services,998223,8903655619221
Premium Business & Professional ITR-3 / ITR-4 - Presumptive Taxation,TAX-01956,GST,18,1447.23,4524.0,77,Individual Tax Preparation,998232,8906417613023
Corporate Income Tax Return (ITR-6) - Standard,TAX-01957,GST,18,10794.69,25455.0,74,Corporate Tax Consulting,998231,8903599167640
Express Cloud Accounting Setup (Tally/Zoho) - Basic Setup,TAX-01958,GST,18,2658.07,8159.0,39,Accounting & Bookkeeping Services,998222,8902528267126
Express Business & Professional ITR-3 / ITR-4 - Regular Accounts,TAX-01959,GST,18,1280.38,4185.0,82,Individual Tax Preparation,998232,8905225296444
NRI Tax Advisory & Filing - Standard Consultation,TAX-01960,GST,18,2656.77,8117.0,79,Individual Tax Preparation,998232,8906811143306
Retainer End-to-End Payroll Processing - Upto 150 Employees,TAX-01961,GST,18,5143.0,14621.0,71,Payroll & Compliance Services,998223,8901555906278
Comprehensive ROC Annual Compliance Filing - AOC-4 & MGT-7,TAX-01962,GST,18,5281.1,15134.0,98,Corporate Tax Consulting,998231,8902046372162
Basic GST Annual Return (GSTR-9/9C) - Turnover < 2Cr,TAX-01963,GST,18,5266.69,13093.0,48,Corporate Tax Consulting,998231,8901802955999
Managed GST Annual Return (GSTR-9/9C) - Turnover < 2Cr,TAX-01964,GST,18,6033.21,19276.0,35,Corporate Tax Consulting,998231,8909579551924
Standard Corporate Income Tax Return (ITR-6) - Standard,TAX-01965,GST,18,6904.81,20805.0,60,Corporate Tax Consulting,998231,8907038625676
Dedicated Statutory Audit Services - Small Business,TAX-01966,GST,18,15680.44,38221.0,30,Financial Auditing Services,998221,8903300805630
Business & Professional ITR-3 / ITR-4 - Presumptive Taxation,TAX-01967,GST,18,1410.24,4169.0,27,Individual Tax Preparation,998232,8908732107883
Managed Internal Audit & Risk Assessment - Annual,TAX-01968,GST,18,13859.5,36591.0,55,Financial Auditing Services,998221,8904852207201
Retainer Advance Tax Calculation & Advisory - Quarterly Retainer,TAX-01969,GST,18,672.66,1895.0,42,Individual Tax Preparation,998232,8901627963651
Dedicated Virtual CFO Services - Dedicated (40 hours),TAX-01970,GST,18,34470.16,104329.0,12,Accounting & Bookkeeping Services,998222,8900510819484
Comprehensive Cloud Accounting Setup (Tally/Zoho) - Advanced Integration,TAX-01971,GST,18,5236.82,10848.0,36,Accounting & Bookkeeping Services,998222,8906072235028
Basic Monthly Bookkeeping Retainer - Enterprise Plan,TAX-01972,GST,18,7505.11,22697.0,91,Accounting & Bookkeeping Services,998222,8904375391692
Turnkey Individual ITR-1 / ITR-2 Filing - Salaried Single Form 16,TAX-01973,GST,18,445.6,1039.0,64,Individual Tax Preparation,998232,8906968740330
Advanced TDS & TCS Return Filing - Form 26Q,TAX-01974,GST,18,1435.69,2912.0,22,Payroll & Compliance Services,998223,8906649700844
Dedicated End-to-End Payroll Processing - Upto 20 Employees,TAX-01975,GST,18,5434.83,11644.0,62,Payroll & Compliance Services,998223,8904296280924
Premium Statutory Audit Services - Medium Enterprise,TAX-01976,GST,18,59127.75,119866.0,88,Financial Auditing Services,998221,8906996131525
Comprehensive PF & ESI Registration and Returns - Monthly Retainer,TAX-01977,GST,18,1629.9,5199.0,80,Payroll & Compliance Services,998223,8900588377435
Advanced End-to-End Payroll Processing - Upto 150 Employees,TAX-01978,GST,18,7239.28,18872.0,53,Payroll & Compliance Services,998223,8903950111525
Managed Professional Tax (PT) Compliance - Registration,TAX-01979,GST,18,908.37,2557.0,78,Payroll & Compliance Services,998223,8902603174890
Dedicated Monthly Bookkeeping Retainer - SME Plan,TAX-01980,GST,18,3431.21,9609.0,74,Accounting & Bookkeeping Services,998222,8900971861422
Dedicated Business & Professional ITR-3 / ITR-4 - Regular Accounts,TAX-01981,GST,18,1826.95,5759.0,94,Individual Tax Preparation,998232,8905920559675
Standard GST Annual Return (GSTR-9/9C) - Turnover < 2Cr,TAX-01982,GST,18,5382.52,17105.0,85,Corporate Tax Consulting,998231,8908304576274
Turnkey End-to-End Payroll Processing - Upto 20 Employees,TAX-01983,GST,18,2803.17,8003.0,55,Payroll & Compliance Services,998223,8908970152213
Retainer Financial Statement Preparation (P&L/BS) - LLP,TAX-01984,GST,18,6420.97,16463.0,10,Accounting & Bookkeeping Services,998222,8908347612898
Business & Professional ITR-3 / ITR-4 - Presumptive Taxation,TAX-01985,GST,18,2122.63,5824.0,59,Individual Tax Preparation,998232,8901139979927
Turnkey Tax Audit (U/s 44AB) - Company,TAX-01986,GST,18,5644.27,19013.0,38,Financial Auditing Services,998221,8903878852858
Retainer Advance Tax Calculation & Advisory - Quarterly Retainer,TAX-01987,GST,18,994.01,2373.0,40,Individual Tax Preparation,998232,8909763090073
Express ROC Annual Compliance Filing - Fast Track Strike Off,TAX-01988,GST,18,4487.97,13094.0,93,Corporate Tax Consulting,998231,8904457444107
Turnkey ROC Annual Compliance Filing - AOC-4 & MGT-7,TAX-01989,GST,18,3517.46,10413.0,53,Corporate Tax Consulting,998231,8904347591604
Express Bank Reconciliation Services - Monthly,TAX-01990,GST,18,1540.99,5289.0,91,Accounting & Bookkeeping Services,998222,8909079965857
Dedicated Business & Professional ITR-3 / ITR-4 - Regular Accounts,TAX-01991,GST,18,1303.99,4537.0,80,Individual Tax Preparation,998232,8901678434073
Forensic Audit & Fraud Investigation - Basic Assessment,TAX-01992,GST,18,21702.5,58565.0,59,Financial Auditing Services,998221,8901350078836
Basic Business & Professional ITR-3 / ITR-4 - Presumptive Taxation,TAX-01993,GST,18,1318.38,4044.0,51,Individual Tax Preparation,998232,8904033699952
Comprehensive NRI Tax Advisory & Filing - Standard Consultation,TAX-01994,GST,18,2318.37,7297.0,27,Individual Tax Preparation,998232,8906532735514
Advanced Advance Tax Calculation & Advisory - Quarterly Retainer,TAX-01995,GST,18,1054.58,2194.0,27,Individual Tax Preparation,998232,8902347714695
Dedicated Stock & Inventory Audit - Single Location,TAX-01996,GST,18,7604.25,19140.0,67,Financial Auditing Services,998221,8900200617413
Dedicated Corporate Income Tax Return (ITR-6) - Complex with Transfer Pricing,TAX-01997,GST,18,21135.79,67613.0,60,Corporate Tax Consulting,998231,8901218939127
Premium Forensic Audit & Fraud Investigation - Detailed Investigation,TAX-01998,GST,18,78133.88,203760.0,29,Financial Auditing Services,998221,8902283056446
NRI Tax Advisory & Filing - Standard Consultation,TAX-01999,GST,18,2690.56,6417.0,57,Individual Tax Preparation,998232,8905595026356
Managed Forensic Audit & Fraud Investigation - Detailed Investigation,TAX-02000,GST,18,81420.0,236816.0,96,Financial Auditing Services,998221,8904332763990
Premium Professional Tax (PT) Compliance - Registration,TAX-02001,GST,18,870.97,2649.0,41,Payroll & Compliance Services,998223,8906962690222
Dedicated Stock & Inventory Audit - Multi-Location,TAX-02002,GST,18,15218.25,45880.0,61,Financial Auditing Services,998221,8901790670151
Basic Monthly Bookkeeping Retainer - Startup Plan,TAX-02003,GST,18,3776.62,8736.0,49,Accounting & Bookkeeping Services,998222,8909076972162
Stock & Inventory Audit - Single Location,TAX-02004,GST,18,6066.24,18377.0,39,Financial Auditing Services,998221,8909192969210
Managed PF & ESI Registration and Returns - Monthly Retainer,TAX-02005,GST,18,2236.72,5055.0,63,Payroll & Compliance Services,998223,8900082283774
Dedicated Financial Statement Preparation (P&L/BS) - Proprietorship,TAX-02006,GST,18,4981.88,14146.0,72,Accounting & Bookkeeping Services,998222,8908872820632
Standard Virtual CFO Services - Part-time (20 hours),TAX-02007,GST,18,34394.49,77426.0,83,Accounting & Bookkeeping Services,998222,8908044665895
Turnkey Bank Reconciliation Services - Annual Cleanup,TAX-02008,GST,18,1414.19,4033.0,98,Accounting & Bookkeeping Services,998222,8900647245257
Managed Financial Statement Preparation (P&L/BS) - LLP,TAX-02009,GST,18,6365.6,17212.0,80,Accounting & Bookkeeping Services,998222,8908407094657
Turnkey GST Annual Return (GSTR-9/9C) - Turnover < 2Cr,TAX-02010,GST,18,3767.29,12648.0,75,Corporate Tax Consulting,998231,8908972842680
Turnkey Business & Professional ITR-3 / ITR-4 - Presumptive Taxation,TAX-02011,GST,18,2442.57,5146.0,92,Individual Tax Preparation,998232,8906417005371
Dedicated Advance Tax Calculation & Advisory - Quarterly Retainer,TAX-02012,GST,18,646.0,1987.0,79,Individual Tax Preparation,998232,8908031664795
Express Internal Audit & Risk Assessment - Half-Yearly,TAX-02013,GST,18,12692.63,42474.0,32,Financial Auditing Services,998221,8904285354160
Express Stock & Inventory Audit - Single Location,TAX-02014,GST,18,9013.03,21564.0,12,Financial Auditing Services,998221,8908701708671
Managed PF & ESI Registration and Returns - Monthly Retainer,TAX-02015,GST,18,2877.7,6202.0,17,Payroll & Compliance Services,998223,8907404336895
Managed ROC Annual Compliance Filing - Fast Track Strike Off,TAX-02016,GST,18,4641.72,13796.0,47,Corporate Tax Consulting,998231,8906105110900
Managed GST Registration & Advisory - Standard Business,TAX-02017,GST,18,1906.67,4849.0,32,Corporate Tax Consulting,998231,8900502549723
Standard Business & Professional ITR-3 / ITR-4 - Presumptive Taxation,TAX-02018,GST,18,1204.23,3627.0,89,Individual Tax Preparation,998232,8907599747539
Advanced Corporate Income Tax Return (ITR-6) - Complex with Transfer Pricing,TAX-02019,GST,18,18454.67,57950.0,54,Corporate Tax Consulting,998231,8902694204164
Basic Tax Audit (U/s 44AB) - Company,TAX-02020,GST,18,7433.62,15306.0,97,Financial Auditing Services,998221,8905133793766
Retainer Advance Tax Calculation & Advisory - One-Time Analysis,TAX-02021,GST,18,568.99,1715.0,58,Individual Tax Preparation,998232,8900855717490
Turnkey TDS & TCS Return Filing - Form 27Q,TAX-02022,GST,18,1748.13,3703.0,44,Payroll & Compliance Services,998223,8909908035862
Dedicated End-to-End Payroll Processing - Upto 150 Employees,TAX-02023,GST,18,7671.27,18398.0,13,Payroll & Compliance Services,998223,8909998632453
Express PF & ESI Registration and Returns - Annual Package,TAX-02024,GST,18,1529.81,5128.0,21,Payroll & Compliance Services,998223,8900851846689
Comprehensive NRI Tax Advisory & Filing - Standard Consultation,TAX-02025,GST,18,2644.5,6705.0,83,Individual Tax Preparation,998232,8906183073480
Internal Audit & Risk Assessment - Quarterly,TAX-02026,GST,18,20512.33,49169.0,54,Financial Auditing Services,998221,8909720554829
Express Advance Tax Calculation & Advisory - Quarterly Retainer,TAX-02027,GST,18,830.49,1741.0,46,Individual Tax Preparation,998232,8907498474604
Managed Virtual CFO Services - Part-time (20 hours),TAX-02028,GST,18,28189.99,76752.0,80,Accounting & Bookkeeping Services,998222,8904721461727
Dedicated End-to-End Payroll Processing - Upto 50 Employees,TAX-02029,GST,18,4093.45,12003.0,33,Payroll & Compliance Services,998223,8906769889798
Dedicated Advance Tax Calculation & Advisory - One-Time Analysis,TAX-02030,GST,18,759.0,1893.0,43,Individual Tax Preparation,998232,8907413401929
Dedicated Financial Statement Preparation (P&L/BS) - Proprietorship,TAX-02031,GST,18,7245.76,19219.0,99,Accounting & Bookkeeping Services,998222,8907519346389
Advanced Statutory Audit Services - Small Business,TAX-02032,GST,18,13116.86,36622.0,47,Financial Auditing Services,998221,8907936561156
Comprehensive Advance Tax Calculation & Advisory - Quarterly Retainer,TAX-02033,GST,18,975.0,2301.0,17,Individual Tax Preparation,998232,8907065948053
Comprehensive Forensic Audit & Fraud Investigation - Basic Assessment,TAX-02034,GST,18,20699.89,55357.0,48,Financial Auditing Services,998221,8903303727186
Managed Bank Reconciliation Services - Annual Cleanup,TAX-02035,GST,18,2444.81,6181.0,34,Accounting & Bookkeeping Services,998222,8901121380782
Turnkey Advance Tax Calculation & Advisory - Quarterly Retainer,TAX-02036,GST,18,813.42,2016.0,48,Individual Tax Preparation,998232,8905985866356
Retainer TDS & TCS Return Filing - Form 24Q,TAX-02037,GST,18,1969.86,4428.0,80,Payroll & Compliance Services,998223,8908252128866
Express Individual ITR-1 / ITR-2 Filing - Multiple Form 16 + Capital Gains,TAX-02038,GST,18,486.82,1404.0,87,Individual Tax Preparation,998232,8908428828470
Basic PF & ESI Registration and Returns - Monthly Retainer,TAX-02039,GST,18,2161.93,5038.0,96,Payroll & Compliance Services,998223,8902988712320
Retainer Financial Statement Preparation (P&L/BS) - Private Limited,TAX-02040,GST,18,6261.2,15274.0,66,Accounting & Bookkeeping Services,998222,8907862685272
Premium Advance Tax Calculation & Advisory - One-Time Analysis,TAX-02041,GST,18,1043.92,2322.0,74,Individual Tax Preparation,998232,8907783471062
Advanced Business & Professional ITR-3 / ITR-4 - Presumptive Taxation,TAX-02042,GST,18,1997.67,5035.0,91,Individual Tax Preparation,998232,8905735623277
Dedicated Statutory Audit Services - Medium Enterprise,TAX-02043,GST,18,40524.15,113310.0,100,Financial Auditing Services,998221,8909730273228
Advanced Professional Tax (PT) Compliance - Registration,TAX-02044,GST,18,906.69,2886.0,15,Payroll & Compliance Services,998223,8902555468939
Advanced GST Annual Return (GSTR-9/9C) - Turnover < 2Cr,TAX-02045,GST,18,4872.39,12782.0,81,Corporate Tax Consulting,998231,8908159646738
Express Corporate Income Tax Return (ITR-6) - Complex with Transfer Pricing,TAX-02046,GST,18,14602.14,50317.0,45,Corporate Tax Consulting,998231,8908467332291
Dedicated Bank Reconciliation Services - Annual Cleanup,TAX-02047,GST,18,1580.38,5337.0,66,Accounting & Bookkeeping Services,998222,8900062394599
Advanced PF & ESI Registration and Returns - Annual Package,TAX-02048,GST,18,1869.13,4895.0,91,Payroll & Compliance Services,998223,8908953012033
Basic Individual ITR-1 / ITR-2 Filing - Salaried Single Form 16,TAX-02049,GST,18,379.06,1045.0,21,Individual Tax Preparation,998232,8906283356890
Retainer End-to-End Payroll Processing - Upto 20 Employees,TAX-02050,GST,18,3324.01,11368.0,56,Payroll & Compliance Services,998223,8903374356702
Retainer GST Annual Return (GSTR-9/9C) - Turnover < 2Cr,TAX-02051,GST,18,8427.98,17752.0,50,Corporate Tax Consulting,998231,8906596957945
Express Corporate Income Tax Return (ITR-6) - Complex with Transfer Pricing,TAX-02052,GST,18,19574.56,67814.0,13,Corporate Tax Consulting,998231,8905536291714
Standard NRI Tax Advisory & Filing - DTAA Benefit Filing,TAX-02053,GST,18,2941.36,8637.0,30,Individual Tax Preparation,998232,8905252078821
Standard Corporate Income Tax Return (ITR-6) - Standard,TAX-02054,GST,18,9015.06,27628.0,21,Corporate Tax Consulting,998231,8904574452030
Turnkey Financial Statement Preparation (P&L/BS) - LLP,TAX-02055,GST,18,5338.65,17738.0,69,Accounting & Bookkeeping Services,998222,8903088240353
Advanced Monthly Bookkeeping Retainer - Startup Plan,TAX-02056,GST,18,4081.37,9912.0,99,Accounting & Bookkeeping Services,998222,8902936340941
Premium Monthly Bookkeeping Retainer - Enterprise Plan,TAX-02057,GST,18,6044.03,19617.0,31,Accounting & Bookkeeping Services,998222,8905795990047
Comprehensive NRI Tax Advisory & Filing - Standard Consultation,TAX-02058,GST,18,3218.79,9602.0,29,Individual Tax Preparation,998232,8905460189113
Retainer PF & ESI Registration and Returns - Annual Package,TAX-02059,GST,18,2557.68,6930.0,35,Payroll & Compliance Services,998223,8903996276861
Advanced Financial Statement Preparation (P&L/BS) - Proprietorship,TAX-02060,GST,18,8346.51,18145.0,24,Accounting & Bookkeeping Services,998222,8902029138130
Advanced Tax Audit (U/s 44AB) - Company,TAX-02061,GST,18,7220.58,16204.0,77,Financial Auditing Services,998221,8909088819664
Standard PF & ESI Registration and Returns - Monthly Retainer,TAX-02062,GST,18,3365.2,7274.0,83,Payroll & Compliance Services,998223,8909082133568
Comprehensive Monthly Bookkeeping Retainer - SME Plan,TAX-02063,GST,18,2771.15,7334.0,90,Accounting & Bookkeeping Services,998222,8906704171038
Retainer Individual ITR-1 / ITR-2 Filing - Salaried Single Form 16,TAX-02064,GST,18,396.15,1077.0,14,Individual Tax Preparation,998232,8905013320344
Premium NRI Tax Advisory & Filing - DTAA Benefit Filing,TAX-02065,GST,18,4838.48,10233.0,76,Individual Tax Preparation,998232,8907650775257
Turnkey Cloud Accounting Setup (Tally/Zoho) - Basic Setup,TAX-02066,GST,18,3665.95,8481.0,60,Accounting & Bookkeeping Services,998222,8900378110570
Basic Virtual CFO Services - Dedicated (40 hours),TAX-02067,GST,18,34506.92,89663.0,69,Accounting & Bookkeeping Services,998222,8900059946966
Basic Business & Professional ITR-3 / ITR-4 - Presumptive Taxation,TAX-02068,GST,18,1519.79,4091.0,13,Individual Tax Preparation,998232,8907158009714
Basic Stock & Inventory Audit - Multi-Location,TAX-02069,GST,18,14324.29,33294.0,37,Financial Auditing Services,998221,8900658744888
Basic Virtual CFO Services - Part-time (20 hours),TAX-02070,GST,18,21396.93,62044.0,10,Accounting & Bookkeeping Services,998222,8909722858258
Dedicated TDS & TCS Return Filing - Form 26Q,TAX-02071,GST,18,2096.96,4548.0,89,Payroll & Compliance Services,998223,8901960348236
Retainer ROC Annual Compliance Filing - AOC-4 & MGT-7,TAX-02072,GST,18,6045.32,13863.0,82,Corporate Tax Consulting,998231,8903238004364
Turnkey Corporate Income Tax Return (ITR-6) - Complex with Transfer Pricing,TAX-02073,GST,18,19741.23,63159.0,76,Corporate Tax Consulting,998231,8906741637120
Managed Monthly GST Return Filing (GSTR 1 & 3B) - Nil Return,TAX-02074,GST,18,521.68,1740.0,83,Corporate Tax Consulting,998231,8907760145840
Advanced Individual ITR-1 / ITR-2 Filing - Salaried Single Form 16,TAX-02075,GST,18,393.54,834.0,66,Individual Tax Preparation,998232,8902814361168
Advanced GST Registration & Advisory - Standard Business,TAX-02076,GST,18,2184.14,4470.0,35,Corporate Tax Consulting,998231,8906118926055
Dedicated TDS & TCS Return Filing - Form 26Q,TAX-02077,GST,18,1940.64,4392.0,60,Payroll & Compliance Services,998223,8908368437714
Internal Audit & Risk Assessment - Half-Yearly,TAX-02078,GST,18,12365.23,37454.0,45,Financial Auditing Services,998221,8905956600301
Stock & Inventory Audit - Multi-Location,TAX-02079,GST,18,20836.68,46430.0,29,Financial Auditing Services,998221,8903869742173
Retainer ROC Annual Compliance Filing - AOC-4 & MGT-7,TAX-02080,GST,18,3713.56,11806.0,17,Corporate Tax Consulting,998231,8909570934099
Premium Forensic Audit & Fraud Investigation - Detailed Investigation,TAX-02081,GST,18,101860.35,214360.0,62,Financial Auditing Services,998221,8904034848437
Turnkey GST Registration & Advisory - Standard Business,TAX-02082,GST,18,1460.89,3989.0,83,Corporate Tax Consulting,998231,8905951429544
Express Advance Tax Calculation & Advisory - One-Time Analysis,TAX-02083,GST,18,873.93,1929.0,20,Individual Tax Preparation,998232,8907562752800
Forensic Audit & Fraud Investigation - Basic Assessment,TAX-02084,GST,18,26973.09,62228.0,49,Financial Auditing Services,998221,8907945923516
Comprehensive Virtual CFO Services - Part-time (20 hours),TAX-02085,GST,18,18036.25,60677.0,75,Accounting & Bookkeeping Services,998222,8909710017078
Express Internal Audit & Risk Assessment - Annual,TAX-02086,GST,18,12625.62,37677.0,67,Financial Auditing Services,998221,8906130494841
Dedicated PF & ESI Registration and Returns - Monthly Retainer,TAX-02087,GST,18,2195.96,6941.0,79,Payroll & Compliance Services,998223,8903372875679
Premium Individual ITR-1 / ITR-2 Filing - Salaried Single Form 16,TAX-02088,GST,18,432.14,1133.0,51,Individual Tax Preparation,998232,8906477115882
Premium Stock & Inventory Audit - Multi-Location,TAX-02089,GST,18,14717.11,40952.0,86,Financial Auditing Services,998221,8904107911611
Advanced Professional Tax (PT) Compliance - Annual Filing,TAX-02090,GST,18,832.76,2477.0,23,Payroll & Compliance Services,998223,8909830975424
Monthly GST Return Filing (GSTR 1 & 3B) - High Volume,TAX-02091,GST,18,2814.25,7936.0,93,Corporate Tax Consulting,998231,8905237748770
Forensic Audit & Fraud Investigation - Basic Assessment,TAX-02092,GST,18,17741.15,41929.0,52,Financial Auditing Services,998221,8901218082267
Individual ITR-1 / ITR-2 Filing - Multiple Form 16 + Capital Gains,TAX-02093,GST,18,486.41,1504.0,28,Individual Tax Preparation,998232,8908653839571
Corporate Income Tax Return (ITR-6) - Complex with Transfer Pricing,TAX-02094,GST,18,19219.46,66550.0,10,Corporate Tax Consulting,998231,8900370907037
Turnkey Individual ITR-1 / ITR-2 Filing - Multiple Form 16 + Capital Gains,TAX-02095,GST,18,517.48,1764.0,38,Individual Tax Preparation,998232,8902070983484
Managed Business & Professional ITR-3 / ITR-4 - Regular Accounts,TAX-02096,GST,18,1858.97,5226.0,62,Individual Tax Preparation,998232,8902965074456
Turnkey Professional Tax (PT) Compliance - Registration,TAX-02097,GST,18,1019.02,2589.0,45,Payroll & Compliance Services,998223,8901982817947
Premium ROC Annual Compliance Filing - Fast Track Strike Off,TAX-02098,GST,18,4597.01,14755.0,34,Corporate Tax Consulting,998231,8904522026269
Comprehensive Monthly Bookkeeping Retainer - Startup Plan,TAX-02099,GST,18,3786.08,9781.0,42,Accounting & Bookkeeping Services,998222,8905257330907
Turnkey End-to-End Payroll Processing - Upto 150 Employees,TAX-02100,GST,18,7720.87,16444.0,75,Payroll & Compliance Services,998223,8905224767512
PF & ESI Registration and Returns - Annual Package,TAX-02101,GST,18,1877.32,6524.0,17,Payroll & Compliance Services,998223,8905366933276
Comprehensive Cloud Accounting Setup (Tally/Zoho) - Advanced Integration,TAX-02102,GST,18,3073.33,10497.0,99,Accounting & Bookkeeping Services,998222,8906283723722
Premium PF & ESI Registration and Returns - Monthly Retainer,TAX-02103,GST,18,2345.85,5499.0,70,Payroll & Compliance Services,998223,8900089423403
Basic GST Registration & Advisory - E-commerce/Multi-State,TAX-02104,GST,18,1210.09,4030.0,35,Corporate Tax Consulting,998231,8901883845612
Advanced Professional Tax (PT) Compliance - Registration,TAX-02105,GST,18,970.36,2581.0,85,Payroll & Compliance Services,998223,8908517696806
Dedicated TDS & TCS Return Filing - Form 27Q,TAX-02106,GST,18,1079.61,3338.0,98,Payroll & Compliance Services,998223,8902157837926
Basic End-to-End Payroll Processing - Upto 50 Employees,TAX-02107,GST,18,3928.86,11566.0,67,Payroll & Compliance Services,998223,8903968859342
Basic Business & Professional ITR-3 / ITR-4 - Presumptive Taxation,TAX-02108,GST,18,1697.36,4957.0,87,Individual Tax Preparation,998232,8907833150321
Dedicated NRI Tax Advisory & Filing - DTAA Benefit Filing,TAX-02109,GST,18,3026.44,9591.0,97,Individual Tax Preparation,998232,8900250666860
Advanced GST Annual Return (GSTR-9/9C) - Turnover < 2Cr,TAX-02110,GST,18,5803.34,15707.0,48,Corporate Tax Consulting,998231,8909986328959
Retainer Statutory Audit Services - Small Business,TAX-02111,GST,18,11771.44,29024.0,70,Financial Auditing Services,998221,8906221559637
Basic PF & ESI Registration and Returns - Annual Package,TAX-02112,GST,18,2762.23,6590.0,53,Payroll & Compliance Services,998223,8909403895546
Basic Professional Tax (PT) Compliance - Annual Filing,TAX-02113,GST,18,1002.73,2093.0,72,Payroll & Compliance Services,998223,8903002102736
Comprehensive Monthly GST Return Filing (GSTR 1 & 3B) - High Volume,TAX-02114,GST,18,2829.32,7316.0,69,Corporate Tax Consulting,998231,8903223487493
Individual ITR-1 / ITR-2 Filing - Multiple Form 16 + Capital Gains,TAX-02115,GST,18,467.54,1494.0,84,Individual Tax Preparation,998232,8901090488660
Comprehensive Monthly GST Return Filing (GSTR 1 & 3B) - High Volume,TAX-02116,GST,18,3073.72,7550.0,67,Corporate Tax Consulting,998231,8908937859541
Express GST Annual Return (GSTR-9/9C) - Turnover < 2Cr,TAX-02117,GST,18,5874.71,17032.0,73,Corporate Tax Consulting,998231,8901645810457
Turnkey Bank Reconciliation Services - Annual Cleanup,TAX-02118,GST,18,1968.28,6403.0,42,Accounting & Bookkeeping Services,998222,8907338780528
Turnkey Individual ITR-1 / ITR-2 Filing - Multiple Form 16 + Capital Gains,TAX-02119,GST,18,452.39,1528.0,21,Individual Tax Preparation,998232,8908378477198
Advanced Business & Professional ITR-3 / ITR-4 - Regular Accounts,TAX-02120,GST,18,1732.86,4152.0,15,Individual Tax Preparation,998232,8909685938062
Basic End-to-End Payroll Processing - Upto 20 Employees,TAX-02121,GST,18,2499.35,8225.0,92,Payroll & Compliance Services,998223,8909646924343
Turnkey TDS & TCS Return Filing - Form 27Q,TAX-02122,GST,18,1695.65,3841.0,24,Payroll & Compliance Services,998223,8902156038710
Dedicated Individual ITR-1 / ITR-2 Filing - Salaried Single Form 16,TAX-02123,GST,18,422.53,1111.0,47,Individual Tax Preparation,998232,8906604903764
Turnkey Corporate Income Tax Return (ITR-6) - Complex with Transfer Pricing,TAX-02124,GST,18,25383.24,72958.0,94,Corporate Tax Consulting,998231,8901612215039
Retainer Corporate Income Tax Return (ITR-6) - Complex with Transfer Pricing,TAX-02125,GST,18,24352.08,74645.0,99,Corporate Tax Consulting,998231,8901900415893
Comprehensive Cloud Accounting Setup (Tally/Zoho) - Advanced Integration,TAX-02126,GST,18,5591.13,14671.0,94,Accounting & Bookkeeping Services,998222,8906013855002
Basic NRI Tax Advisory & Filing - DTAA Benefit Filing,TAX-02127,GST,18,4738.41,9559.0,13,Individual Tax Preparation,998232,8901245718158
Express Forensic Audit & Fraud Investigation - Basic Assessment,TAX-02128,GST,18,15946.74,45485.0,84,Financial Auditing Services,998221,8901365055191
Retainer Business & Professional ITR-3 / ITR-4 - Regular Accounts,TAX-02129,GST,18,1666.12,4586.0,94,Individual Tax Preparation,998232,8907170804929
Premium Cloud Accounting Setup (Tally/Zoho) - Advanced Integration,TAX-02130,GST,18,3724.24,12542.0,22,Accounting & Bookkeeping Services,998222,8909612933213
Comprehensive TDS & TCS Return Filing - Form 24Q,TAX-02131,GST,18,868.99,2874.0,43,Payroll & Compliance Services,998223,8900037177588
Managed Professional Tax (PT) Compliance - Registration,TAX-02132,GST,18,1153.53,2319.0,61,Payroll & Compliance Services,998223,8901126203069
Dedicated End-to-End Payroll Processing - Upto 50 Employees,TAX-02133,GST,18,4884.22,10452.0,24,Payroll & Compliance Services,998223,8901860181123
Premium Business & Professional ITR-3 / ITR-4 - Presumptive Taxation,TAX-02134,GST,18,1581.38,4010.0,75,Individual Tax Preparation,998232,8907920623145
Premium Advance Tax Calculation & Advisory - Quarterly Retainer,TAX-02135,GST,18,811.89,2481.0,91,Individual Tax Preparation,998232,8901968045052
Premium Statutory Audit Services - Small Business,TAX-02136,GST,18,11489.19,36638.0,10,Financial Auditing Services,998221,8908164180446
Express Stock & Inventory Audit - Single Location,TAX-02137,GST,18,9750.57,20996.0,14,Financial Auditing Services,998221,8908346954495
Express Forensic Audit & Fraud Investigation - Basic Assessment,TAX-02138,GST,18,16712.04,54723.0,52,Financial Auditing Services,998221,8908062745669
Express Business & Professional ITR-3 / ITR-4 - Regular Accounts,TAX-02139,GST,18,1857.06,5071.0,28,Individual Tax Preparation,998232,8909414290495
Comprehensive GST Annual Return (GSTR-9/9C) - Turnover > 5Cr,TAX-02140,GST,18,15718.34,35929.0,90,Corporate Tax Consulting,998231,8908476691953
Advanced Statutory Audit Services - Medium Enterprise,TAX-02141,GST,18,46995.78,130961.0,90,Financial Auditing Services,998221,8906174685902
Managed Monthly GST Return Filing (GSTR 1 & 3B) - High Volume,TAX-02142,GST,18,4508.27,9590.0,59,Corporate Tax Consulting,998231,8906286603498
Retainer Bank Reconciliation Services - Annual Cleanup,TAX-02143,GST,18,1861.56,5486.0,96,Accounting & Bookkeeping Services,998222,8906701656277
Standard End-to-End Payroll Processing - Upto 20 Employees,TAX-02144,GST,18,3861.68,12484.0,73,Payroll & Compliance Services,998223,8902312524235
Premium Bank Reconciliation Services - Annual Cleanup,TAX-02145,GST,18,1612.71,4002.0,76,Accounting & Bookkeeping Services,998222,8909496172150
PF & ESI Registration and Returns - Monthly Retainer,TAX-02146,GST,18,1897.86,5880.0,39,Payroll & Compliance Services,998223,8905313184560
PF & ESI Registration and Returns - Annual Package,TAX-02147,GST,18,2359.57,5248.0,25,Payroll & Compliance Services,998223,8900912944314
Retainer Tax Audit (U/s 44AB) - Individual/HUF,TAX-02148,GST,18,6944.83,18947.0,38,Financial Auditing Services,998221,8904377982402
Retainer Statutory Audit Services - Medium Enterprise,TAX-02149,GST,18,51051.98,109205.0,72,Financial Auditing Services,998221,8909981810096
Turnkey Bank Reconciliation Services - Monthly,TAX-02150,GST,18,1803.51,4860.0,88,Accounting & Bookkeeping Services,998222,8906355877452
Advanced Monthly GST Return Filing (GSTR 1 & 3B) - High Volume,TAX-02151,GST,18,2301.54,7884.0,28,Corporate Tax Consulting,998231,8903725442253
Managed End-to-End Payroll Processing - Upto 20 Employees,TAX-02152,GST,18,4255.89,12850.0,33,Payroll & Compliance Services,998223,8908050345538
Comprehensive Business & Professional ITR-3 / ITR-4 - Regular Accounts,TAX-02153,GST,18,1511.08,3616.0,60,Individual Tax Preparation,998232,8907666082887
Retainer TDS & TCS Return Filing - Form 27Q,TAX-02154,GST,18,1161.31,3582.0,26,Payroll & Compliance Services,998223,8900753136859
Comprehensive Monthly Bookkeeping Retainer - SME Plan,TAX-02155,GST,18,3726.22,7985.0,93,Accounting & Bookkeeping Services,998222,8900741443010
Advanced GST Registration & Advisory - E-commerce/Multi-State,TAX-02156,GST,18,1524.43,4400.0,86,Corporate Tax Consulting,998231,8906457443319
Standard Advance Tax Calculation & Advisory - Quarterly Retainer,TAX-02157,GST,18,897.93,2284.0,39,Individual Tax Preparation,998232,8903497296970
Basic Statutory Audit Services - Small Business,TAX-02158,GST,18,14620.9,35877.0,47,Financial Auditing Services,998221,8904997585861
Retainer Individual ITR-1 / ITR-2 Filing - Multiple Form 16 + Capital Gains,TAX-02159,GST,18,439.21,1503.0,26,Individual Tax Preparation,998232,8901599279437
Comprehensive Monthly GST Return Filing (GSTR 1 & 3B) - High Volume,TAX-02160,GST,18,3223.17,7841.0,15,Corporate Tax Consulting,998231,8903312223954
Premium Individual ITR-1 / ITR-2 Filing - Multiple Form 16 + Capital Gains,TAX-02161,GST,18,613.39,1417.0,25,Individual Tax Preparation,998232,8904836874777
Premium End-to-End Payroll Processing - Upto 50 Employees,TAX-02162,GST,18,3532.89,9106.0,55,Payroll & Compliance Services,998223,8906007622821
Standard Virtual CFO Services - Part-time (20 hours),TAX-02163,GST,18,19290.39,65431.0,74,Accounting & Bookkeeping Services,998222,8906827847264
Basic Virtual CFO Services - Part-time (20 hours),TAX-02164,GST,18,21882.95,73515.0,56,Accounting & Bookkeeping Services,998222,8909692066604
Standard NRI Tax Advisory & Filing - Standard Consultation,TAX-02165,GST,18,2996.35,7127.0,43,Individual Tax Preparation,998232,8903584981184
Comprehensive Corporate Income Tax Return (ITR-6) - Standard,TAX-02166,GST,18,14122.52,32086.0,13,Corporate Tax Consulting,998231,8906378170483
Standard Corporate Income Tax Return (ITR-6) - Standard,TAX-02167,GST,18,9261.09,28616.0,84,Corporate Tax Consulting,998231,8905585942193
Standard ROC Annual Compliance Filing - AOC-4 & MGT-7,TAX-02168,GST,18,3308.47,10851.0,34,Corporate Tax Consulting,998231,8906597276768
Dedicated GST Annual Return (GSTR-9/9C) - Turnover > 5Cr,TAX-02169,GST,18,15995.23,40649.0,81,Corporate Tax Consulting,998231,8906134174919
Retainer PF & ESI Registration and Returns - Monthly Retainer,TAX-02170,GST,18,2112.11,6757.0,32,Payroll & Compliance Services,998223,8906723399076
Premium Tax Audit (U/s 44AB) - Individual/HUF,TAX-02171,GST,18,5984.47,12705.0,88,Financial Auditing Services,998221,8901548044236
Standard Professional Tax (PT) Compliance - Registration,TAX-02172,GST,18,808.68,2327.0,11,Payroll & Compliance Services,998223,8901086164790
Managed End-to-End Payroll Processing - Upto 50 Employees,TAX-02173,GST,18,3048.24,9121.0,13,Payroll & Compliance Services,998223,8906799673672
Standard Stock & Inventory Audit - Multi-Location,TAX-02174,GST,18,13033.94,29611.0,34,Financial Auditing Services,998221,8907264320586
Advanced Advance Tax Calculation & Advisory - Quarterly Retainer,TAX-02175,GST,18,856.8,2511.0,70,Individual Tax Preparation,998232,8901557932770
Dedicated Statutory Audit Services - Corporate Entity,TAX-02176,GST,18,40734.81,119266.0,69,Financial Auditing Services,998221,8907326096856
Premium Advance Tax Calculation & Advisory - Quarterly Retainer,TAX-02177,GST,18,907.52,2528.0,96,Individual Tax Preparation,998232,8909735867943
Advanced Financial Statement Preparation (P&L/BS) - Private Limited,TAX-02178,GST,18,8970.47,18628.0,58,Accounting & Bookkeeping Services,998222,8903276765964
Turnkey Professional Tax (PT) Compliance - Annual Filing,TAX-02179,GST,18,859.12,2774.0,91,Payroll & Compliance Services,998223,8904715534745
Premium Internal Audit & Risk Assessment - Half-Yearly,TAX-02180,GST,18,20107.06,47493.0,73,Financial Auditing Services,998221,8902908489653
Premium NRI Tax Advisory & Filing - DTAA Benefit Filing,TAX-02181,GST,18,2291.17,7348.0,54,Individual Tax Preparation,998232,8904807805383
Turnkey Virtual CFO Services - Dedicated (40 hours),TAX-02182,GST,18,51644.57,117739.0,87,Accounting & Bookkeeping Services,998222,8901369648040
Basic Monthly GST Return Filing (GSTR 1 & 3B) - Standard B2B/B2C,TAX-02183,GST,18,774.87,2483.0,45,Corporate Tax Consulting,998231,8901506324051
Dedicated Internal Audit & Risk Assessment - Half-Yearly,TAX-02184,GST,18,12811.95,42331.0,67,Financial Auditing Services,998221,8909633467464
Basic GST Annual Return (GSTR-9/9C) - Turnover < 2Cr,TAX-02185,GST,18,4150.75,13638.0,27,Corporate Tax Consulting,998231,8907399741592
Standard Stock & Inventory Audit - Multi-Location,TAX-02186,GST,18,13951.46,29761.0,32,Financial Auditing Services,998221,8907607819516
Managed TDS & TCS Return Filing - Form 27Q,TAX-02187,GST,18,1231.2,3633.0,35,Payroll & Compliance Services,998223,8908330614435
Managed Corporate Income Tax Return (ITR-6) - Complex with Transfer Pricing,TAX-02188,GST,18,28720.05,66503.0,53,Corporate Tax Consulting,998231,8900526027068
Managed Corporate Income Tax Return (ITR-6) - Complex with Transfer Pricing,TAX-02189,GST,18,24386.28,51889.0,99,Corporate Tax Consulting,998231,8908129236139
Managed Internal Audit & Risk Assessment - Quarterly,TAX-02190,GST,18,16196.41,41234.0,92,Financial Auditing Services,998221,8909841337687
Retainer Tax Audit (U/s 44AB) - Company,TAX-02191,GST,18,8841.86,17839.0,84,Financial Auditing Services,998221,8901065106407
Retainer Forensic Audit & Fraud Investigation - Basic Assessment,TAX-02192,GST,18,22323.03,54738.0,77,Financial Auditing Services,998221,8904830348573
Corporate Income Tax Return (ITR-6) - Complex with Transfer Pricing,TAX-02193,GST,18,20613.31,50226.0,43,Corporate Tax Consulting,998231,8909272809031
ROC Annual Compliance Filing - AOC-4 & MGT-7,TAX-02194,GST,18,4465.93,14315.0,42,Corporate Tax Consulting,998231,8903167859844
Retainer End-to-End Payroll Processing - Upto 150 Employees,TAX-02195,GST,18,6066.24,20331.0,85,Payroll & Compliance Services,998223,8903032075605
Express Financial Statement Preparation (P&L/BS) - LLP,TAX-02196,GST,18,8168.61,17859.0,56,Accounting & Bookkeeping Services,998222,8902302999663
Comprehensive Monthly Bookkeeping Retainer - Enterprise Plan,TAX-02197,GST,18,9893.49,25103.0,61,Accounting & Bookkeeping Services,998222,8905403079915
End-to-End Payroll Processing - Upto 20 Employees,TAX-02198,GST,18,3045.84,10315.0,13,Payroll & Compliance Services,998223,8901295318500
Standard PF & ESI Registration and Returns - Monthly Retainer,TAX-02199,GST,18,2428.2,6793.0,99,Payroll & Compliance Services,998223,8900682048109
Advanced Monthly Bookkeeping Retainer - SME Plan,TAX-02200,GST,18,2782.36,8523.0,37,Accounting & Bookkeeping Services,998222,8908577973982
TDS & TCS Return Filing - Form 27Q,TAX-02201,GST,18,1209.22,3373.0,23,Payroll & Compliance Services,998223,8905182723826
Standard PF & ESI Registration and Returns - Annual Package,TAX-02202,GST,18,2772.51,6313.0,56,Payroll & Compliance Services,998223,8905768815590
Standard Monthly Bookkeeping Retainer - Enterprise Plan,TAX-02203,GST,18,7035.16,21752.0,89,Accounting & Bookkeeping Services,998222,8905448761504
Dedicated NRI Tax Advisory & Filing - Standard Consultation,TAX-02204,GST,18,3380.06,9348.0,27,Individual Tax Preparation,998232,8904464035076
Dedicated NRI Tax Advisory & Filing - DTAA Benefit Filing,TAX-02205,GST,18,2751.66,8805.0,36,Individual Tax Preparation,998232,8905588108227
Managed Corporate Income Tax Return (ITR-6) - Complex with Transfer Pricing,TAX-02206,GST,18,27628.05,73989.0,73,Corporate Tax Consulting,998231,8907459254123
Advanced Advance Tax Calculation & Advisory - Quarterly Retainer,TAX-02207,GST,18,726.15,2337.0,41,Individual Tax Preparation,998232,8907979007045
Advanced TDS & TCS Return Filing - Form 27Q,TAX-02208,GST,18,1222.22,3796.0,69,Payroll & Compliance Services,998223,8904166239567
Dedicated Internal Audit & Risk Assessment - Half-Yearly,TAX-02209,GST,18,17382.7,43722.0,13,Financial Auditing Services,998221,8902767490641
Comprehensive Cloud Accounting Setup (Tally/Zoho) - Advanced Integration,TAX-02210,GST,18,5268.59,13677.0,35,Accounting & Bookkeeping Services,998222,8901451341700
Dedicated TDS & TCS Return Filing - Form 26Q,TAX-02211,GST,18,1184.13,3772.0,55,Payroll & Compliance Services,998223,8905955621683
Turnkey Bank Reconciliation Services - Annual Cleanup,TAX-02212,GST,18,2420.53,5037.0,88,Accounting & Bookkeeping Services,998222,8905049108604
Standard Monthly Bookkeeping Retainer - SME Plan,TAX-02213,GST,18,3159.82,7882.0,70,Accounting & Bookkeeping Services,998222,8908521979336
Express Advance Tax Calculation & Advisory - Quarterly Retainer,TAX-02214,GST,18,965.37,2282.0,18,Individual Tax Preparation,998232,8906089888501
Retainer Tax Audit (U/s 44AB) - Partnership Firm,TAX-02215,GST,18,6364.83,13477.0,23,Financial Auditing Services,998221,8905320264009
Express Cloud Accounting Setup (Tally/Zoho) - Basic Setup,TAX-02216,GST,18,2662.15,7320.0,15,Accounting & Bookkeeping Services,998222,8902038878218
Advanced Business & Professional ITR-3 / ITR-4 - Regular Accounts,TAX-02217,GST,18,2147.16,5743.0,22,Individual Tax Preparation,998232,8906766342083
Advanced End-to-End Payroll Processing - Upto 20 Employees,TAX-02218,GST,18,2836.56,8932.0,65,Payroll & Compliance Services,998223,8904742644047
Managed Business & Professional ITR-3 / ITR-4 - Presumptive Taxation,TAX-02219,GST,18,1866.37,4948.0,40,Individual Tax Preparation,998232,8907958187744
Turnkey Business & Professional ITR-3 / ITR-4 - Regular Accounts,TAX-02220,GST,18,1597.33,4785.0,49,Individual Tax Preparation,998232,8904693995315
Advanced Professional Tax (PT) Compliance - Annual Filing,TAX-02221,GST,18,1228.0,2817.0,45,Payroll & Compliance Services,998223,8900269089649
GST Annual Return (GSTR-9/9C) - Turnover > 5Cr,TAX-02222,GST,18,17515.03,48675.0,25,Corporate Tax Consulting,998231,8908229232468
Premium Monthly GST Return Filing (GSTR 1 & 3B) - Nil Return,TAX-02223,GST,18,711.17,1644.0,72,Corporate Tax Consulting,998231,8908406138674
Retainer NRI Tax Advisory & Filing - DTAA Benefit Filing,TAX-02224,GST,18,2174.88,7378.0,52,Individual Tax Preparation,998232,8905965765786
Dedicated Individual ITR-1 / ITR-2 Filing - Salaried Single Form 16,TAX-02225,GST,18,266.29,872.0,26,Individual Tax Preparation,998232,8906764494363
Dedicated Financial Statement Preparation (P&L/BS) - Proprietorship,TAX-02226,GST,18,6329.31,15083.0,65,Accounting & Bookkeeping Services,998222,8905344200421
Advanced Advance Tax Calculation & Advisory - One-Time Analysis,TAX-02227,GST,18,956.44,2056.0,57,Individual Tax Preparation,998232,8902035191985
Dedicated Tax Audit (U/s 44AB) - Partnership Firm,TAX-02228,GST,18,7099.0,16705.0,50,Financial Auditing Services,998221,8908508143229
Turnkey Advance Tax Calculation & Advisory - One-Time Analysis,TAX-02229,GST,18,1001.21,2310.0,72,Individual Tax Preparation,998232,8909042338106
Managed Stock & Inventory Audit - Single Location,TAX-02230,GST,18,6455.45,16432.0,26,Financial Auditing Services,998221,8909184574965
Comprehensive Individual ITR-1 / ITR-2 Filing - Multiple Form 16 + Capital Gains,TAX-02231,GST,18,509.01,1555.0,54,Individual Tax Preparation,998232,8909961143583
Tax Audit (U/s 44AB) - Individual/HUF,TAX-02232,GST,18,5046.23,15630.0,56,Financial Auditing Services,998221,8901306109221
Advanced ROC Annual Compliance Filing - Fast Track Strike Off,TAX-02233,GST,18,3418.24,11635.0,68,Corporate Tax Consulting,998231,8901473204319
Basic Financial Statement Preparation (P&L/BS) - Private Limited,TAX-02234,GST,18,7931.09,17999.0,64,Accounting & Bookkeeping Services,998222,8906560233616
Premium TDS & TCS Return Filing - Form 27Q,TAX-02235,GST,18,1592.2,3532.0,68,Payroll & Compliance Services,998223,8905552672036
Managed GST Registration & Advisory - Standard Business,TAX-02236,GST,18,2410.68,5229.0,10,Corporate Tax Consulting,998231,8905687069057
Standard Statutory Audit Services - Small Business,TAX-02237,GST,18,16128.95,34467.0,59,Financial Auditing Services,998221,8907932353933
Retainer Tax Audit (U/s 44AB) - Partnership Firm,TAX-02238,GST,18,4910.68,14114.0,50,Financial Auditing Services,998221,8901657079432
Premium Stock & Inventory Audit - Single Location,TAX-02239,GST,18,7717.15,17479.0,97,Financial Auditing Services,998221,8904685519020
Standard End-to-End Payroll Processing - Upto 150 Employees,TAX-02240,GST,18,7043.46,17307.0,74,Payroll & Compliance Services,998223,8900510933465
Basic Cloud Accounting Setup (Tally/Zoho) - Advanced Integration,TAX-02241,GST,18,7057.52,14184.0,71,Accounting & Bookkeeping Services,998222,8905437009841
Managed Corporate Income Tax Return (ITR-6) - Standard,TAX-02242,GST,18,15424.68,31613.0,92,Corporate Tax Consulting,998231,8902170470125
Basic Business & Professional ITR-3 / ITR-4 - Presumptive Taxation,TAX-02243,GST,18,1928.01,5671.0,82,Individual Tax Preparation,998232,8907178568176
Premium Advance Tax Calculation & Advisory - One-Time Analysis,TAX-02244,GST,18,912.87,1955.0,40,Individual Tax Preparation,998232,8909301055916
Business & Professional ITR-3 / ITR-4 - Presumptive Taxation,TAX-02245,GST,18,1306.15,3766.0,58,Individual Tax Preparation,998232,8904708944065
Dedicated TDS & TCS Return Filing - Form 24Q,TAX-02246,GST,18,1118.31,3799.0,57,Payroll & Compliance Services,998223,8907076509462
Turnkey Forensic Audit & Fraud Investigation - Detailed Investigation,TAX-02247,GST,18,51197.18,174720.0,33,Financial Auditing Services,998221,8907192602611
Standard Advance Tax Calculation & Advisory - Quarterly Retainer,TAX-02248,GST,18,558.85,1626.0,38,Individual Tax Preparation,998232,8906091949081
Basic GST Registration & Advisory - Standard Business,TAX-02249,GST,18,2123.38,5838.0,61,Corporate Tax Consulting,998231,8902805877770
Express Tax Audit (U/s 44AB) - Company,TAX-02250,GST,18,5081.58,15481.0,74,Financial Auditing Services,998221,8902119569646
Basic Forensic Audit & Fraud Investigation - Detailed Investigation,TAX-02251,GST,18,64942.74,223574.0,56,Financial Auditing Services,998221,8906919220513
Express Professional Tax (PT) Compliance - Registration,TAX-02252,GST,18,1057.66,3167.0,46,Payroll & Compliance Services,998223,8908925007516
Corporate Income Tax Return (ITR-6) - Complex with Transfer Pricing,TAX-02253,GST,18,25456.45,64778.0,25,Corporate Tax Consulting,998231,8908217748747
Dedicated ROC Annual Compliance Filing - AOC-4 & MGT-7,TAX-02254,GST,18,5059.34,14780.0,89,Corporate Tax Consulting,998231,8905843835699
Comprehensive Advance Tax Calculation & Advisory - Quarterly Retainer,TAX-02255,GST,18,617.5,1951.0,20,Individual Tax Preparation,998232,8909306469126
Express GST Registration & Advisory - Standard Business,TAX-02256,GST,18,1579.62,4546.0,34,Corporate Tax Consulting,998231,8903530313878
Monthly Bookkeeping Retainer - SME Plan,TAX-02257,GST,18,3625.89,7973.0,71,Accounting & Bookkeeping Services,998222,8905335526202
Advanced NRI Tax Advisory & Filing - DTAA Benefit Filing,TAX-02258,GST,18,3806.33,8320.0,33,Individual Tax Preparation,998232,8908269934517
Comprehensive Virtual CFO Services - Part-time (20 hours),TAX-02259,GST,18,22355.59,52123.0,66,Accounting & Bookkeeping Services,998222,8907865039475
Managed Tax Audit (U/s 44AB) - Partnership Firm,TAX-02260,GST,18,6270.0,17195.0,71,Financial Auditing Services,998221,8909174312434
Basic PF & ESI Registration and Returns - Annual Package,TAX-02261,GST,18,2072.94,6309.0,18,Payroll & Compliance Services,998223,8905750927209
Basic End-to-End Payroll Processing - Upto 150 Employees,TAX-02262,GST,18,5839.01,17825.0,57,Payroll & Compliance Services,998223,8907562943391
Managed ROC Annual Compliance Filing - Fast Track Strike Off,TAX-02263,GST,18,4816.07,15459.0,78,Corporate Tax Consulting,998231,8905506943944
Standard Statutory Audit Services - Corporate Entity,TAX-02264,GST,18,45508.95,100978.0,72,Financial Auditing Services,998221,8909749354921
Standard Statutory Audit Services - Corporate Entity,TAX-02265,GST,18,39674.46,131558.0,88,Financial Auditing Services,998221,8906991329357
Retainer PF & ESI Registration and Returns - Annual Package,TAX-02266,GST,18,3526.36,7463.0,21,Payroll & Compliance Services,998223,8905703475601
Turnkey Corporate Income Tax Return (ITR-6) - Standard,TAX-02267,GST,18,6878.16,22342.0,52,Corporate Tax Consulting,998231,8905462021354
Comprehensive ROC Annual Compliance Filing - AOC-4 & MGT-7,TAX-02268,GST,18,4758.23,13582.0,10,Corporate Tax Consulting,998231,8907173434660
Managed NRI Tax Advisory & Filing - DTAA Benefit Filing,TAX-02269,GST,18,2966.78,9141.0,16,Individual Tax Preparation,998232,8906039810795
Dedicated Forensic Audit & Fraud Investigation - Basic Assessment,TAX-02270,GST,18,17409.75,41603.0,20,Financial Auditing Services,998221,8902022417561
Express ROC Annual Compliance Filing - AOC-4 & MGT-7,TAX-02271,GST,18,4885.19,11625.0,20,Corporate Tax Consulting,998231,8908541333665
Dedicated Internal Audit & Risk Assessment - Annual,TAX-02272,GST,18,17821.6,51610.0,18,Financial Auditing Services,998221,8905658179157
Dedicated Business & Professional ITR-3 / ITR-4 - Presumptive Taxation,TAX-02273,GST,18,1248.25,4000.0,85,Individual Tax Preparation,998232,8902219114299
Advanced NRI Tax Advisory & Filing - Standard Consultation,TAX-02274,GST,18,3403.04,6841.0,20,Individual Tax Preparation,998232,8903856993914
Comprehensive Financial Statement Preparation (P&L/BS) - Private Limited,TAX-02275,GST,18,5521.63,12043.0,30,Accounting & Bookkeeping Services,998222,8900174020984
Turnkey Professional Tax (PT) Compliance - Annual Filing,TAX-02276,GST,18,1003.7,2455.0,19,Payroll & Compliance Services,998223,8908272913675
Advanced Individual ITR-1 / ITR-2 Filing - Multiple Form 16 + Capital Gains,TAX-02277,GST,18,630.43,1917.0,83,Individual Tax Preparation,998232,8901532180113
Comprehensive Stock & Inventory Audit - Multi-Location,TAX-02278,GST,18,12886.79,32719.0,78,Financial Auditing Services,998221,8902342840224
Managed Monthly GST Return Filing (GSTR 1 & 3B) - Standard B2B/B2C,TAX-02279,GST,18,1239.56,3650.0,30,Corporate Tax Consulting,998231,8900253423867
Turnkey Forensic Audit & Fraud Investigation - Detailed Investigation,TAX-02280,GST,18,51584.98,162964.0,89,Financial Auditing Services,998221,8903987667408
Standard GST Annual Return (GSTR-9/9C) - Turnover < 2Cr,TAX-02281,GST,18,4133.18,12298.0,32,Corporate Tax Consulting,998231,8904003305109
Managed Monthly GST Return Filing (GSTR 1 & 3B) - Standard B2B/B2C,TAX-02282,GST,18,1634.37,3606.0,45,Corporate Tax Consulting,998231,8902654168939
Basic Financial Statement Preparation (P&L/BS) - Private Limited,TAX-02283,GST,18,6599.31,16357.0,33,Accounting & Bookkeeping Services,998222,8903818289363
Financial Statement Preparation (P&L/BS) - LLP,TAX-02284,GST,18,7479.78,15199.0,15,Accounting & Bookkeeping Services,998222,8904235731899
Standard PF & ESI Registration and Returns - Monthly Retainer,TAX-02285,GST,18,2307.99,6976.0,85,Payroll & Compliance Services,998223,8902135347050
Managed GST Registration & Advisory - E-commerce/Multi-State,TAX-02286,GST,18,1440.6,4444.0,80,Corporate Tax Consulting,998231,8904949996357
Turnkey ROC Annual Compliance Filing - Fast Track Strike Off,TAX-02287,GST,18,4914.91,10351.0,79,Corporate Tax Consulting,998231,8900595194845
Dedicated PF & ESI Registration and Returns - Monthly Retainer,TAX-02288,GST,18,2614.0,6548.0,35,Payroll & Compliance Services,998223,8903059154196
Standard Bank Reconciliation Services - Monthly,TAX-02289,GST,18,1553.85,4065.0,49,Accounting & Bookkeeping Services,998222,8905136365905
Managed Tax Audit (U/s 44AB) - Individual/HUF,TAX-02290,GST,18,4145.17,13780.0,28,Financial Auditing Services,998221,8902342678703
Comprehensive Cloud Accounting Setup (Tally/Zoho) - Basic Setup,TAX-02291,GST,18,2861.36,7617.0,77,Accounting & Bookkeeping Services,998222,8909935475211
Dedicated Financial Statement Preparation (P&L/BS) - LLP,TAX-02292,GST,18,7253.29,19110.0,73,Accounting & Bookkeeping Services,998222,8903114933108
Basic Advance Tax Calculation & Advisory - Quarterly Retainer,TAX-02293,GST,18,624.63,1654.0,52,Individual Tax Preparation,998232,8909400381803
Standard Corporate Income Tax Return (ITR-6) - Complex with Transfer Pricing,TAX-02294,GST,18,21078.36,71172.0,26,Corporate Tax Consulting,998231,8901824140817
Advanced Internal Audit & Risk Assessment - Annual,TAX-02295,GST,18,24569.95,51450.0,91,Financial Auditing Services,998221,8908787321499
Basic Advance Tax Calculation & Advisory - Quarterly Retainer,TAX-02296,GST,18,657.67,2265.0,45,Individual Tax Preparation,998232,8903474334421
Standard Forensic Audit & Fraud Investigation - Detailed Investigation,TAX-02297,GST,18,77039.23,247079.0,47,Financial Auditing Services,998221,8906010413135
Managed TDS & TCS Return Filing - Form 27Q,TAX-02298,GST,18,1727.48,3800.0,70,Payroll & Compliance Services,998223,8902239567217
Retainer GST Registration & Advisory - E-commerce/Multi-State,TAX-02299,GST,18,1743.25,5639.0,72,Corporate Tax Consulting,998231,8906775138771
Retainer Cloud Accounting Setup (Tally/Zoho) - Basic Setup,TAX-02300,GST,18,3963.92,9255.0,68,Accounting & Bookkeeping Services,998222,8902048730451
Dedicated NRI Tax Advisory & Filing - DTAA Benefit Filing,TAX-02301,GST,18,3578.43,9357.0,75,Individual Tax Preparation,998232,8901734188079
Basic Corporate Income Tax Return (ITR-6) - Standard,TAX-02302,GST,18,8715.84,27830.0,54,Corporate Tax Consulting,998231,8907585939185
Comprehensive Financial Statement Preparation (P&L/BS) - LLP,TAX-02303,GST,18,3654.96,12247.0,49,Accounting & Bookkeeping Services,998222,8909339271954
Retainer Forensic Audit & Fraud Investigation - Basic Assessment,TAX-02304,GST,18,17461.41,45936.0,68,Financial Auditing Services,998221,8900207153784
Dedicated Monthly Bookkeeping Retainer - Enterprise Plan,TAX-02305,GST,18,6588.59,19590.0,53,Accounting & Bookkeeping Services,998222,8903544078967
ROC Annual Compliance Filing - AOC-4 & MGT-7,TAX-02306,GST,18,4489.68,13895.0,23,Corporate Tax Consulting,998231,8900072040947
Advanced Statutory Audit Services - Small Business,TAX-02307,GST,18,9906.59,30038.0,56,Financial Auditing Services,998221,8907804104866
Advanced GST Registration & Advisory - E-commerce/Multi-State,TAX-02308,GST,18,2581.63,5740.0,65,Corporate Tax Consulting,998231,8902447049867
Standard Statutory Audit Services - Small Business,TAX-02309,GST,18,11681.17,31531.0,11,Financial Auditing Services,998221,8903325704430
Advanced Monthly GST Return Filing (GSTR 1 & 3B) - Nil Return,TAX-02310,GST,18,734.67,2196.0,77,Corporate Tax Consulting,998231,8909974903043
Managed Individual ITR-1 / ITR-2 Filing - Multiple Form 16 + Capital Gains,TAX-02311,GST,18,502.78,1668.0,74,Individual Tax Preparation,998232,8909924692470
End-to-End Payroll Processing - Upto 20 Employees,TAX-02312,GST,18,4186.24,8958.0,64,Payroll & Compliance Services,998223,8904323145651
Managed Individual ITR-1 / ITR-2 Filing - Salaried Single Form 16,TAX-02313,GST,18,417.25,885.0,70,Individual Tax Preparation,998232,8900034374325
Premium GST Annual Return (GSTR-9/9C) - Turnover > 5Cr,TAX-02314,GST,18,15116.01,48234.0,98,Corporate Tax Consulting,998231,8905362512311
TDS & TCS Return Filing - Form 24Q,TAX-02315,GST,18,1009.76,2916.0,13,Payroll & Compliance Services,998223,8902060713693
Comprehensive Statutory Audit Services - Medium Enterprise,TAX-02316,GST,18,32029.14,111034.0,49,Financial Auditing Services,998221,8904267353842
Standard Professional Tax (PT) Compliance - Registration,TAX-02317,GST,18,1405.92,3041.0,97,Payroll & Compliance Services,998223,8905999442618
Basic TDS & TCS Return Filing - Form 26Q,TAX-02318,GST,18,1128.77,3568.0,50,Payroll & Compliance Services,998223,8908268295081
Comprehensive TDS & TCS Return Filing - Form 24Q,TAX-02319,GST,18,1907.88,4198.0,54,Payroll & Compliance Services,998223,8908593580352
Premium Individual ITR-1 / ITR-2 Filing - Multiple Form 16 + Capital Gains,TAX-02320,GST,18,690.66,1895.0,15,Individual Tax Preparation,998232,8907819735442
Managed PF & ESI Registration and Returns - Annual Package,TAX-02321,GST,18,2304.64,6277.0,46,Payroll & Compliance Services,998223,8904964930464
Premium Statutory Audit Services - Medium Enterprise,TAX-02322,GST,18,44372.11,124158.0,75,Financial Auditing Services,998221,8902648627553
Retainer GST Annual Return (GSTR-9/9C) - Turnover < 2Cr,TAX-02323,GST,18,4916.07,14637.0,47,Corporate Tax Consulting,998231,8906091210407
Dedicated Bank Reconciliation Services - Annual Cleanup,TAX-02324,GST,18,2006.49,5828.0,15,Accounting & Bookkeeping Services,998222,8901609932470
Turnkey ROC Annual Compliance Filing - AOC-4 & MGT-7,TAX-02325,GST,18,6026.72,15313.0,23,Corporate Tax Consulting,998231,8907431603250
Basic Virtual CFO Services - Dedicated (40 hours),TAX-02326,GST,18,42398.22,122795.0,77,Accounting & Bookkeeping Services,998222,8904427895236
Express Forensic Audit & Fraud Investigation - Detailed Investigation,TAX-02327,GST,18,84138.27,201414.0,49,Financial Auditing Services,998221,8909595781273
Forensic Audit & Fraud Investigation - Detailed Investigation,TAX-02328,GST,18,77904.47,232788.0,28,Financial Auditing Services,998221,8907183224023
Business & Professional ITR-3 / ITR-4 - Regular Accounts,TAX-02329,GST,18,2084.61,5657.0,23,Individual Tax Preparation,998232,8907640404655
Retainer Statutory Audit Services - Small Business,TAX-02330,GST,18,10760.76,29667.0,25,Financial Auditing Services,998221,8900502289207
Dedicated TDS & TCS Return Filing - Form 27Q,TAX-02331,GST,18,905.7,3097.0,77,Payroll & Compliance Services,998223,8902767742393
Basic TDS & TCS Return Filing - Form 24Q,TAX-02332,GST,18,1212.71,4235.0,68,Payroll & Compliance Services,998223,8903278396921
Premium End-to-End Payroll Processing - Upto 20 Employees,TAX-02333,GST,18,4340.39,8690.0,66,Payroll & Compliance Services,998223,8902143486965
Dedicated Financial Statement Preparation (P&L/BS) - Proprietorship,TAX-02334,GST,18,6914.45,18770.0,24,Accounting & Bookkeeping Services,998222,8900520898318
Monthly GST Return Filing (GSTR 1 & 3B) - Nil Return,TAX-02335,GST,18,622.88,2169.0,16,Corporate Tax Consulting,998231,8907933773129
Standard Monthly GST Return Filing (GSTR 1 & 3B) - Standard B2B/B2C,TAX-02336,GST,18,1265.59,3513.0,16,Corporate Tax Consulting,998231,8902759082680
Managed Stock & Inventory Audit - Single Location,TAX-02337,GST,18,8576.49,17507.0,93,Financial Auditing Services,998221,8907121894523
Premium NRI Tax Advisory & Filing - DTAA Benefit Filing,TAX-02338,GST,18,2992.36,6926.0,51,Individual Tax Preparation,998232,8909987517579
Basic Internal Audit & Risk Assessment - Quarterly,TAX-02339,GST,18,9481.72,32275.0,77,Financial Auditing Services,998221,8908060941750
Basic Bank Reconciliation Services - Monthly,TAX-02340,GST,18,3058.02,6332.0,75,Accounting & Bookkeeping Services,998222,8908675875585
Express Stock & Inventory Audit - Multi-Location,TAX-02341,GST,18,17249.09,42355.0,15,Financial Auditing Services,998221,8904972366946
Retainer Financial Statement Preparation (P&L/BS) - Proprietorship,TAX-02342,GST,18,6066.55,15219.0,79,Accounting & Bookkeeping Services,998222,8901420438450
Standard Professional Tax (PT) Compliance - Registration,TAX-02343,GST,18,1011.59,2609.0,94,Payroll & Compliance Services,998223,8903493941667
Retainer End-to-End Payroll Processing - Upto 50 Employees,TAX-02344,GST,18,4392.14,12472.0,98,Payroll & Compliance Services,998223,8906985857491
Statutory Audit Services - Medium Enterprise,TAX-02345,GST,18,56754.25,150690.0,92,Financial Auditing Services,998221,8902641879397
Managed NRI Tax Advisory & Filing - Standard Consultation,TAX-02346,GST,18,3931.77,8291.0,30,Individual Tax Preparation,998232,8904931645982
Retainer PF & ESI Registration and Returns - Annual Package,TAX-02347,GST,18,1820.65,4844.0,47,Payroll & Compliance Services,998223,8900793651875
Turnkey ROC Annual Compliance Filing - AOC-4 & MGT-7,TAX-02348,GST,18,4472.07,15000.0,27,Corporate Tax Consulting,998231,8900327357125
Standard GST Annual Return (GSTR-9/9C) - Turnover < 2Cr,TAX-02349,GST,18,5542.7,13157.0,13,Corporate Tax Consulting,998231,8908578959153
Dedicated Bank Reconciliation Services - Monthly,TAX-02350,GST,18,2310.01,5939.0,10,Accounting & Bookkeeping Services,998222,8909805783690
Advanced Monthly Bookkeeping Retainer - Startup Plan,TAX-02351,GST,18,1988.81,6693.0,41,Accounting & Bookkeeping Services,998222,8906532985684
Premium Advance Tax Calculation & Advisory - One-Time Analysis,TAX-02352,GST,18,729.57,2336.0,64,Individual Tax Preparation,998232,8900074614337
Express Statutory Audit Services - Medium Enterprise,TAX-02353,GST,18,31791.05,104959.0,72,Financial Auditing Services,998221,8904436871638
Standard GST Annual Return (GSTR-9/9C) - Turnover < 2Cr,TAX-02354,GST,18,5631.73,18799.0,100,Corporate Tax Consulting,998231,8907405458661
Retainer Business & Professional ITR-3 / ITR-4 - Regular Accounts,TAX-02355,GST,18,2124.8,5230.0,45,Individual Tax Preparation,998232,8902785314198
Turnkey Advance Tax Calculation & Advisory - Quarterly Retainer,TAX-02356,GST,18,756.9,1807.0,83,Individual Tax Preparation,998232,8902122339982
Premium Tax Audit (U/s 44AB) - Company,TAX-02357,GST,18,3972.09,12107.0,25,Financial Auditing Services,998221,8903204484567
GST Registration & Advisory - E-commerce/Multi-State,TAX-02358,GST,18,1353.7,4198.0,69,Corporate Tax Consulting,998231,8906604568939
Statutory Audit Services - Medium Enterprise,TAX-02359,GST,18,61324.25,151175.0,66,Financial Auditing Services,998221,8906776576664
Retainer GST Annual Return (GSTR-9/9C) - Turnover < 2Cr,TAX-02360,GST,18,7277.04,14646.0,95,Corporate Tax Consulting,998231,8905296455217
Express End-to-End Payroll Processing - Upto 50 Employees,TAX-02361,GST,18,3999.84,11116.0,77,Payroll & Compliance Services,998223,8902988727544
Turnkey Cloud Accounting Setup (Tally/Zoho) - Basic Setup,TAX-02362,GST,18,1979.51,6037.0,56,Accounting & Bookkeeping Services,998222,8900692987386
Turnkey End-to-End Payroll Processing - Upto 20 Employees,TAX-02363,GST,18,5431.9,12002.0,63,Payroll & Compliance Services,998223,8906390321430
Basic Monthly Bookkeeping Retainer - Enterprise Plan,TAX-02364,GST,18,8046.07,25998.0,40,Accounting & Bookkeeping Services,998222,8903011184065
Retainer TDS & TCS Return Filing - Form 26Q,TAX-02365,GST,18,1435.89,3672.0,99,Payroll & Compliance Services,998223,8904529615143
Advanced ROC Annual Compliance Filing - Fast Track Strike Off,TAX-02366,GST,18,3815.09,11679.0,76,Corporate Tax Consulting,998231,8903517983871
Turnkey Bank Reconciliation Services - Annual Cleanup,TAX-02367,GST,18,1895.1,6388.0,65,Accounting & Bookkeeping Services,998222,8903389586417
Business & Professional ITR-3 / ITR-4 - Regular Accounts,TAX-02368,GST,18,2161.09,4471.0,25,Individual Tax Preparation,998232,8909991624694
Express GST Annual Return (GSTR-9/9C) - Turnover < 2Cr,TAX-02369,GST,18,4205.7,13469.0,97,Corporate Tax Consulting,998231,8908426851797
Express Financial Statement Preparation (P&L/BS) - Private Limited,TAX-02370,GST,18,5998.69,17452.0,16,Accounting & Bookkeeping Services,998222,8901027190952
Internal Audit & Risk Assessment - Annual,TAX-02371,GST,18,19097.39,41084.0,26,Financial Auditing Services,998221,8901519045624
Comprehensive Professional Tax (PT) Compliance - Registration,TAX-02372,GST,18,790.79,2045.0,64,Payroll & Compliance Services,998223,8906339350824
Comprehensive Cloud Accounting Setup (Tally/Zoho) - Advanced Integration,TAX-02373,GST,18,3832.72,11538.0,21,Accounting & Bookkeeping Services,998222,8904030755984
Premium Tax Audit (U/s 44AB) - Individual/HUF,TAX-02374,GST,18,5385.99,13059.0,48,Financial Auditing Services,998221,8903507450933
Express Virtual CFO Services - Part-time (20 hours),TAX-02375,GST,18,20219.95,67190.0,87,Accounting & Bookkeeping Services,998222,8907024404310
Managed Individual ITR-1 / ITR-2 Filing - Multiple Form 16 + Capital Gains,TAX-02376,GST,18,448.54,1272.0,40,Individual Tax Preparation,998232,8905327737655
Standard Professional Tax (PT) Compliance - Annual Filing,TAX-02377,GST,18,955.46,2547.0,70,Payroll & Compliance Services,998223,8903554814712
Standard GST Annual Return (GSTR-9/9C) - Turnover > 5Cr,TAX-02378,GST,18,12022.1,36367.0,84,Corporate Tax Consulting,998231,8903929427021
Standard End-to-End Payroll Processing - Upto 150 Employees,TAX-02379,GST,18,6829.9,16269.0,38,Payroll & Compliance Services,998223,8903906279895
Managed Business & Professional ITR-3 / ITR-4 - Regular Accounts,TAX-02380,GST,18,2008.33,4665.0,82,Individual Tax Preparation,998232,8901299037191
Express Financial Statement Preparation (P&L/BS) - Private Limited,TAX-02381,GST,18,4537.59,13818.0,56,Accounting & Bookkeeping Services,998222,8905714211622
Express Forensic Audit & Fraud Investigation - Detailed Investigation,TAX-02382,GST,18,84198.54,168884.0,45,Financial Auditing Services,998221,8904364364443
Express Virtual CFO Services - Dedicated (40 hours),TAX-02383,GST,18,41159.71,91417.0,98,Accounting & Bookkeeping Services,998222,8900072276835
Premium Financial Statement Preparation (P&L/BS) - LLP,TAX-02384,GST,18,6647.82,18354.0,67,Accounting & Bookkeeping Services,998222,8908571093385
Premium Monthly Bookkeeping Retainer - Startup Plan,TAX-02385,GST,18,2613.11,8752.0,95,Accounting & Bookkeeping Services,998222,8906325867754
Standard Corporate Income Tax Return (ITR-6) - Complex with Transfer Pricing,TAX-02386,GST,18,22969.06,64982.0,49,Corporate Tax Consulting,998231,8907034463324
Retainer Corporate Income Tax Return (ITR-6) - Complex with Transfer Pricing,TAX-02387,GST,18,18218.2,58908.0,18,Corporate Tax Consulting,998231,8905463517573
Dedicated End-to-End Payroll Processing - Upto 150 Employees,TAX-02388,GST,18,4969.56,15374.0,73,Payroll & Compliance Services,998223,8906965959656
Basic Statutory Audit Services - Corporate Entity,TAX-02389,GST,18,53932.64,144084.0,50,Financial Auditing Services,998221,8902296484210
Comprehensive Business & Professional ITR-3 / ITR-4 - Presumptive Taxation,TAX-02390,GST,18,1398.73,4334.0,53,Individual Tax Preparation,998232,8905795372376
Standard GST Registration & Advisory - E-commerce/Multi-State,TAX-02391,GST,18,1246.04,4241.0,49,Corporate Tax Consulting,998231,8903029708137
Standard Cloud Accounting Setup (Tally/Zoho) - Basic Setup,TAX-02392,GST,18,1836.06,5818.0,56,Accounting & Bookkeeping Services,998222,8902439229501
Retainer Professional Tax (PT) Compliance - Registration,TAX-02393,GST,18,863.9,2325.0,65,Payroll & Compliance Services,998223,8909539087834
GST Annual Return (GSTR-9/9C) - Turnover > 5Cr,TAX-02394,GST,18,20089.17,41694.0,66,Corporate Tax Consulting,998231,8908244666694
Business & Professional ITR-3 / ITR-4 - Regular Accounts,TAX-02395,GST,18,1802.64,5444.0,82,Individual Tax Preparation,998232,8904386825085
PF & ESI Registration and Returns - Annual Package,TAX-02396,GST,18,2129.33,6082.0,33,Payroll & Compliance Services,998223,8906692325727
Retainer Bank Reconciliation Services - Annual Cleanup,TAX-02397,GST,18,2080.03,6050.0,31,Accounting & Bookkeeping Services,998222,8907047233446
Premium GST Annual Return (GSTR-9/9C) - Turnover < 2Cr,TAX-02398,GST,18,4301.51,14651.0,48,Corporate Tax Consulting,998231,8909618068628
Express Advance Tax Calculation & Advisory - One-Time Analysis,TAX-02399,GST,18,1066.14,2567.0,42,Individual Tax Preparation,998232,8909403951869
Basic Professional Tax (PT) Compliance - Registration,TAX-02400,GST,18,1176.12,2834.0,81,Payroll & Compliance Services,998223,8908331838016
Managed Business & Professional ITR-3 / ITR-4 - Regular Accounts,TAX-02401,GST,18,2163.0,4547.0,27,Individual Tax Preparation,998232,8903779398012
Turnkey Monthly Bookkeeping Retainer - Startup Plan,TAX-02402,GST,18,2638.31,7260.0,56,Accounting & Bookkeeping Services,998222,8902002391523
Turnkey Internal Audit & Risk Assessment - Quarterly,TAX-02403,GST,18,14773.49,44743.0,96,Financial Auditing Services,998221,8901409821270
Retainer Cloud Accounting Setup (Tally/Zoho) - Basic Setup,TAX-02404,GST,18,2993.18,7901.0,33,Accounting & Bookkeeping Services,998222,8900129590317
Express Corporate Income Tax Return (ITR-6) - Complex with Transfer Pricing,TAX-02405,GST,18,35531.81,71796.0,99,Corporate Tax Consulting,998231,8900191765324
Basic PF & ESI Registration and Returns - Annual Package,TAX-02406,GST,18,2586.18,7152.0,71,Payroll & Compliance Services,998223,8901515474691
Retainer Forensic Audit & Fraud Investigation - Basic Assessment,TAX-02407,GST,18,22387.1,49253.0,28,Financial Auditing Services,998221,8908204009380
Business & Professional ITR-3 / ITR-4 - Regular Accounts,TAX-02408,GST,18,1757.1,5205.0,32,Individual Tax Preparation,998232,8903216005932
Basic End-to-End Payroll Processing - Upto 150 Employees,TAX-02409,GST,18,5041.49,15649.0,54,Payroll & Compliance Services,998223,8902762520213
Managed Statutory Audit Services - Medium Enterprise,TAX-02410,GST,18,43794.04,135250.0,31,Financial Auditing Services,998221,8908326701167
Turnkey Individual ITR-1 / ITR-2 Filing - Salaried Single Form 16,TAX-02411,GST,18,430.72,1164.0,78,Individual Tax Preparation,998232,8906290251538
Turnkey Corporate Income Tax Return (ITR-6) - Standard,TAX-02412,GST,18,8054.72,25530.0,31,Corporate Tax Consulting,998231,8902099417530
Basic End-to-End Payroll Processing - Upto 50 Employees,TAX-02413,GST,18,3014.17,8388.0,19,Payroll & Compliance Services,998223,8900507550848
Turnkey PF & ESI Registration and Returns - Annual Package,TAX-02414,GST,18,2841.71,7587.0,39,Payroll & Compliance Services,998223,8907846797008
Managed Monthly Bookkeeping Retainer - Enterprise Plan,TAX-02415,GST,18,6664.95,19927.0,15,Accounting & Bookkeeping Services,998222,8905835501727
Express Financial Statement Preparation (P&L/BS) - LLP,TAX-02416,GST,18,8192.72,19364.0,27,Accounting & Bookkeeping Services,998222,8908290183205
Standard Statutory Audit Services - Small Business,TAX-02417,GST,18,15270.44,36396.0,64,Financial Auditing Services,998221,8903680199050
Turnkey Bank Reconciliation Services - Monthly,TAX-02418,GST,18,2280.38,4787.0,70,Accounting & Bookkeeping Services,998222,8904711706485
Retainer ROC Annual Compliance Filing - Fast Track Strike Off,TAX-02419,GST,18,3773.71,12937.0,90,Corporate Tax Consulting,998231,8901240790448
Internal Audit & Risk Assessment - Annual,TAX-02420,GST,18,14800.84,42424.0,25,Financial Auditing Services,998221,8901456767761
Advanced NRI Tax Advisory & Filing - Standard Consultation,TAX-02421,GST,18,2786.89,8658.0,22,Individual Tax Preparation,998232,8907092176451
Comprehensive GST Annual Return (GSTR-9/9C) - Turnover < 2Cr,TAX-02422,GST,18,6214.35,18632.0,81,Corporate Tax Consulting,998231,8900453478277
Comprehensive Bank Reconciliation Services - Monthly,TAX-02423,GST,18,1228.63,4148.0,91,Accounting & Bookkeeping Services,998222,8909284898735
Managed Advance Tax Calculation & Advisory - Quarterly Retainer,TAX-02424,GST,18,872.96,2557.0,34,Individual Tax Preparation,998232,8903570240939
Basic Advance Tax Calculation & Advisory - One-Time Analysis,TAX-02425,GST,18,723.16,2314.0,49,Individual Tax Preparation,998232,8906484427398
Bank Reconciliation Services - Annual Cleanup,TAX-02426,GST,18,1587.84,4867.0,87,Accounting & Bookkeeping Services,998222,8901886762273
Advanced PF & ESI Registration and Returns - Monthly Retainer,TAX-02427,GST,18,2195.91,7485.0,90,Payroll & Compliance Services,998223,8902016633401
Dedicated PF & ESI Registration and Returns - Monthly Retainer,TAX-02428,GST,18,2612.92,5995.0,98,Payroll & Compliance Services,998223,8905263628862
Managed Cloud Accounting Setup (Tally/Zoho) - Advanced Integration,TAX-02429,GST,18,4056.91,9793.0,56,Accounting & Bookkeeping Services,998222,8905143442111
Express Corporate Income Tax Return (ITR-6) - Complex with Transfer Pricing,TAX-02430,GST,18,16711.69,58281.0,52,Corporate Tax Consulting,998231,8907421884246
Dedicated Virtual CFO Services - Part-time (20 hours),TAX-02431,GST,18,17110.68,50238.0,25,Accounting & Bookkeeping Services,998222,8906479246429
Advanced Advance Tax Calculation & Advisory - Quarterly Retainer,TAX-02432,GST,18,884.91,2041.0,37,Individual Tax Preparation,998232,8909987591530
Standard Forensic Audit & Fraud Investigation - Detailed Investigation,TAX-02433,GST,18,53597.29,186109.0,93,Financial Auditing Services,998221,8901834792305
Advanced ROC Annual Compliance Filing - AOC-4 & MGT-7,TAX-02434,GST,18,5031.26,11546.0,19,Corporate Tax Consulting,998231,8900812464378
Basic Monthly GST Return Filing (GSTR 1 & 3B) - Standard B2B/B2C,TAX-02435,GST,18,1010.14,3517.0,91,Corporate Tax Consulting,998231,8901460669610
Basic ROC Annual Compliance Filing - Fast Track Strike Off,TAX-02436,GST,18,4184.35,14100.0,87,Corporate Tax Consulting,998231,8901218790650
Managed GST Registration & Advisory - E-commerce/Multi-State,TAX-02437,GST,18,1318.96,3788.0,23,Corporate Tax Consulting,998231,8901250231600
Managed End-to-End Payroll Processing - Upto 20 Employees,TAX-02438,GST,18,2601.3,8825.0,89,Payroll & Compliance Services,998223,8908683212086
Express Tax Audit (U/s 44AB) - Company,TAX-02439,GST,18,7284.6,16110.0,14,Financial Auditing Services,998221,8907966997842
Standard Statutory Audit Services - Corporate Entity,TAX-02440,GST,18,48759.06,117870.0,44,Financial Auditing Services,998221,8902460737238
Express GST Registration & Advisory - E-commerce/Multi-State,TAX-02441,GST,18,1593.82,4428.0,51,Corporate Tax Consulting,998231,8909947576379
Premium Business & Professional ITR-3 / ITR-4 - Presumptive Taxation,TAX-02442,GST,18,1588.21,4365.0,83,Individual Tax Preparation,998232,8907983676074
Express Statutory Audit Services - Medium Enterprise,TAX-02443,GST,18,47179.79,113651.0,96,Financial Auditing Services,998221,8908150439035
Retainer GST Registration & Advisory - Standard Business,TAX-02444,GST,18,1556.25,4400.0,62,Corporate Tax Consulting,998231,8909660963547
Dedicated GST Registration & Advisory - E-commerce/Multi-State,TAX-02445,GST,18,1721.64,5502.0,21,Corporate Tax Consulting,998231,8900184262264
Premium End-to-End Payroll Processing - Upto 150 Employees,TAX-02446,GST,18,10149.44,22288.0,45,Payroll & Compliance Services,998223,8905940859356
Comprehensive PF & ESI Registration and Returns - Annual Package,TAX-02447,GST,18,2432.32,7203.0,70,Payroll & Compliance Services,998223,8907950765573
Comprehensive Corporate Income Tax Return (ITR-6) - Complex with Transfer Pricing,TAX-02448,GST,18,26741.65,60321.0,52,Corporate Tax Consulting,998231,8908467901752
Financial Statement Preparation (P&L/BS) - LLP,TAX-02449,GST,18,6415.28,18808.0,82,Accounting & Bookkeeping Services,998222,8906523967499
Premium Individual ITR-1 / ITR-2 Filing - Salaried Single Form 16,TAX-02450,GST,18,363.34,1089.0,53,Individual Tax Preparation,998232,8904070084159
Comprehensive Internal Audit & Risk Assessment - Half-Yearly,TAX-02451,GST,18,12958.51,40297.0,70,Financial Auditing Services,998221,8905385139763
Turnkey PF & ESI Registration and Returns - Annual Package,TAX-02452,GST,18,2281.6,5011.0,65,Payroll & Compliance Services,998223,8902040852063
Standard Bank Reconciliation Services - Annual Cleanup,TAX-02453,GST,18,1439.5,4172.0,77,Accounting & Bookkeeping Services,998222,8907372826593
Advanced Virtual CFO Services - Part-time (20 hours),TAX-02454,GST,18,14882.54,51072.0,18,Accounting & Bookkeeping Services,998222,8907160333085
Retainer TDS & TCS Return Filing - Form 24Q,TAX-02455,GST,18,1658.31,3938.0,93,Payroll & Compliance Services,998223,8906020931378
Individual ITR-1 / ITR-2 Filing - Salaried Single Form 16,TAX-02456,GST,18,551.51,1129.0,40,Individual Tax Preparation,998232,8906767777365
Dedicated GST Annual Return (GSTR-9/9C) - Turnover > 5Cr,TAX-02457,GST,18,14636.43,36536.0,17,Corporate Tax Consulting,998231,8903481954351
Turnkey Statutory Audit Services - Small Business,TAX-02458,GST,18,11660.44,33364.0,57,Financial Auditing Services,998221,8903308923331
Advanced Bank Reconciliation Services - Monthly,TAX-02459,GST,18,2314.72,6435.0,53,Accounting & Bookkeeping Services,998222,8900702640626
Advanced Forensic Audit & Fraud Investigation - Detailed Investigation,TAX-02460,GST,18,93449.34,231730.0,25,Financial Auditing Services,998221,8904487621648
Managed Bank Reconciliation Services - Monthly,TAX-02461,GST,18,1765.49,5743.0,84,Accounting & Bookkeeping Services,998222,8907302940695
Comprehensive Monthly GST Return Filing (GSTR 1 & 3B) - Standard B2B/B2C,TAX-02462,GST,18,1520.22,3400.0,56,Corporate Tax Consulting,998231,8908937712582
Express NRI Tax Advisory & Filing - Standard Consultation,TAX-02463,GST,18,2801.71,9080.0,85,Individual Tax Preparation,998232,8904951659919
TDS & TCS Return Filing - Form 26Q,TAX-02464,GST,18,1300.87,4550.0,65,Payroll & Compliance Services,998223,8904523900415
Retainer Bank Reconciliation Services - Monthly,TAX-02465,GST,18,1759.21,4939.0,52,Accounting & Bookkeeping Services,998222,8904701897795
Advanced Statutory Audit Services - Corporate Entity,TAX-02466,GST,18,36230.07,123484.0,88,Financial Auditing Services,998221,8903672502800
Managed End-to-End Payroll Processing - Upto 50 Employees,TAX-02467,GST,18,6102.47,12502.0,91,Payroll & Compliance Services,998223,8907346031613
Managed End-to-End Payroll Processing - Upto 150 Employees,TAX-02468,GST,18,8984.35,19687.0,97,Payroll & Compliance Services,998223,8901645752754
Comprehensive Virtual CFO Services - Part-time (20 hours),TAX-02469,GST,18,22610.34,70808.0,72,Accounting & Bookkeeping Services,998222,8908515066881
Managed TDS & TCS Return Filing - Form 27Q,TAX-02470,GST,18,1202.74,2992.0,63,Payroll & Compliance Services,998223,8906166894093
Advanced Monthly GST Return Filing (GSTR 1 & 3B) - Standard B2B/B2C,TAX-02471,GST,18,1489.69,3011.0,82,Corporate Tax Consulting,998231,8905516113395
Comprehensive Monthly GST Return Filing (GSTR 1 & 3B) - Nil Return,TAX-02472,GST,18,655.02,1675.0,19,Corporate Tax Consulting,998231,8908256961921
Managed Financial Statement Preparation (P&L/BS) - LLP,TAX-02473,GST,18,5494.95,18342.0,81,Accounting & Bookkeeping Services,998222,8906978487989
Express Monthly GST Return Filing (GSTR 1 & 3B) - Nil Return,TAX-02474,GST,18,779.73,1822.0,54,Corporate Tax Consulting,998231,8902704369225
Advanced Individual ITR-1 / ITR-2 Filing - Multiple Form 16 + Capital Gains,TAX-02475,GST,18,647.9,1300.0,25,Individual Tax Preparation,998232,8902746901763
Express Stock & Inventory Audit - Single Location,TAX-02476,GST,18,7364.76,24255.0,41,Financial Auditing Services,998221,8907085536062
Turnkey Cloud Accounting Setup (Tally/Zoho) - Basic Setup,TAX-02477,GST,18,2452.23,6439.0,36,Accounting & Bookkeeping Services,998222,8905775694298
Advanced End-to-End Payroll Processing - Upto 20 Employees,TAX-02478,GST,18,3806.71,12399.0,100,Payroll & Compliance Services,998223,8900327303248
Turnkey Financial Statement Preparation (P&L/BS) - Private Limited,TAX-02479,GST,18,4247.65,13553.0,26,Accounting & Bookkeeping Services,998222,8903561188203
Individual ITR-1 / ITR-2 Filing - Multiple Form 16 + Capital Gains,TAX-02480,GST,18,601.24,1728.0,74,Individual Tax Preparation,998232,8906218531112
Managed Individual ITR-1 / ITR-2 Filing - Multiple Form 16 + Capital Gains,TAX-02481,GST,18,878.23,1796.0,36,Individual Tax Preparation,998232,8906666369472
Comprehensive Individual ITR-1 / ITR-2 Filing - Salaried Single Form 16,TAX-02482,GST,18,276.76,906.0,84,Individual Tax Preparation,998232,8908450337902
Basic NRI Tax Advisory & Filing - Standard Consultation,TAX-02483,GST,18,3591.83,8362.0,91,Individual Tax Preparation,998232,8903132452756
Premium GST Registration & Advisory - E-commerce/Multi-State,TAX-02484,GST,18,1674.63,5430.0,41,Corporate Tax Consulting,998231,8900568780712
Advanced Corporate Income Tax Return (ITR-6) - Standard,TAX-02485,GST,18,10434.99,30615.0,79,Corporate Tax Consulting,998231,8909185298388
Standard Monthly Bookkeeping Retainer - Enterprise Plan,TAX-02486,GST,18,7984.08,19280.0,69,Accounting & Bookkeeping Services,998222,8907764913616
Dedicated Professional Tax (PT) Compliance - Annual Filing,TAX-02487,GST,18,647.71,2172.0,31,Payroll & Compliance Services,998223,8902619549029
Advanced TDS & TCS Return Filing - Form 27Q,TAX-02488,GST,18,955.26,3132.0,42,Payroll & Compliance Services,998223,8905776613886
Premium TDS & TCS Return Filing - Form 24Q,TAX-02489,GST,18,1404.7,4037.0,21,Payroll & Compliance Services,998223,8905956783239
Premium PF & ESI Registration and Returns - Annual Package,TAX-02490,GST,18,2639.12,7571.0,46,Payroll & Compliance Services,998223,8901270661853
Retainer GST Registration & Advisory - E-commerce/Multi-State,TAX-02491,GST,18,1085.17,3694.0,27,Corporate Tax Consulting,998231,8900203388112
Turnkey Stock & Inventory Audit - Multi-Location,TAX-02492,GST,18,16702.77,44144.0,38,Financial Auditing Services,998221,8907203734483
Managed Corporate Income Tax Return (ITR-6) - Complex with Transfer Pricing,TAX-02493,GST,18,16896.9,50030.0,84,Corporate Tax Consulting,998231,8900565743967
Advanced GST Registration & Advisory - E-commerce/Multi-State,TAX-02494,GST,18,1674.21,4480.0,86,Corporate Tax Consulting,998231,8903164909546
Advance Tax Calculation & Advisory - Quarterly Retainer,TAX-02495,GST,18,652.0,1650.0,74,Individual Tax Preparation,998232,8906810253129
Comprehensive Financial Statement Preparation (P&L/BS) - Private Limited,TAX-02496,GST,18,4133.85,14372.0,75,Accounting & Bookkeeping Services,998222,8900095804014
Express GST Registration & Advisory - E-commerce/Multi-State,TAX-02497,GST,18,1703.86,5372.0,11,Corporate Tax Consulting,998231,8900019007388
Managed TDS & TCS Return Filing - Form 26Q,TAX-02498,GST,18,1438.16,4406.0,90,Payroll & Compliance Services,998223,8904743693908
Basic NRI Tax Advisory & Filing - Standard Consultation,TAX-02499,GST,18,2441.81,6829.0,83,Individual Tax Preparation,998232,8906718321305
PF & ESI Registration and Returns - Annual Package,TAX-02500,GST,18,3172.74,7179.0,90,Payroll & Compliance Services,998223,8901119035940
NRI Tax Advisory & Filing - Standard Consultation,TAX-02501,GST,18,4158.35,8710.0,33,Individual Tax Preparation,998232,8905979990323
Managed Advance Tax Calculation & Advisory - One-Time Analysis,TAX-02502,GST,18,751.9,1989.0,90,Individual Tax Preparation,998232,8906289513403
Retainer Advance Tax Calculation & Advisory - Quarterly Retainer,TAX-02503,GST,18,846.3,2061.0,99,Individual Tax Preparation,998232,8903081836329
Premium Virtual CFO Services - Dedicated (40 hours),TAX-02504,GST,18,30733.35,96139.0,41,Accounting & Bookkeeping Services,998222,8908207154818
Basic End-to-End Payroll Processing - Upto 20 Employees,TAX-02505,GST,18,5618.21,12125.0,70,Payroll & Compliance Services,998223,8908605776771
Premium Business & Professional ITR-3 / ITR-4 - Presumptive Taxation,TAX-02506,GST,18,2665.88,5568.0,29,Individual Tax Preparation,998232,8908757405892
Turnkey Monthly Bookkeeping Retainer - Startup Plan,TAX-02507,GST,18,2428.43,6452.0,77,Accounting & Bookkeeping Services,998222,8907192497265
Basic Professional Tax (PT) Compliance - Registration,TAX-02508,GST,18,1301.85,3154.0,63,Payroll & Compliance Services,998223,8907451453752
Advanced Professional Tax (PT) Compliance - Annual Filing,TAX-02509,GST,18,831.56,2847.0,76,Payroll & Compliance Services,998223,8908252699018
Standard End-to-End Payroll Processing - Upto 20 Employees,TAX-02510,GST,18,3613.58,9573.0,41,Payroll & Compliance Services,998223,8903851576467
Tax Audit (U/s 44AB) - Individual/HUF,TAX-02511,GST,18,4578.76,15103.0,78,Financial Auditing Services,998221,8900983831934
Comprehensive Corporate Income Tax Return (ITR-6) - Standard,TAX-02512,GST,18,11892.06,29493.0,64,Corporate Tax Consulting,998231,8900345633389
Express Cloud Accounting Setup (Tally/Zoho) - Advanced Integration,TAX-02513,GST,18,6075.97,15429.0,45,Accounting & Bookkeeping Services,998222,8905705155782
Retainer Monthly GST Return Filing (GSTR 1 & 3B) - High Volume,TAX-02514,GST,18,2036.66,6028.0,31,Corporate Tax Consulting,998231,8904271618628
Advanced ROC Annual Compliance Filing - Fast Track Strike Off,TAX-02515,GST,18,4047.96,12488.0,33,Corporate Tax Consulting,998231,8903703854787
Standard Financial Statement Preparation (P&L/BS) - LLP,TAX-02516,GST,18,4931.06,16281.0,25,Accounting & Bookkeeping Services,998222,8909229412328
Dedicated Forensic Audit & Fraud Investigation - Basic Assessment,TAX-02517,GST,18,15394.22,44176.0,22,Financial Auditing Services,998221,8908545541892
Advanced PF & ESI Registration and Returns - Monthly Retainer,TAX-02518,GST,18,3417.36,7097.0,39,Payroll & Compliance Services,998223,8905630328267
Express Bank Reconciliation Services - Annual Cleanup,TAX-02519,GST,18,1157.44,4023.0,84,Accounting & Bookkeeping Services,998222,8908657168962
Dedicated Internal Audit & Risk Assessment - Quarterly,TAX-02520,GST,18,12636.96,33194.0,79,Financial Auditing Services,998221,8906856434760
Premium Business & Professional ITR-3 / ITR-4 - Presumptive Taxation,TAX-02521,GST,18,1494.56,4897.0,79,Individual Tax Preparation,998232,8907289467363
Basic Forensic Audit & Fraud Investigation - Basic Assessment,TAX-02522,GST,18,13702.85,38795.0,59,Financial Auditing Services,998221,8900172628033
Retainer Corporate Income Tax Return (ITR-6) - Standard,TAX-02523,GST,18,12496.84,30317.0,95,Corporate Tax Consulting,998231,8907491163430
Standard Monthly Bookkeeping Retainer - Startup Plan,TAX-02524,GST,18,3380.94,7953.0,58,Accounting & Bookkeeping Services,998222,8906228455414
Managed Stock & Inventory Audit - Multi-Location,TAX-02525,GST,18,11764.05,39876.0,58,Financial Auditing Services,998221,8902295110848
Turnkey GST Registration & Advisory - Standard Business,TAX-02526,GST,18,1659.18,5245.0,15,Corporate Tax Consulting,998231,8900260469017
Retainer TDS & TCS Return Filing - Form 24Q,TAX-02527,GST,18,1447.7,4251.0,58,Payroll & Compliance Services,998223,8902441066788
Basic TDS & TCS Return Filing - Form 26Q,TAX-02528,GST,18,1929.09,4285.0,19,Payroll & Compliance Services,998223,8906502423893
Advanced TDS & TCS Return Filing - Form 27Q,TAX-02529,GST,18,2118.78,4282.0,19,Payroll & Compliance Services,998223,8901072985023
Premium Tax Audit (U/s 44AB) - Company,TAX-02530,GST,18,6905.65,18304.0,22,Financial Auditing Services,998221,8904853331714
Dedicated ROC Annual Compliance Filing - Fast Track Strike Off,TAX-02531,GST,18,3462.22,11133.0,31,Corporate Tax Consulting,998231,8909824922028
Individual ITR-1 / ITR-2 Filing - Multiple Form 16 + Capital Gains,TAX-02532,GST,18,483.44,1336.0,97,Individual Tax Preparation,998232,8905217680126
Dedicated Advance Tax Calculation & Advisory - Quarterly Retainer,TAX-02533,GST,18,782.83,2565.0,17,Individual Tax Preparation,998232,8907324913943
Comprehensive Internal Audit & Risk Assessment - Annual,TAX-02534,GST,18,12627.52,39307.0,31,Financial Auditing Services,998221,8907496238384
Basic End-to-End Payroll Processing - Upto 150 Employees,TAX-02535,GST,18,7235.44,18736.0,42,Payroll & Compliance Services,998223,8903999428580
Retainer Cloud Accounting Setup (Tally/Zoho) - Basic Setup,TAX-02536,GST,18,3039.06,7239.0,22,Accounting & Bookkeeping Services,998222,8904863290850
End-to-End Payroll Processing - Upto 50 Employees,TAX-02537,GST,18,3847.83,10556.0,23,Payroll & Compliance Services,998223,8905905182377
Express Monthly Bookkeeping Retainer - Startup Plan,TAX-02538,GST,18,2776.82,6608.0,42,Accounting & Bookkeeping Services,998222,8907939117174
Advanced Statutory Audit Services - Small Business,TAX-02539,GST,18,10512.18,29348.0,74,Financial Auditing Services,998221,8904865737449
Premium GST Annual Return (GSTR-9/9C) - Turnover > 5Cr,TAX-02540,GST,18,16445.78,38297.0,58,Corporate Tax Consulting,998231,8900474120818
Retainer Internal Audit & Risk Assessment - Half-Yearly,TAX-02541,GST,18,15948.5,43884.0,29,Financial Auditing Services,998221,8905289404393
Premium End-to-End Payroll Processing - Upto 50 Employees,TAX-02542,GST,18,2982.6,8684.0,100,Payroll & Compliance Services,998223,8905775266848
Standard Internal Audit & Risk Assessment - Annual,TAX-02543,GST,18,15591.56,40547.0,76,Financial Auditing Services,998221,8901752481353
Comprehensive GST Annual Return (GSTR-9/9C) - Turnover > 5Cr,TAX-02544,GST,18,12484.7,41434.0,75,Corporate Tax Consulting,998231,8903930395395
Retainer Financial Statement Preparation (P&L/BS) - Proprietorship,TAX-02545,GST,18,4867.06,16901.0,34,Accounting & Bookkeeping Services,998222,8902987340114
Managed Advance Tax Calculation & Advisory - One-Time Analysis,TAX-02546,GST,18,1070.37,2578.0,72,Individual Tax Preparation,998232,8903770499096
Express ROC Annual Compliance Filing - AOC-4 & MGT-7,TAX-02547,GST,18,3543.25,11460.0,59,Corporate Tax Consulting,998231,8905977396103
Managed End-to-End Payroll Processing - Upto 50 Employees,TAX-02548,GST,18,2698.53,9028.0,79,Payroll & Compliance Services,998223,8909108041756
Premium NRI Tax Advisory & Filing - Standard Consultation,TAX-02549,GST,18,2701.85,8295.0,30,Individual Tax Preparation,998232,8901887716991
Comprehensive Corporate Income Tax Return (ITR-6) - Complex with Transfer Pricing,TAX-02550,GST,18,24141.77,57237.0,18,Corporate Tax Consulting,998231,8901048578671
Managed Financial Statement Preparation (P&L/BS) - Private Limited,TAX-02551,GST,18,6093.51,17207.0,18,Accounting & Bookkeeping Services,998222,8908291278988
Express PF & ESI Registration and Returns - Annual Package,TAX-02552,GST,18,2667.59,7666.0,89,Payroll & Compliance Services,998223,8906084158553
Advanced Monthly GST Return Filing (GSTR 1 & 3B) - Nil Return,TAX-02553,GST,18,487.64,1633.0,36,Corporate Tax Consulting,998231,8901855967071
Advanced ROC Annual Compliance Filing - Fast Track Strike Off,TAX-02554,GST,18,3808.81,12885.0,22,Corporate Tax Consulting,998231,8904400040756
Standard Internal Audit & Risk Assessment - Quarterly,TAX-02555,GST,18,12534.29,33018.0,15,Financial Auditing Services,998221,8907972968228
Comprehensive NRI Tax Advisory & Filing - DTAA Benefit Filing,TAX-02556,GST,18,3557.08,8214.0,44,Individual Tax Preparation,998232,8904979925197
Financial Statement Preparation (P&L/BS) - Private Limited,TAX-02557,GST,18,7323.1,18180.0,45,Accounting & Bookkeeping Services,998222,8907587837105
Dedicated Virtual CFO Services - Part-time (20 hours),TAX-02558,GST,18,23370.47,67427.0,65,Accounting & Bookkeeping Services,998222,8907718536017
Advanced PF & ESI Registration and Returns - Monthly Retainer,TAX-02559,GST,18,1471.47,4984.0,54,Payroll & Compliance Services,998223,8906004131667
Managed Corporate Income Tax Return (ITR-6) - Standard,TAX-02560,GST,18,14845.84,29705.0,24,Corporate Tax Consulting,998231,8902797176350
Managed Corporate Income Tax Return (ITR-6) - Standard,TAX-02561,GST,18,7129.39,21966.0,13,Corporate Tax Consulting,998231,8904388176762
Comprehensive Financial Statement Preparation (P&L/BS) - Proprietorship,TAX-02562,GST,18,7105.71,17537.0,19,Accounting & Bookkeeping Services,998222,8906391584647
Premium Bank Reconciliation Services - Annual Cleanup,TAX-02563,GST,18,2354.49,6065.0,69,Accounting & Bookkeeping Services,998222,8908203690615
Comprehensive End-to-End Payroll Processing - Upto 150 Employees,TAX-02564,GST,18,8553.17,17936.0,42,Payroll & Compliance Services,998223,8900973122066
Dedicated GST Annual Return (GSTR-9/9C) - Turnover > 5Cr,TAX-02565,GST,18,17629.74,35372.0,39,Corporate Tax Consulting,998231,8902421694353
Standard Virtual CFO Services - Dedicated (40 hours),TAX-02566,GST,18,37215.83,111584.0,56,Accounting & Bookkeeping Services,998222,8908138057321
Retainer Financial Statement Preparation (P&L/BS) - Private Limited,TAX-02567,GST,18,5247.66,17679.0,81,Accounting & Bookkeeping Services,998222,8906455526151
Dedicated Forensic Audit & Fraud Investigation - Basic Assessment,TAX-02568,GST,18,15657.71,54374.0,11,Financial Auditing Services,998221,8905295086874
Basic End-to-End Payroll Processing - Upto 20 Employees,TAX-02569,GST,18,3228.09,9718.0,84,Payroll & Compliance Services,998223,8908962586926
Premium Bank Reconciliation Services - Annual Cleanup,TAX-02570,GST,18,1375.06,4087.0,52,Accounting & Bookkeeping Services,998222,8905151797519
Advanced Financial Statement Preparation (P&L/BS) - LLP,TAX-02571,GST,18,7052.55,16410.0,32,Accounting & Bookkeeping Services,998222,8907344580197
Basic Monthly GST Return Filing (GSTR 1 & 3B) - Nil Return,TAX-02572,GST,18,869.99,2284.0,21,Corporate Tax Consulting,998231,8906461526532
Managed Cloud Accounting Setup (Tally/Zoho) - Advanced Integration,TAX-02573,GST,18,3262.28,9835.0,22,Accounting & Bookkeeping Services,998222,8900148129719
Retainer NRI Tax Advisory & Filing - Standard Consultation,TAX-02574,GST,18,2551.03,8804.0,42,Individual Tax Preparation,998232,8903748126817
Premium Business & Professional ITR-3 / ITR-4 - Presumptive Taxation,TAX-02575,GST,18,2354.51,4773.0,75,Individual Tax Preparation,998232,8908990580814
Advanced Internal Audit & Risk Assessment - Quarterly,TAX-02576,GST,18,22695.7,46248.0,14,Financial Auditing Services,998221,8908105635869
Standard Individual ITR-1 / ITR-2 Filing - Salaried Single Form 16,TAX-02577,GST,18,305.76,1070.0,22,Individual Tax Preparation,998232,8906694602124
Advanced GST Annual Return (GSTR-9/9C) - Turnover > 5Cr,TAX-02578,GST,18,15055.74,32703.0,100,Corporate Tax Consulting,998231,8905983620749
Express NRI Tax Advisory & Filing - DTAA Benefit Filing,TAX-02579,GST,18,2966.46,6699.0,10,Individual Tax Preparation,998232,8909203314656
Turnkey Professional Tax (PT) Compliance - Registration,TAX-02580,GST,18,909.21,2488.0,75,Payroll & Compliance Services,998223,8901304995043
Advance Tax Calculation & Advisory - One-Time Analysis,TAX-02581,GST,18,706.57,1700.0,15,Individual Tax Preparation,998232,8908629532230
Retainer Monthly GST Return Filing (GSTR 1 & 3B) - Standard B2B/B2C,TAX-02582,GST,18,1464.52,3776.0,22,Corporate Tax Consulting,998231,8902613955745
Retainer Advance Tax Calculation & Advisory - Quarterly Retainer,TAX-02583,GST,18,773.81,2346.0,74,Individual Tax Preparation,998232,8903934083544
Retainer Financial Statement Preparation (P&L/BS) - LLP,TAX-02584,GST,18,5196.57,14647.0,75,Accounting & Bookkeeping Services,998222,8901920696569
Cloud Accounting Setup (Tally/Zoho) - Advanced Integration,TAX-02585,GST,18,5755.52,15092.0,28,Accounting & Bookkeeping Services,998222,8907622368312
Advanced Corporate Income Tax Return (ITR-6) - Standard,TAX-02586,GST,18,9327.39,21535.0,87,Corporate Tax Consulting,998231,8905578022801
GST Annual Return (GSTR-9/9C) - Turnover < 2Cr,TAX-02587,GST,18,7335.95,19299.0,82,Corporate Tax Consulting,998231,8904502694473
Standard PF & ESI Registration and Returns - Annual Package,TAX-02588,GST,18,2388.28,7782.0,46,Payroll & Compliance Services,998223,8903910323186
Turnkey GST Annual Return (GSTR-9/9C) - Turnover < 2Cr,TAX-02589,GST,18,5555.9,15165.0,42,Corporate Tax Consulting,998231,8907720110408
Basic Virtual CFO Services - Dedicated (40 hours),TAX-02590,GST,18,38678.59,126451.0,32,Accounting & Bookkeeping Services,998222,8906018777953
Comprehensive Bank Reconciliation Services - Monthly,TAX-02591,GST,18,1666.31,4811.0,88,Accounting & Bookkeeping Services,998222,8902242577727
Managed Corporate Income Tax Return (ITR-6) - Complex with Transfer Pricing,TAX-02592,GST,18,34306.02,71077.0,23,Corporate Tax Consulting,998231,8908852114846
Turnkey Internal Audit & Risk Assessment - Annual,TAX-02593,GST,18,15260.25,35792.0,60,Financial Auditing Services,998221,8908788420475
Business & Professional ITR-3 / ITR-4 - Regular Accounts,TAX-02594,GST,18,1636.75,4732.0,67,Individual Tax Preparation,998232,8907069392853
Dedicated Monthly Bookkeeping Retainer - Startup Plan,TAX-02595,GST,18,3601.62,7642.0,63,Accounting & Bookkeeping Services,998222,8907946778189
Turnkey Advance Tax Calculation & Advisory - Quarterly Retainer,TAX-02596,GST,18,1107.84,2346.0,38,Individual Tax Preparation,998232,8909594592118
Basic Professional Tax (PT) Compliance - Registration,TAX-02597,GST,18,1277.28,3191.0,90,Payroll & Compliance Services,998223,8900194737796
Basic Financial Statement Preparation (P&L/BS) - LLP,TAX-02598,GST,18,4976.19,15789.0,58,Accounting & Bookkeeping Services,998222,8905499779178
Premium Cloud Accounting Setup (Tally/Zoho) - Basic Setup,TAX-02599,GST,18,2608.85,7741.0,12,Accounting & Bookkeeping Services,998222,8900142866906
Dedicated Bank Reconciliation Services - Monthly,TAX-02600,GST,18,1813.31,5221.0,23,Accounting & Bookkeeping Services,998222,8904909671080
Dedicated Tax Audit (U/s 44AB) - Company,TAX-02601,GST,18,5819.22,15861.0,33,Financial Auditing Services,998221,8904227496652
Premium NRI Tax Advisory & Filing - Standard Consultation,TAX-02602,GST,18,4050.44,10199.0,68,Individual Tax Preparation,998232,8901972512343
Turnkey Bank Reconciliation Services - Monthly,TAX-02603,GST,18,1711.76,5158.0,97,Accounting & Bookkeeping Services,998222,8907773426587
End-to-End Payroll Processing - Upto 20 Employees,TAX-02604,GST,18,3408.27,8348.0,92,Payroll & Compliance Services,998223,8909791407712
Standard Individual ITR-1 / ITR-2 Filing - Multiple Form 16 + Capital Gains,TAX-02605,GST,18,546.33,1905.0,86,Individual Tax Preparation,998232,8900746669747
Standard Monthly Bookkeeping Retainer - SME Plan,TAX-02606,GST,18,4169.07,9403.0,39,Accounting & Bookkeeping Services,998222,8905668303253
Comprehensive ROC Annual Compliance Filing - Fast Track Strike Off,TAX-02607,GST,18,5987.01,14901.0,67,Corporate Tax Consulting,998231,8906735078107
Virtual CFO Services - Part-time (20 hours),TAX-02608,GST,18,20469.69,65862.0,59,Accounting & Bookkeeping Services,998222,8904612614993
Express Monthly GST Return Filing (GSTR 1 & 3B) - Nil Return,TAX-02609,GST,18,545.44,1795.0,66,Corporate Tax Consulting,998231,8905644390951
Turnkey NRI Tax Advisory & Filing - DTAA Benefit Filing,TAX-02610,GST,18,3591.03,7271.0,93,Individual Tax Preparation,998232,8906362105164
Forensic Audit & Fraud Investigation - Detailed Investigation,TAX-02611,GST,18,67551.18,165547.0,74,Financial Auditing Services,998221,8901135373965
Comprehensive Financial Statement Preparation (P&L/BS) - LLP,TAX-02612,GST,18,6131.23,17741.0,84,Accounting & Bookkeeping Services,998222,8908677705548
Standard Individual ITR-1 / ITR-2 Filing - Multiple Form 16 + Capital Gains,TAX-02613,GST,18,637.81,1939.0,87,Individual Tax Preparation,998232,8906991548270
Basic Internal Audit & Risk Assessment - Annual,TAX-02614,GST,18,11941.03,36338.0,23,Financial Auditing Services,998221,8903268937460
Turnkey Monthly Bookkeeping Retainer - Startup Plan,TAX-02615,GST,18,2887.22,9431.0,46,Accounting & Bookkeeping Services,998222,8901577129184
Express Bank Reconciliation Services - Monthly,TAX-02616,GST,18,1863.37,4883.0,20,Accounting & Bookkeeping Services,998222,8907655892235
Retainer PF & ESI Registration and Returns - Annual Package,TAX-02617,GST,18,3075.91,6271.0,65,Payroll & Compliance Services,998223,8903022829335
Retainer Virtual CFO Services - Dedicated (40 hours),TAX-02618,GST,18,55419.2,119473.0,34,Accounting & Bookkeeping Services,998222,8905964726847
Professional Tax (PT) Compliance - Annual Filing,TAX-02619,GST,18,1194.69,2450.0,97,Payroll & Compliance Services,998223,8902831018508
Dedicated Individual ITR-1 / ITR-2 Filing - Multiple Form 16 + Capital Gains,TAX-02620,GST,18,609.15,1502.0,54,Individual Tax Preparation,998232,8900581058010
Express Advance Tax Calculation & Advisory - One-Time Analysis,TAX-02621,GST,18,606.5,2092.0,42,Individual Tax Preparation,998232,8907619378866
Advanced Financial Statement Preparation (P&L/BS) - LLP,TAX-02622,GST,18,5976.18,14915.0,38,Accounting & Bookkeeping Services,998222,8903477496337
Turnkey Business & Professional ITR-3 / ITR-4 - Presumptive Taxation,TAX-02623,GST,18,2513.96,5670.0,24,Individual Tax Preparation,998232,8909150237438
Dedicated Monthly GST Return Filing (GSTR 1 & 3B) - Standard B2B/B2C,TAX-02624,GST,18,718.34,2475.0,24,Corporate Tax Consulting,998231,8909405047260
Comprehensive Advance Tax Calculation & Advisory - One-Time Analysis,TAX-02625,GST,18,912.86,2195.0,85,Individual Tax Preparation,998232,8907736609859
Managed Stock & Inventory Audit - Single Location,TAX-02626,GST,18,8622.55,23514.0,39,Financial Auditing Services,998221,8906653978858
Corporate Income Tax Return (ITR-6) - Complex with Transfer Pricing,TAX-02627,GST,18,28836.24,77253.0,41,Corporate Tax Consulting,998231,8901984449616
Comprehensive Virtual CFO Services - Dedicated (40 hours),TAX-02628,GST,18,44058.36,104703.0,71,Accounting & Bookkeeping Services,998222,8907437212384
Dedicated Advance Tax Calculation & Advisory - One-Time Analysis,TAX-02629,GST,18,615.41,1983.0,89,Individual Tax Preparation,998232,8901898755798
Express Cloud Accounting Setup (Tally/Zoho) - Basic Setup,TAX-02630,GST,18,1864.0,5906.0,17,Accounting & Bookkeeping Services,998222,8905905451736
Premium TDS & TCS Return Filing - Form 26Q,TAX-02631,GST,18,1179.97,3364.0,83,Payroll & Compliance Services,998223,8903442462712
Basic Virtual CFO Services - Part-time (20 hours),TAX-02632,GST,18,22621.91,76132.0,62,Accounting & Bookkeeping Services,998222,8905335359759
Comprehensive Individual ITR-1 / ITR-2 Filing - Multiple Form 16 + Capital Gains,TAX-02633,GST,18,509.8,1578.0,25,Individual Tax Preparation,998232,8909608787578
Basic Business & Professional ITR-3 / ITR-4 - Regular Accounts,TAX-02634,GST,18,1362.79,4646.0,41,Individual Tax Preparation,998232,8900977398366
GST Registration & Advisory - E-commerce/Multi-State,TAX-02635,GST,18,1776.27,4881.0,51,Corporate Tax Consulting,998231,8905004450729
Premium Monthly GST Return Filing (GSTR 1 & 3B) - High Volume,TAX-02636,GST,18,4232.35,8574.0,66,Corporate Tax Consulting,998231,8909322652782
Basic TDS & TCS Return Filing - Form 26Q,TAX-02637,GST,18,964.28,2827.0,95,Payroll & Compliance Services,998223,8901567117753
Advanced Advance Tax Calculation & Advisory - Quarterly Retainer,TAX-02638,GST,18,971.06,2402.0,21,Individual Tax Preparation,998232,8909870884075
Dedicated PF & ESI Registration and Returns - Monthly Retainer,TAX-02639,GST,18,2081.67,5387.0,89,Payroll & Compliance Services,998223,8907268395070
Premium End-to-End Payroll Processing - Upto 20 Employees,TAX-02640,GST,18,3829.04,10044.0,33,Payroll & Compliance Services,998223,8901281568387
Retainer Internal Audit & Risk Assessment - Half-Yearly,TAX-02641,GST,18,21714.1,50737.0,82,Financial Auditing Services,998221,8908214924137
Premium Forensic Audit & Fraud Investigation - Basic Assessment,TAX-02642,GST,18,22468.93,59299.0,34,Financial Auditing Services,998221,8909085830684
Retainer Business & Professional ITR-3 / ITR-4 - Regular Accounts,TAX-02643,GST,18,2159.33,5690.0,30,Individual Tax Preparation,998232,8903866560677
Dedicated TDS & TCS Return Filing - Form 27Q,TAX-02644,GST,18,1516.11,3586.0,51,Payroll & Compliance Services,998223,8904105772504
Retainer Internal Audit & Risk Assessment - Half-Yearly,TAX-02645,GST,18,14494.14,45020.0,80,Financial Auditing Services,998221,8901085587235
Dedicated ROC Annual Compliance Filing - Fast Track Strike Off,TAX-02646,GST,18,4859.16,14305.0,15,Corporate Tax Consulting,998231,8908024104150
Standard Corporate Income Tax Return (ITR-6) - Standard,TAX-02647,GST,18,12409.77,25076.0,95,Corporate Tax Consulting,998231,8901611556613
Advanced End-to-End Payroll Processing - Upto 150 Employees,TAX-02648,GST,18,6159.09,18364.0,15,Payroll & Compliance Services,998223,8900045840892
Turnkey Financial Statement Preparation (P&L/BS) - Proprietorship,TAX-02649,GST,18,6497.16,18556.0,97,Accounting & Bookkeeping Services,998222,8900649493565
Individual ITR-1 / ITR-2 Filing - Salaried Single Form 16,TAX-02650,GST,18,315.44,897.0,61,Individual Tax Preparation,998232,8904722455817
Basic Stock & Inventory Audit - Single Location,TAX-02651,GST,18,6143.02,19495.0,47,Financial Auditing Services,998221,8902449663900
Basic Tax Audit (U/s 44AB) - Partnership Firm,TAX-02652,GST,18,4803.38,16438.0,80,Financial Auditing Services,998221,8900488672514
Standard Stock & Inventory Audit - Multi-Location,TAX-02653,GST,18,20274.09,42097.0,84,Financial Auditing Services,998221,8908731709816
Basic ROC Annual Compliance Filing - AOC-4 & MGT-7,TAX-02654,GST,18,6380.25,14960.0,90,Corporate Tax Consulting,998231,8908469128150
Dedicated Forensic Audit & Fraud Investigation - Detailed Investigation,TAX-02655,GST,18,71217.38,186111.0,29,Financial Auditing Services,998221,8905731253612
Turnkey GST Annual Return (GSTR-9/9C) - Turnover > 5Cr,TAX-02656,GST,18,10068.19,33229.0,84,Corporate Tax Consulting,998231,8905794745080
Managed Advance Tax Calculation & Advisory - Quarterly Retainer,TAX-02657,GST,18,840.82,2504.0,21,Individual Tax Preparation,998232,8905716042614
Turnkey Professional Tax (PT) Compliance - Registration,TAX-02658,GST,18,738.33,2416.0,43,Payroll & Compliance Services,998223,8901526445829
Dedicated ROC Annual Compliance Filing - Fast Track Strike Off,TAX-02659,GST,18,3726.68,11142.0,83,Corporate Tax Consulting,998231,8901378049876
Basic Monthly Bookkeeping Retainer - Enterprise Plan,TAX-02660,GST,18,7505.07,24106.0,66,Accounting & Bookkeeping Services,998222,8903965242760
Advanced Corporate Income Tax Return (ITR-6) - Standard,TAX-02661,GST,18,7791.48,25457.0,44,Corporate Tax Consulting,998231,8900261353425
Standard TDS & TCS Return Filing - Form 26Q,TAX-02662,GST,18,1704.24,3775.0,65,Payroll & Compliance Services,998223,8902138415510
Comprehensive NRI Tax Advisory & Filing - DTAA Benefit Filing,TAX-02663,GST,18,3358.54,9883.0,28,Individual Tax Preparation,998232,8907505688084
Managed Business & Professional ITR-3 / ITR-4 - Presumptive Taxation,TAX-02664,GST,18,1875.0,3952.0,60,Individual Tax Preparation,998232,8903340293781
Managed Cloud Accounting Setup (Tally/Zoho) - Advanced Integration,TAX-02665,GST,18,4449.25,10550.0,29,Accounting & Bookkeeping Services,998222,8906277674695
Turnkey Individual ITR-1 / ITR-2 Filing - Multiple Form 16 + Capital Gains,TAX-02666,GST,18,600.48,1603.0,100,Individual Tax Preparation,998232,8907492944993
Managed Internal Audit & Risk Assessment - Half-Yearly,TAX-02667,GST,18,11700.99,38932.0,30,Financial Auditing Services,998221,8906684905366
Comprehensive ROC Annual Compliance Filing - AOC-4 & MGT-7,TAX-02668,GST,18,4632.21,9790.0,25,Corporate Tax Consulting,998231,8903177905340
Basic Virtual CFO Services - Part-time (20 hours),TAX-02669,GST,18,18110.02,53991.0,95,Accounting & Bookkeeping Services,998222,8901801664802
Retainer Financial Statement Preparation (P&L/BS) - Proprietorship,TAX-02670,GST,18,5708.05,12437.0,86,Accounting & Bookkeeping Services,998222,8903889531154
Retainer Virtual CFO Services - Dedicated (40 hours),TAX-02671,GST,18,53359.32,135491.0,41,Accounting & Bookkeeping Services,998222,8904159106608
Turnkey Monthly GST Return Filing (GSTR 1 & 3B) - Nil Return,TAX-02672,GST,18,722.1,1758.0,14,Corporate Tax Consulting,998231,8902622478922
Retainer End-to-End Payroll Processing - Upto 150 Employees,TAX-02673,GST,18,10514.39,23338.0,64,Payroll & Compliance Services,998223,8901350621084
Managed Statutory Audit Services - Medium Enterprise,TAX-02674,GST,18,45808.52,152772.0,73,Financial Auditing Services,998221,8900629810997
Retainer PF & ESI Registration and Returns - Annual Package,TAX-02675,GST,18,1761.31,5987.0,16,Payroll & Compliance Services,998223,8908368168214
Managed Forensic Audit & Fraud Investigation - Basic Assessment,TAX-02676,GST,18,29821.58,62055.0,97,Financial Auditing Services,998221,8907143903909
Dedicated Monthly Bookkeeping Retainer - Startup Plan,TAX-02677,GST,18,3146.96,9782.0,60,Accounting & Bookkeeping Services,998222,8902607024748
Standard Professional Tax (PT) Compliance - Registration,TAX-02678,GST,18,850.05,2289.0,78,Payroll & Compliance Services,998223,8901522932297
Premium Bank Reconciliation Services - Annual Cleanup,TAX-02679,GST,18,1481.49,4280.0,96,Accounting & Bookkeeping Services,998222,8903847543188
Express Corporate Income Tax Return (ITR-6) - Complex with Transfer Pricing,TAX-02680,GST,18,20709.67,58383.0,17,Corporate Tax Consulting,998231,8907924636698
Dedicated Financial Statement Preparation (P&L/BS) - Private Limited,TAX-02681,GST,18,6500.91,19336.0,92,Accounting & Bookkeeping Services,998222,8900458387500
Express GST Annual Return (GSTR-9/9C) - Turnover < 2Cr,TAX-02682,GST,18,5280.83,16358.0,24,Corporate Tax Consulting,998231,8907211359804
Standard Cloud Accounting Setup (Tally/Zoho) - Basic Setup,TAX-02683,GST,18,3380.77,8662.0,63,Accounting & Bookkeeping Services,998222,8909640101460
Basic Stock & Inventory Audit - Single Location,TAX-02684,GST,18,9583.22,19269.0,65,Financial Auditing Services,998221,8902260931642
Basic GST Annual Return (GSTR-9/9C) - Turnover < 2Cr,TAX-02685,GST,18,6012.41,12877.0,16,Corporate Tax Consulting,998231,8908231017171
Managed NRI Tax Advisory & Filing - DTAA Benefit Filing,TAX-02686,GST,18,4246.19,10085.0,52,Individual Tax Preparation,998232,8901995081900
Basic Professional Tax (PT) Compliance - Annual Filing,TAX-02687,GST,18,1250.92,2797.0,63,Payroll & Compliance Services,998223,8903595176352
End-to-End Payroll Processing - Upto 20 Employees,TAX-02688,GST,18,5719.27,12726.0,33,Payroll & Compliance Services,998223,8908671066560
Basic Bank Reconciliation Services - Monthly,TAX-02689,GST,18,1842.15,4916.0,66,Accounting & Bookkeeping Services,998222,8904149057175
Managed Cloud Accounting Setup (Tally/Zoho) - Basic Setup,TAX-02690,GST,18,3020.71,8869.0,89,Accounting & Bookkeeping Services,998222,8907526158789
Retainer Individual ITR-1 / ITR-2 Filing - Multiple Form 16 + Capital Gains,TAX-02691,GST,18,859.42,1846.0,23,Individual Tax Preparation,998232,8905111424124
Advanced NRI Tax Advisory & Filing - DTAA Benefit Filing,TAX-02692,GST,18,3859.89,10265.0,19,Individual Tax Preparation,998232,8903717419066
Dedicated NRI Tax Advisory & Filing - DTAA Benefit Filing,TAX-02693,GST,18,3204.91,9019.0,70,Individual Tax Preparation,998232,8900340117617
Basic Forensic Audit & Fraud Investigation - Basic Assessment,TAX-02694,GST,18,26278.29,54006.0,23,Financial Auditing Services,998221,8902738318172
Managed Internal Audit & Risk Assessment - Half-Yearly,TAX-02695,GST,18,17245.52,43743.0,64,Financial Auditing Services,998221,8904001915426
Advanced Forensic Audit & Fraud Investigation - Basic Assessment,TAX-02696,GST,18,15276.33,40203.0,45,Financial Auditing Services,998221,8903424114754
Advanced GST Annual Return (GSTR-9/9C) - Turnover < 2Cr,TAX-02697,GST,18,6740.79,18822.0,26,Corporate Tax Consulting,998231,8903064211684
Retainer GST Registration & Advisory - Standard Business,TAX-02698,GST,18,1586.99,5415.0,54,Corporate Tax Consulting,998231,8901592346652
Turnkey Forensic Audit & Fraud Investigation - Detailed Investigation,TAX-02699,GST,18,81363.87,185712.0,39,Financial Auditing Services,998221,8901649506054
Basic Statutory Audit Services - Corporate Entity,TAX-02700,GST,18,37077.37,129738.0,93,Financial Auditing Services,998221,8901346310789
Express Forensic Audit & Fraud Investigation - Detailed Investigation,TAX-02701,GST,18,77961.6,243561.0,67,Financial Auditing Services,998221,8906018830415
Advanced TDS & TCS Return Filing - Form 26Q,TAX-02702,GST,18,1807.12,4266.0,44,Payroll & Compliance Services,998223,8903597369701
Comprehensive ROC Annual Compliance Filing - Fast Track Strike Off,TAX-02703,GST,18,5745.18,14617.0,40,Corporate Tax Consulting,998231,8901750409370
Dedicated Statutory Audit Services - Corporate Entity,TAX-02704,GST,18,48963.27,138836.0,99,Financial Auditing Services,998221,8907409529055
Managed Stock & Inventory Audit - Multi-Location,TAX-02705,GST,18,20357.07,45391.0,18,Financial Auditing Services,998221,8908472668063
Standard Business & Professional ITR-3 / ITR-4 - Regular Accounts,TAX-02706,GST,18,1543.76,4559.0,21,Individual Tax Preparation,998232,8909540627890
Retainer Individual ITR-1 / ITR-2 Filing - Multiple Form 16 + Capital Gains,TAX-02707,GST,18,843.2,1799.0,25,Individual Tax Preparation,998232,8902179592822
Comprehensive Cloud Accounting Setup (Tally/Zoho) - Basic Setup,TAX-02708,GST,18,2545.19,6946.0,27,Accounting & Bookkeeping Services,998222,8905038561627
Basic Tax Audit (U/s 44AB) - Individual/HUF,TAX-02709,GST,18,6232.03,14095.0,93,Financial Auditing Services,998221,8907323573742
Comprehensive Tax Audit (U/s 44AB) - Company,TAX-02710,GST,18,5081.66,12089.0,14,Financial Auditing Services,998221,8907937415871
Dedicated NRI Tax Advisory & Filing - Standard Consultation,TAX-02711,GST,18,2007.21,6602.0,52,Individual Tax Preparation,998232,8909253095587
Turnkey ROC Annual Compliance Filing - AOC-4 & MGT-7,TAX-02712,GST,18,3581.11,11372.0,72,Corporate Tax Consulting,998231,8903795723816
Comprehensive Internal Audit & Risk Assessment - Annual,TAX-02713,GST,18,13584.02,33701.0,23,Financial Auditing Services,998221,8901330107535
Turnkey Internal Audit & Risk Assessment - Half-Yearly,TAX-02714,GST,18,21289.88,51487.0,77,Financial Auditing Services,998221,8904123222320
Retainer Advance Tax Calculation & Advisory - Quarterly Retainer,TAX-02715,GST,18,706.66,2353.0,70,Individual Tax Preparation,998232,8900943913708
Managed Professional Tax (PT) Compliance - Registration,TAX-02716,GST,18,1268.16,2772.0,24,Payroll & Compliance Services,998223,8906822608099
Dedicated Financial Statement Preparation (P&L/BS) - Proprietorship,TAX-02717,GST,18,5451.85,12800.0,67,Accounting & Bookkeeping Services,998222,8908449883803
Basic Corporate Income Tax Return (ITR-6) - Complex with Transfer Pricing,TAX-02718,GST,18,31252.44,66992.0,36,Corporate Tax Consulting,998231,8907049462455
Managed End-to-End Payroll Processing - Upto 50 Employees,TAX-02719,GST,18,6135.79,12412.0,51,Payroll & Compliance Services,998223,8903558823481
Stock & Inventory Audit - Single Location,TAX-02720,GST,18,9500.18,21554.0,93,Financial Auditing Services,998221,8903850284779
Retainer Business & Professional ITR-3 / ITR-4 - Regular Accounts,TAX-02721,GST,18,1854.49,4694.0,69,Individual Tax Preparation,998232,8901564153307
Turnkey Forensic Audit & Fraud Investigation - Detailed Investigation,TAX-02722,GST,18,83246.51,228106.0,92,Financial Auditing Services,998221,8906331191611
Basic NRI Tax Advisory & Filing - DTAA Benefit Filing,TAX-02723,GST,18,2746.53,6502.0,36,Individual Tax Preparation,998232,8901340377917
Express Internal Audit & Risk Assessment - Half-Yearly,TAX-02724,GST,18,19259.23,44620.0,63,Financial Auditing Services,998221,8901892004582
Standard Forensic Audit & Fraud Investigation - Basic Assessment,TAX-02725,GST,18,14739.43,47788.0,67,Financial Auditing Services,998221,8904246847325
Dedicated End-to-End Payroll Processing - Upto 50 Employees,TAX-02726,GST,18,4251.04,12172.0,87,Payroll & Compliance Services,998223,8900536791207
Dedicated Monthly Bookkeeping Retainer - Enterprise Plan,TAX-02727,GST,18,6451.27,20767.0,87,Accounting & Bookkeeping Services,998222,8900355081996
Dedicated NRI Tax Advisory & Filing - DTAA Benefit Filing,TAX-02728,GST,18,2375.71,8142.0,67,Individual Tax Preparation,998232,8908174420540
End-to-End Payroll Processing - Upto 50 Employees,TAX-02729,GST,18,3531.61,9629.0,45,Payroll & Compliance Services,998223,8900920167599
Standard Monthly Bookkeeping Retainer - Startup Plan,TAX-02730,GST,18,3057.53,7296.0,90,Accounting & Bookkeeping Services,998222,8901405806709
Turnkey Tax Audit (U/s 44AB) - Partnership Firm,TAX-02731,GST,18,5288.4,14695.0,10,Financial Auditing Services,998221,8900004004645
Retainer Professional Tax (PT) Compliance - Annual Filing,TAX-02732,GST,18,1223.64,2990.0,78,Payroll & Compliance Services,998223,8907525604899
Turnkey Bank Reconciliation Services - Annual Cleanup,TAX-02733,GST,18,1626.88,4336.0,17,Accounting & Bookkeeping Services,998222,8901380795118
Standard Internal Audit & Risk Assessment - Annual,TAX-02734,GST,18,18575.47,47852.0,32,Financial Auditing Services,998221,8905081595904
Premium Monthly Bookkeeping Retainer - SME Plan,TAX-02735,GST,18,2504.24,8157.0,19,Accounting & Bookkeeping Services,998222,8907416477631
Basic Internal Audit & Risk Assessment - Quarterly,TAX-02736,GST,18,12810.61,34433.0,70,Financial Auditing Services,998221,8900254616844
Advanced Professional Tax (PT) Compliance - Annual Filing,TAX-02737,GST,18,717.89,2457.0,74,Payroll & Compliance Services,998223,8909244183281
Internal Audit & Risk Assessment - Half-Yearly,TAX-02738,GST,18,10121.35,34540.0,97,Financial Auditing Services,998221,8904792975914
Premium TDS & TCS Return Filing - Form 24Q,TAX-02739,GST,18,1544.05,3805.0,53,Payroll & Compliance Services,998223,8908463924887
Basic Individual ITR-1 / ITR-2 Filing - Multiple Form 16 + Capital Gains,TAX-02740,GST,18,519.82,1559.0,96,Individual Tax Preparation,998232,8907649737805
Dedicated Bank Reconciliation Services - Monthly,TAX-02741,GST,18,1990.77,4279.0,78,Accounting & Bookkeeping Services,998222,8907162897476
Turnkey GST Annual Return (GSTR-9/9C) - Turnover > 5Cr,TAX-02742,GST,18,14525.16,44129.0,20,Corporate Tax Consulting,998231,8909193526425
Managed Business & Professional ITR-3 / ITR-4 - Presumptive Taxation,TAX-02743,GST,18,1596.0,4579.0,11,Individual Tax Preparation,998232,8908567591056
Managed Virtual CFO Services - Dedicated (40 hours),TAX-02744,GST,18,36221.39,88906.0,45,Accounting & Bookkeeping Services,998222,8907771405770
Standard Bank Reconciliation Services - Monthly,TAX-02745,GST,18,1422.74,4900.0,42,Accounting & Bookkeeping Services,998222,8909409985752
Managed Professional Tax (PT) Compliance - Registration,TAX-02746,GST,18,691.43,2323.0,80,Payroll & Compliance Services,998223,8904555766335
Dedicated PF & ESI Registration and Returns - Monthly Retainer,TAX-02747,GST,18,1713.17,4879.0,53,Payroll & Compliance Services,998223,8903072772827
ROC Annual Compliance Filing - Fast Track Strike Off,TAX-02748,GST,18,4461.16,12645.0,17,Corporate Tax Consulting,998231,8908942660366
Managed Individual ITR-1 / ITR-2 Filing - Salaried Single Form 16,TAX-02749,GST,18,276.51,916.0,43,Individual Tax Preparation,998232,8908294350079
Dedicated GST Registration & Advisory - E-commerce/Multi-State,TAX-02750,GST,18,1495.85,4104.0,69,Corporate Tax Consulting,998231,8908424716491
Basic Individual ITR-1 / ITR-2 Filing - Multiple Form 16 + Capital Gains,TAX-02751,GST,18,722.42,1909.0,52,Individual Tax Preparation,998232,8900725925016
Turnkey Individual ITR-1 / ITR-2 Filing - Multiple Form 16 + Capital Gains,TAX-02752,GST,18,593.87,1660.0,71,Individual Tax Preparation,998232,8909823070081
Express Cloud Accounting Setup (Tally/Zoho) - Advanced Integration,TAX-02753,GST,18,4198.46,9710.0,71,Accounting & Bookkeeping Services,998222,8904326924941
Turnkey Individual ITR-1 / ITR-2 Filing - Salaried Single Form 16,TAX-02754,GST,18,345.83,1023.0,88,Individual Tax Preparation,998232,8909112946403
Comprehensive Statutory Audit Services - Corporate Entity,TAX-02755,GST,18,38559.19,134581.0,22,Financial Auditing Services,998221,8904659511203
Dedicated Virtual CFO Services - Part-time (20 hours),TAX-02756,GST,18,25641.43,66082.0,65,Accounting & Bookkeeping Services,998222,8906942394383
Comprehensive Corporate Income Tax Return (ITR-6) - Complex with Transfer Pricing,TAX-02757,GST,18,27168.44,66559.0,41,Corporate Tax Consulting,998231,8907734850302
GST Annual Return (GSTR-9/9C) - Turnover < 2Cr,TAX-02758,GST,18,5137.75,17947.0,83,Corporate Tax Consulting,998231,8903162505532
Advanced GST Annual Return (GSTR-9/9C) - Turnover < 2Cr,TAX-02759,GST,18,6191.92,18464.0,49,Corporate Tax Consulting,998231,8908372687793
Comprehensive NRI Tax Advisory & Filing - Standard Consultation,TAX-02760,GST,18,2845.32,9820.0,66,Individual Tax Preparation,998232,8902877478691
Managed Tax Audit (U/s 44AB) - Individual/HUF,TAX-02761,GST,18,4487.63,14845.0,31,Financial Auditing Services,998221,8909696524157
Retainer Monthly Bookkeeping Retainer - Enterprise Plan,TAX-02762,GST,18,8139.59,16502.0,12,Accounting & Bookkeeping Services,998222,8904107191294
Premium Cloud Accounting Setup (Tally/Zoho) - Advanced Integration,TAX-02763,GST,18,6841.26,15530.0,56,Accounting & Bookkeeping Services,998222,8907814963550
Dedicated Stock & Inventory Audit - Single Location,TAX-02764,GST,18,8636.29,18090.0,20,Financial Auditing Services,998221,8900158456731
Premium Financial Statement Preparation (P&L/BS) - Proprietorship,TAX-02765,GST,18,5670.29,17429.0,95,Accounting & Bookkeeping Services,998222,8907493175607
Standard Monthly Bookkeeping Retainer - Startup Plan,TAX-02766,GST,18,3023.64,9223.0,66,Accounting & Bookkeeping Services,998222,8903733970101
Comprehensive PF & ESI Registration and Returns - Annual Package,TAX-02767,GST,18,1572.69,5030.0,80,Payroll & Compliance Services,998223,8909224006138
Express Corporate Income Tax Return (ITR-6) - Complex with Transfer Pricing,TAX-02768,GST,18,24315.26,63324.0,31,Corporate Tax Consulting,998231,8905143580471
Premium Stock & Inventory Audit - Single Location,TAX-02769,GST,18,10193.18,25569.0,20,Financial Auditing Services,998221,8905311959602
Advanced GST Annual Return (GSTR-9/9C) - Turnover < 2Cr,TAX-02770,GST,18,5177.5,17975.0,73,Corporate Tax Consulting,998231,8907966054856
Dedicated Bank Reconciliation Services - Annual Cleanup,TAX-02771,GST,18,1668.43,4021.0,32,Accounting & Bookkeeping Services,998222,8904640694861
Standard Corporate Income Tax Return (ITR-6) - Complex with Transfer Pricing,TAX-02772,GST,18,32641.22,73085.0,73,Corporate Tax Consulting,998231,8901148816058
Managed Statutory Audit Services - Corporate Entity,TAX-02773,GST,18,43090.1,141948.0,55,Financial Auditing Services,998221,8907082678650
Advanced TDS & TCS Return Filing - Form 27Q,TAX-02774,GST,18,1208.9,2960.0,45,Payroll & Compliance Services,998223,8902942670880
Dedicated End-to-End Payroll Processing - Upto 20 Employees,TAX-02775,GST,18,5167.03,12096.0,95,Payroll & Compliance Services,998223,8908626849704
Turnkey Bank Reconciliation Services - Monthly,TAX-02776,GST,18,1939.34,5814.0,24,Accounting & Bookkeeping Services,998222,8904207681700
Advanced ROC Annual Compliance Filing - AOC-4 & MGT-7,TAX-02777,GST,18,4299.35,10920.0,70,Corporate Tax Consulting,998231,8902397661054
Dedicated Forensic Audit & Fraud Investigation - Basic Assessment,TAX-02778,GST,18,12303.12,39306.0,65,Financial Auditing Services,998221,8900175180077
Retainer NRI Tax Advisory & Filing - Standard Consultation,TAX-02779,GST,18,2953.46,7536.0,68,Individual Tax Preparation,998232,8906186770667
Comprehensive Monthly Bookkeeping Retainer - Enterprise Plan,TAX-02780,GST,18,10587.49,23984.0,39,Accounting & Bookkeeping Services,998222,8904914309215
Dedicated Financial Statement Preparation (P&L/BS) - Proprietorship,TAX-02781,GST,18,5947.67,16666.0,35,Accounting & Bookkeeping Services,998222,8906740891205
Managed NRI Tax Advisory & Filing - DTAA Benefit Filing,TAX-02782,GST,18,2820.36,8912.0,85,Individual Tax Preparation,998232,8908801225620
Standard Business & Professional ITR-3 / ITR-4 - Regular Accounts,TAX-02783,GST,18,1602.65,5272.0,79,Individual Tax Preparation,998232,8900257016206
Basic Financial Statement Preparation (P&L/BS) - Proprietorship,TAX-02784,GST,18,5533.21,18761.0,89,Accounting & Bookkeeping Services,998222,8905915167616
Turnkey Monthly GST Return Filing (GSTR 1 & 3B) - High Volume,TAX-02785,GST,18,2689.43,9285.0,79,Corporate Tax Consulting,998231,8906360253687
Express Cloud Accounting Setup (Tally/Zoho) - Basic Setup,TAX-02786,GST,18,2527.98,6293.0,45,Accounting & Bookkeeping Services,998222,8905080694097
Advance Tax Calculation & Advisory - Quarterly Retainer,TAX-02787,GST,18,896.24,2462.0,22,Individual Tax Preparation,998232,8908341000665
Basic NRI Tax Advisory & Filing - DTAA Benefit Filing,TAX-02788,GST,18,3130.36,9807.0,82,Individual Tax Preparation,998232,8903004603560
Turnkey Advance Tax Calculation & Advisory - Quarterly Retainer,TAX-02789,GST,18,569.64,1876.0,97,Individual Tax Preparation,998232,8903759044790
Advanced PF & ESI Registration and Returns - Monthly Retainer,TAX-02790,GST,18,2835.96,6210.0,93,Payroll & Compliance Services,998223,8908902764513
Statutory Audit Services - Medium Enterprise,TAX-02791,GST,18,44742.17,149692.0,25,Financial Auditing Services,998221,8909857547388
Comprehensive Stock & Inventory Audit - Multi-Location,TAX-02792,GST,18,18425.84,37525.0,30,Financial Auditing Services,998221,8908285072553
Comprehensive Monthly Bookkeeping Retainer - SME Plan,TAX-02793,GST,18,4032.91,10248.0,50,Accounting & Bookkeeping Services,998222,8905013524711
ROC Annual Compliance Filing - Fast Track Strike Off,TAX-02794,GST,18,4479.75,14165.0,11,Corporate Tax Consulting,998231,8905139184180
Standard End-to-End Payroll Processing - Upto 50 Employees,TAX-02795,GST,18,2501.98,8636.0,10,Payroll & Compliance Services,998223,8907404515699
Managed Cloud Accounting Setup (Tally/Zoho) - Basic Setup,TAX-02796,GST,18,2459.96,7226.0,58,Accounting & Bookkeeping Services,998222,8908994738793
Stock & Inventory Audit - Single Location,TAX-02797,GST,18,6011.92,19696.0,87,Financial Auditing Services,998221,8900605636071
Basic Bank Reconciliation Services - Monthly,TAX-02798,GST,18,1781.71,5193.0,48,Accounting & Bookkeeping Services,998222,8909125819366
Turnkey NRI Tax Advisory & Filing - Standard Consultation,TAX-02799,GST,18,2198.8,7590.0,54,Individual Tax Preparation,998232,8903145945681
Express End-to-End Payroll Processing - Upto 150 Employees,TAX-02800,GST,18,7986.43,17277.0,47,Payroll & Compliance Services,998223,8906318798976
Comprehensive Cloud Accounting Setup (Tally/Zoho) - Basic Setup,TAX-02801,GST,18,2673.65,6475.0,36,Accounting & Bookkeeping Services,998222,8903388319602
End-to-End Payroll Processing - Upto 150 Employees,TAX-02802,GST,18,7796.54,15782.0,10,Payroll & Compliance Services,998223,8900438666847
Turnkey Forensic Audit & Fraud Investigation - Basic Assessment,TAX-02803,GST,18,17599.52,39428.0,50,Financial Auditing Services,998221,8907896636805
Retainer Financial Statement Preparation (P&L/BS) - Proprietorship,TAX-02804,GST,18,4390.34,12434.0,77,Accounting & Bookkeeping Services,998222,8902330970199
Managed Business & Professional ITR-3 / ITR-4 - Regular Accounts,TAX-02805,GST,18,1603.68,4725.0,69,Individual Tax Preparation,998232,8905186210986
Retainer Financial Statement Preparation (P&L/BS) - Private Limited,TAX-02806,GST,18,6276.93,19009.0,74,Accounting & Bookkeeping Services,998222,8901689600668
Managed Individual ITR-1 / ITR-2 Filing - Salaried Single Form 16,TAX-02807,GST,18,399.21,985.0,30,Individual Tax Preparation,998232,8905284658068
Comprehensive Forensic Audit & Fraud Investigation - Basic Assessment,TAX-02808,GST,18,24892.45,53551.0,88,Financial Auditing Services,998221,8909797031080
Retainer Business & Professional ITR-3 / ITR-4 - Regular Accounts,TAX-02809,GST,18,1787.34,5231.0,54,Individual Tax Preparation,998232,8904487890483
Dedicated Bank Reconciliation Services - Annual Cleanup,TAX-02810,GST,18,1583.7,5348.0,68,Accounting & Bookkeeping Services,998222,8902602131806
Premium GST Annual Return (GSTR-9/9C) - Turnover > 5Cr,TAX-02811,GST,18,12163.37,36003.0,83,Corporate Tax Consulting,998231,8907430878037
Basic Business & Professional ITR-3 / ITR-4 - Regular Accounts,TAX-02812,GST,18,2094.44,4587.0,77,Individual Tax Preparation,998232,8908704155781
Standard Financial Statement Preparation (P&L/BS) - Proprietorship,TAX-02813,GST,18,6277.35,14128.0,25,Accounting & Bookkeeping Services,998222,8907562479944
Managed Cloud Accounting Setup (Tally/Zoho) - Basic Setup,TAX-02814,GST,18,4142.81,9274.0,38,Accounting & Bookkeeping Services,998222,8900597662084
Turnkey Forensic Audit & Fraud Investigation - Detailed Investigation,TAX-02815,GST,18,91721.2,185307.0,24,Financial Auditing Services,998221,8905774662199
Turnkey ROC Annual Compliance Filing - Fast Track Strike Off,TAX-02816,GST,18,5328.59,11658.0,53,Corporate Tax Consulting,998231,8904245866729
Managed Virtual CFO Services - Part-time (20 hours),TAX-02817,GST,18,15216.11,52861.0,63,Accounting & Bookkeeping Services,998222,8907940601541
Managed Virtual CFO Services - Part-time (20 hours),TAX-02818,GST,18,20496.36,69518.0,81,Accounting & Bookkeeping Services,998222,8906883392389
Comprehensive Advance Tax Calculation & Advisory - Quarterly Retainer,TAX-02819,GST,18,589.45,1958.0,64,Individual Tax Preparation,998232,8908629661035
Advanced Corporate Income Tax Return (ITR-6) - Complex with Transfer Pricing,TAX-02820,GST,18,33712.62,70045.0,49,Corporate Tax Consulting,998231,8903714926273
Turnkey End-to-End Payroll Processing - Upto 150 Employees,TAX-02821,GST,18,4744.69,14683.0,29,Payroll & Compliance Services,998223,8906646096149
Premium Stock & Inventory Audit - Single Location,TAX-02822,GST,18,7626.52,16470.0,60,Financial Auditing Services,998221,8905954543001
Turnkey ROC Annual Compliance Filing - Fast Track Strike Off,TAX-02823,GST,18,3346.02,10382.0,72,Corporate Tax Consulting,998231,8904205225898
Managed Monthly GST Return Filing (GSTR 1 & 3B) - Nil Return,TAX-02824,GST,18,929.73,2136.0,23,Corporate Tax Consulting,998231,8906656910708
Managed GST Registration & Advisory - Standard Business,TAX-02825,GST,18,1268.55,3810.0,42,Corporate Tax Consulting,998231,8900250064227
Advanced Corporate Income Tax Return (ITR-6) - Standard,TAX-02826,GST,18,10237.61,30401.0,95,Corporate Tax Consulting,998231,8906526505347
Standard Corporate Income Tax Return (ITR-6) - Standard,TAX-02827,GST,18,16046.0,32450.0,75,Corporate Tax Consulting,998231,8905953887559
Express Advance Tax Calculation & Advisory - One-Time Analysis,TAX-02828,GST,18,1110.07,2532.0,43,Individual Tax Preparation,998232,8901552823016
PF & ESI Registration and Returns - Monthly Retainer,TAX-02829,GST,18,1605.54,5538.0,27,Payroll & Compliance Services,998223,8909774443329
Managed TDS & TCS Return Filing - Form 27Q,TAX-02830,GST,18,1086.46,3719.0,73,Payroll & Compliance Services,998223,8904047724649
Retainer Monthly GST Return Filing (GSTR 1 & 3B) - High Volume,TAX-02831,GST,18,2149.14,6792.0,23,Corporate Tax Consulting,998231,8909067100997
Comprehensive NRI Tax Advisory & Filing - DTAA Benefit Filing,TAX-02832,GST,18,3939.37,8854.0,82,Individual Tax Preparation,998232,8903164212826
Managed TDS & TCS Return Filing - Form 27Q,TAX-02833,GST,18,2166.74,4497.0,33,Payroll & Compliance Services,998223,8904891055799
Retainer Individual ITR-1 / ITR-2 Filing - Multiple Form 16 + Capital Gains,TAX-02834,GST,18,750.35,1758.0,96,Individual Tax Preparation,998232,8905651234344
Retainer Forensic Audit & Fraud Investigation - Basic Assessment,TAX-02835,GST,18,21716.46,56932.0,93,Financial Auditing Services,998221,8903139594357
Express NRI Tax Advisory & Filing - DTAA Benefit Filing,TAX-02836,GST,18,2392.87,6482.0,98,Individual Tax Preparation,998232,8901282111264
Retainer Monthly Bookkeeping Retainer - Enterprise Plan,TAX-02837,GST,18,7041.4,16787.0,73,Accounting & Bookkeeping Services,998222,8908893770705
Express Forensic Audit & Fraud Investigation - Basic Assessment,TAX-02838,GST,18,15938.49,47305.0,12,Financial Auditing Services,998221,8906263276243
Managed Financial Statement Preparation (P&L/BS) - Private Limited,TAX-02839,GST,18,3825.5,13147.0,73,Accounting & Bookkeeping Services,998222,8909804707893
Managed ROC Annual Compliance Filing - Fast Track Strike Off,TAX-02840,GST,18,6050.46,13581.0,93,Corporate Tax Consulting,998231,8903999636918
Advanced TDS & TCS Return Filing - Form 26Q,TAX-02841,GST,18,989.96,2988.0,85,Payroll & Compliance Services,998223,8908385792826
Standard Virtual CFO Services - Part-time (20 hours),TAX-02842,GST,18,17940.08,60582.0,23,Accounting & Bookkeeping Services,998222,8905995274787
Dedicated Tax Audit (U/s 44AB) - Company,TAX-02843,GST,18,7647.18,17509.0,36,Financial Auditing Services,998221,8901793134756
Standard Stock & Inventory Audit - Multi-Location,TAX-02844,GST,18,17230.72,44269.0,90,Financial Auditing Services,998221,8900210002786
TDS & TCS Return Filing - Form 27Q,TAX-02845,GST,18,1332.93,4402.0,69,Payroll & Compliance Services,998223,8900051253806
Premium Monthly Bookkeeping Retainer - Enterprise Plan,TAX-02846,GST,18,8309.78,19309.0,73,Accounting & Bookkeeping Services,998222,8906932879274
Turnkey Monthly GST Return Filing (GSTR 1 & 3B) - Nil Return,TAX-02847,GST,18,749.71,2260.0,70,Corporate Tax Consulting,998231,8905311524387
Dedicated Monthly Bookkeeping Retainer - SME Plan,TAX-02848,GST,18,3575.01,8184.0,22,Accounting & Bookkeeping Services,998222,8904449419964
Professional Tax (PT) Compliance - Registration,TAX-02849,GST,18,1010.52,2328.0,45,Payroll & Compliance Services,998223,8900927715736
NRI Tax Advisory & Filing - Standard Consultation,TAX-02850,GST,18,3297.0,8179.0,24,Individual Tax Preparation,998232,8908251103186
Managed Monthly GST Return Filing (GSTR 1 & 3B) - Nil Return,TAX-02851,GST,18,815.52,1760.0,45,Corporate Tax Consulting,998231,8905661966760
Advanced Tax Audit (U/s 44AB) - Individual/HUF,TAX-02852,GST,18,3939.91,13759.0,20,Financial Auditing Services,998221,8900265576475
Managed GST Annual Return (GSTR-9/9C) - Turnover > 5Cr,TAX-02853,GST,18,15074.44,46545.0,85,Corporate Tax Consulting,998231,8907741050685
Basic Individual ITR-1 / ITR-2 Filing - Salaried Single Form 16,TAX-02854,GST,18,284.45,830.0,48,Individual Tax Preparation,998232,8906214706165
Premium Financial Statement Preparation (P&L/BS) - Proprietorship,TAX-02855,GST,18,4555.88,14415.0,47,Accounting & Bookkeeping Services,998222,8902890781629
Monthly Bookkeeping Retainer - Enterprise Plan,TAX-02856,GST,18,7825.35,19778.0,17,Accounting & Bookkeeping Services,998222,8907106616903
Dedicated GST Annual Return (GSTR-9/9C) - Turnover < 2Cr,TAX-02857,GST,18,6789.69,16321.0,25,Corporate Tax Consulting,998231,8907977963199
Premium Professional Tax (PT) Compliance - Annual Filing,TAX-02858,GST,18,924.0,2710.0,96,Payroll & Compliance Services,998223,8900874961229
Retainer Business & Professional ITR-3 / ITR-4 - Presumptive Taxation,TAX-02859,GST,18,1866.82,5106.0,76,Individual Tax Preparation,998232,8904779888243
Retainer Corporate Income Tax Return (ITR-6) - Complex with Transfer Pricing,TAX-02860,GST,18,26061.36,73150.0,65,Corporate Tax Consulting,998231,8902748230097
Managed Tax Audit (U/s 44AB) - Partnership Firm,TAX-02861,GST,18,6275.27,18108.0,55,Financial Auditing Services,998221,8900133672115
Advanced GST Annual Return (GSTR-9/9C) - Turnover < 2Cr,TAX-02862,GST,18,5418.77,12133.0,78,Corporate Tax Consulting,998231,8902464913716
Advanced End-to-End Payroll Processing - Upto 150 Employees,TAX-02863,GST,18,9074.37,20431.0,37,Payroll & Compliance Services,998223,8901596378131
Standard Individual ITR-1 / ITR-2 Filing - Multiple Form 16 + Capital Gains,TAX-02864,GST,18,750.06,1584.0,40,Individual Tax Preparation,998232,8906900479046
Advanced TDS & TCS Return Filing - Form 27Q,TAX-02865,GST,18,1152.47,2905.0,79,Payroll & Compliance Services,998223,8901519394278
Express Individual ITR-1 / ITR-2 Filing - Salaried Single Form 16,TAX-02866,GST,18,517.67,1160.0,78,Individual Tax Preparation,998232,8909009860681
Turnkey TDS & TCS Return Filing - Form 24Q,TAX-02867,GST,18,1654.95,4369.0,59,Payroll & Compliance Services,998223,8901177294206
Dedicated GST Registration & Advisory - Standard Business,TAX-02868,GST,18,1689.96,5266.0,54,Corporate Tax Consulting,998231,8908240497795
Premium Monthly GST Return Filing (GSTR 1 & 3B) - Standard B2B/B2C,TAX-02869,GST,18,1173.33,2450.0,20,Corporate Tax Consulting,998231,8905186175989
Monthly GST Return Filing (GSTR 1 & 3B) - Nil Return,TAX-02870,GST,18,700.03,1719.0,69,Corporate Tax Consulting,998231,8906419495832
Express End-to-End Payroll Processing - Upto 150 Employees,TAX-02871,GST,18,7315.51,14741.0,61,Payroll & Compliance Services,998223,8903349227770
NRI Tax Advisory & Filing - DTAA Benefit Filing,TAX-02872,GST,18,2559.41,7062.0,40,Individual Tax Preparation,998232,8909554344821
Standard Virtual CFO Services - Part-time (20 hours),TAX-02873,GST,18,17369.52,51621.0,53,Accounting & Bookkeeping Services,998222,8907694151398
Comprehensive TDS & TCS Return Filing - Form 24Q,TAX-02874,GST,18,1900.59,4385.0,56,Payroll & Compliance Services,998223,8900839731752
Comprehensive PF & ESI Registration and Returns - Monthly Retainer,TAX-02875,GST,18,2371.38,5636.0,28,Payroll & Compliance Services,998223,8901395796562
Basic Individual ITR-1 / ITR-2 Filing - Multiple Form 16 + Capital Gains,TAX-02876,GST,18,728.32,1865.0,11,Individual Tax Preparation,998232,8906455804829
End-to-End Payroll Processing - Upto 50 Employees,TAX-02877,GST,18,3851.98,10705.0,33,Payroll & Compliance Services,998223,8905587293706
Basic Bank Reconciliation Services - Annual Cleanup,TAX-02878,GST,18,1777.5,4951.0,57,Accounting & Bookkeeping Services,998222,8905822623167
Standard End-to-End Payroll Processing - Upto 20 Employees,TAX-02879,GST,18,3007.48,9850.0,91,Payroll & Compliance Services,998223,8907034147756
Managed Advance Tax Calculation & Advisory - Quarterly Retainer,TAX-02880,GST,18,485.51,1690.0,85,Individual Tax Preparation,998232,8909870805382
Comprehensive Individual ITR-1 / ITR-2 Filing - Salaried Single Form 16,TAX-02881,GST,18,320.7,1015.0,94,Individual Tax Preparation,998232,8909657537644
End-to-End Payroll Processing - Upto 20 Employees,TAX-02882,GST,18,3742.66,9638.0,31,Payroll & Compliance Services,998223,8902083464429
Basic Advance Tax Calculation & Advisory - Quarterly Retainer,TAX-02883,GST,18,792.86,2118.0,81,Individual Tax Preparation,998232,8906069939945
Statutory Audit Services - Medium Enterprise,TAX-02884,GST,18,66560.37,153057.0,29,Financial Auditing Services,998221,8909216298604
Dedicated Financial Statement Preparation (P&L/BS) - LLP,TAX-02885,GST,18,5405.81,17258.0,23,Accounting & Bookkeeping Services,998222,8900363056956
Bank Reconciliation Services - Monthly,TAX-02886,GST,18,1867.3,5453.0,19,Accounting & Bookkeeping Services,998222,8902352888990
Retainer Advance Tax Calculation & Advisory - Quarterly Retainer,TAX-02887,GST,18,501.71,1669.0,10,Individual Tax Preparation,998232,8907149236036
Retainer Individual ITR-1 / ITR-2 Filing - Multiple Form 16 + Capital Gains,TAX-02888,GST,18,698.55,1697.0,44,Individual Tax Preparation,998232,8903721326776
Standard Virtual CFO Services - Part-time (20 hours),TAX-02889,GST,18,32855.63,69453.0,74,Accounting & Bookkeeping Services,998222,8900438430979
Retainer Corporate Income Tax Return (ITR-6) - Complex with Transfer Pricing,TAX-02890,GST,18,30255.01,72374.0,25,Corporate Tax Consulting,998231,8908180187472
Standard Individual ITR-1 / ITR-2 Filing - Salaried Single Form 16,TAX-02891,GST,18,224.85,775.0,55,Individual Tax Preparation,998232,8909746030231
Retainer Monthly Bookkeeping Retainer - SME Plan,TAX-02892,GST,18,2155.15,6853.0,12,Accounting & Bookkeeping Services,998222,8904232758881
Express Stock & Inventory Audit - Multi-Location,TAX-02893,GST,18,21320.42,43414.0,37,Financial Auditing Services,998221,8900416527261
Express Individual ITR-1 / ITR-2 Filing - Salaried Single Form 16,TAX-02894,GST,18,407.87,875.0,15,Individual Tax Preparation,998232,8900179251362
Standard Cloud Accounting Setup (Tally/Zoho) - Basic Setup,TAX-02895,GST,18,2444.66,6535.0,14,Accounting & Bookkeeping Services,998222,8902098194014
Standard ROC Annual Compliance Filing - Fast Track Strike Off,TAX-02896,GST,18,6282.89,14792.0,61,Corporate Tax Consulting,998231,8900772720450
Basic Individual ITR-1 / ITR-2 Filing - Multiple Form 16 + Capital Gains,TAX-02897,GST,18,515.44,1717.0,54,Individual Tax Preparation,998232,8903335016262
Advanced End-to-End Payroll Processing - Upto 20 Employees,TAX-02898,GST,18,4264.59,12215.0,58,Payroll & Compliance Services,998223,8901730515133
Turnkey Monthly Bookkeeping Retainer - Enterprise Plan,TAX-02899,GST,18,9810.03,20431.0,85,Accounting & Bookkeeping Services,998222,8902407413596
Basic Corporate Income Tax Return (ITR-6) - Standard,TAX-02900,GST,18,11589.3,27043.0,59,Corporate Tax Consulting,998231,8903857433919
Premium End-to-End Payroll Processing - Upto 150 Employees,TAX-02901,GST,18,5178.28,14649.0,23,Payroll & Compliance Services,998223,8906267501468
Turnkey Monthly Bookkeeping Retainer - SME Plan,TAX-02902,GST,18,2277.21,7851.0,12,Accounting & Bookkeeping Services,998222,8903945584642
Standard Statutory Audit Services - Corporate Entity,TAX-02903,GST,18,43790.47,147674.0,12,Financial Auditing Services,998221,8902320165198
Premium Individual ITR-1 / ITR-2 Filing - Multiple Form 16 + Capital Gains,TAX-02904,GST,18,844.97,1832.0,72,Individual Tax Preparation,998232,8905075192677
Turnkey End-to-End Payroll Processing - Upto 50 Employees,TAX-02905,GST,18,3274.22,8471.0,30,Payroll & Compliance Services,998223,8902843965688
Comprehensive Monthly GST Return Filing (GSTR 1 & 3B) - Nil Return,TAX-02906,GST,18,938.53,2239.0,81,Corporate Tax Consulting,998231,8907103653476
Advanced End-to-End Payroll Processing - Upto 50 Employees,TAX-02907,GST,18,3867.21,11926.0,100,Payroll & Compliance Services,998223,8907197453145
Premium NRI Tax Advisory & Filing - DTAA Benefit Filing,TAX-02908,GST,18,2972.33,10229.0,16,Individual Tax Preparation,998232,8902906954735
Managed Corporate Income Tax Return (ITR-6) - Standard,TAX-02909,GST,18,9894.98,28599.0,36,Corporate Tax Consulting,998231,8906109098245
Advanced Stock & Inventory Audit - Single Location,TAX-02910,GST,18,7705.7,23098.0,66,Financial Auditing Services,998221,8900236074170
Comprehensive GST Registration & Advisory - Standard Business,TAX-02911,GST,18,1764.37,4417.0,35,Corporate Tax Consulting,998231,8901341762280
Standard NRI Tax Advisory & Filing - DTAA Benefit Filing,TAX-02912,GST,18,3487.91,8367.0,14,Individual Tax Preparation,998232,8901637905848
Managed Virtual CFO Services - Part-time (20 hours),TAX-02913,GST,18,23257.68,53638.0,88,Accounting & Bookkeeping Services,998222,8906910829656
Turnkey Internal Audit & Risk Assessment - Quarterly,TAX-02914,GST,18,15599.19,37698.0,62,Financial Auditing Services,998221,8907647856250
Premium NRI Tax Advisory & Filing - DTAA Benefit Filing,TAX-02915,GST,18,4431.08,9379.0,49,Individual Tax Preparation,998232,8903999257099
Standard Virtual CFO Services - Dedicated (40 hours),TAX-02916,GST,18,31223.64,86847.0,90,Accounting & Bookkeeping Services,998222,8905143825520
Dedicated Cloud Accounting Setup (Tally/Zoho) - Advanced Integration,TAX-02917,GST,18,6705.93,14597.0,25,Accounting & Bookkeeping Services,998222,8909805283905
Managed Monthly Bookkeeping Retainer - SME Plan,TAX-02918,GST,18,3598.1,7277.0,95,Accounting & Bookkeeping Services,998222,8908303884016
Express GST Annual Return (GSTR-9/9C) - Turnover > 5Cr,TAX-02919,GST,18,10771.38,32669.0,18,Corporate Tax Consulting,998231,8909105071970
Advanced NRI Tax Advisory & Filing - DTAA Benefit Filing,TAX-02920,GST,18,3276.55,10286.0,54,Individual Tax Preparation,998232,8904069143876
Monthly GST Return Filing (GSTR 1 & 3B) - High Volume,TAX-02921,GST,18,3285.1,7144.0,98,Corporate Tax Consulting,998231,8905567695979
Comprehensive Virtual CFO Services - Dedicated (40 hours),TAX-02922,GST,18,53930.75,126191.0,70,Accounting & Bookkeeping Services,998222,8903243703919
Turnkey Tax Audit (U/s 44AB) - Partnership Firm,TAX-02923,GST,18,5863.42,17736.0,23,Financial Auditing Services,998221,8904134307683
Turnkey Virtual CFO Services - Dedicated (40 hours),TAX-02924,GST,18,46145.92,130176.0,92,Accounting & Bookkeeping Services,998222,8906051917024
Basic Cloud Accounting Setup (Tally/Zoho) - Advanced Integration,TAX-02925,GST,18,3959.81,12249.0,37,Accounting & Bookkeeping Services,998222,8907380131843
Dedicated End-to-End Payroll Processing - Upto 20 Employees,TAX-02926,GST,18,4517.1,12297.0,25,Payroll & Compliance Services,998223,8906826111476
Basic Monthly Bookkeeping Retainer - SME Plan,TAX-02927,GST,18,2642.79,7421.0,39,Accounting & Bookkeeping Services,998222,8905414556473
Retainer Statutory Audit Services - Medium Enterprise,TAX-02928,GST,18,46167.1,133362.0,61,Financial Auditing Services,998221,8906370088943
Standard Business & Professional ITR-3 / ITR-4 - Presumptive Taxation,TAX-02929,GST,18,1422.79,4271.0,70,Individual Tax Preparation,998232,8908165608804
Stock & Inventory Audit - Single Location,TAX-02930,GST,18,7129.2,17299.0,61,Financial Auditing Services,998221,8902882617346
Basic Stock & Inventory Audit - Multi-Location,TAX-02931,GST,18,16052.69,42554.0,35,Financial Auditing Services,998221,8901493181372
Retainer Virtual CFO Services - Part-time (20 hours),TAX-02932,GST,18,34985.09,70333.0,53,Accounting & Bookkeeping Services,998222,8900308349116
Advanced Professional Tax (PT) Compliance - Annual Filing,TAX-02933,GST,18,882.76,2726.0,35,Payroll & Compliance Services,998223,8908681337227
Dedicated Individual ITR-1 / ITR-2 Filing - Salaried Single Form 16,TAX-02934,GST,18,378.57,875.0,84,Individual Tax Preparation,998232,8902588302136
Premium GST Registration & Advisory - E-commerce/Multi-State,TAX-02935,GST,18,2140.69,5066.0,49,Corporate Tax Consulting,998231,8901787602874
Comprehensive Individual ITR-1 / ITR-2 Filing - Multiple Form 16 + Capital Gains,TAX-02936,GST,18,497.3,1510.0,42,Individual Tax Preparation,998232,8908810503916
Comprehensive ROC Annual Compliance Filing - AOC-4 & MGT-7,TAX-02937,GST,18,4256.94,12787.0,66,Corporate Tax Consulting,998231,8909398593082
Retainer Financial Statement Preparation (P&L/BS) - LLP,TAX-02938,GST,18,4821.97,12723.0,54,Accounting & Bookkeeping Services,998222,8903953698232
Forensic Audit & Fraud Investigation - Basic Assessment,TAX-02939,GST,18,16481.19,45612.0,22,Financial Auditing Services,998221,8901562306780
Turnkey Stock & Inventory Audit - Multi-Location,TAX-02940,GST,18,10778.08,37642.0,45,Financial Auditing Services,998221,8901280447120
Comprehensive Business & Professional ITR-3 / ITR-4 - Regular Accounts,TAX-02941,GST,18,1588.6,4241.0,74,Individual Tax Preparation,998232,8905623788617
Managed Cloud Accounting Setup (Tally/Zoho) - Advanced Integration,TAX-02942,GST,18,7562.8,15413.0,63,Accounting & Bookkeeping Services,998222,8903951368990
Advanced Corporate Income Tax Return (ITR-6) - Complex with Transfer Pricing,TAX-02943,GST,18,19977.27,52327.0,80,Corporate Tax Consulting,998231,8904366337561
Basic NRI Tax Advisory & Filing - DTAA Benefit Filing,TAX-02944,GST,18,2900.35,7771.0,73,Individual Tax Preparation,998232,8908592945836
Managed Stock & Inventory Audit - Single Location,TAX-02945,GST,18,6726.91,18916.0,82,Financial Auditing Services,998221,8902396042445
Turnkey Internal Audit & Risk Assessment - Half-Yearly,TAX-02946,GST,18,20030.5,41931.0,25,Financial Auditing Services,998221,8907829598816
Managed Statutory Audit Services - Small Business,TAX-02947,GST,18,15053.94,34812.0,30,Financial Auditing Services,998221,8909403804374
Express Internal Audit & Risk Assessment - Half-Yearly,TAX-02948,GST,18,17652.22,49839.0,11,Financial Auditing Services,998221,8908655108619
Managed Advance Tax Calculation & Advisory - Quarterly Retainer,TAX-02949,GST,18,784.76,2448.0,36,Individual Tax Preparation,998232,8909313294027
Dedicated TDS & TCS Return Filing - Form 24Q,TAX-02950,GST,18,2085.82,4378.0,61,Payroll & Compliance Services,998223,8905755574863
Premium Virtual CFO Services - Part-time (20 hours),TAX-02951,GST,18,22859.12,68565.0,95,Accounting & Bookkeeping Services,998222,8900560557384
Turnkey Statutory Audit Services - Corporate Entity,TAX-02952,GST,18,49149.72,100414.0,65,Financial Auditing Services,998221,8906161531766
Advanced Internal Audit & Risk Assessment - Half-Yearly,TAX-02953,GST,18,17884.47,45872.0,69,Financial Auditing Services,998221,8909181433697
Dedicated Professional Tax (PT) Compliance - Annual Filing,TAX-02954,GST,18,732.86,2329.0,59,Payroll & Compliance Services,998223,8908342605338
Express Business & Professional ITR-3 / ITR-4 - Regular Accounts,TAX-02955,GST,18,1512.15,5185.0,85,Individual Tax Preparation,998232,8906608187588
Advanced Tax Audit (U/s 44AB) - Individual/HUF,TAX-02956,GST,18,7336.28,16796.0,38,Financial Auditing Services,998221,8904874512619
Premium Financial Statement Preparation (P&L/BS) - LLP,TAX-02957,GST,18,8266.85,18495.0,87,Accounting & Bookkeeping Services,998222,8903094431213
Managed TDS & TCS Return Filing - Form 26Q,TAX-02958,GST,18,1334.09,3862.0,15,Payroll & Compliance Services,998223,8907256687230
Dedicated Monthly GST Return Filing (GSTR 1 & 3B) - Standard B2B/B2C,TAX-02959,GST,18,1100.23,3070.0,35,Corporate Tax Consulting,998231,8907151041367
Managed GST Annual Return (GSTR-9/9C) - Turnover > 5Cr,TAX-02960,GST,18,12899.41,41366.0,94,Corporate Tax Consulting,998231,8903224967371
Dedicated Advance Tax Calculation & Advisory - One-Time Analysis,TAX-02961,GST,18,720.12,1928.0,25,Individual Tax Preparation,998232,8902094540289
Retainer TDS & TCS Return Filing - Form 24Q,TAX-02962,GST,18,1582.82,4420.0,58,Payroll & Compliance Services,998223,8909769413667
Express Professional Tax (PT) Compliance - Annual Filing,TAX-02963,GST,18,1111.89,3090.0,71,Payroll & Compliance Services,998223,8908639141835
Express Individual ITR-1 / ITR-2 Filing - Multiple Form 16 + Capital Gains,TAX-02964,GST,18,511.94,1240.0,47,Individual Tax Preparation,998232,8904742707254
Comprehensive TDS & TCS Return Filing - Form 27Q,TAX-02965,GST,18,1390.78,3641.0,17,Payroll & Compliance Services,998223,8909547287407
Basic End-to-End Payroll Processing - Upto 150 Employees,TAX-02966,GST,18,5857.18,19899.0,58,Payroll & Compliance Services,998223,8900378280356
Retainer Individual ITR-1 / ITR-2 Filing - Salaried Single Form 16,TAX-02967,GST,18,395.99,1013.0,73,Individual Tax Preparation,998232,8907707501399
Dedicated Virtual CFO Services - Part-time (20 hours),TAX-02968,GST,18,17473.92,59811.0,88,Accounting & Bookkeeping Services,998222,8907463177186
Managed Financial Statement Preparation (P&L/BS) - Private Limited,TAX-02969,GST,18,5344.8,17511.0,62,Accounting & Bookkeeping Services,998222,8901633863813
Turnkey Internal Audit & Risk Assessment - Quarterly,TAX-02970,GST,18,11428.49,34597.0,88,Financial Auditing Services,998221,8908640946654
Premium Advance Tax Calculation & Advisory - One-Time Analysis,TAX-02971,GST,18,1017.33,2378.0,48,Individual Tax Preparation,998232,8904349541217
Retainer Monthly GST Return Filing (GSTR 1 & 3B) - Nil Return,TAX-02972,GST,18,619.54,2027.0,99,Corporate Tax Consulting,998231,8902893482800
Dedicated Business & Professional ITR-3 / ITR-4 - Presumptive Taxation,TAX-02973,GST,18,1611.34,4154.0,13,Individual Tax Preparation,998232,8904568696900
Basic Stock & Inventory Audit - Single Location,TAX-02974,GST,18,5625.7,17881.0,50,Financial Auditing Services,998221,8902404157584
Retainer Financial Statement Preparation (P&L/BS) - Private Limited,TAX-02975,GST,18,4628.86,15129.0,93,Accounting & Bookkeeping Services,998222,8902779333356
Premium NRI Tax Advisory & Filing - Standard Consultation,TAX-02976,GST,18,2821.0,6775.0,51,Individual Tax Preparation,998232,8907661629506
Basic End-to-End Payroll Processing - Upto 20 Employees,TAX-02977,GST,18,3409.63,8389.0,91,Payroll & Compliance Services,998223,8907326523465
Standard TDS & TCS Return Filing - Form 26Q,TAX-02978,GST,18,1011.5,3023.0,17,Payroll & Compliance Services,998223,8903846726440
Retainer Stock & Inventory Audit - Single Location,TAX-02979,GST,18,11502.98,24982.0,48,Financial Auditing Services,998221,8903535425628
Retainer GST Registration & Advisory - E-commerce/Multi-State,TAX-02980,GST,18,1207.81,3790.0,74,Corporate Tax Consulting,998231,8904751340749
Premium Stock & Inventory Audit - Multi-Location,TAX-02981,GST,18,10718.75,35537.0,27,Financial Auditing Services,998221,8904055465120
ROC Annual Compliance Filing - AOC-4 & MGT-7,TAX-02982,GST,18,5050.38,13364.0,22,Corporate Tax Consulting,998231,8909597372530
Retainer Monthly Bookkeeping Retainer - SME Plan,TAX-02983,GST,18,3040.1,7491.0,86,Accounting & Bookkeeping Services,998222,8904428054009
Express Cloud Accounting Setup (Tally/Zoho) - Basic Setup,TAX-02984,GST,18,2077.76,7038.0,70,Accounting & Bookkeeping Services,998222,8908730539003
Express PF & ESI Registration and Returns - Monthly Retainer,TAX-02985,GST,18,2043.33,5277.0,13,Payroll & Compliance Services,998223,8905555628497
Managed Professional Tax (PT) Compliance - Annual Filing,TAX-02986,GST,18,1151.77,2683.0,39,Payroll & Compliance Services,998223,8909399431095
Managed Stock & Inventory Audit - Multi-Location,TAX-02987,GST,18,13820.88,38645.0,33,Financial Auditing Services,998221,8908095728397
Business & Professional ITR-3 / ITR-4 - Presumptive Taxation,TAX-02988,GST,18,1943.14,5521.0,81,Individual Tax Preparation,998232,8906598460745
Dedicated Monthly GST Return Filing (GSTR 1 & 3B) - High Volume,TAX-02989,GST,18,3330.76,8546.0,69,Corporate Tax Consulting,998231,8900327188758
Express Corporate Income Tax Return (ITR-6) - Standard,TAX-02990,GST,18,13137.05,26902.0,26,Corporate Tax Consulting,998231,8900752046907
PF & ESI Registration and Returns - Monthly Retainer,TAX-02991,GST,18,2509.67,5997.0,78,Payroll & Compliance Services,998223,8904773920244
Managed End-to-End Payroll Processing - Upto 150 Employees,TAX-02992,GST,18,7677.07,16520.0,71,Payroll & Compliance Services,998223,8901890112036
Monthly GST Return Filing (GSTR 1 & 3B) - High Volume,TAX-02993,GST,18,4572.53,9639.0,60,Corporate Tax Consulting,998231,8909426166647
Express Statutory Audit Services - Medium Enterprise,TAX-02994,GST,18,50009.1,113742.0,53,Financial Auditing Services,998221,8906520831300
Forensic Audit & Fraud Investigation - Basic Assessment,TAX-02995,GST,18,25379.0,59179.0,21,Financial Auditing Services,998221,8905290074166
Retainer PF & ESI Registration and Returns - Monthly Retainer,TAX-02996,GST,18,1851.59,5933.0,28,Payroll & Compliance Services,998223,8908316723246
Standard TDS & TCS Return Filing - Form 26Q,TAX-02997,GST,18,1383.44,2867.0,60,Payroll & Compliance Services,998223,8900673778892
Retainer Tax Audit (U/s 44AB) - Individual/HUF,TAX-02998,GST,18,6164.76,12884.0,30,Financial Auditing Services,998221,8909084798011
Turnkey GST Registration & Advisory - E-commerce/Multi-State,TAX-02999,GST,18,1424.28,4211.0,96,Corporate Tax Consulting,998231,8906585757903
Managed Financial Statement Preparation (P&L/BS) - LLP,TAX-03000,GST,18,7470.87,18530.0,85,Accounting & Bookkeeping Services,998222,8904791099993
Retainer ROC Annual Compliance Filing - Fast Track Strike Off,TAX-03001,GST,18,5338.18,13897.0,30,Corporate Tax Consulting,998231,8903080453343
Retainer Tax Audit (U/s 44AB) - Company,TAX-03002,GST,18,4182.58,13306.0,14,Financial Auditing Services,998221,8900026755475
Advanced Virtual CFO Services - Dedicated (40 hours),TAX-03003,GST,18,60474.49,129055.0,64,Accounting & Bookkeeping Services,998222,8903825117230
Standard Bank Reconciliation Services - Monthly,TAX-03004,GST,18,1509.27,5187.0,59,Accounting & Bookkeeping Services,998222,8903308048088
Comprehensive GST Registration & Advisory - Standard Business,TAX-03005,GST,18,1938.13,5336.0,48,Corporate Tax Consulting,998231,8904306577211
Turnkey Financial Statement Preparation (P&L/BS) - Proprietorship,TAX-03006,GST,18,7932.29,15874.0,77,Accounting & Bookkeeping Services,998222,8901766352152
GST Annual Return (GSTR-9/9C) - Turnover < 2Cr,TAX-03007,GST,18,7295.75,15387.0,67,Corporate Tax Consulting,998231,8900686864641
Dedicated Professional Tax (PT) Compliance - Registration,TAX-03008,GST,18,949.12,3094.0,64,Payroll & Compliance Services,998223,8908953742525
Retainer GST Annual Return (GSTR-9/9C) - Turnover > 5Cr,TAX-03009,GST,18,14338.95,40930.0,98,Corporate Tax Consulting,998231,8907739516603
Premium Cloud Accounting Setup (Tally/Zoho) - Advanced Integration,TAX-03010,GST,18,3383.28,10199.0,12,Accounting & Bookkeeping Services,998222,8909507151996
Premium Cloud Accounting Setup (Tally/Zoho) - Basic Setup,TAX-03011,GST,18,2966.14,8102.0,72,Accounting & Bookkeeping Services,998222,8902596115953
Standard Virtual CFO Services - Dedicated (40 hours),TAX-03012,GST,18,31792.0,107651.0,97,Accounting & Bookkeeping Services,998222,8909062881566
Express Internal Audit & Risk Assessment - Quarterly,TAX-03013,GST,18,16898.44,42703.0,20,Financial Auditing Services,998221,8908343493635
Retainer ROC Annual Compliance Filing - AOC-4 & MGT-7,TAX-03014,GST,18,4307.79,12593.0,41,Corporate Tax Consulting,998231,8904724416762
Advanced Stock & Inventory Audit - Multi-Location,TAX-03015,GST,18,11328.33,33145.0,46,Financial Auditing Services,998221,8907429326834
Express Advance Tax Calculation & Advisory - Quarterly Retainer,TAX-03016,GST,18,784.08,2319.0,84,Individual Tax Preparation,998232,8905162890845
Comprehensive PF & ESI Registration and Returns - Annual Package,TAX-03017,GST,18,1820.36,6114.0,38,Payroll & Compliance Services,998223,8901258128766
Advanced Bank Reconciliation Services - Monthly,TAX-03018,GST,18,2042.73,5994.0,42,Accounting & Bookkeeping Services,998222,8904765224696
Turnkey NRI Tax Advisory & Filing - Standard Consultation,TAX-03019,GST,18,4177.07,8771.0,57,Individual Tax Preparation,998232,8901713528454
Premium GST Registration & Advisory - E-commerce/Multi-State,TAX-03020,GST,18,1978.14,5008.0,66,Corporate Tax Consulting,998231,8904580766487
Basic NRI Tax Advisory & Filing - Standard Consultation,TAX-03021,GST,18,3614.1,8582.0,32,Individual Tax Preparation,998232,8907607833594
Advanced Business & Professional ITR-3 / ITR-4 - Presumptive Taxation,TAX-03022,GST,18,1816.57,4415.0,79,Individual Tax Preparation,998232,8908160353417
Turnkey Corporate Income Tax Return (ITR-6) - Complex with Transfer Pricing,TAX-03023,GST,18,22286.0,53332.0,23,Corporate Tax Consulting,998231,8909101473912
Retainer Business & Professional ITR-3 / ITR-4 - Regular Accounts,TAX-03024,GST,18,1465.8,4163.0,100,Individual Tax Preparation,998232,8900127712771
Basic Professional Tax (PT) Compliance - Annual Filing,TAX-03025,GST,18,1045.36,3034.0,85,Payroll & Compliance Services,998223,8901744794080
Express Monthly Bookkeeping Retainer - Enterprise Plan,TAX-03026,GST,18,10372.19,23336.0,91,Accounting & Bookkeeping Services,998222,8900641996584
Express Internal Audit & Risk Assessment - Annual,TAX-03027,GST,18,14024.92,36902.0,51,Financial Auditing Services,998221,8902658728023
Turnkey Advance Tax Calculation & Advisory - One-Time Analysis,TAX-03028,GST,18,678.35,1778.0,11,Individual Tax Preparation,998232,8908059801888
Basic Statutory Audit Services - Corporate Entity,TAX-03029,GST,18,40028.91,100003.0,34,Financial Auditing Services,998221,8907828687220
Standard Monthly Bookkeeping Retainer - SME Plan,TAX-03030,GST,18,2021.26,6646.0,18,Accounting & Bookkeeping Services,998222,8906922397662
Standard Tax Audit (U/s 44AB) - Partnership Firm,TAX-03031,GST,18,4215.11,14613.0,18,Financial Auditing Services,998221,8909807027292
NRI Tax Advisory & Filing - Standard Consultation,TAX-03032,GST,18,3713.56,8634.0,78,Individual Tax Preparation,998232,8903492638987
Express TDS & TCS Return Filing - Form 26Q,TAX-03033,GST,18,1014.05,2955.0,39,Payroll & Compliance Services,998223,8903558857283
Professional Tax (PT) Compliance - Registration,TAX-03034,GST,18,907.85,2645.0,65,Payroll & Compliance Services,998223,8901905587530
Standard Virtual CFO Services - Dedicated (40 hours),TAX-03035,GST,18,35124.65,101081.0,95,Accounting & Bookkeeping Services,998222,8900941679520
Retainer Financial Statement Preparation (P&L/BS) - LLP,TAX-03036,GST,18,5366.46,16614.0,22,Accounting & Bookkeeping Services,998222,8904548118917
Dedicated Virtual CFO Services - Dedicated (40 hours),TAX-03037,GST,18,52500.38,128693.0,71,Accounting & Bookkeeping Services,998222,8904940092628
Retainer Advance Tax Calculation & Advisory - One-Time Analysis,TAX-03038,GST,18,703.15,2440.0,73,Individual Tax Preparation,998232,8902008057019
Corporate Income Tax Return (ITR-6) - Standard,TAX-03039,GST,18,11400.89,28305.0,51,Corporate Tax Consulting,998231,8902925556808
Premium Professional Tax (PT) Compliance - Registration,TAX-03040,GST,18,700.23,2130.0,81,Payroll & Compliance Services,998223,8901236242494
Comprehensive GST Registration & Advisory - Standard Business,TAX-03041,GST,18,2299.57,5789.0,83,Corporate Tax Consulting,998231,8900672446095
Advanced GST Annual Return (GSTR-9/9C) - Turnover < 2Cr,TAX-03042,GST,18,5866.29,15995.0,68,Corporate Tax Consulting,998231,8906308357289
Stock & Inventory Audit - Single Location,TAX-03043,GST,18,5389.41,16568.0,63,Financial Auditing Services,998221,8903474180420
Premium Cloud Accounting Setup (Tally/Zoho) - Basic Setup,TAX-03044,GST,18,2089.09,6898.0,71,Accounting & Bookkeeping Services,998222,8905733682876
Dedicated Professional Tax (PT) Compliance - Annual Filing,TAX-03045,GST,18,974.46,2434.0,62,Payroll & Compliance Services,998223,8908568506648
ROC Annual Compliance Filing - AOC-4 & MGT-7,TAX-03046,GST,18,3624.49,12005.0,75,Corporate Tax Consulting,998231,8907130002554
Basic Corporate Income Tax Return (ITR-6) - Complex with Transfer Pricing,TAX-03047,GST,18,21543.36,57458.0,75,Corporate Tax Consulting,998231,8905294844704
Premium Tax Audit (U/s 44AB) - Partnership Firm,TAX-03048,GST,18,4640.15,14467.0,37,Financial Auditing Services,998221,8903706951181
Basic Advance Tax Calculation & Advisory - Quarterly Retainer,TAX-03049,GST,18,802.24,2135.0,56,Individual Tax Preparation,998232,8909559422981
Advanced Cloud Accounting Setup (Tally/Zoho) - Basic Setup,TAX-03050,GST,18,2010.93,6036.0,68,Accounting & Bookkeeping Services,998222,8907118016774
Advanced Financial Statement Preparation (P&L/BS) - Proprietorship,TAX-03051,GST,18,4653.08,16091.0,85,Accounting & Bookkeeping Services,998222,8908592714369
Express Professional Tax (PT) Compliance - Annual Filing,TAX-03052,GST,18,764.1,2257.0,71,Payroll & Compliance Services,998223,8906889386161
Turnkey Advance Tax Calculation & Advisory - One-Time Analysis,TAX-03053,GST,18,617.0,1907.0,77,Individual Tax Preparation,998232,8900843196521
ROC Annual Compliance Filing - AOC-4 & MGT-7,TAX-03054,GST,18,4356.23,14329.0,34,Corporate Tax Consulting,998231,8901260557402
Express NRI Tax Advisory & Filing - DTAA Benefit Filing,TAX-03055,GST,18,2503.04,7869.0,66,Individual Tax Preparation,998232,8906955912681
Retainer Monthly Bookkeeping Retainer - SME Plan,TAX-03056,GST,18,2232.27,7367.0,23,Accounting & Bookkeeping Services,998222,8908359412345
Comprehensive Business & Professional ITR-3 / ITR-4 - Presumptive Taxation,TAX-03057,GST,18,1784.8,5425.0,17,Individual Tax Preparation,998232,8902455711627
Standard PF & ESI Registration and Returns - Annual Package,TAX-03058,GST,18,3106.22,7531.0,26,Payroll & Compliance Services,998223,8908632702317
Retainer End-to-End Payroll Processing - Upto 20 Employees,TAX-03059,GST,18,5669.89,11718.0,58,Payroll & Compliance Services,998223,8900763443346
Turnkey Internal Audit & Risk Assessment - Annual,TAX-03060,GST,18,22235.29,51410.0,56,Financial Auditing Services,998221,8906416298702
Dedicated PF & ESI Registration and Returns - Monthly Retainer,TAX-03061,GST,18,2101.23,6963.0,44,Payroll & Compliance Services,998223,8903517236850
Dedicated TDS & TCS Return Filing - Form 27Q,TAX-03062,GST,18,1491.14,3097.0,28,Payroll & Compliance Services,998223,8903547224055
Standard Monthly Bookkeeping Retainer - SME Plan,TAX-03063,GST,18,2935.43,10245.0,88,Accounting & Bookkeeping Services,998222,8900045892752
Retainer Bank Reconciliation Services - Monthly,TAX-03064,GST,18,1671.99,5230.0,63,Accounting & Bookkeeping Services,998222,8908335556385
Retainer Individual ITR-1 / ITR-2 Filing - Salaried Single Form 16,TAX-03065,GST,18,361.58,837.0,82,Individual Tax Preparation,998232,8907486980055
Retainer Monthly GST Return Filing (GSTR 1 & 3B) - Nil Return,TAX-03066,GST,18,491.55,1443.0,26,Corporate Tax Consulting,998231,8906609404475
Dedicated Statutory Audit Services - Medium Enterprise,TAX-03067,GST,18,38559.34,100970.0,60,Financial Auditing Services,998221,8905589906586
Comprehensive Advance Tax Calculation & Advisory - Quarterly Retainer,TAX-03068,GST,18,740.28,1802.0,15,Individual Tax Preparation,998232,8904300631910
Standard ROC Annual Compliance Filing - Fast Track Strike Off,TAX-03069,GST,18,5923.08,14034.0,40,Corporate Tax Consulting,998231,8905911420286
Basic Internal Audit & Risk Assessment - Quarterly,TAX-03070,GST,18,13434.29,35154.0,25,Financial Auditing Services,998221,8904024542249
Basic Cloud Accounting Setup (Tally/Zoho) - Advanced Integration,TAX-03071,GST,18,4147.14,9734.0,26,Accounting & Bookkeeping Services,998222,8900001327892
Business & Professional ITR-3 / ITR-4 - Regular Accounts,TAX-03072,GST,18,1974.61,4131.0,85,Individual Tax Preparation,998232,8907913532956
Comprehensive Forensic Audit & Fraud Investigation - Detailed Investigation,TAX-03073,GST,18,65492.77,218838.0,99,Financial Auditing Services,998221,8908467640897
Basic ROC Annual Compliance Filing - Fast Track Strike Off,TAX-03074,GST,18,3531.03,11856.0,10,Corporate Tax Consulting,998231,8908307090633
Managed GST Registration & Advisory - Standard Business,TAX-03075,GST,18,1704.09,5734.0,52,Corporate Tax Consulting,998231,8906726173629
Express Bank Reconciliation Services - Annual Cleanup,TAX-03076,GST,18,1984.06,5671.0,100,Accounting & Bookkeeping Services,998222,8907738243821
Express Professional Tax (PT) Compliance - Registration,TAX-03077,GST,18,965.29,2200.0,30,Payroll & Compliance Services,998223,8908338138522
Turnkey Bank Reconciliation Services - Monthly,TAX-03078,GST,18,1442.87,4361.0,84,Accounting & Bookkeeping Services,998222,8904014412452
Advanced Virtual CFO Services - Part-time (20 hours),TAX-03079,GST,18,28014.89,72329.0,96,Accounting & Bookkeeping Services,998222,8900893935046
Basic Virtual CFO Services - Part-time (20 hours),TAX-03080,GST,18,25024.72,67282.0,24,Accounting & Bookkeeping Services,998222,8905358338789
Express End-to-End Payroll Processing - Upto 150 Employees,TAX-03081,GST,18,6175.26,14595.0,14,Payroll & Compliance Services,998223,8909458759508
Comprehensive Bank Reconciliation Services - Annual Cleanup,TAX-03082,GST,18,1466.13,4562.0,97,Accounting & Bookkeeping Services,998222,8903007086186
Turnkey NRI Tax Advisory & Filing - DTAA Benefit Filing,TAX-03083,GST,18,3758.71,9125.0,90,Individual Tax Preparation,998232,8905291483565
Express Stock & Inventory Audit - Multi-Location,TAX-03084,GST,18,9594.57,31255.0,68,Financial Auditing Services,998221,8900252541105
Professional Tax (PT) Compliance - Registration,TAX-03085,GST,18,1128.79,2379.0,64,Payroll & Compliance Services,998223,8906768094059
Premium Corporate Income Tax Return (ITR-6) - Complex with Transfer Pricing,TAX-03086,GST,18,21908.68,57761.0,44,Corporate Tax Consulting,998231,8902453206543
Standard Financial Statement Preparation (P&L/BS) - LLP,TAX-03087,GST,18,6097.0,14212.0,17,Accounting & Bookkeeping Services,998222,8903715243109
Turnkey Tax Audit (U/s 44AB) - Company,TAX-03088,GST,18,5377.01,16001.0,13,Financial Auditing Services,998221,8909531225264
Managed Advance Tax Calculation & Advisory - One-Time Analysis,TAX-03089,GST,18,1026.95,2149.0,66,Individual Tax Preparation,998232,8906442863070
Premium ROC Annual Compliance Filing - AOC-4 & MGT-7,TAX-03090,GST,18,4513.28,13990.0,23,Corporate Tax Consulting,998231,8902448056942
Retainer Statutory Audit Services - Corporate Entity,TAX-03091,GST,18,42328.87,130148.0,93,Financial Auditing Services,998221,8900044910072
Advanced Monthly Bookkeeping Retainer - Enterprise Plan,TAX-03092,GST,18,11141.93,25175.0,13,Accounting & Bookkeeping Services,998222,8904993064041
Managed Monthly Bookkeeping Retainer - Startup Plan,TAX-03093,GST,18,2005.43,6560.0,97,Accounting & Bookkeeping Services,998222,8903105503158
Premium Advance Tax Calculation & Advisory - One-Time Analysis,TAX-03094,GST,18,982.14,1987.0,65,Individual Tax Preparation,998232,8907514148351
Express Professional Tax (PT) Compliance - Registration,TAX-03095,GST,18,1016.78,2439.0,26,Payroll & Compliance Services,998223,8907702153861
Standard Tax Audit (U/s 44AB) - Individual/HUF,TAX-03096,GST,18,4110.6,12595.0,32,Financial Auditing Services,998221,8907143593410
Dedicated GST Registration & Advisory - E-commerce/Multi-State,TAX-03097,GST,18,1520.91,3623.0,99,Corporate Tax Consulting,998231,8907255310737
Premium Internal Audit & Risk Assessment - Quarterly,TAX-03098,GST,18,16422.18,40774.0,14,Financial Auditing Services,998221,8908452408860
Dedicated Advance Tax Calculation & Advisory - Quarterly Retainer,TAX-03099,GST,18,1008.8,2366.0,40,Individual Tax Preparation,998232,8906010999319
Premium Tax Audit (U/s 44AB) - Individual/HUF,TAX-03100,GST,18,6200.43,18085.0,74,Financial Auditing Services,998221,8901297192288
Dedicated Corporate Income Tax Return (ITR-6) - Standard,TAX-03101,GST,18,8762.36,28875.0,42,Corporate Tax Consulting,998231,8909254345026
Managed Corporate Income Tax Return (ITR-6) - Standard,TAX-03102,GST,18,6764.81,23036.0,65,Corporate Tax Consulting,998231,8909664811051
Managed Virtual CFO Services - Part-time (20 hours),TAX-03103,GST,18,21794.75,52452.0,12,Accounting & Bookkeeping Services,998222,8906777983677
Managed Individual ITR-1 / ITR-2 Filing - Salaried Single Form 16,TAX-03104,GST,18,237.42,721.0,27,Individual Tax Preparation,998232,8904089351331
Premium Professional Tax (PT) Compliance - Registration,TAX-03105,GST,18,898.35,2702.0,65,Payroll & Compliance Services,998223,8906162017295
Internal Audit & Risk Assessment - Half-Yearly,TAX-03106,GST,18,18776.93,48853.0,97,Financial Auditing Services,998221,8908696110840
Express Virtual CFO Services - Part-time (20 hours),TAX-03107,GST,18,17907.99,53416.0,71,Accounting & Bookkeeping Services,998222,8906736086333
Turnkey NRI Tax Advisory & Filing - Standard Consultation,TAX-03108,GST,18,3055.32,7964.0,73,Individual Tax Preparation,998232,8906055080050
Premium Individual ITR-1 / ITR-2 Filing - Salaried Single Form 16,TAX-03109,GST,18,309.26,907.0,56,Individual Tax Preparation,998232,8900980556441
Comprehensive NRI Tax Advisory & Filing - Standard Consultation,TAX-03110,GST,18,2834.39,7445.0,60,Individual Tax Preparation,998232,8900502999076
Stock & Inventory Audit - Single Location,TAX-03111,GST,18,6761.4,21048.0,49,Financial Auditing Services,998221,8909836784903
Managed Monthly Bookkeeping Retainer - SME Plan,TAX-03112,GST,18,2312.41,7516.0,99,Accounting & Bookkeeping Services,998222,8901176755004
Financial Statement Preparation (P&L/BS) - Private Limited,TAX-03113,GST,18,5964.82,18531.0,23,Accounting & Bookkeeping Services,998222,8905752295083
Basic Advance Tax Calculation & Advisory - Quarterly Retainer,TAX-03114,GST,18,1219.63,2547.0,64,Individual Tax Preparation,998232,8907486756753
Basic End-to-End Payroll Processing - Upto 50 Employees,TAX-03115,GST,18,3049.13,9294.0,73,Payroll & Compliance Services,998223,8904392708120
Premium ROC Annual Compliance Filing - AOC-4 & MGT-7,TAX-03116,GST,18,3859.9,10845.0,10,Corporate Tax Consulting,998231,8901032082341
Express GST Registration & Advisory - Standard Business,TAX-03117,GST,18,1698.86,4644.0,76,Corporate Tax Consulting,998231,8908516619076
Express TDS & TCS Return Filing - Form 26Q,TAX-03118,GST,18,1235.08,2884.0,85,Payroll & Compliance Services,998223,8904616222772
Dedicated GST Registration & Advisory - Standard Business,TAX-03119,GST,18,1414.41,4204.0,14,Corporate Tax Consulting,998231,8902602846559
Retainer Monthly Bookkeeping Retainer - Enterprise Plan,TAX-03120,GST,18,8497.66,21878.0,74,Accounting & Bookkeeping Services,998222,8906499339745
Retainer Virtual CFO Services - Part-time (20 hours),TAX-03121,GST,18,20970.52,49279.0,47,Accounting & Bookkeeping Services,998222,8908761444337
Financial Statement Preparation (P&L/BS) - LLP,TAX-03122,GST,18,3554.7,12277.0,17,Accounting & Bookkeeping Services,998222,8908575379476
Basic Monthly Bookkeeping Retainer - Enterprise Plan,TAX-03123,GST,18,9930.9,22539.0,83,Accounting & Bookkeeping Services,998222,8900024927852
Bank Reconciliation Services - Annual Cleanup,TAX-03124,GST,18,1994.21,4196.0,30,Accounting & Bookkeeping Services,998222,8901676089601
Dedicated Forensic Audit & Fraud Investigation - Detailed Investigation,TAX-03125,GST,18,71804.02,210567.0,74,Financial Auditing Services,998221,8902425658293
NRI Tax Advisory & Filing - DTAA Benefit Filing,TAX-03126,GST,18,3421.56,10066.0,48,Individual Tax Preparation,998232,8904503986383
Express Professional Tax (PT) Compliance - Annual Filing,TAX-03127,GST,18,1057.18,2944.0,42,Payroll & Compliance Services,998223,8904986029653
Standard Virtual CFO Services - Part-time (20 hours),TAX-03128,GST,18,17141.08,58337.0,12,Accounting & Bookkeeping Services,998222,8907079190487
Standard Advance Tax Calculation & Advisory - Quarterly Retainer,TAX-03129,GST,18,706.35,1959.0,91,Individual Tax Preparation,998232,8903345129829
Standard TDS & TCS Return Filing - Form 26Q,TAX-03130,GST,18,1604.64,3689.0,73,Payroll & Compliance Services,998223,8908814742507
Premium PF & ESI Registration and Returns - Monthly Retainer,TAX-03131,GST,18,2510.85,7262.0,96,Payroll & Compliance Services,998223,8900078677550
Dedicated Tax Audit (U/s 44AB) - Individual/HUF,TAX-03132,GST,18,4649.74,15631.0,91,Financial Auditing Services,998221,8906036733614
Advanced Bank Reconciliation Services - Annual Cleanup,TAX-03133,GST,18,1661.52,4211.0,21,Accounting & Bookkeeping Services,998222,8906329566148
Turnkey Bank Reconciliation Services - Monthly,TAX-03134,GST,18,1891.74,4754.0,66,Accounting & Bookkeeping Services,998222,8908275773061
Standard Professional Tax (PT) Compliance - Registration,TAX-03135,GST,18,1098.06,2616.0,21,Payroll & Compliance Services,998223,8909640009256
Express Business & Professional ITR-3 / ITR-4 - Regular Accounts,TAX-03136,GST,18,1921.63,5073.0,26,Individual Tax Preparation,998232,8907838777654
Advanced Internal Audit & Risk Assessment - Quarterly,TAX-03137,GST,18,18760.47,50778.0,25,Financial Auditing Services,998221,8904513740282
Dedicated Corporate Income Tax Return (ITR-6) - Complex with Transfer Pricing,TAX-03138,GST,18,23842.31,55651.0,95,Corporate Tax Consulting,998231,8906756275454
Express Internal Audit & Risk Assessment - Half-Yearly,TAX-03139,GST,18,16156.94,44678.0,83,Financial Auditing Services,998221,8903975955364
Express Cloud Accounting Setup (Tally/Zoho) - Basic Setup,TAX-03140,GST,18,3269.06,6703.0,42,Accounting & Bookkeeping Services,998222,8904765839018
Managed GST Annual Return (GSTR-9/9C) - Turnover < 2Cr,TAX-03141,GST,18,3793.77,12468.0,75,Corporate Tax Consulting,998231,8908528715834
Comprehensive PF & ESI Registration and Returns - Monthly Retainer,TAX-03142,GST,18,2481.05,7269.0,94,Payroll & Compliance Services,998223,8907385442402
Advanced NRI Tax Advisory & Filing - Standard Consultation,TAX-03143,GST,18,3315.85,9196.0,59,Individual Tax Preparation,998232,8909890876342
Managed Monthly GST Return Filing (GSTR 1 & 3B) - Standard B2B/B2C,TAX-03144,GST,18,1673.94,3608.0,54,Corporate Tax Consulting,998231,8907873781561
Managed Monthly GST Return Filing (GSTR 1 & 3B) - Nil Return,TAX-03145,GST,18,479.61,1630.0,20,Corporate Tax Consulting,998231,8903873140319
Turnkey Forensic Audit & Fraud Investigation - Detailed Investigation,TAX-03146,GST,18,80166.98,246713.0,64,Financial Auditing Services,998221,8902469889676
Comprehensive Monthly Bookkeeping Retainer - Enterprise Plan,TAX-03147,GST,18,6601.49,17802.0,90,Accounting & Bookkeeping Services,998222,8902247686707
Standard Forensic Audit & Fraud Investigation - Detailed Investigation,TAX-03148,GST,18,80550.52,223787.0,83,Financial Auditing Services,998221,8905792578523
Premium PF & ESI Registration and Returns - Monthly Retainer,TAX-03149,GST,18,3133.13,7155.0,18,Payroll & Compliance Services,998223,8903734542471
Retainer Tax Audit (U/s 44AB) - Partnership Firm,TAX-03150,GST,18,5915.27,19439.0,18,Financial Auditing Services,998221,8908195171907
Managed Forensic Audit & Fraud Investigation - Detailed Investigation,TAX-03151,GST,18,65069.17,225316.0,87,Financial Auditing Services,998221,8903131645383
Comprehensive Financial Statement Preparation (P&L/BS) - Private Limited,TAX-03152,GST,18,4198.09,14616.0,38,Accounting & Bookkeeping Services,998222,8905332101254
Express GST Annual Return (GSTR-9/9C) - Turnover > 5Cr,TAX-03153,GST,18,10907.69,31294.0,95,Corporate Tax Consulting,998231,8909597703170
Dedicated Professional Tax (PT) Compliance - Registration,TAX-03154,GST,18,1179.87,2690.0,18,Payroll & Compliance Services,998223,8904354563679
Retainer Business & Professional ITR-3 / ITR-4 - Regular Accounts,TAX-03155,GST,18,1740.56,4576.0,48,Individual Tax Preparation,998232,8904498106326
Comprehensive Monthly GST Return Filing (GSTR 1 & 3B) - High Volume,TAX-03156,GST,18,3265.24,8377.0,100,Corporate Tax Consulting,998231,8900429429921
Advanced Stock & Inventory Audit - Single Location,TAX-03157,GST,18,5958.06,20469.0,92,Financial Auditing Services,998221,8905069782099
Comprehensive Virtual CFO Services - Dedicated (40 hours),TAX-03158,GST,18,62402.9,133642.0,12,Accounting & Bookkeeping Services,998222,8903829983990
Tax Audit (U/s 44AB) - Individual/HUF,TAX-03159,GST,18,6342.1,19130.0,57,Financial Auditing Services,998221,8909547616806
Premium Individual ITR-1 / ITR-2 Filing - Salaried Single Form 16,TAX-03160,GST,18,249.25,860.0,13,Individual Tax Preparation,998232,8900546801314
Premium Cloud Accounting Setup (Tally/Zoho) - Advanced Integration,TAX-03161,GST,18,5507.95,15094.0,35,Accounting & Bookkeeping Services,998222,8902111549599
Virtual CFO Services - Part-time (20 hours),TAX-03162,GST,18,20050.53,62219.0,23,Accounting & Bookkeeping Services,998222,8909690913641
Express GST Annual Return (GSTR-9/9C) - Turnover > 5Cr,TAX-03163,GST,18,9638.58,32416.0,57,Corporate Tax Consulting,998231,8909483609016
Standard Individual ITR-1 / ITR-2 Filing - Salaried Single Form 16,TAX-03164,GST,18,251.35,873.0,94,Individual Tax Preparation,998232,8903609643945
Basic Bank Reconciliation Services - Annual Cleanup,TAX-03165,GST,18,2152.68,4315.0,84,Accounting & Bookkeeping Services,998222,8906015353053
Comprehensive Bank Reconciliation Services - Annual Cleanup,TAX-03166,GST,18,2095.01,6318.0,81,Accounting & Bookkeeping Services,998222,8908880497046
Dedicated TDS & TCS Return Filing - Form 26Q,TAX-03167,GST,18,2105.41,4518.0,61,Payroll & Compliance Services,998223,8909324057411
Basic Business & Professional ITR-3 / ITR-4 - Regular Accounts,TAX-03168,GST,18,1658.08,4875.0,40,Individual Tax Preparation,998232,8908916677095
Dedicated Monthly Bookkeeping Retainer - Enterprise Plan,TAX-03169,GST,18,6949.57,22765.0,58,Accounting & Bookkeeping Services,998222,8908043942900
Retainer Business & Professional ITR-3 / ITR-4 - Regular Accounts,TAX-03170,GST,18,2197.3,5464.0,75,Individual Tax Preparation,998232,8903980370377
Premium Monthly Bookkeeping Retainer - Startup Plan,TAX-03171,GST,18,2784.27,7873.0,81,Accounting & Bookkeeping Services,998222,8906948530748
Basic ROC Annual Compliance Filing - AOC-4 & MGT-7,TAX-03172,GST,18,5476.9,11138.0,85,Corporate Tax Consulting,998231,8905140501813
Premium GST Registration & Advisory - E-commerce/Multi-State,TAX-03173,GST,18,1044.17,3605.0,75,Corporate Tax Consulting,998231,8905412348109
Dedicated TDS & TCS Return Filing - Form 24Q,TAX-03174,GST,18,1420.68,3372.0,83,Payroll & Compliance Services,998223,8906255614412
Standard Advance Tax Calculation & Advisory - Quarterly Retainer,TAX-03175,GST,18,1202.68,2511.0,34,Individual Tax Preparation,998232,8902152941761
Retainer Statutory Audit Services - Medium Enterprise,TAX-03176,GST,18,71812.01,160595.0,100,Financial Auditing Services,998221,8900965261216
Retainer ROC Annual Compliance Filing - Fast Track Strike Off,TAX-03177,GST,18,3316.26,10128.0,91,Corporate Tax Consulting,998231,8900011233016
Dedicated ROC Annual Compliance Filing - Fast Track Strike Off,TAX-03178,GST,18,5271.45,15490.0,59,Corporate Tax Consulting,998231,8907323836841
Advanced PF & ESI Registration and Returns - Annual Package,TAX-03179,GST,18,2651.68,5979.0,74,Payroll & Compliance Services,998223,8900749053890
Express TDS & TCS Return Filing - Form 24Q,TAX-03180,GST,18,1223.63,4136.0,44,Payroll & Compliance Services,998223,8902816836257
Premium Monthly GST Return Filing (GSTR 1 & 3B) - Nil Return,TAX-03181,GST,18,756.66,2070.0,69,Corporate Tax Consulting,998231,8904105915798
Dedicated Tax Audit (U/s 44AB) - Partnership Firm,TAX-03182,GST,18,5139.02,12683.0,55,Financial Auditing Services,998221,8905296435221
Retainer Monthly GST Return Filing (GSTR 1 & 3B) - Nil Return,TAX-03183,GST,18,715.56,1715.0,77,Corporate Tax Consulting,998231,8907298020291
Dedicated Monthly GST Return Filing (GSTR 1 & 3B) - Standard B2B/B2C,TAX-03184,GST,18,1195.04,3562.0,41,Corporate Tax Consulting,998231,8904204578131
Comprehensive TDS & TCS Return Filing - Form 26Q,TAX-03185,GST,18,1735.8,4063.0,37,Payroll & Compliance Services,998223,8900241300113
Advanced Tax Audit (U/s 44AB) - Partnership Firm,TAX-03186,GST,18,8011.87,18246.0,46,Financial Auditing Services,998221,8903778055922
GST Annual Return (GSTR-9/9C) - Turnover < 2Cr,TAX-03187,GST,18,6228.09,12952.0,49,Corporate Tax Consulting,998231,8909769799872
Professional Tax (PT) Compliance - Annual Filing,TAX-03188,GST,18,1405.43,2975.0,37,Payroll & Compliance Services,998223,8905076499672
Basic GST Annual Return (GSTR-9/9C) - Turnover < 2Cr,TAX-03189,GST,18,5884.65,16236.0,15,Corporate Tax Consulting,998231,8907119475052
Standard Monthly Bookkeeping Retainer - Startup Plan,TAX-03190,GST,18,2136.57,6976.0,71,Accounting & Bookkeeping Services,998222,8900422593323
Basic Individual ITR-1 / ITR-2 Filing - Multiple Form 16 + Capital Gains,TAX-03191,GST,18,520.8,1359.0,19,Individual Tax Preparation,998232,8906697446970
Express GST Registration & Advisory - Standard Business,TAX-03192,GST,18,1819.27,5841.0,84,Corporate Tax Consulting,998231,8905111578723
Managed Individual ITR-1 / ITR-2 Filing - Salaried Single Form 16,TAX-03193,GST,18,260.2,773.0,76,Individual Tax Preparation,998232,8906026423624
Turnkey TDS & TCS Return Filing - Form 27Q,TAX-03194,GST,18,1250.3,4096.0,67,Payroll & Compliance Services,998223,8901478750805
Managed GST Registration & Advisory - Standard Business,TAX-03195,GST,18,1624.38,4789.0,45,Corporate Tax Consulting,998231,8900027489424
Express PF & ESI Registration and Returns - Annual Package,TAX-03196,GST,18,2789.17,7277.0,64,Payroll & Compliance Services,998223,8900448671188
Retainer Forensic Audit & Fraud Investigation - Basic Assessment,TAX-03197,GST,18,15523.26,42451.0,66,Financial Auditing Services,998221,8903477496784
Basic PF & ESI Registration and Returns - Annual Package,TAX-03198,GST,18,2908.78,6875.0,91,Payroll & Compliance Services,998223,8901881567541
Bank Reconciliation Services - Annual Cleanup,TAX-03199,GST,18,2006.85,5919.0,53,Accounting & Bookkeeping Services,998222,8907970790770
Basic TDS & TCS Return Filing - Form 26Q,TAX-03200,GST,18,1402.77,2847.0,72,Payroll & Compliance Services,998223,8903141272592
Internal Audit & Risk Assessment - Annual,TAX-03201,GST,18,16745.66,43084.0,98,Financial Auditing Services,998221,8902405552517
Turnkey Corporate Income Tax Return (ITR-6) - Complex with Transfer Pricing,TAX-03202,GST,18,17733.58,60022.0,61,Corporate Tax Consulting,998231,8904243742822
Premium Internal Audit & Risk Assessment - Quarterly,TAX-03203,GST,18,18702.51,37504.0,47,Financial Auditing Services,998221,8909607265201
Premium Professional Tax (PT) Compliance - Annual Filing,TAX-03204,GST,18,1038.05,2779.0,39,Payroll & Compliance Services,998223,8907250093219
Comprehensive Professional Tax (PT) Compliance - Registration,TAX-03205,GST,18,669.31,2074.0,64,Payroll & Compliance Services,998223,8905069615884
Basic TDS & TCS Return Filing - Form 24Q,TAX-03206,GST,18,1217.53,3495.0,43,Payroll & Compliance Services,998223,8901100208967
Premium GST Registration & Advisory - E-commerce/Multi-State,TAX-03207,GST,18,2189.55,5732.0,41,Corporate Tax Consulting,998231,8902151751967
Premium Business & Professional ITR-3 / ITR-4 - Regular Accounts,TAX-03208,GST,18,1647.63,4359.0,39,Individual Tax Preparation,998232,8901434220704
Premium Monthly Bookkeeping Retainer - Enterprise Plan,TAX-03209,GST,18,9425.49,25318.0,31,Accounting & Bookkeeping Services,998222,8902874995893
Comprehensive GST Annual Return (GSTR-9/9C) - Turnover > 5Cr,TAX-03210,GST,18,15460.32,40139.0,20,Corporate Tax Consulting,998231,8907678738801
Premium Statutory Audit Services - Small Business,TAX-03211,GST,18,14965.11,33794.0,84,Financial Auditing Services,998221,8902383522377
Advanced End-to-End Payroll Processing - Upto 50 Employees,TAX-03212,GST,18,3739.81,11978.0,60,Payroll & Compliance Services,998223,8903244896846
Comprehensive Tax Audit (U/s 44AB) - Individual/HUF,TAX-03213,GST,18,5834.95,15136.0,56,Financial Auditing Services,998221,8905427933997
Advanced Internal Audit & Risk Assessment - Quarterly,TAX-03214,GST,18,21457.88,45407.0,59,Financial Auditing Services,998221,8909047610296
Standard TDS & TCS Return Filing - Form 26Q,TAX-03215,GST,18,1851.7,3827.0,43,Payroll & Compliance Services,998223,8903770296705
Turnkey Internal Audit & Risk Assessment - Half-Yearly,TAX-03216,GST,18,14645.85,47570.0,40,Financial Auditing Services,998221,8907246456048
Express End-to-End Payroll Processing - Upto 20 Employees,TAX-03217,GST,18,3256.79,10966.0,50,Payroll & Compliance Services,998223,8906322679111
Standard ROC Annual Compliance Filing - Fast Track Strike Off,TAX-03218,GST,18,3676.78,10678.0,31,Corporate Tax Consulting,998231,8907291694222
Basic Business & Professional ITR-3 / ITR-4 - Regular Accounts,TAX-03219,GST,18,2292.94,4829.0,66,Individual Tax Preparation,998232,8905761765722
Retainer TDS & TCS Return Filing - Form 27Q,TAX-03220,GST,18,1360.53,4510.0,65,Payroll & Compliance Services,998223,8906079833408
Retainer Cloud Accounting Setup (Tally/Zoho) - Advanced Integration,TAX-03221,GST,18,3330.56,10909.0,24,Accounting & Bookkeeping Services,998222,8905926686680
Express Individual ITR-1 / ITR-2 Filing - Multiple Form 16 + Capital Gains,TAX-03222,GST,18,589.89,1477.0,16,Individual Tax Preparation,998232,8900022750936
Premium Tax Audit (U/s 44AB) - Partnership Firm,TAX-03223,GST,18,5858.53,16641.0,40,Financial Auditing Services,998221,8903714213747
Basic Financial Statement Preparation (P&L/BS) - LLP,TAX-03224,GST,18,5546.3,16341.0,97,Accounting & Bookkeeping Services,998222,8906894954276
Basic Virtual CFO Services - Part-time (20 hours),TAX-03225,GST,18,24607.91,76197.0,75,Accounting & Bookkeeping Services,998222,8903240728195
Standard Individual ITR-1 / ITR-2 Filing - Multiple Form 16 + Capital Gains,TAX-03226,GST,18,833.59,1699.0,74,Individual Tax Preparation,998232,8900988040933
Comprehensive Monthly GST Return Filing (GSTR 1 & 3B) - Standard B2B/B2C,TAX-03227,GST,18,1229.41,3893.0,52,Corporate Tax Consulting,998231,8902275942673
Comprehensive Financial Statement Preparation (P&L/BS) - Proprietorship,TAX-03228,GST,18,8694.0,18717.0,50,Accounting & Bookkeeping Services,998222,8905325016993
Advanced Virtual CFO Services - Dedicated (40 hours),TAX-03229,GST,18,49774.52,105921.0,95,Accounting & Bookkeeping Services,998222,8906516086249
Basic End-to-End Payroll Processing - Upto 20 Employees,TAX-03230,GST,18,4132.02,10905.0,10,Payroll & Compliance Services,998223,8905752966471
Basic Stock & Inventory Audit - Single Location,TAX-03231,GST,18,11410.99,25126.0,10,Financial Auditing Services,998221,8907239191846
Turnkey TDS & TCS Return Filing - Form 24Q,TAX-03232,GST,18,1676.14,4440.0,98,Payroll & Compliance Services,998223,8908516765599
Turnkey Individual ITR-1 / ITR-2 Filing - Multiple Form 16 + Capital Gains,TAX-03233,GST,18,628.22,1639.0,33,Individual Tax Preparation,998232,8902364499514
Premium Financial Statement Preparation (P&L/BS) - LLP,TAX-03234,GST,18,7638.35,17535.0,97,Accounting & Bookkeeping Services,998222,8904249162631
Advanced GST Annual Return (GSTR-9/9C) - Turnover > 5Cr,TAX-03235,GST,18,17957.19,43279.0,33,Corporate Tax Consulting,998231,8902124219738
Basic Stock & Inventory Audit - Single Location,TAX-03236,GST,18,8054.63,18574.0,68,Financial Auditing Services,998221,8905102958385
Basic Stock & Inventory Audit - Single Location,TAX-03237,GST,18,8218.22,17683.0,48,Financial Auditing Services,998221,8905351356343
Express Forensic Audit & Fraud Investigation - Basic Assessment,TAX-03238,GST,18,18503.12,54569.0,18,Financial Auditing Services,998221,8906335471543
Dedicated Virtual CFO Services - Part-time (20 hours),TAX-03239,GST,18,20930.67,57081.0,62,Accounting & Bookkeeping Services,998222,8908922068299
Premium TDS & TCS Return Filing - Form 27Q,TAX-03240,GST,18,1121.25,3104.0,48,Payroll & Compliance Services,998223,8905718691981
Advanced Monthly GST Return Filing (GSTR 1 & 3B) - Standard B2B/B2C,TAX-03241,GST,18,1436.85,3295.0,48,Corporate Tax Consulting,998231,8905365133861
Advanced Financial Statement Preparation (P&L/BS) - Private Limited,TAX-03242,GST,18,8652.12,18365.0,22,Accounting & Bookkeeping Services,998222,8906054337073
Comprehensive GST Annual Return (GSTR-9/9C) - Turnover < 2Cr,TAX-03243,GST,18,6585.5,15736.0,10,Corporate Tax Consulting,998231,8906953121789
End-to-End Payroll Processing - Upto 150 Employees,TAX-03244,GST,18,5671.72,17891.0,27,Payroll & Compliance Services,998223,8909672041862
Express Business & Professional ITR-3 / ITR-4 - Presumptive Taxation,TAX-03245,GST,18,2455.79,5301.0,58,Individual Tax Preparation,998232,8907875864740
Stock & Inventory Audit - Single Location,TAX-03246,GST,18,8284.73,19636.0,25,Financial Auditing Services,998221,8907550461614
Premium Virtual CFO Services - Dedicated (40 hours),TAX-03247,GST,18,29805.09,98642.0,26,Accounting & Bookkeeping Services,998222,8906754576909
Comprehensive End-to-End Payroll Processing - Upto 50 Employees,TAX-03248,GST,18,3270.44,9779.0,17,Payroll & Compliance Services,998223,8909563603855
Basic Virtual CFO Services - Part-time (20 hours),TAX-03249,GST,18,22234.51,51477.0,89,Accounting & Bookkeeping Services,998222,8909678343585
Managed Individual ITR-1 / ITR-2 Filing - Multiple Form 16 + Capital Gains,TAX-03250,GST,18,544.36,1507.0,75,Individual Tax Preparation,998232,8906922543763
Retainer GST Annual Return (GSTR-9/9C) - Turnover < 2Cr,TAX-03251,GST,18,7436.51,15730.0,24,Corporate Tax Consulting,998231,8906535955394
End-to-End Payroll Processing - Upto 50 Employees,TAX-03252,GST,18,3708.86,10841.0,74,Payroll & Compliance Services,998223,8902948630997
Dedicated Virtual CFO Services - Dedicated (40 hours),TAX-03253,GST,18,51303.65,123902.0,67,Accounting & Bookkeeping Services,998222,8909394314914
Advanced Monthly Bookkeeping Retainer - SME Plan,TAX-03254,GST,18,2308.31,7640.0,14,Accounting & Bookkeeping Services,998222,8909676242857
Premium End-to-End Payroll Processing - Upto 50 Employees,TAX-03255,GST,18,4986.92,12742.0,95,Payroll & Compliance Services,998223,8907703547663
Express Forensic Audit & Fraud Investigation - Detailed Investigation,TAX-03256,GST,18,88260.09,241193.0,19,Financial Auditing Services,998221,8900906519407
Turnkey Cloud Accounting Setup (Tally/Zoho) - Advanced Integration,TAX-03257,GST,18,3306.27,10215.0,44,Accounting & Bookkeeping Services,998222,8901170829220
Standard Business & Professional ITR-3 / ITR-4 - Regular Accounts,TAX-03258,GST,18,2289.81,5303.0,13,Individual Tax Preparation,998232,8900295011474
Express Monthly GST Return Filing (GSTR 1 & 3B) - High Volume,TAX-03259,GST,18,2461.57,6206.0,57,Corporate Tax Consulting,998231,8905237839049
Advanced Corporate Income Tax Return (ITR-6) - Complex with Transfer Pricing,TAX-03260,GST,18,17625.01,59791.0,46,Corporate Tax Consulting,998231,8904263333884
Express Corporate Income Tax Return (ITR-6) - Standard,TAX-03261,GST,18,13625.79,31486.0,47,Corporate Tax Consulting,998231,8908308241301
GST Registration & Advisory - E-commerce/Multi-State,TAX-03262,GST,18,2239.7,5335.0,43,Corporate Tax Consulting,998231,8909035934177
Cloud Accounting Setup (Tally/Zoho) - Advanced Integration,TAX-03263,GST,18,3969.51,13508.0,100,Accounting & Bookkeeping Services,998222,8900718218216
Express Forensic Audit & Fraud Investigation - Basic Assessment,TAX-03264,GST,18,18182.85,42359.0,77,Financial Auditing Services,998221,8906781108023
Express Business & Professional ITR-3 / ITR-4 - Regular Accounts,TAX-03265,GST,18,1524.63,5130.0,96,Individual Tax Preparation,998232,8902579535644
Statutory Audit Services - Corporate Entity,TAX-03266,GST,18,56519.58,142600.0,67,Financial Auditing Services,998221,8902863996240
Express Cloud Accounting Setup (Tally/Zoho) - Advanced Integration,TAX-03267,GST,18,4474.78,10463.0,70,Accounting & Bookkeeping Services,998222,8905914509090
Managed Virtual CFO Services - Dedicated (40 hours),TAX-03268,GST,18,28085.79,93876.0,88,Accounting & Bookkeeping Services,998222,8903953910673
Managed Cloud Accounting Setup (Tally/Zoho) - Basic Setup,TAX-03269,GST,18,2052.55,7142.0,37,Accounting & Bookkeeping Services,998222,8904802496689
Retainer Business & Professional ITR-3 / ITR-4 - Presumptive Taxation,TAX-03270,GST,18,1753.63,4415.0,52,Individual Tax Preparation,998232,8902010154448
Premium Professional Tax (PT) Compliance - Registration,TAX-03271,GST,18,1226.61,2558.0,23,Payroll & Compliance Services,998223,8908703221775
Dedicated Individual ITR-1 / ITR-2 Filing - Salaried Single Form 16,TAX-03272,GST,18,342.69,1070.0,90,Individual Tax Preparation,998232,8909839103204
Statutory Audit Services - Small Business,TAX-03273,GST,18,11331.87,31302.0,18,Financial Auditing Services,998221,8900297295755
Basic Internal Audit & Risk Assessment - Half-Yearly,TAX-03274,GST,18,13915.88,41266.0,73,Financial Auditing Services,998221,8909633022517
Retainer GST Annual Return (GSTR-9/9C) - Turnover > 5Cr,TAX-03275,GST,18,18431.3,41681.0,31,Corporate Tax Consulting,998231,8907462133459
Turnkey PF & ESI Registration and Returns - Annual Package,TAX-03276,GST,18,2930.71,7610.0,18,Payroll & Compliance Services,998223,8909295909944
Dedicated Tax Audit (U/s 44AB) - Partnership Firm,TAX-03277,GST,18,6012.72,18889.0,64,Financial Auditing Services,998221,8903782564858
Turnkey Corporate Income Tax Return (ITR-6) - Complex with Transfer Pricing,TAX-03278,GST,18,24851.87,63053.0,94,Corporate Tax Consulting,998231,8905770518650
Advanced GST Annual Return (GSTR-9/9C) - Turnover > 5Cr,TAX-03279,GST,18,22003.58,46206.0,57,Corporate Tax Consulting,998231,8909059256870
Advanced PF & ESI Registration and Returns - Annual Package,TAX-03280,GST,18,2035.3,5934.0,89,Payroll & Compliance Services,998223,8905080466063
Premium Business & Professional ITR-3 / ITR-4 - Regular Accounts,TAX-03281,GST,18,2419.99,5211.0,28,Individual Tax Preparation,998232,8907502092252
Retainer Internal Audit & Risk Assessment - Quarterly,TAX-03282,GST,18,11231.94,32250.0,96,Financial Auditing Services,998221,8904462763514
Express Advance Tax Calculation & Advisory - One-Time Analysis,TAX-03283,GST,18,832.92,2453.0,50,Individual Tax Preparation,998232,8901295458938
Dedicated PF & ESI Registration and Returns - Monthly Retainer,TAX-03284,GST,18,2106.56,6301.0,83,Payroll & Compliance Services,998223,8909991695359
Retainer PF & ESI Registration and Returns - Monthly Retainer,TAX-03285,GST,18,2332.11,6946.0,51,Payroll & Compliance Services,998223,8901209018174
Standard Advance Tax Calculation & Advisory - Quarterly Retainer,TAX-03286,GST,18,708.85,1723.0,87,Individual Tax Preparation,998232,8906336098910
End-to-End Payroll Processing - Upto 50 Employees,TAX-03287,GST,18,5225.22,12976.0,59,Payroll & Compliance Services,998223,8901974005975
Business & Professional ITR-3 / ITR-4 - Regular Accounts,TAX-03288,GST,18,2299.31,5832.0,44,Individual Tax Preparation,998232,8902104208418
Dedicated Virtual CFO Services - Dedicated (40 hours),TAX-03289,GST,18,49198.65,101057.0,69,Accounting & Bookkeeping Services,998222,8908725505415
Express Stock & Inventory Audit - Single Location,TAX-03290,GST,18,7066.34,18051.0,67,Financial Auditing Services,998221,8907079606169
Dedicated End-to-End Payroll Processing - Upto 20 Employees,TAX-03291,GST,18,5350.89,12081.0,79,Payroll & Compliance Services,998223,8904836955958
Premium Financial Statement Preparation (P&L/BS) - Private Limited,TAX-03292,GST,18,5983.22,17199.0,26,Accounting & Bookkeeping Services,998222,8902691569490
Managed GST Registration & Advisory - Standard Business,TAX-03293,GST,18,2245.27,4556.0,31,Corporate Tax Consulting,998231,8903512094596
Managed Individual ITR-1 / ITR-2 Filing - Multiple Form 16 + Capital Gains,TAX-03294,GST,18,566.2,1354.0,43,Individual Tax Preparation,998232,8903856337598
Retainer End-to-End Payroll Processing - Upto 20 Employees,TAX-03295,GST,18,3500.41,11677.0,77,Payroll & Compliance Services,998223,8907018811133
ROC Annual Compliance Filing - Fast Track Strike Off,TAX-03296,GST,18,6579.77,15217.0,22,Corporate Tax Consulting,998231,8904324170712
Express ROC Annual Compliance Filing - Fast Track Strike Off,TAX-03297,GST,18,5107.81,12098.0,75,Corporate Tax Consulting,998231,8907908132208
Advanced Cloud Accounting Setup (Tally/Zoho) - Basic Setup,TAX-03298,GST,18,2775.94,6775.0,40,Accounting & Bookkeeping Services,998222,8905197881649
Premium Professional Tax (PT) Compliance - Registration,TAX-03299,GST,18,867.99,3002.0,95,Payroll & Compliance Services,998223,8905990028422
Premium End-to-End Payroll Processing - Upto 50 Employees,TAX-03300,GST,18,4106.08,11533.0,93,Payroll & Compliance Services,998223,8903137743403
Tax Audit (U/s 44AB) - Company,TAX-03301,GST,18,6891.86,15547.0,100,Financial Auditing Services,998221,8901733358136
Premium Business & Professional ITR-3 / ITR-4 - Presumptive Taxation,TAX-03302,GST,18,1140.49,3784.0,29,Individual Tax Preparation,998232,8909796854621
Premium Forensic Audit & Fraud Investigation - Detailed Investigation,TAX-03303,GST,18,85080.59,223387.0,15,Financial Auditing Services,998221,8908212407664
Comprehensive PF & ESI Registration and Returns - Annual Package,TAX-03304,GST,18,3323.29,7284.0,99,Payroll & Compliance Services,998223,8903501134496
Express NRI Tax Advisory & Filing - Standard Consultation,TAX-03305,GST,18,2435.74,6930.0,77,Individual Tax Preparation,998232,8904899454949
Advanced Monthly GST Return Filing (GSTR 1 & 3B) - Standard B2B/B2C,TAX-03306,GST,18,1395.89,3099.0,17,Corporate Tax Consulting,998231,8904744217563
Advanced NRI Tax Advisory & Filing - Standard Consultation,TAX-03307,GST,18,3879.29,9653.0,46,Individual Tax Preparation,998232,8904446574814
Comprehensive PF & ESI Registration and Returns - Annual Package,TAX-03308,GST,18,2496.9,6910.0,75,Payroll & Compliance Services,998223,8908646508930
Managed PF & ESI Registration and Returns - Monthly Retainer,TAX-03309,GST,18,3107.82,7585.0,19,Payroll & Compliance Services,998223,8903913699754
Managed Business & Professional ITR-3 / ITR-4 - Presumptive Taxation,TAX-03310,GST,18,1403.15,4691.0,26,Individual Tax Preparation,998232,8907154224125
Internal Audit & Risk Assessment - Annual,TAX-03311,GST,18,11547.22,36211.0,33,Financial Auditing Services,998221,8904722372074
Dedicated Stock & Inventory Audit - Multi-Location,TAX-03312,GST,18,12037.87,32698.0,96,Financial Auditing Services,998221,8900632399887
Dedicated Monthly GST Return Filing (GSTR 1 & 3B) - Nil Return,TAX-03313,GST,18,453.8,1583.0,77,Corporate Tax Consulting,998231,8905837558263
Express Monthly Bookkeeping Retainer - Enterprise Plan,TAX-03314,GST,18,5402.8,18811.0,57,Accounting & Bookkeeping Services,998222,8901088589981
Express Individual ITR-1 / ITR-2 Filing - Salaried Single Form 16,TAX-03315,GST,18,439.7,999.0,25,Individual Tax Preparation,998232,8907834206433
Basic NRI Tax Advisory & Filing - DTAA Benefit Filing,TAX-03316,GST,18,4205.04,9643.0,46,Individual Tax Preparation,998232,8909719720409
Comprehensive Cloud Accounting Setup (Tally/Zoho) - Advanced Integration,TAX-03317,GST,18,4909.41,11262.0,90,Accounting & Bookkeeping Services,998222,8900091731633
Premium Bank Reconciliation Services - Monthly,TAX-03318,GST,18,1892.05,5644.0,95,Accounting & Bookkeeping Services,998222,8907244783907
Comprehensive Internal Audit & Risk Assessment - Quarterly,TAX-03319,GST,18,13422.39,39316.0,79,Financial Auditing Services,998221,8909691024198
Advanced Financial Statement Preparation (P&L/BS) - Proprietorship,TAX-03320,GST,18,4831.65,14182.0,32,Accounting & Bookkeeping Services,998222,8900769915283
Managed Statutory Audit Services - Corporate Entity,TAX-03321,GST,18,45668.65,130813.0,23,Financial Auditing Services,998221,8906650180054
Managed End-to-End Payroll Processing - Upto 20 Employees,TAX-03322,GST,18,4877.81,10188.0,95,Payroll & Compliance Services,998223,8902316257510
Turnkey Statutory Audit Services - Small Business,TAX-03323,GST,18,11807.01,36904.0,54,Financial Auditing Services,998221,8907439738471
Retainer NRI Tax Advisory & Filing - DTAA Benefit Filing,TAX-03324,GST,18,2593.5,6698.0,16,Individual Tax Preparation,998232,8902129182363
Standard Monthly GST Return Filing (GSTR 1 & 3B) - Standard B2B/B2C,TAX-03325,GST,18,877.79,2540.0,76,Corporate Tax Consulting,998231,8900310262370
Managed End-to-End Payroll Processing - Upto 50 Employees,TAX-03326,GST,18,4008.83,11367.0,32,Payroll & Compliance Services,998223,8905229254654
Standard GST Annual Return (GSTR-9/9C) - Turnover < 2Cr,TAX-03327,GST,18,7128.82,15244.0,57,Corporate Tax Consulting,998231,8905903653542
Advanced Financial Statement Preparation (P&L/BS) - Proprietorship,TAX-03328,GST,18,5704.96,15277.0,59,Accounting & Bookkeeping Services,998222,8902267617479
Dedicated Tax Audit (U/s 44AB) - Partnership Firm,TAX-03329,GST,18,6077.48,19048.0,47,Financial Auditing Services,998221,8902059642549
Turnkey ROC Annual Compliance Filing - AOC-4 & MGT-7,TAX-03330,GST,18,4123.84,11231.0,89,Corporate Tax Consulting,998231,8906034897311
Dedicated GST Registration & Advisory - Standard Business,TAX-03331,GST,18,1771.49,4455.0,82,Corporate Tax Consulting,998231,8909521154240
Tax Audit (U/s 44AB) - Individual/HUF,TAX-03332,GST,18,7567.29,17560.0,91,Financial Auditing Services,998221,8907908680883
Retainer TDS & TCS Return Filing - Form 26Q,TAX-03333,GST,18,1147.36,3929.0,64,Payroll & Compliance Services,998223,8904548759799
Dedicated Corporate Income Tax Return (ITR-6) - Standard,TAX-03334,GST,18,8622.91,29171.0,90,Corporate Tax Consulting,998231,8909043682756
NRI Tax Advisory & Filing - DTAA Benefit Filing,TAX-03335,GST,18,4067.67,8512.0,98,Individual Tax Preparation,998232,8907867253081
Turnkey End-to-End Payroll Processing - Upto 150 Employees,TAX-03336,GST,18,8288.02,23071.0,86,Payroll & Compliance Services,998223,8904511932467
Managed Stock & Inventory Audit - Single Location,TAX-03337,GST,18,8329.38,19362.0,23,Financial Auditing Services,998221,8900029596351
Managed Advance Tax Calculation & Advisory - One-Time Analysis,TAX-03338,GST,18,718.17,1656.0,33,Individual Tax Preparation,998232,8900936130144
Express Corporate Income Tax Return (ITR-6) - Standard,TAX-03339,GST,18,14295.09,31972.0,82,Corporate Tax Consulting,998231,8904103675806
Retainer Business & Professional ITR-3 / ITR-4 - Presumptive Taxation,TAX-03340,GST,18,2337.39,5608.0,19,Individual Tax Preparation,998232,8901713037097
Turnkey Stock & Inventory Audit - Multi-Location,TAX-03341,GST,18,15174.66,43803.0,80,Financial Auditing Services,998221,8907737316927
Advanced PF & ESI Registration and Returns - Annual Package,TAX-03342,GST,18,2917.0,6041.0,15,Payroll & Compliance Services,998223,8900697740097
Basic Statutory Audit Services - Corporate Entity,TAX-03343,GST,18,36768.24,108267.0,98,Financial Auditing Services,998221,8906618061085
Premium Financial Statement Preparation (P&L/BS) - Proprietorship,TAX-03344,GST,18,4854.16,15747.0,22,Accounting & Bookkeeping Services,998222,8900222126839
Premium Tax Audit (U/s 44AB) - Individual/HUF,TAX-03345,GST,18,3743.48,12914.0,19,Financial Auditing Services,998221,8908169349106
Standard GST Annual Return (GSTR-9/9C) - Turnover > 5Cr,TAX-03346,GST,18,8857.14,30744.0,46,Corporate Tax Consulting,998231,8909411632822
Turnkey End-to-End Payroll Processing - Upto 150 Employees,TAX-03347,GST,18,7588.94,16716.0,85,Payroll & Compliance Services,998223,8905861672117
Advanced Internal Audit & Risk Assessment - Half-Yearly,TAX-03348,GST,18,15432.51,49076.0,86,Financial Auditing Services,998221,8906550242182
Retainer TDS & TCS Return Filing - Form 27Q,TAX-03349,GST,18,949.07,2888.0,54,Payroll & Compliance Services,998223,8909502424263
Basic Bank Reconciliation Services - Monthly,TAX-03350,GST,18,1591.44,4288.0,51,Accounting & Bookkeeping Services,998222,8904877132020
Express GST Registration & Advisory - Standard Business,TAX-03351,GST,18,2461.52,5404.0,40,Corporate Tax Consulting,998231,8901867674482
Retainer Virtual CFO Services - Dedicated (40 hours),TAX-03352,GST,18,25827.27,86987.0,88,Accounting & Bookkeeping Services,998222,8900049630966
Comprehensive GST Annual Return (GSTR-9/9C) - Turnover > 5Cr,TAX-03353,GST,18,19850.84,40644.0,30,Corporate Tax Consulting,998231,8909649910471
Advanced Corporate Income Tax Return (ITR-6) - Complex with Transfer Pricing,TAX-03354,GST,18,23401.88,80857.0,91,Corporate Tax Consulting,998231,8908446577137
Advanced Tax Audit (U/s 44AB) - Individual/HUF,TAX-03355,GST,18,4814.79,13255.0,84,Financial Auditing Services,998221,8903287322766
Retainer TDS & TCS Return Filing - Form 27Q,TAX-03356,GST,18,1781.37,3905.0,49,Payroll & Compliance Services,998223,8909464540300
Basic Monthly Bookkeeping Retainer - SME Plan,TAX-03357,GST,18,3188.95,7939.0,82,Accounting & Bookkeeping Services,998222,8904538823234
Dedicated PF & ESI Registration and Returns - Monthly Retainer,TAX-03358,GST,18,2151.12,5963.0,30,Payroll & Compliance Services,998223,8902896575492
Express Internal Audit & Risk Assessment - Annual,TAX-03359,GST,18,19793.85,42944.0,39,Financial Auditing Services,998221,8907619157701
Standard End-to-End Payroll Processing - Upto 20 Employees,TAX-03360,GST,18,3097.16,9781.0,23,Payroll & Compliance Services,998223,8906231539428
Retainer Statutory Audit Services - Medium Enterprise,TAX-03361,GST,18,41806.22,128915.0,61,Financial Auditing Services,998221,8905091639750
Standard Professional Tax (PT) Compliance - Registration,TAX-03362,GST,18,1208.94,3090.0,14,Payroll & Compliance Services,998223,8909810094430
Managed Internal Audit & Risk Assessment - Half-Yearly,TAX-03363,GST,18,11681.84,36506.0,96,Financial Auditing Services,998221,8906569427638
Turnkey Stock & Inventory Audit - Single Location,TAX-03364,GST,18,7242.69,24635.0,60,Financial Auditing Services,998221,8907631143107
Standard PF & ESI Registration and Returns - Annual Package,TAX-03365,GST,18,2346.2,5629.0,33,Payroll & Compliance Services,998223,8906429306461
Retainer PF & ESI Registration and Returns - Monthly Retainer,TAX-03366,GST,18,3540.09,7416.0,73,Payroll & Compliance Services,998223,8904289540584
Retainer Corporate Income Tax Return (ITR-6) - Standard,TAX-03367,GST,18,12250.2,29881.0,53,Corporate Tax Consulting,998231,8902897245979
Advanced Business & Professional ITR-3 / ITR-4 - Presumptive Taxation,TAX-03368,GST,18,1436.85,4365.0,13,Individual Tax Preparation,998232,8904210014996
Managed Statutory Audit Services - Medium Enterprise,TAX-03369,GST,18,41534.04,132922.0,57,Financial Auditing Services,998221,8903905798662
Basic ROC Annual Compliance Filing - AOC-4 & MGT-7,TAX-03370,GST,18,4395.03,11021.0,40,Corporate Tax Consulting,998231,8900025539525
Managed Monthly GST Return Filing (GSTR 1 & 3B) - Standard B2B/B2C,TAX-03371,GST,18,1461.78,3402.0,32,Corporate Tax Consulting,998231,8905245870131
Dedicated Statutory Audit Services - Medium Enterprise,TAX-03372,GST,18,45670.9,107620.0,36,Financial Auditing Services,998221,8905836249215
Express Tax Audit (U/s 44AB) - Partnership Firm,TAX-03373,GST,18,6143.96,14318.0,73,Financial Auditing Services,998221,8908717135935
Dedicated Individual ITR-1 / ITR-2 Filing - Salaried Single Form 16,TAX-03374,GST,18,443.77,1073.0,32,Individual Tax Preparation,998232,8905627396433
Comprehensive Forensic Audit & Fraud Investigation - Basic Assessment,TAX-03375,GST,18,13246.77,38405.0,28,Financial Auditing Services,998221,8908687842775
Turnkey Tax Audit (U/s 44AB) - Individual/HUF,TAX-03376,GST,18,5315.08,16930.0,16,Financial Auditing Services,998221,8909750669912
Retainer NRI Tax Advisory & Filing - DTAA Benefit Filing,TAX-03377,GST,18,2344.9,7719.0,47,Individual Tax Preparation,998232,8901649331115
Advanced ROC Annual Compliance Filing - Fast Track Strike Off,TAX-03378,GST,18,6822.39,15386.0,26,Corporate Tax Consulting,998231,8901806036323
Dedicated End-to-End Payroll Processing - Upto 150 Employees,TAX-03379,GST,18,10015.24,22203.0,94,Payroll & Compliance Services,998223,8901656130739
Advance Tax Calculation & Advisory - Quarterly Retainer,TAX-03380,GST,18,820.46,2270.0,97,Individual Tax Preparation,998232,8905443007457
Standard GST Annual Return (GSTR-9/9C) - Turnover > 5Cr,TAX-03381,GST,18,17274.85,42155.0,63,Corporate Tax Consulting,998231,8905183163325
Basic Cloud Accounting Setup (Tally/Zoho) - Advanced Integration,TAX-03382,GST,18,3664.24,9839.0,55,Accounting & Bookkeeping Services,998222,8907866070250
Turnkey GST Annual Return (GSTR-9/9C) - Turnover > 5Cr,TAX-03383,GST,18,11952.72,30836.0,92,Corporate Tax Consulting,998231,8905085261068
Dedicated Advance Tax Calculation & Advisory - One-Time Analysis,TAX-03384,GST,18,792.81,2460.0,27,Individual Tax Preparation,998232,8906474141240
Retainer PF & ESI Registration and Returns - Annual Package,TAX-03385,GST,18,1730.42,5651.0,50,Payroll & Compliance Services,998223,8909600018208
GST Registration & Advisory - E-commerce/Multi-State,TAX-03386,GST,18,1227.23,4088.0,25,Corporate Tax Consulting,998231,8909392719189
Express Business & Professional ITR-3 / ITR-4 - Presumptive Taxation,TAX-03387,GST,18,1449.5,4802.0,26,Individual Tax Preparation,998232,8901650181757
Retainer GST Registration & Advisory - Standard Business,TAX-03388,GST,18,1320.92,3672.0,66,Corporate Tax Consulting,998231,8905226249152
Retainer Business & Professional ITR-3 / ITR-4 - Presumptive Taxation,TAX-03389,GST,18,1202.88,3842.0,61,Individual Tax Preparation,998232,8906517731319
Standard Corporate Income Tax Return (ITR-6) - Standard,TAX-03390,GST,18,10419.98,22991.0,72,Corporate Tax Consulting,998231,8906255937651
Dedicated Stock & Inventory Audit - Single Location,TAX-03391,GST,18,6143.54,20373.0,90,Financial Auditing Services,998221,8905163917271
Basic TDS & TCS Return Filing - Form 27Q,TAX-03392,GST,18,1257.09,3523.0,34,Payroll & Compliance Services,998223,8904135033460
Corporate Income Tax Return (ITR-6) - Complex with Transfer Pricing,TAX-03393,GST,18,30072.89,80038.0,67,Corporate Tax Consulting,998231,8904465448218
Retainer Monthly GST Return Filing (GSTR 1 & 3B) - High Volume,TAX-03394,GST,18,3925.23,8473.0,26,Corporate Tax Consulting,998231,8905588774050
Standard Monthly Bookkeeping Retainer - SME Plan,TAX-03395,GST,18,2298.63,7232.0,58,Accounting & Bookkeeping Services,998222,8905086569963
Advanced Advance Tax Calculation & Advisory - One-Time Analysis,TAX-03396,GST,18,759.33,2079.0,39,Individual Tax Preparation,998232,8904125383410
Comprehensive Corporate Income Tax Return (ITR-6) - Complex with Transfer Pricing,TAX-03397,GST,18,22377.89,69090.0,89,Corporate Tax Consulting,998231,8907665620670
Basic Virtual CFO Services - Part-time (20 hours),TAX-03398,GST,18,29076.25,77369.0,97,Accounting & Bookkeeping Services,998222,8907744108439
Retainer GST Registration & Advisory - Standard Business,TAX-03399,GST,18,1314.72,4019.0,11,Corporate Tax Consulting,998231,8903409358271
Comprehensive Monthly GST Return Filing (GSTR 1 & 3B) - High Volume,TAX-03400,GST,18,2685.58,9058.0,37,Corporate Tax Consulting,998231,8901066646518
Professional Tax (PT) Compliance - Annual Filing,TAX-03401,GST,18,996.08,2778.0,75,Payroll & Compliance Services,998223,8904587957971
Standard Tax Audit (U/s 44AB) - Company,TAX-03402,GST,18,4483.43,15436.0,47,Financial Auditing Services,998221,8906190692395
Statutory Audit Services - Corporate Entity,TAX-03403,GST,18,51935.19,160171.0,36,Financial Auditing Services,998221,8902786686899
Premium NRI Tax Advisory & Filing - Standard Consultation,TAX-03404,GST,18,2842.7,6484.0,59,Individual Tax Preparation,998232,8905030524114
Managed Monthly Bookkeeping Retainer - Enterprise Plan,TAX-03405,GST,18,10143.79,25977.0,22,Accounting & Bookkeeping Services,998222,8903352949576
Internal Audit & Risk Assessment - Annual,TAX-03406,GST,18,17919.4,47063.0,98,Financial Auditing Services,998221,8901084929704
Retainer PF & ESI Registration and Returns - Annual Package,TAX-03407,GST,18,2913.83,6133.0,98,Payroll & Compliance Services,998223,8909767621354
Advanced Professional Tax (PT) Compliance - Registration,TAX-03408,GST,18,833.74,2902.0,25,Payroll & Compliance Services,998223,8905383489953
Premium Internal Audit & Risk Assessment - Quarterly,TAX-03409,GST,18,16974.31,42396.0,15,Financial Auditing Services,998221,8904002417036
Managed PF & ESI Registration and Returns - Monthly Retainer,TAX-03410,GST,18,2995.37,6969.0,36,Payroll & Compliance Services,998223,8904241471897
Managed Monthly GST Return Filing (GSTR 1 & 3B) - Nil Return,TAX-03411,GST,18,793.39,2145.0,94,Corporate Tax Consulting,998231,8904292101727
Dedicated PF & ESI Registration and Returns - Monthly Retainer,TAX-03412,GST,18,2229.92,7480.0,53,Payroll & Compliance Services,998223,8900796313240
Express Professional Tax (PT) Compliance - Registration,TAX-03413,GST,18,1025.05,3125.0,91,Payroll & Compliance Services,998223,8905196627145
Dedicated GST Registration & Advisory - E-commerce/Multi-State,TAX-03414,GST,18,2032.23,5684.0,98,Corporate Tax Consulting,998231,8906862378577
Comprehensive Forensic Audit & Fraud Investigation - Basic Assessment,TAX-03415,GST,18,13852.61,39980.0,34,Financial Auditing Services,998221,8909176707002
Turnkey Financial Statement Preparation (P&L/BS) - LLP,TAX-03416,GST,18,5736.85,17812.0,49,Accounting & Bookkeeping Services,998222,8905278430039
Turnkey Advance Tax Calculation & Advisory - Quarterly Retainer,TAX-03417,GST,18,750.02,2588.0,64,Individual Tax Preparation,998232,8905949186849
Express Advance Tax Calculation & Advisory - One-Time Analysis,TAX-03418,GST,18,757.83,2310.0,10,Individual Tax Preparation,998232,8903922686870
Dedicated Financial Statement Preparation (P&L/BS) - Private Limited,TAX-03419,GST,18,6204.39,19276.0,72,Accounting & Bookkeeping Services,998222,8908545765309
Advanced Bank Reconciliation Services - Annual Cleanup,TAX-03420,GST,18,1340.55,4513.0,24,Accounting & Bookkeeping Services,998222,8903222575041
Turnkey Cloud Accounting Setup (Tally/Zoho) - Advanced Integration,TAX-03421,GST,18,4849.87,11435.0,57,Accounting & Bookkeeping Services,998222,8900945573149
Comprehensive Financial Statement Preparation (P&L/BS) - Private Limited,TAX-03422,GST,18,4383.34,13091.0,72,Accounting & Bookkeeping Services,998222,8907603828071
Advanced Statutory Audit Services - Small Business,TAX-03423,GST,18,9099.04,28742.0,77,Financial Auditing Services,998221,8906417939969
ROC Annual Compliance Filing - AOC-4 & MGT-7,TAX-03424,GST,18,4678.22,14840.0,91,Corporate Tax Consulting,998231,8903933833876
Retainer Business & Professional ITR-3 / ITR-4 - Regular Accounts,TAX-03425,GST,18,1756.28,4907.0,54,Individual Tax Preparation,998232,8908173868165
Dedicated Cloud Accounting Setup (Tally/Zoho) - Basic Setup,TAX-03426,GST,18,1834.76,5894.0,91,Accounting & Bookkeeping Services,998222,8909937873521
Retainer Individual ITR-1 / ITR-2 Filing - Multiple Form 16 + Capital Gains,TAX-03427,GST,18,412.8,1392.0,61,Individual Tax Preparation,998232,8900334299508
Comprehensive GST Annual Return (GSTR-9/9C) - Turnover < 2Cr,TAX-03428,GST,18,5111.36,15062.0,33,Corporate Tax Consulting,998231,8908107677786
Express Monthly GST Return Filing (GSTR 1 & 3B) - High Volume,TAX-03429,GST,18,2789.41,7808.0,18,Corporate Tax Consulting,998231,8909059746899
Dedicated Cloud Accounting Setup (Tally/Zoho) - Basic Setup,TAX-03430,GST,18,2395.14,6536.0,15,Accounting & Bookkeeping Services,998222,8906242610332
Basic Professional Tax (PT) Compliance - Annual Filing,TAX-03431,GST,18,1149.78,2487.0,78,Payroll & Compliance Services,998223,8904919866132
Turnkey NRI Tax Advisory & Filing - Standard Consultation,TAX-03432,GST,18,2887.5,7353.0,70,Individual Tax Preparation,998232,8902476398572
Premium ROC Annual Compliance Filing - Fast Track Strike Off,TAX-03433,GST,18,4374.59,9667.0,96,Corporate Tax Consulting,998231,8904385800999
Advance Tax Calculation & Advisory - One-Time Analysis,TAX-03434,GST,18,887.94,2533.0,99,Individual Tax Preparation,998232,8904505149048
Express Monthly GST Return Filing (GSTR 1 & 3B) - Standard B2B/B2C,TAX-03435,GST,18,1299.68,3132.0,46,Corporate Tax Consulting,998231,8905364996107
Managed ROC Annual Compliance Filing - Fast Track Strike Off,TAX-03436,GST,18,4665.21,10455.0,99,Corporate Tax Consulting,998231,8906461533002
Managed GST Registration & Advisory - Standard Business,TAX-03437,GST,18,1716.55,5344.0,70,Corporate Tax Consulting,998231,8906976938051
Retainer TDS & TCS Return Filing - Form 24Q,TAX-03438,GST,18,1196.61,3460.0,11,Payroll & Compliance Services,998223,8901681207500
Dedicated Forensic Audit & Fraud Investigation - Basic Assessment,TAX-03439,GST,18,14182.14,47183.0,54,Financial Auditing Services,998221,8909392244556
Comprehensive PF & ESI Registration and Returns - Monthly Retainer,TAX-03440,GST,18,2110.31,5182.0,78,Payroll & Compliance Services,998223,8909441399951
Basic GST Annual Return (GSTR-9/9C) - Turnover < 2Cr,TAX-03441,GST,18,8072.69,19033.0,20,Corporate Tax Consulting,998231,8905695907056
Premium NRI Tax Advisory & Filing - Standard Consultation,TAX-03442,GST,18,3017.94,9758.0,36,Individual Tax Preparation,998232,8906112874081
Premium Forensic Audit & Fraud Investigation - Basic Assessment,TAX-03443,GST,18,19144.29,54884.0,86,Financial Auditing Services,998221,8903821452878
Retainer Advance Tax Calculation & Advisory - Quarterly Retainer,TAX-03444,GST,18,638.35,2176.0,10,Individual Tax Preparation,998232,8902840521850
Retainer Professional Tax (PT) Compliance - Registration,TAX-03445,GST,18,1017.31,3170.0,83,Payroll & Compliance Services,998223,8901260485896
Retainer TDS & TCS Return Filing - Form 27Q,TAX-03446,GST,18,843.66,2919.0,44,Payroll & Compliance Services,998223,8900938654719
Premium Financial Statement Preparation (P&L/BS) - LLP,TAX-03447,GST,18,6703.43,17155.0,75,Accounting & Bookkeeping Services,998222,8907487056623
Turnkey Statutory Audit Services - Medium Enterprise,TAX-03448,GST,18,56415.89,162287.0,49,Financial Auditing Services,998221,8904615012350
Turnkey GST Annual Return (GSTR-9/9C) - Turnover > 5Cr,TAX-03449,GST,18,18298.16,38114.0,56,Corporate Tax Consulting,998231,8900590855765
Managed ROC Annual Compliance Filing - AOC-4 & MGT-7,TAX-03450,GST,18,3777.98,13038.0,84,Corporate Tax Consulting,998231,8901947437299
Comprehensive Internal Audit & Risk Assessment - Half-Yearly,TAX-03451,GST,18,10562.41,33653.0,82,Financial Auditing Services,998221,8906091027647
Advanced Tax Audit (U/s 44AB) - Individual/HUF,TAX-03452,GST,18,7287.93,17067.0,20,Financial Auditing Services,998221,8901190266237
Retainer Monthly GST Return Filing (GSTR 1 & 3B) - High Volume,TAX-03453,GST,18,2752.05,6409.0,41,Corporate Tax Consulting,998231,8900983145237
Advanced Individual ITR-1 / ITR-2 Filing - Salaried Single Form 16,TAX-03454,GST,18,279.35,894.0,33,Individual Tax Preparation,998232,8908742565686
ROC Annual Compliance Filing - AOC-4 & MGT-7,TAX-03455,GST,18,4541.39,15351.0,15,Corporate Tax Consulting,998231,8900058953815
Standard Corporate Income Tax Return (ITR-6) - Standard,TAX-03456,GST,18,12754.45,30666.0,97,Corporate Tax Consulting,998231,8908578180779
Retainer End-to-End Payroll Processing - Upto 50 Employees,TAX-03457,GST,18,3900.53,12899.0,24,Payroll & Compliance Services,998223,8905144661995
Standard End-to-End Payroll Processing - Upto 50 Employees,TAX-03458,GST,18,2477.04,8178.0,62,Payroll & Compliance Services,998223,8905626668854
TDS & TCS Return Filing - Form 24Q,TAX-03459,GST,18,1716.49,3999.0,73,Payroll & Compliance Services,998223,8906659959902
Comprehensive Bank Reconciliation Services - Annual Cleanup,TAX-03460,GST,18,1430.46,4582.0,23,Accounting & Bookkeeping Services,998222,8906226648491
Advanced Advance Tax Calculation & Advisory - Quarterly Retainer,TAX-03461,GST,18,886.06,1985.0,76,Individual Tax Preparation,998232,8903635805331
Basic End-to-End Payroll Processing - Upto 150 Employees,TAX-03462,GST,18,4353.06,15095.0,54,Payroll & Compliance Services,998223,8906117027847
Managed Bank Reconciliation Services - Annual Cleanup,TAX-03463,GST,18,2248.42,6445.0,34,Accounting & Bookkeeping Services,998222,8907223917619
Comprehensive ROC Annual Compliance Filing - AOC-4 & MGT-7,TAX-03464,GST,18,4141.62,11677.0,95,Corporate Tax Consulting,998231,8908431357408
Advanced Corporate Income Tax Return (ITR-6) - Complex with Transfer Pricing,TAX-03465,GST,18,18996.91,50863.0,88,Corporate Tax Consulting,998231,8907296175657
Turnkey ROC Annual Compliance Filing - AOC-4 & MGT-7,TAX-03466,GST,18,3091.43,10348.0,47,Corporate Tax Consulting,998231,8904251180954
Express TDS & TCS Return Filing - Form 24Q,TAX-03467,GST,18,1460.02,4371.0,47,Payroll & Compliance Services,998223,8901528634840
Forensic Audit & Fraud Investigation - Basic Assessment,TAX-03468,GST,18,14757.83,49234.0,93,Financial Auditing Services,998221,8906491445337
Standard PF & ESI Registration and Returns - Monthly Retainer,TAX-03469,GST,18,2821.81,7257.0,22,Payroll & Compliance Services,998223,8904616415733
Premium GST Annual Return (GSTR-9/9C) - Turnover > 5Cr,TAX-03470,GST,18,20428.09,43572.0,44,Corporate Tax Consulting,998231,8901781090719
Professional Tax (PT) Compliance - Registration,TAX-03471,GST,18,952.49,3196.0,23,Payroll & Compliance Services,998223,8904951495583
Turnkey Advance Tax Calculation & Advisory - Quarterly Retainer,TAX-03472,GST,18,625.88,2149.0,69,Individual Tax Preparation,998232,8902966180843
Retainer Individual ITR-1 / ITR-2 Filing - Multiple Form 16 + Capital Gains,TAX-03473,GST,18,648.45,1433.0,69,Individual Tax Preparation,998232,8902309907046
Premium TDS & TCS Return Filing - Form 26Q,TAX-03474,GST,18,1072.97,3213.0,58,Payroll & Compliance Services,998223,8900451990818
Premium Monthly GST Return Filing (GSTR 1 & 3B) - Nil Return,TAX-03475,GST,18,535.14,1466.0,58,Corporate Tax Consulting,998231,8903272237369
Basic End-to-End Payroll Processing - Upto 50 Employees,TAX-03476,GST,18,2936.29,8731.0,15,Payroll & Compliance Services,998223,8905904735352
Dedicated Financial Statement Preparation (P&L/BS) - LLP,TAX-03477,GST,18,6041.89,13951.0,54,Accounting & Bookkeeping Services,998222,8903973451359
Comprehensive Advance Tax Calculation & Advisory - One-Time Analysis,TAX-03478,GST,18,685.04,2021.0,17,Individual Tax Preparation,998232,8900989727405
Basic Tax Audit (U/s 44AB) - Company,TAX-03479,GST,18,3921.69,12858.0,47,Financial Auditing Services,998221,8901199136564
Dedicated Internal Audit & Risk Assessment - Annual,TAX-03480,GST,18,15170.25,50484.0,32,Financial Auditing Services,998221,8906006289223
Dedicated NRI Tax Advisory & Filing - Standard Consultation,TAX-03481,GST,18,3364.65,9804.0,88,Individual Tax Preparation,998232,8903895945892
Bank Reconciliation Services - Monthly,TAX-03482,GST,18,1577.2,5206.0,51,Accounting & Bookkeeping Services,998222,8902949775655
Retainer Internal Audit & Risk Assessment - Annual,TAX-03483,GST,18,15533.21,45464.0,52,Financial Auditing Services,998221,8906383676657
Premium Internal Audit & Risk Assessment - Quarterly,TAX-03484,GST,18,15316.94,33566.0,19,Financial Auditing Services,998221,8903387534214
Advanced PF & ESI Registration and Returns - Annual Package,TAX-03485,GST,18,2176.76,6828.0,68,Payroll & Compliance Services,998223,8904988396838
Dedicated Bank Reconciliation Services - Monthly,TAX-03486,GST,18,2655.97,6169.0,89,Accounting & Bookkeeping Services,998222,8903535215173
Premium Professional Tax (PT) Compliance - Annual Filing,TAX-03487,GST,18,1198.64,3175.0,78,Payroll & Compliance Services,998223,8909924715756
Premium Statutory Audit Services - Corporate Entity,TAX-03488,GST,18,66908.77,141529.0,37,Financial Auditing Services,998221,8900221239551
Express Monthly Bookkeeping Retainer - SME Plan,TAX-03489,GST,18,3831.99,8448.0,29,Accounting & Bookkeeping Services,998222,8908541422632
Advanced Monthly GST Return Filing (GSTR 1 & 3B) - Nil Return,TAX-03490,GST,18,728.18,1678.0,70,Corporate Tax Consulting,998231,8901504519678
Standard GST Annual Return (GSTR-9/9C) - Turnover < 2Cr,TAX-03491,GST,18,5777.64,17092.0,87,Corporate Tax Consulting,998231,8901326842326
Advanced Bank Reconciliation Services - Annual Cleanup,TAX-03492,GST,18,1667.15,5036.0,36,Accounting & Bookkeeping Services,998222,8903693105719
Basic Monthly GST Return Filing (GSTR 1 & 3B) - Nil Return,TAX-03493,GST,18,964.05,2073.0,47,Corporate Tax Consulting,998231,8905527876260
Turnkey Cloud Accounting Setup (Tally/Zoho) - Advanced Integration,TAX-03494,GST,18,3247.47,11305.0,84,Accounting & Bookkeeping Services,998222,8903099986891
Managed NRI Tax Advisory & Filing - Standard Consultation,TAX-03495,GST,18,3458.84,9183.0,82,Individual Tax Preparation,998232,8906999938191
Advanced NRI Tax Advisory & Filing - DTAA Benefit Filing,TAX-03496,GST,18,3519.93,7955.0,94,Individual Tax Preparation,998232,8901900241551
Basic Corporate Income Tax Return (ITR-6) - Complex with Transfer Pricing,TAX-03497,GST,18,23087.8,78083.0,36,Corporate Tax Consulting,998231,8905332702899
Retainer GST Annual Return (GSTR-9/9C) - Turnover > 5Cr,TAX-03498,GST,18,11440.99,38114.0,78,Corporate Tax Consulting,998231,8905843116210
Advanced Corporate Income Tax Return (ITR-6) - Standard,TAX-03499,GST,18,12086.13,28760.0,69,Corporate Tax Consulting,998231,8903965431055
GST Annual Return (GSTR-9/9C) - Turnover < 2Cr,TAX-03500,GST,18,5347.67,12339.0,17,Corporate Tax Consulting,998231,8902759608895
Express Advance Tax Calculation & Advisory - One-Time Analysis,TAX-03501,GST,18,716.28,1789.0,76,Individual Tax Preparation,998232,8904342314945
Dedicated Monthly Bookkeeping Retainer - Startup Plan,TAX-03502,GST,18,2676.7,9229.0,80,Accounting & Bookkeeping Services,998222,8906062098180
Express End-to-End Payroll Processing - Upto 150 Employees,TAX-03503,GST,18,7223.68,22255.0,89,Payroll & Compliance Services,998223,8909151414050
NRI Tax Advisory & Filing - Standard Consultation,TAX-03504,GST,18,2842.33,6717.0,44,Individual Tax Preparation,998232,8907429636412
Managed Financial Statement Preparation (P&L/BS) - Private Limited,TAX-03505,GST,18,4284.54,13017.0,98,Accounting & Bookkeeping Services,998222,8903924539604
Retainer Bank Reconciliation Services - Monthly,TAX-03506,GST,18,2382.55,6386.0,100,Accounting & Bookkeeping Services,998222,8904253968527
Premium ROC Annual Compliance Filing - AOC-4 & MGT-7,TAX-03507,GST,18,4610.0,13010.0,80,Corporate Tax Consulting,998231,8901224661428
Premium Stock & Inventory Audit - Multi-Location,TAX-03508,GST,18,10887.82,31705.0,69,Financial Auditing Services,998221,8909096351591
Forensic Audit & Fraud Investigation - Detailed Investigation,TAX-03509,GST,18,83330.14,181322.0,17,Financial Auditing Services,998221,8902533797086
Basic Tax Audit (U/s 44AB) - Company,TAX-03510,GST,18,5705.88,15508.0,54,Financial Auditing Services,998221,8908725371720
Basic Tax Audit (U/s 44AB) - Individual/HUF,TAX-03511,GST,18,6814.21,13704.0,33,Financial Auditing Services,998221,8905696474133
Standard Statutory Audit Services - Medium Enterprise,TAX-03512,GST,18,49797.28,137178.0,88,Financial Auditing Services,998221,8904842266315
Express PF & ESI Registration and Returns - Monthly Retainer,TAX-03513,GST,18,2546.59,7442.0,36,Payroll & Compliance Services,998223,8904913156536
Basic GST Annual Return (GSTR-9/9C) - Turnover < 2Cr,TAX-03514,GST,18,5710.27,15007.0,100,Corporate Tax Consulting,998231,8903514522823
Advanced Bank Reconciliation Services - Monthly,TAX-03515,GST,18,2127.35,5279.0,33,Accounting & Bookkeeping Services,998222,8909799349657
Corporate Income Tax Return (ITR-6) - Standard,TAX-03516,GST,18,10053.32,22765.0,95,Corporate Tax Consulting,998231,8909706406412
Advanced Monthly Bookkeeping Retainer - SME Plan,TAX-03517,GST,18,2665.85,6564.0,68,Accounting & Bookkeeping Services,998222,8908307501632
GST Registration & Advisory - Standard Business,TAX-03518,GST,18,1935.98,4206.0,23,Corporate Tax Consulting,998231,8900526963642
Standard Monthly GST Return Filing (GSTR 1 & 3B) - High Volume,TAX-03519,GST,18,2024.71,6703.0,43,Corporate Tax Consulting,998231,8905436768796
Managed Corporate Income Tax Return (ITR-6) - Complex with Transfer Pricing,TAX-03520,GST,18,20549.8,69674.0,59,Corporate Tax Consulting,998231,8909863013332
Standard ROC Annual Compliance Filing - AOC-4 & MGT-7,TAX-03521,GST,18,7283.13,14579.0,92,Corporate Tax Consulting,998231,8906719961494
Standard Individual ITR-1 / ITR-2 Filing - Multiple Form 16 + Capital Gains,TAX-03522,GST,18,532.07,1431.0,64,Individual Tax Preparation,998232,8901603849526
Comprehensive Forensic Audit & Fraud Investigation - Basic Assessment,TAX-03523,GST,18,22955.92,61697.0,50,Financial Auditing Services,998221,8906141096615
Comprehensive Business & Professional ITR-3 / ITR-4 - Presumptive Taxation,TAX-03524,GST,18,1529.55,5246.0,67,Individual Tax Preparation,998232,8908908850690
Basic Monthly Bookkeeping Retainer - Enterprise Plan,TAX-03525,GST,18,6038.44,18856.0,71,Accounting & Bookkeeping Services,998222,8901120273023
Standard NRI Tax Advisory & Filing - DTAA Benefit Filing,TAX-03526,GST,18,4154.48,9177.0,90,Individual Tax Preparation,998232,8902072230335
Basic Business & Professional ITR-3 / ITR-4 - Presumptive Taxation,TAX-03527,GST,18,1673.66,4897.0,55,Individual Tax Preparation,998232,8901113997738
Managed ROC Annual Compliance Filing - AOC-4 & MGT-7,TAX-03528,GST,18,4777.79,12908.0,66,Corporate Tax Consulting,998231,8908236084229
Standard GST Annual Return (GSTR-9/9C) - Turnover > 5Cr,TAX-03529,GST,18,11787.96,35711.0,75,Corporate Tax Consulting,998231,8906574306206
Individual ITR-1 / ITR-2 Filing - Multiple Form 16 + Capital Gains,TAX-03530,GST,18,522.57,1707.0,91,Individual Tax Preparation,998232,8904991987202
Basic Individual ITR-1 / ITR-2 Filing - Salaried Single Form 16,TAX-03531,GST,18,361.22,725.0,44,Individual Tax Preparation,998232,8903391419811
Basic ROC Annual Compliance Filing - Fast Track Strike Off,TAX-03532,GST,18,7361.76,14957.0,53,Corporate Tax Consulting,998231,8900749504432
Express GST Registration & Advisory - Standard Business,TAX-03533,GST,18,1632.53,4857.0,10,Corporate Tax Consulting,998231,8902844161693
Premium Monthly GST Return Filing (GSTR 1 & 3B) - Standard B2B/B2C,TAX-03534,GST,18,1139.69,3179.0,52,Corporate Tax Consulting,998231,8901632381370
Standard Professional Tax (PT) Compliance - Annual Filing,TAX-03535,GST,18,754.31,2047.0,30,Payroll & Compliance Services,998223,8902659415258
Standard Virtual CFO Services - Dedicated (40 hours),TAX-03536,GST,18,55173.03,129734.0,73,Accounting & Bookkeeping Services,998222,8908116446684
Comprehensive GST Registration & Advisory - Standard Business,TAX-03537,GST,18,1754.47,5140.0,22,Corporate Tax Consulting,998231,8900291585118
Premium End-to-End Payroll Processing - Upto 20 Employees,TAX-03538,GST,18,3287.69,8469.0,26,Payroll & Compliance Services,998223,8903535968289
Premium Statutory Audit Services - Medium Enterprise,TAX-03539,GST,18,40815.38,133616.0,98,Financial Auditing Services,998221,8903563167660
Turnkey Financial Statement Preparation (P&L/BS) - Proprietorship,TAX-03540,GST,18,7139.3,16207.0,77,Accounting & Bookkeeping Services,998222,8908847871819
Advanced Virtual CFO Services - Part-time (20 hours),TAX-03541,GST,18,18809.23,62959.0,15,Accounting & Bookkeeping Services,998222,8905104730802
Basic Business & Professional ITR-3 / ITR-4 - Presumptive Taxation,TAX-03542,GST,18,1820.64,3856.0,48,Individual Tax Preparation,998232,8908241430444
Retainer ROC Annual Compliance Filing - Fast Track Strike Off,TAX-03543,GST,18,5464.6,13361.0,51,Corporate Tax Consulting,998231,8909634900197
Basic ROC Annual Compliance Filing - AOC-4 & MGT-7,TAX-03544,GST,18,5600.12,11261.0,43,Corporate Tax Consulting,998231,8901951130307
Managed GST Annual Return (GSTR-9/9C) - Turnover < 2Cr,TAX-03545,GST,18,3939.09,12031.0,23,Corporate Tax Consulting,998231,8906684648209
Retainer Advance Tax Calculation & Advisory - Quarterly Retainer,TAX-03546,GST,18,685.84,1910.0,19,Individual Tax Preparation,998232,8908186969234
Dedicated TDS & TCS Return Filing - Form 24Q,TAX-03547,GST,18,1557.42,3447.0,49,Payroll & Compliance Services,998223,8907721396362
Turnkey Stock & Inventory Audit - Single Location,TAX-03548,GST,18,5373.85,16076.0,44,Financial Auditing Services,998221,8909417231901
Turnkey GST Registration & Advisory - E-commerce/Multi-State,TAX-03549,GST,18,2087.05,5824.0,58,Corporate Tax Consulting,998231,8903721858935
Advanced NRI Tax Advisory & Filing - Standard Consultation,TAX-03550,GST,18,2627.73,8326.0,56,Individual Tax Preparation,998232,8907126565641
Turnkey Corporate Income Tax Return (ITR-6) - Complex with Transfer Pricing,TAX-03551,GST,18,29454.55,63112.0,68,Corporate Tax Consulting,998231,8901112070180
Express PF & ESI Registration and Returns - Annual Package,TAX-03552,GST,18,2059.24,6068.0,33,Payroll & Compliance Services,998223,8906255257615
Dedicated Internal Audit & Risk Assessment - Quarterly,TAX-03553,GST,18,16981.56,49435.0,90,Financial Auditing Services,998221,8908480861868
Basic Monthly Bookkeeping Retainer - SME Plan,TAX-03554,GST,18,3391.51,7521.0,85,Accounting & Bookkeeping Services,998222,8909785321013
Premium Virtual CFO Services - Part-time (20 hours),TAX-03555,GST,18,26830.63,64953.0,16,Accounting & Bookkeeping Services,998222,8903765849014
Dedicated Tax Audit (U/s 44AB) - Partnership Firm,TAX-03556,GST,18,7883.59,17518.0,55,Financial Auditing Services,998221,8907870909590
Express Financial Statement Preparation (P&L/BS) - LLP,TAX-03557,GST,18,6742.0,16227.0,34,Accounting & Bookkeeping Services,998222,8906919918386
Comprehensive PF & ESI Registration and Returns - Annual Package,TAX-03558,GST,18,1791.28,6026.0,63,Payroll & Compliance Services,998223,8901636771775
Virtual CFO Services - Dedicated (40 hours),TAX-03559,GST,18,47865.27,117209.0,96,Accounting & Bookkeeping Services,998222,8902691548978
Standard Individual ITR-1 / ITR-2 Filing - Multiple Form 16 + Capital Gains,TAX-03560,GST,18,719.81,1718.0,30,Individual Tax Preparation,998232,8907705087550
Advanced Professional Tax (PT) Compliance - Registration,TAX-03561,GST,18,732.39,2369.0,20,Payroll & Compliance Services,998223,8908886789501
Express Virtual CFO Services - Part-time (20 hours),TAX-03562,GST,18,20069.83,54027.0,66,Accounting & Bookkeeping Services,998222,8904142013498
Retainer PF & ESI Registration and Returns - Monthly Retainer,TAX-03563,GST,18,2001.34,6791.0,49,Payroll & Compliance Services,998223,8900462478635
Turnkey Monthly GST Return Filing (GSTR 1 & 3B) - Nil Return,TAX-03564,GST,18,748.27,2037.0,39,Corporate Tax Consulting,998231,8903089034544
Basic ROC Annual Compliance Filing - Fast Track Strike Off,TAX-03565,GST,18,6783.63,15385.0,18,Corporate Tax Consulting,998231,8900954968617
Managed Monthly GST Return Filing (GSTR 1 & 3B) - Nil Return,TAX-03566,GST,18,972.82,1950.0,89,Corporate Tax Consulting,998231,8901998467617
Standard Stock & Inventory Audit - Multi-Location,TAX-03567,GST,18,14794.24,30468.0,54,Financial Auditing Services,998221,8906257621090
Dedicated Virtual CFO Services - Part-time (20 hours),TAX-03568,GST,18,18265.32,61609.0,85,Accounting & Bookkeeping Services,998222,8905500044415
Premium GST Annual Return (GSTR-9/9C) - Turnover < 2Cr,TAX-03569,GST,18,7451.72,19088.0,67,Corporate Tax Consulting,998231,8902756220217
Express PF & ESI Registration and Returns - Monthly Retainer,TAX-03570,GST,18,2782.35,6902.0,68,Payroll & Compliance Services,998223,8900137607203
Comprehensive Bank Reconciliation Services - Monthly,TAX-03571,GST,18,1693.31,4569.0,71,Accounting & Bookkeeping Services,998222,8905677946685
Standard Cloud Accounting Setup (Tally/Zoho) - Advanced Integration,TAX-03572,GST,18,6313.14,15406.0,46,Accounting & Bookkeeping Services,998222,8902689880775
Dedicated Corporate Income Tax Return (ITR-6) - Complex with Transfer Pricing,TAX-03573,GST,18,22072.76,66552.0,66,Corporate Tax Consulting,998231,8908564519242
Advanced ROC Annual Compliance Filing - AOC-4 & MGT-7,TAX-03574,GST,18,3942.91,11916.0,93,Corporate Tax Consulting,998231,8909851652287
Standard Bank Reconciliation Services - Monthly,TAX-03575,GST,18,1976.25,5377.0,60,Accounting & Bookkeeping Services,998222,8903414487774
Express GST Annual Return (GSTR-9/9C) - Turnover < 2Cr,TAX-03576,GST,18,4978.92,15343.0,12,Corporate Tax Consulting,998231,8903188727796
Managed Forensic Audit & Fraud Investigation - Detailed Investigation,TAX-03577,GST,18,71440.99,226762.0,32,Financial Auditing Services,998221,8900505784622
Advanced Forensic Audit & Fraud Investigation - Basic Assessment,TAX-03578,GST,18,22806.93,56919.0,78,Financial Auditing Services,998221,8906515312141
Virtual CFO Services - Part-time (20 hours),TAX-03579,GST,18,22438.48,66473.0,71,Accounting & Bookkeeping Services,998222,8909086865146
Managed GST Registration & Advisory - Standard Business,TAX-03580,GST,18,1153.24,3632.0,54,Corporate Tax Consulting,998231,8909396701552
Standard Financial Statement Preparation (P&L/BS) - Private Limited,TAX-03581,GST,18,7323.2,17535.0,59,Accounting & Bookkeeping Services,998222,8905529578735
Comprehensive Forensic Audit & Fraud Investigation - Basic Assessment,TAX-03582,GST,18,11951.58,38536.0,30,Financial Auditing Services,998221,8907113180021
Retainer End-to-End Payroll Processing - Upto 20 Employees,TAX-03583,GST,18,2678.7,9270.0,50,Payroll & Compliance Services,998223,8905577343282
Basic Virtual CFO Services - Part-time (20 hours),TAX-03584,GST,18,17310.59,51822.0,18,Accounting & Bookkeeping Services,998222,8908366949835
Turnkey Individual ITR-1 / ITR-2 Filing - Multiple Form 16 + Capital Gains,TAX-03585,GST,18,512.51,1650.0,73,Individual Tax Preparation,998232,8903297584562
Managed GST Registration & Advisory - Standard Business,TAX-03586,GST,18,1679.11,3720.0,48,Corporate Tax Consulting,998231,8906984598909
Premium Forensic Audit & Fraud Investigation - Detailed Investigation,TAX-03587,GST,18,80474.81,217367.0,35,Financial Auditing Services,998221,8900626465889
Advanced Advance Tax Calculation & Advisory - Quarterly Retainer,TAX-03588,GST,18,762.2,1868.0,41,Individual Tax Preparation,998232,8901284209274
Express Business & Professional ITR-3 / ITR-4 - Presumptive Taxation,TAX-03589,GST,18,1571.92,4760.0,28,Individual Tax Preparation,998232,8902021512851
Advanced Financial Statement Preparation (P&L/BS) - LLP,TAX-03590,GST,18,5024.67,12240.0,23,Accounting & Bookkeeping Services,998222,8906523700877
Express Corporate Income Tax Return (ITR-6) - Standard,TAX-03591,GST,18,9990.52,20674.0,32,Corporate Tax Consulting,998231,8902607347843
Advanced Financial Statement Preparation (P&L/BS) - Private Limited,TAX-03592,GST,18,7549.61,18605.0,44,Accounting & Bookkeeping Services,998222,8903103233854
Turnkey Financial Statement Preparation (P&L/BS) - LLP,TAX-03593,GST,18,7050.48,19189.0,17,Accounting & Bookkeeping Services,998222,8905858219645
Comprehensive Advance Tax Calculation & Advisory - Quarterly Retainer,TAX-03594,GST,18,874.4,1871.0,27,Individual Tax Preparation,998232,8901255889839
Managed Cloud Accounting Setup (Tally/Zoho) - Basic Setup,TAX-03595,GST,18,3213.86,7716.0,26,Accounting & Bookkeeping Services,998222,8905706707792
Dedicated TDS & TCS Return Filing - Form 27Q,TAX-03596,GST,18,1026.99,3326.0,70,Payroll & Compliance Services,998223,8905971131568
Monthly GST Return Filing (GSTR 1 & 3B) - Nil Return,TAX-03597,GST,18,603.42,1477.0,59,Corporate Tax Consulting,998231,8904596394684
Premium PF & ESI Registration and Returns - Monthly Retainer,TAX-03598,GST,18,3561.6,7201.0,54,Payroll & Compliance Services,998223,8908587263275
Internal Audit & Risk Assessment - Half-Yearly,TAX-03599,GST,18,14973.2,33419.0,49,Financial Auditing Services,998221,8902102387288
Turnkey Forensic Audit & Fraud Investigation - Basic Assessment,TAX-03600,GST,18,18179.13,61821.0,91,Financial Auditing Services,998221,8904970695990
Stock & Inventory Audit - Multi-Location,TAX-03601,GST,18,16725.08,40151.0,94,Financial Auditing Services,998221,8903562395021
Managed Statutory Audit Services - Corporate Entity,TAX-03602,GST,18,48559.95,100336.0,10,Financial Auditing Services,998221,8900822205322
Express Stock & Inventory Audit - Single Location,TAX-03603,GST,18,9003.11,23185.0,16,Financial Auditing Services,998221,8908980466171
Managed Statutory Audit Services - Medium Enterprise,TAX-03604,GST,18,67762.4,153958.0,69,Financial Auditing Services,998221,8905991173906
Turnkey Corporate Income Tax Return (ITR-6) - Standard,TAX-03605,GST,18,8978.46,26436.0,74,Corporate Tax Consulting,998231,8905760273160
Comprehensive Bank Reconciliation Services - Monthly,TAX-03606,GST,18,1708.28,5722.0,53,Accounting & Bookkeeping Services,998222,8900632705241
ROC Annual Compliance Filing - Fast Track Strike Off,TAX-03607,GST,18,5311.49,14059.0,48,Corporate Tax Consulting,998231,8906866764691
Premium PF & ESI Registration and Returns - Annual Package,TAX-03608,GST,18,1426.29,4852.0,11,Payroll & Compliance Services,998223,8901374378471
Retainer Forensic Audit & Fraud Investigation - Basic Assessment,TAX-03609,GST,18,25322.92,57881.0,33,Financial Auditing Services,998221,8902583376223
Premium Bank Reconciliation Services - Annual Cleanup,TAX-03610,GST,18,1776.78,4289.0,70,Accounting & Bookkeeping Services,998222,8907657866100
Express Statutory Audit Services - Medium Enterprise,TAX-03611,GST,18,30279.14,105393.0,77,Financial Auditing Services,998221,8906247939334
Premium Individual ITR-1 / ITR-2 Filing - Multiple Form 16 + Capital Gains,TAX-03612,GST,18,375.02,1296.0,92,Individual Tax Preparation,998232,8906315558008
Dedicated Corporate Income Tax Return (ITR-6) - Complex with Transfer Pricing,TAX-03613,GST,18,29986.48,64404.0,98,Corporate Tax Consulting,998231,8903183823708
Turnkey TDS & TCS Return Filing - Form 26Q,TAX-03614,GST,18,1263.99,3738.0,12,Payroll & Compliance Services,998223,8901381385418
Comprehensive PF & ESI Registration and Returns - Monthly Retainer,TAX-03615,GST,18,2460.95,7653.0,51,Payroll & Compliance Services,998223,8907017733701
Basic Forensic Audit & Fraud Investigation - Detailed Investigation,TAX-03616,GST,18,79461.32,200163.0,82,Financial Auditing Services,998221,8907127931082
Monthly GST Return Filing (GSTR 1 & 3B) - High Volume,TAX-03617,GST,18,3158.29,7802.0,86,Corporate Tax Consulting,998231,8909906041869
Turnkey GST Registration & Advisory - E-commerce/Multi-State,TAX-03618,GST,18,1382.02,4507.0,20,Corporate Tax Consulting,998231,8908289210758
Dedicated Corporate Income Tax Return (ITR-6) - Standard,TAX-03619,GST,18,11470.27,27026.0,84,Corporate Tax Consulting,998231,8907533631492
Retainer Advance Tax Calculation & Advisory - Quarterly Retainer,TAX-03620,GST,18,1048.57,2286.0,70,Individual Tax Preparation,998232,8905686345496
Premium PF & ESI Registration and Returns - Monthly Retainer,TAX-03621,GST,18,1866.09,6048.0,82,Payroll & Compliance Services,998223,8909255830035
Dedicated Individual ITR-1 / ITR-2 Filing - Multiple Form 16 + Capital Gains,TAX-03622,GST,18,432.34,1504.0,41,Individual Tax Preparation,998232,8904491088534
Express Business & Professional ITR-3 / ITR-4 - Presumptive Taxation,TAX-03623,GST,18,1632.37,5476.0,66,Individual Tax Preparation,998232,8902778340793
Retainer Virtual CFO Services - Part-time (20 hours),TAX-03624,GST,18,16927.58,50668.0,21,Accounting & Bookkeeping Services,998222,8907711034020
Standard Monthly GST Return Filing (GSTR 1 & 3B) - Standard B2B/B2C,TAX-03625,GST,18,1269.45,3147.0,43,Corporate Tax Consulting,998231,8901791848000
Basic Statutory Audit Services - Small Business,TAX-03626,GST,18,8486.06,27582.0,97,Financial Auditing Services,998221,8902148904011
Standard Virtual CFO Services - Part-time (20 hours),TAX-03627,GST,18,19854.41,58657.0,19,Accounting & Bookkeeping Services,998222,8909277244376
Standard TDS & TCS Return Filing - Form 26Q,TAX-03628,GST,18,1096.59,3706.0,49,Payroll & Compliance Services,998223,8906891583365
Managed Advance Tax Calculation & Advisory - One-Time Analysis,TAX-03629,GST,18,731.51,2484.0,90,Individual Tax Preparation,998232,8909148719290
Retainer Business & Professional ITR-3 / ITR-4 - Presumptive Taxation,TAX-03630,GST,18,1714.95,5598.0,58,Individual Tax Preparation,998232,8905619789681
Turnkey Financial Statement Preparation (P&L/BS) - Private Limited,TAX-03631,GST,18,5966.4,17126.0,59,Accounting & Bookkeeping Services,998222,8909927708665
Dedicated Corporate Income Tax Return (ITR-6) - Complex with Transfer Pricing,TAX-03632,GST,18,28504.47,76246.0,94,Corporate Tax Consulting,998231,8905977673800
Turnkey Corporate Income Tax Return (ITR-6) - Standard,TAX-03633,GST,18,11605.57,26556.0,41,Corporate Tax Consulting,998231,8907339347412
Dedicated GST Annual Return (GSTR-9/9C) - Turnover > 5Cr,TAX-03634,GST,18,14386.91,38415.0,92,Corporate Tax Consulting,998231,8908546052173
Basic Monthly Bookkeeping Retainer - Startup Plan,TAX-03635,GST,18,2566.44,6412.0,66,Accounting & Bookkeeping Services,998222,8908928802295
Express Professional Tax (PT) Compliance - Annual Filing,TAX-03636,GST,18,1414.48,2946.0,76,Payroll & Compliance Services,998223,8908370799190
Monthly GST Return Filing (GSTR 1 & 3B) - Nil Return,TAX-03637,GST,18,958.27,2036.0,46,Corporate Tax Consulting,998231,8903449197470
Managed NRI Tax Advisory & Filing - DTAA Benefit Filing,TAX-03638,GST,18,2257.36,6896.0,30,Individual Tax Preparation,998232,8904985963436
Advanced End-to-End Payroll Processing - Upto 150 Employees,TAX-03639,GST,18,4511.17,15339.0,90,Payroll & Compliance Services,998223,8906724089628
Basic GST Registration & Advisory - Standard Business,TAX-03640,GST,18,1822.39,3921.0,60,Corporate Tax Consulting,998231,8906701918717
Dedicated Statutory Audit Services - Medium Enterprise,TAX-03641,GST,18,50635.96,144738.0,86,Financial Auditing Services,998221,8902071898022
Retainer Internal Audit & Risk Assessment - Quarterly,TAX-03642,GST,18,16812.6,43652.0,50,Financial Auditing Services,998221,8900346117341
Advanced Corporate Income Tax Return (ITR-6) - Standard,TAX-03643,GST,18,7346.84,25096.0,56,Corporate Tax Consulting,998231,8904512335591
Dedicated Corporate Income Tax Return (ITR-6) - Standard,TAX-03644,GST,18,10807.28,28199.0,13,Corporate Tax Consulting,998231,8903633864865
Advanced Statutory Audit Services - Medium Enterprise,TAX-03645,GST,18,46765.27,116369.0,50,Financial Auditing Services,998221,8900191653647
Express Forensic Audit & Fraud Investigation - Detailed Investigation,TAX-03646,GST,18,63104.11,202700.0,96,Financial Auditing Services,998221,8907781341452
Turnkey TDS & TCS Return Filing - Form 27Q,TAX-03647,GST,18,1140.83,3281.0,97,Payroll & Compliance Services,998223,8905350904351
Turnkey NRI Tax Advisory & Filing - Standard Consultation,TAX-03648,GST,18,3503.62,10153.0,86,Individual Tax Preparation,998232,8904651327100
Turnkey End-to-End Payroll Processing - Upto 20 Employees,TAX-03649,GST,18,3389.91,11830.0,45,Payroll & Compliance Services,998223,8903847098192
Express Tax Audit (U/s 44AB) - Individual/HUF,TAX-03650,GST,18,4937.49,12713.0,37,Financial Auditing Services,998221,8903923625932
Managed Advance Tax Calculation & Advisory - One-Time Analysis,TAX-03651,GST,18,1076.81,2347.0,98,Individual Tax Preparation,998232,8909249128300
Retainer Monthly GST Return Filing (GSTR 1 & 3B) - Nil Return,TAX-03652,GST,18,664.86,1541.0,93,Corporate Tax Consulting,998231,8909245167917
GST Annual Return (GSTR-9/9C) - Turnover < 2Cr,TAX-03653,GST,18,6540.32,17365.0,72,Corporate Tax Consulting,998231,8909117292335
Basic Individual ITR-1 / ITR-2 Filing - Salaried Single Form 16,TAX-03654,GST,18,415.83,883.0,57,Individual Tax Preparation,998232,8903562872450
Advanced End-to-End Payroll Processing - Upto 150 Employees,TAX-03655,GST,18,4806.18,15332.0,95,Payroll & Compliance Services,998223,8907168289821
Advanced Business & Professional ITR-3 / ITR-4 - Regular Accounts,TAX-03656,GST,18,1993.69,4469.0,22,Individual Tax Preparation,998232,8906362970386
Comprehensive Professional Tax (PT) Compliance - Registration,TAX-03657,GST,18,1432.54,3214.0,27,Payroll & Compliance Services,998223,8902426378368
Advanced Internal Audit & Risk Assessment - Half-Yearly,TAX-03658,GST,18,13559.0,34081.0,27,Financial Auditing Services,998221,8908784759044
Managed Corporate Income Tax Return (ITR-6) - Standard,TAX-03659,GST,18,10895.92,25303.0,44,Corporate Tax Consulting,998231,8901057940652
Express PF & ESI Registration and Returns - Monthly Retainer,TAX-03660,GST,18,2527.03,5540.0,48,Payroll & Compliance Services,998223,8904834519955
Managed Stock & Inventory Audit - Multi-Location,TAX-03661,GST,18,10743.52,34526.0,73,Financial Auditing Services,998221,8902815706625
Turnkey Statutory Audit Services - Corporate Entity,TAX-03662,GST,18,69571.66,158679.0,48,Financial Auditing Services,998221,8903771494872
Comprehensive TDS & TCS Return Filing - Form 27Q,TAX-03663,GST,18,1407.99,3552.0,76,Payroll & Compliance Services,998223,8903056820808
Managed Monthly Bookkeeping Retainer - Enterprise Plan,TAX-03664,GST,18,6832.41,22414.0,86,Accounting & Bookkeeping Services,998222,8908822092521
Comprehensive Stock & Inventory Audit - Multi-Location,TAX-03665,GST,18,12834.28,32320.0,43,Financial Auditing Services,998221,8907913027929
Dedicated Individual ITR-1 / ITR-2 Filing - Salaried Single Form 16,TAX-03666,GST,18,375.15,759.0,96,Individual Tax Preparation,998232,8902279825799
Express Business & Professional ITR-3 / ITR-4 - Regular Accounts,TAX-03667,GST,18,1658.2,5155.0,42,Individual Tax Preparation,998232,8903260322408
Forensic Audit & Fraud Investigation - Detailed Investigation,TAX-03668,GST,18,69467.29,163211.0,78,Financial Auditing Services,998221,8901715068524
Express GST Registration & Advisory - E-commerce/Multi-State,TAX-03669,GST,18,1316.08,3964.0,79,Corporate Tax Consulting,998231,8905151228660
Advanced Stock & Inventory Audit - Multi-Location,TAX-03670,GST,18,11606.55,39201.0,23,Financial Auditing Services,998221,8907159036487
Dedicated Financial Statement Preparation (P&L/BS) - Proprietorship,TAX-03671,GST,18,5184.19,16603.0,12,Accounting & Bookkeeping Services,998222,8901259968483
Express PF & ESI Registration and Returns - Monthly Retainer,TAX-03672,GST,18,2504.97,7594.0,79,Payroll & Compliance Services,998223,8906715429599
Express Professional Tax (PT) Compliance - Registration,TAX-03673,GST,18,790.76,2378.0,93,Payroll & Compliance Services,998223,8907007191035
Basic Cloud Accounting Setup (Tally/Zoho) - Advanced Integration,TAX-03674,GST,18,5114.25,15016.0,24,Accounting & Bookkeeping Services,998222,8907234051558
Basic Advance Tax Calculation & Advisory - One-Time Analysis,TAX-03675,GST,18,1116.69,2418.0,94,Individual Tax Preparation,998232,8904387061154
Retainer Monthly Bookkeeping Retainer - Startup Plan,TAX-03676,GST,18,3220.39,9439.0,53,Accounting & Bookkeeping Services,998222,8909491926595
Basic Forensic Audit & Fraud Investigation - Basic Assessment,TAX-03677,GST,18,18512.31,47854.0,49,Financial Auditing Services,998221,8908143137400
Standard Stock & Inventory Audit - Single Location,TAX-03678,GST,18,12085.49,24258.0,62,Financial Auditing Services,998221,8903822443265
TDS & TCS Return Filing - Form 24Q,TAX-03679,GST,18,1258.99,3699.0,74,Payroll & Compliance Services,998223,8901978551791
Turnkey TDS & TCS Return Filing - Form 24Q,TAX-03680,GST,18,1136.68,3813.0,15,Payroll & Compliance Services,998223,8903459489304
Retainer NRI Tax Advisory & Filing - Standard Consultation,TAX-03681,GST,18,1985.44,6587.0,14,Individual Tax Preparation,998232,8900695698198
Standard Cloud Accounting Setup (Tally/Zoho) - Basic Setup,TAX-03682,GST,18,2493.71,7191.0,31,Accounting & Bookkeeping Services,998222,8906640307505
Advanced Individual ITR-1 / ITR-2 Filing - Multiple Form 16 + Capital Gains,TAX-03683,GST,18,559.14,1215.0,58,Individual Tax Preparation,998232,8907109179651
Comprehensive Tax Audit (U/s 44AB) - Company,TAX-03684,GST,18,8940.17,18222.0,58,Financial Auditing Services,998221,8905374945583
Retainer Business & Professional ITR-3 / ITR-4 - Presumptive Taxation,TAX-03685,GST,18,1354.43,4420.0,65,Individual Tax Preparation,998232,8906549347812
Premium ROC Annual Compliance Filing - AOC-4 & MGT-7,TAX-03686,GST,18,3668.73,12414.0,90,Corporate Tax Consulting,998231,8908632019703
Managed Forensic Audit & Fraud Investigation - Basic Assessment,TAX-03687,GST,18,25594.78,56126.0,32,Financial Auditing Services,998221,8905588119127
Dedicated GST Annual Return (GSTR-9/9C) - Turnover < 2Cr,TAX-03688,GST,18,6523.49,18385.0,67,Corporate Tax Consulting,998231,8908442467600
Express PF & ESI Registration and Returns - Annual Package,TAX-03689,GST,18,2342.81,6131.0,73,Payroll & Compliance Services,998223,8901254458479
Turnkey End-to-End Payroll Processing - Upto 150 Employees,TAX-03690,GST,18,5234.8,14974.0,88,Payroll & Compliance Services,998223,8900140905444
Advance Tax Calculation & Advisory - Quarterly Retainer,TAX-03691,GST,18,915.19,2344.0,24,Individual Tax Preparation,998232,8906538973907
Managed GST Annual Return (GSTR-9/9C) - Turnover > 5Cr,TAX-03692,GST,18,16469.19,36687.0,42,Corporate Tax Consulting,998231,8904203157997
Retainer Forensic Audit & Fraud Investigation - Detailed Investigation,TAX-03693,GST,18,47632.93,166570.0,45,Financial Auditing Services,998221,8905077836350
Standard Advance Tax Calculation & Advisory - Quarterly Retainer,TAX-03694,GST,18,621.9,2169.0,68,Individual Tax Preparation,998232,8901662393526
Statutory Audit Services - Medium Enterprise,TAX-03695,GST,18,70742.87,159886.0,63,Financial Auditing Services,998221,8905581326135
Premium PF & ESI Registration and Returns - Annual Package,TAX-03696,GST,18,1449.9,5047.0,80,Payroll & Compliance Services,998223,8902332002530
Advanced Professional Tax (PT) Compliance - Annual Filing,TAX-03697,GST,18,754.18,2021.0,79,Payroll & Compliance Services,998223,8905331156483
Retainer Professional Tax (PT) Compliance - Registration,TAX-03698,GST,18,1236.24,3102.0,97,Payroll & Compliance Services,998223,8901848336492
Express Tax Audit (U/s 44AB) - Individual/HUF,TAX-03699,GST,18,5936.13,15112.0,76,Financial Auditing Services,998221,8907166393032
Retainer Monthly Bookkeeping Retainer - SME Plan,TAX-03700,GST,18,3339.78,9252.0,69,Accounting & Bookkeeping Services,998222,8900182155741
Comprehensive Bank Reconciliation Services - Monthly,TAX-03701,GST,18,1511.06,4260.0,98,Accounting & Bookkeeping Services,998222,8903401791944
Turnkey TDS & TCS Return Filing - Form 26Q,TAX-03702,GST,18,1205.81,4090.0,58,Payroll & Compliance Services,998223,8902536711712
Dedicated Internal Audit & Risk Assessment - Half-Yearly,TAX-03703,GST,18,16841.96,45799.0,44,Financial Auditing Services,998221,8901756592300
Comprehensive Cloud Accounting Setup (Tally/Zoho) - Advanced Integration,TAX-03704,GST,18,3005.33,10374.0,67,Accounting & Bookkeeping Services,998222,8901664333519
Standard Advance Tax Calculation & Advisory - Quarterly Retainer,TAX-03705,GST,18,673.1,1666.0,88,Individual Tax Preparation,998232,8902709930676
PF & ESI Registration and Returns - Monthly Retainer,TAX-03706,GST,18,2511.48,7654.0,24,Payroll & Compliance Services,998223,8901731010910
Premium Professional Tax (PT) Compliance - Registration,TAX-03707,GST,18,1327.83,3026.0,15,Payroll & Compliance Services,998223,8904956686510
Basic Virtual CFO Services - Dedicated (40 hours),TAX-03708,GST,18,37939.83,111898.0,27,Accounting & Bookkeeping Services,998222,8907839290253
Retainer Bank Reconciliation Services - Annual Cleanup,TAX-03709,GST,18,1623.79,5359.0,12,Accounting & Bookkeeping Services,998222,8907696577654
Express Virtual CFO Services - Dedicated (40 hours),TAX-03710,GST,18,48731.39,137968.0,22,Accounting & Bookkeeping Services,998222,8904631245347
Turnkey End-to-End Payroll Processing - Upto 20 Employees,TAX-03711,GST,18,2955.94,8170.0,96,Payroll & Compliance Services,998223,8907818222344
Managed NRI Tax Advisory & Filing - DTAA Benefit Filing,TAX-03712,GST,18,3183.76,9556.0,48,Individual Tax Preparation,998232,8908485694451
PF & ESI Registration and Returns - Monthly Retainer,TAX-03713,GST,18,2670.69,5904.0,85,Payroll & Compliance Services,998223,8901426071339
Retainer Tax Audit (U/s 44AB) - Individual/HUF,TAX-03714,GST,18,4979.98,12972.0,46,Financial Auditing Services,998221,8906123955452
Managed End-to-End Payroll Processing - Upto 20 Employees,TAX-03715,GST,18,2572.44,8864.0,62,Payroll & Compliance Services,998223,8907730978039
Turnkey Business & Professional ITR-3 / ITR-4 - Regular Accounts,TAX-03716,GST,18,2167.44,4858.0,71,Individual Tax Preparation,998232,8905391919382
Dedicated Individual ITR-1 / ITR-2 Filing - Salaried Single Form 16,TAX-03717,GST,18,308.37,726.0,74,Individual Tax Preparation,998232,8904855050681
Standard End-to-End Payroll Processing - Upto 150 Employees,TAX-03718,GST,18,7631.15,16786.0,74,Payroll & Compliance Services,998223,8905662176272
Advanced PF & ESI Registration and Returns - Monthly Retainer,TAX-03719,GST,18,2204.1,5607.0,54,Payroll & Compliance Services,998223,8901499753014
Basic Professional Tax (PT) Compliance - Registration,TAX-03720,GST,18,1079.7,2680.0,46,Payroll & Compliance Services,998223,8905012221988
Standard End-to-End Payroll Processing - Upto 20 Employees,TAX-03721,GST,18,4153.32,8641.0,55,Payroll & Compliance Services,998223,8909308989309
Premium Cloud Accounting Setup (Tally/Zoho) - Basic Setup,TAX-03722,GST,18,1851.53,6354.0,49,Accounting & Bookkeeping Services,998222,8901766970683
Turnkey Business & Professional ITR-3 / ITR-4 - Presumptive Taxation,TAX-03723,GST,18,1942.71,5192.0,17,Individual Tax Preparation,998232,8900097735496
Express Bank Reconciliation Services - Annual Cleanup,TAX-03724,GST,18,1862.04,4046.0,21,Accounting & Bookkeeping Services,998222,8903553012534
Advanced Financial Statement Preparation (P&L/BS) - LLP,TAX-03725,GST,18,5193.18,14916.0,69,Accounting & Bookkeeping Services,998222,8900675644031
Standard PF & ESI Registration and Returns - Monthly Retainer,TAX-03726,GST,18,1624.87,5022.0,52,Payroll & Compliance Services,998223,8907205553216
Dedicated NRI Tax Advisory & Filing - DTAA Benefit Filing,TAX-03727,GST,18,2480.57,6403.0,86,Individual Tax Preparation,998232,8904505836072
Express Virtual CFO Services - Dedicated (40 hours),TAX-03728,GST,18,34155.03,117537.0,84,Accounting & Bookkeeping Services,998222,8902886689801
Comprehensive Forensic Audit & Fraud Investigation - Detailed Investigation,TAX-03729,GST,18,87749.24,213024.0,49,Financial Auditing Services,998221,8903052361416
Managed Financial Statement Preparation (P&L/BS) - Proprietorship,TAX-03730,GST,18,6114.97,16785.0,43,Accounting & Bookkeeping Services,998222,8902005029407
Managed Business & Professional ITR-3 / ITR-4 - Regular Accounts,TAX-03731,GST,18,1896.78,5252.0,20,Individual Tax Preparation,998232,8900485915905
Retainer PF & ESI Registration and Returns - Annual Package,TAX-03732,GST,18,2539.81,7071.0,91,Payroll & Compliance Services,998223,8900414714088
Standard GST Annual Return (GSTR-9/9C) - Turnover > 5Cr,TAX-03733,GST,18,10569.5,36061.0,88,Corporate Tax Consulting,998231,8909229137901
ROC Annual Compliance Filing - Fast Track Strike Off,TAX-03734,GST,18,3176.68,9683.0,61,Corporate Tax Consulting,998231,8903309947914
Express Tax Audit (U/s 44AB) - Company,TAX-03735,GST,18,3903.18,13395.0,74,Financial Auditing Services,998221,8904276774165
Turnkey Financial Statement Preparation (P&L/BS) - Private Limited,TAX-03736,GST,18,5568.24,17512.0,66,Accounting & Bookkeeping Services,998222,8908563716436
Turnkey Statutory Audit Services - Small Business,TAX-03737,GST,18,14128.0,36077.0,57,Financial Auditing Services,998221,8902417168747
Turnkey Business & Professional ITR-3 / ITR-4 - Regular Accounts,TAX-03738,GST,18,2090.22,5036.0,36,Individual Tax Preparation,998232,8902510110288
Express Monthly Bookkeeping Retainer - SME Plan,TAX-03739,GST,18,4315.16,9068.0,19,Accounting & Bookkeeping Services,998222,8900112017474
Individual ITR-1 / ITR-2 Filing - Multiple Form 16 + Capital Gains,TAX-03740,GST,18,586.22,1556.0,85,Individual Tax Preparation,998232,8904238021245
Managed Business & Professional ITR-3 / ITR-4 - Regular Accounts,TAX-03741,GST,18,1912.87,5286.0,13,Individual Tax Preparation,998232,8907092785743
Dedicated Corporate Income Tax Return (ITR-6) - Standard,TAX-03742,GST,18,7770.77,23431.0,96,Corporate Tax Consulting,998231,8907026915466
Premium ROC Annual Compliance Filing - AOC-4 & MGT-7,TAX-03743,GST,18,4101.35,12503.0,83,Corporate Tax Consulting,998231,8907223187086
Advanced Cloud Accounting Setup (Tally/Zoho) - Advanced Integration,TAX-03744,GST,18,4072.74,11702.0,56,Accounting & Bookkeeping Services,998222,8900829038569
Retainer Individual ITR-1 / ITR-2 Filing - Salaried Single Form 16,TAX-03745,GST,18,427.38,856.0,29,Individual Tax Preparation,998232,8907836268494
Express Tax Audit (U/s 44AB) - Partnership Firm,TAX-03746,GST,18,5109.65,12414.0,51,Financial Auditing Services,998221,8901537926060
Business & Professional ITR-3 / ITR-4 - Presumptive Taxation,TAX-03747,GST,18,2362.34,4765.0,97,Individual Tax Preparation,998232,8900029780678
Dedicated Bank Reconciliation Services - Annual Cleanup,TAX-03748,GST,18,2421.66,5579.0,88,Accounting & Bookkeeping Services,998222,8902222128816
Dedicated Individual ITR-1 / ITR-2 Filing - Salaried Single Form 16,TAX-03749,GST,18,337.26,1089.0,32,Individual Tax Preparation,998232,8902327234424
Retainer Forensic Audit & Fraud Investigation - Basic Assessment,TAX-03750,GST,18,15620.46,43543.0,92,Financial Auditing Services,998221,8901489948223
Retainer Cloud Accounting Setup (Tally/Zoho) - Basic Setup,TAX-03751,GST,18,3728.93,9142.0,60,Accounting & Bookkeeping Services,998222,8901999710818
Standard Monthly GST Return Filing (GSTR 1 & 3B) - Nil Return,TAX-03752,GST,18,707.64,1656.0,98,Corporate Tax Consulting,998231,8905214554472
Premium Financial Statement Preparation (P&L/BS) - Proprietorship,TAX-03753,GST,18,5321.6,18550.0,88,Accounting & Bookkeeping Services,998222,8909744225973
Advanced Internal Audit & Risk Assessment - Half-Yearly,TAX-03754,GST,18,13183.35,42302.0,92,Financial Auditing Services,998221,8900837432006
Premium Stock & Inventory Audit - Single Location,TAX-03755,GST,18,8348.83,22391.0,41,Financial Auditing Services,998221,8906675859877
Basic Tax Audit (U/s 44AB) - Partnership Firm,TAX-03756,GST,18,5481.88,13697.0,38,Financial Auditing Services,998221,8908379023894
Express Tax Audit (U/s 44AB) - Partnership Firm,TAX-03757,GST,18,5792.82,17486.0,68,Financial Auditing Services,998221,8906192781207
Advanced Advance Tax Calculation & Advisory - Quarterly Retainer,TAX-03758,GST,18,645.08,2141.0,88,Individual Tax Preparation,998232,8905224275617
Premium Financial Statement Preparation (P&L/BS) - Proprietorship,TAX-03759,GST,18,3842.97,12592.0,98,Accounting & Bookkeeping Services,998222,8900117555677
Dedicated Professional Tax (PT) Compliance - Registration,TAX-03760,GST,18,641.7,2140.0,68,Payroll & Compliance Services,998223,8904449989071
Retainer GST Annual Return (GSTR-9/9C) - Turnover > 5Cr,TAX-03761,GST,18,15060.05,46804.0,75,Corporate Tax Consulting,998231,8900302492300
Advanced Business & Professional ITR-3 / ITR-4 - Presumptive Taxation,TAX-03762,GST,18,1382.42,3871.0,25,Individual Tax Preparation,998232,8905503930380
Basic Bank Reconciliation Services - Annual Cleanup,TAX-03763,GST,18,1260.65,4264.0,66,Accounting & Bookkeeping Services,998222,8903129504888
Dedicated Stock & Inventory Audit - Multi-Location,TAX-03764,GST,18,11188.01,38973.0,69,Financial Auditing Services,998221,8903229278099
Virtual CFO Services - Part-time (20 hours),TAX-03765,GST,18,23227.17,65251.0,36,Accounting & Bookkeeping Services,998222,8909106204678
Basic Monthly GST Return Filing (GSTR 1 & 3B) - Nil Return,TAX-03766,GST,18,588.58,1929.0,84,Corporate Tax Consulting,998231,8901948670769
Advanced Advance Tax Calculation & Advisory - One-Time Analysis,TAX-03767,GST,18,842.04,2425.0,25,Individual Tax Preparation,998232,8908510154272
Basic TDS & TCS Return Filing - Form 26Q,TAX-03768,GST,18,1312.15,2826.0,74,Payroll & Compliance Services,998223,8900872584230
Comprehensive Cloud Accounting Setup (Tally/Zoho) - Advanced Integration,TAX-03769,GST,18,3723.48,12509.0,57,Accounting & Bookkeeping Services,998222,8902152723114
Turnkey Bank Reconciliation Services - Monthly,TAX-03770,GST,18,1504.79,4959.0,79,Accounting & Bookkeeping Services,998222,8902677597277
Turnkey GST Registration & Advisory - E-commerce/Multi-State,TAX-03771,GST,18,1603.13,3660.0,48,Corporate Tax Consulting,998231,8906574096834
Standard Advance Tax Calculation & Advisory - One-Time Analysis,TAX-03772,GST,18,832.3,2027.0,61,Individual Tax Preparation,998232,8902929177360
Retainer PF & ESI Registration and Returns - Monthly Retainer,TAX-03773,GST,18,3538.39,7530.0,11,Payroll & Compliance Services,998223,8900077831826
Advanced Financial Statement Preparation (P&L/BS) - LLP,TAX-03774,GST,18,4459.09,12530.0,96,Accounting & Bookkeeping Services,998222,8900322508193
Comprehensive Virtual CFO Services - Part-time (20 hours),TAX-03775,GST,18,18797.15,62242.0,93,Accounting & Bookkeeping Services,998222,8904545447278
Advanced ROC Annual Compliance Filing - AOC-4 & MGT-7,TAX-03776,GST,18,4251.47,11296.0,96,Corporate Tax Consulting,998231,8907174066867
Premium NRI Tax Advisory & Filing - Standard Consultation,TAX-03777,GST,18,3558.67,9124.0,37,Individual Tax Preparation,998232,8907698237618
Premium Bank Reconciliation Services - Monthly,TAX-03778,GST,18,1931.08,5362.0,73,Accounting & Bookkeeping Services,998222,8909091281212
Retainer Monthly GST Return Filing (GSTR 1 & 3B) - Standard B2B/B2C,TAX-03779,GST,18,968.13,2567.0,19,Corporate Tax Consulting,998231,8900262251933
Retainer Professional Tax (PT) Compliance - Registration,TAX-03780,GST,18,1265.23,3082.0,72,Payroll & Compliance Services,998223,8902828401252
Basic Statutory Audit Services - Medium Enterprise,TAX-03781,GST,18,39257.06,111638.0,18,Financial Auditing Services,998221,8908281247966
Premium GST Annual Return (GSTR-9/9C) - Turnover < 2Cr,TAX-03782,GST,18,6264.78,13446.0,31,Corporate Tax Consulting,998231,8909409937513
Retainer GST Annual Return (GSTR-9/9C) - Turnover > 5Cr,TAX-03783,GST,18,10339.54,32106.0,23,Corporate Tax Consulting,998231,8909679918451
Retainer Business & Professional ITR-3 / ITR-4 - Presumptive Taxation,TAX-03784,GST,18,2169.68,5224.0,89,Individual Tax Preparation,998232,8906538519405
ROC Annual Compliance Filing - Fast Track Strike Off,TAX-03785,GST,18,3639.55,11682.0,84,Corporate Tax Consulting,998231,8903401075287
Comprehensive Advance Tax Calculation & Advisory - Quarterly Retainer,TAX-03786,GST,18,739.23,2464.0,70,Individual Tax Preparation,998232,8905022593122
Advanced Monthly GST Return Filing (GSTR 1 & 3B) - Standard B2B/B2C,TAX-03787,GST,18,1233.35,3720.0,82,Corporate Tax Consulting,998231,8905503079582
Managed TDS & TCS Return Filing - Form 26Q,TAX-03788,GST,18,2020.91,4492.0,89,Payroll & Compliance Services,998223,8906778390751
Premium Monthly GST Return Filing (GSTR 1 & 3B) - High Volume,TAX-03789,GST,18,3302.62,7502.0,71,Corporate Tax Consulting,998231,8909409907372
Managed Virtual CFO Services - Part-time (20 hours),TAX-03790,GST,18,21329.21,59705.0,37,Accounting & Bookkeeping Services,998222,8906145440291
Dedicated NRI Tax Advisory & Filing - DTAA Benefit Filing,TAX-03791,GST,18,1997.14,6477.0,76,Individual Tax Preparation,998232,8904841492283
Comprehensive Professional Tax (PT) Compliance - Registration,TAX-03792,GST,18,750.5,2169.0,55,Payroll & Compliance Services,998223,8901174863693
Retainer Individual ITR-1 / ITR-2 Filing - Multiple Form 16 + Capital Gains,TAX-03793,GST,18,403.44,1390.0,70,Individual Tax Preparation,998232,8900435175931
Standard Monthly GST Return Filing (GSTR 1 & 3B) - Standard B2B/B2C,TAX-03794,GST,18,1814.59,3720.0,96,Corporate Tax Consulting,998231,8904563147961
Premium Financial Statement Preparation (P&L/BS) - Private Limited,TAX-03795,GST,18,5202.47,15957.0,87,Accounting & Bookkeeping Services,998222,8907558537997
Turnkey Individual ITR-1 / ITR-2 Filing - Multiple Form 16 + Capital Gains,TAX-03796,GST,18,768.14,1586.0,61,Individual Tax Preparation,998232,8905119888744
Standard Monthly GST Return Filing (GSTR 1 & 3B) - Nil Return,TAX-03797,GST,18,696.93,1867.0,75,Corporate Tax Consulting,998231,8905457477060
Retainer NRI Tax Advisory & Filing - DTAA Benefit Filing,TAX-03798,GST,18,3090.76,9287.0,49,Individual Tax Preparation,998232,8908564327541
Dedicated Tax Audit (U/s 44AB) - Partnership Firm,TAX-03799,GST,18,4896.84,13128.0,20,Financial Auditing Services,998221,8905626699818
Managed Tax Audit (U/s 44AB) - Individual/HUF,TAX-03800,GST,18,6732.88,19403.0,13,Financial Auditing Services,998221,8900854631646
Forensic Audit & Fraud Investigation - Detailed Investigation,TAX-03801,GST,18,60249.9,190907.0,30,Financial Auditing Services,998221,8903755838833
Express Monthly Bookkeeping Retainer - SME Plan,TAX-03802,GST,18,3313.62,7396.0,46,Accounting & Bookkeeping Services,998222,8908592820666
Managed PF & ESI Registration and Returns - Annual Package,TAX-03803,GST,18,1965.52,6632.0,21,Payroll & Compliance Services,998223,8900900281000
Turnkey Cloud Accounting Setup (Tally/Zoho) - Advanced Integration,TAX-03804,GST,18,5646.7,12056.0,81,Accounting & Bookkeeping Services,998222,8900886449916
Managed Financial Statement Preparation (P&L/BS) - LLP,TAX-03805,GST,18,7081.91,17836.0,28,Accounting & Bookkeeping Services,998222,8909425012291
Basic PF & ESI Registration and Returns - Annual Package,TAX-03806,GST,18,1772.93,6170.0,30,Payroll & Compliance Services,998223,8907197661624
Basic Virtual CFO Services - Part-time (20 hours),TAX-03807,GST,18,29534.61,63916.0,95,Accounting & Bookkeeping Services,998222,8900701774460
Retainer Business & Professional ITR-3 / ITR-4 - Regular Accounts,TAX-03808,GST,18,2355.3,5648.0,24,Individual Tax Preparation,998232,8907507831233
Basic Tax Audit (U/s 44AB) - Company,TAX-03809,GST,18,5111.0,14045.0,32,Financial Auditing Services,998221,8901741037514
Retainer Forensic Audit & Fraud Investigation - Detailed Investigation,TAX-03810,GST,18,89293.9,233283.0,59,Financial Auditing Services,998221,8908982397327
Comprehensive Advance Tax Calculation & Advisory - Quarterly Retainer,TAX-03811,GST,18,990.63,2412.0,89,Individual Tax Preparation,998232,8906355501219
Individual ITR-1 / ITR-2 Filing - Multiple Form 16 + Capital Gains,TAX-03812,GST,18,569.93,1644.0,26,Individual Tax Preparation,998232,8905359530196
Managed TDS & TCS Return Filing - Form 27Q,TAX-03813,GST,18,910.46,2902.0,89,Payroll & Compliance Services,998223,8904459914521
Internal Audit & Risk Assessment - Quarterly,TAX-03814,GST,18,17131.4,47224.0,95,Financial Auditing Services,998221,8907071360421
Premium Monthly Bookkeeping Retainer - Startup Plan,TAX-03815,GST,18,2683.14,7545.0,87,Accounting & Bookkeeping Services,998222,8907521008486
Dedicated TDS & TCS Return Filing - Form 24Q,TAX-03816,GST,18,1596.49,3986.0,65,Payroll & Compliance Services,998223,8908622290544
Premium Forensic Audit & Fraud Investigation - Basic Assessment,TAX-03817,GST,18,14190.86,46733.0,73,Financial Auditing Services,998221,8903929369070
Comprehensive Corporate Income Tax Return (ITR-6) - Complex with Transfer Pricing,TAX-03818,GST,18,28917.97,72342.0,77,Corporate Tax Consulting,998231,8903895175204
Premium GST Annual Return (GSTR-9/9C) - Turnover < 2Cr,TAX-03819,GST,18,6234.43,14296.0,10,Corporate Tax Consulting,998231,8907627325538
Advanced Financial Statement Preparation (P&L/BS) - LLP,TAX-03820,GST,18,5792.43,13620.0,99,Accounting & Bookkeeping Services,998222,8906225063483
Monthly GST Return Filing (GSTR 1 & 3B) - High Volume,TAX-03821,GST,18,2624.83,8775.0,39,Corporate Tax Consulting,998231,8900146467503
Advanced Individual ITR-1 / ITR-2 Filing - Multiple Form 16 + Capital Gains,TAX-03822,GST,18,880.79,1874.0,50,Individual Tax Preparation,998232,8902039710104
Premium PF & ESI Registration and Returns - Monthly Retainer,TAX-03823,GST,18,2853.0,5891.0,79,Payroll & Compliance Services,998223,8900993409600
Retainer Advance Tax Calculation & Advisory - One-Time Analysis,TAX-03824,GST,18,678.11,1892.0,57,Individual Tax Preparation,998232,8905842252776
Dedicated NRI Tax Advisory & Filing - DTAA Benefit Filing,TAX-03825,GST,18,2965.59,7865.0,47,Individual Tax Preparation,998232,8904292775019
Comprehensive Cloud Accounting Setup (Tally/Zoho) - Advanced Integration,TAX-03826,GST,18,4277.92,13848.0,49,Accounting & Bookkeeping Services,998222,8909422216609
Retainer PF & ESI Registration and Returns - Monthly Retainer,TAX-03827,GST,18,2072.02,7176.0,87,Payroll & Compliance Services,998223,8908714203577
Standard ROC Annual Compliance Filing - AOC-4 & MGT-7,TAX-03828,GST,18,5135.15,10661.0,85,Corporate Tax Consulting,998231,8903863623175
Managed PF & ESI Registration and Returns - Monthly Retainer,TAX-03829,GST,18,2207.39,5400.0,71,Payroll & Compliance Services,998223,8907630658582
Advanced GST Annual Return (GSTR-9/9C) - Turnover > 5Cr,TAX-03830,GST,18,16072.81,47321.0,59,Corporate Tax Consulting,998231,8909915897303
Retainer ROC Annual Compliance Filing - Fast Track Strike Off,TAX-03831,GST,18,4493.45,15186.0,95,Corporate Tax Consulting,998231,8904298368761
Dedicated Individual ITR-1 / ITR-2 Filing - Multiple Form 16 + Capital Gains,TAX-03832,GST,18,469.59,1218.0,22,Individual Tax Preparation,998232,8905551074981
Standard Advance Tax Calculation & Advisory - One-Time Analysis,TAX-03833,GST,18,595.29,1686.0,87,Individual Tax Preparation,998232,8900171872970
Retainer Internal Audit & Risk Assessment - Half-Yearly,TAX-03834,GST,18,16676.21,36276.0,61,Financial Auditing Services,998221,8902420605116
Express Advance Tax Calculation & Advisory - One-Time Analysis,TAX-03835,GST,18,671.67,1611.0,52,Individual Tax Preparation,998232,8902682194719
Basic Internal Audit & Risk Assessment - Annual,TAX-03836,GST,18,11591.12,35462.0,14,Financial Auditing Services,998221,8907325759212
Advanced Monthly Bookkeeping Retainer - Startup Plan,TAX-03837,GST,18,2964.29,8435.0,91,Accounting & Bookkeeping Services,998222,8900564317210
Standard Professional Tax (PT) Compliance - Registration,TAX-03838,GST,18,1071.92,2988.0,59,Payroll & Compliance Services,998223,8907019878350
Dedicated TDS & TCS Return Filing - Form 26Q,TAX-03839,GST,18,1794.93,3884.0,23,Payroll & Compliance Services,998223,8903125470997
Basic Bank Reconciliation Services - Monthly,TAX-03840,GST,18,1497.03,4895.0,12,Accounting & Bookkeeping Services,998222,8905407647186
Basic Virtual CFO Services - Dedicated (40 hours),TAX-03841,GST,18,35746.47,108488.0,34,Accounting & Bookkeeping Services,998222,8901453948072
Dedicated Forensic Audit & Fraud Investigation - Detailed Investigation,TAX-03842,GST,18,81613.21,226644.0,52,Financial Auditing Services,998221,8908402227760
Premium Monthly Bookkeeping Retainer - Enterprise Plan,TAX-03843,GST,18,7634.31,20236.0,72,Accounting & Bookkeeping Services,998222,8902527934445
Turnkey Stock & Inventory Audit - Single Location,TAX-03844,GST,18,8341.58,20401.0,28,Financial Auditing Services,998221,8901083063443
GST Registration & Advisory - Standard Business,TAX-03845,GST,18,2142.35,5108.0,52,Corporate Tax Consulting,998231,8907542373534
Advanced Advance Tax Calculation & Advisory - Quarterly Retainer,TAX-03846,GST,18,983.61,2586.0,89,Individual Tax Preparation,998232,8908322535022
GST Annual Return (GSTR-9/9C) - Turnover > 5Cr,TAX-03847,GST,18,13042.97,37416.0,34,Corporate Tax Consulting,998231,8903847137058
Comprehensive GST Annual Return (GSTR-9/9C) - Turnover > 5Cr,TAX-03848,GST,18,10383.64,33050.0,97,Corporate Tax Consulting,998231,8902004023420
Cloud Accounting Setup (Tally/Zoho) - Advanced Integration,TAX-03849,GST,18,4430.05,10865.0,36,Accounting & Bookkeeping Services,998222,8905002156383
Express GST Annual Return (GSTR-9/9C) - Turnover > 5Cr,TAX-03850,GST,18,11249.5,35247.0,62,Corporate Tax Consulting,998231,8905869491997
Basic NRI Tax Advisory & Filing - Standard Consultation,TAX-03851,GST,18,2762.65,9239.0,47,Individual Tax Preparation,998232,8905532967737
Retainer TDS & TCS Return Filing - Form 24Q,TAX-03852,GST,18,1149.09,3166.0,79,Payroll & Compliance Services,998223,8908616663342
Standard Individual ITR-1 / ITR-2 Filing - Salaried Single Form 16,TAX-03853,GST,18,281.85,873.0,58,Individual Tax Preparation,998232,8908249770549
Statutory Audit Services - Corporate Entity,TAX-03854,GST,18,56799.03,116291.0,64,Financial Auditing Services,998221,8905476512674
Dedicated Individual ITR-1 / ITR-2 Filing - Multiple Form 16 + Capital Gains,TAX-03855,GST,18,714.73,1803.0,35,Individual Tax Preparation,998232,8908345629334
Dedicated NRI Tax Advisory & Filing - DTAA Benefit Filing,TAX-03856,GST,18,2249.08,6834.0,29,Individual Tax Preparation,998232,8902309476059
Dedicated GST Annual Return (GSTR-9/9C) - Turnover > 5Cr,TAX-03857,GST,18,16066.48,42562.0,31,Corporate Tax Consulting,998231,8904983344146
Express ROC Annual Compliance Filing - Fast Track Strike Off,TAX-03858,GST,18,4423.03,13992.0,75,Corporate Tax Consulting,998231,8909252914937
Express Bank Reconciliation Services - Monthly,TAX-03859,GST,18,1210.91,4119.0,20,Accounting & Bookkeeping Services,998222,8901686744786
Comprehensive Advance Tax Calculation & Advisory - Quarterly Retainer,TAX-03860,GST,18,765.17,1603.0,21,Individual Tax Preparation,998232,8901694418269
GST Registration & Advisory - E-commerce/Multi-State,TAX-03861,GST,18,1717.3,3728.0,39,Corporate Tax Consulting,998231,8909874054191
NRI Tax Advisory & Filing - DTAA Benefit Filing,TAX-03862,GST,18,2921.91,9554.0,71,Individual Tax Preparation,998232,8904261422740
Comprehensive TDS & TCS Return Filing - Form 24Q,TAX-03863,GST,18,1529.55,4261.0,52,Payroll & Compliance Services,998223,8908937081035
Standard Corporate Income Tax Return (ITR-6) - Standard,TAX-03864,GST,18,7765.44,26957.0,14,Corporate Tax Consulting,998231,8900492460128
TDS & TCS Return Filing - Form 27Q,TAX-03865,GST,18,1229.14,3797.0,91,Payroll & Compliance Services,998223,8907263150810
Managed Advance Tax Calculation & Advisory - One-Time Analysis,TAX-03866,GST,18,1015.88,2441.0,96,Individual Tax Preparation,998232,8902957903540
Corporate Income Tax Return (ITR-6) - Standard,TAX-03867,GST,18,11401.34,26603.0,56,Corporate Tax Consulting,998231,8909848876918
Standard Corporate Income Tax Return (ITR-6) - Complex with Transfer Pricing,TAX-03868,GST,18,38175.27,80959.0,40,Corporate Tax Consulting,998231,8904960593706
Basic Financial Statement Preparation (P&L/BS) - Proprietorship,TAX-03869,GST,18,5607.19,14506.0,36,Accounting & Bookkeeping Services,998222,8906113887057
Express Forensic Audit & Fraud Investigation - Basic Assessment,TAX-03870,GST,18,18412.78,50566.0,57,Financial Auditing Services,998221,8904870096461
Retainer Professional Tax (PT) Compliance - Annual Filing,TAX-03871,GST,18,718.97,2306.0,75,Payroll & Compliance Services,998223,8905601668586
Basic GST Annual Return (GSTR-9/9C) - Turnover > 5Cr,TAX-03872,GST,18,17781.89,43750.0,67,Corporate Tax Consulting,998231,8905393036199
Turnkey Business & Professional ITR-3 / ITR-4 - Presumptive Taxation,TAX-03873,GST,18,2211.78,5246.0,79,Individual Tax Preparation,998232,8906157423683
ROC Annual Compliance Filing - AOC-4 & MGT-7,TAX-03874,GST,18,5148.78,10912.0,19,Corporate Tax Consulting,998231,8908658807461
Turnkey Monthly Bookkeeping Retainer - SME Plan,TAX-03875,GST,18,3113.02,7751.0,50,Accounting & Bookkeeping Services,998222,8906636363813
Comprehensive Business & Professional ITR-3 / ITR-4 - Presumptive Taxation,TAX-03876,GST,18,1951.92,4074.0,46,Individual Tax Preparation,998232,8902103799820
Managed Professional Tax (PT) Compliance - Registration,TAX-03877,GST,18,860.91,2904.0,21,Payroll & Compliance Services,998223,8902335793775
Comprehensive Individual ITR-1 / ITR-2 Filing - Salaried Single Form 16,TAX-03878,GST,18,343.22,990.0,97,Individual Tax Preparation,998232,8909292013370
Advanced TDS & TCS Return Filing - Form 26Q,TAX-03879,GST,18,1352.78,4049.0,51,Payroll & Compliance Services,998223,8900749113928
Express Cloud Accounting Setup (Tally/Zoho) - Advanced Integration,TAX-03880,GST,18,4916.5,12135.0,40,Accounting & Bookkeeping Services,998222,8908268313800
Basic Cloud Accounting Setup (Tally/Zoho) - Basic Setup,TAX-03881,GST,18,2901.1,9064.0,35,Accounting & Bookkeeping Services,998222,8906140476194
Professional Tax (PT) Compliance - Registration,TAX-03882,GST,18,1034.27,2900.0,74,Payroll & Compliance Services,998223,8901106994292
Express Cloud Accounting Setup (Tally/Zoho) - Basic Setup,TAX-03883,GST,18,2729.89,7526.0,53,Accounting & Bookkeeping Services,998222,8908932010898
Comprehensive Statutory Audit Services - Medium Enterprise,TAX-03884,GST,18,36996.22,114355.0,28,Financial Auditing Services,998221,8907478301944
Retainer Statutory Audit Services - Corporate Entity,TAX-03885,GST,18,35868.5,112716.0,44,Financial Auditing Services,998221,8904253742494
Retainer Forensic Audit & Fraud Investigation - Detailed Investigation,TAX-03886,GST,18,59649.28,186292.0,15,Financial Auditing Services,998221,8902392831091
Express Professional Tax (PT) Compliance - Registration,TAX-03887,GST,18,1529.34,3083.0,92,Payroll & Compliance Services,998223,8903979234102
Premium PF & ESI Registration and Returns - Annual Package,TAX-03888,GST,18,1902.78,5766.0,36,Payroll & Compliance Services,998223,8901062684418
GST Annual Return (GSTR-9/9C) - Turnover > 5Cr,TAX-03889,GST,18,16207.59,47269.0,21,Corporate Tax Consulting,998231,8907687296204
Dedicated Virtual CFO Services - Dedicated (40 hours),TAX-03890,GST,18,45839.8,129227.0,21,Accounting & Bookkeeping Services,998222,8900141008259
Turnkey Cloud Accounting Setup (Tally/Zoho) - Basic Setup,TAX-03891,GST,18,3220.3,7000.0,62,Accounting & Bookkeeping Services,998222,8908251528800
Dedicated Professional Tax (PT) Compliance - Registration,TAX-03892,GST,18,823.3,2343.0,57,Payroll & Compliance Services,998223,8900849517042
Basic Tax Audit (U/s 44AB) - Partnership Firm,TAX-03893,GST,18,5487.38,18298.0,66,Financial Auditing Services,998221,8908875263228
Basic TDS & TCS Return Filing - Form 24Q,TAX-03894,GST,18,1400.33,3204.0,80,Payroll & Compliance Services,998223,8900210377002
Retainer Cloud Accounting Setup (Tally/Zoho) - Advanced Integration,TAX-03895,GST,18,4181.16,10436.0,13,Accounting & Bookkeeping Services,998222,8906274157088
Premium Cloud Accounting Setup (Tally/Zoho) - Advanced Integration,TAX-03896,GST,18,4349.99,11183.0,49,Accounting & Bookkeeping Services,998222,8903543491892
Dedicated TDS & TCS Return Filing - Form 27Q,TAX-03897,GST,18,1478.48,3592.0,63,Payroll & Compliance Services,998223,8904333040305
Dedicated Individual ITR-1 / ITR-2 Filing - Salaried Single Form 16,TAX-03898,GST,18,292.67,1018.0,40,Individual Tax Preparation,998232,8905062925809
Express NRI Tax Advisory & Filing - Standard Consultation,TAX-03899,GST,18,2863.84,9019.0,40,Individual Tax Preparation,998232,8907333129386
Retainer TDS & TCS Return Filing - Form 26Q,TAX-03900,GST,18,1137.44,3397.0,30,Payroll & Compliance Services,998223,8902080538479
Dedicated Financial Statement Preparation (P&L/BS) - LLP,TAX-03901,GST,18,3799.06,12490.0,45,Accounting & Bookkeeping Services,998222,8906518359146
Standard Internal Audit & Risk Assessment - Quarterly,TAX-03902,GST,18,22612.43,46603.0,68,Financial Auditing Services,998221,8909834007716
Premium Statutory Audit Services - Corporate Entity,TAX-03903,GST,18,42131.74,135101.0,38,Financial Auditing Services,998221,8901734996321
TDS & TCS Return Filing - Form 24Q,TAX-03904,GST,18,1261.8,4132.0,69,Payroll & Compliance Services,998223,8905317528612
Bank Reconciliation Services - Monthly,TAX-03905,GST,18,2770.13,5677.0,50,Accounting & Bookkeeping Services,998222,8909375818350
Retainer Internal Audit & Risk Assessment - Quarterly,TAX-03906,GST,18,13290.21,41459.0,11,Financial Auditing Services,998221,8908975784235
Comprehensive Stock & Inventory Audit - Single Location,TAX-03907,GST,18,9750.27,24046.0,24,Financial Auditing Services,998221,8904928841634
Professional Tax (PT) Compliance - Annual Filing,TAX-03908,GST,18,1201.12,2739.0,92,Payroll & Compliance Services,998223,8909693920551
Advanced Professional Tax (PT) Compliance - Registration,TAX-03909,GST,18,913.61,3016.0,34,Payroll & Compliance Services,998223,8903043494815
Retainer Business & Professional ITR-3 / ITR-4 - Regular Accounts,TAX-03910,GST,18,1912.03,4659.0,40,Individual Tax Preparation,998232,8907314029030
Stock & Inventory Audit - Single Location,TAX-03911,GST,18,10270.36,23962.0,21,Financial Auditing Services,998221,8901140755978
Turnkey Monthly GST Return Filing (GSTR 1 & 3B) - Nil Return,TAX-03912,GST,18,948.49,2256.0,49,Corporate Tax Consulting,998231,8904305344755
Basic Stock & Inventory Audit - Single Location,TAX-03913,GST,18,7716.05,21546.0,78,Financial Auditing Services,998221,8908161371958
Basic Individual ITR-1 / ITR-2 Filing - Multiple Form 16 + Capital Gains,TAX-03914,GST,18,555.52,1793.0,72,Individual Tax Preparation,998232,8901463554284
Basic ROC Annual Compliance Filing - Fast Track Strike Off,TAX-03915,GST,18,4805.52,14165.0,79,Corporate Tax Consulting,998231,8907203238322
Express GST Registration & Advisory - E-commerce/Multi-State,TAX-03916,GST,18,1263.67,4189.0,27,Corporate Tax Consulting,998231,8907402655859
Retainer Bank Reconciliation Services - Annual Cleanup,TAX-03917,GST,18,2809.75,6317.0,41,Accounting & Bookkeeping Services,998222,8901081854805
Tax Audit (U/s 44AB) - Individual/HUF,TAX-03918,GST,18,5177.48,15872.0,70,Financial Auditing Services,998221,8903749099447
Basic Stock & Inventory Audit - Single Location,TAX-03919,GST,18,10949.44,24268.0,14,Financial Auditing Services,998221,8906214613354
Basic Monthly GST Return Filing (GSTR 1 & 3B) - High Volume,TAX-03920,GST,18,3448.49,7770.0,51,Corporate Tax Consulting,998231,8905563481415
Retainer GST Annual Return (GSTR-9/9C) - Turnover < 2Cr,TAX-03921,GST,18,4644.24,12424.0,42,Corporate Tax Consulting,998231,8909223966528
Advanced End-to-End Payroll Processing - Upto 150 Employees,TAX-03922,GST,18,7677.89,15357.0,33,Payroll & Compliance Services,998223,8907457456599
Managed Bank Reconciliation Services - Monthly,TAX-03923,GST,18,2220.11,5074.0,39,Accounting & Bookkeeping Services,998222,8907364353712
Basic Tax Audit (U/s 44AB) - Partnership Firm,TAX-03924,GST,18,5931.86,12398.0,17,Financial Auditing Services,998221,8909583042863
Premium Cloud Accounting Setup (Tally/Zoho) - Basic Setup,TAX-03925,GST,18,2520.42,6398.0,50,Accounting & Bookkeeping Services,998222,8907474493667
Standard Bank Reconciliation Services - Monthly,TAX-03926,GST,18,1798.27,5000.0,48,Accounting & Bookkeeping Services,998222,8900289740939
Advanced Bank Reconciliation Services - Annual Cleanup,TAX-03927,GST,18,1629.91,5189.0,35,Accounting & Bookkeeping Services,998222,8905395621542
Managed Monthly GST Return Filing (GSTR 1 & 3B) - Standard B2B/B2C,TAX-03928,GST,18,1068.7,3668.0,78,Corporate Tax Consulting,998231,8909267013619
Managed Forensic Audit & Fraud Investigation - Detailed Investigation,TAX-03929,GST,18,57050.85,181878.0,25,Financial Auditing Services,998221,8907759414477
Dedicated Monthly Bookkeeping Retainer - SME Plan,TAX-03930,GST,18,3126.16,7302.0,66,Accounting & Bookkeeping Services,998222,8906979162762
PF & ESI Registration and Returns - Annual Package,TAX-03931,GST,18,2401.66,7517.0,38,Payroll & Compliance Services,998223,8900079823389
Basic Forensic Audit & Fraud Investigation - Detailed Investigation,TAX-03932,GST,18,88884.71,226432.0,63,Financial Auditing Services,998221,8903921187816
Express Financial Statement Preparation (P&L/BS) - LLP,TAX-03933,GST,18,6001.86,15945.0,52,Accounting & Bookkeeping Services,998222,8901059734468
Express End-to-End Payroll Processing - Upto 20 Employees,TAX-03934,GST,18,3238.01,9471.0,43,Payroll & Compliance Services,998223,8907929361662
Express Individual ITR-1 / ITR-2 Filing - Multiple Form 16 + Capital Gains,TAX-03935,GST,18,848.52,1866.0,60,Individual Tax Preparation,998232,8908636776396
Comprehensive Monthly GST Return Filing (GSTR 1 & 3B) - Standard B2B/B2C,TAX-03936,GST,18,1195.22,3113.0,12,Corporate Tax Consulting,998231,8907550408413
Standard Business & Professional ITR-3 / ITR-4 - Presumptive Taxation,TAX-03937,GST,18,1514.1,3749.0,29,Individual Tax Preparation,998232,8908207907798
Retainer Advance Tax Calculation & Advisory - Quarterly Retainer,TAX-03938,GST,18,676.74,1774.0,18,Individual Tax Preparation,998232,8906640280280
Cloud Accounting Setup (Tally/Zoho) - Basic Setup,TAX-03939,GST,18,2098.16,6843.0,65,Accounting & Bookkeeping Services,998222,8901651758666
Managed Financial Statement Preparation (P&L/BS) - Private Limited,TAX-03940,GST,18,7396.88,18108.0,37,Accounting & Bookkeeping Services,998222,8908833923840
Turnkey Individual ITR-1 / ITR-2 Filing - Salaried Single Form 16,TAX-03941,GST,18,529.64,1121.0,61,Individual Tax Preparation,998232,8904985774273
TDS & TCS Return Filing - Form 24Q,TAX-03942,GST,18,1197.82,3994.0,68,Payroll & Compliance Services,998223,8900547209264
Express Corporate Income Tax Return (ITR-6) - Standard,TAX-03943,GST,18,11856.22,31881.0,86,Corporate Tax Consulting,998231,8904718916680
Standard Monthly GST Return Filing (GSTR 1 & 3B) - High Volume,TAX-03944,GST,18,4215.99,8723.0,20,Corporate Tax Consulting,998231,8907977660022
Basic Statutory Audit Services - Corporate Entity,TAX-03945,GST,18,54083.4,143058.0,26,Financial Auditing Services,998221,8903822355220
Comprehensive NRI Tax Advisory & Filing - Standard Consultation,TAX-03946,GST,18,2998.83,10369.0,93,Individual Tax Preparation,998232,8906212025409
Basic End-to-End Payroll Processing - Upto 20 Employees,TAX-03947,GST,18,4164.99,10846.0,43,Payroll & Compliance Services,998223,8905255176569
Advanced Business & Professional ITR-3 / ITR-4 - Regular Accounts,TAX-03948,GST,18,1615.26,5508.0,13,Individual Tax Preparation,998232,8909262897572
Standard Internal Audit & Risk Assessment - Annual,TAX-03949,GST,18,16444.23,37735.0,11,Financial Auditing Services,998221,8906143288589
Premium NRI Tax Advisory & Filing - DTAA Benefit Filing,TAX-03950,GST,18,3061.08,8799.0,12,Individual Tax Preparation,998232,8906998189237
Advanced Statutory Audit Services - Medium Enterprise,TAX-03951,GST,18,49648.17,136156.0,94,Financial Auditing Services,998221,8901364689068
Retainer Advance Tax Calculation & Advisory - One-Time Analysis,TAX-03952,GST,18,1106.79,2528.0,22,Individual Tax Preparation,998232,8902779053875
Basic Stock & Inventory Audit - Multi-Location,TAX-03953,GST,18,17641.21,41943.0,33,Financial Auditing Services,998221,8909703977338
Standard Statutory Audit Services - Medium Enterprise,TAX-03954,GST,18,33812.45,116012.0,34,Financial Auditing Services,998221,8902694410423
Monthly Bookkeeping Retainer - Startup Plan,TAX-03955,GST,18,3335.52,8606.0,79,Accounting & Bookkeeping Services,998222,8906233487819
Standard Bank Reconciliation Services - Monthly,TAX-03956,GST,18,1713.58,4159.0,92,Accounting & Bookkeeping Services,998222,8904675732514
Standard Tax Audit (U/s 44AB) - Partnership Firm,TAX-03957,GST,18,6750.19,15423.0,21,Financial Auditing Services,998221,8902432197924
Managed GST Annual Return (GSTR-9/9C) - Turnover < 2Cr,TAX-03958,GST,18,5999.22,14054.0,91,Corporate Tax Consulting,998231,8903005684172
Premium Monthly GST Return Filing (GSTR 1 & 3B) - Standard B2B/B2C,TAX-03959,GST,18,917.74,2987.0,72,Corporate Tax Consulting,998231,8905413263015
Comprehensive Stock & Inventory Audit - Single Location,TAX-03960,GST,18,9609.65,22133.0,85,Financial Auditing Services,998221,8902213370450
Premium Virtual CFO Services - Dedicated (40 hours),TAX-03961,GST,18,38645.31,113197.0,34,Accounting & Bookkeeping Services,998222,8900628734512
Express NRI Tax Advisory & Filing - Standard Consultation,TAX-03962,GST,18,2698.44,8166.0,28,Individual Tax Preparation,998232,8908558679316
Retainer Internal Audit & Risk Assessment - Half-Yearly,TAX-03963,GST,18,11725.05,40503.0,47,Financial Auditing Services,998221,8908765612806
Comprehensive NRI Tax Advisory & Filing - DTAA Benefit Filing,TAX-03964,GST,18,4601.7,9931.0,99,Individual Tax Preparation,998232,8909531615667
Standard NRI Tax Advisory & Filing - DTAA Benefit Filing,TAX-03965,GST,18,3434.82,7244.0,26,Individual Tax Preparation,998232,8909288104238
Managed PF & ESI Registration and Returns - Annual Package,TAX-03966,GST,18,2686.25,6660.0,55,Payroll & Compliance Services,998223,8904508554885
Express Individual ITR-1 / ITR-2 Filing - Multiple Form 16 + Capital Gains,TAX-03967,GST,18,524.47,1238.0,80,Individual Tax Preparation,998232,8907888999498
Turnkey TDS & TCS Return Filing - Form 24Q,TAX-03968,GST,18,901.16,2868.0,84,Payroll & Compliance Services,998223,8900959405219
Premium Individual ITR-1 / ITR-2 Filing - Salaried Single Form 16,TAX-03969,GST,18,392.63,1078.0,73,Individual Tax Preparation,998232,8903088153029
Turnkey Cloud Accounting Setup (Tally/Zoho) - Basic Setup,TAX-03970,GST,18,3199.74,8631.0,17,Accounting & Bookkeeping Services,998222,8905297925384
Managed Internal Audit & Risk Assessment - Annual,TAX-03971,GST,18,20296.98,43759.0,38,Financial Auditing Services,998221,8902533258884
Turnkey Tax Audit (U/s 44AB) - Individual/HUF,TAX-03972,GST,18,5510.38,13296.0,27,Financial Auditing Services,998221,8901211544485
Advanced Internal Audit & Risk Assessment - Annual,TAX-03973,GST,18,15466.63,47130.0,12,Financial Auditing Services,998221,8901681071377
Premium Advance Tax Calculation & Advisory - Quarterly Retainer,TAX-03974,GST,18,860.65,2540.0,52,Individual Tax Preparation,998232,8901460737204
Comprehensive Internal Audit & Risk Assessment - Annual,TAX-03975,GST,18,15964.46,50815.0,11,Financial Auditing Services,998221,8904401217856
Turnkey Bank Reconciliation Services - Monthly,TAX-03976,GST,18,1665.42,4173.0,14,Accounting & Bookkeeping Services,998222,8901290431286
Managed Advance Tax Calculation & Advisory - One-Time Analysis,TAX-03977,GST,18,791.81,2039.0,61,Individual Tax Preparation,998232,8909836332094
Retainer Individual ITR-1 / ITR-2 Filing - Multiple Form 16 + Capital Gains,TAX-03978,GST,18,800.12,1829.0,84,Individual Tax Preparation,998232,8909908701461
Advance Tax Calculation & Advisory - Quarterly Retainer,TAX-03979,GST,18,849.12,2305.0,39,Individual Tax Preparation,998232,8909246783146
Premium PF & ESI Registration and Returns - Annual Package,TAX-03980,GST,18,2278.55,6325.0,32,Payroll & Compliance Services,998223,8903243969647
Basic Monthly GST Return Filing (GSTR 1 & 3B) - Nil Return,TAX-03981,GST,18,789.99,1883.0,85,Corporate Tax Consulting,998231,8902921332406
Stock & Inventory Audit - Multi-Location,TAX-03982,GST,18,16383.06,39858.0,12,Financial Auditing Services,998221,8905692745056
Turnkey NRI Tax Advisory & Filing - Standard Consultation,TAX-03983,GST,18,2050.54,6734.0,64,Individual Tax Preparation,998232,8909134381258
Turnkey Internal Audit & Risk Assessment - Half-Yearly,TAX-03984,GST,18,12204.51,35385.0,44,Financial Auditing Services,998221,8907604404241
Dedicated PF & ESI Registration and Returns - Annual Package,TAX-03985,GST,18,2250.15,5926.0,60,Payroll & Compliance Services,998223,8900464300724
Premium GST Annual Return (GSTR-9/9C) - Turnover > 5Cr,TAX-03986,GST,18,18944.52,48032.0,37,Corporate Tax Consulting,998231,8901397837476
Managed ROC Annual Compliance Filing - AOC-4 & MGT-7,TAX-03987,GST,18,4567.51,12434.0,33,Corporate Tax Consulting,998231,8904242784128
Comprehensive GST Annual Return (GSTR-9/9C) - Turnover < 2Cr,TAX-03988,GST,18,6403.7,17655.0,64,Corporate Tax Consulting,998231,8901249987799
Express NRI Tax Advisory & Filing - Standard Consultation,TAX-03989,GST,18,2330.62,7647.0,62,Individual Tax Preparation,998232,8908127561040
Basic Advance Tax Calculation & Advisory - One-Time Analysis,TAX-03990,GST,18,546.95,1743.0,60,Individual Tax Preparation,998232,8908481062471
Express Corporate Income Tax Return (ITR-6) - Complex with Transfer Pricing,TAX-03991,GST,18,17078.67,56070.0,99,Corporate Tax Consulting,998231,8908651205415
Managed Virtual CFO Services - Part-time (20 hours),TAX-03992,GST,18,18982.66,63035.0,48,Accounting & Bookkeeping Services,998222,8907701696202
Comprehensive Cloud Accounting Setup (Tally/Zoho) - Advanced Integration,TAX-03993,GST,18,6135.04,12549.0,57,Accounting & Bookkeeping Services,998222,8903813789562
Basic Bank Reconciliation Services - Annual Cleanup,TAX-03994,GST,18,1446.71,4914.0,30,Accounting & Bookkeeping Services,998222,8909045896385
Advanced NRI Tax Advisory & Filing - Standard Consultation,TAX-03995,GST,18,4665.94,9668.0,15,Individual Tax Preparation,998232,8900451066605
Express Individual ITR-1 / ITR-2 Filing - Multiple Form 16 + Capital Gains,TAX-03996,GST,18,550.69,1317.0,84,Individual Tax Preparation,998232,8908158832257
Standard Internal Audit & Risk Assessment - Quarterly,TAX-03997,GST,18,12881.18,40234.0,61,Financial Auditing Services,998221,8900289281498
Turnkey Advance Tax Calculation & Advisory - One-Time Analysis,TAX-03998,GST,18,852.92,2460.0,22,Individual Tax Preparation,998232,8907815483611
Basic PF & ESI Registration and Returns - Monthly Retainer,TAX-03999,GST,18,2960.2,7646.0,91,Payroll & Compliance Services,998223,8904493474303
Managed PF & ESI Registration and Returns - Annual Package,TAX-04000,GST,18,2035.67,6442.0,53,Payroll & Compliance Services,998223,8906611556816
Advanced Stock & Inventory Audit - Multi-Location,TAX-04001,GST,18,16004.12,40892.0,75,Financial Auditing Services,998221,8907660178296
Tax Audit (U/s 44AB) - Company,TAX-04002,GST,18,7668.45,15533.0,47,Financial Auditing Services,998221,8908027972730
Express Stock & Inventory Audit - Multi-Location,TAX-04003,GST,18,14952.96,43020.0,60,Financial Auditing Services,998221,8905217456589
Retainer NRI Tax Advisory & Filing - Standard Consultation,TAX-04004,GST,18,3312.52,8095.0,48,Individual Tax Preparation,998232,8903806841457
Managed NRI Tax Advisory & Filing - DTAA Benefit Filing,TAX-04005,GST,18,2180.15,7188.0,53,Individual Tax Preparation,998232,8906799728156
Premium Internal Audit & Risk Assessment - Annual,TAX-04006,GST,18,10834.0,34502.0,39,Financial Auditing Services,998221,8902763916949
Managed Monthly GST Return Filing (GSTR 1 & 3B) - High Volume,TAX-04007,GST,18,2772.89,7475.0,98,Corporate Tax Consulting,998231,8906596471817
Premium PF & ESI Registration and Returns - Annual Package,TAX-04008,GST,18,3026.96,6543.0,91,Payroll & Compliance Services,998223,8909975117563
Turnkey TDS & TCS Return Filing - Form 24Q,TAX-04009,GST,18,1326.22,2887.0,85,Payroll & Compliance Services,998223,8901626969672
Basic ROC Annual Compliance Filing - AOC-4 & MGT-7,TAX-04010,GST,18,3312.01,10651.0,58,Corporate Tax Consulting,998231,8903731968243
Comprehensive ROC Annual Compliance Filing - AOC-4 & MGT-7,TAX-04011,GST,18,7220.52,14925.0,70,Corporate Tax Consulting,998231,8908972671569
Managed Tax Audit (U/s 44AB) - Company,TAX-04012,GST,18,8922.02,18043.0,30,Financial Auditing Services,998221,8909839454164
GST Registration & Advisory - E-commerce/Multi-State,TAX-04013,GST,18,1862.1,3842.0,65,Corporate Tax Consulting,998231,8906528530045
Retainer Professional Tax (PT) Compliance - Annual Filing,TAX-04014,GST,18,1229.54,3078.0,33,Payroll & Compliance Services,998223,8902220065977
Advanced End-to-End Payroll Processing - Upto 50 Employees,TAX-04015,GST,18,4163.48,8678.0,74,Payroll & Compliance Services,998223,8900342068721
Turnkey GST Registration & Advisory - E-commerce/Multi-State,TAX-04016,GST,18,1300.3,4540.0,92,Corporate Tax Consulting,998231,8900817962116
Basic GST Registration & Advisory - Standard Business,TAX-04017,GST,18,1428.59,3692.0,53,Corporate Tax Consulting,998231,8908365998016
Basic Corporate Income Tax Return (ITR-6) - Standard,TAX-04018,GST,18,9677.72,25274.0,30,Corporate Tax Consulting,998231,8902208610213
Express Tax Audit (U/s 44AB) - Individual/HUF,TAX-04019,GST,18,5838.81,18950.0,87,Financial Auditing Services,998221,8909478348814
Advanced GST Registration & Advisory - Standard Business,TAX-04020,GST,18,2106.41,5167.0,69,Corporate Tax Consulting,998231,8909434441756
Express GST Annual Return (GSTR-9/9C) - Turnover < 2Cr,TAX-04021,GST,18,7032.21,14988.0,31,Corporate Tax Consulting,998231,8903929501976
Comprehensive Statutory Audit Services - Small Business,TAX-04022,GST,18,13926.79,36044.0,74,Financial Auditing Services,998221,8900872670511
Business & Professional ITR-3 / ITR-4 - Presumptive Taxation,TAX-04023,GST,18,1843.87,3739.0,53,Individual Tax Preparation,998232,8908167291930
Standard PF & ESI Registration and Returns - Monthly Retainer,TAX-04024,GST,18,3012.01,7676.0,17,Payroll & Compliance Services,998223,8905273118765
Comprehensive GST Annual Return (GSTR-9/9C) - Turnover < 2Cr,TAX-04025,GST,18,6291.06,14060.0,59,Corporate Tax Consulting,998231,8905038410195
Comprehensive Business & Professional ITR-3 / ITR-4 - Presumptive Taxation,TAX-04026,GST,18,1850.27,4195.0,44,Individual Tax Preparation,998232,8904406615922
Managed Monthly Bookkeeping Retainer - Enterprise Plan,TAX-04027,GST,18,7953.25,24269.0,45,Accounting & Bookkeeping Services,998222,8908618382559
Comprehensive Tax Audit (U/s 44AB) - Individual/HUF,TAX-04028,GST,18,5649.27,18038.0,100,Financial Auditing Services,998221,8907245605182
Retainer Stock & Inventory Audit - Single Location,TAX-04029,GST,18,6270.47,20139.0,67,Financial Auditing Services,998221,8908087135384
Advanced Monthly GST Return Filing (GSTR 1 & 3B) - Nil Return,TAX-04030,GST,18,755.77,1579.0,98,Corporate Tax Consulting,998231,8905703659592
Managed Professional Tax (PT) Compliance - Registration,TAX-04031,GST,18,913.88,2910.0,71,Payroll & Compliance Services,998223,8909290469981
Standard Forensic Audit & Fraud Investigation - Basic Assessment,TAX-04032,GST,18,23052.63,53986.0,16,Financial Auditing Services,998221,8902616716727
Advanced Internal Audit & Risk Assessment - Quarterly,TAX-04033,GST,18,10565.81,33585.0,63,Financial Auditing Services,998221,8902108308320
Basic Individual ITR-1 / ITR-2 Filing - Multiple Form 16 + Capital Gains,TAX-04034,GST,18,515.38,1678.0,40,Individual Tax Preparation,998232,8908415311892
Basic Monthly Bookkeeping Retainer - SME Plan,TAX-04035,GST,18,2331.22,6719.0,28,Accounting & Bookkeeping Services,998222,8909887287713
Basic Tax Audit (U/s 44AB) - Individual/HUF,TAX-04036,GST,18,5258.38,15806.0,74,Financial Auditing Services,998221,8900900779642
Express GST Annual Return (GSTR-9/9C) - Turnover < 2Cr,TAX-04037,GST,18,6666.29,18631.0,57,Corporate Tax Consulting,998231,8902539913854
Managed Internal Audit & Risk Assessment - Quarterly,TAX-04038,GST,18,18623.34,44542.0,78,Financial Auditing Services,998221,8905195442334
Dedicated End-to-End Payroll Processing - Upto 20 Employees,TAX-04039,GST,18,3890.07,11588.0,56,Payroll & Compliance Services,998223,8905108892171
Advanced Stock & Inventory Audit - Multi-Location,TAX-04040,GST,18,16252.24,38438.0,53,Financial Auditing Services,998221,8909964608725
Managed Professional Tax (PT) Compliance - Annual Filing,TAX-04041,GST,18,705.77,2413.0,80,Payroll & Compliance Services,998223,8901768353247
Premium Individual ITR-1 / ITR-2 Filing - Salaried Single Form 16,TAX-04042,GST,18,367.56,1101.0,25,Individual Tax Preparation,998232,8906219897446
Turnkey Business & Professional ITR-3 / ITR-4 - Presumptive Taxation,TAX-04043,GST,18,2278.17,4860.0,99,Individual Tax Preparation,998232,8905164919070
Standard TDS & TCS Return Filing - Form 26Q,TAX-04044,GST,18,1500.53,3849.0,83,Payroll & Compliance Services,998223,8902306619017
Dedicated TDS & TCS Return Filing - Form 24Q,TAX-04045,GST,18,937.49,3082.0,69,Payroll & Compliance Services,998223,8901930647390
Basic Advance Tax Calculation & Advisory - One-Time Analysis,TAX-04046,GST,18,650.81,1940.0,81,Individual Tax Preparation,998232,8903243595133
Turnkey Monthly Bookkeeping Retainer - Enterprise Plan,TAX-04047,GST,18,9154.9,23428.0,44,Accounting & Bookkeeping Services,998222,8903232469355
Retainer Forensic Audit & Fraud Investigation - Detailed Investigation,TAX-04048,GST,18,92314.21,211649.0,73,Financial Auditing Services,998221,8907720439718
Managed NRI Tax Advisory & Filing - Standard Consultation,TAX-04049,GST,18,3149.73,9783.0,89,Individual Tax Preparation,998232,8906564553928
Advanced End-to-End Payroll Processing - Upto 20 Employees,TAX-04050,GST,18,3066.17,10435.0,61,Payroll & Compliance Services,998223,8904544066899
Basic PF & ESI Registration and Returns - Annual Package,TAX-04051,GST,18,2314.7,5285.0,84,Payroll & Compliance Services,998223,8903080118721
Premium Virtual CFO Services - Part-time (20 hours),TAX-04052,GST,18,36815.2,75607.0,13,Accounting & Bookkeeping Services,998222,8905657238616
Turnkey Statutory Audit Services - Corporate Entity,TAX-04053,GST,18,48272.25,104367.0,41,Financial Auditing Services,998221,8906406958051
Advanced NRI Tax Advisory & Filing - Standard Consultation,TAX-04054,GST,18,2669.45,8976.0,40,Individual Tax Preparation,998232,8905031884974
Comprehensive Forensic Audit & Fraud Investigation - Basic Assessment,TAX-04055,GST,18,15185.15,42360.0,55,Financial Auditing Services,998221,8906336602352
Standard Forensic Audit & Fraud Investigation - Basic Assessment,TAX-04056,GST,18,14530.89,41227.0,78,Financial Auditing Services,998221,8909130510271
Individual ITR-1 / ITR-2 Filing - Multiple Form 16 + Capital Gains,TAX-04057,GST,18,663.51,1591.0,90,Individual Tax Preparation,998232,8909605623309
Turnkey Professional Tax (PT) Compliance - Annual Filing,TAX-04058,GST,18,1141.93,3186.0,44,Payroll & Compliance Services,998223,8903464582954
Basic Monthly GST Return Filing (GSTR 1 & 3B) - Standard B2B/B2C,TAX-04059,GST,18,813.93,2772.0,15,Corporate Tax Consulting,998231,8903047166234
Bank Reconciliation Services - Monthly,TAX-04060,GST,18,1750.24,6078.0,26,Accounting & Bookkeeping Services,998222,8908194001129
Managed PF & ESI Registration and Returns - Monthly Retainer,TAX-04061,GST,18,2465.84,6791.0,78,Payroll & Compliance Services,998223,8907414656637
Forensic Audit & Fraud Investigation - Basic Assessment,TAX-04062,GST,18,14712.02,44657.0,91,Financial Auditing Services,998221,8907375143535
Comprehensive TDS & TCS Return Filing - Form 26Q,TAX-04063,GST,18,999.82,3021.0,100,Payroll & Compliance Services,998223,8904766009749
Stock & Inventory Audit - Single Location,TAX-04064,GST,18,8114.06,17541.0,38,Financial Auditing Services,998221,8905815141859
Advanced End-to-End Payroll Processing - Upto 20 Employees,TAX-04065,GST,18,3652.19,12768.0,61,Payroll & Compliance Services,998223,8905608469544
Express NRI Tax Advisory & Filing - DTAA Benefit Filing,TAX-04066,GST,18,2822.2,9698.0,56,Individual Tax Preparation,998232,8905612340015
Advanced Cloud Accounting Setup (Tally/Zoho) - Basic Setup,TAX-04067,GST,18,2741.46,5851.0,13,Accounting & Bookkeeping Services,998222,8907629420121
Premium Monthly GST Return Filing (GSTR 1 & 3B) - Nil Return,TAX-04068,GST,18,845.43,1973.0,32,Corporate Tax Consulting,998231,8902082419857
Basic ROC Annual Compliance Filing - Fast Track Strike Off,TAX-04069,GST,18,3772.45,11333.0,40,Corporate Tax Consulting,998231,8907230735713
Managed GST Registration & Advisory - E-commerce/Multi-State,TAX-04070,GST,18,1519.27,4172.0,85,Corporate Tax Consulting,998231,8905352585355
Dedicated NRI Tax Advisory & Filing - Standard Consultation,TAX-04071,GST,18,2165.81,7481.0,41,Individual Tax Preparation,998232,8906043872430
Premium NRI Tax Advisory & Filing - DTAA Benefit Filing,TAX-04072,GST,18,3384.54,8105.0,25,Individual Tax Preparation,998232,8904425096933
Express Corporate Income Tax Return (ITR-6) - Complex with Transfer Pricing,TAX-04073,GST,18,33160.74,71341.0,55,Corporate Tax Consulting,998231,8900880639584
Premium TDS & TCS Return Filing - Form 26Q,TAX-04074,GST,18,1165.14,3898.0,94,Payroll & Compliance Services,998223,8902965370476
Turnkey Individual ITR-1 / ITR-2 Filing - Multiple Form 16 + Capital Gains,TAX-04075,GST,18,478.79,1611.0,16,Individual Tax Preparation,998232,8905183440275
Managed TDS & TCS Return Filing - Form 27Q,TAX-04076,GST,18,1821.91,3984.0,45,Payroll & Compliance Services,998223,8902950336936
Premium Business & Professional ITR-3 / ITR-4 - Regular Accounts,TAX-04077,GST,18,1832.93,3948.0,13,Individual Tax Preparation,998232,8904549804606
PF & ESI Registration and Returns - Annual Package,TAX-04078,GST,18,3219.77,6539.0,64,Payroll & Compliance Services,998223,8906634916605
Basic Professional Tax (PT) Compliance - Annual Filing,TAX-04079,GST,18,1069.7,3062.0,43,Payroll & Compliance Services,998223,8905543623319
Comprehensive Monthly Bookkeeping Retainer - Enterprise Plan,TAX-04080,GST,18,7428.09,22861.0,81,Accounting & Bookkeeping Services,998222,8901103877380
Retainer Forensic Audit & Fraud Investigation - Detailed Investigation,TAX-04081,GST,18,68098.49,220139.0,22,Financial Auditing Services,998221,8909687066688
Standard PF & ESI Registration and Returns - Monthly Retainer,TAX-04082,GST,18,2977.96,6101.0,79,Payroll & Compliance Services,998223,8903381272490
Dedicated Tax Audit (U/s 44AB) - Individual/HUF,TAX-04083,GST,18,4089.41,14287.0,39,Financial Auditing Services,998221,8904698984738
Basic PF & ESI Registration and Returns - Annual Package,TAX-04084,GST,18,3252.01,7372.0,57,Payroll & Compliance Services,998223,8908015358496
Basic Monthly Bookkeeping Retainer - Startup Plan,TAX-04085,GST,18,3050.98,7130.0,30,Accounting & Bookkeeping Services,998222,8900192686017
Dedicated Virtual CFO Services - Dedicated (40 hours),TAX-04086,GST,18,48577.62,123640.0,16,Accounting & Bookkeeping Services,998222,8905181761426
Advanced Monthly GST Return Filing (GSTR 1 & 3B) - Standard B2B/B2C,TAX-04087,GST,18,999.38,2740.0,100,Corporate Tax Consulting,998231,8900411080026
Dedicated End-to-End Payroll Processing - Upto 20 Employees,TAX-04088,GST,18,4155.67,11282.0,77,Payroll & Compliance Services,998223,8909564252753
Express Forensic Audit & Fraud Investigation - Detailed Investigation,TAX-04089,GST,18,126111.38,253487.0,39,Financial Auditing Services,998221,8907256563373
Retainer PF & ESI Registration and Returns - Annual Package,TAX-04090,GST,18,3059.76,6460.0,17,Payroll & Compliance Services,998223,8900002420127
Turnkey GST Annual Return (GSTR-9/9C) - Turnover < 2Cr,TAX-04091,GST,18,5510.76,19211.0,27,Corporate Tax Consulting,998231,8905957874411
Retainer Virtual CFO Services - Dedicated (40 hours),TAX-04092,GST,18,47612.42,101900.0,32,Accounting & Bookkeeping Services,998222,8907421940478
Turnkey Individual ITR-1 / ITR-2 Filing - Salaried Single Form 16,TAX-04093,GST,18,352.54,936.0,90,Individual Tax Preparation,998232,8906849899126
Managed Virtual CFO Services - Part-time (20 hours),TAX-04094,GST,18,30207.36,74395.0,49,Accounting & Bookkeeping Services,998222,8905509733309
Basic Advance Tax Calculation & Advisory - Quarterly Retainer,TAX-04095,GST,18,885.98,2455.0,100,Individual Tax Preparation,998232,8904298527049
Advanced Monthly GST Return Filing (GSTR 1 & 3B) - Standard B2B/B2C,TAX-04096,GST,18,1101.87,3764.0,59,Corporate Tax Consulting,998231,8903464749659
Standard Internal Audit & Risk Assessment - Quarterly,TAX-04097,GST,18,9431.73,32289.0,57,Financial Auditing Services,998221,8902218159588
Turnkey Internal Audit & Risk Assessment - Quarterly,TAX-04098,GST,18,15508.62,47957.0,77,Financial Auditing Services,998221,8906608823235
Statutory Audit Services - Small Business,TAX-04099,GST,18,10694.94,32785.0,32,Financial Auditing Services,998221,8905494570317
Premium ROC Annual Compliance Filing - AOC-4 & MGT-7,TAX-04100,GST,18,4492.77,14512.0,93,Corporate Tax Consulting,998231,8903247073081
Comprehensive End-to-End Payroll Processing - Upto 50 Employees,TAX-04101,GST,18,4793.47,12743.0,66,Payroll & Compliance Services,998223,8904545173301
Retainer Corporate Income Tax Return (ITR-6) - Complex with Transfer Pricing,TAX-04102,GST,18,25157.98,64236.0,77,Corporate Tax Consulting,998231,8901591665517
Advanced Virtual CFO Services - Dedicated (40 hours),TAX-04103,GST,18,30047.26,94725.0,65,Accounting & Bookkeeping Services,998222,8900171472229
Standard TDS & TCS Return Filing - Form 24Q,TAX-04104,GST,18,1237.88,3787.0,50,Payroll & Compliance Services,998223,8901644180540
Basic Stock & Inventory Audit - Multi-Location,TAX-04105,GST,18,11867.12,38119.0,11,Financial Auditing Services,998221,8909420796199
Express Stock & Inventory Audit - Multi-Location,TAX-04106,GST,18,13353.13,38555.0,52,Financial Auditing Services,998221,8909131187087
Managed Individual ITR-1 / ITR-2 Filing - Multiple Form 16 + Capital Gains,TAX-04107,GST,18,618.52,1881.0,97,Individual Tax Preparation,998232,8901671656709
Managed Advance Tax Calculation & Advisory - One-Time Analysis,TAX-04108,GST,18,855.25,2412.0,52,Individual Tax Preparation,998232,8901682038528
Premium Professional Tax (PT) Compliance - Annual Filing,TAX-04109,GST,18,632.45,2082.0,46,Payroll & Compliance Services,998223,8901506898511
Turnkey Individual ITR-1 / ITR-2 Filing - Salaried Single Form 16,TAX-04110,GST,18,325.08,1025.0,72,Individual Tax Preparation,998232,8908734808514
Managed Advance Tax Calculation & Advisory - One-Time Analysis,TAX-04111,GST,18,660.92,1975.0,99,Individual Tax Preparation,998232,8906954023134
Basic Financial Statement Preparation (P&L/BS) - LLP,TAX-04112,GST,18,5238.11,16598.0,58,Accounting & Bookkeeping Services,998222,8909957139570
Retainer Statutory Audit Services - Medium Enterprise,TAX-04113,GST,18,63924.41,161183.0,90,Financial Auditing Services,998221,8902240238789
Retainer Monthly Bookkeeping Retainer - Startup Plan,TAX-04114,GST,18,2808.16,6861.0,69,Accounting & Bookkeeping Services,998222,8906040962629
Express Cloud Accounting Setup (Tally/Zoho) - Advanced Integration,TAX-04115,GST,18,4664.24,14303.0,35,Accounting & Bookkeeping Services,998222,8907621098532
Comprehensive Monthly GST Return Filing (GSTR 1 & 3B) - Standard B2B/B2C,TAX-04116,GST,18,1745.4,3596.0,60,Corporate Tax Consulting,998231,8907549059730
Financial Statement Preparation (P&L/BS) - Private Limited,TAX-04117,GST,18,4367.16,13813.0,57,Accounting & Bookkeeping Services,998222,8900883068294
Premium Individual ITR-1 / ITR-2 Filing - Multiple Form 16 + Capital Gains,TAX-04118,GST,18,491.21,1409.0,63,Individual Tax Preparation,998232,8907294279191
Express Monthly GST Return Filing (GSTR 1 & 3B) - Standard B2B/B2C,TAX-04119,GST,18,934.28,3185.0,14,Corporate Tax Consulting,998231,8904720288823
Premium Advance Tax Calculation & Advisory - One-Time Analysis,TAX-04120,GST,18,693.71,2367.0,66,Individual Tax Preparation,998232,8907015242443
Express Statutory Audit Services - Small Business,TAX-04121,GST,18,10134.99,32603.0,22,Financial Auditing Services,998221,8900367400925
Premium PF & ESI Registration and Returns - Annual Package,TAX-04122,GST,18,2589.83,7180.0,23,Payroll & Compliance Services,998223,8908180343071
Dedicated PF & ESI Registration and Returns - Monthly Retainer,TAX-04123,GST,18,2860.89,7040.0,13,Payroll & Compliance Services,998223,8908275986858
Advanced Stock & Inventory Audit - Multi-Location,TAX-04124,GST,18,12555.12,37913.0,48,Financial Auditing Services,998221,8906748223286
Premium PF & ESI Registration and Returns - Annual Package,TAX-04125,GST,18,2360.64,5708.0,69,Payroll & Compliance Services,998223,8901742658840
Comprehensive GST Annual Return (GSTR-9/9C) - Turnover < 2Cr,TAX-04126,GST,18,6880.43,14024.0,18,Corporate Tax Consulting,998231,8906012418116
Comprehensive Forensic Audit & Fraud Investigation - Detailed Investigation,TAX-04127,GST,18,115025.44,234015.0,61,Financial Auditing Services,998221,8909262168472
Turnkey Internal Audit & Risk Assessment - Quarterly,TAX-04128,GST,18,11304.34,35898.0,18,Financial Auditing Services,998221,8900924432954
Retainer Tax Audit (U/s 44AB) - Partnership Firm,TAX-04129,GST,18,7110.55,17265.0,83,Financial Auditing Services,998221,8906172472731
Turnkey Advance Tax Calculation & Advisory - Quarterly Retainer,TAX-04130,GST,18,1020.69,2514.0,59,Individual Tax Preparation,998232,8902037445719
Individual ITR-1 / ITR-2 Filing - Multiple Form 16 + Capital Gains,TAX-04131,GST,18,643.18,1558.0,28,Individual Tax Preparation,998232,8901421140781
Turnkey Financial Statement Preparation (P&L/BS) - LLP,TAX-04132,GST,18,6270.07,18160.0,85,Accounting & Bookkeeping Services,998222,8900703839427
Advanced Internal Audit & Risk Assessment - Annual,TAX-04133,GST,18,12749.62,34860.0,63,Financial Auditing Services,998221,8904922257164
Retainer Statutory Audit Services - Medium Enterprise,TAX-04134,GST,18,51199.68,156606.0,56,Financial Auditing Services,998221,8902414345646
Managed Monthly GST Return Filing (GSTR 1 & 3B) - High Volume,TAX-04135,GST,18,2289.42,6298.0,21,Corporate Tax Consulting,998231,8902063357599
Express ROC Annual Compliance Filing - Fast Track Strike Off,TAX-04136,GST,18,3711.9,12405.0,68,Corporate Tax Consulting,998231,8905646676674
Advanced Individual ITR-1 / ITR-2 Filing - Salaried Single Form 16,TAX-04137,GST,18,480.79,1036.0,84,Individual Tax Preparation,998232,8904032422164
PF & ESI Registration and Returns - Monthly Retainer,TAX-04138,GST,18,1615.96,5651.0,98,Payroll & Compliance Services,998223,8902146100498
Premium Bank Reconciliation Services - Monthly,TAX-04139,GST,18,1756.43,4836.0,89,Accounting & Bookkeeping Services,998222,8908365146905
Managed Individual ITR-1 / ITR-2 Filing - Salaried Single Form 16,TAX-04140,GST,18,392.76,906.0,68,Individual Tax Preparation,998232,8909005783410
Dedicated Individual ITR-1 / ITR-2 Filing - Multiple Form 16 + Capital Gains,TAX-04141,GST,18,365.98,1227.0,52,Individual Tax Preparation,998232,8900354513640
Comprehensive Virtual CFO Services - Dedicated (40 hours),TAX-04142,GST,18,62370.78,138707.0,15,Accounting & Bookkeeping Services,998222,8908595031215
Express TDS & TCS Return Filing - Form 27Q,TAX-04143,GST,18,1375.51,4279.0,83,Payroll & Compliance Services,998223,8902419716655
Standard Financial Statement Preparation (P&L/BS) - Proprietorship,TAX-04144,GST,18,7437.97,16094.0,70,Accounting & Bookkeeping Services,998222,8900328032538
Advanced Financial Statement Preparation (P&L/BS) - Proprietorship,TAX-04145,GST,18,4323.15,14006.0,100,Accounting & Bookkeeping Services,998222,8909179216514
Standard Individual ITR-1 / ITR-2 Filing - Salaried Single Form 16,TAX-04146,GST,18,337.15,1109.0,62,Individual Tax Preparation,998232,8908726117370
Basic Monthly Bookkeeping Retainer - SME Plan,TAX-04147,GST,18,2727.27,8580.0,42,Accounting & Bookkeeping Services,998222,8905035599673
Standard Internal Audit & Risk Assessment - Annual,TAX-04148,GST,18,15204.23,35036.0,19,Financial Auditing Services,998221,8902434666291
Standard Financial Statement Preparation (P&L/BS) - Proprietorship,TAX-04149,GST,18,5023.0,14510.0,43,Accounting & Bookkeeping Services,998222,8900601461205
Advanced NRI Tax Advisory & Filing - DTAA Benefit Filing,TAX-04150,GST,18,3961.83,10136.0,89,Individual Tax Preparation,998232,8903600748133
Basic PF & ESI Registration and Returns - Monthly Retainer,TAX-04151,GST,18,2277.0,7657.0,45,Payroll & Compliance Services,998223,8901751800756
Dedicated PF & ESI Registration and Returns - Annual Package,TAX-04152,GST,18,1796.95,5583.0,74,Payroll & Compliance Services,998223,8906861235879
Managed Tax Audit (U/s 44AB) - Individual/HUF,TAX-04153,GST,18,8769.34,18090.0,86,Financial Auditing Services,998221,8900729485636
Basic GST Annual Return (GSTR-9/9C) - Turnover > 5Cr,TAX-04154,GST,18,9407.78,31834.0,87,Corporate Tax Consulting,998231,8906286338975
Standard Professional Tax (PT) Compliance - Registration,TAX-04155,GST,18,1248.03,2836.0,46,Payroll & Compliance Services,998223,8903593939427
Retainer Virtual CFO Services - Part-time (20 hours),TAX-04156,GST,18,34213.93,74607.0,54,Accounting & Bookkeeping Services,998222,8906596040287
Managed TDS & TCS Return Filing - Form 26Q,TAX-04157,GST,18,1707.48,4400.0,79,Payroll & Compliance Services,998223,8901335782992
Basic TDS & TCS Return Filing - Form 24Q,TAX-04158,GST,18,1378.29,4358.0,61,Payroll & Compliance Services,998223,8908843939396
Turnkey Forensic Audit & Fraud Investigation - Basic Assessment,TAX-04159,GST,18,14111.03,43112.0,39,Financial Auditing Services,998221,8909192947874
Turnkey TDS & TCS Return Filing - Form 26Q,TAX-04160,GST,18,1322.83,4054.0,11,Payroll & Compliance Services,998223,8903186865927
NRI Tax Advisory & Filing - Standard Consultation,TAX-04161,GST,18,2399.77,7106.0,47,Individual Tax Preparation,998232,8905482771959
Express Statutory Audit Services - Corporate Entity,TAX-04162,GST,18,35911.85,116456.0,39,Financial Auditing Services,998221,8906447729118
Premium NRI Tax Advisory & Filing - DTAA Benefit Filing,TAX-04163,GST,18,4293.64,9336.0,42,Individual Tax Preparation,998232,8907082319617
Bank Reconciliation Services - Monthly,TAX-04164,GST,18,2368.86,5656.0,43,Accounting & Bookkeeping Services,998222,8902718045591
Standard Virtual CFO Services - Dedicated (40 hours),TAX-04165,GST,18,32195.12,95104.0,96,Accounting & Bookkeeping Services,998222,8907447563651
Premium Business & Professional ITR-3 / ITR-4 - Regular Accounts,TAX-04166,GST,18,2075.28,4282.0,30,Individual Tax Preparation,998232,8903712506821
Dedicated Monthly Bookkeeping Retainer - Startup Plan,TAX-04167,GST,18,2667.46,8458.0,88,Accounting & Bookkeeping Services,998222,8907951962452
Dedicated End-to-End Payroll Processing - Upto 50 Employees,TAX-04168,GST,18,3902.4,10532.0,39,Payroll & Compliance Services,998223,8905919988552
Express Virtual CFO Services - Part-time (20 hours),TAX-04169,GST,18,19234.21,61166.0,33,Accounting & Bookkeeping Services,998222,8905984585542
Advanced Monthly Bookkeeping Retainer - SME Plan,TAX-04170,GST,18,3383.6,9315.0,67,Accounting & Bookkeeping Services,998222,8902912989673
Managed Bank Reconciliation Services - Monthly,TAX-04171,GST,18,1381.36,4072.0,37,Accounting & Bookkeeping Services,998222,8902300171955
Comprehensive GST Annual Return (GSTR-9/9C) - Turnover < 2Cr,TAX-04172,GST,18,6428.8,16466.0,25,Corporate Tax Consulting,998231,8906621567486
Managed Financial Statement Preparation (P&L/BS) - Private Limited,TAX-04173,GST,18,4176.87,12382.0,37,Accounting & Bookkeeping Services,998222,8906638602687
Retainer Forensic Audit & Fraud Investigation - Detailed Investigation,TAX-04174,GST,18,53937.75,185784.0,52,Financial Auditing Services,998221,8903188658522
Standard Advance Tax Calculation & Advisory - One-Time Analysis,TAX-04175,GST,18,759.69,2046.0,63,Individual Tax Preparation,998232,8900034105882
Basic Advance Tax Calculation & Advisory - Quarterly Retainer,TAX-04176,GST,18,726.65,1973.0,85,Individual Tax Preparation,998232,8909497450097
Forensic Audit & Fraud Investigation - Detailed Investigation,TAX-04177,GST,18,125123.84,259699.0,98,Financial Auditing Services,998221,8907125346115
Advanced TDS & TCS Return Filing - Form 24Q,TAX-04178,GST,18,1224.49,3902.0,66,Payroll & Compliance Services,998223,8908201581130
Basic Business & Professional ITR-3 / ITR-4 - Regular Accounts,TAX-04179,GST,18,1221.21,3850.0,91,Individual Tax Preparation,998232,8909515223450
Advance Tax Calculation & Advisory - Quarterly Retainer,TAX-04180,GST,18,881.5,2398.0,19,Individual Tax Preparation,998232,8903766708060
Premium GST Registration & Advisory - E-commerce/Multi-State,TAX-04181,GST,18,2136.24,5201.0,55,Corporate Tax Consulting,998231,8901183284014
Express End-to-End Payroll Processing - Upto 50 Employees,TAX-04182,GST,18,3517.26,8101.0,76,Payroll & Compliance Services,998223,8909353173246
Dedicated Tax Audit (U/s 44AB) - Company,TAX-04183,GST,18,5408.43,13172.0,100,Financial Auditing Services,998221,8901134148126
Dedicated Business & Professional ITR-3 / ITR-4 - Regular Accounts,TAX-04184,GST,18,2067.23,4814.0,91,Individual Tax Preparation,998232,8902738396885
Express GST Registration & Advisory - E-commerce/Multi-State,TAX-04185,GST,18,1341.8,4204.0,75,Corporate Tax Consulting,998231,8904709319579
Express Advance Tax Calculation & Advisory - One-Time Analysis,TAX-04186,GST,18,494.12,1704.0,41,Individual Tax Preparation,998232,8909449493078
Retainer TDS & TCS Return Filing - Form 26Q,TAX-04187,GST,18,1126.07,3259.0,17,Payroll & Compliance Services,998223,8902307714650
Premium Virtual CFO Services - Dedicated (40 hours),TAX-04188,GST,18,37662.2,131735.0,74,Accounting & Bookkeeping Services,998222,8903769108189
Managed Individual ITR-1 / ITR-2 Filing - Salaried Single Form 16,TAX-04189,GST,18,441.72,958.0,15,Individual Tax Preparation,998232,8904708444453
Managed Bank Reconciliation Services - Annual Cleanup,TAX-04190,GST,18,1252.94,4335.0,98,Accounting & Bookkeeping Services,998222,8901951109452
Standard Corporate Income Tax Return (ITR-6) - Standard,TAX-04191,GST,18,9894.08,25082.0,48,Corporate Tax Consulting,998231,8906200088887
Advanced Corporate Income Tax Return (ITR-6) - Standard,TAX-04192,GST,18,6876.28,23000.0,31,Corporate Tax Consulting,998231,8902285569314
Advanced Business & Professional ITR-3 / ITR-4 - Regular Accounts,TAX-04193,GST,18,2280.6,4807.0,15,Individual Tax Preparation,998232,8907327619903
Basic GST Annual Return (GSTR-9/9C) - Turnover > 5Cr,TAX-04194,GST,18,15718.74,31658.0,31,Corporate Tax Consulting,998231,8905375933585
Standard Tax Audit (U/s 44AB) - Company,TAX-04195,GST,18,5832.83,16693.0,15,Financial Auditing Services,998221,8900746723979
Retainer Individual ITR-1 / ITR-2 Filing - Salaried Single Form 16,TAX-04196,GST,18,521.5,1156.0,16,Individual Tax Preparation,998232,8907605955870
Basic PF & ESI Registration and Returns - Annual Package,TAX-04197,GST,18,2044.65,6877.0,62,Payroll & Compliance Services,998223,8909673254966
Comprehensive Forensic Audit & Fraud Investigation - Basic Assessment,TAX-04198,GST,18,19061.32,51548.0,73,Financial Auditing Services,998221,8902380571216
Turnkey Monthly GST Return Filing (GSTR 1 & 3B) - High Volume,TAX-04199,GST,18,3303.46,8520.0,90,Corporate Tax Consulting,998231,8902734289042
ROC Annual Compliance Filing - Fast Track Strike Off,TAX-04200,GST,18,4379.06,11347.0,10,Corporate Tax Consulting,998231,8906889589932
Stock & Inventory Audit - Single Location,TAX-04201,GST,18,7804.11,24278.0,34,Financial Auditing Services,998221,8900442179534
Advanced NRI Tax Advisory & Filing - DTAA Benefit Filing,TAX-04202,GST,18,3164.53,9880.0,46,Individual Tax Preparation,998232,8904624044163
Advanced Forensic Audit & Fraud Investigation - Detailed Investigation,TAX-04203,GST,18,89487.27,244333.0,16,Financial Auditing Services,998221,8900337904742
Premium Internal Audit & Risk Assessment - Annual,TAX-04204,GST,18,12238.23,40514.0,60,Financial Auditing Services,998221,8900580856902
Premium Individual ITR-1 / ITR-2 Filing - Multiple Form 16 + Capital Gains,TAX-04205,GST,18,570.94,1576.0,11,Individual Tax Preparation,998232,8907242075308
Comprehensive GST Annual Return (GSTR-9/9C) - Turnover < 2Cr,TAX-04206,GST,18,5122.39,14844.0,60,Corporate Tax Consulting,998231,8907349586015
Dedicated Statutory Audit Services - Corporate Entity,TAX-04207,GST,18,60102.33,149289.0,44,Financial Auditing Services,998221,8909146516792
Standard Internal Audit & Risk Assessment - Half-Yearly,TAX-04208,GST,18,13514.83,46390.0,50,Financial Auditing Services,998221,8902617186709
Managed ROC Annual Compliance Filing - AOC-4 & MGT-7,TAX-04209,GST,18,5117.0,10442.0,18,Corporate Tax Consulting,998231,8906485471332
Express End-to-End Payroll Processing - Upto 150 Employees,TAX-04210,GST,18,8966.85,20742.0,80,Payroll & Compliance Services,998223,8901300436256
Basic Individual ITR-1 / ITR-2 Filing - Multiple Form 16 + Capital Gains,TAX-04211,GST,18,645.48,1914.0,87,Individual Tax Preparation,998232,8903058187624
Turnkey Tax Audit (U/s 44AB) - Partnership Firm,TAX-04212,GST,18,3894.76,12693.0,14,Financial Auditing Services,998221,8906195816189
Dedicated Cloud Accounting Setup (Tally/Zoho) - Advanced Integration,TAX-04213,GST,18,4072.25,10758.0,59,Accounting & Bookkeeping Services,998222,8901450181878
Managed End-to-End Payroll Processing - Upto 20 Employees,TAX-04214,GST,18,3095.9,9504.0,59,Payroll & Compliance Services,998223,8901251426189
Standard Internal Audit & Risk Assessment - Half-Yearly,TAX-04215,GST,18,12555.34,38557.0,18,Financial Auditing Services,998221,8902193387300
GST Registration & Advisory - Standard Business,TAX-04216,GST,18,1165.64,3959.0,74,Corporate Tax Consulting,998231,8909795737756
Retainer End-to-End Payroll Processing - Upto 20 Employees,TAX-04217,GST,18,4447.95,10951.0,27,Payroll & Compliance Services,998223,8900725940376
Standard TDS & TCS Return Filing - Form 27Q,TAX-04218,GST,18,1332.51,3138.0,12,Payroll & Compliance Services,998223,8909845522554
Comprehensive NRI Tax Advisory & Filing - Standard Consultation,TAX-04219,GST,18,2412.84,8438.0,19,Individual Tax Preparation,998232,8904136325586
Basic Internal Audit & Risk Assessment - Quarterly,TAX-04220,GST,18,21787.77,50555.0,54,Financial Auditing Services,998221,8906131113723
Retainer GST Annual Return (GSTR-9/9C) - Turnover < 2Cr,TAX-04221,GST,18,3896.42,13353.0,37,Corporate Tax Consulting,998231,8905221111890
Retainer Business & Professional ITR-3 / ITR-4 - Presumptive Taxation,TAX-04222,GST,18,1641.0,4685.0,38,Individual Tax Preparation,998232,8903091389198
Premium GST Registration & Advisory - Standard Business,TAX-04223,GST,18,1710.23,5531.0,75,Corporate Tax Consulting,998231,8902896818143
Comprehensive Bank Reconciliation Services - Annual Cleanup,TAX-04224,GST,18,2723.61,6461.0,57,Accounting & Bookkeeping Services,998222,8908805887796
Turnkey Individual ITR-1 / ITR-2 Filing - Multiple Form 16 + Capital Gains,TAX-04225,GST,18,566.71,1617.0,32,Individual Tax Preparation,998232,8904464423598
Premium Corporate Income Tax Return (ITR-6) - Complex with Transfer Pricing,TAX-04226,GST,18,20930.84,71580.0,84,Corporate Tax Consulting,998231,8902702907542
Standard Bank Reconciliation Services - Monthly,TAX-04227,GST,18,1842.03,4753.0,83,Accounting & Bookkeeping Services,998222,8908363915965
Advance Tax Calculation & Advisory - One-Time Analysis,TAX-04228,GST,18,621.14,2125.0,44,Individual Tax Preparation,998232,8900348454536
ROC Annual Compliance Filing - AOC-4 & MGT-7,TAX-04229,GST,18,4205.45,14133.0,34,Corporate Tax Consulting,998231,8903457081175
Standard Advance Tax Calculation & Advisory - One-Time Analysis,TAX-04230,GST,18,1047.16,2552.0,94,Individual Tax Preparation,998232,8906658490895
Managed GST Registration & Advisory - Standard Business,TAX-04231,GST,18,1700.13,3697.0,42,Corporate Tax Consulting,998231,8900223596065
Comprehensive NRI Tax Advisory & Filing - DTAA Benefit Filing,TAX-04232,GST,18,2264.16,7111.0,56,Individual Tax Preparation,998232,8900944360488
Retainer Professional Tax (PT) Compliance - Registration,TAX-04233,GST,18,880.75,2137.0,66,Payroll & Compliance Services,998223,8905768263690
Basic Stock & Inventory Audit - Multi-Location,TAX-04234,GST,18,19542.1,40470.0,64,Financial Auditing Services,998221,8905907746743
Express Bank Reconciliation Services - Monthly,TAX-04235,GST,18,2148.07,5767.0,51,Accounting & Bookkeeping Services,998222,8905501333431
Managed Monthly GST Return Filing (GSTR 1 & 3B) - High Volume,TAX-04236,GST,18,2939.74,8624.0,64,Corporate Tax Consulting,998231,8903188534026
Dedicated Statutory Audit Services - Small Business,TAX-04237,GST,18,10768.86,35180.0,29,Financial Auditing Services,998221,8906323107857
Turnkey ROC Annual Compliance Filing - Fast Track Strike Off,TAX-04238,GST,18,5100.63,10446.0,47,Corporate Tax Consulting,998231,8902011866827
Advanced Financial Statement Preparation (P&L/BS) - Proprietorship,TAX-04239,GST,18,3894.1,12347.0,79,Accounting & Bookkeeping Services,998222,8901497741818
Financial Statement Preparation (P&L/BS) - Proprietorship,TAX-04240,GST,18,4375.62,14669.0,23,Accounting & Bookkeeping Services,998222,8903194828827
Basic Monthly GST Return Filing (GSTR 1 & 3B) - Standard B2B/B2C,TAX-04241,GST,18,1500.39,3593.0,39,Corporate Tax Consulting,998231,8905718868354
Advanced Monthly GST Return Filing (GSTR 1 & 3B) - Standard B2B/B2C,TAX-04242,GST,18,1338.06,2899.0,98,Corporate Tax Consulting,998231,8907274793198
Comprehensive Forensic Audit & Fraud Investigation - Basic Assessment,TAX-04243,GST,18,16823.62,44346.0,75,Financial Auditing Services,998221,8901215542373
Advance Tax Calculation & Advisory - One-Time Analysis,TAX-04244,GST,18,1133.29,2301.0,96,Individual Tax Preparation,998232,8901458861364
Dedicated Cloud Accounting Setup (Tally/Zoho) - Basic Setup,TAX-04245,GST,18,2344.01,7789.0,14,Accounting & Bookkeeping Services,998222,8906328775548
Advanced End-to-End Payroll Processing - Upto 20 Employees,TAX-04246,GST,18,2727.55,8750.0,97,Payroll & Compliance Services,998223,8909979885760
Turnkey Stock & Inventory Audit - Multi-Location,TAX-04247,GST,18,13086.24,45249.0,97,Financial Auditing Services,998221,8907939927836
Express Forensic Audit & Fraud Investigation - Basic Assessment,TAX-04248,GST,18,16584.14,50086.0,78,Financial Auditing Services,998221,8909207983381
Turnkey Statutory Audit Services - Small Business,TAX-04249,GST,18,15363.24,37190.0,74,Financial Auditing Services,998221,8903195264674
Basic TDS & TCS Return Filing - Form 26Q,TAX-04250,GST,18,1249.58,4073.0,28,Payroll & Compliance Services,998223,8905054678848
Express Individual ITR-1 / ITR-2 Filing - Multiple Form 16 + Capital Gains,TAX-04251,GST,18,532.6,1448.0,33,Individual Tax Preparation,998232,8900028923437
Advanced Tax Audit (U/s 44AB) - Individual/HUF,TAX-04252,GST,18,4879.93,13444.0,75,Financial Auditing Services,998221,8900137249288
Express End-to-End Payroll Processing - Upto 150 Employees,TAX-04253,GST,18,5713.88,18027.0,50,Payroll & Compliance Services,998223,8907385375122
Standard Forensic Audit & Fraud Investigation - Basic Assessment,TAX-04254,GST,18,23494.89,58185.0,83,Financial Auditing Services,998221,8908056022247
Internal Audit & Risk Assessment - Quarterly,TAX-04255,GST,18,16618.45,50431.0,40,Financial Auditing Services,998221,8903780068409
Express Corporate Income Tax Return (ITR-6) - Standard,TAX-04256,GST,18,10653.58,30262.0,56,Corporate Tax Consulting,998231,8905507932008
Advanced Cloud Accounting Setup (Tally/Zoho) - Advanced Integration,TAX-04257,GST,18,4447.35,13688.0,25,Accounting & Bookkeeping Services,998222,8903061085570
Basic End-to-End Payroll Processing - Upto 150 Employees,TAX-04258,GST,18,9021.7,18068.0,58,Payroll & Compliance Services,998223,8904151182224
Comprehensive Internal Audit & Risk Assessment - Annual,TAX-04259,GST,18,16365.79,46899.0,17,Financial Auditing Services,998221,8901023232139
Retainer Business & Professional ITR-3 / ITR-4 - Regular Accounts,TAX-04260,GST,18,2314.53,5612.0,33,Individual Tax Preparation,998232,8907350221491
Standard GST Registration & Advisory - Standard Business,TAX-04261,GST,18,1513.14,4949.0,53,Corporate Tax Consulting,998231,8903210597842
Individual ITR-1 / ITR-2 Filing - Multiple Form 16 + Capital Gains,TAX-04262,GST,18,625.95,1849.0,25,Individual Tax Preparation,998232,8909419979817
Monthly GST Return Filing (GSTR 1 & 3B) - Nil Return,TAX-04263,GST,18,476.33,1535.0,23,Corporate Tax Consulting,998231,8901543167014
Statutory Audit Services - Medium Enterprise,TAX-04264,GST,18,50033.6,161130.0,76,Financial Auditing Services,998221,8902064562009
Managed Business & Professional ITR-3 / ITR-4 - Presumptive Taxation,TAX-04265,GST,18,1279.03,4029.0,28,Individual Tax Preparation,998232,8909397252056
Express Professional Tax (PT) Compliance - Annual Filing,TAX-04266,GST,18,872.15,2896.0,64,Payroll & Compliance Services,998223,8907127944013
Managed Tax Audit (U/s 44AB) - Company,TAX-04267,GST,18,4060.39,12980.0,41,Financial Auditing Services,998221,8902497073068
Retainer ROC Annual Compliance Filing - Fast Track Strike Off,TAX-04268,GST,18,4516.55,14639.0,83,Corporate Tax Consulting,998231,8902022854040
Turnkey Financial Statement Preparation (P&L/BS) - Proprietorship,TAX-04269,GST,18,5814.17,18480.0,76,Accounting & Bookkeeping Services,998222,8904501562258
Premium End-to-End Payroll Processing - Upto 150 Employees,TAX-04270,GST,18,7417.8,18067.0,92,Payroll & Compliance Services,998223,8909827814705
Corporate Income Tax Return (ITR-6) - Complex with Transfer Pricing,TAX-04271,GST,18,19446.31,53003.0,84,Corporate Tax Consulting,998231,8901269815334
Retainer PF & ESI Registration and Returns - Monthly Retainer,TAX-04272,GST,18,2461.76,5693.0,88,Payroll & Compliance Services,998223,8902697883310
Dedicated Monthly Bookkeeping Retainer - Enterprise Plan,TAX-04273,GST,18,11078.34,22876.0,56,Accounting & Bookkeeping Services,998222,8906459803440
Dedicated TDS & TCS Return Filing - Form 26Q,TAX-04274,GST,18,1268.08,4085.0,20,Payroll & Compliance Services,998223,8909743950444
Express Business & Professional ITR-3 / ITR-4 - Presumptive Taxation,TAX-04275,GST,18,1788.92,4437.0,44,Individual Tax Preparation,998232,8909128311794
Comprehensive NRI Tax Advisory & Filing - DTAA Benefit Filing,TAX-04276,GST,18,2575.36,7135.0,28,Individual Tax Preparation,998232,8909958742796
Express Monthly Bookkeeping Retainer - SME Plan,TAX-04277,GST,18,3038.91,9832.0,53,Accounting & Bookkeeping Services,998222,8900947864163
Premium Business & Professional ITR-3 / ITR-4 - Presumptive Taxation,TAX-04278,GST,18,1677.58,5844.0,82,Individual Tax Preparation,998232,8902512118946
Standard Cloud Accounting Setup (Tally/Zoho) - Basic Setup,TAX-04279,GST,18,2192.91,7323.0,57,Accounting & Bookkeeping Services,998222,8905636300433
Dedicated End-to-End Payroll Processing - Upto 20 Employees,TAX-04280,GST,18,4086.0,9982.0,68,Payroll & Compliance Services,998223,8905569414673
PF & ESI Registration and Returns - Monthly Retainer,TAX-04281,GST,18,2836.12,7302.0,29,Payroll & Compliance Services,998223,8905774161656
Turnkey Corporate Income Tax Return (ITR-6) - Complex with Transfer Pricing,TAX-04282,GST,18,22989.91,59686.0,41,Corporate Tax Consulting,998231,8906558617110
Managed ROC Annual Compliance Filing - Fast Track Strike Off,TAX-04283,GST,18,4493.3,13025.0,88,Corporate Tax Consulting,998231,8902496234436
Standard Business & Professional ITR-3 / ITR-4 - Regular Accounts,TAX-04284,GST,18,1920.17,4375.0,77,Individual Tax Preparation,998232,8903794774173
Premium Cloud Accounting Setup (Tally/Zoho) - Advanced Integration,TAX-04285,GST,18,2998.51,10295.0,78,Accounting & Bookkeeping Services,998222,8906760534503
End-to-End Payroll Processing - Upto 50 Employees,TAX-04286,GST,18,3906.06,11698.0,56,Payroll & Compliance Services,998223,8904980618464
Premium Advance Tax Calculation & Advisory - One-Time Analysis,TAX-04287,GST,18,854.55,2566.0,57,Individual Tax Preparation,998232,8907646036324
Turnkey Virtual CFO Services - Dedicated (40 hours),TAX-04288,GST,18,34937.96,96044.0,89,Accounting & Bookkeeping Services,998222,8902173665667
Turnkey Virtual CFO Services - Part-time (20 hours),TAX-04289,GST,18,23826.33,75388.0,15,Accounting & Bookkeeping Services,998222,8907277236576
Turnkey Tax Audit (U/s 44AB) - Partnership Firm,TAX-04290,GST,18,4962.94,15084.0,70,Financial Auditing Services,998221,8901640226123
Managed TDS & TCS Return Filing - Form 26Q,TAX-04291,GST,18,1023.51,3105.0,86,Payroll & Compliance Services,998223,8901764826148
Express Statutory Audit Services - Corporate Entity,TAX-04292,GST,18,62363.98,156552.0,92,Financial Auditing Services,998221,8907818338070
Dedicated Cloud Accounting Setup (Tally/Zoho) - Basic Setup,TAX-04293,GST,18,2732.82,7178.0,71,Accounting & Bookkeeping Services,998222,8900533085198
Premium Virtual CFO Services - Dedicated (40 hours),TAX-04294,GST,18,41420.64,107855.0,33,Accounting & Bookkeeping Services,998222,8904989569110
Express Monthly Bookkeeping Retainer - Enterprise Plan,TAX-04295,GST,18,8042.27,20409.0,59,Accounting & Bookkeeping Services,998222,8903804044161
Basic GST Annual Return (GSTR-9/9C) - Turnover < 2Cr,TAX-04296,GST,18,6932.43,17997.0,51,Corporate Tax Consulting,998231,8904853961048
Dedicated Stock & Inventory Audit - Single Location,TAX-04297,GST,18,8996.91,24451.0,43,Financial Auditing Services,998221,8909875840249
Standard Virtual CFO Services - Dedicated (40 hours),TAX-04298,GST,18,46674.6,131048.0,86,Accounting & Bookkeeping Services,998222,8902793544458
Managed Individual ITR-1 / ITR-2 Filing - Multiple Form 16 + Capital Gains,TAX-04299,GST,18,816.2,1880.0,17,Individual Tax Preparation,998232,8901995261457
Dedicated Business & Professional ITR-3 / ITR-4 - Regular Accounts,TAX-04300,GST,18,2017.08,5250.0,39,Individual Tax Preparation,998232,8906305128163
Basic ROC Annual Compliance Filing - Fast Track Strike Off,TAX-04301,GST,18,4298.96,14875.0,41,Corporate Tax Consulting,998231,8903385683695
Standard GST Registration & Advisory - Standard Business,TAX-04302,GST,18,2116.71,4341.0,100,Corporate Tax Consulting,998231,8903431629235
Basic Monthly GST Return Filing (GSTR 1 & 3B) - Nil Return,TAX-04303,GST,18,731.39,1676.0,57,Corporate Tax Consulting,998231,8907120574921
Premium Virtual CFO Services - Dedicated (40 hours),TAX-04304,GST,18,46883.3,106914.0,88,Accounting & Bookkeeping Services,998222,8907287024564
PF & ESI Registration and Returns - Monthly Retainer,TAX-04305,GST,18,2708.43,7328.0,91,Payroll & Compliance Services,998223,8909070096089
Advanced GST Annual Return (GSTR-9/9C) - Turnover > 5Cr,TAX-04306,GST,18,10184.03,34272.0,85,Corporate Tax Consulting,998231,8903457161563
Turnkey Financial Statement Preparation (P&L/BS) - Proprietorship,TAX-04307,GST,18,8055.98,17092.0,99,Accounting & Bookkeeping Services,998222,8901323123036
Retainer Monthly GST Return Filing (GSTR 1 & 3B) - Standard B2B/B2C,TAX-04308,GST,18,1205.64,2825.0,15,Corporate Tax Consulting,998231,8908169035034
Comprehensive Monthly Bookkeeping Retainer - SME Plan,TAX-04309,GST,18,2891.66,8430.0,77,Accounting & Bookkeeping Services,998222,8900424851168
Standard Business & Professional ITR-3 / ITR-4 - Presumptive Taxation,TAX-04310,GST,18,1637.71,5430.0,41,Individual Tax Preparation,998232,8906785873346
Turnkey GST Annual Return (GSTR-9/9C) - Turnover > 5Cr,TAX-04311,GST,18,13666.65,39956.0,16,Corporate Tax Consulting,998231,8900737038774
Retainer Corporate Income Tax Return (ITR-6) - Standard,TAX-04312,GST,18,13971.33,28296.0,76,Corporate Tax Consulting,998231,8902570445542
Business & Professional ITR-3 / ITR-4 - Regular Accounts,TAX-04313,GST,18,1387.29,4752.0,90,Individual Tax Preparation,998232,8904210943805
Retainer Professional Tax (PT) Compliance - Annual Filing,TAX-04314,GST,18,1165.81,2738.0,25,Payroll & Compliance Services,998223,8908608075393
Managed NRI Tax Advisory & Filing - DTAA Benefit Filing,TAX-04315,GST,18,2753.1,9450.0,11,Individual Tax Preparation,998232,8900427098396
Retainer TDS & TCS Return Filing - Form 27Q,TAX-04316,GST,18,1507.03,4336.0,48,Payroll & Compliance Services,998223,8903380536347
Retainer Forensic Audit & Fraud Investigation - Detailed Investigation,TAX-04317,GST,18,51741.03,164073.0,66,Financial Auditing Services,998221,8908054452925
Express Business & Professional ITR-3 / ITR-4 - Regular Accounts,TAX-04318,GST,18,1362.62,3842.0,81,Individual Tax Preparation,998232,8907459218931
Managed Tax Audit (U/s 44AB) - Company,TAX-04319,GST,18,5363.87,14916.0,86,Financial Auditing Services,998221,8904618416571
Managed End-to-End Payroll Processing - Upto 150 Employees,TAX-04320,GST,18,7467.52,22503.0,49,Payroll & Compliance Services,998223,8901056632624
Comprehensive Monthly GST Return Filing (GSTR 1 & 3B) - Nil Return,TAX-04321,GST,18,910.29,2285.0,97,Corporate Tax Consulting,998231,8907865357866
Turnkey GST Annual Return (GSTR-9/9C) - Turnover < 2Cr,TAX-04322,GST,18,8956.6,18291.0,28,Corporate Tax Consulting,998231,8901124586154
Advanced ROC Annual Compliance Filing - Fast Track Strike Off,TAX-04323,GST,18,6383.08,13736.0,96,Corporate Tax Consulting,998231,8905199683276
Retainer Virtual CFO Services - Part-time (20 hours),TAX-04324,GST,18,22460.1,52314.0,24,Accounting & Bookkeeping Services,998222,8900596023398
Basic Tax Audit (U/s 44AB) - Partnership Firm,TAX-04325,GST,18,4803.55,13143.0,33,Financial Auditing Services,998221,8902437581162
Standard Professional Tax (PT) Compliance - Annual Filing,TAX-04326,GST,18,1248.48,2629.0,44,Payroll & Compliance Services,998223,8907771631593
Comprehensive Individual ITR-1 / ITR-2 Filing - Multiple Form 16 + Capital Gains,TAX-04327,GST,18,503.28,1688.0,75,Individual Tax Preparation,998232,8906118919283
Comprehensive TDS & TCS Return Filing - Form 24Q,TAX-04328,GST,18,1159.2,3559.0,15,Payroll & Compliance Services,998223,8908358897435
Dedicated End-to-End Payroll Processing - Upto 150 Employees,TAX-04329,GST,18,7572.03,21375.0,30,Payroll & Compliance Services,998223,8900495492876
Managed Corporate Income Tax Return (ITR-6) - Complex with Transfer Pricing,TAX-04330,GST,18,19158.01,59870.0,62,Corporate Tax Consulting,998231,8906881453924
Basic Internal Audit & Risk Assessment - Annual,TAX-04331,GST,18,18302.49,41769.0,32,Financial Auditing Services,998221,8906408194448
Premium Individual ITR-1 / ITR-2 Filing - Salaried Single Form 16,TAX-04332,GST,18,431.54,954.0,69,Individual Tax Preparation,998232,8903599192157
Advanced Advance Tax Calculation & Advisory - One-Time Analysis,TAX-04333,GST,18,713.47,2312.0,30,Individual Tax Preparation,998232,8909612052870
Premium Statutory Audit Services - Corporate Entity,TAX-04334,GST,18,35458.86,123542.0,64,Financial Auditing Services,998221,8905212256244
Comprehensive Financial Statement Preparation (P&L/BS) - Private Limited,TAX-04335,GST,18,5333.64,18288.0,14,Accounting & Bookkeeping Services,998222,8906654566703
Premium GST Registration & Advisory - E-commerce/Multi-State,TAX-04336,GST,18,1806.3,3751.0,57,Corporate Tax Consulting,998231,8905753882578
Standard PF & ESI Registration and Returns - Annual Package,TAX-04337,GST,18,2847.39,7726.0,19,Payroll & Compliance Services,998223,8908569117818
Retainer Advance Tax Calculation & Advisory - One-Time Analysis,TAX-04338,GST,18,929.84,2361.0,85,Individual Tax Preparation,998232,8901862393784
Standard Stock & Inventory Audit - Multi-Location,TAX-04339,GST,18,14419.03,39151.0,54,Financial Auditing Services,998221,8906210004719
End-to-End Payroll Processing - Upto 50 Employees,TAX-04340,GST,18,3638.91,9643.0,53,Payroll & Compliance Services,998223,8909003708614
Standard Monthly GST Return Filing (GSTR 1 & 3B) - High Volume,TAX-04341,GST,18,1947.31,6203.0,68,Corporate Tax Consulting,998231,8904237837623
Premium Tax Audit (U/s 44AB) - Partnership Firm,TAX-04342,GST,18,5639.0,19496.0,60,Financial Auditing Services,998221,8900562926692
Premium Financial Statement Preparation (P&L/BS) - Proprietorship,TAX-04343,GST,18,5559.84,19391.0,39,Accounting & Bookkeeping Services,998222,8904214876302
Retainer Advance Tax Calculation & Advisory - Quarterly Retainer,TAX-04344,GST,18,604.99,1710.0,35,Individual Tax Preparation,998232,8901968853591
Bank Reconciliation Services - Monthly,TAX-04345,GST,18,1846.14,5071.0,46,Accounting & Bookkeeping Services,998222,8907888245919
Basic Advance Tax Calculation & Advisory - Quarterly Retainer,TAX-04346,GST,18,831.4,1813.0,72,Individual Tax Preparation,998232,8902328823927
Basic TDS & TCS Return Filing - Form 24Q,TAX-04347,GST,18,1603.52,4343.0,57,Payroll & Compliance Services,998223,8905440547553
Basic Bank Reconciliation Services - Monthly,TAX-04348,GST,18,1554.24,5053.0,15,Accounting & Bookkeeping Services,998222,8907024991410
Retainer GST Registration & Advisory - E-commerce/Multi-State,TAX-04349,GST,18,1627.07,4633.0,73,Corporate Tax Consulting,998231,8905360045457
Managed NRI Tax Advisory & Filing - Standard Consultation,TAX-04350,GST,18,4198.08,9846.0,37,Individual Tax Preparation,998232,8907326953724
Managed TDS & TCS Return Filing - Form 27Q,TAX-04351,GST,18,1864.62,4066.0,30,Payroll & Compliance Services,998223,8906951436920
Comprehensive Stock & Inventory Audit - Single Location,TAX-04352,GST,18,8419.52,25913.0,75,Financial Auditing Services,998221,8905340297089
Premium PF & ESI Registration and Returns - Annual Package,TAX-04353,GST,18,2543.03,7617.0,14,Payroll & Compliance Services,998223,8901374896782
Turnkey Monthly GST Return Filing (GSTR 1 & 3B) - Standard B2B/B2C,TAX-04354,GST,18,1383.67,3313.0,18,Corporate Tax Consulting,998231,8900599318044
Premium ROC Annual Compliance Filing - Fast Track Strike Off,TAX-04355,GST,18,3618.92,11566.0,98,Corporate Tax Consulting,998231,8905159490603
Managed Professional Tax (PT) Compliance - Registration,TAX-04356,GST,18,965.68,3222.0,19,Payroll & Compliance Services,998223,8900500917195
Retainer Financial Statement Preparation (P&L/BS) - Proprietorship,TAX-04357,GST,18,6927.61,18648.0,43,Accounting & Bookkeeping Services,998222,8900898847975
Standard Monthly Bookkeeping Retainer - Enterprise Plan,TAX-04358,GST,18,5969.1,19625.0,51,Accounting & Bookkeeping Services,998222,8901643398288
Premium Financial Statement Preparation (P&L/BS) - Private Limited,TAX-04359,GST,18,4586.46,12304.0,23,Accounting & Bookkeeping Services,998222,8908868287571
Advance Tax Calculation & Advisory - Quarterly Retainer,TAX-04360,GST,18,1036.65,2374.0,97,Individual Tax Preparation,998232,8907557861658
Basic End-to-End Payroll Processing - Upto 150 Employees,TAX-04361,GST,18,10664.44,21921.0,89,Payroll & Compliance Services,998223,8903220646206
Express GST Annual Return (GSTR-9/9C) - Turnover < 2Cr,TAX-04362,GST,18,8173.78,19295.0,20,Corporate Tax Consulting,998231,8909410282963
Turnkey Individual ITR-1 / ITR-2 Filing - Salaried Single Form 16,TAX-04363,GST,18,297.12,860.0,93,Individual Tax Preparation,998232,8902803151226
Managed End-to-End Payroll Processing - Upto 150 Employees,TAX-04364,GST,18,6463.35,18565.0,92,Payroll & Compliance Services,998223,8902578363681
Dedicated Cloud Accounting Setup (Tally/Zoho) - Basic Setup,TAX-04365,GST,18,3709.81,8246.0,51,Accounting & Bookkeeping Services,998222,8902600118123
Retainer Forensic Audit & Fraud Investigation - Basic Assessment,TAX-04366,GST,18,15763.92,51031.0,81,Financial Auditing Services,998221,8900122124365
Standard Monthly Bookkeeping Retainer - Startup Plan,TAX-04367,GST,18,2037.18,6527.0,44,Accounting & Bookkeeping Services,998222,8905205009911
Dedicated Advance Tax Calculation & Advisory - Quarterly Retainer,TAX-04368,GST,18,760.67,2104.0,57,Individual Tax Preparation,998232,8901115041225
Comprehensive Statutory Audit Services - Small Business,TAX-04369,GST,18,14004.85,37581.0,52,Financial Auditing Services,998221,8900826703909
Premium Monthly GST Return Filing (GSTR 1 & 3B) - High Volume,TAX-04370,GST,18,2651.1,7646.0,46,Corporate Tax Consulting,998231,8909371910451
Turnkey End-to-End Payroll Processing - Upto 50 Employees,TAX-04371,GST,18,4185.6,11521.0,25,Payroll & Compliance Services,998223,8907561095834
Express Business & Professional ITR-3 / ITR-4 - Regular Accounts,TAX-04372,GST,18,1673.67,3747.0,52,Individual Tax Preparation,998232,8903624799052
Managed Cloud Accounting Setup (Tally/Zoho) - Advanced Integration,TAX-04373,GST,18,3624.49,11626.0,83,Accounting & Bookkeeping Services,998222,8901783563640
Retainer TDS & TCS Return Filing - Form 27Q,TAX-04374,GST,18,1039.03,2928.0,54,Payroll & Compliance Services,998223,8907717077576
Standard Monthly GST Return Filing (GSTR 1 & 3B) - Standard B2B/B2C,TAX-04375,GST,18,773.28,2488.0,59,Corporate Tax Consulting,998231,8901042030735
Retainer Virtual CFO Services - Dedicated (40 hours),TAX-04376,GST,18,34233.35,94173.0,51,Accounting & Bookkeeping Services,998222,8909780078616
Retainer Individual ITR-1 / ITR-2 Filing - Salaried Single Form 16,TAX-04377,GST,18,360.95,863.0,69,Individual Tax Preparation,998232,8905507481444
Advanced Virtual CFO Services - Dedicated (40 hours),TAX-04378,GST,18,37399.01,108579.0,61,Accounting & Bookkeeping Services,998222,8906263951981
Basic Virtual CFO Services - Part-time (20 hours),TAX-04379,GST,18,18479.63,56379.0,88,Accounting & Bookkeeping Services,998222,8904155299277
Basic GST Annual Return (GSTR-9/9C) - Turnover < 2Cr,TAX-04380,GST,18,5047.89,14771.0,92,Corporate Tax Consulting,998231,8906160013113
Standard ROC Annual Compliance Filing - Fast Track Strike Off,TAX-04381,GST,18,5123.72,14405.0,94,Corporate Tax Consulting,998231,8909789293090
Dedicated GST Annual Return (GSTR-9/9C) - Turnover < 2Cr,TAX-04382,GST,18,7794.15,16157.0,16,Corporate Tax Consulting,998231,8909062509466
Premium GST Registration & Advisory - E-commerce/Multi-State,TAX-04383,GST,18,1591.61,4537.0,33,Corporate Tax Consulting,998231,8905528897378
End-to-End Payroll Processing - Upto 50 Employees,TAX-04384,GST,18,2422.31,8055.0,84,Payroll & Compliance Services,998223,8900241617723
Basic ROC Annual Compliance Filing - Fast Track Strike Off,TAX-04385,GST,18,2995.9,9793.0,52,Corporate Tax Consulting,998231,8903301925186
Advanced Professional Tax (PT) Compliance - Registration,TAX-04386,GST,18,854.95,2660.0,50,Payroll & Compliance Services,998223,8900231374471
Premium Professional Tax (PT) Compliance - Annual Filing,TAX-04387,GST,18,838.7,2273.0,51,Payroll & Compliance Services,998223,8900074883826
Standard Business & Professional ITR-3 / ITR-4 - Presumptive Taxation,TAX-04388,GST,18,1769.31,3922.0,23,Individual Tax Preparation,998232,8905262076795
Standard Corporate Income Tax Return (ITR-6) - Complex with Transfer Pricing,TAX-04389,GST,18,26397.4,72813.0,86,Corporate Tax Consulting,998231,8907250069736
Express Professional Tax (PT) Compliance - Annual Filing,TAX-04390,GST,18,875.69,2870.0,94,Payroll & Compliance Services,998223,8903151108178
Dedicated Monthly Bookkeeping Retainer - Startup Plan,TAX-04391,GST,18,4644.41,9783.0,89,Accounting & Bookkeeping Services,998222,8900936617658
Managed Individual ITR-1 / ITR-2 Filing - Salaried Single Form 16,TAX-04392,GST,18,315.88,1095.0,63,Individual Tax Preparation,998232,8901712550758
PF & ESI Registration and Returns - Monthly Retainer,TAX-04393,GST,18,2224.43,6236.0,63,Payroll & Compliance Services,998223,8904083444340
Dedicated Virtual CFO Services - Dedicated (40 hours),TAX-04394,GST,18,34433.91,118454.0,17,Accounting & Bookkeeping Services,998222,8908771756635
Basic ROC Annual Compliance Filing - AOC-4 & MGT-7,TAX-04395,GST,18,5276.08,14569.0,78,Corporate Tax Consulting,998231,8906832007386
Managed TDS & TCS Return Filing - Form 24Q,TAX-04396,GST,18,1284.92,2806.0,60,Payroll & Compliance Services,998223,8909928972249
Express GST Annual Return (GSTR-9/9C) - Turnover < 2Cr,TAX-04397,GST,18,7663.68,17846.0,78,Corporate Tax Consulting,998231,8907760131098
Dedicated Monthly GST Return Filing (GSTR 1 & 3B) - Standard B2B/B2C,TAX-04398,GST,18,798.28,2696.0,50,Corporate Tax Consulting,998231,8907182652271
Turnkey Forensic Audit & Fraud Investigation - Detailed Investigation,TAX-04399,GST,18,61322.09,202316.0,65,Financial Auditing Services,998221,8905658404291
Advanced Internal Audit & Risk Assessment - Half-Yearly,TAX-04400,GST,18,16310.94,43662.0,64,Financial Auditing Services,998221,8904567121249
Advance Tax Calculation & Advisory - One-Time Analysis,TAX-04401,GST,18,1179.84,2492.0,55,Individual Tax Preparation,998232,8907213191396
Comprehensive Business & Professional ITR-3 / ITR-4 - Presumptive Taxation,TAX-04402,GST,18,1951.65,5372.0,83,Individual Tax Preparation,998232,8907672207113
Basic End-to-End Payroll Processing - Upto 150 Employees,TAX-04403,GST,18,6147.25,16100.0,85,Payroll & Compliance Services,998223,8904949278367
Managed Corporate Income Tax Return (ITR-6) - Complex with Transfer Pricing,TAX-04404,GST,18,16256.07,55860.0,52,Corporate Tax Consulting,998231,8907195549684
Monthly GST Return Filing (GSTR 1 & 3B) - Standard B2B/B2C,TAX-04405,GST,18,1256.06,3003.0,32,Corporate Tax Consulting,998231,8908177171699
Comprehensive TDS & TCS Return Filing - Form 26Q,TAX-04406,GST,18,1383.43,3931.0,84,Payroll & Compliance Services,998223,8906324700429
Advanced TDS & TCS Return Filing - Form 27Q,TAX-04407,GST,18,1677.08,4535.0,24,Payroll & Compliance Services,998223,8902007316808
Advanced Forensic Audit & Fraud Investigation - Basic Assessment,TAX-04408,GST,18,14270.45,41784.0,86,Financial Auditing Services,998221,8907767532999
Retainer Business & Professional ITR-3 / ITR-4 - Presumptive Taxation,TAX-04409,GST,18,1348.99,4681.0,87,Individual Tax Preparation,998232,8909058841948
Advanced Bank Reconciliation Services - Annual Cleanup,TAX-04410,GST,18,1714.0,5707.0,24,Accounting & Bookkeeping Services,998222,8901880346700
Express GST Registration & Advisory - E-commerce/Multi-State,TAX-04411,GST,18,1279.84,4083.0,72,Corporate Tax Consulting,998231,8903810637072
Premium Stock & Inventory Audit - Multi-Location,TAX-04412,GST,18,17638.31,38898.0,18,Financial Auditing Services,998221,8906340546498
Managed End-to-End Payroll Processing - Upto 20 Employees,TAX-04413,GST,18,4316.02,9736.0,49,Payroll & Compliance Services,998223,8900017550493
Advanced Professional Tax (PT) Compliance - Registration,TAX-04414,GST,18,616.2,2117.0,72,Payroll & Compliance Services,998223,8900153387928
Express Virtual CFO Services - Part-time (20 hours),TAX-04415,GST,18,23185.55,51730.0,40,Accounting & Bookkeeping Services,998222,8908118740074
Comprehensive Cloud Accounting Setup (Tally/Zoho) - Advanced Integration,TAX-04416,GST,18,4148.2,12820.0,42,Accounting & Bookkeeping Services,998222,8903237603567
Advanced Virtual CFO Services - Dedicated (40 hours),TAX-04417,GST,18,55701.06,135275.0,71,Accounting & Bookkeeping Services,998222,8902226472833
Comprehensive Bank Reconciliation Services - Monthly,TAX-04418,GST,18,2701.84,5582.0,97,Accounting & Bookkeeping Services,998222,8903222756175
Business & Professional ITR-3 / ITR-4 - Regular Accounts,TAX-04419,GST,18,1253.33,4212.0,68,Individual Tax Preparation,998232,8903098181924
Comprehensive Bank Reconciliation Services - Monthly,TAX-04420,GST,18,1583.92,5499.0,55,Accounting & Bookkeeping Services,998222,8909752288320
Advanced Business & Professional ITR-3 / ITR-4 - Regular Accounts,TAX-04421,GST,18,2429.25,4990.0,13,Individual Tax Preparation,998232,8909293677851
Advanced TDS & TCS Return Filing - Form 26Q,TAX-04422,GST,18,1434.74,4148.0,46,Payroll & Compliance Services,998223,8904429737268
Basic Cloud Accounting Setup (Tally/Zoho) - Basic Setup,TAX-04423,GST,18,3893.98,9270.0,37,Accounting & Bookkeeping Services,998222,8903755737851
Standard Virtual CFO Services - Part-time (20 hours),TAX-04424,GST,18,15229.2,51213.0,59,Accounting & Bookkeeping Services,998222,8905312645696
Premium Corporate Income Tax Return (ITR-6) - Complex with Transfer Pricing,TAX-04425,GST,18,28266.55,61073.0,71,Corporate Tax Consulting,998231,8901591833335
Monthly GST Return Filing (GSTR 1 & 3B) - High Volume,TAX-04426,GST,18,3587.81,8988.0,25,Corporate Tax Consulting,998231,8903584103411
Financial Statement Preparation (P&L/BS) - Proprietorship,TAX-04427,GST,18,3833.39,13042.0,91,Accounting & Bookkeeping Services,998222,8902201738226
Forensic Audit & Fraud Investigation - Detailed Investigation,TAX-04428,GST,18,74033.38,257908.0,99,Financial Auditing Services,998221,8906630709964
Express Advance Tax Calculation & Advisory - Quarterly Retainer,TAX-04429,GST,18,849.72,2349.0,67,Individual Tax Preparation,998232,8905681929959
Comprehensive Statutory Audit Services - Small Business,TAX-04430,GST,18,11934.08,33275.0,84,Financial Auditing Services,998221,8903835093275
Express Cloud Accounting Setup (Tally/Zoho) - Advanced Integration,TAX-04431,GST,18,4121.84,11339.0,60,Accounting & Bookkeeping Services,998222,8903201306533
Express Cloud Accounting Setup (Tally/Zoho) - Advanced Integration,TAX-04432,GST,18,4670.16,10025.0,81,Accounting & Bookkeeping Services,998222,8906641151644
Basic Corporate Income Tax Return (ITR-6) - Standard,TAX-04433,GST,18,8773.74,27773.0,86,Corporate Tax Consulting,998231,8907826900800
Basic Professional Tax (PT) Compliance - Registration,TAX-04434,GST,18,851.27,2234.0,11,Payroll & Compliance Services,998223,8908884391349
Premium Monthly GST Return Filing (GSTR 1 & 3B) - Nil Return,TAX-04435,GST,18,996.12,2310.0,76,Corporate Tax Consulting,998231,8908931290442
Turnkey Business & Professional ITR-3 / ITR-4 - Presumptive Taxation,TAX-04436,GST,18,1892.79,3880.0,20,Individual Tax Preparation,998232,8900972893821
Standard Monthly Bookkeeping Retainer - Startup Plan,TAX-04437,GST,18,3274.36,10267.0,10,Accounting & Bookkeeping Services,998222,8906097849704
Managed Monthly Bookkeeping Retainer - Enterprise Plan,TAX-04438,GST,18,6633.52,22732.0,96,Accounting & Bookkeeping Services,998222,8906631009453
Comprehensive Stock & Inventory Audit - Multi-Location,TAX-04439,GST,18,13444.92,31220.0,51,Financial Auditing Services,998221,8903271472507
Basic Monthly GST Return Filing (GSTR 1 & 3B) - Nil Return,TAX-04440,GST,18,628.77,2178.0,68,Corporate Tax Consulting,998231,8905094448317
Premium PF & ESI Registration and Returns - Annual Package,TAX-04441,GST,18,3410.0,7196.0,20,Payroll & Compliance Services,998223,8906876307372
Dedicated Bank Reconciliation Services - Annual Cleanup,TAX-04442,GST,18,1918.12,5363.0,61,Accounting & Bookkeeping Services,998222,8903917013898
Comprehensive Individual ITR-1 / ITR-2 Filing - Salaried Single Form 16,TAX-04443,GST,18,301.66,976.0,81,Individual Tax Preparation,998232,8908223358623
Basic PF & ESI Registration and Returns - Monthly Retainer,TAX-04444,GST,18,2162.74,7273.0,26,Payroll & Compliance Services,998223,8902641014423
Turnkey Tax Audit (U/s 44AB) - Partnership Firm,TAX-04445,GST,18,5708.43,17881.0,67,Financial Auditing Services,998221,8906061251743
Premium PF & ESI Registration and Returns - Monthly Retainer,TAX-04446,GST,18,2731.58,6424.0,88,Payroll & Compliance Services,998223,8908893903169
Turnkey Corporate Income Tax Return (ITR-6) - Complex with Transfer Pricing,TAX-04447,GST,18,39486.5,79589.0,29,Corporate Tax Consulting,998231,8906874851176
Advanced GST Registration & Advisory - Standard Business,TAX-04448,GST,18,1469.61,4706.0,97,Corporate Tax Consulting,998231,8906859766469
Express Financial Statement Preparation (P&L/BS) - Private Limited,TAX-04449,GST,18,5774.97,17082.0,15,Accounting & Bookkeeping Services,998222,8902827746948
Dedicated Bank Reconciliation Services - Annual Cleanup,TAX-04450,GST,18,2186.21,5170.0,47,Accounting & Bookkeeping Services,998222,8907820013768
Bank Reconciliation Services - Monthly,TAX-04451,GST,18,2256.15,5306.0,26,Accounting & Bookkeeping Services,998222,8904204653521
Managed GST Registration & Advisory - E-commerce/Multi-State,TAX-04452,GST,18,1222.4,3903.0,68,Corporate Tax Consulting,998231,8909830020304
Managed Cloud Accounting Setup (Tally/Zoho) - Basic Setup,TAX-04453,GST,18,2278.88,7429.0,13,Accounting & Bookkeeping Services,998222,8901215323884
Dedicated Stock & Inventory Audit - Multi-Location,TAX-04454,GST,18,10283.13,34893.0,64,Financial Auditing Services,998221,8902718106319
Advanced NRI Tax Advisory & Filing - DTAA Benefit Filing,TAX-04455,GST,18,4509.4,9383.0,59,Individual Tax Preparation,998232,8907646290651
Comprehensive Corporate Income Tax Return (ITR-6) - Standard,TAX-04456,GST,18,13089.28,32446.0,42,Corporate Tax Consulting,998231,8907370421415
Managed Cloud Accounting Setup (Tally/Zoho) - Advanced Integration,TAX-04457,GST,18,4879.09,15254.0,73,Accounting & Bookkeeping Services,998222,8900009854506
Business & Professional ITR-3 / ITR-4 - Regular Accounts,TAX-04458,GST,18,1977.72,4668.0,36,Individual Tax Preparation,998232,8908123543360
Basic Monthly GST Return Filing (GSTR 1 & 3B) - Nil Return,TAX-04459,GST,18,719.27,1884.0,26,Corporate Tax Consulting,998231,8900707373668
Turnkey Internal Audit & Risk Assessment - Quarterly,TAX-04460,GST,18,16426.6,48690.0,65,Financial Auditing Services,998221,8900790466005
Express PF & ESI Registration and Returns - Monthly Retainer,TAX-04461,GST,18,2285.6,6538.0,34,Payroll & Compliance Services,998223,8904499161590
Express Virtual CFO Services - Dedicated (40 hours),TAX-04462,GST,18,37362.26,124133.0,63,Accounting & Bookkeeping Services,998222,8902255574194
End-to-End Payroll Processing - Upto 150 Employees,TAX-04463,GST,18,11167.62,22975.0,59,Payroll & Compliance Services,998223,8900363409161
Standard ROC Annual Compliance Filing - AOC-4 & MGT-7,TAX-04464,GST,18,3308.43,11072.0,35,Corporate Tax Consulting,998231,8903634528043
Advanced Cloud Accounting Setup (Tally/Zoho) - Advanced Integration,TAX-04465,GST,18,3496.26,11264.0,75,Accounting & Bookkeeping Services,998222,8901649461528
Dedicated ROC Annual Compliance Filing - AOC-4 & MGT-7,TAX-04466,GST,18,5296.9,15458.0,56,Corporate Tax Consulting,998231,8906740794917
Premium Individual ITR-1 / ITR-2 Filing - Multiple Form 16 + Capital Gains,TAX-04467,GST,18,487.81,1702.0,22,Individual Tax Preparation,998232,8902570602982
Standard Bank Reconciliation Services - Annual Cleanup,TAX-04468,GST,18,2301.24,4780.0,62,Accounting & Bookkeeping Services,998222,8907596500021
Turnkey Advance Tax Calculation & Advisory - One-Time Analysis,TAX-04469,GST,18,641.22,1903.0,10,Individual Tax Preparation,998232,8904860165612
Comprehensive Professional Tax (PT) Compliance - Annual Filing,TAX-04470,GST,18,690.71,2415.0,54,Payroll & Compliance Services,998223,8901251628026
Comprehensive Tax Audit (U/s 44AB) - Individual/HUF,TAX-04471,GST,18,5351.56,18098.0,94,Financial Auditing Services,998221,8904746978513
Express ROC Annual Compliance Filing - AOC-4 & MGT-7,TAX-04472,GST,18,3554.87,11245.0,12,Corporate Tax Consulting,998231,8904463580027
Managed Virtual CFO Services - Part-time (20 hours),TAX-04473,GST,18,23348.87,51054.0,27,Accounting & Bookkeeping Services,998222,8901290588841
Business & Professional ITR-3 / ITR-4 - Regular Accounts,TAX-04474,GST,18,1481.76,5023.0,58,Individual Tax Preparation,998232,8903134946078
Express Stock & Inventory Audit - Single Location,TAX-04475,GST,18,5798.04,19376.0,26,Financial Auditing Services,998221,8901938522293
Comprehensive Statutory Audit Services - Medium Enterprise,TAX-04476,GST,18,72219.32,153031.0,56,Financial Auditing Services,998221,8904797049988
Comprehensive Monthly Bookkeeping Retainer - Enterprise Plan,TAX-04477,GST,18,5406.2,16173.0,50,Accounting & Bookkeeping Services,998222,8903954328451
Retainer Virtual CFO Services - Part-time (20 hours),TAX-04478,GST,18,22187.53,61743.0,75,Accounting & Bookkeeping Services,998222,8904310749148
Comprehensive GST Annual Return (GSTR-9/9C) - Turnover > 5Cr,TAX-04479,GST,18,19077.78,38285.0,10,Corporate Tax Consulting,998231,8909201887069
Express Business & Professional ITR-3 / ITR-4 - Presumptive Taxation,TAX-04480,GST,18,1633.23,3932.0,20,Individual Tax Preparation,998232,8901628016807
Express Cloud Accounting Setup (Tally/Zoho) - Basic Setup,TAX-04481,GST,18,2913.12,7429.0,92,Accounting & Bookkeeping Services,998222,8900772188906
Corporate Income Tax Return (ITR-6) - Standard,TAX-04482,GST,18,9509.53,24178.0,57,Corporate Tax Consulting,998231,8903400267161
Managed Monthly GST Return Filing (GSTR 1 & 3B) - Standard B2B/B2C,TAX-04483,GST,18,954.59,2876.0,82,Corporate Tax Consulting,998231,8905431611869
Comprehensive Individual ITR-1 / ITR-2 Filing - Multiple Form 16 + Capital Gains,TAX-04484,GST,18,777.16,1689.0,57,Individual Tax Preparation,998232,8909293004492
Turnkey Virtual CFO Services - Dedicated (40 hours),TAX-04485,GST,18,45787.3,129453.0,69,Accounting & Bookkeeping Services,998222,8906166118570
Express Statutory Audit Services - Small Business,TAX-04486,GST,18,7760.63,26353.0,70,Financial Auditing Services,998221,8903786655719
Comprehensive TDS & TCS Return Filing - Form 26Q,TAX-04487,GST,18,1658.52,3792.0,18,Payroll & Compliance Services,998223,8903865176737
Dedicated Financial Statement Preparation (P&L/BS) - Proprietorship,TAX-04488,GST,18,5714.87,18275.0,13,Accounting & Bookkeeping Services,998222,8906359312151
Express Statutory Audit Services - Corporate Entity,TAX-04489,GST,18,74321.07,160710.0,89,Financial Auditing Services,998221,8909824861311
Retainer Internal Audit & Risk Assessment - Half-Yearly,TAX-04490,GST,18,12056.1,32525.0,98,Financial Auditing Services,998221,8901091204593
Express Advance Tax Calculation & Advisory - One-Time Analysis,TAX-04491,GST,18,979.37,2512.0,76,Individual Tax Preparation,998232,8904535468196
Monthly GST Return Filing (GSTR 1 & 3B) - Nil Return,TAX-04492,GST,18,648.81,1483.0,66,Corporate Tax Consulting,998231,8903637570815
Managed Stock & Inventory Audit - Single Location,TAX-04493,GST,18,6322.17,20950.0,38,Financial Auditing Services,998221,8903682614464
Dedicated TDS & TCS Return Filing - Form 26Q,TAX-04494,GST,18,2077.32,4362.0,15,Payroll & Compliance Services,998223,8902668974275
Retainer GST Registration & Advisory - E-commerce/Multi-State,TAX-04495,GST,18,2358.95,4940.0,57,Corporate Tax Consulting,998231,8905291653979
Advanced TDS & TCS Return Filing - Form 26Q,TAX-04496,GST,18,938.89,2817.0,52,Payroll & Compliance Services,998223,8908668492725
Retainer TDS & TCS Return Filing - Form 24Q,TAX-04497,GST,18,972.79,3131.0,29,Payroll & Compliance Services,998223,8904023089122
Express NRI Tax Advisory & Filing - Standard Consultation,TAX-04498,GST,18,2361.36,8160.0,50,Individual Tax Preparation,998232,8900102394142
Express Individual ITR-1 / ITR-2 Filing - Salaried Single Form 16,TAX-04499,GST,18,392.24,856.0,71,Individual Tax Preparation,998232,8904919283249
Premium End-to-End Payroll Processing - Upto 20 Employees,TAX-04500,GST,18,4148.71,10953.0,99,Payroll & Compliance Services,998223,8907024911699
Bank Reconciliation Services - Annual Cleanup,TAX-04501,GST,18,2012.69,5393.0,63,Accounting & Bookkeeping Services,998222,8902974679307
Managed Monthly Bookkeeping Retainer - Enterprise Plan,TAX-04502,GST,18,10794.38,24432.0,92,Accounting & Bookkeeping Services,998222,8909279006846
Basic PF & ESI Registration and Returns - Annual Package,TAX-04503,GST,18,1906.05,5703.0,59,Payroll & Compliance Services,998223,8903587311135
Retainer PF & ESI Registration and Returns - Annual Package,TAX-04504,GST,18,2466.86,5948.0,62,Payroll & Compliance Services,998223,8904431328156
Retainer Internal Audit & Risk Assessment - Half-Yearly,TAX-04505,GST,18,10764.65,35713.0,94,Financial Auditing Services,998221,8902904608467
Comprehensive End-to-End Payroll Processing - Upto 50 Employees,TAX-04506,GST,18,2982.11,9439.0,15,Payroll & Compliance Services,998223,8901879997179
Retainer Stock & Inventory Audit - Multi-Location,TAX-04507,GST,18,8901.94,30264.0,30,Financial Auditing Services,998221,8907711527507
Basic Financial Statement Preparation (P&L/BS) - Proprietorship,TAX-04508,GST,18,5458.81,13405.0,60,Accounting & Bookkeeping Services,998222,8903223628197
Standard Individual ITR-1 / ITR-2 Filing - Salaried Single Form 16,TAX-04509,GST,18,300.49,815.0,63,Individual Tax Preparation,998232,8906196719796
Turnkey Advance Tax Calculation & Advisory - Quarterly Retainer,TAX-04510,GST,18,690.02,1773.0,22,Individual Tax Preparation,998232,8904168265970
Comprehensive Forensic Audit & Fraud Investigation - Basic Assessment,TAX-04511,GST,18,18462.76,62149.0,27,Financial Auditing Services,998221,8907121519709
Basic Monthly GST Return Filing (GSTR 1 & 3B) - Standard B2B/B2C,TAX-04512,GST,18,970.03,2564.0,36,Corporate Tax Consulting,998231,8904992842678
Retainer GST Registration & Advisory - E-commerce/Multi-State,TAX-04513,GST,18,2730.37,5499.0,48,Corporate Tax Consulting,998231,8908512061268
Premium Monthly GST Return Filing (GSTR 1 & 3B) - Standard B2B/B2C,TAX-04514,GST,18,1066.97,2560.0,96,Corporate Tax Consulting,998231,8908771589278
Dedicated Internal Audit & Risk Assessment - Annual,TAX-04515,GST,18,18684.21,43918.0,82,Financial Auditing Services,998221,8909197936864
Standard Monthly Bookkeeping Retainer - SME Plan,TAX-04516,GST,18,2173.74,6723.0,100,Accounting & Bookkeeping Services,998222,8906109128277
Basic Professional Tax (PT) Compliance - Annual Filing,TAX-04517,GST,18,863.34,2759.0,99,Payroll & Compliance Services,998223,8903767326426
Basic GST Annual Return (GSTR-9/9C) - Turnover > 5Cr,TAX-04518,GST,18,12752.96,30520.0,27,Corporate Tax Consulting,998231,8903527943407
Managed Forensic Audit & Fraud Investigation - Basic Assessment,TAX-04519,GST,18,20099.89,48021.0,77,Financial Auditing Services,998221,8904860564131
Turnkey Forensic Audit & Fraud Investigation - Detailed Investigation,TAX-04520,GST,18,121535.51,251158.0,29,Financial Auditing Services,998221,8909729451356
Standard Stock & Inventory Audit - Single Location,TAX-04521,GST,18,7067.69,22572.0,11,Financial Auditing Services,998221,8906810659503
Comprehensive Monthly GST Return Filing (GSTR 1 & 3B) - High Volume,TAX-04522,GST,18,2194.15,7612.0,70,Corporate Tax Consulting,998231,8905054322602
Turnkey ROC Annual Compliance Filing - Fast Track Strike Off,TAX-04523,GST,18,4512.62,15265.0,46,Corporate Tax Consulting,998231,8900683759458
Basic GST Registration & Advisory - Standard Business,TAX-04524,GST,18,1955.23,5292.0,18,Corporate Tax Consulting,998231,8900564006741
Express Professional Tax (PT) Compliance - Annual Filing,TAX-04525,GST,18,1091.66,2398.0,12,Payroll & Compliance Services,998223,8908741550757
Express Corporate Income Tax Return (ITR-6) - Complex with Transfer Pricing,TAX-04526,GST,18,26041.92,61757.0,83,Corporate Tax Consulting,998231,8902148196424
Turnkey Tax Audit (U/s 44AB) - Individual/HUF,TAX-04527,GST,18,4730.77,14744.0,20,Financial Auditing Services,998221,8909160022265
Turnkey GST Annual Return (GSTR-9/9C) - Turnover < 2Cr,TAX-04528,GST,18,6038.72,14816.0,45,Corporate Tax Consulting,998231,8901781480896
Advanced Professional Tax (PT) Compliance - Registration,TAX-04529,GST,18,1126.1,2509.0,24,Payroll & Compliance Services,998223,8901936875741
Turnkey Cloud Accounting Setup (Tally/Zoho) - Advanced Integration,TAX-04530,GST,18,4147.22,12514.0,44,Accounting & Bookkeeping Services,998222,8904718694139
Retainer Tax Audit (U/s 44AB) - Individual/HUF,TAX-04531,GST,18,3672.86,12392.0,27,Financial Auditing Services,998221,8908355714270
Express Business & Professional ITR-3 / ITR-4 - Presumptive Taxation,TAX-04532,GST,18,1665.29,3787.0,100,Individual Tax Preparation,998232,8901259535324
Turnkey Internal Audit & Risk Assessment - Half-Yearly,TAX-04533,GST,18,17674.28,40063.0,94,Financial Auditing Services,998221,8900685660902
Standard NRI Tax Advisory & Filing - DTAA Benefit Filing,TAX-04534,GST,18,3156.86,6679.0,25,Individual Tax Preparation,998232,8902015026155
Managed PF & ESI Registration and Returns - Annual Package,TAX-04535,GST,18,3188.11,6812.0,44,Payroll & Compliance Services,998223,8901045288764
Express ROC Annual Compliance Filing - AOC-4 & MGT-7,TAX-04536,GST,18,3225.17,9752.0,89,Corporate Tax Consulting,998231,8905260518546
Managed End-to-End Payroll Processing - Upto 20 Employees,TAX-04537,GST,18,2770.63,8726.0,23,Payroll & Compliance Services,998223,8901223144886
Retainer Financial Statement Preparation (P&L/BS) - Private Limited,TAX-04538,GST,18,4205.67,12249.0,57,Accounting & Bookkeeping Services,998222,8904859975265
Dedicated GST Registration & Advisory - Standard Business,TAX-04539,GST,18,1624.02,4524.0,47,Corporate Tax Consulting,998231,8904329081160
Express Advance Tax Calculation & Advisory - Quarterly Retainer,TAX-04540,GST,18,802.65,2286.0,51,Individual Tax Preparation,998232,8906136151003
Standard Corporate Income Tax Return (ITR-6) - Standard,TAX-04541,GST,18,8583.26,29978.0,89,Corporate Tax Consulting,998231,8906986007757
Dedicated Tax Audit (U/s 44AB) - Partnership Firm,TAX-04542,GST,18,4264.9,14893.0,34,Financial Auditing Services,998221,8909476469145
Express ROC Annual Compliance Filing - Fast Track Strike Off,TAX-04543,GST,18,4410.93,14578.0,94,Corporate Tax Consulting,998231,8900951980959
Turnkey Individual ITR-1 / ITR-2 Filing - Multiple Form 16 + Capital Gains,TAX-04544,GST,18,522.21,1213.0,26,Individual Tax Preparation,998232,8906625103153
Premium Stock & Inventory Audit - Multi-Location,TAX-04545,GST,18,16539.36,33098.0,30,Financial Auditing Services,998221,8904677696887
Standard Forensic Audit & Fraud Investigation - Detailed Investigation,TAX-04546,GST,18,79638.73,165663.0,89,Financial Auditing Services,998221,8901072996722
Standard TDS & TCS Return Filing - Form 26Q,TAX-04547,GST,18,1152.59,3397.0,14,Payroll & Compliance Services,998223,8903434917100
Bank Reconciliation Services - Annual Cleanup,TAX-04548,GST,18,1234.14,4102.0,39,Accounting & Bookkeeping Services,998222,8903494374750
Retainer Monthly GST Return Filing (GSTR 1 & 3B) - Standard B2B/B2C,TAX-04549,GST,18,1658.93,3837.0,89,Corporate Tax Consulting,998231,8902863693411
Turnkey PF & ESI Registration and Returns - Annual Package,TAX-04550,GST,18,2605.44,5607.0,61,Payroll & Compliance Services,998223,8905064330540
Dedicated ROC Annual Compliance Filing - Fast Track Strike Off,TAX-04551,GST,18,3686.07,10199.0,59,Corporate Tax Consulting,998231,8908272563930
Stock & Inventory Audit - Single Location,TAX-04552,GST,18,5331.39,17551.0,19,Financial Auditing Services,998221,8901771553673
Comprehensive Forensic Audit & Fraud Investigation - Detailed Investigation,TAX-04553,GST,18,110633.99,238559.0,26,Financial Auditing Services,998221,8901926936099
Basic GST Registration & Advisory - E-commerce/Multi-State,TAX-04554,GST,18,1893.09,5547.0,56,Corporate Tax Consulting,998231,8901310398688
Express Monthly GST Return Filing (GSTR 1 & 3B) - Standard B2B/B2C,TAX-04555,GST,18,1285.36,2842.0,11,Corporate Tax Consulting,998231,8907567453770
Comprehensive Advance Tax Calculation & Advisory - One-Time Analysis,TAX-04556,GST,18,662.88,1737.0,75,Individual Tax Preparation,998232,8905160312191
Basic TDS & TCS Return Filing - Form 24Q,TAX-04557,GST,18,1768.91,3747.0,52,Payroll & Compliance Services,998223,8904032741546
Dedicated PF & ESI Registration and Returns - Monthly Retainer,TAX-04558,GST,18,2675.06,5909.0,27,Payroll & Compliance Services,998223,8907192074411
Express Professional Tax (PT) Compliance - Registration,TAX-04559,GST,18,986.03,3031.0,75,Payroll & Compliance Services,998223,8903284538129
Premium Forensic Audit & Fraud Investigation - Detailed Investigation,TAX-04560,GST,18,80733.36,245807.0,98,Financial Auditing Services,998221,8900989368701
Dedicated Monthly GST Return Filing (GSTR 1 & 3B) - Nil Return,TAX-04561,GST,18,737.57,2065.0,43,Corporate Tax Consulting,998231,8907440005431
Turnkey Cloud Accounting Setup (Tally/Zoho) - Basic Setup,TAX-04562,GST,18,1980.28,6837.0,38,Accounting & Bookkeeping Services,998222,8902724450389
Turnkey Bank Reconciliation Services - Annual Cleanup,TAX-04563,GST,18,1639.02,5634.0,84,Accounting & Bookkeeping Services,998222,8905232537742
Standard Financial Statement Preparation (P&L/BS) - Private Limited,TAX-04564,GST,18,5262.17,14853.0,40,Accounting & Bookkeeping Services,998222,8905145462605
Dedicated PF & ESI Registration and Returns - Annual Package,TAX-04565,GST,18,2126.71,5849.0,83,Payroll & Compliance Services,998223,8909189034774
Dedicated TDS & TCS Return Filing - Form 27Q,TAX-04566,GST,18,1088.79,3170.0,23,Payroll & Compliance Services,998223,8901130832121
Turnkey GST Registration & Advisory - E-commerce/Multi-State,TAX-04567,GST,18,1144.97,3914.0,83,Corporate Tax Consulting,998231,8907310298331
Comprehensive Financial Statement Preparation (P&L/BS) - Private Limited,TAX-04568,GST,18,7884.28,16898.0,17,Accounting & Bookkeeping Services,998222,8907498887105
Advanced TDS & TCS Return Filing - Form 24Q,TAX-04569,GST,18,1260.61,4171.0,81,Payroll & Compliance Services,998223,8900086665815
Turnkey Virtual CFO Services - Part-time (20 hours),TAX-04570,GST,18,15892.79,52670.0,40,Accounting & Bookkeeping Services,998222,8903936469549
Express Professional Tax (PT) Compliance - Annual Filing,TAX-04571,GST,18,1413.34,3131.0,56,Payroll & Compliance Services,998223,8904888507325
Turnkey ROC Annual Compliance Filing - AOC-4 & MGT-7,TAX-04572,GST,18,3611.22,10708.0,97,Corporate Tax Consulting,998231,8900772692523
Express Monthly Bookkeeping Retainer - Enterprise Plan,TAX-04573,GST,18,8568.86,22509.0,67,Accounting & Bookkeeping Services,998222,8902507012008
Dedicated End-to-End Payroll Processing - Upto 50 Employees,TAX-04574,GST,18,4565.34,12684.0,30,Payroll & Compliance Services,998223,8902272485993
Retainer Forensic Audit & Fraud Investigation - Detailed Investigation,TAX-04575,GST,18,64035.31,207071.0,71,Financial Auditing Services,998221,8903405386767
Managed GST Registration & Advisory - Standard Business,TAX-04576,GST,18,1735.7,5601.0,66,Corporate Tax Consulting,998231,8909672803671
Dedicated NRI Tax Advisory & Filing - DTAA Benefit Filing,TAX-04577,GST,18,4550.92,9704.0,34,Individual Tax Preparation,998232,8905782239497
Advanced Stock & Inventory Audit - Single Location,TAX-04578,GST,18,7401.17,16487.0,28,Financial Auditing Services,998221,8909536441487
Dedicated GST Annual Return (GSTR-9/9C) - Turnover > 5Cr,TAX-04579,GST,18,14280.34,40689.0,25,Corporate Tax Consulting,998231,8908836808988
Comprehensive Stock & Inventory Audit - Single Location,TAX-04580,GST,18,5589.76,16197.0,46,Financial Auditing Services,998221,8904817552539
Dedicated Internal Audit & Risk Assessment - Half-Yearly,TAX-04581,GST,18,14012.87,34772.0,13,Financial Auditing Services,998221,8903089737602
Premium ROC Annual Compliance Filing - Fast Track Strike Off,TAX-04582,GST,18,4451.7,15323.0,41,Corporate Tax Consulting,998231,8902158363039
Retainer Virtual CFO Services - Dedicated (40 hours),TAX-04583,GST,18,47686.92,126071.0,44,Accounting & Bookkeeping Services,998222,8903604898833
Retainer Monthly GST Return Filing (GSTR 1 & 3B) - High Volume,TAX-04584,GST,18,3948.43,8573.0,66,Corporate Tax Consulting,998231,8905060947188
Individual ITR-1 / ITR-2 Filing - Multiple Form 16 + Capital Gains,TAX-04585,GST,18,550.11,1669.0,19,Individual Tax Preparation,998232,8903191429673
Turnkey Forensic Audit & Fraud Investigation - Detailed Investigation,TAX-04586,GST,18,85042.29,240026.0,59,Financial Auditing Services,998221,8903864610781
Express Financial Statement Preparation (P&L/BS) - Private Limited,TAX-04587,GST,18,6378.42,13928.0,64,Accounting & Bookkeeping Services,998222,8905589882391
Premium Monthly GST Return Filing (GSTR 1 & 3B) - Standard B2B/B2C,TAX-04588,GST,18,1320.69,2841.0,92,Corporate Tax Consulting,998231,8901856233383
Comprehensive Forensic Audit & Fraud Investigation - Detailed Investigation,TAX-04589,GST,18,106269.2,218086.0,67,Financial Auditing Services,998221,8902470941951
Advanced Monthly Bookkeeping Retainer - SME Plan,TAX-04590,GST,18,3471.38,7709.0,86,Accounting & Bookkeeping Services,998222,8900035920570
Business & Professional ITR-3 / ITR-4 - Presumptive Taxation,TAX-04591,GST,18,1671.05,3949.0,10,Individual Tax Preparation,998232,8903078371642
Standard NRI Tax Advisory & Filing - DTAA Benefit Filing,TAX-04592,GST,18,2072.29,6986.0,92,Individual Tax Preparation,998232,8907981233160
Express Monthly Bookkeeping Retainer - Enterprise Plan,TAX-04593,GST,18,7290.67,22006.0,96,Accounting & Bookkeeping Services,998222,8905631140215
Premium Monthly Bookkeeping Retainer - Enterprise Plan,TAX-04594,GST,18,11561.42,24082.0,68,Accounting & Bookkeeping Services,998222,8906177812893
Advanced Cloud Accounting Setup (Tally/Zoho) - Basic Setup,TAX-04595,GST,18,3830.41,9135.0,94,Accounting & Bookkeeping Services,998222,8902317781621
Turnkey PF & ESI Registration and Returns - Annual Package,TAX-04596,GST,18,2224.21,5889.0,66,Payroll & Compliance Services,998223,8900762141635
Advanced Internal Audit & Risk Assessment - Quarterly,TAX-04597,GST,18,10637.39,35745.0,58,Financial Auditing Services,998221,8901141064558
Monthly Bookkeeping Retainer - Startup Plan,TAX-04598,GST,18,2772.44,8691.0,98,Accounting & Bookkeeping Services,998222,8902445161946
Premium PF & ESI Registration and Returns - Annual Package,TAX-04599,GST,18,2868.45,6674.0,75,Payroll & Compliance Services,998223,8907983232367
Basic GST Registration & Advisory - E-commerce/Multi-State,TAX-04600,GST,18,1595.6,5551.0,55,Corporate Tax Consulting,998231,8901701358812
Dedicated Tax Audit (U/s 44AB) - Partnership Firm,TAX-04601,GST,18,8126.4,19472.0,83,Financial Auditing Services,998221,8909308713016
Advanced Stock & Inventory Audit - Single Location,TAX-04602,GST,18,7569.12,23701.0,18,Financial Auditing Services,998221,8901212610906
Comprehensive Statutory Audit Services - Corporate Entity,TAX-04603,GST,18,45903.95,145344.0,59,Financial Auditing Services,998221,8907469778034
Turnkey Business & Professional ITR-3 / ITR-4 - Presumptive Taxation,TAX-04604,GST,18,1751.07,5398.0,37,Individual Tax Preparation,998232,8904835574908
Managed Professional Tax (PT) Compliance - Annual Filing,TAX-04605,GST,18,789.86,2104.0,50,Payroll & Compliance Services,998223,8905648964322
Basic Professional Tax (PT) Compliance - Annual Filing,TAX-04606,GST,18,761.81,2134.0,91,Payroll & Compliance Services,998223,8901589960993
Advanced Financial Statement Preparation (P&L/BS) - Proprietorship,TAX-04607,GST,18,4647.7,13472.0,65,Accounting & Bookkeeping Services,998222,8902048240152
Retainer Forensic Audit & Fraud Investigation - Basic Assessment,TAX-04608,GST,18,19535.28,41047.0,76,Financial Auditing Services,998221,8909733247152
Basic Professional Tax (PT) Compliance - Annual Filing,TAX-04609,GST,18,1211.44,2768.0,59,Payroll & Compliance Services,998223,8909728188584
Advanced Forensic Audit & Fraud Investigation - Basic Assessment,TAX-04610,GST,18,15360.72,43893.0,97,Financial Auditing Services,998221,8908573469867
Standard Professional Tax (PT) Compliance - Registration,TAX-04611,GST,18,1050.93,3230.0,46,Payroll & Compliance Services,998223,8902270955772
Dedicated Statutory Audit Services - Corporate Entity,TAX-04612,GST,18,54690.16,143426.0,80,Financial Auditing Services,998221,8908908964353
Standard Business & Professional ITR-3 / ITR-4 - Presumptive Taxation,TAX-04613,GST,18,1761.05,4814.0,67,Individual Tax Preparation,998232,8901294411530
Managed Individual ITR-1 / ITR-2 Filing - Salaried Single Form 16,TAX-04614,GST,18,326.12,1046.0,34,Individual Tax Preparation,998232,8906620627244
Managed GST Registration & Advisory - E-commerce/Multi-State,TAX-04615,GST,18,2071.5,4185.0,18,Corporate Tax Consulting,998231,8906239252655
Managed Professional Tax (PT) Compliance - Annual Filing,TAX-04616,GST,18,837.53,2510.0,25,Payroll & Compliance Services,998223,8901200565553
Managed Tax Audit (U/s 44AB) - Individual/HUF,TAX-04617,GST,18,7441.19,17987.0,90,Financial Auditing Services,998221,8909387270759
Express Cloud Accounting Setup (Tally/Zoho) - Advanced Integration,TAX-04618,GST,18,5971.75,13521.0,31,Accounting & Bookkeeping Services,998222,8903844823289
Managed Statutory Audit Services - Corporate Entity,TAX-04619,GST,18,40044.4,103907.0,72,Financial Auditing Services,998221,8908118689383
Basic NRI Tax Advisory & Filing - DTAA Benefit Filing,TAX-04620,GST,18,3003.44,7508.0,73,Individual Tax Preparation,998232,8901284038405
Advanced Advance Tax Calculation & Advisory - Quarterly Retainer,TAX-04621,GST,18,795.68,2469.0,21,Individual Tax Preparation,998232,8909318732335
Premium Stock & Inventory Audit - Multi-Location,TAX-04622,GST,18,11572.56,39877.0,34,Financial Auditing Services,998221,8903440593898
Basic Cloud Accounting Setup (Tally/Zoho) - Basic Setup,TAX-04623,GST,18,2647.49,7365.0,36,Accounting & Bookkeeping Services,998222,8903580582998
Advanced NRI Tax Advisory & Filing - Standard Consultation,TAX-04624,GST,18,3643.23,10217.0,51,Individual Tax Preparation,998232,8909515567464
Basic Cloud Accounting Setup (Tally/Zoho) - Advanced Integration,TAX-04625,GST,18,3780.19,9914.0,60,Accounting & Bookkeeping Services,998222,8904704870428
Retainer Tax Audit (U/s 44AB) - Company,TAX-04626,GST,18,6428.3,18733.0,87,Financial Auditing Services,998221,8902944763377
Advanced Business & Professional ITR-3 / ITR-4 - Presumptive Taxation,TAX-04627,GST,18,1685.82,5355.0,24,Individual Tax Preparation,998232,8903037604919
Premium Forensic Audit & Fraud Investigation - Detailed Investigation,TAX-04628,GST,18,88933.23,238591.0,96,Financial Auditing Services,998221,8907310802713
Dedicated Monthly GST Return Filing (GSTR 1 & 3B) - Nil Return,TAX-04629,GST,18,636.94,1771.0,19,Corporate Tax Consulting,998231,8909032221138
Retainer Advance Tax Calculation & Advisory - Quarterly Retainer,TAX-04630,GST,18,607.99,2005.0,70,Individual Tax Preparation,998232,8900941957241
Retainer ROC Annual Compliance Filing - Fast Track Strike Off,TAX-04631,GST,18,5188.61,15334.0,54,Corporate Tax Consulting,998231,8903698105340
Managed PF & ESI Registration and Returns - Annual Package,TAX-04632,GST,18,2565.59,7325.0,91,Payroll & Compliance Services,998223,8903081079934
Standard Professional Tax (PT) Compliance - Annual Filing,TAX-04633,GST,18,1069.8,3086.0,13,Payroll & Compliance Services,998223,8907267453396
Managed Bank Reconciliation Services - Monthly,TAX-04634,GST,18,1892.92,6178.0,93,Accounting & Bookkeeping Services,998222,8902715227372
Retainer Financial Statement Preparation (P&L/BS) - Proprietorship,TAX-04635,GST,18,8827.34,19133.0,69,Accounting & Bookkeeping Services,998222,8901681383581
Premium ROC Annual Compliance Filing - AOC-4 & MGT-7,TAX-04636,GST,18,6398.46,14269.0,92,Corporate Tax Consulting,998231,8905035783542
Basic Statutory Audit Services - Corporate Entity,TAX-04637,GST,18,52076.08,155053.0,90,Financial Auditing Services,998221,8905796144400
Express Professional Tax (PT) Compliance - Annual Filing,TAX-04638,GST,18,1152.35,2686.0,53,Payroll & Compliance Services,998223,8902279110746
Turnkey TDS & TCS Return Filing - Form 24Q,TAX-04639,GST,18,1063.49,3447.0,11,Payroll & Compliance Services,998223,8902006865232
Premium Tax Audit (U/s 44AB) - Individual/HUF,TAX-04640,GST,18,7507.2,16813.0,45,Financial Auditing Services,998221,8907042848501
Comprehensive Financial Statement Preparation (P&L/BS) - Private Limited,TAX-04641,GST,18,7003.86,14218.0,88,Accounting & Bookkeeping Services,998222,8903200858752
Comprehensive Stock & Inventory Audit - Single Location,TAX-04642,GST,18,8106.55,19832.0,94,Financial Auditing Services,998221,8906431029120
Advance Tax Calculation & Advisory - One-Time Analysis,TAX-04643,GST,18,698.7,1942.0,90,Individual Tax Preparation,998232,8905717862089
Express Financial Statement Preparation (P&L/BS) - LLP,TAX-04644,GST,18,6866.99,15711.0,81,Accounting & Bookkeeping Services,998222,8903294807426
Managed Individual ITR-1 / ITR-2 Filing - Salaried Single Form 16,TAX-04645,GST,18,409.71,878.0,71,Individual Tax Preparation,998232,8905475031681
Turnkey Professional Tax (PT) Compliance - Registration,TAX-04646,GST,18,820.47,2535.0,95,Payroll & Compliance Services,998223,8909680120039
Express Stock & Inventory Audit - Single Location,TAX-04647,GST,18,9876.61,20606.0,49,Financial Auditing Services,998221,8907659544088
Basic NRI Tax Advisory & Filing - Standard Consultation,TAX-04648,GST,18,4283.32,9611.0,83,Individual Tax Preparation,998232,8903041808482
Advanced Advance Tax Calculation & Advisory - Quarterly Retainer,TAX-04649,GST,18,969.47,2020.0,80,Individual Tax Preparation,998232,8907384322156
Express Bank Reconciliation Services - Monthly,TAX-04650,GST,18,2272.76,6203.0,74,Accounting & Bookkeeping Services,998222,8902523815474
Dedicated Cloud Accounting Setup (Tally/Zoho) - Advanced Integration,TAX-04651,GST,18,5708.25,14446.0,40,Accounting & Bookkeeping Services,998222,8908350654139
Advanced Forensic Audit & Fraud Investigation - Detailed Investigation,TAX-04652,GST,18,64703.61,184836.0,82,Financial Auditing Services,998221,8902022212370
Retainer Cloud Accounting Setup (Tally/Zoho) - Basic Setup,TAX-04653,GST,18,2701.23,7565.0,70,Accounting & Bookkeeping Services,998222,8900260052061
Standard Stock & Inventory Audit - Multi-Location,TAX-04654,GST,18,13881.94,44620.0,59,Financial Auditing Services,998221,8909777532386
Basic Financial Statement Preparation (P&L/BS) - Private Limited,TAX-04655,GST,18,6113.17,18931.0,28,Accounting & Bookkeeping Services,998222,8901785722804
Standard Financial Statement Preparation (P&L/BS) - LLP,TAX-04656,GST,18,4914.12,15293.0,33,Accounting & Bookkeeping Services,998222,8903808691918
Managed Stock & Inventory Audit - Single Location,TAX-04657,GST,18,7616.88,18994.0,26,Financial Auditing Services,998221,8907537004102
Comprehensive Cloud Accounting Setup (Tally/Zoho) - Advanced Integration,TAX-04658,GST,18,5337.86,12969.0,20,Accounting & Bookkeeping Services,998222,8901692770389
Basic Monthly Bookkeeping Retainer - Enterprise Plan,TAX-04659,GST,18,8530.95,25511.0,64,Accounting & Bookkeeping Services,998222,8904903657168
Express Advance Tax Calculation & Advisory - Quarterly Retainer,TAX-04660,GST,18,1067.78,2251.0,13,Individual Tax Preparation,998232,8901018554057
Managed TDS & TCS Return Filing - Form 27Q,TAX-04661,GST,18,1301.64,4323.0,81,Payroll & Compliance Services,998223,8901717474907
Comprehensive Business & Professional ITR-3 / ITR-4 - Presumptive Taxation,TAX-04662,GST,18,2075.67,4783.0,71,Individual Tax Preparation,998232,8903623057620
Turnkey Monthly GST Return Filing (GSTR 1 & 3B) - Standard B2B/B2C,TAX-04663,GST,18,1248.87,3628.0,25,Corporate Tax Consulting,998231,8908585218625
Turnkey Virtual CFO Services - Dedicated (40 hours),TAX-04664,GST,18,40880.69,97941.0,96,Accounting & Bookkeeping Services,998222,8908742243490
Comprehensive Business & Professional ITR-3 / ITR-4 - Regular Accounts,TAX-04665,GST,18,1418.24,4469.0,30,Individual Tax Preparation,998232,8906344483041
Dedicated Tax Audit (U/s 44AB) - Partnership Firm,TAX-04666,GST,18,4928.38,16918.0,77,Financial Auditing Services,998221,8909601937728
GST Annual Return (GSTR-9/9C) - Turnover > 5Cr,TAX-04667,GST,18,16943.89,44160.0,78,Corporate Tax Consulting,998231,8900734571071
Turnkey ROC Annual Compliance Filing - AOC-4 & MGT-7,TAX-04668,GST,18,6266.61,15576.0,14,Corporate Tax Consulting,998231,8902647223146
Comprehensive PF & ESI Registration and Returns - Monthly Retainer,TAX-04669,GST,18,1812.67,4838.0,55,Payroll & Compliance Services,998223,8907966758134
Managed Bank Reconciliation Services - Annual Cleanup,TAX-04670,GST,18,2382.87,6345.0,58,Accounting & Bookkeeping Services,998222,8902369663786
Advanced Internal Audit & Risk Assessment - Quarterly,TAX-04671,GST,18,14716.81,51175.0,73,Financial Auditing Services,998221,8907674049506
Standard Business & Professional ITR-3 / ITR-4 - Regular Accounts,TAX-04672,GST,18,1819.21,5286.0,95,Individual Tax Preparation,998232,8901155652927
Turnkey Individual ITR-1 / ITR-2 Filing - Salaried Single Form 16,TAX-04673,GST,18,259.78,785.0,11,Individual Tax Preparation,998232,8904677933839
End-to-End Payroll Processing - Upto 20 Employees,TAX-04674,GST,18,4486.73,12745.0,94,Payroll & Compliance Services,998223,8902631413503
Standard Advance Tax Calculation & Advisory - One-Time Analysis,TAX-04675,GST,18,902.03,1900.0,12,Individual Tax Preparation,998232,8901190677368
Managed PF & ESI Registration and Returns - Monthly Retainer,TAX-04676,GST,18,2563.56,7596.0,49,Payroll & Compliance Services,998223,8907611558497
Premium Virtual CFO Services - Dedicated (40 hours),TAX-04677,GST,18,39955.65,86573.0,17,Accounting & Bookkeeping Services,998222,8905212407667
Express Advance Tax Calculation & Advisory - Quarterly Retainer,TAX-04678,GST,18,678.83,2132.0,58,Individual Tax Preparation,998232,8904533837331
Managed Forensic Audit & Fraud Investigation - Detailed Investigation,TAX-04679,GST,18,57497.04,199992.0,21,Financial Auditing Services,998221,8900777353396
Advanced End-to-End Payroll Processing - Upto 50 Employees,TAX-04680,GST,18,3105.91,8452.0,57,Payroll & Compliance Services,998223,8907988027209
Comprehensive Business & Professional ITR-3 / ITR-4 - Regular Accounts,TAX-04681,GST,18,2671.09,5630.0,10,Individual Tax Preparation,998232,8909875546700
Professional Tax (PT) Compliance - Annual Filing,TAX-04682,GST,18,1300.25,2685.0,22,Payroll & Compliance Services,998223,8902808703411
Turnkey Monthly GST Return Filing (GSTR 1 & 3B) - High Volume,TAX-04683,GST,18,2937.87,6277.0,77,Corporate Tax Consulting,998231,8903015352780
Premium Tax Audit (U/s 44AB) - Partnership Firm,TAX-04684,GST,18,6055.67,15816.0,81,Financial Auditing Services,998221,8904196284194
Turnkey Professional Tax (PT) Compliance - Annual Filing,TAX-04685,GST,18,899.8,2775.0,73,Payroll & Compliance Services,998223,8909232183957
Basic ROC Annual Compliance Filing - Fast Track Strike Off,TAX-04686,GST,18,5440.11,12773.0,51,Corporate Tax Consulting,998231,8906241951786
Monthly Bookkeeping Retainer - Enterprise Plan,TAX-04687,GST,18,9616.93,21824.0,76,Accounting & Bookkeeping Services,998222,8906985687967
Express Financial Statement Preparation (P&L/BS) - LLP,TAX-04688,GST,18,5981.44,17463.0,59,Accounting & Bookkeeping Services,998222,8908808596652
Forensic Audit & Fraud Investigation - Basic Assessment,TAX-04689,GST,18,19198.08,53535.0,80,Financial Auditing Services,998221,8906480105118
Advanced PF & ESI Registration and Returns - Annual Package,TAX-04690,GST,18,2576.22,5171.0,28,Payroll & Compliance Services,998223,8900583595788
Dedicated Stock & Inventory Audit - Single Location,TAX-04691,GST,18,5278.99,17341.0,67,Financial Auditing Services,998221,8903827606706
Express Bank Reconciliation Services - Monthly,TAX-04692,GST,18,1397.9,4201.0,93,Accounting & Bookkeeping Services,998222,8909261198095
GST Registration & Advisory - E-commerce/Multi-State,TAX-04693,GST,18,2074.91,4889.0,33,Corporate Tax Consulting,998231,8903236736540
Basic Stock & Inventory Audit - Multi-Location,TAX-04694,GST,18,14497.88,30948.0,31,Financial Auditing Services,998221,8900272216317
Express End-to-End Payroll Processing - Upto 150 Employees,TAX-04695,GST,18,6308.73,22063.0,82,Payroll & Compliance Services,998223,8902733409586
Turnkey Bank Reconciliation Services - Annual Cleanup,TAX-04696,GST,18,2301.22,5464.0,27,Accounting & Bookkeeping Services,998222,8906624299663
Advanced Individual ITR-1 / ITR-2 Filing - Multiple Form 16 + Capital Gains,TAX-04697,GST,18,503.92,1299.0,36,Individual Tax Preparation,998232,8903891228002
Financial Statement Preparation (P&L/BS) - Proprietorship,TAX-04698,GST,18,5692.09,17812.0,62,Accounting & Bookkeeping Services,998222,8900931417336
Express Internal Audit & Risk Assessment - Quarterly,TAX-04699,GST,18,12885.3,36351.0,80,Financial Auditing Services,998221,8909454975152
Retainer Virtual CFO Services - Dedicated (40 hours),TAX-04700,GST,18,52750.62,117447.0,12,Accounting & Bookkeeping Services,998222,8906713223709
Basic Internal Audit & Risk Assessment - Quarterly,TAX-04701,GST,18,14757.28,38181.0,47,Financial Auditing Services,998221,8903901533958
Cloud Accounting Setup (Tally/Zoho) - Basic Setup,TAX-04702,GST,18,3538.63,7285.0,88,Accounting & Bookkeeping Services,998222,8900128184893
Express Corporate Income Tax Return (ITR-6) - Complex with Transfer Pricing,TAX-04703,GST,18,36851.46,77150.0,96,Corporate Tax Consulting,998231,8900067991346
Individual ITR-1 / ITR-2 Filing - Multiple Form 16 + Capital Gains,TAX-04704,GST,18,698.4,1799.0,60,Individual Tax Preparation,998232,8901217472672
Turnkey Bank Reconciliation Services - Monthly,TAX-04705,GST,18,1583.55,5349.0,66,Accounting & Bookkeeping Services,998222,8907275386689
Basic GST Registration & Advisory - E-commerce/Multi-State,TAX-04706,GST,18,2227.95,5457.0,26,Corporate Tax Consulting,998231,8901808931698
Express Cloud Accounting Setup (Tally/Zoho) - Advanced Integration,TAX-04707,GST,18,5288.77,15277.0,57,Accounting & Bookkeeping Services,998222,8903420566807
Turnkey Bank Reconciliation Services - Monthly,TAX-04708,GST,18,1489.34,5126.0,55,Accounting & Bookkeeping Services,998222,8902980530361
Statutory Audit Services - Medium Enterprise,TAX-04709,GST,18,43123.54,127177.0,12,Financial Auditing Services,998221,8905100199500
Turnkey Advance Tax Calculation & Advisory - Quarterly Retainer,TAX-04710,GST,18,712.03,1871.0,67,Individual Tax Preparation,998232,8901675205935
Managed End-to-End Payroll Processing - Upto 50 Employees,TAX-04711,GST,18,4954.82,11656.0,73,Payroll & Compliance Services,998223,8904247425891
Advanced NRI Tax Advisory & Filing - DTAA Benefit Filing,TAX-04712,GST,18,3259.96,8114.0,83,Individual Tax Preparation,998232,8908465631603
Virtual CFO Services - Dedicated (40 hours),TAX-04713,GST,18,40329.76,115282.0,81,Accounting & Bookkeeping Services,998222,8909417263528
Business & Professional ITR-3 / ITR-4 - Presumptive Taxation,TAX-04714,GST,18,2294.52,5142.0,37,Individual Tax Preparation,998232,8901430252002
Comprehensive Individual ITR-1 / ITR-2 Filing - Multiple Form 16 + Capital Gains,TAX-04715,GST,18,595.28,1703.0,80,Individual Tax Preparation,998232,8900878253467
Stock & Inventory Audit - Multi-Location,TAX-04716,GST,18,15189.27,37878.0,14,Financial Auditing Services,998221,8906161312178
Individual ITR-1 / ITR-2 Filing - Multiple Form 16 + Capital Gains,TAX-04717,GST,18,508.06,1338.0,61,Individual Tax Preparation,998232,8909874223384
Standard TDS & TCS Return Filing - Form 26Q,TAX-04718,GST,18,1037.91,2960.0,50,Payroll & Compliance Services,998223,8904957117049
TDS & TCS Return Filing - Form 27Q,TAX-04719,GST,18,860.37,2924.0,59,Payroll & Compliance Services,998223,8901451831321
Managed Individual ITR-1 / ITR-2 Filing - Multiple Form 16 + Capital Gains,TAX-04720,GST,18,736.36,1806.0,84,Individual Tax Preparation,998232,8901561007260
Standard GST Annual Return (GSTR-9/9C) - Turnover > 5Cr,TAX-04721,GST,18,11096.15,37892.0,17,Corporate Tax Consulting,998231,8906400584451
Managed Virtual CFO Services - Part-time (20 hours),TAX-04722,GST,18,32324.39,71443.0,43,Accounting & Bookkeeping Services,998222,8902898116649
Advanced Monthly GST Return Filing (GSTR 1 & 3B) - High Volume,TAX-04723,GST,18,3362.62,7968.0,29,Corporate Tax Consulting,998231,8905957485913
Express Financial Statement Preparation (P&L/BS) - Private Limited,TAX-04724,GST,18,7112.35,16340.0,42,Accounting & Bookkeeping Services,998222,8905823881871
Turnkey ROC Annual Compliance Filing - Fast Track Strike Off,TAX-04725,GST,18,4468.62,14072.0,65,Corporate Tax Consulting,998231,8908929247680
Managed Monthly GST Return Filing (GSTR 1 & 3B) - Standard B2B/B2C,TAX-04726,GST,18,1274.14,3394.0,90,Corporate Tax Consulting,998231,8901315463676
Monthly Bookkeeping Retainer - Startup Plan,TAX-04727,GST,18,4030.34,8135.0,28,Accounting & Bookkeeping Services,998222,8909494472724
Managed TDS & TCS Return Filing - Form 27Q,TAX-04728,GST,18,1208.63,3482.0,78,Payroll & Compliance Services,998223,8907511948933
Express Financial Statement Preparation (P&L/BS) - Proprietorship,TAX-04729,GST,18,4934.54,16246.0,13,Accounting & Bookkeeping Services,998222,8901447159977
Stock & Inventory Audit - Multi-Location,TAX-04730,GST,18,11491.79,33718.0,99,Financial Auditing Services,998221,8909614097741
Comprehensive NRI Tax Advisory & Filing - Standard Consultation,TAX-04731,GST,18,4236.65,10075.0,13,Individual Tax Preparation,998232,8905352932276
Advance Tax Calculation & Advisory - Quarterly Retainer,TAX-04732,GST,18,521.98,1659.0,33,Individual Tax Preparation,998232,8901864532616
Advanced Individual ITR-1 / ITR-2 Filing - Multiple Form 16 + Capital Gains,TAX-04733,GST,18,698.66,1630.0,100,Individual Tax Preparation,998232,8909452279180
Managed TDS & TCS Return Filing - Form 26Q,TAX-04734,GST,18,943.67,2889.0,63,Payroll & Compliance Services,998223,8908873029620
Basic Professional Tax (PT) Compliance - Registration,TAX-04735,GST,18,958.72,3150.0,16,Payroll & Compliance Services,998223,8909762827128
Basic Business & Professional ITR-3 / ITR-4 - Regular Accounts,TAX-04736,GST,18,1251.12,3876.0,61,Individual Tax Preparation,998232,8908725407748
Retainer Individual ITR-1 / ITR-2 Filing - Multiple Form 16 + Capital Gains,TAX-04737,GST,18,651.85,1314.0,37,Individual Tax Preparation,998232,8902812773177
Retainer PF & ESI Registration and Returns - Annual Package,TAX-04738,GST,18,2232.82,6613.0,43,Payroll & Compliance Services,998223,8903788724275
Premium Individual ITR-1 / ITR-2 Filing - Multiple Form 16 + Capital Gains,TAX-04739,GST,18,690.34,1720.0,17,Individual Tax Preparation,998232,8905809531647
Tax Audit (U/s 44AB) - Company,TAX-04740,GST,18,4384.39,13976.0,69,Financial Auditing Services,998221,8905340732845
Comprehensive ROC Annual Compliance Filing - AOC-4 & MGT-7,TAX-04741,GST,18,2988.8,10431.0,18,Corporate Tax Consulting,998231,8907108228194
Advanced Internal Audit & Risk Assessment - Quarterly,TAX-04742,GST,18,15946.39,43374.0,55,Financial Auditing Services,998221,8909336783588
Express TDS & TCS Return Filing - Form 26Q,TAX-04743,GST,18,1014.53,2857.0,72,Payroll & Compliance Services,998223,8908138231196
Managed GST Annual Return (GSTR-9/9C) - Turnover > 5Cr,TAX-04744,GST,18,12911.66,35914.0,41,Corporate Tax Consulting,998231,8903566388282
Turnkey Financial Statement Preparation (P&L/BS) - Proprietorship,TAX-04745,GST,18,5708.51,18991.0,84,Accounting & Bookkeeping Services,998222,8907777308429
Managed NRI Tax Advisory & Filing - Standard Consultation,TAX-04746,GST,18,4723.38,9723.0,27,Individual Tax Preparation,998232,8903681046363
Dedicated Monthly Bookkeeping Retainer - Startup Plan,TAX-04747,GST,18,3766.42,9655.0,26,Accounting & Bookkeeping Services,998222,8901491228673
Standard Stock & Inventory Audit - Multi-Location,TAX-04748,GST,18,14703.5,43849.0,42,Financial Auditing Services,998221,8909265118580
Monthly Bookkeeping Retainer - Startup Plan,TAX-04749,GST,18,2916.13,7250.0,92,Accounting & Bookkeeping Services,998222,8902180961249
Retainer Monthly Bookkeeping Retainer - Startup Plan,TAX-04750,GST,18,2776.55,9281.0,39,Accounting & Bookkeeping Services,998222,8905973098065
Basic Monthly GST Return Filing (GSTR 1 & 3B) - Standard B2B/B2C,TAX-04751,GST,18,1475.56,3180.0,99,Corporate Tax Consulting,998231,8905845632454
Turnkey Tax Audit (U/s 44AB) - Individual/HUF,TAX-04752,GST,18,4820.14,12006.0,74,Financial Auditing Services,998221,8901540985217
Express Monthly GST Return Filing (GSTR 1 & 3B) - High Volume,TAX-04753,GST,18,2250.79,7637.0,84,Corporate Tax Consulting,998231,8902346718446
Comprehensive Forensic Audit & Fraud Investigation - Basic Assessment,TAX-04754,GST,18,20831.44,49262.0,94,Financial Auditing Services,998221,8907667400184
Express GST Annual Return (GSTR-9/9C) - Turnover > 5Cr,TAX-04755,GST,18,13216.12,41217.0,34,Corporate Tax Consulting,998231,8905960712408
Dedicated Professional Tax (PT) Compliance - Annual Filing,TAX-04756,GST,18,866.86,2876.0,96,Payroll & Compliance Services,998223,8905622471803
Individual ITR-1 / ITR-2 Filing - Multiple Form 16 + Capital Gains,TAX-04757,GST,18,682.08,1831.0,17,Individual Tax Preparation,998232,8904582609600
Managed Corporate Income Tax Return (ITR-6) - Standard,TAX-04758,GST,18,9992.29,28647.0,53,Corporate Tax Consulting,998231,8902217806677
Express End-to-End Payroll Processing - Upto 150 Employees,TAX-04759,GST,18,11510.3,23216.0,90,Payroll & Compliance Services,998223,8901636842633
Basic GST Registration & Advisory - Standard Business,TAX-04760,GST,18,1289.48,4313.0,65,Corporate Tax Consulting,998231,8905727287818
Advanced End-to-End Payroll Processing - Upto 150 Employees,TAX-04761,GST,18,8598.25,22098.0,96,Payroll & Compliance Services,998223,8903802670946
Managed Stock & Inventory Audit - Multi-Location,TAX-04762,GST,18,19239.27,41009.0,62,Financial Auditing Services,998221,8904181460499
Internal Audit & Risk Assessment - Annual,TAX-04763,GST,18,18977.47,50173.0,35,Financial Auditing Services,998221,8902280297980
Managed Internal Audit & Risk Assessment - Half-Yearly,TAX-04764,GST,18,10807.35,35018.0,82,Financial Auditing Services,998221,8906738667519
Managed Corporate Income Tax Return (ITR-6) - Standard,TAX-04765,GST,18,8667.81,30212.0,13,Corporate Tax Consulting,998231,8903927499143
Business & Professional ITR-3 / ITR-4 - Regular Accounts,TAX-04766,GST,18,2157.61,4318.0,38,Individual Tax Preparation,998232,8900833601467
Standard Tax Audit (U/s 44AB) - Individual/HUF,TAX-04767,GST,18,6826.16,19180.0,81,Financial Auditing Services,998221,8908827032248
Turnkey Individual ITR-1 / ITR-2 Filing - Salaried Single Form 16,TAX-04768,GST,18,221.52,738.0,67,Individual Tax Preparation,998232,8904557663940
Managed Individual ITR-1 / ITR-2 Filing - Salaried Single Form 16,TAX-04769,GST,18,314.81,869.0,45,Individual Tax Preparation,998232,8908277594792
Premium Financial Statement Preparation (P&L/BS) - LLP,TAX-04770,GST,18,4373.33,12623.0,42,Accounting & Bookkeeping Services,998222,8906759579633
Express GST Registration & Advisory - Standard Business,TAX-04771,GST,18,1860.91,4052.0,69,Corporate Tax Consulting,998231,8900871650817
Managed Internal Audit & Risk Assessment - Annual,TAX-04772,GST,18,17162.05,39909.0,30,Financial Auditing Services,998221,8904281694538
Advanced TDS & TCS Return Filing - Form 26Q,TAX-04773,GST,18,1045.58,3084.0,92,Payroll & Compliance Services,998223,8907244753987
Standard Business & Professional ITR-3 / ITR-4 - Presumptive Taxation,TAX-04774,GST,18,1224.26,4235.0,28,Individual Tax Preparation,998232,8909237925996
Premium Advance Tax Calculation & Advisory - One-Time Analysis,TAX-04775,GST,18,971.38,1980.0,20,Individual Tax Preparation,998232,8906558651150
Dedicated Bank Reconciliation Services - Annual Cleanup,TAX-04776,GST,18,1680.36,5381.0,79,Accounting & Bookkeeping Services,998222,8900066056772
Premium Internal Audit & Risk Assessment - Half-Yearly,TAX-04777,GST,18,10276.85,32803.0,37,Financial Auditing Services,998221,8908006399378
Express Cloud Accounting Setup (Tally/Zoho) - Advanced Integration,TAX-04778,GST,18,6361.31,13811.0,87,Accounting & Bookkeeping Services,998222,8909787219163
Turnkey Stock & Inventory Audit - Single Location,TAX-04779,GST,18,7344.53,19305.0,15,Financial Auditing Services,998221,8900472153570
Dedicated Stock & Inventory Audit - Single Location,TAX-04780,GST,18,6361.59,21086.0,72,Financial Auditing Services,998221,8900200555018
Premium ROC Annual Compliance Filing - AOC-4 & MGT-7,TAX-04781,GST,18,3980.13,13515.0,85,Corporate Tax Consulting,998231,8909423255433
Comprehensive PF & ESI Registration and Returns - Monthly Retainer,TAX-04782,GST,18,3168.45,6735.0,32,Payroll & Compliance Services,998223,8904302583303
Comprehensive GST Registration & Advisory - Standard Business,TAX-04783,GST,18,1430.04,3914.0,64,Corporate Tax Consulting,998231,8909047447309
Premium Individual ITR-1 / ITR-2 Filing - Salaried Single Form 16,TAX-04784,GST,18,411.65,1098.0,91,Individual Tax Preparation,998232,8908087667845
Cloud Accounting Setup (Tally/Zoho) - Advanced Integration,TAX-04785,GST,18,4365.02,13504.0,54,Accounting & Bookkeeping Services,998222,8907843701180
Standard Cloud Accounting Setup (Tally/Zoho) - Advanced Integration,TAX-04786,GST,18,4669.57,10828.0,100,Accounting & Bookkeeping Services,998222,8905060503351
Forensic Audit & Fraud Investigation - Basic Assessment,TAX-04787,GST,18,20085.28,56933.0,46,Financial Auditing Services,998221,8905736253034
Comprehensive Financial Statement Preparation (P&L/BS) - Proprietorship,TAX-04788,GST,18,6500.12,15304.0,26,Accounting & Bookkeeping Services,998222,8906992728702
Premium Virtual CFO Services - Dedicated (40 hours),TAX-04789,GST,18,28394.11,87278.0,52,Accounting & Bookkeeping Services,998222,8901102939409
Turnkey Advance Tax Calculation & Advisory - One-Time Analysis,TAX-04790,GST,18,634.57,2068.0,82,Individual Tax Preparation,998232,8905645981713
Express Internal Audit & Risk Assessment - Quarterly,TAX-04791,GST,18,12283.85,34901.0,48,Financial Auditing Services,998221,8902213843321
Premium Cloud Accounting Setup (Tally/Zoho) - Basic Setup,TAX-04792,GST,18,3322.54,8087.0,31,Accounting & Bookkeeping Services,998222,8909560302930
NRI Tax Advisory & Filing - DTAA Benefit Filing,TAX-04793,GST,18,3162.29,7130.0,67,Individual Tax Preparation,998232,8905200255693
Premium Stock & Inventory Audit - Multi-Location,TAX-04794,GST,18,16330.95,36633.0,91,Financial Auditing Services,998221,8901438744373
Dedicated Tax Audit (U/s 44AB) - Individual/HUF,TAX-04795,GST,18,7560.5,16619.0,72,Financial Auditing Services,998221,8906300976325
Basic Financial Statement Preparation (P&L/BS) - LLP,TAX-04796,GST,18,4932.73,16554.0,72,Accounting & Bookkeeping Services,998222,8904881391420
Turnkey Financial Statement Preparation (P&L/BS) - Private Limited,TAX-04797,GST,18,6742.04,16620.0,49,Accounting & Bookkeeping Services,998222,8903140139887
Express NRI Tax Advisory & Filing - Standard Consultation,TAX-04798,GST,18,2567.95,7872.0,35,Individual Tax Preparation,998232,8907189428408
NRI Tax Advisory & Filing - DTAA Benefit Filing,TAX-04799,GST,18,3621.49,7287.0,94,Individual Tax Preparation,998232,8908521200416
Standard TDS & TCS Return Filing - Form 27Q,TAX-04800,GST,18,1687.8,4307.0,82,Payroll & Compliance Services,998223,8906487032187
Dedicated Internal Audit & Risk Assessment - Annual,TAX-04801,GST,18,15068.59,46553.0,80,Financial Auditing Services,998221,8908884235940
Express Monthly Bookkeeping Retainer - SME Plan,TAX-04802,GST,18,4141.11,8563.0,64,Accounting & Bookkeeping Services,998222,8908135636224
Turnkey Professional Tax (PT) Compliance - Registration,TAX-04803,GST,18,923.46,2417.0,56,Payroll & Compliance Services,998223,8907723551727
Express TDS & TCS Return Filing - Form 26Q,TAX-04804,GST,18,1478.83,3994.0,55,Payroll & Compliance Services,998223,8909944617353
Retainer GST Registration & Advisory - E-commerce/Multi-State,TAX-04805,GST,18,1743.02,4246.0,97,Corporate Tax Consulting,998231,8900674091260
Virtual CFO Services - Dedicated (40 hours),TAX-04806,GST,18,28928.14,89349.0,67,Accounting & Bookkeeping Services,998222,8901106480232
Premium Professional Tax (PT) Compliance - Registration,TAX-04807,GST,18,1058.41,2967.0,22,Payroll & Compliance Services,998223,8904848946541
Comprehensive Internal Audit & Risk Assessment - Half-Yearly,TAX-04808,GST,18,17695.38,51278.0,17,Financial Auditing Services,998221,8906913821729
Retainer PF & ESI Registration and Returns - Monthly Retainer,TAX-04809,GST,18,2264.85,6036.0,28,Payroll & Compliance Services,998223,8903967567659
Managed Professional Tax (PT) Compliance - Registration,TAX-04810,GST,18,833.24,2696.0,94,Payroll & Compliance Services,998223,8908559711897
Retainer Bank Reconciliation Services - Monthly,TAX-04811,GST,18,2876.0,5830.0,65,Accounting & Bookkeeping Services,998222,8903378747267
Retainer Cloud Accounting Setup (Tally/Zoho) - Advanced Integration,TAX-04812,GST,18,3906.84,10257.0,53,Accounting & Bookkeeping Services,998222,8909364076202
Managed Business & Professional ITR-3 / ITR-4 - Presumptive Taxation,TAX-04813,GST,18,1228.93,4292.0,51,Individual Tax Preparation,998232,8909624132459
Internal Audit & Risk Assessment - Quarterly,TAX-04814,GST,18,19920.98,48375.0,97,Financial Auditing Services,998221,8901421582545
Advanced Tax Audit (U/s 44AB) - Individual/HUF,TAX-04815,GST,18,4009.32,13633.0,54,Financial Auditing Services,998221,8900086992051
Standard Internal Audit & Risk Assessment - Half-Yearly,TAX-04816,GST,18,15965.18,39196.0,89,Financial Auditing Services,998221,8902834942835
Turnkey Financial Statement Preparation (P&L/BS) - Proprietorship,TAX-04817,GST,18,4435.71,12081.0,93,Accounting & Bookkeeping Services,998222,8901497642369
Basic Forensic Audit & Fraud Investigation - Basic Assessment,TAX-04818,GST,18,26001.41,57139.0,32,Financial Auditing Services,998221,8902341779211
Dedicated GST Registration & Advisory - Standard Business,TAX-04819,GST,18,1604.8,3966.0,89,Corporate Tax Consulting,998231,8906090127172
Premium Stock & Inventory Audit - Multi-Location,TAX-04820,GST,18,9996.33,31616.0,92,Financial Auditing Services,998221,8909431521199
Retainer GST Registration & Advisory - E-commerce/Multi-State,TAX-04821,GST,18,1763.0,5433.0,54,Corporate Tax Consulting,998231,8906156368864
Advanced Corporate Income Tax Return (ITR-6) - Standard,TAX-04822,GST,18,11504.6,29492.0,59,Corporate Tax Consulting,998231,8900628536749
Retainer Virtual CFO Services - Part-time (20 hours),TAX-04823,GST,18,22628.65,77945.0,19,Accounting & Bookkeeping Services,998222,8901363543133
Comprehensive Statutory Audit Services - Corporate Entity,TAX-04824,GST,18,52284.91,142925.0,16,Financial Auditing Services,998221,8906454783990
Premium Professional Tax (PT) Compliance - Registration,TAX-04825,GST,18,742.31,2299.0,38,Payroll & Compliance Services,998223,8907991618502
Managed Advance Tax Calculation & Advisory - One-Time Analysis,TAX-04826,GST,18,625.03,1652.0,46,Individual Tax Preparation,998232,8900930577614
Turnkey Forensic Audit & Fraud Investigation - Basic Assessment,TAX-04827,GST,18,15471.58,38932.0,29,Financial Auditing Services,998221,8908635740885
Advanced Forensic Audit & Fraud Investigation - Detailed Investigation,TAX-04828,GST,18,55111.61,189691.0,41,Financial Auditing Services,998221,8908825823552
Basic Monthly GST Return Filing (GSTR 1 & 3B) - Standard B2B/B2C,TAX-04829,GST,18,879.1,2768.0,59,Corporate Tax Consulting,998231,8901779989043
Premium Individual ITR-1 / ITR-2 Filing - Salaried Single Form 16,TAX-04830,GST,18,415.46,898.0,50,Individual Tax Preparation,998232,8909507614048
Standard ROC Annual Compliance Filing - Fast Track Strike Off,TAX-04831,GST,18,5572.49,14770.0,17,Corporate Tax Consulting,998231,8907338210920
Standard Stock & Inventory Audit - Single Location,TAX-04832,GST,18,6096.55,18788.0,87,Financial Auditing Services,998221,8902168509894
Express ROC Annual Compliance Filing - AOC-4 & MGT-7,TAX-04833,GST,18,4296.56,12725.0,95,Corporate Tax Consulting,998231,8906469061096
Retainer Internal Audit & Risk Assessment - Quarterly,TAX-04834,GST,18,13770.41,46538.0,28,Financial Auditing Services,998221,8903822353755
Premium Monthly GST Return Filing (GSTR 1 & 3B) - Standard B2B/B2C,TAX-04835,GST,18,1319.33,2900.0,91,Corporate Tax Consulting,998231,8905018872069
Managed Corporate Income Tax Return (ITR-6) - Complex with Transfer Pricing,TAX-04836,GST,18,18364.22,62693.0,69,Corporate Tax Consulting,998231,8908871308483
Premium Advance Tax Calculation & Advisory - Quarterly Retainer,TAX-04837,GST,18,972.28,2516.0,64,Individual Tax Preparation,998232,8903295689865
Turnkey Corporate Income Tax Return (ITR-6) - Standard,TAX-04838,GST,18,8015.59,25817.0,12,Corporate Tax Consulting,998231,8906197500381
Basic End-to-End Payroll Processing - Upto 50 Employees,TAX-04839,GST,18,4401.85,12375.0,21,Payroll & Compliance Services,998223,8905315005835
Bank Reconciliation Services - Annual Cleanup,TAX-04840,GST,18,2553.28,6230.0,33,Accounting & Bookkeeping Services,998222,8905561417843
Standard GST Annual Return (GSTR-9/9C) - Turnover < 2Cr,TAX-04841,GST,18,5712.76,17805.0,35,Corporate Tax Consulting,998231,8902579816953
PF & ESI Registration and Returns - Annual Package,TAX-04842,GST,18,2221.79,6978.0,85,Payroll & Compliance Services,998223,8903604259904
Basic Statutory Audit Services - Corporate Entity,TAX-04843,GST,18,49355.97,157574.0,81,Financial Auditing Services,998221,8909818432445
Advanced Corporate Income Tax Return (ITR-6) - Standard,TAX-04844,GST,18,11371.45,28115.0,55,Corporate Tax Consulting,998231,8901228695293
Premium Business & Professional ITR-3 / ITR-4 - Presumptive Taxation,TAX-04845,GST,18,1630.76,4579.0,80,Individual Tax Preparation,998232,8905210073590
Internal Audit & Risk Assessment - Quarterly,TAX-04846,GST,18,11671.24,39044.0,12,Financial Auditing Services,998221,8904414822430
Retainer Bank Reconciliation Services - Annual Cleanup,TAX-04847,GST,18,2083.12,5305.0,51,Accounting & Bookkeeping Services,998222,8907393974260
Premium NRI Tax Advisory & Filing - DTAA Benefit Filing,TAX-04848,GST,18,2317.03,6942.0,30,Individual Tax Preparation,998232,8905991435395
Express NRI Tax Advisory & Filing - DTAA Benefit Filing,TAX-04849,GST,18,3619.08,9762.0,30,Individual Tax Preparation,998232,8900703679889
Turnkey Financial Statement Preparation (P&L/BS) - Proprietorship,TAX-04850,GST,18,4231.1,13651.0,22,Accounting & Bookkeeping Services,998222,8905277374811
Retainer NRI Tax Advisory & Filing - DTAA Benefit Filing,TAX-04851,GST,18,2919.43,8378.0,12,Individual Tax Preparation,998232,8905291844090
Dedicated Internal Audit & Risk Assessment - Half-Yearly,TAX-04852,GST,18,18834.99,50579.0,29,Financial Auditing Services,998221,8905731302203
Dedicated Monthly GST Return Filing (GSTR 1 & 3B) - High Volume,TAX-04853,GST,18,2170.05,7131.0,56,Corporate Tax Consulting,998231,8903340164785
Express Forensic Audit & Fraud Investigation - Basic Assessment,TAX-04854,GST,18,25542.92,59852.0,73,Financial Auditing Services,998221,8901986585102
Dedicated Tax Audit (U/s 44AB) - Partnership Firm,TAX-04855,GST,18,4177.14,13951.0,82,Financial Auditing Services,998221,8903220615250
Managed Stock & Inventory Audit - Single Location,TAX-04856,GST,18,6148.4,20824.0,66,Financial Auditing Services,998221,8909504700622
Managed End-to-End Payroll Processing - Upto 20 Employees,TAX-04857,GST,18,4828.81,12070.0,19,Payroll & Compliance Services,998223,8907489092393
GST Registration & Advisory - E-commerce/Multi-State,TAX-04858,GST,18,2087.43,4231.0,90,Corporate Tax Consulting,998231,8900660579652
Retainer Monthly GST Return Filing (GSTR 1 & 3B) - High Volume,TAX-04859,GST,18,3287.91,6924.0,22,Corporate Tax Consulting,998231,8902598221898
Turnkey GST Registration & Advisory - Standard Business,TAX-04860,GST,18,1898.72,5744.0,97,Corporate Tax Consulting,998231,8904451696137
Premium Internal Audit & Risk Assessment - Half-Yearly,TAX-04861,GST,18,16149.15,48508.0,87,Financial Auditing Services,998221,8907853150274
Express Virtual CFO Services - Part-time (20 hours),TAX-04862,GST,18,31934.51,69418.0,82,Accounting & Bookkeeping Services,998222,8901654594806
Monthly Bookkeeping Retainer - Enterprise Plan,TAX-04863,GST,18,8723.14,19162.0,73,Accounting & Bookkeeping Services,998222,8909586072509
Premium Cloud Accounting Setup (Tally/Zoho) - Basic Setup,TAX-04864,GST,18,1956.53,6294.0,80,Accounting & Bookkeeping Services,998222,8902205384528
Express Internal Audit & Risk Assessment - Half-Yearly,TAX-04865,GST,18,16713.05,41368.0,67,Financial Auditing Services,998221,8905232661038
Retainer Monthly Bookkeeping Retainer - Startup Plan,TAX-04866,GST,18,4003.13,8051.0,50,Accounting & Bookkeeping Services,998222,8900255130999
Advanced Monthly GST Return Filing (GSTR 1 & 3B) - High Volume,TAX-04867,GST,18,2097.12,6675.0,62,Corporate Tax Consulting,998231,8904977070345
Dedicated Monthly GST Return Filing (GSTR 1 & 3B) - Nil Return,TAX-04868,GST,18,799.54,1763.0,42,Corporate Tax Consulting,998231,8902169195759
Express End-to-End Payroll Processing - Upto 150 Employees,TAX-04869,GST,18,8822.87,20966.0,43,Payroll & Compliance Services,998223,8909065478292
Express End-to-End Payroll Processing - Upto 150 Employees,TAX-04870,GST,18,7329.93,18916.0,64,Payroll & Compliance Services,998223,8906118700749
Turnkey Individual ITR-1 / ITR-2 Filing - Salaried Single Form 16,TAX-04871,GST,18,369.57,761.0,14,Individual Tax Preparation,998232,8903155677521
Express Monthly GST Return Filing (GSTR 1 & 3B) - Standard B2B/B2C,TAX-04872,GST,18,1610.02,3600.0,42,Corporate Tax Consulting,998231,8904450765478
Dedicated Individual ITR-1 / ITR-2 Filing - Multiple Form 16 + Capital Gains,TAX-04873,GST,18,568.48,1668.0,84,Individual Tax Preparation,998232,8907751425807
Standard PF & ESI Registration and Returns - Monthly Retainer,TAX-04874,GST,18,1666.08,5284.0,70,Payroll & Compliance Services,998223,8903600145232
Advanced Cloud Accounting Setup (Tally/Zoho) - Basic Setup,TAX-04875,GST,18,1858.61,6241.0,43,Accounting & Bookkeeping Services,998222,8901793953843
Retainer Forensic Audit & Fraud Investigation - Basic Assessment,TAX-04876,GST,18,17264.29,45691.0,87,Financial Auditing Services,998221,8900351490333
Basic Internal Audit & Risk Assessment - Annual,TAX-04877,GST,18,15992.28,49721.0,55,Financial Auditing Services,998221,8907207311567
Retainer Monthly GST Return Filing (GSTR 1 & 3B) - Nil Return,TAX-04878,GST,18,867.89,2203.0,26,Corporate Tax Consulting,998231,8906301618030
Express Virtual CFO Services - Dedicated (40 hours),TAX-04879,GST,18,52876.4,127525.0,60,Accounting & Bookkeeping Services,998222,8903405475515
Comprehensive ROC Annual Compliance Filing - AOC-4 & MGT-7,TAX-04880,GST,18,3316.93,10724.0,19,Corporate Tax Consulting,998231,8908128091917
Express GST Registration & Advisory - Standard Business,TAX-04881,GST,18,1971.29,5498.0,72,Corporate Tax Consulting,998231,8907179567858
Standard GST Annual Return (GSTR-9/9C) - Turnover > 5Cr,TAX-04882,GST,18,10726.93,32898.0,72,Corporate Tax Consulting,998231,8904441565743
Advanced Corporate Income Tax Return (ITR-6) - Standard,TAX-04883,GST,18,15031.61,31747.0,28,Corporate Tax Consulting,998231,8908180129558
Managed TDS & TCS Return Filing - Form 26Q,TAX-04884,GST,18,1779.18,4425.0,59,Payroll & Compliance Services,998223,8904071491310
Comprehensive Professional Tax (PT) Compliance - Annual Filing,TAX-04885,GST,18,1259.2,2623.0,43,Payroll & Compliance Services,998223,8905645431290
Turnkey Virtual CFO Services - Part-time (20 hours),TAX-04886,GST,18,25821.71,57573.0,85,Accounting & Bookkeeping Services,998222,8904729926337
Dedicated Statutory Audit Services - Corporate Entity,TAX-04887,GST,18,46221.36,107577.0,97,Financial Auditing Services,998221,8909122276158
Standard PF & ESI Registration and Returns - Annual Package,TAX-04888,GST,18,1488.52,5061.0,70,Payroll & Compliance Services,998223,8904223185831
Dedicated Cloud Accounting Setup (Tally/Zoho) - Advanced Integration,TAX-04889,GST,18,5454.98,12545.0,13,Accounting & Bookkeeping Services,998222,8909718148543
Managed Monthly GST Return Filing (GSTR 1 & 3B) - High Volume,TAX-04890,GST,18,3993.19,9584.0,23,Corporate Tax Consulting,998231,8908731785297
Retainer Corporate Income Tax Return (ITR-6) - Standard,TAX-04891,GST,18,7036.36,23164.0,59,Corporate Tax Consulting,998231,8908519261758
Managed ROC Annual Compliance Filing - AOC-4 & MGT-7,TAX-04892,GST,18,5695.28,13811.0,94,Corporate Tax Consulting,998231,8909003916102
Standard Individual ITR-1 / ITR-2 Filing - Salaried Single Form 16,TAX-04893,GST,18,419.03,1146.0,48,Individual Tax Preparation,998232,8900478737480
PF & ESI Registration and Returns - Monthly Retainer,TAX-04894,GST,18,3085.84,6189.0,15,Payroll & Compliance Services,998223,8907397016316
Retainer Virtual CFO Services - Dedicated (40 hours),TAX-04895,GST,18,40685.41,137447.0,67,Accounting & Bookkeeping Services,998222,8907196767416
Advanced GST Registration & Advisory - E-commerce/Multi-State,TAX-04896,GST,18,1459.75,4833.0,97,Corporate Tax Consulting,998231,8908844424504
Dedicated Advance Tax Calculation & Advisory - One-Time Analysis,TAX-04897,GST,18,691.64,1822.0,47,Individual Tax Preparation,998232,8905126527667
Dedicated Monthly Bookkeeping Retainer - SME Plan,TAX-04898,GST,18,2176.27,7088.0,21,Accounting & Bookkeeping Services,998222,8907832112681
Premium Advance Tax Calculation & Advisory - One-Time Analysis,TAX-04899,GST,18,946.14,2447.0,48,Individual Tax Preparation,998232,8905856977104
Turnkey Professional Tax (PT) Compliance - Registration,TAX-04900,GST,18,1336.23,3146.0,32,Payroll & Compliance Services,998223,8904235928870
Dedicated Tax Audit (U/s 44AB) - Individual/HUF,TAX-04901,GST,18,5450.71,12616.0,33,Financial Auditing Services,998221,8907258618211
Retainer End-to-End Payroll Processing - Upto 150 Employees,TAX-04902,GST,18,4936.15,16859.0,74,Payroll & Compliance Services,998223,8907426154712
Managed Forensic Audit & Fraud Investigation - Basic Assessment,TAX-04903,GST,18,16083.15,47380.0,40,Financial Auditing Services,998221,8902006119368
Express NRI Tax Advisory & Filing - Standard Consultation,TAX-04904,GST,18,2870.53,9178.0,46,Individual Tax Preparation,998232,8908023352358
Turnkey TDS & TCS Return Filing - Form 27Q,TAX-04905,GST,18,1131.88,3212.0,95,Payroll & Compliance Services,998223,8908460749169
Dedicated Individual ITR-1 / ITR-2 Filing - Multiple Form 16 + Capital Gains,TAX-04906,GST,18,669.8,1442.0,87,Individual Tax Preparation,998232,8906047510424
Turnkey Bank Reconciliation Services - Annual Cleanup,TAX-04907,GST,18,1442.99,4936.0,84,Accounting & Bookkeeping Services,998222,8903335717685
Express Virtual CFO Services - Dedicated (40 hours),TAX-04908,GST,18,49741.0,119649.0,76,Accounting & Bookkeeping Services,998222,8904772797280
Managed Business & Professional ITR-3 / ITR-4 - Regular Accounts,TAX-04909,GST,18,2500.09,5276.0,10,Individual Tax Preparation,998232,8900464087981
Standard Monthly GST Return Filing (GSTR 1 & 3B) - Standard B2B/B2C,TAX-04910,GST,18,913.7,3163.0,53,Corporate Tax Consulting,998231,8907524521642
Retainer Statutory Audit Services - Small Business,TAX-04911,GST,18,10986.63,24756.0,97,Financial Auditing Services,998221,8909548521121
Basic TDS & TCS Return Filing - Form 26Q,TAX-04912,GST,18,1100.57,3129.0,70,Payroll & Compliance Services,998223,8909842769017
Express GST Registration & Advisory - E-commerce/Multi-State,TAX-04913,GST,18,1662.9,5048.0,52,Corporate Tax Consulting,998231,8903370193639
Standard Advance Tax Calculation & Advisory - One-Time Analysis,TAX-04914,GST,18,841.7,2492.0,37,Individual Tax Preparation,998232,8906462969054
Express PF & ESI Registration and Returns - Monthly Retainer,TAX-04915,GST,18,1712.21,4921.0,60,Payroll & Compliance Services,998223,8907125840476
Premium Stock & Inventory Audit - Single Location,TAX-04916,GST,18,8168.43,20378.0,45,Financial Auditing Services,998221,8906007974076
Advanced NRI Tax Advisory & Filing - DTAA Benefit Filing,TAX-04917,GST,18,2371.35,7433.0,98,Individual Tax Preparation,998232,8902559334886
Turnkey NRI Tax Advisory & Filing - DTAA Benefit Filing,TAX-04918,GST,18,4276.92,8586.0,32,Individual Tax Preparation,998232,8900976465317
Turnkey TDS & TCS Return Filing - Form 27Q,TAX-04919,GST,18,1008.81,3033.0,70,Payroll & Compliance Services,998223,8904233412834
Basic Financial Statement Preparation (P&L/BS) - Proprietorship,TAX-04920,GST,18,6779.49,15460.0,88,Accounting & Bookkeeping Services,998222,8906857539169
Advanced Internal Audit & Risk Assessment - Annual,TAX-04921,GST,18,12478.18,39596.0,39,Financial Auditing Services,998221,8903276616398
Managed End-to-End Payroll Processing - Upto 20 Employees,TAX-04922,GST,18,2763.21,8758.0,53,Payroll & Compliance Services,998223,8901257481532
Professional Tax (PT) Compliance - Registration,TAX-04923,GST,18,1055.84,2471.0,75,Payroll & Compliance Services,998223,8901808554206
Express Stock & Inventory Audit - Single Location,TAX-04924,GST,18,7285.83,23996.0,16,Financial Auditing Services,998221,8900789493506
Comprehensive Forensic Audit & Fraud Investigation - Detailed Investigation,TAX-04925,GST,18,75942.58,253981.0,27,Financial Auditing Services,998221,8900751134865
Retainer ROC Annual Compliance Filing - Fast Track Strike Off,TAX-04926,GST,18,4343.85,10275.0,17,Corporate Tax Consulting,998231,8902240173281
Advanced TDS & TCS Return Filing - Form 27Q,TAX-04927,GST,18,1509.94,3166.0,43,Payroll & Compliance Services,998223,8906740094043
Advanced ROC Annual Compliance Filing - AOC-4 & MGT-7,TAX-04928,GST,18,3484.3,10020.0,77,Corporate Tax Consulting,998231,8907360634051
Dedicated Monthly Bookkeeping Retainer - Startup Plan,TAX-04929,GST,18,3511.8,8251.0,57,Accounting & Bookkeeping Services,998222,8903279182331
Turnkey GST Annual Return (GSTR-9/9C) - Turnover < 2Cr,TAX-04930,GST,18,6699.05,19405.0,84,Corporate Tax Consulting,998231,8906817548144
Dedicated Cloud Accounting Setup (Tally/Zoho) - Basic Setup,TAX-04931,GST,18,2585.7,8690.0,95,Accounting & Bookkeeping Services,998222,8901560232474
Express ROC Annual Compliance Filing - Fast Track Strike Off,TAX-04932,GST,18,3793.17,10396.0,80,Corporate Tax Consulting,998231,8905513703597
Retainer Advance Tax Calculation & Advisory - Quarterly Retainer,TAX-04933,GST,18,709.56,2094.0,47,Individual Tax Preparation,998232,8901786793936
Express Business & Professional ITR-3 / ITR-4 - Regular Accounts,TAX-04934,GST,18,1972.39,4919.0,72,Individual Tax Preparation,998232,8902020352104
Advanced Individual ITR-1 / ITR-2 Filing - Salaried Single Form 16,TAX-04935,GST,18,407.76,1139.0,21,Individual Tax Preparation,998232,8903893313863
Dedicated PF & ESI Registration and Returns - Monthly Retainer,TAX-04936,GST,18,2266.68,6886.0,27,Payroll & Compliance Services,998223,8904937104176
Standard Virtual CFO Services - Dedicated (40 hours),TAX-04937,GST,18,56255.31,133605.0,10,Accounting & Bookkeeping Services,998222,8901640403976
Retainer Monthly Bookkeeping Retainer - Startup Plan,TAX-04938,GST,18,4942.81,10036.0,88,Accounting & Bookkeeping Services,998222,8900438911482
Comprehensive Stock & Inventory Audit - Single Location,TAX-04939,GST,18,7207.77,16001.0,42,Financial Auditing Services,998221,8904185016641
Express End-to-End Payroll Processing - Upto 150 Employees,TAX-04940,GST,18,6459.81,17711.0,52,Payroll & Compliance Services,998223,8906811343153
Standard Virtual CFO Services - Part-time (20 hours),TAX-04941,GST,18,23749.6,55776.0,27,Accounting & Bookkeeping Services,998222,8908223596347
Advanced Financial Statement Preparation (P&L/BS) - Proprietorship,TAX-04942,GST,18,8476.82,18278.0,86,Accounting & Bookkeeping Services,998222,8903916527730
Advance Tax Calculation & Advisory - Quarterly Retainer,TAX-04943,GST,18,919.01,1852.0,60,Individual Tax Preparation,998232,8904800254064
Dedicated GST Annual Return (GSTR-9/9C) - Turnover > 5Cr,TAX-04944,GST,18,17435.51,47738.0,71,Corporate Tax Consulting,998231,8907532912365
Advanced Professional Tax (PT) Compliance - Annual Filing,TAX-04945,GST,18,741.69,2136.0,10,Payroll & Compliance Services,998223,8900159038240
Comprehensive Monthly Bookkeeping Retainer - Enterprise Plan,TAX-04946,GST,18,5774.58,17381.0,38,Accounting & Bookkeeping Services,998222,8904364456630
Turnkey Individual ITR-1 / ITR-2 Filing - Multiple Form 16 + Capital Gains,TAX-04947,GST,18,576.47,1628.0,46,Individual Tax Preparation,998232,8909406644651
Managed Professional Tax (PT) Compliance - Registration,TAX-04948,GST,18,1269.57,2829.0,39,Payroll & Compliance Services,998223,8900028834928
Dedicated TDS & TCS Return Filing - Form 26Q,TAX-04949,GST,18,1243.67,4121.0,70,Payroll & Compliance Services,998223,8904298280379
Premium TDS & TCS Return Filing - Form 24Q,TAX-04950,GST,18,1405.13,2818.0,52,Payroll & Compliance Services,998223,8906897790364
Advanced Advance Tax Calculation & Advisory - One-Time Analysis,TAX-04951,GST,18,577.18,1734.0,24,Individual Tax Preparation,998232,8906968928697
Advanced Advance Tax Calculation & Advisory - Quarterly Retainer,TAX-04952,GST,18,616.65,2100.0,89,Individual Tax Preparation,998232,8906357223152
Managed GST Registration & Advisory - E-commerce/Multi-State,TAX-04953,GST,18,1750.1,4936.0,50,Corporate Tax Consulting,998231,8907581001544
Comprehensive Corporate Income Tax Return (ITR-6) - Standard,TAX-04954,GST,18,9098.74,23264.0,40,Corporate Tax Consulting,998231,8907984800203
Virtual CFO Services - Dedicated (40 hours),TAX-04955,GST,18,47878.28,127487.0,76,Accounting & Bookkeeping Services,998222,8909617832250
Dedicated Individual ITR-1 / ITR-2 Filing - Multiple Form 16 + Capital Gains,TAX-04956,GST,18,687.62,1539.0,28,Individual Tax Preparation,998232,8902326017542
Comprehensive ROC Annual Compliance Filing - AOC-4 & MGT-7,TAX-04957,GST,18,2968.02,9962.0,83,Corporate Tax Consulting,998231,8901242348390
Dedicated GST Registration & Advisory - E-commerce/Multi-State,TAX-04958,GST,18,1476.97,4512.0,28,Corporate Tax Consulting,998231,8907857302394
Managed NRI Tax Advisory & Filing - DTAA Benefit Filing,TAX-04959,GST,18,2592.88,6718.0,39,Individual Tax Preparation,998232,8903909213701
Managed Business & Professional ITR-3 / ITR-4 - Presumptive Taxation,TAX-04960,GST,18,1245.32,4190.0,34,Individual Tax Preparation,998232,8901694743418
Individual ITR-1 / ITR-2 Filing - Multiple Form 16 + Capital Gains,TAX-04961,GST,18,580.73,1535.0,96,Individual Tax Preparation,998232,8905150218645
Express Business & Professional ITR-3 / ITR-4 - Presumptive Taxation,TAX-04962,GST,18,1680.53,4281.0,70,Individual Tax Preparation,998232,8906386189085
Basic End-to-End Payroll Processing - Upto 150 Employees,TAX-04963,GST,18,9762.76,22377.0,55,Payroll & Compliance Services,998223,8903555995397
Dedicated Monthly Bookkeeping Retainer - Enterprise Plan,TAX-04964,GST,18,11938.73,24161.0,91,Accounting & Bookkeeping Services,998222,8906420922597
Managed Virtual CFO Services - Dedicated (40 hours),TAX-04965,GST,18,48610.58,129723.0,21,Accounting & Bookkeeping Services,998222,8900601130322
Dedicated Cloud Accounting Setup (Tally/Zoho) - Basic Setup,TAX-04966,GST,18,3560.0,8315.0,98,Accounting & Bookkeeping Services,998222,8907453656026
Comprehensive Corporate Income Tax Return (ITR-6) - Standard,TAX-04967,GST,18,8102.05,21010.0,75,Corporate Tax Consulting,998231,8902459622397
Basic Bank Reconciliation Services - Annual Cleanup,TAX-04968,GST,18,1760.0,5430.0,99,Accounting & Bookkeeping Services,998222,8900996079391
Dedicated Tax Audit (U/s 44AB) - Individual/HUF,TAX-04969,GST,18,5374.11,16725.0,18,Financial Auditing Services,998221,8900816535985
Basic Tax Audit (U/s 44AB) - Company,TAX-04970,GST,18,7476.5,16690.0,88,Financial Auditing Services,998221,8902835342495
Comprehensive Statutory Audit Services - Medium Enterprise,TAX-04971,GST,18,47879.98,144786.0,11,Financial Auditing Services,998221,8900648615779
Advanced Business & Professional ITR-3 / ITR-4 - Presumptive Taxation,TAX-04972,GST,18,1536.44,4506.0,61,Individual Tax Preparation,998232,8904928963899
Standard Advance Tax Calculation & Advisory - Quarterly Retainer,TAX-04973,GST,18,678.19,1785.0,82,Individual Tax Preparation,998232,8909300547642
Comprehensive TDS & TCS Return Filing - Form 26Q,TAX-04974,GST,18,1807.29,4098.0,79,Payroll & Compliance Services,998223,8901832551266
Individual ITR-1 / ITR-2 Filing - Multiple Form 16 + Capital Gains,TAX-04975,GST,18,491.29,1603.0,30,Individual Tax Preparation,998232,8909721369086
Comprehensive GST Registration & Advisory - Standard Business,TAX-04976,GST,18,2099.2,4919.0,62,Corporate Tax Consulting,998231,8905012404034
Premium Forensic Audit & Fraud Investigation - Detailed Investigation,TAX-04977,GST,18,77420.33,226484.0,24,Financial Auditing Services,998221,8903777938640
Advanced Professional Tax (PT) Compliance - Registration,TAX-04978,GST,18,1360.48,3030.0,94,Payroll & Compliance Services,998223,8908664786359
Standard PF & ESI Registration and Returns - Monthly Retainer,TAX-04979,GST,18,3275.49,7187.0,87,Payroll & Compliance Services,998223,8904153543187
Express Tax Audit (U/s 44AB) - Individual/HUF,TAX-04980,GST,18,7187.09,16122.0,28,Financial Auditing Services,998221,8901625932240
NRI Tax Advisory & Filing - Standard Consultation,TAX-04981,GST,18,2932.94,8392.0,77,Individual Tax Preparation,998232,8903416232528
Premium Corporate Income Tax Return (ITR-6) - Complex with Transfer Pricing,TAX-04982,GST,18,25078.34,54382.0,35,Corporate Tax Consulting,998231,8903227603921
Dedicated Individual ITR-1 / ITR-2 Filing - Multiple Form 16 + Capital Gains,TAX-04983,GST,18,765.78,1575.0,43,Individual Tax Preparation,998232,8903855129986
Retainer Monthly GST Return Filing (GSTR 1 & 3B) - Nil Return,TAX-04984,GST,18,826.75,2054.0,41,Corporate Tax Consulting,998231,8900976904635
Basic Forensic Audit & Fraud Investigation - Detailed Investigation,TAX-04985,GST,18,118219.29,255821.0,78,Financial Auditing Services,998221,8905937753359
Dedicated End-to-End Payroll Processing - Upto 150 Employees,TAX-04986,GST,18,7835.91,23363.0,93,Payroll & Compliance Services,998223,8903324335069
Basic NRI Tax Advisory & Filing - DTAA Benefit Filing,TAX-04987,GST,18,2619.31,7272.0,12,Individual Tax Preparation,998232,8902547127806
Retainer Corporate Income Tax Return (ITR-6) - Complex with Transfer Pricing,TAX-04988,GST,18,20722.15,61405.0,62,Corporate Tax Consulting,998231,8907868926855
Premium Internal Audit & Risk Assessment - Half-Yearly,TAX-04989,GST,18,21719.18,46799.0,36,Financial Auditing Services,998221,8906063705545
Dedicated Corporate Income Tax Return (ITR-6) - Standard,TAX-04990,GST,18,10970.95,23411.0,45,Corporate Tax Consulting,998231,8902386145094
Internal Audit & Risk Assessment - Annual,TAX-04991,GST,18,19300.23,43100.0,55,Financial Auditing Services,998221,8908140101190
Advanced End-to-End Payroll Processing - Upto 150 Employees,TAX-04992,GST,18,6756.83,20945.0,95,Payroll & Compliance Services,998223,8908164580810
Dedicated Monthly GST Return Filing (GSTR 1 & 3B) - Standard B2B/B2C,TAX-04993,GST,18,932.69,2552.0,28,Corporate Tax Consulting,998231,8906344556582
Retainer Professional Tax (PT) Compliance - Annual Filing,TAX-04994,GST,18,704.91,2170.0,50,Payroll & Compliance Services,998223,8908459722050
Premium Statutory Audit Services - Medium Enterprise,TAX-04995,GST,18,45883.91,101401.0,76,Financial Auditing Services,998221,8904967776192
Managed Internal Audit & Risk Assessment - Annual,TAX-04996,GST,18,15054.77,40035.0,53,Financial Auditing Services,998221,8905579431936
Standard GST Annual Return (GSTR-9/9C) - Turnover < 2Cr,TAX-04997,GST,18,4668.95,15002.0,35,Corporate Tax Consulting,998231,8905229386291
Advance Tax Calculation & Advisory - Quarterly Retainer,TAX-04998,GST,18,773.72,2342.0,69,Individual Tax Preparation,998232,8905937275131
Premium Professional Tax (PT) Compliance - Registration,TAX-04999,GST,18,747.95,2590.0,77,Payroll & Compliance Services,998223,8909477854079
Express TDS & TCS Return Filing - Form 24Q,TAX-05000,GST,18,1490.75,3171.0,33,Payroll & Compliance Services,998223,8903646285069
