name,sku,tax_type,gst_rate,purchase_rate,selling_rate,opening_stock,category,hsn,barcode
Fortinet Pro Wireless Access Point (WAP) - WiFi 6 Indoor,SEC-00001,GST,18,14036.54,15656.0,25,Hardware Firewalls & Networking,8517,8908196001338
Audit Next-Gen Incident Response & Forensics - Retainer Setup,SEC-00002,GST,18,45317.67,121171.0,22,Cybersecurity Consulting & Audits,998313,8900265423511
In-House Network Monitoring Service (NOC) - Monthly Advanced Proactive,SEC-00003,GST,18,3160.02,6526.0,34,Managed IT Services & AMC,998316,8908161849593
Fortinet Standard Managed Gigabit Switch - 48-Port PoE,SEC-00004,GST,18,87335.28,107420.0,14,Hardware Firewalls & Networking,8517,8904752553419
QNAP Unified 2U Storage Server - Basic Array,SEC-00005,GST,18,118916.7,148459.0,22,Servers & Data Storage,8471,8908350305641
QNAP Unified Network Attached Storage (NAS) - 4-Bay Desktop,SEC-00006,GST,18,36293.77,44902.0,16,Servers & Data Storage,8471,8902423884969
Managed Next-Gen Remote Helpdesk Support - Monthly Retainer,SEC-00007,GST,18,1002.02,3140.0,12,Managed IT Services & AMC,998316,8902269166978
Kaspersky Standard Endpoint Detection and Response (EDR) - 1-Year 50 Devices,SEC-00008,GST,18,9817.24,12835.0,186,Endpoint Security & Software Licenses,8523,8905146270482
Audit Advanced ISO 27001 Compliance Audit - Readiness Assessment,SEC-00009,GST,18,66022.59,148044.0,38,Cybersecurity Consulting & Audits,998313,8900957015430
QNAP Unified 1U Rack Server - Intel Xeon 16GB,SEC-00010,GST,18,174414.38,217442.0,19,Servers & Data Storage,8471,8902278248963
Consulting Enterprise Penetration Testing Service - Grey Box,SEC-00011,GST,18,29909.92,89955.0,28,Cybersecurity Consulting & Audits,998313,8907871331509
Audit Premium Incident Response & Forensics - Retainer Setup,SEC-00012,GST,18,34025.03,100260.0,19,Cybersecurity Consulting & Audits,998313,8901051834738
Supermicro Unified Server Rack Cabinet - Co-location Rack,SEC-00013,GST,18,27543.54,32252.0,15,Servers & Data Storage,8471,8903116566701
Palo Alto Pro Wireless Access Point (WAP) - WiFi 6 Indoor,SEC-00014,GST,18,13659.28,16124.0,6,Hardware Firewalls & Networking,8517,8906247317810
Audit Advanced Vulnerability Assessment (VAPT) - Web Application,SEC-00015,GST,18,23955.58,65208.0,30,Cybersecurity Consulting & Audits,998313,8900260647468
In-House Pro Remote Helpdesk Support - Quarterly SLA,SEC-00016,GST,18,6715.42,19265.0,39,Managed IT Services & AMC,998316,8900500978820
Audit Penetration Testing Service - Black Box,SEC-00017,GST,18,22795.07,75058.0,30,Cybersecurity Consulting & Audits,998313,8901939909169
Consulting Pro ISO 27001 Compliance Audit - Full Implementation Support,SEC-00018,GST,18,172208.22,425574.0,21,Cybersecurity Consulting & Audits,998313,8906247510799
Fortinet Next-Gen Network Load Balancer - Basic,SEC-00019,GST,18,54151.29,67147.0,4,Hardware Firewalls & Networking,8517,8903542784980
Advisory Enterprise Vulnerability Assessment (VAPT) - Web Application,SEC-00020,GST,18,25804.03,55751.0,40,Cybersecurity Consulting & Audits,998313,8902449353487
SentinelOne Cloud-Managed Endpoint Detection and Response (EDR) - 1-Year 5 Devices,SEC-00021,GST,18,2713.4,3280.0,220,Endpoint Security & Software Licenses,8523,8902427868011
QNAP 1U Rack Server - Dual CPU 64GB,SEC-00022,GST,18,166365.24,193727.0,3,Servers & Data Storage,8471,8904505331586
Consulting Advanced Penetration Testing Service - Black Box,SEC-00023,GST,18,36045.81,115929.0,31,Cybersecurity Consulting & Audits,998313,8900256342160
In-House Secure Remote Helpdesk Support - Quarterly SLA,SEC-00024,GST,18,4475.08,14289.0,19,Managed IT Services & AMC,998316,8903036541458
Retained Premium On-Site Support Engineer - Full-time Dedicated/Month,SEC-00025,GST,18,11168.82,38595.0,16,Managed IT Services & AMC,998316,8909401965569
Audit Enterprise Phishing Simulation & Training - Quarterly Campaign,SEC-00026,GST,18,7744.66,20555.0,38,Cybersecurity Consulting & Audits,998313,8908356159514
Advisory Cloud-Managed Phishing Simulation & Training - Annual Enterprise Program,SEC-00027,GST,18,25352.28,71788.0,17,Cybersecurity Consulting & Audits,998313,8906629946804
Symantec Unified Mobile Device Management (MDM) - Annual per Device,SEC-00028,GST,18,917.52,1225.0,311,Endpoint Security & Software Licenses,8523,8907214895134
HPE Premium 2U Storage Server - Basic Array,SEC-00029,GST,18,118130.7,138363.0,4,Servers & Data Storage,8471,8907693676320
Juniper Advanced VPN Gateway Appliance - Standard,SEC-00030,GST,18,84835.7,102175.0,16,Hardware Firewalls & Networking,8517,8900831727889
SentinelOne Next-Gen Mobile Device Management (MDM) - Annual per Device,SEC-00031,GST,18,996.89,1228.0,491,Endpoint Security & Software Licenses,8523,8907743487347
SonicWall Enterprise Wireless Access Point (WAP) - WiFi 6 Indoor,SEC-00032,GST,18,14119.65,17423.0,4,Hardware Firewalls & Networking,8517,8902236231665
Advisory Pro Phishing Simulation & Training - Quarterly Campaign,SEC-00033,GST,18,11767.98,30411.0,42,Cybersecurity Consulting & Audits,998313,8900967054668
Consulting Pro Penetration Testing Service - White Box,SEC-00034,GST,18,30889.92,84282.0,29,Cybersecurity Consulting & Audits,998313,8905627298069
Consulting Cloud-Managed Vulnerability Assessment (VAPT) - Web Application,SEC-00035,GST,18,20950.42,56410.0,8,Cybersecurity Consulting & Audits,998313,8904653755646
SentinelOne Premium Endpoint Detection and Response (EDR) - 1-Year 10 Devices,SEC-00036,GST,18,4366.26,5285.0,229,Endpoint Security & Software Licenses,8523,8903100330923
Synology Pro 1U Rack Server - Enterprise 128GB,SEC-00037,GST,18,408132.54,464633.0,13,Servers & Data Storage,8471,8902991241904
Consulting Pro Phishing Simulation & Training - Annual Enterprise Program,SEC-00038,GST,18,17251.76,52375.0,45,Cybersecurity Consulting & Audits,998313,8903149190586
CrowdStrike Premium Email Security & Anti-Spam - Domain License,SEC-00039,GST,18,1346.31,1837.0,104,Endpoint Security & Software Licenses,8523,8906572628498
Managed Secure Cloud Infrastructure Management - Quarterly Audit & Fix,SEC-00040,GST,18,18882.06,61293.0,10,Managed IT Services & AMC,998316,8904737996507
Symantec Secure Mobile Device Management (MDM) - Monthly per Device,SEC-00041,GST,18,227.12,288.0,500,Endpoint Security & Software Licenses,8523,8909480831367
Audit Unified Phishing Simulation & Training - Annual Enterprise Program,SEC-00042,GST,18,34950.32,74779.0,19,Cybersecurity Consulting & Audits,998313,8906349578856
Advisory Enterprise ISO 27001 Compliance Audit - Full Implementation Support,SEC-00043,GST,18,152396.16,357492.0,17,Cybersecurity Consulting & Audits,998313,8905182337498
Advisory Enterprise Vulnerability Assessment (VAPT) - Web Application,SEC-00044,GST,18,26173.98,59393.0,5,Cybersecurity Consulting & Audits,998313,8908240084271
Ubiquiti Unified Wireless Access Point (WAP) - WiFi 6 Outdoor,SEC-00045,GST,18,16285.13,18364.0,3,Hardware Firewalls & Networking,8517,8904711671902
QNAP Pro Network Attached Storage (NAS) - 4-Bay Desktop,SEC-00046,GST,18,31831.78,38665.0,21,Servers & Data Storage,8471,8909938677496
Kaspersky Email Security & Anti-Spam - Per Mailbox / Year,SEC-00047,GST,18,1573.97,1920.0,440,Endpoint Security & Software Licenses,8523,8903341232812
Palo Alto Enterprise VPN Gateway Appliance - High Availability,SEC-00048,GST,18,60694.58,69387.0,11,Hardware Firewalls & Networking,8517,8907134936183
Lenovo Premium 2U Storage Server - Basic Array,SEC-00049,GST,18,115556.39,132444.0,25,Servers & Data Storage,8471,8909471746488
Managed Premium Comprehensive IT AMC - Server & Network Included,SEC-00050,GST,18,32102.96,99577.0,43,Managed IT Services & AMC,998316,8904013990490
Synology Unified Server Rack Cabinet - Co-location Rack,SEC-00051,GST,18,39061.47,44031.0,20,Servers & Data Storage,8471,8906717565512
Bitdefender Cloud-Managed Mobile Device Management (MDM) - Annual per Device,SEC-00052,GST,18,1105.33,1448.0,282,Endpoint Security & Software Licenses,8523,8901545168087
In-House Secure Remote Helpdesk Support - Annual 24/7 SLA,SEC-00053,GST,18,6066.8,16670.0,33,Managed IT Services & AMC,998316,8900348247710
Audit Next-Gen Penetration Testing Service - White Box,SEC-00054,GST,18,27800.68,72615.0,19,Cybersecurity Consulting & Audits,998313,8901712748467
In-House Cloud-Managed Cloud Infrastructure Management - Monthly AWS/Azure,SEC-00055,GST,18,3088.24,8953.0,13,Managed IT Services & AMC,998316,8901465840449
Consulting Unified Phishing Simulation & Training - Quarterly Campaign,SEC-00056,GST,18,10617.69,26732.0,40,Cybersecurity Consulting & Audits,998313,8908675339636
Cisco Cloud-Managed VPN Gateway Appliance - High Availability,SEC-00057,GST,18,90254.9,110008.0,22,Hardware Firewalls & Networking,8517,8902702895171
Advisory Advanced Vulnerability Assessment (VAPT) - Mobile App,SEC-00058,GST,18,21904.84,65324.0,14,Cybersecurity Consulting & Audits,998313,8901745961586
Trend Micro Mobile Device Management (MDM) - Monthly per Device,SEC-00059,GST,18,150.8,200.0,197,Endpoint Security & Software Licenses,8523,8903161172400
SentinelOne Secure Endpoint Detection and Response (EDR) - 1-Year 10 Devices,SEC-00060,GST,18,3614.8,4443.0,321,Endpoint Security & Software Licenses,8523,8906922219693
Retained Unified Remote Helpdesk Support - Monthly Retainer,SEC-00061,GST,18,1248.25,3357.0,47,Managed IT Services & AMC,998316,8900748217594
Retained Enterprise Network Monitoring Service (NOC) - Monthly Advanced Proactive,SEC-00062,GST,18,2443.5,6297.0,35,Managed IT Services & AMC,998316,8901369594406
CrowdStrike Email Security & Anti-Spam - Per Mailbox / Year,SEC-00063,GST,18,1287.17,1759.0,196,Endpoint Security & Software Licenses,8523,8903953394210
SentinelOne Mobile Device Management (MDM) - Monthly per Device,SEC-00064,GST,18,192.45,236.0,201,Endpoint Security & Software Licenses,8523,8905623285884
Lenovo Secure SAN Storage Array - All-Flash SAN,SEC-00065,GST,18,1284037.92,1502645.0,4,Servers & Data Storage,8471,8902368516048
Palo Alto Enterprise Wireless Access Point (WAP) - High-Density,SEC-00066,GST,18,16071.28,19661.0,13,Hardware Firewalls & Networking,8517,8901370985931
Retained Standard Network Monitoring Service (NOC) - Monthly Advanced Proactive,SEC-00067,GST,18,1780.73,6089.0,24,Managed IT Services & AMC,998316,8907113826758
Retained Standard Remote Helpdesk Support - Quarterly SLA,SEC-00068,GST,18,6243.59,18253.0,22,Managed IT Services & AMC,998316,8900537735158
CrowdStrike Pro Mobile Device Management (MDM) - Annual per Device,SEC-00069,GST,18,1108.79,1541.0,471,Endpoint Security & Software Licenses,8523,8907139005329
Dell EMC Server Rack Cabinet - 24U Standard,SEC-00070,GST,18,25827.05,31779.0,12,Servers & Data Storage,8471,8902904228421
Sophos Pro Next-Generation Firewall (NGFW) - Mid-Range,SEC-00071,GST,18,148919.53,164164.0,10,Hardware Firewalls & Networking,8517,8900268117758
Audit Phishing Simulation & Training - Quarterly Campaign,SEC-00072,GST,18,6470.25,20542.0,47,Cybersecurity Consulting & Audits,998313,8908470076617
In-House Comprehensive IT AMC - 11-50 PCs,SEC-00073,GST,18,31943.27,69933.0,44,Managed IT Services & AMC,998316,8909856984789
In-House Next-Gen Comprehensive IT AMC - Server & Network Included,SEC-00074,GST,18,39970.99,92834.0,33,Managed IT Services & AMC,998316,8903657661565
McAfee Unified Enterprise Antivirus Suite - Server Edition,SEC-00075,GST,18,1220.03,1667.0,97,Endpoint Security & Software Licenses,8523,8906152809885
Palo Alto Cloud-Managed Wireless Access Point (WAP) - High-Density,SEC-00076,GST,18,18385.82,22213.0,11,Hardware Firewalls & Networking,8517,8909451983273
Cisco Standard Network Load Balancer - Advanced Traffic Management,SEC-00077,GST,18,119512.86,141756.0,15,Hardware Firewalls & Networking,8517,8908998094024
McAfee Advanced Data Loss Prevention (DLP) License - Per User,SEC-00078,GST,18,7993.06,10497.0,255,Endpoint Security & Software Licenses,8523,8901201836675
Lenovo Secure Network Attached Storage (NAS) - 12-Bay Enterprise,SEC-00079,GST,18,112811.24,133697.0,4,Servers & Data Storage,8471,8900229014767
Advisory Pro Phishing Simulation & Training - Annual Enterprise Program,SEC-00080,GST,18,33902.02,73592.0,32,Cybersecurity Consulting & Audits,998313,8901497840369
Fortinet Pro Managed Gigabit Switch - 48-Port PoE,SEC-00081,GST,18,85270.82,103572.0,11,Hardware Firewalls & Networking,8517,8905107622683
Consulting Cloud-Managed ISO 27001 Compliance Audit - Readiness Assessment,SEC-00082,GST,18,89477.18,184632.0,6,Cybersecurity Consulting & Audits,998313,8907159696641
In-House Network Monitoring Service (NOC) - Monthly Basic,SEC-00083,GST,18,7128.56,21631.0,28,Managed IT Services & AMC,998316,8901613696816
Trend Micro Secure Data Loss Prevention (DLP) License - Per User,SEC-00084,GST,18,8319.92,10111.0,374,Endpoint Security & Software Licenses,8523,8901883552312
Symantec Advanced Enterprise Antivirus Suite - Server Edition,SEC-00085,GST,18,1772.97,2360.0,140,Endpoint Security & Software Licenses,8523,8907799799552
In-House Enterprise Cloud Infrastructure Management - Quarterly Audit & Fix,SEC-00086,GST,18,20750.02,59908.0,27,Managed IT Services & AMC,998316,8908147700541
Ubiquiti Unified Network Load Balancer - Advanced Traffic Management,SEC-00087,GST,18,105233.97,130820.0,25,Hardware Firewalls & Networking,8517,8900793597820
In-House Next-Gen Network Monitoring Service (NOC) - Monthly Basic,SEC-00088,GST,18,11455.7,23584.0,50,Managed IT Services & AMC,998316,8907788925546
Managed Secure On-Site Support Engineer - Part-time/Month,SEC-00089,GST,18,10500.71,22490.0,48,Managed IT Services & AMC,998316,8906449251925
Trend Micro Mobile Device Management (MDM) - Monthly per Device,SEC-00090,GST,18,227.62,277.0,336,Endpoint Security & Software Licenses,8523,8906528168505
Symantec Unified Enterprise Antivirus Suite - 5-User 1-Year,SEC-00091,GST,18,1280.0,1792.0,129,Endpoint Security & Software Licenses,8523,8901418880592
Advisory Advanced Penetration Testing Service - Black Box,SEC-00092,GST,18,34660.51,109411.0,15,Cybersecurity Consulting & Audits,998313,8907065379473
Audit Pro ISO 27001 Compliance Audit - Full Implementation Support,SEC-00093,GST,18,107864.04,368970.0,33,Cybersecurity Consulting & Audits,998313,8907468862392
CrowdStrike Next-Gen Mobile Device Management (MDM) - Annual per Device,SEC-00094,GST,18,1133.15,1521.0,314,Endpoint Security & Software Licenses,8523,8901412478261
Synology Cloud-Managed Network Attached Storage (NAS) - 4-Bay Desktop,SEC-00095,GST,18,31649.76,37198.0,9,Servers & Data Storage,8471,8906153051522
Cisco Unified VPN Gateway Appliance - Standard,SEC-00096,GST,18,79094.27,87066.0,4,Hardware Firewalls & Networking,8517,8900432898614
Lenovo Pro 1U Rack Server - Intel Xeon 16GB,SEC-00097,GST,18,149115.13,181784.0,16,Servers & Data Storage,8471,8901179808932
Bitdefender Secure Endpoint Detection and Response (EDR) - 1-Year 50 Devices,SEC-00098,GST,18,8067.4,10353.0,390,Endpoint Security & Software Licenses,8523,8901851888880
Managed Cloud-Managed Comprehensive IT AMC - Server & Network Included,SEC-00099,GST,18,43370.33,103242.0,6,Managed IT Services & AMC,998316,8905153195205
Advisory Unified Penetration Testing Service - Grey Box,SEC-00100,GST,18,42732.04,116137.0,16,Cybersecurity Consulting & Audits,998313,8902170430305
Kaspersky Enterprise Mobile Device Management (MDM) - Annual per Device,SEC-00101,GST,18,738.69,982.0,196,Endpoint Security & Software Licenses,8523,8905054156676
Symantec Secure Mobile Device Management (MDM) - Annual per Device,SEC-00102,GST,18,1161.94,1515.0,460,Endpoint Security & Software Licenses,8523,8901616928451
Cisco Unified Wireless Access Point (WAP) - WiFi 6 Outdoor,SEC-00103,GST,18,17032.14,19824.0,24,Hardware Firewalls & Networking,8517,8907570596401
Managed Premium On-Site Support Engineer - Part-time/Month,SEC-00104,GST,18,8081.45,23528.0,33,Managed IT Services & AMC,998316,8900213556909
Supermicro Secure SAN Storage Array - All-Flash SAN,SEC-00105,GST,18,1149279.61,1277462.0,6,Servers & Data Storage,8471,8908565431027
Advisory Enterprise Incident Response & Forensics - Retainer Setup,SEC-00106,GST,18,46628.06,142498.0,18,Cybersecurity Consulting & Audits,998313,8909473121727
Juniper Secure Wireless Access Point (WAP) - High-Density,SEC-00107,GST,18,17578.02,20786.0,11,Hardware Firewalls & Networking,8517,8904225831323
In-House Unified Network Monitoring Service (NOC) - Monthly Advanced Proactive,SEC-00108,GST,18,2975.45,8413.0,44,Managed IT Services & AMC,998316,8901146786691
Lenovo Unified 1U Rack Server - Dual CPU 64GB,SEC-00109,GST,18,178183.61,205210.0,19,Servers & Data Storage,8471,8909226801824
HPE Pro Network Attached Storage (NAS) - 12-Bay Enterprise,SEC-00110,GST,18,88196.65,109464.0,11,Servers & Data Storage,8471,8901438424981
Consulting Penetration Testing Service - Grey Box,SEC-00111,GST,18,26417.8,78939.0,43,Cybersecurity Consulting & Audits,998313,8905900109439
Retained Next-Gen Comprehensive IT AMC - 11-50 PCs,SEC-00112,GST,18,22005.11,75587.0,35,Managed IT Services & AMC,998316,8903647102767
In-House Secure Network Monitoring Service (NOC) - Monthly Basic,SEC-00113,GST,18,10426.09,25846.0,27,Managed IT Services & AMC,998316,8906258815371
Bitdefender Standard Enterprise Antivirus Suite - 1-User 1-Year,SEC-00114,GST,18,1188.56,1651.0,492,Endpoint Security & Software Licenses,8523,8909632595327
Advisory Unified Phishing Simulation & Training - Annual Enterprise Program,SEC-00115,GST,18,14840.91,50724.0,37,Cybersecurity Consulting & Audits,998313,8907339500479
Managed Standard On-Site Support Engineer - Part-time/Month,SEC-00116,GST,18,8249.28,27418.0,28,Managed IT Services & AMC,998316,8906506098358
CrowdStrike Next-Gen Mobile Device Management (MDM) - Annual per Device,SEC-00117,GST,18,806.97,1128.0,398,Endpoint Security & Software Licenses,8523,8909121655852
QNAP Next-Gen Server Rack Cabinet - 42U Heavy Duty,SEC-00118,GST,18,25956.81,28704.0,24,Servers & Data Storage,8471,8905787298259
Symantec Mobile Device Management (MDM) - Annual per Device,SEC-00119,GST,18,850.87,1162.0,322,Endpoint Security & Software Licenses,8523,8907947055169
SentinelOne Unified Endpoint Detection and Response (EDR) - 1-Year 50 Devices,SEC-00120,GST,18,7883.6,10494.0,447,Endpoint Security & Software Licenses,8523,8909930972896
Supermicro 2U Storage Server - Basic Array,SEC-00121,GST,18,171175.71,191115.0,2,Servers & Data Storage,8471,8907562636897
SonicWall Pro Managed Gigabit Switch - 10G Uplink,SEC-00122,GST,18,30259.62,37816.0,17,Hardware Firewalls & Networking,8517,8908652785854
Advisory Enterprise Penetration Testing Service - Black Box,SEC-00123,GST,18,41549.64,97114.0,24,Cybersecurity Consulting & Audits,998313,8904375758441
Consulting Cloud-Managed Incident Response & Forensics - Per Incident Block Hours,SEC-00124,GST,18,42280.5,145103.0,14,Cybersecurity Consulting & Audits,998313,8904041574733
Advisory Advanced Incident Response & Forensics - Per Incident Block Hours,SEC-00125,GST,18,32961.4,102554.0,20,Cybersecurity Consulting & Audits,998313,8903083301657
SonicWall Next-Gen Managed Gigabit Switch - 24-Port PoE,SEC-00126,GST,18,40147.15,45113.0,22,Hardware Firewalls & Networking,8517,8907734540193
Consulting Cloud-Managed Vulnerability Assessment (VAPT) - Web Application,SEC-00127,GST,18,35637.94,80673.0,7,Cybersecurity Consulting & Audits,998313,8906724004991
McAfee Advanced Mobile Device Management (MDM) - Annual per Device,SEC-00128,GST,18,1137.13,1471.0,148,Endpoint Security & Software Licenses,8523,8901527420549
HPE Cloud-Managed Server Rack Cabinet - Co-location Rack,SEC-00129,GST,18,36076.01,42472.0,4,Servers & Data Storage,8471,8906122753046
Synology Enterprise Network Attached Storage (NAS) - 8-Bay Rackmount,SEC-00130,GST,18,41406.27,49105.0,10,Servers & Data Storage,8471,8905301742684
SonicWall Wireless Access Point (WAP) - WiFi 6 Outdoor,SEC-00131,GST,18,13177.83,16388.0,17,Hardware Firewalls & Networking,8517,8902795687833
Audit Next-Gen Incident Response & Forensics - Per Incident Block Hours,SEC-00132,GST,18,65288.59,138226.0,41,Cybersecurity Consulting & Audits,998313,8901088398225
Advisory Pro Vulnerability Assessment (VAPT) - Mobile App,SEC-00133,GST,18,27549.7,75300.0,37,Cybersecurity Consulting & Audits,998313,8907072867908
Retained Cloud-Managed Network Monitoring Service (NOC) - Monthly Basic,SEC-00134,GST,18,9714.03,19472.0,18,Managed IT Services & AMC,998316,8909106518017
Cisco Advanced VPN Gateway Appliance - Standard,SEC-00135,GST,18,80648.09,100548.0,22,Hardware Firewalls & Networking,8517,8906567661825
Sophos Next-Gen Network Load Balancer - Advanced Traffic Management,SEC-00136,GST,18,83125.02,103641.0,2,Hardware Firewalls & Networking,8517,8900478686337
Symantec Standard Data Loss Prevention (DLP) License - Per User,SEC-00137,GST,18,5207.8,6937.0,364,Endpoint Security & Software Licenses,8523,8900331190790
Supermicro Unified 1U Rack Server - Dual CPU 64GB,SEC-00138,GST,18,145764.08,165091.0,3,Servers & Data Storage,8471,8902843959953
Symantec Cloud-Managed Email Security & Anti-Spam - Per Mailbox / Year,SEC-00139,GST,18,1175.56,1425.0,352,Endpoint Security & Software Licenses,8523,8902687056856
In-House Advanced Network Monitoring Service (NOC) - Monthly Advanced Proactive,SEC-00140,GST,18,3040.28,8240.0,19,Managed IT Services & AMC,998316,8904270866882
In-House Secure Network Monitoring Service (NOC) - Monthly Basic,SEC-00141,GST,18,6972.4,23590.0,28,Managed IT Services & AMC,998316,8901830469901
QNAP Unified Server Rack Cabinet - 24U Standard,SEC-00142,GST,18,25610.51,31656.0,11,Servers & Data Storage,8471,8900331739363
Advisory Unified ISO 27001 Compliance Audit - Full Implementation Support,SEC-00143,GST,18,157572.45,400059.0,21,Cybersecurity Consulting & Audits,998313,8905877175355
In-House Advanced On-Site Support Engineer - Part-time/Month,SEC-00144,GST,18,7709.98,21819.0,42,Managed IT Services & AMC,998316,8909642353693
Retained Unified Network Monitoring Service (NOC) - Monthly Advanced Proactive,SEC-00145,GST,18,3032.19,8983.0,36,Managed IT Services & AMC,998316,8907252287280
Audit Premium Vulnerability Assessment (VAPT) - Mobile App,SEC-00146,GST,18,29344.44,76841.0,45,Cybersecurity Consulting & Audits,998313,8903120387509
Advisory Premium Phishing Simulation & Training - Quarterly Campaign,SEC-00147,GST,18,10184.53,26653.0,6,Cybersecurity Consulting & Audits,998313,8908484086211
Audit Penetration Testing Service - Black Box,SEC-00148,GST,18,29691.68,95691.0,22,Cybersecurity Consulting & Audits,998313,8906156793341
Fortinet Cloud-Managed VPN Gateway Appliance - High Availability,SEC-00149,GST,18,82541.12,91490.0,2,Hardware Firewalls & Networking,8517,8902176591803
Supermicro Enterprise Server Rack Cabinet - 42U Heavy Duty,SEC-00150,GST,18,25932.54,28815.0,10,Servers & Data Storage,8471,8908902503926
Cisco Pro Managed Gigabit Switch - 10G Uplink,SEC-00151,GST,18,30891.72,37917.0,23,Hardware Firewalls & Networking,8517,8908562185016
Dell EMC Network Attached Storage (NAS) - 12-Bay Enterprise,SEC-00152,GST,18,123941.63,143711.0,12,Servers & Data Storage,8471,8900477358662
Consulting Phishing Simulation & Training - Quarterly Campaign,SEC-00153,GST,18,9998.0,23692.0,9,Cybersecurity Consulting & Audits,998313,8901426265511
Cisco Enterprise VPN Gateway Appliance - High Availability,SEC-00154,GST,18,64994.48,72345.0,15,Hardware Firewalls & Networking,8517,8907888610158
Ubiquiti Cloud-Managed Network Load Balancer - Advanced Traffic Management,SEC-00155,GST,18,83247.89,96740.0,4,Hardware Firewalls & Networking,8517,8908398262244
Bitdefender Advanced Enterprise Antivirus Suite - 1-User 1-Year,SEC-00156,GST,18,1584.62,2035.0,297,Endpoint Security & Software Licenses,8523,8901543799371
Lenovo Secure 1U Rack Server - Dual CPU 64GB,SEC-00157,GST,18,189929.24,219745.0,12,Servers & Data Storage,8471,8907569245937
Symantec Enterprise Mobile Device Management (MDM) - Annual per Device,SEC-00158,GST,18,1056.1,1401.0,344,Endpoint Security & Software Licenses,8523,8903564651939
Audit Unified Incident Response & Forensics - Retainer Setup,SEC-00159,GST,18,65923.44,152578.0,23,Cybersecurity Consulting & Audits,998313,8901672434266
Palo Alto Network Load Balancer - Advanced Traffic Management,SEC-00160,GST,18,102082.34,120048.0,24,Hardware Firewalls & Networking,8517,8906805891135
Supermicro Server Rack Cabinet - 24U Standard,SEC-00161,GST,18,37626.68,45213.0,14,Servers & Data Storage,8471,8905610143888
Consulting Unified Incident Response & Forensics - Retainer Setup,SEC-00162,GST,18,43957.26,118447.0,48,Cybersecurity Consulting & Audits,998313,8909825071461
Juniper Enterprise Managed Gigabit Switch - 48-Port PoE,SEC-00163,GST,18,69814.53,85009.0,18,Hardware Firewalls & Networking,8517,8907571775140
Fortinet Standard Wireless Access Point (WAP) - High-Density,SEC-00164,GST,18,18222.51,20494.0,25,Hardware Firewalls & Networking,8517,8903828258673
Retained Cloud-Managed Remote Helpdesk Support - Monthly Retainer,SEC-00165,GST,18,963.59,2993.0,17,Managed IT Services & AMC,998316,8907966033419
Juniper Secure Network Load Balancer - Basic,SEC-00166,GST,18,59330.03,69335.0,10,Hardware Firewalls & Networking,8517,8907859696915
SentinelOne Enterprise Mobile Device Management (MDM) - Monthly per Device,SEC-00167,GST,18,229.13,302.0,394,Endpoint Security & Software Licenses,8523,8902513412528
Managed On-Site Support Engineer - Part-time/Month,SEC-00168,GST,18,11752.67,26780.0,45,Managed IT Services & AMC,998316,8908282742257
Audit Unified ISO 27001 Compliance Audit - Readiness Assessment,SEC-00169,GST,18,40411.76,130240.0,40,Cybersecurity Consulting & Audits,998313,8908767677219
Juniper Premium Managed Gigabit Switch - 48-Port PoE,SEC-00170,GST,18,69474.95,82025.0,7,Hardware Firewalls & Networking,8517,8907978819148
Kaspersky Unified Endpoint Detection and Response (EDR) - 1-Year 50 Devices,SEC-00171,GST,18,8636.19,12073.0,102,Endpoint Security & Software Licenses,8523,8903407451713
Supermicro Secure Server Rack Cabinet - Co-location Rack,SEC-00172,GST,18,36144.84,43068.0,15,Servers & Data Storage,8471,8902923309584
Consulting Enterprise Penetration Testing Service - White Box,SEC-00173,GST,18,35410.03,85020.0,37,Cybersecurity Consulting & Audits,998313,8901260422325
Supermicro Advanced SAN Storage Array - All-Flash SAN,SEC-00174,GST,18,1193442.04,1360891.0,15,Servers & Data Storage,8471,8906711684577
Kaspersky Standard Endpoint Detection and Response (EDR) - 1-Year 50 Devices,SEC-00175,GST,18,10150.27,13111.0,390,Endpoint Security & Software Licenses,8523,8905186363745
McAfee Email Security & Anti-Spam - Per Mailbox / Year,SEC-00176,GST,18,1354.54,1839.0,399,Endpoint Security & Software Licenses,8523,8900017012770
In-House Enterprise Remote Helpdesk Support - Annual 24/7 SLA,SEC-00177,GST,18,3881.04,13192.0,22,Managed IT Services & AMC,998316,8901541520643
Retained Standard Comprehensive IT AMC - Server & Network Included,SEC-00178,GST,18,23586.76,64043.0,13,Managed IT Services & AMC,998316,8909387005162
In-House Standard Remote Helpdesk Support - Quarterly SLA,SEC-00179,GST,18,8116.95,17481.0,25,Managed IT Services & AMC,998316,8905426221890
Consulting Secure Penetration Testing Service - White Box,SEC-00180,GST,18,35521.66,104509.0,14,Cybersecurity Consulting & Audits,998313,8906973112196
Bitdefender Pro Data Loss Prevention (DLP) License - Per User,SEC-00181,GST,18,6555.45,7977.0,333,Endpoint Security & Software Licenses,8523,8909994043898
Supermicro Premium SAN Storage Array - All-Flash SAN,SEC-00182,GST,18,1222144.77,1489876.0,9,Servers & Data Storage,8471,8907613791805
Symantec Secure Mobile Device Management (MDM) - Annual per Device,SEC-00183,GST,18,1043.29,1288.0,291,Endpoint Security & Software Licenses,8523,8901091043006
Advisory Cloud-Managed Incident Response & Forensics - Per Incident Block Hours,SEC-00184,GST,18,65034.04,138109.0,39,Cybersecurity Consulting & Audits,998313,8908924141832
Advisory Enterprise Phishing Simulation & Training - Quarterly Campaign,SEC-00185,GST,18,9283.87,28733.0,20,Cybersecurity Consulting & Audits,998313,8900316179904
Dell EMC Advanced 1U Rack Server - Enterprise 128GB,SEC-00186,GST,18,460473.56,517837.0,13,Servers & Data Storage,8471,8908842524105
Managed Enterprise On-Site Support Engineer - Part-time/Month,SEC-00187,GST,18,10895.72,31216.0,9,Managed IT Services & AMC,998316,8907785079252
SentinelOne Standard Endpoint Detection and Response (EDR) - 1-Year 50 Devices,SEC-00188,GST,18,7900.81,10285.0,72,Endpoint Security & Software Licenses,8523,8900307562208
In-House Cloud-Managed Network Monitoring Service (NOC) - Monthly Basic,SEC-00189,GST,18,10652.03,26416.0,9,Managed IT Services & AMC,998316,8909518023806
Palo Alto Secure Wireless Access Point (WAP) - WiFi 6 Outdoor,SEC-00190,GST,18,12988.31,15177.0,13,Hardware Firewalls & Networking,8517,8903494937597
Supermicro Advanced Server Rack Cabinet - 24U Standard,SEC-00191,GST,18,24203.07,28112.0,9,Servers & Data Storage,8471,8908505064138
Synology Advanced SAN Storage Array - Entry Level,SEC-00192,GST,18,311276.77,346748.0,9,Servers & Data Storage,8471,8908657191826
Ubiquiti Cloud-Managed Network Load Balancer - Basic,SEC-00193,GST,18,72747.0,81448.0,11,Hardware Firewalls & Networking,8517,8904565574313
QNAP Standard 1U Rack Server - Intel Xeon 16GB,SEC-00194,GST,18,135732.01,158794.0,15,Servers & Data Storage,8471,8901853747411
Supermicro Network Attached Storage (NAS) - 12-Bay Enterprise,SEC-00195,GST,18,75297.74,92269.0,12,Servers & Data Storage,8471,8902135680442
Palo Alto Standard VPN Gateway Appliance - Standard,SEC-00196,GST,18,71799.21,87637.0,6,Hardware Firewalls & Networking,8517,8901003236519
Advisory Standard Vulnerability Assessment (VAPT) - Web Application,SEC-00197,GST,18,19679.15,58427.0,13,Cybersecurity Consulting & Audits,998313,8901510702966
In-House Advanced Cloud Infrastructure Management - Quarterly Audit & Fix,SEC-00198,GST,18,14527.77,48849.0,22,Managed IT Services & AMC,998316,8904720999347
Retained Standard Cloud Infrastructure Management - Monthly AWS/Azure,SEC-00199,GST,18,4260.93,9399.0,17,Managed IT Services & AMC,998316,8908380657875
Consulting Enterprise ISO 27001 Compliance Audit - Full Implementation Support,SEC-00200,GST,18,134653.92,333715.0,19,Cybersecurity Consulting & Audits,998313,8900407859321
Supermicro Next-Gen 2U Storage Server - High IOPS NVMe,SEC-00201,GST,18,244051.96,302036.0,3,Servers & Data Storage,8471,8903965223955
Audit ISO 27001 Compliance Audit - Readiness Assessment,SEC-00202,GST,18,58717.46,191128.0,36,Cybersecurity Consulting & Audits,998313,8908427010393
Ubiquiti Secure VPN Gateway Appliance - Standard,SEC-00203,GST,18,94681.6,107011.0,6,Hardware Firewalls & Networking,8517,8905250029218
CrowdStrike Cloud-Managed Data Loss Prevention (DLP) License - Enterprise Site License,SEC-00204,GST,18,18326.98,23226.0,215,Endpoint Security & Software Licenses,8523,8902267528953
Audit Enterprise Phishing Simulation & Training - Annual Enterprise Program,SEC-00205,GST,18,17450.92,53980.0,49,Cybersecurity Consulting & Audits,998313,8909690295939
Palo Alto Standard Managed Gigabit Switch - 48-Port PoE,SEC-00206,GST,18,64465.91,80412.0,7,Hardware Firewalls & Networking,8517,8901570433154
SonicWall Cloud-Managed Next-Generation Firewall (NGFW) - Entry Level,SEC-00207,GST,18,78868.53,91720.0,7,Hardware Firewalls & Networking,8517,8906765861793
Synology Enterprise 1U Rack Server - Intel Xeon 16GB,SEC-00208,GST,18,127994.16,145807.0,5,Servers & Data Storage,8471,8901526218159
Advisory Advanced Vulnerability Assessment (VAPT) - Network Infrastructure,SEC-00209,GST,18,27057.66,71738.0,8,Cybersecurity Consulting & Audits,998313,8901533688444
Dell EMC 1U Rack Server - Dual CPU 64GB,SEC-00210,GST,18,164845.8,193470.0,3,Servers & Data Storage,8471,8905061497310
HPE Unified Network Attached Storage (NAS) - 4-Bay Desktop,SEC-00211,GST,18,47969.34,54985.0,14,Servers & Data Storage,8471,8907741862565
Synology Unified 1U Rack Server - Dual CPU 64GB,SEC-00212,GST,18,163902.5,185855.0,10,Servers & Data Storage,8471,8909021158693
Audit Next-Gen Phishing Simulation & Training - Annual Enterprise Program,SEC-00213,GST,18,20992.84,71471.0,41,Cybersecurity Consulting & Audits,998313,8903741608989
Audit Advanced Vulnerability Assessment (VAPT) - Network Infrastructure,SEC-00214,GST,18,36807.33,82844.0,18,Cybersecurity Consulting & Audits,998313,8903206163294
Trend Micro Cloud-Managed Endpoint Detection and Response (EDR) - 1-Year 5 Devices,SEC-00215,GST,18,2221.44,2911.0,488,Endpoint Security & Software Licenses,8523,8904870998616
HPE Server Rack Cabinet - Co-location Rack,SEC-00216,GST,18,33258.46,41272.0,5,Servers & Data Storage,8471,8909148564679
Advisory Enterprise Vulnerability Assessment (VAPT) - Web Application,SEC-00217,GST,18,22237.39,65097.0,48,Cybersecurity Consulting & Audits,998313,8906065307450
SentinelOne Enterprise Data Loss Prevention (DLP) License - Per 10 Users,SEC-00218,GST,18,7569.0,10382.0,400,Endpoint Security & Software Licenses,8523,8901324754691
Synology Unified 2U Storage Server - High IOPS NVMe,SEC-00219,GST,18,239770.91,294937.0,3,Servers & Data Storage,8471,8908214862890
HPE Pro 2U Storage Server - Basic Array,SEC-00220,GST,18,110583.05,122480.0,13,Servers & Data Storage,8471,8903457861035
Retained Unified Cloud Infrastructure Management - Monthly AWS/Azure,SEC-00221,GST,18,4330.91,10934.0,15,Managed IT Services & AMC,998316,8904140602933
Supermicro Cloud-Managed 2U Storage Server - High IOPS NVMe,SEC-00222,GST,18,214817.58,264160.0,23,Servers & Data Storage,8471,8900722903494
Bitdefender Unified Mobile Device Management (MDM) - Annual per Device,SEC-00223,GST,18,859.02,1111.0,396,Endpoint Security & Software Licenses,8523,8908969108589
Advisory Unified ISO 27001 Compliance Audit - Readiness Assessment,SEC-00224,GST,18,35832.45,124788.0,45,Cybersecurity Consulting & Audits,998313,8905444328309
Retained Premium Network Monitoring Service (NOC) - Monthly Basic,SEC-00225,GST,18,6773.63,23682.0,21,Managed IT Services & AMC,998316,8906660993538
Retained Advanced Network Monitoring Service (NOC) - Monthly Advanced Proactive,SEC-00226,GST,18,2576.97,8542.0,16,Managed IT Services & AMC,998316,8904172482513
Symantec Secure Data Loss Prevention (DLP) License - Per 10 Users,SEC-00227,GST,18,6362.39,8380.0,287,Endpoint Security & Software Licenses,8523,8901709991738
Juniper Cloud-Managed VPN Gateway Appliance - High Availability,SEC-00228,GST,18,57239.59,70298.0,6,Hardware Firewalls & Networking,8517,8903569725217
Trend Micro Premium Enterprise Antivirus Suite - 5-User 1-Year,SEC-00229,GST,18,1279.18,1605.0,439,Endpoint Security & Software Licenses,8523,8902927129666
Managed Premium Cloud Infrastructure Management - Monthly AWS/Azure,SEC-00230,GST,18,3446.07,10669.0,5,Managed IT Services & AMC,998316,8905830033542
Palo Alto Advanced Network Load Balancer - Advanced Traffic Management,SEC-00231,GST,18,90270.86,99917.0,11,Hardware Firewalls & Networking,8517,8907898562575
HPE Pro SAN Storage Array - Entry Level,SEC-00232,GST,18,219316.34,273648.0,8,Servers & Data Storage,8471,8900982150648
Audit Standard Incident Response & Forensics - Retainer Setup,SEC-00233,GST,18,66620.59,135214.0,49,Cybersecurity Consulting & Audits,998313,8901676184723
Cisco Next-Gen VPN Gateway Appliance - Standard,SEC-00234,GST,18,66737.48,79474.0,6,Hardware Firewalls & Networking,8517,8906189141173
Audit Secure ISO 27001 Compliance Audit - Readiness Assessment,SEC-00235,GST,18,70714.74,172758.0,7,Cybersecurity Consulting & Audits,998313,8908737530011
Consulting Standard Phishing Simulation & Training - Quarterly Campaign,SEC-00236,GST,18,14079.52,29744.0,11,Cybersecurity Consulting & Audits,998313,8904374470120
McAfee Standard Data Loss Prevention (DLP) License - Per 10 Users,SEC-00237,GST,18,5329.82,7204.0,73,Endpoint Security & Software Licenses,8523,8900225579415
Symantec Cloud-Managed Endpoint Detection and Response (EDR) - 1-Year 10 Devices,SEC-00238,GST,18,4595.95,5765.0,247,Endpoint Security & Software Licenses,8523,8907621202169
Retained Cloud Infrastructure Management - Monthly AWS/Azure,SEC-00239,GST,18,3900.47,9899.0,6,Managed IT Services & AMC,998316,8902771670145
SonicWall Secure Network Load Balancer - Basic,SEC-00240,GST,18,63402.35,76288.0,21,Hardware Firewalls & Networking,8517,8901637562890
SonicWall Unified Managed Gigabit Switch - 10G Uplink,SEC-00241,GST,18,34872.86,42908.0,4,Hardware Firewalls & Networking,8517,8907535408386
In-House Unified Comprehensive IT AMC - 11-50 PCs,SEC-00242,GST,18,35944.87,96050.0,36,Managed IT Services & AMC,998316,8907517016608
Audit Vulnerability Assessment (VAPT) - Mobile App,SEC-00243,GST,18,21804.01,72720.0,40,Cybersecurity Consulting & Audits,998313,8903755037589
Advisory Standard ISO 27001 Compliance Audit - Full Implementation Support,SEC-00244,GST,18,106502.71,318269.0,5,Cybersecurity Consulting & Audits,998313,8905548851027
Supermicro Enterprise SAN Storage Array - Entry Level,SEC-00245,GST,18,293962.18,331628.0,14,Servers & Data Storage,8471,8903735160917
Retained Unified On-Site Support Engineer - Part-time/Month,SEC-00246,GST,18,6977.05,21659.0,40,Managed IT Services & AMC,998316,8906978292216
Consulting Cloud-Managed ISO 27001 Compliance Audit - Full Implementation Support,SEC-00247,GST,18,143353.68,483656.0,20,Cybersecurity Consulting & Audits,998313,8904654722698
SentinelOne Next-Gen Email Security & Anti-Spam - Domain License,SEC-00248,GST,18,1349.81,1674.0,369,Endpoint Security & Software Licenses,8523,8904522885158
Retained Next-Gen On-Site Support Engineer - Full-time Dedicated/Month,SEC-00249,GST,18,12972.68,42433.0,5,Managed IT Services & AMC,998316,8908106200342
Trend Micro Premium Data Loss Prevention (DLP) License - Per User,SEC-00250,GST,18,7732.15,9735.0,435,Endpoint Security & Software Licenses,8523,8908057198386
QNAP Premium Network Attached Storage (NAS) - 12-Bay Enterprise,SEC-00251,GST,18,122710.41,142115.0,23,Servers & Data Storage,8471,8905800439735
Consulting Pro Incident Response & Forensics - Retainer Setup,SEC-00252,GST,18,50151.83,113651.0,48,Cybersecurity Consulting & Audits,998313,8901228160648
Symantec Enterprise Enterprise Antivirus Suite - Server Edition,SEC-00253,GST,18,1241.82,1606.0,129,Endpoint Security & Software Licenses,8523,8900259094798
CrowdStrike Pro Data Loss Prevention (DLP) License - Enterprise Site License,SEC-00254,GST,18,20832.42,27168.0,452,Endpoint Security & Software Licenses,8523,8908268861533
McAfee Pro Data Loss Prevention (DLP) License - Per 10 Users,SEC-00255,GST,18,8188.68,10839.0,293,Endpoint Security & Software Licenses,8523,8908015739930
Bitdefender Enterprise Endpoint Detection and Response (EDR) - 1-Year 10 Devices,SEC-00256,GST,18,3832.67,4816.0,314,Endpoint Security & Software Licenses,8523,8905887704358
Fortinet Next-Gen Managed Gigabit Switch - 10G Uplink,SEC-00257,GST,18,25344.63,28128.0,23,Hardware Firewalls & Networking,8517,8903613861207
CrowdStrike Premium Endpoint Detection and Response (EDR) - 1-Year 5 Devices,SEC-00258,GST,18,1919.41,2400.0,86,Endpoint Security & Software Licenses,8523,8909346676650
Retained Premium Comprehensive IT AMC - Server & Network Included,SEC-00259,GST,18,30625.54,89657.0,42,Managed IT Services & AMC,998316,8900158144914
Managed Unified Cloud Infrastructure Management - Monthly AWS/Azure,SEC-00260,GST,18,3769.42,8782.0,30,Managed IT Services & AMC,998316,8908424508821
Fortinet Next-Gen Network Load Balancer - Advanced Traffic Management,SEC-00261,GST,18,115794.02,128852.0,8,Hardware Firewalls & Networking,8517,8905368222394
Dell EMC 2U Storage Server - Large Capacity HDD,SEC-00262,GST,18,249677.42,306531.0,19,Servers & Data Storage,8471,8907814141397
McAfee Pro Enterprise Antivirus Suite - Server Edition,SEC-00263,GST,18,1284.08,1700.0,149,Endpoint Security & Software Licenses,8523,8905775949299
SentinelOne Advanced Data Loss Prevention (DLP) License - Per 10 Users,SEC-00264,GST,18,5460.14,6821.0,163,Endpoint Security & Software Licenses,8523,8906452577754
Retained Comprehensive IT AMC - 1-10 PCs,SEC-00265,GST,18,27790.63,67279.0,13,Managed IT Services & AMC,998316,8908341108099
Retained Next-Gen Remote Helpdesk Support - Monthly Retainer,SEC-00266,GST,18,835.38,2791.0,39,Managed IT Services & AMC,998316,8907256394278
Audit Next-Gen Phishing Simulation & Training - Annual Enterprise Program,SEC-00267,GST,18,21341.88,50331.0,44,Cybersecurity Consulting & Audits,998313,8902827229927
CrowdStrike Pro Enterprise Antivirus Suite - 5-User 1-Year,SEC-00268,GST,18,1305.45,1663.0,71,Endpoint Security & Software Licenses,8523,8903856770051
Consulting ISO 27001 Compliance Audit - Full Implementation Support,SEC-00269,GST,18,177844.34,402066.0,46,Cybersecurity Consulting & Audits,998313,8906591846386
SentinelOne Unified Data Loss Prevention (DLP) License - Per 10 Users,SEC-00270,GST,18,8798.66,10570.0,121,Endpoint Security & Software Licenses,8523,8907231843222
Kaspersky Pro Endpoint Detection and Response (EDR) - 1-Year 50 Devices,SEC-00271,GST,18,8950.71,11332.0,108,Endpoint Security & Software Licenses,8523,8907773926030
QNAP Advanced Server Rack Cabinet - 24U Standard,SEC-00272,GST,18,35281.45,39017.0,20,Servers & Data Storage,8471,8902024286990
CrowdStrike Enterprise Antivirus Suite - 5-User 1-Year,SEC-00273,GST,18,1887.93,2593.0,137,Endpoint Security & Software Licenses,8523,8903692929842
Bitdefender Pro Email Security & Anti-Spam - Per Mailbox / Year,SEC-00274,GST,18,1210.0,1484.0,58,Endpoint Security & Software Licenses,8523,8903886291279
Audit Standard Incident Response & Forensics - Retainer Setup,SEC-00275,GST,18,56904.75,124934.0,43,Cybersecurity Consulting & Audits,998313,8908068650863
Managed Cloud-Managed Network Monitoring Service (NOC) - Monthly Basic,SEC-00276,GST,18,6703.95,18206.0,19,Managed IT Services & AMC,998316,8901498643009
Audit Cloud-Managed Incident Response & Forensics - Retainer Setup,SEC-00277,GST,18,44620.25,135273.0,25,Cybersecurity Consulting & Audits,998313,8906512694486
Advisory Cloud-Managed Incident Response & Forensics - Per Incident Block Hours,SEC-00278,GST,18,53933.78,141298.0,40,Cybersecurity Consulting & Audits,998313,8907258874495
Retained Standard Remote Helpdesk Support - Annual 24/7 SLA,SEC-00279,GST,18,6595.4,17609.0,49,Managed IT Services & AMC,998316,8902138658902
Retained Advanced Comprehensive IT AMC - 1-10 PCs,SEC-00280,GST,18,28571.2,82867.0,10,Managed IT Services & AMC,998316,8901435190669
Advisory Advanced Incident Response & Forensics - Retainer Setup,SEC-00281,GST,18,50562.02,134417.0,17,Cybersecurity Consulting & Audits,998313,8908430988392
Cisco Premium Managed Gigabit Switch - 10G Uplink,SEC-00282,GST,18,40496.79,45074.0,10,Hardware Firewalls & Networking,8517,8906566938011
Advisory Secure Incident Response & Forensics - Per Incident Block Hours,SEC-00283,GST,18,63690.34,153797.0,43,Cybersecurity Consulting & Audits,998313,8903769042681
Audit Secure Incident Response & Forensics - Per Incident Block Hours,SEC-00284,GST,18,47690.79,152821.0,21,Cybersecurity Consulting & Audits,998313,8908947697357
Retained Standard Comprehensive IT AMC - 11-50 PCs,SEC-00285,GST,18,28870.52,74313.0,19,Managed IT Services & AMC,998316,8903565880434
Palo Alto Next-Gen Wireless Access Point (WAP) - WiFi 6 Indoor,SEC-00286,GST,18,19447.99,22783.0,13,Hardware Firewalls & Networking,8517,8903942373334
HPE 2U Storage Server - Basic Array,SEC-00287,GST,18,120559.73,146702.0,5,Servers & Data Storage,8471,8901790807595
Retained Advanced Network Monitoring Service (NOC) - Monthly Advanced Proactive,SEC-00288,GST,18,2680.79,9045.0,22,Managed IT Services & AMC,998316,8906392086780
Advisory Unified Phishing Simulation & Training - Quarterly Campaign,SEC-00289,GST,18,10568.47,32206.0,34,Cybersecurity Consulting & Audits,998313,8905003691559
Symantec Pro Email Security & Anti-Spam - Domain License,SEC-00290,GST,18,1007.4,1402.0,225,Endpoint Security & Software Licenses,8523,8905276365564
In-House On-Site Support Engineer - Part-time/Month,SEC-00291,GST,18,9580.34,30861.0,22,Managed IT Services & AMC,998316,8903866322702
Managed Next-Gen Remote Helpdesk Support - Annual 24/7 SLA,SEC-00292,GST,18,6470.35,16005.0,36,Managed IT Services & AMC,998316,8904489061203
Bitdefender Secure Endpoint Detection and Response (EDR) - 1-Year 10 Devices,SEC-00293,GST,18,3289.15,4184.0,335,Endpoint Security & Software Licenses,8523,8904506159399
Audit Secure ISO 27001 Compliance Audit - Full Implementation Support,SEC-00294,GST,18,156055.09,426224.0,33,Cybersecurity Consulting & Audits,998313,8901694722569
Advisory Advanced Vulnerability Assessment (VAPT) - Web Application,SEC-00295,GST,18,25571.78,63168.0,46,Cybersecurity Consulting & Audits,998313,8904496475987
In-House Advanced Remote Helpdesk Support - Monthly Retainer,SEC-00296,GST,18,1166.71,3492.0,49,Managed IT Services & AMC,998316,8901326111780
Juniper Standard VPN Gateway Appliance - Standard,SEC-00297,GST,18,70466.15,79154.0,22,Hardware Firewalls & Networking,8517,8906433472282
Fortinet Unified Wireless Access Point (WAP) - WiFi 6 Outdoor,SEC-00298,GST,18,15118.21,18605.0,10,Hardware Firewalls & Networking,8517,8908728299796
Consulting Secure Incident Response & Forensics - Per Incident Block Hours,SEC-00299,GST,18,53359.85,124899.0,10,Cybersecurity Consulting & Audits,998313,8907456424008
Lenovo Next-Gen Network Attached Storage (NAS) - 8-Bay Rackmount,SEC-00300,GST,18,29222.82,36187.0,17,Servers & Data Storage,8471,8904064930853
Retained Pro Cloud Infrastructure Management - Quarterly Audit & Fix,SEC-00301,GST,18,14194.01,44082.0,29,Managed IT Services & AMC,998316,8906341638944
Advisory Standard Phishing Simulation & Training - Quarterly Campaign,SEC-00302,GST,18,9152.18,22280.0,45,Cybersecurity Consulting & Audits,998313,8907974973502
Ubiquiti Standard Next-Generation Firewall (NGFW) - Entry Level,SEC-00303,GST,18,75704.63,84695.0,16,Hardware Firewalls & Networking,8517,8900312073564
Managed Secure Cloud Infrastructure Management - Monthly AWS/Azure,SEC-00304,GST,18,2687.59,8401.0,14,Managed IT Services & AMC,998316,8900461872346
Fortinet Unified Managed Gigabit Switch - 48-Port PoE,SEC-00305,GST,18,64692.82,80813.0,8,Hardware Firewalls & Networking,8517,8907183764520
Consulting Unified Vulnerability Assessment (VAPT) - Network Infrastructure,SEC-00306,GST,18,31657.66,72752.0,8,Cybersecurity Consulting & Audits,998313,8903136502491
In-House Comprehensive IT AMC - 1-10 PCs,SEC-00307,GST,18,35142.76,95339.0,43,Managed IT Services & AMC,998316,8902513271950
Cisco Next-Gen Managed Gigabit Switch - 10G Uplink,SEC-00308,GST,18,37404.57,41851.0,9,Hardware Firewalls & Networking,8517,8905857306524
Palo Alto Next-Gen VPN Gateway Appliance - High Availability,SEC-00309,GST,18,86510.33,97624.0,7,Hardware Firewalls & Networking,8517,8908557498218
Synology Next-Gen Network Attached Storage (NAS) - 8-Bay Rackmount,SEC-00310,GST,18,40232.41,44260.0,22,Servers & Data Storage,8471,8908620959351
Advisory Unified Penetration Testing Service - Grey Box,SEC-00311,GST,18,47713.4,106458.0,23,Cybersecurity Consulting & Audits,998313,8905651181022
Sophos Pro Next-Generation Firewall (NGFW) - Mid-Range,SEC-00312,GST,18,107457.35,127407.0,14,Hardware Firewalls & Networking,8517,8907899405391
Sophos Unified VPN Gateway Appliance - Standard,SEC-00313,GST,18,92004.81,102043.0,19,Hardware Firewalls & Networking,8517,8906509480141
QNAP Pro 1U Rack Server - Intel Xeon 16GB,SEC-00314,GST,18,170015.74,191849.0,18,Servers & Data Storage,8471,8903928861957
In-House Next-Gen Remote Helpdesk Support - Monthly Retainer,SEC-00315,GST,18,1197.8,3002.0,15,Managed IT Services & AMC,998316,8908975585566
Kaspersky Next-Gen Enterprise Antivirus Suite - Server Edition,SEC-00316,GST,18,1340.58,1814.0,431,Endpoint Security & Software Licenses,8523,8904577600490
Audit Enterprise ISO 27001 Compliance Audit - Readiness Assessment,SEC-00317,GST,18,83467.03,193830.0,25,Cybersecurity Consulting & Audits,998313,8900488899210
Managed Enterprise Remote Helpdesk Support - Monthly Retainer,SEC-00318,GST,18,1027.07,2951.0,19,Managed IT Services & AMC,998316,8904419693157
Synology Server Rack Cabinet - 24U Standard,SEC-00319,GST,18,35490.95,39239.0,20,Servers & Data Storage,8471,8906105566139
SonicWall Enterprise VPN Gateway Appliance - Standard,SEC-00320,GST,18,78653.37,90286.0,20,Hardware Firewalls & Networking,8517,8902583206799
Audit Enterprise Penetration Testing Service - White Box,SEC-00321,GST,18,48328.58,107387.0,26,Cybersecurity Consulting & Audits,998313,8901790864168
Retained Unified Remote Helpdesk Support - Monthly Retainer,SEC-00322,GST,18,1185.67,3239.0,46,Managed IT Services & AMC,998316,8909389833146
Trend Micro Standard Email Security & Anti-Spam - Per Mailbox / Year,SEC-00323,GST,18,1326.37,1704.0,228,Endpoint Security & Software Licenses,8523,8903559042597
Audit Pro Phishing Simulation & Training - Quarterly Campaign,SEC-00324,GST,18,8784.99,22496.0,10,Cybersecurity Consulting & Audits,998313,8901039240514
Managed Pro Comprehensive IT AMC - 11-50 PCs,SEC-00325,GST,18,40383.33,93601.0,39,Managed IT Services & AMC,998316,8908487920698
Cisco Enterprise Managed Gigabit Switch - 24-Port PoE,SEC-00326,GST,18,26162.35,31512.0,10,Hardware Firewalls & Networking,8517,8900701645104
In-House Secure Cloud Infrastructure Management - Monthly AWS/Azure,SEC-00327,GST,18,3599.53,10423.0,10,Managed IT Services & AMC,998316,8902387800384
Bitdefender Premium Mobile Device Management (MDM) - Monthly per Device,SEC-00328,GST,18,184.2,234.0,370,Endpoint Security & Software Licenses,8523,8904384046084
HPE Advanced Network Attached Storage (NAS) - 8-Bay Rackmount,SEC-00329,GST,18,32812.56,37975.0,23,Servers & Data Storage,8471,8909363926495
Retained Advanced Remote Helpdesk Support - Monthly Retainer,SEC-00330,GST,18,1081.27,3272.0,17,Managed IT Services & AMC,998316,8902482629251
Consulting Secure Vulnerability Assessment (VAPT) - Web Application,SEC-00331,GST,18,35741.14,79284.0,6,Cybersecurity Consulting & Audits,998313,8905664742312
Dell EMC Enterprise Server Rack Cabinet - Co-location Rack,SEC-00332,GST,18,32384.83,38598.0,21,Servers & Data Storage,8471,8903305172897
Symantec Unified Mobile Device Management (MDM) - Annual per Device,SEC-00333,GST,18,842.04,1043.0,66,Endpoint Security & Software Licenses,8523,8906046333127
Advisory Pro ISO 27001 Compliance Audit - Full Implementation Support,SEC-00334,GST,18,120141.69,380167.0,43,Cybersecurity Consulting & Audits,998313,8906569998808
Palo Alto Pro VPN Gateway Appliance - Standard,SEC-00335,GST,18,77669.08,90045.0,25,Hardware Firewalls & Networking,8517,8900868034764
Bitdefender Enterprise Enterprise Antivirus Suite - 5-User 1-Year,SEC-00336,GST,18,1827.55,2213.0,314,Endpoint Security & Software Licenses,8523,8902771812982
Managed Premium Network Monitoring Service (NOC) - Monthly Advanced Proactive,SEC-00337,GST,18,2157.71,6226.0,50,Managed IT Services & AMC,998316,8903714521117
CrowdStrike Next-Gen Email Security & Anti-Spam - Domain License,SEC-00338,GST,18,1346.61,1659.0,331,Endpoint Security & Software Licenses,8523,8906025922220
Managed Enterprise Network Monitoring Service (NOC) - Monthly Advanced Proactive,SEC-00339,GST,18,3580.8,7793.0,13,Managed IT Services & AMC,998316,8903094077780
Advisory Penetration Testing Service - Black Box,SEC-00340,GST,18,37930.2,101676.0,33,Cybersecurity Consulting & Audits,998313,8901990384983
Sophos Secure Managed Gigabit Switch - 24-Port PoE,SEC-00341,GST,18,23323.51,28643.0,23,Hardware Firewalls & Networking,8517,8909945101622
Kaspersky Unified Email Security & Anti-Spam - Per Mailbox / Year,SEC-00342,GST,18,1385.18,1762.0,68,Endpoint Security & Software Licenses,8523,8901455616814
In-House Enterprise Comprehensive IT AMC - Server & Network Included,SEC-00343,GST,18,29446.28,77168.0,18,Managed IT Services & AMC,998316,8903901981794
Retained Next-Gen Network Monitoring Service (NOC) - Monthly Advanced Proactive,SEC-00344,GST,18,2593.99,7613.0,13,Managed IT Services & AMC,998316,8909978772934
Dell EMC Unified 1U Rack Server - Intel Xeon 16GB,SEC-00345,GST,18,179201.03,200291.0,8,Servers & Data Storage,8471,8909660558303
McAfee Enterprise Endpoint Detection and Response (EDR) - 1-Year 10 Devices,SEC-00346,GST,18,3747.67,4740.0,53,Endpoint Security & Software Licenses,8523,8901556990235
Trend Micro Premium Mobile Device Management (MDM) - Annual per Device,SEC-00347,GST,18,1039.11,1347.0,371,Endpoint Security & Software Licenses,8523,8907857608495
Consulting Vulnerability Assessment (VAPT) - Web Application,SEC-00348,GST,18,23217.24,74279.0,27,Cybersecurity Consulting & Audits,998313,8901240568299
In-House Enterprise On-Site Support Engineer - Part-time/Month,SEC-00349,GST,18,12590.68,31121.0,7,Managed IT Services & AMC,998316,8904617357438
Symantec Premium Endpoint Detection and Response (EDR) - 1-Year 10 Devices,SEC-00350,GST,18,3869.32,5350.0,277,Endpoint Security & Software Licenses,8523,8908078235784
Symantec Advanced Endpoint Detection and Response (EDR) - 1-Year 50 Devices,SEC-00351,GST,18,8410.43,10154.0,248,Endpoint Security & Software Licenses,8523,8908104091570
Ubiquiti Wireless Access Point (WAP) - WiFi 6 Indoor,SEC-00352,GST,18,17750.05,21226.0,8,Hardware Firewalls & Networking,8517,8905334485714
HPE Premium Network Attached Storage (NAS) - 4-Bay Desktop,SEC-00353,GST,18,48618.86,57562.0,5,Servers & Data Storage,8471,8903858542493
Dell EMC Secure Network Attached Storage (NAS) - 12-Bay Enterprise,SEC-00354,GST,18,108708.95,120407.0,2,Servers & Data Storage,8471,8907016016629
Consulting Enterprise Phishing Simulation & Training - Annual Enterprise Program,SEC-00355,GST,18,26286.11,60385.0,47,Cybersecurity Consulting & Audits,998313,8908179217174
Managed Advanced Remote Helpdesk Support - Monthly Retainer,SEC-00356,GST,18,1262.04,3692.0,28,Managed IT Services & AMC,998316,8906255770171
Bitdefender Enterprise Mobile Device Management (MDM) - Monthly per Device,SEC-00357,GST,18,215.01,284.0,115,Endpoint Security & Software Licenses,8523,8908161581487
Retained Cloud Infrastructure Management - Monthly AWS/Azure,SEC-00358,GST,18,4117.88,9218.0,35,Managed IT Services & AMC,998316,8906153966958
HPE 1U Rack Server - Enterprise 128GB,SEC-00359,GST,18,490774.53,548268.0,21,Servers & Data Storage,8471,8907581724619
SonicWall Secure Network Load Balancer - Advanced Traffic Management,SEC-00360,GST,18,104800.18,125658.0,4,Hardware Firewalls & Networking,8517,8903290227846
Consulting Pro Phishing Simulation & Training - Quarterly Campaign,SEC-00361,GST,18,11523.31,28519.0,41,Cybersecurity Consulting & Audits,998313,8904651909862
CrowdStrike Premium Data Loss Prevention (DLP) License - Enterprise Site License,SEC-00362,GST,18,12964.12,17009.0,233,Endpoint Security & Software Licenses,8523,8901403696566
Managed Advanced On-Site Support Engineer - Part-time/Month,SEC-00363,GST,18,12272.93,28011.0,29,Managed IT Services & AMC,998316,8905624220102
Retained Standard Cloud Infrastructure Management - Monthly AWS/Azure,SEC-00364,GST,18,2706.84,8686.0,34,Managed IT Services & AMC,998316,8909692786876
Symantec Enterprise Antivirus Suite - 5-User 1-Year,SEC-00365,GST,18,1236.5,1607.0,424,Endpoint Security & Software Licenses,8523,8903846895009
Retained Network Monitoring Service (NOC) - Monthly Basic,SEC-00366,GST,18,7199.55,21856.0,14,Managed IT Services & AMC,998316,8908478189137
SonicWall Network Load Balancer - Advanced Traffic Management,SEC-00367,GST,18,86116.59,99166.0,2,Hardware Firewalls & Networking,8517,8907787956544
Dell EMC Enterprise Server Rack Cabinet - Co-location Rack,SEC-00368,GST,18,34377.44,40722.0,3,Servers & Data Storage,8471,8907929049047
Sophos Enterprise Network Load Balancer - Basic,SEC-00369,GST,18,55917.22,66674.0,10,Hardware Firewalls & Networking,8517,8904019292752
SentinelOne Advanced Enterprise Antivirus Suite - 5-User 1-Year,SEC-00370,GST,18,1748.03,2399.0,225,Endpoint Security & Software Licenses,8523,8901292766372
QNAP Enterprise Network Attached Storage (NAS) - 4-Bay Desktop,SEC-00371,GST,18,47429.78,52998.0,7,Servers & Data Storage,8471,8907674783667
Symantec Premium Email Security & Anti-Spam - Domain License,SEC-00372,GST,18,1042.32,1417.0,245,Endpoint Security & Software Licenses,8523,8905801856945
McAfee Endpoint Detection and Response (EDR) - 1-Year 10 Devices,SEC-00373,GST,18,3307.18,4480.0,433,Endpoint Security & Software Licenses,8523,8903938525800
Fortinet Next-Gen VPN Gateway Appliance - Standard,SEC-00374,GST,18,62058.91,72416.0,9,Hardware Firewalls & Networking,8517,8904430091093
Consulting Standard Vulnerability Assessment (VAPT) - Mobile App,SEC-00375,GST,18,18853.62,54808.0,29,Cybersecurity Consulting & Audits,998313,8909212447174
Retained Advanced Network Monitoring Service (NOC) - Monthly Advanced Proactive,SEC-00376,GST,18,3449.19,8333.0,8,Managed IT Services & AMC,998316,8906650442717
QNAP Unified SAN Storage Array - Entry Level,SEC-00377,GST,18,216972.42,256265.0,15,Servers & Data Storage,8471,8903917410119
SentinelOne Unified Mobile Device Management (MDM) - Monthly per Device,SEC-00378,GST,18,158.12,210.0,69,Endpoint Security & Software Licenses,8523,8906425690877
Managed Pro Comprehensive IT AMC - Server & Network Included,SEC-00379,GST,18,18690.66,64132.0,35,Managed IT Services & AMC,998316,8901985546015
Advisory Enterprise Vulnerability Assessment (VAPT) - Network Infrastructure,SEC-00380,GST,18,32254.01,73053.0,7,Cybersecurity Consulting & Audits,998313,8906346157173
Dell EMC 2U Storage Server - Basic Array,SEC-00381,GST,18,119040.14,137886.0,19,Servers & Data Storage,8471,8904787005050
In-House Next-Gen Remote Helpdesk Support - Annual 24/7 SLA,SEC-00382,GST,18,5116.81,15438.0,39,Managed IT Services & AMC,998316,8902931027079
Sophos Advanced Managed Gigabit Switch - 24-Port PoE,SEC-00383,GST,18,31619.34,39072.0,5,Hardware Firewalls & Networking,8517,8907929111799
Dell EMC Secure 2U Storage Server - High IOPS NVMe,SEC-00384,GST,18,241668.41,301440.0,23,Servers & Data Storage,8471,8906519825309
Lenovo Enterprise 1U Rack Server - Intel Xeon 16GB,SEC-00385,GST,18,134831.47,156711.0,24,Servers & Data Storage,8471,8905827390219
In-House Standard Comprehensive IT AMC - 11-50 PCs,SEC-00386,GST,18,28316.71,64254.0,10,Managed IT Services & AMC,998316,8909467232487
In-House Premium Remote Helpdesk Support - Annual 24/7 SLA,SEC-00387,GST,18,5355.36,16472.0,44,Managed IT Services & AMC,998316,8901456083318
Ubiquiti Next-Gen Wireless Access Point (WAP) - High-Density,SEC-00388,GST,18,13469.63,16373.0,23,Hardware Firewalls & Networking,8517,8903403127722
Fortinet Pro Wireless Access Point (WAP) - WiFi 6 Outdoor,SEC-00389,GST,18,15921.48,18312.0,16,Hardware Firewalls & Networking,8517,8900108220781
Sophos Cloud-Managed VPN Gateway Appliance - High Availability,SEC-00390,GST,18,63624.82,76447.0,12,Hardware Firewalls & Networking,8517,8903153136363
Palo Alto Premium Network Load Balancer - Advanced Traffic Management,SEC-00391,GST,18,133211.65,149429.0,21,Hardware Firewalls & Networking,8517,8907265273543
Symantec Endpoint Detection and Response (EDR) - 1-Year 50 Devices,SEC-00392,GST,18,7606.94,9336.0,486,Endpoint Security & Software Licenses,8523,8907762534929
QNAP Standard Server Rack Cabinet - 24U Standard,SEC-00393,GST,18,29878.67,35205.0,8,Servers & Data Storage,8471,8909774063356
Audit Incident Response & Forensics - Retainer Setup,SEC-00394,GST,18,57066.82,149895.0,7,Cybersecurity Consulting & Audits,998313,8900780686717
In-House Premium Comprehensive IT AMC - Server & Network Included,SEC-00395,GST,18,35145.04,91726.0,18,Managed IT Services & AMC,998316,8902543107427
Consulting Unified Incident Response & Forensics - Retainer Setup,SEC-00396,GST,18,56082.24,123826.0,50,Cybersecurity Consulting & Audits,998313,8906257016580
Bitdefender Data Loss Prevention (DLP) License - Enterprise Site License,SEC-00397,GST,18,16751.1,22763.0,453,Endpoint Security & Software Licenses,8523,8901950850165
Retained Secure Comprehensive IT AMC - 11-50 PCs,SEC-00398,GST,18,25019.86,71011.0,9,Managed IT Services & AMC,998316,8908325381793
Lenovo Next-Gen Network Attached Storage (NAS) - 8-Bay Rackmount,SEC-00399,GST,18,44942.42,51305.0,4,Servers & Data Storage,8471,8905577881788
Bitdefender Standard Email Security & Anti-Spam - Domain License,SEC-00400,GST,18,974.0,1341.0,94,Endpoint Security & Software Licenses,8523,8901624112412
In-House Premium Remote Helpdesk Support - Annual 24/7 SLA,SEC-00401,GST,18,4110.46,14199.0,39,Managed IT Services & AMC,998316,8902756704310
QNAP Network Attached Storage (NAS) - 8-Bay Rackmount,SEC-00402,GST,18,36521.61,43713.0,12,Servers & Data Storage,8471,8907988774924
Lenovo Secure 2U Storage Server - High IOPS NVMe,SEC-00403,GST,18,264377.56,321341.0,3,Servers & Data Storage,8471,8902547292842
Supermicro Pro 2U Storage Server - Basic Array,SEC-00404,GST,18,103092.23,128769.0,20,Servers & Data Storage,8471,8902745238055
Lenovo Advanced SAN Storage Array - Hybrid Array,SEC-00405,GST,18,477016.44,533411.0,2,Servers & Data Storage,8471,8906727520885
Bitdefender Advanced Data Loss Prevention (DLP) License - Enterprise Site License,SEC-00406,GST,18,18945.41,25495.0,276,Endpoint Security & Software Licenses,8523,8905170281406
Audit Standard Phishing Simulation & Training - Annual Enterprise Program,SEC-00407,GST,18,20671.12,60199.0,17,Cybersecurity Consulting & Audits,998313,8909834301871
Advisory Secure Penetration Testing Service - White Box,SEC-00408,GST,18,35826.18,99143.0,8,Cybersecurity Consulting & Audits,998313,8905626565045
McAfee Pro Mobile Device Management (MDM) - Monthly per Device,SEC-00409,GST,18,216.47,279.0,262,Endpoint Security & Software Licenses,8523,8907426629912
Lenovo Secure SAN Storage Array - Hybrid Array,SEC-00410,GST,18,334826.54,416529.0,14,Servers & Data Storage,8471,8901064628792
HPE Next-Gen SAN Storage Array - All-Flash SAN,SEC-00411,GST,18,1068002.91,1306616.0,11,Servers & Data Storage,8471,8909478730024
Trend Micro Enterprise Mobile Device Management (MDM) - Monthly per Device,SEC-00412,GST,18,186.39,242.0,402,Endpoint Security & Software Licenses,8523,8903014719597
Advisory Standard ISO 27001 Compliance Audit - Full Implementation Support,SEC-00413,GST,18,119368.5,369975.0,6,Cybersecurity Consulting & Audits,998313,8904290257252
Cisco Secure Wireless Access Point (WAP) - WiFi 6 Outdoor,SEC-00414,GST,18,12973.12,14838.0,22,Hardware Firewalls & Networking,8517,8901832192855
McAfee Next-Gen Data Loss Prevention (DLP) License - Per User,SEC-00415,GST,18,6789.22,9265.0,56,Endpoint Security & Software Licenses,8523,8902845765213
QNAP Next-Gen 2U Storage Server - Basic Array,SEC-00416,GST,18,135547.74,166007.0,18,Servers & Data Storage,8471,8908816711207
McAfee Unified Data Loss Prevention (DLP) License - Per User,SEC-00417,GST,18,8018.77,10581.0,440,Endpoint Security & Software Licenses,8523,8905240132234
HPE Cloud-Managed 2U Storage Server - Basic Array,SEC-00418,GST,18,141105.76,171811.0,4,Servers & Data Storage,8471,8900760310890
In-House Standard Network Monitoring Service (NOC) - Monthly Basic,SEC-00419,GST,18,9907.17,19967.0,11,Managed IT Services & AMC,998316,8901939325012
Kaspersky Advanced Data Loss Prevention (DLP) License - Per 10 Users,SEC-00420,GST,18,7693.78,10434.0,363,Endpoint Security & Software Licenses,8523,8903891190833
Symantec Standard Email Security & Anti-Spam - Per Mailbox / Year,SEC-00421,GST,18,1367.68,1893.0,485,Endpoint Security & Software Licenses,8523,8907592712566
QNAP Standard 2U Storage Server - High IOPS NVMe,SEC-00422,GST,18,257314.26,295176.0,16,Servers & Data Storage,8471,8901827548015
In-House Unified Cloud Infrastructure Management - Quarterly Audit & Fix,SEC-00423,GST,18,22289.21,55010.0,33,Managed IT Services & AMC,998316,8903864631752
SonicWall Cloud-Managed VPN Gateway Appliance - Standard,SEC-00424,GST,18,72254.16,86617.0,4,Hardware Firewalls & Networking,8517,8901266912153
Symantec Standard Email Security & Anti-Spam - Domain License,SEC-00425,GST,18,1070.09,1375.0,305,Endpoint Security & Software Licenses,8523,8904994657967
Advisory Standard Penetration Testing Service - White Box,SEC-00426,GST,18,28346.25,77499.0,19,Cybersecurity Consulting & Audits,998313,8902010170269
Symantec Data Loss Prevention (DLP) License - Enterprise Site License,SEC-00427,GST,18,14830.86,18024.0,434,Endpoint Security & Software Licenses,8523,8908773477848
SentinelOne Premium Email Security & Anti-Spam - Per Mailbox / Year,SEC-00428,GST,18,1412.04,1943.0,110,Endpoint Security & Software Licenses,8523,8906756770028
Trend Micro Cloud-Managed Enterprise Antivirus Suite - 5-User 1-Year,SEC-00429,GST,18,1291.0,1734.0,299,Endpoint Security & Software Licenses,8523,8901978897782
Audit Unified Phishing Simulation & Training - Annual Enterprise Program,SEC-00430,GST,18,26676.31,68470.0,48,Cybersecurity Consulting & Audits,998313,8905450090255
Audit Standard ISO 27001 Compliance Audit - Full Implementation Support,SEC-00431,GST,18,109027.21,380278.0,31,Cybersecurity Consulting & Audits,998313,8905033349114
Cisco Next-Gen Managed Gigabit Switch - 24-Port PoE,SEC-00432,GST,18,28830.68,33707.0,15,Hardware Firewalls & Networking,8517,8909864079056
Advisory Unified ISO 27001 Compliance Audit - Readiness Assessment,SEC-00433,GST,18,42322.63,127504.0,26,Cybersecurity Consulting & Audits,998313,8907852945637
Juniper Enterprise Network Load Balancer - Basic,SEC-00434,GST,18,58663.39,67146.0,20,Hardware Firewalls & Networking,8517,8906391919541
Consulting Pro Phishing Simulation & Training - Annual Enterprise Program,SEC-00435,GST,18,28772.68,60854.0,24,Cybersecurity Consulting & Audits,998313,8908468536649
Advisory Premium Incident Response & Forensics - Retainer Setup,SEC-00436,GST,18,48181.26,133671.0,16,Cybersecurity Consulting & Audits,998313,8909737489690
Audit Advanced ISO 27001 Compliance Audit - Full Implementation Support,SEC-00437,GST,18,110611.76,345070.0,24,Cybersecurity Consulting & Audits,998313,8906651364424
Audit Standard Phishing Simulation & Training - Quarterly Campaign,SEC-00438,GST,18,10714.87,21875.0,24,Cybersecurity Consulting & Audits,998313,8907786603242
Cisco Next-Gen Wireless Access Point (WAP) - High-Density,SEC-00439,GST,18,13017.58,15984.0,25,Hardware Firewalls & Networking,8517,8907001594165
Palo Alto Standard Managed Gigabit Switch - 24-Port PoE,SEC-00440,GST,18,32332.59,37992.0,5,Hardware Firewalls & Networking,8517,8908984713915
SentinelOne Pro Email Security & Anti-Spam - Domain License,SEC-00441,GST,18,1529.43,1902.0,104,Endpoint Security & Software Licenses,8523,8902347649078
Trend Micro Next-Gen Endpoint Detection and Response (EDR) - 1-Year 10 Devices,SEC-00442,GST,18,3407.29,4554.0,192,Endpoint Security & Software Licenses,8523,8902575409003
Kaspersky Secure Mobile Device Management (MDM) - Annual per Device,SEC-00443,GST,18,1123.37,1502.0,323,Endpoint Security & Software Licenses,8523,8903760644134
HPE Secure SAN Storage Array - Hybrid Array,SEC-00444,GST,18,510173.93,619867.0,15,Servers & Data Storage,8471,8900417765612
Kaspersky Cloud-Managed Endpoint Detection and Response (EDR) - 1-Year 10 Devices,SEC-00445,GST,18,3636.2,4955.0,427,Endpoint Security & Software Licenses,8523,8905700272063
McAfee Standard Email Security & Anti-Spam - Per Mailbox / Year,SEC-00446,GST,18,1011.3,1318.0,443,Endpoint Security & Software Licenses,8523,8902965772429
SentinelOne Standard Data Loss Prevention (DLP) License - Per User,SEC-00447,GST,18,6925.07,8562.0,498,Endpoint Security & Software Licenses,8523,8906930089317
Lenovo Cloud-Managed 2U Storage Server - Basic Array,SEC-00448,GST,18,139783.0,166350.0,6,Servers & Data Storage,8471,8901529108677
Sophos Enterprise Managed Gigabit Switch - 24-Port PoE,SEC-00449,GST,18,28139.25,33039.0,6,Hardware Firewalls & Networking,8517,8906393436262
Cisco Wireless Access Point (WAP) - WiFi 6 Indoor,SEC-00450,GST,18,16231.29,18459.0,20,Hardware Firewalls & Networking,8517,8907107256366
Advisory Next-Gen Vulnerability Assessment (VAPT) - Web Application,SEC-00451,GST,18,21569.69,53909.0,20,Cybersecurity Consulting & Audits,998313,8907599004896
Bitdefender Next-Gen Data Loss Prevention (DLP) License - Per User,SEC-00452,GST,18,5643.78,6975.0,136,Endpoint Security & Software Licenses,8523,8908757215862
CrowdStrike Advanced Data Loss Prevention (DLP) License - Per User,SEC-00453,GST,18,6397.19,8922.0,193,Endpoint Security & Software Licenses,8523,8905644948562
Trend Micro Next-Gen Mobile Device Management (MDM) - Monthly per Device,SEC-00454,GST,18,220.81,294.0,458,Endpoint Security & Software Licenses,8523,8907032032074
Supermicro Standard SAN Storage Array - All-Flash SAN,SEC-00455,GST,18,1309035.54,1622001.0,3,Servers & Data Storage,8471,8907587771215
Sophos Advanced Wireless Access Point (WAP) - WiFi 6 Indoor,SEC-00456,GST,18,17287.27,21149.0,20,Hardware Firewalls & Networking,8517,8909390892613
Retained Premium Comprehensive IT AMC - 11-50 PCs,SEC-00457,GST,18,21708.23,75371.0,12,Managed IT Services & AMC,998316,8906591520177
Retained Secure Network Monitoring Service (NOC) - Monthly Basic,SEC-00458,GST,18,9041.78,26983.0,33,Managed IT Services & AMC,998316,8905923045018
Advisory Enterprise Vulnerability Assessment (VAPT) - Network Infrastructure,SEC-00459,GST,18,16761.06,57785.0,30,Cybersecurity Consulting & Audits,998313,8901032664214
Managed Secure Network Monitoring Service (NOC) - Monthly Basic,SEC-00460,GST,18,7323.71,23788.0,37,Managed IT Services & AMC,998316,8903776749961
Managed Cloud-Managed On-Site Support Engineer - Part-time/Month,SEC-00461,GST,18,14075.77,30114.0,37,Managed IT Services & AMC,998316,8905732788147
In-House Advanced Cloud Infrastructure Management - Quarterly Audit & Fix,SEC-00462,GST,18,21346.64,64605.0,24,Managed IT Services & AMC,998316,8903864908108
Ubiquiti Standard VPN Gateway Appliance - High Availability,SEC-00463,GST,18,72636.28,87748.0,10,Hardware Firewalls & Networking,8517,8905491801722
In-House Enterprise Comprehensive IT AMC - 11-50 PCs,SEC-00464,GST,18,24807.02,76558.0,47,Managed IT Services & AMC,998316,8907945232194
Palo Alto Premium Network Load Balancer - Basic,SEC-00465,GST,18,65170.85,71818.0,22,Hardware Firewalls & Networking,8517,8907769749956
CrowdStrike Premium Enterprise Antivirus Suite - 1-User 1-Year,SEC-00466,GST,18,1313.83,1791.0,406,Endpoint Security & Software Licenses,8523,8903037236831
SentinelOne Unified Mobile Device Management (MDM) - Monthly per Device,SEC-00467,GST,18,198.64,243.0,128,Endpoint Security & Software Licenses,8523,8907770793349
In-House Standard Network Monitoring Service (NOC) - Monthly Basic,SEC-00468,GST,18,7629.24,23419.0,31,Managed IT Services & AMC,998316,8907998407678
Consulting Pro Incident Response & Forensics - Per Incident Block Hours,SEC-00469,GST,18,49725.63,138857.0,32,Cybersecurity Consulting & Audits,998313,8909581467179
Bitdefender Advanced Mobile Device Management (MDM) - Monthly per Device,SEC-00470,GST,18,183.3,227.0,226,Endpoint Security & Software Licenses,8523,8907383959724
Managed Advanced Network Monitoring Service (NOC) - Monthly Advanced Proactive,SEC-00471,GST,18,3208.34,7776.0,10,Managed IT Services & AMC,998316,8907223297167
Symantec Premium Enterprise Antivirus Suite - Server Edition,SEC-00472,GST,18,2043.63,2599.0,183,Endpoint Security & Software Licenses,8523,8905228015619
Dell EMC Unified Server Rack Cabinet - 24U Standard,SEC-00473,GST,18,28245.55,32512.0,13,Servers & Data Storage,8471,8900842891077
Fortinet Next-Gen Network Load Balancer - Basic,SEC-00474,GST,18,52975.79,59111.0,22,Hardware Firewalls & Networking,8517,8901352478712
McAfee Pro Enterprise Antivirus Suite - 1-User 1-Year,SEC-00475,GST,18,1589.06,2039.0,443,Endpoint Security & Software Licenses,8523,8900375482145
Managed Next-Gen Remote Helpdesk Support - Monthly Retainer,SEC-00476,GST,18,1294.9,3033.0,32,Managed IT Services & AMC,998316,8906678507208
Fortinet Cloud-Managed Wireless Access Point (WAP) - WiFi 6 Outdoor,SEC-00477,GST,18,20662.45,23238.0,3,Hardware Firewalls & Networking,8517,8906029084668
Trend Micro Premium Data Loss Prevention (DLP) License - Per 10 Users,SEC-00478,GST,18,7474.41,10315.0,362,Endpoint Security & Software Licenses,8523,8902673899756
Lenovo Next-Gen 1U Rack Server - Intel Xeon 16GB,SEC-00479,GST,18,144034.64,174104.0,25,Servers & Data Storage,8471,8902884318848
SentinelOne Premium Enterprise Antivirus Suite - 1-User 1-Year,SEC-00480,GST,18,1903.69,2490.0,182,Endpoint Security & Software Licenses,8523,8903468105485
Fortinet Enterprise Next-Generation Firewall (NGFW) - Mid-Range,SEC-00481,GST,18,148015.68,162933.0,12,Hardware Firewalls & Networking,8517,8903998935449
Supermicro Pro SAN Storage Array - Hybrid Array,SEC-00482,GST,18,362054.07,426307.0,8,Servers & Data Storage,8471,8905712661106
Synology Standard 2U Storage Server - High IOPS NVMe,SEC-00483,GST,18,208799.72,246162.0,20,Servers & Data Storage,8471,8908864976776
HPE Unified Server Rack Cabinet - 24U Standard,SEC-00484,GST,18,36130.71,40445.0,24,Servers & Data Storage,8471,8908813770285
Ubiquiti Standard VPN Gateway Appliance - Standard,SEC-00485,GST,18,73206.38,83707.0,18,Hardware Firewalls & Networking,8517,8902154544702
QNAP Enterprise SAN Storage Array - Entry Level,SEC-00486,GST,18,329724.21,373359.0,25,Servers & Data Storage,8471,8907018510679
Kaspersky Cloud-Managed Mobile Device Management (MDM) - Annual per Device,SEC-00487,GST,18,926.33,1245.0,360,Endpoint Security & Software Licenses,8523,8902287772519
Advisory Cloud-Managed Phishing Simulation & Training - Quarterly Campaign,SEC-00488,GST,18,11715.89,24237.0,47,Cybersecurity Consulting & Audits,998313,8907412094818
Sophos Network Load Balancer - Basic,SEC-00489,GST,18,62991.94,76383.0,18,Hardware Firewalls & Networking,8517,8900182043397
Juniper Cloud-Managed Network Load Balancer - Advanced Traffic Management,SEC-00490,GST,18,111895.42,131334.0,2,Hardware Firewalls & Networking,8517,8905626085641
Fortinet Enterprise Network Load Balancer - Basic,SEC-00491,GST,18,55155.21,62785.0,4,Hardware Firewalls & Networking,8517,8902462095200
Bitdefender Advanced Endpoint Detection and Response (EDR) - 1-Year 10 Devices,SEC-00492,GST,18,3580.68,4529.0,242,Endpoint Security & Software Licenses,8523,8901033993788
In-House Secure Network Monitoring Service (NOC) - Monthly Basic,SEC-00493,GST,18,8304.94,21681.0,35,Managed IT Services & AMC,998316,8900630489138
Lenovo Unified Server Rack Cabinet - 42U Heavy Duty,SEC-00494,GST,18,24651.78,29468.0,8,Servers & Data Storage,8471,8902582386870
Juniper Advanced VPN Gateway Appliance - High Availability,SEC-00495,GST,18,54856.11,68023.0,17,Hardware Firewalls & Networking,8517,8904946539840
Supermicro Standard Server Rack Cabinet - Co-location Rack,SEC-00496,GST,18,28690.69,33261.0,5,Servers & Data Storage,8471,8902846398554
Managed Secure Remote Helpdesk Support - Annual 24/7 SLA,SEC-00497,GST,18,5413.99,14562.0,43,Managed IT Services & AMC,998316,8905020970026
Consulting Next-Gen Phishing Simulation & Training - Annual Enterprise Program,SEC-00498,GST,18,15847.58,52536.0,46,Cybersecurity Consulting & Audits,998313,8901807156956
Supermicro Unified 1U Rack Server - Intel Xeon 16GB,SEC-00499,GST,18,157086.86,177343.0,2,Servers & Data Storage,8471,8903045319433
Managed Unified Comprehensive IT AMC - 11-50 PCs,SEC-00500,GST,18,32733.73,100180.0,18,Managed IT Services & AMC,998316,8900361498728
Supermicro Server Rack Cabinet - Co-location Rack,SEC-00501,GST,18,34141.16,37890.0,6,Servers & Data Storage,8471,8901249384308
Advisory Premium Incident Response & Forensics - Per Incident Block Hours,SEC-00502,GST,18,51418.4,152273.0,46,Cybersecurity Consulting & Audits,998313,8900566418775
Audit Enterprise Penetration Testing Service - Black Box,SEC-00503,GST,18,40494.31,113328.0,25,Cybersecurity Consulting & Audits,998313,8900635190361
HPE Enterprise 2U Storage Server - High IOPS NVMe,SEC-00504,GST,18,174113.76,207856.0,2,Servers & Data Storage,8471,8907609543173
SentinelOne Next-Gen Endpoint Detection and Response (EDR) - 1-Year 10 Devices,SEC-00505,GST,18,3879.14,5387.0,447,Endpoint Security & Software Licenses,8523,8909971791100
Managed Premium Comprehensive IT AMC - 1-10 PCs,SEC-00506,GST,18,37840.64,100765.0,24,Managed IT Services & AMC,998316,8909611080466
Ubiquiti VPN Gateway Appliance - Standard,SEC-00507,GST,18,85009.97,101468.0,16,Hardware Firewalls & Networking,8517,8906769915078
Kaspersky Standard Enterprise Antivirus Suite - 1-User 1-Year,SEC-00508,GST,18,1200.6,1612.0,353,Endpoint Security & Software Licenses,8523,8903928456797
HPE Premium 2U Storage Server - Basic Array,SEC-00509,GST,18,109100.25,129576.0,18,Servers & Data Storage,8471,8905498227495
McAfee Endpoint Detection and Response (EDR) - 1-Year 50 Devices,SEC-00510,GST,18,10333.46,12699.0,171,Endpoint Security & Software Licenses,8523,8908806533315
Supermicro Unified SAN Storage Array - Hybrid Array,SEC-00511,GST,18,478346.07,549941.0,20,Servers & Data Storage,8471,8909594652170
In-House Pro Comprehensive IT AMC - Server & Network Included,SEC-00512,GST,18,33976.16,91729.0,18,Managed IT Services & AMC,998316,8903756362050
Cisco Standard Next-Generation Firewall (NGFW) - Enterprise Tier,SEC-00513,GST,18,280173.97,326700.0,22,Hardware Firewalls & Networking,8517,8909500334234
Lenovo Advanced Server Rack Cabinet - 24U Standard,SEC-00514,GST,18,27902.77,31430.0,10,Servers & Data Storage,8471,8901026153473
SentinelOne Advanced Data Loss Prevention (DLP) License - Enterprise Site License,SEC-00515,GST,18,19349.01,27000.0,369,Endpoint Security & Software Licenses,8523,8906112233865
Kaspersky Premium Mobile Device Management (MDM) - Monthly per Device,SEC-00516,GST,18,215.57,284.0,487,Endpoint Security & Software Licenses,8523,8908425304289
In-House Comprehensive IT AMC - 11-50 PCs,SEC-00517,GST,18,24103.12,66595.0,46,Managed IT Services & AMC,998316,8908578725587
Managed Network Monitoring Service (NOC) - Monthly Advanced Proactive,SEC-00518,GST,18,3407.48,7874.0,17,Managed IT Services & AMC,998316,8907363466925
Kaspersky Standard Endpoint Detection and Response (EDR) - 1-Year 5 Devices,SEC-00519,GST,18,1962.01,2558.0,167,Endpoint Security & Software Licenses,8523,8909078956776
Managed Enterprise Cloud Infrastructure Management - Quarterly Audit & Fix,SEC-00520,GST,18,21838.43,49559.0,19,Managed IT Services & AMC,998316,8904151488814
Dell EMC Secure 1U Rack Server - Intel Xeon 16GB,SEC-00521,GST,18,130476.99,147445.0,8,Servers & Data Storage,8471,8905444392840
McAfee Cloud-Managed Data Loss Prevention (DLP) License - Per 10 Users,SEC-00522,GST,18,7615.64,10293.0,56,Endpoint Security & Software Licenses,8523,8907826333738
Consulting Secure Phishing Simulation & Training - Annual Enterprise Program,SEC-00523,GST,18,30266.69,74747.0,17,Cybersecurity Consulting & Audits,998313,8906637780529
Lenovo Secure 1U Rack Server - Dual CPU 64GB,SEC-00524,GST,18,150131.73,174584.0,23,Servers & Data Storage,8471,8906845909022
Kaspersky Cloud-Managed Email Security & Anti-Spam - Domain License,SEC-00525,GST,18,1058.58,1353.0,323,Endpoint Security & Software Licenses,8523,8906371597412
SonicWall Premium Network Load Balancer - Basic,SEC-00526,GST,18,73374.77,87353.0,2,Hardware Firewalls & Networking,8517,8902316433481
In-House Advanced Network Monitoring Service (NOC) - Monthly Basic,SEC-00527,GST,18,6012.69,20231.0,30,Managed IT Services & AMC,998316,8902128671632
Lenovo Unified SAN Storage Array - Hybrid Array,SEC-00528,GST,18,370655.36,439695.0,11,Servers & Data Storage,8471,8909387430271
Retained Secure Remote Helpdesk Support - Annual 24/7 SLA,SEC-00529,GST,18,5672.73,18827.0,34,Managed IT Services & AMC,998316,8907901475469
Synology 2U Storage Server - Basic Array,SEC-00530,GST,18,149736.34,174993.0,23,Servers & Data Storage,8471,8902916032484
SonicWall Cloud-Managed Managed Gigabit Switch - 48-Port PoE,SEC-00531,GST,18,95878.55,113417.0,13,Hardware Firewalls & Networking,8517,8901185672438
Palo Alto Unified Next-Generation Firewall (NGFW) - Entry Level,SEC-00532,GST,18,73564.21,89152.0,8,Hardware Firewalls & Networking,8517,8906004125777
Fortinet Unified Network Load Balancer - Basic,SEC-00533,GST,18,51222.99,62649.0,7,Hardware Firewalls & Networking,8517,8902091241862
SonicWall Enterprise Next-Generation Firewall (NGFW) - Enterprise Tier,SEC-00534,GST,18,284976.41,328781.0,8,Hardware Firewalls & Networking,8517,8900837081647
Ubiquiti Cloud-Managed Next-Generation Firewall (NGFW) - Entry Level,SEC-00535,GST,18,85950.15,106520.0,13,Hardware Firewalls & Networking,8517,8903310600531
Dell EMC Advanced 2U Storage Server - Large Capacity HDD,SEC-00536,GST,18,174616.67,205502.0,12,Servers & Data Storage,8471,8905839386613
Dell EMC Advanced Network Attached Storage (NAS) - 8-Bay Rackmount,SEC-00537,GST,18,30328.88,36337.0,2,Servers & Data Storage,8471,8906373149501
Synology Unified Network Attached Storage (NAS) - 12-Bay Enterprise,SEC-00538,GST,18,130282.12,145300.0,19,Servers & Data Storage,8471,8909241956252
SentinelOne Secure Mobile Device Management (MDM) - Monthly per Device,SEC-00539,GST,18,140.33,194.0,279,Endpoint Security & Software Licenses,8523,8906838903091
Symantec Mobile Device Management (MDM) - Monthly per Device,SEC-00540,GST,18,164.56,202.0,305,Endpoint Security & Software Licenses,8523,8904326303975
Lenovo Premium Network Attached Storage (NAS) - 12-Bay Enterprise,SEC-00541,GST,18,95696.81,119299.0,22,Servers & Data Storage,8471,8904035533803
QNAP Secure SAN Storage Array - Hybrid Array,SEC-00542,GST,18,373292.74,445886.0,4,Servers & Data Storage,8471,8907130232129
Audit Standard Penetration Testing Service - Grey Box,SEC-00543,GST,18,33763.1,91181.0,15,Cybersecurity Consulting & Audits,998313,8903362934497
Lenovo Secure SAN Storage Array - Entry Level,SEC-00544,GST,18,266393.84,299737.0,16,Servers & Data Storage,8471,8906896270661
Kaspersky Next-Gen Email Security & Anti-Spam - Per Mailbox / Year,SEC-00545,GST,18,1394.37,1745.0,287,Endpoint Security & Software Licenses,8523,8904746897152
In-House Premium Remote Helpdesk Support - Monthly Retainer,SEC-00546,GST,18,879.3,2419.0,28,Managed IT Services & AMC,998316,8907666567491
In-House Comprehensive IT AMC - 11-50 PCs,SEC-00547,GST,18,22418.72,70494.0,21,Managed IT Services & AMC,998316,8905875066337
Juniper Premium Wireless Access Point (WAP) - High-Density,SEC-00548,GST,18,17276.9,20677.0,10,Hardware Firewalls & Networking,8517,8909724399201
SonicWall VPN Gateway Appliance - High Availability,SEC-00549,GST,18,98377.57,109401.0,8,Hardware Firewalls & Networking,8517,8906264488694
Retained Comprehensive IT AMC - 1-10 PCs,SEC-00550,GST,18,37776.53,95068.0,14,Managed IT Services & AMC,998316,8904364027011
Retained Cloud-Managed Cloud Infrastructure Management - Quarterly Audit & Fix,SEC-00551,GST,18,17278.06,44266.0,50,Managed IT Services & AMC,998316,8902372817932
Dell EMC Enterprise 2U Storage Server - Basic Array,SEC-00552,GST,18,157401.75,193721.0,16,Servers & Data Storage,8471,8909121416141
CrowdStrike Unified Email Security & Anti-Spam - Per Mailbox / Year,SEC-00553,GST,18,1156.71,1564.0,54,Endpoint Security & Software Licenses,8523,8900409013806
Consulting Unified ISO 27001 Compliance Audit - Full Implementation Support,SEC-00554,GST,18,152042.76,441921.0,26,Cybersecurity Consulting & Audits,998313,8905553566905
SentinelOne Unified Endpoint Detection and Response (EDR) - 1-Year 5 Devices,SEC-00555,GST,18,2604.73,3335.0,477,Endpoint Security & Software Licenses,8523,8902091843579
Retained Premium Cloud Infrastructure Management - Monthly AWS/Azure,SEC-00556,GST,18,3763.04,12931.0,25,Managed IT Services & AMC,998316,8900505739769
Cisco Standard VPN Gateway Appliance - High Availability,SEC-00557,GST,18,86713.38,99207.0,8,Hardware Firewalls & Networking,8517,8902898027148
In-House Unified Cloud Infrastructure Management - Monthly AWS/Azure,SEC-00558,GST,18,4790.9,11313.0,18,Managed IT Services & AMC,998316,8902116025643
Trend Micro Advanced Mobile Device Management (MDM) - Monthly per Device,SEC-00559,GST,18,228.38,303.0,301,Endpoint Security & Software Licenses,8523,8901539915668
In-House Standard Remote Helpdesk Support - Quarterly SLA,SEC-00560,GST,18,6544.31,14182.0,26,Managed IT Services & AMC,998316,8909319525690
CrowdStrike Cloud-Managed Email Security & Anti-Spam - Per Mailbox / Year,SEC-00561,GST,18,1530.94,1935.0,236,Endpoint Security & Software Licenses,8523,8902899316087
Symantec Unified Data Loss Prevention (DLP) License - Per User,SEC-00562,GST,18,7881.35,9690.0,195,Endpoint Security & Software Licenses,8523,8902095481497
Synology Cloud-Managed Network Attached Storage (NAS) - 12-Bay Enterprise,SEC-00563,GST,18,76386.08,93308.0,6,Servers & Data Storage,8471,8903302764208
Managed Secure Cloud Infrastructure Management - Quarterly Audit & Fix,SEC-00564,GST,18,22787.88,58943.0,38,Managed IT Services & AMC,998316,8904438612590
Bitdefender Advanced Enterprise Antivirus Suite - Server Edition,SEC-00565,GST,18,1575.02,2042.0,124,Endpoint Security & Software Licenses,8523,8903330591266
Dell EMC Unified 1U Rack Server - Dual CPU 64GB,SEC-00566,GST,18,144571.91,160167.0,18,Servers & Data Storage,8471,8905962630136
Managed Cloud-Managed On-Site Support Engineer - Part-time/Month,SEC-00567,GST,18,9198.83,32074.0,47,Managed IT Services & AMC,998316,8901764750111
Palo Alto Premium Network Load Balancer - Basic,SEC-00568,GST,18,63077.36,78727.0,17,Hardware Firewalls & Networking,8517,8904192676492
Cisco Next-Gen Next-Generation Firewall (NGFW) - Enterprise Tier,SEC-00569,GST,18,273883.89,334667.0,2,Hardware Firewalls & Networking,8517,8906888718981
Supermicro 1U Rack Server - Intel Xeon 16GB,SEC-00570,GST,18,187653.76,206569.0,16,Servers & Data Storage,8471,8905102932184
Fortinet Enterprise Next-Generation Firewall (NGFW) - Enterprise Tier,SEC-00571,GST,18,311566.55,368167.0,15,Hardware Firewalls & Networking,8517,8900340848729
Retained Network Monitoring Service (NOC) - Monthly Advanced Proactive,SEC-00572,GST,18,3233.17,7484.0,11,Managed IT Services & AMC,998316,8900303243298
QNAP Advanced Network Attached Storage (NAS) - 8-Bay Rackmount,SEC-00573,GST,18,45048.48,52405.0,19,Servers & Data Storage,8471,8904462671462
Audit Enterprise Vulnerability Assessment (VAPT) - Mobile App,SEC-00574,GST,18,27698.96,84349.0,17,Cybersecurity Consulting & Audits,998313,8905989262566
Ubiquiti Enterprise Managed Gigabit Switch - 24-Port PoE,SEC-00575,GST,18,27031.83,30181.0,19,Hardware Firewalls & Networking,8517,8906151554234
Fortinet Cloud-Managed VPN Gateway Appliance - Standard,SEC-00576,GST,18,89083.38,108451.0,5,Hardware Firewalls & Networking,8517,8902849718594
Advisory Premium Incident Response & Forensics - Retainer Setup,SEC-00577,GST,18,31067.92,106245.0,29,Cybersecurity Consulting & Audits,998313,8902588967924
SonicWall Advanced Network Load Balancer - Basic,SEC-00578,GST,18,52935.78,62736.0,10,Hardware Firewalls & Networking,8517,8900539672757
Advisory Next-Gen ISO 27001 Compliance Audit - Full Implementation Support,SEC-00579,GST,18,143453.43,476564.0,19,Cybersecurity Consulting & Audits,998313,8904146511131
QNAP Enterprise 1U Rack Server - Intel Xeon 16GB,SEC-00580,GST,18,165149.88,193874.0,2,Servers & Data Storage,8471,8906827788160
Audit Cloud-Managed Vulnerability Assessment (VAPT) - Mobile App,SEC-00581,GST,18,23950.7,74834.0,20,Cybersecurity Consulting & Audits,998313,8908909728321
SentinelOne Secure Enterprise Antivirus Suite - Server Edition,SEC-00582,GST,18,1986.7,2552.0,244,Endpoint Security & Software Licenses,8523,8902515381447
McAfee Enterprise Antivirus Suite - 1-User 1-Year,SEC-00583,GST,18,1440.12,1994.0,379,Endpoint Security & Software Licenses,8523,8908079705097
McAfee Premium Data Loss Prevention (DLP) License - Per User,SEC-00584,GST,18,6162.95,8286.0,255,Endpoint Security & Software Licenses,8523,8905016731882
In-House Advanced Cloud Infrastructure Management - Monthly AWS/Azure,SEC-00585,GST,18,4987.79,11847.0,35,Managed IT Services & AMC,998316,8906545628417
In-House Cloud-Managed Remote Helpdesk Support - Quarterly SLA,SEC-00586,GST,18,3621.86,12044.0,50,Managed IT Services & AMC,998316,8903134026650
Supermicro Enterprise 2U Storage Server - High IOPS NVMe,SEC-00587,GST,18,183105.75,214849.0,17,Servers & Data Storage,8471,8902568621102
Lenovo Pro Server Rack Cabinet - 24U Standard,SEC-00588,GST,18,23610.93,28911.0,15,Servers & Data Storage,8471,8909067447163
Audit Pro Incident Response & Forensics - Retainer Setup,SEC-00589,GST,18,51952.33,112868.0,21,Cybersecurity Consulting & Audits,998313,8903637189239
HPE Cloud-Managed 1U Rack Server - Intel Xeon 16GB,SEC-00590,GST,18,118098.47,147453.0,6,Servers & Data Storage,8471,8906093106684
HPE Unified Network Attached Storage (NAS) - 8-Bay Rackmount,SEC-00591,GST,18,32111.72,37380.0,3,Servers & Data Storage,8471,8904145456350
Dell EMC Secure 1U Rack Server - Intel Xeon 16GB,SEC-00592,GST,18,139286.63,163078.0,21,Servers & Data Storage,8471,8901624755411
SonicWall Secure Network Load Balancer - Basic,SEC-00593,GST,18,57781.17,70580.0,25,Hardware Firewalls & Networking,8517,8909895343961
Sophos Premium Network Load Balancer - Basic,SEC-00594,GST,18,63643.53,78716.0,22,Hardware Firewalls & Networking,8517,8903371189547
QNAP Advanced 2U Storage Server - Basic Array,SEC-00595,GST,18,113631.76,134378.0,10,Servers & Data Storage,8471,8908557161768
Audit Enterprise Penetration Testing Service - Grey Box,SEC-00596,GST,18,47119.51,103352.0,7,Cybersecurity Consulting & Audits,998313,8909036788127
Advisory Cloud-Managed Incident Response & Forensics - Per Incident Block Hours,SEC-00597,GST,18,57320.7,132433.0,5,Cybersecurity Consulting & Audits,998313,8902939087884
SentinelOne Enterprise Enterprise Antivirus Suite - 5-User 1-Year,SEC-00598,GST,18,1743.61,2152.0,73,Endpoint Security & Software Licenses,8523,8908340242403
QNAP Secure 1U Rack Server - Intel Xeon 16GB,SEC-00599,GST,18,161290.5,200941.0,12,Servers & Data Storage,8471,8901842694500
Symantec Enterprise Data Loss Prevention (DLP) License - Per User,SEC-00600,GST,18,8358.84,10929.0,494,Endpoint Security & Software Licenses,8523,8909164983735
Symantec Advanced Email Security & Anti-Spam - Domain License,SEC-00601,GST,18,1140.45,1535.0,272,Endpoint Security & Software Licenses,8523,8905271727223
Advisory Enterprise Penetration Testing Service - Grey Box,SEC-00602,GST,18,32502.1,72947.0,16,Cybersecurity Consulting & Audits,998313,8906931216376
SonicWall Premium Network Load Balancer - Basic,SEC-00603,GST,18,68574.64,79319.0,2,Hardware Firewalls & Networking,8517,8901002314290
Juniper Secure Next-Generation Firewall (NGFW) - Enterprise Tier,SEC-00604,GST,18,413288.84,459885.0,6,Hardware Firewalls & Networking,8517,8907972457230
Consulting Premium ISO 27001 Compliance Audit - Readiness Assessment,SEC-00605,GST,18,84424.41,181869.0,23,Cybersecurity Consulting & Audits,998313,8901862030366
Lenovo Cloud-Managed Network Attached Storage (NAS) - 4-Bay Desktop,SEC-00606,GST,18,42619.96,51452.0,5,Servers & Data Storage,8471,8907213145195
Cisco Next-Generation Firewall (NGFW) - Entry Level,SEC-00607,GST,18,67680.48,78800.0,12,Hardware Firewalls & Networking,8517,8909262494514
Retained Standard Network Monitoring Service (NOC) - Monthly Advanced Proactive,SEC-00608,GST,18,2539.35,8361.0,14,Managed IT Services & AMC,998316,8902526771196
Symantec Advanced Endpoint Detection and Response (EDR) - 1-Year 10 Devices,SEC-00609,GST,18,3139.38,4009.0,213,Endpoint Security & Software Licenses,8523,8907676952366
Advisory Next-Gen Incident Response & Forensics - Per Incident Block Hours,SEC-00610,GST,18,54653.99,128173.0,10,Cybersecurity Consulting & Audits,998313,8909689313503
Cisco Advanced Network Load Balancer - Advanced Traffic Management,SEC-00611,GST,18,136395.53,151254.0,13,Hardware Firewalls & Networking,8517,8905247286333
SonicWall Advanced Managed Gigabit Switch - 24-Port PoE,SEC-00612,GST,18,31347.38,34606.0,15,Hardware Firewalls & Networking,8517,8905019179202
Symantec Standard Endpoint Detection and Response (EDR) - 1-Year 5 Devices,SEC-00613,GST,18,1593.46,2177.0,263,Endpoint Security & Software Licenses,8523,8902272847657
Cisco Premium Next-Generation Firewall (NGFW) - Entry Level,SEC-00614,GST,18,101059.19,111652.0,7,Hardware Firewalls & Networking,8517,8908206678498
Trend Micro Advanced Enterprise Antivirus Suite - 5-User 1-Year,SEC-00615,GST,18,1536.46,1872.0,243,Endpoint Security & Software Licenses,8523,8902369036289
Juniper Secure VPN Gateway Appliance - High Availability,SEC-00616,GST,18,82480.09,95740.0,14,Hardware Firewalls & Networking,8517,8902056341115
Advisory Enterprise Vulnerability Assessment (VAPT) - Web Application,SEC-00617,GST,18,26526.87,57290.0,18,Cybersecurity Consulting & Audits,998313,8909043830341
Consulting Unified Vulnerability Assessment (VAPT) - Mobile App,SEC-00618,GST,18,21637.46,53485.0,24,Cybersecurity Consulting & Audits,998313,8900546835652
Cisco Next-Gen VPN Gateway Appliance - Standard,SEC-00619,GST,18,91150.51,102319.0,20,Hardware Firewalls & Networking,8517,8906790422711
HPE Advanced 2U Storage Server - Large Capacity HDD,SEC-00620,GST,18,275838.28,324177.0,25,Servers & Data Storage,8471,8909857254596
SonicWall Pro VPN Gateway Appliance - Standard,SEC-00621,GST,18,92670.09,110373.0,6,Hardware Firewalls & Networking,8517,8909710248171
Managed Advanced Remote Helpdesk Support - Quarterly SLA,SEC-00622,GST,18,4367.2,12511.0,27,Managed IT Services & AMC,998316,8901127474721
Advisory Enterprise Vulnerability Assessment (VAPT) - Network Infrastructure,SEC-00623,GST,18,19793.33,65031.0,48,Cybersecurity Consulting & Audits,998313,8902758955168
Managed Premium Comprehensive IT AMC - Server & Network Included,SEC-00624,GST,18,39557.71,93642.0,40,Managed IT Services & AMC,998316,8900214629613
Managed Unified Comprehensive IT AMC - 11-50 PCs,SEC-00625,GST,18,29521.81,82740.0,34,Managed IT Services & AMC,998316,8901121663651
McAfee Pro Email Security & Anti-Spam - Domain License,SEC-00626,GST,18,1333.34,1727.0,192,Endpoint Security & Software Licenses,8523,8907082723590
Advisory Cloud-Managed Vulnerability Assessment (VAPT) - Network Infrastructure,SEC-00627,GST,18,36119.94,83803.0,18,Cybersecurity Consulting & Audits,998313,8900644212146
Cisco Next-Gen VPN Gateway Appliance - High Availability,SEC-00628,GST,18,62480.9,77099.0,7,Hardware Firewalls & Networking,8517,8900165423567
Retained Cloud-Managed Remote Helpdesk Support - Annual 24/7 SLA,SEC-00629,GST,18,4823.4,14660.0,29,Managed IT Services & AMC,998316,8900893199255
Sophos Unified VPN Gateway Appliance - Standard,SEC-00630,GST,18,93759.31,104733.0,23,Hardware Firewalls & Networking,8517,8906480727910
Supermicro Next-Gen 2U Storage Server - High IOPS NVMe,SEC-00631,GST,18,249380.43,296798.0,8,Servers & Data Storage,8471,8905339055044
Audit Cloud-Managed Phishing Simulation & Training - Annual Enterprise Program,SEC-00632,GST,18,24848.55,62825.0,39,Cybersecurity Consulting & Audits,998313,8906851276528
Audit Cloud-Managed Incident Response & Forensics - Per Incident Block Hours,SEC-00633,GST,18,37834.24,113102.0,48,Cybersecurity Consulting & Audits,998313,8906491111096
Palo Alto Unified Network Load Balancer - Basic,SEC-00634,GST,18,62021.63,75721.0,23,Hardware Firewalls & Networking,8517,8904633786137
Cisco Cloud-Managed VPN Gateway Appliance - High Availability,SEC-00635,GST,18,59092.89,68323.0,9,Hardware Firewalls & Networking,8517,8908444463060
Fortinet Next-Gen Managed Gigabit Switch - 48-Port PoE,SEC-00636,GST,18,88972.88,105877.0,12,Hardware Firewalls & Networking,8517,8902963863960
Advisory Cloud-Managed Penetration Testing Service - Grey Box,SEC-00637,GST,18,51305.95,115981.0,25,Cybersecurity Consulting & Audits,998313,8908263128196
SentinelOne Secure Email Security & Anti-Spam - Per Mailbox / Year,SEC-00638,GST,18,1110.24,1353.0,273,Endpoint Security & Software Licenses,8523,8900920981960
Synology Pro Network Attached Storage (NAS) - 4-Bay Desktop,SEC-00639,GST,18,44722.18,50682.0,8,Servers & Data Storage,8471,8908364041209
Fortinet Standard VPN Gateway Appliance - Standard,SEC-00640,GST,18,64976.79,74028.0,7,Hardware Firewalls & Networking,8517,8901175361706
Palo Alto Cloud-Managed Next-Generation Firewall (NGFW) - Entry Level,SEC-00641,GST,18,77491.78,88886.0,16,Hardware Firewalls & Networking,8517,8902240299015
Bitdefender Advanced Email Security & Anti-Spam - Per Mailbox / Year,SEC-00642,GST,18,1271.88,1591.0,112,Endpoint Security & Software Licenses,8523,8903908088235
Sophos Advanced Next-Generation Firewall (NGFW) - Mid-Range,SEC-00643,GST,18,112873.25,136482.0,6,Hardware Firewalls & Networking,8517,8904473158477
Retained Enterprise Cloud Infrastructure Management - Monthly AWS/Azure,SEC-00644,GST,18,2925.18,8865.0,50,Managed IT Services & AMC,998316,8904619942376
Managed Secure On-Site Support Engineer - Full-time Dedicated/Month,SEC-00645,GST,18,17181.71,50015.0,32,Managed IT Services & AMC,998316,8903955172084
Advisory Cloud-Managed ISO 27001 Compliance Audit - Full Implementation Support,SEC-00646,GST,18,134640.24,305614.0,25,Cybersecurity Consulting & Audits,998313,8906253135525
Fortinet Premium Wireless Access Point (WAP) - High-Density,SEC-00647,GST,18,18418.54,20851.0,20,Hardware Firewalls & Networking,8517,8905381649383
Ubiquiti Wireless Access Point (WAP) - High-Density,SEC-00648,GST,18,18766.47,22916.0,23,Hardware Firewalls & Networking,8517,8901966553307
In-House Standard Network Monitoring Service (NOC) - Monthly Advanced Proactive,SEC-00649,GST,18,2673.8,6034.0,25,Managed IT Services & AMC,998316,8909639040907
Symantec Next-Gen Mobile Device Management (MDM) - Monthly per Device,SEC-00650,GST,18,250.04,302.0,380,Endpoint Security & Software Licenses,8523,8900171644556
Ubiquiti Wireless Access Point (WAP) - WiFi 6 Outdoor,SEC-00651,GST,18,12949.36,14824.0,16,Hardware Firewalls & Networking,8517,8907159103002
Cisco Advanced VPN Gateway Appliance - Standard,SEC-00652,GST,18,59357.97,71741.0,13,Hardware Firewalls & Networking,8517,8908004010414
Trend Micro Enterprise Email Security & Anti-Spam - Domain License,SEC-00653,GST,18,1244.79,1724.0,348,Endpoint Security & Software Licenses,8523,8907125296718
Audit Unified Incident Response & Forensics - Per Incident Block Hours,SEC-00654,GST,18,62259.07,154581.0,35,Cybersecurity Consulting & Audits,998313,8903144158331
Palo Alto Premium Next-Generation Firewall (NGFW) - Entry Level,SEC-00655,GST,18,87309.89,102172.0,14,Hardware Firewalls & Networking,8517,8903715398854
Retained Standard Remote Helpdesk Support - Annual 24/7 SLA,SEC-00656,GST,18,8099.04,18856.0,28,Managed IT Services & AMC,998316,8906798363146
Supermicro Standard Network Attached Storage (NAS) - 12-Bay Enterprise,SEC-00657,GST,18,79813.75,98285.0,25,Servers & Data Storage,8471,8901307240787
McAfee Standard Endpoint Detection and Response (EDR) - 1-Year 50 Devices,SEC-00658,GST,18,8848.91,10994.0,253,Endpoint Security & Software Licenses,8523,8908685074510
Retained Enterprise Cloud Infrastructure Management - Monthly AWS/Azure,SEC-00659,GST,18,3950.17,8947.0,22,Managed IT Services & AMC,998316,8908978610313
Fortinet Enterprise Next-Generation Firewall (NGFW) - Enterprise Tier,SEC-00660,GST,18,292221.75,344769.0,10,Hardware Firewalls & Networking,8517,8903966613473
HPE Enterprise Network Attached Storage (NAS) - 12-Bay Enterprise,SEC-00661,GST,18,113457.28,129704.0,2,Servers & Data Storage,8471,8901289743251
HPE Advanced Network Attached Storage (NAS) - 8-Bay Rackmount,SEC-00662,GST,18,48045.48,57650.0,15,Servers & Data Storage,8471,8905024120957
Audit Unified Phishing Simulation & Training - Quarterly Campaign,SEC-00663,GST,18,6618.47,21367.0,41,Cybersecurity Consulting & Audits,998313,8904388221145
Managed Unified Network Monitoring Service (NOC) - Monthly Advanced Proactive,SEC-00664,GST,18,2413.21,6487.0,27,Managed IT Services & AMC,998316,8904589714802
In-House Unified Remote Helpdesk Support - Quarterly SLA,SEC-00665,GST,18,4267.41,12232.0,49,Managed IT Services & AMC,998316,8906531361487
Audit Secure ISO 27001 Compliance Audit - Full Implementation Support,SEC-00666,GST,18,142165.01,373317.0,22,Cybersecurity Consulting & Audits,998313,8904309859167
Advisory Premium ISO 27001 Compliance Audit - Readiness Assessment,SEC-00667,GST,18,51983.13,157420.0,34,Cybersecurity Consulting & Audits,998313,8902849824741
CrowdStrike Pro Mobile Device Management (MDM) - Monthly per Device,SEC-00668,GST,18,171.39,226.0,77,Endpoint Security & Software Licenses,8523,8907406500425
SentinelOne Standard Email Security & Anti-Spam - Per Mailbox / Year,SEC-00669,GST,18,1412.26,1735.0,425,Endpoint Security & Software Licenses,8523,8903691430753
Managed Enterprise Cloud Infrastructure Management - Monthly AWS/Azure,SEC-00670,GST,18,4351.84,12601.0,16,Managed IT Services & AMC,998316,8909659234268
Lenovo Enterprise Network Attached Storage (NAS) - 4-Bay Desktop,SEC-00671,GST,18,40820.67,48750.0,19,Servers & Data Storage,8471,8902661287585
Managed Cloud-Managed Cloud Infrastructure Management - Quarterly Audit & Fix,SEC-00672,GST,18,23788.17,64036.0,40,Managed IT Services & AMC,998316,8900612943985
QNAP Enterprise Server Rack Cabinet - Co-location Rack,SEC-00673,GST,18,23588.03,28937.0,6,Servers & Data Storage,8471,8906078701041
Kaspersky Endpoint Detection and Response (EDR) - 1-Year 10 Devices,SEC-00674,GST,18,3698.29,4683.0,81,Endpoint Security & Software Licenses,8523,8901980382872
Supermicro Enterprise 2U Storage Server - High IOPS NVMe,SEC-00675,GST,18,233694.28,289893.0,17,Servers & Data Storage,8471,8909311029181
HPE Premium 1U Rack Server - Dual CPU 64GB,SEC-00676,GST,18,187682.31,218945.0,3,Servers & Data Storage,8471,8901467238497
Audit Premium Phishing Simulation & Training - Quarterly Campaign,SEC-00677,GST,18,6911.77,22310.0,47,Cybersecurity Consulting & Audits,998313,8903288377441
Advisory Cloud-Managed ISO 27001 Compliance Audit - Full Implementation Support,SEC-00678,GST,18,116364.46,372341.0,34,Cybersecurity Consulting & Audits,998313,8906620471960
Advisory Vulnerability Assessment (VAPT) - Mobile App,SEC-00679,GST,18,19762.88,66446.0,27,Cybersecurity Consulting & Audits,998313,8902774025883
Trend Micro Next-Gen Email Security & Anti-Spam - Domain License,SEC-00680,GST,18,936.76,1247.0,230,Endpoint Security & Software Licenses,8523,8909572446176
Retained Next-Gen Remote Helpdesk Support - Annual 24/7 SLA,SEC-00681,GST,18,6389.54,17815.0,13,Managed IT Services & AMC,998316,8905995996100
HPE Standard 1U Rack Server - Enterprise 128GB,SEC-00682,GST,18,393022.42,472373.0,12,Servers & Data Storage,8471,8903312661094
Fortinet Secure Next-Generation Firewall (NGFW) - Mid-Range,SEC-00683,GST,18,134972.47,165490.0,7,Hardware Firewalls & Networking,8517,8905176298334
Managed Pro Network Monitoring Service (NOC) - Monthly Basic,SEC-00684,GST,18,9276.55,24593.0,38,Managed IT Services & AMC,998316,8903190130205
Retained Secure On-Site Support Engineer - Part-time/Month,SEC-00685,GST,18,7787.49,24102.0,46,Managed IT Services & AMC,998316,8908733978559
Audit Cloud-Managed Vulnerability Assessment (VAPT) - Network Infrastructure,SEC-00686,GST,18,21844.99,72328.0,41,Cybersecurity Consulting & Audits,998313,8901284117309
Advisory Enterprise Vulnerability Assessment (VAPT) - Web Application,SEC-00687,GST,18,34485.27,81974.0,50,Cybersecurity Consulting & Audits,998313,8905124189389
Advisory Next-Gen Phishing Simulation & Training - Quarterly Campaign,SEC-00688,GST,18,13257.09,28719.0,35,Cybersecurity Consulting & Audits,998313,8904005643502
QNAP Premium Network Attached Storage (NAS) - 12-Bay Enterprise,SEC-00689,GST,18,92942.28,103253.0,20,Servers & Data Storage,8471,8909051699187
Lenovo Premium 1U Rack Server - Intel Xeon 16GB,SEC-00690,GST,18,166428.12,188694.0,13,Servers & Data Storage,8471,8906743000389
Retained Unified Comprehensive IT AMC - Server & Network Included,SEC-00691,GST,18,20989.53,66086.0,49,Managed IT Services & AMC,998316,8902668217195
Symantec Premium Data Loss Prevention (DLP) License - Per 10 Users,SEC-00692,GST,18,6411.7,7812.0,55,Endpoint Security & Software Licenses,8523,8903689003010
Synology Premium 2U Storage Server - High IOPS NVMe,SEC-00693,GST,18,201002.65,239266.0,9,Servers & Data Storage,8471,8904296711148
Synology Unified Network Attached Storage (NAS) - 4-Bay Desktop,SEC-00694,GST,18,41931.53,52046.0,19,Servers & Data Storage,8471,8904384588105
Retained Enterprise On-Site Support Engineer - Full-time Dedicated/Month,SEC-00695,GST,18,11212.64,37765.0,38,Managed IT Services & AMC,998316,8903483152037
In-House Premium Comprehensive IT AMC - 11-50 PCs,SEC-00696,GST,18,25955.12,74812.0,24,Managed IT Services & AMC,998316,8901049670667
Sophos Advanced Managed Gigabit Switch - 48-Port PoE,SEC-00697,GST,18,83798.79,98872.0,23,Hardware Firewalls & Networking,8517,8904085095493
Cisco Cloud-Managed Network Load Balancer - Advanced Traffic Management,SEC-00698,GST,18,115354.42,142957.0,3,Hardware Firewalls & Networking,8517,8901864876998
Symantec Pro Mobile Device Management (MDM) - Annual per Device,SEC-00699,GST,18,863.65,1039.0,459,Endpoint Security & Software Licenses,8523,8904138459609
McAfee Enterprise Data Loss Prevention (DLP) License - Enterprise Site License,SEC-00700,GST,18,18584.46,25313.0,361,Endpoint Security & Software Licenses,8523,8900149542770
In-House Secure Cloud Infrastructure Management - Monthly AWS/Azure,SEC-00701,GST,18,3184.15,10401.0,18,Managed IT Services & AMC,998316,8906091498517
Lenovo Unified Network Attached Storage (NAS) - 8-Bay Rackmount,SEC-00702,GST,18,32533.57,38863.0,6,Servers & Data Storage,8471,8909031028795
Ubiquiti Enterprise Managed Gigabit Switch - 24-Port PoE,SEC-00703,GST,18,40880.15,45067.0,13,Hardware Firewalls & Networking,8517,8908093511871
Audit Secure Penetration Testing Service - Black Box,SEC-00704,GST,18,30109.38,97666.0,48,Cybersecurity Consulting & Audits,998313,8906164205955
Retained Enterprise Network Monitoring Service (NOC) - Monthly Advanced Proactive,SEC-00705,GST,18,3471.15,7777.0,7,Managed IT Services & AMC,998316,8904290193588
Consulting Cloud-Managed ISO 27001 Compliance Audit - Readiness Assessment,SEC-00706,GST,18,88977.04,182305.0,14,Cybersecurity Consulting & Audits,998313,8906113989868
Juniper Network Load Balancer - Basic,SEC-00707,GST,18,63295.22,74604.0,16,Hardware Firewalls & Networking,8517,8905439435353
Managed Pro Comprehensive IT AMC - Server & Network Included,SEC-00708,GST,18,23803.89,81800.0,31,Managed IT Services & AMC,998316,8905158815793
Managed Advanced Remote Helpdesk Support - Annual 24/7 SLA,SEC-00709,GST,18,8001.55,18943.0,31,Managed IT Services & AMC,998316,8909294455116
Retained Unified Remote Helpdesk Support - Annual 24/7 SLA,SEC-00710,GST,18,5300.78,16745.0,16,Managed IT Services & AMC,998316,8907021648712
Juniper Advanced VPN Gateway Appliance - Standard,SEC-00711,GST,18,98291.15,110072.0,18,Hardware Firewalls & Networking,8517,8906652683415
Kaspersky Premium Email Security & Anti-Spam - Per Mailbox / Year,SEC-00712,GST,18,906.7,1255.0,279,Endpoint Security & Software Licenses,8523,8906764722981
Dell EMC Secure Server Rack Cabinet - Co-location Rack,SEC-00713,GST,18,34068.5,39793.0,12,Servers & Data Storage,8471,8907289413475
Ubiquiti Enterprise Network Load Balancer - Advanced Traffic Management,SEC-00714,GST,18,100513.45,115368.0,7,Hardware Firewalls & Networking,8517,8902036849951
McAfee Enterprise Enterprise Antivirus Suite - 1-User 1-Year,SEC-00715,GST,18,1455.21,1874.0,136,Endpoint Security & Software Licenses,8523,8904491342138
Audit Premium Vulnerability Assessment (VAPT) - Mobile App,SEC-00716,GST,18,29609.45,83195.0,17,Cybersecurity Consulting & Audits,998313,8900705349678
Synology Standard Network Attached Storage (NAS) - 4-Bay Desktop,SEC-00717,GST,18,39489.55,45999.0,10,Servers & Data Storage,8471,8901241513152
Advisory Next-Gen ISO 27001 Compliance Audit - Full Implementation Support,SEC-00718,GST,18,201794.51,426015.0,49,Cybersecurity Consulting & Audits,998313,8905061853800
HPE Pro Server Rack Cabinet - 42U Heavy Duty,SEC-00719,GST,18,34904.59,39784.0,6,Servers & Data Storage,8471,8907274231830
In-House Advanced Cloud Infrastructure Management - Monthly AWS/Azure,SEC-00720,GST,18,2702.53,8194.0,44,Managed IT Services & AMC,998316,8906935782434
Managed Next-Gen Cloud Infrastructure Management - Quarterly Audit & Fix,SEC-00721,GST,18,24255.88,52024.0,12,Managed IT Services & AMC,998316,8904675361275
Cisco Unified VPN Gateway Appliance - Standard,SEC-00722,GST,18,84340.34,103705.0,21,Hardware Firewalls & Networking,8517,8906304483608
McAfee Cloud-Managed Data Loss Prevention (DLP) License - Per 10 Users,SEC-00723,GST,18,7967.07,10238.0,183,Endpoint Security & Software Licenses,8523,8900473504763
Audit Standard Incident Response & Forensics - Retainer Setup,SEC-00724,GST,18,52354.56,152873.0,26,Cybersecurity Consulting & Audits,998313,8902980061558
SonicWall Pro Next-Generation Firewall (NGFW) - Enterprise Tier,SEC-00725,GST,18,325636.47,367893.0,7,Hardware Firewalls & Networking,8517,8908634255638
Dell EMC Next-Gen 1U Rack Server - Intel Xeon 16GB,SEC-00726,GST,18,132127.48,153227.0,17,Servers & Data Storage,8471,8900244033041
Retained Enterprise Cloud Infrastructure Management - Monthly AWS/Azure,SEC-00727,GST,18,5820.91,12310.0,37,Managed IT Services & AMC,998316,8906008921963
Advisory Next-Gen ISO 27001 Compliance Audit - Full Implementation Support,SEC-00728,GST,18,179111.96,439403.0,34,Cybersecurity Consulting & Audits,998313,8903149764613
Retained Enterprise Network Monitoring Service (NOC) - Monthly Advanced Proactive,SEC-00729,GST,18,3134.86,8777.0,20,Managed IT Services & AMC,998316,8906076581739
Palo Alto Secure Managed Gigabit Switch - 48-Port PoE,SEC-00730,GST,18,81390.81,90860.0,11,Hardware Firewalls & Networking,8517,8905211823793
Sophos Next-Gen VPN Gateway Appliance - High Availability,SEC-00731,GST,18,83315.9,98729.0,9,Hardware Firewalls & Networking,8517,8900746452059
Advisory Pro Vulnerability Assessment (VAPT) - Network Infrastructure,SEC-00732,GST,18,23978.06,76539.0,39,Cybersecurity Consulting & Audits,998313,8907535778811
Retained Advanced Comprehensive IT AMC - 11-50 PCs,SEC-00733,GST,18,42028.15,94275.0,12,Managed IT Services & AMC,998316,8902371067287
Supermicro Cloud-Managed Server Rack Cabinet - 42U Heavy Duty,SEC-00734,GST,18,25197.79,28162.0,11,Servers & Data Storage,8471,8904859592248
QNAP Network Attached Storage (NAS) - 12-Bay Enterprise,SEC-00735,GST,18,89044.94,104132.0,12,Servers & Data Storage,8471,8902287056227
Fortinet Pro Wireless Access Point (WAP) - High-Density,SEC-00736,GST,18,14534.9,16193.0,16,Hardware Firewalls & Networking,8517,8905109792158
Lenovo Enterprise 1U Rack Server - Intel Xeon 16GB,SEC-00737,GST,18,137117.61,169577.0,15,Servers & Data Storage,8471,8909459648831
Audit Pro Vulnerability Assessment (VAPT) - Mobile App,SEC-00738,GST,18,25517.81,61100.0,11,Cybersecurity Consulting & Audits,998313,8902896599949
In-House Pro Remote Helpdesk Support - Monthly Retainer,SEC-00739,GST,18,1817.49,3884.0,44,Managed IT Services & AMC,998316,8902227051028
Managed Enterprise Cloud Infrastructure Management - Quarterly Audit & Fix,SEC-00740,GST,18,24131.59,52509.0,40,Managed IT Services & AMC,998316,8906667548581
Audit Enterprise Penetration Testing Service - Grey Box,SEC-00741,GST,18,31907.03,104011.0,40,Cybersecurity Consulting & Audits,998313,8907741865205
Retained Pro Network Monitoring Service (NOC) - Monthly Advanced Proactive,SEC-00742,GST,18,2340.97,7759.0,17,Managed IT Services & AMC,998316,8906520375830
Advisory Secure ISO 27001 Compliance Audit - Readiness Assessment,SEC-00743,GST,18,68508.71,188686.0,5,Cybersecurity Consulting & Audits,998313,8909404760440
Audit Unified Phishing Simulation & Training - Annual Enterprise Program,SEC-00744,GST,18,17738.14,55430.0,46,Cybersecurity Consulting & Audits,998313,8908105092221
In-House Premium Comprehensive IT AMC - 11-50 PCs,SEC-00745,GST,18,23295.66,76569.0,22,Managed IT Services & AMC,998316,8903905529580
Managed Pro Comprehensive IT AMC - 1-10 PCs,SEC-00746,GST,18,35244.12,97002.0,22,Managed IT Services & AMC,998316,8901270493862
Cisco Secure Wireless Access Point (WAP) - High-Density,SEC-00747,GST,18,13213.52,15459.0,24,Hardware Firewalls & Networking,8517,8901971112125
Consulting Premium Vulnerability Assessment (VAPT) - Web Application,SEC-00748,GST,18,23058.06,59070.0,10,Cybersecurity Consulting & Audits,998313,8903432406424
QNAP Pro Network Attached Storage (NAS) - 8-Bay Rackmount,SEC-00749,GST,18,48026.16,54794.0,8,Servers & Data Storage,8471,8902447417595
SentinelOne Advanced Email Security & Anti-Spam - Domain License,SEC-00750,GST,18,898.35,1228.0,247,Endpoint Security & Software Licenses,8523,8902893654358
Consulting Next-Gen ISO 27001 Compliance Audit - Readiness Assessment,SEC-00751,GST,18,74563.08,178006.0,34,Cybersecurity Consulting & Audits,998313,8904018272795
Kaspersky Secure Mobile Device Management (MDM) - Monthly per Device,SEC-00752,GST,18,208.16,276.0,495,Endpoint Security & Software Licenses,8523,8900267551254
Synology Premium Server Rack Cabinet - 24U Standard,SEC-00753,GST,18,29923.06,35683.0,20,Servers & Data Storage,8471,8909667345957
Managed Next-Gen Comprehensive IT AMC - 1-10 PCs,SEC-00754,GST,18,25887.88,68314.0,22,Managed IT Services & AMC,998316,8909690282498
QNAP Secure 2U Storage Server - Basic Array,SEC-00755,GST,18,161671.19,179143.0,4,Servers & Data Storage,8471,8904257627023
Lenovo Advanced Network Attached Storage (NAS) - 4-Bay Desktop,SEC-00756,GST,18,36544.95,41314.0,4,Servers & Data Storage,8471,8903285072517
Consulting Unified Phishing Simulation & Training - Quarterly Campaign,SEC-00757,GST,18,8732.62,28355.0,50,Cybersecurity Consulting & Audits,998313,8903162526546
Advisory Secure Incident Response & Forensics - Retainer Setup,SEC-00758,GST,18,40280.73,125299.0,42,Cybersecurity Consulting & Audits,998313,8900392355580
Consulting Pro Phishing Simulation & Training - Quarterly Campaign,SEC-00759,GST,18,9520.78,21726.0,18,Cybersecurity Consulting & Audits,998313,8904615626244
Retained Enterprise Cloud Infrastructure Management - Monthly AWS/Azure,SEC-00760,GST,18,4859.44,12793.0,15,Managed IT Services & AMC,998316,8906817151602
Symantec Unified Email Security & Anti-Spam - Domain License,SEC-00761,GST,18,908.5,1209.0,393,Endpoint Security & Software Licenses,8523,8906604641978
SentinelOne Next-Gen Mobile Device Management (MDM) - Annual per Device,SEC-00762,GST,18,1262.34,1543.0,141,Endpoint Security & Software Licenses,8523,8906861205943
Consulting Premium Phishing Simulation & Training - Annual Enterprise Program,SEC-00763,GST,18,31325.88,64524.0,36,Cybersecurity Consulting & Audits,998313,8907509546540
Advisory Secure Penetration Testing Service - White Box,SEC-00764,GST,18,33993.53,90768.0,24,Cybersecurity Consulting & Audits,998313,8900915086321
Audit Advanced Penetration Testing Service - Grey Box,SEC-00765,GST,18,37965.34,100481.0,22,Cybersecurity Consulting & Audits,998313,8905793897015
CrowdStrike Standard Enterprise Antivirus Suite - Server Edition,SEC-00766,GST,18,1419.72,1982.0,90,Endpoint Security & Software Licenses,8523,8905466024161
QNAP Network Attached Storage (NAS) - 8-Bay Rackmount,SEC-00767,GST,18,38730.22,47566.0,9,Servers & Data Storage,8471,8900597364248
Ubiquiti Enterprise VPN Gateway Appliance - Standard,SEC-00768,GST,18,68547.54,79589.0,2,Hardware Firewalls & Networking,8517,8906244795133
SonicWall Standard Wireless Access Point (WAP) - WiFi 6 Indoor,SEC-00769,GST,18,16458.48,19902.0,21,Hardware Firewalls & Networking,8517,8907969586780
McAfee Unified Data Loss Prevention (DLP) License - Per 10 Users,SEC-00770,GST,18,5430.85,7445.0,305,Endpoint Security & Software Licenses,8523,8903826460917
Advisory Next-Gen Vulnerability Assessment (VAPT) - Web Application,SEC-00771,GST,18,26253.47,63999.0,25,Cybersecurity Consulting & Audits,998313,8907702992959
Managed Next-Gen Comprehensive IT AMC - 11-50 PCs,SEC-00772,GST,18,26908.15,93762.0,29,Managed IT Services & AMC,998316,8908269116331
Advisory Cloud-Managed Penetration Testing Service - Black Box,SEC-00773,GST,18,38271.99,96753.0,18,Cybersecurity Consulting & Audits,998313,8906945515888
In-House Unified Cloud Infrastructure Management - Quarterly Audit & Fix,SEC-00774,GST,18,13923.66,47157.0,15,Managed IT Services & AMC,998316,8902640857216
Consulting Cloud-Managed Phishing Simulation & Training - Annual Enterprise Program,SEC-00775,GST,18,27355.18,55902.0,19,Cybersecurity Consulting & Audits,998313,8902998199605
Audit Unified Penetration Testing Service - Grey Box,SEC-00776,GST,18,29989.18,102796.0,6,Cybersecurity Consulting & Audits,998313,8909688327532
Retained Advanced Remote Helpdesk Support - Quarterly SLA,SEC-00777,GST,18,4248.48,14197.0,18,Managed IT Services & AMC,998316,8909773973278
Juniper Advanced Network Load Balancer - Advanced Traffic Management,SEC-00778,GST,18,91609.17,110692.0,4,Hardware Firewalls & Networking,8517,8900068761648
SonicWall Unified Network Load Balancer - Basic,SEC-00779,GST,18,61964.35,74909.0,11,Hardware Firewalls & Networking,8517,8906056876112
SentinelOne Advanced Email Security & Anti-Spam - Per Mailbox / Year,SEC-00780,GST,18,1107.93,1475.0,122,Endpoint Security & Software Licenses,8523,8903734151773
McAfee Unified Data Loss Prevention (DLP) License - Enterprise Site License,SEC-00781,GST,18,15900.62,20513.0,182,Endpoint Security & Software Licenses,8523,8909490228403
Kaspersky Enterprise Data Loss Prevention (DLP) License - Enterprise Site License,SEC-00782,GST,18,15082.26,20258.0,340,Endpoint Security & Software Licenses,8523,8904774222946
Trend Micro Pro Enterprise Antivirus Suite - 1-User 1-Year,SEC-00783,GST,18,1775.27,2183.0,56,Endpoint Security & Software Licenses,8523,8904588679252
Consulting Cloud-Managed ISO 27001 Compliance Audit - Full Implementation Support,SEC-00784,GST,18,169459.77,462264.0,15,Cybersecurity Consulting & Audits,998313,8908727601534
HPE 2U Storage Server - High IOPS NVMe,SEC-00785,GST,18,243970.91,297252.0,22,Servers & Data Storage,8471,8903577908335
Palo Alto Next-Gen Next-Generation Firewall (NGFW) - Mid-Range,SEC-00786,GST,18,105698.03,125040.0,19,Hardware Firewalls & Networking,8517,8908107983342
HPE Premium SAN Storage Array - Entry Level,SEC-00787,GST,18,339432.45,386907.0,10,Servers & Data Storage,8471,8901312840333
Consulting Standard Phishing Simulation & Training - Annual Enterprise Program,SEC-00788,GST,18,21051.86,66779.0,25,Cybersecurity Consulting & Audits,998313,8901371717318
Audit Enterprise Incident Response & Forensics - Per Incident Block Hours,SEC-00789,GST,18,45311.34,130160.0,12,Cybersecurity Consulting & Audits,998313,8907399704694
Retained Next-Gen Remote Helpdesk Support - Quarterly SLA,SEC-00790,GST,18,6441.62,15625.0,46,Managed IT Services & AMC,998316,8904483548847
Juniper Premium Managed Gigabit Switch - 48-Port PoE,SEC-00791,GST,18,67379.36,83965.0,17,Hardware Firewalls & Networking,8517,8907221641758
HPE Pro 1U Rack Server - Intel Xeon 16GB,SEC-00792,GST,18,149805.26,171648.0,18,Servers & Data Storage,8471,8907149392523
In-House Advanced Remote Helpdesk Support - Annual 24/7 SLA,SEC-00793,GST,18,5205.25,14443.0,35,Managed IT Services & AMC,998316,8909643474524
Trend Micro Secure Data Loss Prevention (DLP) License - Enterprise Site License,SEC-00794,GST,18,16947.07,21778.0,251,Endpoint Security & Software Licenses,8523,8906060652740
HPE Secure Network Attached Storage (NAS) - 8-Bay Rackmount,SEC-00795,GST,18,31382.38,36533.0,14,Servers & Data Storage,8471,8905883398741
Sophos Unified Managed Gigabit Switch - 48-Port PoE,SEC-00796,GST,18,93520.2,111190.0,3,Hardware Firewalls & Networking,8517,8906734996010
McAfee Unified Email Security & Anti-Spam - Domain License,SEC-00797,GST,18,1548.84,1893.0,118,Endpoint Security & Software Licenses,8523,8901562294938
Palo Alto Managed Gigabit Switch - 48-Port PoE,SEC-00798,GST,18,78319.34,93913.0,19,Hardware Firewalls & Networking,8517,8908402155732
Bitdefender Secure Enterprise Antivirus Suite - 5-User 1-Year,SEC-00799,GST,18,1447.36,1933.0,410,Endpoint Security & Software Licenses,8523,8904490216667
Juniper Next-Gen Network Load Balancer - Basic,SEC-00800,GST,18,59960.81,71045.0,3,Hardware Firewalls & Networking,8517,8908587495119
Ubiquiti Advanced Next-Generation Firewall (NGFW) - Enterprise Tier,SEC-00801,GST,18,366549.47,449736.0,4,Hardware Firewalls & Networking,8517,8909793164772
CrowdStrike Enterprise Antivirus Suite - Server Edition,SEC-00802,GST,18,1485.97,1940.0,404,Endpoint Security & Software Licenses,8523,8906069409600
Lenovo Enterprise SAN Storage Array - Entry Level,SEC-00803,GST,18,310136.82,368336.0,12,Servers & Data Storage,8471,8908739592323
Symantec Next-Gen Endpoint Detection and Response (EDR) - 1-Year 5 Devices,SEC-00804,GST,18,2171.75,2973.0,449,Endpoint Security & Software Licenses,8523,8902851553334
Synology Pro Network Attached Storage (NAS) - 4-Bay Desktop,SEC-00805,GST,18,48345.5,53378.0,16,Servers & Data Storage,8471,8901607360776
HPE Standard SAN Storage Array - Hybrid Array,SEC-00806,GST,18,375766.97,423213.0,20,Servers & Data Storage,8471,8908123179556
HPE Secure 1U Rack Server - Enterprise 128GB,SEC-00807,GST,18,397467.41,467545.0,16,Servers & Data Storage,8471,8900066615541
Retained Standard Network Monitoring Service (NOC) - Monthly Basic,SEC-00808,GST,18,7349.34,23630.0,35,Managed IT Services & AMC,998316,8900450232902
Audit Unified Penetration Testing Service - Grey Box,SEC-00809,GST,18,50819.59,106303.0,18,Cybersecurity Consulting & Audits,998313,8904596262282
Lenovo Premium 1U Rack Server - Intel Xeon 16GB,SEC-00810,GST,18,164742.47,188780.0,22,Servers & Data Storage,8471,8905495005070
Synology Cloud-Managed 1U Rack Server - Enterprise 128GB,SEC-00811,GST,18,439897.8,531563.0,7,Servers & Data Storage,8471,8902105316117
Managed Advanced On-Site Support Engineer - Full-time Dedicated/Month,SEC-00812,GST,18,17199.33,55281.0,5,Managed IT Services & AMC,998316,8904774258591
Managed Advanced On-Site Support Engineer - Part-time/Month,SEC-00813,GST,18,11190.99,24561.0,14,Managed IT Services & AMC,998316,8903116491334
Supermicro Unified Network Attached Storage (NAS) - 8-Bay Rackmount,SEC-00814,GST,18,43326.43,51038.0,20,Servers & Data Storage,8471,8904256529060
HPE Premium 1U Rack Server - Intel Xeon 16GB,SEC-00815,GST,18,192998.98,219184.0,14,Servers & Data Storage,8471,8905097753967
Synology Next-Gen Server Rack Cabinet - 42U Heavy Duty,SEC-00816,GST,18,29460.02,35698.0,22,Servers & Data Storage,8471,8908552457871
SentinelOne Standard Email Security & Anti-Spam - Domain License,SEC-00817,GST,18,1389.56,1786.0,63,Endpoint Security & Software Licenses,8523,8908213711842
McAfee Next-Gen Mobile Device Management (MDM) - Annual per Device,SEC-00818,GST,18,1274.87,1551.0,493,Endpoint Security & Software Licenses,8523,8908268323035
Consulting Next-Gen Penetration Testing Service - Grey Box,SEC-00819,GST,18,29879.8,95627.0,28,Cybersecurity Consulting & Audits,998313,8908382521293
QNAP Pro Server Rack Cabinet - 42U Heavy Duty,SEC-00820,GST,18,26427.44,32872.0,14,Servers & Data Storage,8471,8904686775240
Cisco Pro Network Load Balancer - Advanced Traffic Management,SEC-00821,GST,18,127002.61,151383.0,4,Hardware Firewalls & Networking,8517,8900622723626
Retained Secure Remote Helpdesk Support - Monthly Retainer,SEC-00822,GST,18,727.42,2506.0,22,Managed IT Services & AMC,998316,8902619237245
SonicWall Enterprise Next-Generation Firewall (NGFW) - Enterprise Tier,SEC-00823,GST,18,327612.93,398295.0,21,Hardware Firewalls & Networking,8517,8907374189721
McAfee Enterprise Endpoint Detection and Response (EDR) - 1-Year 10 Devices,SEC-00824,GST,18,2979.96,3854.0,349,Endpoint Security & Software Licenses,8523,8902743811995
Supermicro Cloud-Managed SAN Storage Array - Hybrid Array,SEC-00825,GST,18,422693.99,505419.0,10,Servers & Data Storage,8471,8904485645101
In-House Pro On-Site Support Engineer - Full-time Dedicated/Month,SEC-00826,GST,18,16441.53,49299.0,11,Managed IT Services & AMC,998316,8907899698609
Ubiquiti Standard Next-Generation Firewall (NGFW) - Enterprise Tier,SEC-00827,GST,18,265128.26,322026.0,13,Hardware Firewalls & Networking,8517,8909966057798
Palo Alto Pro VPN Gateway Appliance - Standard,SEC-00828,GST,18,83447.98,92095.0,12,Hardware Firewalls & Networking,8517,8901460745553
Bitdefender Unified Endpoint Detection and Response (EDR) - 1-Year 10 Devices,SEC-00829,GST,18,3898.38,5173.0,443,Endpoint Security & Software Licenses,8523,8902388565271
McAfee Secure Email Security & Anti-Spam - Per Mailbox / Year,SEC-00830,GST,18,1493.12,1822.0,419,Endpoint Security & Software Licenses,8523,8901659726347
McAfee Advanced Mobile Device Management (MDM) - Annual per Device,SEC-00831,GST,18,1214.66,1536.0,107,Endpoint Security & Software Licenses,8523,8903948848826
Consulting Standard Vulnerability Assessment (VAPT) - Web Application,SEC-00832,GST,18,18965.78,54943.0,47,Cybersecurity Consulting & Audits,998313,8906425856261
Kaspersky Secure Email Security & Anti-Spam - Per Mailbox / Year,SEC-00833,GST,18,1513.38,1950.0,70,Endpoint Security & Software Licenses,8523,8903824073333
Retained Premium Remote Helpdesk Support - Monthly Retainer,SEC-00834,GST,18,825.38,2845.0,44,Managed IT Services & AMC,998316,8907768893628
Advisory Enterprise Incident Response & Forensics - Per Incident Block Hours,SEC-00835,GST,18,39853.16,138405.0,21,Cybersecurity Consulting & Audits,998313,8906553585125
QNAP Standard Server Rack Cabinet - 24U Standard,SEC-00836,GST,18,37094.93,45168.0,18,Servers & Data Storage,8471,8907851935837
Kaspersky Endpoint Detection and Response (EDR) - 1-Year 10 Devices,SEC-00837,GST,18,3478.19,4585.0,83,Endpoint Security & Software Licenses,8523,8902087805721
CrowdStrike Enterprise Data Loss Prevention (DLP) License - Enterprise Site License,SEC-00838,GST,18,20115.16,27066.0,415,Endpoint Security & Software Licenses,8523,8909762637484
Symantec Advanced Email Security & Anti-Spam - Domain License,SEC-00839,GST,18,1271.46,1775.0,350,Endpoint Security & Software Licenses,8523,8905090591191
Advisory Pro Penetration Testing Service - Grey Box,SEC-00840,GST,18,28665.66,83196.0,16,Cybersecurity Consulting & Audits,998313,8902071511696
Managed Secure Cloud Infrastructure Management - Monthly AWS/Azure,SEC-00841,GST,18,3614.0,8915.0,16,Managed IT Services & AMC,998316,8906471246335
Cisco Next-Gen VPN Gateway Appliance - Standard,SEC-00842,GST,18,64092.3,78955.0,3,Hardware Firewalls & Networking,8517,8908051208005
Managed Comprehensive IT AMC - Server & Network Included,SEC-00843,GST,18,37542.71,78993.0,16,Managed IT Services & AMC,998316,8903972835129
Kaspersky Advanced Enterprise Antivirus Suite - 5-User 1-Year,SEC-00844,GST,18,1546.0,2107.0,277,Endpoint Security & Software Licenses,8523,8900908144152
Consulting Unified Penetration Testing Service - Black Box,SEC-00845,GST,18,36138.1,80692.0,44,Cybersecurity Consulting & Audits,998313,8905786718153
Symantec Pro Enterprise Antivirus Suite - 5-User 1-Year,SEC-00846,GST,18,1981.27,2394.0,80,Endpoint Security & Software Licenses,8523,8907918158998
Advisory Enterprise Incident Response & Forensics - Retainer Setup,SEC-00847,GST,18,43123.19,115219.0,17,Cybersecurity Consulting & Audits,998313,8904666617071
Kaspersky Enterprise Mobile Device Management (MDM) - Annual per Device,SEC-00848,GST,18,927.6,1259.0,197,Endpoint Security & Software Licenses,8523,8900803149982
Trend Micro Premium Endpoint Detection and Response (EDR) - 1-Year 50 Devices,SEC-00849,GST,18,7350.53,9266.0,146,Endpoint Security & Software Licenses,8523,8905806882850
Dell EMC Pro SAN Storage Array - Entry Level,SEC-00850,GST,18,312222.61,346862.0,8,Servers & Data Storage,8471,8907399006314
Sophos Cloud-Managed Wireless Access Point (WAP) - WiFi 6 Indoor,SEC-00851,GST,18,18895.67,21839.0,14,Hardware Firewalls & Networking,8517,8900229394694
Supermicro Premium Network Attached Storage (NAS) - 8-Bay Rackmount,SEC-00852,GST,18,39032.02,45357.0,10,Servers & Data Storage,8471,8903749060723
SonicWall Advanced Next-Generation Firewall (NGFW) - Entry Level,SEC-00853,GST,18,95970.23,112600.0,7,Hardware Firewalls & Networking,8517,8908524648449
CrowdStrike Pro Endpoint Detection and Response (EDR) - 1-Year 10 Devices,SEC-00854,GST,18,4376.98,5738.0,304,Endpoint Security & Software Licenses,8523,8903280771130
In-House Standard Comprehensive IT AMC - Server & Network Included,SEC-00855,GST,18,25203.72,73670.0,33,Managed IT Services & AMC,998316,8902790833509
Sophos Advanced Wireless Access Point (WAP) - WiFi 6 Outdoor,SEC-00856,GST,18,15530.52,17551.0,22,Hardware Firewalls & Networking,8517,8900662481323
Trend Micro Unified Mobile Device Management (MDM) - Monthly per Device,SEC-00857,GST,18,160.11,200.0,320,Endpoint Security & Software Licenses,8523,8904822850116
Consulting Advanced Vulnerability Assessment (VAPT) - Mobile App,SEC-00858,GST,18,30426.37,75533.0,7,Cybersecurity Consulting & Audits,998313,8902130609069
Juniper Premium Managed Gigabit Switch - 10G Uplink,SEC-00859,GST,18,34078.29,37864.0,22,Hardware Firewalls & Networking,8517,8907964967379
McAfee Advanced Mobile Device Management (MDM) - Annual per Device,SEC-00860,GST,18,896.15,1233.0,164,Endpoint Security & Software Licenses,8523,8902426425064
Dell EMC Next-Gen SAN Storage Array - All-Flash SAN,SEC-00861,GST,18,1227684.69,1532302.0,6,Servers & Data Storage,8471,8905366677767
McAfee Cloud-Managed Data Loss Prevention (DLP) License - Enterprise Site License,SEC-00862,GST,18,14099.68,18414.0,175,Endpoint Security & Software Licenses,8523,8903393957865
Symantec Unified Mobile Device Management (MDM) - Monthly per Device,SEC-00863,GST,18,154.08,205.0,203,Endpoint Security & Software Licenses,8523,8909603358268
In-House Pro Cloud Infrastructure Management - Monthly AWS/Azure,SEC-00864,GST,18,3309.46,9930.0,22,Managed IT Services & AMC,998316,8909269326573
Synology Network Attached Storage (NAS) - 12-Bay Enterprise,SEC-00865,GST,18,100355.64,119846.0,3,Servers & Data Storage,8471,8901110005155
Supermicro Enterprise 2U Storage Server - Basic Array,SEC-00866,GST,18,158562.45,183051.0,12,Servers & Data Storage,8471,8909775244182
HPE Next-Gen SAN Storage Array - Entry Level,SEC-00867,GST,18,324193.34,376535.0,19,Servers & Data Storage,8471,8908743127102
Managed Advanced Cloud Infrastructure Management - Quarterly Audit & Fix,SEC-00868,GST,18,20553.18,59178.0,28,Managed IT Services & AMC,998316,8907992707955
Cisco Advanced Next-Generation Firewall (NGFW) - Entry Level,SEC-00869,GST,18,83289.37,100081.0,6,Hardware Firewalls & Networking,8517,8901354159709
Advisory Enterprise Penetration Testing Service - White Box,SEC-00870,GST,18,33317.65,80641.0,38,Cybersecurity Consulting & Audits,998313,8900752034476
CrowdStrike Unified Data Loss Prevention (DLP) License - Enterprise Site License,SEC-00871,GST,18,18953.35,24006.0,66,Endpoint Security & Software Licenses,8523,8902909046376
In-House Secure Network Monitoring Service (NOC) - Monthly Advanced Proactive,SEC-00872,GST,18,2486.21,6884.0,32,Managed IT Services & AMC,998316,8906525483744
Palo Alto Secure Next-Generation Firewall (NGFW) - Enterprise Tier,SEC-00873,GST,18,373895.94,461527.0,2,Hardware Firewalls & Networking,8517,8902131251293
Juniper Premium Next-Generation Firewall (NGFW) - Entry Level,SEC-00874,GST,18,91335.75,105143.0,21,Hardware Firewalls & Networking,8517,8901297519102
Supermicro Standard 1U Rack Server - Intel Xeon 16GB,SEC-00875,GST,18,187335.82,208643.0,15,Servers & Data Storage,8471,8903301658373
Retained Enterprise Remote Helpdesk Support - Quarterly SLA,SEC-00876,GST,18,6055.65,17487.0,8,Managed IT Services & AMC,998316,8907280123428
Audit Standard Vulnerability Assessment (VAPT) - Mobile App,SEC-00877,GST,18,17756.6,58116.0,19,Cybersecurity Consulting & Audits,998313,8902694968436
SentinelOne Pro Data Loss Prevention (DLP) License - Enterprise Site License,SEC-00878,GST,18,17007.92,22637.0,399,Endpoint Security & Software Licenses,8523,8904421017509
In-House Standard Cloud Infrastructure Management - Monthly AWS/Azure,SEC-00879,GST,18,3038.25,9592.0,28,Managed IT Services & AMC,998316,8909194575757
SentinelOne Next-Gen Mobile Device Management (MDM) - Annual per Device,SEC-00880,GST,18,1259.23,1559.0,350,Endpoint Security & Software Licenses,8523,8902056775677
In-House Cloud-Managed Remote Helpdesk Support - Annual 24/7 SLA,SEC-00881,GST,18,7436.96,15147.0,13,Managed IT Services & AMC,998316,8905626506229
HPE Cloud-Managed 1U Rack Server - Intel Xeon 16GB,SEC-00882,GST,18,163510.89,186506.0,8,Servers & Data Storage,8471,8900762484337
Consulting Cloud-Managed Phishing Simulation & Training - Annual Enterprise Program,SEC-00883,GST,18,35541.77,79604.0,47,Cybersecurity Consulting & Audits,998313,8900511579423
Advisory Unified Penetration Testing Service - White Box,SEC-00884,GST,18,29481.58,72584.0,15,Cybersecurity Consulting & Audits,998313,8905496919284
Trend Micro Advanced Data Loss Prevention (DLP) License - Enterprise Site License,SEC-00885,GST,18,15011.27,20927.0,82,Endpoint Security & Software Licenses,8523,8900756335357
Kaspersky Secure Data Loss Prevention (DLP) License - Enterprise Site License,SEC-00886,GST,18,17690.89,24420.0,214,Endpoint Security & Software Licenses,8523,8909399337970
Kaspersky Advanced Endpoint Detection and Response (EDR) - 1-Year 10 Devices,SEC-00887,GST,18,4113.42,5003.0,301,Endpoint Security & Software Licenses,8523,8907941763425
Palo Alto Premium Managed Gigabit Switch - 24-Port PoE,SEC-00888,GST,18,27560.1,33726.0,17,Hardware Firewalls & Networking,8517,8908245759833
Consulting Premium Vulnerability Assessment (VAPT) - Network Infrastructure,SEC-00889,GST,18,33110.94,75904.0,37,Cybersecurity Consulting & Audits,998313,8904366044324
Fortinet Secure VPN Gateway Appliance - Standard,SEC-00890,GST,18,70976.19,87760.0,6,Hardware Firewalls & Networking,8517,8907682975147
Symantec Enterprise Email Security & Anti-Spam - Domain License,SEC-00891,GST,18,1078.56,1322.0,58,Endpoint Security & Software Licenses,8523,8901058752568
SonicWall Cloud-Managed VPN Gateway Appliance - High Availability,SEC-00892,GST,18,63395.46,75565.0,3,Hardware Firewalls & Networking,8517,8904599080271
Sophos Next-Gen Managed Gigabit Switch - 24-Port PoE,SEC-00893,GST,18,25565.04,30859.0,4,Hardware Firewalls & Networking,8517,8905551651768
Ubiquiti Advanced VPN Gateway Appliance - High Availability,SEC-00894,GST,18,81994.14,91294.0,8,Hardware Firewalls & Networking,8517,8907214330800
Synology Pro 1U Rack Server - Intel Xeon 16GB,SEC-00895,GST,18,170839.33,212267.0,6,Servers & Data Storage,8471,8908556608470
Retained Pro Comprehensive IT AMC - 1-10 PCs,SEC-00896,GST,18,37863.1,87587.0,42,Managed IT Services & AMC,998316,8907051958263
QNAP 1U Rack Server - Enterprise 128GB,SEC-00897,GST,18,357702.3,423319.0,18,Servers & Data Storage,8471,8906239453546
SonicWall Premium Wireless Access Point (WAP) - WiFi 6 Outdoor,SEC-00898,GST,18,14785.25,18410.0,23,Hardware Firewalls & Networking,8517,8908632106133
Consulting ISO 27001 Compliance Audit - Readiness Assessment,SEC-00899,GST,18,71354.16,181340.0,8,Cybersecurity Consulting & Audits,998313,8903943804032
Symantec Secure Mobile Device Management (MDM) - Annual per Device,SEC-00900,GST,18,966.24,1235.0,435,Endpoint Security & Software Licenses,8523,8902778943191
Juniper Premium Next-Generation Firewall (NGFW) - Enterprise Tier,SEC-00901,GST,18,370943.88,460719.0,2,Hardware Firewalls & Networking,8517,8904769210533
Retained Enterprise Network Monitoring Service (NOC) - Monthly Basic,SEC-00902,GST,18,10417.04,21184.0,7,Managed IT Services & AMC,998316,8901424731072
Fortinet Pro Next-Generation Firewall (NGFW) - Enterprise Tier,SEC-00903,GST,18,312545.52,385358.0,24,Hardware Firewalls & Networking,8517,8908440971231
Retained Premium Cloud Infrastructure Management - Monthly AWS/Azure,SEC-00904,GST,18,3231.07,10487.0,31,Managed IT Services & AMC,998316,8902090144734
SonicWall Pro Wireless Access Point (WAP) - WiFi 6 Indoor,SEC-00905,GST,18,16869.51,20607.0,22,Hardware Firewalls & Networking,8517,8900968730451
Advisory Next-Gen Phishing Simulation & Training - Annual Enterprise Program,SEC-00906,GST,18,18448.4,55122.0,28,Cybersecurity Consulting & Audits,998313,8908825562965
Managed Unified Network Monitoring Service (NOC) - Monthly Basic,SEC-00907,GST,18,9149.08,23895.0,32,Managed IT Services & AMC,998316,8901942557782
Cisco Network Load Balancer - Basic,SEC-00908,GST,18,58497.56,69899.0,25,Hardware Firewalls & Networking,8517,8902923616188
Ubiquiti Premium Next-Generation Firewall (NGFW) - Enterprise Tier,SEC-00909,GST,18,294071.22,347759.0,7,Hardware Firewalls & Networking,8517,8903571558686
QNAP Cloud-Managed Network Attached Storage (NAS) - 12-Bay Enterprise,SEC-00910,GST,18,103100.28,128689.0,9,Servers & Data Storage,8471,8907230817214
Synology Next-Gen Network Attached Storage (NAS) - 4-Bay Desktop,SEC-00911,GST,18,40524.41,50361.0,8,Servers & Data Storage,8471,8900004132114
In-House Cloud-Managed Cloud Infrastructure Management - Quarterly Audit & Fix,SEC-00912,GST,18,13901.68,40264.0,26,Managed IT Services & AMC,998316,8906534699799
SonicWall Unified VPN Gateway Appliance - Standard,SEC-00913,GST,18,73854.66,81584.0,24,Hardware Firewalls & Networking,8517,8907681699570
In-House Unified Cloud Infrastructure Management - Monthly AWS/Azure,SEC-00914,GST,18,4331.47,9261.0,20,Managed IT Services & AMC,998316,8901765397054
Consulting Phishing Simulation & Training - Quarterly Campaign,SEC-00915,GST,18,12470.22,25133.0,13,Cybersecurity Consulting & Audits,998313,8909087182749
Retained Comprehensive IT AMC - 11-50 PCs,SEC-00916,GST,18,24758.35,68707.0,16,Managed IT Services & AMC,998316,8907420495612
Sophos Pro VPN Gateway Appliance - High Availability,SEC-00917,GST,18,56103.41,68242.0,22,Hardware Firewalls & Networking,8517,8902604235973
Retained Advanced Comprehensive IT AMC - 1-10 PCs,SEC-00918,GST,18,22365.29,69568.0,43,Managed IT Services & AMC,998316,8909077560858
Palo Alto Enterprise VPN Gateway Appliance - Standard,SEC-00919,GST,18,71800.78,86542.0,4,Hardware Firewalls & Networking,8517,8901145768321
Sophos Advanced Next-Generation Firewall (NGFW) - Enterprise Tier,SEC-00920,GST,18,363882.45,424620.0,19,Hardware Firewalls & Networking,8517,8905847129618
Sophos Enterprise Managed Gigabit Switch - 24-Port PoE,SEC-00921,GST,18,25166.34,30331.0,2,Hardware Firewalls & Networking,8517,8905080184980
SentinelOne Pro Enterprise Antivirus Suite - 5-User 1-Year,SEC-00922,GST,18,1809.23,2461.0,146,Endpoint Security & Software Licenses,8523,8907773126881
Supermicro Advanced 2U Storage Server - Large Capacity HDD,SEC-00923,GST,18,277110.65,307648.0,18,Servers & Data Storage,8471,8901923653460
In-House Premium Network Monitoring Service (NOC) - Monthly Advanced Proactive,SEC-00924,GST,18,2030.59,6274.0,28,Managed IT Services & AMC,998316,8906793279862
QNAP Unified Server Rack Cabinet - 42U Heavy Duty,SEC-00925,GST,18,35649.93,41529.0,2,Servers & Data Storage,8471,8906181205464
Retained Next-Gen Network Monitoring Service (NOC) - Monthly Advanced Proactive,SEC-00926,GST,18,2284.41,7719.0,35,Managed IT Services & AMC,998316,8908769899927
CrowdStrike Next-Gen Mobile Device Management (MDM) - Annual per Device,SEC-00927,GST,18,957.57,1270.0,178,Endpoint Security & Software Licenses,8523,8904449835539
Lenovo Secure Network Attached Storage (NAS) - 4-Bay Desktop,SEC-00928,GST,18,41014.66,47648.0,10,Servers & Data Storage,8471,8909639243588
Symantec Standard Mobile Device Management (MDM) - Monthly per Device,SEC-00929,GST,18,202.88,279.0,376,Endpoint Security & Software Licenses,8523,8903395275367
Kaspersky Advanced Mobile Device Management (MDM) - Annual per Device,SEC-00930,GST,18,916.49,1113.0,113,Endpoint Security & Software Licenses,8523,8906860134778
Advisory Pro Incident Response & Forensics - Per Incident Block Hours,SEC-00931,GST,18,32237.96,111942.0,45,Cybersecurity Consulting & Audits,998313,8907917665122
Cisco Standard Next-Generation Firewall (NGFW) - Entry Level,SEC-00932,GST,18,71456.39,84481.0,10,Hardware Firewalls & Networking,8517,8902163090015
Consulting Cloud-Managed ISO 27001 Compliance Audit - Full Implementation Support,SEC-00933,GST,18,148081.89,345128.0,43,Cybersecurity Consulting & Audits,998313,8909485320895
HPE Next-Gen SAN Storage Array - Entry Level,SEC-00934,GST,18,267416.15,332444.0,4,Servers & Data Storage,8471,8909947113633
Retained Pro Remote Helpdesk Support - Monthly Retainer,SEC-00935,GST,18,1406.16,2819.0,47,Managed IT Services & AMC,998316,8904699673311
Retained Advanced Cloud Infrastructure Management - Quarterly Audit & Fix,SEC-00936,GST,18,22695.19,58479.0,44,Managed IT Services & AMC,998316,8906084376855
Palo Alto Unified Network Load Balancer - Advanced Traffic Management,SEC-00937,GST,18,114532.35,132393.0,24,Hardware Firewalls & Networking,8517,8901962633556
Symantec Cloud-Managed Data Loss Prevention (DLP) License - Per User,SEC-00938,GST,18,7227.52,9352.0,62,Endpoint Security & Software Licenses,8523,8909317069556
Palo Alto Cloud-Managed VPN Gateway Appliance - High Availability,SEC-00939,GST,18,63081.66,71802.0,9,Hardware Firewalls & Networking,8517,8904547223989
Audit Secure Vulnerability Assessment (VAPT) - Network Infrastructure,SEC-00940,GST,18,22860.42,53559.0,50,Cybersecurity Consulting & Audits,998313,8902198041847
Lenovo Enterprise 2U Storage Server - High IOPS NVMe,SEC-00941,GST,18,273849.79,308876.0,15,Servers & Data Storage,8471,8904281319092
Kaspersky Advanced Mobile Device Management (MDM) - Annual per Device,SEC-00942,GST,18,809.37,1102.0,150,Endpoint Security & Software Licenses,8523,8909111428178
Trend Micro Next-Gen Enterprise Antivirus Suite - 1-User 1-Year,SEC-00943,GST,18,2027.01,2532.0,54,Endpoint Security & Software Licenses,8523,8905248088062
Dell EMC Advanced SAN Storage Array - Entry Level,SEC-00944,GST,18,231913.44,276289.0,13,Servers & Data Storage,8471,8909473721329
Fortinet Premium VPN Gateway Appliance - Standard,SEC-00945,GST,18,68009.57,80206.0,17,Hardware Firewalls & Networking,8517,8906886878599
Managed Advanced On-Site Support Engineer - Full-time Dedicated/Month,SEC-00946,GST,18,17210.2,47321.0,7,Managed IT Services & AMC,998316,8903195419666
McAfee Unified Endpoint Detection and Response (EDR) - 1-Year 10 Devices,SEC-00947,GST,18,3363.51,4047.0,272,Endpoint Security & Software Licenses,8523,8902792463203
Managed Unified Cloud Infrastructure Management - Quarterly Audit & Fix,SEC-00948,GST,18,22610.12,57822.0,18,Managed IT Services & AMC,998316,8907260321450
Bitdefender Standard Mobile Device Management (MDM) - Annual per Device,SEC-00949,GST,18,1037.8,1319.0,312,Endpoint Security & Software Licenses,8523,8908707155348
Dell EMC Next-Gen 1U Rack Server - Intel Xeon 16GB,SEC-00950,GST,18,152455.03,168265.0,8,Servers & Data Storage,8471,8908507659759
McAfee Next-Gen Data Loss Prevention (DLP) License - Per User,SEC-00951,GST,18,6747.26,9289.0,438,Endpoint Security & Software Licenses,8523,8907680898126
Trend Micro Advanced Mobile Device Management (MDM) - Annual per Device,SEC-00952,GST,18,755.6,1045.0,97,Endpoint Security & Software Licenses,8523,8909646300402
Synology Cloud-Managed Server Rack Cabinet - 24U Standard,SEC-00953,GST,18,34070.47,41991.0,15,Servers & Data Storage,8471,8908943012047
Sophos Unified VPN Gateway Appliance - Standard,SEC-00954,GST,18,60691.63,72855.0,12,Hardware Firewalls & Networking,8517,8909574988558
Supermicro Enterprise Server Rack Cabinet - Co-location Rack,SEC-00955,GST,18,34607.1,42108.0,9,Servers & Data Storage,8471,8903067458476
Ubiquiti Standard Wireless Access Point (WAP) - WiFi 6 Outdoor,SEC-00956,GST,18,18438.17,21817.0,9,Hardware Firewalls & Networking,8517,8903721885666
Advisory Pro ISO 27001 Compliance Audit - Readiness Assessment,SEC-00957,GST,18,48565.26,132183.0,47,Cybersecurity Consulting & Audits,998313,8901506662670
McAfee Pro Endpoint Detection and Response (EDR) - 1-Year 10 Devices,SEC-00958,GST,18,3354.63,4695.0,252,Endpoint Security & Software Licenses,8523,8909366343925
QNAP Cloud-Managed Network Attached Storage (NAS) - 12-Bay Enterprise,SEC-00959,GST,18,123748.66,137992.0,4,Servers & Data Storage,8471,8900286712007
Dell EMC Secure 2U Storage Server - High IOPS NVMe,SEC-00960,GST,18,230135.83,284842.0,24,Servers & Data Storage,8471,8905910245109
Fortinet Pro Network Load Balancer - Basic,SEC-00961,GST,18,69679.98,86024.0,17,Hardware Firewalls & Networking,8517,8901494981942
Palo Alto Advanced Network Load Balancer - Advanced Traffic Management,SEC-00962,GST,18,111708.68,134608.0,5,Hardware Firewalls & Networking,8517,8907934065277
Kaspersky Cloud-Managed Data Loss Prevention (DLP) License - Per 10 Users,SEC-00963,GST,18,6187.15,8576.0,456,Endpoint Security & Software Licenses,8523,8904533722010
Audit Unified Penetration Testing Service - Black Box,SEC-00964,GST,18,25185.18,77675.0,23,Cybersecurity Consulting & Audits,998313,8905593766189
Trend Micro Premium Enterprise Antivirus Suite - 5-User 1-Year,SEC-00965,GST,18,1536.59,1964.0,226,Endpoint Security & Software Licenses,8523,8901004627765
In-House Secure Network Monitoring Service (NOC) - Monthly Advanced Proactive,SEC-00966,GST,18,2862.88,8953.0,49,Managed IT Services & AMC,998316,8902024617520
HPE Unified Server Rack Cabinet - Co-location Rack,SEC-00967,GST,18,36201.88,44749.0,25,Servers & Data Storage,8471,8902600559550
Palo Alto Pro Network Load Balancer - Basic,SEC-00968,GST,18,52344.6,62921.0,25,Hardware Firewalls & Networking,8517,8908486899936
Palo Alto Next-Gen Network Load Balancer - Advanced Traffic Management,SEC-00969,GST,18,133343.27,155807.0,11,Hardware Firewalls & Networking,8517,8905069176799
Lenovo Unified Server Rack Cabinet - 24U Standard,SEC-00970,GST,18,26449.94,32632.0,3,Servers & Data Storage,8471,8903946408303
In-House Cloud-Managed Cloud Infrastructure Management - Monthly AWS/Azure,SEC-00971,GST,18,3897.06,8239.0,22,Managed IT Services & AMC,998316,8908860849079
QNAP Standard Server Rack Cabinet - 42U Heavy Duty,SEC-00972,GST,18,34683.13,42967.0,14,Servers & Data Storage,8471,8908528306153
In-House Enterprise Comprehensive IT AMC - 1-10 PCs,SEC-00973,GST,18,29018.55,70761.0,21,Managed IT Services & AMC,998316,8906263251448
Consulting Advanced Vulnerability Assessment (VAPT) - Web Application,SEC-00974,GST,18,24509.49,80380.0,5,Cybersecurity Consulting & Audits,998313,8903142175188
Retained Comprehensive IT AMC - 11-50 PCs,SEC-00975,GST,18,35357.86,75132.0,10,Managed IT Services & AMC,998316,8905263840911
HPE Next-Gen Network Attached Storage (NAS) - 4-Bay Desktop,SEC-00976,GST,18,46043.9,54342.0,17,Servers & Data Storage,8471,8905056618632
QNAP Standard SAN Storage Array - Hybrid Array,SEC-00977,GST,18,531513.76,644034.0,23,Servers & Data Storage,8471,8907876553007
Dell EMC Premium Server Rack Cabinet - 42U Heavy Duty,SEC-00978,GST,18,36516.76,45284.0,22,Servers & Data Storage,8471,8905605712198
Audit Unified Incident Response & Forensics - Retainer Setup,SEC-00979,GST,18,35962.7,125661.0,26,Cybersecurity Consulting & Audits,998313,8901905348640
Fortinet Advanced Wireless Access Point (WAP) - High-Density,SEC-00980,GST,18,16904.27,20663.0,6,Hardware Firewalls & Networking,8517,8904561851744
In-House Secure Comprehensive IT AMC - 11-50 PCs,SEC-00981,GST,18,33366.29,71391.0,13,Managed IT Services & AMC,998316,8908991511455
Sophos Network Load Balancer - Basic,SEC-00982,GST,18,76153.06,86413.0,10,Hardware Firewalls & Networking,8517,8904881898484
Palo Alto Cloud-Managed Next-Generation Firewall (NGFW) - Mid-Range,SEC-00983,GST,18,110412.27,126973.0,25,Hardware Firewalls & Networking,8517,8900211901707
Bitdefender Enterprise Email Security & Anti-Spam - Per Mailbox / Year,SEC-00984,GST,18,950.34,1319.0,456,Endpoint Security & Software Licenses,8523,8903152291073
HPE Cloud-Managed Server Rack Cabinet - 24U Standard,SEC-00985,GST,18,23839.02,28093.0,10,Servers & Data Storage,8471,8909378306396
QNAP Advanced Network Attached Storage (NAS) - 8-Bay Rackmount,SEC-00986,GST,18,37944.99,45102.0,20,Servers & Data Storage,8471,8904439164970
Palo Alto Enterprise Network Load Balancer - Basic,SEC-00987,GST,18,69521.73,82487.0,22,Hardware Firewalls & Networking,8517,8909132033016
HPE Network Attached Storage (NAS) - 4-Bay Desktop,SEC-00988,GST,18,31870.99,36063.0,5,Servers & Data Storage,8471,8900615372215
Bitdefender Unified Mobile Device Management (MDM) - Annual per Device,SEC-00989,GST,18,990.12,1358.0,124,Endpoint Security & Software Licenses,8523,8903653377460
CrowdStrike Advanced Mobile Device Management (MDM) - Annual per Device,SEC-00990,GST,18,723.62,997.0,80,Endpoint Security & Software Licenses,8523,8907843614244
Synology Next-Gen 1U Rack Server - Dual CPU 64GB,SEC-00991,GST,18,128301.3,149877.0,11,Servers & Data Storage,8471,8903734764273
In-House Unified Comprehensive IT AMC - 1-10 PCs,SEC-00992,GST,18,22812.91,79383.0,40,Managed IT Services & AMC,998316,8908214584148
Trend Micro Standard Mobile Device Management (MDM) - Monthly per Device,SEC-00993,GST,18,188.82,260.0,173,Endpoint Security & Software Licenses,8523,8904438998278
Sophos Next-Gen Next-Generation Firewall (NGFW) - Mid-Range,SEC-00994,GST,18,131584.2,151479.0,17,Hardware Firewalls & Networking,8517,8903214644936
Consulting Standard Incident Response & Forensics - Per Incident Block Hours,SEC-00995,GST,18,40448.72,118795.0,20,Cybersecurity Consulting & Audits,998313,8905055738573
Retained Standard Comprehensive IT AMC - Server & Network Included,SEC-00996,GST,18,20373.89,68128.0,19,Managed IT Services & AMC,998316,8906037681187
HPE Secure 2U Storage Server - Basic Array,SEC-00997,GST,18,111785.26,127264.0,20,Servers & Data Storage,8471,8906149731539
Fortinet Next-Gen Wireless Access Point (WAP) - High-Density,SEC-00998,GST,18,17020.48,21118.0,9,Hardware Firewalls & Networking,8517,8900748207365
Fortinet Network Load Balancer - Basic,SEC-00999,GST,18,58068.88,67596.0,13,Hardware Firewalls & Networking,8517,8905782019043
HPE Premium 2U Storage Server - Large Capacity HDD,SEC-01000,GST,18,258155.28,291555.0,8,Servers & Data Storage,8471,8903247073920
SonicWall Enterprise Managed Gigabit Switch - 48-Port PoE,SEC-01001,GST,18,91451.27,106520.0,24,Hardware Firewalls & Networking,8517,8901276025082
In-House Pro Comprehensive IT AMC - 1-10 PCs,SEC-01002,GST,18,25520.3,66929.0,32,Managed IT Services & AMC,998316,8903248889957
QNAP Server Rack Cabinet - Co-location Rack,SEC-01003,GST,18,27217.85,31773.0,7,Servers & Data Storage,8471,8909745493036
Bitdefender Standard Email Security & Anti-Spam - Domain License,SEC-01004,GST,18,1517.49,1856.0,405,Endpoint Security & Software Licenses,8523,8902038187692
Ubiquiti Pro Managed Gigabit Switch - 10G Uplink,SEC-01005,GST,18,36953.63,41982.0,3,Hardware Firewalls & Networking,8517,8908981388158
Audit Secure ISO 27001 Compliance Audit - Full Implementation Support,SEC-01006,GST,18,124274.98,402920.0,7,Cybersecurity Consulting & Audits,998313,8906732318297
Palo Alto Secure Network Load Balancer - Basic,SEC-01007,GST,18,61713.48,74192.0,12,Hardware Firewalls & Networking,8517,8900000001529
Fortinet Standard Managed Gigabit Switch - 48-Port PoE,SEC-01008,GST,18,72280.86,89205.0,22,Hardware Firewalls & Networking,8517,8905090255618
SentinelOne Advanced Data Loss Prevention (DLP) License - Per 10 Users,SEC-01009,GST,18,5255.57,7161.0,357,Endpoint Security & Software Licenses,8523,8909874781224
Consulting Cloud-Managed Vulnerability Assessment (VAPT) - Network Infrastructure,SEC-01010,GST,18,24355.28,67238.0,34,Cybersecurity Consulting & Audits,998313,8900090043655
Cisco Next-Gen Network Load Balancer - Advanced Traffic Management,SEC-01011,GST,18,90777.04,104998.0,5,Hardware Firewalls & Networking,8517,8903624835505
SentinelOne Cloud-Managed Enterprise Antivirus Suite - Server Edition,SEC-01012,GST,18,1777.94,2330.0,70,Endpoint Security & Software Licenses,8523,8907063369987
Advisory Next-Gen Vulnerability Assessment (VAPT) - Mobile App,SEC-01013,GST,18,27663.95,58005.0,22,Cybersecurity Consulting & Audits,998313,8900164818804
SentinelOne Unified Enterprise Antivirus Suite - Server Edition,SEC-01014,GST,18,1513.51,2098.0,314,Endpoint Security & Software Licenses,8523,8903638164321
Supermicro Enterprise SAN Storage Array - Hybrid Array,SEC-01015,GST,18,493522.42,581497.0,22,Servers & Data Storage,8471,8904642036258
In-House Enterprise Comprehensive IT AMC - 11-50 PCs,SEC-01016,GST,18,20327.38,67287.0,29,Managed IT Services & AMC,998316,8904625540263
McAfee Enterprise Email Security & Anti-Spam - Per Mailbox / Year,SEC-01017,GST,18,978.81,1344.0,423,Endpoint Security & Software Licenses,8523,8900176464489
Consulting Standard Vulnerability Assessment (VAPT) - Web Application,SEC-01018,GST,18,22571.96,63972.0,37,Cybersecurity Consulting & Audits,998313,8908245279050
Trend Micro Pro Endpoint Detection and Response (EDR) - 1-Year 10 Devices,SEC-01019,GST,18,3265.7,4060.0,441,Endpoint Security & Software Licenses,8523,8905384951632
Fortinet Next-Generation Firewall (NGFW) - Enterprise Tier,SEC-01020,GST,18,329294.62,385264.0,5,Hardware Firewalls & Networking,8517,8908093391373
Synology Premium Network Attached Storage (NAS) - 4-Bay Desktop,SEC-01021,GST,18,45475.49,55854.0,25,Servers & Data Storage,8471,8901198756178
Retained Premium On-Site Support Engineer - Part-time/Month,SEC-01022,GST,18,14658.1,33905.0,6,Managed IT Services & AMC,998316,8900915618298
Sophos Unified VPN Gateway Appliance - High Availability,SEC-01023,GST,18,80933.75,95065.0,25,Hardware Firewalls & Networking,8517,8904916093659
Symantec Enterprise Endpoint Detection and Response (EDR) - 1-Year 5 Devices,SEC-01024,GST,18,2184.76,2975.0,495,Endpoint Security & Software Licenses,8523,8908941843368
Managed Advanced Comprehensive IT AMC - Server & Network Included,SEC-01025,GST,18,36102.62,94261.0,15,Managed IT Services & AMC,998316,8902399821374
McAfee Standard Mobile Device Management (MDM) - Monthly per Device,SEC-01026,GST,18,184.71,223.0,431,Endpoint Security & Software Licenses,8523,8904288605053
Managed Premium Cloud Infrastructure Management - Quarterly Audit & Fix,SEC-01027,GST,18,24712.47,52983.0,13,Managed IT Services & AMC,998316,8906003083566
Audit Advanced Vulnerability Assessment (VAPT) - Network Infrastructure,SEC-01028,GST,18,35210.68,74260.0,18,Cybersecurity Consulting & Audits,998313,8901234550688
Synology Unified Server Rack Cabinet - 24U Standard,SEC-01029,GST,18,33221.62,38962.0,19,Servers & Data Storage,8471,8902938440134
Audit Pro Incident Response & Forensics - Per Incident Block Hours,SEC-01030,GST,18,49469.5,116557.0,47,Cybersecurity Consulting & Audits,998313,8908826033591
Fortinet Premium Wireless Access Point (WAP) - WiFi 6 Outdoor,SEC-01031,GST,18,17930.25,19851.0,13,Hardware Firewalls & Networking,8517,8909914492074
Audit Phishing Simulation & Training - Annual Enterprise Program,SEC-01032,GST,18,26482.93,67897.0,47,Cybersecurity Consulting & Audits,998313,8904899718428
Kaspersky Advanced Mobile Device Management (MDM) - Monthly per Device,SEC-01033,GST,18,190.07,232.0,60,Endpoint Security & Software Licenses,8523,8908499323123
SentinelOne Cloud-Managed Enterprise Antivirus Suite - 5-User 1-Year,SEC-01034,GST,18,1554.46,2164.0,78,Endpoint Security & Software Licenses,8523,8906908726176
SonicWall Pro VPN Gateway Appliance - Standard,SEC-01035,GST,18,65370.08,81154.0,25,Hardware Firewalls & Networking,8517,8903893595382
Audit Secure ISO 27001 Compliance Audit - Readiness Assessment,SEC-01036,GST,18,57642.26,192002.0,12,Cybersecurity Consulting & Audits,998313,8902996508269
Kaspersky Enterprise Enterprise Antivirus Suite - 5-User 1-Year,SEC-01037,GST,18,1292.25,1693.0,343,Endpoint Security & Software Licenses,8523,8906561308761
HPE Server Rack Cabinet - 42U Heavy Duty,SEC-01038,GST,18,27366.15,33895.0,5,Servers & Data Storage,8471,8904346823948
Trend Micro Advanced Endpoint Detection and Response (EDR) - 1-Year 5 Devices,SEC-01039,GST,18,2254.27,2806.0,53,Endpoint Security & Software Licenses,8523,8908696610168
Dell EMC Pro 1U Rack Server - Enterprise 128GB,SEC-01040,GST,18,472273.21,543221.0,2,Servers & Data Storage,8471,8900168094149
Juniper Unified Wireless Access Point (WAP) - WiFi 6 Indoor,SEC-01041,GST,18,16039.72,18070.0,22,Hardware Firewalls & Networking,8517,8908397620534
CrowdStrike Unified Mobile Device Management (MDM) - Annual per Device,SEC-01042,GST,18,1031.96,1319.0,79,Endpoint Security & Software Licenses,8523,8907266292508
SonicWall Cloud-Managed VPN Gateway Appliance - High Availability,SEC-01043,GST,18,85970.68,107231.0,20,Hardware Firewalls & Networking,8517,8909140688413
HPE Standard SAN Storage Array - Entry Level,SEC-01044,GST,18,306151.66,380586.0,12,Servers & Data Storage,8471,8905235617817
Sophos Standard Managed Gigabit Switch - 10G Uplink,SEC-01045,GST,18,26122.55,29375.0,14,Hardware Firewalls & Networking,8517,8901363852778
Advisory Pro Phishing Simulation & Training - Quarterly Campaign,SEC-01046,GST,18,10763.89,22728.0,47,Cybersecurity Consulting & Audits,998313,8908444902950
Synology Premium Network Attached Storage (NAS) - 12-Bay Enterprise,SEC-01047,GST,18,129903.91,144736.0,10,Servers & Data Storage,8471,8904037341678
Sophos Next-Gen VPN Gateway Appliance - High Availability,SEC-01048,GST,18,66701.4,75239.0,2,Hardware Firewalls & Networking,8517,8902179821348
In-House Unified On-Site Support Engineer - Full-time Dedicated/Month,SEC-01049,GST,18,17704.95,53649.0,33,Managed IT Services & AMC,998316,8903638318285
In-House Network Monitoring Service (NOC) - Monthly Basic,SEC-01050,GST,18,7174.56,24678.0,6,Managed IT Services & AMC,998316,8907986617706
In-House Premium Cloud Infrastructure Management - Monthly AWS/Azure,SEC-01051,GST,18,4904.22,9825.0,39,Managed IT Services & AMC,998316,8902122355216
CrowdStrike Unified Data Loss Prevention (DLP) License - Enterprise Site License,SEC-01052,GST,18,20156.29,26956.0,257,Endpoint Security & Software Licenses,8523,8909218219259
Managed Next-Gen On-Site Support Engineer - Part-time/Month,SEC-01053,GST,18,9362.25,29574.0,22,Managed IT Services & AMC,998316,8903699848022
Juniper Wireless Access Point (WAP) - WiFi 6 Indoor,SEC-01054,GST,18,18181.18,20626.0,19,Hardware Firewalls & Networking,8517,8906948424959
Consulting Standard Vulnerability Assessment (VAPT) - Mobile App,SEC-01055,GST,18,22860.6,61216.0,39,Cybersecurity Consulting & Audits,998313,8908707152386
Managed Next-Gen Cloud Infrastructure Management - Monthly AWS/Azure,SEC-01056,GST,18,3968.39,11846.0,6,Managed IT Services & AMC,998316,8909746191779
Advisory Phishing Simulation & Training - Quarterly Campaign,SEC-01057,GST,18,10239.21,27182.0,36,Cybersecurity Consulting & Audits,998313,8902258937085
Audit Pro Phishing Simulation & Training - Quarterly Campaign,SEC-01058,GST,18,8086.41,24609.0,6,Cybersecurity Consulting & Audits,998313,8905669579001
Lenovo Secure Server Rack Cabinet - 24U Standard,SEC-01059,GST,18,37639.17,42918.0,7,Servers & Data Storage,8471,8908679632594
Supermicro Advanced 2U Storage Server - Large Capacity HDD,SEC-01060,GST,18,235725.53,285441.0,10,Servers & Data Storage,8471,8906338915624
SonicWall Next-Gen Wireless Access Point (WAP) - WiFi 6 Indoor,SEC-01061,GST,18,17588.26,21253.0,17,Hardware Firewalls & Networking,8517,8902562926933
Kaspersky Standard Email Security & Anti-Spam - Domain License,SEC-01062,GST,18,978.34,1368.0,308,Endpoint Security & Software Licenses,8523,8901865507846
Advisory Secure Vulnerability Assessment (VAPT) - Mobile App,SEC-01063,GST,18,24234.81,76570.0,23,Cybersecurity Consulting & Audits,998313,8904303491891
Palo Alto Advanced Network Load Balancer - Advanced Traffic Management,SEC-01064,GST,18,83865.53,98813.0,24,Hardware Firewalls & Networking,8517,8905934015364
Cisco Standard Wireless Access Point (WAP) - WiFi 6 Outdoor,SEC-01065,GST,18,15090.09,17341.0,5,Hardware Firewalls & Networking,8517,8903259367813
Managed Premium Network Monitoring Service (NOC) - Monthly Basic,SEC-01066,GST,18,11205.56,26878.0,14,Managed IT Services & AMC,998316,8901410527698
SonicWall Next-Gen Network Load Balancer - Advanced Traffic Management,SEC-01067,GST,18,82329.97,99609.0,6,Hardware Firewalls & Networking,8517,8907045238885
In-House Next-Gen Remote Helpdesk Support - Quarterly SLA,SEC-01068,GST,18,5621.5,18068.0,32,Managed IT Services & AMC,998316,8906059867874
SentinelOne Unified Enterprise Antivirus Suite - 1-User 1-Year,SEC-01069,GST,18,1771.06,2306.0,429,Endpoint Security & Software Licenses,8523,8904859655942
Audit Standard ISO 27001 Compliance Audit - Readiness Assessment,SEC-01070,GST,18,68478.42,180931.0,26,Cybersecurity Consulting & Audits,998313,8900200024539
Dell EMC Standard 2U Storage Server - Basic Array,SEC-01071,GST,18,146266.75,179948.0,4,Servers & Data Storage,8471,8903055708368
Supermicro Enterprise 1U Rack Server - Dual CPU 64GB,SEC-01072,GST,18,143970.39,169593.0,21,Servers & Data Storage,8471,8906699727367
Retained Advanced Network Monitoring Service (NOC) - Monthly Advanced Proactive,SEC-01073,GST,18,3742.82,8214.0,37,Managed IT Services & AMC,998316,8902543183281
HPE Pro 1U Rack Server - Intel Xeon 16GB,SEC-01074,GST,18,161221.03,198592.0,22,Servers & Data Storage,8471,8900491060183
Managed Pro Cloud Infrastructure Management - Monthly AWS/Azure,SEC-01075,GST,18,4300.17,11588.0,6,Managed IT Services & AMC,998316,8908276817225
Managed Secure Network Monitoring Service (NOC) - Monthly Advanced Proactive,SEC-01076,GST,18,3154.96,7567.0,13,Managed IT Services & AMC,998316,8906290529187
Retained Standard On-Site Support Engineer - Part-time/Month,SEC-01077,GST,18,9524.94,26899.0,16,Managed IT Services & AMC,998316,8907172173373
Consulting Premium Incident Response & Forensics - Retainer Setup,SEC-01078,GST,18,51154.68,115549.0,41,Cybersecurity Consulting & Audits,998313,8909936216591
Symantec Pro Email Security & Anti-Spam - Per Mailbox / Year,SEC-01079,GST,18,1480.61,1873.0,236,Endpoint Security & Software Licenses,8523,8903983584461
Retained Pro Cloud Infrastructure Management - Quarterly Audit & Fix,SEC-01080,GST,18,17005.95,44039.0,20,Managed IT Services & AMC,998316,8900954497912
Retained Premium On-Site Support Engineer - Full-time Dedicated/Month,SEC-01081,GST,18,17777.17,40203.0,9,Managed IT Services & AMC,998316,8902053978713
Retained Network Monitoring Service (NOC) - Monthly Basic,SEC-01082,GST,18,7835.71,26788.0,38,Managed IT Services & AMC,998316,8903220125608
HPE Enterprise 1U Rack Server - Intel Xeon 16GB,SEC-01083,GST,18,181098.12,212490.0,23,Servers & Data Storage,8471,8907888975358
Symantec Next-Gen Enterprise Antivirus Suite - Server Edition,SEC-01084,GST,18,1644.98,1994.0,478,Endpoint Security & Software Licenses,8523,8900304436199
CrowdStrike Secure Mobile Device Management (MDM) - Monthly per Device,SEC-01085,GST,18,236.9,292.0,157,Endpoint Security & Software Licenses,8523,8909102929501
Symantec Next-Gen Mobile Device Management (MDM) - Annual per Device,SEC-01086,GST,18,813.66,1076.0,150,Endpoint Security & Software Licenses,8523,8900967139719
Sophos Advanced VPN Gateway Appliance - Standard,SEC-01087,GST,18,88693.27,99100.0,7,Hardware Firewalls & Networking,8517,8901767201911
Palo Alto Advanced VPN Gateway Appliance - Standard,SEC-01088,GST,18,96553.52,106815.0,21,Hardware Firewalls & Networking,8517,8900725873393
Cisco Cloud-Managed Network Load Balancer - Basic,SEC-01089,GST,18,63018.21,71290.0,2,Hardware Firewalls & Networking,8517,8902748124211
CrowdStrike Next-Gen Email Security & Anti-Spam - Domain License,SEC-01090,GST,18,1029.64,1305.0,54,Endpoint Security & Software Licenses,8523,8909522946209
Supermicro Cloud-Managed Network Attached Storage (NAS) - 8-Bay Rackmount,SEC-01091,GST,18,49456.59,54892.0,25,Servers & Data Storage,8471,8900399529701
Synology Enterprise 1U Rack Server - Intel Xeon 16GB,SEC-01092,GST,18,129945.34,161168.0,19,Servers & Data Storage,8471,8905856423041
Dell EMC Premium 2U Storage Server - High IOPS NVMe,SEC-01093,GST,18,219018.3,252807.0,7,Servers & Data Storage,8471,8907387402990
Retained Cloud-Managed Comprehensive IT AMC - 11-50 PCs,SEC-01094,GST,18,48426.64,98479.0,19,Managed IT Services & AMC,998316,8902248155420
Supermicro Pro Network Attached Storage (NAS) - 4-Bay Desktop,SEC-01095,GST,18,33849.45,37320.0,13,Servers & Data Storage,8471,8906797564915
Retained Enterprise Network Monitoring Service (NOC) - Monthly Advanced Proactive,SEC-01096,GST,18,3138.06,7088.0,20,Managed IT Services & AMC,998316,8904712476010
Audit Standard Vulnerability Assessment (VAPT) - Mobile App,SEC-01097,GST,18,26107.76,53259.0,31,Cybersecurity Consulting & Audits,998313,8908317641726
Audit Next-Gen Incident Response & Forensics - Retainer Setup,SEC-01098,GST,18,32958.33,101846.0,28,Cybersecurity Consulting & Audits,998313,8907129015071
QNAP Unified 1U Rack Server - Dual CPU 64GB,SEC-01099,GST,18,138211.74,153150.0,24,Servers & Data Storage,8471,8903510458474
Synology Pro 2U Storage Server - Basic Array,SEC-01100,GST,18,102854.59,121859.0,7,Servers & Data Storage,8471,8905885766947
Sophos Premium Next-Generation Firewall (NGFW) - Enterprise Tier,SEC-01101,GST,18,290073.2,362581.0,8,Hardware Firewalls & Networking,8517,8909627466621
Kaspersky Pro Endpoint Detection and Response (EDR) - 1-Year 50 Devices,SEC-01102,GST,18,10204.53,13673.0,293,Endpoint Security & Software Licenses,8523,8900004666145
Audit Premium Vulnerability Assessment (VAPT) - Web Application,SEC-01103,GST,18,24381.7,66525.0,34,Cybersecurity Consulting & Audits,998313,8901400493881
Consulting Secure ISO 27001 Compliance Audit - Readiness Assessment,SEC-01104,GST,18,39670.47,138697.0,9,Cybersecurity Consulting & Audits,998313,8905204998094
Advisory Pro Phishing Simulation & Training - Annual Enterprise Program,SEC-01105,GST,18,30570.55,70251.0,42,Cybersecurity Consulting & Audits,998313,8907166984166
Sophos Enterprise Managed Gigabit Switch - 48-Port PoE,SEC-01106,GST,18,95223.79,111674.0,20,Hardware Firewalls & Networking,8517,8904332562389
Advisory Incident Response & Forensics - Retainer Setup,SEC-01107,GST,18,60714.42,122764.0,50,Cybersecurity Consulting & Audits,998313,8904262037087
Audit Cloud-Managed Vulnerability Assessment (VAPT) - Web Application,SEC-01108,GST,18,24037.58,53785.0,47,Cybersecurity Consulting & Audits,998313,8900418135998
Consulting Advanced Incident Response & Forensics - Per Incident Block Hours,SEC-01109,GST,18,70507.9,149847.0,33,Cybersecurity Consulting & Audits,998313,8900889480186
McAfee Advanced Email Security & Anti-Spam - Per Mailbox / Year,SEC-01110,GST,18,1370.27,1768.0,500,Endpoint Security & Software Licenses,8523,8905883978570
Audit Enterprise Vulnerability Assessment (VAPT) - Web Application,SEC-01111,GST,18,26464.31,69553.0,25,Cybersecurity Consulting & Audits,998313,8907123691496
Juniper Next-Gen Next-Generation Firewall (NGFW) - Entry Level,SEC-01112,GST,18,93322.98,112095.0,20,Hardware Firewalls & Networking,8517,8904296882769
Retained Premium Comprehensive IT AMC - 11-50 PCs,SEC-01113,GST,18,37352.3,87554.0,12,Managed IT Services & AMC,998316,8904196156078
HPE Next-Gen SAN Storage Array - All-Flash SAN,SEC-01114,GST,18,1172931.87,1348867.0,14,Servers & Data Storage,8471,8905179624096
SentinelOne Cloud-Managed Email Security & Anti-Spam - Domain License,SEC-01115,GST,18,1197.85,1610.0,363,Endpoint Security & Software Licenses,8523,8906047842170
QNAP Cloud-Managed Network Attached Storage (NAS) - 4-Bay Desktop,SEC-01116,GST,18,31433.21,39203.0,13,Servers & Data Storage,8471,8909364882089
Lenovo Next-Gen Server Rack Cabinet - 42U Heavy Duty,SEC-01117,GST,18,35436.66,40192.0,3,Servers & Data Storage,8471,8906246728799
Palo Alto Standard Next-Generation Firewall (NGFW) - Enterprise Tier,SEC-01118,GST,18,285058.31,316722.0,5,Hardware Firewalls & Networking,8517,8909359236133
Retained Secure Cloud Infrastructure Management - Monthly AWS/Azure,SEC-01119,GST,18,3764.53,8933.0,21,Managed IT Services & AMC,998316,8905881650254
Bitdefender Standard Enterprise Antivirus Suite - 5-User 1-Year,SEC-01120,GST,18,1723.46,2216.0,382,Endpoint Security & Software Licenses,8523,8900344096617
Retained Advanced Comprehensive IT AMC - Server & Network Included,SEC-01121,GST,18,31816.63,92008.0,41,Managed IT Services & AMC,998316,8908088067821
CrowdStrike Cloud-Managed Mobile Device Management (MDM) - Annual per Device,SEC-01122,GST,18,907.76,1270.0,453,Endpoint Security & Software Licenses,8523,8903592664869
Consulting Penetration Testing Service - Grey Box,SEC-01123,GST,18,30675.41,89812.0,33,Cybersecurity Consulting & Audits,998313,8904869415594
SentinelOne Standard Endpoint Detection and Response (EDR) - 1-Year 5 Devices,SEC-01124,GST,18,2222.43,2988.0,397,Endpoint Security & Software Licenses,8523,8902075360511
In-House Pro Cloud Infrastructure Management - Monthly AWS/Azure,SEC-01125,GST,18,4333.52,12163.0,40,Managed IT Services & AMC,998316,8906365362189
McAfee Premium Data Loss Prevention (DLP) License - Enterprise Site License,SEC-01126,GST,18,17500.1,21027.0,62,Endpoint Security & Software Licenses,8523,8909942489420
Bitdefender Next-Gen Mobile Device Management (MDM) - Annual per Device,SEC-01127,GST,18,1032.44,1328.0,260,Endpoint Security & Software Licenses,8523,8900564204565
Managed Network Monitoring Service (NOC) - Monthly Basic,SEC-01128,GST,18,6278.49,21532.0,25,Managed IT Services & AMC,998316,8903389062354
Managed Advanced Remote Helpdesk Support - Annual 24/7 SLA,SEC-01129,GST,18,7097.68,17778.0,23,Managed IT Services & AMC,998316,8900165995300
In-House Advanced Remote Helpdesk Support - Monthly Retainer,SEC-01130,GST,18,1156.91,2628.0,33,Managed IT Services & AMC,998316,8906774625916
Fortinet Enterprise Next-Generation Firewall (NGFW) - Entry Level,SEC-01131,GST,18,93194.79,103911.0,13,Hardware Firewalls & Networking,8517,8908488600801
Retained Unified On-Site Support Engineer - Full-time Dedicated/Month,SEC-01132,GST,18,14909.72,51997.0,13,Managed IT Services & AMC,998316,8903129957047
Supermicro Advanced SAN Storage Array - All-Flash SAN,SEC-01133,GST,18,1202254.03,1399121.0,6,Servers & Data Storage,8471,8901203843753
Managed Next-Gen On-Site Support Engineer - Full-time Dedicated/Month,SEC-01134,GST,18,13097.8,37082.0,45,Managed IT Services & AMC,998316,8902548242183
Advisory Enterprise ISO 27001 Compliance Audit - Full Implementation Support,SEC-01135,GST,18,102477.63,308840.0,32,Cybersecurity Consulting & Audits,998313,8904454752311
HPE Unified 2U Storage Server - Large Capacity HDD,SEC-01136,GST,18,199631.53,235683.0,25,Servers & Data Storage,8471,8907917763342
In-House Next-Gen Comprehensive IT AMC - 1-10 PCs,SEC-01137,GST,18,28258.46,85556.0,9,Managed IT Services & AMC,998316,8907508019630
McAfee Cloud-Managed Enterprise Antivirus Suite - 1-User 1-Year,SEC-01138,GST,18,1625.98,2209.0,167,Endpoint Security & Software Licenses,8523,8905882493534
Fortinet Standard Next-Generation Firewall (NGFW) - Enterprise Tier,SEC-01139,GST,18,374394.48,434092.0,17,Hardware Firewalls & Networking,8517,8908481652444
McAfee Premium Data Loss Prevention (DLP) License - Per 10 Users,SEC-01140,GST,18,8300.77,10310.0,323,Endpoint Security & Software Licenses,8523,8905179937810
Symantec Advanced Email Security & Anti-Spam - Per Mailbox / Year,SEC-01141,GST,18,1150.81,1602.0,312,Endpoint Security & Software Licenses,8523,8904869996988
Supermicro Enterprise Server Rack Cabinet - 24U Standard,SEC-01142,GST,18,39558.91,45381.0,20,Servers & Data Storage,8471,8902714724630
Juniper Enterprise Network Load Balancer - Advanced Traffic Management,SEC-01143,GST,18,95105.49,106502.0,8,Hardware Firewalls & Networking,8517,8908397283391
Dell EMC Premium Server Rack Cabinet - 42U Heavy Duty,SEC-01144,GST,18,28512.85,34858.0,20,Servers & Data Storage,8471,8903288098322
Fortinet Advanced Next-Generation Firewall (NGFW) - Entry Level,SEC-01145,GST,18,66770.47,82351.0,2,Hardware Firewalls & Networking,8517,8901867661008
Consulting Cloud-Managed Incident Response & Forensics - Per Incident Block Hours,SEC-01146,GST,18,36610.99,103302.0,23,Cybersecurity Consulting & Audits,998313,8903561403845
Supermicro Next-Gen 1U Rack Server - Enterprise 128GB,SEC-01147,GST,18,435084.97,529901.0,10,Servers & Data Storage,8471,8906823546951
Fortinet Premium Managed Gigabit Switch - 10G Uplink,SEC-01148,GST,18,29683.21,35998.0,7,Hardware Firewalls & Networking,8517,8900545967150
Palo Alto Cloud-Managed VPN Gateway Appliance - High Availability,SEC-01149,GST,18,71479.5,79419.0,22,Hardware Firewalls & Networking,8517,8906541134078
CrowdStrike Mobile Device Management (MDM) - Annual per Device,SEC-01150,GST,18,952.05,1242.0,57,Endpoint Security & Software Licenses,8523,8905836683482
Retained Advanced On-Site Support Engineer - Full-time Dedicated/Month,SEC-01151,GST,18,16639.83,44739.0,5,Managed IT Services & AMC,998316,8908386888917
Consulting Secure Phishing Simulation & Training - Quarterly Campaign,SEC-01152,GST,18,6361.19,20383.0,32,Cybersecurity Consulting & Audits,998313,8902571976093
Dell EMC Cloud-Managed 1U Rack Server - Intel Xeon 16GB,SEC-01153,GST,18,183851.46,223306.0,13,Servers & Data Storage,8471,8907898260418
Juniper Advanced Network Load Balancer - Advanced Traffic Management,SEC-01154,GST,18,125201.75,152445.0,13,Hardware Firewalls & Networking,8517,8905851777412
Managed Standard Cloud Infrastructure Management - Monthly AWS/Azure,SEC-01155,GST,18,2818.78,8483.0,46,Managed IT Services & AMC,998316,8908241996264
HPE Unified 2U Storage Server - Large Capacity HDD,SEC-01156,GST,18,203496.17,241783.0,16,Servers & Data Storage,8471,8900454218545
In-House Next-Gen Network Monitoring Service (NOC) - Monthly Advanced Proactive,SEC-01157,GST,18,1849.19,6042.0,14,Managed IT Services & AMC,998316,8902570900163
Bitdefender Unified Data Loss Prevention (DLP) License - Per User,SEC-01158,GST,18,5514.64,7530.0,192,Endpoint Security & Software Licenses,8523,8907282895400
Palo Alto Advanced Network Load Balancer - Basic,SEC-01159,GST,18,68235.86,82399.0,9,Hardware Firewalls & Networking,8517,8901261685071
Juniper Premium Wireless Access Point (WAP) - High-Density,SEC-01160,GST,18,12833.91,15223.0,2,Hardware Firewalls & Networking,8517,8909271152610
Symantec Mobile Device Management (MDM) - Monthly per Device,SEC-01161,GST,18,172.08,208.0,286,Endpoint Security & Software Licenses,8523,8901695007418
Advisory Enterprise Incident Response & Forensics - Per Incident Block Hours,SEC-01162,GST,18,36924.14,109620.0,41,Cybersecurity Consulting & Audits,998313,8908769893652
Advisory Standard ISO 27001 Compliance Audit - Full Implementation Support,SEC-01163,GST,18,121816.54,377516.0,44,Cybersecurity Consulting & Audits,998313,8908273481310
McAfee Secure Endpoint Detection and Response (EDR) - 1-Year 5 Devices,SEC-01164,GST,18,2405.47,3206.0,256,Endpoint Security & Software Licenses,8523,8903217435748
Lenovo Next-Gen 2U Storage Server - High IOPS NVMe,SEC-01165,GST,18,168842.33,207559.0,19,Servers & Data Storage,8471,8906067398344
Consulting Enterprise Penetration Testing Service - Grey Box,SEC-01166,GST,18,46649.43,115545.0,19,Cybersecurity Consulting & Audits,998313,8906462805507
Managed Secure Comprehensive IT AMC - 11-50 PCs,SEC-01167,GST,18,32739.79,81959.0,10,Managed IT Services & AMC,998316,8905623920908
SentinelOne Premium Data Loss Prevention (DLP) License - Per User,SEC-01168,GST,18,6639.71,8897.0,424,Endpoint Security & Software Licenses,8523,8900913111786
Ubiquiti Secure Next-Generation Firewall (NGFW) - Entry Level,SEC-01169,GST,18,89783.39,108245.0,16,Hardware Firewalls & Networking,8517,8906022069535
Trend Micro Advanced Endpoint Detection and Response (EDR) - 1-Year 50 Devices,SEC-01170,GST,18,10601.38,14615.0,391,Endpoint Security & Software Licenses,8523,8902275950026
Fortinet Secure Wireless Access Point (WAP) - WiFi 6 Indoor,SEC-01171,GST,18,13519.92,16331.0,7,Hardware Firewalls & Networking,8517,8905947950740
In-House Advanced Cloud Infrastructure Management - Monthly AWS/Azure,SEC-01172,GST,18,3650.95,10318.0,27,Managed IT Services & AMC,998316,8909503100649
Lenovo 1U Rack Server - Intel Xeon 16GB,SEC-01173,GST,18,135480.86,154667.0,6,Servers & Data Storage,8471,8900360894118
Trend Micro Pro Email Security & Anti-Spam - Per Mailbox / Year,SEC-01174,GST,18,1533.11,1943.0,365,Endpoint Security & Software Licenses,8523,8909285535952
Cisco Premium VPN Gateway Appliance - Standard,SEC-01175,GST,18,56663.26,70521.0,20,Hardware Firewalls & Networking,8517,8909006968018
Retained Enterprise Cloud Infrastructure Management - Quarterly Audit & Fix,SEC-01176,GST,18,13506.28,41102.0,20,Managed IT Services & AMC,998316,8907842339449
SentinelOne Premium Enterprise Antivirus Suite - 1-User 1-Year,SEC-01177,GST,18,1542.93,1993.0,438,Endpoint Security & Software Licenses,8523,8902550325017
Synology Advanced Network Attached Storage (NAS) - 8-Bay Rackmount,SEC-01178,GST,18,49864.01,56224.0,5,Servers & Data Storage,8471,8907842902923
Lenovo Standard Network Attached Storage (NAS) - 4-Bay Desktop,SEC-01179,GST,18,29835.36,36343.0,20,Servers & Data Storage,8471,8900605308868
Symantec Standard Endpoint Detection and Response (EDR) - 1-Year 5 Devices,SEC-01180,GST,18,1782.53,2279.0,162,Endpoint Security & Software Licenses,8523,8902904575988
Managed Standard On-Site Support Engineer - Part-time/Month,SEC-01181,GST,18,7698.8,23908.0,32,Managed IT Services & AMC,998316,8904260336202
Managed Standard Network Monitoring Service (NOC) - Monthly Basic,SEC-01182,GST,18,5607.55,19486.0,6,Managed IT Services & AMC,998316,8909207115238
Sophos Advanced Managed Gigabit Switch - 48-Port PoE,SEC-01183,GST,18,60961.74,74330.0,25,Hardware Firewalls & Networking,8517,8902158189705
Audit Standard Phishing Simulation & Training - Quarterly Campaign,SEC-01184,GST,18,11345.38,26289.0,28,Cybersecurity Consulting & Audits,998313,8905881959772
Palo Alto Premium Network Load Balancer - Basic,SEC-01185,GST,18,69586.48,84615.0,9,Hardware Firewalls & Networking,8517,8907893186928
Advisory Enterprise Penetration Testing Service - Grey Box,SEC-01186,GST,18,26158.09,86926.0,8,Cybersecurity Consulting & Audits,998313,8901822720028
QNAP Advanced Network Attached Storage (NAS) - 12-Bay Enterprise,SEC-01187,GST,18,102114.34,125172.0,9,Servers & Data Storage,8471,8902204144743
Supermicro Standard Server Rack Cabinet - Co-location Rack,SEC-01188,GST,18,23397.98,29156.0,13,Servers & Data Storage,8471,8909930202030
Trend Micro Advanced Enterprise Antivirus Suite - 1-User 1-Year,SEC-01189,GST,18,1344.17,1731.0,233,Endpoint Security & Software Licenses,8523,8902135302816
CrowdStrike Cloud-Managed Mobile Device Management (MDM) - Annual per Device,SEC-01190,GST,18,806.62,1078.0,472,Endpoint Security & Software Licenses,8523,8900593777569
Ubiquiti Advanced Network Load Balancer - Basic,SEC-01191,GST,18,70885.8,85245.0,22,Hardware Firewalls & Networking,8517,8902916174690
QNAP Standard Server Rack Cabinet - 24U Standard,SEC-01192,GST,18,40314.18,44522.0,9,Servers & Data Storage,8471,8908419662291
Dell EMC Premium SAN Storage Array - All-Flash SAN,SEC-01193,GST,18,1136919.04,1313180.0,19,Servers & Data Storage,8471,8905667063621
Consulting Secure Phishing Simulation & Training - Annual Enterprise Program,SEC-01194,GST,18,18068.33,51889.0,21,Cybersecurity Consulting & Audits,998313,8904076634933
Advisory Enterprise ISO 27001 Compliance Audit - Readiness Assessment,SEC-01195,GST,18,65698.31,168542.0,34,Cybersecurity Consulting & Audits,998313,8903226261142
Symantec Secure Mobile Device Management (MDM) - Monthly per Device,SEC-01196,GST,18,232.65,305.0,214,Endpoint Security & Software Licenses,8523,8904218808799
SonicWall Advanced Network Load Balancer - Advanced Traffic Management,SEC-01197,GST,18,111171.67,134368.0,24,Hardware Firewalls & Networking,8517,8901996433853
Supermicro Advanced Network Attached Storage (NAS) - 8-Bay Rackmount,SEC-01198,GST,18,46668.08,56002.0,13,Servers & Data Storage,8471,8908333430311
SentinelOne Cloud-Managed Email Security & Anti-Spam - Domain License,SEC-01199,GST,18,874.62,1221.0,186,Endpoint Security & Software Licenses,8523,8905769475769
Trend Micro Secure Data Loss Prevention (DLP) License - Per User,SEC-01200,GST,18,8474.99,10910.0,338,Endpoint Security & Software Licenses,8523,8907466986163
Symantec Secure Endpoint Detection and Response (EDR) - 1-Year 5 Devices,SEC-01201,GST,18,2113.04,2545.0,407,Endpoint Security & Software Licenses,8523,8900959481526
Audit ISO 27001 Compliance Audit - Full Implementation Support,SEC-01202,GST,18,151435.48,371491.0,33,Cybersecurity Consulting & Audits,998313,8902130742359
Cisco Standard Managed Gigabit Switch - 48-Port PoE,SEC-01203,GST,18,96968.44,110824.0,23,Hardware Firewalls & Networking,8517,8904893326145
Symantec Endpoint Detection and Response (EDR) - 1-Year 10 Devices,SEC-01204,GST,18,3400.53,4528.0,284,Endpoint Security & Software Licenses,8523,8903100817852
Dell EMC Next-Gen 1U Rack Server - Dual CPU 64GB,SEC-01205,GST,18,148855.38,184197.0,19,Servers & Data Storage,8471,8904523542687
McAfee Standard Mobile Device Management (MDM) - Monthly per Device,SEC-01206,GST,18,189.68,252.0,133,Endpoint Security & Software Licenses,8523,8900865237772
Advisory Cloud-Managed Phishing Simulation & Training - Annual Enterprise Program,SEC-01207,GST,18,20682.11,55884.0,12,Cybersecurity Consulting & Audits,998313,8904005278105
Trend Micro Premium Email Security & Anti-Spam - Per Mailbox / Year,SEC-01208,GST,18,990.74,1219.0,488,Endpoint Security & Software Licenses,8523,8902214257316
Ubiquiti Wireless Access Point (WAP) - WiFi 6 Indoor,SEC-01209,GST,18,18445.03,20631.0,8,Hardware Firewalls & Networking,8517,8906817203136
Advisory Next-Gen ISO 27001 Compliance Audit - Readiness Assessment,SEC-01210,GST,18,78695.14,178167.0,6,Cybersecurity Consulting & Audits,998313,8909297352595
HPE Advanced 2U Storage Server - Basic Array,SEC-01211,GST,18,138195.98,167995.0,16,Servers & Data Storage,8471,8903938992045
Retained Pro Remote Helpdesk Support - Quarterly SLA,SEC-01212,GST,18,4922.12,12969.0,10,Managed IT Services & AMC,998316,8908507610870
Audit Standard Phishing Simulation & Training - Annual Enterprise Program,SEC-01213,GST,18,23015.9,73890.0,17,Cybersecurity Consulting & Audits,998313,8906010712615
Audit Standard Incident Response & Forensics - Retainer Setup,SEC-01214,GST,18,56148.72,153819.0,45,Cybersecurity Consulting & Audits,998313,8906484673574
HPE Advanced 2U Storage Server - Basic Array,SEC-01215,GST,18,116191.15,130623.0,24,Servers & Data Storage,8471,8908019442589
Supermicro Secure 2U Storage Server - Basic Array,SEC-01216,GST,18,130021.59,150377.0,21,Servers & Data Storage,8471,8905350637311
Audit Unified ISO 27001 Compliance Audit - Full Implementation Support,SEC-01217,GST,18,108501.6,351709.0,5,Cybersecurity Consulting & Audits,998313,8907538418520
Sophos Cloud-Managed VPN Gateway Appliance - Standard,SEC-01218,GST,18,81693.76,96097.0,11,Hardware Firewalls & Networking,8517,8906397561547
Cisco Wireless Access Point (WAP) - WiFi 6 Outdoor,SEC-01219,GST,18,13367.76,15054.0,22,Hardware Firewalls & Networking,8517,8901516411955
Managed Standard Comprehensive IT AMC - Server & Network Included,SEC-01220,GST,18,33950.96,87049.0,18,Managed IT Services & AMC,998316,8909578752070
Dell EMC Cloud-Managed Network Attached Storage (NAS) - 4-Bay Desktop,SEC-01221,GST,18,48307.52,57969.0,4,Servers & Data Storage,8471,8909712124139
Supermicro Cloud-Managed SAN Storage Array - Hybrid Array,SEC-01222,GST,18,435188.15,515689.0,16,Servers & Data Storage,8471,8906098731267
In-House Advanced Comprehensive IT AMC - Server & Network Included,SEC-01223,GST,18,23261.52,69274.0,48,Managed IT Services & AMC,998316,8900759889786
Symantec Enterprise Antivirus Suite - Server Edition,SEC-01224,GST,18,1866.15,2500.0,208,Endpoint Security & Software Licenses,8523,8903191654308
Consulting Pro ISO 27001 Compliance Audit - Readiness Assessment,SEC-01225,GST,18,62533.57,129352.0,12,Cybersecurity Consulting & Audits,998313,8909150576449
Managed Premium Cloud Infrastructure Management - Monthly AWS/Azure,SEC-01226,GST,18,3042.61,8006.0,40,Managed IT Services & AMC,998316,8907644867649
Retained Standard Cloud Infrastructure Management - Quarterly Audit & Fix,SEC-01227,GST,18,21935.66,50495.0,27,Managed IT Services & AMC,998316,8906045006355
Synology 2U Storage Server - Basic Array,SEC-01228,GST,18,140768.64,175434.0,20,Servers & Data Storage,8471,8906927711952
Consulting Secure Phishing Simulation & Training - Quarterly Campaign,SEC-01229,GST,18,7420.58,22574.0,42,Cybersecurity Consulting & Audits,998313,8907025512827
Retained Enterprise Remote Helpdesk Support - Quarterly SLA,SEC-01230,GST,18,6498.56,13761.0,25,Managed IT Services & AMC,998316,8909489895965
Bitdefender Enterprise Mobile Device Management (MDM) - Monthly per Device,SEC-01231,GST,18,228.76,309.0,497,Endpoint Security & Software Licenses,8523,8904344149169
Consulting Pro Penetration Testing Service - Grey Box,SEC-01232,GST,18,32050.33,109520.0,21,Cybersecurity Consulting & Audits,998313,8904974394640
Consulting Advanced Incident Response & Forensics - Retainer Setup,SEC-01233,GST,18,37879.83,109472.0,37,Cybersecurity Consulting & Audits,998313,8906297398894
Sophos Premium Managed Gigabit Switch - 24-Port PoE,SEC-01234,GST,18,37445.31,45460.0,16,Hardware Firewalls & Networking,8517,8902021707548
Symantec Cloud-Managed Data Loss Prevention (DLP) License - Enterprise Site License,SEC-01235,GST,18,16173.52,20937.0,349,Endpoint Security & Software Licenses,8523,8902203004496
Bitdefender Endpoint Detection and Response (EDR) - 1-Year 5 Devices,SEC-01236,GST,18,2033.16,2462.0,64,Endpoint Security & Software Licenses,8523,8902512137565
Consulting Pro Incident Response & Forensics - Per Incident Block Hours,SEC-01237,GST,18,46226.11,115846.0,48,Cybersecurity Consulting & Audits,998313,8907086199314
Kaspersky Enterprise Data Loss Prevention (DLP) License - Per User,SEC-01238,GST,18,7626.77,9757.0,163,Endpoint Security & Software Licenses,8523,8901138850342
Synology Advanced 2U Storage Server - Large Capacity HDD,SEC-01239,GST,18,179535.88,204186.0,11,Servers & Data Storage,8471,8907424631043
Retained Next-Gen On-Site Support Engineer - Full-time Dedicated/Month,SEC-01240,GST,18,17489.9,52683.0,47,Managed IT Services & AMC,998316,8906800852946
Audit Standard Penetration Testing Service - Grey Box,SEC-01241,GST,18,29232.44,101098.0,33,Cybersecurity Consulting & Audits,998313,8904174304350
HPE Premium Server Rack Cabinet - 42U Heavy Duty,SEC-01242,GST,18,25247.49,30859.0,21,Servers & Data Storage,8471,8904665275233
QNAP Pro 2U Storage Server - Large Capacity HDD,SEC-01243,GST,18,182473.13,201165.0,12,Servers & Data Storage,8471,8906913303033
Bitdefender Standard Mobile Device Management (MDM) - Annual per Device,SEC-01244,GST,18,1143.26,1400.0,269,Endpoint Security & Software Licenses,8523,8907507627995
Symantec Enterprise Endpoint Detection and Response (EDR) - 1-Year 5 Devices,SEC-01245,GST,18,2436.15,3026.0,90,Endpoint Security & Software Licenses,8523,8902398472303
Trend Micro Advanced Enterprise Antivirus Suite - 1-User 1-Year,SEC-01246,GST,18,1656.74,2140.0,459,Endpoint Security & Software Licenses,8523,8909017222405
Palo Alto Next-Gen VPN Gateway Appliance - High Availability,SEC-01247,GST,18,72062.62,87659.0,5,Hardware Firewalls & Networking,8517,8907754619924
Palo Alto Next-Gen Wireless Access Point (WAP) - High-Density,SEC-01248,GST,18,13362.21,16447.0,16,Hardware Firewalls & Networking,8517,8902725812259
Juniper Cloud-Managed Network Load Balancer - Advanced Traffic Management,SEC-01249,GST,18,101394.29,119652.0,24,Hardware Firewalls & Networking,8517,8904823733791
Dell EMC Standard 2U Storage Server - Basic Array,SEC-01250,GST,18,173049.28,193449.0,16,Servers & Data Storage,8471,8908035869017
Juniper Premium VPN Gateway Appliance - High Availability,SEC-01251,GST,18,82195.06,101912.0,21,Hardware Firewalls & Networking,8517,8902519994529
Trend Micro Standard Endpoint Detection and Response (EDR) - 1-Year 10 Devices,SEC-01252,GST,18,3246.44,3988.0,302,Endpoint Security & Software Licenses,8523,8906433872205
Symantec Cloud-Managed Enterprise Antivirus Suite - 1-User 1-Year,SEC-01253,GST,18,1329.52,1776.0,400,Endpoint Security & Software Licenses,8523,8904963308334
McAfee Enterprise Mobile Device Management (MDM) - Monthly per Device,SEC-01254,GST,18,193.29,252.0,310,Endpoint Security & Software Licenses,8523,8909950470205
Consulting Standard Phishing Simulation & Training - Annual Enterprise Program,SEC-01255,GST,18,20868.94,69127.0,17,Cybersecurity Consulting & Audits,998313,8907749266329
Bitdefender Advanced Enterprise Antivirus Suite - 5-User 1-Year,SEC-01256,GST,18,1578.95,2052.0,213,Endpoint Security & Software Licenses,8523,8902259206165
Audit Advanced Penetration Testing Service - Grey Box,SEC-01257,GST,18,28688.05,73250.0,15,Cybersecurity Consulting & Audits,998313,8902941156302
Advisory Pro ISO 27001 Compliance Audit - Full Implementation Support,SEC-01258,GST,18,141648.59,381730.0,14,Cybersecurity Consulting & Audits,998313,8906294206615
Kaspersky Next-Gen Email Security & Anti-Spam - Per Mailbox / Year,SEC-01259,GST,18,1174.42,1455.0,420,Endpoint Security & Software Licenses,8523,8901380049832
Juniper Advanced Next-Generation Firewall (NGFW) - Entry Level,SEC-01260,GST,18,62275.93,76246.0,4,Hardware Firewalls & Networking,8517,8905481582686
Advisory Premium Phishing Simulation & Training - Annual Enterprise Program,SEC-01261,GST,18,18526.07,53249.0,38,Cybersecurity Consulting & Audits,998313,8905488064420
Juniper VPN Gateway Appliance - Standard,SEC-01262,GST,18,86834.21,107443.0,17,Hardware Firewalls & Networking,8517,8907873585664
Retained Network Monitoring Service (NOC) - Monthly Basic,SEC-01263,GST,18,9740.87,21371.0,23,Managed IT Services & AMC,998316,8902192622132
Cisco Enterprise Next-Generation Firewall (NGFW) - Entry Level,SEC-01264,GST,18,69721.58,79339.0,8,Hardware Firewalls & Networking,8517,8901478911797
Synology Server Rack Cabinet - Co-location Rack,SEC-01265,GST,18,39498.0,45093.0,24,Servers & Data Storage,8471,8908128318003
Managed Advanced Cloud Infrastructure Management - Monthly AWS/Azure,SEC-01266,GST,18,5507.79,11531.0,27,Managed IT Services & AMC,998316,8903285386310
Trend Micro Advanced Endpoint Detection and Response (EDR) - 1-Year 10 Devices,SEC-01267,GST,18,3055.34,4208.0,170,Endpoint Security & Software Licenses,8523,8908058269299
Fortinet Next-Gen VPN Gateway Appliance - High Availability,SEC-01268,GST,18,86825.37,97644.0,16,Hardware Firewalls & Networking,8517,8906332838963
Synology Standard SAN Storage Array - Hybrid Array,SEC-01269,GST,18,440422.52,526415.0,22,Servers & Data Storage,8471,8908626713684
Fortinet Advanced Next-Generation Firewall (NGFW) - Entry Level,SEC-01270,GST,18,83593.09,101872.0,8,Hardware Firewalls & Networking,8517,8903921883527
Consulting Unified Vulnerability Assessment (VAPT) - Mobile App,SEC-01271,GST,18,18367.15,62574.0,49,Cybersecurity Consulting & Audits,998313,8900677610659
Dell EMC Standard Server Rack Cabinet - Co-location Rack,SEC-01272,GST,18,35176.44,42985.0,9,Servers & Data Storage,8471,8901927976178
Cisco Network Load Balancer - Advanced Traffic Management,SEC-01273,GST,18,123021.74,147194.0,19,Hardware Firewalls & Networking,8517,8904572026656
Advisory Secure Penetration Testing Service - Grey Box,SEC-01274,GST,18,45703.05,97864.0,25,Cybersecurity Consulting & Audits,998313,8907349899255
QNAP Cloud-Managed Network Attached Storage (NAS) - 12-Bay Enterprise,SEC-01275,GST,18,113805.28,125340.0,16,Servers & Data Storage,8471,8904299074729
Managed Standard On-Site Support Engineer - Full-time Dedicated/Month,SEC-01276,GST,18,18594.33,53201.0,30,Managed IT Services & AMC,998316,8907080897474
Advisory Cloud-Managed Incident Response & Forensics - Per Incident Block Hours,SEC-01277,GST,18,32808.88,112548.0,17,Cybersecurity Consulting & Audits,998313,8909841673478
Symantec Cloud-Managed Mobile Device Management (MDM) - Monthly per Device,SEC-01278,GST,18,172.38,227.0,64,Endpoint Security & Software Licenses,8523,8904450928605
Dell EMC Cloud-Managed 1U Rack Server - Intel Xeon 16GB,SEC-01279,GST,18,133948.25,156559.0,14,Servers & Data Storage,8471,8906489008248
McAfee Pro Email Security & Anti-Spam - Per Mailbox / Year,SEC-01280,GST,18,872.44,1200.0,343,Endpoint Security & Software Licenses,8523,8908305748839
Consulting Standard Phishing Simulation & Training - Annual Enterprise Program,SEC-01281,GST,18,25644.9,67292.0,20,Cybersecurity Consulting & Audits,998313,8900275000305
Retained Cloud Infrastructure Management - Monthly AWS/Azure,SEC-01282,GST,18,3927.92,12443.0,27,Managed IT Services & AMC,998316,8903056418493
Retained Unified Network Monitoring Service (NOC) - Monthly Advanced Proactive,SEC-01283,GST,18,2757.1,7593.0,35,Managed IT Services & AMC,998316,8900187260013
Managed Pro Comprehensive IT AMC - 1-10 PCs,SEC-01284,GST,18,30635.09,74855.0,21,Managed IT Services & AMC,998316,8902990674568
Managed Premium Remote Helpdesk Support - Quarterly SLA,SEC-01285,GST,18,4663.17,14834.0,13,Managed IT Services & AMC,998316,8901559967256
HPE 2U Storage Server - Basic Array,SEC-01286,GST,18,106214.03,120594.0,22,Servers & Data Storage,8471,8904704747648
Trend Micro Data Loss Prevention (DLP) License - Per 10 Users,SEC-01287,GST,18,6017.49,7747.0,137,Endpoint Security & Software Licenses,8523,8901383507124
Trend Micro Standard Data Loss Prevention (DLP) License - Per User,SEC-01288,GST,18,5495.76,7506.0,355,Endpoint Security & Software Licenses,8523,8900036221173
Supermicro Advanced SAN Storage Array - All-Flash SAN,SEC-01289,GST,18,1109936.4,1265999.0,22,Servers & Data Storage,8471,8908395855852
QNAP Secure Network Attached Storage (NAS) - 4-Bay Desktop,SEC-01290,GST,18,31857.4,39149.0,5,Servers & Data Storage,8471,8906185759171
Cisco Premium Next-Generation Firewall (NGFW) - Enterprise Tier,SEC-01291,GST,18,309367.33,368114.0,10,Hardware Firewalls & Networking,8517,8907744735352
Bitdefender Standard Email Security & Anti-Spam - Domain License,SEC-01292,GST,18,1333.26,1825.0,110,Endpoint Security & Software Licenses,8523,8905949734493
Cisco Next-Gen Managed Gigabit Switch - 48-Port PoE,SEC-01293,GST,18,82390.33,93376.0,5,Hardware Firewalls & Networking,8517,8908361133892
In-House Next-Gen On-Site Support Engineer - Full-time Dedicated/Month,SEC-01294,GST,18,21230.22,48036.0,40,Managed IT Services & AMC,998316,8901527873048
In-House Secure Network Monitoring Service (NOC) - Monthly Basic,SEC-01295,GST,18,7011.89,18706.0,24,Managed IT Services & AMC,998316,8906535378018
Audit Unified ISO 27001 Compliance Audit - Full Implementation Support,SEC-01296,GST,18,138599.56,335248.0,29,Cybersecurity Consulting & Audits,998313,8907177629691
Symantec Advanced Enterprise Antivirus Suite - 5-User 1-Year,SEC-01297,GST,18,1663.73,2188.0,242,Endpoint Security & Software Licenses,8523,8906450999900
Fortinet Unified Network Load Balancer - Advanced Traffic Management,SEC-01298,GST,18,99472.65,109673.0,9,Hardware Firewalls & Networking,8517,8905211896844
Supermicro Enterprise Network Attached Storage (NAS) - 8-Bay Rackmount,SEC-01299,GST,18,44651.25,52563.0,18,Servers & Data Storage,8471,8904997957285
Managed Next-Gen On-Site Support Engineer - Full-time Dedicated/Month,SEC-01300,GST,18,13985.39,38844.0,12,Managed IT Services & AMC,998316,8909022179789
Juniper Next-Gen Managed Gigabit Switch - 48-Port PoE,SEC-01301,GST,18,78305.39,93645.0,16,Hardware Firewalls & Networking,8517,8901705984451
SentinelOne Unified Enterprise Antivirus Suite - 5-User 1-Year,SEC-01302,GST,18,1916.43,2361.0,250,Endpoint Security & Software Licenses,8523,8908112303885
Retained Comprehensive IT AMC - 1-10 PCs,SEC-01303,GST,18,21220.96,73830.0,36,Managed IT Services & AMC,998316,8908145900992
Palo Alto Secure VPN Gateway Appliance - Standard,SEC-01304,GST,18,68759.44,81414.0,15,Hardware Firewalls & Networking,8517,8906933515880
Retained Secure Comprehensive IT AMC - Server & Network Included,SEC-01305,GST,18,23855.8,71806.0,6,Managed IT Services & AMC,998316,8901193910382
Advisory Secure ISO 27001 Compliance Audit - Readiness Assessment,SEC-01306,GST,18,61824.74,146217.0,32,Cybersecurity Consulting & Audits,998313,8900908581810
McAfee Enterprise Endpoint Detection and Response (EDR) - 1-Year 5 Devices,SEC-01307,GST,18,1892.88,2446.0,255,Endpoint Security & Software Licenses,8523,8901587366271
Supermicro Network Attached Storage (NAS) - 12-Bay Enterprise,SEC-01308,GST,18,99008.45,112553.0,13,Servers & Data Storage,8471,8903900585615
Bitdefender Secure Enterprise Antivirus Suite - 1-User 1-Year,SEC-01309,GST,18,1804.14,2461.0,172,Endpoint Security & Software Licenses,8523,8909792551164
Synology Advanced Server Rack Cabinet - 24U Standard,SEC-01310,GST,18,34505.26,42671.0,17,Servers & Data Storage,8471,8907270289666
Cisco Advanced Managed Gigabit Switch - 48-Port PoE,SEC-01311,GST,18,80234.7,92804.0,10,Hardware Firewalls & Networking,8517,8904161019753
Kaspersky Enterprise Data Loss Prevention (DLP) License - Per 10 Users,SEC-01312,GST,18,5477.53,6982.0,113,Endpoint Security & Software Licenses,8523,8900388027304
Synology Cloud-Managed SAN Storage Array - Entry Level,SEC-01313,GST,18,211746.51,260148.0,5,Servers & Data Storage,8471,8904447189395
Dell EMC Server Rack Cabinet - 42U Heavy Duty,SEC-01314,GST,18,36080.58,41953.0,14,Servers & Data Storage,8471,8904909228849
Advisory Secure ISO 27001 Compliance Audit - Full Implementation Support,SEC-01315,GST,18,104882.49,320979.0,26,Cybersecurity Consulting & Audits,998313,8908727174306
Consulting Cloud-Managed Vulnerability Assessment (VAPT) - Web Application,SEC-01316,GST,18,24533.75,79272.0,7,Cybersecurity Consulting & Audits,998313,8903439881873
Advisory Next-Gen Phishing Simulation & Training - Annual Enterprise Program,SEC-01317,GST,18,24223.6,56951.0,30,Cybersecurity Consulting & Audits,998313,8904770413090
Audit Next-Gen ISO 27001 Compliance Audit - Readiness Assessment,SEC-01318,GST,18,54967.32,181943.0,6,Cybersecurity Consulting & Audits,998313,8902826254204
SonicWall Standard Managed Gigabit Switch - 24-Port PoE,SEC-01319,GST,18,32016.57,38696.0,13,Hardware Firewalls & Networking,8517,8907720441007
Consulting ISO 27001 Compliance Audit - Readiness Assessment,SEC-01320,GST,18,56578.24,136132.0,20,Cybersecurity Consulting & Audits,998313,8908109794122
Kaspersky Mobile Device Management (MDM) - Monthly per Device,SEC-01321,GST,18,213.48,280.0,127,Endpoint Security & Software Licenses,8523,8906496322517
SentinelOne Enterprise Enterprise Antivirus Suite - 1-User 1-Year,SEC-01322,GST,18,1181.14,1614.0,405,Endpoint Security & Software Licenses,8523,8903261189003
Bitdefender Standard Email Security & Anti-Spam - Domain License,SEC-01323,GST,18,1380.51,1716.0,293,Endpoint Security & Software Licenses,8523,8900286720200
Advisory Cloud-Managed Penetration Testing Service - White Box,SEC-01324,GST,18,49624.3,104465.0,28,Cybersecurity Consulting & Audits,998313,8903689005779
CrowdStrike Unified Endpoint Detection and Response (EDR) - 1-Year 5 Devices,SEC-01325,GST,18,1964.94,2489.0,458,Endpoint Security & Software Licenses,8523,8909007397130
In-House Standard Remote Helpdesk Support - Monthly Retainer,SEC-01326,GST,18,840.5,2706.0,41,Managed IT Services & AMC,998316,8900871672210
McAfee Cloud-Managed Data Loss Prevention (DLP) License - Enterprise Site License,SEC-01327,GST,18,18159.56,25419.0,106,Endpoint Security & Software Licenses,8523,8909281707443
In-House Enterprise Remote Helpdesk Support - Monthly Retainer,SEC-01328,GST,18,893.14,2840.0,13,Managed IT Services & AMC,998316,8902521602523
Advisory Premium Vulnerability Assessment (VAPT) - Web Application,SEC-01329,GST,18,28872.86,70959.0,33,Cybersecurity Consulting & Audits,998313,8907269032655
Sophos Cloud-Managed Managed Gigabit Switch - 48-Port PoE,SEC-01330,GST,18,62787.92,73452.0,11,Hardware Firewalls & Networking,8517,8908024559851
In-House Standard Remote Helpdesk Support - Monthly Retainer,SEC-01331,GST,18,1506.24,3262.0,39,Managed IT Services & AMC,998316,8909126864986
Bitdefender Next-Gen Email Security & Anti-Spam - Domain License,SEC-01332,GST,18,1392.22,1706.0,287,Endpoint Security & Software Licenses,8523,8906008844740
Consulting Next-Gen Penetration Testing Service - White Box,SEC-01333,GST,18,33459.25,115939.0,12,Cybersecurity Consulting & Audits,998313,8909074992164
Fortinet Cloud-Managed VPN Gateway Appliance - Standard,SEC-01334,GST,18,77579.81,93837.0,6,Hardware Firewalls & Networking,8517,8903534848647
Ubiquiti Pro Managed Gigabit Switch - 24-Port PoE,SEC-01335,GST,18,32265.13,38046.0,12,Hardware Firewalls & Networking,8517,8904622021237
Dell EMC Premium Network Attached Storage (NAS) - 8-Bay Rackmount,SEC-01336,GST,18,45931.31,55770.0,2,Servers & Data Storage,8471,8900008863467
QNAP Premium 1U Rack Server - Enterprise 128GB,SEC-01337,GST,18,306201.89,360756.0,20,Servers & Data Storage,8471,8901141600916
Consulting Advanced Penetration Testing Service - Black Box,SEC-01338,GST,18,44671.61,102848.0,34,Cybersecurity Consulting & Audits,998313,8909897906085
Kaspersky Cloud-Managed Endpoint Detection and Response (EDR) - 1-Year 50 Devices,SEC-01339,GST,18,9348.01,11700.0,175,Endpoint Security & Software Licenses,8523,8900009984336
Fortinet Standard Managed Gigabit Switch - 48-Port PoE,SEC-01340,GST,18,93905.97,110669.0,4,Hardware Firewalls & Networking,8517,8905198545829
Symantec Enterprise Endpoint Detection and Response (EDR) - 1-Year 5 Devices,SEC-01341,GST,18,2435.96,3247.0,85,Endpoint Security & Software Licenses,8523,8905353466075
Retained Enterprise On-Site Support Engineer - Full-time Dedicated/Month,SEC-01342,GST,18,16064.69,49095.0,30,Managed IT Services & AMC,998316,8906720108240
Supermicro Next-Gen Server Rack Cabinet - 24U Standard,SEC-01343,GST,18,27362.3,30664.0,9,Servers & Data Storage,8471,8908794026208
Kaspersky Enterprise Endpoint Detection and Response (EDR) - 1-Year 10 Devices,SEC-01344,GST,18,3729.27,5150.0,289,Endpoint Security & Software Licenses,8523,8903536423570
Cisco Next-Generation Firewall (NGFW) - Entry Level,SEC-01345,GST,18,62728.95,76262.0,6,Hardware Firewalls & Networking,8517,8908518161255
Audit Standard ISO 27001 Compliance Audit - Full Implementation Support,SEC-01346,GST,18,222657.43,465632.0,43,Cybersecurity Consulting & Audits,998313,8902304660012
Audit Unified Incident Response & Forensics - Retainer Setup,SEC-01347,GST,18,47409.43,101200.0,16,Cybersecurity Consulting & Audits,998313,8903296151204
Consulting Unified ISO 27001 Compliance Audit - Readiness Assessment,SEC-01348,GST,18,66026.24,175157.0,25,Cybersecurity Consulting & Audits,998313,8903446042276
Supermicro Premium Network Attached Storage (NAS) - 8-Bay Rackmount,SEC-01349,GST,18,34502.71,38409.0,9,Servers & Data Storage,8471,8900573472435
Advisory Cloud-Managed Vulnerability Assessment (VAPT) - Network Infrastructure,SEC-01350,GST,18,30907.36,69380.0,25,Cybersecurity Consulting & Audits,998313,8901272670866
Managed Advanced Cloud Infrastructure Management - Monthly AWS/Azure,SEC-01351,GST,18,4435.23,9380.0,44,Managed IT Services & AMC,998316,8907687849477
SonicWall Premium Managed Gigabit Switch - 10G Uplink,SEC-01352,GST,18,33947.85,39184.0,3,Hardware Firewalls & Networking,8517,8906184897422
Lenovo Enterprise Network Attached Storage (NAS) - 4-Bay Desktop,SEC-01353,GST,18,30777.34,37207.0,25,Servers & Data Storage,8471,8906821215649
Symantec Data Loss Prevention (DLP) License - Per 10 Users,SEC-01354,GST,18,8425.03,10139.0,254,Endpoint Security & Software Licenses,8523,8904411197388
Ubiquiti Pro Managed Gigabit Switch - 48-Port PoE,SEC-01355,GST,18,58410.23,70110.0,9,Hardware Firewalls & Networking,8517,8904359488218
Advisory Next-Gen Incident Response & Forensics - Per Incident Block Hours,SEC-01356,GST,18,37347.46,97392.0,21,Cybersecurity Consulting & Audits,998313,8900511021254
Supermicro Advanced Network Attached Storage (NAS) - 4-Bay Desktop,SEC-01357,GST,18,37632.33,41561.0,24,Servers & Data Storage,8471,8906049860372
SonicWall Premium Network Load Balancer - Advanced Traffic Management,SEC-01358,GST,18,137338.67,155247.0,3,Hardware Firewalls & Networking,8517,8903197899901
Juniper Premium Wireless Access Point (WAP) - WiFi 6 Indoor,SEC-01359,GST,18,13159.13,16289.0,17,Hardware Firewalls & Networking,8517,8901317197860
SonicWall Secure VPN Gateway Appliance - Standard,SEC-01360,GST,18,81389.43,97059.0,3,Hardware Firewalls & Networking,8517,8908419478550
Fortinet Secure Managed Gigabit Switch - 48-Port PoE,SEC-01361,GST,18,67634.5,79776.0,24,Hardware Firewalls & Networking,8517,8901072887807
Synology Pro Server Rack Cabinet - 24U Standard,SEC-01362,GST,18,29141.81,36189.0,5,Servers & Data Storage,8471,8906088197223
Consulting Unified Phishing Simulation & Training - Annual Enterprise Program,SEC-01363,GST,18,29952.93,65325.0,17,Cybersecurity Consulting & Audits,998313,8907530768102
Kaspersky Next-Gen Endpoint Detection and Response (EDR) - 1-Year 50 Devices,SEC-01364,GST,18,8706.85,11061.0,493,Endpoint Security & Software Licenses,8523,8908002443236
HPE 1U Rack Server - Dual CPU 64GB,SEC-01365,GST,18,118034.7,147425.0,21,Servers & Data Storage,8471,8906857467067
CrowdStrike Pro Mobile Device Management (MDM) - Monthly per Device,SEC-01366,GST,18,186.89,261.0,236,Endpoint Security & Software Licenses,8523,8902150164261
Palo Alto Pro Next-Generation Firewall (NGFW) - Entry Level,SEC-01367,GST,18,70879.9,88379.0,22,Hardware Firewalls & Networking,8517,8908424319839
Lenovo Next-Gen Server Rack Cabinet - 42U Heavy Duty,SEC-01368,GST,18,26418.67,29154.0,11,Servers & Data Storage,8471,8901691053021
CrowdStrike Secure Mobile Device Management (MDM) - Annual per Device,SEC-01369,GST,18,1055.95,1418.0,248,Endpoint Security & Software Licenses,8523,8904633953481
Fortinet Standard Wireless Access Point (WAP) - WiFi 6 Indoor,SEC-01370,GST,18,19558.08,22324.0,17,Hardware Firewalls & Networking,8517,8906427896157
QNAP Standard Network Attached Storage (NAS) - 8-Bay Rackmount,SEC-01371,GST,18,32148.03,39078.0,16,Servers & Data Storage,8471,8907512395978
Cisco Advanced Wireless Access Point (WAP) - WiFi 6 Outdoor,SEC-01372,GST,18,14334.72,17787.0,3,Hardware Firewalls & Networking,8517,8909723602446
SentinelOne Unified Data Loss Prevention (DLP) License - Per 10 Users,SEC-01373,GST,18,7281.32,8791.0,83,Endpoint Security & Software Licenses,8523,8907107308715
Managed Unified Cloud Infrastructure Management - Monthly AWS/Azure,SEC-01374,GST,18,5413.04,11323.0,11,Managed IT Services & AMC,998316,8907543802741
Kaspersky Unified Data Loss Prevention (DLP) License - Enterprise Site License,SEC-01375,GST,18,18906.3,24137.0,132,Endpoint Security & Software Licenses,8523,8909254686272
Consulting Unified ISO 27001 Compliance Audit - Readiness Assessment,SEC-01376,GST,18,63655.52,151246.0,5,Cybersecurity Consulting & Audits,998313,8907632713538
Managed Secure Cloud Infrastructure Management - Monthly AWS/Azure,SEC-01377,GST,18,4735.62,11019.0,38,Managed IT Services & AMC,998316,8906879060488
Retained Premium Remote Helpdesk Support - Monthly Retainer,SEC-01378,GST,18,1085.4,3441.0,20,Managed IT Services & AMC,998316,8904050892739
Retained Comprehensive IT AMC - 11-50 PCs,SEC-01379,GST,18,37127.45,98150.0,21,Managed IT Services & AMC,998316,8900535670789
Managed Enterprise Network Monitoring Service (NOC) - Monthly Advanced Proactive,SEC-01380,GST,18,1879.23,6156.0,42,Managed IT Services & AMC,998316,8900384227362
Retained Premium Remote Helpdesk Support - Monthly Retainer,SEC-01381,GST,18,1528.39,3459.0,46,Managed IT Services & AMC,998316,8902711175769
Palo Alto Advanced Next-Generation Firewall (NGFW) - Mid-Range,SEC-01382,GST,18,108628.09,124290.0,21,Hardware Firewalls & Networking,8517,8908514486983
Cisco Cloud-Managed Managed Gigabit Switch - 24-Port PoE,SEC-01383,GST,18,40610.09,44719.0,20,Hardware Firewalls & Networking,8517,8902202698014
Supermicro Unified SAN Storage Array - All-Flash SAN,SEC-01384,GST,18,1368713.32,1518016.0,19,Servers & Data Storage,8471,8900177031637
Cisco Enterprise Next-Generation Firewall (NGFW) - Entry Level,SEC-01385,GST,18,86845.97,98249.0,15,Hardware Firewalls & Networking,8517,8907244693172
Advisory Pro Phishing Simulation & Training - Annual Enterprise Program,SEC-01386,GST,18,39154.0,78621.0,19,Cybersecurity Consulting & Audits,998313,8909065402599
Advisory Vulnerability Assessment (VAPT) - Mobile App,SEC-01387,GST,18,20335.62,59117.0,13,Cybersecurity Consulting & Audits,998313,8907272812916
Lenovo 1U Rack Server - Dual CPU 64GB,SEC-01388,GST,18,196171.08,217539.0,15,Servers & Data Storage,8471,8906765272845
QNAP SAN Storage Array - All-Flash SAN,SEC-01389,GST,18,1235796.61,1468074.0,2,Servers & Data Storage,8471,8907088640675
In-House Next-Gen Remote Helpdesk Support - Monthly Retainer,SEC-01390,GST,18,786.06,2415.0,11,Managed IT Services & AMC,998316,8909290221543
Audit Next-Gen ISO 27001 Compliance Audit - Full Implementation Support,SEC-01391,GST,18,198513.84,407329.0,19,Cybersecurity Consulting & Audits,998313,8902253332023
CrowdStrike Secure Endpoint Detection and Response (EDR) - 1-Year 5 Devices,SEC-01392,GST,18,2485.54,3383.0,226,Endpoint Security & Software Licenses,8523,8900193545036
Consulting Pro Incident Response & Forensics - Per Incident Block Hours,SEC-01393,GST,18,42593.33,133427.0,20,Cybersecurity Consulting & Audits,998313,8903243629620
Audit Standard ISO 27001 Compliance Audit - Readiness Assessment,SEC-01394,GST,18,37540.91,129474.0,22,Cybersecurity Consulting & Audits,998313,8904129075965
Consulting Premium Incident Response & Forensics - Retainer Setup,SEC-01395,GST,18,43599.86,103074.0,36,Cybersecurity Consulting & Audits,998313,8906317749542
Fortinet VPN Gateway Appliance - Standard,SEC-01396,GST,18,88518.96,100932.0,4,Hardware Firewalls & Networking,8517,8909375919226
In-House Unified Remote Helpdesk Support - Monthly Retainer,SEC-01397,GST,18,959.52,2959.0,13,Managed IT Services & AMC,998316,8906475286461
Supermicro Cloud-Managed 1U Rack Server - Enterprise 128GB,SEC-01398,GST,18,316962.02,387105.0,9,Servers & Data Storage,8471,8900099284524
Sophos Standard Managed Gigabit Switch - 10G Uplink,SEC-01399,GST,18,24175.38,29099.0,12,Hardware Firewalls & Networking,8517,8905051432191
Symantec Unified Endpoint Detection and Response (EDR) - 1-Year 50 Devices,SEC-01400,GST,18,8897.36,11729.0,376,Endpoint Security & Software Licenses,8523,8902479254221
Consulting Enterprise Penetration Testing Service - Grey Box,SEC-01401,GST,18,33278.92,100273.0,49,Cybersecurity Consulting & Audits,998313,8908192048770
Managed Pro Cloud Infrastructure Management - Monthly AWS/Azure,SEC-01402,GST,18,3954.62,12403.0,42,Managed IT Services & AMC,998316,8909865159025
Retained Cloud-Managed On-Site Support Engineer - Full-time Dedicated/Month,SEC-01403,GST,18,12687.02,42186.0,26,Managed IT Services & AMC,998316,8908588382567
Synology Next-Gen 2U Storage Server - Basic Array,SEC-01404,GST,18,119384.49,139959.0,23,Servers & Data Storage,8471,8909254355196
QNAP Advanced 2U Storage Server - Basic Array,SEC-01405,GST,18,168182.24,185218.0,5,Servers & Data Storage,8471,8908256247286
QNAP Premium Network Attached Storage (NAS) - 4-Bay Desktop,SEC-01406,GST,18,30630.55,38039.0,7,Servers & Data Storage,8471,8903414992900
Consulting Advanced Phishing Simulation & Training - Annual Enterprise Program,SEC-01407,GST,18,28511.01,75984.0,13,Cybersecurity Consulting & Audits,998313,8906604509563
Dell EMC Premium SAN Storage Array - All-Flash SAN,SEC-01408,GST,18,891593.75,1011727.0,4,Servers & Data Storage,8471,8900193353892
HPE Standard Network Attached Storage (NAS) - 8-Bay Rackmount,SEC-01409,GST,18,31926.77,37954.0,14,Servers & Data Storage,8471,8900060827705
Managed Cloud-Managed Cloud Infrastructure Management - Monthly AWS/Azure,SEC-01410,GST,18,5837.18,12155.0,32,Managed IT Services & AMC,998316,8902643850095
Synology Enterprise 2U Storage Server - Basic Array,SEC-01411,GST,18,130087.84,151774.0,15,Servers & Data Storage,8471,8902313361094
Trend Micro Enterprise Endpoint Detection and Response (EDR) - 1-Year 10 Devices,SEC-01412,GST,18,3152.39,3909.0,100,Endpoint Security & Software Licenses,8523,8906544137277
Retained Cloud-Managed Network Monitoring Service (NOC) - Monthly Advanced Proactive,SEC-01413,GST,18,2790.85,8730.0,32,Managed IT Services & AMC,998316,8903494290461
Managed Next-Gen Network Monitoring Service (NOC) - Monthly Basic,SEC-01414,GST,18,11125.02,22580.0,10,Managed IT Services & AMC,998316,8907999324202
Kaspersky Enterprise Enterprise Antivirus Suite - 5-User 1-Year,SEC-01415,GST,18,1489.47,1867.0,443,Endpoint Security & Software Licenses,8523,8907234565386
Advisory Advanced Phishing Simulation & Training - Quarterly Campaign,SEC-01416,GST,18,10035.11,24487.0,39,Cybersecurity Consulting & Audits,998313,8905362689047
HPE Enterprise Server Rack Cabinet - 42U Heavy Duty,SEC-01417,GST,18,26416.46,29106.0,2,Servers & Data Storage,8471,8909538557421
Retained Secure Network Monitoring Service (NOC) - Monthly Basic,SEC-01418,GST,18,8602.78,24992.0,7,Managed IT Services & AMC,998316,8909378146047
Retained Pro Comprehensive IT AMC - 11-50 PCs,SEC-01419,GST,18,23942.15,82224.0,38,Managed IT Services & AMC,998316,8904437066187
Bitdefender Unified Data Loss Prevention (DLP) License - Per 10 Users,SEC-01420,GST,18,5349.84,7358.0,436,Endpoint Security & Software Licenses,8523,8903681541858
Consulting Advanced Vulnerability Assessment (VAPT) - Web Application,SEC-01421,GST,18,19699.1,66716.0,15,Cybersecurity Consulting & Audits,998313,8909108450786
Cisco Cloud-Managed Managed Gigabit Switch - 48-Port PoE,SEC-01422,GST,18,88415.76,102939.0,12,Hardware Firewalls & Networking,8517,8900337469833
Palo Alto Pro VPN Gateway Appliance - High Availability,SEC-01423,GST,18,59401.25,68946.0,24,Hardware Firewalls & Networking,8517,8901822266794
Ubiquiti Unified Next-Generation Firewall (NGFW) - Enterprise Tier,SEC-01424,GST,18,336093.4,395266.0,12,Hardware Firewalls & Networking,8517,8903859067396
Lenovo Next-Gen 2U Storage Server - Large Capacity HDD,SEC-01425,GST,18,233038.52,286700.0,18,Servers & Data Storage,8471,8907605504922
SonicWall Enterprise VPN Gateway Appliance - Standard,SEC-01426,GST,18,80678.62,95536.0,24,Hardware Firewalls & Networking,8517,8901867066320
Palo Alto Premium Managed Gigabit Switch - 10G Uplink,SEC-01427,GST,18,29242.24,36305.0,20,Hardware Firewalls & Networking,8517,8909289198271
Audit Pro Phishing Simulation & Training - Annual Enterprise Program,SEC-01428,GST,18,31549.69,74144.0,10,Cybersecurity Consulting & Audits,998313,8907086494269
Symantec Endpoint Detection and Response (EDR) - 1-Year 5 Devices,SEC-01429,GST,18,2073.0,2883.0,170,Endpoint Security & Software Licenses,8523,8901354901459
Advisory Cloud-Managed Phishing Simulation & Training - Quarterly Campaign,SEC-01430,GST,18,13117.68,27485.0,26,Cybersecurity Consulting & Audits,998313,8908730549824
QNAP Enterprise Server Rack Cabinet - Co-location Rack,SEC-01431,GST,18,34770.3,39527.0,3,Servers & Data Storage,8471,8902178167806
Retained Standard Network Monitoring Service (NOC) - Monthly Basic,SEC-01432,GST,18,6876.81,20409.0,42,Managed IT Services & AMC,998316,8900164928150
Synology Unified 1U Rack Server - Intel Xeon 16GB,SEC-01433,GST,18,125137.25,148896.0,6,Servers & Data Storage,8471,8906407030880
Consulting Advanced Vulnerability Assessment (VAPT) - Network Infrastructure,SEC-01434,GST,18,23296.85,65069.0,43,Cybersecurity Consulting & Audits,998313,8906824485007
QNAP Server Rack Cabinet - Co-location Rack,SEC-01435,GST,18,36133.89,44904.0,7,Servers & Data Storage,8471,8907411680691
Advisory Unified Vulnerability Assessment (VAPT) - Web Application,SEC-01436,GST,18,29654.59,65200.0,40,Cybersecurity Consulting & Audits,998313,8900820391702
In-House Enterprise Network Monitoring Service (NOC) - Monthly Advanced Proactive,SEC-01437,GST,18,1985.89,6364.0,29,Managed IT Services & AMC,998316,8902458701204
Lenovo Secure 2U Storage Server - Large Capacity HDD,SEC-01438,GST,18,190726.26,226869.0,20,Servers & Data Storage,8471,8901237530284
Advisory Pro Phishing Simulation & Training - Quarterly Campaign,SEC-01439,GST,18,9290.62,27626.0,33,Cybersecurity Consulting & Audits,998313,8900243652405
Symantec Next-Gen Mobile Device Management (MDM) - Annual per Device,SEC-01440,GST,18,1053.75,1412.0,467,Endpoint Security & Software Licenses,8523,8907540364882
Cisco Unified Network Load Balancer - Advanced Traffic Management,SEC-01441,GST,18,96005.26,110926.0,24,Hardware Firewalls & Networking,8517,8906623236066
Retained Enterprise On-Site Support Engineer - Full-time Dedicated/Month,SEC-01442,GST,18,22410.44,49169.0,42,Managed IT Services & AMC,998316,8904972204298
In-House Remote Helpdesk Support - Quarterly SLA,SEC-01443,GST,18,8255.9,16649.0,31,Managed IT Services & AMC,998316,8906179962356
Consulting Incident Response & Forensics - Retainer Setup,SEC-01444,GST,18,51944.65,150889.0,40,Cybersecurity Consulting & Audits,998313,8903358768877
Retained Cloud-Managed Remote Helpdesk Support - Quarterly SLA,SEC-01445,GST,18,5541.84,12093.0,21,Managed IT Services & AMC,998316,8908208493153
Consulting Standard Penetration Testing Service - Grey Box,SEC-01446,GST,18,36071.74,78964.0,5,Cybersecurity Consulting & Audits,998313,8900014407629
Juniper Pro Wireless Access Point (WAP) - High-Density,SEC-01447,GST,18,17939.11,22076.0,25,Hardware Firewalls & Networking,8517,8909134103897
Symantec Advanced Email Security & Anti-Spam - Domain License,SEC-01448,GST,18,926.22,1225.0,272,Endpoint Security & Software Licenses,8523,8905642240592
Ubiquiti Secure Managed Gigabit Switch - 24-Port PoE,SEC-01449,GST,18,38522.71,42554.0,17,Hardware Firewalls & Networking,8517,8906691948962
Consulting Secure Vulnerability Assessment (VAPT) - Mobile App,SEC-01450,GST,18,29612.35,65075.0,5,Cybersecurity Consulting & Audits,998313,8901753079661
Advisory Unified Incident Response & Forensics - Per Incident Block Hours,SEC-01451,GST,18,33423.99,105176.0,46,Cybersecurity Consulting & Audits,998313,8904043474125
Dell EMC 2U Storage Server - High IOPS NVMe,SEC-01452,GST,18,206313.29,239469.0,2,Servers & Data Storage,8471,8900777321750
Synology Advanced 1U Rack Server - Enterprise 128GB,SEC-01453,GST,18,514575.9,577350.0,12,Servers & Data Storage,8471,8909991938733
In-House Advanced Remote Helpdesk Support - Quarterly SLA,SEC-01454,GST,18,5515.49,18078.0,24,Managed IT Services & AMC,998316,8904748904760
Retained Advanced On-Site Support Engineer - Full-time Dedicated/Month,SEC-01455,GST,18,21605.29,53426.0,9,Managed IT Services & AMC,998316,8900765191708
CrowdStrike Advanced Mobile Device Management (MDM) - Monthly per Device,SEC-01456,GST,18,224.48,296.0,90,Endpoint Security & Software Licenses,8523,8904563409185
Audit Next-Gen ISO 27001 Compliance Audit - Full Implementation Support,SEC-01457,GST,18,141955.74,439123.0,11,Cybersecurity Consulting & Audits,998313,8905744965391
In-House Premium Cloud Infrastructure Management - Quarterly Audit & Fix,SEC-01458,GST,18,20458.49,41264.0,20,Managed IT Services & AMC,998316,8900454184039
Audit Next-Gen Penetration Testing Service - Black Box,SEC-01459,GST,18,31590.97,73086.0,29,Cybersecurity Consulting & Audits,998313,8906203858864
SonicWall Advanced VPN Gateway Appliance - Standard,SEC-01460,GST,18,75336.16,84649.0,24,Hardware Firewalls & Networking,8517,8905164693335
In-House Pro Remote Helpdesk Support - Monthly Retainer,SEC-01461,GST,18,1223.62,3307.0,21,Managed IT Services & AMC,998316,8900880670898
In-House Premium On-Site Support Engineer - Part-time/Month,SEC-01462,GST,18,11328.28,34817.0,43,Managed IT Services & AMC,998316,8909184311326
In-House Next-Gen Comprehensive IT AMC - 11-50 PCs,SEC-01463,GST,18,29917.99,75027.0,8,Managed IT Services & AMC,998316,8905263211960
Bitdefender Premium Enterprise Antivirus Suite - 1-User 1-Year,SEC-01464,GST,18,1449.86,1914.0,290,Endpoint Security & Software Licenses,8523,8900774544708
Supermicro Unified 2U Storage Server - Basic Array,SEC-01465,GST,18,154193.93,176304.0,25,Servers & Data Storage,8471,8901995394676
In-House Pro Cloud Infrastructure Management - Monthly AWS/Azure,SEC-01466,GST,18,3069.7,9634.0,29,Managed IT Services & AMC,998316,8900530261840
Lenovo Unified SAN Storage Array - Hybrid Array,SEC-01467,GST,18,324818.03,401484.0,18,Servers & Data Storage,8471,8906050630663
In-House Advanced Network Monitoring Service (NOC) - Monthly Basic,SEC-01468,GST,18,7348.42,24475.0,10,Managed IT Services & AMC,998316,8906409891039
Ubiquiti Premium Next-Generation Firewall (NGFW) - Entry Level,SEC-01469,GST,18,95322.37,108247.0,2,Hardware Firewalls & Networking,8517,8902520945237
Kaspersky Pro Mobile Device Management (MDM) - Annual per Device,SEC-01470,GST,18,1121.0,1474.0,472,Endpoint Security & Software Licenses,8523,8902600986027
SentinelOne Secure Mobile Device Management (MDM) - Annual per Device,SEC-01471,GST,18,888.68,1115.0,372,Endpoint Security & Software Licenses,8523,8909205489445
QNAP Next-Gen 1U Rack Server - Intel Xeon 16GB,SEC-01472,GST,18,122843.3,145466.0,24,Servers & Data Storage,8471,8908965583445
Managed Remote Helpdesk Support - Monthly Retainer,SEC-01473,GST,18,1404.66,3591.0,12,Managed IT Services & AMC,998316,8907970566036
Juniper Enterprise VPN Gateway Appliance - Standard,SEC-01474,GST,18,82407.45,91025.0,2,Hardware Firewalls & Networking,8517,8904726602351
Kaspersky Standard Data Loss Prevention (DLP) License - Per User,SEC-01475,GST,18,6767.97,8391.0,52,Endpoint Security & Software Licenses,8523,8901731671560
Kaspersky Secure Mobile Device Management (MDM) - Monthly per Device,SEC-01476,GST,18,165.45,207.0,88,Endpoint Security & Software Licenses,8523,8903395479406
Trend Micro Standard Data Loss Prevention (DLP) License - Per User,SEC-01477,GST,18,7666.29,9690.0,289,Endpoint Security & Software Licenses,8523,8909057191898
Managed Network Monitoring Service (NOC) - Monthly Advanced Proactive,SEC-01478,GST,18,2545.74,6352.0,12,Managed IT Services & AMC,998316,8908335974876
Audit Premium ISO 27001 Compliance Audit - Full Implementation Support,SEC-01479,GST,18,128694.39,444749.0,49,Cybersecurity Consulting & Audits,998313,8907718430192
Dell EMC Cloud-Managed Server Rack Cabinet - 42U Heavy Duty,SEC-01480,GST,18,32276.66,36555.0,6,Servers & Data Storage,8471,8909732396440
QNAP Pro 2U Storage Server - High IOPS NVMe,SEC-01481,GST,18,241659.81,295386.0,16,Servers & Data Storage,8471,8906992427739
HPE Advanced Server Rack Cabinet - 42U Heavy Duty,SEC-01482,GST,18,25373.66,28818.0,7,Servers & Data Storage,8471,8900914016933
QNAP Advanced Network Attached Storage (NAS) - 8-Bay Rackmount,SEC-01483,GST,18,35629.21,40779.0,23,Servers & Data Storage,8471,8901998290755
Cisco Secure Wireless Access Point (WAP) - High-Density,SEC-01484,GST,18,13417.35,15542.0,16,Hardware Firewalls & Networking,8517,8905699913831
Fortinet Pro VPN Gateway Appliance - High Availability,SEC-01485,GST,18,68616.8,77071.0,15,Hardware Firewalls & Networking,8517,8902277773316
Consulting Cloud-Managed Vulnerability Assessment (VAPT) - Network Infrastructure,SEC-01486,GST,18,26550.72,82179.0,6,Cybersecurity Consulting & Audits,998313,8907038503605
Advisory Next-Gen Penetration Testing Service - Grey Box,SEC-01487,GST,18,48947.57,107827.0,23,Cybersecurity Consulting & Audits,998313,8901074027406
Managed Cloud-Managed On-Site Support Engineer - Part-time/Month,SEC-01488,GST,18,12562.88,27721.0,41,Managed IT Services & AMC,998316,8900620036385
Managed Enterprise Cloud Infrastructure Management - Monthly AWS/Azure,SEC-01489,GST,18,4526.64,10868.0,43,Managed IT Services & AMC,998316,8907931839979
Consulting Enterprise ISO 27001 Compliance Audit - Readiness Assessment,SEC-01490,GST,18,53906.73,164906.0,32,Cybersecurity Consulting & Audits,998313,8900995504932
Managed Advanced Network Monitoring Service (NOC) - Monthly Basic,SEC-01491,GST,18,7792.09,18184.0,42,Managed IT Services & AMC,998316,8904612128981
Cisco Next-Gen Network Load Balancer - Advanced Traffic Management,SEC-01492,GST,18,133986.45,151967.0,2,Hardware Firewalls & Networking,8517,8900127622398
Bitdefender Advanced Data Loss Prevention (DLP) License - Per User,SEC-01493,GST,18,6142.1,8249.0,432,Endpoint Security & Software Licenses,8523,8908718882237
Consulting Premium Incident Response & Forensics - Per Incident Block Hours,SEC-01494,GST,18,41060.53,115790.0,23,Cybersecurity Consulting & Audits,998313,8901680613495
Managed Cloud-Managed Cloud Infrastructure Management - Quarterly Audit & Fix,SEC-01495,GST,18,13451.7,40613.0,37,Managed IT Services & AMC,998316,8906794963830
Advisory Cloud-Managed Penetration Testing Service - Black Box,SEC-01496,GST,18,52108.27,108179.0,39,Cybersecurity Consulting & Audits,998313,8900926166201
Managed Unified Network Monitoring Service (NOC) - Monthly Advanced Proactive,SEC-01497,GST,18,3063.77,7995.0,22,Managed IT Services & AMC,998316,8905786555751
Lenovo Enterprise SAN Storage Array - All-Flash SAN,SEC-01498,GST,18,905880.86,1003576.0,18,Servers & Data Storage,8471,8907586824051
Managed Secure Network Monitoring Service (NOC) - Monthly Advanced Proactive,SEC-01499,GST,18,2639.78,5973.0,21,Managed IT Services & AMC,998316,8904418997402
HPE Next-Gen Server Rack Cabinet - 42U Heavy Duty,SEC-01500,GST,18,41238.1,45467.0,9,Servers & Data Storage,8471,8905701703630
Advisory Pro ISO 27001 Compliance Audit - Readiness Assessment,SEC-01501,GST,18,60551.39,158452.0,16,Cybersecurity Consulting & Audits,998313,8900508983094
Sophos Wireless Access Point (WAP) - High-Density,SEC-01502,GST,18,11936.42,14509.0,22,Hardware Firewalls & Networking,8517,8901979797245
QNAP Pro Network Attached Storage (NAS) - 4-Bay Desktop,SEC-01503,GST,18,37063.68,44158.0,18,Servers & Data Storage,8471,8900450735674
Audit Unified Incident Response & Forensics - Per Incident Block Hours,SEC-01504,GST,18,39187.34,134413.0,41,Cybersecurity Consulting & Audits,998313,8904059802602
Advisory Premium ISO 27001 Compliance Audit - Readiness Assessment,SEC-01505,GST,18,52141.9,180107.0,27,Cybersecurity Consulting & Audits,998313,8908925849073
Symantec Standard Endpoint Detection and Response (EDR) - 1-Year 5 Devices,SEC-01506,GST,18,2267.85,2921.0,285,Endpoint Security & Software Licenses,8523,8907486759514
Ubiquiti Next-Gen VPN Gateway Appliance - High Availability,SEC-01507,GST,18,87300.7,98669.0,18,Hardware Firewalls & Networking,8517,8908295868419
In-House Pro Remote Helpdesk Support - Annual 24/7 SLA,SEC-01508,GST,18,3973.93,13262.0,6,Managed IT Services & AMC,998316,8905869427674
Audit Pro Vulnerability Assessment (VAPT) - Network Infrastructure,SEC-01509,GST,18,29016.0,74743.0,16,Cybersecurity Consulting & Audits,998313,8909315181788
Lenovo Secure 2U Storage Server - High IOPS NVMe,SEC-01510,GST,18,255568.54,302713.0,15,Servers & Data Storage,8471,8909890623272
Supermicro Unified SAN Storage Array - Entry Level,SEC-01511,GST,18,268707.19,333701.0,2,Servers & Data Storage,8471,8902237900654
Consulting Next-Gen Phishing Simulation & Training - Quarterly Campaign,SEC-01512,GST,18,8709.45,23507.0,33,Cybersecurity Consulting & Audits,998313,8909541767553
Consulting Next-Gen Vulnerability Assessment (VAPT) - Mobile App,SEC-01513,GST,18,35097.56,72290.0,33,Cybersecurity Consulting & Audits,998313,8903781591579
Ubiquiti Secure Network Load Balancer - Advanced Traffic Management,SEC-01514,GST,18,106269.01,126596.0,24,Hardware Firewalls & Networking,8517,8906268384887
In-House Advanced On-Site Support Engineer - Part-time/Month,SEC-01515,GST,18,11411.65,34553.0,30,Managed IT Services & AMC,998316,8901239612190
Trend Micro Next-Gen Endpoint Detection and Response (EDR) - 1-Year 50 Devices,SEC-01516,GST,18,6899.86,9561.0,381,Endpoint Security & Software Licenses,8523,8908861820706
Retained Standard On-Site Support Engineer - Part-time/Month,SEC-01517,GST,18,7722.97,22236.0,19,Managed IT Services & AMC,998316,8907298268933
Trend Micro Enterprise Email Security & Anti-Spam - Domain License,SEC-01518,GST,18,1282.9,1656.0,73,Endpoint Security & Software Licenses,8523,8903506757896
Consulting Secure Penetration Testing Service - Black Box,SEC-01519,GST,18,32948.48,87944.0,36,Cybersecurity Consulting & Audits,998313,8907312315550
Bitdefender Advanced Endpoint Detection and Response (EDR) - 1-Year 10 Devices,SEC-01520,GST,18,3868.32,5048.0,366,Endpoint Security & Software Licenses,8523,8909384440458
Audit Enterprise Vulnerability Assessment (VAPT) - Web Application,SEC-01521,GST,18,16231.02,54076.0,8,Cybersecurity Consulting & Audits,998313,8901235036871
Trend Micro Premium Mobile Device Management (MDM) - Monthly per Device,SEC-01522,GST,18,203.48,262.0,496,Endpoint Security & Software Licenses,8523,8907978023445
Retained Cloud-Managed Network Monitoring Service (NOC) - Monthly Advanced Proactive,SEC-01523,GST,18,3150.86,9017.0,23,Managed IT Services & AMC,998316,8900366401632
Advisory Unified Phishing Simulation & Training - Quarterly Campaign,SEC-01524,GST,18,11383.94,26325.0,12,Cybersecurity Consulting & Audits,998313,8905975729273
Ubiquiti Premium VPN Gateway Appliance - Standard,SEC-01525,GST,18,60278.65,73810.0,12,Hardware Firewalls & Networking,8517,8908542332416
CrowdStrike Enterprise Email Security & Anti-Spam - Domain License,SEC-01526,GST,18,1217.52,1603.0,458,Endpoint Security & Software Licenses,8523,8906073446746
Supermicro 1U Rack Server - Dual CPU 64GB,SEC-01527,GST,18,154138.85,176106.0,4,Servers & Data Storage,8471,8907491617050
HPE Standard 1U Rack Server - Enterprise 128GB,SEC-01528,GST,18,381316.19,451010.0,22,Servers & Data Storage,8471,8904134476094
Audit Enterprise Phishing Simulation & Training - Annual Enterprise Program,SEC-01529,GST,18,14539.82,50807.0,42,Cybersecurity Consulting & Audits,998313,8902864330265
Ubiquiti Advanced Network Load Balancer - Advanced Traffic Management,SEC-01530,GST,18,83491.15,102995.0,15,Hardware Firewalls & Networking,8517,8906771966661
Sophos Cloud-Managed Wireless Access Point (WAP) - High-Density,SEC-01531,GST,18,19827.75,22637.0,3,Hardware Firewalls & Networking,8517,8902223499801
Supermicro Next-Gen SAN Storage Array - All-Flash SAN,SEC-01532,GST,18,978330.84,1137942.0,13,Servers & Data Storage,8471,8909017791524
SentinelOne Enterprise Mobile Device Management (MDM) - Monthly per Device,SEC-01533,GST,18,171.53,227.0,158,Endpoint Security & Software Licenses,8523,8903517465642
In-House Cloud-Managed Comprehensive IT AMC - Server & Network Included,SEC-01534,GST,18,23614.73,73853.0,29,Managed IT Services & AMC,998316,8903199569559
Supermicro Unified 2U Storage Server - High IOPS NVMe,SEC-01535,GST,18,200430.19,246954.0,4,Servers & Data Storage,8471,8904900385025
CrowdStrike Enterprise Enterprise Antivirus Suite - 5-User 1-Year,SEC-01536,GST,18,2018.12,2525.0,331,Endpoint Security & Software Licenses,8523,8906722883904
In-House Enterprise Remote Helpdesk Support - Monthly Retainer,SEC-01537,GST,18,1569.19,3788.0,49,Managed IT Services & AMC,998316,8901574932511
Trend Micro Next-Gen Email Security & Anti-Spam - Domain License,SEC-01538,GST,18,1204.92,1588.0,212,Endpoint Security & Software Licenses,8523,8903120409543
Managed Standard Cloud Infrastructure Management - Quarterly Audit & Fix,SEC-01539,GST,18,25435.45,52846.0,38,Managed IT Services & AMC,998316,8905800187314
QNAP Standard 1U Rack Server - Dual CPU 64GB,SEC-01540,GST,18,200829.77,228449.0,15,Servers & Data Storage,8471,8907862107818
In-House Cloud-Managed Comprehensive IT AMC - Server & Network Included,SEC-01541,GST,18,35979.63,89234.0,24,Managed IT Services & AMC,998316,8902570680269
HPE Enterprise 1U Rack Server - Dual CPU 64GB,SEC-01542,GST,18,132178.87,160129.0,2,Servers & Data Storage,8471,8906002302865
Trend Micro Secure Endpoint Detection and Response (EDR) - 1-Year 50 Devices,SEC-01543,GST,18,11526.36,14150.0,197,Endpoint Security & Software Licenses,8523,8901142066701
CrowdStrike Data Loss Prevention (DLP) License - Per 10 Users,SEC-01544,GST,18,7648.16,9207.0,490,Endpoint Security & Software Licenses,8523,8906633822224
Fortinet Wireless Access Point (WAP) - WiFi 6 Indoor,SEC-01545,GST,18,12981.3,15574.0,3,Hardware Firewalls & Networking,8517,8905620190113
Kaspersky Pro Data Loss Prevention (DLP) License - Per User,SEC-01546,GST,18,7466.36,9247.0,378,Endpoint Security & Software Licenses,8523,8902528613239
McAfee Secure Mobile Device Management (MDM) - Annual per Device,SEC-01547,GST,18,821.66,1036.0,306,Endpoint Security & Software Licenses,8523,8906449760249
Advisory Enterprise Phishing Simulation & Training - Quarterly Campaign,SEC-01548,GST,18,10651.07,22173.0,42,Cybersecurity Consulting & Audits,998313,8905367734985
QNAP Secure SAN Storage Array - Entry Level,SEC-01549,GST,18,247266.08,300715.0,12,Servers & Data Storage,8471,8902665591476
Lenovo Next-Gen 2U Storage Server - Large Capacity HDD,SEC-01550,GST,18,167746.02,207572.0,15,Servers & Data Storage,8471,8904147533695
Lenovo Cloud-Managed SAN Storage Array - All-Flash SAN,SEC-01551,GST,18,1107846.51,1271439.0,9,Servers & Data Storage,8471,8905389629853
Lenovo Cloud-Managed 2U Storage Server - Large Capacity HDD,SEC-01552,GST,18,220154.03,261732.0,11,Servers & Data Storage,8471,8901571276383
McAfee Enterprise Enterprise Antivirus Suite - Server Edition,SEC-01553,GST,18,1588.84,2011.0,433,Endpoint Security & Software Licenses,8523,8906390616824
Advisory Incident Response & Forensics - Retainer Setup,SEC-01554,GST,18,39742.02,132505.0,39,Cybersecurity Consulting & Audits,998313,8901615381168
Supermicro Premium SAN Storage Array - Entry Level,SEC-01555,GST,18,235598.63,276726.0,8,Servers & Data Storage,8471,8907260720148
Advisory Next-Gen Phishing Simulation & Training - Quarterly Campaign,SEC-01556,GST,18,12094.67,31203.0,22,Cybersecurity Consulting & Audits,998313,8909312146394
Managed Enterprise Remote Helpdesk Support - Quarterly SLA,SEC-01557,GST,18,5855.59,18287.0,45,Managed IT Services & AMC,998316,8902645633917
Supermicro Enterprise Server Rack Cabinet - Co-location Rack,SEC-01558,GST,18,24323.91,28199.0,20,Servers & Data Storage,8471,8904811266497
Ubiquiti Premium VPN Gateway Appliance - High Availability,SEC-01559,GST,18,69320.9,85497.0,9,Hardware Firewalls & Networking,8517,8903539101612
SentinelOne Standard Email Security & Anti-Spam - Per Mailbox / Year,SEC-01560,GST,18,1117.08,1501.0,340,Endpoint Security & Software Licenses,8523,8909490133344
Synology Pro SAN Storage Array - All-Flash SAN,SEC-01561,GST,18,1400578.67,1598123.0,5,Servers & Data Storage,8471,8904098410167
Audit Enterprise Vulnerability Assessment (VAPT) - Web Application,SEC-01562,GST,18,38158.17,81533.0,30,Cybersecurity Consulting & Audits,998313,8900499100420
QNAP Cloud-Managed Server Rack Cabinet - 42U Heavy Duty,SEC-01563,GST,18,38084.5,44202.0,19,Servers & Data Storage,8471,8900199034213
Kaspersky Next-Gen Data Loss Prevention (DLP) License - Per 10 Users,SEC-01564,GST,18,6424.69,7910.0,80,Endpoint Security & Software Licenses,8523,8903531607917
Audit Cloud-Managed Penetration Testing Service - Grey Box,SEC-01565,GST,18,30027.09,74644.0,35,Cybersecurity Consulting & Audits,998313,8901171321940
Lenovo Premium SAN Storage Array - Hybrid Array,SEC-01566,GST,18,355176.31,440393.0,19,Servers & Data Storage,8471,8901411287452
Retained Pro Comprehensive IT AMC - Server & Network Included,SEC-01567,GST,18,37864.84,102790.0,37,Managed IT Services & AMC,998316,8905764639138
Fortinet VPN Gateway Appliance - High Availability,SEC-01568,GST,18,91146.39,109252.0,14,Hardware Firewalls & Networking,8517,8901942321540
SonicWall Secure Managed Gigabit Switch - 24-Port PoE,SEC-01569,GST,18,28717.81,31811.0,21,Hardware Firewalls & Networking,8517,8906261684552
Symantec Standard Mobile Device Management (MDM) - Annual per Device,SEC-01570,GST,18,724.41,961.0,194,Endpoint Security & Software Licenses,8523,8907179899488
Bitdefender Next-Gen Mobile Device Management (MDM) - Annual per Device,SEC-01571,GST,18,936.74,1302.0,163,Endpoint Security & Software Licenses,8523,8900051956756
Lenovo Enterprise Network Attached Storage (NAS) - 12-Bay Enterprise,SEC-01572,GST,18,113919.6,139866.0,7,Servers & Data Storage,8471,8907172662565
Cisco Unified VPN Gateway Appliance - Standard,SEC-01573,GST,18,62325.96,68959.0,11,Hardware Firewalls & Networking,8517,8904130686240
Advisory Premium Vulnerability Assessment (VAPT) - Web Application,SEC-01574,GST,18,24050.78,83473.0,31,Cybersecurity Consulting & Audits,998313,8906890417282
Palo Alto Pro VPN Gateway Appliance - Standard,SEC-01575,GST,18,79980.44,89314.0,13,Hardware Firewalls & Networking,8517,8902232822282
CrowdStrike Unified Email Security & Anti-Spam - Domain License,SEC-01576,GST,18,1173.74,1445.0,148,Endpoint Security & Software Licenses,8523,8905999400410
Advisory Pro Phishing Simulation & Training - Quarterly Campaign,SEC-01577,GST,18,7773.67,24663.0,50,Cybersecurity Consulting & Audits,998313,8901350535722
Consulting Cloud-Managed Penetration Testing Service - Black Box,SEC-01578,GST,18,28728.41,85017.0,47,Cybersecurity Consulting & Audits,998313,8905780978302
Audit Enterprise Vulnerability Assessment (VAPT) - Web Application,SEC-01579,GST,18,22753.41,55326.0,50,Cybersecurity Consulting & Audits,998313,8905341952814
Bitdefender Unified Email Security & Anti-Spam - Domain License,SEC-01580,GST,18,1028.5,1416.0,115,Endpoint Security & Software Licenses,8523,8908021889306
Lenovo Premium SAN Storage Array - Hybrid Array,SEC-01581,GST,18,501209.03,568422.0,19,Servers & Data Storage,8471,8909121397436
Consulting Secure Vulnerability Assessment (VAPT) - Network Infrastructure,SEC-01582,GST,18,20355.96,69958.0,36,Cybersecurity Consulting & Audits,998313,8905994084290
Retained Enterprise Cloud Infrastructure Management - Monthly AWS/Azure,SEC-01583,GST,18,4393.14,9796.0,43,Managed IT Services & AMC,998316,8908606106567
HPE Secure SAN Storage Array - All-Flash SAN,SEC-01584,GST,18,1154587.14,1277533.0,14,Servers & Data Storage,8471,8905276136814
Consulting Secure Vulnerability Assessment (VAPT) - Web Application,SEC-01585,GST,18,29126.28,59148.0,22,Cybersecurity Consulting & Audits,998313,8903769929644
Bitdefender Secure Mobile Device Management (MDM) - Monthly per Device,SEC-01586,GST,18,211.4,288.0,322,Endpoint Security & Software Licenses,8523,8904232423480
Cisco Advanced Next-Generation Firewall (NGFW) - Mid-Range,SEC-01587,GST,18,118446.52,143086.0,12,Hardware Firewalls & Networking,8517,8903691585574
Audit Unified Phishing Simulation & Training - Quarterly Campaign,SEC-01588,GST,18,10528.24,27039.0,15,Cybersecurity Consulting & Audits,998313,8904257033329
Trend Micro Secure Email Security & Anti-Spam - Domain License,SEC-01589,GST,18,1073.57,1336.0,92,Endpoint Security & Software Licenses,8523,8905828630402
Advisory Phishing Simulation & Training - Quarterly Campaign,SEC-01590,GST,18,10323.46,27501.0,11,Cybersecurity Consulting & Audits,998313,8907429220416
Retained Secure Remote Helpdesk Support - Monthly Retainer,SEC-01591,GST,18,1187.66,3427.0,30,Managed IT Services & AMC,998316,8906937063250
Dell EMC Advanced 2U Storage Server - Large Capacity HDD,SEC-01592,GST,18,229207.7,262514.0,13,Servers & Data Storage,8471,8900220619019
Supermicro Secure 2U Storage Server - Basic Array,SEC-01593,GST,18,141830.06,166425.0,17,Servers & Data Storage,8471,8901900002956
Palo Alto Secure Managed Gigabit Switch - 24-Port PoE,SEC-01594,GST,18,28641.43,34590.0,10,Hardware Firewalls & Networking,8517,8907185594079
Audit Enterprise Penetration Testing Service - Black Box,SEC-01595,GST,18,42813.09,107726.0,18,Cybersecurity Consulting & Audits,998313,8902316778145
Managed Pro Cloud Infrastructure Management - Quarterly Audit & Fix,SEC-01596,GST,18,16101.18,51098.0,12,Managed IT Services & AMC,998316,8909453911776
Retained Premium Cloud Infrastructure Management - Quarterly Audit & Fix,SEC-01597,GST,18,16268.72,48615.0,46,Managed IT Services & AMC,998316,8906120928157
Audit Phishing Simulation & Training - Quarterly Campaign,SEC-01598,GST,18,9439.2,20748.0,9,Cybersecurity Consulting & Audits,998313,8901678706763
Symantec Pro Enterprise Antivirus Suite - 1-User 1-Year,SEC-01599,GST,18,1865.07,2284.0,232,Endpoint Security & Software Licenses,8523,8909212684856
Synology Enterprise 1U Rack Server - Intel Xeon 16GB,SEC-01600,GST,18,184830.3,220122.0,8,Servers & Data Storage,8471,8900003753989
HPE Advanced 1U Rack Server - Intel Xeon 16GB,SEC-01601,GST,18,145325.08,167369.0,23,Servers & Data Storage,8471,8908669327841
Retained Unified On-Site Support Engineer - Part-time/Month,SEC-01602,GST,18,9516.71,27172.0,26,Managed IT Services & AMC,998316,8903820114065
Supermicro Enterprise SAN Storage Array - All-Flash SAN,SEC-01603,GST,18,955625.72,1114993.0,9,Servers & Data Storage,8471,8905127245533
Managed Cloud-Managed Cloud Infrastructure Management - Quarterly Audit & Fix,SEC-01604,GST,18,15965.88,55340.0,21,Managed IT Services & AMC,998316,8908784962249
Trend Micro Premium Data Loss Prevention (DLP) License - Per User,SEC-01605,GST,18,6115.79,8104.0,211,Endpoint Security & Software Licenses,8523,8900692965685
Sophos Advanced Next-Generation Firewall (NGFW) - Mid-Range,SEC-01606,GST,18,143175.21,176302.0,24,Hardware Firewalls & Networking,8517,8907293509793
Trend Micro Standard Data Loss Prevention (DLP) License - Per User,SEC-01607,GST,18,6020.21,7357.0,273,Endpoint Security & Software Licenses,8523,8905022347780
McAfee Advanced Mobile Device Management (MDM) - Annual per Device,SEC-01608,GST,18,862.47,1184.0,199,Endpoint Security & Software Licenses,8523,8900703398214
Retained Pro Remote Helpdesk Support - Monthly Retainer,SEC-01609,GST,18,990.41,3067.0,14,Managed IT Services & AMC,998316,8900945167670
In-House Advanced Cloud Infrastructure Management - Monthly AWS/Azure,SEC-01610,GST,18,3855.49,12244.0,38,Managed IT Services & AMC,998316,8906301122008
Kaspersky Cloud-Managed Data Loss Prevention (DLP) License - Per User,SEC-01611,GST,18,7583.53,10273.0,495,Endpoint Security & Software Licenses,8523,8908333679608
Supermicro Cloud-Managed Server Rack Cabinet - Co-location Rack,SEC-01612,GST,18,30328.41,36728.0,4,Servers & Data Storage,8471,8903605494692
Ubiquiti Enterprise Wireless Access Point (WAP) - WiFi 6 Outdoor,SEC-01613,GST,18,15928.61,19514.0,5,Hardware Firewalls & Networking,8517,8903249519350
Fortinet Enterprise Next-Generation Firewall (NGFW) - Mid-Range,SEC-01614,GST,18,127521.28,149363.0,18,Hardware Firewalls & Networking,8517,8900803889044
Fortinet Enterprise Wireless Access Point (WAP) - WiFi 6 Indoor,SEC-01615,GST,18,14387.06,16578.0,14,Hardware Firewalls & Networking,8517,8908513538148
Synology Secure Network Attached Storage (NAS) - 8-Bay Rackmount,SEC-01616,GST,18,39662.63,43926.0,3,Servers & Data Storage,8471,8909016856471
Managed Premium On-Site Support Engineer - Full-time Dedicated/Month,SEC-01617,GST,18,11222.42,38052.0,7,Managed IT Services & AMC,998316,8902716988371
In-House Next-Gen Comprehensive IT AMC - 11-50 PCs,SEC-01618,GST,18,38352.48,101114.0,38,Managed IT Services & AMC,998316,8906119976759
Audit Cloud-Managed Penetration Testing Service - Black Box,SEC-01619,GST,18,22681.49,74955.0,25,Cybersecurity Consulting & Audits,998313,8900583534581
Advisory Unified Phishing Simulation & Training - Annual Enterprise Program,SEC-01620,GST,18,25566.43,72050.0,20,Cybersecurity Consulting & Audits,998313,8905339982426
Retained Unified Remote Helpdesk Support - Monthly Retainer,SEC-01621,GST,18,1231.89,3758.0,26,Managed IT Services & AMC,998316,8908015846687
Audit Premium Vulnerability Assessment (VAPT) - Web Application,SEC-01622,GST,18,20528.22,56928.0,18,Cybersecurity Consulting & Audits,998313,8902727669834
CrowdStrike Premium Data Loss Prevention (DLP) License - Enterprise Site License,SEC-01623,GST,18,15303.35,18749.0,315,Endpoint Security & Software Licenses,8523,8905461308730
Consulting Premium Phishing Simulation & Training - Quarterly Campaign,SEC-01624,GST,18,8889.27,27986.0,19,Cybersecurity Consulting & Audits,998313,8908277771184
Lenovo Unified 2U Storage Server - Large Capacity HDD,SEC-01625,GST,18,227388.06,281559.0,8,Servers & Data Storage,8471,8900900712102
Symantec Enterprise Enterprise Antivirus Suite - 5-User 1-Year,SEC-01626,GST,18,1516.31,2089.0,76,Endpoint Security & Software Licenses,8523,8905777196199
In-House Cloud Infrastructure Management - Quarterly Audit & Fix,SEC-01627,GST,18,16106.99,50863.0,30,Managed IT Services & AMC,998316,8907640996833
SentinelOne Premium Data Loss Prevention (DLP) License - Per User,SEC-01628,GST,18,7393.22,9414.0,132,Endpoint Security & Software Licenses,8523,8904265379322
Ubiquiti Pro Next-Generation Firewall (NGFW) - Mid-Range,SEC-01629,GST,18,160766.4,193806.0,16,Hardware Firewalls & Networking,8517,8900547360157
Audit Premium Vulnerability Assessment (VAPT) - Network Infrastructure,SEC-01630,GST,18,35545.83,76220.0,9,Cybersecurity Consulting & Audits,998313,8906260080265
Consulting Enterprise Penetration Testing Service - Grey Box,SEC-01631,GST,18,32696.58,110011.0,43,Cybersecurity Consulting & Audits,998313,8907833548835
In-House Standard On-Site Support Engineer - Part-time/Month,SEC-01632,GST,18,9764.32,25430.0,41,Managed IT Services & AMC,998316,8901463866432
Sophos Advanced Next-Generation Firewall (NGFW) - Mid-Range,SEC-01633,GST,18,156135.7,181297.0,13,Hardware Firewalls & Networking,8517,8902824685492
Retained Premium Remote Helpdesk Support - Quarterly SLA,SEC-01634,GST,18,5992.96,12295.0,48,Managed IT Services & AMC,998316,8902086014605
Ubiquiti Secure Next-Generation Firewall (NGFW) - Enterprise Tier,SEC-01635,GST,18,288057.58,352463.0,17,Hardware Firewalls & Networking,8517,8901630335636
Consulting Standard Penetration Testing Service - Black Box,SEC-01636,GST,18,54101.66,112818.0,7,Cybersecurity Consulting & Audits,998313,8909089931878
SonicWall Next-Gen Next-Generation Firewall (NGFW) - Mid-Range,SEC-01637,GST,18,170989.32,192538.0,22,Hardware Firewalls & Networking,8517,8903541589290
Consulting Enterprise Penetration Testing Service - Black Box,SEC-01638,GST,18,35179.91,103782.0,31,Cybersecurity Consulting & Audits,998313,8906136628081
HPE Standard SAN Storage Array - Hybrid Array,SEC-01639,GST,18,390501.51,487198.0,20,Servers & Data Storage,8471,8904747053110
Trend Micro Pro Email Security & Anti-Spam - Per Mailbox / Year,SEC-01640,GST,18,911.86,1206.0,304,Endpoint Security & Software Licenses,8523,8903979842189
SonicWall Cloud-Managed Wireless Access Point (WAP) - WiFi 6 Indoor,SEC-01641,GST,18,16955.9,19858.0,15,Hardware Firewalls & Networking,8517,8905016767187
Managed Next-Gen Remote Helpdesk Support - Annual 24/7 SLA,SEC-01642,GST,18,4675.2,16070.0,31,Managed IT Services & AMC,998316,8903688501627
In-House Advanced On-Site Support Engineer - Part-time/Month,SEC-01643,GST,18,10306.99,27339.0,37,Managed IT Services & AMC,998316,8908093761652
QNAP Next-Gen Server Rack Cabinet - Co-location Rack,SEC-01644,GST,18,40841.69,44930.0,11,Servers & Data Storage,8471,8909935981255
Advisory Advanced Phishing Simulation & Training - Annual Enterprise Program,SEC-01645,GST,18,18359.54,63557.0,36,Cybersecurity Consulting & Audits,998313,8906408385805
Fortinet Unified Wireless Access Point (WAP) - WiFi 6 Indoor,SEC-01646,GST,18,12385.64,15384.0,14,Hardware Firewalls & Networking,8517,8905789391295
Managed Next-Gen Comprehensive IT AMC - Server & Network Included,SEC-01647,GST,18,27471.12,81656.0,24,Managed IT Services & AMC,998316,8908600500924
Kaspersky Unified Enterprise Antivirus Suite - Server Edition,SEC-01648,GST,18,1568.44,2161.0,228,Endpoint Security & Software Licenses,8523,8907030293011
Lenovo Next-Gen 1U Rack Server - Intel Xeon 16GB,SEC-01649,GST,18,150128.0,179228.0,17,Servers & Data Storage,8471,8904290695222
HPE Pro SAN Storage Array - Hybrid Array,SEC-01650,GST,18,506410.27,605210.0,2,Servers & Data Storage,8471,8906200730242
Retained Enterprise Cloud Infrastructure Management - Monthly AWS/Azure,SEC-01651,GST,18,4022.26,11509.0,28,Managed IT Services & AMC,998316,8903740571446
Advisory Enterprise Phishing Simulation & Training - Annual Enterprise Program,SEC-01652,GST,18,20054.51,51553.0,36,Cybersecurity Consulting & Audits,998313,8903544534514
Retained Secure Cloud Infrastructure Management - Quarterly Audit & Fix,SEC-01653,GST,18,22801.56,63187.0,47,Managed IT Services & AMC,998316,8904834835862
Managed Cloud-Managed Remote Helpdesk Support - Quarterly SLA,SEC-01654,GST,18,6563.95,18224.0,20,Managed IT Services & AMC,998316,8902077587089
Symantec Cloud-Managed Enterprise Antivirus Suite - Server Edition,SEC-01655,GST,18,1793.47,2371.0,161,Endpoint Security & Software Licenses,8523,8904436958050
McAfee Premium Endpoint Detection and Response (EDR) - 1-Year 10 Devices,SEC-01656,GST,18,3782.14,4941.0,255,Endpoint Security & Software Licenses,8523,8907200734293
Audit Pro Phishing Simulation & Training - Annual Enterprise Program,SEC-01657,GST,18,28732.37,78584.0,14,Cybersecurity Consulting & Audits,998313,8909545038016
Lenovo Standard Server Rack Cabinet - 42U Heavy Duty,SEC-01658,GST,18,28465.55,34201.0,24,Servers & Data Storage,8471,8900450281435
Dell EMC 2U Storage Server - High IOPS NVMe,SEC-01659,GST,18,193837.85,233103.0,23,Servers & Data Storage,8471,8903379531112
Supermicro Premium Network Attached Storage (NAS) - 12-Bay Enterprise,SEC-01660,GST,18,85712.85,105456.0,14,Servers & Data Storage,8471,8905274286625
SonicWall Secure Next-Generation Firewall (NGFW) - Enterprise Tier,SEC-01661,GST,18,333239.93,392983.0,19,Hardware Firewalls & Networking,8517,8905545146091
Audit Standard ISO 27001 Compliance Audit - Readiness Assessment,SEC-01662,GST,18,46452.9,155748.0,24,Cybersecurity Consulting & Audits,998313,8905553706272
Audit Pro Phishing Simulation & Training - Annual Enterprise Program,SEC-01663,GST,18,24305.87,57733.0,11,Cybersecurity Consulting & Audits,998313,8902157562641
Synology Enterprise 1U Rack Server - Enterprise 128GB,SEC-01664,GST,18,406473.46,478287.0,22,Servers & Data Storage,8471,8907620990693
Ubiquiti Premium VPN Gateway Appliance - Standard,SEC-01665,GST,18,89478.73,101579.0,21,Hardware Firewalls & Networking,8517,8909516704505
Consulting Advanced Incident Response & Forensics - Retainer Setup,SEC-01666,GST,18,49368.62,150863.0,31,Cybersecurity Consulting & Audits,998313,8907312343888
Cisco Standard Network Load Balancer - Advanced Traffic Management,SEC-01667,GST,18,113110.97,135454.0,3,Hardware Firewalls & Networking,8517,8902593645028
Supermicro Pro 2U Storage Server - Basic Array,SEC-01668,GST,18,118860.64,139151.0,13,Servers & Data Storage,8471,8907672991154
Audit Pro ISO 27001 Compliance Audit - Full Implementation Support,SEC-01669,GST,18,168176.85,467869.0,50,Cybersecurity Consulting & Audits,998313,8903436953102
Advisory Standard Phishing Simulation & Training - Quarterly Campaign,SEC-01670,GST,18,9191.81,24009.0,48,Cybersecurity Consulting & Audits,998313,8909179265173
QNAP Advanced 1U Rack Server - Dual CPU 64GB,SEC-01671,GST,18,184877.91,205678.0,3,Servers & Data Storage,8471,8908739221983
Retained Unified Comprehensive IT AMC - 11-50 PCs,SEC-01672,GST,18,27023.18,72713.0,35,Managed IT Services & AMC,998316,8901052987707
McAfee Secure Email Security & Anti-Spam - Per Mailbox / Year,SEC-01673,GST,18,1525.64,1848.0,190,Endpoint Security & Software Licenses,8523,8905002026838
Retained Pro On-Site Support Engineer - Part-time/Month,SEC-01674,GST,18,12843.89,31654.0,27,Managed IT Services & AMC,998316,8900295867603
Cisco Pro Next-Generation Firewall (NGFW) - Enterprise Tier,SEC-01675,GST,18,292014.82,351214.0,16,Hardware Firewalls & Networking,8517,8905418236881
Fortinet Advanced Managed Gigabit Switch - 10G Uplink,SEC-01676,GST,18,32241.26,35812.0,12,Hardware Firewalls & Networking,8517,8901334601842
Dell EMC Next-Gen 1U Rack Server - Intel Xeon 16GB,SEC-01677,GST,18,180545.08,203178.0,9,Servers & Data Storage,8471,8902083168163
In-House Remote Helpdesk Support - Annual 24/7 SLA,SEC-01678,GST,18,5653.68,17076.0,46,Managed IT Services & AMC,998316,8907369078947
Managed Premium Remote Helpdesk Support - Monthly Retainer,SEC-01679,GST,18,1109.79,2435.0,21,Managed IT Services & AMC,998316,8901070716348
SentinelOne Next-Gen Endpoint Detection and Response (EDR) - 1-Year 50 Devices,SEC-01680,GST,18,10847.79,13713.0,142,Endpoint Security & Software Licenses,8523,8903708511919
SentinelOne Enterprise Data Loss Prevention (DLP) License - Per 10 Users,SEC-01681,GST,18,8389.77,10773.0,291,Endpoint Security & Software Licenses,8523,8902965561927
Managed Unified Comprehensive IT AMC - 1-10 PCs,SEC-01682,GST,18,27042.82,81846.0,12,Managed IT Services & AMC,998316,8908862639561
Supermicro Unified SAN Storage Array - All-Flash SAN,SEC-01683,GST,18,1079731.01,1339939.0,13,Servers & Data Storage,8471,8905737138874
Sophos Enterprise Managed Gigabit Switch - 24-Port PoE,SEC-01684,GST,18,31888.45,39676.0,11,Hardware Firewalls & Networking,8517,8904662763304
Fortinet Standard VPN Gateway Appliance - High Availability,SEC-01685,GST,18,86205.93,97078.0,23,Hardware Firewalls & Networking,8517,8901524831968
In-House Unified Cloud Infrastructure Management - Quarterly Audit & Fix,SEC-01686,GST,18,17125.7,40680.0,25,Managed IT Services & AMC,998316,8906896987036
Consulting Premium Penetration Testing Service - Black Box,SEC-01687,GST,18,36278.98,84524.0,48,Cybersecurity Consulting & Audits,998313,8909363159229
SonicWall Premium Managed Gigabit Switch - 48-Port PoE,SEC-01688,GST,18,72930.66,86769.0,10,Hardware Firewalls & Networking,8517,8901040629118
In-House Advanced Remote Helpdesk Support - Annual 24/7 SLA,SEC-01689,GST,18,6452.54,14106.0,17,Managed IT Services & AMC,998316,8900181796075
Retained On-Site Support Engineer - Full-time Dedicated/Month,SEC-01690,GST,18,19253.58,46734.0,44,Managed IT Services & AMC,998316,8907990522171
Cisco Secure Network Load Balancer - Advanced Traffic Management,SEC-01691,GST,18,134621.2,155271.0,25,Hardware Firewalls & Networking,8517,8901898106173
Bitdefender Cloud-Managed Enterprise Antivirus Suite - 1-User 1-Year,SEC-01692,GST,18,1476.83,1800.0,355,Endpoint Security & Software Licenses,8523,8907557261694
Advisory Next-Gen Penetration Testing Service - White Box,SEC-01693,GST,18,44453.41,94820.0,18,Cybersecurity Consulting & Audits,998313,8908999068201
Supermicro Standard 1U Rack Server - Dual CPU 64GB,SEC-01694,GST,18,155308.57,182342.0,8,Servers & Data Storage,8471,8902163361317
Consulting ISO 27001 Compliance Audit - Full Implementation Support,SEC-01695,GST,18,93791.02,306868.0,24,Cybersecurity Consulting & Audits,998313,8909037295458
Kaspersky Cloud-Managed Enterprise Antivirus Suite - 5-User 1-Year,SEC-01696,GST,18,1835.69,2504.0,170,Endpoint Security & Software Licenses,8523,8909981274392
Lenovo Unified Network Attached Storage (NAS) - 4-Bay Desktop,SEC-01697,GST,18,48804.96,54196.0,21,Servers & Data Storage,8471,8902581476212
Synology Next-Gen 1U Rack Server - Intel Xeon 16GB,SEC-01698,GST,18,151439.98,179565.0,10,Servers & Data Storage,8471,8905413845315
In-House Pro Comprehensive IT AMC - Server & Network Included,SEC-01699,GST,18,20377.69,64347.0,35,Managed IT Services & AMC,998316,8909685909645
Consulting Enterprise Phishing Simulation & Training - Quarterly Campaign,SEC-01700,GST,18,15346.9,31433.0,44,Cybersecurity Consulting & Audits,998313,8909217735166
Audit Pro Vulnerability Assessment (VAPT) - Web Application,SEC-01701,GST,18,30785.72,83297.0,32,Cybersecurity Consulting & Audits,998313,8907072173402
Symantec Advanced Enterprise Antivirus Suite - Server Edition,SEC-01702,GST,18,1681.04,2335.0,98,Endpoint Security & Software Licenses,8523,8909830632365
CrowdStrike Standard Endpoint Detection and Response (EDR) - 1-Year 50 Devices,SEC-01703,GST,18,10023.77,12650.0,187,Endpoint Security & Software Licenses,8523,8902484202435
SonicWall Unified Network Load Balancer - Advanced Traffic Management,SEC-01704,GST,18,100130.87,120681.0,4,Hardware Firewalls & Networking,8517,8901861564099
CrowdStrike Secure Data Loss Prevention (DLP) License - Per 10 Users,SEC-01705,GST,18,5824.91,7618.0,411,Endpoint Security & Software Licenses,8523,8901370542451
Audit Cloud-Managed Incident Response & Forensics - Retainer Setup,SEC-01706,GST,18,49183.7,147605.0,9,Cybersecurity Consulting & Audits,998313,8900356594299
Dell EMC Unified 2U Storage Server - Basic Array,SEC-01707,GST,18,128466.79,148667.0,20,Servers & Data Storage,8471,8906922953386
Ubiquiti Standard Wireless Access Point (WAP) - WiFi 6 Indoor,SEC-01708,GST,18,16953.01,20026.0,8,Hardware Firewalls & Networking,8517,8909093424240
Managed Pro Remote Helpdesk Support - Annual 24/7 SLA,SEC-01709,GST,18,6133.0,14026.0,24,Managed IT Services & AMC,998316,8908893343751
Advisory Premium Phishing Simulation & Training - Annual Enterprise Program,SEC-01710,GST,18,20817.18,65867.0,28,Cybersecurity Consulting & Audits,998313,8904243826928
McAfee Enterprise Endpoint Detection and Response (EDR) - 1-Year 10 Devices,SEC-01711,GST,18,2975.29,4059.0,61,Endpoint Security & Software Licenses,8523,8909528895947
Sophos Network Load Balancer - Advanced Traffic Management,SEC-01712,GST,18,127583.57,148417.0,12,Hardware Firewalls & Networking,8517,8903591765047
Juniper Premium Network Load Balancer - Basic,SEC-01713,GST,18,49592.54,58955.0,20,Hardware Firewalls & Networking,8517,8905428873449
Retained Cloud-Managed Cloud Infrastructure Management - Quarterly Audit & Fix,SEC-01714,GST,18,18248.85,51249.0,42,Managed IT Services & AMC,998316,8904706170690
Juniper Unified Wireless Access Point (WAP) - High-Density,SEC-01715,GST,18,20298.19,22574.0,8,Hardware Firewalls & Networking,8517,8908471567566
CrowdStrike Next-Gen Data Loss Prevention (DLP) License - Per User,SEC-01716,GST,18,7702.75,9894.0,60,Endpoint Security & Software Licenses,8523,8901674492343
Kaspersky Premium Mobile Device Management (MDM) - Annual per Device,SEC-01717,GST,18,1065.47,1490.0,192,Endpoint Security & Software Licenses,8523,8905056693754
Sophos Next-Gen Wireless Access Point (WAP) - WiFi 6 Indoor,SEC-01718,GST,18,15641.33,18312.0,24,Hardware Firewalls & Networking,8517,8908925714025
Juniper Secure Managed Gigabit Switch - 10G Uplink,SEC-01719,GST,18,34602.59,43248.0,15,Hardware Firewalls & Networking,8517,8902648163849
Supermicro Premium SAN Storage Array - Hybrid Array,SEC-01720,GST,18,502747.81,567793.0,18,Servers & Data Storage,8471,8905301012789
Retained Network Monitoring Service (NOC) - Monthly Basic,SEC-01721,GST,18,11790.94,23609.0,23,Managed IT Services & AMC,998316,8908527758670
Synology Advanced Network Attached Storage (NAS) - 8-Bay Rackmount,SEC-01722,GST,18,32910.73,37161.0,15,Servers & Data Storage,8471,8903444394689
Retained Standard Remote Helpdesk Support - Monthly Retainer,SEC-01723,GST,18,1064.62,3206.0,14,Managed IT Services & AMC,998316,8903357617073
Palo Alto Secure Wireless Access Point (WAP) - WiFi 6 Outdoor,SEC-01724,GST,18,15044.76,18549.0,7,Hardware Firewalls & Networking,8517,8906263678508
Consulting Unified Incident Response & Forensics - Per Incident Block Hours,SEC-01725,GST,18,40783.72,111898.0,28,Cybersecurity Consulting & Audits,998313,8909443485295
Synology Premium SAN Storage Array - All-Flash SAN,SEC-01726,GST,18,1315240.96,1601439.0,17,Servers & Data Storage,8471,8906768740420
Managed Standard Cloud Infrastructure Management - Quarterly Audit & Fix,SEC-01727,GST,18,17881.51,47703.0,17,Managed IT Services & AMC,998316,8904115733099
Juniper Premium Next-Generation Firewall (NGFW) - Enterprise Tier,SEC-01728,GST,18,356547.84,407058.0,3,Hardware Firewalls & Networking,8517,8906565823445
QNAP Cloud-Managed Network Attached Storage (NAS) - 12-Bay Enterprise,SEC-01729,GST,18,96028.51,110557.0,7,Servers & Data Storage,8471,8903266000470
Consulting Premium Vulnerability Assessment (VAPT) - Web Application,SEC-01730,GST,18,23556.05,75907.0,42,Cybersecurity Consulting & Audits,998313,8905611998996
CrowdStrike Standard Endpoint Detection and Response (EDR) - 1-Year 50 Devices,SEC-01731,GST,18,10161.78,12841.0,160,Endpoint Security & Software Licenses,8523,8907466144776
Ubiquiti Premium VPN Gateway Appliance - High Availability,SEC-01732,GST,18,68359.3,79928.0,20,Hardware Firewalls & Networking,8517,8906668290525
Managed Premium On-Site Support Engineer - Full-time Dedicated/Month,SEC-01733,GST,18,16341.58,47852.0,22,Managed IT Services & AMC,998316,8902330292764
Cisco Pro Wireless Access Point (WAP) - WiFi 6 Outdoor,SEC-01734,GST,18,17198.61,20008.0,6,Hardware Firewalls & Networking,8517,8901405131866
Cisco Unified VPN Gateway Appliance - High Availability,SEC-01735,GST,18,92646.34,104874.0,20,Hardware Firewalls & Networking,8517,8901478524744
Dell EMC 2U Storage Server - High IOPS NVMe,SEC-01736,GST,18,208708.15,232807.0,25,Servers & Data Storage,8471,8902387351866
SentinelOne Enterprise Mobile Device Management (MDM) - Annual per Device,SEC-01737,GST,18,834.95,1017.0,154,Endpoint Security & Software Licenses,8523,8905183025853
Bitdefender Standard Data Loss Prevention (DLP) License - Enterprise Site License,SEC-01738,GST,18,14898.14,20711.0,319,Endpoint Security & Software Licenses,8523,8908521789559
Audit Standard Incident Response & Forensics - Per Incident Block Hours,SEC-01739,GST,18,43683.43,151000.0,40,Cybersecurity Consulting & Audits,998313,8906558167592
QNAP 2U Storage Server - Basic Array,SEC-01740,GST,18,115711.51,136525.0,20,Servers & Data Storage,8471,8901800381463
Symantec Enterprise Email Security & Anti-Spam - Per Mailbox / Year,SEC-01741,GST,18,1545.19,1886.0,361,Endpoint Security & Software Licenses,8523,8905973091218
Symantec Enterprise Mobile Device Management (MDM) - Monthly per Device,SEC-01742,GST,18,166.74,203.0,420,Endpoint Security & Software Licenses,8523,8906133155530
Cisco Pro Managed Gigabit Switch - 24-Port PoE,SEC-01743,GST,18,25330.32,29031.0,2,Hardware Firewalls & Networking,8517,8907781109659
Advisory Unified ISO 27001 Compliance Audit - Full Implementation Support,SEC-01744,GST,18,115451.88,376271.0,32,Cybersecurity Consulting & Audits,998313,8903454182991
Synology Enterprise Server Rack Cabinet - Co-location Rack,SEC-01745,GST,18,30653.42,33972.0,11,Servers & Data Storage,8471,8901910616691
Fortinet Advanced Network Load Balancer - Basic,SEC-01746,GST,18,72770.31,81510.0,25,Hardware Firewalls & Networking,8517,8901682682217
Trend Micro Cloud-Managed Mobile Device Management (MDM) - Monthly per Device,SEC-01747,GST,18,222.27,292.0,245,Endpoint Security & Software Licenses,8523,8902083479100
Kaspersky Secure Enterprise Antivirus Suite - 1-User 1-Year,SEC-01748,GST,18,1547.32,2092.0,332,Endpoint Security & Software Licenses,8523,8907032200748
Kaspersky Enterprise Mobile Device Management (MDM) - Monthly per Device,SEC-01749,GST,18,220.39,289.0,112,Endpoint Security & Software Licenses,8523,8902951452058
SonicWall Next-Gen Managed Gigabit Switch - 10G Uplink,SEC-01750,GST,18,28659.14,34990.0,3,Hardware Firewalls & Networking,8517,8904802240654
Managed Cloud Infrastructure Management - Quarterly Audit & Fix,SEC-01751,GST,18,31103.71,64151.0,42,Managed IT Services & AMC,998316,8900418985664
Dell EMC Secure 1U Rack Server - Dual CPU 64GB,SEC-01752,GST,18,173808.93,200430.0,6,Servers & Data Storage,8471,8903887888765
Retained Standard On-Site Support Engineer - Part-time/Month,SEC-01753,GST,18,8158.27,24381.0,8,Managed IT Services & AMC,998316,8906229011386
Cisco Unified VPN Gateway Appliance - High Availability,SEC-01754,GST,18,95650.31,106358.0,20,Hardware Firewalls & Networking,8517,8909038035148
Advisory Advanced Penetration Testing Service - Grey Box,SEC-01755,GST,18,40213.97,114783.0,24,Cybersecurity Consulting & Audits,998313,8901914790534
In-House On-Site Support Engineer - Part-time/Month,SEC-01756,GST,18,12357.3,26438.0,31,Managed IT Services & AMC,998316,8907309532670
Advisory Next-Gen Incident Response & Forensics - Per Incident Block Hours,SEC-01757,GST,18,53759.39,140893.0,26,Cybersecurity Consulting & Audits,998313,8906292582282
Audit Pro Vulnerability Assessment (VAPT) - Mobile App,SEC-01758,GST,18,22268.7,57014.0,7,Cybersecurity Consulting & Audits,998313,8906885684676
Retained Cloud-Managed Comprehensive IT AMC - Server & Network Included,SEC-01759,GST,18,23463.07,75142.0,19,Managed IT Services & AMC,998316,8907449597521
Lenovo Unified 2U Storage Server - Basic Array,SEC-01760,GST,18,125187.99,144178.0,24,Servers & Data Storage,8471,8905928974874
SonicWall Enterprise Next-Generation Firewall (NGFW) - Enterprise Tier,SEC-01761,GST,18,416293.51,482012.0,7,Hardware Firewalls & Networking,8517,8906751199764
Symantec Cloud-Managed Data Loss Prevention (DLP) License - Enterprise Site License,SEC-01762,GST,18,16442.73,20778.0,442,Endpoint Security & Software Licenses,8523,8905641967896
Supermicro 1U Rack Server - Intel Xeon 16GB,SEC-01763,GST,18,199529.89,229987.0,18,Servers & Data Storage,8471,8902016301597
HPE Advanced Network Attached Storage (NAS) - 4-Bay Desktop,SEC-01764,GST,18,39374.79,47797.0,25,Servers & Data Storage,8471,8903492766809
Advisory Standard Phishing Simulation & Training - Quarterly Campaign,SEC-01765,GST,18,9076.61,30056.0,7,Cybersecurity Consulting & Audits,998313,8904033480153
Retained Next-Gen Remote Helpdesk Support - Quarterly SLA,SEC-01766,GST,18,4308.15,14993.0,36,Managed IT Services & AMC,998316,8901554460539
Synology Cloud-Managed 1U Rack Server - Enterprise 128GB,SEC-01767,GST,18,411389.88,469025.0,25,Servers & Data Storage,8471,8906272053649
Audit Advanced Vulnerability Assessment (VAPT) - Mobile App,SEC-01768,GST,18,23238.0,75094.0,27,Cybersecurity Consulting & Audits,998313,8906728502155
QNAP Unified 2U Storage Server - Basic Array,SEC-01769,GST,18,125119.72,154049.0,19,Servers & Data Storage,8471,8902126264395
Managed Enterprise On-Site Support Engineer - Full-time Dedicated/Month,SEC-01770,GST,18,26369.51,52839.0,40,Managed IT Services & AMC,998316,8909075199198
Palo Alto Secure VPN Gateway Appliance - High Availability,SEC-01771,GST,18,59796.54,70912.0,24,Hardware Firewalls & Networking,8517,8904414925316
Kaspersky Next-Gen Email Security & Anti-Spam - Per Mailbox / Year,SEC-01772,GST,18,1309.18,1770.0,314,Endpoint Security & Software Licenses,8523,8905974776565
Audit Secure Phishing Simulation & Training - Quarterly Campaign,SEC-01773,GST,18,7797.14,24077.0,21,Cybersecurity Consulting & Audits,998313,8903436877156
Audit Premium Penetration Testing Service - Grey Box,SEC-01774,GST,18,45593.25,109353.0,44,Cybersecurity Consulting & Audits,998313,8900763415359
Managed Premium Comprehensive IT AMC - 1-10 PCs,SEC-01775,GST,18,19970.68,68392.0,46,Managed IT Services & AMC,998316,8904773494314
Advisory Secure Penetration Testing Service - Black Box,SEC-01776,GST,18,42337.92,114416.0,37,Cybersecurity Consulting & Audits,998313,8905641354741
Retained Unified Network Monitoring Service (NOC) - Monthly Advanced Proactive,SEC-01777,GST,18,2117.9,6349.0,14,Managed IT Services & AMC,998316,8903285558095
Retained Unified On-Site Support Engineer - Full-time Dedicated/Month,SEC-01778,GST,18,16039.95,44148.0,46,Managed IT Services & AMC,998316,8906602841362
HPE Premium Network Attached Storage (NAS) - 8-Bay Rackmount,SEC-01779,GST,18,36557.32,42763.0,10,Servers & Data Storage,8471,8906971479734
Ubiquiti Secure Wireless Access Point (WAP) - High-Density,SEC-01780,GST,18,15647.56,19547.0,18,Hardware Firewalls & Networking,8517,8903745601703
Advisory Standard Vulnerability Assessment (VAPT) - Web Application,SEC-01781,GST,18,22900.73,66954.0,6,Cybersecurity Consulting & Audits,998313,8900170679490
Retained Next-Gen Cloud Infrastructure Management - Monthly AWS/Azure,SEC-01782,GST,18,3166.71,9563.0,30,Managed IT Services & AMC,998316,8902159389676
Lenovo Unified 2U Storage Server - High IOPS NVMe,SEC-01783,GST,18,281320.46,324982.0,23,Servers & Data Storage,8471,8905896070722
Consulting Standard Penetration Testing Service - White Box,SEC-01784,GST,18,49245.74,115517.0,27,Cybersecurity Consulting & Audits,998313,8901390143097
Symantec Mobile Device Management (MDM) - Annual per Device,SEC-01785,GST,18,855.56,1096.0,394,Endpoint Security & Software Licenses,8523,8903579671480
Supermicro Premium 1U Rack Server - Enterprise 128GB,SEC-01786,GST,18,471002.57,565689.0,9,Servers & Data Storage,8471,8905658260825
Supermicro Unified SAN Storage Array - Entry Level,SEC-01787,GST,18,291060.52,361467.0,24,Servers & Data Storage,8471,8901288669112
HPE Enterprise 2U Storage Server - Basic Array,SEC-01788,GST,18,148447.23,166997.0,7,Servers & Data Storage,8471,8906119789259
Bitdefender Enterprise Data Loss Prevention (DLP) License - Per 10 Users,SEC-01789,GST,18,7551.59,9474.0,240,Endpoint Security & Software Licenses,8523,8903255441181
Consulting Pro ISO 27001 Compliance Audit - Readiness Assessment,SEC-01790,GST,18,55566.68,148653.0,37,Cybersecurity Consulting & Audits,998313,8900520388193
Retained Standard Cloud Infrastructure Management - Quarterly Audit & Fix,SEC-01791,GST,18,15963.72,53426.0,36,Managed IT Services & AMC,998316,8901462201483
HPE Premium Network Attached Storage (NAS) - 8-Bay Rackmount,SEC-01792,GST,18,50360.27,56237.0,16,Servers & Data Storage,8471,8902836030876
Bitdefender Mobile Device Management (MDM) - Monthly per Device,SEC-01793,GST,18,150.27,193.0,390,Endpoint Security & Software Licenses,8523,8907618376295
Palo Alto Standard VPN Gateway Appliance - High Availability,SEC-01794,GST,18,84278.56,95052.0,5,Hardware Firewalls & Networking,8517,8907204888680
CrowdStrike Email Security & Anti-Spam - Domain License,SEC-01795,GST,18,1097.78,1367.0,473,Endpoint Security & Software Licenses,8523,8902645649674
Ubiquiti Cloud-Managed Network Load Balancer - Basic,SEC-01796,GST,18,48797.35,58932.0,23,Hardware Firewalls & Networking,8517,8903906490970
Lenovo Standard 2U Storage Server - High IOPS NVMe,SEC-01797,GST,18,242256.05,288146.0,23,Servers & Data Storage,8471,8900181589136
Audit Unified Incident Response & Forensics - Per Incident Block Hours,SEC-01798,GST,18,56902.08,153269.0,16,Cybersecurity Consulting & Audits,998313,8901531936252
In-House Standard Remote Helpdesk Support - Monthly Retainer,SEC-01799,GST,18,978.26,3035.0,6,Managed IT Services & AMC,998316,8908875480293
Lenovo Next-Gen Server Rack Cabinet - 24U Standard,SEC-01800,GST,18,37634.04,42482.0,21,Servers & Data Storage,8471,8901065735174
McAfee Secure Mobile Device Management (MDM) - Monthly per Device,SEC-01801,GST,18,150.52,207.0,426,Endpoint Security & Software Licenses,8523,8901401283319
McAfee Email Security & Anti-Spam - Domain License,SEC-01802,GST,18,1178.64,1634.0,223,Endpoint Security & Software Licenses,8523,8909717717030
Bitdefender Premium Email Security & Anti-Spam - Domain License,SEC-01803,GST,18,1483.31,1870.0,116,Endpoint Security & Software Licenses,8523,8904605164838
Advisory Unified Penetration Testing Service - Black Box,SEC-01804,GST,18,37404.41,89333.0,40,Cybersecurity Consulting & Audits,998313,8907677600643
McAfee Pro Email Security & Anti-Spam - Domain License,SEC-01805,GST,18,1379.71,1832.0,291,Endpoint Security & Software Licenses,8523,8903033249675
Managed Premium Network Monitoring Service (NOC) - Monthly Basic,SEC-01806,GST,18,8248.67,19973.0,39,Managed IT Services & AMC,998316,8900947318156
Juniper Advanced Wireless Access Point (WAP) - WiFi 6 Outdoor,SEC-01807,GST,18,16052.19,18753.0,20,Hardware Firewalls & Networking,8517,8905947611107
Advisory Unified Phishing Simulation & Training - Annual Enterprise Program,SEC-01808,GST,18,20367.28,61314.0,27,Cybersecurity Consulting & Audits,998313,8906572897226
Audit Enterprise ISO 27001 Compliance Audit - Full Implementation Support,SEC-01809,GST,18,157878.44,476864.0,18,Cybersecurity Consulting & Audits,998313,8909098468560
Managed Cloud-Managed On-Site Support Engineer - Part-time/Month,SEC-01810,GST,18,8101.17,22514.0,31,Managed IT Services & AMC,998316,8908709777795
In-House Remote Helpdesk Support - Annual 24/7 SLA,SEC-01811,GST,18,7165.63,18698.0,29,Managed IT Services & AMC,998316,8903779271107
Lenovo Next-Gen 1U Rack Server - Intel Xeon 16GB,SEC-01812,GST,18,175632.17,197737.0,23,Servers & Data Storage,8471,8900682432333
Juniper Managed Gigabit Switch - 24-Port PoE,SEC-01813,GST,18,33772.66,38314.0,10,Hardware Firewalls & Networking,8517,8906060694306
Advisory Secure Penetration Testing Service - Black Box,SEC-01814,GST,18,27619.24,91694.0,25,Cybersecurity Consulting & Audits,998313,8902941285370
Juniper Enterprise VPN Gateway Appliance - High Availability,SEC-01815,GST,18,73982.76,90570.0,12,Hardware Firewalls & Networking,8517,8904875311980
Symantec Enterprise Data Loss Prevention (DLP) License - Per 10 Users,SEC-01816,GST,18,8150.82,10644.0,53,Endpoint Security & Software Licenses,8523,8905376425507
Advisory Next-Gen Incident Response & Forensics - Per Incident Block Hours,SEC-01817,GST,18,39698.11,119813.0,7,Cybersecurity Consulting & Audits,998313,8903922131701
Consulting Cloud-Managed ISO 27001 Compliance Audit - Full Implementation Support,SEC-01818,GST,18,138007.28,472969.0,41,Cybersecurity Consulting & Audits,998313,8902879872873
Cisco Managed Gigabit Switch - 48-Port PoE,SEC-01819,GST,18,73925.53,85850.0,20,Hardware Firewalls & Networking,8517,8901796441603
HPE Next-Gen Server Rack Cabinet - Co-location Rack,SEC-01820,GST,18,25544.36,28116.0,12,Servers & Data Storage,8471,8901028745120
Supermicro Premium 2U Storage Server - Large Capacity HDD,SEC-01821,GST,18,170530.45,210284.0,13,Servers & Data Storage,8471,8904541648792
Fortinet Cloud-Managed Wireless Access Point (WAP) - WiFi 6 Outdoor,SEC-01822,GST,18,13320.0,15584.0,22,Hardware Firewalls & Networking,8517,8900152697442
Sophos Unified VPN Gateway Appliance - Standard,SEC-01823,GST,18,74662.75,90719.0,11,Hardware Firewalls & Networking,8517,8908330958723
Audit Cloud-Managed Phishing Simulation & Training - Quarterly Campaign,SEC-01824,GST,18,9668.43,20612.0,21,Cybersecurity Consulting & Audits,998313,8905792326714
Advisory Incident Response & Forensics - Retainer Setup,SEC-01825,GST,18,66679.57,134056.0,28,Cybersecurity Consulting & Audits,998313,8900196797209
Lenovo Advanced 1U Rack Server - Enterprise 128GB,SEC-01826,GST,18,301811.06,370400.0,6,Servers & Data Storage,8471,8908523329704
Consulting Penetration Testing Service - White Box,SEC-01827,GST,18,38942.81,87321.0,11,Cybersecurity Consulting & Audits,998313,8905855116397
Cisco Premium Network Load Balancer - Basic,SEC-01828,GST,18,77047.22,90145.0,16,Hardware Firewalls & Networking,8517,8904142487396
Synology 2U Storage Server - High IOPS NVMe,SEC-01829,GST,18,169484.41,209966.0,9,Servers & Data Storage,8471,8901249773677
Lenovo Enterprise Network Attached Storage (NAS) - 4-Bay Desktop,SEC-01830,GST,18,32815.38,40445.0,11,Servers & Data Storage,8471,8909787296571
Bitdefender Next-Gen Data Loss Prevention (DLP) License - Per User,SEC-01831,GST,18,7884.81,10483.0,477,Endpoint Security & Software Licenses,8523,8902990348042
Bitdefender Premium Email Security & Anti-Spam - Domain License,SEC-01832,GST,18,1242.38,1670.0,340,Endpoint Security & Software Licenses,8523,8904091657376
Lenovo Cloud-Managed 2U Storage Server - High IOPS NVMe,SEC-01833,GST,18,230308.6,286815.0,6,Servers & Data Storage,8471,8902549203693
Ubiquiti Enterprise Next-Generation Firewall (NGFW) - Enterprise Tier,SEC-01834,GST,18,396050.21,473054.0,3,Hardware Firewalls & Networking,8517,8901527311722
Managed Unified Comprehensive IT AMC - 11-50 PCs,SEC-01835,GST,18,41085.09,102400.0,41,Managed IT Services & AMC,998316,8900018429335
Consulting Enterprise ISO 27001 Compliance Audit - Full Implementation Support,SEC-01836,GST,18,115505.98,330672.0,45,Cybersecurity Consulting & Audits,998313,8903596677153
Audit Cloud-Managed Penetration Testing Service - Black Box,SEC-01837,GST,18,47482.54,106612.0,24,Cybersecurity Consulting & Audits,998313,8907365003299
Ubiquiti Premium Next-Generation Firewall (NGFW) - Enterprise Tier,SEC-01838,GST,18,310724.21,381061.0,15,Hardware Firewalls & Networking,8517,8901442787355
Trend Micro Enterprise Endpoint Detection and Response (EDR) - 1-Year 50 Devices,SEC-01839,GST,18,7993.81,9990.0,255,Endpoint Security & Software Licenses,8523,8909792067549
QNAP Pro 2U Storage Server - High IOPS NVMe,SEC-01840,GST,18,246103.39,285489.0,2,Servers & Data Storage,8471,8904539252878
Lenovo Pro SAN Storage Array - Entry Level,SEC-01841,GST,18,297479.54,364085.0,5,Servers & Data Storage,8471,8903307345330
HPE Standard SAN Storage Array - All-Flash SAN,SEC-01842,GST,18,1360973.82,1528209.0,17,Servers & Data Storage,8471,8904098537203
Lenovo Standard 1U Rack Server - Dual CPU 64GB,SEC-01843,GST,18,160864.01,179979.0,6,Servers & Data Storage,8471,8905107155587
Juniper Premium Network Load Balancer - Advanced Traffic Management,SEC-01844,GST,18,100105.37,112403.0,22,Hardware Firewalls & Networking,8517,8904564119925
SentinelOne Secure Endpoint Detection and Response (EDR) - 1-Year 5 Devices,SEC-01845,GST,18,1818.91,2474.0,68,Endpoint Security & Software Licenses,8523,8907819135053
Kaspersky Data Loss Prevention (DLP) License - Per User,SEC-01846,GST,18,7596.08,9830.0,220,Endpoint Security & Software Licenses,8523,8907557166328
Lenovo Premium SAN Storage Array - Entry Level,SEC-01847,GST,18,314260.63,365984.0,25,Servers & Data Storage,8471,8906218563520
Palo Alto Secure VPN Gateway Appliance - Standard,SEC-01848,GST,18,62119.55,69765.0,12,Hardware Firewalls & Networking,8517,8909868569771
Symantec Cloud-Managed Enterprise Antivirus Suite - Server Edition,SEC-01849,GST,18,1171.16,1624.0,71,Endpoint Security & Software Licenses,8523,8909010146103
Audit Next-Gen Phishing Simulation & Training - Quarterly Campaign,SEC-01850,GST,18,13329.46,27424.0,30,Cybersecurity Consulting & Audits,998313,8901638816878
CrowdStrike Cloud-Managed Email Security & Anti-Spam - Domain License,SEC-01851,GST,18,1569.7,1898.0,229,Endpoint Security & Software Licenses,8523,8900965688267
QNAP Unified 1U Rack Server - Intel Xeon 16GB,SEC-01852,GST,18,190056.11,229432.0,7,Servers & Data Storage,8471,8900814723735
Managed Next-Gen Comprehensive IT AMC - 11-50 PCs,SEC-01853,GST,18,23627.92,72931.0,6,Managed IT Services & AMC,998316,8908306978999
CrowdStrike Enterprise Data Loss Prevention (DLP) License - Per 10 Users,SEC-01854,GST,18,7560.74,9382.0,286,Endpoint Security & Software Licenses,8523,8901467490668
Consulting Secure Phishing Simulation & Training - Annual Enterprise Program,SEC-01855,GST,18,18346.6,52137.0,36,Cybersecurity Consulting & Audits,998313,8901164560595
In-House Standard Network Monitoring Service (NOC) - Monthly Basic,SEC-01856,GST,18,6546.82,22090.0,46,Managed IT Services & AMC,998316,8907392002585
Managed Unified Remote Helpdesk Support - Monthly Retainer,SEC-01857,GST,18,1268.74,3455.0,20,Managed IT Services & AMC,998316,8900316787192
In-House Next-Gen Network Monitoring Service (NOC) - Monthly Advanced Proactive,SEC-01858,GST,18,3264.67,7282.0,11,Managed IT Services & AMC,998316,8902402545500
McAfee Next-Gen Email Security & Anti-Spam - Per Mailbox / Year,SEC-01859,GST,18,1447.19,1945.0,390,Endpoint Security & Software Licenses,8523,8909983976738
Advisory Cloud-Managed Penetration Testing Service - White Box,SEC-01860,GST,18,32897.72,76383.0,17,Cybersecurity Consulting & Audits,998313,8904383000914
Lenovo Enterprise 2U Storage Server - Large Capacity HDD,SEC-01861,GST,18,244560.43,277308.0,2,Servers & Data Storage,8471,8907417996546
In-House Pro On-Site Support Engineer - Full-time Dedicated/Month,SEC-01862,GST,18,15841.22,44083.0,29,Managed IT Services & AMC,998316,8902252756002
HPE Pro 1U Rack Server - Intel Xeon 16GB,SEC-01863,GST,18,196578.35,224698.0,13,Servers & Data Storage,8471,8906771251589
Juniper Next-Gen Wireless Access Point (WAP) - WiFi 6 Indoor,SEC-01864,GST,18,19608.85,22058.0,18,Hardware Firewalls & Networking,8517,8900516660812
QNAP Next-Gen 2U Storage Server - High IOPS NVMe,SEC-01865,GST,18,221408.49,269166.0,17,Servers & Data Storage,8471,8909098636152
Managed Next-Gen On-Site Support Engineer - Full-time Dedicated/Month,SEC-01866,GST,18,16517.71,54232.0,23,Managed IT Services & AMC,998316,8904420224824
Consulting Standard Phishing Simulation & Training - Quarterly Campaign,SEC-01867,GST,18,8563.15,23054.0,34,Cybersecurity Consulting & Audits,998313,8901450311802
Retained Enterprise Cloud Infrastructure Management - Monthly AWS/Azure,SEC-01868,GST,18,4108.14,11940.0,20,Managed IT Services & AMC,998316,8909606104718
Consulting Vulnerability Assessment (VAPT) - Web Application,SEC-01869,GST,18,26727.94,78138.0,25,Cybersecurity Consulting & Audits,998313,8906924768834
Fortinet Standard Managed Gigabit Switch - 48-Port PoE,SEC-01870,GST,18,72842.31,82290.0,4,Hardware Firewalls & Networking,8517,8908118140513
Lenovo 1U Rack Server - Dual CPU 64GB,SEC-01871,GST,18,178084.2,204166.0,16,Servers & Data Storage,8471,8900856094067
Cisco Next-Gen Network Load Balancer - Advanced Traffic Management,SEC-01872,GST,18,98580.84,108761.0,5,Hardware Firewalls & Networking,8517,8904564572275
Retained Unified Network Monitoring Service (NOC) - Monthly Basic,SEC-01873,GST,18,11964.34,24419.0,18,Managed IT Services & AMC,998316,8907449998709
HPE Pro Server Rack Cabinet - 24U Standard,SEC-01874,GST,18,28006.73,34881.0,21,Servers & Data Storage,8471,8904126410603
Synology Pro SAN Storage Array - All-Flash SAN,SEC-01875,GST,18,1317121.37,1587689.0,19,Servers & Data Storage,8471,8900576310108
Advisory Cloud-Managed ISO 27001 Compliance Audit - Full Implementation Support,SEC-01876,GST,18,199022.92,447526.0,19,Cybersecurity Consulting & Audits,998313,8906064004748
Managed Next-Gen On-Site Support Engineer - Full-time Dedicated/Month,SEC-01877,GST,18,15073.65,44518.0,42,Managed IT Services & AMC,998316,8908948481703
In-House Unified Comprehensive IT AMC - 1-10 PCs,SEC-01878,GST,18,47817.6,95917.0,9,Managed IT Services & AMC,998316,8907737594933
Palo Alto Standard Network Load Balancer - Basic,SEC-01879,GST,18,82025.4,91137.0,5,Hardware Firewalls & Networking,8517,8909600490214
McAfee Secure Endpoint Detection and Response (EDR) - 1-Year 10 Devices,SEC-01880,GST,18,4290.14,5511.0,193,Endpoint Security & Software Licenses,8523,8903338496552
QNAP Premium 1U Rack Server - Dual CPU 64GB,SEC-01881,GST,18,180035.48,217669.0,13,Servers & Data Storage,8471,8903004999266
Symantec Mobile Device Management (MDM) - Monthly per Device,SEC-01882,GST,18,182.24,249.0,170,Endpoint Security & Software Licenses,8523,8901739462487
HPE Next-Gen Server Rack Cabinet - 42U Heavy Duty,SEC-01883,GST,18,30086.07,34582.0,23,Servers & Data Storage,8471,8903927687141
Lenovo Standard Server Rack Cabinet - 24U Standard,SEC-01884,GST,18,37240.64,43655.0,21,Servers & Data Storage,8471,8906706055817
Lenovo Advanced SAN Storage Array - Hybrid Array,SEC-01885,GST,18,355766.42,429611.0,14,Servers & Data Storage,8471,8902506989354
Managed Cloud Infrastructure Management - Monthly AWS/Azure,SEC-01886,GST,18,3689.07,10676.0,5,Managed IT Services & AMC,998316,8901455703934
Synology Next-Gen 1U Rack Server - Enterprise 128GB,SEC-01887,GST,18,501670.4,581752.0,25,Servers & Data Storage,8471,8909255290509
Synology Premium 1U Rack Server - Intel Xeon 16GB,SEC-01888,GST,18,167558.1,204013.0,5,Servers & Data Storage,8471,8900156161973
Advisory Advanced ISO 27001 Compliance Audit - Readiness Assessment,SEC-01889,GST,18,58196.71,191067.0,5,Cybersecurity Consulting & Audits,998313,8900882384699
Juniper Unified Network Load Balancer - Advanced Traffic Management,SEC-01890,GST,18,86314.96,103671.0,8,Hardware Firewalls & Networking,8517,8901044817736
McAfee Mobile Device Management (MDM) - Monthly per Device,SEC-01891,GST,18,149.55,209.0,445,Endpoint Security & Software Licenses,8523,8908822063186
CrowdStrike Standard Mobile Device Management (MDM) - Annual per Device,SEC-01892,GST,18,1013.22,1343.0,417,Endpoint Security & Software Licenses,8523,8903023641693
Retained Remote Helpdesk Support - Quarterly SLA,SEC-01893,GST,18,6270.36,16433.0,34,Managed IT Services & AMC,998316,8906403239193
Lenovo Advanced 2U Storage Server - Large Capacity HDD,SEC-01894,GST,18,259934.31,310689.0,14,Servers & Data Storage,8471,8907126937949
Consulting Advanced ISO 27001 Compliance Audit - Readiness Assessment,SEC-01895,GST,18,42695.18,143477.0,31,Cybersecurity Consulting & Audits,998313,8904448436868
Juniper Enterprise Next-Generation Firewall (NGFW) - Entry Level,SEC-01896,GST,18,94621.03,107242.0,3,Hardware Firewalls & Networking,8517,8906409805877
Juniper Secure Wireless Access Point (WAP) - WiFi 6 Outdoor,SEC-01897,GST,18,16467.21,19744.0,24,Hardware Firewalls & Networking,8517,8900627879025
Audit Enterprise Penetration Testing Service - Black Box,SEC-01898,GST,18,33508.68,114954.0,34,Cybersecurity Consulting & Audits,998313,8902162660323
Kaspersky Next-Gen Data Loss Prevention (DLP) License - Per User,SEC-01899,GST,18,8245.87,10184.0,213,Endpoint Security & Software Licenses,8523,8905999773793
Advisory Secure Phishing Simulation & Training - Annual Enterprise Program,SEC-01900,GST,18,15136.65,52108.0,14,Cybersecurity Consulting & Audits,998313,8904741117367
Sophos Advanced Network Load Balancer - Advanced Traffic Management,SEC-01901,GST,18,132602.01,153678.0,22,Hardware Firewalls & Networking,8517,8907611258423
Dell EMC Premium 1U Rack Server - Enterprise 128GB,SEC-01902,GST,18,354932.59,441336.0,3,Servers & Data Storage,8471,8908292482873
Dell EMC Next-Gen 1U Rack Server - Dual CPU 64GB,SEC-01903,GST,18,171893.76,191229.0,22,Servers & Data Storage,8471,8907365485220
In-House Comprehensive IT AMC - 1-10 PCs,SEC-01904,GST,18,40303.7,81968.0,23,Managed IT Services & AMC,998316,8902874162796
Supermicro Standard SAN Storage Array - All-Flash SAN,SEC-01905,GST,18,907767.34,1098131.0,12,Servers & Data Storage,8471,8905510051081
Advisory Advanced Incident Response & Forensics - Per Incident Block Hours,SEC-01906,GST,18,31284.47,103729.0,18,Cybersecurity Consulting & Audits,998313,8900036072235
Sophos Premium Network Load Balancer - Basic,SEC-01907,GST,18,73539.73,82994.0,10,Hardware Firewalls & Networking,8517,8902437539169
QNAP Standard 1U Rack Server - Enterprise 128GB,SEC-01908,GST,18,460884.41,556020.0,9,Servers & Data Storage,8471,8901669687403
Dell EMC Enterprise Network Attached Storage (NAS) - 8-Bay Rackmount,SEC-01909,GST,18,50892.11,56472.0,2,Servers & Data Storage,8471,8906166497008
McAfee Premium Data Loss Prevention (DLP) License - Enterprise Site License,SEC-01910,GST,18,13420.53,18061.0,98,Endpoint Security & Software Licenses,8523,8907642962809
Lenovo Secure 1U Rack Server - Intel Xeon 16GB,SEC-01911,GST,18,118217.01,144546.0,22,Servers & Data Storage,8471,8909699613152
McAfee Pro Enterprise Antivirus Suite - Server Edition,SEC-01912,GST,18,1871.79,2296.0,456,Endpoint Security & Software Licenses,8523,8908058837743
McAfee Enterprise Endpoint Detection and Response (EDR) - 1-Year 50 Devices,SEC-01913,GST,18,9208.24,11795.0,224,Endpoint Security & Software Licenses,8523,8903950111525
Kaspersky Unified Mobile Device Management (MDM) - Monthly per Device,SEC-01914,GST,18,187.21,245.0,325,Endpoint Security & Software Licenses,8523,8902603174890
Dell EMC Next-Gen Network Attached Storage (NAS) - 8-Bay Rackmount,SEC-01915,GST,18,47652.26,56045.0,24,Servers & Data Storage,8471,8909718614229
Lenovo Enterprise Network Attached Storage (NAS) - 12-Bay Enterprise,SEC-01916,GST,18,110132.78,127167.0,7,Servers & Data Storage,8471,8900559675779
Audit Pro Vulnerability Assessment (VAPT) - Mobile App,SEC-01917,GST,18,22249.56,77521.0,40,Cybersecurity Consulting & Audits,998313,8903045762745
Fortinet Next-Gen VPN Gateway Appliance - Standard,SEC-01918,GST,18,74746.1,92224.0,13,Hardware Firewalls & Networking,8517,8908970152213
Synology Cloud-Managed Server Rack Cabinet - Co-location Rack,SEC-01919,GST,18,23489.63,29064.0,8,Servers & Data Storage,8471,8904761289899
Dell EMC Cloud-Managed SAN Storage Array - All-Flash SAN,SEC-01920,GST,18,1291472.55,1564065.0,25,Servers & Data Storage,8471,8903997992715
In-House Next-Gen Remote Helpdesk Support - Monthly Retainer,SEC-01921,GST,18,1093.76,3415.0,38,Managed IT Services & AMC,998316,8905285898681
Advisory Unified Penetration Testing Service - Grey Box,SEC-01922,GST,18,37992.54,89817.0,50,Cybersecurity Consulting & Audits,998313,8909007379499
Consulting Secure ISO 27001 Compliance Audit - Full Implementation Support,SEC-01923,GST,18,115407.64,386729.0,47,Cybersecurity Consulting & Audits,998313,8904441076926
Synology Pro Network Attached Storage (NAS) - 8-Bay Rackmount,SEC-01924,GST,18,36563.98,42699.0,13,Servers & Data Storage,8471,8909160435983
Consulting Unified ISO 27001 Compliance Audit - Readiness Assessment,SEC-01925,GST,18,59202.95,180928.0,41,Cybersecurity Consulting & Audits,998313,8906585783756
Audit Next-Gen Phishing Simulation & Training - Annual Enterprise Program,SEC-01926,GST,18,18441.04,59670.0,24,Cybersecurity Consulting & Audits,998313,8900730717761
Lenovo Premium 1U Rack Server - Enterprise 128GB,SEC-01927,GST,18,398820.45,470684.0,14,Servers & Data Storage,8471,8909223385403
Synology Server Rack Cabinet - Co-location Rack,SEC-01928,GST,18,27311.77,33951.0,12,Servers & Data Storage,8471,8900231265327
Lenovo Enterprise Network Attached Storage (NAS) - 4-Bay Desktop,SEC-01929,GST,18,44525.4,50019.0,21,Servers & Data Storage,8471,8900322347714
Retained Network Monitoring Service (NOC) - Monthly Basic,SEC-01930,GST,18,7632.71,19352.0,28,Managed IT Services & AMC,998316,8905702006174
Sophos Enterprise VPN Gateway Appliance - High Availability,SEC-01931,GST,18,88456.0,107823.0,20,Hardware Firewalls & Networking,8517,8904761218939
SonicWall Premium Managed Gigabit Switch - 48-Port PoE,SEC-01932,GST,18,93032.43,106870.0,16,Hardware Firewalls & Networking,8517,8906122283056
McAfee Pro Mobile Device Management (MDM) - Annual per Device,SEC-01933,GST,18,982.44,1363.0,239,Endpoint Security & Software Licenses,8523,8905559502635
In-House Unified Cloud Infrastructure Management - Quarterly Audit & Fix,SEC-01934,GST,18,20355.0,59204.0,48,Managed IT Services & AMC,998316,8904332763990
Trend Micro Premium Mobile Device Management (MDM) - Monthly per Device,SEC-01935,GST,18,189.71,254.0,472,Endpoint Security & Software Licenses,8523,8903696269022
Dell EMC Secure Server Rack Cabinet - 42U Heavy Duty,SEC-01936,GST,18,37125.87,44606.0,14,Servers & Data Storage,8471,8901790670151
Dell EMC 1U Rack Server - Intel Xeon 16GB,SEC-01937,GST,18,193642.35,220351.0,21,Servers & Data Storage,8471,8900769721621
Consulting Pro Penetration Testing Service - Grey Box,SEC-01938,GST,18,32840.42,105971.0,42,Cybersecurity Consulting & Audits,998313,8901929692105
Dell EMC Advanced SAN Storage Array - Entry Level,SEC-01939,GST,18,228780.71,266000.0,3,Servers & Data Storage,8471,8908228377427
Cisco Next-Gen Wireless Access Point (WAP) - High-Density,SEC-01940,GST,18,14308.01,17317.0,19,Hardware Firewalls & Networking,8517,8907282063228
Fortinet Managed Gigabit Switch - 48-Port PoE,SEC-01941,GST,18,76270.78,94212.0,10,Hardware Firewalls & Networking,8517,8906658952476
Juniper Premium Network Load Balancer - Advanced Traffic Management,SEC-01942,GST,18,109337.41,134804.0,10,Hardware Firewalls & Networking,8517,8907245257378
Retained Unified Network Monitoring Service (NOC) - Monthly Advanced Proactive,SEC-01943,GST,18,2679.97,7516.0,5,Managed IT Services & AMC,998316,8907094657770
In-House Next-Gen Remote Helpdesk Support - Annual 24/7 SLA,SEC-01944,GST,18,5875.83,15751.0,14,Managed IT Services & AMC,998316,8908426809282
Retained Cloud-Managed Comprehensive IT AMC - Server & Network Included,SEC-01945,GST,18,27965.75,74286.0,5,Managed IT Services & AMC,998316,8905371860566
Consulting Standard Vulnerability Assessment (VAPT) - Web Application,SEC-01946,GST,18,21600.08,74424.0,30,Cybersecurity Consulting & Audits,998313,8906479512798
Dell EMC Advanced 2U Storage Server - High IOPS NVMe,SEC-01947,GST,18,233576.46,269581.0,13,Servers & Data Storage,8471,8904160199198
Kaspersky Unified Endpoint Detection and Response (EDR) - 1-Year 50 Devices,SEC-01948,GST,18,6725.9,9016.0,291,Endpoint Security & Software Licenses,8523,8900867152077
SonicWall Enterprise Next-Generation Firewall (NGFW) - Mid-Range,SEC-01949,GST,18,109678.58,124366.0,15,Hardware Firewalls & Networking,8517,8908957967246
SonicWall Standard Next-Generation Firewall (NGFW) - Mid-Range,SEC-01950,GST,18,102399.93,126869.0,20,Hardware Firewalls & Networking,8517,8900070178502
Cisco Secure Next-Generation Firewall (NGFW) - Entry Level,SEC-01951,GST,18,86032.1,101931.0,7,Hardware Firewalls & Networking,8517,8903920102975
Consulting Unified Phishing Simulation & Training - Annual Enterprise Program,SEC-01952,GST,18,23843.57,71076.0,26,Cybersecurity Consulting & Audits,998313,8903965974425
Synology Enterprise Server Rack Cabinet - Co-location Rack,SEC-01953,GST,18,35299.36,39707.0,11,Servers & Data Storage,8471,8901641537405
Sophos Managed Gigabit Switch - 48-Port PoE,SEC-01954,GST,18,84187.1,103572.0,15,Hardware Firewalls & Networking,8517,8906997681608
McAfee Unified Mobile Device Management (MDM) - Monthly per Device,SEC-01955,GST,18,171.24,228.0,459,Endpoint Security & Software Licenses,8523,8905849688144
Consulting Premium Vulnerability Assessment (VAPT) - Mobile App,SEC-01956,GST,18,18230.97,58872.0,26,Cybersecurity Consulting & Audits,998313,8908624057445
Ubiquiti Pro Network Load Balancer - Advanced Traffic Management,SEC-01957,GST,18,92518.46,106959.0,9,Hardware Firewalls & Networking,8517,8905279111108
SentinelOne Enterprise Endpoint Detection and Response (EDR) - 1-Year 50 Devices,SEC-01958,GST,18,8800.97,11308.0,311,Endpoint Security & Software Licenses,8523,8909859321359
In-House Premium On-Site Support Engineer - Part-time/Month,SEC-01959,GST,18,12179.68,32653.0,49,Managed IT Services & AMC,998316,8903480022642
Kaspersky Premium Mobile Device Management (MDM) - Monthly per Device,SEC-01960,GST,18,183.2,232.0,329,Endpoint Security & Software Licenses,8523,8902987819214
Retained Unified Network Monitoring Service (NOC) - Monthly Advanced Proactive,SEC-01961,GST,18,3321.74,6668.0,16,Managed IT Services & AMC,998316,8909371784721
Bitdefender Advanced Endpoint Detection and Response (EDR) - 1-Year 10 Devices,SEC-01962,GST,18,3613.43,4723.0,464,Endpoint Security & Software Licenses,8523,8904529267698
Consulting Incident Response & Forensics - Per Incident Block Hours,SEC-01963,GST,18,55824.59,155589.0,35,Cybersecurity Consulting & Audits,998313,8905445847413
CrowdStrike Advanced Endpoint Detection and Response (EDR) - 1-Year 50 Devices,SEC-01964,GST,18,9922.9,13061.0,404,Endpoint Security & Software Licenses,8523,8903605962751
Audit Pro ISO 27001 Compliance Audit - Full Implementation Support,SEC-01965,GST,18,194400.49,396737.0,14,Cybersecurity Consulting & Audits,998313,8904844793656
Fortinet Next-Gen Wireless Access Point (WAP) - WiFi 6 Outdoor,SEC-01966,GST,18,19305.34,21630.0,6,Hardware Firewalls & Networking,8517,8903070659480
Symantec Premium Endpoint Detection and Response (EDR) - 1-Year 10 Devices,SEC-01967,GST,18,3176.72,3895.0,375,Endpoint Security & Software Licenses,8523,8904330372718
Retained Enterprise Remote Helpdesk Support - Quarterly SLA,SEC-01968,GST,18,4657.7,15424.0,31,Managed IT Services & AMC,998316,8903112138078
QNAP Premium SAN Storage Array - Hybrid Array,SEC-01969,GST,18,538994.42,626543.0,12,Servers & Data Storage,8471,8904598586635
Managed Next-Gen Network Monitoring Service (NOC) - Monthly Basic,SEC-01970,GST,18,11818.29,26566.0,40,Managed IT Services & AMC,998316,8908252128866
Audit Cloud-Managed ISO 27001 Compliance Audit - Full Implementation Support,SEC-01971,GST,18,133620.78,410500.0,38,Cybersecurity Consulting & Audits,998313,8904288284705
Dell EMC Pro 2U Storage Server - Basic Array,SEC-01972,GST,18,162629.48,182980.0,21,Servers & Data Storage,8471,8908871232036
Retained Advanced Cloud Infrastructure Management - Quarterly Audit & Fix,SEC-01973,GST,18,17586.17,59691.0,35,Managed IT Services & AMC,998316,8908626852728
Retained Pro Cloud Infrastructure Management - Monthly AWS/Azure,SEC-01974,GST,18,3171.03,8748.0,35,Managed IT Services & AMC,998316,8907834710628
HPE Secure Network Attached Storage (NAS) - 12-Bay Enterprise,SEC-01975,GST,18,111894.66,135746.0,22,Servers & Data Storage,8471,8905735623277
Fortinet Pro Wireless Access Point (WAP) - WiFi 6 Outdoor,SEC-01976,GST,18,15134.36,17457.0,20,Hardware Firewalls & Networking,8517,8907302732285
In-House Enterprise Network Monitoring Service (NOC) - Monthly Basic,SEC-01977,GST,18,5578.22,17238.0,14,Managed IT Services & AMC,998316,8905554689397
Retained Standard Comprehensive IT AMC - 11-50 PCs,SEC-01978,GST,18,25104.84,68160.0,40,Managed IT Services & AMC,998316,8908159646738
Managed Enterprise Cloud Infrastructure Management - Monthly AWS/Azure,SEC-01979,GST,18,5302.33,12820.0,47,Managed IT Services & AMC,998316,8904673322912
Kaspersky Secure Email Security & Anti-Spam - Domain License,SEC-01980,GST,18,1157.12,1601.0,274,Endpoint Security & Software Licenses,8523,8900062394599
Symantec Premium Mobile Device Management (MDM) - Annual per Device,SEC-01981,GST,18,1040.0,1253.0,334,Endpoint Security & Software Licenses,8523,8909530120339
Audit Next-Gen Vulnerability Assessment (VAPT) - Web Application,SEC-01982,GST,18,20665.51,68211.0,29,Cybersecurity Consulting & Audits,998313,8902833568905
Audit Premium Vulnerability Assessment (VAPT) - Mobile App,SEC-01983,GST,18,32470.46,82766.0,18,Cybersecurity Consulting & Audits,998313,8903743567027
In-House Standard On-Site Support Engineer - Full-time Dedicated/Month,SEC-01984,GST,18,17248.43,58455.0,28,Managed IT Services & AMC,998316,8909695794575
Advisory Secure Incident Response & Forensics - Per Incident Block Hours,SEC-01985,GST,18,38794.23,97525.0,46,Cybersecurity Consulting & Audits,998313,8903629171485
CrowdStrike Email Security & Anti-Spam - Per Mailbox / Year,SEC-01986,GST,18,1184.17,1459.0,210,Endpoint Security & Software Licenses,8523,8902520788216
CrowdStrike Advanced Endpoint Detection and Response (EDR) - 1-Year 50 Devices,SEC-01987,GST,18,6966.98,9520.0,241,Endpoint Security & Software Licenses,8523,8907445203027
Retained Pro Network Monitoring Service (NOC) - Monthly Advanced Proactive,SEC-01988,GST,18,1837.87,5690.0,40,Managed IT Services & AMC,998316,8902403532124
CrowdStrike Pro Enterprise Antivirus Suite - Server Edition,SEC-01989,GST,18,2018.95,2599.0,198,Endpoint Security & Software Licenses,8523,8900941218052
Bitdefender Email Security & Anti-Spam - Domain License,SEC-01990,GST,18,1212.09,1626.0,194,Endpoint Security & Software Licenses,8523,8907941232546
Fortinet Standard Network Load Balancer - Basic,SEC-01991,GST,18,56698.56,64942.0,25,Hardware Firewalls & Networking,8517,8903485713399
Retained Cloud-Managed Remote Helpdesk Support - Quarterly SLA,SEC-01992,GST,18,7556.4,16101.0,36,Managed IT Services & AMC,998316,8903421120291
QNAP Premium 1U Rack Server - Intel Xeon 16GB,SEC-01993,GST,18,128114.73,152304.0,11,Servers & Data Storage,8471,8908029890888
Ubiquiti Enterprise VPN Gateway Appliance - High Availability,SEC-01994,GST,18,91136.39,102407.0,5,Hardware Firewalls & Networking,8517,8909199082133
Bitdefender Standard Email Security & Anti-Spam - Per Mailbox / Year,SEC-01995,GST,18,1245.2,1532.0,439,Endpoint Security & Software Licenses,8523,8906670417103
Consulting Standard Vulnerability Assessment (VAPT) - Mobile App,SEC-01996,GST,18,25348.18,80855.0,35,Cybersecurity Consulting & Audits,998313,8904050133203
SentinelOne Secure Data Loss Prevention (DLP) License - Enterprise Site License,SEC-01997,GST,18,15497.65,21567.0,89,Endpoint Security & Software Licenses,8523,8904876507752
Trend Micro Pro Mobile Device Management (MDM) - Monthly per Device,SEC-01998,GST,18,157.59,201.0,432,Endpoint Security & Software Licenses,8523,8903160378110
SentinelOne Pro Mobile Device Management (MDM) - Monthly per Device,SEC-01999,GST,18,215.26,283.0,244,Endpoint Security & Software Licenses,8523,8903066700599
Bitdefender Cloud-Managed Email Security & Anti-Spam - Domain License,SEC-02000,GST,18,1372.97,1715.0,416,Endpoint Security & Software Licenses,8523,8902337007158
Juniper Unified Next-Generation Firewall (NGFW) - Enterprise Tier,SEC-02001,GST,18,416717.42,462496.0,22,Hardware Firewalls & Networking,8517,8900863323430
Managed Enterprise On-Site Support Engineer - Full-time Dedicated/Month,SEC-02002,GST,18,13936.68,42420.0,49,Managed IT Services & AMC,998316,8908839237590
Advisory Next-Gen Penetration Testing Service - Black Box,SEC-02003,GST,18,44337.49,110291.0,39,Cybersecurity Consulting & Audits,998313,8902585455139
Ubiquiti Pro VPN Gateway Appliance - Standard,SEC-02004,GST,18,90900.21,107072.0,7,Hardware Firewalls & Networking,8517,8903678838736
Consulting Pro Penetration Testing Service - Black Box,SEC-02005,GST,18,46824.69,95935.0,49,Cybersecurity Consulting & Audits,998313,8903647584664
Advisory Standard Phishing Simulation & Training - Annual Enterprise Program,SEC-02006,GST,18,22757.1,62278.0,10,Cybersecurity Consulting & Audits,998313,8902063175529
Managed Standard Cloud Infrastructure Management - Monthly AWS/Azure,SEC-02007,GST,18,3357.67,9301.0,5,Managed IT Services & AMC,998316,8908114415728
SonicWall Pro Wireless Access Point (WAP) - High-Density,SEC-02008,GST,18,16800.07,20727.0,4,Hardware Firewalls & Networking,8517,8906861146036
Fortinet Cloud-Managed Network Load Balancer - Basic,SEC-02009,GST,18,76629.61,84547.0,12,Hardware Firewalls & Networking,8517,8905546542683
Retained Unified Network Monitoring Service (NOC) - Monthly Basic,SEC-02010,GST,18,6186.41,21547.0,6,Managed IT Services & AMC,998316,8903445459566
Fortinet Standard Managed Gigabit Switch - 24-Port PoE,SEC-02011,GST,18,23826.26,29623.0,22,Hardware Firewalls & Networking,8517,8902272386974
Supermicro Unified 1U Rack Server - Enterprise 128GB,SEC-02012,GST,18,432093.15,527343.0,14,Servers & Data Storage,8471,8908385095709
Lenovo 1U Rack Server - Enterprise 128GB,SEC-02013,GST,18,421252.92,489057.0,13,Servers & Data Storage,8471,8900811364034
Consulting Pro ISO 27001 Compliance Audit - Full Implementation Support,SEC-02014,GST,18,134645.94,463426.0,34,Cybersecurity Consulting & Audits,998313,8900062795951
SentinelOne Secure Enterprise Antivirus Suite - Server Edition,SEC-02015,GST,18,1402.53,1855.0,248,Endpoint Security & Software Licenses,8523,8906954217562
Managed Premium Remote Helpdesk Support - Annual 24/7 SLA,SEC-02016,GST,18,8879.49,19254.0,50,Managed IT Services & AMC,998316,8901734479459
HPE Standard Network Attached Storage (NAS) - 12-Bay Enterprise,SEC-02017,GST,18,112622.45,135906.0,19,Servers & Data Storage,8471,8903264897100
Palo Alto Next-Gen Next-Generation Firewall (NGFW) - Mid-Range,SEC-02018,GST,18,172518.37,192447.0,23,Hardware Firewalls & Networking,8517,8909457613049
Kaspersky Enterprise Data Loss Prevention (DLP) License - Per User,SEC-02019,GST,18,5620.66,7538.0,376,Endpoint Security & Software Licenses,8523,8903552833728
Retained Unified Network Monitoring Service (NOC) - Monthly Advanced Proactive,SEC-02020,GST,18,2686.26,7608.0,47,Managed IT Services & AMC,998316,8903026564771
Cisco Standard Network Load Balancer - Basic,SEC-02021,GST,18,71303.71,87689.0,16,Hardware Firewalls & Networking,8517,8900894107911
In-House Cloud-Managed Comprehensive IT AMC - 11-50 PCs,SEC-02022,GST,18,28884.41,74312.0,46,Managed IT Services & AMC,998316,8901198309754
Supermicro Pro Network Attached Storage (NAS) - 8-Bay Rackmount,SEC-02023,GST,18,47128.48,57591.0,23,Servers & Data Storage,8471,8908852377487
In-House Next-Gen Comprehensive IT AMC - 11-50 PCs,SEC-02024,GST,18,39614.95,86420.0,14,Managed IT Services & AMC,998316,8905325121808
HPE SAN Storage Array - All-Flash SAN,SEC-02025,GST,18,1449193.36,1607243.0,15,Servers & Data Storage,8471,8906602865383
Consulting Standard ISO 27001 Compliance Audit - Full Implementation Support,SEC-02026,GST,18,144732.64,376850.0,47,Cybersecurity Consulting & Audits,998313,8908210037090
In-House Next-Gen Remote Helpdesk Support - Quarterly SLA,SEC-02027,GST,18,6385.24,17825.0,37,Managed IT Services & AMC,998316,8906693207098
Lenovo Server Rack Cabinet - 42U Heavy Duty,SEC-02028,GST,18,25496.42,30705.0,15,Servers & Data Storage,8471,8907487629650
Managed Cloud-Managed Network Monitoring Service (NOC) - Monthly Advanced Proactive,SEC-02029,GST,18,3049.3,6708.0,35,Managed IT Services & AMC,998316,8906541982817
Advisory Phishing Simulation & Training - Annual Enterprise Program,SEC-02030,GST,18,18529.75,60938.0,7,Cybersecurity Consulting & Audits,998313,8903452202626
Audit Advanced Vulnerability Assessment (VAPT) - Web Application,SEC-02031,GST,18,30760.89,79468.0,21,Cybersecurity Consulting & Audits,998313,8905257330907
SentinelOne Cloud-Managed Endpoint Detection and Response (EDR) - 1-Year 50 Devices,SEC-02032,GST,18,8442.4,10277.0,313,Endpoint Security & Software Licenses,8523,8905224767512
Trend Micro Unified Email Security & Anti-Spam - Per Mailbox / Year,SEC-02033,GST,18,1346.06,1770.0,62,Endpoint Security & Software Licenses,8523,8900536693327
In-House Advanced Remote Helpdesk Support - Quarterly SLA,SEC-02034,GST,18,3841.59,13121.0,49,Managed IT Services & AMC,998316,8906283723722
SentinelOne Standard Email Security & Anti-Spam - Per Mailbox / Year,SEC-02035,GST,18,900.89,1227.0,417,Endpoint Security & Software Licenses,8523,8907008942340
Supermicro Enterprise SAN Storage Array - Entry Level,SEC-02036,GST,18,237560.34,269627.0,8,Servers & Data Storage,8471,8901883845612
Trend Micro Enterprise Mobile Device Management (MDM) - Monthly per Device,SEC-02037,GST,18,192.55,248.0,353,Endpoint Security & Software Licenses,8523,8908517696806
McAfee Enterprise Data Loss Prevention (DLP) License - Per 10 Users,SEC-02038,GST,18,7393.34,9894.0,99,Endpoint Security & Software Licenses,8523,8905783792640
Symantec Unified Enterprise Antivirus Suite - Server Edition,SEC-02039,GST,18,1289.86,1798.0,358,Endpoint Security & Software Licenses,8523,8906885934288
Supermicro Pro Server Rack Cabinet - 24U Standard,SEC-02040,GST,18,32345.35,38557.0,21,Servers & Data Storage,8471,8907833150321
Consulting Secure ISO 27001 Compliance Audit - Full Implementation Support,SEC-02041,GST,18,141871.45,449600.0,48,Cybersecurity Consulting & Audits,998313,8900250666860
Retained Enterprise Cloud Infrastructure Management - Monthly AWS/Azure,SEC-02042,GST,18,3868.77,10471.0,24,Managed IT Services & AMC,998316,8909986328959
SonicWall Next-Gen Next-Generation Firewall (NGFW) - Entry Level,SEC-02043,GST,18,75942.63,87073.0,17,Hardware Firewalls & Networking,8517,8906221559637
Symantec Pro Email Security & Anti-Spam - Domain License,SEC-02044,GST,18,1316.09,1647.0,222,Endpoint Security & Software Licenses,8523,8909403895546
Bitdefender Standard Data Loss Prevention (DLP) License - Per User,SEC-02045,GST,18,6752.85,8797.0,161,Endpoint Security & Software Licenses,8523,8900021027366
Supermicro Cloud-Managed 2U Storage Server - High IOPS NVMe,SEC-02046,GST,18,241280.94,282101.0,25,Servers & Data Storage,8471,8902234874939
Palo Alto Standard VPN Gateway Appliance - Standard,SEC-02047,GST,18,83855.52,92661.0,2,Hardware Firewalls & Networking,8517,8904886607326
McAfee Unified Mobile Device Management (MDM) - Monthly per Device,SEC-02048,GST,18,192.02,254.0,372,Endpoint Security & Software Licenses,8523,8904176090937
Palo Alto Secure Wireless Access Point (WAP) - High-Density,SEC-02049,GST,18,17017.71,20147.0,2,Hardware Firewalls & Networking,8517,8904573466944
In-House Unified Remote Helpdesk Support - Annual 24/7 SLA,SEC-02050,GST,18,5344.43,17761.0,50,Managed IT Services & AMC,998316,8905289056651
Audit Unified Phishing Simulation & Training - Annual Enterprise Program,SEC-02051,GST,18,22085.22,63829.0,39,Cybersecurity Consulting & Audits,998313,8908374345096
Advisory Next-Gen Incident Response & Forensics - Retainer Setup,SEC-02052,GST,18,44010.72,98435.0,25,Cybersecurity Consulting & Audits,998313,8900230899646
Consulting Pro Penetration Testing Service - White Box,SEC-02053,GST,18,25788.14,85418.0,27,Cybersecurity Consulting & Audits,998313,8904869521215
In-House Unified Remote Helpdesk Support - Annual 24/7 SLA,SEC-02054,GST,18,4485.08,12476.0,7,Managed IT Services & AMC,998316,8903546946604
Audit Cloud-Managed Penetration Testing Service - White Box,SEC-02055,GST,18,34660.05,83680.0,32,Cybersecurity Consulting & Audits,998313,8909116122150
Supermicro Cloud-Managed Server Rack Cabinet - Co-location Rack,SEC-02056,GST,18,32263.57,40228.0,19,Servers & Data Storage,8471,8906819004158
Audit Secure Penetration Testing Service - Black Box,SEC-02057,GST,18,27664.76,77896.0,50,Cybersecurity Consulting & Audits,998313,8906013855002
Advisory Next-Gen Phishing Simulation & Training - Quarterly Campaign,SEC-02058,GST,18,5776.71,20145.0,6,Cybersecurity Consulting & Audits,998313,8901245718158
Palo Alto Enterprise Next-Generation Firewall (NGFW) - Enterprise Tier,SEC-02059,GST,18,340505.93,413922.0,5,Hardware Firewalls & Networking,8517,8903650551919
QNAP Unified SAN Storage Array - Hybrid Array,SEC-02060,GST,18,360844.34,420371.0,23,Servers & Data Storage,8471,8907170804929
Supermicro Secure 2U Storage Server - Large Capacity HDD,SEC-02061,GST,18,163326.31,202159.0,24,Servers & Data Storage,8471,8901961293321
Lenovo Advanced Server Rack Cabinet - 42U Heavy Duty,SEC-02062,GST,18,40521.96,44830.0,10,Servers & Data Storage,8471,8900037177588
Bitdefender Unified Enterprise Antivirus Suite - Server Edition,SEC-02063,GST,18,1544.06,1855.0,254,Endpoint Security & Software Licenses,8523,8901126203069
CrowdStrike Unified Mobile Device Management (MDM) - Annual per Device,SEC-02064,GST,18,1105.7,1364.0,110,Endpoint Security & Software Licenses,8523,8908601811239
Audit Advanced Penetration Testing Service - Black Box,SEC-02065,GST,18,30117.46,86605.0,37,Cybersecurity Consulting & Audits,998313,8907920623145
Advisory Premium Incident Response & Forensics - Retainer Setup,SEC-02066,GST,18,48722.46,148888.0,45,Cybersecurity Consulting & Audits,998313,8901968045052
Fortinet Pro Managed Gigabit Switch - 24-Port PoE,SEC-02067,GST,18,38034.02,41871.0,5,Hardware Firewalls & Networking,8517,8906418044608
SonicWall Standard Network Load Balancer - Advanced Traffic Management,SEC-02068,GST,18,91260.81,111399.0,19,Hardware Firewalls & Networking,8517,8903469544950
In-House Next-Gen On-Site Support Engineer - Full-time Dedicated/Month,SEC-02069,GST,18,11346.75,36781.0,49,Managed IT Services & AMC,998316,8907456698398
Kaspersky Enterprise Endpoint Detection and Response (EDR) - 1-Year 10 Devices,SEC-02070,GST,18,2806.18,3919.0,90,Endpoint Security & Software Licenses,8523,8904290495776
Lenovo Next-Gen 2U Storage Server - Large Capacity HDD,SEC-02071,GST,18,203247.3,235957.0,14,Servers & Data Storage,8471,8909195301647
QNAP Unified SAN Storage Array - Entry Level,SEC-02072,GST,18,323425.75,388384.0,14,Servers & Data Storage,8471,8908590262976
Fortinet Advanced VPN Gateway Appliance - High Availability,SEC-02073,GST,18,85240.62,100671.0,15,Hardware Firewalls & Networking,8517,8900349824689
Managed Cloud-Managed Comprehensive IT AMC - 1-10 PCs,SEC-02074,GST,18,35232.29,78783.0,36,Managed IT Services & AMC,998316,8907402157231
Lenovo Advanced 2U Storage Server - High IOPS NVMe,SEC-02075,GST,18,278122.97,320128.0,12,Servers & Data Storage,8471,8906008589496
Palo Alto Secure Managed Gigabit Switch - 24-Port PoE,SEC-02076,GST,18,40348.77,44726.0,6,Hardware Firewalls & Networking,8517,8900535313184
Bitdefender Endpoint Detection and Response (EDR) - 1-Year 10 Devices,SEC-02077,GST,18,4349.55,5762.0,197,Endpoint Security & Software Licenses,8523,8902322109129
McAfee Standard Enterprise Antivirus Suite - Server Edition,SEC-02078,GST,18,1906.12,2393.0,407,Endpoint Security & Software Licenses,8523,8901408783437
Retained Enterprise On-Site Support Engineer - Part-time/Month,SEC-02079,GST,18,9991.09,22209.0,12,Managed IT Services & AMC,998316,8906823137998
Ubiquiti Premium Next-Generation Firewall (NGFW) - Enterprise Tier,SEC-02080,GST,18,393265.53,480021.0,20,Hardware Firewalls & Networking,8517,8906242657896
Supermicro Next-Gen Network Attached Storage (NAS) - 8-Bay Rackmount,SEC-02081,GST,18,37446.41,46653.0,13,Servers & Data Storage,8471,8902634888237
Lenovo Advanced Network Attached Storage (NAS) - 8-Bay Rackmount,SEC-02082,GST,18,33864.28,38886.0,12,Servers & Data Storage,8471,8901178828050
Lenovo Pro Network Attached Storage (NAS) - 8-Bay Rackmount,SEC-02083,GST,18,41103.73,48465.0,18,Servers & Data Storage,8471,8907204767666
Ubiquiti Next-Gen Managed Gigabit Switch - 10G Uplink,SEC-02084,GST,18,39281.7,44973.0,24,Hardware Firewalls & Networking,8517,8908712075313
Retained Standard Network Monitoring Service (NOC) - Monthly Basic,SEC-02085,GST,18,6623.79,20700.0,13,Managed IT Services & AMC,998316,8906210741443
SonicWall Cloud-Managed Next-Generation Firewall (NGFW) - Entry Level,SEC-02086,GST,18,61110.57,75673.0,13,Hardware Firewalls & Networking,8517,8902996457443
Dell EMC Unified Server Rack Cabinet - Co-location Rack,SEC-02087,GST,18,26549.3,29692.0,13,Servers & Data Storage,8471,8903334972969
In-House Premium Comprehensive IT AMC - 1-10 PCs,SEC-02088,GST,18,29441.59,93852.0,24,Managed IT Services & AMC,998316,8903449975858
Retained Next-Gen Comprehensive IT AMC - Server & Network Included,SEC-02089,GST,18,39719.79,84940.0,35,Managed IT Services & AMC,998316,8908602159927
Advisory Cloud-Managed Penetration Testing Service - White Box,SEC-02090,GST,18,49795.53,115993.0,13,Cybersecurity Consulting & Audits,998313,8907490331222
QNAP Next-Gen Network Attached Storage (NAS) - 8-Bay Rackmount,SEC-02091,GST,18,29969.78,36922.0,2,Servers & Data Storage,8471,8904731483687
Bitdefender Enterprise Mobile Device Management (MDM) - Annual per Device,SEC-02092,GST,18,800.93,964.0,256,Endpoint Security & Software Licenses,8523,8906656007622
Audit Next-Gen Vulnerability Assessment (VAPT) - Web Application,SEC-02093,GST,18,19546.64,56129.0,18,Cybersecurity Consulting & Audits,998313,8908682784726
Trend Micro Pro Enterprise Antivirus Suite - Server Edition,SEC-02094,GST,18,1495.57,1798.0,203,Endpoint Security & Software Licenses,8523,8905969206660
Kaspersky Standard Data Loss Prevention (DLP) License - Per User,SEC-02095,GST,18,6055.3,7572.0,185,Endpoint Security & Software Licenses,8523,8903584981184
Managed Enterprise Comprehensive IT AMC - 1-10 PCs,SEC-02096,GST,18,34865.83,71253.0,29,Managed IT Services & AMC,998316,8903781704836
Trend Micro Standard Email Security & Anti-Spam - Per Mailbox / Year,SEC-02097,GST,18,1276.27,1717.0,346,Endpoint Security & Software Licenses,8523,8905585942193
Retained Pro Remote Helpdesk Support - Monthly Retainer,SEC-02098,GST,18,1355.55,3545.0,49,Managed IT Services & AMC,998316,8906597276768
Managed Cloud Infrastructure Management - Quarterly Audit & Fix,SEC-02099,GST,18,14215.38,45240.0,32,Managed IT Services & AMC,998316,8901341749195
QNAP Next-Gen 1U Rack Server - Enterprise 128GB,SEC-02100,GST,18,479091.96,539876.0,17,Servers & Data Storage,8471,8902339907615
Fortinet Standard Next-Generation Firewall (NGFW) - Entry Level,SEC-02101,GST,18,73549.7,82077.0,11,Hardware Firewalls & Networking,8517,8908044236479
Dell EMC Network Attached Storage (NAS) - 12-Bay Enterprise,SEC-02102,GST,18,82442.4,90718.0,25,Servers & Data Storage,8471,8908616479049
Audit Pro ISO 27001 Compliance Audit - Full Implementation Support,SEC-02103,GST,18,118063.74,399434.0,29,Cybersecurity Consulting & Audits,998313,8907996736720
Consulting Premium Phishing Simulation & Training - Quarterly Campaign,SEC-02104,GST,18,9550.32,30012.0,34,Cybersecurity Consulting & Audits,998313,8902643205869
Advisory Secure Penetration Testing Service - White Box,SEC-02105,GST,18,36960.06,99920.0,47,Cybersecurity Consulting & Audits,998313,8905579327701
SonicWall Wireless Access Point (WAP) - WiFi 6 Outdoor,SEC-02106,GST,18,12261.81,15263.0,23,Hardware Firewalls & Networking,8517,8907326096856
Consulting Standard Incident Response & Forensics - Per Incident Block Hours,SEC-02107,GST,18,31297.76,98096.0,26,Cybersecurity Consulting & Audits,998313,8909735867943
Synology Unified Network Attached Storage (NAS) - 8-Bay Rackmount,SEC-02108,GST,18,32096.89,37149.0,6,Servers & Data Storage,8471,8907676596458
Retained Cloud Infrastructure Management - Quarterly Audit & Fix,SEC-02109,GST,18,16167.36,46482.0,21,Managed IT Services & AMC,998316,8907155347450
Lenovo Pro 1U Rack Server - Dual CPU 64GB,SEC-02110,GST,18,163350.07,183842.0,22,Servers & Data Storage,8471,8900848965394
CrowdStrike Secure Enterprise Antivirus Suite - 5-User 1-Year,SEC-02111,GST,18,1368.89,1880.0,66,Endpoint Security & Software Licenses,8523,8907805383385
Retained Remote Helpdesk Support - Monthly Retainer,SEC-02112,GST,18,988.65,2581.0,29,Managed IT Services & AMC,998316,8904804073730
CrowdStrike Cloud-Managed Data Loss Prevention (DLP) License - Per User,SEC-02113,GST,18,5673.34,7728.0,411,Endpoint Security & Software Licenses,8523,8904051026583
Advisory Pro Incident Response & Forensics - Per Incident Block Hours,SEC-02114,GST,18,44367.58,108125.0,30,Cybersecurity Consulting & Audits,998313,8907464660332
In-House Enterprise On-Site Support Engineer - Full-time Dedicated/Month,SEC-02115,GST,18,13315.57,38508.0,8,Managed IT Services & AMC,998316,8909410102760
Retained Comprehensive IT AMC - Server & Network Included,SEC-02116,GST,18,29802.02,77116.0,38,Managed IT Services & AMC,998316,8904977973833
Palo Alto Enterprise Next-Generation Firewall (NGFW) - Mid-Range,SEC-02117,GST,18,118550.99,136122.0,22,Hardware Firewalls & Networking,8517,8905478935052
In-House Premium Remote Helpdesk Support - Quarterly SLA,SEC-02118,GST,18,5301.0,17446.0,35,Managed IT Services & AMC,998316,8905670718129
HPE Pro SAN Storage Array - Entry Level,SEC-02119,GST,18,290855.28,325498.0,17,Servers & Data Storage,8471,8907459984133
Managed Premium On-Site Support Engineer - Full-time Dedicated/Month,SEC-02120,GST,18,14316.8,43525.0,5,Managed IT Services & AMC,998316,8907910651064
Palo Alto Next-Gen Next-Generation Firewall (NGFW) - Mid-Range,SEC-02121,GST,18,114658.02,135374.0,22,Hardware Firewalls & Networking,8517,8904784830348
Bitdefender Secure Enterprise Antivirus Suite - 5-User 1-Year,SEC-02122,GST,18,1689.06,2260.0,53,Endpoint Security & Software Licenses,8523,8904492728090
Dell EMC Next-Gen SAN Storage Array - Hybrid Array,SEC-02123,GST,18,384511.48,461215.0,14,Servers & Data Storage,8471,8904316785984
McAfee Next-Gen Endpoint Detection and Response (EDR) - 1-Year 50 Devices,SEC-02124,GST,18,9206.64,12707.0,430,Endpoint Security & Software Licenses,8523,8909303207560
Symantec Standard Mobile Device Management (MDM) - Monthly per Device,SEC-02125,GST,18,228.12,281.0,476,Endpoint Security & Software Licenses,8523,8900299966330
Audit Cloud-Managed Penetration Testing Service - White Box,SEC-02126,GST,18,25442.59,87868.0,20,Cybersecurity Consulting & Audits,998313,8900799154027
HPE Advanced 1U Rack Server - Intel Xeon 16GB,SEC-02127,GST,18,185877.78,221974.0,13,Servers & Data Storage,8471,8903185004231
Audit Cloud-Managed Vulnerability Assessment (VAPT) - Mobile App,SEC-02128,GST,18,37603.57,82332.0,8,Cybersecurity Consulting & Audits,998313,8904810930548
Trend Micro Next-Gen Mobile Device Management (MDM) - Monthly per Device,SEC-02129,GST,18,173.91,235.0,298,Endpoint Security & Software Licenses,8523,8909739824553
Audit Next-Gen ISO 27001 Compliance Audit - Readiness Assessment,SEC-02130,GST,18,59405.07,131761.0,48,Cybersecurity Consulting & Audits,998313,8903826429518
Symantec Unified Data Loss Prevention (DLP) License - Per 10 Users,SEC-02131,GST,18,7170.06,9714.0,451,Endpoint Security & Software Licenses,8523,8908155903081
Advisory Enterprise Incident Response & Forensics - Per Incident Block Hours,SEC-02132,GST,18,40581.07,111708.0,29,Cybersecurity Consulting & Audits,998313,8901504884915
Ubiquiti Enterprise Network Load Balancer - Basic,SEC-02133,GST,18,56325.25,67972.0,3,Hardware Firewalls & Networking,8517,8903507695559
Lenovo Next-Gen Network Attached Storage (NAS) - 12-Bay Enterprise,SEC-02134,GST,18,85077.04,94376.0,24,Servers & Data Storage,8471,8902277547777
McAfee Secure Email Security & Anti-Spam - Per Mailbox / Year,SEC-02135,GST,18,1053.21,1413.0,114,Endpoint Security & Software Licenses,8523,8903872493797
Audit Premium Vulnerability Assessment (VAPT) - Network Infrastructure,SEC-02136,GST,18,22679.66,75098.0,28,Cybersecurity Consulting & Audits,998313,8909484967416
In-House Remote Helpdesk Support - Annual 24/7 SLA,SEC-02137,GST,18,5529.39,14557.0,36,Managed IT Services & AMC,998316,8901255935027
Managed Cloud-Managed Network Monitoring Service (NOC) - Monthly Basic,SEC-02138,GST,18,6290.5,19962.0,14,Managed IT Services & AMC,998316,8907276531451
Lenovo Premium 1U Rack Server - Dual CPU 64GB,SEC-02139,GST,18,130448.26,149029.0,13,Servers & Data Storage,8471,8905834559556
Dell EMC Pro SAN Storage Array - Hybrid Array,SEC-02140,GST,18,369834.78,450884.0,23,Servers & Data Storage,8471,8907668089504
Audit Cloud-Managed Vulnerability Assessment (VAPT) - Mobile App,SEC-02141,GST,18,36928.6,76672.0,17,Cybersecurity Consulting & Audits,998313,8901715578521
Advisory Pro Incident Response & Forensics - Retainer Setup,SEC-02142,GST,18,46381.13,119458.0,7,Cybersecurity Consulting & Audits,998313,8909316089888
Trend Micro Premium Endpoint Detection and Response (EDR) - 1-Year 5 Devices,SEC-02143,GST,18,1957.27,2658.0,332,Endpoint Security & Software Licenses,8523,8903911153202
Managed Comprehensive IT AMC - 1-10 PCs,SEC-02144,GST,18,30481.1,92326.0,20,Managed IT Services & AMC,998316,8903963790203
Consulting Standard Phishing Simulation & Training - Quarterly Campaign,SEC-02145,GST,18,9237.25,26995.0,38,Cybersecurity Consulting & Audits,998313,8904478167663
SentinelOne Premium Enterprise Antivirus Suite - Server Edition,SEC-02146,GST,18,1701.86,2144.0,408,Endpoint Security & Software Licenses,8523,8901242664742
Managed Enterprise Network Monitoring Service (NOC) - Monthly Basic,SEC-02147,GST,18,7632.63,21663.0,48,Managed IT Services & AMC,998316,8902796637958
SonicWall Unified Network Load Balancer - Advanced Traffic Management,SEC-02148,GST,18,127023.73,145487.0,21,Hardware Firewalls & Networking,8517,8909246871446
Audit Pro Incident Response & Forensics - Per Incident Block Hours,SEC-02149,GST,18,40758.39,101511.0,32,Cybersecurity Consulting & Audits,998313,8906423940269
Juniper Enterprise Network Load Balancer - Advanced Traffic Management,SEC-02150,GST,18,119440.66,141940.0,14,Hardware Firewalls & Networking,8517,8906811822923
Lenovo Unified SAN Storage Array - Hybrid Array,SEC-02151,GST,18,351553.15,434343.0,9,Servers & Data Storage,8471,8907337840613
Advisory Next-Gen Phishing Simulation & Training - Annual Enterprise Program,SEC-02152,GST,18,29199.7,80114.0,20,Cybersecurity Consulting & Audits,998313,8900455965765
Retained Premium Cloud Infrastructure Management - Monthly AWS/Azure,SEC-02153,GST,18,4961.32,12433.0,13,Managed IT Services & AMC,998316,8906764494363
Synology Cloud-Managed 1U Rack Server - Dual CPU 64GB,SEC-02154,GST,18,123491.61,153663.0,13,Servers & Data Storage,8471,8903442004218
Managed Standard Network Monitoring Service (NOC) - Monthly Advanced Proactive,SEC-02155,GST,18,3911.73,8629.0,20,Managed IT Services & AMC,998316,8905191985056
Trend Micro Pro Endpoint Detection and Response (EDR) - 1-Year 5 Devices,SEC-02156,GST,18,1887.71,2587.0,213,Endpoint Security & Software Licenses,8523,8900814322987
Managed Unified Remote Helpdesk Support - Monthly Retainer,SEC-02157,GST,18,1121.55,3407.0,8,Managed IT Services & AMC,998316,8904233810608
Audit Premium Phishing Simulation & Training - Quarterly Campaign,SEC-02158,GST,18,11205.9,24545.0,10,Cybersecurity Consulting & Audits,998313,8908457496599
Cisco Premium Managed Gigabit Switch - 48-Port PoE,SEC-02159,GST,18,87419.81,100769.0,21,Hardware Firewalls & Networking,8517,8906114358304
SonicWall Secure VPN Gateway Appliance - High Availability,SEC-02160,GST,18,66227.42,73249.0,4,Hardware Firewalls & Networking,8517,8900922168974
SentinelOne Standard Enterprise Antivirus Suite - 5-User 1-Year,SEC-02161,GST,18,1460.37,1883.0,477,Endpoint Security & Software Licenses,8523,8902043192743
Sophos Cloud-Managed VPN Gateway Appliance - High Availability,SEC-02162,GST,18,67514.72,82934.0,7,Hardware Firewalls & Networking,8517,8903361655806
Lenovo Secure SAN Storage Array - All-Flash SAN,SEC-02163,GST,18,1041555.37,1211483.0,6,Servers & Data Storage,8471,8900367027510
Cisco Premium VPN Gateway Appliance - High Availability,SEC-02164,GST,18,78258.03,86116.0,16,Hardware Firewalls & Networking,8517,8901121816793
HPE Network Attached Storage (NAS) - 4-Bay Desktop,SEC-02165,GST,18,44543.98,54078.0,9,Servers & Data Storage,8471,8900548495165
In-House Pro Cloud Infrastructure Management - Quarterly Audit & Fix,SEC-02166,GST,18,20177.49,43632.0,38,Managed IT Services & AMC,998316,8903024264685
Trend Micro Premium Endpoint Detection and Response (EDR) - 1-Year 50 Devices,SEC-02167,GST,18,8122.43,9803.0,85,Endpoint Security & Software Licenses,8523,8901548805109
HPE Secure Network Attached Storage (NAS) - 8-Bay Rackmount,SEC-02168,GST,18,46114.26,52277.0,15,Servers & Data Storage,8471,8903305754370
Ubiquiti Standard Network Load Balancer - Advanced Traffic Management,SEC-02169,GST,18,96375.38,120337.0,9,Hardware Firewalls & Networking,8517,8907702170470
Juniper Managed Gigabit Switch - 48-Port PoE,SEC-02170,GST,18,62700.32,77421.0,9,Hardware Firewalls & Networking,8517,8903971785681
Managed Secure On-Site Support Engineer - Full-time Dedicated/Month,SEC-02171,GST,18,12671.09,36828.0,36,Managed IT Services & AMC,998316,8903930105591
Retained Pro On-Site Support Engineer - Part-time/Month,SEC-02172,GST,18,14824.3,31286.0,42,Managed IT Services & AMC,998316,8903647089440
Managed Advanced Network Monitoring Service (NOC) - Monthly Advanced Proactive,SEC-02173,GST,18,3609.25,9027.0,17,Managed IT Services & AMC,998316,8905707650946
Dell EMC Secure SAN Storage Array - Hybrid Array,SEC-02174,GST,18,422699.9,506345.0,25,Servers & Data Storage,8471,8902719260261
Ubiquiti Standard VPN Gateway Appliance - Standard,SEC-02175,GST,18,58039.16,69122.0,9,Hardware Firewalls & Networking,8517,8906091949081
In-House Advanced Comprehensive IT AMC - 1-10 PCs,SEC-02176,GST,18,32186.11,83984.0,15,Managed IT Services & AMC,998316,8908058777701
Trend Micro Advanced Email Security & Anti-Spam - Domain License,SEC-02177,GST,18,1324.06,1723.0,101,Endpoint Security & Software Licenses,8523,8901956964607
In-House Cloud-Managed Network Monitoring Service (NOC) - Monthly Advanced Proactive,SEC-02178,GST,18,2824.5,8034.0,12,Managed IT Services & AMC,998316,8909220513563
Consulting Next-Gen Phishing Simulation & Training - Annual Enterprise Program,SEC-02179,GST,18,25543.13,74451.0,27,Cybersecurity Consulting & Audits,998313,8900075167486
In-House Next-Gen Network Monitoring Service (NOC) - Monthly Basic,SEC-02180,GST,18,8376.55,18173.0,36,Managed IT Services & AMC,998316,8904874779359
Consulting Pro ISO 27001 Compliance Audit - Full Implementation Support,SEC-02181,GST,18,156566.79,400696.0,43,Cybersecurity Consulting & Audits,998313,8909971252019
Dell EMC Cloud-Managed SAN Storage Array - All-Flash SAN,SEC-02182,GST,18,1251948.09,1400258.0,14,Servers & Data Storage,8471,8907191969933
Symantec Standard Endpoint Detection and Response (EDR) - 1-Year 5 Devices,SEC-02183,GST,18,1900.04,2491.0,335,Endpoint Security & Software Licenses,8523,8903056828753
Lenovo Cloud-Managed Network Attached Storage (NAS) - 4-Bay Desktop,SEC-02184,GST,18,46494.12,51515.0,21,Servers & Data Storage,8471,8904874781128
Synology Server Rack Cabinet - Co-location Rack,SEC-02185,GST,18,25948.48,31447.0,5,Servers & Data Storage,8471,8907392229317
Retained Premium Cloud Infrastructure Management - Quarterly Audit & Fix,SEC-02186,GST,18,20982.03,59830.0,22,Managed IT Services & AMC,998316,8907505577791
Managed Advanced Remote Helpdesk Support - Monthly Retainer,SEC-02187,GST,18,1468.81,3404.0,46,Managed IT Services & AMC,998316,8905353811575
Juniper Unified Network Load Balancer - Basic,SEC-02188,GST,18,53054.27,63285.0,18,Hardware Firewalls & Networking,8517,8900369575629
Symantec Standard Enterprise Antivirus Suite - Server Edition,SEC-02189,GST,18,1573.48,2007.0,473,Endpoint Security & Software Licenses,8523,8907088550694
QNAP Standard Network Attached Storage (NAS) - 8-Bay Rackmount,SEC-02190,GST,18,30939.24,37360.0,2,Servers & Data Storage,8471,8904279749354
Audit Standard Vulnerability Assessment (VAPT) - Web Application,SEC-02191,GST,18,24894.48,79651.0,37,Cybersecurity Consulting & Audits,998313,8908969913293
Bitdefender Next-Gen Data Loss Prevention (DLP) License - Per User,SEC-02192,GST,18,6230.4,8103.0,374,Endpoint Security & Software Licenses,8523,8901115703475
In-House Enterprise Comprehensive IT AMC - 11-50 PCs,SEC-02193,GST,18,29432.66,97663.0,15,Managed IT Services & AMC,998316,8906245546202
Juniper Enterprise Managed Gigabit Switch - 48-Port PoE,SEC-02194,GST,18,87725.68,104696.0,24,Hardware Firewalls & Networking,8517,8902239407173
Symantec Cloud-Managed Data Loss Prevention (DLP) License - Per 10 Users,SEC-02195,GST,18,7719.35,10681.0,460,Endpoint Security & Software Licenses,8523,8909547006039
Audit Vulnerability Assessment (VAPT) - Network Infrastructure,SEC-02196,GST,18,33255.98,84344.0,30,Cybersecurity Consulting & Audits,998313,8903521412022
Trend Micro Secure Endpoint Detection and Response (EDR) - 1-Year 10 Devices,SEC-02197,GST,18,3524.22,4499.0,71,Endpoint Security & Software Licenses,8523,8909564185413
Supermicro Cloud-Managed 2U Storage Server - High IOPS NVMe,SEC-02198,GST,18,200695.13,244957.0,6,Servers & Data Storage,8471,8908591565817
Audit Next-Gen ISO 27001 Compliance Audit - Full Implementation Support,SEC-02199,GST,18,158883.04,331957.0,26,Cybersecurity Consulting & Audits,998313,8902492219114
QNAP Enterprise Server Rack Cabinet - Co-location Rack,SEC-02200,GST,18,32195.07,36816.0,11,Servers & Data Storage,8471,8900138569939
Cisco Secure Managed Gigabit Switch - 48-Port PoE,SEC-02201,GST,18,62086.08,76730.0,7,Hardware Firewalls & Networking,8517,8900174020984
Bitdefender Cloud-Managed Email Security & Anti-Spam - Domain License,SEC-02202,GST,18,1169.55,1473.0,87,Endpoint Security & Software Licenses,8523,8908272913675
Audit Enterprise Phishing Simulation & Training - Annual Enterprise Program,SEC-02203,GST,18,25019.62,71683.0,25,Cybersecurity Consulting & Audits,998313,8903218011308
Symantec Secure Enterprise Antivirus Suite - 1-User 1-Year,SEC-02204,GST,18,1456.13,2003.0,442,Endpoint Security & Software Licenses,8523,8902342840224
In-House Standard Cloud Infrastructure Management - Quarterly Audit & Fix,SEC-02205,GST,18,15932.91,55743.0,15,Managed IT Services & AMC,998316,8900253423867
Juniper Cloud-Managed VPN Gateway Appliance - High Availability,SEC-02206,GST,18,56961.28,69260.0,21,Hardware Firewalls & Networking,8517,8903987667408
Managed Premium Remote Helpdesk Support - Monthly Retainer,SEC-02207,GST,18,1225.74,3073.0,23,Managed IT Services & AMC,998316,8900033051097
Lenovo Secure SAN Storage Array - Entry Level,SEC-02208,GST,18,241643.68,281476.0,11,Servers & Data Storage,8471,8901689392763
Consulting Pro ISO 27001 Compliance Audit - Readiness Assessment,SEC-02209,GST,18,75015.65,161666.0,40,Cybersecurity Consulting & Audits,998313,8902893632786
Audit Enterprise Phishing Simulation & Training - Quarterly Campaign,SEC-02210,GST,18,6715.13,22258.0,27,Cybersecurity Consulting & Audits,998313,8907318995931
SonicWall Standard VPN Gateway Appliance - Standard,SEC-02211,GST,18,83340.28,95659.0,11,Hardware Firewalls & Networking,8517,8907050707750
Consulting ISO 27001 Compliance Audit - Full Implementation Support,SEC-02212,GST,18,129923.2,414267.0,30,Cybersecurity Consulting & Audits,998313,8903576866213
Audit Standard ISO 27001 Compliance Audit - Full Implementation Support,SEC-02213,GST,18,128150.07,414541.0,40,Cybersecurity Consulting & Audits,998313,8904542259551
HPE Secure 1U Rack Server - Enterprise 128GB,SEC-02214,GST,18,431851.63,497775.0,5,Servers & Data Storage,8471,8909635110967
McAfee Pro Endpoint Detection and Response (EDR) - 1-Year 50 Devices,SEC-02215,GST,18,10649.09,14497.0,269,Endpoint Security & Software Licenses,8523,8903659050417
Synology Pro 2U Storage Server - Basic Array,SEC-02216,GST,18,120003.81,139561.0,24,Servers & Data Storage,8471,8907870323812
Audit Next-Gen Phishing Simulation & Training - Quarterly Campaign,SEC-02217,GST,18,10131.64,30200.0,41,Cybersecurity Consulting & Audits,998313,8903547521127
Kaspersky Unified Mobile Device Management (MDM) - Monthly per Device,SEC-02218,GST,18,240.45,299.0,94,Endpoint Security & Software Licenses,8523,8904933108862
Dell EMC Secure SAN Storage Array - Hybrid Array,SEC-02219,GST,18,501480.01,595367.0,10,Servers & Data Storage,8471,8900038180364
Advisory Premium Vulnerability Assessment (VAPT) - Mobile App,SEC-02220,GST,18,37303.67,81825.0,37,Cybersecurity Consulting & Audits,998313,8902414081702
Advisory Cloud-Managed Phishing Simulation & Training - Quarterly Campaign,SEC-02221,GST,18,10321.99,27930.0,33,Cybersecurity Consulting & Audits,998313,8903214999703
Dell EMC Enterprise Network Attached Storage (NAS) - 4-Bay Desktop,SEC-02222,GST,18,44754.27,50947.0,25,Servers & Data Storage,8471,8903442106510
Cisco Standard VPN Gateway Appliance - Standard,SEC-02223,GST,18,59893.64,68509.0,8,Hardware Firewalls & Networking,8517,8901355579420
In-House Pro Remote Helpdesk Support - Annual 24/7 SLA,SEC-02224,GST,18,6496.82,16476.0,49,Managed IT Services & AMC,998316,8907217618989
Advisory Unified Incident Response & Forensics - Per Incident Block Hours,SEC-02225,GST,18,39122.88,121411.0,28,Cybersecurity Consulting & Audits,998313,8901387712398
Ubiquiti Network Load Balancer - Basic,SEC-02226,GST,18,61932.65,74033.0,7,Hardware Firewalls & Networking,8517,8900487304519
McAfee Next-Gen Data Loss Prevention (DLP) License - Enterprise Site License,SEC-02227,GST,18,16402.18,21355.0,474,Endpoint Security & Software Licenses,8523,8901734188079
Managed Standard Comprehensive IT AMC - 1-10 PCs,SEC-02228,GST,18,28574.21,77913.0,25,Managed IT Services & AMC,998316,8908593918536
Dell EMC Enterprise Network Attached Storage (NAS) - 8-Bay Rackmount,SEC-02229,GST,18,40755.3,49521.0,20,Servers & Data Storage,8471,8902719540638
SentinelOne Premium Mobile Device Management (MDM) - Annual per Device,SEC-02230,GST,18,862.16,1044.0,289,Endpoint Security & Software Licenses,8523,8901537842055
Trend Micro Secure Data Loss Prevention (DLP) License - Per User,SEC-02231,GST,18,5719.36,7935.0,484,Endpoint Security & Software Licenses,8523,8900789677888
Audit Premium Penetration Testing Service - Black Box,SEC-02232,GST,18,39247.23,105312.0,13,Cybersecurity Consulting & Audits,998313,8900409471124
In-House Unified Cloud Infrastructure Management - Quarterly Audit & Fix,SEC-02233,GST,18,26408.05,53435.0,22,Managed IT Services & AMC,998316,8901048667186
McAfee Advanced Enterprise Antivirus Suite - 5-User 1-Year,SEC-02234,GST,18,1880.77,2370.0,304,Endpoint Security & Software Licenses,8523,8900498671101
Advisory Pro Phishing Simulation & Training - Quarterly Campaign,SEC-02235,GST,18,9249.84,23027.0,8,Cybersecurity Consulting & Audits,998313,8904430732466
Consulting Enterprise Incident Response & Forensics - Per Incident Block Hours,SEC-02236,GST,18,41054.16,132043.0,8,Cybersecurity Consulting & Audits,998313,8903043817799
Consulting Enterprise Incident Response & Forensics - Retainer Setup,SEC-02237,GST,18,42034.8,120237.0,23,Cybersecurity Consulting & Audits,998313,8907048113018
Managed Pro Remote Helpdesk Support - Monthly Retainer,SEC-02238,GST,18,1054.07,2526.0,27,Managed IT Services & AMC,998316,8906518127591
In-House Enterprise Comprehensive IT AMC - 1-10 PCs,SEC-02239,GST,18,23477.3,73681.0,22,Managed IT Services & AMC,998316,8903256740536
Lenovo Advanced 1U Rack Server - Enterprise 128GB,SEC-02240,GST,18,365666.17,406239.0,12,Servers & Data Storage,8471,8904111902060
In-House Cloud-Managed Remote Helpdesk Support - Annual 24/7 SLA,SEC-02241,GST,18,7317.03,16872.0,7,Managed IT Services & AMC,998316,8905221442673
SentinelOne Enterprise Enterprise Antivirus Suite - Server Edition,SEC-02242,GST,18,1797.03,2270.0,267,Endpoint Security & Software Licenses,8523,8901161599944
Synology Enterprise 1U Rack Server - Enterprise 128GB,SEC-02243,GST,18,479789.95,551479.0,8,Servers & Data Storage,8471,8907582682950
Audit Premium ISO 27001 Compliance Audit - Full Implementation Support,SEC-02244,GST,18,146160.74,334307.0,17,Cybersecurity Consulting & Audits,998313,8905859358035
QNAP Secure Server Rack Cabinet - 24U Standard,SEC-02245,GST,18,23335.63,28490.0,12,Servers & Data Storage,8471,8900781973544
Lenovo Unified 2U Storage Server - High IOPS NVMe,SEC-02246,GST,18,223090.35,261543.0,11,Servers & Data Storage,8471,8904964930464
Fortinet Cloud-Managed VPN Gateway Appliance - Standard,SEC-02247,GST,18,74856.11,92153.0,6,Hardware Firewalls & Networking,8517,8906486275537
Retained Secure Remote Helpdesk Support - Annual 24/7 SLA,SEC-02248,GST,18,5692.51,18774.0,46,Managed IT Services & AMC,998316,8906091210407
Lenovo Pro Network Attached Storage (NAS) - 8-Bay Rackmount,SEC-02249,GST,18,44796.86,49569.0,15,Servers & Data Storage,8471,8900993247079
Synology Standard 2U Storage Server - High IOPS NVMe,SEC-02250,GST,18,251929.82,288333.0,5,Servers & Data Storage,8471,8906032503943
Consulting Enterprise Incident Response & Forensics - Per Incident Block Hours,SEC-02251,GST,18,56608.18,152270.0,41,Cybersecurity Consulting & Audits,998313,8905236179496
McAfee Secure Data Loss Prevention (DLP) License - Enterprise Site License,SEC-02252,GST,18,19323.93,24557.0,283,Endpoint Security & Software Licenses,8523,8908127317427
Ubiquiti Advanced Managed Gigabit Switch - 24-Port PoE,SEC-02253,GST,18,38797.56,44306.0,2,Hardware Firewalls & Networking,8517,8902393627617
Managed Enterprise Comprehensive IT AMC - Server & Network Included,SEC-02254,GST,18,42668.37,103140.0,29,Managed IT Services & AMC,998316,8905511286381
Fortinet Advanced Wireless Access Point (WAP) - WiFi 6 Indoor,SEC-02255,GST,18,17011.57,20766.0,19,Hardware Firewalls & Networking,8517,8909207459528
Synology Unified SAN Storage Array - All-Flash SAN,SEC-02256,GST,18,1327513.89,1496618.0,21,Servers & Data Storage,8471,8903543373278
QNAP SAN Storage Array - Hybrid Array,SEC-02257,GST,18,365094.19,446777.0,13,Servers & Data Storage,8471,8901002607721
Symantec Next-Gen Data Loss Prevention (DLP) License - Enterprise Site License,SEC-02258,GST,18,15336.89,21095.0,391,Endpoint Security & Software Licenses,8523,8906537155731
Cisco Next-Gen Managed Gigabit Switch - 24-Port PoE,SEC-02259,GST,18,33596.01,37936.0,19,Hardware Firewalls & Networking,8517,8907309507933
Managed Advanced Remote Helpdesk Support - Monthly Retainer,SEC-02260,GST,18,952.53,3318.0,22,Managed IT Services & AMC,998316,8901485027590
Audit Premium Phishing Simulation & Training - Quarterly Campaign,SEC-02261,GST,18,10189.42,27594.0,16,Cybersecurity Consulting & Audits,998313,8900871218945
HPE Secure Server Rack Cabinet - Co-location Rack,SEC-02262,GST,18,31236.23,37979.0,6,Servers & Data Storage,8471,8903315998751
Managed Pro Cloud Infrastructure Management - Monthly AWS/Azure,SEC-02263,GST,18,4373.36,8837.0,40,Managed IT Services & AMC,998316,8908806094175
Sophos Pro Wireless Access Point (WAP) - WiFi 6 Indoor,SEC-02264,GST,18,20590.54,22795.0,18,Hardware Firewalls & Networking,8517,8908675875585
Ubiquiti Standard Wireless Access Point (WAP) - High-Density,SEC-02265,GST,18,15484.46,17133.0,21,Hardware Firewalls & Networking,8517,8907236694627
QNAP Standard SAN Storage Array - All-Flash SAN,SEC-02266,GST,18,1195654.7,1337610.0,24,Servers & Data Storage,8471,8902043845046
Dell EMC Enterprise SAN Storage Array - All-Flash SAN,SEC-02267,GST,18,1140910.6,1413999.0,21,Servers & Data Storage,8471,8903941667407
Consulting Incident Response & Forensics - Per Incident Block Hours,SEC-02268,GST,18,38956.56,126645.0,49,Cybersecurity Consulting & Audits,998313,8905857491106
Managed Enterprise Remote Helpdesk Support - Quarterly SLA,SEC-02269,GST,18,6938.3,19122.0,44,Managed IT Services & AMC,998316,8903978953770
Sophos Pro Wireless Access Point (WAP) - High-Density,SEC-02270,GST,18,19982.49,22309.0,25,Hardware Firewalls & Networking,8517,8904598243780
Bitdefender Premium Endpoint Detection and Response (EDR) - 1-Year 10 Devices,SEC-02271,GST,18,3555.83,4686.0,249,Endpoint Security & Software Licenses,8523,8905187569269
Dell EMC Advanced 2U Storage Server - Large Capacity HDD,SEC-02272,GST,18,228687.45,258703.0,12,Servers & Data Storage,8471,8907125672123
Fortinet Unified Network Load Balancer - Advanced Traffic Management,SEC-02273,GST,18,110286.63,135584.0,13,Hardware Firewalls & Networking,8517,8909153242566
Fortinet Secure Network Load Balancer - Basic,SEC-02274,GST,18,74165.92,90607.0,8,Hardware Firewalls & Networking,8517,8906903034136
Trend Micro Enterprise Antivirus Suite - 1-User 1-Year,SEC-02275,GST,18,1644.47,2116.0,324,Endpoint Security & Software Licenses,8523,8904997707060
Palo Alto Standard Wireless Access Point (WAP) - WiFi 6 Outdoor,SEC-02276,GST,18,17966.02,21884.0,9,Hardware Firewalls & Networking,8517,8907004917443
Retained Cloud-Managed Cloud Infrastructure Management - Monthly AWS/Azure,SEC-02277,GST,18,2731.13,9192.0,34,Managed IT Services & AMC,998316,8906215774054
SentinelOne Cloud-Managed Email Security & Anti-Spam - Domain License,SEC-02278,GST,18,1049.72,1291.0,439,Endpoint Security & Software Licenses,8523,8908741427853
Cisco Next-Generation Firewall (NGFW) - Enterprise Tier,SEC-02279,GST,18,336888.2,394334.0,15,Hardware Firewalls & Networking,8517,8903492122339
Consulting Secure Penetration Testing Service - Black Box,SEC-02280,GST,18,47817.58,97343.0,34,Cybersecurity Consulting & Audits,998313,8901320448456
Managed Enterprise Comprehensive IT AMC - 11-50 PCs,SEC-02281,GST,18,19970.97,68419.0,46,Managed IT Services & AMC,998316,8906604568939
Fortinet Secure VPN Gateway Appliance - High Availability,SEC-02282,GST,18,74740.92,86707.0,23,Hardware Firewalls & Networking,8517,8907657666476
Ubiquiti Premium Wireless Access Point (WAP) - WiFi 6 Indoor,SEC-02283,GST,18,15612.81,18901.0,12,Hardware Firewalls & Networking,8517,8902964552175
Cisco Next-Gen Network Load Balancer - Advanced Traffic Management,SEC-02284,GST,18,87909.01,104062.0,17,Hardware Firewalls & Networking,8517,8902754422061
Advisory Vulnerability Assessment (VAPT) - Network Infrastructure,SEC-02285,GST,18,17754.51,57530.0,34,Cybersecurity Consulting & Audits,998313,8903864006724
Managed Premium Remote Helpdesk Support - Annual 24/7 SLA,SEC-02286,GST,18,4325.73,13843.0,10,Managed IT Services & AMC,998316,8904303183933
Fortinet Next-Gen Next-Generation Firewall (NGFW) - Entry Level,SEC-02287,GST,18,75984.99,83828.0,13,Hardware Firewalls & Networking,8517,8904885587552
McAfee Cloud-Managed Enterprise Antivirus Suite - Server Edition,SEC-02288,GST,18,1402.51,1704.0,148,Endpoint Security & Software Licenses,8523,8906974578351
Retained Next-Gen On-Site Support Engineer - Part-time/Month,SEC-02289,GST,18,8193.28,27760.0,47,Managed IT Services & AMC,998316,8903556696338
Advisory Enterprise Incident Response & Forensics - Per Incident Block Hours,SEC-02290,GST,18,33590.05,100098.0,14,Cybersecurity Consulting & Audits,998313,8905601999162
SentinelOne Unified Mobile Device Management (MDM) - Annual per Device,SEC-02291,GST,18,872.79,1213.0,353,Endpoint Security & Software Licenses,8523,8903684268517
Advisory Unified Penetration Testing Service - White Box,SEC-02292,GST,18,29900.67,97407.0,8,Cybersecurity Consulting & Audits,998313,8901027190952
Sophos Advanced Network Load Balancer - Advanced Traffic Management,SEC-02293,GST,18,91175.58,102052.0,13,Hardware Firewalls & Networking,8517,8901904562446
HPE Cloud-Managed 1U Rack Server - Intel Xeon 16GB,SEC-02294,GST,18,150095.79,174292.0,22,Servers & Data Storage,8471,8903935082432
In-House Next-Gen Network Monitoring Service (NOC) - Monthly Basic,SEC-02295,GST,18,7354.31,17759.0,20,Managed IT Services & AMC,998316,8900755984142
Sophos Enterprise Wireless Access Point (WAP) - High-Density,SEC-02296,GST,18,12966.41,16107.0,3,Hardware Firewalls & Networking,8517,8907450933280
Consulting Premium Incident Response & Forensics - Per Incident Block Hours,SEC-02297,GST,18,43407.1,104383.0,24,Cybersecurity Consulting & Audits,998313,8903109077182
Supermicro Pro Network Attached Storage (NAS) - 12-Bay Enterprise,SEC-02298,GST,18,127572.09,142802.0,17,Servers & Data Storage,8471,8907376554761
In-House Unified Cloud Infrastructure Management - Quarterly Audit & Fix,SEC-02299,GST,18,25405.67,63675.0,24,Managed IT Services & AMC,998316,8908147126661
Trend Micro Pro Enterprise Antivirus Suite - Server Edition,SEC-02300,GST,18,1823.75,2399.0,495,Endpoint Security & Software Licenses,8523,8902942702150
Sophos Pro Wireless Access Point (WAP) - WiFi 6 Indoor,SEC-02301,GST,18,16752.47,19525.0,17,Hardware Firewalls & Networking,8517,8909895824773
Supermicro Advanced Server Rack Cabinet - 24U Standard,SEC-02302,GST,18,32382.49,38553.0,3,Servers & Data Storage,8471,8903719127593
Consulting Unified ISO 27001 Compliance Audit - Full Implementation Support,SEC-02303,GST,18,199522.25,425242.0,23,Cybersecurity Consulting & Audits,998313,8902116220659
Fortinet Enterprise Next-Generation Firewall (NGFW) - Enterprise Tier,SEC-02304,GST,18,404457.15,456405.0,10,Hardware Firewalls & Networking,8517,8903644432969
Cisco Premium Managed Gigabit Switch - 24-Port PoE,SEC-02305,GST,18,33391.81,39052.0,6,Hardware Firewalls & Networking,8517,8902768352780
Advisory Unified Incident Response & Forensics - Per Incident Block Hours,SEC-02306,GST,18,35276.26,102385.0,18,Cybersecurity Consulting & Audits,998313,8903853000900
In-House Next-Gen Remote Helpdesk Support - Quarterly SLA,SEC-02307,GST,18,6631.53,17482.0,35,Managed IT Services & AMC,998316,8907546586172
Consulting Premium ISO 27001 Compliance Audit - Full Implementation Support,SEC-02308,GST,18,143178.04,345249.0,31,Cybersecurity Consulting & Audits,998313,8903324656841
McAfee Secure Mobile Device Management (MDM) - Monthly per Device,SEC-02309,GST,18,163.96,207.0,154,Endpoint Security & Software Licenses,8523,8905185176965
Advisory Secure Incident Response & Forensics - Per Incident Block Hours,SEC-02310,GST,18,71000.67,143344.0,45,Cybersecurity Consulting & Audits,998313,8903375229648
Trend Micro Premium Enterprise Antivirus Suite - 1-User 1-Year,SEC-02311,GST,18,1749.67,2164.0,115,Endpoint Security & Software Licenses,8523,8905145579537
HPE Cloud-Managed SAN Storage Array - All-Flash SAN,SEC-02312,GST,18,925852.28,1028171.0,6,Servers & Data Storage,8471,8906430297081
Synology 2U Storage Server - Basic Array,SEC-02313,GST,18,144835.95,161967.0,21,Servers & Data Storage,8471,8903524392295
Fortinet Cloud-Managed Wireless Access Point (WAP) - High-Density,SEC-02314,GST,18,18993.72,22480.0,2,Hardware Firewalls & Networking,8517,8907695390878
Supermicro Cloud-Managed Network Attached Storage (NAS) - 8-Bay Rackmount,SEC-02315,GST,18,38794.18,46303.0,3,Servers & Data Storage,8471,8907824466669
Trend Micro Cloud-Managed Email Security & Anti-Spam - Per Mailbox / Year,SEC-02316,GST,18,1390.85,1897.0,398,Endpoint Security & Software Licenses,8523,8909438682508
McAfee Secure Email Security & Anti-Spam - Per Mailbox / Year,SEC-02317,GST,18,1392.53,1790.0,342,Endpoint Security & Software Licenses,8523,8907266923257
Synology Enterprise 2U Storage Server - Large Capacity HDD,SEC-02318,GST,18,235114.09,289730.0,19,Servers & Data Storage,8471,8909270472334
Bitdefender Standard Mobile Device Management (MDM) - Annual per Device,SEC-02319,GST,18,809.82,988.0,202,Endpoint Security & Software Licenses,8523,8909618068628
Advisory Incident Response & Forensics - Per Incident Block Hours,SEC-02320,GST,18,63967.37,154018.0,21,Cybersecurity Consulting & Audits,998313,8909403951869
Bitdefender Enterprise Endpoint Detection and Response (EDR) - 1-Year 5 Devices,SEC-02321,GST,18,1845.96,2529.0,326,Endpoint Security & Software Licenses,8523,8903318380169
Lenovo SAN Storage Array - All-Flash SAN,SEC-02322,GST,18,930633.6,1042573.0,8,Servers & Data Storage,8471,8907793980122
Fortinet Standard VPN Gateway Appliance - Standard,SEC-02323,GST,18,77312.03,89300.0,2,Hardware Firewalls & Networking,8517,8900239152313
Synology Standard 2U Storage Server - Large Capacity HDD,SEC-02324,GST,18,214753.73,236386.0,19,Servers & Data Storage,8471,8902127023189
Managed Standard Remote Helpdesk Support - Monthly Retainer,SEC-02325,GST,18,1060.47,2674.0,6,Managed IT Services & AMC,998316,8903177569000
SonicWall Unified Network Load Balancer - Basic,SEC-02326,GST,18,61788.43,71144.0,8,Hardware Firewalls & Networking,8517,8902448343871
CrowdStrike Unified Data Loss Prevention (DLP) License - Per 10 Users,SEC-02327,GST,18,6114.4,8094.0,108,Endpoint Security & Software Licenses,8523,8907087027282
Juniper Premium Wireless Access Point (WAP) - WiFi 6 Indoor,SEC-02328,GST,18,16694.78,20009.0,25,Hardware Firewalls & Networking,8517,8908083491232
Palo Alto Secure Next-Generation Firewall (NGFW) - Entry Level,SEC-02329,GST,18,89999.3,110750.0,8,Hardware Firewalls & Networking,8517,8902418325276
Lenovo Premium 2U Storage Server - Large Capacity HDD,SEC-02330,GST,18,278922.22,310507.0,5,Servers & Data Storage,8471,8901679542832
Managed Standard Comprehensive IT AMC - 1-10 PCs,SEC-02331,GST,18,29016.37,80036.0,12,Managed IT Services & AMC,998316,8906786290251
Symantec Enterprise Email Security & Anti-Spam - Domain License,SEC-02332,GST,18,1372.76,1766.0,169,Endpoint Security & Software Licenses,8523,8900220994175
Supermicro Premium 1U Rack Server - Dual CPU 64GB,SEC-02333,GST,18,156240.93,176491.0,21,Servers & Data Storage,8471,8908410507550
Advisory Advanced Incident Response & Forensics - Per Incident Block Hours,SEC-02334,GST,18,49198.43,128865.0,36,Cybersecurity Consulting & Audits,998313,8907037846797
SonicWall Pro Next-Generation Firewall (NGFW) - Enterprise Tier,SEC-02335,GST,18,406480.09,486785.0,14,Hardware Firewalls & Networking,8517,8904405835501
In-House Unified Cloud Infrastructure Management - Monthly AWS/Azure,SEC-02336,GST,18,3226.74,11206.0,20,Managed IT Services & AMC,998316,8902829018320
CrowdStrike Standard Endpoint Detection and Response (EDR) - 1-Year 5 Devices,SEC-02337,GST,18,2618.45,3276.0,268,Endpoint Security & Software Licenses,8523,8903680199050
Lenovo Secure 1U Rack Server - Dual CPU 64GB,SEC-02338,GST,18,124695.17,149779.0,22,Servers & Data Storage,8471,8904711706485
Retained Pro Cloud Infrastructure Management - Quarterly Audit & Fix,SEC-02339,GST,18,26129.3,55769.0,21,Managed IT Services & AMC,998316,8900790448138
Audit Standard Incident Response & Forensics - Retainer Setup,SEC-02340,GST,18,32588.24,101988.0,22,Cybersecurity Consulting & Audits,998313,8905676776195
Lenovo Premium Server Rack Cabinet - 42U Heavy Duty,SEC-02341,GST,18,26846.28,29688.0,6,Servers & Data Storage,8471,8901764517702
Supermicro Premium 2U Storage Server - Large Capacity HDD,SEC-02342,GST,18,185488.36,231448.0,9,Servers & Data Storage,8471,8904782772532
Ubiquiti Wireless Access Point (WAP) - High-Density,SEC-02343,GST,18,17916.64,20199.0,10,Hardware Firewalls & Networking,8517,8908987358727
QNAP Pro Server Rack Cabinet - 24U Standard,SEC-02344,GST,18,33886.88,39001.0,17,Servers & Data Storage,8471,8900240939866
Supermicro Enterprise Server Rack Cabinet - Co-location Rack,SEC-02345,GST,18,36223.65,41401.0,11,Servers & Data Storage,8471,8904273983565
Supermicro Standard 2U Storage Server - Large Capacity HDD,SEC-02346,GST,18,227515.01,269134.0,23,Servers & Data Storage,8471,8907622735334
Palo Alto Standard Managed Gigabit Switch - 24-Port PoE,SEC-02347,GST,18,31167.29,35193.0,10,Hardware Firewalls & Networking,8517,8900142156345
Synology Advanced 2U Storage Server - High IOPS NVMe,SEC-02348,GST,18,254373.45,299964.0,15,Servers & Data Storage,8471,8902335704445
SentinelOne Enterprise Endpoint Detection and Response (EDR) - 1-Year 50 Devices,SEC-02349,GST,18,7381.47,10144.0,125,Endpoint Security & Software Licenses,8523,8901117549449
Bitdefender Standard Data Loss Prevention (DLP) License - Per User,SEC-02350,GST,18,7260.99,9485.0,203,Endpoint Security & Software Licenses,8523,8902463815129
Fortinet Unified VPN Gateway Appliance - High Availability,SEC-02351,GST,18,84606.7,95271.0,10,Hardware Firewalls & Networking,8517,8906429987247
Lenovo 2U Storage Server - Large Capacity HDD,SEC-02352,GST,18,225014.08,277290.0,13,Servers & Data Storage,8471,8909153007514
Trend Micro Pro Endpoint Detection and Response (EDR) - 1-Year 50 Devices,SEC-02353,GST,18,10662.63,13819.0,341,Endpoint Security & Software Licenses,8523,8902305782453
Fortinet Advanced Network Load Balancer - Basic,SEC-02354,GST,18,53439.03,66636.0,9,Hardware Firewalls & Networking,8517,8907862430146
Palo Alto Standard VPN Gateway Appliance - High Availability,SEC-02355,GST,18,85444.69,98829.0,21,Hardware Firewalls & Networking,8517,8906374912187
Consulting Secure Vulnerability Assessment (VAPT) - Network Infrastructure,SEC-02356,GST,18,24708.81,52291.0,22,Cybersecurity Consulting & Audits,998313,8907159011250
Supermicro Cloud-Managed 2U Storage Server - Basic Array,SEC-02357,GST,18,99725.34,123307.0,3,Servers & Data Storage,8471,8902728986832
Sophos Cloud-Managed Next-Generation Firewall (NGFW) - Enterprise Tier,SEC-02358,GST,18,409432.44,466606.0,24,Hardware Firewalls & Networking,8517,8909842507966
Consulting Advanced Phishing Simulation & Training - Annual Enterprise Program,SEC-02359,GST,18,24379.19,51013.0,9,Cybersecurity Consulting & Audits,998313,8904144246073
In-House Next-Gen Remote Helpdesk Support - Annual 24/7 SLA,SEC-02360,GST,18,8983.65,18880.0,27,Managed IT Services & AMC,998316,8909528599475
Retained Unified Cloud Infrastructure Management - Monthly AWS/Azure,SEC-02361,GST,18,3951.66,11512.0,15,Managed IT Services & AMC,998316,8909305577979
Audit Cloud-Managed Phishing Simulation & Training - Annual Enterprise Program,SEC-02362,GST,18,20461.75,50496.0,45,Cybersecurity Consulting & Audits,998313,8901059394815
Juniper Wireless Access Point (WAP) - WiFi 6 Indoor,SEC-02363,GST,18,13123.35,14901.0,15,Hardware Firewalls & Networking,8517,8900285869660
Advisory Enterprise Penetration Testing Service - White Box,SEC-02364,GST,18,30481.71,102443.0,30,Cybersecurity Consulting & Audits,998313,8900751210184
Synology Advanced 2U Storage Server - Large Capacity HDD,SEC-02365,GST,18,201882.24,247461.0,11,Servers & Data Storage,8471,8901802459408
SentinelOne Secure Email Security & Anti-Spam - Per Mailbox / Year,SEC-02366,GST,18,1205.05,1504.0,130,Endpoint Security & Software Licenses,8523,8904377950765
Bitdefender Enterprise Enterprise Antivirus Suite - 5-User 1-Year,SEC-02367,GST,18,1600.12,2160.0,422,Endpoint Security & Software Licenses,8523,8905251225846
Retained Unified Comprehensive IT AMC - 1-10 PCs,SEC-02368,GST,18,30455.29,96217.0,15,Managed IT Services & AMC,998316,8907929496523
Advisory Phishing Simulation & Training - Annual Enterprise Program,SEC-02369,GST,18,28005.95,79694.0,8,Cybersecurity Consulting & Audits,998313,8902038540700
Advisory Vulnerability Assessment (VAPT) - Network Infrastructure,SEC-02370,GST,18,22045.9,75221.0,23,Cybersecurity Consulting & Audits,998313,8902695753851
Supermicro Cloud-Managed Server Rack Cabinet - 42U Heavy Duty,SEC-02371,GST,18,35080.89,40345.0,21,Servers & Data Storage,8471,8904614262040
Advisory Cloud-Managed Penetration Testing Service - Black Box,SEC-02372,GST,18,46635.95,107577.0,31,Cybersecurity Consulting & Audits,998313,8901189787372
Audit Phishing Simulation & Training - Annual Enterprise Program,SEC-02373,GST,18,34127.34,77909.0,18,Cybersecurity Consulting & Audits,998313,8908041917160
HPE Next-Gen 2U Storage Server - Basic Array,SEC-02374,GST,18,158369.43,181140.0,4,Servers & Data Storage,8471,8908436602093
Sophos Advanced VPN Gateway Appliance - Standard,SEC-02375,GST,18,87455.01,97077.0,20,Hardware Firewalls & Networking,8517,8903676777736
SentinelOne Enterprise Mobile Device Management (MDM) - Annual per Device,SEC-02376,GST,18,931.92,1174.0,366,Endpoint Security & Software Licenses,8523,8900348195435
Fortinet Cloud-Managed Next-Generation Firewall (NGFW) - Entry Level,SEC-02377,GST,18,84385.37,100092.0,13,Hardware Firewalls & Networking,8517,8903308923331
Lenovo Next-Gen 1U Rack Server - Dual CPU 64GB,SEC-02378,GST,18,142194.75,172341.0,2,Servers & Data Storage,8471,8907026406260
Managed Secure Network Monitoring Service (NOC) - Monthly Basic,SEC-02379,GST,18,10727.51,23439.0,24,Managed IT Services & AMC,998316,8904876216483
Trend Micro Enterprise Antivirus Suite - 5-User 1-Year,SEC-02380,GST,18,1696.25,2054.0,348,Endpoint Security & Software Licenses,8523,8904069572520
HPE Network Attached Storage (NAS) - 12-Bay Enterprise,SEC-02381,GST,18,86889.37,101601.0,5,Servers & Data Storage,8471,8902582848891
Consulting Incident Response & Forensics - Per Incident Block Hours,SEC-02382,GST,18,55321.88,117494.0,48,Cybersecurity Consulting & Audits,998313,8905991945644
Managed Pro Network Monitoring Service (NOC) - Monthly Basic,SEC-02383,GST,18,12673.37,25459.0,21,Managed IT Services & AMC,998316,8901524286785
McAfee Standard Mobile Device Management (MDM) - Monthly per Device,SEC-02384,GST,18,194.75,252.0,299,Endpoint Security & Software Licenses,8523,8909501467093
Managed Secure Remote Helpdesk Support - Annual 24/7 SLA,SEC-02385,GST,18,6029.5,18778.0,37,Managed IT Services & AMC,998316,8900041770734
In-House Cloud-Managed Remote Helpdesk Support - Monthly Retainer,SEC-02386,GST,18,850.29,2547.0,5,Managed IT Services & AMC,998316,8907992164575
Synology Advanced Network Attached Storage (NAS) - 8-Bay Rackmount,SEC-02387,GST,18,43211.3,52145.0,23,Servers & Data Storage,8471,8903286785150
Managed Secure On-Site Support Engineer - Part-time/Month,SEC-02388,GST,18,9785.19,26441.0,49,Managed IT Services & AMC,998316,8905566166894
Ubiquiti Pro Managed Gigabit Switch - 48-Port PoE,SEC-02389,GST,18,74907.43,86975.0,2,Hardware Firewalls & Networking,8517,8905955161133
Advisory Advanced Phishing Simulation & Training - Quarterly Campaign,SEC-02390,GST,18,6443.32,21646.0,9,Cybersecurity Consulting & Audits,998313,8908256961921
Supermicro Unified SAN Storage Array - Hybrid Array,SEC-02391,GST,18,495556.32,611416.0,19,Servers & Data Storage,8471,8906978487989
Retained Remote Helpdesk Support - Monthly Retainer,SEC-02392,GST,18,1299.7,3037.0,27,Managed IT Services & AMC,998316,8902704369225
Consulting Enterprise Vulnerability Assessment (VAPT) - Network Infrastructure,SEC-02393,GST,18,28072.45,56327.0,12,Cybersecurity Consulting & Audits,998313,8902746901763
Juniper Network Load Balancer - Basic,SEC-02394,GST,18,71028.43,87318.0,9,Hardware Firewalls & Networking,8517,8907085536062
HPE Pro 1U Rack Server - Dual CPU 64GB,SEC-02395,GST,18,149796.57,175347.0,22,Servers & Data Storage,8471,8905775694298
SentinelOne Enterprise Endpoint Detection and Response (EDR) - 1-Year 5 Devices,SEC-02396,GST,18,2448.05,3348.0,413,Endpoint Security & Software Licenses,8523,8900327303248
Supermicro Cloud-Managed SAN Storage Array - All-Flash SAN,SEC-02397,GST,18,926432.91,1129387.0,6,Servers & Data Storage,8471,8903561188203
Audit Next-Gen Phishing Simulation & Training - Annual Enterprise Program,SEC-02398,GST,18,27034.09,70819.0,13,Cybersecurity Consulting & Audits,998313,8901853111281
Managed Pro On-Site Support Engineer - Part-time/Month,SEC-02399,GST,18,11460.07,30207.0,30,Managed IT Services & AMC,998316,8903694728132
Managed Secure On-Site Support Engineer - Full-time Dedicated/Month,SEC-02400,GST,18,15740.94,36229.0,48,Managed IT Services & AMC,998316,8907902940375
Lenovo Standard 2U Storage Server - Large Capacity HDD,SEC-02401,GST,18,251509.16,282519.0,10,Servers & Data Storage,8471,8905275671950
Dell EMC Next-Gen Network Attached Storage (NAS) - 8-Bay Rackmount,SEC-02402,GST,18,41679.06,46232.0,4,Servers & Data Storage,8471,8902652494891
Advisory Penetration Testing Service - Grey Box,SEC-02403,GST,18,48804.42,115029.0,37,Cybersecurity Consulting & Audits,998313,8902015149777
Managed Pro On-Site Support Engineer - Part-time/Month,SEC-02404,GST,18,12691.39,26999.0,27,Managed IT Services & AMC,998316,8907652822619
Trend Micro Data Loss Prevention (DLP) License - Enterprise Site License,SEC-02405,GST,18,19988.55,24081.0,488,Endpoint Security & Software Licenses,8523,8902948494345
Managed Standard Cloud Infrastructure Management - Quarterly Audit & Fix,SEC-02406,GST,18,24631.56,58046.0,39,Managed IT Services & AMC,998316,8908655009159
Trend Micro Next-Gen Mobile Device Management (MDM) - Annual per Device,SEC-02407,GST,18,772.38,1073.0,338,Endpoint Security & Software Licenses,8523,8905936019412
In-House Standard Cloud Infrastructure Management - Quarterly Audit & Fix,SEC-02408,GST,18,21699.32,54048.0,19,Managed IT Services & AMC,998316,8906087807202
Juniper Pro Managed Gigabit Switch - 10G Uplink,SEC-02409,GST,18,31830.14,37635.0,4,Hardware Firewalls & Networking,8517,8902099667637
Dell EMC Unified 2U Storage Server - Large Capacity HDD,SEC-02410,GST,18,187429.74,227943.0,18,Servers & Data Storage,8471,8903656707190
Bitdefender Enterprise Data Loss Prevention (DLP) License - Per 10 Users,SEC-02411,GST,18,7570.28,10366.0,351,Endpoint Security & Software Licenses,8523,8906770546739
Dell EMC SAN Storage Array - All-Flash SAN,SEC-02412,GST,18,808027.93,1003523.0,12,Servers & Data Storage,8471,8904688730588
Retained Advanced Comprehensive IT AMC - 1-10 PCs,SEC-02413,GST,18,22244.08,77221.0,13,Managed IT Services & AMC,998316,8909266254780
Ubiquiti Premium Wireless Access Point (WAP) - High-Density,SEC-02414,GST,18,13974.93,17153.0,11,Hardware Firewalls & Networking,8517,8906159700019
Fortinet Next-Gen VPN Gateway Appliance - Standard,SEC-02415,GST,18,77981.15,89525.0,14,Hardware Firewalls & Networking,8517,8907347436939
Ubiquiti Standard Network Load Balancer - Advanced Traffic Management,SEC-02416,GST,18,91589.93,108640.0,12,Hardware Firewalls & Networking,8517,8909671832130
McAfee Next-Gen Enterprise Antivirus Suite - Server Edition,SEC-02417,GST,18,1680.76,2237.0,413,Endpoint Security & Software Licenses,8523,8902511190359
SentinelOne Enterprise Endpoint Detection and Response (EDR) - 1-Year 50 Devices,SEC-02418,GST,18,7551.6,9934.0,82,Endpoint Security & Software Licenses,8523,8902597999032
QNAP Unified Server Rack Cabinet - Co-location Rack,SEC-02419,GST,18,31960.07,39889.0,14,Servers & Data Storage,8471,8906062895134
SonicWall Managed Gigabit Switch - 10G Uplink,SEC-02420,GST,18,36151.14,42317.0,8,Hardware Firewalls & Networking,8517,8908744308183
In-House Remote Helpdesk Support - Annual 24/7 SLA,SEC-02421,GST,18,5756.39,16984.0,48,Managed IT Services & AMC,998316,8907026638207
Cisco Standard Wireless Access Point (WAP) - High-Density,SEC-02422,GST,18,17321.31,19358.0,9,Hardware Firewalls & Networking,8517,8901178605776
Managed Advanced Comprehensive IT AMC - Server & Network Included,SEC-02423,GST,18,32615.98,103502.0,47,Managed IT Services & AMC,998316,8908892030287
SentinelOne Premium Mobile Device Management (MDM) - Annual per Device,SEC-02424,GST,18,886.89,1175.0,145,Endpoint Security & Software Licenses,8523,8903036067787
Ubiquiti Managed Gigabit Switch - 48-Port PoE,SEC-02425,GST,18,73150.46,90657.0,14,Hardware Firewalls & Networking,8517,8905571364967
Trend Micro Enterprise Data Loss Prevention (DLP) License - Per User,SEC-02426,GST,18,6311.4,8145.0,441,Endpoint Security & Software Licenses,8523,8902574488252
Retained Standard On-Site Support Engineer - Part-time/Month,SEC-02427,GST,18,12802.84,32621.0,11,Managed IT Services & AMC,998316,8901156733851
Bitdefender Cloud-Managed Mobile Device Management (MDM) - Annual per Device,SEC-02428,GST,18,1041.07,1257.0,238,Endpoint Security & Software Licenses,8523,8900680983831
Audit Secure ISO 27001 Compliance Audit - Full Implementation Support,SEC-02429,GST,18,190506.1,431728.0,36,Cybersecurity Consulting & Audits,998313,8905860345633
QNAP Pro Server Rack Cabinet - 24U Standard,SEC-02430,GST,18,26699.89,33261.0,13,Servers & Data Storage,8471,8902457051557
Consulting Pro Penetration Testing Service - White Box,SEC-02431,GST,18,47776.24,96094.0,45,Cybersecurity Consulting & Audits,998313,8903242716186
Supermicro Cloud-Managed Server Rack Cabinet - Co-location Rack,SEC-02432,GST,18,32623.46,38150.0,25,Servers & Data Storage,8471,8904762370385
Bitdefender Advanced Email Security & Anti-Spam - Domain License,SEC-02433,GST,18,1238.52,1510.0,494,Endpoint Security & Software Licenses,8523,8903192294123
QNAP Advanced 1U Rack Server - Dual CPU 64GB,SEC-02434,GST,18,145801.34,175367.0,10,Servers & Data Storage,8471,8901854554189
Lenovo Pro Server Rack Cabinet - Co-location Rack,SEC-02435,GST,18,24279.9,29497.0,3,Servers & Data Storage,8471,8903563032826
In-House Network Monitoring Service (NOC) - Monthly Advanced Proactive,SEC-02436,GST,18,1620.36,5632.0,42,Managed IT Services & AMC,998316,8908657168962
Sophos Secure Managed Gigabit Switch - 10G Uplink,SEC-02437,GST,18,24980.35,29044.0,19,Hardware Firewalls & Networking,8517,8906856434760
Consulting Premium Penetration Testing Service - Black Box,SEC-02438,GST,18,29893.57,97948.0,39,Cybersecurity Consulting & Audits,998313,8907289467363
Palo Alto Premium Managed Gigabit Switch - 24-Port PoE,SEC-02439,GST,18,37506.98,42909.0,3,Hardware Firewalls & Networking,8517,8901726280336
Kaspersky Enterprise Endpoint Detection and Response (EDR) - 1-Year 50 Devices,SEC-02440,GST,18,10051.76,13404.0,194,Endpoint Security & Software Licenses,8523,8909116343031
SonicWall Cloud-Managed Next-Generation Firewall (NGFW) - Mid-Range,SEC-02441,GST,18,119013.04,137615.0,7,Hardware Firewalls & Networking,8517,8902845541408
Bitdefender Advanced Email Security & Anti-Spam - Domain License,SEC-02442,GST,18,1005.33,1322.0,88,Endpoint Security & Software Licenses,8523,8901084861066
SonicWall Cloud-Managed Next-Generation Firewall (NGFW) - Entry Level,SEC-02443,GST,18,97948.4,112095.0,20,Hardware Firewalls & Networking,8517,8900174953891
In-House Standard Network Monitoring Service (NOC) - Monthly Advanced Proactive,SEC-02444,GST,18,3419.54,8975.0,45,Managed IT Services & AMC,998316,8907884573216
CrowdStrike Enterprise Enterprise Antivirus Suite - Server Edition,SEC-02445,GST,18,1411.1,1753.0,318,Endpoint Security & Software Licenses,8523,8909354407110
In-House Premium On-Site Support Engineer - Full-time Dedicated/Month,SEC-02446,GST,18,13303.21,39801.0,6,Managed IT Services & AMC,998316,8905066714853
Supermicro Unified 2U Storage Server - Basic Array,SEC-02447,GST,18,155768.45,177297.0,20,Servers & Data Storage,8471,8905541298249
HPE Next-Gen 1U Rack Server - Intel Xeon 16GB,SEC-02448,GST,18,186417.77,230239.0,4,Servers & Data Storage,8471,8905208952176
Audit Cloud-Managed Vulnerability Assessment (VAPT) - Web Application,SEC-02449,GST,18,31892.09,71737.0,7,Cybersecurity Consulting & Audits,998313,8905073249139
Symantec Advanced Endpoint Detection and Response (EDR) - 1-Year 5 Devices,SEC-02450,GST,18,1967.56,2653.0,136,Endpoint Security & Software Licenses,8523,8907496238384
CrowdStrike Cloud-Managed Enterprise Antivirus Suite - 5-User 1-Year,SEC-02451,GST,18,1573.95,1955.0,349,Endpoint Security & Software Licenses,8523,8909428580330
Advisory Enterprise ISO 27001 Compliance Audit - Readiness Assessment,SEC-02452,GST,18,54222.18,161747.0,13,Cybersecurity Consulting & Audits,998313,8909085050487
Cisco Secure Network Load Balancer - Basic,SEC-02453,GST,18,55278.54,61845.0,8,Hardware Firewalls & Networking,8517,8907721090744
Bitdefender Email Security & Anti-Spam - Per Mailbox / Year,SEC-02454,GST,18,1054.07,1280.0,113,Endpoint Security & Software Licenses,8523,8907400345688
Kaspersky Unified Mobile Device Management (MDM) - Annual per Device,SEC-02455,GST,18,1090.47,1413.0,449,Endpoint Security & Software Licenses,8523,8904966607236
Retained Unified Comprehensive IT AMC - 11-50 PCs,SEC-02456,GST,18,33543.66,74533.0,40,Managed IT Services & AMC,998316,8901803689382
SentinelOne Enterprise Antivirus Suite - Server Edition,SEC-02457,GST,18,1852.7,2225.0,160,Endpoint Security & Software Licenses,8523,8909351602695
Managed Cloud-Managed Network Monitoring Service (NOC) - Monthly Basic,SEC-02458,GST,18,8706.91,21197.0,40,Managed IT Services & AMC,998316,8900316367817
Symantec Next-Gen Data Loss Prevention (DLP) License - Enterprise Site License,SEC-02459,GST,18,13972.19,17712.0,299,Endpoint Security & Software Licenses,8523,8906429839303
Advisory Secure Penetration Testing Service - Grey Box,SEC-02460,GST,18,25630.72,78104.0,30,Cybersecurity Consulting & Audits,998313,8900885329873
Trend Micro Standard Endpoint Detection and Response (EDR) - 1-Year 5 Devices,SEC-02461,GST,18,1837.82,2503.0,300,Endpoint Security & Software Licenses,8523,8904754737704
Consulting Cloud-Managed Vulnerability Assessment (VAPT) - Mobile App,SEC-02462,GST,18,31835.9,66912.0,24,Cybersecurity Consulting & Audits,998313,8905659773961
SonicWall Enterprise Managed Gigabit Switch - 10G Uplink,SEC-02463,GST,18,24238.77,28372.0,14,Hardware Firewalls & Networking,8517,8908910804175
Retained Premium Network Monitoring Service (NOC) - Monthly Basic,SEC-02464,GST,18,7092.57,21775.0,15,Managed IT Services & AMC,998316,8901887716991
Managed Advanced On-Site Support Engineer - Full-time Dedicated/Month,SEC-02465,GST,18,17382.22,41211.0,9,Managed IT Services & AMC,998316,8901048578671
Synology Advanced Network Attached Storage (NAS) - 8-Bay Rackmount,SEC-02466,GST,18,43564.81,48357.0,6,Servers & Data Storage,8471,8909127898852
Kaspersky Email Security & Anti-Spam - Per Mailbox / Year,SEC-02467,GST,18,1542.53,1859.0,321,Endpoint Security & Software Licenses,8523,8904158553730
Symantec Pro Mobile Device Management (MDM) - Annual per Device,SEC-02468,GST,18,817.93,1034.0,339,Endpoint Security & Software Licenses,8523,8906707169448
Cisco Premium Wireless Access Point (WAP) - WiFi 6 Indoor,SEC-02469,GST,18,12339.12,14932.0,3,Hardware Firewalls & Networking,8517,8907560231064
Palo Alto Advanced Network Load Balancer - Advanced Traffic Management,SEC-02470,GST,18,111198.11,131059.0,7,Hardware Firewalls & Networking,8517,8902885427344
Consulting Secure Phishing Simulation & Training - Quarterly Campaign,SEC-02471,GST,18,6537.27,21436.0,43,Cybersecurity Consulting & Audits,998313,8907366547587
Consulting Unified Penetration Testing Service - Grey Box,SEC-02472,GST,18,33559.28,112940.0,49,Cybersecurity Consulting & Audits,998313,8905392590677
Ubiquiti Cloud-Managed Wireless Access Point (WAP) - WiFi 6 Indoor,SEC-02473,GST,18,12062.48,14418.0,17,Hardware Firewalls & Networking,8517,8904304025600
CrowdStrike Cloud-Managed Enterprise Antivirus Suite - 1-User 1-Year,SEC-02474,GST,18,1666.49,2282.0,288,Endpoint Security & Software Licenses,8523,8905270712797
Palo Alto Secure VPN Gateway Appliance - Standard,SEC-02475,GST,18,55559.62,68394.0,11,Hardware Firewalls & Networking,8517,8902729904388
Palo Alto Cloud-Managed VPN Gateway Appliance - High Availability,SEC-02476,GST,18,59980.9,73758.0,16,Hardware Firewalls & Networking,8517,8900254316391
Kaspersky Enterprise Data Loss Prevention (DLP) License - Per 10 Users,SEC-02477,GST,18,8622.93,10565.0,264,Endpoint Security & Software Licenses,8523,8900467820369
Palo Alto Secure Next-Generation Firewall (NGFW) - Mid-Range,SEC-02478,GST,18,100215.95,122461.0,14,Hardware Firewalls & Networking,8517,8901340973122
Juniper Unified VPN Gateway Appliance - High Availability,SEC-02479,GST,18,69453.66,86506.0,11,Hardware Firewalls & Networking,8517,8900532421694
Lenovo Advanced 2U Storage Server - Large Capacity HDD,SEC-02480,GST,18,270729.77,318131.0,15,Servers & Data Storage,8471,8901780581380
Bitdefender Standard Enterprise Antivirus Suite - 1-User 1-Year,SEC-02481,GST,18,1345.97,1824.0,277,Endpoint Security & Software Licenses,8523,8908864555261
CrowdStrike Premium Endpoint Detection and Response (EDR) - 1-Year 10 Devices,SEC-02482,GST,18,4595.31,5834.0,237,Endpoint Security & Software Licenses,8523,8907052950868
Managed Advanced Network Monitoring Service (NOC) - Monthly Basic,SEC-02483,GST,18,9902.97,24911.0,48,Managed IT Services & AMC,998316,8909989625869
Synology Cloud-Managed 2U Storage Server - High IOPS NVMe,SEC-02484,GST,18,175491.19,203119.0,7,Servers & Data Storage,8471,8905515179751
Audit Phishing Simulation & Training - Annual Enterprise Program,SEC-02485,GST,18,28782.95,60455.0,16,Cybersecurity Consulting & Audits,998313,8907344580197
Retained Pro Remote Helpdesk Support - Monthly Retainer,SEC-02486,GST,18,1450.11,3807.0,10,Managed IT Services & AMC,998316,8906461526532
HPE Premium Network Attached Storage (NAS) - 8-Bay Rackmount,SEC-02487,GST,18,44779.1,52683.0,2,Servers & Data Storage,8471,8901481297198
Advisory Vulnerability Assessment (VAPT) - Mobile App,SEC-02488,GST,18,26976.57,80591.0,20,Cybersecurity Consulting & Audits,998313,8907481268179
Dell EMC Premium 1U Rack Server - Enterprise 128GB,SEC-02489,GST,18,366397.87,432817.0,20,Servers & Data Storage,8471,8909058081403
Lenovo Premium 1U Rack Server - Dual CPU 64GB,SEC-02490,GST,18,159977.05,193758.0,24,Servers & Data Storage,8471,8900563586990
Dell EMC Standard 2U Storage Server - Basic Array,SEC-02491,GST,18,129768.2,150820.0,11,Servers & Data Storage,8471,8906021246764
QNAP Secure 1U Rack Server - Intel Xeon 16GB,SEC-02492,GST,18,158538.7,194938.0,14,Servers & Data Storage,8471,8902074988495
Audit Premium Penetration Testing Service - White Box,SEC-02493,GST,18,49838.66,110789.0,20,Cybersecurity Consulting & Audits,998313,8903146565716
Managed Pro Cloud Infrastructure Management - Monthly AWS/Azure,SEC-02494,GST,18,2338.07,8113.0,44,Managed IT Services & AMC,998316,8905043896416
McAfee Cloud-Managed Endpoint Detection and Response (EDR) - 1-Year 50 Devices,SEC-02495,GST,18,7295.39,9811.0,338,Endpoint Security & Software Licenses,8523,8905322307248
Managed Advanced Network Monitoring Service (NOC) - Monthly Basic,SEC-02496,GST,18,6331.13,21139.0,47,Managed IT Services & AMC,998316,8909557458618
SonicWall Pro Wireless Access Point (WAP) - High-Density,SEC-02497,GST,18,17080.79,19589.0,3,Hardware Firewalls & Networking,8517,8908354427885
Consulting Incident Response & Forensics - Retainer Setup,SEC-02498,GST,18,40119.53,106319.0,29,Cybersecurity Consulting & Audits,998313,8905693259627
Retained Pro Remote Helpdesk Support - Monthly Retainer,SEC-02499,GST,18,1283.38,3021.0,16,Managed IT Services & AMC,998316,8907534183995
Trend Micro Advanced Mobile Device Management (MDM) - Monthly per Device,SEC-02500,GST,18,221.86,301.0,470,Endpoint Security & Software Licenses,8523,8902801771062
Advisory Advanced ISO 27001 Compliance Audit - Readiness Assessment,SEC-02501,GST,18,58903.1,176168.0,41,Cybersecurity Consulting & Audits,998313,8904473534143
Audit Pro Vulnerability Assessment (VAPT) - Mobile App,SEC-02502,GST,18,24625.24,58054.0,49,Cybersecurity Consulting & Audits,998313,8901866790667
Bitdefender Premium Mobile Device Management (MDM) - Monthly per Device,SEC-02503,GST,18,227.14,277.0,388,Endpoint Security & Software Licenses,8523,8900408384378
Synology Next-Gen 1U Rack Server - Intel Xeon 16GB,SEC-02504,GST,18,152665.6,184227.0,21,Servers & Data Storage,8471,8905334225393
Audit Advanced Penetration Testing Service - White Box,SEC-02505,GST,18,28034.52,88204.0,35,Cybersecurity Consulting & Audits,998313,8907277457502
SonicWall Advanced Network Load Balancer - Advanced Traffic Management,SEC-02506,GST,18,81907.35,101594.0,11,Hardware Firewalls & Networking,8517,8908460363839
Retained Next-Gen On-Site Support Engineer - Full-time Dedicated/Month,SEC-02507,GST,18,16534.07,54724.0,16,Managed IT Services & AMC,998316,8900475983589
Bitdefender Cloud-Managed Mobile Device Management (MDM) - Monthly per Device,SEC-02508,GST,18,187.71,261.0,474,Endpoint Security & Software Licenses,8523,8903928532025
Bitdefender Unified Endpoint Detection and Response (EDR) - 1-Year 10 Devices,SEC-02509,GST,18,3920.63,4932.0,432,Endpoint Security & Software Licenses,8523,8907781898636
Juniper Secure Managed Gigabit Switch - 10G Uplink,SEC-02510,GST,18,33947.59,38822.0,22,Hardware Firewalls & Networking,8517,8905921185723
Trend Micro Endpoint Detection and Response (EDR) - 1-Year 5 Devices,SEC-02511,GST,18,2043.05,2539.0,299,Endpoint Security & Software Licenses,8523,8909626389654
Consulting Phishing Simulation & Training - Annual Enterprise Program,SEC-02512,GST,18,19383.11,52684.0,45,Cybersecurity Consulting & Audits,998313,8902200810014
QNAP Cloud-Managed SAN Storage Array - Hybrid Array,SEC-02513,GST,18,473607.95,549038.0,12,Servers & Data Storage,8471,8901575951490
Consulting Standard Phishing Simulation & Training - Annual Enterprise Program,SEC-02514,GST,18,21961.1,69765.0,5,Cybersecurity Consulting & Audits,998313,8908004587242
Synology Network Attached Storage (NAS) - 12-Bay Enterprise,SEC-02515,GST,18,123694.18,143922.0,24,Servers & Data Storage,8471,8902948305171
Advisory Secure Penetration Testing Service - Grey Box,SEC-02516,GST,18,25136.95,74878.0,21,Cybersecurity Consulting & Audits,998313,8903353675777
In-House Cloud-Managed Network Monitoring Service (NOC) - Monthly Basic,SEC-02517,GST,18,7988.12,25191.0,39,Managed IT Services & AMC,998316,8907503104979
Cisco Unified Next-Generation Firewall (NGFW) - Mid-Range,SEC-02518,GST,18,101777.84,125626.0,22,Hardware Firewalls & Networking,8517,8902806199074
Managed Enterprise Cloud Infrastructure Management - Quarterly Audit & Fix,SEC-02519,GST,18,16255.85,51864.0,10,Managed IT Services & AMC,998316,8907124356683
Sophos Pro Managed Gigabit Switch - 48-Port PoE,SEC-02520,GST,18,69632.57,86925.0,20,Hardware Firewalls & Networking,8517,8905255876735
Palo Alto Premium Network Load Balancer - Basic,SEC-02521,GST,18,72269.66,81403.0,24,Hardware Firewalls & Networking,8517,8903947646126
Cisco Cloud-Managed Network Load Balancer - Basic,SEC-02522,GST,18,71974.83,81726.0,20,Hardware Firewalls & Networking,8517,8906275644390
Advisory Vulnerability Assessment (VAPT) - Mobile App,SEC-02523,GST,18,30579.49,79197.0,30,Cybersecurity Consulting & Audits,998313,8903006362105
Palo Alto Unified Wireless Access Point (WAP) - WiFi 6 Indoor,SEC-02524,GST,18,15435.76,18994.0,24,Hardware Firewalls & Networking,8517,8900481135373
Advisory Unified ISO 27001 Compliance Audit - Readiness Assessment,SEC-02525,GST,18,56795.6,189144.0,43,Cybersecurity Consulting & Audits,998313,8905986777055
Kaspersky Unified Email Security & Anti-Spam - Per Mailbox / Year,SEC-02526,GST,18,1024.72,1267.0,350,Endpoint Security & Software Licenses,8523,8909699154827
Fortinet Pro Managed Gigabit Switch - 10G Uplink,SEC-02527,GST,18,26401.79,31796.0,5,Hardware Firewalls & Networking,8517,8903268937460
Dell EMC Next-Gen 2U Storage Server - High IOPS NVMe,SEC-02528,GST,18,267296.17,305538.0,13,Servers & Data Storage,8471,8907712918425
SonicWall Cloud-Managed Network Load Balancer - Advanced Traffic Management,SEC-02529,GST,18,120564.01,141173.0,23,Hardware Firewalls & Networking,8517,8905589223552
Advisory Premium Incident Response & Forensics - Per Incident Block Hours,SEC-02530,GST,18,44266.94,148178.0,17,Cybersecurity Consulting & Audits,998313,8900228293352
Advisory Standard Incident Response & Forensics - Per Incident Block Hours,SEC-02531,GST,18,35464.26,118474.0,27,Cybersecurity Consulting & Audits,998313,8909647268474
Managed Premium Network Monitoring Service (NOC) - Monthly Advanced Proactive,SEC-02532,GST,18,3230.42,7192.0,38,Managed IT Services & AMC,998316,8903101850880
Advisory Enterprise ISO 27001 Compliance Audit - Full Implementation Support,SEC-02533,GST,18,132885.23,453530.0,6,Cybersecurity Consulting & Audits,998313,8905810580108
Consulting Phishing Simulation & Training - Annual Enterprise Program,SEC-02534,GST,18,18951.39,65369.0,21,Cybersecurity Consulting & Audits,998313,8907619378866
Synology Secure Network Attached Storage (NAS) - 8-Bay Rackmount,SEC-02535,GST,18,36587.88,41450.0,11,Servers & Data Storage,8471,8907749633792
Supermicro Next-Gen SAN Storage Array - Entry Level,SEC-02536,GST,18,207605.29,257167.0,13,Servers & Data Storage,8471,8900237438734
CrowdStrike Standard Data Loss Prevention (DLP) License - Per User,SEC-02537,GST,18,7781.25,9351.0,374,Endpoint Security & Software Licenses,8523,8900472609796
QNAP Secure 1U Rack Server - Dual CPU 64GB,SEC-02538,GST,18,195608.47,229453.0,9,Servers & Data Storage,8471,8906609859198
Palo Alto Pro Wireless Access Point (WAP) - WiFi 6 Outdoor,SEC-02539,GST,18,15501.52,17900.0,21,Hardware Firewalls & Networking,8517,8907885874895
Bitdefender Standard Endpoint Detection and Response (EDR) - 1-Year 5 Devices,SEC-02540,GST,18,2450.06,3240.0,179,Endpoint Security & Software Licenses,8523,8904496163952
Bitdefender Unified Data Loss Prevention (DLP) License - Per 10 Users,SEC-02541,GST,18,7097.96,8854.0,377,Endpoint Security & Software Licenses,8523,8902123848775
In-House Next-Gen On-Site Support Engineer - Part-time/Month,SEC-02542,GST,18,9789.44,31805.0,35,Managed IT Services & AMC,998316,8905579832290
Fortinet Premium Wireless Access Point (WAP) - High-Density,SEC-02543,GST,18,14989.56,17277.0,5,Hardware Firewalls & Networking,8517,8907365854059
Ubiquiti Enterprise Managed Gigabit Switch - 48-Port PoE,SEC-02544,GST,18,96621.32,110493.0,6,Hardware Firewalls & Networking,8517,8907123933065
HPE Secure Network Attached Storage (NAS) - 4-Bay Desktop,SEC-02545,GST,18,42517.98,49782.0,20,Servers & Data Storage,8471,8908096282196
Ubiquiti Secure VPN Gateway Appliance - High Availability,SEC-02546,GST,18,80720.49,94898.0,19,Hardware Firewalls & Networking,8517,8902737630977
QNAP Pro Server Rack Cabinet - Co-location Rack,SEC-02547,GST,18,35199.62,43184.0,15,Servers & Data Storage,8471,8900979785500
McAfee Premium Data Loss Prevention (DLP) License - Enterprise Site License,SEC-02548,GST,18,17680.98,21714.0,254,Endpoint Security & Software Licenses,8523,8902901079322
Managed Next-Gen Remote Helpdesk Support - Quarterly SLA,SEC-02549,GST,18,5417.19,13188.0,20,Managed IT Services & AMC,998316,8900594156711
Managed Network Monitoring Service (NOC) - Monthly Basic,SEC-02550,GST,18,7156.91,22587.0,33,Managed IT Services & AMC,998316,8902458198708
Advisory Secure Vulnerability Assessment (VAPT) - Network Infrastructure,SEC-02551,GST,18,23873.44,75135.0,49,Cybersecurity Consulting & Audits,998313,8908053659726
Audit Premium Incident Response & Forensics - Per Incident Block Hours,SEC-02552,GST,18,45695.47,142165.0,6,Cybersecurity Consulting & Audits,998313,8905130696721
QNAP Cloud-Managed 1U Rack Server - Dual CPU 64GB,SEC-02553,GST,18,163389.1,193276.0,2,Servers & Data Storage,8471,8902785379821
Trend Micro Enterprise Email Security & Anti-Spam - Per Mailbox / Year,SEC-02554,GST,18,975.57,1263.0,295,Endpoint Security & Software Licenses,8523,8903063908583
Palo Alto Next-Gen Network Load Balancer - Advanced Traffic Management,SEC-02555,GST,18,88076.76,108251.0,18,Hardware Firewalls & Networking,8517,8901672386656
Palo Alto Secure VPN Gateway Appliance - High Availability,SEC-02556,GST,18,95720.17,110316.0,13,Hardware Firewalls & Networking,8517,8907354105772
CrowdStrike Advanced Data Loss Prevention (DLP) License - Per User,SEC-02557,GST,18,6003.59,8195.0,433,Endpoint Security & Software Licenses,8523,8908988108558
In-House Unified Remote Helpdesk Support - Quarterly SLA,SEC-02558,GST,18,5034.61,15779.0,35,Managed IT Services & AMC,998316,8902080241041
CrowdStrike Mobile Device Management (MDM) - Annual per Device,SEC-02559,GST,18,864.02,1107.0,57,Endpoint Security & Software Licenses,8523,8908161155661
Supermicro Enterprise Network Attached Storage (NAS) - 4-Bay Desktop,SEC-02560,GST,18,38317.06,45910.0,3,Servers & Data Storage,8471,8900045840892
Supermicro Cloud-Managed SAN Storage Array - Entry Level,SEC-02561,GST,18,313023.29,371121.0,23,Servers & Data Storage,8471,8900649493565
Audit Cloud-Managed Penetration Testing Service - Grey Box,SEC-02562,GST,18,35035.01,81502.0,23,Cybersecurity Consulting & Audits,998313,8907224558170
Consulting Secure Penetration Testing Service - Black Box,SEC-02563,GST,18,23819.9,74908.0,23,Cybersecurity Consulting & Audits,998313,8902449663900
Cisco Wireless Access Point (WAP) - WiFi 6 Indoor,SEC-02564,GST,18,18702.73,22565.0,2,Hardware Firewalls & Networking,8517,8904886725140
Advisory Unified Vulnerability Assessment (VAPT) - Mobile App,SEC-02565,GST,18,18699.52,53655.0,33,Cybersecurity Consulting & Audits,998313,8903170981668
Audit Pro Penetration Testing Service - Black Box,SEC-02566,GST,18,39245.16,110607.0,29,Cybersecurity Consulting & Audits,998313,8909128150164
McAfee Advanced Mobile Device Management (MDM) - Annual per Device,SEC-02567,GST,18,948.39,1182.0,129,Endpoint Security & Software Licenses,8523,8905361276987
In-House Secure Remote Helpdesk Support - Annual 24/7 SLA,SEC-02568,GST,18,5947.6,18959.0,45,Managed IT Services & AMC,998316,8909474508098
Advisory Pro Vulnerability Assessment (VAPT) - Network Infrastructure,SEC-02569,GST,18,34292.31,73191.0,26,Cybersecurity Consulting & Audits,998313,8907160426144
In-House Premium Cloud Infrastructure Management - Quarterly Audit & Fix,SEC-02570,GST,18,25568.37,61204.0,11,Managed IT Services & AMC,998316,8905264458296
Advisory Standard ISO 27001 Compliance Audit - Full Implementation Support,SEC-02571,GST,18,130019.78,423724.0,12,Cybersecurity Consulting & Audits,998313,8903780498762
Ubiquiti Pro Managed Gigabit Switch - 10G Uplink,SEC-02572,GST,18,30084.07,35774.0,12,Hardware Firewalls & Networking,8517,8902427607414
Managed Advanced Network Monitoring Service (NOC) - Monthly Basic,SEC-02573,GST,18,9776.48,21371.0,27,Managed IT Services & AMC,998316,8903425556183
Synology Pro 2U Storage Server - Basic Array,SEC-02574,GST,18,128947.76,160002.0,24,Servers & Data Storage,8471,8905510954252
Managed Cloud-Managed Comprehensive IT AMC - 11-50 PCs,SEC-02575,GST,18,36336.06,100105.0,8,Managed IT Services & AMC,998316,8908482072712
In-House Premium Remote Helpdesk Support - Quarterly SLA,SEC-02576,GST,18,7551.96,17192.0,44,Managed IT Services & AMC,998316,8903781326727
HPE Advanced 2U Storage Server - High IOPS NVMe,SEC-02577,GST,18,206971.4,256103.0,15,Servers & Data Storage,8471,8907469588194
Retained Enterprise Cloud Infrastructure Management - Quarterly Audit & Fix,SEC-02578,GST,18,24517.05,54589.0,41,Managed IT Services & AMC,998316,8904499313675
In-House Next-Gen Cloud Infrastructure Management - Quarterly Audit & Fix,SEC-02579,GST,18,14434.87,46516.0,5,Managed IT Services & AMC,998316,8905366783203
Palo Alto Pro Next-Generation Firewall (NGFW) - Enterprise Tier,SEC-02580,GST,18,395659.2,463930.0,21,Hardware Firewalls & Networking,8517,8900534038833
Dell EMC Standard Network Attached Storage (NAS) - 12-Bay Enterprise,SEC-02581,GST,18,106474.22,118805.0,14,Servers & Data Storage,8471,8904802362801
Audit Pro Incident Response & Forensics - Per Incident Block Hours,SEC-02582,GST,18,39644.85,100318.0,47,Cybersecurity Consulting & Audits,998313,8903978157341
Kaspersky Cloud-Managed Endpoint Detection and Response (EDR) - 1-Year 5 Devices,SEC-02583,GST,18,2666.2,3206.0,265,Endpoint Security & Software Licenses,8523,8902365046026
HPE Next-Gen Network Attached Storage (NAS) - 8-Bay Rackmount,SEC-02584,GST,18,44991.22,50380.0,12,Servers & Data Storage,8471,8901826135062
Fortinet Premium Network Load Balancer - Advanced Traffic Management,SEC-02585,GST,18,81825.76,100643.0,21,Hardware Firewalls & Networking,8517,8909706298109
Advisory Cloud-Managed ISO 27001 Compliance Audit - Readiness Assessment,SEC-02586,GST,18,60824.73,159823.0,28,Cybersecurity Consulting & Audits,998313,8900836816821
CrowdStrike Unified Mobile Device Management (MDM) - Monthly per Device,SEC-02587,GST,18,256.03,310.0,401,Endpoint Security & Software Licenses,8523,8907143903909
Dell EMC Cloud-Managed 1U Rack Server - Dual CPU 64GB,SEC-02588,GST,18,131158.93,159937.0,17,Servers & Data Storage,8471,8900247485798
Consulting Standard Incident Response & Forensics - Retainer Setup,SEC-02589,GST,18,40798.89,109862.0,39,Cybersecurity Consulting & Audits,998313,8901522932297
Lenovo Standard Network Attached Storage (NAS) - 4-Bay Desktop,SEC-02590,GST,18,35545.12,42676.0,23,Servers & Data Storage,8471,8903847543188
Managed Unified Network Monitoring Service (NOC) - Monthly Advanced Proactive,SEC-02591,GST,18,3600.42,7511.0,45,Managed IT Services & AMC,998316,8909246366983
Managed Premium Network Monitoring Service (NOC) - Monthly Advanced Proactive,SEC-02592,GST,18,1948.38,6580.0,39,Managed IT Services & AMC,998316,8903875007709
Audit Unified Penetration Testing Service - Black Box,SEC-02593,GST,18,50188.92,107529.0,9,Cybersecurity Consulting & Audits,998313,8903598043331
Trend Micro Enterprise Mobile Device Management (MDM) - Annual per Device,SEC-02594,GST,18,802.64,971.0,209,Endpoint Security & Software Licenses,8523,8906019335206
HPE SAN Storage Array - Entry Level,SEC-02595,GST,18,217116.56,271060.0,25,Servers & Data Storage,8471,8904266331614
Ubiquiti Standard Managed Gigabit Switch - 24-Port PoE,SEC-02596,GST,18,24021.95,28137.0,24,Hardware Firewalls & Networking,8517,8907199457405
Ubiquiti Premium Network Load Balancer - Advanced Traffic Management,SEC-02597,GST,18,108636.4,129245.0,24,Hardware Firewalls & Networking,8517,8900056735263
Kaspersky Unified Data Loss Prevention (DLP) License - Per User,SEC-02598,GST,18,8174.07,10199.0,143,Endpoint Security & Software Licenses,8523,8904130228671
Palo Alto Cloud-Managed VPN Gateway Appliance - High Availability,SEC-02599,GST,18,60234.5,68922.0,7,Hardware Firewalls & Networking,8517,8903577741490
Bitdefender Secure Endpoint Detection and Response (EDR) - 1-Year 10 Devices,SEC-02600,GST,18,3288.73,4031.0,303,Endpoint Security & Software Licenses,8523,8909975261587
Consulting Cloud-Managed Incident Response & Forensics - Retainer Setup,SEC-02601,GST,18,51201.85,144940.0,20,Cybersecurity Consulting & Audits,998313,8901715111424
Sophos Next-Gen Wireless Access Point (WAP) - High-Density,SEC-02602,GST,18,14901.63,17206.0,11,Hardware Firewalls & Networking,8517,8906731371741
Audit Phishing Simulation & Training - Annual Enterprise Program,SEC-02603,GST,18,17883.89,60037.0,25,Cybersecurity Consulting & Audits,998313,8900857034011
Managed Premium Comprehensive IT AMC - 11-50 PCs,SEC-02604,GST,18,34414.33,79478.0,7,Managed IT Services & AMC,998316,8901127383181
In-House Secure Comprehensive IT AMC - 1-10 PCs,SEC-02605,GST,18,32207.05,82805.0,32,Managed IT Services & AMC,998316,8904001915426
SonicWall Enterprise VPN Gateway Appliance - Standard,SEC-02606,GST,18,61205.92,71193.0,10,Hardware Firewalls & Networking,8517,8903424114754
Managed Next-Gen Remote Helpdesk Support - Quarterly SLA,SEC-02607,GST,18,5588.0,13094.0,8,Managed IT Services & AMC,998316,8906421168460
QNAP Standard Server Rack Cabinet - 42U Heavy Duty,SEC-02608,GST,18,33882.25,38988.0,6,Servers & Data Storage,8471,8903466521746
McAfee Standard Enterprise Antivirus Suite - 1-User 1-Year,SEC-02609,GST,18,1886.09,2547.0,188,Endpoint Security & Software Licenses,8523,8909506054113
Retained Enterprise Comprehensive IT AMC - 1-10 PCs,SEC-02610,GST,18,28780.97,89631.0,20,Managed IT Services & AMC,998316,8901078907869
Bitdefender Standard Mobile Device Management (MDM) - Monthly per Device,SEC-02611,GST,18,191.4,259.0,166,Endpoint Security & Software Licenses,8523,8900415447473
Lenovo 2U Storage Server - High IOPS NVMe,SEC-02612,GST,18,222011.82,258600.0,21,Servers & Data Storage,8471,8907016852531
Managed Premium Comprehensive IT AMC - 11-50 PCs,SEC-02613,GST,18,41271.21,95807.0,6,Managed IT Services & AMC,998316,8901185968974
SonicWall Advanced Network Load Balancer - Advanced Traffic Management,SEC-02614,GST,18,113024.39,129880.0,23,Hardware Firewalls & Networking,8517,8905095792818
Bitdefender Cloud-Managed Enterprise Antivirus Suite - 5-User 1-Year,SEC-02615,GST,18,1645.37,2105.0,155,Endpoint Security & Software Licenses,8523,8909924161195
CrowdStrike Unified Mobile Device Management (MDM) - Monthly per Device,SEC-02616,GST,18,184.27,254.0,363,Endpoint Security & Software Licenses,8523,8900880683112
Palo Alto Network Load Balancer - Advanced Traffic Management,SEC-02617,GST,18,88215.34,104373.0,7,Hardware Firewalls & Networking,8517,8903312567725
Juniper Secure Managed Gigabit Switch - 10G Uplink,SEC-02618,GST,18,36067.79,44500.0,5,Hardware Firewalls & Networking,8517,8906271413427
In-House Secure Remote Helpdesk Support - Monthly Retainer,SEC-02619,GST,18,1437.34,3376.0,36,Managed IT Services & AMC,998316,8904214209420
Retained Enterprise Remote Helpdesk Support - Quarterly SLA,SEC-02620,GST,18,4316.76,12839.0,34,Managed IT Services & AMC,998316,8901994250592
Symantec Secure Endpoint Detection and Response (EDR) - 1-Year 50 Devices,SEC-02621,GST,18,8044.96,11019.0,400,Endpoint Security & Software Licenses,8523,8908779936427
Synology Unified Server Rack Cabinet - 42U Heavy Duty,SEC-02622,GST,18,25980.28,30607.0,22,Servers & Data Storage,8471,8901612921351
SonicWall Pro Next-Generation Firewall (NGFW) - Entry Level,SEC-02623,GST,18,67260.52,74283.0,12,Hardware Firewalls & Networking,8517,8903502469484
Sophos Advanced Managed Gigabit Switch - 24-Port PoE,SEC-02624,GST,18,25377.41,31174.0,3,Hardware Firewalls & Networking,8517,8908738570943
Audit Premium Penetration Testing Service - White Box,SEC-02625,GST,18,33583.18,116279.0,40,Cybersecurity Consulting & Audits,998313,8907837921316
Audit Premium Penetration Testing Service - White Box,SEC-02626,GST,18,32541.71,95214.0,43,Cybersecurity Consulting & Audits,998313,8903715193178
McAfee Next-Gen Email Security & Anti-Spam - Per Mailbox / Year,SEC-02627,GST,18,932.61,1202.0,192,Endpoint Security & Software Licenses,8523,8907381133704
Advisory Enterprise Phishing Simulation & Training - Quarterly Campaign,SEC-02628,GST,18,12361.22,30529.0,6,Cybersecurity Consulting & Audits,998313,8907700535588
HPE Standard Network Attached Storage (NAS) - 12-Bay Enterprise,SEC-02629,GST,18,104799.39,127526.0,2,Servers & Data Storage,8471,8908293850284
Managed Secure On-Site Support Engineer - Part-time/Month,SEC-02630,GST,18,9199.28,28559.0,19,Managed IT Services & AMC,998316,8907156415330
In-House Cloud-Managed Cloud Infrastructure Management - Quarterly Audit & Fix,SEC-02631,GST,18,20811.81,57027.0,46,Managed IT Services & AMC,998316,8906331191611
Advisory Premium ISO 27001 Compliance Audit - Readiness Assessment,SEC-02632,GST,18,60188.77,164623.0,12,Cybersecurity Consulting & Audits,998313,8903403779170
Synology Pro Server Rack Cabinet - Co-location Rack,SEC-02633,GST,18,25552.01,28481.0,19,Servers & Data Storage,8471,8909200458207
Dell EMC Enterprise SAN Storage Array - Entry Level,SEC-02634,GST,18,255262.85,307315.0,6,Servers & Data Storage,8471,8904684732550
Managed Remote Helpdesk Support - Annual 24/7 SLA,SEC-02635,GST,18,3961.61,12181.0,19,Managed IT Services & AMC,998316,8906791207209
Bitdefender Pro Email Security & Anti-Spam - Per Mailbox / Year,SEC-02636,GST,18,1028.63,1435.0,214,Endpoint Security & Software Licenses,8523,8900819968445
Managed Unified Cloud Infrastructure Management - Monthly AWS/Azure,SEC-02637,GST,18,2666.8,9318.0,7,Managed IT Services & AMC,998316,8905405155674
Ubiquiti Standard Managed Gigabit Switch - 24-Port PoE,SEC-02638,GST,18,34058.03,40764.0,12,Hardware Firewalls & Networking,8517,8909930013414
Cisco Cloud-Managed Network Load Balancer - Basic,SEC-02639,GST,18,72794.9,80283.0,4,Hardware Firewalls & Networking,8517,8904465484000
Cisco Enterprise Next-Generation Firewall (NGFW) - Entry Level,SEC-02640,GST,18,91452.48,104094.0,13,Hardware Firewalls & Networking,8517,8904976834875
Lenovo Enterprise SAN Storage Array - Entry Level,SEC-02641,GST,18,328921.12,389028.0,21,Servers & Data Storage,8471,8902466257601
QNAP Unified 1U Rack Server - Enterprise 128GB,SEC-02642,GST,18,409283.54,495549.0,4,Servers & Data Storage,8471,8908121652508
Cisco Network Load Balancer - Advanced Traffic Management,SEC-02643,GST,18,85692.43,97350.0,12,Hardware Firewalls & Networking,8517,8900717416477
In-House Premium Comprehensive IT AMC - Server & Network Included,SEC-02644,GST,18,27442.07,91631.0,15,Managed IT Services & AMC,998316,8903197670254
In-House Enterprise Cloud Infrastructure Management - Quarterly Audit & Fix,SEC-02645,GST,18,16243.15,46952.0,23,Managed IT Services & AMC,998316,8905892441832
Audit Unified Vulnerability Assessment (VAPT) - Web Application,SEC-02646,GST,18,30136.84,72563.0,48,Cybersecurity Consulting & Audits,998313,8904792975914
Kaspersky Premium Email Security & Anti-Spam - Domain License,SEC-02647,GST,18,1419.89,1867.0,208,Endpoint Security & Software Licenses,8523,8906584639248
Advisory Unified Incident Response & Forensics - Retainer Setup,SEC-02648,GST,18,51926.54,141117.0,47,Cybersecurity Consulting & Audits,998313,8907649737805
Lenovo Standard 2U Storage Server - High IOPS NVMe,SEC-02649,GST,18,220120.42,270363.0,16,Servers & Data Storage,8471,8901628974767
Managed Cloud Infrastructure Management - Monthly AWS/Azure,SEC-02650,GST,18,3855.58,8408.0,17,Managed IT Services & AMC,998316,8905264259931
Managed Premium On-Site Support Engineer - Full-time Dedicated/Month,SEC-02651,GST,18,18931.87,47946.0,33,Managed IT Services & AMC,998316,8905910563967
SonicWall Unified Wireless Access Point (WAP) - WiFi 6 Outdoor,SEC-02652,GST,18,15950.38,18697.0,5,Hardware Firewalls & Networking,8517,8904057702501
McAfee Data Loss Prevention (DLP) License - Per 10 Users,SEC-02653,GST,18,6023.43,7999.0,451,Endpoint Security & Software Licenses,8523,8909985752563
Managed Secure Network Monitoring Service (NOC) - Monthly Advanced Proactive,SEC-02654,GST,18,2705.53,6778.0,47,Managed IT Services & AMC,998316,8907663354205
Ubiquiti Premium Wireless Access Point (WAP) - WiFi 6 Indoor,SEC-02655,GST,18,18301.15,20572.0,25,Hardware Firewalls & Networking,8517,8907282769588
In-House Advanced On-Site Support Engineer - Full-time Dedicated/Month,SEC-02656,GST,18,17706.14,52546.0,32,Managed IT Services & AMC,998316,8906036698027
Retained Next-Gen Network Monitoring Service (NOC) - Monthly Advanced Proactive,SEC-02657,GST,18,1848.24,6204.0,43,Managed IT Services & AMC,998316,8904350079616
Symantec Unified Mobile Device Management (MDM) - Annual per Device,SEC-02658,GST,18,1093.34,1368.0,192,Endpoint Security & Software Licenses,8523,8907164919163
Retained Unified Network Monitoring Service (NOC) - Monthly Basic,SEC-02659,GST,18,10033.16,25230.0,16,Managed IT Services & AMC,998316,8905016915697
Audit Pro Phishing Simulation & Training - Quarterly Campaign,SEC-02660,GST,18,6878.25,20668.0,6,Cybersecurity Consulting & Audits,998313,8908133490237
Symantec Enterprise Antivirus Suite - 5-User 1-Year,SEC-02661,GST,18,1991.71,2460.0,449,Endpoint Security & Software Licenses,8523,8904941801695
Consulting Advanced Vulnerability Assessment (VAPT) - Web Application,SEC-02662,GST,18,28807.84,70602.0,21,Cybersecurity Consulting & Audits,998313,8900311828791
Bitdefender Secure Data Loss Prevention (DLP) License - Enterprise Site License,SEC-02663,GST,18,14813.12,18019.0,124,Endpoint Security & Software Licenses,8523,8900339059666
Advisory Penetration Testing Service - Black Box,SEC-02664,GST,18,47075.68,114635.0,17,Cybersecurity Consulting & Audits,998313,8908375428846
Synology Enterprise SAN Storage Array - Entry Level,SEC-02665,GST,18,279760.96,334171.0,12,Servers & Data Storage,8471,8900302772179
Dell EMC Secure SAN Storage Array - Entry Level,SEC-02666,GST,18,201422.23,246987.0,13,Servers & Data Storage,8471,8903267992448
Supermicro Cloud-Managed SAN Storage Array - Entry Level,SEC-02667,GST,18,317207.81,383125.0,24,Servers & Data Storage,8471,8907938894912
Advisory Next-Gen Phishing Simulation & Training - Quarterly Campaign,SEC-02668,GST,18,10938.24,26095.0,39,Cybersecurity Consulting & Audits,998313,8906910407629
Retained Advanced Cloud Infrastructure Management - Quarterly Audit & Fix,SEC-02669,GST,18,25126.85,60871.0,25,Managed IT Services & AMC,998316,8907318020404
SonicWall Standard Next-Generation Firewall (NGFW) - Mid-Range,SEC-02670,GST,18,145070.82,162508.0,10,Hardware Firewalls & Networking,8517,8903370265781
Kaspersky Secure Mobile Device Management (MDM) - Monthly per Device,SEC-02671,GST,18,189.18,230.0,157,Endpoint Security & Software Licenses,8523,8905311015845
Managed Pro Remote Helpdesk Support - Monthly Retainer,SEC-02672,GST,18,1024.46,3116.0,49,Managed IT Services & AMC,998316,8901749317560
In-House Standard Comprehensive IT AMC - 1-10 PCs,SEC-02673,GST,18,30235.09,92226.0,33,Managed IT Services & AMC,998316,8903733970101
Kaspersky Advanced Enterprise Antivirus Suite - 5-User 1-Year,SEC-02674,GST,18,1233.29,1677.0,332,Endpoint Security & Software Licenses,8523,8909224006138
Managed Cloud-Managed Network Monitoring Service (NOC) - Monthly Advanced Proactive,SEC-02675,GST,18,1715.22,5786.0,25,Managed IT Services & AMC,998316,8901435804711
Consulting Enterprise Vulnerability Assessment (VAPT) - Web Application,SEC-02676,GST,18,29663.55,63016.0,25,Cybersecurity Consulting & Audits,998313,8903119596027
Retained Enterprise Remote Helpdesk Support - Annual 24/7 SLA,SEC-02677,GST,18,5177.5,17975.0,36,Managed IT Services & AMC,998316,8907966054856
Lenovo Premium SAN Storage Array - All-Flash SAN,SEC-02678,GST,18,1353660.08,1523370.0,11,Servers & Data Storage,8471,8906406948617
SentinelOne Next-Gen Data Loss Prevention (DLP) License - Per User,SEC-02679,GST,18,5516.31,7477.0,105,Endpoint Security & Software Licenses,8523,8901488160580
Ubiquiti Secure VPN Gateway Appliance - High Availability,SEC-02680,GST,18,96443.5,106696.0,7,Hardware Firewalls & Networking,8517,8906786504441
McAfee Enterprise Enterprise Antivirus Suite - Server Edition,SEC-02681,GST,18,1752.93,2366.0,302,Endpoint Security & Software Licenses,8523,8900880501513
Retained Advanced On-Site Support Engineer - Full-time Dedicated/Month,SEC-02682,GST,18,19024.01,45241.0,44,Managed IT Services & AMC,998316,8907042416981
Symantec Cloud-Managed Endpoint Detection and Response (EDR) - 1-Year 10 Devices,SEC-02683,GST,18,4181.89,5084.0,384,Endpoint Security & Software Licenses,8523,8900068143659
In-House Unified Remote Helpdesk Support - Annual 24/7 SLA,SEC-02684,GST,18,4809.07,14936.0,48,Managed IT Services & AMC,998316,8900541715007
In-House Unified Comprehensive IT AMC - Server & Network Included,SEC-02685,GST,18,22634.54,77915.0,50,Managed IT Services & AMC,998316,8908007784284
McAfee Standard Mobile Device Management (MDM) - Annual per Device,SEC-02686,GST,18,994.1,1278.0,297,Endpoint Security & Software Licenses,8523,8907066721922
Audit Enterprise ISO 27001 Compliance Audit - Readiness Assessment,SEC-02687,GST,18,39520.49,135398.0,42,Cybersecurity Consulting & Audits,998313,8902152725978
HPE Enterprise SAN Storage Array - All-Flash SAN,SEC-02688,GST,18,1345220.03,1490716.0,18,Servers & Data Storage,8471,8909120599447
Retained Standard On-Site Support Engineer - Part-time/Month,SEC-02689,GST,18,7585.77,23981.0,26,Managed IT Services & AMC,998316,8906208361088
Sophos Premium Wireless Access Point (WAP) - WiFi 6 Outdoor,SEC-02690,GST,18,17539.11,21529.0,22,Hardware Firewalls & Networking,8517,8902063703559
Kaspersky Standard Endpoint Detection and Response (EDR) - 1-Year 10 Devices,SEC-02691,GST,18,3247.57,4481.0,435,Endpoint Security & Software Licenses,8523,8901662965863
In-House Pro Remote Helpdesk Support - Quarterly SLA,SEC-02692,GST,18,7550.39,19356.0,36,Managed IT Services & AMC,998316,8903209225450
Audit Premium Phishing Simulation & Training - Annual Enterprise Program,SEC-02693,GST,18,24356.71,69142.0,34,Cybersecurity Consulting & Audits,998313,8903871834100
Palo Alto Next-Gen VPN Gateway Appliance - High Availability,SEC-02694,GST,18,70377.44,80447.0,9,Hardware Firewalls & Networking,8517,8909300460356
SonicWall Premium Network Load Balancer - Advanced Traffic Management,SEC-02695,GST,18,100464.65,119029.0,23,Hardware Firewalls & Networking,8517,8903759044790
Trend Micro Premium Email Security & Anti-Spam - Per Mailbox / Year,SEC-02696,GST,18,1161.31,1397.0,300,Endpoint Security & Software Licenses,8523,8908902764513
SonicWall Premium Next-Generation Firewall (NGFW) - Mid-Range,SEC-02697,GST,18,167555.03,187283.0,21,Hardware Firewalls & Networking,8517,8908575473880
Advisory Enterprise Penetration Testing Service - White Box,SEC-02698,GST,18,32634.03,73096.0,15,Cybersecurity Consulting & Audits,998313,8908507255320
Trend Micro Secure Enterprise Antivirus Suite - Server Edition,SEC-02699,GST,18,1222.56,1673.0,78,Endpoint Security & Software Licenses,8523,8901352471178
Advisory Secure ISO 27001 Compliance Audit - Readiness Assessment,SEC-02700,GST,18,37166.35,129156.0,44,Cybersecurity Consulting & Audits,998313,8901841805141
Dell EMC Enterprise 1U Rack Server - Dual CPU 64GB,SEC-02701,GST,18,181581.64,200876.0,10,Servers & Data Storage,8471,8905156993327
Retained Cloud-Managed On-Site Support Engineer - Part-time/Month,SEC-02702,GST,18,8737.9,29184.0,42,Managed IT Services & AMC,998316,8904738793092
Symantec Premium Enterprise Antivirus Suite - Server Edition,SEC-02703,GST,18,1631.9,1975.0,261,Endpoint Security & Software Licenses,8523,8903607124137
QNAP Standard Network Attached Storage (NAS) - 12-Bay Enterprise,SEC-02704,GST,18,85184.01,97701.0,4,Servers & Data Storage,8471,8909366943643
Managed Enterprise Remote Helpdesk Support - Monthly Retainer,SEC-02705,GST,18,1086.56,3752.0,49,Managed IT Services & AMC,998316,8909456815089
CrowdStrike Pro Data Loss Prevention (DLP) License - Per 10 Users,SEC-02706,GST,18,7329.25,10157.0,105,Endpoint Security & Software Licenses,8523,8908798976330
HPE Advanced 1U Rack Server - Dual CPU 64GB,SEC-02707,GST,18,191722.94,216940.0,9,Servers & Data Storage,8471,8908831960250
Consulting Premium Penetration Testing Service - White Box,SEC-02708,GST,18,41069.52,83633.0,24,Cybersecurity Consulting & Audits,998313,8903866684707
Synology Advanced 1U Rack Server - Enterprise 128GB,SEC-02709,GST,18,396437.1,464424.0,18,Servers & Data Storage,8471,8909663680537
QNAP Next-Gen 1U Rack Server - Enterprise 128GB,SEC-02710,GST,18,516558.86,579623.0,8,Servers & Data Storage,8471,8900970199824
Managed Unified Comprehensive IT AMC - Server & Network Included,SEC-02711,GST,18,28173.83,78477.0,30,Managed IT Services & AMC,998316,8902109863678
QNAP Next-Gen 1U Rack Server - Dual CPU 64GB,SEC-02712,GST,18,197973.18,229269.0,2,Servers & Data Storage,8471,8906688127904
Lenovo Enterprise 2U Storage Server - Large Capacity HDD,SEC-02713,GST,18,210269.0,247179.0,2,Servers & Data Storage,8471,8906817922419
Advisory Premium Incident Response & Forensics - Per Incident Block Hours,SEC-02714,GST,18,52871.3,109017.0,8,Cybersecurity Consulting & Audits,998313,8908348098544
Advisory Enterprise Incident Response & Forensics - Retainer Setup,SEC-02715,GST,18,53496.7,149843.0,17,Cybersecurity Consulting & Audits,998313,8904658672602
Sophos Next-Gen Next-Generation Firewall (NGFW) - Enterprise Tier,SEC-02716,GST,18,368720.24,428952.0,15,Hardware Firewalls & Networking,8517,8906405997430
Advisory Pro Incident Response & Forensics - Retainer Setup,SEC-02717,GST,18,54308.38,122708.0,46,Cybersecurity Consulting & Audits,998313,8905371268870
CrowdStrike Unified Data Loss Prevention (DLP) License - Per 10 Users,SEC-02718,GST,18,6853.66,9097.0,170,Endpoint Security & Software Licenses,8523,8907314217562
Bitdefender Enterprise Email Security & Anti-Spam - Domain License,SEC-02719,GST,18,1013.16,1385.0,304,Endpoint Security & Software Licenses,8523,8908273059766
Dell EMC Premium Server Rack Cabinet - 42U Heavy Duty,SEC-02720,GST,18,37843.04,44128.0,10,Servers & Data Storage,8471,8906401577466
Dell EMC Unified Server Rack Cabinet - Co-location Rack,SEC-02721,GST,18,32193.7,36942.0,15,Servers & Data Storage,8471,8905255424586
Managed Advanced Remote Helpdesk Support - Annual 24/7 SLA,SEC-02722,GST,18,7825.2,16294.0,34,Managed IT Services & AMC,998316,8902267940601
SentinelOne Pro Data Loss Prevention (DLP) License - Per User,SEC-02723,GST,18,6986.32,8996.0,169,Endpoint Security & Software Licenses,8523,8908688339238
Consulting Advanced Phishing Simulation & Training - Quarterly Campaign,SEC-02724,GST,18,7368.69,24477.0,32,Cybersecurity Consulting & Audits,998313,8908629661035
Managed Next-Gen Cloud Infrastructure Management - Quarterly Audit & Fix,SEC-02725,GST,18,12250.53,41295.0,17,Managed IT Services & AMC,998316,8907149262735
SonicWall Premium VPN Gateway Appliance - Standard,SEC-02726,GST,18,88224.43,99014.0,15,Hardware Firewalls & Networking,8517,8906460961490
Audit Vulnerability Assessment (VAPT) - Web Application,SEC-02727,GST,18,21425.69,55457.0,47,Cybersecurity Consulting & Audits,998313,8909545430017
Advisory Unified Phishing Simulation & Training - Quarterly Campaign,SEC-02728,GST,18,8833.1,29090.0,46,Cybersecurity Consulting & Audits,998313,8902052258987
Dell EMC Advanced SAN Storage Array - Entry Level,SEC-02729,GST,18,205281.45,256351.0,13,Servers & Data Storage,8471,8906910708611
In-House Enterprise Remote Helpdesk Support - Annual 24/7 SLA,SEC-02730,GST,18,5407.99,12007.0,7,Managed IT Services & AMC,998316,8900642276434
Consulting Secure ISO 27001 Compliance Audit - Full Implementation Support,SEC-02731,GST,18,123282.71,326278.0,48,Cybersecurity Consulting & Audits,998313,8905053477411
In-House Secure Remote Helpdesk Support - Annual 24/7 SLA,SEC-02732,GST,18,5204.74,17258.0,17,Managed IT Services & AMC,998316,8908875598759
Dell EMC Standard Network Attached Storage (NAS) - 12-Bay Enterprise,SEC-02733,GST,18,103763.83,127862.0,7,Servers & Data Storage,8471,8908230164303
QNAP Enterprise SAN Storage Array - All-Flash SAN,SEC-02734,GST,18,973802.67,1184320.0,9,Servers & Data Storage,8471,8903294578674
Cisco Advanced VPN Gateway Appliance - High Availability,SEC-02735,GST,18,66189.94,79128.0,14,Hardware Firewalls & Networking,8517,8904972834190
Managed Premium Comprehensive IT AMC - 1-10 PCs,SEC-02736,GST,18,32986.3,87857.0,23,Managed IT Services & AMC,998316,8904298299316
Symantec Next-Gen Endpoint Detection and Response (EDR) - 1-Year 5 Devices,SEC-02737,GST,18,1833.85,2331.0,228,Endpoint Security & Software Licenses,8523,8909702489105
Bitdefender Secure Email Security & Anti-Spam - Per Mailbox / Year,SEC-02738,GST,18,1299.6,1775.0,430,Endpoint Security & Software Licenses,8523,8904345651234
Lenovo Unified Network Attached Storage (NAS) - 4-Bay Desktop,SEC-02739,GST,18,43806.19,51565.0,2,Servers & Data Storage,8471,8906313959435
Retained Network Monitoring Service (NOC) - Monthly Advanced Proactive,SEC-02740,GST,18,2093.86,5672.0,49,Managed IT Services & AMC,998316,8901282111264
Dell EMC Secure Server Rack Cabinet - 24U Standard,SEC-02741,GST,18,26727.56,32480.0,19,Servers & Data Storage,8471,8908937707050
In-House Premium On-Site Support Engineer - Full-time Dedicated/Month,SEC-02742,GST,18,14817.75,50365.0,29,Managed IT Services & AMC,998316,8903276243265
In-House Comprehensive IT AMC - 11-50 PCs,SEC-02743,GST,18,35673.92,85011.0,36,Managed IT Services & AMC,998316,8900789379877
Symantec Enterprise Antivirus Suite - Server Edition,SEC-02744,GST,18,1625.27,2222.0,149,Endpoint Security & Software Licenses,8523,8906918454419
Consulting Secure Penetration Testing Service - Grey Box,SEC-02745,GST,18,30012.12,92357.0,41,Cybersecurity Consulting & Audits,998313,8902826290165
Cisco Advanced Network Load Balancer - Advanced Traffic Management,SEC-02746,GST,18,109311.23,124900.0,19,Hardware Firewalls & Networking,8517,8907155333179
Dell EMC Enterprise 2U Storage Server - Large Capacity HDD,SEC-02747,GST,18,262880.37,302160.0,14,Servers & Data Storage,8471,8901961765021
Juniper Advanced Next-Generation Firewall (NGFW) - Entry Level,SEC-02748,GST,18,81162.05,94442.0,23,Hardware Firewalls & Networking,8517,8909958700512
Symantec Cloud-Managed Email Security & Anti-Spam - Per Mailbox / Year,SEC-02749,GST,18,1016.77,1345.0,51,Endpoint Security & Software Licenses,8523,8905376932879
Supermicro Cloud-Managed SAN Storage Array - All-Flash SAN,SEC-02750,GST,18,1317118.32,1484192.0,18,Servers & Data Storage,8471,8909753115243
Advisory Premium Penetration Testing Service - Grey Box,SEC-02751,GST,18,34468.93,92001.0,17,Cybersecurity Consulting & Audits,998313,8901444941996
McAfee Advanced Email Security & Anti-Spam - Domain License,SEC-02752,GST,18,1255.79,1675.0,333,Endpoint Security & Software Licenses,8523,8904092771573
Retained Unified Network Monitoring Service (NOC) - Monthly Basic,SEC-02753,GST,18,5784.73,17417.0,39,Managed IT Services & AMC,998316,8902511031867
Dell EMC SAN Storage Array - All-Flash SAN,SEC-02754,GST,18,933615.48,1065884.0,25,Servers & Data Storage,8471,8905661966760
SonicWall Enterprise Wireless Access Point (WAP) - WiFi 6 Indoor,SEC-02755,GST,18,13217.04,16511.0,4,Hardware Firewalls & Networking,8517,8900265576475
Retained Unified Cloud Infrastructure Management - Quarterly Audit & Fix,SEC-02756,GST,18,20099.26,62060.0,42,Managed IT Services & AMC,998316,8907741050685
Audit Pro Penetration Testing Service - Black Box,SEC-02757,GST,18,23448.79,74453.0,32,Cybersecurity Consulting & Audits,998313,8902147061653
In-House Pro Comprehensive IT AMC - 11-50 PCs,SEC-02758,GST,18,28707.93,95041.0,15,Managed IT Services & AMC,998316,8908907816293
Ubiquiti Secure VPN Gateway Appliance - Standard,SEC-02759,GST,18,89495.21,104875.0,3,Hardware Firewalls & Networking,8517,8906616903670
Kaspersky Standard Endpoint Detection and Response (EDR) - 1-Year 10 Devices,SEC-02760,GST,18,2906.0,3869.0,343,Endpoint Security & Software Licenses,8523,8907796319946
In-House Premium On-Site Support Engineer - Full-time Dedicated/Month,SEC-02761,GST,18,20095.42,48364.0,31,Managed IT Services & AMC,998316,8901229830878
Advisory Phishing Simulation & Training - Annual Enterprise Program,SEC-02762,GST,18,19898.59,66849.0,14,Cybersecurity Consulting & Audits,998313,8904375968686
Synology Advanced Network Attached Storage (NAS) - 12-Bay Enterprise,SEC-02763,GST,18,125805.42,142808.0,3,Servers & Data Storage,8471,8909715475950
Juniper Cloud-Managed Managed Gigabit Switch - 24-Port PoE,SEC-02764,GST,18,31990.51,35916.0,23,Hardware Firewalls & Networking,8517,8901156781408
QNAP Cloud-Managed 2U Storage Server - High IOPS NVMe,SEC-02765,GST,18,200251.15,238573.0,5,Servers & Data Storage,8471,8903716509423
Cisco Pro Network Load Balancer - Advanced Traffic Management,SEC-02766,GST,18,105141.19,124151.0,9,Hardware Firewalls & Networking,8517,8901915181369
Fortinet Wireless Access Point (WAP) - WiFi 6 Outdoor,SEC-02767,GST,18,12734.03,14833.0,11,Hardware Firewalls & Networking,8517,8904940581519
QNAP Unified Network Attached Storage (NAS) - 4-Bay Desktop,SEC-02768,GST,18,39411.35,48594.0,24,Servers & Data Storage,8471,8901926890098
Retained Cloud-Managed Comprehensive IT AMC - Server & Network Included,SEC-02769,GST,18,34869.47,97075.0,23,Managed IT Services & AMC,998316,8904166611772
Advisory Cloud-Managed Penetration Testing Service - Black Box,SEC-02770,GST,18,41427.43,111986.0,40,Cybersecurity Consulting & Audits,998313,8900585824049
Managed Unified On-Site Support Engineer - Full-time Dedicated/Month,SEC-02771,GST,18,11428.66,39974.0,7,Managed IT Services & AMC,998316,8903031518617
Kaspersky Advanced Email Security & Anti-Spam - Domain License,SEC-02772,GST,18,1331.09,1780.0,362,Endpoint Security & Software Licenses,8523,8904764194958
HPE Network Attached Storage (NAS) - 4-Bay Desktop,SEC-02773,GST,18,43943.23,48883.0,6,Servers & Data Storage,8471,8906334922777
Ubiquiti Enterprise Wireless Access Point (WAP) - High-Density,SEC-02774,GST,18,19605.91,22053.0,18,Hardware Firewalls & Networking,8517,8902395543448
Dell EMC Premium 2U Storage Server - Large Capacity HDD,SEC-02775,GST,18,187139.1,214649.0,12,Servers & Data Storage,8471,8907694151398
McAfee Pro Enterprise Antivirus Suite - 1-User 1-Year,SEC-02776,GST,18,1721.84,2071.0,438,Endpoint Security & Software Licenses,8523,8903973175252
HPE Enterprise Network Attached Storage (NAS) - 4-Bay Desktop,SEC-02777,GST,18,46410.6,51720.0,8,Servers & Data Storage,8471,8909579656280
In-House Premium Remote Helpdesk Support - Quarterly SLA,SEC-02778,GST,18,3946.24,12092.0,49,Managed IT Services & AMC,998316,8905580482940
Retained Next-Gen On-Site Support Engineer - Part-time/Month,SEC-02779,GST,18,10485.6,26717.0,27,Managed IT Services & AMC,998316,8908729370625
Advisory Premium Penetration Testing Service - White Box,SEC-02780,GST,18,37463.36,95561.0,39,Cybersecurity Consulting & Audits,998313,8902262316750
Fortinet Advanced Wireless Access Point (WAP) - WiFi 6 Indoor,SEC-02781,GST,18,17237.66,20123.0,2,Hardware Firewalls & Networking,8517,8903414775688
In-House Pro Cloud Infrastructure Management - Monthly AWS/Azure,SEC-02782,GST,18,3715.75,12936.0,42,Managed IT Services & AMC,998316,8908708053828
Consulting Advanced Vulnerability Assessment (VAPT) - Web Application,SEC-02783,GST,18,23153.25,73278.0,47,Cybersecurity Consulting & Audits,998313,8909657537644
CrowdStrike Secure Enterprise Antivirus Suite - Server Edition,SEC-02784,GST,18,2052.91,2527.0,136,Endpoint Security & Software Licenses,8523,8902083464429
Consulting Pro Phishing Simulation & Training - Quarterly Campaign,SEC-02785,GST,18,9909.96,26473.0,40,Cybersecurity Consulting & Audits,998313,8906069939945
Fortinet Next-Gen VPN Gateway Appliance - Standard,SEC-02786,GST,18,82702.64,98619.0,4,Hardware Firewalls & Networking,8517,8906298604278
Trend Micro Premium Mobile Device Management (MDM) - Monthly per Device,SEC-02787,GST,18,166.14,221.0,374,Endpoint Security & Software Licenses,8523,8900569562509
Retained Advanced Network Monitoring Service (NOC) - Monthly Basic,SEC-02788,GST,18,8458.52,19050.0,38,Managed IT Services & AMC,998316,8908990888608
Fortinet Standard Next-Generation Firewall (NGFW) - Mid-Range,SEC-02789,GST,18,116512.34,141176.0,8,Hardware Firewalls & Networking,8517,8906036808588
McAfee Unified Data Loss Prevention (DLP) License - Per User,SEC-02790,GST,18,6029.02,7371.0,151,Endpoint Security & Software Licenses,8523,8902677638319
SonicWall Enterprise Network Load Balancer - Basic,SEC-02791,GST,18,53482.53,65986.0,24,Hardware Firewalls & Networking,8517,8903097975684
Dell EMC Next-Gen Server Rack Cabinet - 24U Standard,SEC-02792,GST,18,37365.76,41287.0,18,Servers & Data Storage,8471,8907472913112
Managed Enterprise On-Site Support Engineer - Full-time Dedicated/Month,SEC-02793,GST,18,19228.61,44722.0,13,Managed IT Services & AMC,998316,8903121781704
Supermicro Unified 2U Storage Server - Basic Array,SEC-02794,GST,18,156250.53,184201.0,19,Servers & Data Storage,8471,8901185920630
CrowdStrike Advanced Mobile Device Management (MDM) - Annual per Device,SEC-02795,GST,18,1199.03,1479.0,252,Endpoint Security & Software Licenses,8523,8901891095310
Juniper Next-Generation Firewall (NGFW) - Mid-Range,SEC-02796,GST,18,150302.87,169411.0,12,Hardware Firewalls & Networking,8517,8901362238013
In-House Remote Helpdesk Support - Monthly Retainer,SEC-02797,GST,18,1189.77,3379.0,10,Managed IT Services & AMC,998316,8909401469613
In-House Advanced Cloud Infrastructure Management - Quarterly Audit & Fix,SEC-02798,GST,18,27901.47,62362.0,45,Managed IT Services & AMC,998316,8904509806353
HPE Standard Network Attached Storage (NAS) - 4-Bay Desktop,SEC-02799,GST,18,47641.25,57481.0,15,Servers & Data Storage,8471,8902510494617
Dell EMC Standard Network Attached Storage (NAS) - 12-Bay Enterprise,SEC-02800,GST,18,109142.16,135570.0,5,Servers & Data Storage,8471,8903320967309
Lenovo Enterprise 1U Rack Server - Dual CPU 64GB,SEC-02801,GST,18,124271.47,152403.0,12,Servers & Data Storage,8471,8909665339036
Supermicro Unified Server Rack Cabinet - 42U Heavy Duty,SEC-02802,GST,18,29001.24,32864.0,5,Servers & Data Storage,8471,8909580008416
Supermicro Secure SAN Storage Array - All-Flash SAN,SEC-02803,GST,18,851176.92,1027375.0,15,Servers & Data Storage,8471,8908314650039
SentinelOne Next-Gen Data Loss Prevention (DLP) License - Per 10 Users,SEC-02804,GST,18,7319.03,9846.0,198,Endpoint Security & Software Licenses,8523,8906420181902
HPE Cloud-Managed 1U Rack Server - Intel Xeon 16GB,SEC-02805,GST,18,207907.68,231978.0,18,Servers & Data Storage,8471,8908906091750
Managed Comprehensive IT AMC - Server & Network Included,SEC-02806,GST,18,39074.22,101000.0,34,Managed IT Services & AMC,998316,8907504616228
Symantec Secure Email Security & Anti-Spam - Domain License,SEC-02807,GST,18,1103.96,1519.0,495,Endpoint Security & Software Licenses,8523,8908720204871
Juniper Secure Managed Gigabit Switch - 48-Port PoE,SEC-02808,GST,18,68149.64,79952.0,11,Hardware Firewalls & Networking,8517,8901442719745
Dell EMC Network Attached Storage (NAS) - 8-Bay Rackmount,SEC-02809,GST,18,40175.13,44285.0,19,Servers & Data Storage,8471,8900029069547
Lenovo Advanced SAN Storage Array - All-Flash SAN,SEC-02810,GST,18,1252635.16,1507157.0,20,Servers & Data Storage,8471,8904361090982
McAfee Next-Gen Endpoint Detection and Response (EDR) - 1-Year 50 Devices,SEC-02811,GST,18,7194.74,9655.0,390,Endpoint Security & Software Licenses,8523,8904702360741
In-House Advanced Cloud Infrastructure Management - Monthly AWS/Azure,SEC-02812,GST,18,3932.67,8867.0,25,Managed IT Services & AMC,998316,8903134176228
Ubiquiti Standard Wireless Access Point (WAP) - WiFi 6 Outdoor,SEC-02813,GST,18,16515.69,18826.0,3,Hardware Firewalls & Networking,8517,8901637905848
QNAP Pro 1U Rack Server - Dual CPU 64GB,SEC-02814,GST,18,176038.02,199221.0,21,Servers & Data Storage,8471,8906910829656
Sophos Enterprise Next-Generation Firewall (NGFW) - Mid-Range,SEC-02815,GST,18,123318.9,148985.0,17,Hardware Firewalls & Networking,8517,8906478562508
McAfee Standard Endpoint Detection and Response (EDR) - 1-Year 50 Devices,SEC-02816,GST,18,9036.63,12649.0,206,Endpoint Security & Software Licenses,8523,8903999257099
QNAP Premium SAN Storage Array - Entry Level,SEC-02817,GST,18,227184.81,261638.0,12,Servers & Data Storage,8471,8901438255203
Supermicro Secure Server Rack Cabinet - 42U Heavy Duty,SEC-02818,GST,18,38092.53,42575.0,5,Servers & Data Storage,8471,8909805283905
Dell EMC Pro SAN Storage Array - All-Flash SAN,SEC-02819,GST,18,1285831.1,1555975.0,19,Servers & Data Storage,8471,8903038840167
Managed Standard On-Site Support Engineer - Part-time/Month,SEC-02820,GST,18,9916.71,29453.0,6,Managed IT Services & AMC,998316,8905071970957
SentinelOne Enterprise Data Loss Prevention (DLP) License - Per 10 Users,SEC-02821,GST,18,5363.17,6904.0,109,Endpoint Security & Software Licenses,8523,8904387673843
Juniper Secure Wireless Access Point (WAP) - High-Density,SEC-02822,GST,18,15569.42,18118.0,12,Hardware Firewalls & Networking,8517,8909792962632
In-House Pro Remote Helpdesk Support - Quarterly SLA,SEC-02823,GST,18,7589.85,15668.0,48,Managed IT Services & AMC,998316,8909190566514
SonicWall Pro Managed Gigabit Switch - 48-Port PoE,SEC-02824,GST,18,60759.07,70921.0,18,Hardware Firewalls & Networking,8517,8903298768160
SentinelOne Standard Endpoint Detection and Response (EDR) - 1-Year 50 Devices,SEC-02825,GST,18,9694.66,11648.0,398,Endpoint Security & Software Licenses,8523,8904236374373
Audit Standard Vulnerability Assessment (VAPT) - Web Application,SEC-02826,GST,18,28853.17,69080.0,23,Cybersecurity Consulting & Audits,998313,8901357168261
Fortinet Cloud-Managed Wireless Access Point (WAP) - WiFi 6 Outdoor,SEC-02827,GST,18,20191.25,22727.0,16,Hardware Firewalls & Networking,8517,8903478735414
McAfee Unified Mobile Device Management (MDM) - Annual per Device,SEC-02828,GST,18,1074.42,1502.0,82,Endpoint Security & Software Licenses,8523,8901688592663
Retained Next-Gen Comprehensive IT AMC - 1-10 PCs,SEC-02829,GST,18,35461.97,98727.0,43,Managed IT Services & AMC,998316,8904383014857
Consulting Secure Vulnerability Assessment (VAPT) - Network Infrastructure,SEC-02830,GST,18,40361.15,81314.0,38,Cybersecurity Consulting & Audits,998313,8900418902446
QNAP Cloud-Managed Server Rack Cabinet - 24U Standard,SEC-02831,GST,18,25776.81,29148.0,24,Servers & Data Storage,8471,8906087363149
Supermicro Standard 1U Rack Server - Enterprise 128GB,SEC-02832,GST,18,325679.81,402747.0,6,Servers & Data Storage,8471,8909380450308
Lenovo Standard Server Rack Cabinet - 24U Standard,SEC-02833,GST,18,29852.26,35032.0,10,Servers & Data Storage,8471,8909273868133
Retained Advanced Remote Helpdesk Support - Annual 24/7 SLA,SEC-02834,GST,18,5215.65,16767.0,40,Managed IT Services & AMC,998316,8901815539258
Audit Standard Vulnerability Assessment (VAPT) - Web Application,SEC-02835,GST,18,21429.49,58503.0,31,Cybersecurity Consulting & Audits,998313,8900338417876
Sophos Enterprise Network Load Balancer - Advanced Traffic Management,SEC-02836,GST,18,119648.25,131871.0,7,Hardware Firewalls & Networking,8517,8906488105039
Palo Alto Advanced VPN Gateway Appliance - Standard,SEC-02837,GST,18,75451.94,90571.0,16,Hardware Firewalls & Networking,8517,8909398593082
Synology Enterprise Server Rack Cabinet - 24U Standard,SEC-02838,GST,18,30765.74,35450.0,20,Servers & Data Storage,8471,8905369823207
Supermicro Cloud-Managed Network Attached Storage (NAS) - 12-Bay Enterprise,SEC-02839,GST,18,79522.9,95576.0,12,Servers & Data Storage,8471,8906230678019
Bitdefender Standard Mobile Device Management (MDM) - Monthly per Device,SEC-02840,GST,18,161.09,225.0,484,Endpoint Security & Software Licenses,8523,8902804471208
Synology Next-Gen 2U Storage Server - High IOPS NVMe,SEC-02841,GST,18,217600.23,255804.0,14,Servers & Data Storage,8471,8902378861732
Managed Cloud-Managed Cloud Infrastructure Management - Monthly AWS/Azure,SEC-02842,GST,18,5639.36,12871.0,46,Managed IT Services & AMC,998316,8905136899065
Managed Cloud-Managed Comprehensive IT AMC - Server & Network Included,SEC-02843,GST,18,36922.6,87747.0,19,Managed IT Services & AMC,998316,8906633756184
Symantec Unified Data Loss Prevention (DLP) License - Per 10 Users,SEC-02844,GST,18,6809.61,8847.0,318,Endpoint Security & Software Licenses,8523,8905929458361
Consulting Unified Incident Response & Forensics - Retainer Setup,SEC-02845,GST,18,40362.16,113498.0,41,Cybersecurity Consulting & Audits,998313,8902396042445
Sophos Unified Wireless Access Point (WAP) - WiFi 6 Outdoor,SEC-02846,GST,18,17950.51,20164.0,17,Hardware Firewalls & Networking,8517,8908295988161
Sophos Pro VPN Gateway Appliance - High Availability,SEC-02847,GST,18,84546.41,100472.0,2,Hardware Firewalls & Networking,8517,8903804374126
Consulting Cloud-Managed Vulnerability Assessment (VAPT) - Mobile App,SEC-02848,GST,18,18967.27,62362.0,5,Cybersecurity Consulting & Audits,998313,8908619970783
Audit Advanced Vulnerability Assessment (VAPT) - Web Application,SEC-02849,GST,18,35261.85,72231.0,48,Cybersecurity Consulting & Audits,998313,8907594250165
Managed Unified Network Monitoring Service (NOC) - Monthly Advanced Proactive,SEC-02850,GST,18,2592.09,6654.0,45,Managed IT Services & AMC,998316,8902810705605
Bitdefender Enterprise Enterprise Antivirus Suite - Server Edition,SEC-02851,GST,18,1305.49,1716.0,53,Endpoint Security & Software Licenses,8523,8900661615317
Managed Advanced Comprehensive IT AMC - Server & Network Included,SEC-02852,GST,18,24908.0,75731.0,29,Managed IT Services & AMC,998316,8909791814336
Advisory Secure ISO 27001 Compliance Audit - Full Implementation Support,SEC-02853,GST,18,180424.9,458804.0,30,Cybersecurity Consulting & Audits,998313,8900683426053
QNAP Enterprise Server Rack Cabinet - 24U Standard,SEC-02854,GST,18,32516.41,38640.0,15,Servers & Data Storage,8471,8909660818758
Audit Enterprise ISO 27001 Compliance Audit - Readiness Assessment,SEC-02855,GST,18,73361.46,167957.0,19,Cybersecurity Consulting & Audits,998313,8904874512619
Synology Advanced Server Rack Cabinet - 24U Standard,SEC-02856,GST,18,25399.51,30768.0,21,Servers & Data Storage,8471,8903094431213
SentinelOne Unified Data Loss Prevention (DLP) License - Per 10 Users,SEC-02857,GST,18,7108.24,9378.0,70,Endpoint Security & Software Licenses,8523,8907256687230
Retained Secure Remote Helpdesk Support - Quarterly SLA,SEC-02858,GST,18,5501.52,15351.0,17,Managed IT Services & AMC,998316,8907151041367
Managed Cloud Infrastructure Management - Quarterly Audit & Fix,SEC-02859,GST,18,17084.23,49032.0,49,Managed IT Services & AMC,998316,8903224967371
Advisory Secure Phishing Simulation & Training - Annual Enterprise Program,SEC-02860,GST,18,25873.27,74358.0,12,Cybersecurity Consulting & Audits,998313,8902094540289
McAfee Next-Gen Enterprise Antivirus Suite - Server Edition,SEC-02861,GST,18,1270.38,1738.0,278,Endpoint Security & Software Licenses,8523,8906941366748
Advisory Incident Response & Forensics - Per Incident Block Hours,SEC-02862,GST,18,53362.61,148297.0,35,Cybersecurity Consulting & Audits,998313,8908639141835
Audit Incident Response & Forensics - Per Incident Block Hours,SEC-02863,GST,18,40944.97,99176.0,23,Cybersecurity Consulting & Audits,998313,8904742707254
McAfee Next-Gen Enterprise Antivirus Suite - 5-User 1-Year,SEC-02864,GST,18,1659.82,2012.0,221,Endpoint Security & Software Licenses,8523,8904728740751
Audit Enterprise Incident Response & Forensics - Retainer Setup,SEC-02865,GST,18,59131.65,118910.0,33,Cybersecurity Consulting & Audits,998313,8908280356899
SonicWall Secure Next-Generation Firewall (NGFW) - Enterprise Tier,SEC-02866,GST,18,341540.26,400301.0,2,Hardware Firewalls & Networking,8517,8907501399392
Bitdefender Enterprise Mobile Device Management (MDM) - Annual per Device,SEC-02867,GST,18,1045.54,1424.0,467,Endpoint Security & Software Licenses,8523,8903177186266
Retained Standard On-Site Support Engineer - Full-time Dedicated/Month,SEC-02868,GST,18,19195.72,45084.0,19,Managed IT Services & AMC,998316,8908638130326
Lenovo Cloud-Managed Server Rack Cabinet - Co-location Rack,SEC-02869,GST,18,27952.01,33305.0,14,Servers & Data Storage,8471,8906549770536
McAfee Enterprise Antivirus Suite - 5-User 1-Year,SEC-02870,GST,18,1789.33,2250.0,117,Endpoint Security & Software Licenses,8523,8901762080128
Audit Next-Gen ISO 27001 Compliance Audit - Readiness Assessment,SEC-02871,GST,18,59294.92,120686.0,48,Cybersecurity Consulting & Audits,998313,8909205365045
Retained Cloud Infrastructure Management - Quarterly Audit & Fix,SEC-02872,GST,18,12086.41,40986.0,43,Managed IT Services & AMC,998316,8902331524041
Trend Micro Next-Gen Mobile Device Management (MDM) - Annual per Device,SEC-02873,GST,18,1026.11,1374.0,124,Endpoint Security & Software Licenses,8523,8907686127793
HPE Cloud-Managed 2U Storage Server - High IOPS NVMe,SEC-02874,GST,18,266142.97,317331.0,6,Servers & Data Storage,8471,8900184457661
Retained Secure Remote Helpdesk Support - Annual 24/7 SLA,SEC-02875,GST,18,4729.12,12398.0,9,Managed IT Services & AMC,998316,8900318417326
SentinelOne Enterprise Enterprise Antivirus Suite - 1-User 1-Year,SEC-02876,GST,18,1738.48,2235.0,408,Endpoint Security & Software Licenses,8523,8905461203846
Retained Enterprise Remote Helpdesk Support - Quarterly SLA,SEC-02877,GST,18,6868.17,14270.0,43,Managed IT Services & AMC,998316,8908928914353
SentinelOne Secure Data Loss Prevention (DLP) License - Per User,SEC-02878,GST,18,6803.56,9476.0,270,Endpoint Security & Software Licenses,8523,8902860781384
Managed Enterprise Comprehensive IT AMC - 1-10 PCs,SEC-02879,GST,18,35247.54,94985.0,22,Managed IT Services & AMC,998316,8909185058240
Trend Micro Cloud-Managed Data Loss Prevention (DLP) License - Per 10 Users,SEC-02880,GST,18,8084.79,9828.0,80,Endpoint Security & Software Licenses,8523,8906906119597
Supermicro Secure SAN Storage Array - Entry Level,SEC-02881,GST,18,250654.72,275760.0,5,Servers & Data Storage,8471,8905846439442
Audit Premium ISO 27001 Compliance Audit - Full Implementation Support,SEC-02882,GST,18,89381.83,311472.0,18,Cybersecurity Consulting & Audits,998313,8901950787305
QNAP Pro 1U Rack Server - Intel Xeon 16GB,SEC-02883,GST,18,177650.82,212311.0,22,Servers & Data Storage,8471,8903292620555
Trend Micro Next-Gen Mobile Device Management (MDM) - Monthly per Device,SEC-02884,GST,18,175.44,228.0,246,Endpoint Security & Software Licenses,8523,8905783393994
Dell EMC Secure 1U Rack Server - Enterprise 128GB,SEC-02885,GST,18,319983.21,377876.0,18,Servers & Data Storage,8471,8905787828095
In-House On-Site Support Engineer - Part-time/Month,SEC-02886,GST,18,12018.55,27617.0,48,Managed IT Services & AMC,998316,8901898659846
Juniper Secure VPN Gateway Appliance - High Availability,SEC-02887,GST,18,93393.16,104937.0,12,Hardware Firewalls & Networking,8517,8906703271887
Kaspersky Premium Mobile Device Management (MDM) - Annual per Device,SEC-02888,GST,18,1096.58,1437.0,66,Endpoint Security & Software Licenses,8523,8902075204690
Managed Premium Remote Helpdesk Support - Annual 24/7 SLA,SEC-02889,GST,18,5170.4,16746.0,39,Managed IT Services & AMC,998316,8904773920244
CrowdStrike Standard Mobile Device Management (MDM) - Monthly per Device,SEC-02890,GST,18,214.61,261.0,327,Endpoint Security & Software Licenses,8523,8909011203672
Consulting Cloud-Managed Vulnerability Assessment (VAPT) - Mobile App,SEC-02891,GST,18,24479.02,72098.0,13,Cybersecurity Consulting & Audits,998313,8906166647107
Audit Unified ISO 27001 Compliance Audit - Readiness Assessment,SEC-02892,GST,18,57107.37,145624.0,49,Cybersecurity Consulting & Audits,998313,8900831300161
Audit Secure Penetration Testing Service - Black Box,SEC-02893,GST,18,27732.89,79125.0,7,Cybersecurity Consulting & Audits,998313,8900741664308
In-House Next-Gen Network Monitoring Service (NOC) - Monthly Basic,SEC-02894,GST,18,10966.92,25802.0,30,Managed IT Services & AMC,998316,8907232464471
Palo Alto Premium Next-Generation Firewall (NGFW) - Mid-Range,SEC-02895,GST,18,122399.66,152254.0,9,Hardware Firewalls & Networking,8517,8907788921418
Fortinet Advanced Next-Generation Firewall (NGFW) - Mid-Range,SEC-02896,GST,18,163500.42,180474.0,23,Hardware Firewalls & Networking,8517,8904798011705
Managed Secure Cloud Infrastructure Management - Quarterly Audit & Fix,SEC-02897,GST,18,20928.59,53484.0,28,Managed IT Services & AMC,998316,8907903367594
Retained Comprehensive IT AMC - 1-10 PCs,SEC-02898,GST,18,30719.6,94438.0,42,Managed IT Services & AMC,998316,8903784865230
Audit Pro ISO 27001 Compliance Audit - Full Implementation Support,SEC-02899,GST,18,101433.42,336299.0,6,Cybersecurity Consulting & Audits,998313,8904982070002
Managed Enterprise Network Monitoring Service (NOC) - Monthly Advanced Proactive,SEC-02900,GST,18,3109.64,7163.0,50,Managed IT Services & AMC,998316,8909641638251
Palo Alto Pro Managed Gigabit Switch - 10G Uplink,SEC-02901,GST,18,23582.78,28922.0,13,Hardware Firewalls & Networking,8517,8908217263308
Juniper Premium Wireless Access Point (WAP) - High-Density,SEC-02902,GST,18,15964.86,19217.0,24,Hardware Firewalls & Networking,8517,8906112580443
Palo Alto Unified Wireless Access Point (WAP) - High-Density,SEC-02903,GST,18,20288.1,22703.0,5,Hardware Firewalls & Networking,8517,8902716810981
Managed Secure Cloud Infrastructure Management - Monthly AWS/Azure,SEC-02904,GST,18,3456.18,8643.0,31,Managed IT Services & AMC,998316,8907371107068
Retained Cloud-Managed Cloud Infrastructure Management - Quarterly Audit & Fix,SEC-02905,GST,18,19956.26,64802.0,11,Managed IT Services & AMC,998316,8904735946895
Supermicro Advanced SAN Storage Array - All-Flash SAN,SEC-02906,GST,18,1058049.16,1214245.0,16,Servers & Data Storage,8471,8906899773951
Retained Pro Cloud Infrastructure Management - Monthly AWS/Azure,SEC-02907,GST,18,3358.91,11626.0,46,Managed IT Services & AMC,998316,8903701409507
Cisco Next-Generation Firewall (NGFW) - Enterprise Tier,SEC-02908,GST,18,394763.16,477371.0,22,Hardware Firewalls & Networking,8517,8903230477259
In-House Comprehensive IT AMC - 11-50 PCs,SEC-02909,GST,18,40950.72,103067.0,48,Managed IT Services & AMC,998316,8903384162906
QNAP Secure Server Rack Cabinet - 24U Standard,SEC-02910,GST,18,33566.02,40594.0,14,Servers & Data Storage,8471,8900309805183
Symantec Pro Data Loss Prevention (DLP) License - Enterprise Site License,SEC-02911,GST,18,16869.59,21329.0,320,Endpoint Security & Software Licenses,8523,8900877934724
CrowdStrike Cloud-Managed Mobile Device Management (MDM) - Annual per Device,SEC-02912,GST,18,769.77,1047.0,301,Endpoint Security & Software Licenses,8523,8904309647429
HPE Pro SAN Storage Array - Hybrid Array,SEC-02913,GST,18,494191.24,582342.0,2,Servers & Data Storage,8471,8909295162890
Advisory Next-Gen ISO 27001 Compliance Audit - Full Implementation Support,SEC-02914,GST,18,174581.87,448054.0,33,Cybersecurity Consulting & Audits,998313,8907331258128
Managed Enterprise Cloud Infrastructure Management - Monthly AWS/Azure,SEC-02915,GST,18,2513.93,8035.0,44,Managed IT Services & AMC,998316,8907447652246
Advisory Standard Incident Response & Forensics - Per Incident Block Hours,SEC-02916,GST,18,53257.47,120733.0,35,Cybersecurity Consulting & Audits,998313,8905171352845
Trend Micro Secure Mobile Device Management (MDM) - Monthly per Device,SEC-02917,GST,18,160.22,193.0,462,Endpoint Security & Software Licenses,8523,8907458076648
Retained Pro Network Monitoring Service (NOC) - Monthly Basic,SEC-02918,GST,18,9487.54,22529.0,16,Managed IT Services & AMC,998316,8907607833594
Audit Secure Penetration Testing Service - White Box,SEC-02919,GST,18,23989.52,77706.0,39,Cybersecurity Consulting & Audits,998313,8908160353417
Retained Cloud-Managed Network Monitoring Service (NOC) - Monthly Advanced Proactive,SEC-02920,GST,18,2495.96,5973.0,11,Managed IT Services & AMC,998316,8909101473912
Consulting Next-Gen Penetration Testing Service - White Box,SEC-02921,GST,18,29318.89,83268.0,50,Cybersecurity Consulting & Audits,998313,8900127712771
Bitdefender Pro Email Security & Anti-Spam - Domain License,SEC-02922,GST,18,1379.22,1821.0,476,Endpoint Security & Software Licenses,8523,8909174479408
SonicWall Next-Gen Managed Gigabit Switch - 24-Port PoE,SEC-02923,GST,18,34176.27,38414.0,20,Hardware Firewalls & Networking,8517,8900641996584
Sophos Unified Network Load Balancer - Basic,SEC-02924,GST,18,63353.18,72748.0,15,Hardware Firewalls & Networking,8517,8905872802386
Bitdefender Premium Enterprise Antivirus Suite - 5-User 1-Year,SEC-02925,GST,18,1974.24,2588.0,236,Endpoint Security & Software Licenses,8523,8909801888003
Fortinet Unified Wireless Access Point (WAP) - WiFi 6 Indoor,SEC-02926,GST,18,16281.09,19243.0,14,Hardware Firewalls & Networking,8517,8908722030710
Audit Advanced Phishing Simulation & Training - Quarterly Campaign,SEC-02927,GST,18,7370.14,22563.0,34,Cybersecurity Consulting & Audits,998313,8906621541519
Audit Advanced Phishing Simulation & Training - Quarterly Campaign,SEC-02928,GST,18,11666.25,25679.0,47,Cybersecurity Consulting & Audits,998313,8902942863583
Kaspersky Cloud-Managed Enterprise Antivirus Suite - Server Edition,SEC-02929,GST,18,1367.24,1800.0,376,Endpoint Security & Software Licenses,8523,8908749559109
Supermicro Secure 2U Storage Server - Basic Array,SEC-02930,GST,18,124922.9,147243.0,13,Servers & Data Storage,8471,8907283463891
In-House Secure On-Site Support Engineer - Part-time/Month,SEC-02931,GST,18,7706.65,25936.0,36,Managed IT Services & AMC,998316,8905302961499
Juniper Standard Network Load Balancer - Advanced Traffic Management,SEC-02932,GST,18,102718.67,121716.0,22,Hardware Firewalls & Networking,8517,8902027989145
Kaspersky Next-Gen Endpoint Detection and Response (EDR) - 1-Year 5 Devices,SEC-02933,GST,18,2476.14,3446.0,292,Endpoint Security & Software Licenses,8523,8902845848749
CrowdStrike Advanced Endpoint Detection and Response (EDR) - 1-Year 50 Devices,SEC-02934,GST,18,8673.62,11367.0,449,Endpoint Security & Software Licenses,8523,8908658072008
Cisco Standard VPN Gateway Appliance - Standard,SEC-02935,GST,18,78506.08,92218.0,8,Hardware Firewalls & Networking,8517,8905752925556
Audit Cloud-Managed Incident Response & Forensics - Per Incident Block Hours,SEC-02936,GST,18,46899.2,145077.0,5,Cybersecurity Consulting & Audits,998313,8901581236242
Kaspersky Premium Data Loss Prevention (DLP) License - Per 10 Users,SEC-02937,GST,18,4890.23,6820.0,226,Endpoint Security & Software Licenses,8523,8901906724460
Advisory Advanced Phishing Simulation & Training - Annual Enterprise Program,SEC-02938,GST,18,27215.56,76176.0,36,Cybersecurity Consulting & Audits,998313,8904763083572
Consulting Standard Vulnerability Assessment (VAPT) - Mobile App,SEC-02939,GST,18,26533.78,79906.0,7,Cybersecurity Consulting & Audits,998313,8906347418042
SonicWall Pro Managed Gigabit Switch - 24-Port PoE,SEC-02940,GST,18,23226.43,28270.0,20,Hardware Firewalls & Networking,8517,8907573368287
Managed Secure Cloud Infrastructure Management - Quarterly Audit & Fix,SEC-02941,GST,18,19487.59,48676.0,31,Managed IT Services & AMC,998316,8908568506648
Retained Cloud-Managed Remote Helpdesk Support - Annual 24/7 SLA,SEC-02942,GST,18,4140.1,14324.0,35,Managed IT Services & AMC,998316,8901300025546
McAfee Enterprise Enterprise Antivirus Suite - 1-User 1-Year,SEC-02943,GST,18,1570.73,2045.0,119,Endpoint Security & Software Licenses,8523,8909484470414
CrowdStrike Cloud-Managed Data Loss Prevention (DLP) License - Enterprise Site License,SEC-02944,GST,18,15537.07,19253.0,70,Endpoint Security & Software Licenses,8523,8906951181961
QNAP SAN Storage Array - All-Flash SAN,SEC-02945,GST,18,1027927.94,1217660.0,7,Servers & Data Storage,8471,8902981332419
Advisory Standard Phishing Simulation & Training - Quarterly Campaign,SEC-02946,GST,18,8051.34,26498.0,50,Cybersecurity Consulting & Audits,998313,8906774360489
Juniper Network Load Balancer - Advanced Traffic Management,SEC-02947,GST,18,94461.03,105315.0,10,Hardware Firewalls & Networking,8517,8903694749347
Retained Next-Gen On-Site Support Engineer - Part-time/Month,SEC-02948,GST,18,10532.61,27242.0,10,Managed IT Services & AMC,998316,8908776458084
Dell EMC Secure Server Rack Cabinet - 42U Heavy Duty,SEC-02949,GST,18,27785.74,30845.0,24,Servers & Data Storage,8471,8907900531260
McAfee Premium Mobile Device Management (MDM) - Annual per Device,SEC-02950,GST,18,787.54,1044.0,459,Endpoint Security & Software Licenses,8523,8908459587695
Kaspersky Advanced Endpoint Detection and Response (EDR) - 1-Year 50 Devices,SEC-02951,GST,18,9308.81,11339.0,67,Endpoint Security & Software Licenses,8523,8907837318359
CrowdStrike Pro Enterprise Antivirus Suite - Server Edition,SEC-02952,GST,18,1691.93,2365.0,217,Endpoint Security & Software Licenses,8523,8909232580245
SentinelOne Standard Mobile Device Management (MDM) - Monthly per Device,SEC-02953,GST,18,203.04,284.0,465,Endpoint Security & Software Licenses,8523,8907435149286
HPE Premium SAN Storage Array - Hybrid Array,SEC-02954,GST,18,393261.51,438465.0,10,Servers & Data Storage,8471,8900281060763
McAfee Enterprise Enterprise Antivirus Suite - 1-User 1-Year,SEC-02955,GST,18,1899.35,2280.0,382,Endpoint Security & Software Licenses,8523,8906335641629
Consulting Advanced Phishing Simulation & Training - Quarterly Campaign,SEC-02956,GST,18,11267.73,24135.0,10,Cybersecurity Consulting & Audits,998313,8904351723685
Cisco Secure Wireless Access Point (WAP) - High-Density,SEC-02957,GST,18,14376.72,15925.0,6,Hardware Firewalls & Networking,8517,8903547224055
Dell EMC Standard SAN Storage Array - Entry Level,SEC-02958,GST,18,326373.94,389012.0,2,Servers & Data Storage,8471,8904589275234
Ubiquiti Secure VPN Gateway Appliance - Standard,SEC-02959,GST,18,70373.65,85800.0,23,Hardware Firewalls & Networking,8517,8903355563859
Audit Next-Gen Incident Response & Forensics - Retainer Setup,SEC-02960,GST,18,48227.02,111638.0,41,Cybersecurity Consulting & Audits,998313,8907486980055
Retained Next-Gen Remote Helpdesk Support - Monthly Retainer,SEC-02961,GST,18,819.25,2405.0,13,Managed IT Services & AMC,998316,8906609404475
Fortinet Premium VPN Gateway Appliance - High Availability,SEC-02962,GST,18,68356.97,82159.0,14,Hardware Firewalls & Networking,8517,8905589906586
Advisory Pro Penetration Testing Service - Black Box,SEC-02963,GST,18,35034.2,79616.0,21,Cybersecurity Consulting & Audits,998313,8903006319106
Advisory Pro Vulnerability Assessment (VAPT) - Mobile App,SEC-02964,GST,18,27254.19,64409.0,42,Cybersecurity Consulting & Audits,998313,8901142028612
HPE Cloud-Managed 2U Storage Server - Large Capacity HDD,SEC-02965,GST,18,230248.73,284916.0,5,Servers & Data Storage,8471,8904024542249
HPE Premium Network Attached Storage (NAS) - 4-Bay Desktop,SEC-02966,GST,18,32686.66,39345.0,24,Servers & Data Storage,8471,8900001327892
Consulting Pro Penetration Testing Service - White Box,SEC-02967,GST,18,29375.15,86981.0,36,Cybersecurity Consulting & Audits,998313,8909135329561
Managed Enterprise Remote Helpdesk Support - Annual 24/7 SLA,SEC-02968,GST,18,6144.52,18707.0,22,Managed IT Services & AMC,998316,8906764089779
Symantec Enterprise Mobile Device Management (MDM) - Monthly per Device,SEC-02969,GST,18,155.11,192.0,378,Endpoint Security & Software Licenses,8523,8907090633602
In-House Secure Comprehensive IT AMC - Server & Network Included,SEC-02970,GST,18,24828.56,80923.0,15,Managed IT Services & AMC,998316,8906173629245
Consulting Unified Incident Response & Forensics - Per Incident Block Hours,SEC-02971,GST,18,64493.05,147897.0,16,Cybersecurity Consulting & Audits,998313,8904382146292
HPE Pro 2U Storage Server - Large Capacity HDD,SEC-02972,GST,18,185909.69,224599.0,4,Servers & Data Storage,8471,8903852235906
Synology Enterprise 1U Rack Server - Enterprise 128GB,SEC-02973,GST,18,463600.41,566858.0,3,Servers & Data Storage,8471,8901441245229
Lenovo Unified Network Attached Storage (NAS) - 8-Bay Rackmount,SEC-02974,GST,18,43445.96,51195.0,22,Servers & Data Storage,8471,8909393504629
HPE Standard SAN Storage Array - All-Flash SAN,SEC-02975,GST,18,1080341.18,1220259.0,12,Servers & Data Storage,8471,8908338789591
Audit Premium ISO 27001 Compliance Audit - Readiness Assessment,SEC-02976,GST,18,52439.75,163448.0,26,Cybersecurity Consulting & Audits,998313,8908759508257
HPE Pro 2U Storage Server - Large Capacity HDD,SEC-02977,GST,18,172097.25,201751.0,19,Servers & Data Storage,8471,8906186948467
Bitdefender Data Loss Prevention (DLP) License - Per User,SEC-02978,GST,18,5510.32,7216.0,428,Endpoint Security & Software Licenses,8523,8905650869227
SonicWall Advanced Managed Gigabit Switch - 48-Port PoE,SEC-02979,GST,18,86242.46,99640.0,22,Hardware Firewalls & Networking,8517,8904110556241
Synology Cloud-Managed SAN Storage Array - All-Flash SAN,SEC-02980,GST,18,1326590.15,1560216.0,22,Servers & Data Storage,8471,8909405964703
Synology Enterprise Network Attached Storage (NAS) - 4-Bay Desktop,SEC-02981,GST,18,47838.65,54954.0,8,Servers & Data Storage,8471,8902065432614
Lenovo Pro 1U Rack Server - Enterprise 128GB,SEC-02982,GST,18,406024.74,467653.0,24,Servers & Data Storage,8471,8904310915683
Ubiquiti Standard Wireless Access Point (WAP) - WiFi 6 Indoor,SEC-02983,GST,18,18730.44,21127.0,13,Hardware Firewalls & Networking,8517,8902649747870
Managed Enterprise Cloud Infrastructure Management - Quarterly Audit & Fix,SEC-02984,GST,18,16823.22,44083.0,19,Managed IT Services & AMC,998316,8900707810101
Lenovo Premium Network Attached Storage (NAS) - 12-Bay Enterprise,SEC-02985,GST,18,93139.63,110920.0,11,Servers & Data Storage,8471,8902118749004
Kaspersky Premium Endpoint Detection and Response (EDR) - 1-Year 5 Devices,SEC-02986,GST,18,2054.9,2753.0,402,Endpoint Security & Software Licenses,8523,8901492049930
Managed Standard Comprehensive IT AMC - 11-50 PCs,SEC-02987,GST,18,33135.83,69204.0,7,Managed IT Services & AMC,998316,8904310550315
Consulting Premium Phishing Simulation & Training - Annual Enterprise Program,SEC-02988,GST,18,30692.56,62095.0,32,Cybersecurity Consulting & Audits,998313,8907514148351
Bitdefender Secure Endpoint Detection and Response (EDR) - 1-Year 50 Devices,SEC-02989,GST,18,7200.82,9677.0,284,Endpoint Security & Software Licenses,8523,8907021538611
CrowdStrike Cloud-Managed Endpoint Detection and Response (EDR) - 1-Year 5 Devices,SEC-02990,GST,18,1780.69,2395.0,483,Endpoint Security & Software Licenses,8523,8901435934106
SonicWall Premium VPN Gateway Appliance - High Availability,SEC-02991,GST,18,76304.84,94852.0,17,Hardware Firewalls & Networking,8517,8902553107371
HPE Advanced 1U Rack Server - Dual CPU 64GB,SEC-02992,GST,18,156567.46,172972.0,22,Servers & Data Storage,8471,8904524088609
Retained Secure On-Site Support Engineer - Part-time/Month,SEC-02993,GST,18,13617.56,31938.0,20,Managed IT Services & AMC,998316,8906010999319
Juniper Premium Wireless Access Point (WAP) - WiFi 6 Indoor,SEC-02994,GST,18,18211.36,21702.0,18,Hardware Firewalls & Networking,8517,8901297192288
Managed Comprehensive IT AMC - 11-50 PCs,SEC-02995,GST,18,41311.47,98542.0,14,Managed IT Services & AMC,998316,8905434502664
Synology Cloud-Managed 2U Storage Server - Large Capacity HDD,SEC-02996,GST,18,226497.1,278169.0,15,Servers & Data Storage,8471,8904811051292
In-House Premium Network Monitoring Service (NOC) - Monthly Basic,SEC-02997,GST,18,8954.52,24527.0,36,Managed IT Services & AMC,998316,8909836778107
Ubiquiti Premium Managed Gigabit Switch - 48-Port PoE,SEC-02998,GST,18,75496.95,92020.0,22,Hardware Firewalls & Networking,8517,8905133157920
Audit Cloud-Managed Penetration Testing Service - White Box,SEC-02999,GST,18,24716.9,75775.0,46,Cybersecurity Consulting & Audits,998313,8902017295126
In-House On-Site Support Engineer - Full-time Dedicated/Month,SEC-03000,GST,18,21022.08,45524.0,10,Managed IT Services & AMC,998316,8900840390927
Managed Premium Remote Helpdesk Support - Quarterly SLA,SEC-03001,GST,18,6781.46,17809.0,18,Managed IT Services & AMC,998316,8903995066676
Juniper Premium Wireless Access Point (WAP) - WiFi 6 Outdoor,SEC-03002,GST,18,17332.8,19135.0,3,Hardware Firewalls & Networking,8517,8905090830692
CrowdStrike Secure Email Security & Anti-Spam - Per Mailbox / Year,SEC-03003,GST,18,1391.57,1938.0,270,Endpoint Security & Software Licenses,8523,8904419941243
In-House Secure Cloud Infrastructure Management - Monthly AWS/Azure,SEC-03004,GST,18,3552.29,8064.0,45,Managed IT Services & AMC,998316,8909907619181
Kaspersky Cloud-Managed Email Security & Anti-Spam - Per Mailbox / Year,SEC-03005,GST,18,1253.29,1570.0,57,Endpoint Security & Software Licenses,8523,8903217749117
Managed Premium Network Monitoring Service (NOC) - Monthly Advanced Proactive,SEC-03006,GST,18,2572.64,8992.0,7,Managed IT Services & AMC,998316,8904375315752
QNAP Next-Gen Network Attached Storage (NAS) - 4-Bay Desktop,SEC-03007,GST,18,35118.7,41575.0,3,Servers & Data Storage,8471,8903903674867
Bitdefender Pro Mobile Device Management (MDM) - Annual per Device,SEC-03008,GST,18,1124.9,1423.0,88,Endpoint Security & Software Licenses,8523,8905347439270
Audit Unified Penetration Testing Service - Black Box,SEC-03009,GST,18,30712.86,96556.0,50,Cybersecurity Consulting & Audits,998313,8900378101032
Ubiquiti Enterprise Managed Gigabit Switch - 24-Port PoE,SEC-03010,GST,18,35899.5,43866.0,14,Hardware Firewalls & Networking,8517,8900990975788
CrowdStrike Standard Mobile Device Management (MDM) - Annual per Device,SEC-03011,GST,18,998.66,1298.0,252,Endpoint Security & Software Licenses,8523,8904449043946
Palo Alto Advanced Managed Gigabit Switch - 24-Port PoE,SEC-03012,GST,18,37592.05,45241.0,16,Hardware Firewalls & Networking,8517,8902610540260
QNAP Secure Network Attached Storage (NAS) - 8-Bay Rackmount,SEC-03013,GST,18,43969.53,52223.0,4,Servers & Data Storage,8471,8908956886499
HPE Enterprise Server Rack Cabinet - 42U Heavy Duty,SEC-03014,GST,18,27742.06,34165.0,4,Servers & Data Storage,8471,8908023848761
McAfee Pro Data Loss Prevention (DLP) License - Per User,SEC-03015,GST,18,7125.92,9646.0,168,Endpoint Security & Software Licenses,8523,8906090857537
Advisory Pro Phishing Simulation & Training - Annual Enterprise Program,SEC-03016,GST,18,17335.24,53271.0,46,Cybersecurity Consulting & Audits,998313,8904290024927
Advisory Enterprise Penetration Testing Service - Black Box,SEC-03017,GST,18,26264.82,89977.0,10,Cybersecurity Consulting & Audits,998313,8905121676089
In-House Cloud-Managed Comprehensive IT AMC - 1-10 PCs,SEC-03018,GST,18,38555.41,101817.0,25,Managed IT Services & AMC,998316,8908978242565
Audit Next-Gen Incident Response & Forensics - Retainer Setup,SEC-03019,GST,18,61064.95,145079.0,45,Cybersecurity Consulting & Audits,998313,8900445039863
Audit Cloud-Managed ISO 27001 Compliance Audit - Full Implementation Support,SEC-03020,GST,18,203049.13,413001.0,12,Cybersecurity Consulting & Audits,998313,8904498602965
HPE Pro Server Rack Cabinet - Co-location Rack,SEC-03021,GST,18,37467.78,43151.0,8,Servers & Data Storage,8471,8900707919048
Retained Standard Cloud Infrastructure Management - Monthly AWS/Azure,SEC-03022,GST,18,3531.74,9795.0,45,Managed IT Services & AMC,998316,8903345129829
McAfee Next-Gen Data Loss Prevention (DLP) License - Per User,SEC-03023,GST,18,5669.93,7687.0,336,Endpoint Security & Software Licenses,8523,8908147425074
QNAP Pro 2U Storage Server - Basic Array,SEC-03024,GST,18,134496.75,164612.0,3,Servers & Data Storage,8471,8900786775500
Symantec Cloud-Managed Data Loss Prevention (DLP) License - Per 10 Users,SEC-03025,GST,18,7388.41,9830.0,250,Endpoint Security & Software Licenses,8523,8907336142474
Cisco Pro Next-Generation Firewall (NGFW) - Mid-Range,SEC-03026,GST,18,114377.9,131237.0,15,Hardware Firewalls & Networking,8517,8901482436485
Palo Alto Unified Network Load Balancer - Basic,SEC-03027,GST,18,67775.75,82123.0,17,Hardware Firewalls & Networking,8517,8903061460174
Ubiquiti Premium VPN Gateway Appliance - High Availability,SEC-03028,GST,18,95734.16,106172.0,25,Hardware Firewalls & Networking,8517,8909256835962
Retained Next-Gen Remote Helpdesk Support - Annual 24/7 SLA,SEC-03029,GST,18,5722.99,15554.0,26,Managed IT Services & AMC,998316,8904023471451
Synology Premium Network Attached Storage (NAS) - 12-Bay Enterprise,SEC-03030,GST,18,113455.72,133850.0,7,Servers & Data Storage,8471,8906565293675
In-House Enterprise Cloud Infrastructure Management - Quarterly Audit & Fix,SEC-03031,GST,18,14989.14,48526.0,5,Managed IT Services & AMC,998316,8903498939759
McAfee Enterprise Enterprise Antivirus Suite - 5-User 1-Year,SEC-03032,GST,18,1805.65,2228.0,401,Endpoint Security & Software Licenses,8523,8900947054476
Kaspersky Premium Enterprise Antivirus Suite - Server Edition,SEC-03033,GST,18,1270.92,1668.0,385,Endpoint Security & Software Licenses,8523,8907692704388
Trend Micro Unified Enterprise Antivirus Suite - Server Edition,SEC-03034,GST,18,1209.28,1663.0,443,Endpoint Security & Software Licenses,8523,8908344302997
QNAP Enterprise Network Attached Storage (NAS) - 8-Bay Rackmount,SEC-03035,GST,18,49390.56,55639.0,10,Servers & Data Storage,8471,8900294804688
Retained Next-Gen On-Site Support Engineer - Part-time/Month,SEC-03036,GST,18,12001.45,31214.0,21,Managed IT Services & AMC,998316,8902724771157
Advisory Next-Gen Penetration Testing Service - White Box,SEC-03037,GST,18,22744.76,75828.0,12,Cybersecurity Consulting & Audits,998313,8906217367138
In-House Premium Comprehensive IT AMC - 11-50 PCs,SEC-03038,GST,18,26482.43,91948.0,9,Managed IT Services & AMC,998316,8909166616246
Consulting Unified Incident Response & Forensics - Per Incident Block Hours,SEC-03039,GST,18,57450.59,148793.0,9,Cybersecurity Consulting & Audits,998313,8908224792247
Retained Unified On-Site Support Engineer - Full-time Dedicated/Month,SEC-03040,GST,18,12194.35,36954.0,11,Managed IT Services & AMC,998316,8906714895792
Bitdefender Advanced Email Security & Anti-Spam - Domain License,SEC-03041,GST,18,1064.06,1344.0,127,Endpoint Security & Software Licenses,8523,8909800934137
Lenovo Advanced Network Attached Storage (NAS) - 8-Bay Rackmount,SEC-03042,GST,18,49841.7,58402.0,5,Servers & Data Storage,8471,8901558221819
CrowdStrike Mobile Device Management (MDM) - Monthly per Device,SEC-03043,GST,18,238.72,308.0,63,Endpoint Security & Software Licenses,8523,8906776931316
McAfee Pro Enterprise Antivirus Suite - Server Edition,SEC-03044,GST,18,1301.22,1793.0,132,Endpoint Security & Software Licenses,8523,8905503533210
Sophos Cloud-Managed Wireless Access Point (WAP) - WiFi 6 Outdoor,SEC-03045,GST,18,15188.54,18460.0,21,Hardware Firewalls & Networking,8517,8901499959770
Dell EMC Secure SAN Storage Array - Entry Level,SEC-03046,GST,18,253850.85,304289.0,6,Servers & Data Storage,8471,8905832014354
Bitdefender Unified Enterprise Antivirus Suite - 5-User 1-Year,SEC-03047,GST,18,1700.53,2216.0,461,Endpoint Security & Software Licenses,8523,8903686364449
Audit Cloud-Managed Vulnerability Assessment (VAPT) - Mobile App,SEC-03048,GST,18,35902.96,82253.0,13,Cybersecurity Consulting & Audits,998313,8906739206042
Advisory Penetration Testing Service - Grey Box,SEC-03049,GST,18,35370.63,110870.0,10,Cybersecurity Consulting & Audits,998313,8909247435069
Retained Remote Helpdesk Support - Monthly Retainer,SEC-03050,GST,18,1414.8,3269.0,35,Managed IT Services & AMC,998316,8902112038299
Audit Standard Incident Response & Forensics - Retainer Setup,SEC-03051,GST,18,58958.47,118145.0,47,Cybersecurity Consulting & Audits,998313,8905954761680
Retained Premium Comprehensive IT AMC - 1-10 PCs,SEC-03052,GST,18,22146.53,76414.0,6,Managed IT Services & AMC,998316,8900546801314
HPE Secure SAN Storage Array - Entry Level,SEC-03053,GST,18,278058.05,314040.0,5,Servers & Data Storage,8471,8901154959929
Juniper VPN Gateway Appliance - Standard,SEC-03054,GST,18,67354.39,84104.0,21,Hardware Firewalls & Networking,8517,8900913641765
Audit Vulnerability Assessment (VAPT) - Network Infrastructure,SEC-03055,GST,18,20948.81,61835.0,30,Cybersecurity Consulting & Audits,998313,8900901680115
Supermicro SAN Storage Array - Entry Level,SEC-03056,GST,18,263138.87,297750.0,11,Servers & Data Storage,8471,8905349732009
In-House Pro Comprehensive IT AMC - 11-50 PCs,SEC-03057,GST,18,24138.36,77391.0,6,Managed IT Services & AMC,998316,8905325624888
Audit Premium ISO 27001 Compliance Audit - Full Implementation Support,SEC-03058,GST,18,144812.43,349637.0,49,Cybersecurity Consulting & Audits,998313,8905551693240
SentinelOne Standard Mobile Device Management (MDM) - Annual per Device,SEC-03059,GST,18,759.01,1008.0,154,Endpoint Security & Software Licenses,8523,8905391038916
Managed Cloud Infrastructure Management - Monthly AWS/Azure,SEC-03060,GST,18,3549.23,12337.0,14,Managed IT Services & AMC,998316,8901858680439
Symantec Premium Email Security & Anti-Spam - Per Mailbox / Year,SEC-03061,GST,18,1494.3,1947.0,388,Endpoint Security & Software Licenses,8523,8908925857839
Audit Premium Penetration Testing Service - White Box,SEC-03062,GST,18,30158.4,81646.0,10,Cybersecurity Consulting & Audits,998313,8902058869485
Supermicro Enterprise 1U Rack Server - Dual CPU 64GB,SEC-03063,GST,18,153646.57,190845.0,4,Servers & Data Storage,8471,8903409514050
Ubiquiti Cloud-Managed Next-Generation Firewall (NGFW) - Entry Level,SEC-03064,GST,18,61189.51,75373.0,2,Hardware Firewalls & Networking,8517,8900485412348
Fortinet Secure Network Load Balancer - Advanced Traffic Management,SEC-03065,GST,18,92186.91,105925.0,9,Hardware Firewalls & Networking,8517,8909625561441
Supermicro Unified Server Rack Cabinet - Co-location Rack,SEC-03066,GST,18,23507.49,29072.0,3,Servers & Data Storage,8471,8909321529417
In-House Enterprise Comprehensive IT AMC - 1-10 PCs,SEC-03067,GST,18,35982.22,84604.0,21,Managed IT Services & AMC,998316,8900965261216
Retained Next-Gen On-Site Support Engineer - Full-time Dedicated/Month,SEC-03068,GST,18,12436.31,37981.0,45,Managed IT Services & AMC,998316,8900011233016
Retained Secure Cloud Infrastructure Management - Quarterly Audit & Fix,SEC-03069,GST,18,21522.11,55641.0,34,Managed IT Services & AMC,998316,8903238368414
Lenovo Advanced Network Attached Storage (NAS) - 8-Bay Rackmount,SEC-03070,GST,18,33970.18,39942.0,25,Servers & Data Storage,8471,8907490538905
Advisory Enterprise Vulnerability Assessment (VAPT) - Mobile App,SEC-03071,GST,18,19333.7,57259.0,32,Cybersecurity Consulting & Audits,998313,8908362577210
Advisory Enterprise Penetration Testing Service - White Box,SEC-03072,GST,18,52625.89,114907.0,8,Cybersecurity Consulting & Audits,998313,8905915798155
CrowdStrike Email Security & Anti-Spam - Domain License,SEC-03073,GST,18,1052.38,1468.0,238,Endpoint Security & Software Licenses,8523,8902964352217
HPE Advanced Server Rack Cabinet - 42U Heavy Duty,SEC-03074,GST,18,27682.8,32629.0,22,Servers & Data Storage,8471,8902980202917
Synology Pro Network Attached Storage (NAS) - 4-Bay Desktop,SEC-03075,GST,18,46510.14,52177.0,11,Servers & Data Storage,8471,8905781314562
Symantec Premium Endpoint Detection and Response (EDR) - 1-Year 5 Devices,SEC-03076,GST,18,2669.32,3353.0,83,Endpoint Security & Software Licenses,8523,8903001131464
Symantec Pro Endpoint Detection and Response (EDR) - 1-Year 10 Devices,SEC-03077,GST,18,3585.91,4646.0,397,Endpoint Security & Software Licenses,8523,8900559227702
In-House Cloud-Managed Network Monitoring Service (NOC) - Monthly Advanced Proactive,SEC-03078,GST,18,2614.46,7780.0,44,Managed IT Services & AMC,998316,8909872569641
Sophos Unified Wireless Access Point (WAP) - WiFi 6 Indoor,SEC-03079,GST,18,16929.42,20619.0,21,Hardware Firewalls & Networking,8517,8909672763396
Audit Standard Vulnerability Assessment (VAPT) - Network Infrastructure,SEC-03080,GST,18,27907.26,81599.0,23,Cybersecurity Consulting & Audits,998313,8907505220112
In-House Advanced Network Monitoring Service (NOC) - Monthly Basic,SEC-03081,GST,18,10508.97,26840.0,41,Managed IT Services & AMC,998316,8903323814331
In-House Cloud Infrastructure Management - Quarterly Audit & Fix,SEC-03082,GST,18,22896.73,61993.0,48,Managed IT Services & AMC,998316,8904697071198
Advisory Standard Vulnerability Assessment (VAPT) - Web Application,SEC-03083,GST,18,22722.91,64027.0,34,Cybersecurity Consulting & Audits,998313,8902390371558
In-House Enterprise Remote Helpdesk Support - Quarterly SLA,SEC-03084,GST,18,4981.94,12977.0,16,Managed IT Services & AMC,998316,8904588469371
Bitdefender Secure Email Security & Anti-Spam - Domain License,SEC-03085,GST,18,1417.36,1848.0,61,Endpoint Security & Software Licenses,8523,8905711784440
Sophos Next-Gen VPN Gateway Appliance - High Availability,SEC-03086,GST,18,83164.09,93601.0,11,Hardware Firewalls & Networking,8517,8903793666044
Advisory Standard Phishing Simulation & Training - Quarterly Campaign,SEC-03087,GST,18,12645.03,26732.0,9,Cybersecurity Consulting & Audits,998313,8908277347749
Managed Secure On-Site Support Engineer - Full-time Dedicated/Month,SEC-03088,GST,18,19210.02,51756.0,20,Managed IT Services & AMC,998316,8903188156754
Juniper Enterprise Managed Gigabit Switch - 48-Port PoE,SEC-03089,GST,18,79167.64,97469.0,13,Hardware Firewalls & Networking,8517,8905797079077
Juniper Secure Wireless Access Point (WAP) - High-Density,SEC-03090,GST,18,15409.55,17437.0,2,Hardware Firewalls & Networking,8517,8901731412725
Audit Advanced Vulnerability Assessment (VAPT) - Mobile App,SEC-03091,GST,18,24962.8,70678.0,29,Cybersecurity Consulting & Audits,998313,8907240555251
Managed Cloud-Managed Network Monitoring Service (NOC) - Monthly Advanced Proactive,SEC-03092,GST,18,1986.32,6723.0,30,Managed IT Services & AMC,998316,8904243742822
Sophos Enterprise Managed Gigabit Switch - 24-Port PoE,SEC-03093,GST,18,25177.2,29275.0,20,Hardware Firewalls & Networking,8517,8906072652014
Advisory Phishing Simulation & Training - Quarterly Campaign,SEC-03094,GST,18,7338.23,25140.0,33,Cybersecurity Consulting & Audits,998313,8902500932195
Retained Advanced On-Site Support Engineer - Part-time/Month,SEC-03095,GST,18,7228.51,22399.0,32,Managed IT Services & AMC,998316,8905069615884
Trend Micro Pro Data Loss Prevention (DLP) License - Per User,SEC-03096,GST,18,6448.72,8487.0,185,Endpoint Security & Software Licenses,8523,8901100208967
Retained Premium Comprehensive IT AMC - 11-50 PCs,SEC-03097,GST,18,38926.86,101906.0,20,Managed IT Services & AMC,998316,8902151751967
Audit Premium Incident Response & Forensics - Per Incident Block Hours,SEC-03098,GST,18,43936.49,116239.0,19,Cybersecurity Consulting & Audits,998313,8901434220704
Dell EMC Unified 1U Rack Server - Dual CPU 64GB,SEC-03099,GST,18,141910.31,159154.0,16,Servers & Data Storage,8471,8904995893674
QNAP Standard SAN Storage Array - Entry Level,SEC-03100,GST,18,270043.87,312922.0,24,Servers & Data Storage,8471,8907873880111
Dell EMC Network Attached Storage (NAS) - 4-Bay Desktop,SEC-03101,GST,18,34816.69,39384.0,9,Servers & Data Storage,8471,8905223775044
Audit Advanced Phishing Simulation & Training - Quarterly Campaign,SEC-03102,GST,18,8246.3,23299.0,44,Cybersecurity Consulting & Audits,998313,8906846041261
Retained Enterprise Network Monitoring Service (NOC) - Monthly Advanced Proactive,SEC-03103,GST,18,2103.31,6054.0,17,Managed IT Services & AMC,998316,8909970214616
Consulting Unified Vulnerability Assessment (VAPT) - Network Infrastructure,SEC-03104,GST,18,34966.73,73755.0,14,Cybersecurity Consulting & Audits,998313,8909654419043
Managed Comprehensive IT AMC - 1-10 PCs,SEC-03105,GST,18,33639.27,90409.0,7,Managed IT Services & AMC,998316,8905035623724
Retained Cloud-Managed Network Monitoring Service (NOC) - Monthly Advanced Proactive,SEC-03106,GST,18,2007.88,5634.0,27,Managed IT Services & AMC,998316,8901199065632
Supermicro SAN Storage Array - All-Flash SAN,SEC-03107,GST,18,934886.31,1044552.0,17,Servers & Data Storage,8471,8908512592729
Palo Alto Advanced Network Load Balancer - Advanced Traffic Management,SEC-03108,GST,18,126620.75,141766.0,21,Hardware Firewalls & Networking,8517,8902538418757
In-House Secure Cloud Infrastructure Management - Quarterly Audit & Fix,SEC-03109,GST,18,25411.84,56991.0,47,Managed IT Services & AMC,998316,8904588366079
Audit Enterprise Penetration Testing Service - Grey Box,SEC-03110,GST,18,32215.04,74144.0,17,Cybersecurity Consulting & Audits,998313,8907836159266
Advisory Next-Gen Phishing Simulation & Training - Quarterly Campaign,SEC-03111,GST,18,11685.18,31807.0,28,Cybersecurity Consulting & Audits,998313,8906530002275
Ubiquiti Cloud-Managed Managed Gigabit Switch - 10G Uplink,SEC-03112,GST,18,35862.04,39533.0,17,Hardware Firewalls & Networking,8517,8900928033714
Supermicro Unified 1U Rack Server - Intel Xeon 16GB,SEC-03113,GST,18,138919.28,169982.0,17,Servers & Data Storage,8471,8909392268949
McAfee Cloud-Managed Enterprise Antivirus Suite - 5-User 1-Year,SEC-03114,GST,18,1910.72,2341.0,176,Endpoint Security & Software Licenses,8523,8903698324072
Audit Incident Response & Forensics - Per Incident Block Hours,SEC-03115,GST,18,42818.63,126141.0,47,Cybersecurity Consulting & Audits,998313,8906180980988
Cisco Pro Next-Generation Firewall (NGFW) - Enterprise Tier,SEC-03116,GST,18,284106.48,343336.0,16,Hardware Firewalls & Networking,8517,8902445227594
Synology Advanced SAN Storage Array - Entry Level,SEC-03117,GST,18,284615.55,343426.0,17,Servers & Data Storage,8471,8902221553250
Palo Alto Advanced Network Load Balancer - Basic,SEC-03118,GST,18,63100.46,78001.0,10,Hardware Firewalls & Networking,8517,8905116516086
Lenovo Standard Server Rack Cabinet - 42U Heavy Duty,SEC-03119,GST,18,26898.67,31933.0,15,Servers & Data Storage,8471,8900575296647
SonicWall Standard Next-Generation Firewall (NGFW) - Enterprise Tier,SEC-03120,GST,18,275247.8,339787.0,23,Hardware Firewalls & Networking,8517,8900723919184
Managed Cloud-Managed Network Monitoring Service (NOC) - Monthly Basic,SEC-03121,GST,18,10057.21,26641.0,49,Managed IT Services & AMC,998316,8908516765599
Audit Cloud-Managed Incident Response & Forensics - Per Incident Block Hours,SEC-03122,GST,18,50256.82,131118.0,16,Cybersecurity Consulting & Audits,998313,8902364499514
Synology Enterprise 1U Rack Server - Enterprise 128GB,SEC-03123,GST,18,336401.51,404348.0,6,Servers & Data Storage,8471,8904916263177
Managed Advanced Network Monitoring Service (NOC) - Monthly Basic,SEC-03124,GST,18,5575.08,18324.0,48,Managed IT Services & AMC,998316,8904219738190
Lenovo Standard SAN Storage Array - Entry Level,SEC-03125,GST,18,276247.73,308055.0,23,Servers & Data Storage,8471,8902958385083
HPE Premium SAN Storage Array - Entry Level,SEC-03126,GST,18,251759.68,284763.0,12,Servers & Data Storage,8471,8901356343171
Consulting Pro Vulnerability Assessment (VAPT) - Network Infrastructure,SEC-03127,GST,18,35849.48,82217.0,27,Cybersecurity Consulting & Audits,998313,8904715433825
CrowdStrike Next-Gen Mobile Device Management (MDM) - Annual per Device,SEC-03128,GST,18,1060.95,1303.0,395,Endpoint Security & Software Licenses,8523,8902068299458
Sophos Secure Network Load Balancer - Advanced Traffic Management,SEC-03129,GST,18,102945.35,123652.0,15,Hardware Firewalls & Networking,8517,8909198162549
Audit Secure Vulnerability Assessment (VAPT) - Network Infrastructure,SEC-03130,GST,18,22869.48,60086.0,11,Cybersecurity Consulting & Audits,998313,8903386136746
Palo Alto Premium Next-Generation Firewall (NGFW) - Mid-Range,SEC-03131,GST,18,126659.21,143904.0,16,Hardware Firewalls & Networking,8517,8900736712747
Palo Alto Pro Network Load Balancer - Advanced Traffic Management,SEC-03132,GST,18,128117.81,144275.0,16,Hardware Firewalls & Networking,8517,8908940697296
In-House Standard Comprehensive IT AMC - 11-50 PCs,SEC-03133,GST,18,38226.61,86184.0,17,Managed IT Services & AMC,998316,8901916787586
Bitdefender Standard Data Loss Prevention (DLP) License - Per User,SEC-03134,GST,18,7635.31,9382.0,236,Endpoint Security & Software Licenses,8523,8905317550461
In-House Next-Gen Network Monitoring Service (NOC) - Monthly Basic,SEC-03135,GST,18,7656.84,25680.0,22,Managed IT Services & AMC,998316,8900397267545
Managed On-Site Support Engineer - Part-time/Month,SEC-03136,GST,18,10713.46,25573.0,27,Managed IT Services & AMC,998316,8900956360385
Symantec Pro Email Security & Anti-Spam - Per Mailbox / Year,SEC-03137,GST,18,1036.21,1287.0,366,Endpoint Security & Software Licenses,8523,8909678343585
Consulting Unified Vulnerability Assessment (VAPT) - Mobile App,SEC-03138,GST,18,29885.09,80666.0,20,Cybersecurity Consulting & Audits,998313,8908586922543
Retained Cloud-Managed Cloud Infrastructure Management - Monthly AWS/Azure,SEC-03139,GST,18,3640.67,10026.0,11,Managed IT Services & AMC,998316,8901716535955
QNAP Premium Network Attached Storage (NAS) - 8-Bay Rackmount,SEC-03140,GST,18,38441.87,45562.0,21,Servers & Data Storage,8471,8905829486309
Consulting Next-Gen Phishing Simulation & Training - Quarterly Campaign,SEC-03141,GST,18,7945.83,24169.0,22,Cybersecurity Consulting & Audits,998313,8901793943149
Cisco Secure Managed Gigabit Switch - 24-Port PoE,SEC-03142,GST,18,26828.73,32418.0,3,Hardware Firewalls & Networking,8517,8909676242857
CrowdStrike Secure Data Loss Prevention (DLP) License - Per User,SEC-03143,GST,18,5603.67,7475.0,298,Endpoint Security & Software Licenses,8523,8907035476630
Retained Secure Cloud Infrastructure Management - Quarterly Audit & Fix,SEC-03144,GST,18,14129.07,41923.0,42,Managed IT Services & AMC,998316,8900651940723
SentinelOne Secure Mobile Device Management (MDM) - Monthly per Device,SEC-03145,GST,18,222.42,279.0,414,Endpoint Security & Software Licenses,8523,8901708292209
Lenovo Pro 1U Rack Server - Enterprise 128GB,SEC-03146,GST,18,453449.62,499092.0,20,Servers & Data Storage,8471,8905011474729
Audit Secure ISO 27001 Compliance Audit - Full Implementation Support,SEC-03147,GST,18,118913.8,323728.0,17,Cybersecurity Consulting & Audits,998313,8909049757456
Advisory Cloud-Managed ISO 27001 Compliance Audit - Readiness Assessment,SEC-03148,GST,18,59320.27,137392.0,20,Cybersecurity Consulting & Audits,998313,8908846519034
Audit Advanced Vulnerability Assessment (VAPT) - Mobile App,SEC-03149,GST,18,26624.52,61574.0,12,Cybersecurity Consulting & Audits,998313,8906064490359
Lenovo Unified 1U Rack Server - Dual CPU 64GB,SEC-03150,GST,18,176359.52,210536.0,8,Servers & Data Storage,8471,8903430718218
Dell EMC Premium SAN Storage Array - Hybrid Array,SEC-03151,GST,18,517716.39,621142.0,20,Servers & Data Storage,8471,8902318678110
Audit Next-Gen Penetration Testing Service - Black Box,SEC-03152,GST,18,29141.53,97070.0,41,Cybersecurity Consulting & Audits,998313,8907025795356
McAfee Endpoint Detection and Response (EDR) - 1-Year 5 Devices,SEC-03153,GST,18,2459.91,3045.0,199,Endpoint Security & Software Licenses,8523,8907286399624
SonicWall Next-Gen Managed Gigabit Switch - 24-Port PoE,SEC-03154,GST,18,32358.47,40292.0,6,Hardware Firewalls & Networking,8517,8900317591450
Audit Pro Incident Response & Forensics - Retainer Setup,SEC-03155,GST,18,52329.33,133326.0,35,Cybersecurity Consulting & Audits,998313,8902869395391
Palo Alto Pro VPN Gateway Appliance - Standard,SEC-03156,GST,18,65414.22,77055.0,16,Hardware Firewalls & Networking,8517,8906534802496
Retained Pro On-Site Support Engineer - Part-time/Month,SEC-03157,GST,18,13603.64,34598.0,27,Managed IT Services & AMC,998316,8905201015444
Advisory Premium Phishing Simulation & Training - Quarterly Campaign,SEC-03158,GST,18,12267.11,25582.0,11,Cybersecurity Consulting & Audits,998313,8908703221775
Consulting Secure Vulnerability Assessment (VAPT) - Web Application,SEC-03159,GST,18,24746.02,77265.0,45,Cybersecurity Consulting & Audits,998313,8909839103204
SonicWall Unified Next-Generation Firewall (NGFW) - Entry Level,SEC-03160,GST,18,64157.61,77906.0,3,Hardware Firewalls & Networking,8517,8902972957551
Synology Premium 2U Storage Server - High IOPS NVMe,SEC-03161,GST,18,238866.91,280449.0,21,Servers & Data Storage,8471,8906330225176
Managed Standard On-Site Support Engineer - Part-time/Month,SEC-03162,GST,18,12376.12,33832.0,31,Managed IT Services & AMC,998316,8902133459582
Advisory Cloud-Managed Phishing Simulation & Training - Annual Enterprise Program,SEC-03163,GST,18,19159.05,54988.0,15,Cybersecurity Consulting & Audits,998313,8909590994414
Managed Cloud-Managed Remote Helpdesk Support - Quarterly SLA,SEC-03164,GST,18,5855.54,18345.0,40,Managed IT Services & AMC,998316,8902564858647
Managed Secure On-Site Support Engineer - Full-time Dedicated/Month,SEC-03165,GST,18,18772.14,51232.0,5,Managed IT Services & AMC,998316,8905186506799
Managed Standard Network Monitoring Service (NOC) - Monthly Basic,SEC-03166,GST,18,6998.58,20728.0,25,Managed IT Services & AMC,998316,8909256870426
Bitdefender Email Security & Anti-Spam - Domain License,SEC-03167,GST,18,1071.83,1468.0,329,Endpoint Security & Software Licenses,8523,8900466063828
CrowdStrike Cloud-Managed Data Loss Prevention (DLP) License - Per User,SEC-03168,GST,18,5726.5,7404.0,50,Endpoint Security & Software Licenses,8523,8902092252123
Audit Enterprise Penetration Testing Service - Grey Box,SEC-03169,GST,18,25987.85,83945.0,13,Cybersecurity Consulting & Audits,998313,8907635148749
Retained Standard Comprehensive IT AMC - 11-50 PCs,SEC-03170,GST,18,23915.95,69262.0,26,Managed IT Services & AMC,998316,8904589385335
Consulting Cloud-Managed ISO 27001 Compliance Audit - Readiness Assessment,SEC-03171,GST,18,70377.3,164279.0,27,Cybersecurity Consulting & Audits,998313,8909522875120
Consulting Next-Gen Vulnerability Assessment (VAPT) - Web Application,SEC-03172,GST,18,18299.92,54919.0,41,Cybersecurity Consulting & Audits,998313,8907311149633
In-House Premium On-Site Support Engineer - Part-time/Month,SEC-03173,GST,18,12894.73,25846.0,48,Managed IT Services & AMC,998316,8905961974005
Advisory Enterprise ISO 27001 Compliance Audit - Readiness Assessment,SEC-03174,GST,18,53992.32,188331.0,27,Cybersecurity Consulting & Audits,998313,8909421042084
Ubiquiti Cloud-Managed Managed Gigabit Switch - 10G Uplink,SEC-03175,GST,18,28349.08,33609.0,16,Hardware Firewalls & Networking,8517,8908725505415
Ubiquiti Pro Next-Generation Firewall (NGFW) - Enterprise Tier,SEC-03176,GST,18,314939.86,385876.0,16,Hardware Firewalls & Networking,8517,8900796061694
Sophos Advanced Wireless Access Point (WAP) - WiFi 6 Indoor,SEC-03177,GST,18,19092.79,21754.0,19,Hardware Firewalls & Networking,8517,8903695595827
Retained Cloud-Managed Comprehensive IT AMC - Server & Network Included,SEC-03178,GST,18,26705.23,87321.0,13,Managed IT Services & AMC,998316,8906915694906
Juniper Unified Network Load Balancer - Basic,SEC-03179,GST,18,66088.47,72890.0,7,Hardware Firewalls & Networking,8517,8903512094596
Audit Pro ISO 27001 Compliance Audit - Full Implementation Support,SEC-03180,GST,18,148889.58,431981.0,17,Cybersecurity Consulting & Audits,998313,8908563375984
Consulting Next-Gen Vulnerability Assessment (VAPT) - Web Application,SEC-03181,GST,18,22753.39,75903.0,38,Cybersecurity Consulting & Audits,998313,8907018811133
Retained Pro Network Monitoring Service (NOC) - Monthly Basic,SEC-03182,GST,18,7887.29,18921.0,15,Managed IT Services & AMC,998316,8904170712787
Advisory Next-Gen Penetration Testing Service - Black Box,SEC-03183,GST,18,29147.11,93839.0,46,Cybersecurity Consulting & Audits,998313,8900813220822
Cisco Enterprise Wireless Access Point (WAP) - High-Density,SEC-03184,GST,18,16836.36,20329.0,12,Hardware Firewalls & Networking,8517,8901978816495
In-House Advanced Comprehensive IT AMC - 11-50 PCs,SEC-03185,GST,18,36138.06,90745.0,44,Managed IT Services & AMC,998316,8909002842241
In-House Pro Comprehensive IT AMC - Server & Network Included,SEC-03186,GST,18,30861.31,98074.0,20,Managed IT Services & AMC,998316,8907743403057
Audit Unified ISO 27001 Compliance Audit - Readiness Assessment,SEC-03187,GST,18,57724.0,136742.0,27,Cybersecurity Consulting & Audits,998313,8908136822015
QNAP Cloud-Managed SAN Storage Array - Hybrid Array,SEC-03188,GST,18,430643.93,538259.0,14,Servers & Data Storage,8471,8902116700620
Audit Enterprise Vulnerability Assessment (VAPT) - Web Application,SEC-03189,GST,18,16050.78,52320.0,47,Cybersecurity Consulting & Audits,998313,8906645362921
Supermicro Standard Network Attached Storage (NAS) - 4-Bay Desktop,SEC-03190,GST,18,33630.55,38360.0,21,Servers & Data Storage,8471,8906895092918
Kaspersky Secure Email Security & Anti-Spam - Domain License,SEC-03191,GST,18,1015.71,1404.0,348,Endpoint Security & Software Licenses,8523,8904972547204
Managed Standard Network Monitoring Service (NOC) - Monthly Basic,SEC-03192,GST,18,8461.76,21502.0,19,Managed IT Services & AMC,998316,8909490465144
McAfee Unified Mobile Device Management (MDM) - Annual per Device,SEC-03193,GST,18,944.26,1146.0,199,Endpoint Security & Software Licenses,8523,8905252888646
SentinelOne Endpoint Detection and Response (EDR) - 1-Year 50 Devices,SEC-03194,GST,18,8539.58,10290.0,171,Endpoint Security & Software Licenses,8523,8901784213913
Retained Secure On-Site Support Engineer - Full-time Dedicated/Month,SEC-03195,GST,18,17981.4,41864.0,18,Managed IT Services & AMC,998316,8907772715422
CrowdStrike Premium Enterprise Antivirus Suite - 5-User 1-Year,SEC-03196,GST,18,1690.79,2317.0,396,Endpoint Security & Software Licenses,8523,8903412472237
Dell EMC Standard SAN Storage Array - All-Flash SAN,SEC-03197,GST,18,1193316.96,1374499.0,17,Servers & Data Storage,8471,8900063239988
Managed Secure Remote Helpdesk Support - Monthly Retainer,SEC-03198,GST,18,756.52,2639.0,38,Managed IT Services & AMC,998316,8905837558263
Dell EMC Enterprise Server Rack Cabinet - Co-location Rack,SEC-03199,GST,18,34551.36,42002.0,13,Servers & Data Storage,8471,8901088589981
Audit Vulnerability Assessment (VAPT) - Mobile App,SEC-03200,GST,18,21387.43,60784.0,36,Cybersecurity Consulting & Audits,998313,8908342064339
McAfee Pro Enterprise Antivirus Suite - 5-User 1-Year,SEC-03201,GST,18,1362.01,1788.0,282,Endpoint Security & Software Licenses,8523,8901972040932
Symantec Premium Data Loss Prevention (DLP) License - Per User,SEC-03202,GST,18,7923.9,10480.0,91,Endpoint Security & Software Licenses,8523,8907316332430
Consulting Enterprise Phishing Simulation & Training - Quarterly Campaign,SEC-03203,GST,18,8416.94,23181.0,41,Cybersecurity Consulting & Audits,998313,8900712125798
Advisory Premium Incident Response & Forensics - Retainer Setup,SEC-03204,GST,18,31975.87,104789.0,41,Cybersecurity Consulting & Audits,998313,8908272449520
Managed Secure On-Site Support Engineer - Part-time/Month,SEC-03205,GST,18,7006.51,23535.0,18,Managed IT Services & AMC,998316,8901197789516
Managed Next-Gen Comprehensive IT AMC - 1-10 PCs,SEC-03206,GST,18,25768.65,65933.0,23,Managed IT Services & AMC,998316,8900277601231
In-House Secure Network Monitoring Service (NOC) - Monthly Advanced Proactive,SEC-03207,GST,18,1704.48,5922.0,6,Managed IT Services & AMC,998316,8903668574397
QNAP Standard Network Attached Storage (NAS) - 8-Bay Rackmount,SEC-03208,GST,18,44638.93,52764.0,13,Servers & Data Storage,8471,8908163021291
Audit Pro Penetration Testing Service - White Box,SEC-03209,GST,18,42850.53,116205.0,13,Cybersecurity Consulting & Audits,998313,8905112980310
Synology Unified 2U Storage Server - Basic Array,SEC-03210,GST,18,110213.06,121847.0,16,Servers & Data Storage,8471,8904825229254
Managed Cloud-Managed Network Monitoring Service (NOC) - Monthly Advanced Proactive,SEC-03211,GST,18,3015.64,6379.0,43,Managed IT Services & AMC,998316,8901455903653
Trend Micro Pro Data Loss Prevention (DLP) License - Per User,SEC-03212,GST,18,6206.2,8674.0,180,Endpoint Security & Software Licenses,8523,8906676226761
Managed Enterprise Cloud Infrastructure Management - Monthly AWS/Azure,SEC-03213,GST,18,3442.75,12024.0,26,Managed IT Services & AMC,998316,8902242059642
McAfee Next-Gen Email Security & Anti-Spam - Domain License,SEC-03214,GST,18,987.75,1239.0,296,Endpoint Security & Software Licenses,8523,8901960348973
Fortinet Standard VPN Gateway Appliance - Standard,SEC-03215,GST,18,67479.26,82789.0,9,Hardware Firewalls & Networking,8517,8909952115424
Fortinet Enterprise Wireless Access Point (WAP) - WiFi 6 Indoor,SEC-03216,GST,18,13649.15,16323.0,21,Hardware Firewalls & Networking,8517,8900868088358
McAfee Cloud-Managed Email Security & Anti-Spam - Per Mailbox / Year,SEC-03217,GST,18,1114.5,1396.0,337,Endpoint Security & Software Licenses,8523,8907597997425
Symantec Enterprise Email Security & Anti-Spam - Per Mailbox / Year,SEC-03218,GST,18,1041.32,1360.0,458,Endpoint Security & Software Licenses,8523,8907568497850
Retained Advanced Cloud Infrastructure Management - Quarterly Audit & Fix,SEC-03219,GST,18,25150.14,59074.0,37,Managed IT Services & AMC,998316,8901580867894
CrowdStrike Pro Endpoint Detection and Response (EDR) - 1-Year 50 Devices,SEC-03220,GST,18,9349.74,12821.0,461,Endpoint Security & Software Licenses,8523,8904671999275
HPE Premium SAN Storage Array - Entry Level,SEC-03221,GST,18,307428.09,371551.0,25,Servers & Data Storage,8471,8909596351875
In-House Advanced Network Monitoring Service (NOC) - Monthly Basic,SEC-03222,GST,18,5600.66,17236.0,29,Managed IT Services & AMC,998316,8901301446419
In-House Standard On-Site Support Engineer - Full-time Dedicated/Month,SEC-03223,GST,18,21924.99,50800.0,36,Managed IT Services & AMC,998316,8905806932894
Fortinet Standard Next-Generation Firewall (NGFW) - Mid-Range,SEC-03224,GST,18,147997.38,182436.0,9,Hardware Firewalls & Networking,8517,8907097184679
Ubiquiti Pro VPN Gateway Appliance - High Availability,SEC-03225,GST,18,70822.42,88221.0,5,Hardware Firewalls & Networking,8517,8906927592746
Fortinet Cloud-Managed Next-Generation Firewall (NGFW) - Entry Level,SEC-03226,GST,18,81400.18,100677.0,16,Hardware Firewalls & Networking,8517,8907400970183
Lenovo Standard SAN Storage Array - All-Flash SAN,SEC-03227,GST,18,1158575.78,1340112.0,2,Servers & Data Storage,8471,8908537007001
Sophos Standard Managed Gigabit Switch - 24-Port PoE,SEC-03228,GST,18,26706.0,30962.0,8,Hardware Firewalls & Networking,8517,8909051011816
Audit Premium ISO 27001 Compliance Audit - Readiness Assessment,SEC-03229,GST,18,52971.38,178717.0,32,Cybersecurity Consulting & Audits,998313,8909871014941
Juniper Advanced VPN Gateway Appliance - Standard,SEC-03230,GST,18,75722.67,91742.0,13,Hardware Firewalls & Networking,8517,8901964295861
Managed Standard Remote Helpdesk Support - Monthly Retainer,SEC-03231,GST,18,1374.03,3747.0,14,Managed IT Services & AMC,998316,8905449655024
Supermicro Advanced 1U Rack Server - Enterprise 128GB,SEC-03232,GST,18,462082.06,566085.0,10,Servers & Data Storage,8471,8908057595024
Lenovo Pro 2U Storage Server - High IOPS NVMe,SEC-03233,GST,18,199475.9,230638.0,9,Servers & Data Storage,8471,8901754877132
Sophos Standard Next-Generation Firewall (NGFW) - Mid-Range,SEC-03234,GST,18,144056.86,171765.0,22,Hardware Firewalls & Networking,8517,8902031867674
Kaspersky Next-Gen Enterprise Antivirus Suite - 1-User 1-Year,SEC-03235,GST,18,1789.57,2346.0,305,Endpoint Security & Software Licenses,8523,8903900496309
Managed Cloud-Managed Cloud Infrastructure Management - Quarterly Audit & Fix,SEC-03236,GST,18,17279.76,44366.0,45,Managed IT Services & AMC,998316,8902964991047
Palo Alto Secure Wireless Access Point (WAP) - High-Density,SEC-03237,GST,18,17774.02,22184.0,12,Hardware Firewalls & Networking,8517,8908446577137
Cisco Advanced Managed Gigabit Switch - 48-Port PoE,SEC-03238,GST,18,74565.35,90370.0,8,Hardware Firewalls & Networking,8517,8902873227665
SentinelOne Advanced Email Security & Anti-Spam - Domain License,SEC-03239,GST,18,1248.99,1575.0,354,Endpoint Security & Software Licenses,8523,8904645403002
Juniper Cloud-Managed Wireless Access Point (WAP) - WiFi 6 Indoor,SEC-03240,GST,18,14949.06,18141.0,20,Hardware Firewalls & Networking,8517,8904538823234
Trend Micro Secure Enterprise Antivirus Suite - 1-User 1-Year,SEC-03241,GST,18,1525.78,1988.0,132,Endpoint Security & Software Licenses,8523,8902896575492
Juniper Managed Gigabit Switch - 10G Uplink,SEC-03242,GST,18,33641.42,37576.0,9,Hardware Firewalls & Networking,8517,8907619157701
CrowdStrike Secure Endpoint Detection and Response (EDR) - 1-Year 5 Devices,SEC-03243,GST,18,2428.65,3171.0,375,Endpoint Security & Software Licenses,8523,8906231539428
Fortinet Unified Wireless Access Point (WAP) - High-Density,SEC-03244,GST,18,17996.34,22278.0,12,Hardware Firewalls & Networking,8517,8900916397505
Retained Standard On-Site Support Engineer - Part-time/Month,SEC-03245,GST,18,13055.34,33369.0,7,Managed IT Services & AMC,998316,8909810094430
Sophos Pro VPN Gateway Appliance - High Availability,SEC-03246,GST,18,67033.49,73879.0,14,Hardware Firewalls & Networking,8517,8905694276380
Audit Advanced Phishing Simulation & Training - Quarterly Campaign,SEC-03247,GST,18,9609.37,30892.0,31,Cybersecurity Consulting & Audits,998313,8903114310753
Consulting Enterprise Phishing Simulation & Training - Quarterly Campaign,SEC-03248,GST,18,6520.55,21360.0,16,Cybersecurity Consulting & Audits,998313,8906429306461
Symantec Next-Gen Email Security & Anti-Spam - Per Mailbox / Year,SEC-03249,GST,18,1528.88,1854.0,304,Endpoint Security & Software Licenses,8523,8904289540584
Managed Remote Helpdesk Support - Annual 24/7 SLA,SEC-03250,GST,18,4281.47,14196.0,13,Managed IT Services & AMC,998316,8908972459798
Consulting Enterprise Penetration Testing Service - Black Box,SEC-03251,GST,18,28734.97,87294.0,6,Cybersecurity Consulting & Audits,998313,8904210014996
Fortinet Next-Gen VPN Gateway Appliance - High Availability,SEC-03252,GST,18,71519.72,81673.0,8,Hardware Firewalls & Networking,8517,8909057986626
Audit Penetration Testing Service - Black Box,SEC-03253,GST,18,36931.92,87228.0,5,Cybersecurity Consulting & Audits,998313,8900255395256
Synology Pro SAN Storage Array - Hybrid Array,SEC-03254,GST,18,348755.23,426378.0,7,Servers & Data Storage,8471,8904587013111
Managed Pro Comprehensive IT AMC - 11-50 PCs,SEC-03255,GST,18,35599.44,90681.0,17,Managed IT Services & AMC,998316,8906249215156
Advisory Next-Gen ISO 27001 Compliance Audit - Readiness Assessment,SEC-03256,GST,18,55701.69,157160.0,9,Cybersecurity Consulting & Audits,998313,8907135935891
Cisco Advanced Wireless Access Point (WAP) - High-Density,SEC-03257,GST,18,15461.93,17377.0,17,Hardware Firewalls & Networking,8517,8903964331612
SonicWall Next-Gen Network Load Balancer - Basic,SEC-03258,GST,18,61646.74,72745.0,25,Hardware Firewalls & Networking,8517,8907842775153
Retained Premium Cloud Infrastructure Management - Monthly AWS/Azure,SEC-03259,GST,18,4311.16,11465.0,27,Managed IT Services & AMC,998316,8900669912856
Advisory Enterprise Incident Response & Forensics - Per Incident Block Hours,SEC-03260,GST,18,41476.22,100723.0,41,Cybersecurity Consulting & Audits,998313,8903311156854
Sophos Standard VPN Gateway Appliance - Standard,SEC-03261,GST,18,77664.18,90011.0,24,Hardware Firewalls & Networking,8517,8900363235185
HPE Standard Server Rack Cabinet - Co-location Rack,SEC-03262,GST,18,30770.55,35482.0,4,Servers & Data Storage,8471,8903073987148
Trend Micro Enterprise Data Loss Prevention (DLP) License - Per 10 Users,SEC-03263,GST,18,8651.64,10726.0,52,Endpoint Security & Software Licenses,8523,8907457774146
SentinelOne Pro Endpoint Detection and Response (EDR) - 1-Year 50 Devices,SEC-03264,GST,18,7643.54,9546.0,437,Endpoint Security & Software Licenses,8523,8902533630575
Retained Cloud-Managed On-Site Support Engineer - Full-time Dedicated/Month,SEC-03265,GST,18,20778.25,55682.0,8,Managed IT Services & AMC,998316,8902507666069
CrowdStrike Advanced Email Security & Anti-Spam - Domain License,SEC-03266,GST,18,1093.75,1520.0,265,Endpoint Security & Software Licenses,8523,8908965532647
SentinelOne Enterprise Endpoint Detection and Response (EDR) - 1-Year 50 Devices,SEC-03267,GST,18,7014.62,9361.0,57,Endpoint Security & Software Licenses,8523,8904396848359
In-House Standard Comprehensive IT AMC - 1-10 PCs,SEC-03268,GST,18,28415.32,86087.0,5,Managed IT Services & AMC,998316,8908716388193
Consulting Standard Penetration Testing Service - White Box,SEC-03269,GST,18,35335.08,97487.0,41,Cybersecurity Consulting & Audits,998313,8903819879216
CrowdStrike Standard Endpoint Detection and Response (EDR) - 1-Year 50 Devices,SEC-03270,GST,18,9130.72,11618.0,265,Endpoint Security & Software Licenses,8523,8900180867522
In-House Secure Network Monitoring Service (NOC) - Monthly Basic,SEC-03271,GST,18,6535.02,18151.0,19,Managed IT Services & AMC,998316,8902816651773
Sophos Unified Next-Generation Firewall (NGFW) - Enterprise Tier,SEC-03272,GST,18,395572.45,468913.0,5,Hardware Firewalls & Networking,8517,8903527625593
Managed Standard Network Monitoring Service (NOC) - Monthly Basic,SEC-03273,GST,18,7790.86,25844.0,25,Managed IT Services & AMC,998316,8906651639172
In-House Next-Gen Network Monitoring Service (NOC) - Monthly Advanced Proactive,SEC-03274,GST,18,3063.23,8026.0,39,Managed IT Services & AMC,998316,8901341350334
In-House Cloud Infrastructure Management - Quarterly Audit & Fix,SEC-03275,GST,18,17071.16,50395.0,37,Managed IT Services & AMC,998316,8907574465448
Dell EMC Pro Server Rack Cabinet - 42U Heavy Duty,SEC-03276,GST,18,32745.08,38759.0,7,Servers & Data Storage,8471,8901255887740
CrowdStrike Secure Enterprise Antivirus Suite - 1-User 1-Year,SEC-03277,GST,18,1320.06,1666.0,390,Endpoint Security & Software Licenses,8523,8906508656996
QNAP Enterprise SAN Storage Array - All-Flash SAN,SEC-03278,GST,18,1107157.88,1299575.0,9,Servers & Data Storage,8471,8904125383410
Managed Cloud Infrastructure Management - Monthly AWS/Azure,SEC-03279,GST,18,3361.6,11652.0,44,Managed IT Services & AMC,998316,8907665620670
QNAP Cloud-Managed 2U Storage Server - Basic Array,SEC-03280,GST,18,127323.7,153045.0,16,Servers & Data Storage,8471,8904410843971
Ubiquiti Premium Managed Gigabit Switch - 10G Uplink,SEC-03281,GST,18,38658.03,43787.0,10,Hardware Firewalls & Networking,8517,8900935827173
Dell EMC Premium 2U Storage Server - Basic Array,SEC-03282,GST,18,131804.66,152786.0,15,Servers & Data Storage,8471,8905184788797
Consulting Secure Incident Response & Forensics - Per Incident Block Hours,SEC-03283,GST,18,50096.51,147213.0,36,Cybersecurity Consulting & Audits,998313,8909579711491
Retained Standard Network Monitoring Service (NOC) - Monthly Advanced Proactive,SEC-03284,GST,18,2695.49,7866.0,29,Managed IT Services & AMC,998316,8909239510832
Retained Cloud-Managed On-Site Support Engineer - Full-time Dedicated/Month,SEC-03285,GST,18,18080.43,47705.0,47,Managed IT Services & AMC,998316,8909984200326
CrowdStrike Secure Enterprise Antivirus Suite - 1-User 1-Year,SEC-03286,GST,18,2009.09,2516.0,99,Endpoint Security & Software Licenses,8523,8904207651335
QNAP Secure Network Attached Storage (NAS) - 12-Bay Enterprise,SEC-03287,GST,18,105416.58,116797.0,24,Servers & Data Storage,8471,8909610849297
Cisco Next-Gen Wireless Access Point (WAP) - WiFi 6 Indoor,SEC-03288,GST,18,19478.39,23012.0,14,Hardware Firewalls & Networking,8517,8901297676213
McAfee Standard Data Loss Prevention (DLP) License - Per 10 Users,SEC-03289,GST,18,8197.87,11020.0,485,Endpoint Security & Software Licenses,8523,8901538348995
Dell EMC Premium 2U Storage Server - Basic Array,SEC-03290,GST,18,138276.0,158985.0,3,Servers & Data Storage,8471,8904002417036
Symantec Pro Enterprise Antivirus Suite - 5-User 1-Year,SEC-03291,GST,18,1465.05,1818.0,468,Endpoint Security & Software Licenses,8523,8902414718976
Dell EMC SAN Storage Array - All-Flash SAN,SEC-03292,GST,18,1279069.67,1533474.0,25,Servers & Data Storage,8471,8904292101727
Kaspersky Secure Enterprise Antivirus Suite - 1-User 1-Year,SEC-03293,GST,18,1805.76,2493.0,442,Endpoint Security & Software Licenses,8523,8905079631324
SonicWall Cloud-Managed Wireless Access Point (WAP) - High-Density,SEC-03294,GST,18,18224.36,21748.0,15,Hardware Firewalls & Networking,8517,8905196627145
In-House Next-Gen Cloud Infrastructure Management - Quarterly Audit & Fix,SEC-03295,GST,18,23599.04,62543.0,37,Managed IT Services & AMC,998316,8906237857717
Sophos Next-Generation Firewall (NGFW) - Enterprise Tier,SEC-03296,GST,18,360429.16,407013.0,24,Hardware Firewalls & Networking,8517,8909176707002
Supermicro Cloud-Managed SAN Storage Array - Hybrid Array,SEC-03297,GST,18,490479.03,593717.0,11,Servers & Data Storage,8471,8905278430039
Advisory Cloud-Managed Incident Response & Forensics - Retainer Setup,SEC-03298,GST,18,44994.22,155256.0,32,Cybersecurity Consulting & Audits,998313,8905949186849
Advisory Advanced ISO 27001 Compliance Audit - Readiness Assessment,SEC-03299,GST,18,39116.34,120578.0,14,Cybersecurity Consulting & Audits,998313,8902686870375
Trend Micro Enterprise Mobile Device Management (MDM) - Annual per Device,SEC-03300,GST,18,862.77,1157.0,247,Endpoint Security & Software Licenses,8523,8905309246430
Audit Advanced Penetration Testing Service - Black Box,SEC-03301,GST,18,23012.1,79799.0,28,Cybersecurity Consulting & Audits,998313,8900412266435
Ubiquiti Secure Wireless Access Point (WAP) - WiFi 6 Outdoor,SEC-03302,GST,18,19305.28,23109.0,16,Hardware Firewalls & Networking,8517,8903149266224
Managed Pro Cloud Infrastructure Management - Monthly AWS/Azure,SEC-03303,GST,18,5789.09,12900.0,48,Managed IT Services & AMC,998316,8908071002458
Consulting Standard Phishing Simulation & Training - Annual Enterprise Program,SEC-03304,GST,18,23351.72,69655.0,20,Cybersecurity Consulting & Audits,998313,8909969793393
QNAP Pro 2U Storage Server - Large Capacity HDD,SEC-03305,GST,18,217422.46,265873.0,19,Servers & Data Storage,8471,8908386898258
Palo Alto Cloud-Managed Managed Gigabit Switch - 10G Uplink,SEC-03306,GST,18,40271.68,44918.0,14,Hardware Firewalls & Networking,8517,8905223507993
Retained Secure Cloud Infrastructure Management - Monthly AWS/Azure,SEC-03307,GST,18,3019.54,8665.0,38,Managed IT Services & AMC,998316,8900684960334
QNAP Secure Server Rack Cabinet - Co-location Rack,SEC-03308,GST,18,25022.61,29006.0,6,Servers & Data Storage,8471,8902662810767
Retained Unified Cloud Infrastructure Management - Quarterly Audit & Fix,SEC-03309,GST,18,24224.4,56767.0,43,Managed IT Services & AMC,998316,8907181905974
Retained Pro On-Site Support Engineer - Part-time/Month,SEC-03310,GST,18,9489.09,22046.0,36,Managed IT Services & AMC,998316,8904062426103
HPE Unified Network Attached Storage (NAS) - 12-Bay Enterprise,SEC-03311,GST,18,101877.56,118018.0,5,Servers & Data Storage,8471,8908849198661
HPE Premium Server Rack Cabinet - 42U Heavy Duty,SEC-03312,GST,18,28191.24,35004.0,17,Servers & Data Storage,8471,8902476398572
Retained Premium On-Site Support Engineer - Full-time Dedicated/Month,SEC-03313,GST,18,16405.51,36253.0,48,Managed IT Services & AMC,998316,8904385800999
Advisory Enterprise Phishing Simulation & Training - Quarterly Campaign,SEC-03314,GST,18,8465.49,28061.0,25,Cybersecurity Consulting & Audits,998313,8900514904873
Trend Micro Secure Email Security & Anti-Spam - Domain License,SEC-03315,GST,18,1027.6,1405.0,456,Endpoint Security & Software Licenses,8523,8905364996107
Retained Unified On-Site Support Engineer - Full-time Dedicated/Month,SEC-03316,GST,18,17493.55,39204.0,49,Managed IT Services & AMC,998316,8906461533002
In-House Secure Remote Helpdesk Support - Quarterly SLA,SEC-03317,GST,18,5348.8,17566.0,35,Managed IT Services & AMC,998316,8906976938051
McAfee Cloud-Managed Enterprise Antivirus Suite - Server Edition,SEC-03318,GST,18,1684.02,2249.0,109,Endpoint Security & Software Licenses,8523,8906812075000
Retained Secure On-Site Support Engineer - Part-time/Month,SEC-03319,GST,18,7977.32,26540.0,27,Managed IT Services & AMC,998316,8909392244556
Symantec Advanced Enterprise Antivirus Suite - 1-User 1-Year,SEC-03320,GST,18,1257.59,1696.0,324,Endpoint Security & Software Licenses,8523,8909441399951
Managed Pro On-Site Support Engineer - Part-time/Month,SEC-03321,GST,18,14531.1,34260.0,10,Managed IT Services & AMC,998316,8905695907056
Advisory Cloud-Managed Vulnerability Assessment (VAPT) - Web Application,SEC-03322,GST,18,34034.55,78722.0,12,Cybersecurity Consulting & Audits,998313,8901287408117
Dell EMC SAN Storage Array - Hybrid Array,SEC-03323,GST,18,387688.55,457300.0,4,Servers & Data Storage,8471,8904528789999
In-House Premium On-Site Support Engineer - Part-time/Month,SEC-03324,GST,18,14092.97,32141.0,23,Managed IT Services & AMC,998316,8900521850560
Audit Standard Vulnerability Assessment (VAPT) - Mobile App,SEC-03325,GST,18,21766.9,56868.0,21,Cybersecurity Consulting & Audits,998313,8908589654981
Advisory ISO 27001 Compliance Audit - Readiness Assessment,SEC-03326,GST,18,65902.07,185542.0,32,Cybersecurity Consulting & Audits,998313,8905471927054
Advisory Premium ISO 27001 Compliance Audit - Full Implementation Support,SEC-03327,GST,18,141217.02,363047.0,19,Cybersecurity Consulting & Audits,998313,8900056094461
CrowdStrike Pro Endpoint Detection and Response (EDR) - 1-Year 5 Devices,SEC-03328,GST,18,2807.04,3398.0,252,Endpoint Security & Software Licenses,8523,8905660505908
Trend Micro Unified Data Loss Prevention (DLP) License - Enterprise Site License,SEC-03329,GST,18,16616.03,21550.0,344,Endpoint Security & Software Licenses,8523,8903793919474
Synology 2U Storage Server - Large Capacity HDD,SEC-03330,GST,18,181824.59,205208.0,6,Servers & Data Storage,8471,8901960910276
Bitdefender Advanced Endpoint Detection and Response (EDR) - 1-Year 10 Devices,SEC-03331,GST,18,3130.49,4165.0,136,Endpoint Security & Software Licenses,8523,8901119026623
Managed Next-Gen Remote Helpdesk Support - Annual 24/7 SLA,SEC-03332,GST,18,5504.1,12818.0,20,Managed IT Services & AMC,998316,8900983145237
Audit Cloud-Managed Penetration Testing Service - White Box,SEC-03333,GST,18,35638.34,81759.0,16,Cybersecurity Consulting & Audits,998313,8908742565686
Retained Secure Comprehensive IT AMC - Server & Network Included,SEC-03334,GST,18,48909.23,100807.0,8,Managed IT Services & AMC,998316,8905895381575
Fortinet Pro Wireless Access Point (WAP) - WiFi 6 Outdoor,SEC-03335,GST,18,16473.56,20561.0,25,Hardware Firewalls & Networking,8517,8905781807794
Consulting Next-Gen Vulnerability Assessment (VAPT) - Network Infrastructure,SEC-03336,GST,18,25354.2,83846.0,12,Cybersecurity Consulting & Audits,998313,8905144661995
CrowdStrike Premium Mobile Device Management (MDM) - Monthly per Device,SEC-03337,GST,18,140.44,192.0,236,Endpoint Security & Software Licenses,8523,8906266688545
Symantec Unified Mobile Device Management (MDM) - Monthly per Device,SEC-03338,GST,18,233.98,304.0,271,Endpoint Security & Software Licenses,8523,8905995990234
SentinelOne Next-Gen Enterprise Antivirus Suite - 1-User 1-Year,SEC-03339,GST,18,1323.92,1702.0,144,Endpoint Security & Software Licenses,8523,8906648491861
Bitdefender Next-Gen Enterprise Antivirus Suite - Server Edition,SEC-03340,GST,18,1474.77,1834.0,221,Endpoint Security & Software Licenses,8523,8908053315131
Lenovo Standard SAN Storage Array - Entry Level,SEC-03341,GST,18,309384.08,381936.0,7,Servers & Data Storage,8471,8907847344793
In-House Remote Helpdesk Support - Monthly Retainer,SEC-03342,GST,18,1196.17,3733.0,35,Managed IT Services & AMC,998316,8906196822588
Trend Micro Pro Email Security & Anti-Spam - Domain License,SEC-03343,GST,18,972.18,1290.0,434,Endpoint Security & Software Licenses,8523,8905740874740
In-House Advanced On-Site Support Engineer - Full-time Dedicated/Month,SEC-03344,GST,18,18606.31,48931.0,36,Managed IT Services & AMC,998316,8905657799061
Audit Advanced ISO 27001 Compliance Audit - Full Implementation Support,SEC-03345,GST,18,169829.48,361651.0,7,Cybersecurity Consulting & Audits,998313,8909545519241
Symantec Pro Email Security & Anti-Spam - Domain License,SEC-03346,GST,18,1146.2,1433.0,84,Endpoint Security & Software Licenses,8523,8906170649144
Symantec Secure Enterprise Antivirus Suite - 5-User 1-Year,SEC-03347,GST,18,2029.05,2443.0,469,Endpoint Security & Software Licenses,8523,8905691461641
Bitdefender Unified Enterprise Antivirus Suite - 1-User 1-Year,SEC-03348,GST,18,1452.29,2025.0,188,Endpoint Security & Software Licenses,8523,8900913417810
Audit Phishing Simulation & Training - Quarterly Campaign,SEC-03349,GST,18,8327.57,24679.0,47,Cybersecurity Consulting & Audits,998313,8904514951495
Kaspersky Unified Enterprise Antivirus Suite - Server Edition,SEC-03350,GST,18,1924.44,2457.0,68,Endpoint Security & Software Licenses,8523,8907296618084
QNAP Cloud-Managed Server Rack Cabinet - 24U Standard,SEC-03351,GST,18,37052.6,42486.0,6,Servers & Data Storage,8471,8907230990704
Managed Premium Network Monitoring Service (NOC) - Monthly Advanced Proactive,SEC-03352,GST,18,2145.94,6426.0,29,Managed IT Services & AMC,998316,8900451990818
In-House Premium Remote Helpdesk Support - Monthly Retainer,SEC-03353,GST,18,901.52,2666.0,29,Managed IT Services & AMC,998316,8903272237369
CrowdStrike Advanced Data Loss Prevention (DLP) License - Per User,SEC-03354,GST,18,8374.78,10696.0,72,Endpoint Security & Software Licenses,8523,8905904735352
Synology Network Attached Storage (NAS) - 8-Bay Rackmount,SEC-03355,GST,18,32644.61,40636.0,13,Servers & Data Storage,8471,8903973451359
Advisory Cloud-Managed ISO 27001 Compliance Audit - Readiness Assessment,SEC-03356,GST,18,48425.79,124443.0,8,Cybersecurity Consulting & Audits,998313,8900989727405
Cisco Cloud-Managed Managed Gigabit Switch - 24-Port PoE,SEC-03357,GST,18,27154.22,33092.0,21,Hardware Firewalls & Networking,8517,8909136564025
SentinelOne Premium Enterprise Antivirus Suite - 5-User 1-Year,SEC-03358,GST,18,1339.93,1642.0,435,Endpoint Security & Software Licenses,8523,8909223843579
Audit Incident Response & Forensics - Per Incident Block Hours,SEC-03359,GST,18,34410.57,114037.0,40,Cybersecurity Consulting & Audits,998313,8909225174752
Advisory Unified Incident Response & Forensics - Per Incident Block Hours,SEC-03360,GST,18,46020.78,117322.0,11,Cybersecurity Consulting & Audits,998313,8902889563836
Managed Unified Cloud Infrastructure Management - Quarterly Audit & Fix,SEC-03361,GST,18,19550.78,41456.0,5,Managed IT Services & AMC,998316,8901221338753
Symantec Enterprise Endpoint Detection and Response (EDR) - 1-Year 10 Devices,SEC-03362,GST,18,4230.44,5258.0,455,Endpoint Security & Software Licenses,8523,8905457498839
Retained Advanced Remote Helpdesk Support - Annual 24/7 SLA,SEC-03363,GST,18,5753.73,14715.0,23,Managed IT Services & AMC,998316,8903093535215
Palo Alto Enterprise Managed Gigabit Switch - 10G Uplink,SEC-03364,GST,18,35959.69,41821.0,2,Hardware Firewalls & Networking,8517,8906899247157
Bitdefender Next-Gen Endpoint Detection and Response (EDR) - 1-Year 5 Devices,SEC-03365,GST,18,1608.54,2223.0,69,Endpoint Security & Software Licenses,8523,8903022123955
Sophos Next-Generation Firewall (NGFW) - Mid-Range,SEC-03366,GST,18,141372.33,158402.0,6,Hardware Firewalls & Networking,8517,8908541422632
Retained Enterprise Remote Helpdesk Support - Monthly Retainer,SEC-03367,GST,18,1213.35,2796.0,35,Managed IT Services & AMC,998316,8901504519678
Managed Standard On-Site Support Engineer - Part-time/Month,SEC-03368,GST,18,10399.89,30766.0,43,Managed IT Services & AMC,998316,8901326842326
Lenovo Cloud-Managed Network Attached Storage (NAS) - 8-Bay Rackmount,SEC-03369,GST,18,44972.69,49744.0,8,Servers & Data Storage,8471,8906931057197
HPE Next-Gen 2U Storage Server - Large Capacity HDD,SEC-03370,GST,18,185774.83,212525.0,12,Servers & Data Storage,8471,8902787626023
Bitdefender Data Loss Prevention (DLP) License - Per User,SEC-03371,GST,18,5880.68,7789.0,439,Endpoint Security & Software Licenses,8523,8909868919507
Advisory Phishing Simulation & Training - Annual Enterprise Program,SEC-03372,GST,18,23815.19,67857.0,47,Cybersecurity Consulting & Audits,998313,8908191948746
Sophos Standard Managed Gigabit Switch - 10G Uplink,SEC-03373,GST,18,32081.48,38476.0,3,Hardware Firewalls & Networking,8517,8902415517586
Synology Pro 2U Storage Server - High IOPS NVMe,SEC-03374,GST,18,182914.31,225338.0,3,Servers & Data Storage,8471,8902899666868
SentinelOne Pro Email Security & Anti-Spam - Domain License,SEC-03375,GST,18,980.39,1252.0,84,Endpoint Security & Software Licenses,8523,8900651494739
Retained Pro Network Monitoring Service (NOC) - Monthly Advanced Proactive,SEC-03376,GST,18,2340.36,5874.0,33,Managed IT Services & AMC,998316,8907103027596
Ubiquiti Next-Gen Network Load Balancer - Advanced Traffic Management,SEC-03377,GST,18,101894.76,118983.0,8,Hardware Firewalls & Networking,8517,8905843423149
SentinelOne Standard Data Loss Prevention (DLP) License - Per User,SEC-03378,GST,18,5603.68,7517.0,330,Endpoint Security & Software Licenses,8523,8906062098180
CrowdStrike Secure Email Security & Anti-Spam - Per Mailbox / Year,SEC-03379,GST,18,928.34,1293.0,431,Endpoint Security & Software Licenses,8523,8901405085013
Bitdefender Advanced Data Loss Prevention (DLP) License - Enterprise Site License,SEC-03380,GST,18,20416.27,27309.0,162,Endpoint Security & Software Licenses,8523,8906412264725
Trend Micro Enterprise Antivirus Suite - Server Edition,SEC-03381,GST,18,1893.72,2340.0,224,Endpoint Security & Software Licenses,8523,8903960424081
Managed Secure Network Monitoring Service (NOC) - Monthly Basic,SEC-03382,GST,18,7031.66,23863.0,49,Managed IT Services & AMC,998316,8906852768209
Ubiquiti Advanced Network Load Balancer - Basic,SEC-03383,GST,18,51816.77,63087.0,14,Hardware Firewalls & Networking,8517,8906142809702
Ubiquiti VPN Gateway Appliance - Standard,SEC-03384,GST,18,76076.56,86501.0,5,Hardware Firewalls & Networking,8517,8905911753317
Sophos Pro Wireless Access Point (WAP) - WiFi 6 Indoor,SEC-03385,GST,18,16130.22,18890.0,19,Hardware Firewalls & Networking,8517,8906043775872
Symantec Unified Mobile Device Management (MDM) - Monthly per Device,SEC-03386,GST,18,156.33,209.0,215,Endpoint Security & Software Licenses,8523,8903330032569
Managed Standard Cloud Infrastructure Management - Quarterly Audit & Fix,SEC-03387,GST,18,13327.25,44771.0,9,Managed IT Services & AMC,998316,8901519683948
Symantec Cloud-Managed Enterprise Antivirus Suite - 5-User 1-Year,SEC-03388,GST,18,1410.97,1797.0,158,Endpoint Security & Software Licenses,8523,8900990349131
SentinelOne Pro Mobile Device Management (MDM) - Annual per Device,SEC-03389,GST,18,1099.19,1475.0,271,Endpoint Security & Software Licenses,8523,8907136463514
Symantec Advanced Enterprise Antivirus Suite - Server Edition,SEC-03390,GST,18,1317.33,1813.0,401,Endpoint Security & Software Licenses,8523,8903485297993
Kaspersky Unified Mobile Device Management (MDM) - Annual per Device,SEC-03391,GST,18,942.02,1234.0,378,Endpoint Security & Software Licenses,8523,8903521970640
Managed Pro Comprehensive IT AMC - 1-10 PCs,SEC-03392,GST,18,29604.55,101185.0,46,Managed IT Services & AMC,998316,8901540244783
Palo Alto Standard Wireless Access Point (WAP) - WiFi 6 Indoor,SEC-03393,GST,18,16052.46,17999.0,22,Hardware Firewalls & Networking,8517,8900349141052
Retained Cloud-Managed Cloud Infrastructure Management - Monthly AWS/Azure,SEC-03394,GST,18,5630.25,12672.0,14,Managed IT Services & AMC,998316,8901264543676
Consulting Unified Phishing Simulation & Training - Annual Enterprise Program,SEC-03395,GST,18,27312.32,70597.0,45,Cybersecurity Consulting & Audits,998313,8902698630133
HPE Next-Gen SAN Storage Array - Hybrid Array,SEC-03396,GST,18,470491.57,584162.0,19,Servers & Data Storage,8471,8902170267199
In-House Network Monitoring Service (NOC) - Monthly Advanced Proactive,SEC-03397,GST,18,2109.89,5929.0,12,Managed IT Services & AMC,998316,8904756160384
Advisory Premium Penetration Testing Service - White Box,SEC-03398,GST,18,39255.32,108861.0,16,Cybersecurity Consulting & Audits,998313,8902879561410
Advisory Secure Phishing Simulation & Training - Quarterly Campaign,SEC-03399,GST,18,9446.69,27688.0,17,Cybersecurity Consulting & Audits,998313,8902578908850
Retained Premium Comprehensive IT AMC - 1-10 PCs,SEC-03400,GST,18,29104.1,96558.0,19,Managed IT Services & AMC,998316,8904711202730
HPE Secure Server Rack Cabinet - Co-location Rack,SEC-03401,GST,18,31981.62,39173.0,24,Servers & Data Storage,8471,8901292072230
HPE Next-Gen Network Attached Storage (NAS) - 12-Bay Enterprise,SEC-03402,GST,18,86837.49,98443.0,19,Servers & Data Storage,8471,8909511139977
QNAP Advanced SAN Storage Array - Hybrid Array,SEC-03403,GST,18,408228.6,509751.0,14,Servers & Data Storage,8471,8907823608422
Advisory Standard Phishing Simulation & Training - Annual Enterprise Program,SEC-03404,GST,18,19646.48,59518.0,37,Cybersecurity Consulting & Audits,998313,8906574306206
Audit ISO 27001 Compliance Audit - Full Implementation Support,SEC-03405,GST,18,190019.7,415201.0,37,Cybersecurity Consulting & Audits,998313,8907202981130
Ubiquiti Pro Wireless Access Point (WAP) - WiFi 6 Indoor,SEC-03406,GST,18,15732.61,19665.0,4,Hardware Firewalls & Networking,8517,8909811796330
CrowdStrike Mobile Device Management (MDM) - Annual per Device,SEC-03407,GST,18,1268.83,1536.0,194,Endpoint Security & Software Licenses,8523,8904327192980
Supermicro Enterprise Server Rack Cabinet - 42U Heavy Duty,SEC-03408,GST,18,37017.29,41338.0,15,Servers & Data Storage,8471,8901693624088
SentinelOne Cloud-Managed Endpoint Detection and Response (EDR) - 1-Year 50 Devices,SEC-03409,GST,18,8259.72,10309.0,103,Endpoint Security & Software Licenses,8523,8903705741037
In-House Secure Remote Helpdesk Support - Quarterly SLA,SEC-03410,GST,18,7560.71,16507.0,25,Managed IT Services & AMC,998316,8902583851635
Retained Cloud-Managed Comprehensive IT AMC - 1-10 PCs,SEC-03411,GST,18,23799.84,75315.0,50,Managed IT Services & AMC,998316,8906684713290
Juniper Next-Generation Firewall (NGFW) - Entry Level,SEC-03412,GST,18,81548.11,101200.0,18,Hardware Firewalls & Networking,8517,8905118581101
Bitdefender Pro Endpoint Detection and Response (EDR) - 1-Year 5 Devices,SEC-03413,GST,18,2506.79,3194.0,222,Endpoint Security & Software Licenses,8523,8909682890140
Audit Pro Penetration Testing Service - Grey Box,SEC-03414,GST,18,37215.13,87147.0,10,Cybersecurity Consulting & Audits,998313,8906766027168
Audit Unified Phishing Simulation & Training - Annual Enterprise Program,SEC-03415,GST,18,21790.87,66018.0,34,Cybersecurity Consulting & Audits,998313,8901819383477
Cisco Enterprise Next-Generation Firewall (NGFW) - Entry Level,SEC-03416,GST,18,74752.57,93344.0,22,Hardware Firewalls & Networking,8517,8908028213114
Audit Enterprise ISO 27001 Compliance Audit - Readiness Assessment,SEC-03417,GST,18,86319.83,175347.0,23,Cybersecurity Consulting & Audits,998313,8904697894259
In-House Premium Network Monitoring Service (NOC) - Monthly Basic,SEC-03418,GST,18,9203.72,26563.0,31,Managed IT Services & AMC,998316,8908933450041
Advisory Standard Vulnerability Assessment (VAPT) - Mobile App,SEC-03419,GST,18,28290.51,58439.0,6,Cybersecurity Consulting & Audits,998313,8907661706166
Consulting Enterprise ISO 27001 Compliance Audit - Full Implementation Support,SEC-03420,GST,18,160018.41,449284.0,13,Cybersecurity Consulting & Audits,998313,8900987284818
Ubiquiti VPN Gateway Appliance - High Availability,SEC-03421,GST,18,60747.94,73937.0,10,Hardware Firewalls & Networking,8517,8904055724772
Juniper Cloud-Managed Managed Gigabit Switch - 10G Uplink,SEC-03422,GST,18,35853.3,42935.0,14,Hardware Firewalls & Networking,8517,8902091604941
Retained Standard Remote Helpdesk Support - Monthly Retainer,SEC-03423,GST,18,1831.25,3741.0,33,Managed IT Services & AMC,998316,8900668637218
SentinelOne Secure Email Security & Anti-Spam - Per Mailbox / Year,SEC-03424,GST,18,1267.96,1585.0,418,Endpoint Security & Software Licenses,8523,8900470571265
Managed Standard Cloud Infrastructure Management - Quarterly Audit & Fix,SEC-03425,GST,18,23052.28,57015.0,29,Managed IT Services & AMC,998316,8906715711120
In-House Premium Comprehensive IT AMC - Server & Network Included,SEC-03426,GST,18,31202.04,91703.0,41,Managed IT Services & AMC,998316,8903596792625
Symantec Cloud-Managed Data Loss Prevention (DLP) License - Per 10 Users,SEC-03427,GST,18,5915.45,7132.0,414,Endpoint Security & Software Licenses,8523,8903359848086
Ubiquiti Premium VPN Gateway Appliance - Standard,SEC-03428,GST,18,90934.81,102813.0,6,Hardware Firewalls & Networking,8517,8902997853210
SonicWall Managed Gigabit Switch - 24-Port PoE,SEC-03429,GST,18,30656.23,37522.0,2,Hardware Firewalls & Networking,8517,8909040037658
SentinelOne Standard Email Security & Anti-Spam - Per Mailbox / Year,SEC-03430,GST,18,1546.58,1869.0,223,Endpoint Security & Software Licenses,8523,8906502578709
Ubiquiti Premium Wireless Access Point (WAP) - High-Density,SEC-03431,GST,18,12675.73,15687.0,25,Hardware Firewalls & Networking,8517,8909904636919
Audit Next-Gen Incident Response & Forensics - Retainer Setup,SEC-03432,GST,18,50497.83,121199.0,39,Cybersecurity Consulting & Audits,998313,8903626961636
Retained Unified Cloud Infrastructure Management - Monthly AWS/Azure,SEC-03433,GST,18,4684.83,12586.0,16,Managed IT Services & AMC,998316,8909694269154
Consulting Next-Gen Incident Response & Forensics - Per Incident Block Hours,SEC-03434,GST,18,60346.33,128652.0,45,Cybersecurity Consulting & Audits,998313,8904124527705
Juniper Secure Network Load Balancer - Advanced Traffic Management,SEC-03435,GST,18,137343.23,151921.0,15,Hardware Firewalls & Networking,8517,8902448188867
Consulting Standard ISO 27001 Compliance Audit - Readiness Assessment,SEC-03436,GST,18,47861.38,136930.0,41,Cybersecurity Consulting & Audits,998313,8903870741420
Sophos Next-Gen Wireless Access Point (WAP) - High-Density,SEC-03437,GST,18,19549.92,22126.0,25,Hardware Firewalls & Networking,8517,8902814046247
Advisory Unified Penetration Testing Service - White Box,SEC-03438,GST,18,49930.51,113714.0,31,Cybersecurity Consulting & Audits,998313,8902733089034
SentinelOne Cloud-Managed Data Loss Prevention (DLP) License - Per 10 Users,SEC-03439,GST,18,7627.35,9585.0,177,Endpoint Security & Software Licenses,8523,8902109549686
Palo Alto Premium VPN Gateway Appliance - Standard,SEC-03440,GST,18,86456.88,101227.0,2,Hardware Firewalls & Networking,8517,8909919984676
Palo Alto Next-Generation Firewall (NGFW) - Enterprise Tier,SEC-03441,GST,18,331979.25,369792.0,3,Hardware Firewalls & Networking,8517,8903562576210
Audit Premium Penetration Testing Service - Grey Box,SEC-03442,GST,18,27920.17,87590.0,42,Cybersecurity Consulting & Audits,998313,8905500044415
Managed Secure Remote Helpdesk Support - Monthly Retainer,SEC-03443,GST,18,1043.97,3491.0,36,Managed IT Services & AMC,998316,8905622021758
Audit Incident Response & Forensics - Retainer Setup,SEC-03444,GST,18,55643.84,138032.0,34,Cybersecurity Consulting & Audits,998313,8900137607203
Supermicro Network Attached Storage (NAS) - 12-Bay Enterprise,SEC-03445,GST,18,82926.7,100873.0,9,Servers & Data Storage,8471,8907756779466
Advisory Enterprise Penetration Testing Service - Black Box,SEC-03446,GST,18,24575.04,77254.0,37,Cybersecurity Consulting & Audits,998313,8904268988077
Bitdefender Secure Data Loss Prevention (DLP) License - Per 10 Users,SEC-03447,GST,18,6778.0,9051.0,274,Endpoint Security & Software Licenses,8523,8908564519242
Retained Cloud-Managed Remote Helpdesk Support - Quarterly SLA,SEC-03448,GST,18,7318.5,16036.0,46,Managed IT Services & AMC,998316,8909851652287
Lenovo Next-Gen 1U Rack Server - Intel Xeon 16GB,SEC-03449,GST,18,157707.52,186023.0,9,Servers & Data Storage,8471,8904144877747
In-House Standard On-Site Support Engineer - Full-time Dedicated/Month,SEC-03450,GST,18,16435.05,57465.0,17,Managed IT Services & AMC,998316,8901887277960
Retained Unified On-Site Support Engineer - Full-time Dedicated/Month,SEC-03451,GST,18,16074.08,51021.0,16,Managed IT Services & AMC,998316,8900505784622
Palo Alto Cloud-Managed Managed Gigabit Switch - 48-Port PoE,SEC-03452,GST,18,71593.34,84458.0,14,Hardware Firewalls & Networking,8517,8905153121413
Audit Incident Response & Forensics - Per Incident Block Hours,SEC-03453,GST,18,31639.72,98814.0,32,Cybersecurity Consulting & Audits,998313,8908651466017
Juniper Pro Wireless Access Point (WAP) - High-Density,SEC-03454,GST,18,17039.39,19927.0,5,Hardware Firewalls & Networking,8517,8905522641246
McAfee Enterprise Antivirus Suite - Server Edition,SEC-03455,GST,18,1511.64,1961.0,281,Endpoint Security & Software Licenses,8523,8903516832022
Retained Pro Comprehensive IT AMC - 1-10 PCs,SEC-03456,GST,18,32754.94,90100.0,8,Managed IT Services & AMC,998316,8902149800847
SentinelOne Unified Data Loss Prevention (DLP) License - Per 10 Users,SEC-03457,GST,18,7771.43,9709.0,401,Endpoint Security & Software Licenses,8523,8903282391321
Consulting Cloud-Managed Penetration Testing Service - White Box,SEC-03458,GST,18,31753.94,98107.0,21,Cybersecurity Consulting & Audits,998313,8909835980846
Consulting Advanced Phishing Simulation & Training - Quarterly Campaign,SEC-03459,GST,18,8580.22,27220.0,25,Cybersecurity Consulting & Audits,998313,8908456271370
Lenovo Network Attached Storage (NAS) - 8-Bay Rackmount,SEC-03460,GST,18,41502.27,47817.0,19,Servers & Data Storage,8471,8909090660947
Audit Advanced Vulnerability Assessment (VAPT) - Network Infrastructure,SEC-03461,GST,18,31063.48,81962.0,30,Cybersecurity Consulting & Audits,998313,8905889987244
Bitdefender Advanced Enterprise Antivirus Suite - 1-User 1-Year,SEC-03462,GST,18,1741.39,2328.0,457,Endpoint Security & Software Licenses,8523,8902092749390
Consulting Standard Vulnerability Assessment (VAPT) - Mobile App,SEC-03463,GST,18,27541.32,56655.0,9,Cybersecurity Consulting & Audits,998313,8905128513684
Cisco Cloud-Managed Wireless Access Point (WAP) - WiFi 6 Indoor,SEC-03464,GST,18,18157.4,20423.0,9,Hardware Firewalls & Networking,8517,8907008777519
Juniper Advanced Next-Generation Firewall (NGFW) - Entry Level,SEC-03465,GST,18,65460.47,79129.0,2,Hardware Firewalls & Networking,8517,8907347843267
Kaspersky Enterprise Data Loss Prevention (DLP) License - Per 10 Users,SEC-03466,GST,18,8871.67,11035.0,447,Endpoint Security & Software Licenses,8523,8900323385437
Managed Secure Remote Helpdesk Support - Monthly Retainer,SEC-03467,GST,18,1147.81,3222.0,9,Managed IT Services & AMC,998316,8909645996822
Symantec Standard Endpoint Detection and Response (EDR) - 1-Year 5 Devices,SEC-03468,GST,18,1697.91,2361.0,237,Endpoint Security & Software Licenses,8523,8908898392307
Audit Advanced ISO 27001 Compliance Audit - Readiness Assessment,SEC-03469,GST,18,60026.18,189235.0,34,Cybersecurity Consulting & Audits,998313,8900670779244
McAfee Mobile Device Management (MDM) - Annual per Device,SEC-03470,GST,18,1267.01,1538.0,168,Endpoint Security & Software Licenses,8523,8901568731024
Synology Network Attached Storage (NAS) - 8-Bay Rackmount,SEC-03471,GST,18,44930.9,52317.0,9,Servers & Data Storage,8471,8909468458310
Audit Next-Gen Penetration Testing Service - White Box,SEC-03472,GST,18,37227.91,102568.0,35,Cybersecurity Consulting & Audits,998313,8902632750271
Audit Advanced Phishing Simulation & Training - Annual Enterprise Program,SEC-03473,GST,18,26591.96,53451.0,20,Cybersecurity Consulting & Audits,998313,8908728807366
Kaspersky Cloud-Managed Mobile Device Management (MDM) - Monthly per Device,SEC-03474,GST,18,197.82,270.0,346,Endpoint Security & Software Licenses,8523,8909019643356
HPE Premium Server Rack Cabinet - 42U Heavy Duty,SEC-03475,GST,18,25143.18,31013.0,5,Servers & Data Storage,8471,8908700008222
Cisco Advanced Managed Gigabit Switch - 24-Port PoE,SEC-03476,GST,18,24195.99,28744.0,20,Hardware Firewalls & Networking,8517,8905608980466
Juniper Premium VPN Gateway Appliance - Standard,SEC-03477,GST,18,91644.84,104741.0,19,Hardware Firewalls & Networking,8517,8902475991173
Audit Secure Phishing Simulation & Training - Annual Enterprise Program,SEC-03478,GST,18,19898.35,51822.0,38,Cybersecurity Consulting & Audits,998313,8908576027316
Sophos Advanced Wireless Access Point (WAP) - WiFi 6 Indoor,SEC-03479,GST,18,16679.13,20598.0,12,Hardware Firewalls & Networking,8517,8900632705241
Retained Cloud-Managed Network Monitoring Service (NOC) - Monthly Advanced Proactive,SEC-03480,GST,18,3398.01,8741.0,31,Managed IT Services & AMC,998316,8906764691428
CrowdStrike Premium Endpoint Detection and Response (EDR) - 1-Year 5 Devices,SEC-03481,GST,18,2692.42,3290.0,439,Endpoint Security & Software Licenses,8523,8907437847107
QNAP Advanced 2U Storage Server - Basic Array,SEC-03482,GST,18,106795.74,131045.0,23,Servers & Data Storage,8471,8908337622334
CrowdStrike Enterprise Endpoint Detection and Response (EDR) - 1-Year 10 Devices,SEC-03483,GST,18,2977.45,3867.0,238,Endpoint Security & Software Licenses,8523,8907866100005
Audit Cloud-Managed Vulnerability Assessment (VAPT) - Mobile App,SEC-03484,GST,18,18494.01,57287.0,36,Cybersecurity Consulting & Audits,998313,8909393348914
Sophos Pro VPN Gateway Appliance - High Availability,SEC-03485,GST,18,62423.96,71663.0,24,Hardware Firewalls & Networking,8517,8905580087575
Managed Pro Comprehensive IT AMC - Server & Network Included,SEC-03486,GST,18,20152.28,68386.0,19,Managed IT Services & AMC,998316,8908237084446
Consulting Standard ISO 27001 Compliance Audit - Readiness Assessment,SEC-03487,GST,18,57719.61,170072.0,10,Cybersecurity Consulting & Audits,998313,8903854184293
Synology Unified Network Attached Storage (NAS) - 8-Bay Rackmount,SEC-03488,GST,18,31639.73,37034.0,16,Servers & Data Storage,8471,8903370106536
Cisco Wireless Access Point (WAP) - High-Density,SEC-03489,GST,18,16653.42,18778.0,20,Hardware Firewalls & Networking,8517,8903108262775
Retained Cloud-Managed On-Site Support Engineer - Part-time/Month,SEC-03490,GST,18,12641.7,30985.0,37,Managed IT Services & AMC,998316,8906960956611
Audit Standard Incident Response & Forensics - Retainer Setup,SEC-03491,GST,18,39755.43,138369.0,25,Cybersecurity Consulting & Audits,998313,8908643583097
Symantec Cloud-Managed Enterprise Antivirus Suite - Server Edition,SEC-03492,GST,18,1292.08,1798.0,346,Endpoint Security & Software Licenses,8523,8902896918617
Trend Micro Pro Mobile Device Management (MDM) - Annual per Device,SEC-03493,GST,18,878.56,1110.0,190,Endpoint Security & Software Licenses,8523,8909642206992
SentinelOne Pro Data Loss Prevention (DLP) License - Enterprise Site License,SEC-03494,GST,18,14180.84,17579.0,476,Endpoint Security & Software Licenses,8523,8905808756344
Audit Next-Gen Vulnerability Assessment (VAPT) - Mobile App,SEC-03495,GST,18,26954.61,63310.0,40,Cybersecurity Consulting & Audits,998313,8908319272778
Lenovo 1U Rack Server - Dual CPU 64GB,SEC-03496,GST,18,183575.23,219179.0,8,Servers & Data Storage,8471,8902818167177
Fortinet Enterprise Next-Generation Firewall (NGFW) - Entry Level,SEC-03497,GST,18,66747.87,73956.0,17,Hardware Firewalls & Networking,8517,8903617457417
Audit Next-Gen Incident Response & Forensics - Per Incident Block Hours,SEC-03498,GST,18,30215.76,96346.0,6,Cybersecurity Consulting & Audits,998313,8900133021489
Cisco Standard Next-Generation Firewall (NGFW) - Entry Level,SEC-03499,GST,18,84804.95,104699.0,22,Hardware Firewalls & Networking,8517,8909215819277
Lenovo Unified Network Attached Storage (NAS) - 4-Bay Desktop,SEC-03500,GST,18,41840.17,51990.0,12,Servers & Data Storage,8471,8906184689158
HPE SAN Storage Array - All-Flash SAN,SEC-03501,GST,18,1286697.05,1475115.0,3,Servers & Data Storage,8471,8909148719290
Audit Advanced Penetration Testing Service - Grey Box,SEC-03502,GST,18,42876.41,109927.0,32,Cybersecurity Consulting & Audits,998313,8901978968126
Managed Cloud-Managed On-Site Support Engineer - Part-time/Month,SEC-03503,GST,18,10992.28,31450.0,41,Managed IT Services & AMC,998316,8902770866574
Consulting Phishing Simulation & Training - Annual Enterprise Program,SEC-03504,GST,18,21386.04,64060.0,25,Cybersecurity Consulting & Audits,998313,8909776738007
CrowdStrike Pro Mobile Device Management (MDM) - Monthly per Device,SEC-03505,GST,18,216.86,271.0,293,Endpoint Security & Software Licenses,8523,8903393474126
Retained Secure On-Site Support Engineer - Full-time Dedicated/Month,SEC-03506,GST,18,17264.29,46098.0,46,Managed IT Services & AMC,998316,8908546052173
Dell EMC Premium 2U Storage Server - Basic Array,SEC-03507,GST,18,142608.91,167864.0,16,Servers & Data Storage,8471,8908928802295
SentinelOne Mobile Device Management (MDM) - Annual per Device,SEC-03508,GST,18,1167.6,1414.0,317,Endpoint Security & Software Licenses,8523,8908370799190
In-House Standard Remote Helpdesk Support - Annual 24/7 SLA,SEC-03509,GST,18,6022.56,14593.0,24,Managed IT Services & AMC,998316,8904919747084
Consulting Standard Phishing Simulation & Training - Annual Enterprise Program,SEC-03510,GST,18,20112.28,53494.0,15,Cybersecurity Consulting & Audits,998313,8904985963436
SentinelOne Enterprise Endpoint Detection and Response (EDR) - 1-Year 50 Devices,SEC-03511,GST,18,6913.55,9587.0,373,Endpoint Security & Software Licenses,8523,8906724089628
In-House Pro Comprehensive IT AMC - Server & Network Included,SEC-03512,GST,18,32398.29,69707.0,30,Managed IT Services & AMC,998316,8906701918717
Fortinet Wireless Access Point (WAP) - WiFi 6 Outdoor,SEC-03513,GST,18,16431.51,19550.0,24,Hardware Firewalls & Networking,8517,8900718980221
Dell EMC Cloud-Managed Server Rack Cabinet - Co-location Rack,SEC-03514,GST,18,25845.92,28566.0,11,Servers & Data Storage,8471,8906117341741
Bitdefender Enterprise Data Loss Prevention (DLP) License - Per 10 Users,SEC-03515,GST,18,6018.45,8193.0,143,Endpoint Security & Software Licenses,8523,8903355916491
Trend Micro Pro Mobile Device Management (MDM) - Annual per Device,SEC-03516,GST,18,785.94,974.0,152,Endpoint Security & Software Licenses,8523,8903864865007
McAfee Advanced Enterprise Antivirus Suite - 5-User 1-Year,SEC-03517,GST,18,1977.97,2499.0,383,Endpoint Security & Software Licenses,8523,8900191653647
Juniper VPN Gateway Appliance - High Availability,SEC-03518,GST,18,70542.85,86148.0,23,Hardware Firewalls & Networking,8517,8907781341452
SentinelOne Cloud-Managed Data Loss Prevention (DLP) License - Enterprise Site License,SEC-03519,GST,18,15126.87,19919.0,400,Endpoint Security & Software Licenses,8523,8905350904351
Advisory Pro Vulnerability Assessment (VAPT) - Network Infrastructure,SEC-03520,GST,18,24625.94,71454.0,21,Cybersecurity Consulting & Audits,998313,8906513271004
Consulting Advanced Incident Response & Forensics - Retainer Setup,SEC-03521,GST,18,35493.53,121756.0,22,Cybersecurity Consulting & Audits,998313,8903847098192
Cisco Standard Next-Generation Firewall (NGFW) - Enterprise Tier,SEC-03522,GST,18,395777.72,486341.0,9,Hardware Firewalls & Networking,8517,8909236259328
Managed Standard Cloud Infrastructure Management - Monthly AWS/Azure,SEC-03523,GST,18,3919.58,12912.0,43,Managed IT Services & AMC,998316,8902491283006
HPE Next-Gen Server Rack Cabinet - 24U Standard,SEC-03524,GST,18,25600.18,31707.0,22,Servers & Data Storage,8471,8909245167917
Managed Comprehensive IT AMC - Server & Network Included,SEC-03525,GST,18,29763.84,81469.0,10,Managed IT Services & AMC,998316,8901729233591
Supermicro Pro 2U Storage Server - High IOPS NVMe,SEC-03526,GST,18,181911.58,210290.0,13,Servers & Data Storage,8471,8906287245040
Advisory Unified Vulnerability Assessment (VAPT) - Network Infrastructure,SEC-03527,GST,18,34479.64,73617.0,32,Cybersecurity Consulting & Audits,998313,8908289821824
Bitdefender Standard Email Security & Anti-Spam - Per Mailbox / Year,SEC-03528,GST,18,1176.4,1500.0,356,Endpoint Security & Software Licenses,8523,8907038647322
HPE Advanced 2U Storage Server - High IOPS NVMe,SEC-03529,GST,18,271692.01,307010.0,19,Servers & Data Storage,8471,8903681254145
QNAP Enterprise SAN Storage Array - Hybrid Array,SEC-03530,GST,18,435700.37,519204.0,10,Servers & Data Storage,8471,8904741764344
Fortinet Wireless Access Point (WAP) - WiFi 6 Outdoor,SEC-03531,GST,18,14131.04,17096.0,14,Hardware Firewalls & Networking,8517,8905253293244
Trend Micro Enterprise Email Security & Anti-Spam - Per Mailbox / Year,SEC-03532,GST,18,1425.96,1745.0,350,Endpoint Security & Software Licenses,8523,8905508977547
Supermicro Secure Server Rack Cabinet - 24U Standard,SEC-03533,GST,18,35959.26,39704.0,15,Servers & Data Storage,8471,8906250162204
Supermicro Standard SAN Storage Array - All-Flash SAN,SEC-03534,GST,18,944727.85,1161905.0,19,Servers & Data Storage,8471,8907248492615
QNAP Secure 2U Storage Server - Basic Array,SEC-03535,GST,18,149151.1,176361.0,25,Servers & Data Storage,8471,8900808207809
Consulting Premium Penetration Testing Service - Black Box,SEC-03536,GST,18,44717.05,98112.0,16,Cybersecurity Consulting & Audits,998313,8901094235479
Sophos Advanced Next-Generation Firewall (NGFW) - Enterprise Tier,SEC-03537,GST,18,322042.88,391856.0,6,Hardware Firewalls & Networking,8517,8909902510022
Retained Secure On-Site Support Engineer - Part-time/Month,SEC-03538,GST,18,11512.93,32907.0,41,Managed IT Services & AMC,998316,8908835943260
HPE Premium 2U Storage Server - High IOPS NVMe,SEC-03539,GST,18,218885.99,268869.0,16,Servers & Data Storage,8471,8907003781715
Palo Alto Advanced Network Load Balancer - Advanced Traffic Management,SEC-03540,GST,18,103101.97,113621.0,18,Hardware Firewalls & Networking,8517,8908959208515
Juniper Next-Gen Managed Gigabit Switch - 24-Port PoE,SEC-03541,GST,18,30489.56,35291.0,3,Hardware Firewalls & Networking,8517,8900999749411
In-House Pro Network Monitoring Service (NOC) - Monthly Basic,SEC-03542,GST,18,6481.52,21060.0,37,Managed IT Services & AMC,998316,8907372590125
Consulting Next-Gen Phishing Simulation & Training - Annual Enterprise Program,SEC-03543,GST,18,29767.31,71549.0,19,Cybersecurity Consulting & Audits,998313,8902978671542
Consulting Unified ISO 27001 Compliance Audit - Full Implementation Support,SEC-03544,GST,18,109781.11,315323.0,33,Cybersecurity Consulting & Audits,998313,8907007191035
HPE Secure SAN Storage Array - Entry Level,SEC-03545,GST,18,298623.99,333611.0,17,Servers & Data Storage,8471,8902340515588
Managed Enterprise Remote Helpdesk Support - Monthly Retainer,SEC-03546,GST,18,1208.69,3400.0,8,Managed IT Services & AMC,998316,8906115421188
Advisory Incident Response & Forensics - Per Incident Block Hours,SEC-03547,GST,18,63796.95,138568.0,14,Cybersecurity Consulting & Audits,998313,8906595173366
Managed Enterprise On-Site Support Engineer - Part-time/Month,SEC-03548,GST,18,10576.26,24611.0,33,Managed IT Services & AMC,998316,8904001980110
In-House Advanced On-Site Support Engineer - Part-time/Month,SEC-03549,GST,18,10508.64,25295.0,15,Managed IT Services & AMC,998316,8906549518981
Advisory Secure Incident Response & Forensics - Per Incident Block Hours,SEC-03550,GST,18,37344.51,99904.0,12,Cybersecurity Consulting & Audits,998313,8905436980345
Consulting Premium ISO 27001 Compliance Audit - Readiness Assessment,SEC-03551,GST,18,79614.27,193100.0,22,Cybersecurity Consulting & Audits,998313,8900809100695
Retained On-Site Support Engineer - Part-time/Month,SEC-03552,GST,18,12407.06,28833.0,17,Managed IT Services & AMC,998316,8901679266403
Palo Alto Secure Wireless Access Point (WAP) - WiFi 6 Indoor,SEC-03553,GST,18,16418.02,19475.0,2,Hardware Firewalls & Networking,8517,8906408106710
Audit Secure Phishing Simulation & Training - Annual Enterprise Program,SEC-03554,GST,18,16546.63,53061.0,25,Cybersecurity Consulting & Audits,998313,8909208653749
McAfee Next-Gen Data Loss Prevention (DLP) License - Enterprise Site License,SEC-03555,GST,18,15415.6,19079.0,318,Endpoint Security & Software Licenses,8523,8905665493478
Juniper Next-Gen Managed Gigabit Switch - 48-Port PoE,SEC-03556,GST,18,77688.1,93988.0,2,Hardware Firewalls & Networking,8517,8907863201970
Dell EMC Next-Gen SAN Storage Array - Hybrid Array,SEC-03557,GST,18,355278.73,430167.0,6,Servers & Data Storage,8471,8903255881191
Supermicro Cloud-Managed SAN Storage Array - All-Flash SAN,SEC-03558,GST,18,919587.45,1061563.0,5,Servers & Data Storage,8471,8908078442467
Retained Enterprise Comprehensive IT AMC - 1-10 PCs,SEC-03559,GST,18,28936.14,98793.0,27,Managed IT Services & AMC,998316,8909765712544
Kaspersky Data Loss Prevention (DLP) License - Per 10 Users,SEC-03560,GST,18,7077.72,9624.0,94,Endpoint Security & Software Licenses,8523,8909614990140
Audit Enterprise ISO 27001 Compliance Audit - Full Implementation Support,SEC-03561,GST,18,125423.96,358361.0,15,Cybersecurity Consulting & Audits,998313,8905216538973
Consulting Cloud-Managed Vulnerability Assessment (VAPT) - Network Infrastructure,SEC-03562,GST,18,24846.4,64687.0,27,Cybersecurity Consulting & Audits,998313,8902442031579
Advisory Secure Vulnerability Assessment (VAPT) - Network Infrastructure,SEC-03563,GST,18,36914.51,77467.0,13,Cybersecurity Consulting & Audits,998313,8904507783635
SonicWall Next-Gen Network Load Balancer - Advanced Traffic Management,SEC-03564,GST,18,88690.59,98929.0,6,Hardware Firewalls & Networking,8517,8902716623935
Synology Unified 1U Rack Server - Intel Xeon 16GB,SEC-03565,GST,18,187955.26,233765.0,7,Servers & Data Storage,8471,8906558132613
Trend Micro Unified Data Loss Prevention (DLP) License - Per User,SEC-03566,GST,18,7782.37,10712.0,92,Endpoint Security & Software Licenses,8523,8908233200253
Cisco Enterprise VPN Gateway Appliance - High Availability,SEC-03567,GST,18,58842.03,68726.0,19,Hardware Firewalls & Networking,8517,8905331156483
SentinelOne Next-Gen Mobile Device Management (MDM) - Monthly per Device,SEC-03568,GST,18,235.03,298.0,401,Endpoint Security & Software Licenses,8523,8901848336492
Cisco Managed Gigabit Switch - 10G Uplink,SEC-03569,GST,18,30541.07,35262.0,18,Hardware Firewalls & Networking,8517,8907166393032
Dell EMC Next-Gen SAN Storage Array - Hybrid Array,SEC-03570,GST,18,374009.76,411586.0,18,Servers & Data Storage,8471,8902155741251
Dell EMC Pro Server Rack Cabinet - Co-location Rack,SEC-03571,GST,18,37252.66,44847.0,11,Servers & Data Storage,8471,8900179194455
Managed Advanced Cloud Infrastructure Management - Quarterly Audit & Fix,SEC-03572,GST,18,18573.16,48596.0,11,Managed IT Services & AMC,998316,8901712034574
SonicWall Cloud-Managed VPN Gateway Appliance - High Availability,SEC-03573,GST,18,67220.9,82642.0,21,Hardware Firewalls & Networking,8517,8902300224223
In-House Enterprise Cloud Infrastructure Management - Quarterly Audit & Fix,SEC-03574,GST,18,19649.08,45700.0,17,Managed IT Services & AMC,998316,8905199972111
Symantec Unified Email Security & Anti-Spam - Per Mailbox / Year,SEC-03575,GST,18,1467.87,1764.0,456,Endpoint Security & Software Licenses,8523,8909930676420
SonicWall Pro Next-Generation Firewall (NGFW) - Mid-Range,SEC-03576,GST,18,113016.56,125637.0,21,Hardware Firewalls & Networking,8517,8901046005204
Advisory Next-Gen Phishing Simulation & Training - Annual Enterprise Program,SEC-03577,GST,18,24578.65,75336.0,10,Cybersecurity Consulting & Audits,998313,8900389537227
Audit Incident Response & Forensics - Retainer Setup,SEC-03578,GST,18,38429.94,96490.0,18,Cybersecurity Consulting & Audits,998313,8902448880769
Managed Cloud-Managed Cloud Infrastructure Management - Quarterly Audit & Fix,SEC-03579,GST,18,20629.67,47861.0,27,Managed IT Services & AMC,998316,8909289146312
McAfee Unified Enterprise Antivirus Suite - 5-User 1-Year,SEC-03580,GST,18,1388.85,1862.0,496,Endpoint Security & Software Licenses,8523,8901160847818
HPE Enterprise 2U Storage Server - Basic Array,SEC-03581,GST,18,143016.82,170927.0,11,Servers & Data Storage,8471,8904748485694
McAfee Enterprise Endpoint Detection and Response (EDR) - 1-Year 50 Devices,SEC-03582,GST,18,7539.23,9996.0,287,Endpoint Security & Software Licenses,8523,8902991426071
HPE Enterprise Server Rack Cabinet - 24U Standard,SEC-03583,GST,18,27197.37,32100.0,16,Servers & Data Storage,8471,8906461239554
Trend Micro Enterprise Antivirus Suite - 5-User 1-Year,SEC-03584,GST,18,1739.33,2378.0,276,Endpoint Security & Software Licenses,8523,8902067730978
Sophos Enterprise Network Load Balancer - Basic,SEC-03585,GST,18,62118.38,72012.0,3,Hardware Firewalls & Networking,8517,8907539191938
QNAP Next-Gen Server Rack Cabinet - 24U Standard,SEC-03586,GST,18,37742.52,42710.0,25,Servers & Data Storage,8471,8905073984855
Cisco Next-Gen Next-Generation Firewall (NGFW) - Mid-Range,SEC-03587,GST,18,115719.71,128922.0,4,Hardware Firewalls & Networking,8517,8904627856621
Retained Unified Cloud Infrastructure Management - Monthly AWS/Azure,SEC-03588,GST,18,5463.15,12378.0,19,Managed IT Services & AMC,998316,8908144565149
Advisory Premium ISO 27001 Compliance Audit - Readiness Assessment,SEC-03589,GST,18,52409.68,125227.0,18,Cybersecurity Consulting & Audits,998313,8903845545012
HPE Next-Gen 1U Rack Server - Enterprise 128GB,SEC-03590,GST,18,430132.14,505585.0,19,Servers & Data Storage,8471,8901312059308
Consulting Premium Incident Response & Forensics - Retainer Setup,SEC-03591,GST,18,51057.25,155832.0,46,Cybersecurity Consulting & Audits,998313,8902202417669
In-House Next-Gen Cloud Infrastructure Management - Monthly AWS/Azure,SEC-03592,GST,18,3914.19,8795.0,50,Managed IT Services & AMC,998316,8906740009773
Trend Micro Cloud-Managed Data Loss Prevention (DLP) License - Enterprise Site License,SEC-03593,GST,18,14228.75,18969.0,356,Endpoint Security & Software Licenses,8523,8905901213553
Fortinet Pro Managed Gigabit Switch - 48-Port PoE,SEC-03594,GST,18,64868.92,81046.0,15,Hardware Firewalls & Networking,8517,8904669370675
Managed Pro Network Monitoring Service (NOC) - Monthly Basic,SEC-03595,GST,18,9748.06,23413.0,16,Managed IT Services & AMC,998316,8902119457205
McAfee Standard Enterprise Antivirus Suite - 1-User 1-Year,SEC-03596,GST,18,1432.75,1997.0,426,Endpoint Security & Software Licenses,8523,8908555026945
Cisco Cloud-Managed Network Load Balancer - Basic,SEC-03597,GST,18,52975.19,59536.0,19,Hardware Firewalls & Networking,8517,8908499392886
Retained Standard On-Site Support Engineer - Part-time/Month,SEC-03598,GST,18,7467.84,22020.0,26,Managed IT Services & AMC,998316,8902854430523
In-House Cloud-Managed Network Monitoring Service (NOC) - Monthly Basic,SEC-03599,GST,18,7502.95,25504.0,19,Managed IT Services & AMC,998316,8907072742005
Sophos Premium Network Load Balancer - Advanced Traffic Management,SEC-03600,GST,18,127910.05,149192.0,21,Hardware Firewalls & Networking,8517,8903977881048
Kaspersky Endpoint Detection and Response (EDR) - 1-Year 10 Devices,SEC-03601,GST,18,2874.77,3656.0,185,Endpoint Security & Software Licenses,8523,8902487840414
In-House Next-Gen Network Monitoring Service (NOC) - Monthly Basic,SEC-03602,GST,18,7683.43,25825.0,38,Managed IT Services & AMC,998316,8907795156992
QNAP Pro 1U Rack Server - Enterprise 128GB,SEC-03603,GST,18,380701.59,462623.0,3,Servers & Data Storage,8471,8901688404763
Dell EMC Server Rack Cabinet - Co-location Rack,SEC-03604,GST,18,27482.16,33423.0,21,Servers & Data Storage,8471,8901415928427
Managed Standard Cloud Infrastructure Management - Quarterly Audit & Fix,SEC-03605,GST,18,21513.17,50836.0,33,Managed IT Services & AMC,998316,8904667856371
Managed Standard Remote Helpdesk Support - Quarterly SLA,SEC-03606,GST,18,5524.29,16898.0,11,Managed IT Services & AMC,998316,8906859524171
Retained Unified Cloud Infrastructure Management - Quarterly Audit & Fix,SEC-03607,GST,18,21721.76,53691.0,45,Managed IT Services & AMC,998316,8903432510110
Supermicro Pro Server Rack Cabinet - Co-location Rack,SEC-03608,GST,18,32961.0,40138.0,20,Servers & Data Storage,8471,8901410112017
Bitdefender Next-Gen Data Loss Prevention (DLP) License - Enterprise Site License,SEC-03609,GST,18,14248.46,17991.0,293,Endpoint Security & Software Licenses,8523,8909619423802
Sophos Next-Gen Wireless Access Point (WAP) - WiFi 6 Outdoor,SEC-03610,GST,18,12851.93,15787.0,17,Hardware Firewalls & Networking,8517,8900807092785
Managed Enterprise Remote Helpdesk Support - Quarterly SLA,SEC-03611,GST,18,5484.36,13227.0,48,Managed IT Services & AMC,998316,8904702691546
Managed Premium On-Site Support Engineer - Part-time/Month,SEC-03612,GST,18,9227.78,28131.0,41,Managed IT Services & AMC,998316,8907223187086
HPE Enterprise Network Attached Storage (NAS) - 12-Bay Enterprise,SEC-03613,GST,18,92400.96,109710.0,13,Servers & Data Storage,8471,8900829038569
Audit Enterprise Penetration Testing Service - Grey Box,SEC-03614,GST,18,24862.3,84533.0,14,Cybersecurity Consulting & Audits,998313,8907836268494
SonicWall Wireless Access Point (WAP) - WiFi 6 Outdoor,SEC-03615,GST,18,13033.79,14897.0,12,Hardware Firewalls & Networking,8517,8901537926060
Audit Next-Gen Penetration Testing Service - Grey Box,SEC-03616,GST,18,22867.29,78595.0,6,Cybersecurity Consulting & Audits,998313,8900297806782
Bitdefender Secure Data Loss Prevention (DLP) License - Enterprise Site License,SEC-03617,GST,18,14487.98,19152.0,126,Endpoint Security & Software Licenses,8523,8902212881690
Lenovo Advanced Server Rack Cabinet - 24U Standard,SEC-03618,GST,18,36123.67,40546.0,7,Servers & Data Storage,8471,8907234424160
Audit Enterprise Incident Response & Forensics - Retainer Setup,SEC-03619,GST,18,49179.09,141447.0,43,Cybersecurity Consulting & Audits,998313,8904822332284
Managed Comprehensive IT AMC - Server & Network Included,SEC-03620,GST,18,40856.91,86683.0,37,Managed IT Services & AMC,998316,8901863213375
Dell EMC Secure Network Attached Storage (NAS) - 8-Bay Rackmount,SEC-03621,GST,18,47928.9,54572.0,6,Servers & Data Storage,8471,8902700489974
Symantec Secure Enterprise Antivirus Suite - Server Edition,SEC-03622,GST,18,1612.9,2213.0,152,Endpoint Security & Software Licenses,8523,8900374850837
SentinelOne Premium Enterprise Antivirus Suite - 1-User 1-Year,SEC-03623,GST,18,1707.2,2352.0,76,Endpoint Security & Software Licenses,8523,8906083077366
Managed On-Site Support Engineer - Full-time Dedicated/Month,SEC-03624,GST,18,14200.14,47673.0,10,Managed IT Services & AMC,998316,8905733353837
Audit Next-Gen Penetration Testing Service - Black Box,SEC-03625,GST,18,29973.81,104552.0,42,Cybersecurity Consulting & Audits,998313,8904056947619
Synology Advanced Server Rack Cabinet - 24U Standard,SEC-03626,GST,18,33196.45,41005.0,16,Servers & Data Storage,8471,8909624809952
Lenovo Secure 2U Storage Server - High IOPS NVMe,SEC-03627,GST,18,205879.43,253337.0,24,Servers & Data Storage,8471,8903720170117
Trend Micro Cloud-Managed Data Loss Prevention (DLP) License - Per 10 Users,SEC-03628,GST,18,6352.86,8732.0,295,Endpoint Security & Software Licenses,8523,8903510674449
Consulting Unified Incident Response & Forensics - Retainer Setup,SEC-03629,GST,18,50123.74,152952.0,36,Cybersecurity Consulting & Audits,998313,8907880302492
Supermicro Next-Gen 1U Rack Server - Intel Xeon 16GB,SEC-03630,GST,18,142567.21,163296.0,19,Servers & Data Storage,8471,8907155039303
Audit Enterprise Penetration Testing Service - White Box,SEC-03631,GST,18,25078.0,81261.0,20,Cybersecurity Consulting & Audits,998313,8907312950488
Audit Secure Incident Response & Forensics - Per Incident Block Hours,SEC-03632,GST,18,37293.09,129909.0,34,Cybersecurity Consulting & Audits,998313,8903229278099
QNAP 2U Storage Server - Large Capacity HDD,SEC-03633,GST,18,263483.56,305487.0,20,Servers & Data Storage,8471,8901062046786
Dell EMC Standard 2U Storage Server - Large Capacity HDD,SEC-03634,GST,18,258211.01,306450.0,20,Servers & Data Storage,8471,8904867076986
McAfee Standard Data Loss Prevention (DLP) License - Enterprise Site License,SEC-03635,GST,18,14387.36,18275.0,71,Endpoint Security & Software Licenses,8523,8901542725573
SonicWall Premium Next-Generation Firewall (NGFW) - Enterprise Tier,SEC-03636,GST,18,355713.01,398518.0,18,Hardware Firewalls & Networking,8517,8904230227275
Dell EMC Unified Network Attached Storage (NAS) - 4-Bay Desktop,SEC-03637,GST,18,44249.72,53518.0,23,Servers & Data Storage,8471,8902311434166
QNAP Unified 2U Storage Server - High IOPS NVMe,SEC-03638,GST,18,220721.36,254891.0,20,Servers & Data Storage,8471,8907277719846
Cisco Enterprise Managed Gigabit Switch - 10G Uplink,SEC-03639,GST,18,36089.58,44671.0,12,Hardware Firewalls & Networking,8517,8907409683486
Consulting Cloud-Managed Phishing Simulation & Training - Quarterly Campaign,SEC-03640,GST,18,9151.0,28688.0,30,Cybersecurity Consulting & Audits,998313,8902929177360
Symantec Next-Gen Email Security & Anti-Spam - Per Mailbox / Year,SEC-03641,GST,18,1546.33,1882.0,56,Endpoint Security & Software Licenses,8523,8900077831826
Synology Network Attached Storage (NAS) - 4-Bay Desktop,SEC-03642,GST,18,40063.92,48150.0,3,Servers & Data Storage,8471,8903225081933
Consulting Unified Penetration Testing Service - Black Box,SEC-03643,GST,18,48496.78,115776.0,23,Cybersecurity Consulting & Audits,998313,8905454472787
Audit Unified ISO 27001 Compliance Audit - Full Implementation Support,SEC-03644,GST,18,146470.39,453084.0,34,Cybersecurity Consulting & Audits,998313,8901740668679
Consulting Premium ISO 27001 Compliance Audit - Readiness Assessment,SEC-03645,GST,18,66726.2,171078.0,18,Cybersecurity Consulting & Audits,998313,8907698237618
Lenovo Premium Server Rack Cabinet - 24U Standard,SEC-03646,GST,18,31868.9,37531.0,17,Servers & Data Storage,8471,8909091281212
In-House Secure Network Monitoring Service (NOC) - Monthly Basic,SEC-03647,GST,18,10111.5,21360.0,16,Managed IT Services & AMC,998316,8906225193356
QNAP Pro Network Attached Storage (NAS) - 8-Bay Rackmount,SEC-03648,GST,18,41653.47,46964.0,19,Servers & Data Storage,8471,8902840125200
Symantec Enterprise Antivirus Suite - 1-User 1-Year,SEC-03649,GST,18,1972.22,2580.0,306,Endpoint Security & Software Licenses,8523,8901247966678
Dell EMC Unified 2U Storage Server - Basic Array,SEC-03650,GST,18,109510.93,132712.0,3,Servers & Data Storage,8471,8909937513768
Kaspersky Standard Endpoint Detection and Response (EDR) - 1-Year 10 Devices,SEC-03651,GST,18,3862.67,5204.0,303,Endpoint Security & Software Licenses,8523,8909918451920
Consulting Secure ISO 27001 Compliance Audit - Full Implementation Support,SEC-03652,GST,18,125241.44,346826.0,10,Cybersecurity Consulting & Audits,998313,8909405684593
CrowdStrike Unified Endpoint Detection and Response (EDR) - 1-Year 5 Devices,SEC-03653,GST,18,2146.7,2651.0,281,Endpoint Security & Software Licenses,8523,8909972257502
Lenovo Standard Server Rack Cabinet - 24U Standard,SEC-03654,GST,18,32108.31,39587.0,7,Servers & Data Storage,8471,8907254495503
Palo Alto Next-Gen Network Load Balancer - Advanced Traffic Management,SEC-03655,GST,18,91369.04,103951.0,15,Hardware Firewalls & Networking,8517,8907723967783
Audit Standard Phishing Simulation & Training - Annual Enterprise Program,SEC-03656,GST,18,22279.69,62722.0,30,Cybersecurity Consulting & Audits,998313,8906267940990
In-House Advanced Cloud Infrastructure Management - Monthly AWS/Azure,SEC-03657,GST,18,3592.37,11086.0,36,Managed IT Services & AMC,998316,8906480361454
CrowdStrike Standard Enterprise Antivirus Suite - Server Edition,SEC-03658,GST,18,1900.49,2513.0,245,Endpoint Security & Software Licenses,8523,8905058484149
HPE Secure Server Rack Cabinet - 24U Standard,SEC-03659,GST,18,36630.44,40480.0,6,Servers & Data Storage,8471,8902935117486
Synology Next-Gen Server Rack Cabinet - 24U Standard,SEC-03660,GST,18,35458.89,40867.0,10,Servers & Data Storage,8471,8906070435175
Audit Advanced Vulnerability Assessment (VAPT) - Network Infrastructure,SEC-03661,GST,18,19888.2,65718.0,7,Cybersecurity Consulting & Audits,998313,8908456314796
Juniper Secure Managed Gigabit Switch - 48-Port PoE,SEC-03662,GST,18,61165.08,72194.0,21,Hardware Firewalls & Networking,8517,8909755853799
Retained Cloud-Managed On-Site Support Engineer - Part-time/Month,SEC-03663,GST,18,11254.66,31203.0,7,Managed IT Services & AMC,998316,8909651198887
Trend Micro Unified Data Loss Prevention (DLP) License - Enterprise Site License,SEC-03664,GST,18,15421.41,19063.0,293,Endpoint Security & Software Licenses,8523,8907854574770
In-House Secure On-Site Support Engineer - Full-time Dedicated/Month,SEC-03665,GST,18,17536.46,48423.0,17,Managed IT Services & AMC,998316,8904856432754
Fortinet Secure Wireless Access Point (WAP) - WiFi 6 Outdoor,SEC-03666,GST,18,13486.1,15753.0,4,Hardware Firewalls & Networking,8517,8905626699818
Juniper Unified Wireless Access Point (WAP) - WiFi 6 Indoor,SEC-03667,GST,18,19596.31,23284.0,2,Hardware Firewalls & Networking,8517,8900854631646
Palo Alto VPN Gateway Appliance - High Availability,SEC-03668,GST,18,82249.25,101110.0,9,Hardware Firewalls & Networking,8517,8907558388333
Cisco Advanced Network Load Balancer - Basic,SEC-03669,GST,18,61667.21,70476.0,12,Hardware Firewalls & Networking,8517,8909282066653
Bitdefender Standard Email Security & Anti-Spam - Domain License,SEC-03670,GST,18,1018.06,1226.0,127,Endpoint Security & Software Licenses,8523,8908100032666
Palo Alto Next-Gen Network Load Balancer - Basic,SEC-03671,GST,18,68176.54,83431.0,10,Hardware Firewalls & Networking,8517,8904991627765
Sophos Advanced Network Load Balancer - Advanced Traffic Management,SEC-03672,GST,18,96620.42,117268.0,6,Hardware Firewalls & Networking,8517,8902915353759
Synology Unified 1U Rack Server - Enterprise 128GB,SEC-03673,GST,18,457559.46,554469.0,5,Servers & Data Storage,8471,8906242933801
Juniper Standard VPN Gateway Appliance - Standard,SEC-03674,GST,18,71413.41,86637.0,11,Hardware Firewalls & Networking,8517,8904608348649
Palo Alto Unified Wireless Access Point (WAP) - WiFi 6 Indoor,SEC-03675,GST,18,15733.58,19328.0,8,Hardware Firewalls & Networking,8517,8901233153497
In-House Enterprise Comprehensive IT AMC - 11-50 PCs,SEC-03676,GST,18,32698.68,66860.0,45,Managed IT Services & AMC,998316,8903751416486
Retained Pro On-Site Support Engineer - Part-time/Month,SEC-03677,GST,18,11126.78,29829.0,17,Managed IT Services & AMC,998316,8902786028496
Lenovo Premium Network Attached Storage (NAS) - 8-Bay Rackmount,SEC-03678,GST,18,33813.0,37531.0,21,Servers & Data Storage,8471,8909149952535
Advisory Standard Penetration Testing Service - Black Box,SEC-03679,GST,18,41379.0,106818.0,22,Cybersecurity Consulting & Audits,998313,8909705944599
Cisco Standard Wireless Access Point (WAP) - WiFi 6 Indoor,SEC-03680,GST,18,13061.26,14441.0,8,Hardware Firewalls & Networking,8517,8908870713604
Dell EMC Premium 2U Storage Server - Basic Array,SEC-03681,GST,18,105540.72,122542.0,17,Servers & Data Storage,8471,8909752100848
Managed Secure Network Monitoring Service (NOC) - Monthly Basic,SEC-03682,GST,18,9578.95,23916.0,32,Managed IT Services & AMC,998316,8908622290544
Palo Alto Secure Next-Generation Firewall (NGFW) - Entry Level,SEC-03683,GST,18,99665.39,115354.0,8,Hardware Firewalls & Networking,8517,8909293690706
Trend Micro Advanced Email Security & Anti-Spam - Domain License,SEC-03684,GST,18,1370.29,1736.0,318,Endpoint Security & Software Licenses,8523,8903895175204
Managed Enterprise Comprehensive IT AMC - 1-10 PCs,SEC-03685,GST,18,27848.8,84842.0,48,Managed IT Services & AMC,998316,8907627325538
Synology Next-Gen Network Attached Storage (NAS) - 4-Bay Desktop,SEC-03686,GST,18,34262.8,41270.0,14,Servers & Data Storage,8471,8902250634837
Supermicro Premium 2U Storage Server - Basic Array,SEC-03687,GST,18,101548.42,125348.0,15,Servers & Data Storage,8471,8904675038095
CrowdStrike Advanced Email Security & Anti-Spam - Domain License,SEC-03688,GST,18,946.12,1246.0,103,Endpoint Security & Software Licenses,8523,8900104433050
Consulting Vulnerability Assessment (VAPT) - Mobile App,SEC-03689,GST,18,34328.15,81087.0,21,Cybersecurity Consulting & Audits,998313,8900960087684
Advisory Next-Gen ISO 27001 Compliance Audit - Full Implementation Support,SEC-03690,GST,18,190641.97,425749.0,27,Cybersecurity Consulting & Audits,998313,8902776857556
McAfee Advanced Enterprise Antivirus Suite - Server Edition,SEC-03691,GST,18,1651.09,2094.0,94,Endpoint Security & Software Licenses,8523,8909325267494
HPE Cloud-Managed 2U Storage Server - Basic Array,SEC-03692,GST,18,124922.08,148903.0,13,Servers & Data Storage,8471,8902381498714
Supermicro Pro 1U Rack Server - Enterprise 128GB,SEC-03693,GST,18,436055.79,509523.0,17,Servers & Data Storage,8471,8907931240493
Advisory Advanced Penetration Testing Service - White Box,SEC-03694,GST,18,30340.09,105948.0,36,Cybersecurity Consulting & Audits,998313,8905533734776
Dell EMC Next-Gen SAN Storage Array - All-Flash SAN,SEC-03695,GST,18,1090149.41,1222524.0,15,Servers & Data Storage,8471,8905469915897
Supermicro Pro 1U Rack Server - Enterprise 128GB,SEC-03696,GST,18,428945.15,520302.0,12,Servers & Data Storage,8471,8908144298368
Managed Premium Comprehensive IT AMC - Server & Network Included,SEC-03697,GST,18,40483.45,82399.0,30,Managed IT Services & AMC,998316,8901155510749
Audit Incident Response & Forensics - Per Incident Block Hours,SEC-03698,GST,18,44579.69,148377.0,10,Cybersecurity Consulting & Audits,998313,8905889017187
QNAP Standard SAN Storage Array - Entry Level,SEC-03699,GST,18,283515.43,349385.0,18,Servers & Data Storage,8471,8903156242060
Trend Micro Cloud-Managed Endpoint Detection and Response (EDR) - 1-Year 5 Devices,SEC-03700,GST,18,2150.33,3004.0,263,Endpoint Security & Software Licenses,8523,8909054352682
Ubiquiti Unified Wireless Access Point (WAP) - High-Density,SEC-03701,GST,18,12520.87,15152.0,24,Hardware Firewalls & Networking,8517,8902327107325
Managed Standard On-Site Support Engineer - Part-time/Month,SEC-03702,GST,18,14519.05,34267.0,7,Managed IT Services & AMC,998316,8903489905643
Palo Alto Premium Managed Gigabit Switch - 24-Port PoE,SEC-03703,GST,18,34419.3,39306.0,14,Hardware Firewalls & Networking,8517,8903118670198
Retained Premium Remote Helpdesk Support - Quarterly SLA,SEC-03704,GST,18,6983.46,17119.0,23,Managed IT Services & AMC,998316,8905931813125
Bitdefender Endpoint Detection and Response (EDR) - 1-Year 50 Devices,SEC-03705,GST,18,9439.07,11810.0,102,Endpoint Security & Software Licenses,8523,8903505407647
SonicWall Advanced Network Load Balancer - Advanced Traffic Management,SEC-03706,GST,18,117313.17,133796.0,15,Hardware Firewalls & Networking,8517,8908131453948
Juniper Premium VPN Gateway Appliance - Standard,SEC-03707,GST,18,88143.66,102784.0,19,Hardware Firewalls & Networking,8517,8904584584022
Synology Premium SAN Storage Array - All-Flash SAN,SEC-03708,GST,18,913715.67,1081018.0,3,Servers & Data Storage,8471,8906672527934
McAfee Data Loss Prevention (DLP) License - Per User,SEC-03709,GST,18,5406.01,6963.0,202,Endpoint Security & Software Licenses,8523,8902108306344
Supermicro Premium SAN Storage Array - Entry Level,SEC-03710,GST,18,290734.28,342434.0,7,Servers & Data Storage,8471,8905754237353
Kaspersky Enterprise Mobile Device Management (MDM) - Monthly per Device,SEC-03711,GST,18,241.46,310.0,366,Endpoint Security & Software Licenses,8523,8908322535022
Managed Network Monitoring Service (NOC) - Monthly Advanced Proactive,SEC-03712,GST,18,2399.06,5626.0,21,Managed IT Services & AMC,998316,8907137058775
HPE Advanced 2U Storage Server - Basic Array,SEC-03713,GST,18,156468.98,193416.0,3,Servers & Data Storage,8471,8904023420338
Retained Enterprise Remote Helpdesk Support - Annual 24/7 SLA,SEC-03714,GST,18,4694.11,14797.0,18,Managed IT Services & AMC,998316,8905002156383
Managed Pro Cloud Infrastructure Management - Quarterly Audit & Fix,SEC-03715,GST,18,20004.84,50177.0,29,Managed IT Services & AMC,998316,8909491997851
Supermicro Secure Network Attached Storage (NAS) - 8-Bay Rackmount,SEC-03716,GST,18,46017.9,52329.0,7,Servers & Data Storage,8471,8909677375942
Audit Next-Gen Vulnerability Assessment (VAPT) - Mobile App,SEC-03717,GST,18,26660.82,69074.0,30,Cybersecurity Consulting & Audits,998313,8906633428091
Cisco Standard Wireless Access Point (WAP) - High-Density,SEC-03718,GST,18,15821.14,17812.0,21,Hardware Firewalls & Networking,8517,8907705491140
Managed Cloud-Managed Network Monitoring Service (NOC) - Monthly Advanced Proactive,SEC-03719,GST,18,1972.68,6837.0,32,Managed IT Services & AMC,998316,8907490753513
Audit Cloud-Managed ISO 27001 Compliance Audit - Full Implementation Support,SEC-03720,GST,18,116155.58,330800.0,19,Cybersecurity Consulting & Audits,998313,8904956515822
Dell EMC Unified Server Rack Cabinet - 42U Heavy Duty,SEC-03721,GST,18,30416.35,35019.0,15,Servers & Data Storage,8471,8907656124983
Lenovo Enterprise Network Attached Storage (NAS) - 4-Bay Desktop,SEC-03722,GST,18,36557.05,44593.0,14,Servers & Data Storage,8471,8909389252914
Audit Secure Phishing Simulation & Training - Quarterly Campaign,SEC-03723,GST,18,9371.39,27990.0,44,Cybersecurity Consulting & Audits,998313,8900831168674
SentinelOne Next-Gen Mobile Device Management (MDM) - Annual per Device,SEC-03724,GST,18,1217.86,1510.0,51,Endpoint Security & Software Licenses,8523,8907181169441
Audit Standard Phishing Simulation & Training - Annual Enterprise Program,SEC-03725,GST,18,20917.35,65761.0,48,Cybersecurity Consulting & Audits,998313,8900153987405
CrowdStrike Email Security & Anti-Spam - Per Mailbox / Year,SEC-03726,GST,18,1334.69,1805.0,348,Endpoint Security & Software Licenses,8523,8904985117426
Cisco Unified Managed Gigabit Switch - 24-Port PoE,SEC-03727,GST,18,29209.37,33430.0,4,Hardware Firewalls & Networking,8517,8902285893708
Fortinet Unified Managed Gigabit Switch - 48-Port PoE,SEC-03728,GST,18,88131.54,99903.0,4,Hardware Firewalls & Networking,8517,8908910049246
Juniper Next-Gen Next-Generation Firewall (NGFW) - Entry Level,SEC-03729,GST,18,87977.94,100201.0,22,Hardware Firewalls & Networking,8517,8909972631508
Fortinet Cloud-Managed Network Load Balancer - Advanced Traffic Management,SEC-03730,GST,18,110605.66,122542.0,23,Hardware Firewalls & Networking,8517,8902957903540
Managed Next-Gen Remote Helpdesk Support - Annual 24/7 SLA,SEC-03731,GST,18,4023.62,13191.0,41,Managed IT Services & AMC,998316,8908488769186
SentinelOne Standard Email Security & Anti-Spam - Domain License,SEC-03732,GST,18,1597.74,1943.0,171,Endpoint Security & Software Licenses,8523,8904960593706
Synology Secure 2U Storage Server - Basic Array,SEC-03733,GST,18,114368.06,130443.0,8,Servers & Data Storage,8471,8906113887057
Juniper VPN Gateway Appliance - Standard,SEC-03734,GST,18,76232.03,89544.0,13,Hardware Firewalls & Networking,8517,8904870096461
Bitdefender Next-Gen Email Security & Anti-Spam - Domain License,SEC-03735,GST,18,1016.91,1384.0,312,Endpoint Security & Software Licenses,8523,8905601668586
Managed Pro On-Site Support Engineer - Full-time Dedicated/Month,SEC-03736,GST,18,21338.27,52500.0,33,Managed IT Services & AMC,998316,8905393036199
Audit Premium Penetration Testing Service - White Box,SEC-03737,GST,18,29564.86,83155.0,49,Cybersecurity Consulting & Audits,998313,8906157423683
Retained Pro On-Site Support Engineer - Part-time/Month,SEC-03738,GST,18,10257.09,27704.0,40,Managed IT Services & AMC,998316,8906588074612
Cisco Enterprise VPN Gateway Appliance - High Availability,SEC-03739,GST,18,71346.31,81879.0,14,Hardware Firewalls & Networking,8517,8903636381392
HPE Enterprise 2U Storage Server - Basic Array,SEC-03740,GST,18,170830.61,192605.0,3,Servers & Data Storage,8471,8903799820487
Consulting Premium Penetration Testing Service - White Box,SEC-03741,GST,18,52925.09,113195.0,19,Cybersecurity Consulting & Audits,998313,8903579377590
Sophos Network Load Balancer - Basic,SEC-03742,GST,18,73405.6,87584.0,21,Hardware Firewalls & Networking,8517,8902013370457
Trend Micro Next-Gen Endpoint Detection and Response (EDR) - 1-Year 50 Devices,SEC-03743,GST,18,11571.47,14000.0,420,Endpoint Security & Software Licenses,8523,8907491139282
Synology Enterprise Server Rack Cabinet - 42U Heavy Duty,SEC-03744,GST,18,32918.04,38906.0,6,Servers & Data Storage,8471,8906831380033
Audit Unified Penetration Testing Service - White Box,SEC-03745,GST,18,32493.86,105623.0,17,Cybersecurity Consulting & Audits,998313,8906140476194
Bitdefender Secure Endpoint Detection and Response (EDR) - 1-Year 50 Devices,SEC-03746,GST,18,9235.03,12015.0,380,Endpoint Security & Software Licenses,8523,8901069942922
Dell EMC Next-Gen Server Rack Cabinet - 42U Heavy Duty,SEC-03747,GST,18,30839.4,38140.0,12,Servers & Data Storage,8471,8908932010898
Fortinet Pro VPN Gateway Appliance - Standard,SEC-03748,GST,18,60909.98,74287.0,22,Hardware Firewalls & Networking,8517,8907478301944
Fortinet Enterprise Network Load Balancer - Basic,SEC-03749,GST,18,74551.08,85019.0,6,Hardware Firewalls & Networking,8517,8905374249417
Advisory Unified Incident Response & Forensics - Per Incident Block Hours,SEC-03750,GST,18,68244.83,140925.0,18,Cybersecurity Consulting & Audits,998313,8909283109157
Ubiquiti Enterprise Next-Generation Firewall (NGFW) - Entry Level,SEC-03751,GST,18,83294.1,100856.0,16,Hardware Firewalls & Networking,8517,8909234102425
Cisco Pro Network Load Balancer - Advanced Traffic Management,SEC-03752,GST,18,82730.59,102383.0,7,Hardware Firewalls & Networking,8517,8906844187768
Advisory Unified Vulnerability Assessment (VAPT) - Mobile App,SEC-03753,GST,18,27826.06,82104.0,33,Cybersecurity Consulting & Audits,998313,8902962042975
Consulting Standard Vulnerability Assessment (VAPT) - Web Application,SEC-03754,GST,18,22295.51,74377.0,9,Cybersecurity Consulting & Audits,998313,8900082592306
CrowdStrike Cloud-Managed Endpoint Detection and Response (EDR) - 1-Year 10 Devices,SEC-03755,GST,18,3545.67,4854.0,216,Endpoint Security & Software Licenses,8523,8901528800496
Juniper Cloud-Managed Wireless Access Point (WAP) - WiFi 6 Outdoor,SEC-03756,GST,18,16846.76,19475.0,3,Hardware Firewalls & Networking,8517,8908495170420
Bitdefender Next-Gen Enterprise Antivirus Suite - 1-User 1-Year,SEC-03757,GST,18,1851.68,2429.0,470,Endpoint Security & Software Licenses,8523,8907526322844
Sophos Pro Managed Gigabit Switch - 10G Uplink,SEC-03758,GST,18,28074.4,33628.0,7,Hardware Firewalls & Networking,8517,8901037700233
Kaspersky Secure Enterprise Antivirus Suite - 1-User 1-Year,SEC-03759,GST,18,1752.87,2405.0,273,Endpoint Security & Software Licenses,8523,8902741570883
QNAP Enterprise SAN Storage Array - Entry Level,SEC-03760,GST,18,228128.01,254360.0,9,Servers & Data Storage,8471,8905434918924
Trend Micro Enterprise Data Loss Prevention (DLP) License - Per 10 Users,SEC-03761,GST,18,7219.07,9567.0,420,Endpoint Security & Software Licenses,8523,8903330403058
Ubiquiti Next-Gen Next-Generation Firewall (NGFW) - Mid-Range,SEC-03762,GST,18,170785.48,193915.0,2,Hardware Firewalls & Networking,8517,8906292580994
Audit Pro Incident Response & Forensics - Per Incident Block Hours,SEC-03763,GST,18,53447.11,122594.0,18,Cybersecurity Consulting & Audits,998313,8901293865568
SentinelOne Advanced Endpoint Detection and Response (EDR) - 1-Year 5 Devices,SEC-03764,GST,18,1663.51,2173.0,241,Endpoint Security & Software Licenses,8523,8903847927951
HPE Secure Network Attached Storage (NAS) - 8-Bay Rackmount,SEC-03765,GST,18,33421.05,37710.0,13,Servers & Data Storage,8471,8909146120140
Retained Enterprise On-Site Support Engineer - Part-time/Month,SEC-03766,GST,18,8168.04,21846.0,33,Managed IT Services & AMC,998316,8901601083173
SentinelOne Pro Email Security & Anti-Spam - Domain License,SEC-03767,GST,18,1045.06,1331.0,163,Endpoint Security & Software Licenses,8523,8903975317528
In-House Advanced Remote Helpdesk Support - Annual 24/7 SLA,SEC-03768,GST,18,6839.4,13915.0,46,Managed IT Services & AMC,998316,8900025937581
Audit Premium ISO 27001 Compliance Audit - Readiness Assessment,SEC-03769,GST,18,47124.29,133878.0,22,Cybersecurity Consulting & Audits,998313,8900897578423
CrowdStrike Advanced Email Security & Anti-Spam - Per Mailbox / Year,SEC-03770,GST,18,1428.51,1803.0,106,Endpoint Security & Software Licenses,8523,8904928841634
Bitdefender Unified Mobile Device Management (MDM) - Monthly per Device,SEC-03771,GST,18,209.63,269.0,452,Endpoint Security & Software Licenses,8523,8903920551570
SentinelOne Pro Data Loss Prevention (DLP) License - Enterprise Site License,SEC-03772,GST,18,19922.84,24828.0,198,Endpoint Security & Software Licenses,8523,8903494815988
Supermicro Unified SAN Storage Array - Hybrid Array,SEC-03773,GST,18,417607.5,473180.0,23,Servers & Data Storage,8471,8907314029030
Ubiquiti Premium Next-Generation Firewall (NGFW) - Enterprise Tier,SEC-03774,GST,18,306782.92,341640.0,5,Hardware Firewalls & Networking,8517,8904075597862
Juniper Enterprise VPN Gateway Appliance - Standard,SEC-03775,GST,18,73913.06,89503.0,11,Hardware Firewalls & Networking,8517,8903053447550
Audit Advanced Penetration Testing Service - Grey Box,SEC-03776,GST,18,34204.68,95771.0,11,Cybersecurity Consulting & Audits,998313,8906137195880
In-House Standard Remote Helpdesk Support - Quarterly SLA,SEC-03777,GST,18,6127.48,14307.0,26,Managed IT Services & AMC,998316,8904284686387
Dell EMC Pro 2U Storage Server - Basic Array,SEC-03778,GST,18,131227.37,159395.0,6,Servers & Data Storage,8471,8907049432740
Synology Next-Gen Network Attached Storage (NAS) - 8-Bay Rackmount,SEC-03779,GST,18,38403.54,43284.0,13,Servers & Data Storage,8471,8908023310818
Trend Micro Next-Gen Data Loss Prevention (DLP) License - Enterprise Site License,SEC-03780,GST,18,18154.07,24754.0,432,Endpoint Security & Software Licenses,8523,8901438827374
Audit Enterprise Incident Response & Forensics - Per Incident Block Hours,SEC-03781,GST,18,58895.09,125841.0,46,Cybersecurity Consulting & Audits,998313,8901324062146
Sophos Enterprise Managed Gigabit Switch - 48-Port PoE,SEC-03782,GST,18,73110.71,89155.0,9,Hardware Firewalls & Networking,8517,8907025556348
Cisco Secure Next-Generation Firewall (NGFW) - Enterprise Tier,SEC-03783,GST,18,331185.23,386878.0,5,Hardware Firewalls & Networking,8517,8908074922396
Managed Secure Remote Helpdesk Support - Annual 24/7 SLA,SEC-03784,GST,18,5838.19,17271.0,11,Managed IT Services & AMC,998316,8909082745745
Managed Secure On-Site Support Engineer - Part-time/Month,SEC-03785,GST,18,8259.76,21840.0,17,Managed IT Services & AMC,998316,8903736435371
Dell EMC Pro Network Attached Storage (NAS) - 8-Bay Rackmount,SEC-03786,GST,18,33537.21,37193.0,3,Servers & Data Storage,8471,8909583042863
HPE Advanced 1U Rack Server - Intel Xeon 16GB,SEC-03787,GST,18,149869.63,180323.0,17,Servers & Data Storage,8471,8904744936673
Symantec Premium Endpoint Detection and Response (EDR) - 1-Year 10 Devices,SEC-03788,GST,18,3787.78,4771.0,135,Endpoint Security & Software Licenses,8523,8908974093934
Consulting Unified Phishing Simulation & Training - Annual Enterprise Program,SEC-03789,GST,18,25924.88,75160.0,17,Cybersecurity Consulting & Audits,998313,8905395621542
In-House Standard Cloud Infrastructure Management - Quarterly Audit & Fix,SEC-03790,GST,18,22746.72,63870.0,46,Managed IT Services & AMC,998316,8902670136191
Managed Advanced Cloud Infrastructure Management - Monthly AWS/Azure,SEC-03791,GST,18,5484.95,11960.0,46,Managed IT Services & AMC,998316,8907759414477
Dell EMC Pro Network Attached Storage (NAS) - 8-Bay Rackmount,SEC-03792,GST,18,44992.52,56067.0,16,Servers & Data Storage,8471,8906979162762
Symantec Premium Email Security & Anti-Spam - Domain License,SEC-03793,GST,18,1418.63,1765.0,69,Endpoint Security & Software Licenses,8523,8907982338917
Advisory Secure Penetration Testing Service - Grey Box,SEC-03794,GST,18,47552.61,110869.0,16,Cybersecurity Consulting & Audits,998313,8901187816269
Advisory Secure Phishing Simulation & Training - Quarterly Campaign,SEC-03795,GST,18,13442.9,29248.0,8,Cybersecurity Consulting & Audits,998313,8905973446850
Ubiquiti Wireless Access Point (WAP) - WiFi 6 Outdoor,SEC-03796,GST,18,17533.68,20488.0,23,Hardware Firewalls & Networking,8517,8909293616629
Ubiquiti VPN Gateway Appliance - Standard,SEC-03797,GST,18,67861.85,84732.0,14,Hardware Firewalls & Networking,8517,8903677639663
Symantec Cloud-Managed Mobile Device Management (MDM) - Monthly per Device,SEC-03798,GST,18,142.11,193.0,281,Endpoint Security & Software Licenses,8523,8905504084138
QNAP Standard Server Rack Cabinet - 24U Standard,SEC-03799,GST,18,25410.28,29161.0,6,Servers & Data Storage,8471,8908207907798
Consulting Next-Gen Phishing Simulation & Training - Quarterly Campaign,SEC-03800,GST,18,8460.07,22177.0,9,Cybersecurity Consulting & Audits,998313,8906640280280
HPE Enterprise 2U Storage Server - Large Capacity HDD,SEC-03801,GST,18,204433.57,236773.0,4,Servers & Data Storage,8471,8906517586662
Managed Enterprise Cloud Infrastructure Management - Monthly AWS/Azure,SEC-03802,GST,18,4450.19,12535.0,38,Managed IT Services & AMC,998316,8903392384099
Sophos Unified VPN Gateway Appliance - Standard,SEC-03803,GST,18,74872.69,85222.0,19,Hardware Firewalls & Networking,8517,8905774273598
CrowdStrike Secure Mobile Device Management (MDM) - Monthly per Device,SEC-03804,GST,18,185.23,228.0,435,Endpoint Security & Software Licenses,8523,8909264652967
Advisory Next-Gen Phishing Simulation & Training - Quarterly Campaign,SEC-03805,GST,18,8090.47,27552.0,49,Cybersecurity Consulting & Audits,998313,8906680731001
Retained Cloud-Managed Cloud Infrastructure Management - Quarterly Audit & Fix,SEC-03806,GST,18,16510.12,49577.0,8,Managed IT Services & AMC,998316,8902200364238
HPE Secure 2U Storage Server - High IOPS NVMe,SEC-03807,GST,18,201536.4,222585.0,11,Servers & Data Storage,8471,8901245621202
McAfee Enterprise Endpoint Detection and Response (EDR) - 1-Year 50 Devices,SEC-03808,GST,18,6969.76,9596.0,341,Endpoint Security & Software Licenses,8523,8906545255176
Bitdefender Cloud-Managed Email Security & Anti-Spam - Per Mailbox / Year,SEC-03809,GST,18,1080.74,1427.0,215,Endpoint Security & Software Licenses,8523,8900926289757
Dell EMC Standard 2U Storage Server - Large Capacity HDD,SEC-03810,GST,18,208809.85,235845.0,2,Servers & Data Storage,8471,8906143288589
Advisory Phishing Simulation & Training - Quarterly Campaign,SEC-03811,GST,18,8769.37,28237.0,6,Cybersecurity Consulting & Audits,998313,8906998189237
Fortinet Wireless Access Point (WAP) - WiFi 6 Outdoor,SEC-03812,GST,18,13397.04,14930.0,5,Hardware Firewalls & Networking,8517,8903646890688
Retained Pro Network Monitoring Service (NOC) - Monthly Basic,SEC-03813,GST,18,10430.76,23087.0,34,Managed IT Services & AMC,998316,8907905387518
Advisory Enterprise Penetration Testing Service - Grey Box,SEC-03814,GST,18,33068.33,115237.0,41,Cybersecurity Consulting & Audits,998313,8907039773380
Cisco Pro Next-Generation Firewall (NGFW) - Mid-Range,SEC-03815,GST,18,107085.15,132374.0,24,Hardware Firewalls & Networking,8517,8906944104232
Fortinet Secure Network Load Balancer - Advanced Traffic Management,SEC-03816,GST,18,114361.82,128784.0,24,Hardware Firewalls & Networking,8517,8903348781934
Dell EMC Unified 1U Rack Server - Dual CPU 64GB,SEC-03817,GST,18,174235.5,202029.0,12,Servers & Data Storage,8471,8907325141561
In-House Enterprise Comprehensive IT AMC - 1-10 PCs,SEC-03818,GST,18,33603.92,73045.0,42,Managed IT Services & AMC,998316,8907924761740
Lenovo Premium 2U Storage Server - Large Capacity HDD,SEC-03819,GST,18,178188.7,204886.0,14,Servers & Data Storage,8471,8908417273406
Advisory Standard ISO 27001 Compliance Audit - Full Implementation Support,SEC-03820,GST,18,108406.97,342596.0,29,Cybersecurity Consulting & Audits,998313,8903015089229
Audit Advanced Vulnerability Assessment (VAPT) - Mobile App,SEC-03821,GST,18,18016.26,56699.0,18,Cybersecurity Consulting & Audits,998313,8907045038607
QNAP Premium Network Attached Storage (NAS) - 4-Bay Desktop,SEC-03822,GST,18,38473.87,45229.0,8,Servers & Data Storage,8471,8904512951972
Consulting Next-Gen ISO 27001 Compliance Audit - Full Implementation Support,SEC-03823,GST,18,126650.84,371932.0,20,Cybersecurity Consulting & Audits,998313,8901602786348
Managed Standard Network Monitoring Service (NOC) - Monthly Advanced Proactive,SEC-03824,GST,18,1860.81,6067.0,31,Managed IT Services & AMC,998316,8909552110953
Palo Alto Cloud-Managed Next-Generation Firewall (NGFW) - Mid-Range,SEC-03825,GST,18,154338.4,180698.0,19,Hardware Firewalls & Networking,8517,8905971341129
Supermicro Next-Gen Server Rack Cabinet - Co-location Rack,SEC-03826,GST,18,25579.92,29174.0,8,Servers & Data Storage,8471,8908524796554
CrowdStrike Secure Email Security & Anti-Spam - Domain License,SEC-03827,GST,18,1070.94,1396.0,221,Endpoint Security & Software Licenses,8523,8909806904398
Retained On-Site Support Engineer - Full-time Dedicated/Month,SEC-03828,GST,18,17894.78,50411.0,24,Managed IT Services & AMC,998316,8904060269095
Advisory Advanced Vulnerability Assessment (VAPT) - Network Infrastructure,SEC-03829,GST,18,19456.43,55422.0,41,Cybersecurity Consulting & Audits,998313,8909020777308
Audit Premium ISO 27001 Compliance Audit - Readiness Assessment,SEC-03830,GST,18,46068.4,132210.0,18,Cybersecurity Consulting & Audits,998313,8903677052979
Lenovo Enterprise 2U Storage Server - Large Capacity HDD,SEC-03831,GST,18,174762.18,212641.0,24,Servers & Data Storage,8471,8907913253325
Consulting Premium Incident Response & Forensics - Per Incident Block Hours,SEC-03832,GST,18,53921.05,114230.0,16,Cybersecurity Consulting & Audits,998313,8907422121154
McAfee Premium Email Security & Anti-Spam - Domain License,SEC-03833,GST,18,1039.11,1309.0,258,Endpoint Security & Software Licenses,8523,8901016810713
Managed Pro On-Site Support Engineer - Full-time Dedicated/Month,SEC-03834,GST,18,12401.4,36333.0,45,Managed IT Services & AMC,998316,8905146073720
CrowdStrike Advanced Enterprise Antivirus Suite - Server Edition,SEC-03835,GST,18,1871.5,2541.0,54,Endpoint Security & Software Licenses,8523,8904401217856
Supermicro Cloud-Managed Network Attached Storage (NAS) - 4-Bay Desktop,SEC-03836,GST,18,32644.76,37560.0,3,Servers & Data Storage,8471,8901290431286
Advisory Unified Phishing Simulation & Training - Annual Enterprise Program,SEC-03837,GST,18,24911.59,60789.0,44,Cybersecurity Consulting & Audits,998313,8908363320948
Palo Alto Pro Network Load Balancer - Advanced Traffic Management,SEC-03838,GST,18,85167.78,101124.0,20,Hardware Firewalls & Networking,8517,8909087014618
In-House Pro Remote Helpdesk Support - Quarterly SLA,SEC-03839,GST,18,8511.47,18675.0,29,Managed IT Services & AMC,998316,8907831464250
Consulting Advanced Penetration Testing Service - Black Box,SEC-03840,GST,18,36228.62,106823.0,44,Cybersecurity Consulting & Audits,998313,8906964773237
Lenovo Advanced Server Rack Cabinet - Co-location Rack,SEC-03841,GST,18,32218.44,38578.0,9,Servers & Data Storage,8471,8903240618694
In-House Network Monitoring Service (NOC) - Monthly Advanced Proactive,SEC-03842,GST,18,3797.17,8446.0,33,Managed IT Services & AMC,998316,8904505695826
Juniper Pro VPN Gateway Appliance - Standard,SEC-03843,GST,18,70367.29,79752.0,18,Hardware Firewalls & Networking,8517,8901258025621
Advisory Cloud-Managed ISO 27001 Compliance Audit - Full Implementation Support,SEC-03844,GST,18,99682.07,308911.0,8,Cybersecurity Consulting & Audits,998313,8904241426562
In-House Enterprise Cloud Infrastructure Management - Monthly AWS/Azure,SEC-03845,GST,18,4228.47,10019.0,6,Managed IT Services & AMC,998316,8907247660531
QNAP Pro SAN Storage Array - Hybrid Array,SEC-03846,GST,18,440017.17,515551.0,14,Servers & Data Storage,8471,8909377724242
Retained Advanced Network Monitoring Service (NOC) - Monthly Basic,SEC-03847,GST,18,8561.1,25689.0,45,Managed IT Services & AMC,998316,8906128261249
Consulting Phishing Simulation & Training - Annual Enterprise Program,SEC-03848,GST,18,20738.07,67726.0,47,Cybersecurity Consulting & Audits,998313,8908194068127
Bitdefender Premium Endpoint Detection and Response (EDR) - 1-Year 50 Devices,SEC-03849,GST,18,8825.01,10655.0,267,Endpoint Security & Software Licenses,8523,8907325868481
Palo Alto Unified Managed Gigabit Switch - 48-Port PoE,SEC-03850,GST,18,59024.2,73248.0,13,Hardware Firewalls & Networking,8517,8906938651205
CrowdStrike Next-Gen Data Loss Prevention (DLP) License - Per User,SEC-03851,GST,18,5330.45,6912.0,265,Endpoint Security & Software Licenses,8523,8904770169620
Supermicro Cloud-Managed 2U Storage Server - Basic Array,SEC-03852,GST,18,103626.22,129413.0,14,Servers & Data Storage,8471,8905381378956
HPE Pro Network Attached Storage (NAS) - 8-Bay Rackmount,SEC-03853,GST,18,35672.44,44222.0,7,Servers & Data Storage,8471,8909045896385
Advisory Premium Penetration Testing Service - White Box,SEC-03854,GST,18,42396.21,87279.0,22,Cybersecurity Consulting & Audits,998313,8905106660588
Ubiquiti Advanced Wireless Access Point (WAP) - High-Density,SEC-03855,GST,18,17824.96,20172.0,22,Hardware Firewalls & Networking,8517,8908158832257
Sophos Cloud-Managed Next-Generation Firewall (NGFW) - Entry Level,SEC-03856,GST,18,83231.77,96430.0,23,Hardware Firewalls & Networking,8517,8900289281498
Advisory ISO 27001 Compliance Audit - Full Implementation Support,SEC-03857,GST,18,198015.14,424098.0,50,Cybersecurity Consulting & Audits,998313,8907815483611
Symantec Pro Email Security & Anti-Spam - Per Mailbox / Year,SEC-03858,GST,18,1495.63,1911.0,377,Endpoint Security & Software Licenses,8523,8904493474303
Trend Micro Unified Enterprise Antivirus Suite - 5-User 1-Year,SEC-03859,GST,18,1584.18,2147.0,465,Endpoint Security & Software Licenses,8523,8905661155681
In-House Enterprise On-Site Support Engineer - Full-time Dedicated/Month,SEC-03860,GST,18,20005.15,51115.0,37,Managed IT Services & AMC,998316,8907660178296
Juniper Unified Wireless Access Point (WAP) - High-Density,SEC-03861,GST,18,14083.75,16448.0,19,Hardware Firewalls & Networking,8517,8900279727301
Consulting Cloud-Managed Phishing Simulation & Training - Annual Enterprise Program,SEC-03862,GST,18,23881.89,76247.0,14,Cybersecurity Consulting & Audits,998313,8901745658988
Symantec Next-Gen Email Security & Anti-Spam - Domain License,SEC-03863,GST,18,1127.98,1422.0,165,Endpoint Security & Software Licenses,8523,8908068414579
McAfee Next-Gen Mobile Device Management (MDM) - Monthly per Device,SEC-03864,GST,18,233.35,296.0,267,Endpoint Security & Software Licenses,8523,8907997281561
Supermicro Pro 1U Rack Server - Intel Xeon 16GB,SEC-03865,GST,18,181605.48,221101.0,14,Servers & Data Storage,8471,8903916949739
Managed Cloud-Managed On-Site Support Engineer - Full-time Dedicated/Month,SEC-03866,GST,18,13163.79,44246.0,23,Managed IT Services & AMC,998316,8907181753409
In-House Secure On-Site Support Engineer - Full-time Dedicated/Month,SEC-03867,GST,18,12028.68,38553.0,25,Managed IT Services & AMC,998316,8906344060210
Audit Cloud-Managed Phishing Simulation & Training - Quarterly Campaign,SEC-03868,GST,18,9446.38,27687.0,31,Cybersecurity Consulting & Audits,998313,8907278332263
In-House Cloud-Managed Comprehensive IT AMC - Server & Network Included,SEC-03869,GST,18,42391.24,95867.0,17,Managed IT Services & AMC,998316,8906981200678
Advisory Unified Penetration Testing Service - White Box,SEC-03870,GST,18,30295.89,77427.0,32,Cybersecurity Consulting & Audits,998313,8909147012983
Consulting Enterprise ISO 27001 Compliance Audit - Full Implementation Support,SEC-03871,GST,18,99156.04,314735.0,22,Cybersecurity Consulting & Audits,998313,8906071500665
QNAP Premium Network Attached Storage (NAS) - 4-Bay Desktop,SEC-03872,GST,18,31944.86,36710.0,17,Servers & Data Storage,8471,8908685922220
Juniper VPN Gateway Appliance - High Availability,SEC-03873,GST,18,88846.65,106350.0,11,Hardware Firewalls & Networking,8517,8901442018034
Dell EMC Next-Gen SAN Storage Array - Hybrid Array,SEC-03874,GST,18,417325.52,516806.0,4,Servers & Data Storage,8471,8907046687081
Retained Standard Cloud Infrastructure Management - Monthly AWS/Azure,SEC-03875,GST,18,3170.18,8403.0,11,Managed IT Services & AMC,998316,8902304658365
Consulting Standard Incident Response & Forensics - Retainer Setup,SEC-03876,GST,18,45900.12,120382.0,39,Cybersecurity Consulting & Audits,998313,8901366222086
SonicWall Standard Next-Generation Firewall (NGFW) - Entry Level,SEC-03877,GST,18,74961.66,82693.0,24,Hardware Firewalls & Networking,8517,8905096399478
Lenovo Standard Server Rack Cabinet - Co-location Rack,SEC-03878,GST,18,34638.83,40163.0,23,Servers & Data Storage,8471,8908247407943
McAfee Unified Data Loss Prevention (DLP) License - Per User,SEC-03879,GST,18,8073.24,10296.0,484,Endpoint Security & Software Licenses,8523,8906196213239
QNAP Standard Network Attached Storage (NAS) - 4-Bay Desktop,SEC-03880,GST,18,45572.05,56632.0,20,Servers & Data Storage,8471,8907610321658
Ubiquiti Cloud-Managed VPN Gateway Appliance - Standard,SEC-03881,GST,18,80237.17,96429.0,24,Hardware Firewalls & Networking,8517,8905119388309
Cisco Next-Gen Wireless Access Point (WAP) - High-Density,SEC-03882,GST,18,12658.67,15188.0,17,Hardware Firewalls & Networking,8517,8902919304201
Advisory Secure Incident Response & Forensics - Retainer Setup,SEC-03883,GST,18,45112.97,105605.0,10,Cybersecurity Consulting & Audits,998313,8908765672241
QNAP Premium SAN Storage Array - All-Flash SAN,SEC-03884,GST,18,1155184.77,1437170.0,18,Servers & Data Storage,8471,8904101959922
Lenovo Enterprise Server Rack Cabinet - 24U Standard,SEC-03885,GST,18,26420.71,32459.0,2,Servers & Data Storage,8471,8906615922209
Managed Standard Network Monitoring Service (NOC) - Monthly Advanced Proactive,SEC-03886,GST,18,2411.43,7531.0,40,Managed IT Services & AMC,998316,8902559143211
In-House Cloud-Managed Network Monitoring Service (NOC) - Monthly Advanced Proactive,SEC-03887,GST,18,2579.3,8176.0,9,Managed IT Services & AMC,998316,8908208086178
Ubiquiti Pro VPN Gateway Appliance - Standard,SEC-03888,GST,18,66272.0,82456.0,24,Hardware Firewalls & Networking,8517,8904732420570
Synology Secure Network Attached Storage (NAS) - 12-Bay Enterprise,SEC-03889,GST,18,106894.83,122650.0,2,Servers & Data Storage,8471,8907279290469
Consulting Unified Vulnerability Assessment (VAPT) - Web Application,SEC-03890,GST,18,26614.93,56660.0,19,Cybersecurity Consulting & Audits,998313,8907026167167
Synology Advanced 1U Rack Server - Intel Xeon 16GB,SEC-03891,GST,18,188647.4,209755.0,7,Servers & Data Storage,8471,8906210830832
Juniper Enterprise Network Load Balancer - Basic,SEC-03892,GST,18,69537.55,83139.0,20,Hardware Firewalls & Networking,8517,8903841531189
HPE Pro 1U Rack Server - Dual CPU 64GB,SEC-03893,GST,18,127224.92,151171.0,6,Servers & Data Storage,8471,8909887287713
Cisco Next-Gen Managed Gigabit Switch - 24-Port PoE,SEC-03894,GST,18,31217.35,36208.0,2,Hardware Firewalls & Networking,8517,8909007796427
Retained Unified Comprehensive IT AMC - Server & Network Included,SEC-03895,GST,18,33378.67,85195.0,28,Managed IT Services & AMC,998316,8903991385413
Juniper Enterprise VPN Gateway Appliance - High Availability,SEC-03896,GST,18,75905.5,90830.0,24,Hardware Firewalls & Networking,8517,8901954423344
Sophos Next-Gen Wireless Access Point (WAP) - High-Density,SEC-03897,GST,18,16308.61,20273.0,12,Hardware Firewalls & Networking,8517,8901088921710
Consulting Next-Gen Phishing Simulation & Training - Annual Enterprise Program,SEC-03898,GST,18,28373.0,60159.0,43,Cybersecurity Consulting & Audits,998313,8909646087254
Managed Pro Cloud Infrastructure Management - Quarterly Audit & Fix,SEC-03899,GST,18,20284.36,63649.0,40,Managed IT Services & AMC,998316,8901768353247
Audit Standard Vulnerability Assessment (VAPT) - Web Application,SEC-03900,GST,18,34928.35,77776.0,43,Cybersecurity Consulting & Audits,998313,8908974469316
Consulting Secure Vulnerability Assessment (VAPT) - Mobile App,SEC-03901,GST,18,35087.22,74031.0,23,Cybersecurity Consulting & Audits,998313,8909190704451
Consulting Phishing Simulation & Training - Annual Enterprise Program,SEC-03902,GST,18,32764.25,77262.0,6,Cybersecurity Consulting & Audits,998313,8906619017484
Lenovo Cloud-Managed 2U Storage Server - High IOPS NVMe,SEC-03903,GST,18,246627.28,305412.0,5,Servers & Data Storage,8471,8909306473908
Managed Next-Gen Remote Helpdesk Support - Quarterly SLA,SEC-03904,GST,18,5952.25,16904.0,15,Managed IT Services & AMC,998316,8904359513331
Retained Enterprise On-Site Support Engineer - Full-time Dedicated/Month,SEC-03905,GST,18,17075.27,40418.0,22,Managed IT Services & AMC,998316,8906935516978
Audit Unified Phishing Simulation & Training - Annual Enterprise Program,SEC-03906,GST,18,23851.26,74896.0,24,Cybersecurity Consulting & Audits,998313,8903971888427
SonicWall Secure VPN Gateway Appliance - High Availability,SEC-03907,GST,18,69140.3,85691.0,13,Hardware Firewalls & Networking,8517,8903928403476
Advisory Enterprise ISO 27001 Compliance Audit - Full Implementation Support,SEC-03908,GST,18,192905.85,474419.0,31,Cybersecurity Consulting & Audits,998313,8906899425328
Synology Premium Server Rack Cabinet - 24U Standard,SEC-03909,GST,18,34770.14,43196.0,2,Servers & Data Storage,8471,8901187213983
Sophos Premium Next-Generation Firewall (NGFW) - Enterprise Tier,SEC-03910,GST,18,363013.9,451932.0,22,Hardware Firewalls & Networking,8517,8905723861601
Advisory Standard Vulnerability Assessment (VAPT) - Mobile App,SEC-03911,GST,18,34126.17,80738.0,32,Cybersecurity Consulting & Audits,998313,8904069580518
CrowdStrike Unified Data Loss Prevention (DLP) License - Enterprise Site License,SEC-03912,GST,18,21350.48,26651.0,68,Endpoint Security & Software Licenses,8523,8903188497416
HPE Secure 2U Storage Server - Large Capacity HDD,SEC-03913,GST,18,198869.25,244329.0,9,Servers & Data Storage,8471,8903660235217
Consulting Standard Penetration Testing Service - Black Box,SEC-03914,GST,18,48813.51,110391.0,39,Cybersecurity Consulting & Audits,998313,8909130510271
Audit Enterprise ISO 27001 Compliance Audit - Readiness Assessment,SEC-03915,GST,18,46799.82,154481.0,41,Cybersecurity Consulting & Audits,998313,8906056233094
Retained Next-Gen Cloud Infrastructure Management - Quarterly Audit & Fix,SEC-03916,GST,18,17210.7,53167.0,17,Managed IT Services & AMC,998316,8904645829546
Synology Pro 2U Storage Server - Basic Array,SEC-03917,GST,18,172005.12,190285.0,25,Servers & Data Storage,8471,8900471662342
Symantec Advanced Endpoint Detection and Response (EDR) - 1-Year 5 Devices,SEC-03918,GST,18,2214.48,3015.0,461,Endpoint Security & Software Licenses,8523,8901940011295
Dell EMC Next-Gen SAN Storage Array - Hybrid Array,SEC-03919,GST,18,362380.85,425528.0,23,Servers & Data Storage,8471,8904146566370
In-House Unified Network Monitoring Service (NOC) - Monthly Basic,SEC-03920,GST,18,5563.63,18849.0,50,Managed IT Services & AMC,998316,8905143535546
HPE Next-Gen 2U Storage Server - Large Capacity HDD,SEC-03921,GST,18,271218.08,310566.0,14,Servers & Data Storage,8471,8906009749091
Synology Pro 1U Rack Server - Enterprise 128GB,SEC-03922,GST,18,398343.74,444043.0,5,Servers & Data Storage,8471,8904185940048
Advisory Premium ISO 27001 Compliance Audit - Full Implementation Support,SEC-03923,GST,18,156404.26,403515.0,28,Cybersecurity Consulting & Audits,998313,8904495697755
In-House Enterprise Remote Helpdesk Support - Monthly Retainer,SEC-03924,GST,18,698.05,2426.0,49,Managed IT Services & AMC,998316,8905229040150
Managed Enterprise Remote Helpdesk Support - Annual 24/7 SLA,SEC-03925,GST,18,6184.33,13280.0,11,Managed IT Services & AMC,998316,8907220943422
Ubiquiti Standard Managed Gigabit Switch - 48-Port PoE,SEC-03926,GST,18,84130.15,99453.0,13,Hardware Firewalls & Networking,8517,8907787341372
Dell EMC Secure SAN Storage Array - Entry Level,SEC-03927,GST,18,262584.58,313953.0,14,Servers & Data Storage,8471,8901877497895
Supermicro Secure Network Attached Storage (NAS) - 4-Bay Desktop,SEC-03928,GST,18,39020.1,48004.0,12,Servers & Data Storage,8471,8905995154143
In-House Next-Gen Network Monitoring Service (NOC) - Monthly Basic,SEC-03929,GST,18,6590.1,21977.0,20,Managed IT Services & AMC,998316,8900884860641
McAfee Premium Enterprise Antivirus Suite - 5-User 1-Year,SEC-03930,GST,18,1623.4,2168.0,346,Endpoint Security & Software Licenses,8523,8903375790155
Ubiquiti Cloud-Managed Network Load Balancer - Basic,SEC-03931,GST,18,56365.81,64875.0,11,Hardware Firewalls & Networking,8517,8905450529653
In-House Cloud-Managed Network Monitoring Service (NOC) - Monthly Advanced Proactive,SEC-03932,GST,18,2444.23,8139.0,43,Managed IT Services & AMC,998316,8908568350518
Lenovo Advanced Network Attached Storage (NAS) - 4-Bay Desktop,SEC-03933,GST,18,40106.79,46300.0,22,Servers & Data Storage,8471,8907014295033
Retained Next-Gen Remote Helpdesk Support - Quarterly SLA,SEC-03934,GST,18,6666.0,13687.0,11,Managed IT Services & AMC,998316,8901045498046
Palo Alto Enterprise Wireless Access Point (WAP) - WiFi 6 Indoor,SEC-03935,GST,18,17767.67,20112.0,21,Hardware Firewalls & Networking,8517,8906663491660
Trend Micro Unified Data Loss Prevention (DLP) License - Per 10 Users,SEC-03936,GST,18,7952.08,10894.0,344,Endpoint Security & Software Licenses,8523,8900455436233
Ubiquiti Advanced Managed Gigabit Switch - 24-Port PoE,SEC-03937,GST,18,33124.84,40007.0,19,Hardware Firewalls & Networking,8517,8901103877380
Palo Alto VPN Gateway Appliance - Standard,SEC-03938,GST,18,82331.1,97381.0,16,Hardware Firewalls & Networking,8517,8900666884331
Managed Next-Gen Comprehensive IT AMC - Server & Network Included,SEC-03939,GST,18,21668.75,72552.0,9,Managed IT Services & AMC,998316,8902724901405
Symantec Enterprise Email Security & Anti-Spam - Per Mailbox / Year,SEC-03940,GST,18,1119.05,1482.0,357,Endpoint Security & Software Licenses,8523,8908473843953
In-House Standard Network Monitoring Service (NOC) - Monthly Basic,SEC-03941,GST,18,10142.64,25401.0,19,Managed IT Services & AMC,998316,8905849620032
Dell EMC Standard 2U Storage Server - Basic Array,SEC-03942,GST,18,158206.41,188463.0,14,Servers & Data Storage,8471,8908601738555
McAfee Standard Endpoint Detection and Response (EDR) - 1-Year 10 Devices,SEC-03943,GST,18,4110.32,5008.0,410,Endpoint Security & Software Licenses,8523,8907614266244
Synology Premium SAN Storage Array - All-Flash SAN,SEC-03944,GST,18,1270097.45,1517022.0,24,Servers & Data Storage,8471,8901108002649
Sophos Wireless Access Point (WAP) - High-Density,SEC-03945,GST,18,15234.97,18689.0,18,Hardware Firewalls & Networking,8517,8909564252753
Palo Alto Premium VPN Gateway Appliance - Standard,SEC-03946,GST,18,73518.84,83417.0,7,Hardware Firewalls & Networking,8517,8905656337343
Kaspersky Email Security & Anti-Spam - Per Mailbox / Year,SEC-03947,GST,18,920.86,1245.0,468,Endpoint Security & Software Licenses,8523,8900024201277
In-House Advanced Cloud Infrastructure Management - Quarterly Audit & Fix,SEC-03948,GST,18,17168.9,49331.0,35,Managed IT Services & AMC,998316,8908744112848
Symantec Advanced Endpoint Detection and Response (EDR) - 1-Year 10 Devices,SEC-03949,GST,18,4502.56,5841.0,443,Endpoint Security & Software Licenses,8523,8902194047891
Synology Cloud-Managed SAN Storage Array - Entry Level,SEC-03950,GST,18,215471.43,250514.0,11,Servers & Data Storage,8471,8909899126382
Retained Enterprise Network Monitoring Service (NOC) - Monthly Basic,SEC-03951,GST,18,6071.5,20479.0,27,Managed IT Services & AMC,998316,8900973330987
Sophos Enterprise Network Load Balancer - Basic,SEC-03952,GST,18,71069.59,87882.0,19,Hardware Firewalls & Networking,8517,8905270497344
SentinelOne Enterprise Mobile Device Management (MDM) - Monthly per Device,SEC-03953,GST,18,183.61,238.0,341,Endpoint Security & Software Licenses,8523,8906591311015
HPE Next-Gen 1U Rack Server - Enterprise 128GB,SEC-03954,GST,18,309122.52,380988.0,20,Servers & Data Storage,8471,8905881236886
In-House Pro On-Site Support Engineer - Part-time/Month,SEC-03955,GST,18,6924.65,23600.0,11,Managed IT Services & AMC,998316,8901395225494
Bitdefender Standard Endpoint Detection and Response (EDR) - 1-Year 5 Devices,SEC-03956,GST,18,2134.18,2794.0,102,Endpoint Security & Software Licenses,8523,8900132470730
Audit Enterprise ISO 27001 Compliance Audit - Readiness Assessment,SEC-03957,GST,18,57207.58,133537.0,27,Cybersecurity Consulting & Audits,998313,8907454517330
Palo Alto Enterprise Wireless Access Point (WAP) - High-Density,SEC-03958,GST,18,18803.7,21969.0,13,Hardware Firewalls & Networking,8517,8907815916655
Juniper Next-Gen VPN Gateway Appliance - Standard,SEC-03959,GST,18,75185.71,84443.0,8,Hardware Firewalls & Networking,8517,8906017147222
Consulting Pro ISO 27001 Compliance Audit - Full Implementation Support,SEC-03960,GST,18,167732.17,477425.0,50,Cybersecurity Consulting & Audits,998313,8905164418054
Fortinet Pro Network Load Balancer - Advanced Traffic Management,SEC-03961,GST,18,104047.17,127064.0,2,Hardware Firewalls & Networking,8517,8909420796199
Juniper Network Load Balancer - Advanced Traffic Management,SEC-03962,GST,18,108111.67,128516.0,12,Hardware Firewalls & Networking,8517,8909131187087
Consulting Unified Vulnerability Assessment (VAPT) - Network Infrastructure,SEC-03963,GST,18,26805.52,81519.0,48,Cybersecurity Consulting & Audits,998313,8901671656709
Advisory Next-Gen Phishing Simulation & Training - Annual Enterprise Program,SEC-03964,GST,18,30641.54,66718.0,32,Cybersecurity Consulting & Audits,998313,8908203852857
Advisory Secure Vulnerability Assessment (VAPT) - Web Application,SEC-03965,GST,18,34039.48,82807.0,49,Cybersecurity Consulting & Audits,998313,8901506898511
Consulting Cloud-Managed Vulnerability Assessment (VAPT) - Web Application,SEC-03966,GST,18,23484.16,74048.0,36,Cybersecurity Consulting & Audits,998313,8908734808514
Advisory Secure Phishing Simulation & Training - Annual Enterprise Program,SEC-03967,GST,18,29910.32,64313.0,29,Cybersecurity Consulting & Audits,998313,8909540231342
Retained Cloud-Managed Remote Helpdesk Support - Annual 24/7 SLA,SEC-03968,GST,18,6521.52,16409.0,11,Managed IT Services & AMC,998316,8903957001684
CrowdStrike Enterprise Enterprise Antivirus Suite - 1-User 1-Year,SEC-03969,GST,18,1789.85,2485.0,139,Endpoint Security & Software Licenses,8523,8903878930381
Trend Micro Premium Mobile Device Management (MDM) - Annual per Device,SEC-03970,GST,18,855.67,1125.0,497,Endpoint Security & Software Licenses,8523,8902629225953
Managed Premium Remote Helpdesk Support - Monthly Retainer,SEC-03971,GST,18,1234.14,3486.0,28,Managed IT Services & AMC,998316,8903272720667
McAfee Secure Email Security & Anti-Spam - Per Mailbox / Year,SEC-03972,GST,18,1465.12,1904.0,58,Endpoint Security & Software Licenses,8523,8903753745088
Dell EMC Advanced SAN Storage Array - Hybrid Array,SEC-03973,GST,18,459398.13,540917.0,16,Servers & Data Storage,8471,8900496729427
Audit Cloud-Managed Incident Response & Forensics - Retainer Setup,SEC-03974,GST,18,45507.42,150461.0,18,Cybersecurity Consulting & Audits,998313,8907980047202
Consulting Pro Incident Response & Forensics - Retainer Setup,SEC-03975,GST,18,45959.68,130698.0,36,Cybersecurity Consulting & Audits,998313,8900877015242
McAfee Premium Enterprise Antivirus Suite - 1-User 1-Year,SEC-03976,GST,18,2059.14,2523.0,343,Endpoint Security & Software Licenses,8523,8903210367400
Audit Advanced ISO 27001 Compliance Audit - Full Implementation Support,SEC-03977,GST,18,123246.22,393171.0,37,Cybersecurity Consulting & Audits,998313,8903181803430
In-House Premium Network Monitoring Service (NOC) - Monthly Basic,SEC-03978,GST,18,8522.5,26591.0,24,Managed IT Services & AMC,998316,8905082759868
Kaspersky Unified Endpoint Detection and Response (EDR) - 1-Year 50 Devices,SEC-03979,GST,18,8071.27,10576.0,409,Endpoint Security & Software Licenses,8523,8904674822328
Managed Premium Remote Helpdesk Support - Quarterly SLA,SEC-03980,GST,18,5902.01,14271.0,34,Managed IT Services & AMC,998316,8901742658840
Managed Enterprise Comprehensive IT AMC - 1-10 PCs,SEC-03981,GST,18,36608.79,77798.0,32,Managed IT Services & AMC,998316,8900124181160
Managed Standard Remote Helpdesk Support - Annual 24/7 SLA,SEC-03982,GST,18,3573.01,12172.0,30,Managed IT Services & AMC,998316,8909262168472
Sophos Pro Next-Generation Firewall (NGFW) - Mid-Range,SEC-03983,GST,18,109179.38,125207.0,3,Hardware Firewalls & Networking,8517,8909244329540
SentinelOne Enterprise Mobile Device Management (MDM) - Annual per Device,SEC-03984,GST,18,797.93,1049.0,251,Endpoint Security & Software Licenses,8523,8901724727318
Consulting Cloud-Managed Phishing Simulation & Training - Quarterly Campaign,SEC-03985,GST,18,12761.03,31431.0,29,Cybersecurity Consulting & Audits,998313,8902037445719
Audit Pro Phishing Simulation & Training - Annual Enterprise Program,SEC-03986,GST,18,26459.25,58799.0,45,Cybersecurity Consulting & Audits,998313,8901421140781
Synology SAN Storage Array - All-Flash SAN,SEC-03987,GST,18,910402.13,1082422.0,17,Servers & Data Storage,8471,8900383942713
Symantec Premium Data Loss Prevention (DLP) License - Per 10 Users,SEC-03988,GST,18,6208.98,8568.0,390,Endpoint Security & Software Licenses,8523,8909222571640
Cisco Advanced Network Load Balancer - Advanced Traffic Management,SEC-03989,GST,18,98091.62,111816.0,22,Hardware Firewalls & Networking,8517,8904564663971
Audit Premium Vulnerability Assessment (VAPT) - Web Application,SEC-03990,GST,18,27327.45,64534.0,36,Cybersecurity Consulting & Audits,998313,8905997949756
Managed Cloud-Managed Cloud Infrastructure Management - Quarterly Audit & Fix,SEC-03991,GST,18,20589.27,56498.0,30,Managed IT Services & AMC,998316,8907491348169
CrowdStrike Enterprise Enterprise Antivirus Suite - 1-User 1-Year,SEC-03992,GST,18,1930.57,2379.0,266,Endpoint Security & Software Licenses,8523,8904532442146
Fortinet Next-Generation Firewall (NGFW) - Mid-Range,SEC-03993,GST,18,138172.98,158527.0,21,Hardware Firewalls & Networking,8517,8900058198365
Juniper Wireless Access Point (WAP) - WiFi 6 Outdoor,SEC-03994,GST,18,12541.78,14916.0,4,Hardware Firewalls & Networking,8517,8908376539790
Cisco Enterprise VPN Gateway Appliance - Standard,SEC-03995,GST,18,60839.39,71878.0,17,Hardware Firewalls & Networking,8517,8905095035451
Synology Advanced Network Attached Storage (NAS) - 4-Bay Desktop,SEC-03996,GST,18,43923.39,52319.0,11,Servers & Data Storage,8471,8902208595031
Supermicro Secure 1U Rack Server - Dual CPU 64GB,SEC-03997,GST,18,195868.66,225938.0,21,Servers & Data Storage,8471,8905924197166
McAfee Premium Enterprise Antivirus Suite - 5-User 1-Year,SEC-03998,GST,18,1411.38,1718.0,380,Endpoint Security & Software Licenses,8523,8907032803253
Audit Enterprise Phishing Simulation & Training - Quarterly Campaign,SEC-03999,GST,18,7205.45,23344.0,50,Cybersecurity Consulting & Audits,998313,8909179216514
Audit Enterprise Vulnerability Assessment (VAPT) - Web Application,SEC-04000,GST,18,31067.93,81169.0,36,Cybersecurity Consulting & Audits,998313,8902611737021
Symantec Secure Email Security & Anti-Spam - Domain License,SEC-04001,GST,18,992.09,1231.0,216,Endpoint Security & Software Licenses,8523,8909967313121
Dell EMC Pro 2U Storage Server - High IOPS NVMe,SEC-04002,GST,18,193251.38,231893.0,14,Servers & Data Storage,8471,8906291362153
Advisory Cloud-Managed ISO 27001 Compliance Audit - Readiness Assessment,SEC-04003,GST,18,36867.85,120166.0,23,Cybersecurity Consulting & Audits,998313,8906120584984
Bitdefender Data Loss Prevention (DLP) License - Per User,SEC-04004,GST,18,5537.44,7650.0,64,Endpoint Security & Software Licenses,8523,8907481335333
Retained Unified Network Monitoring Service (NOC) - Monthly Basic,SEC-04005,GST,18,7440.45,20477.0,48,Managed IT Services & AMC,998316,8900756582554
Consulting Cloud-Managed Penetration Testing Service - Grey Box,SEC-04006,GST,18,28107.71,97136.0,29,Cybersecurity Consulting & Audits,998313,8901235879050
In-House Comprehensive IT AMC - Server & Network Included,SEC-04007,GST,18,20151.94,66473.0,41,Managed IT Services & AMC,998316,8904856366673
Sophos Advanced Network Load Balancer - Advanced Traffic Management,SEC-04008,GST,18,118493.74,137391.0,8,Hardware Firewalls & Networking,8517,8908975470112
Cisco Secure Managed Gigabit Switch - 10G Uplink,SEC-04009,GST,18,31676.07,38638.0,8,Hardware Firewalls & Networking,8517,8909394272828
Audit Secure ISO 27001 Compliance Audit - Full Implementation Support,SEC-04010,GST,18,139946.23,439342.0,29,Cybersecurity Consulting & Audits,998313,8900402874477
Palo Alto Standard Wireless Access Point (WAP) - High-Density,SEC-04011,GST,18,14124.15,16251.0,18,Hardware Firewalls & Networking,8517,8902992442350
Retained Pro On-Site Support Engineer - Full-time Dedicated/Month,SEC-04012,GST,18,22367.78,53049.0,19,Managed IT Services & AMC,998316,8909606263823
Audit Incident Response & Forensics - Retainer Setup,SEC-04013,GST,18,33615.52,113740.0,37,Cybersecurity Consulting & Audits,998313,8907454560318
Retained Cloud Infrastructure Management - Quarterly Audit & Fix,SEC-04014,GST,18,15390.76,44574.0,43,Managed IT Services & AMC,998316,8904812964548
Synology SAN Storage Array - Entry Level,SEC-04015,GST,18,303758.35,349973.0,4,Servers & Data Storage,8471,8901994136447
In-House Standard On-Site Support Engineer - Part-time/Month,SEC-04016,GST,18,8272.65,28922.0,24,Managed IT Services & AMC,998316,8900147082319
In-House Secure Cloud Infrastructure Management - Monthly AWS/Azure,SEC-04017,GST,18,3745.95,10560.0,48,Managed IT Services & AMC,998316,8908442718045
Kaspersky Next-Gen Endpoint Detection and Response (EDR) - 1-Year 5 Devices,SEC-04018,GST,18,2520.49,3331.0,240,Endpoint Security & Software Licenses,8523,8901217447563
Managed Pro Comprehensive IT AMC - Server & Network Included,SEC-04019,GST,18,35260.28,95342.0,24,Managed IT Services & AMC,998316,8907023712506
Audit Advanced Vulnerability Assessment (VAPT) - Mobile App,SEC-04020,GST,18,15392.83,52240.0,28,Cybersecurity Consulting & Audits,998313,8908139795196
Supermicro Advanced Network Attached Storage (NAS) - 8-Bay Rackmount,SEC-04021,GST,18,36326.83,41954.0,18,Servers & Data Storage,8471,8909723591998
Advisory Advanced ISO 27001 Compliance Audit - Readiness Assessment,SEC-04022,GST,18,56570.19,165020.0,35,Cybersecurity Consulting & Audits,998313,8900259845855
Symantec Secure Enterprise Antivirus Suite - 1-User 1-Year,SEC-04023,GST,18,1357.26,1894.0,421,Endpoint Security & Software Licenses,8523,8907291298967
HPE Pro Network Attached Storage (NAS) - 12-Bay Enterprise,SEC-04024,GST,18,94284.48,115647.0,15,Servers & Data Storage,8471,8903230017195
SentinelOne Pro Mobile Device Management (MDM) - Annual per Device,SEC-04025,GST,18,755.39,1040.0,382,Endpoint Security & Software Licenses,8523,8901662156748
In-House Unified Cloud Infrastructure Management - Quarterly Audit & Fix,SEC-04026,GST,18,13922.78,41273.0,18,Managed IT Services & AMC,998316,8906638602687
SonicWall Next-Gen VPN Gateway Appliance - High Availability,SEC-04027,GST,18,63448.54,78958.0,12,Hardware Firewalls & Networking,8517,8903188658522
Consulting Standard Phishing Simulation & Training - Annual Enterprise Program,SEC-04028,GST,18,23741.55,63941.0,31,Cybersecurity Consulting & Audits,998313,8900034105882
Advisory Secure Vulnerability Assessment (VAPT) - Web Application,SEC-04029,GST,18,25771.72,54884.0,42,Cybersecurity Consulting & Audits,998313,8904974500970
Managed Unified Network Monitoring Service (NOC) - Monthly Basic,SEC-04030,GST,18,11258.79,23730.0,16,Managed IT Services & AMC,998316,8905346115552
Trend Micro Unified Endpoint Detection and Response (EDR) - 1-Year 5 Devices,SEC-04031,GST,18,2182.78,2916.0,144,Endpoint Security & Software Licenses,8523,8900158113083
Advisory Standard Penetration Testing Service - Black Box,SEC-04032,GST,18,36049.66,106579.0,25,Cybersecurity Consulting & Audits,998313,8901522345089
In-House Pro Cloud Infrastructure Management - Monthly AWS/Azure,SEC-04033,GST,18,3045.31,10441.0,29,Managed IT Services & AMC,998316,8906708060605
SonicWall Premium VPN Gateway Appliance - High Availability,SEC-04034,GST,18,74629.7,83079.0,9,Hardware Firewalls & Networking,8517,8902840144079
Cisco Managed Gigabit Switch - 10G Uplink,SEC-04035,GST,18,35612.65,43540.0,12,Hardware Firewalls & Networking,8517,8903173246155
HPE Standard Network Attached Storage (NAS) - 12-Bay Enterprise,SEC-04036,GST,18,75623.6,93753.0,4,Servers & Data Storage,8471,8904812689265
Consulting Advanced Penetration Testing Service - White Box,SEC-04037,GST,18,33233.78,93227.0,46,Cybersecurity Consulting & Audits,998313,8909688560694
SentinelOne Unified Mobile Device Management (MDM) - Annual per Device,SEC-04038,GST,18,749.95,991.0,160,Endpoint Security & Software Licenses,8523,8901957996591
Supermicro Enterprise 2U Storage Server - Large Capacity HDD,SEC-04039,GST,18,252549.99,308820.0,22,Servers & Data Storage,8471,8909493078457
Advisory Advanced ISO 27001 Compliance Audit - Readiness Assessment,SEC-04040,GST,18,76859.62,180681.0,35,Cybersecurity Consulting & Audits,998313,8907146502860
Fortinet Unified Network Load Balancer - Basic,SEC-04041,GST,18,60640.56,72309.0,4,Hardware Firewalls & Networking,8517,8900818981378
Fortinet Enterprise Next-Generation Firewall (NGFW) - Entry Level,SEC-04042,GST,18,78770.1,92657.0,22,Hardware Firewalls & Networking,8517,8904444532567
Dell EMC Secure 1U Rack Server - Enterprise 128GB,SEC-04043,GST,18,306020.92,377069.0,2,Servers & Data Storage,8471,8909452658216
McAfee Cloud-Managed Endpoint Detection and Response (EDR) - 1-Year 10 Devices,SEC-04044,GST,18,2899.12,3988.0,55,Endpoint Security & Software Licenses,8523,8900088887641
Symantec Advanced Mobile Device Management (MDM) - Annual per Device,SEC-04045,GST,18,811.42,1056.0,216,Endpoint Security & Software Licenses,8523,8906931493548
Audit Unified Vulnerability Assessment (VAPT) - Mobile App,SEC-04046,GST,18,21715.6,58527.0,50,Cybersecurity Consulting & Audits,998313,8901990377731
Fortinet Pro Managed Gigabit Switch - 48-Port PoE,SEC-04047,GST,18,83552.47,104237.0,12,Hardware Firewalls & Networking,8517,8909335851514
Advisory Premium Vulnerability Assessment (VAPT) - Mobile App,SEC-04048,GST,18,20118.53,68084.0,32,Cybersecurity Consulting & Audits,998313,8907239798811
Consulting Premium Penetration Testing Service - Black Box,SEC-04049,GST,18,27952.52,91765.0,48,Cybersecurity Consulting & Audits,998313,8900595587042
Symantec Cloud-Managed Mobile Device Management (MDM) - Annual per Device,SEC-04050,GST,18,940.28,1316.0,294,Endpoint Security & Software Licenses,8523,8903254966070
QNAP Unified SAN Storage Array - Entry Level,SEC-04051,GST,18,323380.75,365871.0,2,Servers & Data Storage,8471,8905712166296
Retained Pro Remote Helpdesk Support - Quarterly SLA,SEC-04052,GST,18,5022.04,13988.0,8,Managed IT Services & AMC,998316,8904268544606
Consulting Next-Gen Incident Response & Forensics - Per Incident Block Hours,SEC-04053,GST,18,52975.16,154299.0,20,Cybersecurity Consulting & Audits,998313,8902191330442
Palo Alto Pro Network Load Balancer - Advanced Traffic Management,SEC-04054,GST,18,94693.05,113979.0,13,Hardware Firewalls & Networking,8517,8906450446240
Trend Micro Cloud-Managed Data Loss Prevention (DLP) License - Per User,SEC-04055,GST,18,8831.64,10760.0,421,Endpoint Security & Software Licenses,8523,8906417000337
Audit Enterprise ISO 27001 Compliance Audit - Full Implementation Support,SEC-04056,GST,18,206696.69,449596.0,7,Cybersecurity Consulting & Audits,998313,8906605808569
Juniper Next-Gen Managed Gigabit Switch - 10G Uplink,SEC-04057,GST,18,35590.23,39666.0,17,Hardware Firewalls & Networking,8517,8900888072420
Managed Next-Gen Remote Helpdesk Support - Monthly Retainer,SEC-04058,GST,18,1428.94,3811.0,34,Managed IT Services & AMC,998316,8902269667349
SentinelOne Premium Email Security & Anti-Spam - Domain License,SEC-04059,GST,18,1001.62,1267.0,68,Endpoint Security & Software Licenses,8523,8900858549146
CrowdStrike Mobile Device Management (MDM) - Annual per Device,SEC-04060,GST,18,868.18,1061.0,275,Endpoint Security & Software Licenses,8523,8901952617186
In-House Next-Gen On-Site Support Engineer - Full-time Dedicated/Month,SEC-04061,GST,18,13584.58,41407.0,35,Managed IT Services & AMC,998316,8902016485471
HPE Secure 2U Storage Server - Large Capacity HDD,SEC-04062,GST,18,223410.63,269242.0,24,Servers & Data Storage,8471,8906348130043
In-House Network Monitoring Service (NOC) - Monthly Advanced Proactive,SEC-04063,GST,18,2401.53,6003.0,46,Managed IT Services & AMC,998316,8909305818762
CrowdStrike Cloud-Managed Data Loss Prevention (DLP) License - Per 10 Users,SEC-04064,GST,18,5257.82,7192.0,67,Endpoint Security & Software Licenses,8523,8906195816189
Supermicro Next-Gen 2U Storage Server - Large Capacity HDD,SEC-04065,GST,18,224876.89,253874.0,15,Servers & Data Storage,8471,8906145018187
Advisory Unified Vulnerability Assessment (VAPT) - Web Application,SEC-04066,GST,18,20123.33,61776.0,29,Cybersecurity Consulting & Audits,998313,8901251426189
Sophos Secure Wireless Access Point (WAP) - WiFi 6 Indoor,SEC-04067,GST,18,19333.81,21731.0,6,Hardware Firewalls & Networking,8517,8901933873006
Juniper Advanced Managed Gigabit Switch - 10G Uplink,SEC-04068,GST,18,34669.84,42293.0,20,Hardware Firewalls & Networking,8517,8907957377564
Fortinet Secure Network Load Balancer - Advanced Traffic Management,SEC-04069,GST,18,88985.1,104274.0,12,Hardware Firewalls & Networking,8517,8909403764941
HPE Next-Gen 1U Rack Server - Enterprise 128GB,SEC-04070,GST,18,444952.44,554510.0,25,Servers & Data Storage,8471,8905522554942
QNAP Enterprise Network Attached Storage (NAS) - 4-Bay Desktop,SEC-04071,GST,18,33516.61,38050.0,14,Servers & Data Storage,8471,8903255861333
Dell EMC Standard Network Attached Storage (NAS) - 8-Bay Rackmount,SEC-04072,GST,18,45348.94,54160.0,9,Servers & Data Storage,8471,8901113723679
Ubiquiti Standard Managed Gigabit Switch - 10G Uplink,SEC-04073,GST,18,36775.38,44542.0,13,Hardware Firewalls & Networking,8517,8902211118909
Audit Unified Vulnerability Assessment (VAPT) - Mobile App,SEC-04074,GST,18,30606.66,71004.0,19,Cybersecurity Consulting & Audits,998313,8903091389198
In-House Next-Gen Remote Helpdesk Support - Monthly Retainer,SEC-04075,GST,18,924.2,2630.0,47,Managed IT Services & AMC,998316,8908181433586
QNAP Next-Gen 2U Storage Server - High IOPS NVMe,SEC-04076,GST,18,263089.76,289729.0,19,Servers & Data Storage,8471,8908779680768
Retained Enterprise Comprehensive IT AMC - 1-10 PCs,SEC-04077,GST,18,31501.31,75348.0,15,Managed IT Services & AMC,998316,8903598648409
Supermicro Advanced SAN Storage Array - Entry Level,SEC-04078,GST,18,267393.82,326522.0,13,Servers & Data Storage,8471,8904224898014
Managed Cloud-Managed On-Site Support Engineer - Part-time/Month,SEC-04079,GST,18,8030.05,24168.0,11,Managed IT Services & AMC,998316,8905965866814
Juniper Next-Gen Managed Gigabit Switch - 48-Port PoE,SEC-04080,GST,18,86933.93,107201.0,10,Hardware Firewalls & Networking,8517,8905367932633
McAfee Next-Gen Mobile Device Management (MDM) - Monthly per Device,SEC-04081,GST,18,223.99,272.0,292,Endpoint Security & Software Licenses,8523,8905966144665
Consulting Next-Gen ISO 27001 Compliance Audit - Readiness Assessment,SEC-04082,GST,18,53735.54,172023.0,50,Cybersecurity Consulting & Audits,998313,8905710706114
Sophos Pro Managed Gigabit Switch - 10G Uplink,SEC-04083,GST,18,36892.57,42460.0,20,Hardware Firewalls & Networking,8517,8906065855229
CrowdStrike Enterprise Email Security & Anti-Spam - Domain License,SEC-04084,GST,18,1130.67,1361.0,426,Endpoint Security & Software Licenses,8523,8904884861817
McAfee Unified Mobile Device Management (MDM) - Annual per Device,SEC-04085,GST,18,864.44,1202.0,271,Endpoint Security & Software Licenses,8523,8903690089730
Synology Premium Network Attached Storage (NAS) - 12-Bay Enterprise,SEC-04086,GST,18,101787.93,116165.0,16,Servers & Data Storage,8471,8904334097055
SentinelOne Pro Endpoint Detection and Response (EDR) - 1-Year 5 Devices,SEC-04087,GST,18,1789.32,2439.0,446,Endpoint Security & Software Licenses,8523,8904317274963
Ubiquiti Pro Network Load Balancer - Advanced Traffic Management,SEC-04088,GST,18,127555.99,140699.0,6,Hardware Firewalls & Networking,8517,8906101585263
HPE Unified 1U Rack Server - Intel Xeon 16GB,SEC-04089,GST,18,170064.94,207243.0,24,Servers & Data Storage,8471,8905778846205
Symantec Standard Endpoint Detection and Response (EDR) - 1-Year 50 Devices,SEC-04090,GST,18,7405.55,9508.0,497,Endpoint Security & Software Licenses,8523,8908272634018
Audit Unified ISO 27001 Compliance Audit - Full Implementation Support,SEC-04091,GST,18,201448.27,435553.0,9,Cybersecurity Consulting & Audits,998313,8908271513194
Audit Unified Incident Response & Forensics - Retainer Setup,SEC-04092,GST,18,51923.08,120897.0,18,Cybersecurity Consulting & Audits,998313,8909463571886
Audit Unified ISO 27001 Compliance Audit - Full Implementation Support,SEC-04093,GST,18,147687.41,480976.0,23,Cybersecurity Consulting & Audits,998313,8905714727479
Dell EMC Premium Server Rack Cabinet - Co-location Rack,SEC-04094,GST,18,31931.53,35738.0,8,Servers & Data Storage,8471,8906781215542
Synology 2U Storage Server - Large Capacity HDD,SEC-04095,GST,18,213801.83,256473.0,2,Servers & Data Storage,8471,8904145886136
Symantec Secure Enterprise Antivirus Suite - 1-User 1-Year,SEC-04096,GST,18,1571.5,2163.0,66,Endpoint Security & Software Licenses,8523,8906328775548
CrowdStrike Advanced Endpoint Detection and Response (EDR) - 1-Year 10 Devices,SEC-04097,GST,18,3125.53,3753.0,450,Endpoint Security & Software Licenses,8523,8909979885760
SonicWall Cloud-Managed Network Load Balancer - Advanced Traffic Management,SEC-04098,GST,18,121073.18,150830.0,23,Hardware Firewalls & Networking,8517,8907939927836
Juniper VPN Gateway Appliance - Standard,SEC-04099,GST,18,73787.15,88693.0,19,Hardware Firewalls & Networking,8517,8909207983381
Fortinet Advanced Managed Gigabit Switch - 48-Port PoE,SEC-04100,GST,18,69954.46,82271.0,8,Hardware Firewalls & Networking,8517,8901952646744
Bitdefender Advanced Enterprise Antivirus Suite - Server Edition,SEC-04101,GST,18,1313.13,1745.0,426,Endpoint Security & Software Licenses,8523,8905054678848
Audit Enterprise ISO 27001 Compliance Audit - Full Implementation Support,SEC-04102,GST,18,171624.9,389841.0,6,Cybersecurity Consulting & Audits,998313,8902892343714
Supermicro Next-Gen Network Attached Storage (NAS) - 4-Bay Desktop,SEC-04103,GST,18,45839.53,50837.0,5,Servers & Data Storage,8471,8903724928840
Advisory Secure Incident Response & Forensics - Per Incident Block Hours,SEC-04104,GST,18,44928.74,125502.0,26,Cybersecurity Consulting & Audits,998313,8903751220721
SentinelOne Secure Email Security & Anti-Spam - Per Mailbox / Year,SEC-04105,GST,18,1204.41,1488.0,144,Endpoint Security & Software Licenses,8523,8902470321337
Audit Next-Gen Vulnerability Assessment (VAPT) - Network Infrastructure,SEC-04106,GST,18,21215.26,62036.0,31,Cybersecurity Consulting & Audits,998313,8904293855507
Audit Premium Penetration Testing Service - Black Box,SEC-04107,GST,18,33274.68,102997.0,13,Cybersecurity Consulting & Audits,998313,8902449130610
Advisory Premium ISO 27001 Compliance Audit - Full Implementation Support,SEC-04108,GST,18,122862.74,352388.0,31,Cybersecurity Consulting & Audits,998313,8904064151182
HPE Pro Network Attached Storage (NAS) - 4-Bay Desktop,SEC-04109,GST,18,41525.93,51091.0,25,Servers & Data Storage,8471,8909501023232
Sophos Next-Gen Network Load Balancer - Basic,SEC-04110,GST,18,55900.39,68929.0,18,Hardware Firewalls & Networking,8517,8901427350221
SentinelOne Cloud-Managed Email Security & Anti-Spam - Per Mailbox / Year,SEC-04111,GST,18,1516.75,1836.0,439,Endpoint Security & Software Licenses,8523,8901995321059
Retained Next-Gen Network Monitoring Service (NOC) - Monthly Basic,SEC-04112,GST,18,7267.37,17732.0,46,Managed IT Services & AMC,998316,8903519419979
Audit Pro Phishing Simulation & Training - Annual Enterprise Program,SEC-04113,GST,18,23468.87,50673.0,46,Cybersecurity Consulting & Audits,998313,8901154316701
CrowdStrike Next-Gen Endpoint Detection and Response (EDR) - 1-Year 10 Devices,SEC-04114,GST,18,3502.5,4774.0,258,Endpoint Security & Software Licenses,8523,8904562009832
In-House Advanced Cloud Infrastructure Management - Quarterly Audit & Fix,SEC-04115,GST,18,18718.86,56203.0,18,Managed IT Services & AMC,998316,8909725205656
Retained Unified Comprehensive IT AMC - 11-50 PCs,SEC-04116,GST,18,48322.59,101845.0,14,Managed IT Services & AMC,998316,8907944013059
In-House Pro Network Monitoring Service (NOC) - Monthly Basic,SEC-04117,GST,18,10504.9,23611.0,45,Managed IT Services & AMC,998316,8909707306868
Advisory Standard Incident Response & Forensics - Per Incident Block Hours,SEC-04118,GST,18,38226.24,130462.0,8,Cybersecurity Consulting & Audits,998313,8902285404026
Palo Alto Secure VPN Gateway Appliance - High Availability,SEC-04119,GST,18,87131.27,97155.0,15,Hardware Firewalls & Networking,8517,8902258481906
Cisco Wireless Access Point (WAP) - High-Density,SEC-04120,GST,18,15996.23,19291.0,19,Hardware Firewalls & Networking,8517,8901470564971
In-House Advanced On-Site Support Engineer - Part-time/Month,SEC-04121,GST,18,9748.93,27003.0,25,Managed IT Services & AMC,998316,8903345338430
Consulting Penetration Testing Service - White Box,SEC-04122,GST,18,33426.0,92417.0,17,Cybersecurity Consulting & Audits,998313,8903102085205
Managed Pro Network Monitoring Service (NOC) - Monthly Basic,SEC-04123,GST,18,9390.68,19511.0,39,Managed IT Services & AMC,998316,8905659519743
Advisory Enterprise Vulnerability Assessment (VAPT) - Network Infrastructure,SEC-04124,GST,18,21875.14,76451.0,45,Cybersecurity Consulting & Audits,998313,8904920954554
Audit Pro Penetration Testing Service - Grey Box,SEC-04125,GST,18,35054.17,75256.0,33,Cybersecurity Consulting & Audits,998313,8909494422832
Consulting Next-Gen Incident Response & Forensics - Per Incident Block Hours,SEC-04126,GST,18,42876.16,149410.0,23,Cybersecurity Consulting & Audits,998313,8902796304955
Ubiquiti Next-Gen Wireless Access Point (WAP) - WiFi 6 Outdoor,SEC-04127,GST,18,17519.82,20270.0,11,Hardware Firewalls & Networking,8517,8901638828105
Audit Advanced ISO 27001 Compliance Audit - Readiness Assessment,SEC-04128,GST,18,38666.44,127853.0,37,Cybersecurity Consulting & Audits,998313,8909462311665
Bitdefender Cloud-Managed Enterprise Antivirus Suite - Server Edition,SEC-04129,GST,18,2056.51,2468.0,398,Endpoint Security & Software Licenses,8523,8904335901564
Palo Alto Cloud-Managed Wireless Access Point (WAP) - WiFi 6 Outdoor,SEC-04130,GST,18,15889.7,19503.0,10,Hardware Firewalls & Networking,8517,8906735928396
Lenovo Enterprise SAN Storage Array - All-Flash SAN,SEC-04131,GST,18,1199463.14,1437567.0,5,Servers & Data Storage,8471,8906566576406
HPE Secure SAN Storage Array - All-Flash SAN,SEC-04132,GST,18,1179725.82,1317971.0,5,Servers & Data Storage,8471,8901069679693
Audit Advanced ISO 27001 Compliance Audit - Full Implementation Support,SEC-04133,GST,18,141227.43,342487.0,32,Cybersecurity Consulting & Audits,998313,8909285156283
Retained Unified Network Monitoring Service (NOC) - Monthly Advanced Proactive,SEC-04134,GST,18,3711.37,7808.0,18,Managed IT Services & AMC,998316,8903360107867
Retained Pro Comprehensive IT AMC - 11-50 PCs,SEC-04135,GST,18,21534.57,75310.0,7,Managed IT Services & AMC,998316,8903581654980
In-House Cloud-Managed On-Site Support Engineer - Full-time Dedicated/Month,SEC-04136,GST,18,13442.91,42784.0,36,Managed IT Services & AMC,998316,8906085764603
In-House Advanced Remote Helpdesk Support - Quarterly SLA,SEC-04137,GST,18,6056.92,16030.0,16,Managed IT Services & AMC,998316,8902719217366
Bitdefender Pro Mobile Device Management (MDM) - Annual per Device,SEC-04138,GST,18,1288.01,1560.0,398,Endpoint Security & Software Licenses,8523,8900727723657
In-House Cloud-Managed Network Monitoring Service (NOC) - Monthly Advanced Proactive,SEC-04139,GST,18,2315.97,7039.0,35,Managed IT Services & AMC,998316,8901640226123
SentinelOne Secure Email Security & Anti-Spam - Domain License,SEC-04140,GST,18,1413.12,1745.0,402,Endpoint Security & Software Licenses,8523,8904917648261
SentinelOne Premium Email Security & Anti-Spam - Per Mailbox / Year,SEC-04141,GST,18,1183.23,1634.0,224,Endpoint Security & Software Licenses,8523,8907818338070
Supermicro Standard 2U Storage Server - Large Capacity HDD,SEC-04142,GST,18,200751.35,243839.0,17,Servers & Data Storage,8471,8900533085198
QNAP Cloud-Managed SAN Storage Array - Entry Level,SEC-04143,GST,18,270302.78,325298.0,11,Servers & Data Storage,8471,8909895691103
Ubiquiti Secure Network Load Balancer - Advanced Traffic Management,SEC-04144,GST,18,112793.43,127675.0,24,Hardware Firewalls & Networking,8517,8900404416166
Sophos Pro Next-Generation Firewall (NGFW) - Mid-Range,SEC-04145,GST,18,122646.39,144591.0,8,Hardware Firewalls & Networking,8517,8909610480880
SentinelOne Mobile Device Management (MDM) - Annual per Device,SEC-04146,GST,18,949.11,1274.0,234,Endpoint Security & Software Licenses,8523,8908402493871
QNAP Advanced Server Rack Cabinet - Co-location Rack,SEC-04147,GST,18,29937.65,36023.0,12,Servers & Data Storage,8471,8904445890573
Fortinet Advanced Network Load Balancer - Advanced Traffic Management,SEC-04148,GST,18,98562.3,119749.0,24,Hardware Firewalls & Networking,8517,8905782456636
Dell EMC Advanced Network Attached Storage (NAS) - 4-Bay Desktop,SEC-04149,GST,18,42810.79,47630.0,8,Servers & Data Storage,8471,8907996317333
Advisory Cloud-Managed Phishing Simulation & Training - Quarterly Campaign,SEC-04150,GST,18,9194.82,27139.0,33,Cybersecurity Consulting & Audits,998313,8900015034316
QNAP Secure 2U Storage Server - Basic Array,SEC-04151,GST,18,134443.68,150384.0,9,Servers & Data Storage,8471,8904335712057
Kaspersky Pro Enterprise Antivirus Suite - 1-User 1-Year,SEC-04152,GST,18,1743.24,2240.0,244,Endpoint Security & Software Licenses,8523,8908289728702
McAfee Secure Mobile Device Management (MDM) - Annual per Device,SEC-04153,GST,18,1193.6,1488.0,111,Endpoint Security & Software Licenses,8523,8900769070096
Ubiquiti Unified Network Load Balancer - Advanced Traffic Management,SEC-04154,GST,18,100831.99,114361.0,12,Hardware Firewalls & Networking,8517,8909345716156
HPE Cloud-Managed SAN Storage Array - Entry Level,SEC-04155,GST,18,307359.87,341835.0,24,Servers & Data Storage,8471,8901323123036
In-House Unified Cloud Infrastructure Management - Quarterly Audit & Fix,SEC-04156,GST,18,13145.19,45719.0,39,Managed IT Services & AMC,998316,8901690350342
Palo Alto Managed Gigabit Switch - 10G Uplink,SEC-04157,GST,18,28844.33,34010.0,2,Hardware Firewalls & Networking,8517,8904248511688
QNAP Standard 2U Storage Server - Basic Array,SEC-04158,GST,18,152473.18,185781.0,22,Servers & Data Storage,8471,8906785873346
Managed Next-Gen Cloud Infrastructure Management - Quarterly Audit & Fix,SEC-04159,GST,18,18696.1,43218.0,6,Managed IT Services & AMC,998316,8907370387746
Symantec Premium Email Security & Anti-Spam - Domain License,SEC-04160,GST,18,1163.11,1594.0,240,Endpoint Security & Software Licenses,8523,8907044554283
Trend Micro Enterprise Email Security & Anti-Spam - Domain License,SEC-04161,GST,18,1098.89,1329.0,186,Endpoint Security & Software Licenses,8523,8903805479489
Audit Next-Gen Vulnerability Assessment (VAPT) - Web Application,SEC-04162,GST,18,29079.79,76723.0,8,Cybersecurity Consulting & Audits,998313,8908075393985
Managed Premium Cloud Infrastructure Management - Monthly AWS/Azure,SEC-04163,GST,18,4027.4,12309.0,16,Managed IT Services & AMC,998316,8907098396548
Advisory Pro Penetration Testing Service - Grey Box,SEC-04164,GST,18,38688.17,107200.0,5,Cybersecurity Consulting & Audits,998313,8905363471678
Cisco Secure VPN Gateway Appliance - Standard,SEC-04165,GST,18,77666.08,94783.0,11,Hardware Firewalls & Networking,8517,8904529258249
Cisco Next-Gen Network Load Balancer - Basic,SEC-04166,GST,18,64174.09,73733.0,7,Hardware Firewalls & Networking,8517,8901893105876
Advisory Cloud-Managed Incident Response & Forensics - Per Incident Block Hours,SEC-04167,GST,18,29390.57,99931.0,10,Cybersecurity Consulting & Audits,998313,8906571417874
Fortinet Cloud-Managed Wireless Access Point (WAP) - WiFi 6 Outdoor,SEC-04168,GST,18,14423.09,16146.0,7,Hardware Firewalls & Networking,8517,8904630257865
Lenovo Cloud-Managed SAN Storage Array - Hybrid Array,SEC-04169,GST,18,431785.31,504772.0,8,Servers & Data Storage,8471,8906032112458
In-House Unified Network Monitoring Service (NOC) - Monthly Advanced Proactive,SEC-04170,GST,18,2253.02,7739.0,24,Managed IT Services & AMC,998316,8904185199683
Synology Next-Gen SAN Storage Array - Entry Level,SEC-04171,GST,18,296089.25,328285.0,6,Servers & Data Storage,8471,8903710596023
Supermicro Premium Server Rack Cabinet - Co-location Rack,SEC-04172,GST,18,27223.99,32838.0,9,Servers & Data Storage,8471,8902722437581
Palo Alto Managed Gigabit Switch - 48-Port PoE,SEC-04173,GST,18,71872.98,87087.0,25,Hardware Firewalls & Networking,8517,8907185114777
Palo Alto Secure Managed Gigabit Switch - 24-Port PoE,SEC-04174,GST,18,34318.08,38771.0,3,Hardware Firewalls & Networking,8517,8909627861189
Ubiquiti Pro Managed Gigabit Switch - 10G Uplink,SEC-04175,GST,18,35032.74,40010.0,24,Hardware Firewalls & Networking,8517,8904026083588
Advisory Secure ISO 27001 Compliance Audit - Readiness Assessment,SEC-04176,GST,18,80538.07,168418.0,37,Cybersecurity Consulting & Audits,998313,8905842049549
QNAP Unified SAN Storage Array - All-Flash SAN,SEC-04177,GST,18,1217644.07,1418582.0,12,Servers & Data Storage,8471,8903866881453
Audit Pro ISO 27001 Compliance Audit - Readiness Assessment,SEC-04178,GST,18,76258.91,175714.0,18,Cybersecurity Consulting & Audits,998313,8903264081944
Kaspersky Advanced Email Security & Anti-Spam - Per Mailbox / Year,SEC-04179,GST,18,967.18,1218.0,457,Endpoint Security & Software Licenses,8523,8907359919215
Retained Enterprise On-Site Support Engineer - Full-time Dedicated/Month,SEC-04180,GST,18,16906.47,51857.0,15,Managed IT Services & AMC,998316,8909612052870
Fortinet Cloud-Managed Network Load Balancer - Basic,SEC-04181,GST,18,55369.89,63282.0,13,Hardware Firewalls & Networking,8517,8902122562443
Managed Advanced Remote Helpdesk Support - Annual 24/7 SLA,SEC-04182,GST,18,5159.89,17424.0,32,Managed IT Services & AMC,998316,8906545667037
Palo Alto Premium Next-Generation Firewall (NGFW) - Entry Level,SEC-04183,GST,18,78779.41,97469.0,13,Hardware Firewalls & Networking,8517,8905753882578
Trend Micro Standard Enterprise Antivirus Suite - 5-User 1-Year,SEC-04184,GST,18,1988.24,2575.0,444,Endpoint Security & Software Licenses,8523,8901856911781
Consulting Next-Gen Phishing Simulation & Training - Annual Enterprise Program,SEC-04185,GST,18,29061.49,73791.0,42,Cybersecurity Consulting & Audits,998313,8901862393784
Ubiquiti VPN Gateway Appliance - Standard,SEC-04186,GST,18,75074.52,83472.0,14,Hardware Firewalls & Networking,8517,8902100047194
Palo Alto Next-Gen Wireless Access Point (WAP) - WiFi 6 Outdoor,SEC-04187,GST,18,14681.71,17453.0,3,Hardware Firewalls & Networking,8517,8903708614639
Fortinet Enterprise Managed Gigabit Switch - 48-Port PoE,SEC-04188,GST,18,66275.48,77584.0,18,Hardware Firewalls & Networking,8517,8903762314701
Synology Secure 1U Rack Server - Enterprise 128GB,SEC-04189,GST,18,452185.9,558716.0,24,Servers & Data Storage,8471,8902926692362
Fortinet Advanced Managed Gigabit Switch - 48-Port PoE,SEC-04190,GST,18,94928.38,108002.0,18,Hardware Firewalls & Networking,8517,8907630298628
Fortinet Pro Network Load Balancer - Basic,SEC-04191,GST,18,53433.74,61908.0,18,Hardware Firewalls & Networking,8517,8908535913582
In-House Unified Cloud Infrastructure Management - Quarterly Audit & Fix,SEC-04192,GST,18,19075.73,53124.0,49,Managed IT Services & AMC,998316,8908245919878
SonicWall Managed Gigabit Switch - 24-Port PoE,SEC-04193,GST,18,25651.41,30108.0,8,Hardware Firewalls & Networking,8517,8902882392754
Juniper Unified Managed Gigabit Switch - 10G Uplink,SEC-04194,GST,18,23309.69,28867.0,11,Hardware Firewalls & Networking,8517,8904054755324
Sophos Unified VPN Gateway Appliance - Standard,SEC-04195,GST,18,56583.38,69454.0,25,Hardware Firewalls & Networking,8517,8904991410717
Advisory Unified Incident Response & Forensics - Per Incident Block Hours,SEC-04196,GST,18,45361.79,141051.0,49,Cybersecurity Consulting & Audits,998313,8906004545794
Synology Unified Network Attached Storage (NAS) - 4-Bay Desktop,SEC-04197,GST,18,36095.26,40829.0,14,Servers & Data Storage,8471,8909537244497
Sophos Managed Gigabit Switch - 48-Port PoE,SEC-04198,GST,18,75391.96,83758.0,22,Hardware Firewalls & Networking,8517,8903692009125
Advisory Premium Penetration Testing Service - White Box,SEC-04199,GST,18,28623.97,78049.0,6,Cybersecurity Consulting & Audits,998313,8908953897064
Fortinet Enterprise Managed Gigabit Switch - 48-Port PoE,SEC-04200,GST,18,81340.02,94257.0,17,Hardware Firewalls & Networking,8517,8908263769246
Fortinet Wireless Access Point (WAP) - High-Density,SEC-04201,GST,18,16766.57,20069.0,5,Hardware Firewalls & Networking,8517,8908044794050
SentinelOne Endpoint Detection and Response (EDR) - 1-Year 10 Devices,SEC-04202,GST,18,3505.04,4215.0,439,Endpoint Security & Software Licenses,8523,8900356270610
CrowdStrike Standard Endpoint Detection and Response (EDR) - 1-Year 50 Devices,SEC-04203,GST,18,9607.86,11731.0,367,Endpoint Security & Software Licenses,8523,8905372817740
Consulting Unified Incident Response & Forensics - Per Incident Block Hours,SEC-04204,GST,18,51329.39,130647.0,18,Cybersecurity Consulting & Audits,998313,8901154516433
Consulting Next-Gen Penetration Testing Service - Grey Box,SEC-04205,GST,18,25278.66,82570.0,34,Cybersecurity Consulting & Audits,998313,8900097418868
QNAP Secure SAN Storage Array - Hybrid Array,SEC-04206,GST,18,468759.75,522385.0,23,Servers & Data Storage,8471,8908872307557
Advisory Secure Vulnerability Assessment (VAPT) - Network Infrastructure,SEC-04207,GST,18,33613.78,79942.0,17,Cybersecurity Consulting & Audits,998313,8900093220646
Dell EMC Cloud-Managed SAN Storage Array - Hybrid Array,SEC-04208,GST,18,437790.91,522028.0,18,Servers & Data Storage,8471,8903619410282
Advisory Next-Gen Penetration Testing Service - Grey Box,SEC-04209,GST,18,45440.94,102922.0,24,Cybersecurity Consulting & Audits,998313,8909280315122
Managed Unified On-Site Support Engineer - Part-time/Month,SEC-04210,GST,18,9694.85,27847.0,46,Managed IT Services & AMC,998316,8902578363681
HPE Pro 1U Rack Server - Dual CPU 64GB,SEC-04211,GST,18,136946.54,157365.0,15,Servers & Data Storage,8471,8900011812307
QNAP Premium Server Rack Cabinet - Co-location Rack,SEC-04212,GST,18,39903.05,44351.0,6,Servers & Data Storage,8471,8902124365210
Fortinet Secure VPN Gateway Appliance - High Availability,SEC-04213,GST,18,61474.2,75585.0,25,Hardware Firewalls & Networking,8517,8905009911971
Kaspersky Secure Endpoint Detection and Response (EDR) - 1-Year 50 Devices,SEC-04214,GST,18,10299.49,12531.0,405,Endpoint Security & Software Licenses,8523,8901504122501
Sophos Secure Network Load Balancer - Advanced Traffic Management,SEC-04215,GST,18,84534.44,99598.0,14,Hardware Firewalls & Networking,8517,8907039097380
Retained Enterprise On-Site Support Engineer - Part-time/Month,SEC-04216,GST,18,12609.47,29770.0,11,Managed IT Services & AMC,998316,8909104514146
Consulting Secure Vulnerability Assessment (VAPT) - Network Infrastructure,SEC-04217,GST,18,36461.51,76435.0,41,Cybersecurity Consulting & Audits,998313,8905834835912
Managed Advanced Remote Helpdesk Support - Quarterly SLA,SEC-04218,GST,18,4319.64,14259.0,44,Managed IT Services & AMC,998316,8909052334750
Audit Secure Phishing Simulation & Training - Quarterly Campaign,SEC-04219,GST,18,12740.64,29140.0,46,Cybersecurity Consulting & Audits,998313,8906405858811
Advisory Unified ISO 27001 Compliance Audit - Full Implementation Support,SEC-04220,GST,18,90972.28,315912.0,33,Cybersecurity Consulting & Audits,998313,8907576627106
Fortinet Premium Wireless Access Point (WAP) - WiFi 6 Indoor,SEC-04221,GST,18,14218.79,16649.0,24,Hardware Firewalls & Networking,8517,8905386828159
Retained Unified Comprehensive IT AMC - 1-10 PCs,SEC-04222,GST,18,33999.66,101242.0,40,Managed IT Services & AMC,998316,8906169008534
Managed Unified Network Monitoring Service (NOC) - Monthly Basic,SEC-04223,GST,18,7148.03,19924.0,21,Managed IT Services & AMC,998316,8904439446926
In-House Cloud Infrastructure Management - Monthly AWS/Azure,SEC-04224,GST,18,5816.68,12469.0,49,Managed IT Services & AMC,998316,8908138334941
McAfee Enterprise Antivirus Suite - Server Edition,SEC-04225,GST,18,1361.21,1759.0,397,Endpoint Security & Software Licenses,8523,8907135899616
Fortinet Standard Next-Generation Firewall (NGFW) - Entry Level,SEC-04226,GST,18,63144.66,77245.0,23,Hardware Firewalls & Networking,8517,8907871879789
QNAP 2U Storage Server - Basic Array,SEC-04227,GST,18,102159.92,124314.0,17,Servers & Data Storage,8471,8902584009062
CrowdStrike Cloud-Managed Email Security & Anti-Spam - Domain License,SEC-04228,GST,18,1296.75,1729.0,51,Endpoint Security & Software Licenses,8523,8905068902552
Consulting Pro Incident Response & Forensics - Per Incident Block Hours,SEC-04229,GST,18,43552.47,123604.0,6,Cybersecurity Consulting & Audits,998313,8907041902416
Palo Alto Pro VPN Gateway Appliance - Standard,SEC-04230,GST,18,91243.23,108170.0,16,Hardware Firewalls & Networking,8517,8903090533019
Lenovo Cloud-Managed 1U Rack Server - Enterprise 128GB,SEC-04231,GST,18,383975.02,423499.0,18,Servers & Data Storage,8471,8905502313744
In-House Secure Network Monitoring Service (NOC) - Monthly Advanced Proactive,SEC-04232,GST,18,1789.02,5781.0,11,Managed IT Services & AMC,998316,8905007488382
Retained Standard Remote Helpdesk Support - Monthly Retainer,SEC-04233,GST,18,1179.69,2615.0,11,Managed IT Services & AMC,998316,8905262076795
Managed Next-Gen Cloud Infrastructure Management - Monthly AWS/Azure,SEC-04234,GST,18,3505.94,10166.0,33,Managed IT Services & AMC,998316,8902500697365
Advisory Incident Response & Forensics - Per Incident Block Hours,SEC-04235,GST,18,42038.77,137778.0,47,Cybersecurity Consulting & Audits,998313,8903151108178
Dell EMC Unified 2U Storage Server - High IOPS NVMe,SEC-04236,GST,18,175103.92,208867.0,20,Servers & Data Storage,8471,8903661765881
Consulting Cloud-Managed Penetration Testing Service - White Box,SEC-04237,GST,18,44080.57,115995.0,46,Cybersecurity Consulting & Audits,998313,8907125507584
Audit Unified Incident Response & Forensics - Retainer Setup,SEC-04238,GST,18,68502.01,153400.0,31,Cybersecurity Consulting & Audits,998313,8904083444340
QNAP Secure Server Rack Cabinet - 42U Heavy Duty,SEC-04239,GST,18,30858.42,38388.0,3,Servers & Data Storage,8471,8908771756635
Retained Next-Gen Comprehensive IT AMC - 1-10 PCs,SEC-04240,GST,18,25317.53,66741.0,38,Managed IT Services & AMC,998316,8903200738654
Synology Standard 1U Rack Server - Intel Xeon 16GB,SEC-04241,GST,18,134504.37,155897.0,21,Servers & Data Storage,8471,8909289722497
In-House Enterprise On-Site Support Engineer - Part-time/Month,SEC-04242,GST,18,11895.73,32614.0,46,Managed IT Services & AMC,998316,8906013109862
McAfee Standard Enterprise Antivirus Suite - 1-User 1-Year,SEC-04243,GST,18,1861.0,2514.0,104,Endpoint Security & Software Licenses,8523,8908265227106
Advisory Cloud-Managed Phishing Simulation & Training - Annual Enterprise Program,SEC-04244,GST,18,23291.21,61167.0,39,Cybersecurity Consulting & Audits,998313,8904042910374
Advisory Enterprise Penetration Testing Service - White Box,SEC-04245,GST,18,32198.78,88340.0,9,Cybersecurity Consulting & Audits,998313,8902124987641
McAfee Standard Mobile Device Management (MDM) - Monthly per Device,SEC-04246,GST,18,196.18,273.0,83,Endpoint Security & Software Licenses,8523,8909139683902
Audit Cloud-Managed Incident Response & Forensics - Per Incident Block Hours,SEC-04247,GST,18,55259.23,125144.0,6,Cybersecurity Consulting & Audits,998313,8907113503366
Consulting ISO 27001 Compliance Audit - Full Implementation Support,SEC-04248,GST,18,114894.7,326393.0,32,Cybersecurity Consulting & Audits,998313,8907744732457
Ubiquiti Enterprise Wireless Access Point (WAP) - WiFi 6 Outdoor,SEC-04249,GST,18,15708.02,19491.0,19,Hardware Firewalls & Networking,8517,8904727604128
Palo Alto Unified VPN Gateway Appliance - Standard,SEC-04250,GST,18,57590.59,71831.0,20,Hardware Firewalls & Networking,8517,8904442839632
Bitdefender Enterprise Endpoint Detection and Response (EDR) - 1-Year 5 Devices,SEC-04251,GST,18,1785.49,2386.0,240,Endpoint Security & Software Licenses,8523,8905471200731
Retained Premium Comprehensive IT AMC - Server & Network Included,SEC-04252,GST,18,27886.75,79226.0,22,Managed IT Services & AMC,998316,8902399776753
QNAP Next-Gen Server Rack Cabinet - Co-location Rack,SEC-04253,GST,18,28592.05,31885.0,17,Servers & Data Storage,8471,8905990588419
Kaspersky Cloud-Managed Enterprise Antivirus Suite - 5-User 1-Year,SEC-04254,GST,18,1815.15,2426.0,444,Endpoint Security & Software Licenses,8523,8901188034670
Palo Alto Next-Generation Firewall (NGFW) - Mid-Range,SEC-04255,GST,18,111650.69,136105.0,17,Hardware Firewalls & Networking,8517,8903810637072
Ubiquiti Next-Gen Wireless Access Point (WAP) - WiFi 6 Indoor,SEC-04256,GST,18,13415.93,15549.0,14,Hardware Firewalls & Networking,8517,8903405464985
Audit Secure Vulnerability Assessment (VAPT) - Network Infrastructure,SEC-04257,GST,18,25895.31,83663.0,8,Cybersecurity Consulting & Audits,998313,8900175504935
Retained Standard Comprehensive IT AMC - 11-50 PCs,SEC-04258,GST,18,25871.46,70052.0,36,Managed IT Services & AMC,998316,8900153387928
QNAP Standard 2U Storage Server - Large Capacity HDD,SEC-04259,GST,18,256260.31,313543.0,18,Servers & Data Storage,8471,8901187400743
Synology Enterprise 2U Storage Server - Large Capacity HDD,SEC-04260,GST,18,182090.01,226496.0,23,Servers & Data Storage,8471,8907603567294
Symantec Advanced Data Loss Prevention (DLP) License - Per 10 Users,SEC-04261,GST,18,8482.7,10446.0,266,Endpoint Security & Software Licenses,8523,8904728333432
In-House Advanced Remote Helpdesk Support - Monthly Retainer,SEC-04262,GST,18,983.79,2625.0,29,Managed IT Services & AMC,998316,8901758344173
Ubiquiti Next-Gen Network Load Balancer - Basic,SEC-04263,GST,18,70094.02,84656.0,20,Hardware Firewalls & Networking,8517,8902424129635
Advisory Advanced ISO 27001 Compliance Audit - Readiness Assessment,SEC-04264,GST,18,57361.25,158456.0,14,Cybersecurity Consulting & Audits,998313,8900939749800
Audit Cloud-Managed Incident Response & Forensics - Retainer Setup,SEC-04265,GST,18,43765.81,122562.0,10,Cybersecurity Consulting & Audits,998313,8904554944442
Consulting Unified Phishing Simulation & Training - Quarterly Campaign,SEC-04266,GST,18,7679.64,21835.0,15,Cybersecurity Consulting & Audits,998313,8903348337557
Synology Standard Server Rack Cabinet - 42U Heavy Duty,SEC-04267,GST,18,26959.08,32058.0,4,Servers & Data Storage,8471,8901653126456
Advisory Unified Phishing Simulation & Training - Annual Enterprise Program,SEC-04268,GST,18,18807.45,51091.0,35,Cybersecurity Consulting & Audits,998313,8901591833335
In-House Premium Network Monitoring Service (NOC) - Monthly Advanced Proactive,SEC-04269,GST,18,2408.46,6028.0,40,Managed IT Services & AMC,998316,8904103411373
Dell EMC Premium 2U Storage Server - Basic Array,SEC-04270,GST,18,101681.44,126227.0,9,Servers & Data Storage,8471,8908226068686
In-House Premium Comprehensive IT AMC - 11-50 PCs,SEC-04271,GST,18,25737.14,88986.0,23,Managed IT Services & AMC,998316,8908863998756
Audit Incident Response & Forensics - Retainer Setup,SEC-04272,GST,18,52104.15,130158.0,10,Cybersecurity Consulting & Audits,998313,8901029849383
CrowdStrike Advanced Email Security & Anti-Spam - Per Mailbox / Year,SEC-04273,GST,18,1491.58,1900.0,115,Endpoint Security & Software Licenses,8523,8909694863201
Supermicro Secure 1U Rack Server - Dual CPU 64GB,SEC-04274,GST,18,189548.32,214234.0,9,Servers & Data Storage,8471,8909691186641
Cisco Cloud-Managed Next-Generation Firewall (NGFW) - Enterprise Tier,SEC-04275,GST,18,294559.36,355018.0,23,Hardware Firewalls & Networking,8517,8904659239659
Retained Remote Helpdesk Support - Quarterly SLA,SEC-04276,GST,18,4350.73,12141.0,5,Managed IT Services & AMC,998316,8904703226008
Consulting ISO 27001 Compliance Audit - Readiness Assessment,SEC-04277,GST,18,41451.45,126065.0,22,Cybersecurity Consulting & Audits,998313,8909731053888
Audit Vulnerability Assessment (VAPT) - Web Application,SEC-04278,GST,18,30350.56,74861.0,22,Cybersecurity Consulting & Audits,998313,8902823616010
Advisory Next-Gen Penetration Testing Service - Grey Box,SEC-04279,GST,18,29243.61,100071.0,50,Cybersecurity Consulting & Audits,998313,8908212101510
In-House Next-Gen On-Site Support Engineer - Full-time Dedicated/Month,SEC-04280,GST,18,15718.84,42806.0,6,Managed IT Services & AMC,998316,8904209776631
Fortinet Secure Network Load Balancer - Advanced Traffic Management,SEC-04281,GST,18,90849.76,108068.0,24,Hardware Firewalls & Networking,8517,8904223653271
SentinelOne Secure Mobile Device Management (MDM) - Monthly per Device,SEC-04282,GST,18,139.69,194.0,465,Endpoint Security & Software Licenses,8523,8902332750944
Kaspersky Unified Enterprise Antivirus Suite - 1-User 1-Year,SEC-04283,GST,18,1868.85,2534.0,390,Endpoint Security & Software Licenses,8523,8904936016168
Retained Premium Cloud Infrastructure Management - Monthly AWS/Azure,SEC-04284,GST,18,5492.25,12633.0,15,Managed IT Services & AMC,998316,8902575848363
Audit Standard Phishing Simulation & Training - Quarterly Campaign,SEC-04285,GST,18,9517.31,30280.0,44,Cybersecurity Consulting & Audits,998313,8908810295788
HPE Secure 2U Storage Server - Basic Array,SEC-04286,GST,18,142562.48,159733.0,10,Servers & Data Storage,8471,8902234226410
Cisco Pro Wireless Access Point (WAP) - WiFi 6 Indoor,SEC-04287,GST,18,19443.19,22447.0,14,Hardware Firewalls & Networking,8517,8905776061251
Managed Advanced Remote Helpdesk Support - Quarterly SLA,SEC-04288,GST,18,4599.65,12935.0,20,Managed IT Services & AMC,998316,8909889390316
Advisory Cloud-Managed ISO 27001 Compliance Audit - Full Implementation Support,SEC-04289,GST,18,236919.49,477535.0,14,Cybersecurity Consulting & Audits,998313,8906874851176
In-House Unified Remote Helpdesk Support - Quarterly SLA,SEC-04290,GST,18,5999.01,19175.0,29,Managed IT Services & AMC,998316,8908597664692
Managed Advanced On-Site Support Engineer - Part-time/Month,SEC-04291,GST,18,12958.02,29027.0,34,Managed IT Services & AMC,998316,8904694825457
In-House Unified Network Monitoring Service (NOC) - Monthly Advanced Proactive,SEC-04292,GST,18,2270.57,7938.0,7,Managed IT Services & AMC,998316,8900137683528
Sophos Enterprise VPN Gateway Appliance - Standard,SEC-04293,GST,18,62119.71,75347.0,11,Hardware Firewalls & Networking,8517,8906535217057
Synology SAN Storage Array - All-Flash SAN,SEC-04294,GST,18,1090050.07,1344138.0,3,Servers & Data Storage,8471,8902030433077
Audit Standard Vulnerability Assessment (VAPT) - Mobile App,SEC-04295,GST,18,26357.04,56231.0,28,Cybersecurity Consulting & Audits,998313,8903238840995
McAfee Advanced Endpoint Detection and Response (EDR) - 1-Year 10 Devices,SEC-04296,GST,18,3577.77,4692.0,76,Endpoint Security & Software Licenses,8523,8906319854480
Managed Enterprise Cloud Infrastructure Management - Quarterly Audit & Fix,SEC-04297,GST,18,21760.19,57651.0,45,Managed IT Services & AMC,998316,8909065165126
SentinelOne Pro Data Loss Prevention (DLP) License - Per 10 Users,SEC-04298,GST,18,7055.32,8851.0,451,Endpoint Security & Software Licenses,8523,8901415238778
In-House Comprehensive IT AMC - 1-10 PCs,SEC-04299,GST,18,35397.59,85189.0,27,Managed IT Services & AMC,998316,8900693576338
Sophos Enterprise Managed Gigabit Switch - 48-Port PoE,SEC-04300,GST,18,89672.78,111381.0,22,Hardware Firewalls & Networking,8517,8903606203760
Supermicro Unified 1U Rack Server - Enterprise 128GB,SEC-04301,GST,18,322975.12,367214.0,9,Servers & Data Storage,8471,8906680316976
Palo Alto Enterprise Network Load Balancer - Basic,SEC-04302,GST,18,75108.67,89875.0,2,Hardware Firewalls & Networking,8517,8900559319949
Lenovo Network Attached Storage (NAS) - 12-Bay Enterprise,SEC-04303,GST,18,78319.69,93798.0,4,Servers & Data Storage,8471,8905902879826
HPE Secure Network Attached Storage (NAS) - 8-Bay Rackmount,SEC-04304,GST,18,40170.32,46023.0,5,Servers & Data Storage,8471,8909450890660
Synology Premium 2U Storage Server - High IOPS NVMe,SEC-04305,GST,18,245022.48,272762.0,14,Servers & Data Storage,8471,8901693133363
McAfee Premium Enterprise Antivirus Suite - Server Edition,SEC-04306,GST,18,1502.52,1869.0,141,Endpoint Security & Software Licenses,8523,8906444581649
Bitdefender Advanced Endpoint Detection and Response (EDR) - 1-Year 10 Devices,SEC-04307,GST,18,3923.49,5030.0,108,Endpoint Security & Software Licenses,8523,8905915674079
Kaspersky Endpoint Detection and Response (EDR) - 1-Year 10 Devices,SEC-04308,GST,18,4810.76,5801.0,58,Endpoint Security & Software Licenses,8523,8908125706029
Consulting Enterprise Penetration Testing Service - Black Box,SEC-04309,GST,18,39308.61,113081.0,49,Cybersecurity Consulting & Audits,998313,8907147067596
CrowdStrike Premium Endpoint Detection and Response (EDR) - 1-Year 50 Devices,SEC-04310,GST,18,8201.16,10027.0,341,Endpoint Security & Software Licenses,8523,8907976470486
Fortinet Cloud-Managed VPN Gateway Appliance - High Availability,SEC-04311,GST,18,61878.12,70947.0,15,Hardware Firewalls & Networking,8517,8902569512516
QNAP Cloud-Managed 1U Rack Server - Intel Xeon 16GB,SEC-04312,GST,18,185254.49,225642.0,10,Servers & Data Storage,8471,8902284746978
CrowdStrike Next-Gen Enterprise Antivirus Suite - 5-User 1-Year,SEC-04313,GST,18,1334.05,1674.0,447,Endpoint Security & Software Licenses,8523,8908044635800
Synology Standard 2U Storage Server - Large Capacity HDD,SEC-04314,GST,18,224409.31,255825.0,5,Servers & Data Storage,8471,8902129058884
Ubiquiti Advanced Managed Gigabit Switch - 48-Port PoE,SEC-04315,GST,18,70351.2,86409.0,24,Hardware Firewalls & Networking,8517,8903134946078
SonicWall Network Load Balancer - Basic,SEC-04316,GST,18,56518.41,69754.0,6,Hardware Firewalls & Networking,8517,8901938522293
Fortinet Pro Wireless Access Point (WAP) - WiFi 6 Indoor,SEC-04317,GST,18,13092.83,15114.0,11,Hardware Firewalls & Networking,8517,8907970499883
Juniper Cloud-Managed Managed Gigabit Switch - 24-Port PoE,SEC-04318,GST,18,34493.3,39568.0,9,Hardware Firewalls & Networking,8517,8909543284512
Consulting Next-Gen Incident Response & Forensics - Retainer Setup,SEC-04319,GST,18,44375.07,123486.0,37,Cybersecurity Consulting & Audits,998313,8904310749148
Managed Unified Network Monitoring Service (NOC) - Monthly Basic,SEC-04320,GST,18,5753.6,19077.0,42,Managed IT Services & AMC,998316,8902018870698
HPE Enterprise Server Rack Cabinet - 24U Standard,SEC-04321,GST,18,25936.62,28978.0,7,Servers & Data Storage,8471,8908016807328
Juniper Secure Network Load Balancer - Advanced Traffic Management,SEC-04322,GST,18,111650.19,133554.0,3,Hardware Firewalls & Networking,8517,8907721889066
Trend Micro Secure Endpoint Detection and Response (EDR) - 1-Year 50 Devices,SEC-04323,GST,18,8275.67,11394.0,169,Endpoint Security & Software Licenses,8523,8904002671617
Synology Pro SAN Storage Array - All-Flash SAN,SEC-04324,GST,18,1157688.0,1422006.0,12,Servers & Data Storage,8471,8904316118698
Cisco Standard Managed Gigabit Switch - 10G Uplink,SEC-04325,GST,18,31077.63,36873.0,20,Hardware Firewalls & Networking,8517,8903004492294
Retained Cloud-Managed On-Site Support Engineer - Full-time Dedicated/Month,SEC-04326,GST,18,19206.17,50157.0,31,Managed IT Services & AMC,998316,8901185700109
Dell EMC Unified SAN Storage Array - Entry Level,SEC-04327,GST,18,267884.75,322735.0,14,Servers & Data Storage,8471,8905571955729
Sophos Pro Wireless Access Point (WAP) - WiFi 6 Indoor,SEC-04328,GST,18,15811.09,19318.0,4,Hardware Firewalls & Networking,8517,8907673727259
Palo Alto Managed Gigabit Switch - 48-Port PoE,SEC-04329,GST,18,89760.2,100365.0,5,Hardware Firewalls & Networking,8517,8905100999129
Consulting Enterprise Penetration Testing Service - Grey Box,SEC-04330,GST,18,27842.45,95525.0,11,Cybersecurity Consulting & Audits,998313,8903110358077
Fortinet Advanced Network Load Balancer - Basic,SEC-04331,GST,18,49618.72,59683.0,24,Hardware Firewalls & Networking,8517,8905938795963
Consulting Pro ISO 27001 Compliance Audit - Full Implementation Support,SEC-04332,GST,18,149612.1,361074.0,30,Cybersecurity Consulting & Audits,998313,8908196623003
In-House Unified Cloud Infrastructure Management - Monthly AWS/Azure,SEC-04333,GST,18,3936.11,11899.0,27,Managed IT Services & AMC,998316,8907081518077
Audit Next-Gen Penetration Testing Service - White Box,SEC-04334,GST,18,38329.79,80328.0,49,Cybersecurity Consulting & Audits,998313,8904645575310
Sophos Next-Gen VPN Gateway Appliance - High Availability,SEC-04335,GST,18,80484.12,93886.0,7,Hardware Firewalls & Networking,8517,8907571489125
Symantec Cloud-Managed Email Security & Anti-Spam - Per Mailbox / Year,SEC-04336,GST,18,1075.67,1459.0,469,Endpoint Security & Software Licenses,8523,8907944740158
Managed On-Site Support Engineer - Full-time Dedicated/Month,SEC-04337,GST,18,20385.27,54366.0,15,Managed IT Services & AMC,998316,8905452832402
Dell EMC Server Rack Cabinet - Co-location Rack,SEC-04338,GST,18,36275.22,43826.0,6,Servers & Data Storage,8471,8902943971501
Sophos Enterprise Managed Gigabit Switch - 10G Uplink,SEC-04339,GST,18,25038.42,30032.0,23,Hardware Firewalls & Networking,8517,8909009401774
Consulting Advanced Vulnerability Assessment (VAPT) - Mobile App,SEC-04340,GST,18,35645.09,82124.0,23,Cybersecurity Consulting & Audits,998313,8909511096702
Kaspersky Cloud-Managed Endpoint Detection and Response (EDR) - 1-Year 5 Devices,SEC-04341,GST,18,2224.23,2940.0,456,Endpoint Security & Software Licenses,8523,8904787762974
Managed Premium On-Site Support Engineer - Part-time/Month,SEC-04342,GST,18,11505.5,30981.0,12,Managed IT Services & AMC,998316,8907821927900
Retained Cloud-Managed On-Site Support Engineer - Full-time Dedicated/Month,SEC-04343,GST,18,15195.21,42538.0,20,Managed IT Services & AMC,998316,8904576358731
Fortinet Enterprise Managed Gigabit Switch - 48-Port PoE,SEC-04344,GST,18,90381.86,101865.0,19,Hardware Firewalls & Networking,8517,8906745644313
QNAP Secure 1U Rack Server - Enterprise 128GB,SEC-04345,GST,18,512510.45,569740.0,15,Servers & Data Storage,8471,8908233290460
Advisory Enterprise Phishing Simulation & Training - Annual Enterprise Program,SEC-04346,GST,18,23204.31,51048.0,38,Cybersecurity Consulting & Audits,998313,8900187999717
Audit Next-Gen Incident Response & Forensics - Per Incident Block Hours,SEC-04347,GST,18,29672.54,100878.0,15,Cybersecurity Consulting & Audits,998313,8907711527507
Synology Advanced 1U Rack Server - Intel Xeon 16GB,SEC-04348,GST,18,132788.45,147196.0,14,Servers & Data Storage,8471,8903223628197
Consulting Standard Vulnerability Assessment (VAPT) - Web Application,SEC-04349,GST,18,21713.85,58894.0,31,Cybersecurity Consulting & Audits,998313,8906196719796
Advisory Cloud-Managed Incident Response & Forensics - Retainer Setup,SEC-04350,GST,18,41404.92,106390.0,11,Cybersecurity Consulting & Audits,998313,8904168265970
Palo Alto Standard Managed Gigabit Switch - 24-Port PoE,SEC-04351,GST,18,40577.06,45475.0,4,Hardware Firewalls & Networking,8517,8902151970962
In-House Unified Comprehensive IT AMC - 11-50 PCs,SEC-04352,GST,18,30320.65,72134.0,41,Managed IT Services & AMC,998316,8909284267861
Retained Secure Network Monitoring Service (NOC) - Monthly Basic,SEC-04353,GST,18,7908.44,19952.0,46,Managed IT Services & AMC,998316,8901206126873
In-House Enterprise Comprehensive IT AMC - 11-50 PCs,SEC-04354,GST,18,27078.58,88744.0,37,Managed IT Services & AMC,998316,8907715892781
Supermicro Next-Gen Network Attached Storage (NAS) - 12-Bay Enterprise,SEC-04355,GST,18,85405.28,103145.0,20,Servers & Data Storage,8471,8909197936864
Dell EMC Standard Network Attached Storage (NAS) - 4-Bay Desktop,SEC-04356,GST,18,50414.99,56467.0,14,Servers & Data Storage,8471,8901091282775
Retained Network Monitoring Service (NOC) - Monthly Basic,SEC-04357,GST,18,8009.01,22751.0,18,Managed IT Services & AMC,998316,8907673264266
Managed Standard Remote Helpdesk Support - Monthly Retainer,SEC-04358,GST,18,1269.87,2793.0,17,Managed IT Services & AMC,998316,8905279434071
In-House Cloud-Managed Cloud Infrastructure Management - Quarterly Audit & Fix,SEC-04359,GST,18,16644.73,46485.0,49,Managed IT Services & AMC,998316,8904860564131
Palo Alto Premium VPN Gateway Appliance - High Availability,SEC-04360,GST,18,82871.75,98778.0,17,Hardware Firewalls & Networking,8517,8902945135609
Audit Enterprise Vulnerability Assessment (VAPT) - Mobile App,SEC-04361,GST,18,38522.08,77863.0,40,Cybersecurity Consulting & Audits,998313,8901065950363
Synology Unified 2U Storage Server - Basic Array,SEC-04362,GST,18,125339.57,144178.0,25,Servers & Data Storage,8471,8904322602784
Retained Premium Remote Helpdesk Support - Quarterly SLA,SEC-04363,GST,18,4886.25,14817.0,18,Managed IT Services & AMC,998316,8907594587023
Palo Alto Secure Next-Generation Firewall (NGFW) - Entry Level,SEC-04364,GST,18,80420.42,88963.0,2,Hardware Firewalls & Networking,8517,8906741586795
Lenovo Next-Gen 1U Rack Server - Enterprise 128GB,SEC-04365,GST,18,413216.16,471472.0,5,Servers & Data Storage,8471,8905507576449
Retained Advanced Remote Helpdesk Support - Annual 24/7 SLA,SEC-04366,GST,18,4490.55,12719.0,12,Managed IT Services & AMC,998316,8909642404365
Trend Micro Data Loss Prevention (DLP) License - Per User,SEC-04367,GST,18,8228.12,11046.0,482,Endpoint Security & Software Licenses,8523,8906002226567
Consulting Cloud-Managed Penetration Testing Service - White Box,SEC-04368,GST,18,33296.89,78049.0,22,Cybersecurity Consulting & Audits,998313,8901781480896
Trend Micro Standard Email Security & Anti-Spam - Domain License,SEC-04369,GST,18,1076.68,1424.0,386,Endpoint Security & Software Licenses,8523,8901193687574
Sophos Next-Gen Managed Gigabit Switch - 10G Uplink,SEC-04370,GST,18,30937.41,36285.0,23,Hardware Firewalls & Networking,8517,8904447186941
QNAP Premium 1U Rack Server - Dual CPU 64GB,SEC-04371,GST,18,163746.08,192586.0,15,Servers & Data Storage,8471,8902835571427
Ubiquiti Managed Gigabit Switch - 24-Port PoE,SEC-04372,GST,18,26127.2,29456.0,24,Hardware Firewalls & Networking,8517,8901259535324
Sophos Cloud-Managed VPN Gateway Appliance - High Availability,SEC-04373,GST,18,78507.34,97616.0,3,Hardware Firewalls & Networking,8517,8906856609028
Advisory Standard ISO 27001 Compliance Audit - Readiness Assessment,SEC-04374,GST,18,59408.28,182544.0,45,Cybersecurity Consulting & Audits,998313,8902015026155
Trend Micro Unified Enterprise Antivirus Suite - 5-User 1-Year,SEC-04375,GST,18,1864.19,2271.0,189,Endpoint Security & Software Licenses,8523,8901045288764
Retained On-Site Support Engineer - Part-time/Month,SEC-04376,GST,18,7256.64,21942.0,44,Managed IT Services & AMC,998316,8905260518546
CrowdStrike Advanced Enterprise Antivirus Suite - 5-User 1-Year,SEC-04377,GST,18,1840.9,2415.0,104,Endpoint Security & Software Licenses,8523,8902231448863
Managed Advanced On-Site Support Engineer - Part-time/Month,SEC-04378,GST,18,11684.71,29812.0,39,Managed IT Services & AMC,998316,8905997526570
Cisco Next-Gen VPN Gateway Appliance - Standard,SEC-04379,GST,18,85541.9,97737.0,8,Hardware Firewalls & Networking,8517,8902908116096
QNAP Secure 2U Storage Server - Large Capacity HDD,SEC-04380,GST,18,236078.38,291001.0,22,Servers & Data Storage,8471,8906136151003
Managed Standard On-Site Support Engineer - Part-time/Month,SEC-04381,GST,18,9270.14,32377.0,44,Managed IT Services & AMC,998316,8906986007757
Cisco Cloud-Managed Wireless Access Point (WAP) - WiFi 6 Outdoor,SEC-04382,GST,18,12998.32,15644.0,20,Hardware Firewalls & Networking,8517,8904764691457
Advisory Incident Response & Forensics - Retainer Setup,SEC-04383,GST,18,40012.68,116177.0,40,Cybersecurity Consulting & Audits,998313,8900959905603
Synology Secure SAN Storage Array - Entry Level,SEC-04384,GST,18,315806.04,349980.0,5,Servers & Data Storage,8471,8905308703302
Bitdefender Cloud-Managed Mobile Device Management (MDM) - Annual per Device,SEC-04385,GST,18,1007.32,1359.0,333,Endpoint Security & Software Licenses,8523,8908706410809
Fortinet VPN Gateway Appliance - Standard,SEC-04386,GST,18,80765.06,94098.0,7,Hardware Firewalls & Networking,8517,8902485515703
Symantec Standard Data Loss Prevention (DLP) License - Enterprise Site License,SEC-04387,GST,18,15741.73,21665.0,389,Endpoint Security & Software Licenses,8523,8900035705833
SentinelOne Pro Email Security & Anti-Spam - Domain License,SEC-04388,GST,18,1327.9,1669.0,241,Endpoint Security & Software Licenses,8523,8900636853992
Advisory Penetration Testing Service - White Box,SEC-04389,GST,18,30043.67,101351.0,19,Cybersecurity Consulting & Audits,998313,8904115256416
CrowdStrike Pro Mobile Device Management (MDM) - Annual per Device,SEC-04390,GST,18,1012.88,1384.0,63,Endpoint Security & Software Licenses,8523,8905406965148
Synology Unified Server Rack Cabinet - 24U Standard,SEC-04391,GST,18,26247.29,30472.0,9,Servers & Data Storage,8471,8909300922411
Managed Secure Comprehensive IT AMC - 11-50 PCs,SEC-04392,GST,18,34856.15,92144.0,36,Managed IT Services & AMC,998316,8903174211521
Consulting Penetration Testing Service - White Box,SEC-04393,GST,18,42529.65,111842.0,41,Cybersecurity Consulting & Audits,998313,8909707399551
Dell EMC 1U Rack Server - Intel Xeon 16GB,SEC-04394,GST,18,158347.87,192469.0,18,Servers & Data Storage,8471,8906359412307
Bitdefender Secure Mobile Device Management (MDM) - Annual per Device,SEC-04395,GST,18,798.74,1110.0,300,Endpoint Security & Software Licenses,8523,8900964225638
CrowdStrike Pro Mobile Device Management (MDM) - Monthly per Device,SEC-04396,GST,18,169.04,205.0,366,Endpoint Security & Software Licenses,8523,8901442381454
Sophos Enterprise Managed Gigabit Switch - 48-Port PoE,SEC-04397,GST,18,65444.52,74491.0,10,Hardware Firewalls & Networking,8517,8902255922719
Supermicro Enterprise 1U Rack Server - Dual CPU 64GB,SEC-04398,GST,18,140539.03,168734.0,11,Servers & Data Storage,8471,8908629783284
Symantec Advanced Email Security & Anti-Spam - Per Mailbox / Year,SEC-04399,GST,18,1315.4,1773.0,371,Endpoint Security & Software Licenses,8523,8906604009893
Retained Standard Cloud Infrastructure Management - Monthly AWS/Azure,SEC-04400,GST,18,4895.38,10350.0,28,Managed IT Services & AMC,998316,8901847440005
Trend Micro Standard Enterprise Antivirus Suite - Server Edition,SEC-04401,GST,18,1929.29,2574.0,115,Endpoint Security & Software Licenses,8523,8902649232724
SentinelOne Pro Data Loss Prevention (DLP) License - Per User,SEC-04402,GST,18,6480.79,8941.0,205,Endpoint Security & Software Licenses,8523,8907649952325
Supermicro Enterprise SAN Storage Array - All-Flash SAN,SEC-04403,GST,18,1321369.66,1484756.0,15,Servers & Data Storage,8471,8907164843514
McAfee Cloud-Managed Mobile Device Management (MDM) - Monthly per Device,SEC-04404,GST,18,155.29,197.0,307,Endpoint Security & Software Licenses,8523,8905558859918
Audit Unified Penetration Testing Service - White Box,SEC-04405,GST,18,27259.28,92665.0,22,Cybersecurity Consulting & Audits,998313,8909958539111
Dell EMC Advanced Server Rack Cabinet - 24U Standard,SEC-04406,GST,18,33029.81,40889.0,7,Servers & Data Storage,8471,8901617625197
Supermicro Premium 1U Rack Server - Enterprise 128GB,SEC-04407,GST,18,328935.45,393301.0,21,Servers & Data Storage,8471,8908331265281
Fortinet VPN Gateway Appliance - High Availability,SEC-04408,GST,18,76075.65,91226.0,19,Hardware Firewalls & Networking,8517,8907105484043
Audit Cloud-Managed Vulnerability Assessment (VAPT) - Mobile App,SEC-04409,GST,18,26158.94,65296.0,46,Cybersecurity Consulting & Audits,998313,8901539362233
Audit Cloud-Managed Phishing Simulation & Training - Annual Enterprise Program,SEC-04410,GST,18,28279.71,67907.0,48,Cybersecurity Consulting & Audits,998313,8904659205488
Advisory Pro Vulnerability Assessment (VAPT) - Network Infrastructure,SEC-04411,GST,18,21107.95,56884.0,10,Cybersecurity Consulting & Audits,998313,8906290772692
Symantec Premium Enterprise Antivirus Suite - 1-User 1-Year,SEC-04412,GST,18,1655.42,2202.0,263,Endpoint Security & Software Licenses,8523,8902725070120
Juniper Premium Network Load Balancer - Advanced Traffic Management,SEC-04413,GST,18,100389.21,124535.0,18,Hardware Firewalls & Networking,8517,8908222724859
Audit Next-Gen Vulnerability Assessment (VAPT) - Network Infrastructure,SEC-04414,GST,18,29201.18,80525.0,37,Cybersecurity Consulting & Audits,998313,8907340538676
Managed Pro Comprehensive IT AMC - Server & Network Included,SEC-04415,GST,18,29693.66,99000.0,17,Managed IT Services & AMC,998316,8907967280367
SonicWall Cloud-Managed Network Load Balancer - Advanced Traffic Management,SEC-04416,GST,18,114783.04,140482.0,4,Hardware Firewalls & Networking,8517,8902357822394
Consulting Next-Gen Phishing Simulation & Training - Quarterly Campaign,SEC-04417,GST,18,10974.92,22752.0,14,Cybersecurity Consulting & Audits,998313,8906295364414
Advisory Enterprise Phishing Simulation & Training - Annual Enterprise Program,SEC-04418,GST,18,19552.88,60586.0,22,Cybersecurity Consulting & Audits,998313,8901883680898
Consulting Pro Vulnerability Assessment (VAPT) - Mobile App,SEC-04419,GST,18,21593.28,57401.0,29,Cybersecurity Consulting & Audits,998313,8904481755253
Audit Secure Penetration Testing Service - White Box,SEC-04420,GST,18,31528.96,78237.0,6,Cybersecurity Consulting & Audits,998313,8903089737602
Retained Pro Cloud Infrastructure Management - Monthly AWS/Azure,SEC-04421,GST,18,5392.74,12807.0,12,Managed IT Services & AMC,998316,8905836303928
Kaspersky Enterprise Mobile Device Management (MDM) - Annual per Device,SEC-04422,GST,18,825.14,1094.0,61,Endpoint Security & Software Licenses,8523,8904898833628
Palo Alto Cloud-Managed Wireless Access Point (WAP) - WiFi 6 Indoor,SEC-04423,GST,18,20641.78,22829.0,20,Hardware Firewalls & Networking,8517,8904718880695
Juniper Managed Gigabit Switch - 24-Port PoE,SEC-04424,GST,18,24791.76,30131.0,7,Hardware Firewalls & Networking,8517,8909673074686
QNAP Cloud-Managed SAN Storage Array - All-Flash SAN,SEC-04425,GST,18,1373752.39,1523659.0,25,Servers & Data Storage,8471,8907812779491
Managed Next-Gen Network Monitoring Service (NOC) - Monthly Advanced Proactive,SEC-04426,GST,18,3083.1,8722.0,13,Managed IT Services & AMC,998316,8903916270491
Trend Micro Secure Endpoint Detection and Response (EDR) - 1-Year 50 Devices,SEC-04427,GST,18,9253.65,11341.0,171,Endpoint Security & Software Licenses,8523,8903831672900
Synology Enterprise 2U Storage Server - Large Capacity HDD,SEC-04428,GST,18,227785.5,280222.0,25,Servers & Data Storage,8471,8909419513074
McAfee Premium Enterprise Antivirus Suite - Server Edition,SEC-04429,GST,18,1802.99,2235.0,364,Endpoint Security & Software Licenses,8523,8902057083922
In-House Premium Comprehensive IT AMC - 1-10 PCs,SEC-04430,GST,18,25540.23,83867.0,19,Managed IT Services & AMC,998316,8907164294612
Trend Micro Advanced Mobile Device Management (MDM) - Monthly per Device,SEC-04431,GST,18,158.51,215.0,110,Endpoint Security & Software Licenses,8523,8906030899256
Supermicro Enterprise 1U Rack Server - Intel Xeon 16GB,SEC-04432,GST,18,183473.53,225457.0,25,Servers & Data Storage,8471,8901530804027
In-House Next-Gen Cloud Infrastructure Management - Quarterly Audit & Fix,SEC-04433,GST,18,28214.18,63569.0,49,Managed IT Services & AMC,998316,8908933234542
Supermicro Standard 2U Storage Server - Large Capacity HDD,SEC-04434,GST,18,244141.9,293473.0,18,Servers & Data Storage,8471,8901621427656
Bitdefender Cloud-Managed Endpoint Detection and Response (EDR) - 1-Year 10 Devices,SEC-04435,GST,18,2944.36,3939.0,111,Endpoint Security & Software Licenses,8523,8906350214210
Retained Enterprise Comprehensive IT AMC - 1-10 PCs,SEC-04436,GST,18,28523.34,99023.0,29,Managed IT Services & AMC,998316,8904558200941
Lenovo Standard Network Attached Storage (NAS) - 8-Bay Rackmount,SEC-04437,GST,18,35610.51,44445.0,11,Servers & Data Storage,8471,8906537092387
Consulting Pro Penetration Testing Service - Black Box,SEC-04438,GST,18,25659.22,79628.0,20,Cybersecurity Consulting & Audits,998313,8906770989534
Lenovo Premium 1U Rack Server - Dual CPU 64GB,SEC-04439,GST,18,126857.56,154959.0,12,Servers & Data Storage,8471,8908812155524
Consulting Premium Incident Response & Forensics - Retainer Setup,SEC-04440,GST,18,53852.33,148507.0,12,Cybersecurity Consulting & Audits,998313,8903016188041
SonicWall Advanced Managed Gigabit Switch - 24-Port PoE,SEC-04441,GST,18,31366.46,34738.0,23,Hardware Firewalls & Networking,8517,8900610296746
Advisory Pro Phishing Simulation & Training - Quarterly Campaign,SEC-04442,GST,18,7420.92,23552.0,11,Cybersecurity Consulting & Audits,998313,8906393483557
Kaspersky Secure Endpoint Detection and Response (EDR) - 1-Year 50 Devices,SEC-04443,GST,18,8211.51,11474.0,299,Endpoint Security & Software Licenses,8523,8901771556489
Managed Advanced Remote Helpdesk Support - Monthly Retainer,SEC-04444,GST,18,1095.02,3470.0,42,Managed IT Services & AMC,998316,8906318158996
Ubiquiti Advanced Network Load Balancer - Basic,SEC-04445,GST,18,62902.51,71566.0,3,Hardware Firewalls & Networking,8517,8909262048240
Juniper Standard Wireless Access Point (WAP) - WiFi 6 Indoor,SEC-04446,GST,18,16315.04,18454.0,5,Hardware Firewalls & Networking,8517,8900189733247
Cisco Next-Gen Managed Gigabit Switch - 48-Port PoE,SEC-04447,GST,18,89328.17,111500.0,20,Hardware Firewalls & Networking,8517,8909967390316
Advisory Standard Penetration Testing Service - Grey Box,SEC-04448,GST,18,36230.19,114530.0,37,Cybersecurity Consulting & Audits,998313,8905840734319
Juniper Unified Network Load Balancer - Advanced Traffic Management,SEC-04449,GST,18,120923.67,138025.0,21,Hardware Firewalls & Networking,8517,8908675897015
Symantec Unified Enterprise Antivirus Suite - Server Edition,SEC-04450,GST,18,1178.14,1640.0,419,Endpoint Security & Software Licenses,8523,8905577200536
Consulting Next-Gen Incident Response & Forensics - Retainer Setup,SEC-04451,GST,18,54178.42,130575.0,25,Cybersecurity Consulting & Audits,998313,8903820187767
Sophos Enterprise Network Load Balancer - Advanced Traffic Management,SEC-04452,GST,18,113294.2,139773.0,13,Hardware Firewalls & Networking,8517,8903091270736
In-House Advanced Comprehensive IT AMC - 11-50 PCs,SEC-04453,GST,18,35123.4,83867.0,22,Managed IT Services & AMC,998316,8907099674507
Palo Alto Managed Gigabit Switch - 24-Port PoE,SEC-04454,GST,18,24895.86,30715.0,6,Hardware Firewalls & Networking,8517,8906555757681
Sophos Secure Next-Generation Firewall (NGFW) - Entry Level,SEC-04455,GST,18,79150.19,90872.0,12,Hardware Firewalls & Networking,8517,8905304074393
Advisory Unified Penetration Testing Service - Grey Box,SEC-04456,GST,18,40768.28,110609.0,28,Cybersecurity Consulting & Audits,998313,8909335924238
McAfee Pro Email Security & Anti-Spam - Per Mailbox / Year,SEC-04457,GST,18,1310.97,1716.0,56,Endpoint Security & Software Licenses,8523,8901710637811
Advisory Next-Gen Incident Response & Forensics - Retainer Setup,SEC-04458,GST,18,35885.95,108657.0,26,Cybersecurity Consulting & Audits,998313,8904345712840
QNAP Secure Network Attached Storage (NAS) - 4-Bay Desktop,SEC-04459,GST,18,41064.92,48435.0,2,Servers & Data Storage,8471,8904919318732
Supermicro Standard 2U Storage Server - High IOPS NVMe,SEC-04460,GST,18,235686.69,270873.0,21,Servers & Data Storage,8471,8906233440593
Consulting Pro Incident Response & Forensics - Retainer Setup,SEC-04461,GST,18,66527.02,154014.0,48,Cybersecurity Consulting & Audits,998313,8908733580582
Consulting Incident Response & Forensics - Per Incident Block Hours,SEC-04462,GST,18,67025.35,140869.0,38,Cybersecurity Consulting & Audits,998313,8908059515567
Bitdefender Advanced Data Loss Prevention (DLP) License - Per User,SEC-04463,GST,18,7241.86,8766.0,262,Endpoint Security & Software Licenses,8523,8903647048704
QNAP Next-Gen 1U Rack Server - Dual CPU 64GB,SEC-04464,GST,18,188678.26,224794.0,21,Servers & Data Storage,8471,8902944763377
Consulting Premium Penetration Testing Service - Grey Box,SEC-04465,GST,18,35915.12,113840.0,7,Cybersecurity Consulting & Audits,998313,8901303760491
Audit Premium Phishing Simulation & Training - Annual Enterprise Program,SEC-04466,GST,18,27791.75,74560.0,48,Cybersecurity Consulting & Audits,998313,8907310802713
In-House Secure Remote Helpdesk Support - Quarterly SLA,SEC-04467,GST,18,6456.06,15646.0,41,Managed IT Services & AMC,998316,8900322211388
Retained Cloud-Managed Comprehensive IT AMC - Server & Network Included,SEC-04468,GST,18,39766.07,81335.0,35,Managed IT Services & AMC,998316,8900941957241
Retained Secure Network Monitoring Service (NOC) - Monthly Advanced Proactive,SEC-04469,GST,18,3476.95,8042.0,29,Managed IT Services & AMC,998316,8909810534053
Bitdefender Advanced Data Loss Prevention (DLP) License - Enterprise Site License,SEC-04470,GST,18,19979.57,26534.0,463,Endpoint Security & Software Licenses,8523,8903081079934
Bitdefender Pro Data Loss Prevention (DLP) License - Per User,SEC-04471,GST,18,7721.04,9306.0,290,Endpoint Security & Software Licenses,8523,8902674533962
Trend Micro Unified Email Security & Anti-Spam - Per Mailbox / Year,SEC-04472,GST,18,1354.04,1853.0,384,Endpoint Security & Software Licenses,8523,8902715227372
Synology Cloud-Managed 2U Storage Server - Large Capacity HDD,SEC-04473,GST,18,171176.33,213956.0,5,Servers & Data Storage,8471,8906813835817
Audit Advanced Vulnerability Assessment (VAPT) - Network Infrastructure,SEC-04474,GST,18,17764.92,61688.0,5,Cybersecurity Consulting & Audits,998313,8903578354211
Supermicro Network Attached Storage (NAS) - 8-Bay Rackmount,SEC-04475,GST,18,48326.9,53824.0,10,Servers & Data Storage,8471,8904005799798
Symantec Advanced Endpoint Detection and Response (EDR) - 1-Year 10 Devices,SEC-04476,GST,18,2954.92,3966.0,368,Endpoint Security & Software Licenses,8523,8901107465506
SentinelOne Advanced Enterprise Antivirus Suite - 1-User 1-Year,SEC-04477,GST,18,1641.33,2254.0,63,Endpoint Security & Software Licenses,8523,8906865232042
SonicWall Advanced Wireless Access Point (WAP) - WiFi 6 Indoor,SEC-04478,GST,18,19124.79,22371.0,2,Hardware Firewalls & Networking,8517,8904284850136
In-House Premium Network Monitoring Service (NOC) - Monthly Advanced Proactive,SEC-04479,GST,18,3210.27,7562.0,8,Managed IT Services & AMC,998316,8900858752193
Synology Enterprise Server Rack Cabinet - 42U Heavy Duty,SEC-04480,GST,18,34532.6,39573.0,5,Servers & Data Storage,8471,8900291209765
Audit Standard ISO 27001 Compliance Audit - Full Implementation Support,SEC-04481,GST,18,124691.2,420736.0,35,Cybersecurity Consulting & Audits,998313,8908620892799
Retained Next-Gen Remote Helpdesk Support - Quarterly SLA,SEC-04482,GST,18,4762.18,13598.0,38,Managed IT Services & AMC,998316,8900742689017
CrowdStrike Unified Endpoint Detection and Response (EDR) - 1-Year 10 Devices,SEC-04483,GST,18,3396.92,4383.0,228,Endpoint Security & Software Licenses,8523,8900316815736
Managed Comprehensive IT AMC - Server & Network Included,SEC-04484,GST,18,32926.97,93517.0,12,Managed IT Services & AMC,998316,8902003908197
SonicWall Cloud-Managed Wireless Access Point (WAP) - WiFi 6 Outdoor,SEC-04485,GST,18,14620.76,17448.0,11,Hardware Firewalls & Networking,8517,8904088885037
Dell EMC Premium Server Rack Cabinet - 24U Standard,SEC-04486,GST,18,29963.71,33373.0,2,Servers & Data Storage,8471,8908482960462
Juniper Pro Network Load Balancer - Advanced Traffic Management,SEC-04487,GST,18,128419.27,147134.0,6,Hardware Firewalls & Networking,8517,8902156343976
Audit Pro ISO 27001 Compliance Audit - Readiness Assessment,SEC-04488,GST,18,62847.98,158026.0,23,Cybersecurity Consulting & Audits,998313,8907432995575
Symantec Secure Email Security & Anti-Spam - Per Mailbox / Year,SEC-04489,GST,18,884.93,1223.0,405,Endpoint Security & Software Licenses,8523,8904139074432
Advisory Premium Incident Response & Forensics - Retainer Setup,SEC-04490,GST,18,34226.55,107146.0,13,Cybersecurity Consulting & Audits,998313,8902123703228
Consulting Premium Incident Response & Forensics - Per Incident Block Hours,SEC-04491,GST,18,39129.49,136686.0,32,Cybersecurity Consulting & Audits,998313,8900052061084
Fortinet Unified VPN Gateway Appliance - High Availability,SEC-04492,GST,18,83124.3,97197.0,8,Hardware Firewalls & Networking,8517,8902386377364
Dell EMC Secure SAN Storage Array - Hybrid Array,SEC-04493,GST,18,469662.36,578135.0,23,Servers & Data Storage,8471,8907228043691
Retained Pro Network Monitoring Service (NOC) - Monthly Basic,SEC-04494,GST,18,10877.97,22621.0,46,Managed IT Services & AMC,998316,8908691918098
Palo Alto Secure Wireless Access Point (WAP) - WiFi 6 Outdoor,SEC-04495,GST,18,17162.08,20716.0,12,Hardware Firewalls & Networking,8517,8903700410233
In-House Enterprise On-Site Support Engineer - Full-time Dedicated/Month,SEC-04496,GST,18,27156.08,57110.0,43,Managed IT Services & AMC,998316,8902770389313
Retained Pro Network Monitoring Service (NOC) - Monthly Basic,SEC-04497,GST,18,8564.24,21334.0,9,Managed IT Services & AMC,998316,8906889729319
Fortinet Next-Gen Next-Generation Firewall (NGFW) - Entry Level,SEC-04498,GST,18,76061.61,87690.0,2,Hardware Firewalls & Networking,8517,8905744870381
In-House Unified Cloud Infrastructure Management - Quarterly Audit & Fix,SEC-04499,GST,18,14221.45,47272.0,6,Managed IT Services & AMC,998316,8907923285337
Synology Premium 2U Storage Server - Basic Array,SEC-04500,GST,18,141656.52,171964.0,14,Servers & Data Storage,8471,8902072669318
SentinelOne Advanced Email Security & Anti-Spam - Domain License,SEC-04501,GST,18,1438.19,1913.0,316,Endpoint Security & Software Licenses,8523,8906253956394
Advisory Advanced ISO 27001 Compliance Audit - Readiness Assessment,SEC-04502,GST,18,44965.03,139072.0,42,Cybersecurity Consulting & Audits,998313,8900934269263
McAfee Pro Data Loss Prevention (DLP) License - Enterprise Site License,SEC-04503,GST,18,13963.84,17068.0,59,Endpoint Security & Software Licenses,8523,8905458960193
Managed Cloud-Managed Remote Helpdesk Support - Annual 24/7 SLA,SEC-04504,GST,18,7842.63,19414.0,32,Managed IT Services & AMC,998316,8906807345710
In-House Cloud-Managed Cloud Infrastructure Management - Monthly AWS/Azure,SEC-04505,GST,18,5222.17,12980.0,7,Managed IT Services & AMC,998316,8902647223146
SentinelOne Advanced Enterprise Antivirus Suite - 1-User 1-Year,SEC-04506,GST,18,1251.16,1613.0,233,Endpoint Security & Software Licenses,8523,8907966758134
Lenovo Unified Network Attached Storage (NAS) - 8-Bay Rackmount,SEC-04507,GST,18,47345.65,54780.0,7,Servers & Data Storage,8471,8903696637861
Dell EMC Network Attached Storage (NAS) - 8-Bay Rackmount,SEC-04508,GST,18,38736.82,47106.0,17,Servers & Data Storage,8471,8904049506925
SonicWall Standard Network Load Balancer - Basic,SEC-04509,GST,18,60633.32,70090.0,12,Hardware Firewalls & Networking,8517,8902927813624
Audit Unified ISO 27001 Compliance Audit - Full Implementation Support,SEC-04510,GST,18,133217.18,388047.0,17,Cybersecurity Consulting & Audits,998313,8908395027862
In-House Standard Comprehensive IT AMC - 11-50 PCs,SEC-04511,GST,18,23479.03,73140.0,7,Managed IT Services & AMC,998316,8903978514120
Fortinet Cloud-Managed Network Load Balancer - Basic,SEC-04512,GST,18,64258.35,75373.0,15,Hardware Firewalls & Networking,8517,8908523747611
McAfee Email Security & Anti-Spam - Domain License,SEC-04513,GST,18,1417.69,1917.0,443,Endpoint Security & Software Licenses,8523,8903840081105
Dell EMC Premium 2U Storage Server - High IOPS NVMe,SEC-04514,GST,18,241813.24,283352.0,25,Servers & Data Storage,8471,8906786198664
Symantec Pro Enterprise Antivirus Suite - Server Edition,SEC-04515,GST,18,1656.98,2056.0,73,Endpoint Security & Software Licenses,8523,8907476031077
In-House Pro Network Monitoring Service (NOC) - Monthly Basic,SEC-04516,GST,18,9545.75,22868.0,22,Managed IT Services & AMC,998316,8904127579880
Synology 2U Storage Server - Basic Array,SEC-04517,GST,18,137778.6,165701.0,12,Servers & Data Storage,8471,8902512098755
Trend Micro Premium Mobile Device Management (MDM) - Annual per Device,SEC-04518,GST,18,745.99,966.0,399,Endpoint Security & Software Licenses,8523,8908701280870
Lenovo Cloud-Managed 1U Rack Server - Intel Xeon 16GB,SEC-04519,GST,18,139018.7,161654.0,3,Servers & Data Storage,8471,8901083015352
Retained Secure Comprehensive IT AMC - 1-10 PCs,SEC-04520,GST,18,39073.59,80342.0,39,Managed IT Services & AMC,998316,8906384196284
Juniper Enterprise Network Load Balancer - Advanced Traffic Management,SEC-04521,GST,18,105592.47,122314.0,2,Hardware Firewalls & Networking,8517,8905792321839
Bitdefender Pro Mobile Device Management (MDM) - Annual per Device,SEC-04522,GST,18,1024.56,1277.0,217,Endpoint Security & Software Licenses,8523,8906241951786
Dell EMC Server Rack Cabinet - Co-location Rack,SEC-04523,GST,18,37753.3,44150.0,14,Servers & Data Storage,8471,8909856879673
Retained Cloud-Managed On-Site Support Engineer - Full-time Dedicated/Month,SEC-04524,GST,18,14950.88,48025.0,38,Managed IT Services & AMC,998316,8905966521634
Advisory Enterprise Incident Response & Forensics - Per Incident Block Hours,SEC-04525,GST,18,46113.17,155963.0,38,Cybersecurity Consulting & Audits,998313,8900105118426
CrowdStrike Advanced Endpoint Detection and Response (EDR) - 1-Year 5 Devices,SEC-04526,GST,18,2689.86,3255.0,323,Endpoint Security & Software Licenses,8523,8903595788083
Symantec Unified Mobile Device Management (MDM) - Monthly per Device,SEC-04527,GST,18,159.68,221.0,325,Endpoint Security & Software Licenses,8523,8902760670625
Ubiquiti Unified Next-Generation Firewall (NGFW) - Enterprise Tier,SEC-04528,GST,18,366329.86,436823.0,14,Hardware Firewalls & Networking,8517,8901198095606
Consulting Advanced Penetration Testing Service - Grey Box,SEC-04529,GST,18,26757.39,83029.0,32,Cybersecurity Consulting & Audits,998313,8907365401973
Fortinet Premium Next-Generation Firewall (NGFW) - Entry Level,SEC-04530,GST,18,98113.91,110011.0,16,Hardware Firewalls & Networking,8517,8902216317419
Audit Unified Incident Response & Forensics - Retainer Setup,SEC-04531,GST,18,31772.24,110554.0,6,Cybersecurity Consulting & Audits,998313,8909586354692
HPE Advanced SAN Storage Array - All-Flash SAN,SEC-04532,GST,18,978006.54,1161111.0,20,Servers & Data Storage,8471,8906639074266
HPE Server Rack Cabinet - Co-location Rack,SEC-04533,GST,18,26262.28,29472.0,2,Servers & Data Storage,8471,8900237060931
CrowdStrike Pro Mobile Device Management (MDM) - Monthly per Device,SEC-04534,GST,18,193.99,239.0,351,Endpoint Security & Software Licenses,8523,8903381894549
Managed Secure Comprehensive IT AMC - Server & Network Included,SEC-04535,GST,18,22255.32,70311.0,48,Managed IT Services & AMC,998316,8905897250671
HPE Pro 2U Storage Server - Large Capacity HDD,SEC-04536,GST,18,206863.17,256307.0,25,Servers & Data Storage,8471,8900903134644
QNAP Standard 1U Rack Server - Enterprise 128GB,SEC-04537,GST,18,353573.99,434032.0,9,Servers & Data Storage,8471,8909583326509
Fortinet Standard Managed Gigabit Switch - 10G Uplink,SEC-04538,GST,18,30758.4,36843.0,19,Hardware Firewalls & Networking,8517,8909364590300
Managed Pro On-Site Support Engineer - Part-time/Month,SEC-04539,GST,18,8960.64,25434.0,7,Managed IT Services & AMC,998316,8906065612174
In-House Advanced Cloud Infrastructure Management - Quarterly Audit & Fix,SEC-04540,GST,18,13836.53,45295.0,32,Managed IT Services & AMC,998316,8908877275386
Retained Premium On-Site Support Engineer - Full-time Dedicated/Month,SEC-04541,GST,18,25168.82,58196.0,24,Managed IT Services & AMC,998316,8902180893169
Audit Unified Penetration Testing Service - Grey Box,SEC-04542,GST,18,31007.79,97941.0,28,Cybersecurity Consulting & Audits,998313,8903420566807
Lenovo Unified 2U Storage Server - High IOPS NVMe,SEC-04543,GST,18,206899.69,239647.0,7,Servers & Data Storage,8471,8909805303610
Cisco Secure VPN Gateway Appliance - Standard,SEC-04544,GST,18,58523.48,72633.0,5,Hardware Firewalls & Networking,8517,8909950098726
SentinelOne Unified Mobile Device Management (MDM) - Monthly per Device,SEC-04545,GST,18,147.76,204.0,229,Endpoint Security & Software Licenses,8523,8902059354157
HPE Enterprise Server Rack Cabinet - 42U Heavy Duty,SEC-04546,GST,18,25621.6,31239.0,11,Servers & Data Storage,8471,8902589199597
Bitdefender Data Loss Prevention (DLP) License - Per User,SEC-04547,GST,18,7055.49,9064.0,471,Endpoint Security & Software Licenses,8523,8905631603288
Consulting Next-Gen ISO 27001 Compliance Audit - Full Implementation Support,SEC-04548,GST,18,156053.55,455288.0,11,Cybersecurity Consulting & Audits,998313,8907263528828
SonicWall Pro Network Load Balancer - Basic,SEC-04549,GST,18,54130.29,61107.0,23,Hardware Firewalls & Networking,8517,8900252002989
Cisco Cloud-Managed Managed Gigabit Switch - 10G Uplink,SEC-04550,GST,18,32182.45,38043.0,19,Hardware Firewalls & Networking,8517,8907825346709
Advisory Premium Incident Response & Forensics - Per Incident Block Hours,SEC-04551,GST,18,67073.04,141260.0,9,Cybersecurity Consulting & Audits,998313,8903121788881
Retained Cloud-Managed Remote Helpdesk Support - Quarterly SLA,SEC-04552,GST,18,6523.28,19029.0,35,Managed IT Services & AMC,998316,8904223384446
Fortinet Enterprise VPN Gateway Appliance - High Availability,SEC-04553,GST,18,80714.04,93241.0,25,Hardware Firewalls & Networking,8517,8907117049441
Symantec Enterprise Mobile Device Management (MDM) - Monthly per Device,SEC-04554,GST,18,191.04,232.0,390,Endpoint Security & Software Licenses,8523,8908313218167
Cisco Secure Network Load Balancer - Basic,SEC-04555,GST,18,64280.45,71754.0,3,Hardware Firewalls & Networking,8517,8907260768516
Trend Micro Cloud-Managed Endpoint Detection and Response (EDR) - 1-Year 50 Devices,SEC-04556,GST,18,7587.87,10620.0,76,Endpoint Security & Software Licenses,8523,8905844512827
QNAP Next-Gen Network Attached Storage (NAS) - 4-Bay Desktop,SEC-04557,GST,18,44968.65,49974.0,15,Servers & Data Storage,8471,8906497248325
Advisory Next-Gen Phishing Simulation & Training - Annual Enterprise Program,SEC-04558,GST,18,28402.78,61430.0,19,Cybersecurity Consulting & Audits,998313,8903759933458
HPE Standard Server Rack Cabinet - Co-location Rack,SEC-04559,GST,18,32940.59,36787.0,20,Servers & Data Storage,8471,8904675689292
Trend Micro Next-Gen Mobile Device Management (MDM) - Annual per Device,SEC-04560,GST,18,797.72,979.0,290,Endpoint Security & Software Licenses,8523,8909751315463
Managed Standard Cloud Infrastructure Management - Monthly AWS/Azure,SEC-04561,GST,18,3427.29,9085.0,5,Managed IT Services & AMC,998316,8906294944727
Lenovo Unified Network Attached Storage (NAS) - 8-Bay Rackmount,SEC-04562,GST,18,37682.15,44770.0,19,Servers & Data Storage,8471,8907511948933
Synology 2U Storage Server - Large Capacity HDD,SEC-04563,GST,18,259356.16,302083.0,2,Servers & Data Storage,8471,8901447159977
Ubiquiti Enterprise Wireless Access Point (WAP) - High-Density,SEC-04564,GST,18,15031.51,17355.0,24,Hardware Firewalls & Networking,8517,8909614097741
Advisory Cloud-Managed Vulnerability Assessment (VAPT) - Web Application,SEC-04565,GST,18,29457.93,60191.0,20,Cybersecurity Consulting & Audits,998313,8905293227697
Supermicro Unified 1U Rack Server - Dual CPU 64GB,SEC-04566,GST,18,136208.36,160251.0,10,Servers & Data Storage,8471,8905326169174
Consulting Penetration Testing Service - Grey Box,SEC-04567,GST,18,28512.06,84508.0,15,Cybersecurity Consulting & Audits,998313,8907918055470
SonicWall Pro VPN Gateway Appliance - High Availability,SEC-04568,GST,18,92770.91,102111.0,6,Hardware Firewalls & Networking,8517,8909620563364
Juniper Cloud-Managed Network Load Balancer - Advanced Traffic Management,SEC-04569,GST,18,88695.3,104798.0,7,Hardware Firewalls & Networking,8517,8907128826310
Advisory Advanced Incident Response & Forensics - Per Incident Block Hours,SEC-04570,GST,18,33913.83,118431.0,7,Cybersecurity Consulting & Audits,998313,8907748816820
Symantec Standard Enterprise Antivirus Suite - Server Edition,SEC-04571,GST,18,1342.52,1735.0,161,Endpoint Security & Software Licenses,8523,8901774278943
Retained Advanced On-Site Support Engineer - Full-time Dedicated/Month,SEC-04572,GST,18,15630.52,42075.0,37,Managed IT Services & AMC,998316,8901406505809
Symantec Enterprise Endpoint Detection and Response (EDR) - 1-Year 10 Devices,SEC-04573,GST,18,3603.03,4593.0,374,Endpoint Security & Software Licenses,8523,8904887534073
QNAP Cloud-Managed Network Attached Storage (NAS) - 8-Bay Rackmount,SEC-04574,GST,18,46357.36,54550.0,20,Servers & Data Storage,8471,8903228171082
QNAP Enterprise 1U Rack Server - Enterprise 128GB,SEC-04575,GST,18,329630.91,372626.0,20,Servers & Data Storage,8471,8907759336783
Kaspersky Secure Email Security & Anti-Spam - Domain License,SEC-04576,GST,18,1164.56,1405.0,328,Endpoint Security & Software Licenses,8523,8906781382311
Advisory Enterprise Phishing Simulation & Training - Annual Enterprise Program,SEC-04577,GST,18,21377.51,64125.0,20,Cybersecurity Consulting & Audits,998313,8903566388282
Synology 1U Rack Server - Dual CPU 64GB,SEC-04578,GST,18,191952.96,225520.0,17,Servers & Data Storage,8471,8903084298507
In-House Cloud-Managed Remote Helpdesk Support - Monthly Retainer,SEC-04579,GST,18,1066.75,3209.0,47,Managed IT Services & AMC,998316,8904636320154
In-House Enterprise Remote Helpdesk Support - Monthly Retainer,SEC-04580,GST,18,1069.47,3497.0,10,Managed IT Services & AMC,998316,8902286731941
Advisory Cloud-Managed Incident Response & Forensics - Retainer Setup,SEC-04581,GST,18,50248.56,151257.0,48,Cybersecurity Consulting & Audits,998313,8901185802023
Cisco Next-Gen Managed Gigabit Switch - 24-Port PoE,SEC-04582,GST,18,22757.61,28229.0,4,Hardware Firewalls & Networking,8517,8902492018435
Advisory Penetration Testing Service - Black Box,SEC-04583,GST,18,36497.9,95433.0,35,Cybersecurity Consulting & Audits,998313,8902738016584
Bitdefender Enterprise Enterprise Antivirus Suite - 1-User 1-Year,SEC-04584,GST,18,1935.38,2434.0,53,Endpoint Security & Software Licenses,8523,8905360656815
Trend Micro Next-Gen Endpoint Detection and Response (EDR) - 1-Year 50 Devices,SEC-04585,GST,18,11359.8,14460.0,130,Endpoint Security & Software Licenses,8523,8901772962292
Supermicro Cloud-Managed Network Attached Storage (NAS) - 12-Bay Enterprise,SEC-04586,GST,18,99106.98,117036.0,10,Servers & Data Storage,8471,8906173274307
Retained Enterprise Cloud Infrastructure Management - Quarterly Audit & Fix,SEC-04587,GST,18,16350.16,55763.0,11,Managed IT Services & AMC,998316,8908476699535
Advisory Standard Vulnerability Assessment (VAPT) - Network Infrastructure,SEC-04588,GST,18,16916.06,56737.0,8,Cybersecurity Consulting & Audits,998313,8908476520562
Supermicro Standard Network Attached Storage (NAS) - 8-Bay Rackmount,SEC-04589,GST,18,42532.5,47982.0,22,Servers & Data Storage,8471,8908814371045
Audit Phishing Simulation & Training - Quarterly Campaign,SEC-04590,GST,18,12185.81,25026.0,6,Cybersecurity Consulting & Audits,998313,8907507975221
Retained Cloud-Managed Comprehensive IT AMC - 11-50 PCs,SEC-04591,GST,18,25837.99,83753.0,37,Managed IT Services & AMC,998316,8901893016368
Symantec Pro Mobile Device Management (MDM) - Monthly per Device,SEC-04592,GST,18,186.34,244.0,350,Endpoint Security & Software Licenses,8523,8901355965727
QNAP Standard SAN Storage Array - Hybrid Array,SEC-04593,GST,18,479999.42,564300.0,10,Servers & Data Storage,8471,8901476238026
In-House Cloud-Managed On-Site Support Engineer - Full-time Dedicated/Month,SEC-04594,GST,18,14237.04,37568.0,48,Managed IT Services & AMC,998316,8907164181460
Trend Micro Advanced Email Security & Anti-Spam - Per Mailbox / Year,SEC-04595,GST,18,1186.92,1640.0,269,Endpoint Security & Software Licenses,8523,8903228029798
Juniper Enterprise Next-Generation Firewall (NGFW) - Entry Level,SEC-04596,GST,18,77434.06,93860.0,3,Hardware Firewalls & Networking,8517,8909673866751
Advisory Unified ISO 27001 Compliance Audit - Readiness Assessment,SEC-04597,GST,18,52006.57,181271.0,6,Cybersecurity Consulting & Audits,998313,8903927499143
Audit Secure Incident Response & Forensics - Per Incident Block Hours,SEC-04598,GST,18,57722.69,145125.0,19,Cybersecurity Consulting & Audits,998313,8900833601467
Cisco Next-Gen Next-Generation Firewall (NGFW) - Entry Level,SEC-04599,GST,18,87011.33,102450.0,24,Hardware Firewalls & Networking,8517,8902703224891
Synology Pro 1U Rack Server - Dual CPU 64GB,SEC-04600,GST,18,160138.37,184423.0,16,Servers & Data Storage,8471,8906639408192
Managed Next-Gen On-Site Support Engineer - Full-time Dedicated/Month,SEC-04601,GST,18,20710.83,56604.0,28,Managed IT Services & AMC,998316,8909479227019
Lenovo Secure SAN Storage Array - All-Flash SAN,SEC-04602,GST,18,1179131.35,1382667.0,21,Servers & Data Storage,8471,8906337119351
In-House Standard On-Site Support Engineer - Full-time Dedicated/Month,SEC-04603,GST,18,21818.45,45367.0,12,Managed IT Services & AMC,998316,8907037613524
QNAP 1U Rack Server - Dual CPU 64GB,SEC-04604,GST,18,194554.57,223626.0,24,Servers & Data Storage,8471,8908455427244
Managed Next-Gen Remote Helpdesk Support - Annual 24/7 SLA,SEC-04605,GST,18,5168.38,15358.0,49,Managed IT Services & AMC,998316,8902014829237
Audit Next-Gen ISO 27001 Compliance Audit - Full Implementation Support,SEC-04606,GST,18,125646.88,376957.0,5,Cybersecurity Consulting & Audits,998313,8906601165586
CrowdStrike Premium Endpoint Detection and Response (EDR) - 1-Year 10 Devices,SEC-04607,GST,18,3248.64,4135.0,332,Endpoint Security & Software Licenses,8523,8901800660567
Retained Standard Remote Helpdesk Support - Annual 24/7 SLA,SEC-04608,GST,18,5051.51,13409.0,7,Managed IT Services & AMC,998316,8908438006399
Synology Pro Server Rack Cabinet - 24U Standard,SEC-04609,GST,18,29356.78,35383.0,5,Servers & Data Storage,8471,8900997872191
In-House Comprehensive IT AMC - Server & Network Included,SEC-04610,GST,18,37542.5,99415.0,10,Managed IT Services & AMC,998316,8906800472153
Bitdefender Endpoint Detection and Response (EDR) - 1-Year 5 Devices,SEC-04611,GST,18,1874.44,2440.0,498,Endpoint Security & Software Licenses,8523,8901702005550
SonicWall Next-Gen Network Load Balancer - Advanced Traffic Management,SEC-04612,GST,18,105761.45,130735.0,3,Hardware Firewalls & Networking,8517,8905299423255
SentinelOne Pro Enterprise Antivirus Suite - Server Edition,SEC-04613,GST,18,1505.4,1858.0,446,Endpoint Security & Software Licenses,8523,8903212430258
HPE Cloud-Managed 1U Rack Server - Intel Xeon 16GB,SEC-04614,GST,18,176617.57,200608.0,6,Servers & Data Storage,8471,8907690474473
Ubiquiti Standard Network Load Balancer - Basic,SEC-04615,GST,18,71611.66,87793.0,16,Hardware Firewalls & Networking,8517,8908087667845
HPE Pro Network Attached Storage (NAS) - 12-Bay Enterprise,SEC-04616,GST,18,113667.67,131013.0,16,Servers & Data Storage,8471,8908437011803
Supermicro Pro SAN Storage Array - Entry Level,SEC-04617,GST,18,254883.28,298754.0,12,Servers & Data Storage,8471,8900605033511
In-House Secure Cloud Infrastructure Management - Quarterly Audit & Fix,SEC-04618,GST,18,21300.64,57011.0,20,Managed IT Services & AMC,998316,8906253034260
Synology Advanced 2U Storage Server - Basic Array,SEC-04619,GST,18,125872.85,150109.0,6,Servers & Data Storage,8471,8907287022940
Ubiquiti Standard VPN Gateway Appliance - High Availability,SEC-04620,GST,18,93645.75,103990.0,7,Hardware Firewalls & Networking,8517,8909394099656
Retained Cloud-Managed On-Site Support Engineer - Full-time Dedicated/Month,SEC-04621,GST,18,13560.33,42179.0,43,Managed IT Services & AMC,998316,8908171303292
Advisory Advanced ISO 27001 Compliance Audit - Readiness Assessment,SEC-04622,GST,18,45452.42,128050.0,18,Cybersecurity Consulting & Audits,998313,8903213300042
Advisory Pro Phishing Simulation & Training - Quarterly Campaign,SEC-04623,GST,18,9282.19,20361.0,17,Cybersecurity Consulting & Audits,998313,8900958720207
Symantec Advanced Endpoint Detection and Response (EDR) - 1-Year 5 Devices,SEC-04624,GST,18,2033.53,2600.0,158,Endpoint Security & Software Licenses,8523,8901860623143
Advisory Pro ISO 27001 Compliance Audit - Full Implementation Support,SEC-04625,GST,18,165733.66,392521.0,27,Cybersecurity Consulting & Audits,998313,8903596276300
Advisory Advanced Phishing Simulation & Training - Quarterly Campaign,SEC-04626,GST,18,8956.95,24066.0,20,Cybersecurity Consulting & Audits,998313,8909767488139
Cisco Pro Managed Gigabit Switch - 24-Port PoE,SEC-04627,GST,18,38992.02,45011.0,14,Hardware Firewalls & Networking,8517,8909414314013
Consulting Next-Gen Incident Response & Forensics - Per Incident Block Hours,SEC-04628,GST,18,33186.67,114522.0,28,Cybersecurity Consulting & Audits,998313,8903371894284
Juniper Cloud-Managed Network Load Balancer - Advanced Traffic Management,SEC-04629,GST,18,116048.63,136387.0,7,Hardware Firewalls & Networking,8517,8908521200416
Kaspersky Standard Data Loss Prevention (DLP) License - Enterprise Site License,SEC-04630,GST,18,20531.92,26149.0,340,Endpoint Security & Software Licenses,8523,8906487032187
Sophos Premium Network Load Balancer - Advanced Traffic Management,SEC-04631,GST,18,118063.66,139576.0,19,Hardware Firewalls & Networking,8517,8908842359402
Palo Alto Cloud-Managed Network Load Balancer - Basic,SEC-04632,GST,18,68303.81,77465.0,22,Hardware Firewalls & Networking,8517,8906362244626
McAfee Secure Mobile Device Management (MDM) - Monthly per Device,SEC-04633,GST,18,204.3,272.0,115,Endpoint Security & Software Licenses,8523,8903551727484
Retained Premium Remote Helpdesk Support - Quarterly SLA,SEC-04634,GST,18,6507.01,18666.0,21,Managed IT Services & AMC,998316,8904617353606
Advisory Premium ISO 27001 Compliance Audit - Full Implementation Support,SEC-04635,GST,18,124556.43,379170.0,24,Cybersecurity Consulting & Audits,998313,8900912602870
SonicWall Standard VPN Gateway Appliance - Standard,SEC-04636,GST,18,55663.27,69099.0,18,Hardware Firewalls & Networking,8517,8900232586998
Fortinet Enterprise Network Load Balancer - Basic,SEC-04637,GST,18,64769.48,76503.0,21,Hardware Firewalls & Networking,8517,8904654112422
Advisory Vulnerability Assessment (VAPT) - Network Infrastructure,SEC-04638,GST,18,17194.49,54676.0,16,Cybersecurity Consulting & Audits,998313,8901729521866
Retained Remote Helpdesk Support - Monthly Retainer,SEC-04639,GST,18,1211.43,3010.0,34,Managed IT Services & AMC,998316,8906594863787
Advisory Standard ISO 27001 Compliance Audit - Full Implementation Support,SEC-04640,GST,18,138970.74,467323.0,38,Cybersecurity Consulting & Audits,998313,8909724818706
HPE Next-Gen SAN Storage Array - Hybrid Array,SEC-04641,GST,18,535110.0,609628.0,16,Servers & Data Storage,8471,8902673268136
Cisco Cloud-Managed Network Load Balancer - Basic,SEC-04642,GST,18,58600.15,68707.0,14,Hardware Firewalls & Networking,8517,8902028207495
Advisory Enterprise Penetration Testing Service - Grey Box,SEC-04643,GST,18,32086.63,76010.0,14,Cybersecurity Consulting & Audits,998313,8904591231414
Dell EMC Advanced Network Attached Storage (NAS) - 12-Bay Enterprise,SEC-04644,GST,18,88969.43,109274.0,12,Servers & Data Storage,8471,8901434382500
Consulting Premium Phishing Simulation & Training - Quarterly Campaign,SEC-04645,GST,18,11654.93,24358.0,21,Cybersecurity Consulting & Audits,998313,8901594928349
Symantec Secure Email Security & Anti-Spam - Per Mailbox / Year,SEC-04646,GST,18,1308.05,1824.0,119,Endpoint Security & Software Licenses,8523,8907060771497
Managed Cloud-Managed Remote Helpdesk Support - Monthly Retainer,SEC-04647,GST,18,1803.97,3897.0,46,Managed IT Services & AMC,998316,8900324223417
Retained Standard Remote Helpdesk Support - Annual 24/7 SLA,SEC-04648,GST,18,8892.13,19188.0,8,Managed IT Services & AMC,998316,8900524596090
Sophos Unified VPN Gateway Appliance - Standard,SEC-04649,GST,18,68034.61,75226.0,23,Hardware Firewalls & Networking,8517,8908402709431
Symantec Endpoint Detection and Response (EDR) - 1-Year 5 Devices,SEC-04650,GST,18,2463.7,3261.0,300,Endpoint Security & Software Licenses,8523,8901786256156
Synology Cloud-Managed Server Rack Cabinet - Co-location Rack,SEC-04651,GST,18,27301.6,32772.0,22,Servers & Data Storage,8471,8905045696062
Advisory Unified Penetration Testing Service - White Box,SEC-04652,GST,18,37461.95,108905.0,40,Cybersecurity Consulting & Audits,998313,8901871136354
Dell EMC Standard 2U Storage Server - Basic Array,SEC-04653,GST,18,113193.29,126913.0,17,Servers & Data Storage,8471,8900645478399
Cisco Network Load Balancer - Advanced Traffic Management,SEC-04654,GST,18,125883.77,138814.0,3,Hardware Firewalls & Networking,8517,8903379916185
Sophos Cloud-Managed Network Load Balancer - Advanced Traffic Management,SEC-04655,GST,18,100524.46,122345.0,10,Hardware Firewalls & Networking,8517,8904093057761
CrowdStrike Cloud-Managed Mobile Device Management (MDM) - Monthly per Device,SEC-04656,GST,18,153.68,195.0,129,Endpoint Security & Software Licenses,8523,8908635740885
Palo Alto Enterprise Wireless Access Point (WAP) - WiFi 6 Outdoor,SEC-04657,GST,18,15308.58,17011.0,18,Hardware Firewalls & Networking,8517,8908258235526
Synology Next-Gen 2U Storage Server - Basic Array,SEC-04658,GST,18,142110.71,177433.0,14,Servers & Data Storage,8471,8901779989043
Consulting Premium Vulnerability Assessment (VAPT) - Web Application,SEC-04659,GST,18,30022.05,64891.0,25,Cybersecurity Consulting & Audits,998313,8909507614048
Retained Cloud-Managed Cloud Infrastructure Management - Monthly AWS/Azure,SEC-04660,GST,18,4034.43,10981.0,20,Managed IT Services & AMC,998316,8903821092009
Fortinet Next-Gen Wireless Access Point (WAP) - High-Density,SEC-04661,GST,18,17730.74,19815.0,14,Hardware Firewalls & Networking,8517,8908509894793
Consulting Cloud-Managed Penetration Testing Service - Grey Box,SEC-04662,GST,18,47477.82,113263.0,30,Cybersecurity Consulting & Audits,998313,8909061096033
Consulting Pro Penetration Testing Service - Black Box,SEC-04663,GST,18,31649.59,96871.0,16,Cybersecurity Consulting & Audits,998313,8903537557270
Kaspersky Secure Enterprise Antivirus Suite - Server Edition,SEC-04664,GST,18,1342.21,1628.0,328,Endpoint Security & Software Licenses,8523,8908720696577
Managed Standard Cloud Infrastructure Management - Quarterly Audit & Fix,SEC-04665,GST,18,22205.52,44742.0,45,Managed IT Services & AMC,998316,8904839720066
HPE Cloud-Managed Server Rack Cabinet - 42U Heavy Duty,SEC-04666,GST,18,31234.62,36892.0,14,Servers & Data Storage,8471,8905748936706
Ubiquiti Premium VPN Gateway Appliance - High Availability,SEC-04667,GST,18,57782.22,68102.0,25,Hardware Firewalls & Networking,8517,8904043880153
Cisco Secure Next-Generation Firewall (NGFW) - Entry Level,SEC-04668,GST,18,91217.91,103213.0,23,Hardware Firewalls & Networking,8517,8903485842556
Cisco Unified Next-Generation Firewall (NGFW) - Enterprise Tier,SEC-04669,GST,18,416912.56,477466.0,16,Hardware Firewalls & Networking,8517,8906018325798
SonicWall Pro VPN Gateway Appliance - High Availability,SEC-04670,GST,18,82602.4,95399.0,10,Hardware Firewalls & Networking,8517,8906936042599
Cisco Next-Generation Firewall (NGFW) - Entry Level,SEC-04671,GST,18,91972.24,113878.0,12,Hardware Firewalls & Networking,8517,8908981843244
Bitdefender Enterprise Data Loss Prevention (DLP) License - Per User,SEC-04672,GST,18,7568.55,9559.0,231,Endpoint Security & Software Licenses,8523,8901228695293
Audit Cloud-Managed Vulnerability Assessment (VAPT) - Web Application,SEC-04673,GST,18,22159.65,57011.0,27,Cybersecurity Consulting & Audits,998313,8902100735901
HPE Premium Network Attached Storage (NAS) - 8-Bay Rackmount,SEC-04674,GST,18,44115.47,50540.0,4,Servers & Data Storage,8471,8904822430259
Kaspersky Secure Email Security & Anti-Spam - Domain License,SEC-04675,GST,18,1510.72,1876.0,483,Endpoint Security & Software Licenses,8523,8903974260855
Sophos Secure VPN Gateway Appliance - Standard,SEC-04676,GST,18,85584.97,101678.0,5,Hardware Firewalls & Networking,8517,8904353959569
Palo Alto Unified Managed Gigabit Switch - 24-Port PoE,SEC-04677,GST,18,24952.23,29077.0,17,Hardware Firewalls & Networking,8517,8909889373630
Cisco Unified Managed Gigabit Switch - 48-Port PoE,SEC-04678,GST,18,96340.03,112739.0,24,Hardware Firewalls & Networking,8517,8908118448789
Cisco Standard Managed Gigabit Switch - 10G Uplink,SEC-04679,GST,18,32816.59,37497.0,3,Hardware Firewalls & Networking,8517,8909002558782
SentinelOne Standard Mobile Device Management (MDM) - Monthly per Device,SEC-04680,GST,18,257.38,310.0,130,Endpoint Security & Software Licenses,8523,8900373540533
SentinelOne Cloud-Managed Endpoint Detection and Response (EDR) - 1-Year 5 Devices,SEC-04681,GST,18,1865.22,2535.0,400,Endpoint Security & Software Licenses,8523,8907850609337
Ubiquiti Secure Network Load Balancer - Advanced Traffic Management,SEC-04682,GST,18,110064.26,126346.0,2,Hardware Firewalls & Networking,8517,8902146548193
HPE Standard 1U Rack Server - Dual CPU 64GB,SEC-04683,GST,18,146148.12,175767.0,2,Servers & Data Storage,8471,8901917798795
Juniper Premium Wireless Access Point (WAP) - WiFi 6 Outdoor,SEC-04684,GST,18,11612.66,14503.0,7,Hardware Firewalls & Networking,8517,8902501775917
SentinelOne Email Security & Anti-Spam - Per Mailbox / Year,SEC-04685,GST,18,1529.23,1896.0,338,Endpoint Security & Software Licenses,8523,8903604470706
In-House Network Monitoring Service (NOC) - Monthly Advanced Proactive,SEC-04686,GST,18,2792.72,6931.0,35,Managed IT Services & AMC,998316,8903983112598
HPE 1U Rack Server - Enterprise 128GB,SEC-04687,GST,18,394370.98,480577.0,5,Servers & Data Storage,8471,8906244451696
Sophos Pro VPN Gateway Appliance - Standard,SEC-04688,GST,18,64648.9,79118.0,23,Hardware Firewalls & Networking,8517,8904978531502
Retained Network Monitoring Service (NOC) - Monthly Basic,SEC-04689,GST,18,6656.31,19360.0,12,Managed IT Services & AMC,998316,8909165459480
In-House Secure Comprehensive IT AMC - Server & Network Included,SEC-04690,GST,18,30890.82,95952.0,36,Managed IT Services & AMC,998316,8909586072509
HPE Advanced 2U Storage Server - Basic Array,SEC-04691,GST,18,106452.89,123765.0,19,Servers & Data Storage,8471,8902205384528
Sophos Unified Wireless Access Point (WAP) - High-Density,SEC-04692,GST,18,15554.24,19030.0,16,Hardware Firewalls & Networking,8517,8905232661038
Dell EMC Cloud-Managed 1U Rack Server - Enterprise 128GB,SEC-04693,GST,18,328450.15,398953.0,3,Servers & Data Storage,8471,8902551309996
QNAP Cloud-Managed Network Attached Storage (NAS) - 4-Bay Desktop,SEC-04694,GST,18,35692.08,42542.0,17,Servers & Data Storage,8471,8900703456215
McAfee Enterprise Enterprise Antivirus Suite - 5-User 1-Year,SEC-04695,GST,18,1279.05,1753.0,254,Endpoint Security & Software Licenses,8523,8909195759419
Cisco Wireless Access Point (WAP) - WiFi 6 Outdoor,SEC-04696,GST,18,12924.88,14842.0,25,Hardware Firewalls & Networking,8517,8907829240988
Managed Standard Cloud Infrastructure Management - Monthly AWS/Azure,SEC-04697,GST,18,3733.61,12331.0,33,Managed IT Services & AMC,998316,8900074989006
Ubiquiti Premium Next-Generation Firewall (NGFW) - Entry Level,SEC-04698,GST,18,101238.74,113107.0,13,Hardware Firewalls & Networking,8517,8906775216359
Supermicro Enterprise Network Attached Storage (NAS) - 12-Bay Enterprise,SEC-04699,GST,18,87865.52,106943.0,2,Servers & Data Storage,8471,8907654788915
Kaspersky Next-Gen Enterprise Antivirus Suite - Server Edition,SEC-04700,GST,18,1683.07,2185.0,235,Endpoint Security & Software Licenses,8523,8901425807422
Sophos Unified Next-Generation Firewall (NGFW) - Entry Level,SEC-04701,GST,18,86454.72,105450.0,2,Hardware Firewalls & Networking,8517,8900145232329
Juniper Premium Wireless Access Point (WAP) - WiFi 6 Indoor,SEC-04702,GST,18,15045.46,16777.0,20,Hardware Firewalls & Networking,8517,8903953843071
Advisory Premium Phishing Simulation & Training - Annual Enterprise Program,SEC-04703,GST,18,29150.19,68957.0,26,Cybersecurity Consulting & Audits,998313,8901490333139
Synology Unified 1U Rack Server - Dual CPU 64GB,SEC-04704,GST,18,129602.63,157343.0,23,Servers & Data Storage,8471,8907311567623
Advisory Cloud-Managed ISO 27001 Compliance Audit - Readiness Assessment,SEC-04705,GST,18,67462.35,137571.0,11,Cybersecurity Consulting & Audits,998313,8906180303879
Symantec Enterprise Mobile Device Management (MDM) - Monthly per Device,SEC-04706,GST,18,151.86,193.0,437,Endpoint Security & Software Licenses,8523,8907551569832
QNAP Next-Gen Server Rack Cabinet - 24U Standard,SEC-04707,GST,18,38794.5,43622.0,22,Servers & Data Storage,8471,8900919177019
Audit Standard Phishing Simulation & Training - Annual Enterprise Program,SEC-04708,GST,18,25664.99,64267.0,36,Cybersecurity Consulting & Audits,998313,8908587661217
Retained Enterprise Network Monitoring Service (NOC) - Monthly Advanced Proactive,SEC-04709,GST,18,1835.61,5979.0,28,Managed IT Services & AMC,998316,8907437598248
Sophos Standard Managed Gigabit Switch - 10G Uplink,SEC-04710,GST,18,33435.58,36850.0,5,Hardware Firewalls & Networking,8517,8902955844573
Symantec Premium Mobile Device Management (MDM) - Annual per Device,SEC-04711,GST,18,1179.58,1441.0,418,Endpoint Security & Software Licenses,8523,8904913104652
Managed Enterprise Comprehensive IT AMC - Server & Network Included,SEC-04712,GST,18,32912.28,78233.0,22,Managed IT Services & AMC,998316,8903129038265
Sophos Unified Network Load Balancer - Advanced Traffic Management,SEC-04713,GST,18,90227.09,107130.0,14,Hardware Firewalls & Networking,8517,8903370095113
Audit Advanced Penetration Testing Service - Black Box,SEC-04714,GST,18,26797.86,91804.0,32,Cybersecurity Consulting & Audits,998313,8901584251187
Symantec Standard Enterprise Antivirus Suite - 1-User 1-Year,SEC-04715,GST,18,1659.68,2160.0,94,Endpoint Security & Software Licenses,8523,8903297570340
Advisory Next-Gen Vulnerability Assessment (VAPT) - Mobile App,SEC-04716,GST,18,16986.54,55037.0,28,Cybersecurity Consulting & Audits,998313,8904362748187
Dell EMC Next-Gen SAN Storage Array - Hybrid Array,SEC-04717,GST,18,539272.61,618624.0,20,Servers & Data Storage,8471,8907642846851
Audit Unified Phishing Simulation & Training - Quarterly Campaign,SEC-04718,GST,18,9548.99,28629.0,27,Cybersecurity Consulting & Audits,998313,8908692742900
QNAP Standard 1U Rack Server - Dual CPU 64GB,SEC-04719,GST,18,125541.48,147735.0,5,Servers & Data Storage,8471,8901170404787
Synology Premium Network Attached Storage (NAS) - 12-Bay Enterprise,SEC-04720,GST,18,99326.05,111017.0,23,Servers & Data Storage,8471,8907020739701
Retained Cloud-Managed Remote Helpdesk Support - Monthly Retainer,SEC-04721,GST,18,1049.21,2595.0,9,Managed IT Services & AMC,998316,8900771967674
SonicWall Premium VPN Gateway Appliance - High Availability,SEC-04722,GST,18,72082.85,85218.0,19,Hardware Firewalls & Networking,8517,8908844424504
Consulting Enterprise Incident Response & Forensics - Per Incident Block Hours,SEC-04723,GST,18,63058.8,147130.0,32,Cybersecurity Consulting & Audits,998313,8908451265276
Managed Secure Remote Helpdesk Support - Monthly Retainer,SEC-04724,GST,18,1193.61,2953.0,22,Managed IT Services & AMC,998316,8901783211268
Ubiquiti Premium VPN Gateway Appliance - High Availability,SEC-04725,GST,18,89775.9,104017.0,11,Hardware Firewalls & Networking,8517,8905856977104
Trend Micro Cloud-Managed Mobile Device Management (MDM) - Monthly per Device,SEC-04726,GST,18,242.13,302.0,140,Endpoint Security & Software Licenses,8523,8904235928870
Cisco Standard Managed Gigabit Switch - 48-Port PoE,SEC-04727,GST,18,90447.23,104842.0,17,Hardware Firewalls & Networking,8517,8902586182114
SonicWall Next-Gen Network Load Balancer - Advanced Traffic Management,SEC-04728,GST,18,110424.85,124034.0,5,Hardware Firewalls & Networking,8517,8905471216275
Retained Advanced Remote Helpdesk Support - Monthly Retainer,SEC-04729,GST,18,1897.59,3865.0,11,Managed IT Services & AMC,998316,8901936895297
SentinelOne Advanced Email Security & Anti-Spam - Per Mailbox / Year,SEC-04730,GST,18,1492.53,1849.0,375,Endpoint Security & Software Licenses,8523,8905235845963
Audit Cloud-Managed Incident Response & Forensics - Per Incident Block Hours,SEC-04731,GST,18,41001.17,99740.0,9,Cybersecurity Consulting & Audits,998313,8906981555613
Advisory Enterprise Vulnerability Assessment (VAPT) - Mobile App,SEC-04732,GST,18,27104.54,67355.0,12,Cybersecurity Consulting & Audits,998313,8900424258465
Consulting Pro Incident Response & Forensics - Retainer Setup,SEC-04733,GST,18,34590.92,110655.0,35,Cybersecurity Consulting & Audits,998313,8901768538499
CrowdStrike Unified Email Security & Anti-Spam - Domain License,SEC-04734,GST,18,1259.02,1548.0,364,Endpoint Security & Software Licenses,8523,8907280927714
Fortinet Enterprise Wireless Access Point (WAP) - WiFi 6 Outdoor,SEC-04735,GST,18,12662.36,14873.0,19,Hardware Firewalls & Networking,8517,8901736188575
Lenovo Standard Network Attached Storage (NAS) - 4-Bay Desktop,SEC-04736,GST,18,36268.08,44787.0,22,Servers & Data Storage,8471,8900118082954
Consulting Standard ISO 27001 Compliance Audit - Readiness Assessment,SEC-04737,GST,18,51848.36,174893.0,46,Cybersecurity Consulting & Audits,998313,8902159463338
Juniper Advanced VPN Gateway Appliance - High Availability,SEC-04738,GST,18,74467.43,86607.0,20,Hardware Firewalls & Networking,8517,8900177069053
Synology Standard 1U Rack Server - Enterprise 128GB,SEC-04739,GST,18,435843.82,494871.0,9,Servers & Data Storage,8471,8909986514364
In-House On-Site Support Engineer - Full-time Dedicated/Month,SEC-04740,GST,18,15092.74,37250.0,26,Managed IT Services & AMC,998316,8902190926712
Kaspersky Enterprise Data Loss Prevention (DLP) License - Per User,SEC-04741,GST,18,7948.88,10198.0,79,Endpoint Security & Software Licenses,8523,8908307354600
Retained Premium Cloud Infrastructure Management - Quarterly Audit & Fix,SEC-04742,GST,18,16537.25,55859.0,32,Managed IT Services & AMC,998316,8908564492559
HPE Next-Gen Network Attached Storage (NAS) - 12-Bay Enterprise,SEC-04743,GST,18,97078.21,111434.0,15,Servers & Data Storage,8471,8908002209764
Managed Unified Remote Helpdesk Support - Monthly Retainer,SEC-04744,GST,18,1463.65,3748.0,44,Managed IT Services & AMC,998316,8905962742334
Juniper Pro Managed Gigabit Switch - 10G Uplink,SEC-04745,GST,18,26678.42,33032.0,22,Hardware Firewalls & Networking,8517,8907037526968
Bitdefender Data Loss Prevention (DLP) License - Per User,SEC-04746,GST,18,5326.03,7076.0,103,Endpoint Security & Software Licenses,8523,8903946893327
Managed Pro Comprehensive IT AMC - 11-50 PCs,SEC-04747,GST,18,36712.56,88903.0,11,Managed IT Services & AMC,998316,8901722512574
Audit Advanced ISO 27001 Compliance Audit - Readiness Assessment,SEC-04748,GST,18,48485.5,143074.0,45,Cybersecurity Consulting & Audits,998313,8906398180855
Symantec Premium Endpoint Detection and Response (EDR) - 1-Year 10 Devices,SEC-04749,GST,18,3765.02,4974.0,177,Endpoint Security & Software Licenses,8523,8909600789493
SentinelOne Standard Endpoint Detection and Response (EDR) - 1-Year 10 Devices,SEC-04750,GST,18,4332.0,5591.0,154,Endpoint Security & Software Licenses,8523,8908207511348
Managed Next-Gen Cloud Infrastructure Management - Quarterly Audit & Fix,SEC-04751,GST,18,18098.73,42811.0,8,Managed IT Services & AMC,998316,8902240173281
Kaspersky Enterprise Data Loss Prevention (DLP) License - Enterprise Site License,SEC-04752,GST,18,15847.11,19221.0,183,Endpoint Security & Software Licenses,8523,8906740094043
Retained Standard Comprehensive IT AMC - 11-50 PCs,SEC-04753,GST,18,26810.15,68677.0,34,Managed IT Services & AMC,998316,8903606340513
Fortinet Advanced Wireless Access Point (WAP) - WiFi 6 Outdoor,SEC-04754,GST,18,14270.19,16497.0,7,Hardware Firewalls & Networking,8517,8907918233167
Palo Alto Managed Gigabit Switch - 10G Uplink,SEC-04755,GST,18,28391.4,35265.0,24,Hardware Firewalls & Networking,8517,8908175481442
HPE Standard Network Attached Storage (NAS) - 4-Bay Desktop,SEC-04756,GST,18,38914.27,43091.0,8,Servers & Data Storage,8471,8902474687927
Ubiquiti Standard Wireless Access Point (WAP) - WiFi 6 Outdoor,SEC-04757,GST,18,14861.87,16469.0,24,Hardware Firewalls & Networking,8517,8905979780878
CrowdStrike Unified Mobile Device Management (MDM) - Annual per Device,SEC-04758,GST,18,980.45,1330.0,365,Endpoint Security & Software Licenses,8523,8903693949957
Dell EMC Pro 2U Storage Server - Basic Array,SEC-04759,GST,18,166365.57,187081.0,3,Servers & Data Storage,8471,8904811468138
Consulting Standard Penetration Testing Service - Black Box,SEC-04760,GST,18,30813.08,81524.0,48,Cybersecurity Consulting & Audits,998313,8904923524937
Fortinet Unified Wireless Access Point (WAP) - WiFi 6 Indoor,SEC-04761,GST,18,14728.14,17981.0,19,Hardware Firewalls & Networking,8517,8905103016404
Sophos Cloud-Managed Network Load Balancer - Advanced Traffic Management,SEC-04762,GST,18,92929.95,103764.0,19,Hardware Firewalls & Networking,8517,8900690438911
Trend Micro Standard Email Security & Anti-Spam - Per Mailbox / Year,SEC-04763,GST,18,1259.03,1656.0,107,Endpoint Security & Software Licenses,8523,8902062441850
SonicWall Enterprise VPN Gateway Appliance - High Availability,SEC-04764,GST,18,98503.45,109522.0,2,Hardware Firewalls & Networking,8517,8909957568113
Symantec Pro Endpoint Detection and Response (EDR) - 1-Year 10 Devices,SEC-04765,GST,18,4147.04,5475.0,481,Endpoint Security & Software Licenses,8523,8901493928223
Trend Micro Pro Email Security & Anti-Spam - Domain License,SEC-04766,GST,18,1049.01,1408.0,472,Endpoint Security & Software Licenses,8523,8902624719391
Managed Unified Remote Helpdesk Support - Quarterly SLA,SEC-04767,GST,18,5428.76,18429.0,5,Managed IT Services & AMC,998316,8908724036480
SonicWall Secure Managed Gigabit Switch - 10G Uplink,SEC-04768,GST,18,35361.14,42407.0,2,Hardware Firewalls & Networking,8517,8906467651727
Retained Advanced Network Monitoring Service (NOC) - Monthly Basic,SEC-04769,GST,18,6573.06,22870.0,18,Managed IT Services & AMC,998316,8906556441493
Fortinet Secure Next-Generation Firewall (NGFW) - Enterprise Tier,SEC-04770,GST,18,366937.54,415671.0,19,Hardware Firewalls & Networking,8517,8902403092283
Symantec Enterprise Mobile Device Management (MDM) - Annual per Device,SEC-04771,GST,18,919.9,1182.0,61,Endpoint Security & Software Licenses,8523,8909066958049
CrowdStrike Enterprise Mobile Device Management (MDM) - Annual per Device,SEC-04772,GST,18,837.15,1147.0,84,Endpoint Security & Software Licenses,8523,8905717923002
Consulting Penetration Testing Service - White Box,SEC-04773,GST,18,53141.82,116378.0,39,Cybersecurity Consulting & Audits,998313,8904455074298
QNAP Unified 1U Rack Server - Intel Xeon 16GB,SEC-04774,GST,18,192177.31,231121.0,10,Servers & Data Storage,8471,8900001056897
Retained Cloud-Managed Comprehensive IT AMC - 1-10 PCs,SEC-04775,GST,18,28975.83,97240.0,43,Managed IT Services & AMC,998316,8906442216968
Audit Incident Response & Forensics - Per Incident Block Hours,SEC-04776,GST,18,38945.08,125198.0,42,Cybersecurity Consulting & Audits,998313,8903485963572
Supermicro Standard 2U Storage Server - Large Capacity HDD,SEC-04777,GST,18,196939.69,239483.0,23,Servers & Data Storage,8471,8906057948157
Kaspersky Premium Endpoint Detection and Response (EDR) - 1-Year 5 Devices,SEC-04778,GST,18,1777.38,2264.0,207,Endpoint Security & Software Licenses,8523,8907512457379
Advisory Premium Incident Response & Forensics - Retainer Setup,SEC-04779,GST,18,52239.03,104801.0,48,Cybersecurity Consulting & Audits,998313,8903287078961
Retained Advanced Remote Helpdesk Support - Monthly Retainer,SEC-04780,GST,18,1418.27,2960.0,50,Managed IT Services & AMC,998316,8901557322223
Synology Unified 1U Rack Server - Intel Xeon 16GB,SEC-04781,GST,18,197007.21,225164.0,14,Servers & Data Storage,8471,8909883209912
Symantec Next-Gen Enterprise Antivirus Suite - 5-User 1-Year,SEC-04782,GST,18,1350.27,1788.0,437,Endpoint Security & Software Licenses,8523,8900618456727
Advisory Premium Phishing Simulation & Training - Quarterly Campaign,SEC-04783,GST,18,6364.98,21672.0,18,Cybersecurity Consulting & Audits,998313,8909484771467
HPE Premium Server Rack Cabinet - Co-location Rack,SEC-04784,GST,18,34782.63,38898.0,25,Servers & Data Storage,8471,8907018327403
Palo Alto Unified Network Load Balancer - Advanced Traffic Management,SEC-04785,GST,18,126642.14,143899.0,4,Hardware Firewalls & Networking,8517,8908815765150
Dell EMC Enterprise Server Rack Cabinet - 42U Heavy Duty,SEC-04786,GST,18,37082.78,44174.0,6,Servers & Data Storage,8471,8901941517638
In-House Next-Gen On-Site Support Engineer - Part-time/Month,SEC-04787,GST,18,7789.43,26326.0,45,Managed IT Services & AMC,998316,8903032535559
Consulting ISO 27001 Compliance Audit - Readiness Assessment,SEC-04788,GST,18,76209.03,153682.0,50,Cybersecurity Consulting & Audits,998313,8905600642092
Lenovo Pro Server Rack Cabinet - 42U Heavy Duty,SEC-04789,GST,18,33399.95,38817.0,3,Servers & Data Storage,8471,8907106011303
HPE Advanced 2U Storage Server - Large Capacity HDD,SEC-04790,GST,18,191653.16,231220.0,9,Servers & Data Storage,8471,8903745365602
Managed Advanced Network Monitoring Service (NOC) - Monthly Basic,SEC-04791,GST,18,6805.57,17648.0,37,Managed IT Services & AMC,998316,8902459622397
Lenovo Pro Server Rack Cabinet - 42U Heavy Duty,SEC-04792,GST,18,31454.1,38013.0,24,Servers & Data Storage,8471,8900996079391
Cisco Premium Next-Generation Firewall (NGFW) - Mid-Range,SEC-04793,GST,18,158138.95,175607.0,3,Hardware Firewalls & Networking,8517,8908165359851
Trend Micro Advanced Enterprise Antivirus Suite - Server Edition,SEC-04794,GST,18,1255.85,1662.0,335,Endpoint Security & Software Licenses,8523,8903534249501
Symantec Premium Email Security & Anti-Spam - Per Mailbox / Year,SEC-04795,GST,18,1359.7,1745.0,478,Endpoint Security & Software Licenses,8523,8908615779932
Bitdefender Enterprise Email Security & Anti-Spam - Domain License,SEC-04796,GST,18,1340.27,1654.0,317,Endpoint Security & Software Licenses,8523,8909638999680
Sophos VPN Gateway Appliance - High Availability,SEC-04797,GST,18,87413.54,98681.0,3,Hardware Firewalls & Networking,8517,8900547642494
Symantec Next-Gen Email Security & Anti-Spam - Per Mailbox / Year,SEC-04798,GST,18,973.21,1268.0,148,Endpoint Security & Software Licenses,8523,8902551266917
Audit Phishing Simulation & Training - Quarterly Campaign,SEC-04799,GST,18,11296.6,25732.0,20,Cybersecurity Consulting & Audits,998313,8906908660229
In-House Secure Comprehensive IT AMC - 11-50 PCs,SEC-04800,GST,18,44950.36,97802.0,16,Managed IT Services & AMC,998316,8904040341760
Advisory Unified Vulnerability Assessment (VAPT) - Web Application,SEC-04801,GST,18,20683.09,67514.0,18,Cybersecurity Consulting & Audits,998313,8908640470420
Advisory Unified Phishing Simulation & Training - Annual Enterprise Program,SEC-04802,GST,18,27863.19,73221.0,28,Cybersecurity Consulting & Audits,998313,8909430122694
Cisco Secure Managed Gigabit Switch - 10G Uplink,SEC-04803,GST,18,28679.33,32400.0,18,Hardware Firewalls & Networking,8517,8907050982216
Supermicro Pro Network Attached Storage (NAS) - 12-Bay Enterprise,SEC-04804,GST,18,88509.45,99761.0,2,Servers & Data Storage,8471,8908407493834
Palo Alto Advanced Managed Gigabit Switch - 24-Port PoE,SEC-04805,GST,18,27702.06,33606.0,18,Hardware Firewalls & Networking,8517,8907440291332
Synology Pro SAN Storage Array - Entry Level,SEC-04806,GST,18,290975.75,327942.0,5,Servers & Data Storage,8471,8909165806438
SentinelOne Standard Data Loss Prevention (DLP) License - Enterprise Site License,SEC-04807,GST,18,14034.76,18475.0,267,Endpoint Security & Software Licenses,8523,8906318058309
Managed Enterprise On-Site Support Engineer - Part-time/Month,SEC-04808,GST,18,14898.4,34269.0,25,Managed IT Services & AMC,998316,8900773188593
Managed Pro Network Monitoring Service (NOC) - Monthly Basic,SEC-04809,GST,18,6821.39,20489.0,21,Managed IT Services & AMC,998316,8900953324335
Palo Alto Enterprise Network Load Balancer - Advanced Traffic Management,SEC-04810,GST,18,91422.67,110594.0,21,Hardware Firewalls & Networking,8517,8900254712780
Managed Next-Gen Network Monitoring Service (NOC) - Monthly Advanced Proactive,SEC-04811,GST,18,2320.76,6877.0,31,Managed IT Services & AMC,998316,8907868926855
Sophos Standard VPN Gateway Appliance - Standard,SEC-04812,GST,18,59952.6,72384.0,15,Hardware Firewalls & Networking,8517,8900637055456
CrowdStrike Standard Data Loss Prevention (DLP) License - Per 10 Users,SEC-04813,GST,18,8384.99,10357.0,162,Endpoint Security & Software Licenses,8523,8908614509413
Audit Next-Gen Penetration Testing Service - White Box,SEC-04814,GST,18,24421.94,74893.0,10,Cybersecurity Consulting & Audits,998313,8900119050442
Audit Secure Phishing Simulation & Training - Annual Enterprise Program,SEC-04815,GST,18,21356.52,65751.0,7,Cybersecurity Consulting & Audits,998313,8908106355197
Synology Enterprise 2U Storage Server - High IOPS NVMe,SEC-04816,GST,18,210466.73,244655.0,19,Servers & Data Storage,8471,8902476825845
Advisory Premium Penetration Testing Service - Black Box,SEC-04817,GST,18,40646.22,88674.0,10,Cybersecurity Consulting & Audits,998313,8906002684967
Managed Cloud Infrastructure Management - Monthly AWS/Azure,SEC-04818,GST,18,4040.09,8884.0,34,Managed IT Services & AMC,998316,8906377555794
Dell EMC Cloud-Managed Server Rack Cabinet - 24U Standard,SEC-04819,GST,18,38697.57,45148.0,4,Servers & Data Storage,8471,8901625352293
Advisory Standard Penetration Testing Service - Grey Box,SEC-04820,GST,18,32518.67,96137.0,17,Cybersecurity Consulting & Audits,998313,8907593727513
Juniper Cloud-Managed Wireless Access Point (WAP) - High-Density,SEC-04821,GST,18,14213.15,15684.0,4,Hardware Firewalls & Networking,8517,8903894778540
Retained Pro Network Monitoring Service (NOC) - Monthly Advanced Proactive,SEC-04822,GST,18,3216.5,7753.0,11,Managed IT Services & AMC,998316,8902364628506
Advisory Premium Phishing Simulation & Training - Quarterly Campaign,SEC-04823,GST,18,7953.31,24966.0,22,Cybersecurity Consulting & Audits,998313,8907405503750
SonicWall Secure VPN Gateway Appliance - Standard,SEC-04824,GST,18,68887.66,83487.0,10,Hardware Firewalls & Networking,8517,8907871237287
Lenovo Next-Gen SAN Storage Array - All-Flash SAN,SEC-04825,GST,18,1075240.79,1223606.0,21,Servers & Data Storage,8471,8906539990954
In-House Enterprise Cloud Infrastructure Management - Quarterly Audit & Fix,SEC-04826,GST,18,28901.75,61975.0,38,Managed IT Services & AMC,998316,8906744899615
SonicWall Premium VPN Gateway Appliance - Standard,SEC-04827,GST,18,80524.09,91653.0,8,Hardware Firewalls & Networking,8517,8905835100670
Retained Pro Cloud Infrastructure Management - Monthly AWS/Azure,SEC-04828,GST,18,4132.21,12516.0,28,Managed IT Services & AMC,998316,8903007341527
SentinelOne Standard Enterprise Antivirus Suite - Server Edition,SEC-04829,GST,18,1980.14,2589.0,175,Endpoint Security & Software Licenses,8523,8903094380180
Advisory Unified ISO 27001 Compliance Audit - Readiness Assessment,SEC-04830,GST,18,89328.21,192970.0,16,Cybersecurity Consulting & Audits,998313,8906002674586
Juniper Advanced Network Load Balancer - Advanced Traffic Management,SEC-04831,GST,18,122154.75,141389.0,11,Hardware Firewalls & Networking,8517,8908878202825
Synology Advanced Network Attached Storage (NAS) - 8-Bay Rackmount,SEC-04832,GST,18,34425.87,39488.0,19,Servers & Data Storage,8471,8904803025157
Palo Alto Secure Next-Generation Firewall (NGFW) - Enterprise Tier,SEC-04833,GST,18,373669.82,434024.0,6,Hardware Firewalls & Networking,8517,8903904418507
Juniper Next-Gen Next-Generation Firewall (NGFW) - Entry Level,SEC-04834,GST,18,94417.02,115740.0,23,Hardware Firewalls & Networking,8517,8905146354765
Advisory Enterprise Incident Response & Forensics - Per Incident Block Hours,SEC-04835,GST,18,46019.93,142240.0,31,Cybersecurity Consulting & Audits,998313,8902069348673
In-House Remote Helpdesk Support - Monthly Retainer,SEC-04836,GST,18,975.99,3116.0,35,Managed IT Services & AMC,998316,8904326417225
CrowdStrike Next-Gen Data Loss Prevention (DLP) License - Per 10 Users,SEC-04837,GST,18,7866.86,10240.0,61,Endpoint Security & Software Licenses,8523,8901829990910
Fortinet Pro Managed Gigabit Switch - 48-Port PoE,SEC-04838,GST,18,90982.31,108034.0,3,Hardware Firewalls & Networking,8517,8900199073948
Audit Pro ISO 27001 Compliance Audit - Readiness Assessment,SEC-04839,GST,18,62636.17,165057.0,5,Cybersecurity Consulting & Audits,998313,8907718729703
McAfee Secure Endpoint Detection and Response (EDR) - 1-Year 50 Devices,SEC-04840,GST,18,8816.16,12067.0,372,Endpoint Security & Software Licenses,8523,8908202446943
Consulting Advanced Phishing Simulation & Training - Annual Enterprise Program,SEC-04841,GST,18,19978.01,54651.0,42,Cybersecurity Consulting & Audits,998313,8908304214538
HPE Standard 2U Storage Server - Basic Array,SEC-04842,GST,18,110500.73,136207.0,4,Servers & Data Storage,8471,8909386822672
Lenovo Standard SAN Storage Array - Entry Level,SEC-04843,GST,18,288311.12,329586.0,15,Servers & Data Storage,8471,8901475629788
HPE Pro Network Attached Storage (NAS) - 8-Bay Rackmount,SEC-04844,GST,18,46542.36,57659.0,22,Servers & Data Storage,8471,8904446904883
Bitdefender Unified Enterprise Antivirus Suite - 5-User 1-Year,SEC-04845,GST,18,1226.72,1699.0,333,Endpoint Security & Software Licenses,8523,8908017710869
Managed Cloud-Managed Network Monitoring Service (NOC) - Monthly Basic,SEC-04846,GST,18,10098.34,20603.0,14,Managed IT Services & AMC,998316,8903564140771
SentinelOne Premium Enterprise Antivirus Suite - 1-User 1-Year,SEC-04847,GST,18,1535.63,1918.0,430,Endpoint Security & Software Licenses,8523,8901371834979
Audit Standard Penetration Testing Service - Grey Box,SEC-04848,GST,18,22390.93,74638.0,7,Cybersecurity Consulting & Audits,998313,8907785859919
QNAP Advanced Server Rack Cabinet - Co-location Rack,SEC-04849,GST,18,24459.85,30061.0,15,Servers & Data Storage,8471,8909603834786
Synology Standard Network Attached Storage (NAS) - 8-Bay Rackmount,SEC-04850,GST,18,46723.14,52230.0,22,Servers & Data Storage,8471,8900186050350
Audit Standard Phishing Simulation & Training - Annual Enterprise Program,SEC-04851,GST,18,37185.31,79752.0,21,Cybersecurity Consulting & Audits,998313,8900767034700
Audit Unified Phishing Simulation & Training - Quarterly Campaign,SEC-04852,GST,18,10567.5,31792.0,23,Cybersecurity Consulting & Audits,998313,8906225074762
Ubiquiti Next-Gen Network Load Balancer - Basic,SEC-04853,GST,18,69562.05,84279.0,12,Hardware Firewalls & Networking,8517,8909301684970
In-House Secure On-Site Support Engineer - Part-time/Month,SEC-04854,GST,18,12905.86,28126.0,34,Managed IT Services & AMC,998316,8901440342875
Managed Standard Remote Helpdesk Support - Annual 24/7 SLA,SEC-04855,GST,18,5551.47,17479.0,12,Managed IT Services & AMC,998316,8907660279126
Cisco Wireless Access Point (WAP) - WiFi 6 Indoor,SEC-04856,GST,18,15389.26,19019.0,13,Hardware Firewalls & Networking,8517,8906910393481
Fortinet Enterprise Managed Gigabit Switch - 24-Port PoE,SEC-04857,GST,18,34633.21,39188.0,20,Hardware Firewalls & Networking,8517,8903174221659
Audit Unified Vulnerability Assessment (VAPT) - Network Infrastructure,SEC-04858,GST,18,24647.72,77230.0,10,Cybersecurity Consulting & Audits,998313,8903678953792
Audit Phishing Simulation & Training - Quarterly Campaign,SEC-04859,GST,18,10406.25,31265.0,13,Cybersecurity Consulting & Audits,998313,8904817297131
SonicWall Next-Gen Wireless Access Point (WAP) - High-Density,SEC-04860,GST,18,18900.74,21720.0,19,Hardware Firewalls & Networking,8517,8904342112182
Consulting Standard Penetration Testing Service - Grey Box,SEC-04861,GST,18,33929.94,83671.0,34,Cybersecurity Consulting & Audits,998313,8900543321259
Trend Micro Advanced Data Loss Prevention (DLP) License - Per User,SEC-04862,GST,18,8504.44,10675.0,412,Endpoint Security & Software Licenses,8523,8903922078105
Juniper Premium Network Load Balancer - Advanced Traffic Management,SEC-04863,GST,18,116899.35,140652.0,4,Hardware Firewalls & Networking,8517,8906723369351
Palo Alto Secure Managed Gigabit Switch - 10G Uplink,SEC-04864,GST,18,23824.96,29101.0,8,Hardware Firewalls & Networking,8517,8904356794154
Ubiquiti Standard Wireless Access Point (WAP) - WiFi 6 Outdoor,SEC-04865,GST,18,15928.61,18399.0,15,Hardware Firewalls & Networking,8517,8903780187151
Dell EMC Pro 1U Rack Server - Dual CPU 64GB,SEC-04866,GST,18,143595.75,170708.0,5,Servers & Data Storage,8471,8902992623618
Cisco Unified VPN Gateway Appliance - High Availability,SEC-04867,GST,18,74605.01,85280.0,6,Hardware Firewalls & Networking,8517,8903788507904
Managed Pro Network Monitoring Service (NOC) - Monthly Basic,SEC-04868,GST,18,12281.9,24739.0,20,Managed IT Services & AMC,998316,8903501232900
Juniper Advanced Next-Generation Firewall (NGFW) - Enterprise Tier,SEC-04869,GST,18,378524.93,451268.0,10,Hardware Firewalls & Networking,8517,8901582212151
Fortinet Network Load Balancer - Basic,SEC-04870,GST,18,66971.58,77120.0,3,Hardware Firewalls & Networking,8517,8906659356140
Ubiquiti Secure Next-Generation Firewall (NGFW) - Mid-Range,SEC-04871,GST,18,108384.04,129669.0,19,Hardware Firewalls & Networking,8517,8906068921744
Retained Enterprise Comprehensive IT AMC - 11-50 PCs,SEC-04872,GST,18,28480.4,88005.0,16,Managed IT Services & AMC,998316,8902499498976
QNAP Premium 1U Rack Server - Dual CPU 64GB,SEC-04873,GST,18,127893.61,148262.0,11,Servers & Data Storage,8471,8901658701529
CrowdStrike Secure Mobile Device Management (MDM) - Monthly per Device,SEC-04874,GST,18,171.82,228.0,472,Endpoint Security & Software Licenses,8523,8906785304456
Managed Next-Gen On-Site Support Engineer - Part-time/Month,SEC-04875,GST,18,10579.4,34300.0,20,Managed IT Services & AMC,998316,8902433508511
Synology Standard Network Attached Storage (NAS) - 12-Bay Enterprise,SEC-04876,GST,18,95928.35,111571.0,21,Servers & Data Storage,8471,8908520566059
Consulting Standard Penetration Testing Service - Black Box,SEC-04877,GST,18,31075.52,97933.0,30,Cybersecurity Consulting & Audits,998313,8905638256902
Advisory Phishing Simulation & Training - Quarterly Campaign,SEC-04878,GST,18,8296.27,25487.0,39,Cybersecurity Consulting & Audits,998313,8901389102087
CrowdStrike Enterprise Antivirus Suite - Server Edition,SEC-04879,GST,18,1595.56,2182.0,220,Endpoint Security & Software Licenses,8523,8900031908578
Audit Advanced ISO 27001 Compliance Audit - Full Implementation Support,SEC-04880,GST,18,120837.19,334545.0,45,Cybersecurity Consulting & Audits,998313,8906520774860
Lenovo Unified SAN Storage Array - Entry Level,SEC-04881,GST,18,293195.4,364381.0,4,Servers & Data Storage,8471,8906909727328
McAfee Mobile Device Management (MDM) - Annual per Device,SEC-04882,GST,18,1185.63,1486.0,180,Endpoint Security & Software Licenses,8523,8900852286198
Synology Premium 2U Storage Server - High IOPS NVMe,SEC-04883,GST,18,210954.07,247179.0,18,Servers & Data Storage,8471,8902996728241
Advisory Next-Gen Incident Response & Forensics - Per Incident Block Hours,SEC-04884,GST,18,63191.23,151326.0,38,Cybersecurity Consulting & Audits,998313,8908789259867
Supermicro Network Attached Storage (NAS) - 4-Bay Desktop,SEC-04885,GST,18,35541.97,44045.0,22,Servers & Data Storage,8471,8905717626967
QNAP Secure Server Rack Cabinet - 24U Standard,SEC-04886,GST,18,29948.4,36499.0,13,Servers & Data Storage,8471,8905514659983
Cisco Managed Gigabit Switch - 24-Port PoE,SEC-04887,GST,18,35484.45,44183.0,9,Hardware Firewalls & Networking,8517,8902189315305
Consulting Enterprise Phishing Simulation & Training - Annual Enterprise Program,SEC-04888,GST,18,20812.0,66996.0,47,Cybersecurity Consulting & Audits,998313,8908806719174
Lenovo Cloud-Managed 1U Rack Server - Enterprise 128GB,SEC-04889,GST,18,412939.15,500399.0,23,Servers & Data Storage,8471,8906671752409
Retained Standard Network Monitoring Service (NOC) - Monthly Advanced Proactive,SEC-04890,GST,18,3776.7,8950.0,41,Managed IT Services & AMC,998316,8903474950044
Ubiquiti Premium Wireless Access Point (WAP) - High-Density,SEC-04891,GST,18,11938.45,14487.0,3,Hardware Firewalls & Networking,8517,8903079843634
Advisory Cloud-Managed Vulnerability Assessment (VAPT) - Network Infrastructure,SEC-04892,GST,18,22557.78,62397.0,35,Cybersecurity Consulting & Audits,998313,8909340486938
CrowdStrike Premium Enterprise Antivirus Suite - 5-User 1-Year,SEC-04893,GST,18,1577.9,2042.0,167,Endpoint Security & Software Licenses,8523,8903014118260
Retained Next-Gen Comprehensive IT AMC - 11-50 PCs,SEC-04894,GST,18,23043.42,70686.0,10,Managed IT Services & AMC,998316,8907976467057
Symantec Premium Endpoint Detection and Response (EDR) - 1-Year 10 Devices,SEC-04895,GST,18,3870.31,5057.0,54,Endpoint Security & Software Licenses,8523,8900182606201
Ubiquiti Cloud-Managed Network Load Balancer - Basic,SEC-04896,GST,18,73988.57,87581.0,2,Hardware Firewalls & Networking,8517,8909090423266
Supermicro Cloud-Managed Network Attached Storage (NAS) - 8-Bay Rackmount,SEC-04897,GST,18,38851.51,42945.0,22,Servers & Data Storage,8471,8904079425922
Sophos Next-Generation Firewall (NGFW) - Entry Level,SEC-04898,GST,18,87843.33,100933.0,6,Hardware Firewalls & Networking,8517,8900764359325
In-House Unified On-Site Support Engineer - Part-time/Month,SEC-04899,GST,18,6971.24,22140.0,34,Managed IT Services & AMC,998316,8907441662145
Consulting Unified ISO 27001 Compliance Audit - Full Implementation Support,SEC-04900,GST,18,159540.6,421110.0,46,Cybersecurity Consulting & Audits,998313,8909361756826
Audit Secure ISO 27001 Compliance Audit - Readiness Assessment,SEC-04901,GST,18,70748.35,144630.0,10,Cybersecurity Consulting & Audits,998313,8904570040173
Synology Standard Network Attached Storage (NAS) - 12-Bay Enterprise,SEC-04902,GST,18,85117.89,95805.0,22,Servers & Data Storage,8471,8906131883955
In-House Premium Comprehensive IT AMC - 11-50 PCs,SEC-04903,GST,18,31880.23,67891.0,44,Managed IT Services & AMC,998316,8909594253525
Synology Enterprise 1U Rack Server - Enterprise 128GB,SEC-04904,GST,18,322444.02,394947.0,14,Servers & Data Storage,8471,8905999544080
Consulting Next-Gen ISO 27001 Compliance Audit - Readiness Assessment,SEC-04905,GST,18,60060.64,130509.0,26,Cybersecurity Consulting & Audits,998313,8904963083977
Supermicro Next-Gen Network Attached Storage (NAS) - 4-Bay Desktop,SEC-04906,GST,18,49804.29,56494.0,19,Servers & Data Storage,8471,8909534910263
Consulting Phishing Simulation & Training - Annual Enterprise Program,SEC-04907,GST,18,23280.21,56848.0,42,Cybersecurity Consulting & Audits,998313,8909707554538
Audit Enterprise Penetration Testing Service - Black Box,SEC-04908,GST,18,33633.26,73358.0,7,Cybersecurity Consulting & Audits,998313,8908957438267
Audit Unified Incident Response & Forensics - Retainer Setup,SEC-04909,GST,18,33576.23,117164.0,33,Cybersecurity Consulting & Audits,998313,8906807981051
Dell EMC Network Attached Storage (NAS) - 8-Bay Rackmount,SEC-04910,GST,18,45734.46,54295.0,21,Servers & Data Storage,8471,8903386345872
Synology Cloud-Managed 2U Storage Server - Large Capacity HDD,SEC-04911,GST,18,190274.48,218752.0,24,Servers & Data Storage,8471,8908498114575
Consulting Next-Gen Phishing Simulation & Training - Quarterly Campaign,SEC-04912,GST,18,9109.97,31052.0,38,Cybersecurity Consulting & Audits,998313,8900507451152
Bitdefender Unified Endpoint Detection and Response (EDR) - 1-Year 50 Devices,SEC-04913,GST,18,9696.55,13206.0,59,Endpoint Security & Software Licenses,8523,8900030035275
Palo Alto Cloud-Managed Managed Gigabit Switch - 10G Uplink,SEC-04914,GST,18,27921.13,31883.0,11,Hardware Firewalls & Networking,8517,8908783600298
Trend Micro Secure Data Loss Prevention (DLP) License - Enterprise Site License,SEC-04915,GST,18,20043.22,24788.0,308,Endpoint Security & Software Licenses,8523,8901461727018
Audit Next-Gen Penetration Testing Service - Grey Box,SEC-04916,GST,18,26943.66,94262.0,12,Cybersecurity Consulting & Audits,998313,8907283606966
Consulting Next-Gen ISO 27001 Compliance Audit - Full Implementation Support,SEC-04917,GST,18,161380.42,392426.0,20,Cybersecurity Consulting & Audits,998313,8901733220624
Audit Unified Phishing Simulation & Training - Quarterly Campaign,SEC-04918,GST,18,9407.25,23554.0,37,Cybersecurity Consulting & Audits,998313,8905693287434
Dell EMC Advanced Network Attached Storage (NAS) - 4-Bay Desktop,SEC-04919,GST,18,34719.96,42439.0,2,Servers & Data Storage,8471,8905083450373
CrowdStrike Cloud-Managed Email Security & Anti-Spam - Per Mailbox / Year,SEC-04920,GST,18,1433.4,1883.0,225,Endpoint Security & Software Licenses,8523,8902617515418
Consulting Advanced Penetration Testing Service - Grey Box,SEC-04921,GST,18,41285.46,113985.0,7,Cybersecurity Consulting & Audits,998313,8900213613999
HPE 2U Storage Server - Basic Array,SEC-04922,GST,18,141722.39,171079.0,24,Servers & Data Storage,8471,8904451227607
Advisory Unified Phishing Simulation & Training - Quarterly Campaign,SEC-04923,GST,18,12134.51,31611.0,23,Cybersecurity Consulting & Audits,998313,8902070771359
Audit Standard Penetration Testing Service - Black Box,SEC-04924,GST,18,27252.2,79872.0,37,Cybersecurity Consulting & Audits,998313,8905118605423
Fortinet Advanced Managed Gigabit Switch - 48-Port PoE,SEC-04925,GST,18,73201.36,85463.0,18,Hardware Firewalls & Networking,8517,8909466746550
Bitdefender Standard Data Loss Prevention (DLP) License - Enterprise Site License,SEC-04926,GST,18,18487.95,23044.0,115,Endpoint Security & Software Licenses,8523,8905482508511
McAfee Unified Email Security & Anti-Spam - Domain License,SEC-04927,GST,18,1256.54,1718.0,490,Endpoint Security & Software Licenses,8523,8900465342542
QNAP Pro Server Rack Cabinet - 24U Standard,SEC-04928,GST,18,34692.54,40354.0,7,Servers & Data Storage,8471,8909748057968
Retained Secure Remote Helpdesk Support - Monthly Retainer,SEC-04929,GST,18,1230.4,2645.0,40,Managed IT Services & AMC,998316,8909761109763
Sophos Cloud-Managed Network Load Balancer - Advanced Traffic Management,SEC-04930,GST,18,122750.99,148273.0,22,Hardware Firewalls & Networking,8517,8905358189857
Audit Standard Phishing Simulation & Training - Quarterly Campaign,SEC-04931,GST,18,8968.1,23320.0,39,Cybersecurity Consulting & Audits,998313,8902385515109
Lenovo Unified SAN Storage Array - All-Flash SAN,SEC-04932,GST,18,975846.17,1147533.0,19,Servers & Data Storage,8471,8900480812727
Bitdefender Standard Endpoint Detection and Response (EDR) - 1-Year 5 Devices,SEC-04933,GST,18,2610.41,3179.0,272,Endpoint Security & Software Licenses,8523,8906311084855
Retained On-Site Support Engineer - Part-time/Month,SEC-04934,GST,18,9303.09,30857.0,19,Managed IT Services & AMC,998316,8908124014766
Advisory Cloud-Managed ISO 27001 Compliance Audit - Full Implementation Support,SEC-04935,GST,18,126650.44,316324.0,11,Cybersecurity Consulting & Audits,998313,8900145297173
Cisco Standard Managed Gigabit Switch - 10G Uplink,SEC-04936,GST,18,35939.11,44264.0,8,Hardware Firewalls & Networking,8517,8908750931061
In-House Network Monitoring Service (NOC) - Monthly Advanced Proactive,SEC-04937,GST,18,3552.44,7759.0,35,Managed IT Services & AMC,998316,8907721664016
Lenovo Pro Server Rack Cabinet - 42U Heavy Duty,SEC-04938,GST,18,38809.99,44784.0,16,Servers & Data Storage,8471,8909728089372
Kaspersky Standard Data Loss Prevention (DLP) License - Per 10 Users,SEC-04939,GST,18,6476.68,8465.0,473,Endpoint Security & Software Licenses,8523,8908375014810
Synology Pro 1U Rack Server - Enterprise 128GB,SEC-04940,GST,18,393650.17,449357.0,14,Servers & Data Storage,8471,8905761052723
Managed Secure Network Monitoring Service (NOC) - Monthly Basic,SEC-04941,GST,18,7348.5,20012.0,48,Managed IT Services & AMC,998316,8900152607486
Consulting Secure Incident Response & Forensics - Retainer Setup,SEC-04942,GST,18,45580.88,126852.0,41,Cybersecurity Consulting & Audits,998313,8907847916659
Cisco Secure Wireless Access Point (WAP) - WiFi 6 Outdoor,SEC-04943,GST,18,11947.49,14553.0,7,Hardware Firewalls & Networking,8517,8903124891427
Symantec Data Loss Prevention (DLP) License - Enterprise Site License,SEC-04944,GST,18,13332.42,18093.0,244,Endpoint Security & Software Licenses,8523,8905458273720
CrowdStrike Mobile Device Management (MDM) - Monthly per Device,SEC-04945,GST,18,222.93,275.0,111,Endpoint Security & Software Licenses,8523,8908504890060
Managed Unified Comprehensive IT AMC - Server & Network Included,SEC-04946,GST,18,29832.69,103487.0,22,Managed IT Services & AMC,998316,8900828330092
In-House Secure Remote Helpdesk Support - Annual 24/7 SLA,SEC-04947,GST,18,3937.54,13149.0,16,Managed IT Services & AMC,998316,8905702672182
Bitdefender Unified Endpoint Detection and Response (EDR) - 1-Year 10 Devices,SEC-04948,GST,18,3498.98,4705.0,295,Endpoint Security & Software Licenses,8523,8905363978690
Synology Enterprise 1U Rack Server - Enterprise 128GB,SEC-04949,GST,18,342538.84,413951.0,19,Servers & Data Storage,8471,8902298336919
Bitdefender Next-Gen Endpoint Detection and Response (EDR) - 1-Year 10 Devices,SEC-04950,GST,18,4617.7,5733.0,76,Endpoint Security & Software Licenses,8523,8903056441589
Retained Enterprise On-Site Support Engineer - Full-time Dedicated/Month,SEC-04951,GST,18,15988.98,47725.0,39,Managed IT Services & AMC,998316,8907583318390
Dell EMC Unified Network Attached Storage (NAS) - 12-Bay Enterprise,SEC-04952,GST,18,86551.56,103478.0,6,Servers & Data Storage,8471,8900836162287
Advisory Standard Phishing Simulation & Training - Quarterly Campaign,SEC-04953,GST,18,9777.92,32156.0,42,Cybersecurity Consulting & Audits,998313,8908204816113
Synology Next-Gen 2U Storage Server - Large Capacity HDD,SEC-04954,GST,18,236122.32,285815.0,13,Servers & Data Storage,8471,8907015896719
Managed Cloud-Managed Remote Helpdesk Support - Annual 24/7 SLA,SEC-04955,GST,18,5154.72,16899.0,5,Managed IT Services & AMC,998316,8902669803273
Consulting Cloud-Managed Incident Response & Forensics - Per Incident Block Hours,SEC-04956,GST,18,41577.62,119059.0,41,Cybersecurity Consulting & Audits,998313,8901374128391
Managed Pro Cloud Infrastructure Management - Quarterly Audit & Fix,SEC-04957,GST,18,23440.18,58796.0,48,Managed IT Services & AMC,998316,8908220473019
Lenovo Premium Server Rack Cabinet - Co-location Rack,SEC-04958,GST,18,37520.11,42846.0,18,Servers & Data Storage,8471,8908241833567
Dell EMC Standard SAN Storage Array - Hybrid Array,SEC-04959,GST,18,506037.15,601297.0,5,Servers & Data Storage,8471,8904734272208
Advisory Incident Response & Forensics - Retainer Setup,SEC-04960,GST,18,45203.07,97547.0,9,Cybersecurity Consulting & Audits,998313,8907489862206
Advisory Cloud-Managed Phishing Simulation & Training - Quarterly Campaign,SEC-04961,GST,18,13763.45,32454.0,39,Cybersecurity Consulting & Audits,998313,8909415235982
Juniper Premium Managed Gigabit Switch - 10G Uplink,SEC-04962,GST,18,25214.74,29227.0,14,Hardware Firewalls & Networking,8517,8905151747723
Symantec Cloud-Managed Mobile Device Management (MDM) - Annual per Device,SEC-04963,GST,18,852.5,1129.0,386,Endpoint Security & Software Licenses,8523,8904650335046
Consulting Standard Vulnerability Assessment (VAPT) - Mobile App,SEC-04964,GST,18,28354.84,62424.0,30,Cybersecurity Consulting & Audits,998313,8905096030758
Bitdefender Email Security & Anti-Spam - Per Mailbox / Year,SEC-04965,GST,18,1218.05,1681.0,117,Endpoint Security & Software Licenses,8523,8902991945763
Symantec Enterprise Antivirus Suite - Server Edition,SEC-04966,GST,18,1954.89,2373.0,175,Endpoint Security & Software Licenses,8523,8906306193770
In-House Next-Gen On-Site Support Engineer - Full-time Dedicated/Month,SEC-04967,GST,18,15381.07,52373.0,46,Managed IT Services & AMC,998316,8901871669934
Fortinet Cloud-Managed Wireless Access Point (WAP) - WiFi 6 Outdoor,SEC-04968,GST,18,15635.63,18787.0,10,Hardware Firewalls & Networking,8517,8902742078427
Juniper Pro VPN Gateway Appliance - Standard,SEC-04969,GST,18,75267.21,86664.0,14,Hardware Firewalls & Networking,8517,8904867143648
Audit Unified Phishing Simulation & Training - Quarterly Campaign,SEC-04970,GST,18,7075.85,23935.0,5,Cybersecurity Consulting & Audits,998313,8908870025188
QNAP Premium 1U Rack Server - Dual CPU 64GB,SEC-04971,GST,18,138438.37,159048.0,9,Servers & Data Storage,8471,8903441102201
QNAP Cloud-Managed 2U Storage Server - Basic Array,SEC-04972,GST,18,98896.56,121863.0,6,Servers & Data Storage,8471,8902893709972
In-House Remote Helpdesk Support - Monthly Retainer,SEC-04973,GST,18,778.89,2694.0,47,Managed IT Services & AMC,998316,8900023285212
CrowdStrike Advanced Endpoint Detection and Response (EDR) - 1-Year 10 Devices,SEC-04974,GST,18,3195.03,3894.0,205,Endpoint Security & Software Licenses,8523,8908600649882
Bitdefender Advanced Mobile Device Management (MDM) - Monthly per Device,SEC-04975,GST,18,191.57,263.0,139,Endpoint Security & Software Licenses,8523,8907699904508
Dell EMC 2U Storage Server - High IOPS NVMe,SEC-04976,GST,18,183105.96,216552.0,23,Servers & Data Storage,8471,8909725398374
Symantec Premium Mobile Device Management (MDM) - Annual per Device,SEC-04977,GST,18,812.26,1005.0,327,Endpoint Security & Software Licenses,8523,8904908564320
Managed Standard On-Site Support Engineer - Part-time/Month,SEC-04978,GST,18,9838.04,23567.0,20,Managed IT Services & AMC,998316,8908279065457
Lenovo Secure Server Rack Cabinet - Co-location Rack,SEC-04979,GST,18,28931.91,32768.0,6,Servers & Data Storage,8471,8903661625230
Audit Pro Incident Response & Forensics - Per Incident Block Hours,SEC-04980,GST,18,59908.13,137103.0,50,Cybersecurity Consulting & Audits,998313,8904945204524
Supermicro Advanced 1U Rack Server - Dual CPU 64GB,SEC-04981,GST,18,154392.83,181221.0,18,Servers & Data Storage,8471,8908907613187
In-House Enterprise On-Site Support Engineer - Full-time Dedicated/Month,SEC-04982,GST,18,25606.77,52143.0,15,Managed IT Services & AMC,998316,8902026788695
Sophos Secure VPN Gateway Appliance - Standard,SEC-04983,GST,18,73573.89,88784.0,17,Hardware Firewalls & Networking,8517,8903038200003
Audit Premium Vulnerability Assessment (VAPT) - Web Application,SEC-04984,GST,18,33804.41,70172.0,16,Cybersecurity Consulting & Audits,998313,8908210388781
CrowdStrike Unified Data Loss Prevention (DLP) License - Per User,SEC-04985,GST,18,6533.32,8941.0,267,Endpoint Security & Software Licenses,8523,8905401624295
McAfee Unified Enterprise Antivirus Suite - Server Edition,SEC-04986,GST,18,1272.72,1649.0,347,Endpoint Security & Software Licenses,8523,8901542205832
Audit Secure Phishing Simulation & Training - Quarterly Campaign,SEC-04987,GST,18,9396.54,31691.0,26,Cybersecurity Consulting & Audits,998313,8904496324246
In-House Advanced Network Monitoring Service (NOC) - Monthly Advanced Proactive,SEC-04988,GST,18,2782.71,7697.0,14,Managed IT Services & AMC,998316,8902090014310
Palo Alto Unified Next-Generation Firewall (NGFW) - Enterprise Tier,SEC-04989,GST,18,360458.17,436376.0,16,Hardware Firewalls & Networking,8517,8900430241935
Ubiquiti Enterprise Next-Generation Firewall (NGFW) - Mid-Range,SEC-04990,GST,18,161885.19,183048.0,13,Hardware Firewalls & Networking,8517,8907415181342
Consulting Secure Incident Response & Forensics - Retainer Setup,SEC-04991,GST,18,41765.16,101031.0,20,Cybersecurity Consulting & Audits,998313,8909905379991
Trend Micro Advanced Data Loss Prevention (DLP) License - Per 10 Users,SEC-04992,GST,18,7054.63,9147.0,331,Endpoint Security & Software Licenses,8523,8904181628261
Synology Pro 2U Storage Server - High IOPS NVMe,SEC-04993,GST,18,232682.79,279109.0,20,Servers & Data Storage,8471,8901739593295
McAfee Secure Endpoint Detection and Response (EDR) - 1-Year 10 Devices,SEC-04994,GST,18,3168.8,4203.0,171,Endpoint Security & Software Licenses,8523,8902182700626
Advisory Next-Gen Vulnerability Assessment (VAPT) - Web Application,SEC-04995,GST,18,25978.61,82174.0,24,Cybersecurity Consulting & Audits,998313,8907607798989
Retained Cloud-Managed Remote Helpdesk Support - Annual 24/7 SLA,SEC-04996,GST,18,6456.97,15737.0,19,Managed IT Services & AMC,998316,8903989852588
Cisco Advanced Network Load Balancer - Advanced Traffic Management,SEC-04997,GST,18,101779.35,117370.0,25,Hardware Firewalls & Networking,8517,8905803153953
SonicWall Pro Managed Gigabit Switch - 24-Port PoE,SEC-04998,GST,18,30578.06,34231.0,11,Hardware Firewalls & Networking,8517,8908575174319
Supermicro Standard SAN Storage Array - Entry Level,SEC-04999,GST,18,302632.84,375625.0,24,Servers & Data Storage,8471,8903145726542
Kaspersky Premium Mobile Device Management (MDM) - Annual per Device,SEC-05000,GST,18,1105.01,1452.0,423,Endpoint Security & Software Licenses,8523,8904611608107
