name,sku,tax_type,gst_rate,purchase_rate,selling_rate,opening_stock,category,hsn,barcode
Lux Organic Bathing Soap 75g,SKU-00001,GST,18,33.93,37.52,57,Personal Care,3401,8908196001338
Haldiram's Fresh Chocolate 250g,SKU-00002,GST,18,18.6,24.75,219,Snacks,1806,8903794026542
Rajdhani Gold Atta (Wheat Flour) 1kg,SKU-00003,GST,5,44.72,53.38,181,Flours,1101,8909407816184
Himalaya Fresh Bathing Soap 150g,SKU-00004,GST,18,5.46,6.23,153,Personal Care,3401,8901316475255
Patanjali Gold Atta (Wheat Flour) 10kg,SKU-00005,GST,5,520.62,582.29,378,Flours,1101,8903276483503
Onion 5kg,SKU-00006,Exempt,0,111.28,157.49,295,Fresh Produce,0701,8905376724238
Bru Energy Drink 330ml,SKU-00007,GST+Cess,28,120.8,175.03,75,Beverages,2202,8908710122691
Smith & Jones Salt 1kg,SKU-00008,Exempt,0,19.53,24.83,487,Condiments,2501,8900184514627
Tomato 500g,SKU-00009,Exempt,0,27.69,30.25,325,Fresh Produce,0701,8904893252880
Bingo Premium Chocolate 100g,SKU-00010,GST,18,8.63,12.46,418,Snacks,1806,8904303911718
Gowardhan Butter 500g,SKU-00011,GST,12,47.89,53.45,275,Dairy,0405,8909638346578
MDH Natural Garam Masala 50g,SKU-00012,GST,5,5.21,6.62,306,Spices,0904,8903010310518
Patanjali Fresh Besan 1kg,SKU-00013,GST,5,90.52,121.24,456,Flours,1101,8909973763116
Emami Mustard Oil 5L,SKU-00014,GST,5,1108.95,1188.43,339,Cooking Oils,1507,8901065133387
Nestle Organic Butter 100g,SKU-00015,GST,12,7.25,10.15,43,Dairy,0405,8907810801326
Coca Cola Coffee 50g,SKU-00016,GST,5,30.47,34.0,6,Beverages,0901,8906474687234
Aashirvaad Atta (Wheat Flour) 10kg,SKU-00017,GST,5,291.48,342.62,30,Flours,1101,8909788208121
Bikano Natural Chocolate 250g,SKU-00018,GST,18,14.3,20.4,296,Snacks,1806,8903990916998
Rajdhani Special Masoor Dal 500g,SKU-00019,GST,5,52.94,63.97,348,Pulses,0713,8904751079911
Nescafe Active Energy Drink 330ml,SKU-00020,GST+Cess,28,189.92,266.33,455,Beverages,2202,8903542784980
Pepsodent Regular Shampoo 340ml,SKU-00021,GST,18,259.92,286.88,64,Personal Care,3305,8901824493534
Coca Cola Classic Fruit Juice 1L,SKU-00022,GST,12,80.15,97.74,146,Beverages,2009,8900052427868
Tomato Loose,SKU-00023,Exempt,0,52.01,71.97,303,Fresh Produce,0701,8908262045053
Rin Regular Detergent Powder 4kg,SKU-00024,GST,18,130.69,166.49,452,Household Care,3402,8906923226025
Suhana Pro Turmeric Powder 200g,SKU-00025,GST,5,9.79,10.7,451,Spices,0904,8900733754330
Lifebuoy Special Shampoo 340ml,SKU-00026,GST,18,150.97,162.71,400,Personal Care,3305,8904586850142
Kurkure Regular Potato Chips 30g,SKU-00027,GST,12,8.46,11.54,228,Snacks,2106,8909816934060
Pepsi Extra Cola Drink 600ml,SKU-00028,GST+Cess,28,46.98,67.16,476,Beverages,2202,8905951484656
Vim Active Dishwash Liquid 1L,SKU-00029,GST,18,72.88,95.91,199,Household Care,3402,8902994680443
Patanjali Red Chilli Powder 200g,SKU-00030,GST,5,10.38,11.79,247,Spices,0904,8902148951343
Daawat Classic Sona Masoori Rice 1kg,SKU-00031,GST,5,58.16,72.12,440,Grains & Cereals,1006,8901769367632
Nivea Regular Toothpaste 100g,SKU-00032,GST,18,9.34,10.62,416,Personal Care,3306,8908708317278
Cadbury Biscuits 100g,SKU-00033,GST,18,12.19,15.26,430,Snacks,1905,8908727743487
Lifebuoy Bathing Soap 150g,SKU-00034,GST,18,7.86,9.11,168,Personal Care,3401,8908122362316
Patanjali Turmeric Powder 500g,SKU-00035,GST,5,15.91,18.02,220,Spices,0904,8906909670546
Suhana Natural Turmeric Powder 200g,SKU-00036,GST,5,6.25,7.78,204,Spices,0904,8905627298069
Nestle Gold Namkeen/Bhujia 200g,SKU-00037,GST,12,28.14,31.07,241,Snacks,2106,8902046537556
Nutrela Organic Moong Dal 1kg,SKU-00038,GST,5,194.21,240.46,388,Pulses,0713,8908053100330
Balaji Active Instant Noodles 140g,SKU-00039,GST,12,6.14,8.77,243,Snacks,1902,8904529912419
Potato 5kg,SKU-00040,Exempt,0,166.62,188.17,308,Fresh Produce,0701,8903149190586
Head & Shoulders Shampoo 180ml,SKU-00041,GST,18,211.84,223.5,220,Personal Care,3305,8907165726284
Sunfeast Instant Noodles 560g,SKU-00042,GST,12,16.51,22.16,142,Snacks,1902,8905314737996
Fortune Special Sunflower Oil 5L,SKU-00043,GST,5,518.41,588.32,413,Cooking Oils,1507,8904549480831
Samrat Besan 1kg,SKU-00044,GST,5,107.38,142.41,335,Flours,1101,8907701436349
Sundrop Groundnut Oil 15L,SKU-00045,GST,5,931.51,1349.43,286,Cooking Oils,1507,8905574443135
Gowardhan Fresh Curd 200g,SKU-00046,GST,5,11.34,13.16,306,Dairy,0403,8908941343524
Tomato 1kg,SKU-00047,Exempt,0,70.87,90.1,362,Fresh Produce,0701,8902710947775
India Gate Basmati Rice 10kg,SKU-00048,GST,5,705.8,759.54,256,Grains & Cereals,1006,8901902294131
Britannia Natural Biscuits 200g,SKU-00049,GST,18,11.65,14.01,470,Snacks,1905,8907496499091
Nature Fresh Gold Atta (Wheat Flour) 5kg,SKU-00050,GST,5,167.57,187.6,43,Flours,1101,8902067974034
Vim Floor Cleaner 2L,SKU-00051,GST,18,77.83,88.99,140,Household Care,3402,8909361832421
Apple 1kg,SKU-00052,Exempt,0,118.31,146.41,160,Fresh Produce,0801,8906488771906
Patanjali Premium Masoor Dal 1kg,SKU-00053,GST,5,80.05,114.85,433,Pulses,0713,8909904902787
Fortune Moong Dal 5kg,SKU-00054,GST,5,805.4,1004.08,51,Pulses,0713,8907565512567
Local Chana Dal 1kg,SKU-00055,GST,5,66.63,72.31,134,Pulses,0713,8905168087603
Real Cola Drink 2L,SKU-00056,GST+Cess,28,61.44,69.51,286,Beverages,2202,8902477109324
Haldiram's Biscuits 200g,SKU-00057,GST,18,6.02,8.71,472,Snacks,1905,8901712748467
Nescafe Tea 500g,SKU-00058,GST,5,118.13,133.04,311,Beverages,0902,8908214658404
Nutrela Urad Dal 5kg,SKU-00059,GST,5,1030.71,1266.35,252,Pulses,0713,8905588675339
Patanjali Classic Salt 1kg,SKU-00060,Exempt,0,21.0,26.02,472,Condiments,2501,8906627028951
MDH Premium Garam Masala 100g,SKU-00061,GST,5,8.07,9.8,340,Spices,0904,8902174596158
Kissan Salt 1kg,SKU-00062,Exempt,0,14.79,15.93,328,Condiments,2501,8904316117240
Onion Loose,SKU-00063,Exempt,0,32.83,40.13,130,Fresh Produce,0701,8908692221969
Rin Active Detergent Powder 1kg,SKU-00064,GST,18,114.65,149.64,240,Household Care,3402,8904074821759
Local Organic Urad Dal 1kg,SKU-00065,GST,5,156.33,183.04,201,Pulses,0713,8907136959440
Pantene Premium Shampoo 340ml,SKU-00066,GST,18,198.38,262.72,386,Personal Care,3305,8900974395339
Local Active Toor Dal 5kg,SKU-00067,GST,5,934.8,1319.34,335,Pulses,0713,8900470952145
Catch Active Turmeric Powder 100g,SKU-00068,GST,5,13.76,16.46,261,Spices,0904,8904247451712
Samrat Gold Maida 1kg,SKU-00069,GST,5,70.64,74.57,279,Flours,1101,8901754965137
Potato 1kg,SKU-00070,Exempt,0,27.98,34.58,363,Fresh Produce,0701,8904612004711
Pillsbury Besan 1kg,SKU-00071,GST,5,77.57,110.91,361,Flours,1101,8908692617964
Onion 1kg,SKU-00072,Exempt,0,35.67,40.82,190,Fresh Produce,0701,8901585064317
Nandini Classic Milk 500ml,SKU-00073,Exempt,0,43.05,49.4,69,Dairy,0401,8909318393352
Haldiram's Active Chocolate 100g,SKU-00074,GST,18,10.72,13.57,413,Snacks,1806,8902102053950
Patanjali Active Basmati Rice 1kg,SKU-00075,GST,5,136.43,171.96,386,Grains & Cereals,1006,8901775891783
Haldiram's Instant Noodles 280g,SKU-00076,GST,12,19.71,20.94,250,Snacks,1902,8906617711592
Banana Half Dozen,SKU-00077,Exempt,0,59.33,71.34,310,Fresh Produce,0801,8908478961183
Mother's Recipe Red Chilli Powder 100g,SKU-00078,GST,5,9.53,11.59,53,Spices,0904,8905654527111
Milk 1L,SKU-00079,Exempt,0,65.6,84.27,292,Dairy,0401,8908516560494
Saffola Mustard Oil 15L,SKU-00080,GST,5,627.66,823.93,119,Cooking Oils,1507,8901585149368
Cadbury Organic Instant Noodles 70g,SKU-00081,GST,12,10.25,11.88,395,Snacks,1902,8904550229612
Dove Bathing Soap 75g,SKU-00082,GST,18,32.78,39.92,179,Personal Care,3401,8902545991022
Haldiram's Organic Instant Noodles 70g,SKU-00083,GST,12,16.62,20.27,315,Snacks,1902,8907643815614
Comfort Detergent Powder 4kg,SKU-00084,GST,18,153.56,180.18,117,Household Care,3402,8906900343244
Tata Sampann Masoor Dal 500g,SKU-00085,GST,5,83.69,93.76,199,Pulses,0713,8908388516060
Catch Tomato Ketchup 1kg,SKU-00086,GST,12,159.69,212.99,218,Condiments,2103,8904160529751
MDH Red Chilli Powder 100g,SKU-00087,GST,5,5.66,7.13,207,Spices,0904,8904535218188
Local Active Sona Masoori Rice 10kg,SKU-00088,GST,5,547.14,606.55,106,Grains & Cereals,1006,8902921277997
Odonil Special Detergent Powder 4kg,SKU-00089,GST,18,198.08,257.68,82,Household Care,3402,8907177449058
Banana Half Dozen,SKU-00090,Exempt,0,29.65,35.51,151,Fresh Produce,0801,8901199867980
Suhana Garam Masala 100g,SKU-00091,GST,5,6.76,9.69,235,Spices,0904,8901518203778
Sprite Extra Cola Drink 600ml,SKU-00092,GST+Cess,28,44.41,51.66,214,Beverages,2202,8905905151864
Local Active Toor Dal 5kg,SKU-00093,GST,5,716.82,919.75,77,Pulses,0713,8905462914865
Mother Dairy Butter 500g,SKU-00094,GST,12,34.63,36.61,163,Dairy,0405,8902357332214
Amul Special Paneer 1kg,SKU-00095,GST,5,133.12,172.68,310,Dairy,0406,8906222927065
Rin Select Detergent Powder 1kg,SKU-00096,GST,18,183.32,249.96,124,Household Care,3402,8908347359774
Smith & Jones Active Salt 500g,SKU-00097,Exempt,0,18.26,19.55,251,Condiments,2501,8905818141247
Lipton Gold Fruit Juice 1L,SKU-00098,GST,12,174.11,198.28,235,Beverages,2009,8905060685361
Gemini Special Groundnut Oil 1L,SKU-00099,GST,5,310.3,429.97,337,Cooking Oils,1507,8905220472779
Tomato Loose,SKU-00100,Exempt,0,37.49,41.61,486,Fresh Produce,0701,8909861434103
Mother's Recipe Regular Turmeric Powder 100g,SKU-00101,GST,5,10.0,12.64,328,Spices,0904,8908932460953
Britannia Gold Namkeen/Bhujia 200g,SKU-00102,GST,12,25.52,30.48,493,Snacks,2106,8908888806706
Nature Fresh Premium Groundnut Oil 15L,SKU-00103,GST,5,944.18,1016.9,128,Cooking Oils,1507,8901952058527
Harpic Pro Dishwash Liquid 1L,SKU-00104,GST,18,127.41,137.0,402,Household Care,3402,8907043030548
Ching's Classic Sugar 5kg,SKU-00105,GST,5,330.18,371.93,187,Condiments,1701,8900541566765
24 Mantra Extra Basmati Rice 25kg,SKU-00106,GST,5,741.63,932.76,415,Grains & Cereals,1006,8901616928451
Britannia Milk 1L,SKU-00107,Exempt,0,68.14,83.16,358,Dairy,0401,8907570596401
Garnier Extra Shampoo 340ml,SKU-00108,GST,18,189.66,256.03,86,Personal Care,3305,8900297021355
Tata Extra Salt 1kg,SKU-00109,Exempt,0,22.18,30.06,298,Condiments,2501,8902856543102
Pepsi Coffee 100g,SKU-00110,GST,5,29.86,40.61,365,Beverages,0901,8907394731217
24 Mantra Special Basmati Rice 1kg,SKU-00111,GST,5,129.12,172.22,286,Grains & Cereals,1006,8908442258313
Nandini Premium Butter 200g,SKU-00112,GST,12,13.71,17.53,244,Dairy,0405,8908291146786
MDH Special Turmeric Powder 100g,SKU-00113,GST,5,9.5,12.56,181,Spices,0904,8902892268018
Milky Mist Pro Ghee 500ml,SKU-00114,GST,12,290.1,386.92,182,Dairy,0405,8908414384249
Brooke Bond Active Energy Drink 250ml,SKU-00115,GST+Cess,28,24.43,31.75,466,Beverages,2202,8909590010943
Britannia Premium Namkeen/Bhujia 1kg,SKU-00116,GST,12,99.83,129.87,153,Snacks,2106,8904736471027
Mother's Recipe Fresh Turmeric Powder 200g,SKU-00117,GST,5,6.71,7.43,446,Spices,0904,8905562588153
Catch Tomato Ketchup 1kg,SKU-00118,GST,12,116.73,127.09,153,Condiments,2103,8906963259532
Pepsi Coffee 100g,SKU-00119,GST,5,60.01,74.95,51,Beverages,0901,8906873395004
Sprite Coffee 200g,SKU-00120,GST,5,76.07,80.12,60,Beverages,0901,8906245650609
Lay's Biscuits 100g,SKU-00121,GST,18,8.86,10.9,286,Snacks,1905,8904991216558
Dhara Groundnut Oil 1L,SKU-00122,GST,5,205.47,219.05,24,Cooking Oils,1507,8902578729825
Bingo Instant Noodles 140g,SKU-00123,GST,12,12.39,14.49,177,Snacks,1902,8908887947055
Ariel Select Detergent Powder 1kg,SKU-00124,GST,18,189.17,253.51,357,Household Care,3402,8900974993097
Nestle Natural Cheese 200g,SKU-00125,GST,12,22.04,31.5,61,Dairy,0406,8903075626368
Parle Active Instant Noodles 70g,SKU-00126,GST,12,17.79,22.67,344,Snacks,1902,8907865278585
Comfort Organic Detergent Powder 4kg,SKU-00127,GST,18,164.53,185.41,131,Household Care,3402,8904843443757
Nature Fresh Regular Mustard Oil 5L,SKU-00128,GST,5,894.31,1133.34,463,Cooking Oils,1507,8906524041574
Nescafe Tea 250g,SKU-00129,GST,5,62.39,79.54,144,Beverages,0902,8902199330833
Apple 1kg,SKU-00130,Exempt,0,148.91,162.34,399,Fresh Produce,0801,8902082677345
Local Gold Chana Dal 500g,SKU-00131,GST,5,70.17,80.2,383,Pulses,0713,8900262067240
Tomato 500g,SKU-00132,Exempt,0,37.87,44.84,237,Fresh Produce,0701,8908872874315
Local Organic Cheese 1kg,SKU-00133,GST,12,178.85,188.8,177,Dairy,0406,8904932966851
Catch Active Sugar 1kg,SKU-00134,GST,5,55.13,78.52,8,Condiments,1701,8904637454990
Local Natural Toor Dal 1kg,SKU-00135,GST,5,107.57,118.04,162,Pulses,0713,8902684145933
Local Butter 100g,SKU-00136,GST,12,9.14,11.81,217,Dairy,0405,8908783391878
Pril Regular Floor Cleaner 500ml,SKU-00137,GST,18,42.24,53.61,263,Household Care,3402,8903982258713
Odonil Gold Floor Cleaner 1L,SKU-00138,GST,18,168.88,207.42,33,Household Care,3402,8907286790874
Potato 2kg,SKU-00139,Exempt,0,30.41,38.97,28,Fresh Produce,0701,8906518017046
Daawat Extra Basmati Rice 25kg,SKU-00140,GST,5,774.21,931.37,450,Grains & Cereals,1006,8906618251286
Lipton Premium Cola Drink 600ml,SKU-00141,GST+Cess,28,61.27,88.31,242,Beverages,2202,8908686337524
Kohinoor Sona Masoori Rice 1kg,SKU-00142,GST,5,82.58,117.63,460,Grains & Cereals,1006,8900331190790
Aashirvaad Besan 1kg,SKU-00143,GST,5,67.04,76.22,447,Flours,1101,8900284395995
Patanjali Besan 500g,SKU-00144,GST,5,36.31,42.49,36,Flours,1101,8908926870568
Local Masoor Dal 1kg,SKU-00145,GST,5,86.41,103.74,391,Pulses,0713,8908733427086
Catch Natural Turmeric Powder 200g,SKU-00146,GST,5,6.13,7.25,45,Spices,0904,8907518304699
Onion 1kg,SKU-00147,Exempt,0,28.16,31.92,469,Fresh Produce,0701,8905403317393
Patanjali Select Sugar 5kg,SKU-00148,GST,5,241.65,305.32,188,Condiments,1701,8904458771753
Patanjali Classic Groundnut Oil 5L,SKU-00149,GST,5,1139.42,1297.24,79,Cooking Oils,1507,8900489964235
Samrat Maida 500g,SKU-00150,GST,5,32.32,46.13,177,Flours,1101,8904777252287
India Gate Gold Basmati Rice 1kg,SKU-00151,GST,5,156.57,206.25,396,Grains & Cereals,1006,8900623120387
Fortune Groundnut Oil 15L,SKU-00152,GST,5,1231.38,1300.7,277,Cooking Oils,1507,8908600848408
Comfort Pro Dishwash Liquid 500ml,SKU-00153,GST,18,35.98,39.17,81,Household Care,3402,8903398454615
Ching's Natural Sugar 1kg,SKU-00154,GST,5,46.35,64.02,46,Condiments,1701,8900166687002
Local Regular Milk 1L,SKU-00155,Exempt,0,84.21,119.38,122,Dairy,0401,8903974014890
Local Fresh Basmati Rice 1kg,SKU-00156,GST,5,121.12,163.62,369,Grains & Cereals,1006,8906142939685
Aashirvaad Salt 500g,SKU-00157,Exempt,0,16.72,19.87,55,Condiments,2501,8906315999650
Sunsilk Bathing Soap Pack of 3,SKU-00158,GST,18,33.28,42.31,197,Personal Care,3401,8906296194311
Fortune Active Moong Dal 1kg,SKU-00159,GST,5,181.63,213.72,59,Pulses,0713,8901047541212
Mother's Recipe Red Chilli Powder 500g,SKU-00160,GST,5,24.33,26.55,50,Spices,0904,8905819956046
Catch Salt 500g,SKU-00161,Exempt,0,9.75,11.72,76,Condiments,2501,8904447212646
24 Mantra Extra Urad Dal 500g,SKU-00162,GST,5,69.85,80.23,325,Pulses,0713,8907993712406
Emami Sunflower Oil 5L,SKU-00163,GST,5,615.29,846.76,445,Cooking Oils,1507,8909245937526
Rajdhani Masoor Dal 5kg,SKU-00164,GST,5,846.98,1154.26,171,Pulses,0713,8906465193982
Colin Detergent Powder 500g,SKU-00165,GST,18,114.66,130.01,413,Household Care,3402,8904167243426
Catch Salt 1kg,SKU-00166,Exempt,0,25.76,36.56,450,Condiments,2501,8906805891135
Amul Cheese 1kg,SKU-00167,GST,12,211.62,250.27,412,Dairy,0406,8906101438889
Odonil Dishwash Liquid 250ml,SKU-00168,GST,18,22.23,27.46,352,Household Care,3402,8909825071461
Gowardhan Select Curd 400g,SKU-00169,GST,5,32.32,44.08,271,Dairy,0403,8907571775140
Ariel Special Floor Cleaner 500ml,SKU-00170,GST,18,77.7,102.63,89,Household Care,3402,8903828258673
Aashirvaad Sugar 1kg,SKU-00171,GST,5,51.08,68.7,457,Condiments,1701,8903796603341
Bikano Pro Namkeen/Bhujia 1kg,SKU-00172,GST,12,88.19,99.55,63,Snacks,2106,8904785969691
Patanjali Pro Mustard Oil 5L,SKU-00173,GST,5,1071.92,1428.22,157,Cooking Oils,1507,8909912513412
Dhara Groundnut Oil 15L,SKU-00174,GST,5,1002.29,1107.68,201,Cooking Oils,1507,8906278282742
Local Classic Basmati Rice 25kg,SKU-00175,GST,5,713.7,1021.12,253,Grains & Cereals,1006,8902368876767
Lipton Premium Coffee 50g,SKU-00176,GST,5,28.36,32.28,21,Beverages,0901,8904384279788
Mother Dairy Curd 400g,SKU-00177,GST,5,48.17,57.65,426,Dairy,0403,8900783613407
Rajdhani Toor Dal 500g,SKU-00178,GST,5,127.19,139.52,420,Pulses,0713,8903395962923
Aashirvaad Extra Atta (Wheat Flour) 10kg,SKU-00179,GST,5,488.49,629.54,91,Flours,1101,8905449481260
Nutrela Active Moong Dal 5kg,SKU-00180,GST,5,847.62,934.99,79,Pulses,0713,8905367294667
Banana Half Dozen,SKU-00181,Exempt,0,60.99,80.99,454,Fresh Produce,0801,8905775901751
Tropicana Energy Drink 250ml,SKU-00182,GST+Cess,28,44.2,55.16,170,Beverages,2202,8904589297500
Local Regular Paneer 200g,SKU-00183,GST,5,34.45,38.35,238,Dairy,0406,8900632424154
Britannia Classic Milk 500ml,SKU-00184,Exempt,0,31.24,36.62,363,Dairy,0401,8903611037129
Local Premium Maida 500g,SKU-00185,GST,5,36.26,49.92,445,Flours,1101,8906271361115
Nature Fresh Groundnut Oil 1L,SKU-00186,GST,5,279.15,377.21,73,Cooking Oils,1507,8902189092753
Nivea Bathing Soap 100g,SKU-00187,GST,18,5.79,7.1,116,Personal Care,3401,8901121965652
Patanjali Natural Besan 500g,SKU-00188,GST,5,50.39,65.0,316,Flours,1101,8904043898364
Dove Toothpaste 100g,SKU-00189,GST,18,6.75,7.74,331,Personal Care,3306,8909180552696
Dhara Gold Groundnut Oil 5L,SKU-00190,GST,5,620.66,668.46,139,Cooking Oils,1507,8903006848666
Milk 1L,SKU-00191,Exempt,0,63.12,71.41,418,Dairy,0401,8902856914630
Fortune Regular Besan 1kg,SKU-00192,GST,5,83.91,108.54,163,Flours,1101,8902102027588
Fortune Active Toor Dal 1kg,SKU-00193,GST,5,213.47,298.73,380,Pulses,0713,8901056481491
Coca Cola Extra Coffee 200g,SKU-00194,GST,5,57.07,79.54,90,Beverages,0901,8905241913800
Tomato Loose,SKU-00195,Exempt,0,44.01,62.41,96,Fresh Produce,0701,8900863536541
Bingo Namkeen/Bhujia 200g,SKU-00196,GST,12,28.81,30.86,119,Snacks,2106,8908061744518
Tata Fresh Tomato Ketchup 1kg,SKU-00197,GST,12,122.49,167.05,383,Condiments,2103,8909375973832
Tomato Loose,SKU-00198,Exempt,0,51.83,67.61,360,Fresh Produce,0701,8900506413836
Tata Tea Organic Coffee 50g,SKU-00199,GST,5,14.44,20.48,464,Beverages,0901,8908657191826
Banana Half Dozen,SKU-00200,Exempt,0,38.42,44.35,166,Fresh Produce,0801,8906557431329
Gowardhan Pro Paneer 200g,SKU-00201,GST,5,23.89,28.09,66,Dairy,0406,8908537474112
Vim Classic Detergent Powder 4kg,SKU-00202,GST,18,112.38,156.5,80,Household Care,3402,8901356804420
Ching's Regular Sugar 1kg,SKU-00203,GST,5,54.37,74.57,76,Condiments,1701,8901003236519
Kurkure Premium Potato Chips 30g,SKU-00204,GST,12,6.98,9.13,419,Snacks,2106,8902151070296
Ching's Sugar 1kg,SKU-00205,GST,5,65.32,73.1,114,Condiments,1701,8902447209993
Sunsilk Toothpaste 150g,SKU-00206,GST,18,5.01,6.22,49,Personal Care,3306,8904626383806
Pril Floor Cleaner 1L,SKU-00207,GST,18,155.96,185.22,294,Household Care,3402,8908564205930
Tata Sampann Moong Dal 1kg,SKU-00208,GST,5,131.18,168.38,124,Pulses,0713,8902133480396
Dhara Natural Mustard Oil 1L,SKU-00209,GST,5,189.25,259.74,362,Cooking Oils,1507,8905905992937
Bru Energy Drink 250ml,SKU-00210,GST+Cess,28,20.4,21.88,313,Beverages,2202,8903087059325
Tide Classic Floor Cleaner 1L,SKU-00211,GST,18,72.41,93.02,474,Household Care,3402,8902185156915
Rajdhani Pro Urad Dal 500g,SKU-00212,GST,5,107.65,131.84,332,Pulses,0713,8907528953926
Local Select Urad Dal 5kg,SKU-00213,GST,5,524.21,703.24,490,Pulses,0713,8909690295939
Local Special Paneer 200g,SKU-00214,GST,5,30.4,34.81,168,Dairy,0406,8902157043315
Nutrela Premium Toor Dal 500g,SKU-00215,GST,5,57.98,71.04,219,Pulses,0713,8902676586179
Garnier Pro Toothpaste 100g,SKU-00216,GST,18,7.18,9.83,22,Personal Care,3306,8904054115262
Banana Half Dozen,SKU-00217,Exempt,0,59.0,72.13,339,Fresh Produce,0801,8902962015336
Colin Dishwash Liquid 1L,SKU-00218,GST,18,79.34,92.24,126,Household Care,3402,8901069872050
MDH Red Chilli Powder 200g,SKU-00219,GST,5,8.05,8.54,92,Spices,0904,8904171467741
Pepsodent Pro Toothpaste 150g,SKU-00220,GST,18,8.81,9.91,27,Personal Care,3306,8904774349021
Britannia Natural Milk 1L,SKU-00221,Exempt,0,65.45,90.73,424,Dairy,0401,8908687937416
Surf Excel Floor Cleaner 2L,SKU-00222,GST,18,158.05,208.79,322,Household Care,3402,8902172233206
Milk 500ml,SKU-00223,Exempt,0,28.92,38.78,418,Dairy,0401,8901168685487
Tomato Loose,SKU-00224,Exempt,0,34.58,44.15,303,Fresh Produce,0701,8901191485646
Colgate Toothpaste 200g,SKU-00225,GST,18,9.27,10.75,78,Personal Care,3306,8909960653074
Fortune Select Groundnut Oil 5L,SKU-00226,GST,5,900.33,1248.88,444,Cooking Oils,1507,8901324754691
24 Mantra Sona Masoori Rice 5kg,SKU-00227,GST,5,436.33,590.7,449,Grains & Cereals,1006,8905082148628
Haldiram's Fresh Namkeen/Bhujia 200g,SKU-00228,GST,12,33.25,37.58,34,Snacks,2106,8903070534578
Catch Natural Sugar 1kg,SKU-00229,GST,5,49.94,64.3,95,Condiments,1701,8907985524140
Salt 500g,SKU-00230,Exempt,0,15.53,20.52,142,Condiments,2501,8906800722903
Patanjali Organic Toor Dal 1kg,SKU-00231,GST,5,163.27,196.02,183,Pulses,0713,8907437489691
Tomato 500g,SKU-00232,Exempt,0,22.62,24.73,37,Fresh Produce,0701,8905454443283
Apple Box,SKU-00233,Exempt,0,144.88,193.92,340,Fresh Produce,0801,8907446660993
Gemini Sunflower Oil 15L,SKU-00234,GST,5,807.64,1001.71,486,Cooking Oils,1507,8905842824172
Local Pro Toor Dal 5kg,SKU-00235,GST,5,1170.37,1650.03,340,Pulses,0713,8901353465549
24 Mantra Chana Dal 500g,SKU-00236,GST,5,37.57,48.98,302,Pulses,0713,8909173816846
Apple Loose,SKU-00237,Exempt,0,107.69,155.6,462,Fresh Produce,0801,8907252175250
Tomato 1kg,SKU-00238,Exempt,0,61.49,68.71,396,Fresh Produce,0701,8902712966667
Salt 500g,SKU-00239,Exempt,0,19.2,27.01,392,Condiments,2501,8908300335421
Salt 500g,SKU-00240,Exempt,0,19.18,23.64,271,Condiments,2501,8909856257532
Tata Natural Sugar 1kg,SKU-00241,GST,5,67.49,74.41,380,Condiments,1701,8900982150648
Haldiram's Regular Instant Noodles 70g,SKU-00242,GST,12,19.86,21.01,358,Snacks,1902,8901676184723
Comfort Premium Dishwash Liquid 1L,SKU-00243,GST,18,82.5,108.46,344,Household Care,3402,8908499261891
Tata Sampann Chana Dal 500g,SKU-00244,GST,5,45.47,51.38,139,Pulses,0713,8908356420873
Harpic Natural Dishwash Liquid 500ml,SKU-00245,GST,18,30.93,40.79,469,Household Care,3402,8901972181143
Maggi Tomato Ketchup 1kg,SKU-00246,GST,12,90.61,124.61,452,Condiments,2103,8900455611002
Garnier Special Shampoo 180ml,SKU-00247,GST,18,163.99,200.9,323,Personal Care,3305,8904155216674
Ching's Regular Salt 500g,SKU-00248,Exempt,0,9.3,12.47,487,Condiments,2501,8902169797296
Fortune Active Mustard Oil 15L,SKU-00249,GST,5,827.49,1030.43,459,Cooking Oils,1507,8906701450899
Rajdhani Maida 500g,SKU-00250,GST,5,35.34,40.62,182,Flours,1101,8906289002877
Mother Dairy Special Cheese 400g,SKU-00251,GST,12,115.8,166.53,30,Dairy,0406,8908386631779
MDH Garam Masala 100g,SKU-00252,GST,5,5.66,8.16,386,Spices,0904,8900166088019
Nestle Instant Noodles 280g,SKU-00253,GST,12,18.46,24.22,238,Snacks,1902,8905503758997
Comfort Floor Cleaner 1L,SKU-00254,GST,18,82.54,111.74,118,Household Care,3402,8900554885102
Lipton Coffee 200g,SKU-00255,GST,5,61.32,79.37,101,Beverages,0901,8901637351609
Local Curd 400g,SKU-00256,GST,5,25.44,31.79,276,Dairy,0403,8900869782922
Nestle Special Paneer 1kg,SKU-00257,GST,5,100.36,120.82,316,Dairy,0406,8903465472269
Colin Dishwash Liquid 500ml,SKU-00258,GST,18,72.46,96.72,483,Household Care,3402,8908333945228
Red Bull Regular Energy Drink 330ml,SKU-00259,GST+Cess,28,169.05,215.52,303,Beverages,2202,8909684608106
Amul Classic Ghee 5L,SKU-00260,GST,12,2207.74,2980.61,87,Dairy,0405,8904420438057
Nandini Paneer 1kg,SKU-00261,GST,5,90.22,113.17,412,Dairy,0406,8904066658004
24 Mantra Extra Sona Masoori Rice 5kg,SKU-00262,GST,5,440.82,559.24,313,Grains & Cereals,1006,8903347212281
Tata Active Salt 1kg,SKU-00263,Exempt,0,17.54,24.35,7,Condiments,2501,8905720259094
Sprite Extra Coffee 200g,SKU-00264,GST,5,58.51,78.0,274,Beverages,0901,8903281826886
Milk 500ml,SKU-00265,Exempt,0,29.26,34.16,491,Dairy,0401,8909878015739
Lay's Special Instant Noodles 70g,SKU-00266,GST,12,15.67,21.44,63,Snacks,1902,8906484085887
Tata Tea Fresh Coffee 100g,SKU-00267,GST,5,37.88,41.02,54,Beverages,0901,8902880133613
Red Bull Gold Energy Drink 330ml,SKU-00268,GST+Cess,28,167.37,186.03,240,Beverages,2202,8905011024819
Patanjali Maida 1kg,SKU-00269,GST,5,53.83,65.23,166,Flours,1101,8900618091901
Saffola Select Mustard Oil 5L,SKU-00270,GST,5,918.77,1068.17,479,Cooking Oils,1507,8907660728326
Bru Select Energy Drink 250ml,SKU-00271,GST+Cess,28,39.74,56.26,412,Beverages,2202,8905088210099
Catch Fresh Sugar 5kg,SKU-00272,GST,5,329.0,464.36,181,Condiments,1701,8903682223943
Gowardhan Classic Curd 1kg,SKU-00273,GST,5,49.1,69.87,286,Dairy,0403,8907814141397
Patanjali Natural Sunflower Oil 1L,SKU-00274,GST,5,97.21,126.16,465,Cooking Oils,1507,8903577594929
Bingo Namkeen/Bhujia 400g,SKU-00275,GST,12,70.84,83.26,407,Snacks,2106,8903645257775
24 Mantra Regular Urad Dal 5kg,SKU-00276,GST,5,557.45,720.59,435,Pulses,0713,8904283411080
Cadbury Fresh Potato Chips 80g,SKU-00277,GST,12,33.94,43.13,283,Snacks,2106,8908725639427
Pepsi Fruit Juice 200ml,SKU-00278,GST,12,27.51,29.0,127,Beverages,2009,8909282722992
Real Natural Tea 250g,SKU-00279,GST,5,96.1,109.81,140,Beverages,0902,8905303856770
Onion Loose,SKU-00280,Exempt,0,41.91,48.59,384,Fresh Produce,0701,8904989266591
Bru Natural Cola Drink 2L,SKU-00281,GST+Cess,28,50.72,60.42,449,Beverages,2202,8905779082723
Banana Dozen,SKU-00282,Exempt,0,36.22,43.28,372,Fresh Produce,0801,8901365177739
Nestle Natural Cheese 200g,SKU-00283,GST,12,22.42,28.68,87,Dairy,0406,8902809202428
Tata Gold Sugar 5kg,SKU-00284,GST,5,202.66,261.96,246,Condiments,1701,8907236929298
Fortune Special Toor Dal 5kg,SKU-00285,GST,5,1152.2,1484.74,40,Pulses,0713,8903662103886
Mother Dairy Ghee 500ml,SKU-00286,GST,12,465.24,600.12,454,Dairy,0405,8908811729806
Tropicana Classic Cola Drink 1.25L,SKU-00287,GST+Cess,28,281.74,344.17,485,Beverages,2202,8907659916247
Fortune Maida 1kg,SKU-00288,GST,5,51.73,58.23,368,Flours,1101,8900981806356
Saffola Groundnut Oil 1L,SKU-00289,GST,5,255.01,293.63,442,Cooking Oils,1507,8908695946368
Parle Extra Biscuits 50g,SKU-00290,GST,18,9.84,14.22,300,Snacks,1905,8905621372138
Kissan Pro Sugar 1kg,SKU-00291,GST,5,50.76,66.21,416,Condiments,1701,8901279611435
Amul Milk 1L,SKU-00292,Exempt,0,50.76,72.86,34,Dairy,0401,8902770384309
Pepsi Pro Fruit Juice 200ml,SKU-00293,GST,12,36.04,43.03,340,Beverages,2009,8900214656693
Tata Tea Gold Cola Drink 300ml,SKU-00294,GST+Cess,28,52.18,69.94,291,Beverages,2202,8909554393769
Tomato Loose,SKU-00295,Exempt,0,50.27,64.02,262,Fresh Produce,0701,8904518489476
Parle Special Namkeen/Bhujia 200g,SKU-00296,GST,12,35.15,43.36,240,Snacks,2106,8909071416335
Patanjali Turmeric Powder 500g,SKU-00297,GST,5,9.77,13.51,132,Spices,0904,8904165182755
Patanjali Fresh Atta (Wheat Flour) 1kg,SKU-00298,GST,5,49.96,56.45,381,Flours,1101,8903433339521
Mother Dairy Curd 1kg,SKU-00299,GST,5,41.26,55.94,282,Dairy,0403,8900759579472
Bru Natural Fruit Juice 1L,SKU-00300,GST,12,152.52,167.97,274,Beverages,2009,8906780856271
Colin Special Dishwash Liquid 500ml,SKU-00301,GST,18,64.16,67.67,112,Household Care,3402,8906915594284
Patanjali Special Besan 1kg,SKU-00302,GST,5,77.18,96.44,112,Flours,1101,8906556472929
Rin Organic Detergent Powder 500g,SKU-00303,GST,18,104.58,133.04,443,Household Care,3402,8906322702672
Pepsodent Special Bathing Soap Pack of 4,SKU-00304,GST,18,54.74,64.05,292,Personal Care,3401,8909061203471
Patanjali Extra Garam Masala 100g,SKU-00305,GST,5,5.92,7.54,419,Spices,0904,8904506159399
Garnier Pro Toothpaste 200g,SKU-00306,GST,18,22.22,25.86,171,Personal Care,3306,8908771694722
Head & Shoulders Bathing Soap Pack of 3,SKU-00307,GST,18,57.18,61.67,87,Personal Care,3401,8905355449647
Sundrop Pro Groundnut Oil 5L,SKU-00308,GST,5,779.57,825.75,377,Cooking Oils,1507,8903413261117
Haldiram's Biscuits 50g,SKU-00309,GST,18,14.96,16.33,321,Snacks,1905,8902164334722
Lipton Classic Cola Drink 300ml,SKU-00310,GST+Cess,28,57.2,79.75,171,Beverages,2202,8907784872829
Parle Chocolate 250g,SKU-00311,GST,18,15.95,20.83,163,Snacks,1806,8905783174564
Milky Mist Premium Ghee 500ml,SKU-00312,GST,12,350.8,474.74,74,Dairy,0405,8905478077406
Patanjali Premium Chana Dal 500g,SKU-00313,GST,5,64.5,72.59,456,Pulses,0713,8908663266341
Suhana Organic Red Chilli Powder 500g,SKU-00314,GST,5,19.5,26.27,419,Spices,0904,8904631224179
Ramdev Fresh Garam Masala 100g,SKU-00315,GST,5,5.68,6.31,278,Spices,0904,8900214427031
Amul Fresh Ghee 1L,SKU-00316,GST,12,538.05,632.01,414,Dairy,0405,8907570512046
Banana Dozen,SKU-00317,Exempt,0,67.41,77.52,200,Fresh Produce,0801,8900136730371
Thums Up Cola Drink 600ml,SKU-00318,GST+Cess,28,45.12,64.72,484,Beverages,2202,8905208814743
Fortune Fresh Groundnut Oil 15L,SKU-00319,GST,5,1529.8,1750.68,227,Cooking Oils,1507,8905024916300
Parle Active Potato Chips 150g,SKU-00320,GST,12,5.89,6.56,51,Snacks,2106,8909500528127
Rajdhani Maida 1kg,SKU-00321,GST,5,67.79,71.76,198,Flours,1101,8905240778487
Daawat Special Sona Masoori Rice 10kg,SKU-00322,GST,5,858.22,995.65,430,Grains & Cereals,1006,8909821827448
Sundrop Groundnut Oil 1L,SKU-00323,GST,5,201.05,226.02,14,Cooking Oils,1507,8909593518638
Harpic Active Detergent Powder 4kg,SKU-00324,GST,18,164.92,194.45,333,Household Care,3402,8905118102203
Local Regular Paneer 200g,SKU-00325,GST,5,14.7,19.21,203,Dairy,0406,8907899405391
Tomato 500g,SKU-00326,Exempt,0,37.87,52.37,244,Fresh Produce,0701,8900586509480
Banana Dozen,SKU-00327,Exempt,0,70.27,76.51,376,Fresh Produce,0801,8903863383928
Britannia Regular Biscuits 200g,SKU-00328,GST,18,11.57,14.82,350,Snacks,1905,8907612286852
Sprite Extra Energy Drink 330ml,SKU-00329,GST+Cess,28,186.2,236.48,171,Beverages,2202,8905665939836
Kurkure Biscuits 100g,SKU-00330,GST,18,8.97,12.02,150,Snacks,1905,8909082404335
Potato 1kg,SKU-00331,Exempt,0,14.83,17.68,75,Fresh Produce,0701,8904593344196
Lay's Gold Namkeen/Bhujia 1kg,SKU-00332,GST,12,119.68,163.62,93,Snacks,2106,8907919409610
Patanjali Sunflower Oil 5L,SKU-00333,GST,5,992.6,1090.09,399,Cooking Oils,1507,8903906048058
Balaji Namkeen/Bhujia 400g,SKU-00334,GST,12,117.4,130.46,349,Snacks,2106,8906799813646
Gowardhan Gold Ghee 1L,SKU-00335,GST,12,611.72,824.68,285,Dairy,0405,8906416862278
24 Mantra Fresh Sona Masoori Rice 25kg,SKU-00336,GST,5,379.38,549.66,273,Grains & Cereals,1006,8903314659116
Patanjali Fresh Red Chilli Powder 200g,SKU-00337,GST,5,9.21,11.86,17,Spices,0904,8904259792703
Local Gold Sona Masoori Rice 5kg,SKU-00338,GST,5,237.2,254.23,490,Grains & Cereals,1006,8909240514770
Gemini Sunflower Oil 15L,SKU-00339,GST,5,537.44,681.78,389,Cooking Oils,1507,8904879206980
Fortune Select Toor Dal 500g,SKU-00340,GST,5,70.9,94.2,143,Pulses,0713,8900701645104
Pantene Toothpaste 100g,SKU-00341,GST,18,7.56,10.08,467,Personal Care,3306,8905798123878
Surf Excel Natural Floor Cleaner 500ml,SKU-00342,GST,18,94.3,110.52,255,Household Care,3402,8906205554384
Apple 1kg,SKU-00343,Exempt,0,173.86,248.56,120,Fresh Produce,0801,8902562168936
Pillsbury Select Besan 1kg,SKU-00344,GST,5,119.05,140.68,282,Flours,1101,8902329832482
Catch Pro Red Chilli Powder 500g,SKU-00345,GST,5,20.2,25.71,490,Spices,0904,8901252056647
Nivea Active Bathing Soap 150g,SKU-00346,GST,18,6.07,6.82,395,Personal Care,3401,8909949993933
Surf Excel Gold Detergent Powder 1kg,SKU-00347,GST,18,174.83,216.9,262,Household Care,3402,8909752677223
Aashirvaad Premium Maida 1kg,SKU-00348,GST,5,77.31,110.56,118,Flours,1101,8903312797573
Tata Sampann Red Chilli Powder 100g,SKU-00349,GST,5,6.27,7.57,485,Spices,0904,8909988081770
Samrat Besan 500g,SKU-00350,GST,5,43.36,58.8,497,Flours,1101,8900347644726
Patanjali Chana Dal 500g,SKU-00351,GST,5,83.86,103.6,335,Pulses,0713,8907181298266
24 Mantra Pro Masoor Dal 500g,SKU-00352,GST,5,65.95,92.9,463,Pulses,0713,8903714521117
Head & Shoulders Bathing Soap 75g,SKU-00353,GST,18,51.73,69.36,266,Personal Care,3401,8909268602592
Gowardhan Classic Cheese 200g,SKU-00354,GST,12,34.85,40.91,398,Dairy,0406,8907421230940
Ching's Tomato Ketchup 1kg,SKU-00355,GST,12,190.58,246.46,257,Condiments,2103,8903397767199
Tomato 500g,SKU-00356,Exempt,0,30.4,38.7,427,Fresh Produce,0701,8903022050209
Kurkure Gold Chocolate 100g,SKU-00357,GST,18,9.17,10.28,349,Snacks,1806,8904999827950
Milky Mist Gold Milk 1L,SKU-00358,Exempt,0,76.71,106.42,38,Dairy,0401,8904721458683
Rin Classic Dishwash Liquid 1L,SKU-00359,GST,18,65.62,88.05,327,Household Care,3402,8908179469548
Cadbury Active Namkeen/Bhujia 400g,SKU-00360,GST,12,110.06,137.42,378,Snacks,2106,8907729343010
Catch Tomato Ketchup 500g,SKU-00361,GST,12,76.26,90.25,291,Condiments,2103,8903034414488
Nutrela Regular Masoor Dal 500g,SKU-00362,GST,5,79.99,94.91,375,Pulses,0713,8909902355770
Pears Active Toothpaste 150g,SKU-00363,GST,18,13.92,17.61,176,Personal Care,3306,8907608495880
Rajdhani Gold Atta (Wheat Flour) 5kg,SKU-00364,GST,5,339.18,394.19,20,Flours,1101,8905682996291
Local Classic Urad Dal 1kg,SKU-00365,GST,5,129.82,140.82,454,Pulses,0713,8903574384215
Onion Loose,SKU-00366,Exempt,0,37.7,51.63,468,Fresh Produce,0701,8908235784521
Thums Up Fresh Cola Drink 600ml,SKU-00367,GST+Cess,28,59.88,73.88,370,Beverages,2202,8908104091570
Milky Mist Select Paneer 200g,SKU-00368,GST,5,28.05,31.81,107,Dairy,0406,8903448571422
Tata Sampann Moong Dal 500g,SKU-00369,GST,5,83.52,94.6,184,Pulses,0713,8908542493214
Bingo Classic Instant Noodles 560g,SKU-00370,GST,12,11.8,14.61,350,Snacks,1902,8900160166299
Nivea Extra Bathing Soap Pack of 3,SKU-00371,GST,18,36.53,50.3,370,Personal Care,3401,8908179217174
Comfort Detergent Powder 4kg,SKU-00372,GST,18,146.11,208.79,78,Household Care,3402,8909456255770
Banana Dozen,SKU-00373,Exempt,0,49.06,68.11,149,Fresh Produce,0801,8905992816158
Lux Toothpaste 150g,SKU-00374,GST,18,10.91,12.5,129,Personal Care,3306,8908276153966
Bingo Natural Namkeen/Bhujia 1kg,SKU-00375,GST,12,71.23,93.87,383,Snacks,2106,8909719975817
Patanjali Gold Basmati Rice 25kg,SKU-00376,GST,5,586.69,776.9,310,Grains & Cereals,1006,8906570132902
Pears Shampoo 340ml,SKU-00377,GST,18,153.1,198.45,233,Personal Care,3305,8903354946519
Tomato Loose,SKU-00378,Exempt,0,30.75,43.37,500,Fresh Produce,0701,8900085140369
Kissan Sugar 5kg,SKU-00379,GST,5,241.86,306.69,344,Condiments,1701,8902723865624
Pears Premium Shampoo 180ml,SKU-00380,GST,18,116.84,123.42,374,Personal Care,3305,8907621267969
24 Mantra Basmati Rice 25kg,SKU-00381,GST,5,692.1,833.21,120,Grains & Cereals,1006,8902690973846
Sprite Classic Energy Drink 330ml,SKU-00382,GST+Cess,28,195.37,249.54,365,Beverages,2202,8905197128478
Milk 500ml,SKU-00383,Exempt,0,43.39,50.98,32,Dairy,0401,8905807787956
Nature Fresh Pro Mustard Oil 5L,SKU-00384,GST,5,496.51,704.62,388,Cooking Oils,1507,8904940792904
Haldiram's Instant Noodles 280g,SKU-00385,GST,12,11.07,13.86,440,Snacks,1902,8904429444019
Daawat Extra Basmati Rice 25kg,SKU-00386,GST,5,686.29,792.32,363,Grains & Cereals,1006,8903728051292
Tropicana Natural Coffee 100g,SKU-00387,GST,5,51.36,68.84,90,Beverages,0901,8903950410276
Bru Tea 500g,SKU-00388,GST,5,131.59,174.15,204,Beverages,0902,8907428604765
Thums Up Regular Cola Drink 300ml,SKU-00389,GST+Cess,28,68.38,89.23,494,Beverages,2202,8906945441496
Patanjali Tomato Ketchup 500g,SKU-00390,GST,12,70.7,93.76,97,Condiments,2103,8905800106181
Harpic Natural Detergent Powder 1kg,SKU-00391,GST,18,179.73,206.83,22,Household Care,3402,8900910939111
Balaji Pro Chocolate 100g,SKU-00392,GST,18,10.11,13.43,134,Snacks,1806,8904717465421
Nutrela Moong Dal 500g,SKU-00393,GST,5,74.41,107.77,137,Pulses,0713,8904271739627
Gowardhan Paneer 1kg,SKU-00394,GST,5,75.22,98.34,472,Dairy,0406,8907410119470
Lipton Premium Coffee 200g,SKU-00395,GST,5,129.46,170.35,141,Beverages,0901,8902569087766
Banana Dozen,SKU-00396,Exempt,0,69.98,96.38,251,Fresh Produce,0801,8901985546015
Real Energy Drink 250ml,SKU-00397,GST+Cess,28,42.25,49.26,108,Beverages,2202,8902806346157
Local Classic Milk 500ml,SKU-00398,Exempt,0,25.09,33.57,308,Dairy,0401,8903761847870
Onion Loose,SKU-00399,Exempt,0,47.0,50.15,65,Fresh Produce,0701,8903878293102
Thums Up Coffee 50g,SKU-00400,GST,5,30.56,39.65,129,Beverages,0901,8902020417929
Banana Dozen,SKU-00401,Exempt,0,54.18,70.23,37,Fresh Produce,0801,8903656519825
Aashirvaad Pro Atta (Wheat Flour) 10kg,SKU-00402,GST,5,406.24,446.17,77,Flours,1101,8906258273902
Nestle Premium Paneer 200g,SKU-00403,GST,5,33.35,36.09,8,Dairy,0406,8902194672324
Coca Cola Natural Cola Drink 2L,SKU-00404,GST+Cess,28,69.28,89.66,24,Beverages,2202,8909279145608
Nature Fresh Besan 500g,SKU-00405,GST,5,68.32,88.65,446,Flours,1101,8908837340312
Harpic Pro Detergent Powder 1kg,SKU-00406,GST,18,105.09,149.13,32,Household Care,3402,8905436459701
Apple Loose,SKU-00407,Exempt,0,123.36,135.26,463,Fresh Produce,0801,8903799563531
Fortune Natural Masoor Dal 500g,SKU-00408,GST,5,83.13,116.21,197,Pulses,0713,8903179706239
Aashirvaad Extra Tomato Ketchup 1kg,SKU-00409,GST,12,102.01,136.48,328,Condiments,2103,8905435209042
Local Curd 400g,SKU-00410,GST,5,26.65,31.65,458,Dairy,0403,8904929298316
Coca Cola Cola Drink 600ml,SKU-00411,GST+Cess,28,64.83,75.31,378,Beverages,2202,8906335693929
Tomato Loose,SKU-00412,Exempt,0,71.62,96.21,263,Fresh Produce,0701,8900686717731
Haldiram's Biscuits 200g,SKU-00413,GST,18,13.09,14.44,156,Snacks,1905,8903107427990
Ching's Tomato Ketchup 500g,SKU-00414,GST,12,59.63,83.4,325,Condiments,2103,8907016580464
Odonil Fresh Dishwash Liquid 1L,SKU-00415,GST,18,125.32,135.64,455,Household Care,3402,8905085016579
Onion 2kg,SKU-00416,Exempt,0,42.39,56.46,292,Fresh Produce,0701,8903253817933
Rajdhani Masoor Dal 1kg,SKU-00417,GST,5,144.82,168.12,37,Pulses,0713,8905577881788
24 Mantra Extra Chana Dal 5kg,SKU-00418,GST,5,682.51,974.72,419,Pulses,0713,8901371162411
Milky Mist Active Cheese 200g,SKU-00419,GST,12,37.38,52.33,271,Dairy,0406,8900468275670
Fortune Premium Chana Dal 500g,SKU-00420,GST,5,82.12,93.86,490,Pulses,0713,8908569557988
Mother's Recipe Active Garam Masala 100g,SKU-00421,GST,5,9.12,10.69,409,Spices,0904,8904375402547
Gowardhan Cheese 1kg,SKU-00422,GST,12,121.65,175.09,434,Dairy,0406,8902231059274
Dhara Groundnut Oil 1L,SKU-00423,GST,5,266.01,350.13,181,Cooking Oils,1507,8902578284106
Lipton Special Coffee 100g,SKU-00424,GST,5,31.38,45.13,284,Beverages,0901,8908547492975
Ariel Dishwash Liquid 1L,SKU-00425,GST,18,135.22,149.52,287,Household Care,3402,8901406937515
Apple Box,SKU-00426,Exempt,0,94.44,134.51,147,Fresh Produce,0801,8903018718637
Patanjali Masoor Dal 5kg,SKU-00427,GST,5,834.12,1178.93,189,Pulses,0713,8906265650455
24 Mantra Gold Urad Dal 5kg,SKU-00428,GST,5,584.85,821.79,384,Pulses,0713,8906742662991
Nandini Ghee 1L,SKU-00429,GST,12,893.61,1126.06,176,Dairy,0405,8901961064628
Aashirvaad Pro Tomato Ketchup 500g,SKU-00430,GST,12,106.62,124.3,256,Condiments,2103,8900494787300
Milky Mist Ghee 1L,SKU-00431,GST,12,418.3,550.64,152,Dairy,0405,8906273014719
Sundrop Groundnut Oil 15L,SKU-00432,GST,5,1430.08,1860.82,248,Cooking Oils,1507,8901589042902
24 Mantra Active Masoor Dal 5kg,SKU-00433,GST,5,524.7,562.04,189,Pulses,0713,8906504481832
Gowardhan Special Paneer 1kg,SKU-00434,GST,5,132.77,183.32,355,Dairy,0406,8904451895202
Bru Cola Drink 1.25L,SKU-00435,GST+Cess,28,221.41,314.04,88,Beverages,2202,8901328338988
Colin Regular Floor Cleaner 2L,SKU-00436,GST,18,115.91,164.18,64,Household Care,3402,8902075452798
Dhara Select Sunflower Oil 15L,SKU-00437,GST,5,421.42,579.8,118,Cooking Oils,1507,8902234232161
Banana Half Dozen,SKU-00438,Exempt,0,29.87,32.65,411,Fresh Produce,0801,8908907140140
Mother Dairy Fresh Paneer 1kg,SKU-00439,GST,5,107.71,121.71,348,Dairy,0406,8905012495528
Lay's Regular Instant Noodles 70g,SKU-00440,GST,12,22.42,30.39,275,Snacks,1902,8903342801387
Dhara Regular Groundnut Oil 5L,SKU-00441,GST,5,776.68,925.75,199,Cooking Oils,1507,8906383615171
Lipton Extra Cola Drink 2L,SKU-00442,GST+Cess,28,59.01,75.11,25,Beverages,2202,8901571647947
Samrat Maida 1kg,SKU-00443,GST,5,40.84,44.02,435,Flours,1101,8907520716781
Gowardhan Curd 400g,SKU-00444,GST,5,43.94,63.32,384,Dairy,0403,8902153539613
Mother's Recipe Organic Red Chilli Powder 200g,SKU-00445,GST,5,13.4,18.36,487,Spices,0904,8906579678427
Mother Dairy Paneer 500g,SKU-00446,GST,5,54.87,71.4,73,Dairy,0406,8900101702695
Milky Mist Regular Ghee 5L,SKU-00447,GST,12,3686.85,4846.11,271,Dairy,0405,8907734778485
Pepsi Classic Energy Drink 250ml,SKU-00448,GST+Cess,28,49.22,69.01,65,Beverages,2202,8906756770028
Sunsilk Pro Shampoo 650ml,SKU-00449,GST,18,186.09,205.41,371,Personal Care,3305,8906719788977
Balaji Classic Biscuits 200g,SKU-00450,GST,18,8.48,10.58,198,Snacks,1905,8909545009025
Fortune Special Mustard Oil 15L,SKU-00451,GST,5,751.72,918.05,187,Cooking Oils,1507,8906503334911
Tata Sampann Pro Urad Dal 1kg,SKU-00452,GST,5,93.82,110.75,240,Pulses,0713,8906986407905
Smith & Jones Salt 500g,SKU-00453,Exempt,0,8.91,11.76,177,Condiments,2501,8907852945637
Lux Fresh Bathing Soap Pack of 4,SKU-00454,GST,18,35.56,38.01,298,Personal Care,3401,8906391919541
Sunfeast Namkeen/Bhujia 400g,SKU-00455,GST,12,74.46,101.88,338,Snacks,2106,8904846853664
Sunfeast Instant Noodles 560g,SKU-00456,GST,12,12.58,13.3,365,Snacks,1902,8908297374896
Nestle Namkeen/Bhujia 200g,SKU-00457,GST,12,18.41,22.74,128,Snacks,2106,8902466513644
Pears Natural Toothpaste 150g,SKU-00458,GST,18,6.14,6.92,130,Personal Care,3306,8904778660324
Amul Organic Butter 200g,SKU-00459,GST,12,17.81,19.95,441,Dairy,0405,8900700159416
Saffola Active Groundnut Oil 5L,SKU-00460,GST,5,829.13,1059.95,261,Cooking Oils,1507,8901898471391
Rajdhani Masoor Dal 5kg,SKU-00461,GST,5,761.48,1026.16,483,Pulses,0713,8906321234764
Haldiram's Potato Chips 80g,SKU-00462,GST,12,22.24,31.79,167,Snacks,2106,8908673425754
Potato Loose,SKU-00463,Exempt,0,19.57,23.56,332,Fresh Produce,0701,8905183760644
Milk 500ml,SKU-00464,Exempt,0,38.35,53.76,397,Dairy,0401,8906041776561
Milky Mist Gold Cheese 1kg,SKU-00465,GST,12,130.45,168.39,421,Dairy,0406,8908570027206
Patanjali Gold Sona Masoori Rice 10kg,SKU-00466,GST,5,468.49,538.69,370,Grains & Cereals,1006,8902965772429
Nutrela Fresh Masoor Dal 1kg,SKU-00467,GST,5,79.28,94.9,206,Pulses,0713,8906930089317
Patanjali Classic Sona Masoori Rice 5kg,SKU-00468,GST,5,328.65,401.47,138,Grains & Cereals,1006,8902152910867
Harpic Natural Detergent Powder 500g,SKU-00469,GST,18,98.0,110.37,446,Household Care,3402,8904476263934
Rin Pro Detergent Powder 1kg,SKU-00470,GST,18,137.93,152.88,153,Household Care,3402,8904397359710
Lipton Tea 500g,SKU-00471,GST,5,200.14,267.25,367,Beverages,0902,8906941180053
Real Classic Tea 1kg,SKU-00472,GST,5,176.47,220.91,200,Beverages,0902,8904652809242
Coca Cola Fruit Juice 1L,SKU-00473,GST,12,84.51,99.46,276,Beverages,2009,8906241502745
Ramdev Organic Red Chilli Powder 200g,SKU-00474,GST,5,11.1,13.59,89,Spices,0904,8905728703203
India Gate Organic Basmati Rice 25kg,SKU-00475,GST,5,380.12,470.15,64,Grains & Cereals,1006,8907075877712
Britannia Fresh Curd 200g,SKU-00476,GST,5,12.41,13.93,91,Dairy,0403,8908499390892
MDH Turmeric Powder 100g,SKU-00477,GST,5,13.87,14.71,353,Spices,0904,8901659152017
Comfort Floor Cleaner 1L,SKU-00478,GST,18,139.12,161.06,341,Household Care,3402,8900509759230
Sunsilk Classic Toothpaste 150g,SKU-00479,GST,18,10.47,13.52,52,Personal Care,3306,8906423610326
Maggi Regular Sugar 1kg,SKU-00480,GST,5,46.28,63.42,381,Condiments,1701,8904925158377
Salt 1kg,SKU-00481,Exempt,0,30.64,42.11,319,Condiments,2501,8902661085732
Pepsi Coffee 200g,SKU-00482,GST,5,59.43,73.53,45,Beverages,0901,8907422438649
Apple Loose,SKU-00483,Exempt,0,81.84,99.84,53,Fresh Produce,0801,8907945491801
Colgate Pro Shampoo 180ml,SKU-00484,GST,18,244.08,260.7,218,Personal Care,3305,8904597794523
Kohinoor Regular Basmati Rice 10kg,SKU-00485,GST,5,1006.49,1064.03,207,Grains & Cereals,1006,8901027769749
Bingo Select Instant Noodles 560g,SKU-00486,GST,12,11.15,12.31,102,Snacks,1902,8901030372368
Kohinoor Sona Masoori Rice 10kg,SKU-00487,GST,5,491.9,599.5,64,Grains & Cereals,1006,8902277707933
Patanjali Classic Chana Dal 1kg,SKU-00488,GST,5,96.05,104.8,438,Pulses,0713,8906679984076
Pepsi Coffee 200g,SKU-00489,GST,5,71.63,76.95,14,Beverages,0901,8906958146717
Nestle Instant Noodles 280g,SKU-00490,GST,12,20.54,21.74,152,Snacks,1902,8903757383959
Comfort Active Floor Cleaner 1L,SKU-00491,GST,18,167.15,223.85,204,Household Care,3402,8906572934172
Fortune Basmati Rice 5kg,SKU-00492,GST,5,350.35,426.16,257,Grains & Cereals,1006,8904338005452
India Gate Special Basmati Rice 1kg,SKU-00493,GST,5,105.63,137.0,66,Grains & Cereals,1006,8908374550842
Colin Regular Dishwash Liquid 1L,SKU-00494,GST,18,118.16,167.86,229,Household Care,3402,8907119918081
Mother Dairy Extra Cheese 200g,SKU-00495,GST,12,26.18,30.55,231,Dairy,0406,8908712552137
Everest Turmeric Powder 100g,SKU-00496,GST,5,10.05,10.9,195,Spices,0904,8906532863266
Mother's Recipe Extra Turmeric Powder 500g,SKU-00497,GST,5,23.9,29.33,399,Spices,0904,8900811556260
Tata Classic Sugar 1kg,SKU-00498,GST,5,79.9,115.22,414,Condiments,1701,8908466845504
Sprite Cola Drink 600ml,SKU-00499,GST+Cess,28,47.63,53.92,283,Beverages,2202,8909975634108
Emami Active Sunflower Oil 15L,SKU-00500,GST,5,732.97,928.17,114,Cooking Oils,1507,8901884852008
Kurkure Select Potato Chips 30g,SKU-00501,GST,12,14.87,16.27,35,Snacks,2106,8905485101749
Tomato 1kg,SKU-00502,Exempt,0,63.44,91.71,294,Fresh Produce,0701,8908935449268
Fortune Besan 1kg,SKU-00503,GST,5,93.84,129.42,189,Flours,1101,8907126611062
Nescafe Gold Tea 500g,SKU-00504,GST,5,152.11,191.73,306,Beverages,0902,8908864976776
Gowardhan Active Cheese 1kg,SKU-00505,GST,12,147.99,182.48,500,Dairy,0406,8908813770285
Nestle Regular Curd 200g,SKU-00506,GST,5,8.3,9.68,272,Dairy,0403,8902154544702
Nestle Select Ghee 500ml,SKU-00507,GST,12,461.44,524.3,424,Dairy,0405,8907018510679
Patanjali Special Urad Dal 1kg,SKU-00508,GST,5,202.73,251.4,373,Pulses,0713,8909228777251
Nestle Instant Noodles 560g,SKU-00509,GST,12,13.39,16.18,281,Snacks,1902,8900741209481
Pepsodent Fresh Toothpaste 100g,SKU-00510,GST,18,10.5,13.3,392,Personal Care,3306,8900983780182
Potato 1kg,SKU-00511,Exempt,0,32.25,44.68,301,Fresh Produce,0701,8907189569070
Emami Sunflower Oil 1L,SKU-00512,GST,5,87.18,109.95,200,Cooking Oils,1507,8904111824224
Gowardhan Pro Milk 1L,SKU-00513,Exempt,0,38.24,54.85,97,Dairy,0401,8900046152654
Salt 500g,SKU-00514,Exempt,0,13.67,18.47,202,Condiments,2501,8901405786170
Suhana Organic Turmeric Powder 100g,SKU-00515,GST,5,10.86,11.84,395,Spices,0904,8908249671832
Dhara Groundnut Oil 1L,SKU-00516,GST,5,314.62,451.34,289,Cooking Oils,1507,8907007942007
Patanjali Moong Dal 1kg,SKU-00517,GST,5,215.9,299.45,113,Pulses,0713,8909840289141
Catch Sugar 1kg,SKU-00518,GST,5,80.94,113.42,112,Condiments,1701,8909855474355
Local Special Atta (Wheat Flour) 10kg,SKU-00519,GST,5,272.64,361.72,335,Flours,1101,8900970026876
Brooke Bond Energy Drink 250ml,SKU-00520,GST+Cess,28,20.19,27.92,348,Beverages,2202,8907156956201
Kissan Tomato Ketchup 500g,SKU-00521,GST,12,46.88,63.16,393,Condiments,2103,8904531943375
Onion 5kg,SKU-00522,Exempt,0,101.93,147.16,331,Fresh Produce,0701,8906149872839
Comfort Pro Detergent Powder 4kg,SKU-00523,GST,18,92.63,102.01,38,Household Care,3402,8902493843089
Local Toor Dal 5kg,SKU-00524,GST,5,471.85,576.06,349,Pulses,0713,8900566418775
Tata Tea Classic Cola Drink 600ml,SKU-00525,GST+Cess,28,40.23,49.0,234,Beverages,2202,8905063519036
Banana Dozen,SKU-00526,Exempt,0,42.49,45.68,325,Fresh Produce,0801,8901076095431
Nescafe Classic Tea 500g,SKU-00527,GST,5,220.52,277.39,126,Beverages,0902,8901997179110
Onion 2kg,SKU-00528,Exempt,0,46.83,50.33,415,Fresh Produce,0701,8907049611080
Nutrela Chana Dal 1kg,SKU-00529,GST,5,72.49,97.92,124,Pulses,0713,8909907676991
Fortune Sunflower Oil 5L,SKU-00530,GST,5,611.14,688.75,57,Cooking Oils,1507,8900919392845
Mother's Recipe Turmeric Powder 500g,SKU-00531,GST,5,12.44,13.75,27,Spices,0904,8900249685498
Gowardhan Select Ghee 1L,SKU-00532,GST,12,681.83,795.3,9,Dairy,0405,8908920388065
Fortune Gold Sona Masoori Rice 5kg,SKU-00533,GST,5,309.8,408.05,360,Grains & Cereals,1006,8907959959465
Mother Dairy Classic Cheese 400g,SKU-00534,GST,12,149.46,211.93,332,Dairy,0406,8903379337563
Aashirvaad Extra Sugar 1kg,SKU-00535,GST,5,31.99,38.17,289,Condiments,1701,8901247395003
Patanjali Natural Sona Masoori Rice 5kg,SKU-00536,GST,5,482.09,644.81,178,Grains & Cereals,1006,8908323024102
Catch Select Salt 500g,SKU-00537,Exempt,0,13.22,15.84,195,Condiments,2501,8902896112233
Tropicana Special Energy Drink 330ml,SKU-00538,GST+Cess,28,149.55,215.47,130,Beverages,2202,8900993842530
Sunsilk Bathing Soap 100g,SKU-00539,GST,18,7.41,10.41,112,Personal Care,3401,8901791286857
Coca Cola Special Cola Drink 600ml,SKU-00540,GST+Cess,28,59.35,74.79,252,Beverages,2202,8907749690333
Suhana Fresh Garam Masala 100g,SKU-00541,GST,5,5.6,7.87,297,Spices,0904,8902548121478
Gemini Classic Mustard Oil 15L,SKU-00542,GST,5,814.32,1057.35,223,Cooking Oils,1507,8907766575460
24 Mantra Organic Basmati Rice 5kg,SKU-00543,GST,5,609.07,727.01,47,Grains & Cereals,1006,8904888143111
Fortune Fresh Groundnut Oil 15L,SKU-00544,GST,5,922.0,1217.08,133,Cooking Oils,1507,8904439284044
Emami Premium Mustard Oil 5L,SKU-00545,GST,5,819.31,1028.28,394,Cooking Oils,1507,8902633373898
Ching's Gold Tomato Ketchup 1kg,SKU-00546,GST,12,125.33,141.01,399,Condiments,2103,8906377805292
Local Urad Dal 500g,SKU-00547,GST,5,113.79,157.45,178,Pulses,0713,8903666845909
Onion 1kg,SKU-00548,Exempt,0,39.75,54.44,472,Fresh Produce,0701,8909966361863
Brooke Bond Tea 500g,SKU-00549,GST,5,192.9,226.05,92,Beverages,0902,8901820970231
Salt 1kg,SKU-00550,Exempt,0,15.54,16.67,270,Condiments,2501,8900256621286
Red Bull Tea 250g,SKU-00551,GST,5,109.41,152.77,71,Beverages,0902,8903467299493
Red Bull Organic Fruit Juice 1L,SKU-00552,GST,12,92.19,133.35,233,Beverages,2009,8901693859777
Haldiram's Gold Namkeen/Bhujia 1kg,SKU-00553,GST,12,81.34,114.07,238,Snacks,2106,8905469263296
Smith & Jones Regular Tomato Ketchup 500g,SKU-00554,GST,12,74.77,106.79,127,Condiments,2103,8902484137681
Saffola Groundnut Oil 1L,SKU-00555,GST,5,277.77,327.88,235,Cooking Oils,1507,8902438070176
Emami Sunflower Oil 1L,SKU-00556,GST,5,88.99,102.36,368,Cooking Oils,1507,8902577711837
Local Pro Butter 200g,SKU-00557,GST,12,11.1,11.74,56,Dairy,0405,8902418621042
Patanjali Fresh Garam Masala 50g,SKU-00558,GST,5,13.93,17.59,231,Spices,0904,8900816470900
Patanjali Natural Salt 1kg,SKU-00559,Exempt,0,18.4,19.44,19,Condiments,2501,8900531312206
Brooke Bond Special Fruit Juice 1L,SKU-00560,GST,12,131.83,148.42,111,Beverages,2009,8908661331552
Tomato 500g,SKU-00561,Exempt,0,15.69,17.81,117,Fresh Produce,0701,8901495013649
Brooke Bond Coffee 200g,SKU-00562,GST,5,117.78,167.12,296,Beverages,0901,8902419562525
Colgate Special Shampoo 180ml,SKU-00563,GST,18,107.91,152.68,234,Personal Care,3305,8906838903091
Fortune Urad Dal 5kg,SKU-00564,GST,5,956.57,1241.54,35,Pulses,0713,8902574326303
Parle Special Chocolate 250g,SKU-00565,GST,18,10.6,12.48,407,Snacks,1806,8900864035533
Tata Tea Natural Energy Drink 250ml,SKU-00566,GST+Cess,28,37.64,45.27,169,Beverages,2202,8902701713023
Mother Dairy Butter 100g,SKU-00567,GST,12,9.69,13.79,125,Dairy,0405,8908167423362
Lay's Select Chocolate 100g,SKU-00568,GST,18,8.0,11.5,108,Snacks,1806,8904715662776
Sprite Active Fruit Juice 1L,SKU-00569,GST,12,160.16,219.01,15,Beverages,2009,8906614982824
Ching's Salt 1kg,SKU-00570,Exempt,0,26.37,32.76,175,Condiments,2501,8902732300857
Smith & Jones Extra Sugar 5kg,SKU-00571,GST,5,242.45,284.42,306,Condiments,1701,8901601692364
Sundrop Extra Mustard Oil 15L,SKU-00572,GST,5,985.22,1291.0,479,Cooking Oils,1507,8906337050249
Aashirvaad Natural Tomato Ketchup 1kg,SKU-00573,GST,12,163.48,233.89,435,Condiments,2103,8902011669183
Catch Organic Red Chilli Powder 200g,SKU-00574,GST,5,12.78,15.98,277,Spices,0904,8906946119524
Samrat Select Atta (Wheat Flour) 10kg,SKU-00575,GST,5,268.68,300.21,256,Flours,1101,8900116864622
Dhara Active Groundnut Oil 15L,SKU-00576,GST,5,793.0,890.38,490,Cooking Oils,1507,8901793230234
Mother's Recipe Regular Turmeric Powder 500g,SKU-00577,GST,5,22.76,25.41,155,Spices,0904,8901614150937
Thums Up Premium Coffee 50g,SKU-00578,GST,5,13.81,18.65,8,Beverages,0901,8909013806984
Coca Cola Coffee 100g,SKU-00579,GST,5,38.53,50.97,180,Beverages,0901,8905356690551
Tomato 500g,SKU-00580,Exempt,0,32.95,46.3,76,Fresh Produce,0701,8900918435797
Tropicana Premium Fruit Juice 200ml,SKU-00581,GST,12,44.62,63.94,421,Beverages,2009,8905050573976
Bikano Instant Noodles 280g,SKU-00582,GST,12,24.26,34.61,248,Snacks,1902,8901649328980
Local Select Butter 100g,SKU-00583,GST,12,9.69,14.04,452,Dairy,0405,8907271783332
Nivea Regular Shampoo 180ml,SKU-00584,GST,18,176.76,236.21,87,Personal Care,3305,8905643471287
Britannia Special Milk 500ml,SKU-00585,Exempt,0,30.65,40.98,381,Dairy,0401,8906863341411
Britannia Regular Milk 500ml,SKU-00586,Exempt,0,36.58,40.27,165,Dairy,0401,8906904098366
Nutrela Active Masoor Dal 1kg,SKU-00587,GST,5,127.17,164.13,118,Pulses,0713,8901608752437
Harpic Select Detergent Powder 500g,SKU-00588,GST,18,56.79,74.74,415,Household Care,3402,8900954814973
Bru Coffee 200g,SKU-00589,GST,5,57.35,78.8,83,Beverages,0901,8903302764208
Kissan Sugar 5kg,SKU-00590,GST,5,386.5,522.97,205,Condiments,1701,8901844386125
Haldiram's Select Potato Chips 150g,SKU-00591,GST,12,6.64,7.34,361,Snacks,2106,8907423330591
Tide Detergent Powder 1kg,SKU-00592,GST,18,173.69,194.06,33,Household Care,3402,8901572018596
Nestle Classic Ghee 500ml,SKU-00593,GST,12,228.44,276.11,159,Dairy,0405,8909261764750
Mother Dairy Regular Curd 200g,SKU-00594,GST,5,9.29,12.24,265,Dairy,0403,8903099974192
Ching's Select Salt 1kg,SKU-00595,Exempt,0,26.57,28.96,37,Condiments,2501,8908260688871
Sprite Fresh Cola Drink 300ml,SKU-00596,GST+Cess,28,70.49,99.32,97,Beverages,2202,8909208751029
Pillsbury Atta (Wheat Flour) 1kg,SKU-00597,GST,5,39.3,53.1,48,Flours,1101,8901845826034
Onion 5kg,SKU-00598,Exempt,0,192.21,255.26,272,Fresh Produce,0701,8905988310303
Milky Mist Active Ghee 500ml,SKU-00599,GST,12,374.65,425.76,188,Dairy,0405,8904296184462
Ching's Organic Sugar 1kg,SKU-00600,GST,5,64.99,92.68,78,Condiments,1701,8908314359892
Catch Turmeric Powder 200g,SKU-00601,GST,5,6.98,10.02,131,Spices,0904,8901418186151
Patanjali Active Groundnut Oil 5L,SKU-00602,GST,5,1430.56,1631.28,10,Cooking Oils,1507,8901636112849
Brooke Bond Extra Coffee 200g,SKU-00603,GST,5,110.29,153.98,287,Beverages,0901,8904910256258
Cadbury Biscuits 100g,SKU-00604,GST,18,7.59,10.05,370,Snacks,1905,8902226940539
Mother's Recipe Turmeric Powder 100g,SKU-00605,GST,5,5.35,7.33,262,Spices,0904,8904468341465
Milk 500ml,SKU-00606,Exempt,0,24.24,26.01,385,Dairy,0401,8904870682778
Comfort Regular Detergent Powder 4kg,SKU-00607,GST,18,137.52,178.3,471,Household Care,3402,8900685389097
Nandini Gold Cheese 200g,SKU-00608,GST,12,33.11,36.53,185,Dairy,0406,8900676251538
Milky Mist Curd 400g,SKU-00609,GST,5,30.69,34.84,382,Dairy,0403,8909634807970
Fortune Mustard Oil 15L,SKU-00610,GST,5,713.27,849.9,7,Cooking Oils,1507,8905265016731
Pepsi Cola Drink 600ml,SKU-00611,GST+Cess,28,33.45,41.64,84,Beverages,2202,8904376545628
Tata Sampann Moong Dal 1kg,SKU-00612,GST,5,105.36,125.54,227,Pulses,0713,8900531340266
Fortune Fresh Sunflower Oil 1L,SKU-00613,GST,5,209.19,299.95,141,Cooking Oils,1507,8901678725686
Mother Dairy Premium Butter 100g,SKU-00614,GST,12,5.03,5.97,11,Dairy,0405,8903056906744
Brooke Bond Natural Coffee 100g,SKU-00615,GST,5,49.66,66.63,100,Beverages,0901,8903414363718
Balaji Active Instant Noodles 140g,SKU-00616,GST,12,6.32,6.73,103,Snacks,1902,8902609310668
Local Natural Urad Dal 5kg,SKU-00617,GST,5,589.03,718.87,36,Pulses,0713,8908604145456
Rajdhani Pro Besan 500g,SKU-00618,GST,5,28.68,30.71,386,Flours,1101,8905347491624
Real Select Coffee 100g,SKU-00619,GST,5,29.62,39.03,354,Beverages,0901,8908255598953
Sunsilk Toothpaste 100g,SKU-00620,GST,18,6.06,7.89,313,Personal Care,3306,8901093371189
Nature Fresh Sunflower Oil 15L,SKU-00621,GST,5,1030.24,1165.0,374,Cooking Oils,1507,8902023684855
MDH Gold Garam Masala 100g,SKU-00622,GST,5,6.65,8.38,492,Spices,0904,8908029424090
Rin Dishwash Liquid 1L,SKU-00623,GST,18,99.56,125.74,267,Household Care,3402,8901278686694
Pillsbury Pro Atta (Wheat Flour) 1kg,SKU-00624,GST,5,53.16,68.41,9,Flours,1101,8908788443448
Gowardhan Classic Curd 200g,SKU-00625,GST,5,9.65,11.26,332,Dairy,0403,8902424033810
Head & Shoulders Extra Toothpaste 200g,SKU-00626,GST,18,13.21,18.87,457,Personal Care,3306,8908426945005
Patanjali Organic Maida 500g,SKU-00627,GST,5,43.78,55.38,449,Flours,1101,8909164983735
Fortune Moong Dal 5kg,SKU-00628,GST,5,501.81,573.41,376,Pulses,0713,8906527172722
24 Mantra Select Sona Masoori Rice 5kg,SKU-00629,GST,5,208.27,232.26,95,Grains & Cereals,1006,8906931216376
Gowardhan Premium Paneer 1kg,SKU-00630,GST,5,109.09,131.03,15,Dairy,0406,8901002314290
Tomato 500g,SKU-00631,Exempt,0,36.04,39.07,76,Fresh Produce,0701,8907972457230
Red Bull Energy Drink 330ml,SKU-00632,GST+Cess,28,91.89,126.81,57,Beverages,2202,8908418620303
Tata Sampann Extra Red Chilli Powder 100g,SKU-00633,GST,5,5.97,6.81,455,Spices,0904,8906172131451
Bingo Extra Instant Noodles 70g,SKU-00634,GST,12,24.02,34.06,463,Snacks,1902,8900922685926
Milky Mist Select Ghee 5L,SKU-00635,GST,12,2599.74,2837.8,474,Dairy,0405,8907541022526
Mother's Recipe Regular Garam Masala 50g,SKU-00636,GST,5,14.6,16.96,51,Spices,0904,8905226557676
Nestle Active Chocolate 100g,SKU-00637,GST,18,9.49,12.45,130,Snacks,1806,8906687887883
Catch Salt 1kg,SKU-00638,Exempt,0,26.71,35.45,388,Condiments,2501,8903135030587
Mother Dairy Extra Butter 100g,SKU-00639,GST,12,6.58,9.14,403,Dairy,0405,8902472863330
Mother Dairy Active Butter 500g,SKU-00640,GST,12,30.67,32.53,499,Dairy,0405,8906501917920
Britannia Gold Ghee 500ml,SKU-00641,GST,12,266.63,281.29,430,Dairy,0405,8906227284765
Everest Regular Garam Masala 100g,SKU-00642,GST,5,13.81,14.68,389,Spices,0904,8902820667849
Bru Fruit Juice 200ml,SKU-00643,GST,12,43.11,49.95,52,Beverages,2009,8908623690362
Cadbury Biscuits 50g,SKU-00644,GST,18,11.53,13.97,199,Snacks,1905,8902056341115
Bingo Natural Chocolate 40g,SKU-00645,GST,18,10.42,11.21,310,Snacks,1806,8900438303419
Haldiram's Namkeen/Bhujia 1kg,SKU-00646,GST,12,60.02,70.57,488,Snacks,2106,8904054683565
Mother Dairy Butter 200g,SKU-00647,GST,12,21.08,26.38,262,Dairy,0405,8902096790422
Harpic Gold Detergent Powder 500g,SKU-00648,GST,18,115.37,131.82,115,Household Care,3402,8902288985725
Rajdhani Chana Dal 5kg,SKU-00649,GST,5,321.41,429.12,354,Pulses,0713,8906339912971
Tomato 1kg,SKU-00650,Exempt,0,66.17,90.58,463,Fresh Produce,0701,8901717524214
Bingo Gold Namkeen/Bhujia 400g,SKU-00651,GST,12,62.26,83.07,240,Snacks,2106,8904747219705
24 Mantra Active Chana Dal 1kg,SKU-00652,GST,5,106.64,133.83,324,Pulses,0713,8905516874090
Aashirvaad Regular Besan 500g,SKU-00653,GST,5,39.26,43.71,209,Flours,1101,8901367157787
Mother Dairy Regular Paneer 200g,SKU-00654,GST,5,34.18,48.5,398,Dairy,0406,8906365155973
Harpic Organic Dishwash Liquid 250ml,SKU-00655,GST,18,24.0,30.43,490,Household Care,3402,8907235909605
Mother's Recipe Classic Red Chilli Powder 100g,SKU-00656,GST,5,5.23,7.08,221,Spices,0904,8904421214614
Harpic Floor Cleaner 1L,SKU-00657,GST,18,93.55,131.65,99,Household Care,3402,8900165423567
Pepsi Pro Tea 1kg,SKU-00658,GST,5,440.54,539.54,472,Beverages,0902,8909608931992
Local Special Masoor Dal 5kg,SKU-00659,GST,5,343.49,483.84,483,Pulses,0713,8902751648072
Colgate Regular Bathing Soap Pack of 4,SKU-00660,GST,18,25.9,34.92,101,Personal Care,3401,8906829635339
Tomato 1kg,SKU-00661,Exempt,0,41.29,48.42,424,Fresh Produce,0701,8901776655868
Saffola Sunflower Oil 1L,SKU-00662,GST,5,140.55,157.52,309,Cooking Oils,1507,8902866464911
Mother Dairy Premium Paneer 1kg,SKU-00663,GST,5,110.23,133.88,259,Dairy,0406,8909817890463
Local Regular Maida 1kg,SKU-00664,GST,5,41.18,50.97,68,Flours,1101,8905766053844
Sunsilk Shampoo 340ml,SKU-00665,GST,18,216.09,227.25,470,Personal Care,3305,8906000258955
Nestle Cheese 200g,SKU-00666,GST,12,53.13,59.88,334,Dairy,0406,8906096262658
Nestle Regular Cheese 200g,SKU-00667,GST,12,44.43,48.9,65,Dairy,0406,8909648253110
Everest Active Red Chilli Powder 500g,SKU-00668,GST,5,14.06,18.74,476,Spices,0904,8901960275233
Fortune Natural Urad Dal 5kg,SKU-00669,GST,5,935.34,1284.07,198,Pulses,0713,8904041209117
Bikano Active Chocolate 40g,SKU-00670,GST,18,13.95,15.17,258,Snacks,1806,8905361706171
Samrat Special Atta (Wheat Flour) 5kg,SKU-00671,GST,5,268.21,329.99,87,Flours,1101,8902402990155
Sprite Tea 1kg,SKU-00672,GST,5,176.38,222.01,135,Beverages,0902,8901390808823
Saffola Premium Groundnut Oil 1L,SKU-00673,GST,5,190.85,217.17,377,Cooking Oils,1507,8902447315847
Tropicana Coffee 200g,SKU-00674,GST,5,128.59,147.88,106,Beverages,0901,8904619942376
Tata Sampann Special Garam Masala 100g,SKU-00675,GST,5,7.48,9.67,224,Spices,0904,8903955172084
Britannia Potato Chips 80g,SKU-00676,GST,12,21.75,23.1,97,Snacks,2106,8905625313552
Tata Sampann Special Masoor Dal 500g,SKU-00677,GST,5,80.14,107.12,114,Pulses,0713,8907953816493
Nescafe Cola Drink 300ml,SKU-00678,GST+Cess,28,40.23,52.02,457,Beverages,2202,8901966553307
Tata Tea Coffee 100g,SKU-00679,GST,5,29.92,36.83,312,Beverages,0901,8905963904090
Maggi Tomato Ketchup 500g,SKU-00680,GST,12,48.89,61.77,275,Condiments,2103,8900501716445
Emami Mustard Oil 1L,SKU-00681,GST,5,217.29,271.08,29,Cooking Oils,1507,8906477159103
Apple Loose,SKU-00682,Exempt,0,179.29,250.03,375,Fresh Produce,0801,8906321358004
Onion Loose,SKU-00683,Exempt,0,23.48,27.75,318,Fresh Produce,0701,8906422971252
Britannia Potato Chips 150g,SKU-00684,GST,12,10.22,11.71,249,Snacks,2106,8907457314415
Lay's Fresh Biscuits 200g,SKU-00685,GST,18,10.98,11.86,258,Snacks,1905,8900303763715
Rajdhani Atta (Wheat Flour) 5kg,SKU-00686,GST,5,272.8,378.95,59,Flours,1101,8902356798363
Banana Half Dozen,SKU-00687,Exempt,0,58.2,83.26,300,Fresh Produce,0801,8901271130724
Potato 5kg,SKU-00688,Exempt,0,95.25,135.33,48,Fresh Produce,0701,8905632686850
Ramdev Regular Garam Masala 100g,SKU-00689,GST,5,8.83,12.55,104,Spices,0904,8904362948978
MDH Classic Red Chilli Powder 500g,SKU-00690,GST,5,27.16,38.94,117,Spices,0904,8901009431814
Samrat Maida 1kg,SKU-00691,GST,5,36.51,49.05,455,Flours,1101,8904732354940
Gowardhan Paneer 1kg,SKU-00692,GST,5,121.04,168.37,357,Dairy,0406,8903251225720
Colgate Special Shampoo 340ml,SKU-00693,GST,18,108.44,156.13,456,Personal Care,3305,8901209579073
Brooke Bond Premium Tea 250g,SKU-00694,GST,5,82.75,119.67,432,Beverages,0902,8903882211457
Red Bull Coffee 100g,SKU-00695,GST,5,35.39,44.05,191,Beverages,0901,8907054589714
Colin Premium Detergent Powder 4kg,SKU-00696,GST,18,103.52,125.69,117,Household Care,3402,8902570396531
Aashirvaad Organic Sona Masoori Rice 1kg,SKU-00697,GST,5,99.89,132.01,465,Grains & Cereals,1006,8907824556964
Fortune Urad Dal 500g,SKU-00698,GST,5,105.25,145.63,67,Pulses,0713,8906795410727
Tide Select Detergent Powder 4kg,SKU-00699,GST,18,166.34,218.86,160,Household Care,3402,8907414070349
Amul Select Curd 400g,SKU-00700,GST,5,21.17,25.21,432,Dairy,0403,8900042548821
Vim Fresh Floor Cleaner 500ml,SKU-00701,GST,18,64.64,91.61,153,Household Care,3402,8903075366614
Patanjali Pro Urad Dal 1kg,SKU-00702,GST,5,171.64,226.83,170,Pulses,0713,8909234268344
Milky Mist Milk 1L,SKU-00703,Exempt,0,45.09,61.46,431,Dairy,0401,8906128758575
Mother's Recipe Red Chilli Powder 200g,SKU-00704,GST,5,10.56,14.94,18,Spices,0904,8906129439852
Sunfeast Classic Instant Noodles 280g,SKU-00705,GST,12,21.43,25.87,211,Snacks,1902,8900787010415
Bikano Chocolate 100g,SKU-00706,GST,18,8.76,12.23,67,Snacks,1806,8909803828723
Comfort Select Detergent Powder 500g,SKU-00707,GST,18,91.81,122.81,484,Household Care,3402,8900793110291
Brooke Bond Fresh Cola Drink 600ml,SKU-00708,GST+Cess,28,32.56,34.51,263,Beverages,2202,8907601467238
Nutrela Toor Dal 5kg,SKU-00709,GST,5,1105.6,1433.81,226,Pulses,0713,8902022328837
Bru Regular Tea 500g,SKU-00710,GST,5,241.31,300.96,346,Beverages,0902,8904661766204
Catch Premium Tomato Ketchup 1kg,SKU-00711,GST,12,160.63,170.85,338,Condiments,2103,8909705277402
Gemini Mustard Oil 5L,SKU-00712,GST,5,759.15,816.17,340,Cooking Oils,1507,8902595724461
Colgate Toothpaste 150g,SKU-00713,GST,18,6.8,9.07,264,Personal Care,3306,8908425995996
Banana Dozen,SKU-00714,Exempt,0,38.19,50.26,260,Fresh Produce,0801,8907533126610
Kurkure Classic Instant Noodles 70g,SKU-00715,GST,12,22.84,24.65,395,Snacks,1902,8905902517629
Lay's Organic Biscuits 50g,SKU-00716,GST,18,11.79,13.44,384,Snacks,1905,8902683190130
Amul Butter 200g,SKU-00717,GST,12,16.56,23.11,179,Dairy,0405,8902873397855
Sunfeast Gold Instant Noodles 140g,SKU-00718,GST,12,11.25,15.75,296,Snacks,1902,8901284117309
Real Natural Energy Drink 250ml,SKU-00719,GST+Cess,28,44.1,51.42,429,Beverages,2202,8904651241893
Sprite Cola Drink 1.25L,SKU-00720,GST+Cess,28,265.06,336.2,461,Beverages,2202,8901974005643
Fortune Fresh Sunflower Oil 1L,SKU-00721,GST,5,156.22,209.89,478,Cooking Oils,1507,8900371990516
Cadbury Chocolate 40g,SKU-00722,GST,18,6.29,8.42,58,Snacks,1806,8900783567430
Apple Loose,SKU-00723,Exempt,0,136.9,164.52,355,Fresh Produce,0801,8900870662668
Mother Dairy Regular Butter 200g,SKU-00724,GST,12,21.09,30.43,193,Dairy,0405,8905356033190
Samrat Premium Maida 500g,SKU-00725,GST,5,41.1,47.26,34,Flours,1101,8901027240559
Lifebuoy Active Toothpaste 150g,SKU-00726,GST,18,9.79,10.76,44,Personal Care,3306,8901483753745
Kurkure Natural Biscuits 200g,SKU-00727,GST,18,9.6,11.11,362,Snacks,1905,8908810569741
Pillsbury Natural Atta (Wheat Flour) 10kg,SKU-00728,GST,5,393.46,500.16,67,Flours,1101,8905203771070
Rajdhani Moong Dal 5kg,SKU-00729,GST,5,593.54,852.35,35,Pulses,0713,8904967066703
Samrat Atta (Wheat Flour) 1kg,SKU-00730,GST,5,51.43,67.59,21,Flours,1101,8908509549305
Britannia Classic Instant Noodles 560g,SKU-00731,GST,12,22.23,28.26,492,Snacks,1902,8904876998426
Patanjali Premium Tomato Ketchup 500g,SKU-00732,GST,12,66.58,88.09,145,Condiments,2103,8901384596094
Nature Fresh Organic Groundnut Oil 15L,SKU-00733,GST,5,1348.42,1852.87,316,Cooking Oils,1507,8900149542770
Everest Classic Garam Masala 100g,SKU-00734,GST,5,9.52,11.82,437,Spices,0904,8908360914985
Banana Dozen,SKU-00735,Exempt,0,61.7,71.6,449,Fresh Produce,0801,8907232290310
24 Mantra Classic Basmati Rice 10kg,SKU-00736,GST,5,1118.98,1276.96,492,Grains & Cereals,1006,8904405809351
Banana Dozen,SKU-00737,Exempt,0,31.41,35.54,297,Fresh Produce,0801,8905616420595
Emami Extra Sunflower Oil 15L,SKU-00738,GST,5,701.43,1009.64,323,Cooking Oils,1507,8900250429019
Rajdhani Atta (Wheat Flour) 10kg,SKU-00739,GST,5,593.49,792.39,486,Flours,1101,8903690261139
Sprite Fruit Juice 1L,SKU-00740,GST,12,150.64,209.24,275,Beverages,2009,8900978875439
Fortune Natural Chana Dal 1kg,SKU-00741,GST,5,142.1,204.76,123,Pulses,0713,8907513765158
Brooke Bond Fruit Juice 1L,SKU-00742,GST,12,136.57,167.92,219,Beverages,2009,8903928369294
Rajdhani Regular Chana Dal 1kg,SKU-00743,GST,5,71.07,86.59,80,Pulses,0713,8909732702164
Parle Regular Biscuits 200g,SKU-00744,GST,18,6.29,6.69,225,Snacks,1905,8900212886652
Patanjali Regular Sugar 5kg,SKU-00745,GST,5,231.23,319.07,177,Condiments,1701,8909991015767
Ramdev Active Red Chilli Powder 200g,SKU-00746,GST,5,13.18,17.65,306,Spices,0904,8908120995765
Catch Regular Garam Masala 100g,SKU-00747,GST,5,5.16,6.44,29,Spices,0904,8909889864565
Daawat Fresh Basmati Rice 1kg,SKU-00748,GST,5,105.62,122.66,455,Grains & Cereals,1006,8909515421447
Suhana Select Garam Masala 50g,SKU-00749,GST,5,7.59,9.81,59,Spices,0904,8903421388209
Onion Loose,SKU-00750,Exempt,0,48.47,51.39,109,Fresh Produce,0701,8904967827411
Tata Sampann Organic Garam Masala 100g,SKU-00751,GST,5,6.37,7.4,347,Spices,0904,8901513152854
Catch Classic Tomato Ketchup 1kg,SKU-00752,GST,12,141.21,200.93,411,Condiments,2103,8908538003296
Nature Fresh Maida 1kg,SKU-00753,GST,5,39.0,53.65,380,Flours,1101,8907423183061
Pepsi Fresh Coffee 200g,SKU-00754,GST,5,111.07,118.35,357,Beverages,0901,8904969357824
Patanjali Maida 1kg,SKU-00755,GST,5,70.94,85.62,187,Flours,1101,8908741314675
Samrat Pro Besan 500g,SKU-00756,GST,5,46.63,54.91,63,Flours,1101,8905627796304
Patanjali Moong Dal 500g,SKU-00757,GST,5,50.61,68.76,138,Pulses,0713,8905667664047
Rajdhani Select Maida 500g,SKU-00758,GST,5,29.51,33.6,453,Flours,1101,8902831995298
Potato 5kg,SKU-00759,Exempt,0,149.61,177.04,185,Fresh Produce,0701,8908108358328
Patanjali Pro Sugar 5kg,SKU-00760,GST,5,367.57,434.69,115,Condiments,1701,8908300081867
Onion 2kg,SKU-00761,Exempt,0,21.8,28.4,357,Fresh Produce,0701,8903041662411
Banana Dozen,SKU-00762,Exempt,0,60.68,76.86,475,Fresh Produce,0801,8902196394568
Potato 2kg,SKU-00763,Exempt,0,18.46,21.33,340,Fresh Produce,0701,8909764613684
Bru Tea 1kg,SKU-00764,GST,5,314.31,378.1,259,Beverages,0902,8906581739063
Patanjali Regular Garam Masala 100g,SKU-00765,GST,5,7.6,8.99,419,Spices,0904,8901182379312
Ching's Classic Sugar 1kg,SKU-00766,GST,5,69.49,79.97,164,Condiments,1701,8905205996043
Parle Biscuits 200g,SKU-00767,GST,18,7.83,10.26,169,Snacks,1905,8907788116162
Tomato 500g,SKU-00768,Exempt,0,19.42,23.79,63,Fresh Produce,0701,8900672872866
Tomato Loose,SKU-00769,Exempt,0,71.81,96.08,455,Fresh Produce,0701,8904859592248
Rin Extra Detergent Powder 4kg,SKU-00770,GST,18,152.56,175.52,241,Household Care,3402,8903522870562
Local Premium Ghee 500ml,SKU-00771,GST,12,286.83,322.7,360,Dairy,0405,8901875109792
Banana Dozen,SKU-00772,Exempt,0,55.67,79.12,145,Fresh Produce,0801,8904694596488
Garnier Gold Toothpaste 100g,SKU-00773,GST,18,8.11,8.85,115,Personal Care,3306,8904249128965
Cadbury Organic Namkeen/Bhujia 1kg,SKU-00774,GST,12,141.07,189.73,320,Snacks,2106,8907320331922
Local Special Cheese 200g,SKU-00775,GST,12,23.57,33.89,75,Dairy,0406,8908767548138
Smith & Jones Sugar 5kg,SKU-00776,GST,5,235.55,326.35,167,Condiments,1701,8908193242687
Red Bull Regular Coffee 100g,SKU-00777,GST,5,47.29,57.89,183,Beverages,0901,8902057563983
Salt 500g,SKU-00778,Exempt,0,13.05,16.45,7,Condiments,2501,8909451548094
Onion 5kg,SKU-00779,Exempt,0,107.76,143.13,134,Fresh Produce,0701,8904090797727
Pepsodent Classic Toothpaste 100g,SKU-00780,GST,18,6.64,8.6,370,Personal Care,3306,8902221610705
Milky Mist Premium Paneer 200g,SKU-00781,GST,5,21.32,28.12,465,Dairy,0406,8905295806601
Daawat Gold Sona Masoori Rice 10kg,SKU-00782,GST,5,507.21,541.6,316,Grains & Cereals,1006,8903862044851
Sundrop Gold Sunflower Oil 15L,SKU-00783,GST,5,761.94,941.15,64,Cooking Oils,1507,8901212590203
Head & Shoulders Gold Bathing Soap Pack of 3,SKU-00784,GST,18,58.27,83.17,162,Personal Care,3401,8903240642429
24 Mantra Fresh Masoor Dal 500g,SKU-00785,GST,5,55.0,62.13,156,Pulses,0713,8904741759558
Catch Garam Masala 50g,SKU-00786,GST,5,10.69,15.47,227,Spices,0904,8905435884183
Fortune Organic Toor Dal 1kg,SKU-00787,GST,5,102.84,112.72,342,Pulses,0713,8902727955969
Onion Loose,SKU-00788,Exempt,0,49.69,52.33,220,Fresh Produce,0701,8907551254278
India Gate Basmati Rice 25kg,SKU-00789,GST,5,584.47,776.06,379,Grains & Cereals,1006,8906734595764
Onion Loose,SKU-00790,Exempt,0,35.05,40.58,300,Fresh Produce,0701,8906902824983
Balaji Special Namkeen/Bhujia 200g,SKU-00791,GST,12,31.35,33.59,51,Snacks,2106,8904257627023
Patanjali Gold Basmati Rice 10kg,SKU-00792,GST,5,772.11,1075.63,228,Grains & Cereals,1006,8901328507251
Pepsi Tea 1kg,SKU-00793,GST,5,367.16,519.58,347,Beverages,0902,8906731625265
Nutrela Chana Dal 5kg,SKU-00794,GST,5,586.07,740.59,182,Pulses,0713,8907903923555
Tata Tea Gold Fruit Juice 1L,SKU-00795,GST,12,141.01,155.85,101,Beverages,2009,8900346156262
Rajdhani Chana Dal 1kg,SKU-00796,GST,5,66.45,95.25,220,Pulses,0713,8902268171516
Tomato 1kg,SKU-00797,Exempt,0,53.29,64.14,237,Fresh Produce,0701,8900766046419
Patanjali Special Garam Masala 100g,SKU-00798,GST,5,8.79,12.65,62,Spices,0904,8902686120594
24 Mantra Classic Sona Masoori Rice 25kg,SKU-00799,GST,5,348.84,371.84,449,Grains & Cereals,1006,8907750954654
Potato 1kg,SKU-00800,Exempt,0,21.85,23.1,171,Fresh Produce,0701,8904091508632
Milk 500ml,SKU-00801,Exempt,0,32.29,37.45,239,Dairy,0401,8909389701550
Mother Dairy Ghee 1L,SKU-00802,GST,12,889.15,961.62,479,Dairy,0405,8904660241613
Kurkure Namkeen/Bhujia 400g,SKU-00803,GST,12,103.45,141.47,360,Snacks,2106,8900597364248
Dove Shampoo 650ml,SKU-00804,GST,18,255.11,337.07,144,Personal Care,3305,8900630624479
Head & Shoulders Natural Bathing Soap 75g,SKU-00805,GST,18,33.16,44.22,118,Personal Care,3401,8901949796958
Ching's Special Salt 500g,SKU-00806,Exempt,0,11.82,14.05,232,Condiments,2501,8902773826460
Himalaya Shampoo 180ml,SKU-00807,GST,18,197.62,234.8,111,Personal Care,3305,8908544577029
Balaji Extra Potato Chips 150g,SKU-00808,GST,12,9.15,12.41,389,Snacks,2106,8904873682691
Nestle Fresh Paneer 200g,SKU-00809,GST,5,35.83,45.8,96,Dairy,0406,8902686536945
Saffola Special Groundnut Oil 15L,SKU-00810,GST,5,1082.19,1366.81,120,Cooking Oils,1507,8906774722640
Real Pro Energy Drink 330ml,SKU-00811,GST+Cess,28,159.69,173.95,302,Beverages,2202,8906663093299
Brooke Bond Premium Fruit Juice 1L,SKU-00812,GST,12,105.75,121.61,296,Beverages,2009,8907150968832
Kissan Pro Tomato Ketchup 500g,SKU-00813,GST,12,80.48,107.45,107,Condiments,2103,8905241039773
Odonil Natural Detergent Powder 1kg,SKU-00814,GST,18,189.17,272.24,261,Household Care,3402,8901952371006
Coca Cola Gold Cola Drink 2L,SKU-00815,GST+Cess,28,62.45,89.49,457,Beverages,2202,8908198077046
Onion 5kg,SKU-00816,Exempt,0,200.48,245.79,408,Fresh Produce,0701,8901124912565
Nandini Fresh Ghee 1L,SKU-00817,GST,12,495.48,585.66,360,Dairy,0405,8901773454757
Vim Organic Dishwash Liquid 1L,SKU-00818,GST,18,108.31,146.71,80,Household Care,3402,8908403595442
Nestle Namkeen/Bhujia 400g,SKU-00819,GST,12,118.75,156.67,84,Snacks,2106,8902294643039
Fortune Premium Urad Dal 5kg,SKU-00820,GST,5,614.87,822.98,386,Pulses,0713,8908679252985
Real Cola Drink 2L,SKU-00821,GST+Cess,28,56.53,79.05,251,Beverages,2202,8902760153433
Milky Mist Regular Ghee 5L,SKU-00822,GST,12,3395.99,4050.06,240,Dairy,0405,8909083350615
Brooke Bond Fruit Juice 1L,SKU-00823,GST,12,175.78,244.1,280,Beverages,2009,8901079833423
Local Classic Maida 500g,SKU-00824,GST,5,43.99,50.87,147,Flours,1101,8901312840333
Cadbury Potato Chips 80g,SKU-00825,GST,12,16.16,22.67,31,Snacks,2106,8905137171731
Sprite Energy Drink 250ml,SKU-00826,GST+Cess,28,28.32,29.84,225,Beverages,2202,8901739970469
24 Mantra Pro Moong Dal 5kg,SKU-00827,GST,5,611.43,760.2,150,Pulses,0713,8904483548847
Gowardhan Premium Curd 400g,SKU-00828,GST,5,31.53,45.4,245,Dairy,0403,8907221641758
Fortune Natural Basmati Rice 1kg,SKU-00829,GST,5,84.11,105.2,168,Grains & Cereals,1006,8908714939252
Aashirvaad Pro Sona Masoori Rice 5kg,SKU-00830,GST,5,394.89,439.45,494,Grains & Cereals,1006,8908796434745
Milky Mist Extra Ghee 1L,SKU-00831,GST,12,806.08,948.06,162,Dairy,0405,8906966060652
Maggi Fresh Tomato Ketchup 500g,SKU-00832,GST,12,61.35,82.0,155,Condiments,2103,8905056658833
Sunfeast Organic Instant Noodles 560g,SKU-00833,GST,12,11.45,13.14,171,Snacks,1902,8907970673499
Salt 1kg,SKU-00834,Exempt,0,25.83,31.65,150,Condiments,2501,8901721562294
Lay's Gold Namkeen/Bhujia 1kg,SKU-00835,GST,12,94.57,111.7,284,Snacks,2106,8904884021557
Pillsbury Atta (Wheat Flour) 5kg,SKU-00836,GST,5,182.49,218.05,106,Flours,1101,8904490216667
Apple Box,SKU-00837,Exempt,0,71.78,87.92,21,Fresh Produce,0801,8908587495119
Mother Dairy Milk 500ml,SKU-00838,Exempt,0,37.7,54.56,389,Dairy,0401,8901647725129
Sundrop Sunflower Oil 15L,SKU-00839,GST,5,966.72,1170.3,155,Cooking Oils,1507,8900960035624
Rajdhani Fresh Maida 1kg,SKU-00840,GST,5,69.61,89.09,186,Flours,1101,8909232342108
Haldiram's Chocolate 40g,SKU-00841,GST,18,5.69,7.96,480,Snacks,1806,8903334264335
Potato 5kg,SKU-00842,Exempt,0,155.29,186.36,232,Fresh Produce,0701,8903607763369
Mother Dairy Curd 200g,SKU-00843,GST,5,12.78,17.12,67,Dairy,0403,8902317955633
Britannia Milk 500ml,SKU-00844,Exempt,0,19.74,23.73,220,Dairy,0401,8906155416431
Garnier Toothpaste 150g,SKU-00845,GST,18,14.64,19.64,464,Personal Care,3306,8905023290282
Local Classic Butter 100g,SKU-00846,GST,12,8.13,9.22,383,Dairy,0405,8904596262282
Pears Regular Shampoo 340ml,SKU-00847,GST,18,234.78,249.33,109,Personal Care,3305,8904654950050
Tata Tea Active Tea 1kg,SKU-00848,GST,5,426.23,455.47,198,Beverages,0902,8909822105316
Banana Half Dozen,SKU-00849,Exempt,0,71.27,99.24,279,Fresh Produce,0801,8907290477425
Pepsodent Regular Shampoo 340ml,SKU-00850,GST,18,183.84,248.09,441,Personal Care,3305,8909323822311
Lizol Regular Floor Cleaner 1L,SKU-00851,GST,18,97.48,112.13,378,Household Care,3402,8904579889425
Patanjali Active Red Chilli Powder 500g,SKU-00852,GST,5,25.74,36.65,22,Spices,0904,8906032020326
Tata Sampann Masoor Dal 5kg,SKU-00853,GST,5,591.47,702.41,326,Pulses,0713,8909673794871
Local Special Moong Dal 5kg,SKU-00854,GST,5,616.88,867.96,135,Pulses,0713,8905787158415
Everest Active Red Chilli Powder 500g,SKU-00855,GST,5,15.48,22.29,429,Spices,0904,8901184254768
Gowardhan Active Milk 500ml,SKU-00856,Exempt,0,44.66,50.86,13,Dairy,0401,8903589298808
Gemini Groundnut Oil 15L,SKU-00857,GST,5,763.28,849.91,353,Cooking Oils,1507,8902932896340
Maggi Sugar 5kg,SKU-00858,GST,5,382.15,537.88,244,Condiments,1701,8905240148439
Bikano Chocolate 40g,SKU-00859,GST,18,9.81,10.93,418,Snacks,1806,8903626693351
Patanjali Maida 500g,SKU-00860,GST,5,20.69,27.85,488,Flours,1101,8902372450184
Brooke Bond Natural Cola Drink 2L,SKU-00861,GST+Cess,28,57.06,66.73,68,Beverages,2202,8908972154064
Local Pro Curd 400g,SKU-00862,GST,5,49.92,66.22,411,Dairy,0403,8907438119953
Colgate Shampoo 650ml,SKU-00863,GST,18,174.58,227.87,447,Personal Care,3305,8904448564510
Local Paneer 200g,SKU-00864,GST,5,18.87,23.09,141,Dairy,0406,8901789969860
Bikano Regular Chocolate 250g,SKU-00865,GST,18,16.66,18.28,396,Snacks,1806,8903599660577
Sunfeast Namkeen/Bhujia 200g,SKU-00866,GST,12,31.89,41.5,403,Snacks,2106,8906039205146
Potato 2kg,SKU-00867,Exempt,0,32.0,38.0,499,Fresh Produce,0701,8903470574238
Nestle Biscuits 100g,SKU-00868,GST,18,5.5,7.49,93,Snacks,1905,8907155983541
Nestle Pro Milk 1L,SKU-00869,Exempt,0,76.61,86.64,443,Dairy,0401,8907557522501
Patanjali Sona Masoori Rice 10kg,SKU-00870,GST,5,736.49,890.56,361,Grains & Cereals,1006,8901311964258
Emami Mustard Oil 1L,SKU-00871,GST,5,113.96,163.24,422,Cooking Oils,1507,8904991537038
Milky Mist Ghee 500ml,SKU-00872,GST,12,260.4,345.82,117,Dairy,0405,8903373204309
Coca Cola Tea 500g,SKU-00873,GST,5,179.62,229.42,216,Beverages,0902,8902896964546
Patanjali Special Groundnut Oil 1L,SKU-00874,GST,5,232.99,251.82,359,Cooking Oils,1507,8902538921878
Tata Sampann Natural Masoor Dal 5kg,SKU-00875,GST,5,716.22,957.6,335,Pulses,0713,8908374907977
Britannia Pro Potato Chips 30g,SKU-00876,GST,12,9.48,12.42,463,Snacks,2106,8905721514940
Odonil Floor Cleaner 1L,SKU-00877,GST,18,147.46,210.44,207,Household Care,3402,8903748453986
Britannia Classic Ghee 500ml,SKU-00878,GST,12,407.91,486.78,66,Dairy,0405,8901918623392
India Gate Regular Basmati Rice 25kg,SKU-00879,GST,5,460.07,500.4,211,Grains & Cereals,1006,8909666725214
Dhara Mustard Oil 15L,SKU-00880,GST,5,1120.2,1400.11,99,Cooking Oils,1507,8904633515718
Tata Sampann Classic Toor Dal 5kg,SKU-00881,GST,5,1196.3,1284.42,196,Pulses,0713,8901208005640
Cadbury Gold Namkeen/Bhujia 400g,SKU-00882,GST,12,140.1,157.67,322,Snacks,2106,8907283512959
24 Mantra Basmati Rice 5kg,SKU-00883,GST,5,373.13,514.02,20,Grains & Cereals,1006,8909081441529
Lipton Cola Drink 300ml,SKU-00884,GST+Cess,28,36.5,40.59,318,Beverages,2202,8905786718153
Dhara Groundnut Oil 1L,SKU-00885,GST,5,163.29,197.86,188,Cooking Oils,1507,8900791815899
Colin Dishwash Liquid 1L,SKU-00886,GST,18,122.61,160.29,149,Household Care,3402,8905273466661
Tata Tea Regular Coffee 100g,SKU-00887,GST,5,37.93,47.17,204,Beverages,0901,8904740803149
Sunfeast Special Namkeen/Bhujia 200g,SKU-00888,GST,12,30.26,38.24,29,Snacks,2106,8904635806882
Real Fresh Fruit Juice 200ml,SKU-00889,GST,12,20.21,28.9,461,Beverages,2009,8903513739900
Patanjali Select Salt 500g,SKU-00890,Exempt,0,7.76,8.89,421,Condiments,2501,8905263560229
Patanjali Select Besan 1kg,SKU-00891,GST,5,64.78,90.79,382,Flours,1101,8904606664374
Haldiram's Chocolate 250g,SKU-00892,GST,18,9.32,12.65,70,Snacks,1806,8903111271285
Milky Mist Cheese 1kg,SKU-00893,GST,12,121.59,141.6,443,Dairy,0406,8909411631873
Amul Butter 200g,SKU-00894,GST,12,10.25,11.7,431,Dairy,0405,8906211369572
Everest Fresh Garam Masala 50g,SKU-00895,GST,5,5.44,5.74,83,Spices,0904,8905425730662
Patanjali Natural Chana Dal 500g,SKU-00896,GST,5,44.67,50.38,341,Pulses,0713,8907071398482
Britannia Regular Ghee 500ml,SKU-00897,GST,12,399.64,485.15,278,Dairy,0405,8900925502130
Tata Regular Salt 1kg,SKU-00898,Exempt,0,32.85,44.51,23,Condiments,2501,8909810796496
Suhana Organic Garam Masala 100g,SKU-00899,GST,5,5.83,8.43,237,Spices,0904,8907278532426
Fortune Premium Toor Dal 1kg,SKU-00900,GST,5,164.49,192.44,26,Pulses,0713,8907683625366
Mother's Recipe Turmeric Powder 500g,SKU-00901,GST,5,16.34,19.7,191,Spices,0904,8905562833339
Local Sona Masoori Rice 25kg,SKU-00902,GST,5,474.82,649.0,196,Grains & Cereals,1006,8904362718749
Everest Fresh Turmeric Powder 100g,SKU-00903,GST,5,13.9,18.26,484,Spices,0904,8908627036924
Odonil Detergent Powder 500g,SKU-00904,GST,18,87.95,120.52,82,Household Care,3402,8906573275998
Dove Gold Bathing Soap 75g,SKU-00905,GST,18,27.8,29.29,446,Personal Care,3401,8900515532341
Patanjali Groundnut Oil 15L,SKU-00906,GST,5,1056.32,1406.43,153,Cooking Oils,1507,8904182226189
Catch Turmeric Powder 500g,SKU-00907,GST,5,19.13,25.44,148,Spices,0904,8903127102676
Lipton Extra Tea 250g,SKU-00908,GST,5,107.75,138.35,98,Beverages,0902,8907079551512
Milky Mist Butter 500g,SKU-00909,GST,12,46.98,51.41,483,Dairy,0405,8903541597099
Catch Organic Turmeric Powder 200g,SKU-00910,GST,5,5.7,6.62,271,Spices,0904,8900752034476
Fortune Sunflower Oil 5L,SKU-00911,GST,5,821.0,971.38,21,Cooking Oils,1507,8902909046376
Tata Salt 1kg,SKU-00912,Exempt,0,21.38,29.32,442,Condiments,2501,8906652548374
Tata Sampann Gold Moong Dal 1kg,SKU-00913,GST,5,190.32,269.37,446,Pulses,0713,8908102131251
Nandini Gold Ghee 500ml,SKU-00914,GST,12,195.42,206.24,418,Dairy,0405,8905912975191
Apple Loose,SKU-00915,Exempt,0,90.41,120.91,51,Fresh Produce,0801,8900633016583
Nescafe Tea 1kg,SKU-00916,GST,5,341.5,383.99,152,Beverages,0902,8909072801234
Nandini Regular Ghee 5L,SKU-00917,GST,12,3535.57,3819.52,100,Dairy,0405,8905326949684
Samrat Extra Atta (Wheat Flour) 5kg,SKU-00918,GST,5,289.73,365.7,340,Flours,1101,8904421017509
MDH Red Chilli Powder 500g,SKU-00919,GST,5,13.73,18.5,50,Spices,0904,8905959194575
Real Select Tea 500g,SKU-00920,GST,5,211.72,248.85,386,Beverages,0902,8903392056775
Ching's Sugar 5kg,SKU-00921,GST,5,187.48,252.19,202,Condiments,1701,8906025626506
Pears Pro Shampoo 180ml,SKU-00922,GST,18,140.8,148.76,246,Personal Care,3305,8902453076248
Fortune Moong Dal 500g,SKU-00923,GST,5,90.26,112.79,227,Pulses,0713,8902705115794
Nandini Ghee 5L,SKU-00924,GST,12,3801.56,4624.74,11,Dairy,0405,8904254969192
Bru Extra Cola Drink 1.25L,SKU-00925,GST+Cess,28,304.86,425.47,194,Beverages,2202,8909710756335
Rin Dishwash Liquid 500ml,SKU-00926,GST,18,68.88,87.62,300,Household Care,3402,8905325939933
Sprite Premium Coffee 100g,SKU-00927,GST,5,37.61,52.74,201,Beverages,0901,8902951877941
Tata Sampann Organic Garam Masala 50g,SKU-00928,GST,5,8.64,11.76,247,Spices,0904,8903305597824
24 Mantra Masoor Dal 1kg,SKU-00929,GST,5,92.01,126.45,101,Pulses,0713,8909914038843
Smith & Jones Select Salt 500g,SKU-00930,Exempt,0,10.86,12.03,17,Condiments,2501,8900615727682
Parle Regular Chocolate 100g,SKU-00931,GST,18,10.38,12.79,106,Snacks,1806,8909742925010
Patanjali Extra Masoor Dal 1kg,SKU-00932,GST,5,85.59,118.35,197,Pulses,0713,8908065625904
Patanjali Classic Masoor Dal 5kg,SKU-00933,GST,5,802.36,860.41,372,Pulses,0713,8902711221823
Britannia Gold Milk 1L,SKU-00934,Exempt,0,57.7,77.91,257,Dairy,0401,8906808662813
Catch Organic Garam Masala 50g,SKU-00935,GST,5,5.57,7.37,17,Spices,0904,8900370033228
Rajdhani Masoor Dal 1kg,SKU-00936,GST,5,72.12,97.81,257,Pulses,0713,8900681039033
Parle Extra Potato Chips 30g,SKU-00937,GST,12,10.82,12.95,465,Snacks,2106,8902632809448
Emami Fresh Groundnut Oil 1L,SKU-00938,GST,5,275.33,317.32,105,Cooking Oils,1507,8905461470798
Patanjali Regular Sugar 1kg,SKU-00939,GST,5,33.56,46.04,385,Condiments,1701,8903394394570
Garnier Organic Toothpaste 100g,SKU-00940,GST,18,5.63,5.97,11,Personal Care,3306,8903253765769
Local Cheese 400g,SKU-00941,GST,12,162.77,222.67,346,Dairy,0406,8903191009004
Tomato 1kg,SKU-00942,Exempt,0,60.06,86.16,54,Fresh Produce,0701,8900533651460
Nutrela Regular Urad Dal 500g,SKU-00943,GST,5,73.81,85.26,481,Pulses,0713,8903107201137
Sunfeast Organic Potato Chips 80g,SKU-00944,GST,12,14.5,18.49,37,Snacks,2106,8902316600767
Catch Classic Turmeric Powder 100g,SKU-00945,GST,5,14.59,20.43,368,Spices,0904,8904734043370
Dove Toothpaste 200g,SKU-00946,GST,18,16.44,21.88,410,Personal Care,3306,8903045195778
Britannia Extra Cheese 1kg,SKU-00947,GST,12,179.86,227.76,169,Dairy,0406,8905629657542
Harpic Detergent Powder 4kg,SKU-00948,GST,18,137.83,197.72,49,Household Care,3402,8909425577820
Dhara Special Sunflower Oil 15L,SKU-00949,GST,5,745.48,1030.85,86,Cooking Oils,1507,8909236161880
Brooke Bond Organic Cola Drink 300ml,SKU-00950,GST+Cess,28,69.12,90.95,89,Beverages,2202,8903571558686
Rajdhani Regular Maida 1kg,SKU-00951,GST,5,42.68,55.81,84,Flours,1101,8903081721436
Nutrela Urad Dal 500g,SKU-00952,GST,5,100.25,143.42,102,Pulses,0713,8900004132114
MDH Extra Garam Masala 100g,SKU-00953,GST,5,7.71,8.13,310,Spices,0904,8904565346997
Himalaya Classic Bathing Soap Pack of 4,SKU-00954,GST,18,50.65,72.98,260,Personal Care,3401,8905504768169
Bingo Premium Instant Noodles 560g,SKU-00955,GST,12,15.65,22.46,393,Snacks,1902,8901748113176
Gemini Sunflower Oil 15L,SKU-00956,GST,5,424.96,498.87,402,Cooking Oils,1507,8907396102908
MDH Garam Masala 50g,SKU-00957,GST,5,10.65,14.6,279,Spices,0904,8900491872742
Onion 2kg,SKU-00958,Exempt,0,24.62,27.38,433,Fresh Produce,0701,8901377306260
Fortune Special Urad Dal 500g,SKU-00959,GST,5,118.13,151.61,257,Pulses,0713,8903711222990
Mother's Recipe Garam Masala 100g,SKU-00960,GST,5,10.25,13.61,330,Spices,0904,8908167046861
Banana Half Dozen,SKU-00961,Exempt,0,48.88,61.24,129,Fresh Produce,0801,8902102192378
Nature Fresh Gold Groundnut Oil 5L,SKU-00962,GST,5,1527.51,2004.86,303,Cooking Oils,1507,8906180332426
Tomato Loose,SKU-00963,Exempt,0,62.68,68.64,345,Fresh Produce,0701,8904980425373
24 Mantra Sona Masoori Rice 25kg,SKU-00964,GST,5,269.43,301.48,288,Grains & Cereals,1006,8908122821781
Balaji Namkeen/Bhujia 200g,SKU-00965,GST,12,32.47,38.79,120,Snacks,2106,8904606056035
Ching's Active Sugar 1kg,SKU-00966,GST,5,55.23,78.97,265,Condiments,1701,8906239847169
Potato Loose,SKU-00967,Exempt,0,15.87,22.32,79,Fresh Produce,0701,8900546475489
Rajdhani Masoor Dal 1kg,SKU-00968,GST,5,123.66,167.31,434,Pulses,0713,8909899927517
Saffola Organic Sunflower Oil 5L,SKU-00969,GST,5,995.08,1393.01,309,Cooking Oils,1507,8908355393543
Emami Organic Sunflower Oil 5L,SKU-00970,GST,5,781.94,1030.5,101,Cooking Oils,1507,8909243588537
Sunfeast Regular Potato Chips 30g,SKU-00971,GST,12,13.76,17.96,110,Snacks,2106,8909527536749
Kissan Organic Tomato Ketchup 500g,SKU-00972,GST,12,90.19,103.81,499,Condiments,2103,8906860134778
Kurkure Potato Chips 150g,SKU-00973,GST,12,5.51,6.73,255,Snacks,2106,8909176651221
Fortune Gold Groundnut Oil 1L,SKU-00974,GST,5,180.92,229.66,142,Cooking Oils,1507,8902163090015
Kurkure Instant Noodles 280g,SKU-00975,GST,12,13.51,15.38,314,Snacks,1902,8909485320895
Pillsbury Fresh Maida 1kg,SKU-00976,GST,5,58.31,61.63,87,Flours,1101,8901994711363
Local Pro Besan 500g,SKU-00977,GST,5,65.81,76.46,6,Flours,1101,8903469967331
Nestle Active Milk 1L,SKU-00978,Exempt,0,75.65,91.07,319,Dairy,0401,8906084376855
Potato 5kg,SKU-00979,Exempt,0,131.25,157.39,365,Fresh Produce,0701,8901962633556
Fortune Select Moong Dal 5kg,SKU-00980,GST,5,972.46,1168.68,454,Pulses,0713,8907093170695
Emami Groundnut Oil 1L,SKU-00981,GST,5,212.39,260.84,222,Cooking Oils,1507,8901645345472
Nandini Cheese 1kg,SKU-00982,GST,12,163.08,224.08,438,Dairy,0406,8900650312198
Apple Loose,SKU-00983,Exempt,0,172.52,212.41,155,Fresh Produce,0801,8902642364281
Fortune Pro Maida 500g,SKU-00984,GST,5,25.17,31.16,221,Flours,1101,8902303911142
Brooke Bond Energy Drink 330ml,SKU-00985,GST+Cess,28,169.06,226.42,83,Beverages,2202,8908230524808
Tata Tea Active Fruit Juice 1L,SKU-00986,GST,12,88.37,109.37,438,Beverages,2009,8902395947372
Ariel Natural Floor Cleaner 2L,SKU-00987,GST,18,87.83,113.51,26,Household Care,3402,8901620478768
Red Bull Energy Drink 330ml,SKU-00988,GST+Cess,28,133.46,174.69,271,Beverages,2202,8905996486287
Amul Gold Butter 100g,SKU-00989,GST,12,8.16,9.77,157,Dairy,0405,8901966645057
India Gate Sona Masoori Rice 5kg,SKU-00990,GST,5,447.14,603.7,235,Grains & Cereals,1006,8909246320374
Tropicana Coffee 100g,SKU-00991,GST,5,39.91,45.17,71,Beverages,0901,8906032145057
Salt 1kg,SKU-00992,Exempt,0,32.06,40.74,25,Condiments,2501,8907155348201
Milky Mist Premium Ghee 500ml,SKU-00993,GST,12,346.63,451.41,195,Dairy,0405,8900765975954
Fortune Regular Groundnut Oil 15L,SKU-00994,GST,5,1444.51,1955.0,226,Cooking Oils,1507,8908089812657
Sunsilk Active Bathing Soap 100g,SKU-00995,GST,18,6.46,7.29,320,Personal Care,3401,8906463004023
Suhana Active Turmeric Powder 200g,SKU-00996,GST,5,7.31,9.34,474,Spices,0904,8903012047137
Local Gold Cheese 200g,SKU-00997,GST,12,43.09,59.23,180,Dairy,0406,8909574988558
Milky Mist Natural Ghee 5L,SKU-00998,GST,12,2277.17,2411.27,252,Dairy,0405,8904584760944
Gowardhan Natural Paneer 1kg,SKU-00999,GST,5,130.31,148.24,494,Dairy,0406,8903721885666
Bingo Gold Namkeen/Bhujia 400g,SKU-01000,GST,12,77.34,100.48,490,Snacks,2106,8901506662670
Patanjali Select Sunflower Oil 1L,SKU-01001,GST,5,115.11,161.34,256,Cooking Oils,1507,8906936634392
Dhara Special Sunflower Oil 15L,SKU-01002,GST,5,779.21,1084.1,56,Cooking Oils,1507,8901102867120
Tomato Loose,SKU-01003,Exempt,0,33.87,48.89,192,Fresh Produce,0701,8905910245109
Amul Pro Milk 500ml,SKU-01004,Exempt,0,46.39,64.0,256,Dairy,0401,8901494981942
Banana Half Dozen,SKU-01005,Exempt,0,56.31,74.89,54,Fresh Produce,0801,8907934065277
Nature Fresh Mustard Oil 5L,SKU-01006,GST,5,779.36,1108.4,411,Cooking Oils,1507,8904533722010
Bikano Regular Potato Chips 30g,SKU-01007,GST,12,6.26,8.38,149,Snacks,2106,8905593766189
Local Urad Dal 500g,SKU-01008,GST,5,101.66,121.55,205,Pulses,0713,8903510046277
Pantene Special Shampoo 650ml,SKU-01009,GST,18,179.19,246.62,386,Personal Care,3305,8906592024617
Dhara Active Sunflower Oil 1L,SKU-01010,GST,5,115.68,149.41,495,Cooking Oils,1507,8904326005595
Fortune Sunflower Oil 1L,SKU-01011,GST,5,185.85,267.2,108,Cooking Oils,1507,8903258486899
Lay's Classic Instant Noodles 560g,SKU-01012,GST,12,16.81,22.49,285,Snacks,1902,8904870450691
Tropicana Natural Tea 500g,SKU-01013,GST,5,235.87,326.43,119,Beverages,0902,8907440394640
Nescafe Natural Cola Drink 300ml,SKU-01014,GST+Cess,28,69.89,85.94,208,Beverages,2202,8900601488608
Sunsilk Classic Bathing Soap Pack of 4,SKU-01015,GST,18,43.62,55.92,278,Personal Care,3401,8908413685283
Tomato Loose,SKU-01016,Exempt,0,56.46,80.66,15,Fresh Produce,0701,8901242446263
Britannia Select Cheese 200g,SKU-01017,GST,12,31.21,39.54,285,Dairy,0406,8901121031421
Patanjali Garam Masala 50g,SKU-01018,GST,5,12.8,15.82,67,Spices,0904,8907941515263
Bru Gold Energy Drink 250ml,SKU-01019,GST+Cess,28,49.26,54.92,180,Beverages,2202,8902883750566
Nestle Pro Paneer 200g,SKU-01020,GST,5,18.18,23.72,401,Dairy,0406,8909137876553
Onion 5kg,SKU-01021,Exempt,0,101.39,120.87,345,Fresh Produce,0701,8905560571219
Pepsi Active Cola Drink 300ml,SKU-01022,GST+Cess,28,48.83,62.08,287,Beverages,2202,8905190534864
Onion Loose,SKU-01023,Exempt,0,42.94,62.24,361,Fresh Produce,0701,8904624561851
Bru Select Coffee 200g,SKU-01024,GST,5,86.07,91.27,150,Beverages,0901,8905212899151
Milky Mist Special Paneer 500g,SKU-01025,GST,5,73.8,82.88,113,Dairy,0406,8909130448818
Sunfeast Namkeen/Bhujia 400g,SKU-01026,GST,12,113.9,124.17,211,Snacks,2106,8900461540211
Haldiram's Potato Chips 30g,SKU-01027,GST,12,13.1,15.88,59,Snacks,2106,8904298315229
Ariel Premium Dishwash Liquid 1L,SKU-01028,GST,18,97.39,130.65,69,Household Care,3402,8902836084937
Lay's Biscuits 50g,SKU-01029,GST,18,11.67,13.15,275,Snacks,1905,8904526969443
Bikano Organic Instant Noodles 560g,SKU-01030,GST,12,19.78,24.71,63,Snacks,1902,8906934292913
Amul Natural Butter 100g,SKU-01031,GST,12,9.12,12.24,355,Dairy,0405,8906234190310
MDH Fresh Turmeric Powder 200g,SKU-01032,GST,5,7.45,8.26,336,Spices,0904,8901556684732
Samrat Fresh Atta (Wheat Flour) 5kg,SKU-01033,GST,5,318.13,443.23,344,Flours,1101,8903774604067
Amul Cheese 200g,SKU-01034,GST,12,38.3,43.34,61,Dairy,0406,8904244260781
Parle Select Potato Chips 80g,SKU-01035,GST,12,28.17,34.64,357,Snacks,2106,8904764273720
Local Natural Besan 1kg,SKU-01036,GST,5,124.96,158.79,333,Flours,1101,8902145841484
Tata Regular Sugar 1kg,SKU-01037,GST,5,43.44,50.53,419,Condiments,1701,8903899827802
Potato 5kg,SKU-01038,Exempt,0,67.35,75.93,60,Fresh Produce,0701,8904644936999
Saffola Mustard Oil 5L,SKU-01039,GST,5,932.12,1310.66,171,Cooking Oils,1507,8900557385736
Haldiram's Gold Biscuits 200g,SKU-01040,GST,18,6.1,8.59,123,Snacks,1905,8906037681187
Tide Fresh Floor Cleaner 500ml,SKU-01041,GST,18,51.72,56.31,136,Household Care,3402,8900961497315
Fortune Organic Besan 500g,SKU-01042,GST,5,60.45,76.45,327,Flours,1101,8903074820736
Saffola Sunflower Oil 1L,SKU-01043,GST,5,160.94,228.52,147,Cooking Oils,1507,8900655782019
Potato 1kg,SKU-01044,Exempt,0,32.09,36.7,28,Fresh Produce,0701,8902333247073
Balaji Regular Instant Noodles 70g,SKU-01045,GST,12,20.98,28.11,192,Snacks,1902,8904621276025
Onion 5kg,SKU-01046,Exempt,0,114.24,127.15,42,Fresh Produce,0701,8902616324888
Cadbury Potato Chips 80g,SKU-01047,GST,12,17.46,25.3,277,Snacks,2106,8909376297454
Lay's Premium Chocolate 250g,SKU-01048,GST,18,11.45,13.38,400,Snacks,1806,8908719120381
Parle Active Biscuits 100g,SKU-01049,GST,18,6.8,9.52,414,Snacks,1905,8902308981388
Britannia Organic Milk 500ml,SKU-01050,Exempt,0,27.15,34.47,428,Dairy,0401,8902067323182
Parle Instant Noodles 70g,SKU-01051,GST,12,20.9,26.52,382,Snacks,1902,8905724500000
Potato 2kg,SKU-01052,Exempt,0,30.67,42.12,304,Fresh Produce,0701,8901137178509
Potato 2kg,SKU-01053,Exempt,0,22.34,24.49,473,Fresh Produce,0701,8908444218299
Coca Cola Energy Drink 330ml,SKU-01054,GST+Cess,28,140.19,190.27,82,Beverages,2202,8902489056708
Mother's Recipe Classic Red Chilli Powder 100g,SKU-01055,GST,5,5.71,6.0,138,Spices,0904,8903655158482
Smith & Jones Natural Sugar 1kg,SKU-01056,GST,5,51.94,71.11,266,Condiments,1701,8903550542960
Haldiram's Biscuits 200g,SKU-01057,GST,18,5.69,6.45,215,Snacks,1905,8909987950982
Mother Dairy Organic Butter 100g,SKU-01058,GST,12,9.49,13.49,448,Dairy,0405,8906481880442
Parle Natural Biscuits 100g,SKU-01059,GST,18,8.78,11.9,275,Snacks,1905,8901643212694
Milky Mist Select Cheese 400g,SKU-01060,GST,12,104.93,120.36,219,Dairy,0406,8902586314417
Onion 2kg,SKU-01061,Exempt,0,26.17,37.38,196,Fresh Produce,0701,8904026355824
India Gate Sona Masoori Rice 1kg,SKU-01062,GST,5,66.9,81.25,148,Grains & Cereals,1006,8904898803153
Sunfeast Pro Biscuits 200g,SKU-01063,GST,18,12.1,14.04,376,Snacks,1905,8902790504043
Nature Fresh Extra Atta (Wheat Flour) 1kg,SKU-01064,GST,5,36.55,46.07,305,Flours,1101,8905163211197
Coca Cola Cola Drink 300ml,SKU-01065,GST+Cess,28,30.13,43.39,128,Beverages,2202,8909137326530
Everest Gold Turmeric Powder 500g,SKU-01066,GST,5,24.09,34.14,318,Spices,0904,8908756178688
Tomato Loose,SKU-01067,Exempt,0,64.1,92.87,20,Fresh Produce,0701,8909156182980
Samrat Besan 1kg,SKU-01068,GST,5,98.04,122.45,378,Flours,1101,8904916093659
Dhara Gold Mustard Oil 1L,SKU-01069,GST,5,145.93,157.37,68,Cooking Oils,1507,8908941843368
Real Active Tea 250g,SKU-01070,GST,5,95.76,116.15,92,Beverages,0902,8902399821374
Patanjali Gold Sunflower Oil 5L,SKU-01071,GST,5,461.63,657.14,361,Cooking Oils,1507,8904288605053
Tropicana Coffee 100g,SKU-01072,GST,5,63.47,85.53,270,Beverages,0901,8901126003083
Emami Gold Groundnut Oil 5L,SKU-01073,GST,5,1382.39,1873.27,202,Cooking Oils,1507,8902715312345
Fortune Mustard Oil 5L,SKU-01074,GST,5,877.18,1074.1,60,Cooking Oils,1507,8907768293844
Onion 1kg,SKU-01075,Exempt,0,50.58,53.21,275,Fresh Produce,0701,8907354378826
Onion 1kg,SKU-01076,Exempt,0,41.28,45.39,57,Fresh Produce,0701,8905709085991
Rajdhani Pro Chana Dal 5kg,SKU-01077,GST,5,746.69,997.47,236,Pulses,0713,8904926999699
Maggi Gold Salt 1kg,SKU-01078,Exempt,0,33.56,39.21,279,Condiments,2501,8905969325914
Potato 1kg,SKU-01079,Exempt,0,33.59,36.73,434,Fresh Produce,0701,8903426698069
Surf Excel Dishwash Liquid 1L,SKU-01080,GST,18,69.64,90.96,239,Household Care,3402,8906072348389
Rajdhani Natural Maida 1kg,SKU-01081,GST,5,75.98,95.59,341,Flours,1101,8908040561299
Patanjali Red Chilli Powder 100g,SKU-01082,GST,5,6.66,9.08,212,Spices,0904,8909582641869
Kissan Fresh Salt 500g,SKU-01083,Exempt,0,7.88,9.79,223,Condiments,2501,8901238595143
24 Mantra Active Moong Dal 5kg,SKU-01084,GST,5,555.64,760.4,164,Pulses,0713,8908400273008
Tata Sampann Gold Red Chilli Powder 200g,SKU-01085,GST,5,15.74,17.26,395,Spices,0904,8906831139500
Banana Dozen,SKU-01086,Exempt,0,31.52,41.04,42,Fresh Produce,0801,8905076283976
Pears Extra Bathing Soap 75g,SKU-01087,GST,18,32.99,38.33,13,Personal Care,3401,8907779462072
Smith & Jones Active Sugar 1kg,SKU-01088,GST,5,48.56,61.78,52,Condiments,1701,8907760299140
Maggi Fresh Sugar 1kg,SKU-01089,GST,5,41.32,50.89,50,Condiments,1701,8902552356178
Milk 500ml,SKU-01090,Exempt,0,21.63,24.13,199,Dairy,0401,8901363852778
Bingo Regular Namkeen/Bhujia 400g,SKU-01091,GST,12,72.75,89.41,461,Snacks,2106,8908444902950
Nestle Ghee 1L,SKU-01092,GST,12,373.65,514.51,225,Dairy,0405,8904403734167
Brooke Bond Energy Drink 250ml,SKU-01093,GST+Cess,28,41.66,52.07,267,Beverages,2202,8902210217982
Nandini Paneer 500g,SKU-01094,GST,5,75.84,92.37,298,Dairy,0406,8908579736383
Gowardhan Special Curd 1kg,SKU-01095,GST,5,34.48,40.87,298,Dairy,0403,8907079866177
Surf Excel Dishwash Liquid 500ml,SKU-01096,GST,18,42.22,51.17,404,Household Care,3402,8902050682122
Rajdhani Pro Maida 1kg,SKU-01097,GST,5,35.77,43.19,452,Flours,1101,8905058714692
Banana Dozen,SKU-01098,Exempt,0,42.41,51.28,238,Fresh Produce,0801,8909089843699
Bru Pro Energy Drink 250ml,SKU-01099,GST+Cess,28,23.09,32.73,440,Beverages,2202,8905093869484
Pears Special Toothpaste 150g,SKU-01100,GST,18,11.1,14.11,38,Personal Care,3306,8901457887071
Dhara Mustard Oil 1L,SKU-01101,GST,5,159.85,192.81,105,Cooking Oils,1507,8908209746191
Garnier Bathing Soap Pack of 3,SKU-01102,GST,18,48.0,59.86,282,Personal Care,3401,8902996872258
Lay's Classic Namkeen/Bhujia 400g,SKU-01103,GST,12,125.57,158.58,353,Snacks,2106,8908062350405
Smith & Jones Salt 1kg,SKU-01104,Exempt,0,26.52,28.17,68,Condiments,2501,8902482554428
Ching's Fresh Sugar 5kg,SKU-01105,GST,5,184.55,254.79,318,Condiments,1701,8904232894633
Sprite Special Energy Drink 250ml,SKU-01106,GST+Cess,28,31.5,36.36,355,Beverages,2202,8905285725629
Nestle Natural Cheese 1kg,SKU-01107,GST,12,198.62,226.21,276,Dairy,0406,8909513818655
Potato 2kg,SKU-01108,Exempt,0,34.89,44.43,13,Fresh Produce,0701,8909574430349
Mother Dairy Curd 200g,SKU-01109,GST,5,10.19,11.37,106,Dairy,0403,8908593401536
Tata Sampann Select Urad Dal 1kg,SKU-01110,GST,5,155.88,184.05,172,Pulses,0713,8903132593678
Nandini Paneer 500g,SKU-01111,GST,5,72.02,76.94,496,Dairy,0406,8909421410527
Catch Salt 1kg,SKU-01112,Exempt,0,15.32,20.57,72,Condiments,2501,8907045238885
Aashirvaad Special Sugar 1kg,SKU-01113,GST,5,59.09,83.62,402,Condiments,1701,8906605986787
Rajdhani Active Moong Dal 500g,SKU-01114,GST,5,81.97,97.15,177,Pulses,0713,8904859655942
Lipton Regular Fruit Juice 1L,SKU-01115,GST,12,176.44,242.6,224,Beverages,2009,8905020002453
Nestle Gold Potato Chips 30g,SKU-01116,GST,12,6.31,8.84,457,Snacks,2106,8901551305570
Nescafe Cola Drink 2L,SKU-01117,GST+Cess,28,60.48,80.0,150,Beverages,2202,8904488966997
Local Natural Ghee 5L,SKU-01118,GST,12,2796.91,3942.38,408,Dairy,0405,8907462025825
Fortune Chana Dal 500g,SKU-01119,GST,5,46.54,64.01,367,Pulses,0713,8908123123920
Sunsilk Gold Bathing Soap Pack of 4,SKU-01120,GST,18,26.77,36.01,458,Personal Care,3401,8901836472387
Fortune Pro Mustard Oil 15L,SKU-01121,GST,5,1037.32,1256.83,366,Cooking Oils,1507,8901722577545
Nestle Biscuits 100g,SKU-01122,GST,18,6.55,8.37,21,Snacks,1905,8905291876831
Tata Sugar 1kg,SKU-01123,GST,5,79.04,103.4,94,Condiments,1701,8901733739920
Fortune Active Masoor Dal 500g,SKU-01124,GST,5,73.39,93.7,319,Pulses,0713,8903621659143
Sunfeast Natural Biscuits 50g,SKU-01125,GST,18,8.25,9.86,498,Snacks,1905,8903983584461
Red Bull Coffee 200g,SKU-01126,GST,5,113.31,158.97,117,Beverages,0901,8902643095449
Sprite Regular Coffee 200g,SKU-01127,GST,5,67.39,82.8,427,Beverages,0901,8909702927120
Gemini Sunflower Oil 15L,SKU-01128,GST,5,884.57,1251.02,373,Cooking Oils,1507,8901375298832
Amul Regular Ghee 5L,SKU-01129,GST,12,2035.65,2434.07,378,Dairy,0405,8900832004879
Harpic Detergent Powder 4kg,SKU-01130,GST,18,150.78,192.63,183,Household Care,3402,8903585238600
India Gate Select Sona Masoori Rice 10kg,SKU-01131,GST,5,547.15,659.39,46,Grains & Cereals,1006,8909951715239
Amul Extra Milk 500ml,SKU-01132,Exempt,0,39.34,42.76,106,Dairy,0401,8907483093096
Brooke Bond Tea 250g,SKU-01133,GST,5,50.14,72.05,79,Beverages,0902,8906022132176
Aashirvaad Regular Tomato Ketchup 500g,SKU-01134,GST,12,90.18,121.6,50,Condiments,2103,8901166122019
Onion 1kg,SKU-01135,Exempt,0,42.84,60.84,394,Fresh Produce,0701,8907339304936
Salt 500g,SKU-01136,Exempt,0,13.21,18.5,420,Condiments,2501,8904812421140
Nestle Biscuits 100g,SKU-01137,GST,18,8.37,8.82,345,Snacks,1905,8905229462093
Pril Dishwash Liquid 500ml,SKU-01138,GST,18,71.44,76.9,384,Household Care,3402,8900399529701
Local Active Maida 500g,SKU-01139,GST,5,24.82,30.27,188,Flours,1101,8908585642304
Banana Dozen,SKU-01140,Exempt,0,71.56,101.76,221,Fresh Produce,0801,8901592738740
Amul Gold Cheese 400g,SKU-01141,GST,12,140.92,196.55,16,Dairy,0406,8906322481554
Amul Select Cheese 200g,SKU-01142,GST,12,22.07,23.69,13,Dairy,0406,8909567975649
Banana Half Dozen,SKU-01143,Exempt,0,44.37,54.13,93,Fresh Produce,0801,8903471247601
Onion Loose,SKU-01144,Exempt,0,25.05,28.38,417,Fresh Produce,0701,8906831764172
Everest Premium Red Chilli Powder 500g,SKU-01145,GST,5,24.42,33.58,348,Spices,0904,8905712901507
Nandini Milk 1L,SKU-01146,Exempt,0,40.59,43.49,369,Dairy,0401,8903510458474
Aashirvaad Regular Sona Masoori Rice 5kg,SKU-01147,GST,5,424.65,450.09,294,Grains & Cereals,1006,8906258857669
24 Mantra Fresh Toor Dal 500g,SKU-01148,GST,5,64.11,67.46,106,Pulses,0713,8903962746662
Britannia Active Milk 500ml,SKU-01149,Exempt,0,40.41,50.11,21,Dairy,0401,8900466614590
Banana Dozen,SKU-01150,Exempt,0,53.89,70.95,68,Fresh Produce,0801,8904004938819
Comfort Organic Dishwash Liquid 1L,SKU-01151,GST,18,106.53,125.28,346,Household Care,3402,8901520499809
Local Urad Dal 5kg,SKU-01152,GST,5,1074.64,1298.17,315,Pulses,0713,8908731379716
Salt 1kg,SKU-01153,Exempt,0,17.27,21.48,492,Condiments,2501,8900779433256
Fortune Regular Basmati Rice 10kg,SKU-01154,GST,5,1534.93,1885.55,12,Grains & Cereals,1006,8901426203708
Aashirvaad Gold Tomato Ketchup 500g,SKU-01155,GST,12,76.02,105.39,343,Condiments,2103,8900418135998
Sunfeast Chocolate 250g,SKU-01156,GST,18,21.14,29.79,47,Snacks,1806,8907088948018
Maggi Sugar 5kg,SKU-01157,GST,5,184.05,249.04,236,Condiments,1701,8905883978570
Lipton Premium Energy Drink 250ml,SKU-01158,GST+Cess,28,27.1,28.96,247,Beverages,2202,8905712369149
Catch Pro Sugar 1kg,SKU-01159,GST,5,56.79,70.98,423,Condiments,1701,8909429688276
Nestle Classic Potato Chips 80g,SKU-01160,GST,12,19.88,25.56,122,Snacks,2106,8901419615607
Nestle Pro Biscuits 50g,SKU-01161,GST,18,11.74,16.12,288,Snacks,1905,8908356517962
Local Chana Dal 500g,SKU-01162,GST,5,72.87,84.76,317,Pulses,0713,8906683496047
Bru Gold Fruit Juice 200ml,SKU-01163,GST,12,29.71,33.01,178,Beverages,2009,8901622593648
Lipton Energy Drink 250ml,SKU-01164,GST+Cess,28,48.52,69.58,403,Beverages,2202,8903486883906
Milky Mist Butter 200g,SKU-01165,GST,12,10.83,15.65,274,Dairy,0405,8907991609114
Banana Dozen,SKU-01166,Exempt,0,43.74,59.15,312,Fresh Produce,0801,8902361337605
Fortune Organic Basmati Rice 1kg,SKU-01167,GST,5,94.8,118.92,210,Grains & Cereals,1006,8905025447241
Bikano Special Instant Noodles 560g,SKU-01168,GST,12,19.81,27.72,361,Snacks,1902,8904409661771
Lipton Cola Drink 1.25L,SKU-01169,GST+Cess,28,255.47,324.1,26,Beverages,2202,8908806782141
Ramdev Garam Masala 100g,SKU-01170,GST,5,8.82,9.63,120,Spices,0904,8905926648698
Lay's Instant Noodles 560g,SKU-01171,GST,12,16.58,23.58,200,Snacks,1902,8909415594501
Gowardhan Pro Curd 1kg,SKU-01172,GST,5,22.93,30.38,249,Dairy,0403,8905360511716
Surf Excel Detergent Powder 500g,SKU-01173,GST,18,100.85,128.29,207,Household Care,3402,8903653621894
Rajdhani Classic Masoor Dal 5kg,SKU-01174,GST,5,536.1,564.55,17,Pulses,0713,8909942489420
24 Mantra Organic Chana Dal 1kg,SKU-01175,GST,5,140.77,189.51,290,Pulses,0713,8909667605642
Tomato 1kg,SKU-01176,Exempt,0,66.07,82.32,231,Fresh Produce,0701,8905809745338
Haldiram's Active Chocolate 100g,SKU-01177,GST,18,5.8,7.9,137,Snacks,1806,8906622654016
Head & Shoulders Extra Bathing Soap Pack of 4,SKU-01178,GST,18,33.31,35.69,360,Personal Care,3401,8906221224276
Red Bull Tea 1kg,SKU-01179,GST,5,260.42,287.43,166,Beverages,0902,8909160112411
Nature Fresh Groundnut Oil 15L,SKU-01180,GST,5,1212.5,1754.91,8,Cooking Oils,1507,8908017986778
Nandini Pro Butter 100g,SKU-01181,GST,12,8.01,11.24,188,Dairy,0405,8907047264261
Mother Dairy Classic Ghee 500ml,SKU-01182,GST,12,254.18,292.43,381,Dairy,0405,8907536596807
Bingo Pro Biscuits 200g,SKU-01183,GST,18,8.29,9.58,268,Snacks,1905,8902421838545
Tata Sampann Moong Dal 500g,SKU-01184,GST,5,64.67,84.79,151,Pulses,0713,8907523112327
Nutrela Chana Dal 5kg,SKU-01185,GST,5,626.57,813.49,422,Pulses,0713,8901776334272
Potato 5kg,SKU-01186,Exempt,0,153.75,216.65,186,Fresh Produce,0701,8900801963045
Comfort Classic Floor Cleaner 500ml,SKU-01187,GST,18,61.89,89.6,122,Household Care,3402,8905882493534
Tomato 500g,SKU-01188,Exempt,0,27.86,37.22,207,Fresh Produce,0701,8907784816524
Rajdhani Extra Toor Dal 5kg,SKU-01189,GST,5,663.81,810.51,427,Pulses,0713,8908385179937
Colin Premium Floor Cleaner 500ml,SKU-01190,GST,18,77.33,101.33,471,Household Care,3402,8905391287884
Red Bull Energy Drink 330ml,SKU-01191,GST+Cess,28,196.57,247.89,402,Beverages,2202,8902904579271
Nutrela Active Moong Dal 1kg,SKU-01192,GST,5,117.5,134.3,419,Pulses,0713,8901986424238
Lifebuoy Toothpaste 200g,SKU-01193,GST,18,10.99,12.57,295,Personal Care,3306,8901218706293
India Gate Pro Basmati Rice 5kg,SKU-01194,GST,5,371.64,396.88,64,Grains & Cereals,1006,8900232001867
Tata Sampann Classic Red Chilli Powder 100g,SKU-01195,GST,5,7.14,8.95,328,Spices,0904,8909876108143
Emami Select Groundnut Oil 1L,SKU-01196,GST,5,138.22,185.19,464,Cooking Oils,1507,8908453198074
Catch Special Turmeric Powder 100g,SKU-01197,GST,5,13.66,17.56,431,Spices,0904,8901003076205
Rajdhani Moong Dal 5kg,SKU-01198,GST,5,680.42,734.73,15,Pulses,0713,8900666641106
Nature Fresh Gold Groundnut Oil 1L,SKU-01199,GST,5,265.41,373.36,487,Cooking Oils,1507,8903407851699
Nutrela Moong Dal 5kg,SKU-01200,GST,5,429.78,557.03,193,Pulses,0713,8908366834826
Red Bull Pro Energy Drink 330ml,SKU-01201,GST+Cess,28,124.0,152.97,12,Beverages,2202,8908386888917
Thums Up Gold Cola Drink 2L,SKU-01202,GST+Cess,28,44.02,52.75,307,Beverages,2202,8906257197609
Pillsbury Gold Besan 500g,SKU-01203,GST,5,32.57,45.68,396,Flours,1101,8905789826041
Haldiram's Extra Biscuits 200g,SKU-01204,GST,18,12.96,18.48,406,Snacks,1905,8907558517774
Ariel Active Floor Cleaner 2L,SKU-01205,GST,18,123.71,148.95,99,Household Care,3402,8901188241996
Nestle Pro Butter 200g,SKU-01206,GST,12,10.99,14.19,249,Dairy,0405,8905891704542
Britannia Select Paneer 1kg,SKU-01207,GST,5,88.81,122.86,28,Dairy,0406,8905682092257
Tomato 500g,SKU-01208,Exempt,0,16.93,20.48,478,Fresh Produce,0701,8905640723247
Daawat Organic Basmati Rice 10kg,SKU-01209,GST,5,603.26,654.89,271,Grains & Cereals,1006,8908224731261
Salt 500g,SKU-01210,Exempt,0,17.21,24.56,333,Condiments,2501,8900119509271
Lux Pro Shampoo 340ml,SKU-01211,GST,18,175.52,236.78,27,Personal Care,3305,8905370923007
Banana Half Dozen,SKU-01212,Exempt,0,28.2,35.07,468,Fresh Produce,0801,8901894854329
Coca Cola Cola Drink 2L,SKU-01213,GST+Cess,28,53.22,74.3,216,Beverages,2202,8905294471619
Lipton Fresh Fruit Juice 1L,SKU-01214,GST,12,158.53,217.88,47,Beverages,2009,8903104502589
Patanjali Gold Sugar 1kg,SKU-01215,GST,5,54.68,63.9,456,Condiments,1701,8905748352680
Maggi Classic Sugar 5kg,SKU-01216,GST,5,328.29,403.51,306,Condiments,1701,8908344883842
Nutrela Masoor Dal 500g,SKU-01217,GST,5,94.23,129.01,327,Pulses,0713,8904628055077
Local Moong Dal 500g,SKU-01218,GST,5,72.34,93.89,185,Pulses,0713,8901562392090
Real Regular Energy Drink 330ml,SKU-01219,GST+Cess,28,82.14,106.91,163,Beverages,2202,8900913111786
Amul Special Paneer 200g,SKU-01220,GST,5,31.72,42.24,232,Dairy,0406,8906022069535
Local Pro Moong Dal 500g,SKU-01221,GST,5,118.67,166.99,346,Pulses,0713,8902275950026
Surf Excel Special Dishwash Liquid 250ml,SKU-01222,GST,18,16.44,18.67,373,Household Care,3402,8902594795074
Onion Loose,SKU-01223,Exempt,0,44.24,61.4,242,Fresh Produce,0701,8909805950310
Tomato 1kg,SKU-01224,Exempt,0,70.67,96.05,11,Fresh Produce,0701,8903910452036
Onion Loose,SKU-01225,Exempt,0,38.91,50.61,470,Fresh Produce,0701,8901359928553
Patanjali Classic Groundnut Oil 1L,SKU-01226,GST,5,197.55,213.01,35,Cooking Oils,1507,8906799006968
Apple Box,SKU-01227,Exempt,0,148.88,184.76,27,Fresh Produce,0801,8903784233944
Bingo Premium Potato Chips 30g,SKU-01228,GST,12,9.91,11.9,439,Snacks,2106,8902550325017
Samrat Organic Atta (Wheat Flour) 5kg,SKU-01229,GST,5,161.86,195.28,151,Flours,1101,8901784290292
Nature Fresh Special Maida 1kg,SKU-01230,GST,5,73.87,79.62,382,Flours,1101,8900906053088
Ramdev Premium Turmeric Powder 100g,SKU-01231,GST,5,14.03,15.23,206,Spices,0904,8907329045759
Sunfeast Special Biscuits 100g,SKU-01232,GST,18,5.91,8.24,49,Snacks,1905,8902996426033
Catch Active Turmeric Powder 100g,SKU-01233,GST,5,8.54,9.6,135,Spices,0904,8907709207115
Nandini Cheese 1kg,SKU-01234,GST,12,84.81,95.46,363,Dairy,0406,8902192158189
Red Bull Extra Coffee 50g,SKU-01235,GST,5,23.8,29.12,400,Beverages,0901,8901863855881
Bingo Potato Chips 150g,SKU-01236,GST,12,9.7,12.92,53,Snacks,2106,8906880053789
Fortune Atta (Wheat Flour) 10kg,SKU-01237,GST,5,520.42,578.62,470,Flours,1101,8909728454018
Gowardhan Butter 500g,SKU-01238,GST,12,24.17,25.9,287,Dairy,0405,8903948232204
Milk 1L,SKU-01239,Exempt,0,75.21,106.78,445,Dairy,0401,8908116599302
Nivea Active Bathing Soap 75g,SKU-01240,GST,18,25.89,29.34,30,Personal Care,3401,8904232277521
Rajdhani Classic Besan 500g,SKU-01241,GST,5,65.0,87.99,262,Flours,1101,8901650646300
Gemini Mustard Oil 5L,SKU-01242,GST,5,810.14,979.58,304,Cooking Oils,1507,8901983210291
MDH Select Turmeric Powder 200g,SKU-01243,GST,5,6.97,9.01,445,Spices,0904,8902983104384
Banana Half Dozen,SKU-01244,Exempt,0,34.64,37.5,449,Fresh Produce,0801,8903167080568
Emami Groundnut Oil 5L,SKU-01245,GST,5,1511.53,2117.36,25,Cooking Oils,1507,8906362198655
Apple Box,SKU-01246,Exempt,0,155.67,212.22,158,Fresh Produce,0801,8900766349339
Patanjali Select Turmeric Powder 100g,SKU-01247,GST,5,8.77,10.8,71,Spices,0904,8902626114243
Catch Special Turmeric Powder 500g,SKU-01248,GST,5,23.86,30.35,169,Spices,0904,8904218808799
Nestle Natural Paneer 200g,SKU-01249,GST,5,29.94,42.3,369,Dairy,0406,8901996433853
Milky Mist Pro Butter 200g,SKU-01250,GST,12,20.97,27.61,191,Dairy,0405,8908333430311
Pril Floor Cleaner 2L,SKU-01251,GST,18,124.95,132.6,373,Household Care,3402,8904576947576
Kurkure Special Potato Chips 150g,SKU-01252,GST,12,8.6,9.86,194,Snacks,2106,8909746698616
Patanjali Gold Atta (Wheat Flour) 1kg,SKU-01253,GST,5,35.79,41.67,16,Flours,1101,8908095948152
Aashirvaad Extra Sugar 5kg,SKU-01254,GST,5,287.99,348.13,437,Condiments,1701,8907213074235
Odonil Organic Floor Cleaner 500ml,SKU-01255,GST,18,49.49,54.39,421,Household Care,3402,8904048933261
Nutrela Select Urad Dal 1kg,SKU-01256,GST,5,121.53,166.96,236,Pulses,0713,8909637310081
Pepsi Pro Coffee 100g,SKU-01257,GST,5,30.83,33.85,193,Beverages,0901,8908718452354
Aashirvaad Organic Basmati Rice 25kg,SKU-01258,GST,5,429.31,567.6,460,Grains & Cereals,1006,8907017320865
Nandini Ghee 1L,SKU-01259,GST,12,599.13,767.44,209,Dairy,0405,8905633701400
Nivea Active Bathing Soap 150g,SKU-01260,GST,18,14.32,15.4,479,Personal Care,3401,8905580002722
Banana Dozen,SKU-01261,Exempt,0,48.38,67.18,104,Fresh Produce,0801,8901609439136
Thums Up Cola Drink 300ml,SKU-01262,GST+Cess,28,71.71,101.35,106,Beverages,2202,8901369552862
Potato 5kg,SKU-01263,Exempt,0,103.52,138.47,499,Fresh Produce,0701,8909533222739
Daawat Select Sona Masoori Rice 1kg,SKU-01264,GST,5,66.0,81.81,360,Grains & Cereals,1006,8903532366185
Onion 5kg,SKU-01265,Exempt,0,244.53,310.67,240,Fresh Produce,0701,8900826971823
Salt 1kg,SKU-01266,Exempt,0,17.43,19.0,335,Condiments,2501,8908388217648
Nutrela Toor Dal 1kg,SKU-01267,GST,5,128.85,158.1,139,Pulses,0713,8902233222801
Kurkure Active Chocolate 100g,SKU-01268,GST,18,6.48,9.37,444,Snacks,1806,8909222560629
Gemini Classic Sunflower Oil 5L,SKU-01269,GST,5,973.58,1116.6,464,Cooking Oils,1507,8907311804674
Nandini Paneer 200g,SKU-01270,GST,5,28.72,32.79,291,Dairy,0406,8904185201362
Tata Sugar 5kg,SKU-01271,GST,5,205.67,284.09,247,Condiments,1701,8905615470554
Bikano Gold Namkeen/Bhujia 200g,SKU-01272,GST,12,22.1,26.99,373,Snacks,2106,8904119556409
Lux Shampoo 650ml,SKU-01273,GST,18,202.75,230.04,169,Personal Care,3305,8907875207020
Fortune Pro Toor Dal 1kg,SKU-01274,GST,5,200.67,216.41,448,Pulses,0713,8907121241393
Lizol Floor Cleaner 2L,SKU-01275,GST,18,120.9,154.34,237,Household Care,3402,8906098731267
Nescafe Pro Tea 250g,SKU-01276,GST,5,52.81,69.22,350,Beverages,0902,8900759889786
Gemini Fresh Mustard Oil 15L,SKU-01277,GST,5,1165.77,1543.45,465,Cooking Oils,1507,8904319165430
Thums Up Pro Fruit Juice 1L,SKU-01278,GST,12,95.65,105.97,86,Beverages,2009,8901915057644
Nestle Select Namkeen/Bhujia 400g,SKU-01279,GST,12,98.23,131.08,5,Snacks,2106,8902687644867
Maggi Sugar 5kg,SKU-01280,GST,5,370.59,520.28,50,Condiments,1701,8906365604500
Suhana Special Turmeric Powder 200g,SKU-01281,GST,5,9.18,11.37,24,Spices,0904,8909649692771
Britannia Curd 200g,SKU-01282,GST,5,7.09,8.03,360,Dairy,0403,8905970255128
Local Fresh Cheese 400g,SKU-01283,GST,12,140.31,160.5,45,Dairy,0406,8905948989596
Nature Fresh Mustard Oil 5L,SKU-01284,GST,5,653.73,940.68,390,Cooking Oils,1507,8904434414916
Cadbury Natural Namkeen/Bhujia 1kg,SKU-01285,GST,12,122.26,140.23,366,Snacks,2106,8904497439464
Potato 1kg,SKU-01286,Exempt,0,15.05,17.78,220,Fresh Produce,0701,8902973988941
Pillsbury Premium Besan 500g,SKU-01287,GST,5,69.2,93.7,233,Flours,1101,8902021707548
Gemini Mustard Oil 5L,SKU-01288,GST,5,744.31,922.24,304,Cooking Oils,1507,8902203004496
24 Mantra Active Urad Dal 500g,SKU-01289,GST,5,106.96,121.87,32,Pulses,0713,8900251213756
Emami Special Mustard Oil 1L,SKU-01290,GST,5,187.68,244.21,434,Cooking Oils,1507,8907086199314
Pril Select Floor Cleaner 2L,SKU-01291,GST,18,90.81,120.62,208,Household Care,3402,8906311388503
Fortune Chana Dal 500g,SKU-01292,GST,5,43.23,56.99,74,Pulses,0713,8900334742463
Lux Select Toothpaste 100g,SKU-01293,GST,18,5.73,7.05,301,Personal Care,3306,8906868008529
24 Mantra Classic Moong Dal 5kg,SKU-01294,GST,5,500.13,686.12,50,Pulses,0713,8907741743043
Tata Sampann Natural Masoor Dal 500g,SKU-01295,GST,5,70.96,96.97,192,Pulses,0713,8900228946652
Patanjali Fresh Garam Masala 50g,SKU-01296,GST,5,10.2,11.34,411,Spices,0904,8903020256913
Aashirvaad Premium Atta (Wheat Flour) 1kg,SKU-01297,GST,5,37.66,43.36,244,Flours,1101,8907116750762
Sprite Extra Tea 1kg,SKU-01298,GST,5,381.5,448.67,465,Beverages,0902,8900245301239
Kurkure Pro Biscuits 100g,SKU-01299,GST,18,7.17,9.58,491,Snacks,1905,8902028471901
Aashirvaad Active Tomato Ketchup 500g,SKU-01300,GST,12,67.45,94.59,34,Condiments,2103,8907648717754
MDH Pro Turmeric Powder 500g,SKU-01301,GST,5,23.63,25.28,189,Spices,0904,8908387272581
Daawat Classic Basmati Rice 10kg,SKU-01302,GST,5,1353.41,1737.74,357,Grains & Cereals,1006,8905668448237
Nature Fresh Gold Besan 1kg,SKU-01303,GST,5,110.17,120.07,48,Flours,1101,8901018780358
Everest Gold Turmeric Powder 500g,SKU-01304,GST,5,16.5,17.65,427,Spices,0904,8907403925199
Kurkure Pro Instant Noodles 280g,SKU-01305,GST,12,19.01,25.55,464,Snacks,1902,8901712227643
Local Pro Maida 500g,SKU-01306,GST,5,17.91,24.95,81,Flours,1101,8902162654963
India Gate Fresh Sona Masoori Rice 5kg,SKU-01307,GST,5,510.85,596.56,231,Grains & Cereals,1006,8900488789950
24 Mantra Pro Moong Dal 500g,SKU-01308,GST,5,46.95,56.32,354,Pulses,0713,8906851953774
Balaji Instant Noodles 560g,SKU-01309,GST,12,19.57,22.19,490,Snacks,1902,8909563427775
Gowardhan Active Cheese 400g,SKU-01310,GST,12,86.31,93.41,209,Dairy,0406,8905812920592
Milky Mist Gold Ghee 500ml,SKU-01311,GST,12,290.08,404.92,480,Dairy,0405,8906302955963
Suhana Active Red Chilli Powder 200g,SKU-01312,GST,5,12.34,13.81,323,Spices,0904,8904206615498
Potato Loose,SKU-01313,Exempt,0,18.5,20.22,340,Fresh Produce,0701,8908004983211
Daawat Pro Basmati Rice 1kg,SKU-01314,GST,5,140.43,168.35,156,Grains & Cereals,1006,8908158268687
Maggi Regular Sugar 1kg,SKU-01315,GST,5,69.3,75.81,172,Condiments,1701,8904880644200
Aashirvaad Salt 1kg,SKU-01316,Exempt,0,28.04,34.83,430,Condiments,2501,8905856646419
Catch Select Red Chilli Powder 100g,SKU-01317,GST,5,5.98,6.55,77,Spices,0904,8906221320410
Fortune Organic Chana Dal 5kg,SKU-01318,GST,5,555.16,759.64,62,Pulses,0713,8904789117972
Ramdev Turmeric Powder 500g,SKU-01319,GST,5,11.09,12.36,362,Spices,0904,8903180036660
Tide Premium Dishwash Liquid 1L,SKU-01320,GST,18,61.49,73.12,105,Household Care,3402,8902853863105
Dove Pro Bathing Soap 150g,SKU-01321,GST,18,13.86,19.54,286,Personal Care,3401,8900582692990
Apple 1kg,SKU-01322,Exempt,0,146.73,163.69,239,Fresh Produce,0801,8906332838963
Local Gold Atta (Wheat Flour) 5kg,SKU-01323,GST,5,241.2,314.52,457,Flours,1101,8908626713684
Amul Fresh Paneer 200g,SKU-01324,GST,5,17.41,21.8,85,Dairy,0406,8903392188352
Catch Special Tomato Ketchup 1kg,SKU-01325,GST,12,177.49,240.62,486,Condiments,2103,8900677610659
Amul Cheese 1kg,SKU-01326,GST,12,152.99,213.04,421,Dairy,0406,8904319279761
Catch Tomato Ketchup 1kg,SKU-01327,GST,12,160.5,202.76,131,Condiments,2103,8908457202665
Lizol Dishwash Liquid 1L,SKU-01328,GST,18,123.21,159.51,186,Household Care,3402,8909125734989
Balaji Special Namkeen/Bhujia 400g,SKU-01329,GST,12,75.67,87.71,227,Snacks,2106,8900742990747
Nestle Select Ghee 1L,SKU-01330,GST,12,384.61,471.2,321,Dairy,0405,8906708089747
Patanjali Select Toor Dal 1kg,SKU-01331,GST,5,160.47,173.32,265,Pulses,0713,8903984167347
Thums Up Fresh Cola Drink 1.25L,SKU-01332,GST+Cess,28,218.6,280.38,418,Beverages,2202,8908164980445
Tomato 500g,SKU-01333,Exempt,0,34.91,48.89,172,Fresh Produce,0701,8902102627066
Patanjali Classic Chana Dal 5kg,SKU-01334,GST,5,310.99,394.26,143,Pulses,0713,8908458130889
Lay's Classic Biscuits 200g,SKU-01335,GST,18,7.97,9.34,422,Snacks,1905,8908839974185
Suhana Active Turmeric Powder 100g,SKU-01336,GST,5,5.15,6.33,194,Spices,0904,8900003056619
Bingo Fresh Chocolate 250g,SKU-01337,GST,18,8.99,12.92,188,Snacks,1806,8906418493784
Mother's Recipe Classic Red Chilli Powder 500g,SKU-01338,GST,5,24.12,29.96,374,Spices,0904,8900187260013
Patanjali Regular Red Chilli Powder 500g,SKU-01339,GST,5,14.48,16.78,156,Spices,0904,8904429906745
Tata Sampann Pro Red Chilli Powder 200g,SKU-01340,GST,5,9.02,9.61,77,Spices,0904,8902155996725
Catch Pro Red Chilli Powder 100g,SKU-01341,GST,5,5.08,5.81,482,Spices,0904,8904704747648
Local Extra Chana Dal 1kg,SKU-01342,GST,5,122.13,157.59,172,Pulses,0713,8902138350712
Rajdhani Extra Chana Dal 5kg,SKU-01343,GST,5,406.07,453.37,429,Pulses,0713,8909003622117
Pillsbury Besan 1kg,SKU-01344,GST,5,61.09,83.02,279,Flours,1101,8908395855852
Patanjali Extra Basmati Rice 5kg,SKU-01345,GST,5,368.9,514.13,56,Grains & Cereals,1006,8906185759171
Apple Loose,SKU-01346,Exempt,0,163.68,174.95,162,Fresh Produce,0801,8909147744735
Lifebuoy Active Bathing Soap 150g,SKU-01347,GST,18,13.74,18.45,441,Personal Care,3401,8904171594973
Rajdhani Fresh Toor Dal 5kg,SKU-01348,GST,5,497.49,568.41,266,Pulses,0713,8908033183611
Rin Dishwash Liquid 250ml,SKU-01349,GST,18,34.21,49.34,223,Household Care,3402,8900878828152
Pepsi Fresh Tea 500g,SKU-01350,GST,5,97.71,134.93,227,Beverages,0902,8902515217465
Lifebuoy Natural Shampoo 340ml,SKU-01351,GST,18,184.63,253.37,267,Personal Care,3305,8900189156734
Nutrela Moong Dal 1kg,SKU-01352,GST,5,95.57,118.67,385,Pulses,0713,8906296914336
Milky Mist Butter 200g,SKU-01353,GST,12,12.35,17.44,31,Dairy,0405,8909999001089
Bingo Natural Biscuits 100g,SKU-01354,GST,18,10.31,11.79,481,Snacks,1905,8905211896844
Milky Mist Organic Cheese 400g,SKU-01355,GST,12,181.17,227.52,269,Dairy,0406,8904997957285
Real Extra Coffee 200g,SKU-01356,GST,5,114.72,126.26,270,Beverages,0901,8901902217978
Nestle Gold Chocolate 250g,SKU-01357,GST,18,20.03,23.43,281,Snacks,1806,8903971705984
Rajdhani Organic Toor Dal 500g,SKU-01358,GST,5,121.22,137.27,259,Pulses,0713,8902868112303
Pepsi Cola Drink 1.25L,SKU-01359,GST+Cess,28,313.69,343.69,46,Beverages,2202,8909397814590
Potato Loose,SKU-01360,Exempt,0,24.3,25.97,166,Fresh Produce,0701,8902866933515
Pepsi Fruit Juice 200ml,SKU-01361,GST,12,43.93,46.34,433,Beverages,2009,8905326011939
Milk 500ml,SKU-01362,Exempt,0,28.55,37.36,166,Dairy,0401,8905136090858
Mother Dairy Select Paneer 200g,SKU-01363,GST,5,21.21,29.73,158,Dairy,0406,8903736158736
Aashirvaad Gold Sugar 5kg,SKU-01364,GST,5,202.77,241.19,373,Condiments,1701,8909693353900
Head & Shoulders Special Bathing Soap Pack of 4,SKU-01365,GST,18,62.05,89.39,435,Personal Care,3401,8906154731566
Local Extra Besan 500g,SKU-01366,GST,5,41.63,58.32,56,Flours,1101,8906436902837
Lipton Premium Coffee 100g,SKU-01367,GST,5,59.07,74.89,220,Beverages,0901,8906605342816
Rajdhani Toor Dal 500g,SKU-01368,GST,5,60.38,84.97,324,Pulses,0713,8907535846405
Amul Curd 200g,SKU-01369,GST,5,9.76,10.78,114,Dairy,0403,8900427636281
Local Organic Toor Dal 1kg,SKU-01370,GST,5,167.81,211.7,301,Pulses,0713,8903953096906
Tropicana Premium Coffee 100g,SKU-01371,GST,5,47.76,53.46,279,Beverages,0901,8904987455135
Red Bull Active Energy Drink 330ml,SKU-01372,GST+Cess,28,179.35,197.16,141,Beverages,2202,8903068811640
Patanjali Sona Masoori Rice 5kg,SKU-01373,GST,5,442.37,623.94,264,Grains & Cereals,1006,8907387758333
Maggi Sugar 5kg,SKU-01374,GST,5,154.51,177.75,124,Condiments,1701,8900909153860
Daawat Active Basmati Rice 25kg,SKU-01375,GST,5,468.09,638.95,25,Grains & Cereals,1006,8904123190577
Amul Organic Butter 200g,SKU-01376,GST,12,9.66,10.36,358,Dairy,0405,8907941932453
Nestle Classic Biscuits 50g,SKU-01377,GST,18,12.15,14.26,493,Snacks,1905,8902248709872
Maggi Fresh Salt 1kg,SKU-01378,Exempt,0,18.03,21.62,258,Condiments,2501,8904224043261
Amul Fresh Paneer 200g,SKU-01379,GST,5,20.72,26.11,55,Dairy,0406,8906307028672
Apple Loose,SKU-01380,Exempt,0,135.4,184.38,126,Fresh Produce,0801,8906621953689
Potato 2kg,SKU-01381,Exempt,0,24.47,28.76,35,Fresh Produce,0701,8901732590073
Parle Fresh Instant Noodles 70g,SKU-01382,GST,12,21.39,22.76,236,Snacks,1902,8902211386908
Brooke Bond Tea 1kg,SKU-01383,GST,5,311.29,349.97,17,Beverages,0902,8904546171928
Banana Dozen,SKU-01384,Exempt,0,39.3,45.11,32,Fresh Produce,0801,8902344225216
Tomato 1kg,SKU-01385,Exempt,0,37.45,48.13,391,Fresh Produce,0701,8901209447726
Haldiram's Pro Instant Noodles 140g,SKU-01386,GST,12,11.26,13.25,120,Snacks,1902,8902761794802
Rajdhani Extra Moong Dal 5kg,SKU-01387,GST,5,773.44,920.63,200,Pulses,0713,8900211915891
Nestle Cheese 1kg,SKU-01388,GST,12,215.12,286.38,380,Dairy,0406,8909864786862
Local Classic Atta (Wheat Flour) 5kg,SKU-01389,GST,5,326.14,407.7,142,Flours,1101,8904740837819
Amul Select Curd 400g,SKU-01390,GST,5,41.45,52.93,48,Dairy,0403,8906400698369
Pears Special Bathing Soap 100g,SKU-01391,GST,18,7.47,8.68,142,Personal Care,3401,8908647082139
Tropicana Organic Cola Drink 1.25L,SKU-01392,GST+Cess,28,225.57,250.21,443,Beverages,2202,8900212372055
Tomato Loose,SKU-01393,Exempt,0,30.68,32.44,270,Fresh Produce,0701,8906346739190
Tomato Loose,SKU-01394,Exempt,0,33.24,45.52,16,Fresh Produce,0701,8909169232737
Nestle Potato Chips 150g,SKU-01395,GST,12,11.18,13.48,282,Snacks,2106,8905481867463
Onion Loose,SKU-01396,Exempt,0,30.15,34.3,227,Fresh Produce,0701,8901137118151
Himalaya Extra Shampoo 650ml,SKU-01397,GST,18,219.56,259.5,77,Personal Care,3305,8909420340153
Nutrela Organic Masoor Dal 500g,SKU-01398,GST,5,63.48,67.42,169,Pulses,0713,8906999449466
Catch Regular Garam Masala 50g,SKU-01399,GST,5,6.38,8.95,374,Spices,0904,8900281822387
Kurkure Active Chocolate 40g,SKU-01400,GST,18,8.91,9.48,182,Snacks,1806,8908174527353
Ramdev Natural Turmeric Powder 100g,SKU-01401,GST,5,9.54,10.05,49,Spices,0904,8902918285181
Lizol Pro Detergent Powder 500g,SKU-01402,GST,18,103.29,148.72,182,Household Care,3402,8909046100792
Aashirvaad Maida 1kg,SKU-01403,GST,5,51.72,55.42,70,Flours,1101,8908382710123
Nestle Extra Butter 100g,SKU-01404,GST,12,5.29,7.47,489,Dairy,0405,8908507665344
Tata Pro Salt 1kg,SKU-01405,Exempt,0,33.66,48.52,219,Condiments,2501,8903460191530
Sundrop Fresh Groundnut Oil 15L,SKU-01406,GST,5,1521.02,1785.15,437,Cooking Oils,1507,8902435861768
Gowardhan Regular Cheese 400g,SKU-01407,GST,12,182.93,201.31,239,Dairy,0406,8902670866656
Gowardhan Gold Ghee 1L,SKU-01408,GST,12,876.02,1137.56,231,Dairy,0405,8906878494771
Pears Classic Shampoo 650ml,SKU-01409,GST,18,210.45,251.41,23,Personal Care,3305,8906184897422
Rajdhani Fresh Besan 1kg,SKU-01410,GST,5,72.69,85.26,219,Flours,1101,8906821215649
Dhara Organic Mustard Oil 5L,SKU-01411,GST,5,895.32,1001.71,209,Cooking Oils,1507,8904411197388
Gowardhan Milk 500ml,SKU-01412,Exempt,0,26.31,30.0,351,Dairy,0401,8909488218849
Everest Turmeric Powder 200g,SKU-01413,GST,5,6.16,8.38,182,Spices,0904,8901102125434
Milk 500ml,SKU-01414,Exempt,0,40.67,43.53,317,Dairy,0401,8908603721860
Apple Loose,SKU-01415,Exempt,0,179.95,203.46,309,Fresh Produce,0801,8907899901140
Tomato 1kg,SKU-01416,Exempt,0,63.78,73.11,389,Fresh Produce,0701,8907197860162
Fortune Mustard Oil 15L,SKU-01417,GST,5,661.39,848.39,150,Cooking Oils,1507,8907855011375
Rajdhani Regular Maida 500g,SKU-01418,GST,5,17.94,25.46,290,Flours,1101,8908780727903
Catch Regular Tomato Ketchup 1kg,SKU-01419,GST,12,140.33,178.36,267,Condiments,2103,8901972239964
Coca Cola Tea 250g,SKU-01420,GST,5,57.36,68.0,121,Beverages,0902,8900768102480
Colin Extra Detergent Powder 1kg,SKU-01421,GST,18,145.45,209.17,21,Household Care,3402,8900244323622
Nestle Classic Curd 1kg,SKU-01422,GST,5,47.05,56.64,347,Dairy,0403,8906857467067
Comfort Gold Detergent Powder 1kg,SKU-01423,GST,18,141.67,187.86,130,Household Care,3402,8909521501642
Salt 500g,SKU-01424,Exempt,0,10.09,10.78,486,Condiments,2501,8908424319839
Milky Mist Select Butter 500g,SKU-01425,GST,12,34.48,39.24,10,Dairy,0405,8904169105302
Britannia Paneer 200g,SKU-01426,GST,5,24.48,29.28,418,Dairy,0406,8908646339534
Bikano Premium Biscuits 50g,SKU-01427,GST,18,13.2,18.51,146,Snacks,1905,8907642789615
Nescafe Special Tea 1kg,SKU-01428,GST,5,263.26,356.97,447,Beverages,0902,8901281775123
Bingo Potato Chips 150g,SKU-01429,GST,12,8.41,9.7,197,Snacks,2106,8900972360244
Patanjali Red Chilli Powder 200g,SKU-01430,GST,5,13.57,16.79,23,Spices,0904,8905171073087
Britannia Organic Curd 400g,SKU-01431,GST,5,45.91,57.03,333,Dairy,0403,8903703175438
Potato 5kg,SKU-01432,Exempt,0,153.93,213.38,262,Fresh Produce,0701,8905726029254
Smith & Jones Sugar 1kg,SKU-01433,GST,5,40.7,51.14,158,Condiments,1701,8900766420763
Local Fresh Ghee 500ml,SKU-01434,GST,12,477.78,541.47,285,Dairy,0405,8906762592386
Coca Cola Fruit Juice 200ml,SKU-01435,GST,12,42.14,55.95,413,Beverages,2009,8904886932055
Patanjali Extra Besan 500g,SKU-01436,GST,5,60.33,79.93,488,Flours,1101,8909273961597
Ramdev Special Red Chilli Powder 100g,SKU-01437,GST,5,11.56,13.63,235,Spices,0904,8900789775542
MDH Premium Red Chilli Powder 500g,SKU-01438,GST,5,18.58,25.32,137,Spices,0904,8902273627320
Tide Active Floor Cleaner 500ml,SKU-01439,GST,18,67.67,73.93,43,Household Care,3402,8907576917162
Apple Loose,SKU-01440,Exempt,0,110.91,129.27,433,Fresh Produce,0801,8908698305216
Haldiram's Pro Potato Chips 30g,SKU-01441,GST,12,13.98,18.86,497,Snacks,2106,8909801426471
Apple Box,SKU-01442,Exempt,0,165.52,203.63,457,Fresh Produce,0801,8900316370500
Patanjali Fresh Chana Dal 500g,SKU-01443,GST,5,44.71,61.88,98,Pulses,0713,8904469317294
Tata Sampann Garam Masala 50g,SKU-01444,GST,5,7.22,9.21,384,Spices,0904,8906540259985
Nandini Natural Paneer 1kg,SKU-01445,GST,5,67.2,89.4,393,Dairy,0406,8907281291635
Dove Toothpaste 150g,SKU-01446,GST,18,13.3,17.79,236,Personal Care,3306,8906527284539
Bru Extra Coffee 200g,SKU-01447,GST,5,54.43,72.89,263,Beverages,0901,8908640675602
Onion Loose,SKU-01448,Exempt,0,40.64,45.37,400,Fresh Produce,0701,8901543904489
Onion 1kg,SKU-01449,Exempt,0,32.5,36.63,110,Fresh Produce,0701,8902023510255
Fortune Natural Mustard Oil 1L,SKU-01450,GST,5,250.35,291.28,412,Cooking Oils,1507,8900369888439
Fortune Pro Sona Masoori Rice 5kg,SKU-01451,GST,5,294.91,338.71,475,Grains & Cereals,1006,8902962080598
Lifebuoy Active Toothpaste 100g,SKU-01452,GST,18,9.69,13.23,390,Personal Care,3306,8904129075965
Cadbury Classic Instant Noodles 140g,SKU-01453,GST,12,7.43,9.28,106,Snacks,1902,8901774954210
Aashirvaad Gold Salt 1kg,SKU-01454,Exempt,0,26.46,37.33,180,Condiments,2501,8909192267131
Real Tea 250g,SKU-01455,GST,5,52.56,64.09,491,Beverages,0902,8904752864612
Surf Excel Dishwash Liquid 1L,SKU-01456,GST,18,66.6,91.47,122,Household Care,3402,8900099284524
Apple Loose,SKU-01457,Exempt,0,76.91,102.02,445,Fresh Produce,0801,8905505143219
Lux Natural Bathing Soap 150g,SKU-01458,GST,18,5.49,7.63,253,Personal Care,3401,8909724792542
Mother Dairy Ghee 5L,SKU-01459,GST,12,2303.74,3173.3,326,Dairy,0405,8905819204877
Onion 5kg,SKU-01460,Exempt,0,232.2,262.23,111,Fresh Produce,0701,8903299865159
Apple 1kg,SKU-01461,Exempt,0,148.81,195.86,496,Fresh Produce,0801,8906408585883
Lipton Energy Drink 330ml,SKU-01462,GST+Cess,28,162.98,202.28,212,Beverages,2202,8902084672925
Fortune Special Urad Dal 5kg,SKU-01463,GST,5,942.75,1020.11,304,Pulses,0713,8906282225018
Local Pro Basmati Rice 25kg,SKU-01464,GST,5,662.09,957.08,233,Grains & Cereals,1006,8902863942012
Nandini Gold Cheese 400g,SKU-01465,GST,12,121.95,156.02,309,Dairy,0406,8900096627026
Tata Special Sugar 5kg,SKU-01466,GST,5,347.94,372.66,302,Condiments,1701,8905632174003
Bikano Gold Instant Noodles 70g,SKU-01467,GST,12,18.65,21.41,395,Snacks,1902,8903892224711
Lay's Premium Potato Chips 80g,SKU-01468,GST,12,29.29,35.67,15,Snacks,2106,8908277056461
Lizol Detergent Powder 500g,SKU-01469,GST,18,117.03,163.62,205,Household Care,3402,8904385009537
Fortune Basmati Rice 10kg,SKU-01470,GST,5,683.27,943.23,342,Grains & Cereals,1006,8902313361094
Local Chana Dal 500g,SKU-01471,GST,5,50.97,72.66,371,Pulses,0713,8901654413727
Thums Up Tea 500g,SKU-01472,GST,5,151.0,215.99,462,Beverages,0902,8900634942904
MDH Special Red Chilli Powder 200g,SKU-01473,GST,5,14.39,15.69,286,Spices,0904,8907017999324
Tide Pro Dishwash Liquid 250ml,SKU-01474,GST,18,20.31,23.11,162,Household Care,3402,8904417234565
Aashirvaad Sona Masoori Rice 10kg,SKU-01475,GST,5,756.56,1096.24,89,Grains & Cereals,1006,8905485362689
Onion 5kg,SKU-01476,Exempt,0,132.14,161.68,366,Fresh Produce,0701,8904100953855
Red Bull Pro Tea 500g,SKU-01477,GST,5,110.07,147.54,125,Beverages,0902,8905990093781
Local Classic Toor Dal 1kg,SKU-01478,GST,5,144.93,201.25,330,Pulses,0713,8906143788443
Tata Tomato Ketchup 1kg,SKU-01479,GST,12,94.87,128.17,436,Condiments,2103,8905646726368
Banana Half Dozen,SKU-01480,Exempt,0,50.86,70.01,387,Fresh Produce,0801,8909900277291
Tomato 1kg,SKU-01481,Exempt,0,58.69,76.88,433,Fresh Produce,0701,8908604356605
Onion 1kg,SKU-01482,Exempt,0,29.81,36.37,265,Fresh Produce,0701,8903306773067
Ariel Active Dishwash Liquid 1L,SKU-01483,GST,18,72.11,81.01,215,Household Care,3402,8907941908788
Patanjali Red Chilli Powder 100g,SKU-01484,GST,5,6.45,8.52,418,Spices,0904,8900673963428
Odonil Dishwash Liquid 1L,SKU-01485,GST,18,142.89,151.41,437,Household Care,3402,8905504922170
Local Toor Dal 5kg,SKU-01486,GST,5,1035.88,1404.59,284,Pulses,0713,8906706632016
Amul Fresh Cheese 400g,SKU-01487,GST,12,208.54,267.37,95,Dairy,0406,8908919827182
Patanjali Natural Turmeric Powder 100g,SKU-01488,GST,5,9.58,13.56,8,Spices,0904,8908649426942
Potato 1kg,SKU-01489,Exempt,0,28.84,33.02,172,Fresh Produce,0701,8904901459967
Potato 1kg,SKU-01490,Exempt,0,27.57,37.99,229,Fresh Produce,0701,8903054982438
Red Bull Natural Fruit Juice 1L,SKU-01491,GST,12,159.29,211.69,405,Beverages,2009,8901781678066
Sunsilk Natural Toothpaste 200g,SKU-01492,GST,18,18.07,21.46,335,Personal Care,3306,8908901649281
Fortune Sunflower Oil 1L,SKU-01493,GST,5,186.26,204.1,32,Cooking Oils,1507,8909264070308
Pepsodent Bathing Soap 75g,SKU-01494,GST,18,49.16,68.65,444,Personal Care,3401,8901726282968
Patanjali Basmati Rice 10kg,SKU-01495,GST,5,905.34,1293.38,343,Grains & Cereals,1006,8900728895927
Sunsilk Gold Bathing Soap 75g,SKU-01496,GST,18,40.63,42.7,484,Personal Care,3401,8909196127662
Tomato 500g,SKU-01497,Exempt,0,35.74,40.96,66,Fresh Produce,0701,8907026344435
Britannia Pro Chocolate 250g,SKU-01498,GST,18,17.58,20.81,272,Snacks,1806,8907012042425
Samrat Premium Atta (Wheat Flour) 10kg,SKU-01499,GST,5,510.77,728.11,84,Flours,1101,8903753028497
Tata Sugar 1kg,SKU-01500,GST,5,63.63,78.24,72,Condiments,1701,8904365240553
Lizol Dishwash Liquid 500ml,SKU-01501,GST,18,67.29,89.49,422,Household Care,3402,8907540364882
Britannia Curd 1kg,SKU-01502,GST,5,53.94,62.0,194,Dairy,0403,8904662323606
Ching's Select Sugar 5kg,SKU-01503,GST,5,290.27,319.8,302,Condiments,1701,8904972204298
Salt 1kg,SKU-01504,Exempt,0,14.24,17.33,42,Condiments,2501,8907996235699
Nestle Chocolate 40g,SKU-01505,GST,18,8.21,10.44,249,Snacks,1806,8906887779256
Tomato Loose,SKU-01506,Exempt,0,39.21,43.88,272,Fresh Produce,0701,8904931539839
Gowardhan Premium Milk 1L,SKU-01507,Exempt,0,36.61,51.57,153,Dairy,0401,8904076291430
Local Gold Chana Dal 5kg,SKU-01508,GST,5,405.86,445.34,109,Pulses,0713,8908975287209
Sunfeast Special Instant Noodles 560g,SKU-01509,GST,12,22.63,27.24,86,Snacks,1902,8902405920823
Gemini Sunflower Oil 1L,SKU-01510,GST,5,215.12,262.71,487,Cooking Oils,1507,8901948962980
Head & Shoulders Toothpaste 150g,SKU-01511,GST,18,5.04,6.25,191,Personal Care,3306,8903079661869
Sundrop Select Sunflower Oil 1L,SKU-01512,GST,5,196.14,206.47,131,Cooking Oils,1507,8904741253137
Himalaya Shampoo 340ml,SKU-01513,GST,18,120.99,129.55,255,Personal Care,3305,8907321750361
Nestle Classic Namkeen/Bhujia 200g,SKU-01514,GST,12,17.23,20.39,323,Snacks,2106,8909919387337
Onion 2kg,SKU-01515,Exempt,0,47.74,66.39,163,Fresh Produce,0701,8904748904760
Tata Sampann Natural Garam Masala 50g,SKU-01516,GST,5,5.66,8.14,7,Spices,0904,8907651917085
Local Milk 500ml,SKU-01517,Exempt,0,37.19,40.22,185,Dairy,0401,8906340918580
Patanjali Gold Mustard Oil 15L,SKU-01518,GST,5,1009.22,1385.76,169,Cooking Oils,1507,8907449653916
Apple 1kg,SKU-01519,Exempt,0,75.56,79.68,130,Fresh Produce,0801,8900454184039
Colin Pro Floor Cleaner 500ml,SKU-01520,GST,18,43.43,54.98,353,Household Care,3402,8903966203858
Britannia Organic Biscuits 200g,SKU-01521,GST,18,10.43,13.84,15,Snacks,1905,8907880265295
Milk 1L,SKU-01522,Exempt,0,82.68,110.7,180,Dairy,0401,8906230397440
Pepsi Fruit Juice 200ml,SKU-01523,GST,12,30.9,38.69,499,Beverages,2009,8909870920199
Milky Mist Gold Milk 500ml,SKU-01524,Exempt,0,25.29,35.22,79,Dairy,0401,8906611584858
Apple Loose,SKU-01525,Exempt,0,96.51,126.74,62,Fresh Produce,0801,8909604722053
Parle Premium Chocolate 250g,SKU-01526,GST,18,15.3,21.89,191,Snacks,1806,8904470823171
24 Mantra Gold Chana Dal 5kg,SKU-01527,GST,5,693.43,886.84,378,Pulses,0713,8903946766262
Rajdhani Premium Besan 1kg,SKU-01528,GST,5,76.97,110.87,75,Flours,1101,8906184025787
Tomato 1kg,SKU-01529,Exempt,0,45.66,53.98,421,Fresh Produce,0701,8900630663605
Onion Loose,SKU-01530,Exempt,0,29.78,31.36,284,Fresh Produce,0701,8909103909120
Aashirvaad Extra Besan 500g,SKU-01531,GST,5,32.68,42.27,178,Flours,1101,8902375979531
Nestle Namkeen/Bhujia 200g,SKU-01532,GST,12,14.92,19.39,278,Snacks,2106,8906027574544
Himalaya Classic Bathing Soap 100g,SKU-01533,GST,18,12.47,17.9,149,Personal Care,3401,8904538118081
Colin Floor Cleaner 2L,SKU-01534,GST,18,108.26,128.85,113,Household Care,3402,8904456622952
Local Curd 1kg,SKU-01535,GST,5,22.73,30.23,199,Dairy,0403,8900361624860
Everest Garam Masala 100g,SKU-01536,GST,5,8.91,9.91,220,Spices,0904,8906023515850
Banana Dozen,SKU-01537,Exempt,0,30.99,35.4,376,Fresh Produce,0801,8901671560587
Haldiram's Active Namkeen/Bhujia 400g,SKU-01538,GST,12,71.77,84.03,112,Snacks,2106,8903954794064
Gemini Special Groundnut Oil 1L,SKU-01539,GST,5,263.49,380.74,244,Cooking Oils,1507,8909057191898
Smith & Jones Sugar 5kg,SKU-01540,GST,5,289.18,353.34,203,Condiments,1701,8901833597487
Tata Sugar 5kg,SKU-01541,GST,5,162.88,183.13,129,Condiments,1701,8907718430192
Amul Extra Cheese 1kg,SKU-01542,GST,12,141.09,161.8,102,Dairy,0406,8902973239644
Onion 1kg,SKU-01543,Exempt,0,28.92,32.26,207,Fresh Produce,0701,8907699242773
Balaji Instant Noodles 140g,SKU-01544,GST,12,11.52,12.31,127,Snacks,1902,8902091401693
Pillsbury Select Maida 1kg,SKU-01545,GST,5,38.35,55.02,258,Flours,1101,8901998290755
Britannia Active Milk 1L,SKU-01546,Exempt,0,84.32,90.48,479,Dairy,0401,8907569991383
Amul Curd 200g,SKU-01547,GST,5,11.76,16.98,114,Dairy,0403,8902262277773
Fortune Atta (Wheat Flour) 5kg,SKU-01548,GST,5,282.21,300.13,208,Flours,1101,8906470703850
Samrat Special Besan 500g,SKU-01549,GST,5,52.97,59.21,262,Flours,1101,8904241074027
Tata Sampann Moong Dal 5kg,SKU-01550,GST,5,703.05,951.54,264,Pulses,0713,8902676259062
Tomato Loose,SKU-01551,Exempt,0,36.4,45.62,187,Fresh Produce,0701,8906461497459
Thums Up Fresh Coffee 200g,SKU-01552,GST,5,61.12,86.8,305,Beverages,0901,8909798491498
Everest Special Red Chilli Powder 500g,SKU-01553,GST,5,30.71,32.42,149,Spices,0904,8909326643223
Kurkure Regular Potato Chips 80g,SKU-01554,GST,12,16.88,18.78,285,Snacks,2106,8909811594853
Tata Sampann Gold Toor Dal 500g,SKU-01555,GST,5,69.35,85.31,384,Pulses,0713,8902239847422
Emami Sunflower Oil 15L,SKU-01556,GST,5,876.2,1163.97,37,Cooking Oils,1507,8908882237887
Apple Box,SKU-01557,Exempt,0,176.98,206.37,203,Fresh Produce,0801,8908061349564
Maggi Premium Tomato Ketchup 1kg,SKU-01558,GST,12,183.4,216.38,224,Condiments,2103,8907949638309
Catch Garam Masala 50g,SKU-01559,GST,5,5.51,6.98,298,Spices,0904,8902616620165
Patanjali Mustard Oil 15L,SKU-01560,GST,5,976.3,1183.8,147,Cooking Oils,1507,8905786555751
Patanjali Basmati Rice 25kg,SKU-01561,GST,5,432.89,455.72,202,Grains & Cereals,1006,8908758682405
Banana Half Dozen,SKU-01562,Exempt,0,39.24,42.87,94,Fresh Produce,0801,8904441899740
Nandini Ghee 500ml,SKU-01563,GST,12,315.48,398.69,223,Dairy,0405,8900835701703
Suhana Select Turmeric Powder 100g,SKU-01564,GST,5,7.68,10.88,267,Spices,0904,8906020508983
Potato Loose,SKU-01565,Exempt,0,19.92,25.52,303,Fresh Produce,0701,8906197979724
Dhara Organic Sunflower Oil 15L,SKU-01566,GST,5,472.59,564.76,317,Cooking Oils,1507,8904804507356
Harpic Dishwash Liquid 500ml,SKU-01567,GST,18,77.93,82.27,169,Household Care,3402,8907394059802
Pantene Pro Shampoo 180ml,SKU-01568,GST,18,223.34,256.93,80,Personal Care,3305,8900315892584
Haldiram's Fresh Instant Noodles 560g,SKU-01569,GST,12,22.8,25.34,121,Snacks,1902,8901977748675
Bingo Select Instant Noodles 70g,SKU-01570,GST,12,10.83,15.27,382,Snacks,1902,8904823088295
Pepsodent Toothpaste 150g,SKU-01571,GST,18,7.76,9.92,86,Personal Care,3306,8903326058694
Local Cheese 400g,SKU-01572,GST,12,122.61,154.06,55,Dairy,0406,8907306629315
Mother Dairy Select Milk 500ml,SKU-01573,Exempt,0,42.81,60.13,426,Dairy,0401,8905594698906
Nandini Ghee 500ml,SKU-01574,GST,12,411.79,468.63,247,Dairy,0405,8901798902237
Odonil Classic Detergent Powder 500g,SKU-01575,GST,18,97.63,133.62,224,Household Care,3402,8905487084779
Local Gold Masoor Dal 1kg,SKU-01576,GST,5,138.98,170.68,259,Pulses,0713,8905539818890
Suhana Garam Masala 100g,SKU-01577,GST,5,10.83,12.76,313,Spices,0904,8900894589626
Lay's Organic Biscuits 200g,SKU-01578,GST,18,9.79,12.02,110,Snacks,1905,8908020761239
Catch Regular Sugar 1kg,SKU-01579,GST,5,77.81,106.17,313,Condiments,1701,8900518812988
Pantene Regular Toothpaste 200g,SKU-01580,GST,18,15.77,17.4,418,Personal Care,3306,8900706690107
Balaji Potato Chips 30g,SKU-01581,GST,12,10.89,12.06,288,Snacks,2106,8909334864970
Rajdhani Besan 500g,SKU-01582,GST,5,47.74,58.92,319,Flours,1101,8906833557077
Fortune Fresh Besan 500g,SKU-01583,GST,5,31.19,36.86,328,Flours,1101,8900570521879
Nestle Natural Chocolate 250g,SKU-01584,GST,18,15.85,21.15,148,Snacks,1806,8904045883114
Banana Half Dozen,SKU-01585,Exempt,0,56.66,75.39,390,Fresh Produce,0801,8902350368715
Pantene Gold Bathing Soap Pack of 4,SKU-01586,GST,18,53.13,68.17,229,Personal Care,3401,8907978023445
Ramdev Red Chilli Powder 200g,SKU-01587,GST,5,15.52,19.86,155,Spices,0904,8900366401632
Bingo Fresh Instant Noodles 560g,SKU-01588,GST,12,21.48,26.9,111,Snacks,1902,8901597572927
Fortune Maida 1kg,SKU-01589,GST,5,69.81,79.12,24,Flours,1101,8902915854233
Patanjali Basmati Rice 1kg,SKU-01590,GST,5,147.6,198.46,40,Grains & Cereals,1006,8908548396607
Patanjali Atta (Wheat Flour) 5kg,SKU-01591,GST,5,313.19,417.67,204,Flours,1101,8902159584174
Bikano Gold Instant Noodles 560g,SKU-01592,GST,12,16.61,19.68,490,Snacks,1902,8902218169814
Nandini Organic Paneer 500g,SKU-01593,GST,5,63.11,76.02,460,Dairy,0406,8900948377402
Balaji Potato Chips 150g,SKU-01594,GST,12,11.37,13.04,108,Snacks,2106,8900265099621
Lay's Biscuits 100g,SKU-01595,GST,18,6.23,8.4,217,Snacks,1905,8906610256342
Onion 1kg,SKU-01596,Exempt,0,43.44,62.62,142,Fresh Produce,0701,8909980137683
Mother's Recipe Premium Turmeric Powder 200g,SKU-01597,GST,5,5.02,7.01,319,Spices,0904,8901524461440
Balaji Natural Instant Noodles 140g,SKU-01598,GST,12,8.5,10.48,440,Snacks,1902,8906564260186
Local Besan 500g,SKU-01599,GST,5,36.19,46.22,405,Flours,1101,8905695592277
Maggi Classic Salt 1kg,SKU-01600,Exempt,0,14.58,20.72,500,Condiments,2501,8908502551344
Vim Detergent Powder 4kg,SKU-01601,GST,18,147.51,165.54,471,Household Care,3402,8908390473314
Nature Fresh Gold Groundnut Oil 5L,SKU-01602,GST,5,960.05,1193.23,302,Cooking Oils,1507,8903251149788
Kissan Gold Tomato Ketchup 500g,SKU-01603,GST,12,55.93,74.12,153,Condiments,2103,8900954377661
Nescafe Fruit Juice 200ml,SKU-01604,GST,12,39.62,49.56,35,Beverages,2009,8901873143915
Milk 1L,SKU-01605,Exempt,0,64.42,72.04,58,Dairy,0401,8900781871096
Pepsodent Bathing Soap 150g,SKU-01606,GST,18,8.31,10.24,32,Personal Care,3401,8906802693315
Fortune Fresh Toor Dal 5kg,SKU-01607,GST,5,479.45,509.8,99,Pulses,0713,8903028655052
Milky Mist Regular Cheese 1kg,SKU-01608,GST,12,96.65,131.96,18,Dairy,0406,8906670151459
Balaji Regular Namkeen/Bhujia 200g,SKU-01609,GST,12,35.63,43.14,462,Snacks,2106,8903382222400
Fortune Active Masoor Dal 5kg,SKU-01610,GST,5,433.25,485.43,195,Pulses,0713,8906201901134
Bru Natural Energy Drink 250ml,SKU-01611,GST+Cess,28,36.67,41.33,333,Beverages,2202,8902528613239
Rajdhani Select Toor Dal 1kg,SKU-01612,GST,5,149.32,169.72,100,Pulses,0713,8908644976024
Sunfeast Potato Chips 80g,SKU-01613,GST,12,18.25,20.43,32,Snacks,2106,8909536773498
Garnier Pro Bathing Soap 150g,SKU-01614,GST,18,13.3,15.86,432,Personal Care,3401,8901526655914
Tropicana Extra Coffee 50g,SKU-01615,GST,5,28.19,39.44,266,Beverages,0901,8900966414753
Samrat Pro Besan 1kg,SKU-01616,GST,5,71.22,87.36,490,Flours,1101,8904665353896
Britannia Natural Butter 500g,SKU-01617,GST,12,23.91,27.04,471,Dairy,0405,8906792415712
Colgate Toothpaste 200g,SKU-01618,GST,18,21.82,29.41,285,Personal Care,3306,8903543468586
Aashirvaad Regular Besan 1kg,SKU-01619,GST,5,79.28,100.32,156,Flours,1101,8909793998161
Gemini Mustard Oil 15L,SKU-01620,GST,5,531.98,642.34,405,Cooking Oils,1507,8908371030737
Nestle Butter 100g,SKU-01621,GST,12,8.76,11.91,400,Dairy,0405,8900148967808
Nestle Organic Butter 500g,SKU-01622,GST,12,36.61,40.17,67,Dairy,0405,8904639476254
Gowardhan Select Ghee 1L,SKU-01623,GST,12,539.46,653.92,474,Dairy,0405,8903917299403
Maggi Regular Sugar 1kg,SKU-01624,GST,5,40.49,49.21,471,Condiments,1701,8906497196706
Colin Fresh Detergent Powder 500g,SKU-01625,GST,18,70.06,90.38,21,Household Care,3402,8901612590163
Cadbury Classic Namkeen/Bhujia 400g,SKU-01626,GST,12,123.0,133.15,120,Snacks,2106,8903443767348
Milky Mist Paneer 200g,SKU-01627,GST,5,31.54,36.46,377,Dairy,0406,8900167930148
Mother Dairy Gold Milk 1L,SKU-01628,Exempt,0,77.44,82.79,164,Dairy,0401,8902028866168
Onion Loose,SKU-01629,Exempt,0,30.64,33.67,437,Fresh Produce,0701,8903485484203
Fortune Masoor Dal 500g,SKU-01630,GST,5,42.21,52.39,348,Pulses,0713,8901791386015
Brooke Bond Gold Tea 1kg,SKU-01631,GST,5,392.45,430.28,453,Beverages,0902,8902194024702
Pepsi Select Cola Drink 300ml,SKU-01632,GST+Cess,28,32.05,35.35,278,Beverages,2202,8907452719367
Real Fruit Juice 1L,SKU-01633,GST,12,102.4,125.08,314,Beverages,2009,8901381074916
Milky Mist Natural Curd 200g,SKU-01634,GST,5,10.54,11.57,150,Dairy,0403,8900131535069
Pantene Pro Shampoo 650ml,SKU-01635,GST,18,169.11,205.06,134,Personal Care,3305,8905525274102
Head & Shoulders Bathing Soap 150g,SKU-01636,GST,18,5.65,7.53,303,Personal Care,3401,8908994885669
Patanjali Natural Chana Dal 5kg,SKU-01637,GST,5,768.65,816.5,59,Pulses,0713,8909567563558
Fortune Chana Dal 500g,SKU-01638,GST,5,69.4,75.27,84,Pulses,0713,8906625650460
Tata Tea Classic Tea 1kg,SKU-01639,GST,5,197.83,275.7,339,Beverages,0902,8904130686240
Colin Regular Dishwash Liquid 500ml,SKU-01640,GST,18,73.24,77.0,331,Household Care,3402,8906689041728
Amul Ghee 1L,SKU-01641,GST,12,442.68,553.62,61,Dairy,0405,8901522328222
Balaji Premium Biscuits 100g,SKU-01642,GST,18,9.71,13.56,274,Snacks,1905,8903599940041
Onion 5kg,SKU-01643,Exempt,0,136.94,192.53,57,Fresh Produce,0701,8901350535722
Pepsodent Active Toothpaste 200g,SKU-01644,GST,18,21.45,22.59,480,Personal Care,3306,8906415780978
Aashirvaad Besan 500g,SKU-01645,GST,5,27.68,29.87,463,Flours,1101,8904194534195
Mother Dairy Organic Butter 500g,SKU-01646,GST,12,27.96,35.57,414,Dairy,0405,8907428021889
Aashirvaad Natural Maida 1kg,SKU-01647,GST,5,68.92,86.09,472,Flours,1101,8908037891213
Himalaya Shampoo 650ml,SKU-01648,GST,18,146.35,207.39,127,Personal Care,3305,8906990558557
Nature Fresh Premium Groundnut Oil 15L,SKU-01649,GST,5,1122.51,1303.57,299,Cooking Oils,1507,8900696904528
Sunfeast Premium Chocolate 100g,SKU-01650,GST,18,6.69,8.97,203,Snacks,1806,8905673374570
Nestle Milk 1L,SKU-01651,Exempt,0,40.13,45.71,344,Dairy,0401,8908149802530
Bru Fruit Juice 200ml,SKU-01652,GST,12,37.38,48.46,87,Beverages,2009,8909644477250
Bru Natural Energy Drink 250ml,SKU-01653,GST+Cess,28,41.75,58.88,94,Beverages,2202,8903480041724
Britannia Natural Curd 400g,SKU-01654,GST,5,52.1,63.01,60,Dairy,0403,8905855749062
Sprite Premium Coffee 100g,SKU-01655,GST,5,31.62,35.28,236,Beverages,0901,8900333295945
Fortune Special Basmati Rice 1kg,SKU-01656,GST,5,126.36,179.26,76,Grains & Cereals,1006,8908630402966
Kohinoor Pro Basmati Rice 25kg,SKU-01657,GST,5,349.54,408.33,85,Grains & Cereals,1006,8909220416782
Britannia Natural Curd 1kg,SKU-01658,GST,5,40.48,57.07,200,Dairy,0403,8909370632503
Nandini Pro Curd 1kg,SKU-01659,GST,5,37.5,43.91,404,Dairy,0403,8905022061901
Lay's Natural Namkeen/Bhujia 1kg,SKU-01660,GST,12,74.62,96.83,255,Snacks,2106,8909719000029
Head & Shoulders Regular Toothpaste 150g,SKU-01661,GST,18,6.84,8.11,371,Personal Care,3306,8904718559407
Cadbury Natural Potato Chips 30g,SKU-01662,GST,12,12.94,15.37,416,Snacks,2106,8903231677814
Emami Sunflower Oil 5L,SKU-01663,GST,5,868.21,1202.6,232,Cooking Oils,1507,8900194539117
Tropicana Coffee 100g,SKU-01664,GST,5,38.66,45.92,342,Beverages,0901,8907612092815
Pepsi Tea 250g,SKU-01665,GST,5,89.27,122.2,324,Beverages,0902,8900223116787
Potato 5kg,SKU-01666,Exempt,0,88.79,101.97,82,Fresh Produce,0701,8903718592126
Pepsodent Bathing Soap 150g,SKU-01667,GST,18,7.21,9.01,47,Personal Care,3401,8904294300037
Gemini Sunflower Oil 15L,SKU-01668,GST,5,760.93,1011.09,452,Cooking Oils,1507,8903132465986
Salt 1kg,SKU-01669,Exempt,0,29.7,32.41,342,Condiments,2501,8908376591538
Amul Regular Butter 100g,SKU-01670,GST,12,9.34,12.3,20,Dairy,0405,8906526642673
Saffola Groundnut Oil 1L,SKU-01671,GST,5,162.25,188.51,487,Cooking Oils,1507,8905337565697
Ramdev Turmeric Powder 500g,SKU-01672,GST,5,17.36,22.32,86,Spices,0904,8902494510462
Tata Sampann Active Masoor Dal 1kg,SKU-01673,GST,5,176.78,215.23,201,Pulses,0713,8908512062767
Fortune Premium Basmati Rice 10kg,SKU-01674,GST,5,1175.86,1509.48,115,Grains & Cereals,1006,8904421291465
Tomato Loose,SKU-01675,Exempt,0,40.88,50.99,286,Fresh Produce,0701,8900457972518
Local Classic Chana Dal 5kg,SKU-01676,GST,5,520.5,588.92,337,Pulses,0713,8909821478233
Catch Organic Garam Masala 50g,SKU-01677,GST,5,12.18,14.71,209,Spices,0904,8907063632863
Tomato Loose,SKU-01678,Exempt,0,66.86,92.28,18,Fresh Produce,0701,8900848426483
Nature Fresh Atta (Wheat Flour) 5kg,SKU-01679,GST,5,277.11,333.2,489,Flours,1101,8908289671360
Nature Fresh Select Sunflower Oil 15L,SKU-01680,GST,5,967.52,1355.19,311,Cooking Oils,1507,8902085649013
Milky Mist Extra Ghee 5L,SKU-01681,GST,12,3695.9,4019.04,293,Dairy,0405,8903500115461
Real Classic Tea 1kg,SKU-01682,GST,5,323.75,346.26,492,Beverages,0902,8908890441040
Fortune Extra Moong Dal 500g,SKU-01683,GST,5,75.65,106.47,179,Pulses,0713,8901353814837
24 Mantra Extra Urad Dal 1kg,SKU-01684,GST,5,163.31,184.35,324,Pulses,0713,8900168564717
Ramdev Gold Garam Masala 50g,SKU-01685,GST,5,11.08,12.32,241,Spices,0904,8901698837161
Britannia Paneer 1kg,SKU-01686,GST,5,93.34,127.83,221,Dairy,0406,8901199767598
Fortune Sona Masoori Rice 5kg,SKU-01687,GST,5,222.41,310.91,373,Grains & Cereals,1006,8905058353458
Banana Half Dozen,SKU-01688,Exempt,0,47.35,52.56,194,Fresh Produce,0801,8903533998242
Smith & Jones Salt 500g,SKU-01689,Exempt,0,18.66,24.82,176,Condiments,2501,8908015846687
Lay's Fresh Chocolate 40g,SKU-01690,GST,18,12.89,15.29,85,Snacks,1806,8907276698345
Banana Dozen,SKU-01691,Exempt,0,42.08,58.91,194,Fresh Produce,0801,8904613087308
Parle Premium Namkeen/Bhujia 200g,SKU-01692,GST,12,28.06,38.06,119,Snacks,2106,8908277771184
Britannia Butter 100g,SKU-01693,GST,12,8.51,12.07,106,Dairy,0405,8900900712102
Vim Fresh Floor Cleaner 500ml,SKU-01694,GST,18,56.36,65.72,115,Household Care,3402,8900577719619
Nestle Regular Potato Chips 80g,SKU-01695,GST,12,22.28,29.72,227,Snacks,2106,8905667640996
Nescafe Select Cola Drink 600ml,SKU-01696,GST+Cess,28,62.28,65.79,319,Beverages,2202,8905224265379
Daawat Gold Sona Masoori Rice 5kg,SKU-01697,GST,5,385.17,521.56,129,Grains & Cereals,1006,8909070547360
Britannia Regular Curd 400g,SKU-01698,GST,5,23.73,33.88,24,Dairy,0403,8901016260080
Nestle Butter 200g,SKU-01699,GST,12,16.61,18.83,138,Dairy,0405,8907597833548
Red Bull Extra Fruit Juice 200ml,SKU-01700,GST,12,31.03,33.69,100,Beverages,2009,8901496791463
Colin Floor Cleaner 1L,SKU-01701,GST,18,163.84,216.52,127,Household Care,3402,8902031726652
Lipton Cola Drink 1.25L,SKU-01702,GST+Cess,28,248.18,286.78,460,Beverages,2202,8909272400020
Tropicana Gold Energy Drink 250ml,SKU-01703,GST+Cess,28,28.45,38.37,409,Beverages,2202,8900519085432
Brooke Bond Fresh Coffee 100g,SKU-01704,GST,5,54.09,75.81,361,Beverages,0901,8903356369301
Apple Box,SKU-01705,Exempt,0,134.83,169.96,309,Fresh Produce,0801,8909318781048
Onion 1kg,SKU-01706,Exempt,0,44.07,51.19,176,Fresh Produce,0701,8908929093043
Colgate Bathing Soap Pack of 3,SKU-01707,GST,18,27.91,37.91,206,Personal Care,3401,8902808122681
Nature Fresh Organic Mustard Oil 5L,SKU-01708,GST,5,1038.92,1442.77,451,Cooking Oils,1507,8905311058330
Britannia Fresh Instant Noodles 560g,SKU-01709,GST,12,19.11,24.8,153,Snacks,1902,8902189142693
Tropicana Extra Tea 1kg,SKU-01710,GST,5,353.1,477.74,58,Beverages,0902,8906767187762
Pepsodent Fresh Shampoo 650ml,SKU-01711,GST,18,172.51,197.43,283,Personal Care,3305,8908501627629
Gowardhan Cheese 400g,SKU-01712,GST,12,141.42,177.61,358,Dairy,0406,8908093761652
India Gate Select Basmati Rice 25kg,SKU-01713,GST,5,578.39,663.26,167,Grains & Cereals,1006,8909812559777
Nestle Ghee 1L,SKU-01714,GST,12,559.1,592.63,434,Dairy,0405,8903858050141
MDH Special Garam Masala 100g,SKU-01715,GST,5,6.65,8.53,297,Spices,0904,8901295651887
Mother Dairy Milk 1L,SKU-01716,Exempt,0,58.57,62.81,338,Dairy,0401,8905009244928
Mother's Recipe Garam Masala 100g,SKU-01717,GST,5,9.67,12.58,333,Spices,0904,8900293011250
Banana Dozen,SKU-01718,Exempt,0,40.11,51.29,16,Fresh Produce,0801,8906952223369
Fortune Atta (Wheat Flour) 10kg,SKU-01719,GST,5,272.55,304.51,26,Flours,1101,8900730242662
Local Toor Dal 5kg,SKU-01720,GST,5,739.08,914.85,410,Pulses,0713,8904057144695
Mother's Recipe Classic Turmeric Powder 200g,SKU-01721,GST,5,9.33,11.82,257,Spices,0904,8903544534514
Smith & Jones Extra Salt 1kg,SKU-01722,Exempt,0,34.4,43.19,346,Condiments,2501,8904834835862
Mother's Recipe Turmeric Powder 100g,SKU-01723,GST,5,5.33,7.37,270,Spices,0904,8905320775870
Sprite Natural Fruit Juice 1L,SKU-01724,GST,12,87.5,122.81,214,Beverages,2009,8909834436958
Onion Loose,SKU-01725,Exempt,0,31.53,33.86,374,Fresh Produce,0701,8900928467200
Patanjali Pro Tomato Ketchup 1kg,SKU-01726,GST,12,205.15,277.62,393,Condiments,2103,8903907737295
Local Premium Moong Dal 1kg,SKU-01727,GST,5,115.9,164.6,37,Pulses,0713,8906258515020
Rajdhani Pro Urad Dal 500g,SKU-01728,GST,5,125.51,136.52,112,Pulses,0713,8905312794337
Bingo Gold Instant Noodles 140g,SKU-01729,GST,12,12.25,13.36,77,Snacks,1902,8903590426527
Fortune Toor Dal 5kg,SKU-01730,GST,5,1091.69,1312.34,98,Pulses,0713,8905108573838
Comfort Extra Floor Cleaner 1L,SKU-01731,GST,18,102.18,146.3,137,Household Care,3402,8906091935117
Sunsilk Extra Shampoo 340ml,SKU-01732,GST,18,156.59,207.28,357,Personal Care,3305,8907062728167
Fortune Organic Sona Masoori Rice 25kg,SKU-01733,GST,5,323.65,468.99,76,Grains & Cereals,1006,8901575626412
Everest Organic Red Chilli Powder 500g,SKU-01734,GST,5,24.61,30.87,406,Spices,0904,8907620990693
Milk 500ml,SKU-01735,Exempt,0,47.98,58.74,257,Dairy,0401,8900450599822
Lizol Natural Detergent Powder 1kg,SKU-01736,GST,18,173.32,188.92,93,Household Care,3402,8903438880485
Milky Mist Active Milk 500ml,SKU-01737,Exempt,0,30.42,41.87,210,Dairy,0401,8904502823134
Local Extra Butter 200g,SKU-01738,GST,12,14.82,18.33,315,Dairy,0405,8909115490443
Nandini Milk 500ml,SKU-01739,Exempt,0,45.96,55.11,473,Dairy,0401,8901029771150
Catch Regular Turmeric Powder 500g,SKU-01740,GST,5,23.97,34.14,314,Spices,0904,8902651732816
Mother Dairy Classic Ghee 5L,SKU-01741,GST,12,3610.25,4497.18,424,Dairy,0405,8909221983691
24 Mantra Masoor Dal 500g,SKU-01742,GST,5,64.83,80.62,400,Pulses,0713,8900529877074
Saffola Fresh Mustard Oil 5L,SKU-01743,GST,5,512.15,593.92,31,Cooking Oils,1507,8900202683878
Haldiram's Select Instant Noodles 140g,SKU-01744,GST,12,13.8,15.43,166,Snacks,1902,8908676030409
Patanjali Atta (Wheat Flour) 5kg,SKU-01745,GST,5,277.89,324.86,40,Flours,1101,8908236881013
Nestle Biscuits 50g,SKU-01746,GST,18,5.48,7.4,56,Snacks,1905,8903346018422
Tomato Loose,SKU-01747,Exempt,0,56.93,63.63,412,Fresh Produce,0701,8903208316816
Samrat Natural Maida 500g,SKU-01748,GST,5,31.96,42.21,353,Flours,1101,8901736907894
Colgate Toothpaste 150g,SKU-01749,GST,18,5.43,6.47,46,Personal Care,3306,8904107071634
Bingo Biscuits 50g,SKU-01750,GST,18,8.21,9.21,239,Snacks,1905,8900851191944
Nature Fresh Groundnut Oil 5L,SKU-01751,GST,5,1180.27,1306.21,207,Cooking Oils,1507,8905561927671
Local Regular Besan 1kg,SKU-01752,GST,5,101.98,134.64,261,Flours,1101,8906263956126
Ching's Extra Salt 500g,SKU-01753,Exempt,0,12.1,13.71,55,Condiments,2501,8903887402234
Pantene Select Shampoo 180ml,SKU-01754,GST,18,154.02,185.81,200,Personal Care,3305,8902763304117
MDH Select Turmeric Powder 500g,SKU-01755,GST,5,12.26,16.16,196,Spices,0904,8902483196863
Ramdev Premium Turmeric Powder 200g,SKU-01756,GST,5,10.16,12.25,198,Spices,0904,8908969870368
Lay's Premium Biscuits 50g,SKU-01757,GST,18,7.2,9.53,476,Snacks,1905,8903631592291
Garnier Shampoo 180ml,SKU-01758,GST,18,259.28,312.0,311,Personal Care,3305,8903410406291
Milk 500ml,SKU-01759,Exempt,0,33.76,42.45,15,Dairy,0401,8901817960757
Sprite Cola Drink 1.25L,SKU-01760,GST+Cess,28,323.3,414.68,234,Beverages,2202,8909905221711
Patanjali Special Moong Dal 1kg,SKU-01761,GST,5,214.4,255.65,382,Pulses,0713,8901898106173
Garnier Bathing Soap 150g,SKU-01762,GST,18,5.95,7.22,429,Personal Care,3401,8901297557261
Ramdev Turmeric Powder 500g,SKU-01763,GST,5,12.92,18.29,264,Spices,0904,8901193899906
Lipton Regular Cola Drink 300ml,SKU-01764,GST+Cess,28,61.6,80.52,11,Beverages,2202,8907167532163
Rin Regular Dishwash Liquid 500ml,SKU-01765,GST,18,69.63,79.85,245,Household Care,3402,8909854900490
Local Extra Besan 500g,SKU-01766,GST,5,58.7,70.36,402,Flours,1101,8905835639981
Local Fresh Ghee 1L,SKU-01767,GST,12,682.07,758.22,471,Dairy,0405,8905517419258
Banana Half Dozen,SKU-01768,Exempt,0,67.51,95.31,59,Fresh Produce,0801,8902360186399
Rajdhani Regular Toor Dal 1kg,SKU-01769,GST,5,225.02,301.38,289,Pulses,0713,8904531563093
Tomato 500g,SKU-01770,Exempt,0,28.02,37.68,401,Fresh Produce,0701,8909096459872
Sunsilk Bathing Soap 75g,SKU-01771,GST,18,62.43,80.82,448,Personal Care,3401,8902177351668
Banana Dozen,SKU-01772,Exempt,0,70.37,87.13,483,Fresh Produce,0801,8906707217340
Tide Active Floor Cleaner 1L,SKU-01773,GST,18,141.55,185.22,381,Household Care,3402,8904198306323
Patanjali Premium Red Chilli Powder 200g,SKU-01774,GST,5,7.03,8.91,337,Spices,0904,8904442484202
Vim Extra Dishwash Liquid 250ml,SKU-01775,GST,18,14.16,18.27,229,Household Care,3402,8906511861564
Tomato Loose,SKU-01776,Exempt,0,49.78,56.1,281,Fresh Produce,0701,8909137054245
Amul Milk 500ml,SKU-01777,Exempt,0,45.27,59.62,425,Dairy,0401,8901035659429
Balaji Pro Potato Chips 30g,SKU-01778,GST,12,8.82,10.61,303,Snacks,2106,8906922953386
Milk 500ml,SKU-01779,Exempt,0,42.92,48.36,351,Dairy,0401,8900934242406
Catch Fresh Red Chilli Powder 500g,SKU-01780,GST,5,19.2,21.63,417,Spices,0904,8904889334375
Nestle Organic Paneer 500g,SKU-01781,GST,5,66.21,82.97,402,Dairy,0406,8905424382692
Bingo Premium Biscuits 100g,SKU-01782,GST,18,7.04,9.7,16,Snacks,1905,8909528895947
Dove Bathing Soap 100g,SKU-01783,GST,18,6.67,8.62,496,Personal Care,3401,8906453591765
Onion 5kg,SKU-01784,Exempt,0,227.93,287.01,7,Fresh Produce,0701,8900995428873
Rajdhani Moong Dal 5kg,SKU-01785,GST,5,825.79,1037.64,227,Pulses,0713,8906798994706
Ariel Premium Dishwash Liquid 500ml,SKU-01786,GST,18,73.01,101.97,226,Household Care,3402,8909014971103
Bru Regular Cola Drink 2L,SKU-01787,GST+Cess,28,42.82,53.19,188,Beverages,2202,8906650518860
Ariel Detergent Powder 1kg,SKU-01788,GST,18,171.41,197.86,459,Household Care,3402,8902343596985
Potato 2kg,SKU-01789,Exempt,0,28.21,38.44,214,Fresh Produce,0701,8909375402428
MDH Red Chilli Powder 200g,SKU-01790,GST,5,11.78,16.61,415,Spices,0904,8907140250385
Harpic Pro Floor Cleaner 1L,SKU-01791,GST,18,153.11,214.33,159,Household Care,3402,8908163849368
Apple Loose,SKU-01792,Exempt,0,126.34,143.81,373,Fresh Produce,0801,8901012789695
Milk 1L,SKU-01793,Exempt,0,82.28,91.25,449,Dairy,0401,8907758670365
Catch Fresh Turmeric Powder 100g,SKU-01794,GST,5,7.16,8.39,149,Spices,0904,8903946896331
Brooke Bond Fresh Energy Drink 250ml,SKU-01795,GST+Cess,28,25.98,31.85,220,Beverages,2202,8901707317445
Ching's Pro Tomato Ketchup 1kg,SKU-01796,GST,12,173.13,243.43,203,Condiments,2103,8903678508989
Coca Cola Coffee 100g,SKU-01797,GST,5,63.46,88.43,318,Beverages,0901,8904434852953
Mother's Recipe Premium Garam Masala 100g,SKU-01798,GST,5,9.5,12.95,248,Spices,0904,8906768740420
Tropicana Extra Tea 500g,SKU-01799,GST,5,108.43,139.73,184,Beverages,0902,8903411573309
Haldiram's Classic Potato Chips 30g,SKU-01800,GST,12,7.78,8.27,214,Snacks,2106,8905658234453
Real Extra Cola Drink 2L,SKU-01801,GST+Cess,28,38.82,55.57,472,Beverages,2202,8903266000470
Bikano Classic Namkeen/Bhujia 200g,SKU-01802,GST,12,30.18,41.53,304,Snacks,2106,8905611998996
Tata Sampann Masoor Dal 500g,SKU-01803,GST,5,44.66,62.73,262,Pulses,0713,8903746614477
MDH Red Chilli Powder 500g,SKU-01804,GST,5,24.3,32.02,148,Spices,0904,8907966682905
Tide Floor Cleaner 1L,SKU-01805,GST,18,107.74,139.0,196,Household Care,3402,8900891423302
Balaji Namkeen/Bhujia 400g,SKU-01806,GST,12,135.93,189.23,166,Snacks,2106,8904739862214
Apple Loose,SKU-01807,Exempt,0,166.32,210.02,197,Fresh Produce,0801,8900474733891
24 Mantra Toor Dal 5kg,SKU-01808,GST,5,721.42,832.85,158,Pulses,0713,8904203594410
Tide Natural Detergent Powder 4kg,SKU-01809,GST,18,187.37,232.78,120,Household Care,3402,8905186647741
Fortune Extra Atta (Wheat Flour) 1kg,SKU-01810,GST,5,31.36,41.39,9,Flours,1101,8902585346581
Gemini Mustard Oil 15L,SKU-01811,GST,5,1043.89,1248.36,90,Cooking Oils,1507,8901789559909
Bru Pro Cola Drink 300ml,SKU-01812,GST+Cess,28,70.73,89.94,197,Beverages,2202,8905581675923
Nescafe Natural Energy Drink 250ml,SKU-01813,GST+Cess,28,28.66,38.83,297,Beverages,2202,8901800381463
Fortune Pro Toor Dal 5kg,SKU-01814,GST,5,700.85,779.9,357,Pulses,0713,8909597309121
Real Fruit Juice 200ml,SKU-01815,GST,12,42.38,49.5,49,Beverages,2009,8904613315553
Apple 1kg,SKU-01816,Exempt,0,74.29,79.75,162,Fresh Produce,0801,8904077811096
Nature Fresh Special Groundnut Oil 15L,SKU-01817,GST,5,908.71,1102.0,434,Cooking Oils,1507,8906345418299
Gowardhan Organic Paneer 500g,SKU-01818,GST,5,47.32,50.73,162,Dairy,0406,8901910616691
Potato 1kg,SKU-01819,Exempt,0,28.61,31.57,383,Fresh Produce,0701,8901682682217
Emami Mustard Oil 1L,SKU-01820,GST,5,226.69,289.57,200,Cooking Oils,1507,8902083479100
Gemini Extra Mustard Oil 1L,SKU-01821,GST,5,173.81,235.34,287,Cooking Oils,1507,8907032200748
Sundrop Active Sunflower Oil 15L,SKU-01822,GST,5,564.19,635.59,242,Cooking Oils,1507,8901295145205
Colin Premium Detergent Powder 4kg,SKU-01823,GST,18,177.26,196.58,328,Household Care,3402,8908606048022
Tata Sampann Extra Toor Dal 1kg,SKU-01824,GST,5,228.47,320.9,139,Pulses,0713,8907695090418
Sunfeast Potato Chips 80g,SKU-01825,GST,12,22.63,29.99,109,Snacks,2106,8900165562388
Pepsi Coffee 200g,SKU-01826,GST,5,89.03,124.82,182,Beverages,0901,8906993136062
Amul Regular Butter 100g,SKU-01827,GST,12,9.48,13.25,289,Dairy,0405,8906047947199
Tomato 500g,SKU-01828,Exempt,0,20.42,22.43,374,Fresh Produce,0701,8904895382944
Banana Half Dozen,SKU-01829,Exempt,0,63.59,85.37,495,Fresh Produce,0801,8905347283951
Mother's Recipe Classic Turmeric Powder 100g,SKU-01830,GST,5,8.31,9.46,341,Spices,0904,8906708488686
Emami Active Sunflower Oil 15L,SKU-01831,GST,5,778.93,869.85,401,Cooking Oils,1507,8908228280183
Nandini Fresh Ghee 1L,SKU-01832,GST,12,372.95,525.6,268,Dairy,0405,8905684676780
Britannia Special Instant Noodles 280g,SKU-01833,GST,12,22.15,25.2,142,Snacks,1902,8904959752135
Lifebuoy Bathing Soap 75g,SKU-01834,GST,18,36.91,43.84,408,Personal Care,3401,8905928974874
Mother Dairy Milk 1L,SKU-01835,Exempt,0,56.22,78.99,480,Dairy,0401,8902675119976
Rajdhani Organic Toor Dal 500g,SKU-01836,GST,5,105.83,126.17,167,Pulses,0713,8901564196789
Suhana Premium Red Chilli Powder 500g,SKU-01837,GST,5,32.82,35.12,494,Spices,0904,8903582016301
Patanjali Active Masoor Dal 1kg,SKU-01838,GST,5,88.98,103.42,69,Pulses,0713,8908483492766
Haldiram's Biscuits 200g,SKU-01839,GST,18,11.57,14.17,360,Snacks,1905,8900180403348
Tomato 1kg,SKU-01840,Exempt,0,47.3,54.24,411,Fresh Produce,0701,8908667155446
Potato 1kg,SKU-01841,Exempt,0,33.63,35.86,460,Fresh Produce,0701,8906746272053
Maggi Regular Sugar 1kg,SKU-01842,GST,5,61.17,67.98,276,Condiments,1701,8905672850215
Local Fresh Masoor Dal 5kg,SKU-01843,GST,5,630.14,878.64,349,Pulses,0713,8907755821262
Ramdev Extra Turmeric Powder 100g,SKU-01844,GST,5,11.41,13.2,388,Spices,0904,8906078907519
Odonil Dishwash Liquid 250ml,SKU-01845,GST,18,15.42,19.17,194,Household Care,3402,8901294414925
Fortune Organic Atta (Wheat Flour) 5kg,SKU-01846,GST,5,265.33,297.47,393,Flours,1101,8903859747765
Kissan Salt 500g,SKU-01847,Exempt,0,7.93,9.36,376,Condiments,2501,8909434368771
Emami Pro Sunflower Oil 15L,SKU-01848,GST,5,1005.59,1347.86,429,Cooking Oils,1507,8909490763415
Rajdhani Atta (Wheat Flour) 10kg,SKU-01849,GST,5,461.05,667.44,344,Flours,1101,8900115477349
Fortune Gold Toor Dal 5kg,SKU-01850,GST,5,1075.54,1412.94,360,Pulses,0713,8908722557856
Tata Sampann Special Toor Dal 500g,SKU-01851,GST,5,76.8,110.33,329,Pulses,0713,8907416855739
Head & Shoulders Natural Shampoo 180ml,SKU-01852,GST,18,247.02,312.37,499,Personal Care,3305,8905580957947
Saffola Groundnut Oil 15L,SKU-01853,GST,5,987.29,1098.02,464,Cooking Oils,1507,8908413623347
Tomato Loose,SKU-01854,Exempt,0,32.48,39.31,308,Fresh Produce,0701,8907147973418
Patanjali Special Mustard Oil 15L,SKU-01855,GST,5,1205.68,1515.88,115,Cooking Oils,1507,8907456017039
Salt 1kg,SKU-01856,Exempt,0,27.55,29.27,438,Condiments,2501,8900170679490
Pepsi Pro Coffee 100g,SKU-01857,GST,5,62.59,73.55,353,Beverages,0901,8901621593896
Tata Sampann Extra Garam Masala 50g,SKU-01858,GST,5,12.91,16.07,127,Spices,0904,8905589607072
Nandini Gold Butter 200g,SKU-01859,GST,12,22.05,25.19,181,Dairy,0405,8901390143097
Fortune Select Urad Dal 1kg,SKU-01860,GST,5,230.51,262.94,212,Pulses,0713,8903579671480
India Gate Sona Masoori Rice 1kg,SKU-01861,GST,5,86.45,98.67,191,Grains & Cereals,1006,8906582608252
Pantene Shampoo 180ml,SKU-01862,GST,18,238.61,340.83,367,Personal Care,3305,8901288669112
Tide Pro Detergent Powder 500g,SKU-01863,GST,18,51.69,67.23,90,Household Care,3402,8905261197892
Nature Fresh Special Sunflower Oil 5L,SKU-01864,GST,5,689.27,796.55,327,Cooking Oils,1507,8904653255441
Mother Dairy Curd 1kg,SKU-01865,GST,5,42.97,58.26,361,Dairy,0403,8905136738052
Apple Box,SKU-01866,Exempt,0,81.03,104.31,232,Fresh Produce,0801,8906841847146
Pears Premium Shampoo 180ml,SKU-01867,GST,18,261.11,301.43,272,Personal Care,3305,8903335401127
Nandini Premium Cheese 400g,SKU-01868,GST,12,109.82,137.63,454,Dairy,0406,8906477090676
Nandini Paneer 500g,SKU-01869,GST,5,37.79,48.81,6,Dairy,0406,8907671621720
Patanjali Chana Dal 5kg,SKU-01870,GST,5,489.99,524.16,158,Pulses,0713,8901869303264
Head & Shoulders Organic Toothpaste 150g,SKU-01871,GST,18,9.67,10.58,318,Personal Care,3306,8901605390649
Onion Loose,SKU-01872,Exempt,0,30.85,36.54,343,Fresh Produce,0701,8901970181589
Nandini Paneer 500g,SKU-01873,GST,5,37.68,45.46,493,Dairy,0406,8900742153193
Pantene Special Bathing Soap 100g,SKU-01874,GST,18,7.34,8.89,6,Personal Care,3401,8902216908875
Patanjali Active Moong Dal 500g,SKU-01875,GST,5,108.99,154.9,123,Pulses,0713,8903583843910
Patanjali Natural Turmeric Powder 200g,SKU-01876,GST,5,10.46,12.35,48,Spices,0904,8907454693510
Mother Dairy Classic Cheese 400g,SKU-01877,GST,12,203.77,276.32,82,Dairy,0406,8908331955897
Cadbury Natural Namkeen/Bhujia 200g,SKU-01878,GST,12,21.46,29.04,313,Snacks,2106,8907177170305
Mother's Recipe Select Turmeric Powder 100g,SKU-01879,GST,5,7.54,10.73,200,Spices,0904,8900516483895
Nature Fresh Atta (Wheat Flour) 5kg,SKU-01880,GST,5,252.38,276.64,290,Flours,1101,8907677600643
Rajdhani Urad Dal 5kg,SKU-01881,GST,5,901.03,1186.94,124,Pulses,0713,8901730332496
Patanjali Organic Garam Masala 100g,SKU-01882,GST,5,9.69,11.49,404,Spices,0904,8900484809473
Mother Dairy Curd 400g,SKU-01883,GST,5,21.64,25.67,153,Dairy,0403,8902707995947
MDH Regular Turmeric Powder 100g,SKU-01884,GST,5,14.53,18.6,205,Spices,0904,8904754565728
Parle Pro Namkeen/Bhujia 200g,SKU-01885,GST,12,22.52,28.84,156,Snacks,2106,8908540390984
Lizol Extra Detergent Powder 4kg,SKU-01886,GST,18,181.9,191.83,227,Household Care,3402,8906992613826
Parle Biscuits 50g,SKU-01887,GST,18,13.9,17.04,196,Snacks,1905,8907039962637
Aashirvaad Gold Tomato Ketchup 1kg,SKU-01888,GST,12,172.45,186.96,489,Condiments,2103,8907351289622
Dove Shampoo 340ml,SKU-01889,GST,18,264.53,346.87,90,Personal Care,3305,8904323330239
Lay's Organic Potato Chips 80g,SKU-01890,GST,12,22.34,30.49,421,Snacks,2106,8900694306952
Local Sona Masoori Rice 25kg,SKU-01891,GST,5,480.37,566.48,76,Grains & Cereals,1006,8909412853700
Salt 1kg,SKU-01892,Exempt,0,25.7,35.0,179,Condiments,2501,8903119804255
Fortune Premium Urad Dal 5kg,SKU-01893,GST,5,659.18,949.07,215,Pulses,0713,8904255078688
Colgate Bathing Soap Pack of 4,SKU-01894,GST,18,25.56,28.68,122,Personal Care,3401,8909221317019
Pril Floor Cleaner 2L,SKU-01895,GST,18,176.09,249.87,492,Household Care,3402,8909928798728
Nescafe Gold Coffee 200g,SKU-01896,GST,5,73.26,81.54,163,Beverages,0901,8909562917964
Tata Sampann Premium Urad Dal 1kg,SKU-01897,GST,5,124.53,168.63,282,Pulses,0713,8908807005102
Coca Cola Special Cola Drink 1.25L,SKU-01898,GST+Cess,28,279.02,309.72,15,Beverages,2202,8902201754541
Maggi Active Sugar 5kg,SKU-01899,GST,5,307.67,408.73,33,Condiments,1701,8904662750152
Ching's Organic Sugar 5kg,SKU-01900,GST,5,191.78,205.27,449,Condiments,1701,8906078548330
Bingo Namkeen/Bhujia 1kg,SKU-01901,GST,12,68.47,78.41,289,Snacks,2106,8903680601457
Balaji Active Chocolate 40g,SKU-01902,GST,18,5.75,7.74,277,Snacks,1806,8905819701501
Britannia Namkeen/Bhujia 400g,SKU-01903,GST,12,114.9,121.92,71,Snacks,2106,8905192018285
Nandini Active Butter 100g,SKU-01904,GST,12,10.6,13.04,6,Dairy,0405,8904937958291
Patanjali Regular Sunflower Oil 5L,SKU-01905,GST,5,452.19,627.15,415,Cooking Oils,1507,8909714920757
Local Select Urad Dal 500g,SKU-01906,GST,5,121.99,142.68,420,Pulses,0713,8907396262591
Pepsi Gold Cola Drink 600ml,SKU-01907,GST+Cess,28,35.82,46.97,492,Beverages,2202,8907736772443
Sunsilk Special Bathing Soap 100g,SKU-01908,GST,18,6.91,8.98,241,Personal Care,3401,8908729657156
Vim Floor Cleaner 500ml,SKU-01909,GST,18,90.93,119.03,432,Household Care,3402,8902990348042
24 Mantra Chana Dal 5kg,SKU-01910,GST,5,759.07,987.24,374,Pulses,0713,8900940916573
Tropicana Select Tea 250g,SKU-01911,GST,5,104.18,126.29,360,Beverages,0902,8902254920369
Aashirvaad Organic Maida 500g,SKU-01912,GST,5,42.45,55.26,35,Flours,1101,8901527311722
Maggi Organic Sugar 1kg,SKU-01913,GST,5,55.82,77.95,220,Condiments,1701,8909001842933
Nature Fresh Select Sunflower Oil 5L,SKU-01914,GST,5,506.85,648.81,331,Cooking Oils,1507,8903596677153
Haldiram's Pro Chocolate 40g,SKU-01915,GST,18,14.13,19.03,243,Snacks,1806,8903650032990
Haldiram's Classic Namkeen/Bhujia 1kg,SKU-01916,GST,12,94.04,130.43,213,Snacks,2106,8901442787355
Local Select Toor Dal 500g,SKU-01917,GST,5,68.81,79.09,210,Pulses,0713,8909792067549
Nature Fresh Natural Maida 1kg,SKU-01918,GST,5,65.35,79.08,14,Flours,1101,8904539252878
Rin Dishwash Liquid 500ml,SKU-01919,GST,18,40.39,55.77,427,Household Care,3402,8908133073453
Garnier Classic Bathing Soap 100g,SKU-01920,GST,18,7.3,8.57,437,Personal Care,3401,8902247409853
Harpic Classic Floor Cleaner 500ml,SKU-01921,GST,18,53.12,63.15,170,Household Care,3402,8901602325107
Ariel Extra Floor Cleaner 1L,SKU-01922,GST,18,105.67,147.27,32,Household Care,3402,8909404224564
Banana Dozen,SKU-01923,Exempt,0,63.77,88.79,72,Fresh Produce,0801,8905380781913
Fortune Natural Mustard Oil 5L,SKU-01924,GST,5,1009.44,1185.11,497,Cooking Oils,1507,8904197157557
Nestle Natural Curd 400g,SKU-01925,GST,5,26.73,33.57,337,Dairy,0403,8902463061621
Garnier Extra Shampoo 650ml,SKU-01926,GST,18,252.14,336.97,126,Personal Care,3305,8905200761504
Amul Ghee 1L,SKU-01927,GST,12,712.74,891.2,188,Dairy,0405,8906977143360
Tata Tea Regular Fruit Juice 200ml,SKU-01928,GST,12,18.71,26.5,396,Beverages,2009,8906103927888
Bikano Fresh Biscuits 200g,SKU-01929,GST,18,5.57,7.63,463,Snacks,1905,8906163881687
Colin Extra Floor Cleaner 2L,SKU-01930,GST,18,79.75,109.81,185,Household Care,3402,8906905096568
Lipton Energy Drink 330ml,SKU-01931,GST+Cess,28,98.31,104.57,250,Beverages,2202,8902720814723
Patanjali Tomato Ketchup 1kg,SKU-01932,GST,12,121.32,150.01,119,Condiments,2103,8900830697899
Himalaya Regular Bathing Soap 150g,SKU-01933,GST,18,8.47,9.86,285,Personal Care,3401,8903671467490
Tata Sampann Red Chilli Powder 500g,SKU-01934,GST,5,28.79,35.41,40,Spices,0904,8908571164560
Patanjali Fresh Mustard Oil 5L,SKU-01935,GST,5,1207.32,1387.91,389,Cooking Oils,1507,8901807392002
Patanjali Special Mustard Oil 5L,SKU-01936,GST,5,1031.03,1170.81,399,Cooking Oils,1507,8907773031678
Brooke Bond Pro Tea 1kg,SKU-01937,GST,5,405.9,443.69,149,Beverages,0902,8908720124025
Rajdhani Premium Chana Dal 1kg,SKU-01938,GST,5,128.16,185.67,156,Pulses,0713,8909080998397
Ching's Sugar 1kg,SKU-01939,GST,5,56.75,62.65,198,Condiments,1701,8901630343830
Potato Loose,SKU-01940,Exempt,0,18.91,21.05,162,Fresh Produce,0701,8909307417996
Rajdhani Masoor Dal 1kg,SKU-01941,GST,5,86.79,112.63,359,Pulses,0713,8903518962252
Patanjali Classic Garam Masala 100g,SKU-01942,GST,5,6.27,6.68,119,Spices,0904,8904056771251
Head & Shoulders Classic Shampoo 650ml,SKU-01943,GST,18,241.3,263.24,269,Personal Care,3305,8902805166608
Gowardhan Active Curd 200g,SKU-01944,GST,5,9.27,11.79,399,Dairy,0403,8904790986361
Fortune Masoor Dal 1kg,SKU-01945,GST,5,137.26,189.65,419,Pulses,0713,8904442022482
Patanjali Toor Dal 5kg,SKU-01946,GST,5,611.88,659.73,449,Pulses,0713,8907371450311
Tata Tea Energy Drink 250ml,SKU-01947,GST+Cess,28,39.79,51.83,420,Beverages,2202,8901419396061
Potato 5kg,SKU-01948,Exempt,0,159.43,203.62,386,Fresh Produce,0701,8901199256924
Tropicana Coffee 200g,SKU-01949,GST,5,107.7,122.19,37,Beverages,0901,8900341413181
Mother Dairy Premium Curd 400g,SKU-01950,GST,5,52.31,62.08,48,Dairy,0403,8903251790447
Onion 5kg,SKU-01951,Exempt,0,191.49,222.12,29,Fresh Produce,0701,8906714878310
Kohinoor Extra Sona Masoori Rice 10kg,SKU-01952,GST,5,877.36,1058.0,166,Grains & Cereals,1006,8907227579407
Tata Sampann Fresh Moong Dal 500g,SKU-01953,GST,5,108.48,154.58,140,Pulses,0713,8904999870933
Bikano Natural Chocolate 250g,SKU-01954,GST,18,14.16,20.36,319,Snacks,1806,8904126410603
Nestle Extra Cheese 400g,SKU-01955,GST,12,114.85,123.6,335,Dairy,0406,8908057631010
Sprite Special Energy Drink 330ml,SKU-01956,GST+Cess,28,112.73,153.85,89,Beverages,2202,8905360640047
Patanjali Chana Dal 1kg,SKU-01957,GST,5,122.35,171.38,198,Pulses,0713,8909894848170
Lifebuoy Regular Toothpaste 150g,SKU-01958,GST,18,5.54,7.79,413,Personal Care,3306,8907017737594
Lay's Classic Chocolate 40g,SKU-01959,GST,18,6.03,8.58,42,Snacks,1806,8907196004902
Milk 500ml,SKU-01960,Exempt,0,29.36,37.78,234,Dairy,0401,8904333849655
Nandini Regular Cheese 1kg,SKU-01961,GST,12,147.37,194.81,424,Dairy,0406,8903353004999
Aashirvaad Extra Basmati Rice 25kg,SKU-01962,GST,5,404.3,486.93,62,Grains & Cereals,1006,8909773173946
Tide Dishwash Liquid 500ml,SKU-01963,GST,18,54.77,73.34,480,Household Care,3402,8903858653927
Pantene Shampoo 650ml,SKU-01964,GST,18,214.52,247.62,45,Personal Care,3305,8903493179670
Everest Extra Red Chilli Powder 200g,SKU-01965,GST,5,11.51,12.55,451,Spices,0904,8903579211625
Potato 1kg,SKU-01966,Exempt,0,30.5,36.82,210,Fresh Produce,0701,8903989701455
Tata Tea Natural Coffee 50g,SKU-01967,GST,5,17.56,19.37,361,Beverages,0901,8901866925529
Dove Premium Toothpaste 150g,SKU-01968,GST,18,6.74,9.73,8,Personal Care,3306,8900110156161
Parle Potato Chips 30g,SKU-01969,GST,12,7.52,10.22,324,Snacks,2106,8908121300882
Lifebuoy Select Toothpaste 200g,SKU-01970,GST,18,17.91,21.5,298,Personal Care,3306,8909086723310
Local Toor Dal 1kg,SKU-01971,GST,5,117.23,154.8,488,Pulses,0713,8907365561922
Banana Dozen,SKU-01972,Exempt,0,46.07,62.21,274,Fresh Produce,0801,8906417613023
Ramdev Turmeric Powder 100g,SKU-01973,GST,5,9.24,10.4,472,Spices,0904,8909916764032
Fortune Pro Maida 500g,SKU-01974,GST,5,43.94,48.6,465,Flours,1101,8908267126937
Kurkure Special Potato Chips 150g,SKU-01975,GST,12,6.65,7.48,99,Snacks,2106,8909644484368
MDH Gold Red Chilli Powder 100g,SKU-01976,GST,5,14.71,16.74,223,Spices,0904,8904098058771
Patanjali Extra Sunflower Oil 15L,SKU-01977,GST,5,779.45,1024.17,360,Cooking Oils,1507,8900627879025
Bikano Active Namkeen/Bhujia 1kg,SKU-01978,GST,12,57.39,77.01,493,Snacks,2106,8906372162660
Pillsbury Special Atta (Wheat Flour) 1kg,SKU-01979,GST,5,50.38,54.36,412,Flours,1101,8900295599977
Local Extra Maida 500g,SKU-01980,GST,5,43.92,61.1,166,Flours,1101,8905192474111
Thums Up Tea 250g,SKU-01981,GST,5,109.97,135.53,116,Beverages,0902,8908625676112
Nature Fresh Pro Groundnut Oil 15L,SKU-01982,GST,5,799.9,849.7,12,Cooking Oils,1507,8908056308292
Sunsilk Active Bathing Soap Pack of 4,SKU-01983,GST,18,44.18,50.33,470,Personal Care,3401,8902107883127
Samrat Select Maida 1kg,SKU-01984,GST,5,58.47,64.89,6,Flours,1101,8907201970842
Coca Cola Gold Energy Drink 330ml,SKU-01985,GST+Cess,28,129.86,173.57,255,Beverages,2202,8909636512955
Saffola Premium Sunflower Oil 15L,SKU-01986,GST,5,414.81,495.85,46,Cooking Oils,1507,8900819484226
Fortune Premium Basmati Rice 1kg,SKU-01987,GST,5,83.77,88.32,236,Grains & Cereals,1006,8902235028303
Sunsilk Active Shampoo 650ml,SKU-01988,GST,18,249.73,326.12,106,Personal Care,3305,8907539169280
Bikano Chocolate 100g,SKU-01989,GST,18,5.66,6.9,465,Snacks,1806,8906968740330
Rajdhani Organic Toor Dal 1kg,SKU-01990,GST,5,107.9,114.11,55,Pulses,0713,8906649700844
Fortune Special Sunflower Oil 1L,SKU-01991,GST,5,180.21,196.07,213,Cooking Oils,1507,8904296280924
Mother Dairy Premium Paneer 500g,SKU-01992,GST,5,46.18,48.82,317,Dairy,0406,8906996131525
Dhara Natural Groundnut Oil 15L,SKU-01993,GST,5,1266.58,1397.37,411,Cooking Oils,1507,8908058837743
Nature Fresh Classic Mustard Oil 15L,SKU-01994,GST,5,1176.08,1635.14,161,Cooking Oils,1507,8907625395011
Britannia Special Curd 200g,SKU-01995,GST,5,7.88,10.44,432,Dairy,0403,8902778882603
Milk 500ml,SKU-01996,Exempt,0,19.85,28.06,188,Dairy,0401,8908809718614
Gowardhan Natural Butter 500g,SKU-01997,GST,12,30.38,40.44,496,Dairy,0405,8904592055967
24 Mantra Gold Masoor Dal 1kg,SKU-01998,GST,5,81.77,92.02,234,Pulses,0713,8909830457627
Rajdhani Regular Toor Dal 5kg,SKU-01999,GST,5,535.27,645.33,286,Pulses,0713,8909589701522
Nandini Curd 200g,SKU-02000,GST,5,11.1,14.3,197,Dairy,0403,8900083476128
Himalaya Natural Bathing Soap Pack of 4,SKU-02001,GST,18,24.77,35.8,258,Personal Care,3401,8904611399799
Local Special Butter 100g,SKU-02002,GST,12,8.79,12.52,472,Dairy,0405,8903387885285
Pepsodent Toothpaste 200g,SKU-02003,GST,18,14.2,18.61,284,Personal Care,3306,8904397630900
Nescafe Select Tea 500g,SKU-02004,GST,5,189.34,273.04,440,Beverages,0902,8904457444107
Aashirvaad Active Sugar 5kg,SKU-02005,GST,5,242.82,329.86,180,Condiments,1701,8904347591604
Rajdhani Besan 500g,SKU-02006,GST,5,40.9,53.2,368,Flours,1101,8909079965857
Nescafe Special Fruit Juice 1L,SKU-02007,GST,12,115.83,167.32,287,Beverages,2009,8901678434073
Apple Box,SKU-02008,Exempt,0,158.7,219.97,243,Fresh Produce,0801,8906135007883
Salt 500g,SKU-02009,Exempt,0,11.59,12.23,467,Condiments,2501,8903699952850
Fortune Active Basmati Rice 1kg,SKU-02010,GST,5,155.04,205.17,206,Grains & Cereals,1006,8905327355149
Catch Classic Garam Masala 100g,SKU-02011,GST,5,14.69,16.87,251,Spices,0904,8907146950935
Rajdhani Masoor Dal 1kg,SKU-02012,GST,5,178.54,190.46,81,Pulses,0713,8900061741364
Nutrela Organic Toor Dal 1kg,SKU-02013,GST,5,221.1,302.84,61,Pulses,0713,8902189391270
Patanjali Turmeric Powder 100g,SKU-02014,GST,5,6.03,6.7,450,Spices,0904,8902830564468
Pril Premium Dishwash Liquid 250ml,SKU-02015,GST,18,34.61,41.48,170,Household Care,3402,8905950263560
Coca Cola Coffee 100g,SKU-02016,GST,5,49.19,64.88,477,Beverages,0901,8903327639904
Lizol Premium Detergent Powder 500g,SKU-02017,GST,18,83.92,111.42,427,Household Care,3402,8903696269022
Amul Ghee 5L,SKU-02018,GST,12,2668.75,3162.1,16,Dairy,0405,8906179067015
Ariel Classic Detergent Powder 500g,SKU-02019,GST,18,50.25,64.5,111,Household Care,3402,8904490769721
Aashirvaad Natural Salt 500g,SKU-02020,Exempt,0,16.83,23.18,306,Condiments,2501,8901929692105
Aashirvaad Gold Maida 1kg,SKU-02021,GST,5,39.4,55.86,26,Flours,1101,8900822837742
Tata Select Tomato Ketchup 1kg,SKU-02022,GST,12,165.9,195.71,381,Condiments,2103,8908872820632
Amul Pro Cheese 200g,SKU-02023,GST,12,34.91,44.71,32,Dairy,0406,8904466589524
Tropicana Coffee 50g,SKU-02024,GST,5,28.81,39.72,336,Beverages,0901,8906472452573
Mother's Recipe Garam Masala 100g,SKU-02025,GST,5,6.72,9.49,138,Spices,0904,8900709465777
Apple Loose,SKU-02026,Exempt,0,169.54,212.87,315,Fresh Produce,0801,8907284268092
Lipton Gold Fruit Juice 1L,SKU-02027,GST,12,147.82,199.91,136,Beverages,2009,8901700537186
Onion 5kg,SKU-02028,Exempt,0,186.77,196.9,108,Fresh Produce,0701,8901664795127
Sunfeast Regular Potato Chips 30g,SKU-02029,GST,12,12.61,18.27,73,Snacks,2106,8908535416019
Bikano Chocolate 250g,SKU-02030,GST,18,18.11,23.04,272,Snacks,1806,8907017086715
Amul Cheese 400g,SKU-02031,GST,12,169.65,227.3,33,Dairy,0406,8907404336895
Tata Sampann Active Garam Masala 100g,SKU-02032,GST,5,7.63,8.91,47,Spices,0904,8900511090070
Local Extra Paneer 1kg,SKU-02033,GST,5,58.47,65.52,195,Dairy,0406,8900254972392
Onion Loose,SKU-02034,Exempt,0,41.46,58.22,191,Fresh Produce,0701,8909974753965
Parle Select Chocolate 250g,SKU-02035,GST,18,12.25,16.59,182,Snacks,1806,8902694204164
Britannia Fresh Curd 1kg,SKU-02036,GST,5,35.55,37.89,411,Dairy,0403,8905133793766
Nestle Namkeen/Bhujia 1kg,SKU-02037,GST,12,89.38,97.97,351,Snacks,2106,8906085571749
Dove Shampoo 340ml,SKU-02038,GST,18,154.22,206.57,269,Personal Care,3305,8908144990803
Emami Select Sunflower Oil 1L,SKU-02039,GST,5,180.95,238.77,232,Cooking Oils,1507,8904450999863
Patanjali Natural Basmati Rice 10kg,SKU-02040,GST,5,896.96,1291.27,382,Grains & Cereals,1006,8909111108518
24 Mantra Toor Dal 5kg,SKU-02041,GST,5,1133.51,1466.62,347,Pulses,0713,8905932135961
Thums Up Classic Fruit Juice 200ml,SKU-02042,GST,12,40.02,49.29,360,Beverages,2009,8903480022642
Sundrop Active Mustard Oil 15L,SKU-02043,GST,5,476.8,663.05,156,Cooking Oils,1507,8908298781921
24 Mantra Organic Chana Dal 5kg,SKU-02044,GST,5,591.73,749.09,233,Pulses,0713,8904604293717
Kurkure Biscuits 200g,SKU-02045,GST,18,13.39,18.77,46,Snacks,1905,8904617275804
Dhara Pro Mustard Oil 15L,SKU-02046,GST,5,783.69,1093.8,434,Cooking Oils,1507,8906988979887
Real Organic Tea 500g,SKU-02047,GST,5,146.07,168.45,236,Beverages,0902,8904134019293
Everest Special Turmeric Powder 500g,SKU-02048,GST,5,24.18,29.6,361,Spices,0904,8907519346389
Potato 1kg,SKU-02049,Exempt,0,32.51,41.0,408,Fresh Produce,0701,8904793656115
Tata Sampann Active Turmeric Powder 100g,SKU-02050,GST,5,7.4,10.42,499,Spices,0904,8907065948053
Nestle Active Paneer 200g,SKU-02051,GST,5,29.54,36.33,477,Dairy,0406,8904330372718
Catch Select Turmeric Powder 200g,SKU-02052,GST,5,7.51,10.51,219,Spices,0904,8903112138078
24 Mantra Basmati Rice 1kg,SKU-02053,GST,5,104.2,122.7,456,Grains & Cereals,1006,8904598586635
Patanjali Select Red Chilli Powder 500g,SKU-02054,GST,5,15.17,21.57,89,Spices,0904,8908825212886
Everest Organic Red Chilli Powder 200g,SKU-02055,GST,5,9.88,14.02,315,Spices,0904,8908428828470
Dhara Natural Sunflower Oil 1L,SKU-02056,GST,5,94.46,107.5,350,Cooking Oils,1507,8902988712320
Samrat Atta (Wheat Flour) 5kg,SKU-02057,GST,5,226.58,264.46,408,Flours,1101,8907786268527
Local Ghee 5L,SKU-02058,GST,12,4271.31,5719.07,81,Dairy,0405,8900877834710
Catch Turmeric Powder 500g,SKU-02059,GST,5,13.07,14.88,331,Spices,0904,8905573562327
Thums Up Classic Coffee 200g,SKU-02060,GST,5,57.11,67.52,178,Beverages,0901,8908597302732
Britannia Premium Cheese 400g,SKU-02061,GST,12,125.21,139.65,135,Dairy,0406,8900255546893
Parle Classic Potato Chips 80g,SKU-02062,GST,12,20.45,22.32,249,Snacks,2106,8908815964673
Tropicana Cola Drink 1.25L,SKU-02063,GST+Cess,28,262.96,307.35,499,Beverages,2202,8904846733229
Banana Half Dozen,SKU-02064,Exempt,0,54.5,64.9,243,Fresh Produce,0801,8907006239459
Nestle Pro Potato Chips 80g,SKU-02065,GST,12,23.28,24.74,216,Snacks,2106,8900895301203
Aashirvaad Natural Besan 500g,SKU-02066,GST,5,57.5,71.98,51,Flours,1101,8906283356890
Patanjali Classic Masoor Dal 500g,SKU-02067,GST,5,71.22,75.26,64,Pulses,0713,8905337435670
Local Pro Butter 200g,SKU-02068,GST,12,15.78,19.48,168,Dairy,0405,8906596957945
Real Special Coffee 200g,SKU-02069,GST,5,102.96,123.38,193,Beverages,0901,8900553629171
Patanjali Select Urad Dal 1kg,SKU-02070,GST,5,219.35,279.38,324,Pulses,0713,8905252520788
Mother Dairy Special Cheese 400g,SKU-02071,GST,12,96.71,104.14,327,Dairy,0406,8902145744520
Aashirvaad Active Atta (Wheat Flour) 10kg,SKU-02072,GST,5,463.96,558.74,323,Flours,1101,8904730882403
Gemini Gold Groundnut Oil 1L,SKU-02073,GST,5,281.58,378.76,150,Cooking Oils,1507,8904029363409
Tata Sampann Gold Toor Dal 500g,SKU-02074,GST,5,123.59,174.32,190,Pulses,0713,8902579599004
Sprite Gold Tea 500g,SKU-02075,GST,5,116.86,165.28,126,Beverages,0902,8902546018911
Patanjali Natural Atta (Wheat Flour) 10kg,SKU-02076,GST,5,375.51,469.74,192,Flours,1101,8907133996276
Tropicana Pro Energy Drink 250ml,SKU-02077,GST+Cess,28,34.18,39.86,70,Beverages,2202,8901120291381
Aashirvaad Select Maida 500g,SKU-02078,GST,5,33.44,39.2,22,Flours,1101,8902989088819
Smith & Jones Pro Salt 1kg,SKU-02079,Exempt,0,18.14,25.03,60,Condiments,2501,8909908213356
Lay's Biscuits 50g,SKU-02080,GST,18,7.34,8.97,446,Snacks,1905,8906704171038
Bikano Regular Namkeen/Bhujia 1kg,SKU-02081,GST,12,134.13,183.39,250,Snacks,2106,8904050133203
Nutrela Extra Moong Dal 1kg,SKU-02082,GST,5,140.74,201.72,44,Pulses,0713,8904876507752
Sundrop Natural Mustard Oil 1L,SKU-02083,GST,5,109.59,131.61,387,Cooking Oils,1507,8903160378110
Nutrela Masoor Dal 5kg,SKU-02084,GST,5,851.62,1224.99,493,Pulses,0713,8903996306670
Tomato 500g,SKU-02085,Exempt,0,25.14,32.4,433,Fresh Produce,0701,8906693233700
Brooke Bond Special Coffee 200g,SKU-02086,GST,5,95.64,100.76,18,Beverages,0901,8909714086332
Patanjali Premium Atta (Wheat Flour) 1kg,SKU-02087,GST,5,63.16,76.58,460,Flours,1101,8908744888392
Local Premium Besan 1kg,SKU-02088,GST,5,113.74,141.85,77,Flours,1101,8908582585455
Nandini Regular Curd 1kg,SKU-02089,GST,5,50.51,72.33,405,Dairy,0403,8900348236788
Local Atta (Wheat Flour) 1kg,SKU-02090,GST,5,66.63,92.38,103,Flours,1101,8902380043647
Nature Fresh Groundnut Oil 5L,SKU-02091,GST,5,1458.82,1691.34,225,Cooking Oils,1507,8907416371206
Fortune Special Maida 1kg,SKU-02092,GST,5,48.59,54.3,231,Flours,1101,8907601458408
Mother Dairy Organic Paneer 1kg,SKU-02093,GST,5,78.27,84.67,229,Dairy,0406,8902814361168
Salt 1kg,SKU-02094,Exempt,0,32.91,46.11,43,Condiments,2501,8901892605554
Kissan Salt 500g,SKU-02095,Exempt,0,13.76,15.81,264,Condiments,2501,8904377140344
Garnier Organic Bathing Soap 150g,SKU-02096,GST,18,13.48,16.06,215,Personal Care,3401,8906003011962
Local Natural Ghee 500ml,SKU-02097,GST,12,485.52,582.9,305,Dairy,0405,8907421736838
Fortune Special Groundnut Oil 15L,SKU-02098,GST,5,1400.98,1824.63,15,Cooking Oils,1507,8909340991650
Brooke Bond Fresh Energy Drink 250ml,SKU-02099,GST+Cess,28,31.71,42.09,137,Beverages,2202,8900348484377
Onion 5kg,SKU-02100,Exempt,0,229.18,325.71,174,Fresh Produce,0701,8909514295449
Smith & Jones Active Salt 1kg,SKU-02101,Exempt,0,32.38,46.7,389,Condiments,2501,8907562752800
Nestle Gold Curd 1kg,SKU-02102,GST,5,42.4,52.1,143,Dairy,0403,8904794592351
Suhana Natural Turmeric Powder 500g,SKU-02103,GST,5,22.08,26.92,470,Spices,0904,8908971001707
Bikano Select Biscuits 50g,SKU-02104,GST,18,8.38,10.16,43,Snacks,1905,8903049484142
Nivea Special Bathing Soap 100g,SKU-02105,GST,18,6.24,8.48,408,Personal Care,3401,8908337287567
Sunfeast Fresh Namkeen/Bhujia 200g,SKU-02106,GST,12,15.06,16.65,458,Snacks,2106,8905647711588
Mother Dairy Butter 500g,SKU-02107,GST,12,48.28,63.73,272,Dairy,0405,8909410791161
Banana Half Dozen,SKU-02108,Exempt,0,39.2,52.33,46,Fresh Produce,0801,8901983097542
Nutrela Fresh Urad Dal 1kg,SKU-02109,GST,5,228.23,313.89,348,Pulses,0713,8908852377487
Tata Tomato Ketchup 500g,SKU-02110,GST,12,86.88,122.06,328,Condiments,2103,8902532512180
Balaji Biscuits 50g,SKU-02111,GST,18,14.72,15.81,214,Snacks,1905,8906602865383
Nestle Namkeen/Bhujia 400g,SKU-02112,GST,12,61.56,72.21,393,Snacks,2106,8908210037090
Everest Garam Masala 50g,SKU-02113,GST,5,5.61,7.31,389,Spices,0904,8906693207098
Patanjali Active Besan 1kg,SKU-02114,GST,5,100.77,133.68,256,Flours,1101,8904876296507
Local Special Chana Dal 1kg,SKU-02115,GST,5,102.1,125.24,223,Pulses,0713,8907654198281
Ramdev Garam Masala 100g,SKU-02116,GST,5,7.21,7.58,475,Spices,0904,8900345220262
Patanjali Fresh Sugar 1kg,SKU-02117,GST,5,37.69,50.78,344,Condiments,1701,8904525733090
Maggi Tomato Ketchup 500g,SKU-02118,GST,12,62.69,67.99,268,Condiments,2103,8905224767512
Gemini Premium Sunflower Oil 5L,SKU-02119,GST,5,442.39,605.82,435,Cooking Oils,1507,8903669332763
Patanjali Active Atta (Wheat Flour) 1kg,SKU-02120,GST,5,51.44,61.32,209,Flours,1101,8902837237225
Lay's Classic Potato Chips 30g,SKU-02121,GST,12,7.29,9.03,397,Snacks,2106,8900089423403
Everest Fresh Garam Masala 100g,SKU-02122,GST,5,13.87,15.65,68,Spices,0904,8908838456125
Colgate Premium Toothpaste 200g,SKU-02123,GST,18,12.45,14.16,56,Personal Care,3306,8909851769680
Garnier Select Toothpaste 150g,SKU-02124,GST,18,12.06,14.14,377,Personal Care,3306,8902157837926
Tata Sampann Fresh Chana Dal 1kg,SKU-02125,GST,5,133.62,173.93,235,Pulses,0713,8903968859342
Pepsi Classic Cola Drink 600ml,SKU-02126,GST+Cess,28,37.72,46.5,471,Beverages,2202,8909783315032
Britannia Paneer 1kg,SKU-02127,GST,5,140.83,192.82,404,Dairy,0406,8901025066686
Garnier Bathing Soap 75g,SKU-02128,GST,18,49.38,56.26,157,Personal Care,3401,8907671499863
Britannia Gold Ghee 5L,SKU-02129,GST,12,4031.12,4234.24,275,Dairy,0405,8905242762215
Emami Mustard Oil 1L,SKU-02130,GST,5,143.42,183.45,217,Cooking Oils,1507,8903994959403
Cadbury Special Biscuits 100g,SKU-02131,GST,18,5.64,6.57,190,Snacks,1905,8906531708730
Apple Box,SKU-02132,Exempt,0,71.73,79.52,418,Fresh Produce,0801,8907366325673
Tide Fresh Floor Cleaner 500ml,SKU-02133,GST,18,55.75,69.8,142,Household Care,3402,8909391660191
Onion 2kg,SKU-02134,Exempt,0,38.14,46.09,377,Fresh Produce,0701,8900732644789
Nivea Bathing Soap 100g,SKU-02135,GST,18,5.32,6.89,327,Personal Care,3401,8904176090937
Nestle Extra Paneer 500g,SKU-02136,GST,5,61.7,78.59,12,Dairy,0406,8904573466944
Nescafe Natural Coffee 200g,SKU-02137,GST,5,97.01,131.67,456,Beverages,0901,8900528905665
Nandini Milk 1L,SKU-02138,Exempt,0,59.34,76.39,477,Dairy,0401,8908837434509
Kissan Sugar 1kg,SKU-02139,GST,5,33.51,37.3,170,Condiments,1701,8900230899646
Nestle Organic Chocolate 40g,SKU-02140,GST,18,7.98,11.17,188,Snacks,1806,8904869521215
Tata Gold Salt 1kg,SKU-02141,Exempt,0,14.11,17.9,112,Condiments,2501,8905469466049
Apple 1kg,SKU-02142,Exempt,0,98.55,114.37,225,Fresh Produce,0801,8909116122150
Samrat Extra Besan 1kg,SKU-02143,GST,5,91.45,110.98,262,Flours,1101,8901900415893
Nature Fresh Active Atta (Wheat Flour) 5kg,SKU-02144,GST,5,312.88,380.59,371,Flours,1101,8906013855002
Bingo Fresh Potato Chips 80g,SKU-02145,GST,12,31.38,33.09,453,Snacks,2106,8900124571815
Haldiram's Gold Biscuits 100g,SKU-02146,GST,18,11.08,15.05,64,Snacks,1905,8903650551919
Samrat Gold Maida 1kg,SKU-02147,GST,5,56.33,77.06,257,Flours,1101,8901708049293
Tide Extra Floor Cleaner 2L,SKU-02148,GST,18,71.9,101.91,364,Household Care,3402,8901961293321
Patanjali Pro Sona Masoori Rice 10kg,SKU-02149,GST,5,1002.0,1068.97,451,Grains & Cereals,1006,8904003717758
Bingo Active Biscuits 100g,SKU-02150,GST,18,5.36,6.17,8,Snacks,1905,8906611262030
Kissan Special Salt 1kg,SKU-02151,Exempt,0,24.79,26.95,61,Condiments,2501,8901860181123
Odonil Natural Detergent Powder 4kg,SKU-02152,GST,18,109.83,123.32,187,Household Care,3402,8909879206231
Nutrela Special Chana Dal 5kg,SKU-02153,GST,5,587.54,747.34,357,Pulses,0713,8908910961968
Apple 1kg,SKU-02154,Exempt,0,107.82,117.05,77,Fresh Produce,0801,8900360816418
Tomato 1kg,SKU-02155,Exempt,0,64.95,90.97,364,Fresh Produce,0701,8901971408346
Bingo Organic Namkeen/Bhujia 400g,SKU-02156,GST,12,105.81,126.02,424,Snacks,2106,8906095806274
Emami Sunflower Oil 5L,SKU-02157,GST,5,542.87,704.26,284,Cooking Oils,1507,8905907429414
Amul Extra Ghee 1L,SKU-02158,GST,12,599.87,836.07,338,Dairy,0405,8907625384766
Bikano Extra Chocolate 250g,SKU-02159,GST,18,11.43,12.44,485,Snacks,1806,8904728617468
Patanjali Active Masoor Dal 500g,SKU-02160,GST,5,96.95,139.1,203,Pulses,0713,8902976116628
Smith & Jones Fresh Sugar 1kg,SKU-02161,GST,5,46.77,58.88,143,Condiments,1701,8906896701656
Local Cheese 1kg,SKU-02162,GST,12,192.44,224.8,85,Dairy,0406,8901572312524
Fortune Active Basmati Rice 10kg,SKU-02163,GST,5,919.75,1239.0,430,Grains & Cereals,1006,8900085894961
Catch Extra Garam Masala 50g,SKU-02164,GST,5,5.57,7.57,9,Spices,0904,8905353131845
Everest Natural Turmeric Powder 200g,SKU-02165,GST,5,6.36,7.06,81,Spices,0904,8902109129443
Milky Mist Gold Paneer 1kg,SKU-02166,GST,5,80.73,85.77,467,Dairy,0406,8908783437798
Milky Mist Active Ghee 500ml,SKU-02167,GST,12,221.74,243.01,481,Dairy,0405,8908231379981
Brooke Bond Classic Fruit Juice 200ml,SKU-02168,GST,12,39.61,50.57,82,Beverages,2009,8904265789635
Sundrop Select Groundnut Oil 5L,SKU-02169,GST,5,1342.6,1877.46,448,Cooking Oils,1507,8902634888237
Pears Select Bathing Soap 150g,SKU-02170,GST,18,6.86,8.96,108,Personal Care,3401,8905117882805
Onion 2kg,SKU-02171,Exempt,0,33.06,42.04,274,Fresh Produce,0701,8902872047676
Smith & Jones Salt 500g,SKU-02172,Exempt,0,14.31,17.86,169,Condiments,2501,8908712075313
Lizol Extra Floor Cleaner 2L,SKU-02173,GST,18,136.46,148.89,402,Household Care,3402,8902621074144
Aashirvaad Premium Maida 500g,SKU-02174,GST,5,39.25,42.49,477,Flours,1101,8904529964574
Fortune Gold Moong Dal 500g,SKU-02175,GST,5,89.41,115.78,250,Pulses,0713,8901153334972
Britannia Premium Instant Noodles 560g,SKU-02176,GST,12,11.22,15.15,387,Snacks,1902,8903434499758
Pril Dishwash Liquid 1L,SKU-02177,GST,18,111.17,149.35,273,Household Care,3402,8908178602159
Balaji Organic Potato Chips 80g,SKU-02178,GST,12,18.78,23.0,475,Snacks,2106,8903827490331
Gowardhan Natural Cheese 200g,SKU-02179,GST,12,49.74,58.62,290,Dairy,0406,8900704731483
Ching's Sugar 5kg,SKU-02180,GST,5,263.25,366.81,135,Condiments,1701,8900703666560
Tomato 1kg,SKU-02181,Exempt,0,35.13,50.83,441,Fresh Produce,0701,8902128219386
Lipton Energy Drink 330ml,SKU-02182,GST+Cess,28,172.61,233.89,73,Beverages,2202,8906439330459
Catch Classic Red Chilli Powder 500g,SKU-02183,GST,5,32.54,39.38,499,Spices,0904,8906048531234
Sunsilk Special Toothpaste 100g,SKU-02184,GST,18,7.64,10.24,301,Personal Care,3306,8908118465124
Kohinoor Basmati Rice 1kg,SKU-02185,GST,5,137.19,169.71,354,Grains & Cereals,1006,8901704836481
Nestle Extra Milk 1L,SKU-02186,Exempt,0,75.6,104.18,417,Dairy,0401,8905942193793
Nandini Fresh Paneer 500g,SKU-02187,GST,5,74.82,90.35,300,Dairy,0406,8907276768777
Gemini Groundnut Oil 5L,SKU-02188,GST,5,1008.86,1143.49,402,Cooking Oils,1507,8904174919538
Potato 1kg,SKU-02189,Exempt,0,31.31,43.58,103,Fresh Produce,0701,8903990761500
Mother Dairy Natural Paneer 200g,SKU-02190,GST,5,27.42,32.46,274,Dairy,0406,8900442364792
Banana Dozen,SKU-02191,Exempt,0,28.11,37.68,491,Fresh Produce,0801,8906164790499
Britannia Natural Milk 1L,SKU-02192,Exempt,0,64.17,91.05,200,Dairy,0401,8907996736720
Nestle Regular Potato Chips 80g,SKU-02193,GST,12,14.99,16.83,104,Snacks,2106,8907264320586
Cadbury Pro Namkeen/Bhujia 400g,SKU-02194,GST,12,134.83,190.71,322,Snacks,2106,8907155793277
Tomato Loose,SKU-02195,Exempt,0,41.56,53.92,431,Fresh Produce,0701,8907732609685
Tata Sampann Classic Turmeric Powder 100g,SKU-02196,GST,5,5.16,6.5,349,Spices,0904,8909735867943
Rin Organic Dishwash Liquid 500ml,SKU-02197,GST,18,43.94,54.86,91,Household Care,3402,8906327676596
Local Toor Dal 1kg,SKU-02198,GST,5,166.45,224.14,202,Pulses,0713,8909494715534
Ramdev Classic Garam Masala 100g,SKU-02199,GST,5,8.04,8.86,17,Spices,0904,8905377290848
Britannia Natural Instant Noodles 280g,SKU-02200,GST,12,19.68,22.7,454,Snacks,1902,8900375480780
Gemini Fresh Groundnut Oil 15L,SKU-02201,GST,5,793.67,1002.78,478,Cooking Oils,1507,8906932913696
Local Classic Urad Dal 5kg,SKU-02202,GST,5,914.97,1061.99,404,Pulses,0713,8900737304150
Salt 1kg,SKU-02203,Exempt,0,20.91,22.34,382,Condiments,2501,8902658387963
Patanjali Sona Masoori Rice 25kg,SKU-02204,GST,5,290.66,354.84,359,Grains & Cereals,1006,8906603327399
Bru Special Tea 250g,SKU-02205,GST,5,84.63,115.35,367,Beverages,0902,8909410102760
Pepsi Special Tea 250g,SKU-02206,GST,5,51.66,60.42,270,Beverages,0902,8904977973833
Potato Loose,SKU-02207,Exempt,0,19.54,27.47,233,Fresh Produce,0701,8905478935052
Everest Turmeric Powder 100g,SKU-02208,GST,5,9.03,11.39,176,Spices,0904,8906707181292
Samrat Fresh Besan 500g,SKU-02209,GST,5,51.09,56.25,256,Flours,1101,8907459984133
Tropicana Coffee 200g,SKU-02210,GST,5,53.24,75.42,263,Beverages,0901,8900791065106
Tata Sampann Classic Moong Dal 1kg,SKU-02211,GST,5,211.46,266.67,394,Pulses,0713,8908478483034
Real Fresh Cola Drink 2L,SKU-02212,GST+Cess,28,47.05,65.7,342,Beverages,2202,8904044927280
Haldiram's Regular Instant Noodles 140g,SKU-02213,GST,12,10.54,14.52,130,Snacks,1902,8906431678598
Rajdhani Classic Moong Dal 1kg,SKU-02214,GST,5,156.71,205.85,466,Pulses,0713,8905930320756
Tomato Loose,SKU-02215,Exempt,0,55.25,75.28,68,Fresh Produce,0701,8905230299966
Fortune Pro Sona Masoori Rice 1kg,SKU-02216,GST,5,102.08,121.81,498,Grains & Cereals,1006,8906540307991
Nature Fresh Pro Mustard Oil 1L,SKU-02217,GST,5,203.12,230.21,88,Cooking Oils,1507,8900129531850
Potato 1kg,SKU-02218,Exempt,0,15.72,22.46,76,Fresh Produce,0701,8900682048109
Aashirvaad Select Besan 1kg,SKU-02219,GST,5,89.86,119.83,116,Flours,1101,8908577973982
Nutrela Special Moong Dal 5kg,SKU-02220,GST,5,807.49,953.62,274,Pulses,0713,8901518272382
Ramdev Extra Red Chilli Powder 100g,SKU-02221,GST,5,6.95,7.57,180,Spices,0904,8902557688155
Haldiram's Classic Potato Chips 30g,SKU-02222,GST,12,6.24,7.61,377,Snacks,2106,8909544876150
Vim Floor Cleaner 2L,SKU-02223,GST,18,100.99,135.91,458,Household Care,3402,8905089244640
Rajdhani Besan 500g,SKU-02224,GST,5,66.45,80.75,481,Flours,1101,8905559355881
Apple Box,SKU-02225,Exempt,0,119.13,162.06,158,Fresh Produce,0801,8907777459254
Ariel Fresh Floor Cleaner 500ml,SKU-02226,GST,18,69.62,77.23,152,Household Care,3402,8909379790070
Vim Extra Floor Cleaner 1L,SKU-02227,GST,18,135.98,158.24,431,Household Care,3402,8904967416623
Odonil Detergent Powder 1kg,SKU-02228,GST,18,170.99,212.96,83,Household Care,3402,8905593502767
Patanjali Premium Toor Dal 5kg,SKU-02229,GST,5,748.05,822.53,84,Pulses,0713,8902727653145
Nandini Regular Curd 400g,SKU-02230,GST,5,37.38,53.14,424,Dairy,0403,8900054558345
Patanjali Mustard Oil 5L,SKU-02231,GST,5,1062.81,1523.31,222,Cooking Oils,1507,8908335766808
Bingo Select Instant Noodles 70g,SKU-02232,GST,12,25.02,33.72,51,Snacks,1902,8900860431715
Sundrop Special Sunflower Oil 15L,SKU-02233,GST,5,888.51,966.16,372,Cooking Oils,1507,8909793368609
Rin Detergent Powder 500g,SKU-02234,GST,18,48.82,62.5,498,Household Care,3402,8908885010558
Kohinoor Regular Sona Masoori Rice 1kg,SKU-02235,GST,5,66.38,75.13,27,Grains & Cereals,1006,8902640093339
Suhana Classic Red Chilli Powder 200g,SKU-02236,GST,5,7.91,8.31,347,Spices,0904,8903887821889
Patanjali Atta (Wheat Flour) 5kg,SKU-02237,GST,5,244.17,329.89,216,Flours,1101,8907663420834
Red Bull Pro Fruit Juice 200ml,SKU-02238,GST,12,25.58,34.46,212,Beverages,2009,8906474264404
Patanjali Tomato Ketchup 500g,SKU-02239,GST,12,89.71,109.77,127,Condiments,2103,8907958187744
Cadbury Select Instant Noodles 140g,SKU-02240,GST,12,9.46,10.27,482,Snacks,1902,8904693995315
Emami Select Sunflower Oil 5L,SKU-02241,GST,5,817.32,922.26,147,Cooking Oils,1507,8900269089649
Smith & Jones Regular Salt 500g,SKU-02242,Exempt,0,15.7,19.86,434,Condiments,2501,8902923246872
India Gate Basmati Rice 5kg,SKU-02243,GST,5,401.14,499.17,290,Grains & Cereals,1006,8904061386748
24 Mantra Natural Masoor Dal 5kg,SKU-02244,GST,5,363.17,419.9,173,Pulses,0713,8905965765786
Nestle Classic Biscuits 50g,SKU-02245,GST,18,8.37,11.63,72,Snacks,1905,8906764494363
Local Extra Cheese 200g,SKU-02246,GST,12,34.57,39.83,227,Dairy,0406,8905344200421
Colin Detergent Powder 1kg,SKU-02247,GST,18,117.01,156.34,448,Household Care,3402,8905203519198
Fortune Mustard Oil 5L,SKU-02248,GST,5,746.91,814.51,119,Cooking Oils,1507,8905850814322
Odonil Floor Cleaner 2L,SKU-02249,GST,18,168.89,205.08,109,Household Care,3402,8902790423381
Tomato Loose,SKU-02250,Exempt,0,55.09,59.55,426,Fresh Produce,0701,8907005229184
Sundrop Select Mustard Oil 15L,SKU-02251,GST,5,899.42,1220.2,190,Cooking Oils,1507,8909905270259
Britannia Regular Instant Noodles 70g,SKU-02252,GST,12,22.15,25.17,467,Snacks,1902,8908304077513
Onion Loose,SKU-02253,Exempt,0,40.65,45.17,460,Fresh Produce,0701,8902168974537
Milky Mist Natural Curd 400g,SKU-02254,GST,5,52.89,58.81,150,Dairy,0403,8903192743126
Tata Sampann Red Chilli Powder 200g,SKU-02255,GST,5,14.36,16.09,108,Spices,0904,8906165580624
Kissan Special Tomato Ketchup 1kg,SKU-02256,GST,12,103.77,127.92,76,Condiments,2103,8900367027510
Tomato 500g,SKU-02257,Exempt,0,28.71,30.62,301,Fresh Produce,0701,8900571121816
Patanjali Natural Tomato Ketchup 500g,SKU-02258,GST,12,72.7,99.48,299,Condiments,2103,8903305484951
Patanjali Classic Turmeric Powder 200g,SKU-02259,GST,5,10.54,13.52,101,Spices,0904,8902183024264
Patanjali Special Turmeric Powder 500g,SKU-02260,GST,5,20.81,26.62,78,Spices,0904,8900411548805
Amul Natural Paneer 1kg,SKU-02261,GST,5,72.75,87.78,191,Dairy,0406,8903363305754
24 Mantra Premium Sona Masoori Rice 1kg,SKU-02262,GST,5,80.12,101.44,149,Grains & Cereals,1006,8901643770217
Tomato 1kg,SKU-02263,Exempt,0,32.9,36.97,365,Fresh Produce,0701,8909283397178
Emami Regular Groundnut Oil 15L,SKU-02264,GST,5,1036.29,1338.94,196,Cooking Oils,1507,8900591739301
Apple Box,SKU-02265,Exempt,0,168.17,216.24,401,Fresh Produce,0801,8906983317936
Local Premium Chana Dal 1kg,SKU-02266,GST,5,114.39,152.75,136,Pulses,0713,8904065452593
Sundrop Groundnut Oil 1L,SKU-02267,GST,5,294.79,426.32,447,Cooking Oils,1507,8905094620785
Catch Pro Red Chilli Powder 500g,SKU-02268,GST,5,23.01,29.51,424,Spices,0904,8902602611868
Potato Loose,SKU-02269,Exempt,0,23.59,24.8,337,Fresh Produce,0701,8901949081700
Daawat Sona Masoori Rice 25kg,SKU-02270,GST,5,412.83,520.56,181,Grains & Cereals,1006,8908777701497
Nestle Active Butter 500g,SKU-02271,GST,12,45.9,50.04,293,Dairy,0405,8905696460773
Head & Shoulders Extra Bathing Soap Pack of 4,SKU-02272,GST,18,39.53,54.13,356,Personal Care,3401,8901922051356
Local Besan 1kg,SKU-02273,GST,5,109.25,141.36,185,Flours,1101,8900075167486
Colgate Extra Bathing Soap 100g,SKU-02274,GST,18,5.44,6.91,379,Personal Care,3401,8901774874779
Rajdhani Besan 1kg,SKU-02275,GST,5,72.63,91.86,195,Flours,1101,8906999712520
Milk 1L,SKU-02276,Exempt,0,58.42,74.85,81,Dairy,0401,8906719196993
Rajdhani Classic Atta (Wheat Flour) 1kg,SKU-02277,GST,5,37.37,40.38,396,Flours,1101,8908783056828
Real Natural Tea 250g,SKU-02278,GST,5,66.4,78.52,221,Beverages,0902,8902029487478
Mother Dairy Curd 200g,SKU-02279,GST,5,6.55,8.43,345,Dairy,0403,8909345173922
Nandini Butter 100g,SKU-02280,GST,12,8.46,10.61,176,Dairy,0405,8900394750557
Comfort Dishwash Liquid 500ml,SKU-02281,GST,18,68.6,87.47,239,Household Care,3402,8904312434535
Fortune Special Besan 500g,SKU-02282,GST,5,47.91,50.91,305,Flours,1101,8902720948036
Bingo Extra Potato Chips 80g,SKU-02283,GST,12,35.82,40.28,318,Snacks,2106,8904339168670
Pepsi Special Cola Drink 1.25L,SKU-02284,GST+Cess,28,137.9,176.38,144,Beverages,2202,8903944101042
Red Bull Coffee 200g,SKU-02285,GST,5,73.99,83.4,147,Beverages,0901,8909210181889
MDH Active Turmeric Powder 100g,SKU-02286,GST,5,13.63,17.51,194,Spices,0904,8907538481115
Harpic Fresh Floor Cleaner 500ml,SKU-02287,GST,18,56.62,67.82,32,Household Care,3402,8901642624554
Catch Pro Turmeric Powder 100g,SKU-02288,GST,5,5.27,7.28,179,Spices,0904,8904692239407
Milk 1L,SKU-02289,Exempt,0,50.19,60.39,36,Dairy,0401,8909547006039
Brooke Bond Cola Drink 300ml,SKU-02290,GST+Cess,28,53.44,72.65,60,Beverages,2202,8906352141202
Milky Mist Regular Cheese 1kg,SKU-02291,GST,12,148.36,179.48,201,Dairy,0406,8908095641854
Nandini Fresh Curd 200g,SKU-02292,GST,5,8.84,10.55,416,Dairy,0403,8900285915658
Local Regular Curd 1kg,SKU-02293,GST,5,43.01,57.67,285,Dairy,0403,8902905249221
Bikano Regular Potato Chips 150g,SKU-02294,GST,12,6.6,8.47,316,Snacks,2106,8904814140138
Emami Fresh Groundnut Oil 15L,SKU-02295,GST,5,1156.5,1345.94,91,Cooking Oils,1507,8906520120174
Onion Loose,SKU-02296,Exempt,0,42.34,56.34,228,Fresh Produce,0701,8909888665948
Banana Half Dozen,SKU-02297,Exempt,0,69.34,89.44,131,Fresh Produce,0801,8906759164491
Fortune Regular Masoor Dal 500g,SKU-02298,GST,5,72.36,76.71,53,Pulses,0713,8901308523156
Lipton Select Energy Drink 250ml,SKU-02299,GST+Cess,28,24.79,28.52,371,Beverages,2202,8900224626713
Amul Special Cheese 200g,SKU-02300,GST,12,29.15,40.34,392,Dairy,0406,8904238670776
Potato 1kg,SKU-02301,Exempt,0,28.34,36.95,343,Fresh Produce,0701,8909876674087
Lipton Classic Coffee 50g,SKU-02302,GST,5,21.49,25.47,411,Beverages,0901,8904003305109
Harpic Select Floor Cleaner 500ml,SKU-02303,GST,18,86.8,119.07,75,Household Care,3402,8905426541689
Lifebuoy Pro Shampoo 650ml,SKU-02304,GST,18,185.09,256.83,390,Personal Care,3305,8903985238182
Sprite Fruit Juice 200ml,SKU-02305,GST,12,35.32,50.79,325,Beverages,2009,8902786807042
Lifebuoy Toothpaste 150g,SKU-02306,GST,18,7.31,9.2,313,Personal Care,3306,8905931169921
Lifebuoy Natural Toothpaste 150g,SKU-02307,GST,18,9.68,10.38,8,Personal Care,3306,8907077508849
Local Chana Dal 5kg,SKU-02308,GST,5,396.4,471.16,198,Pulses,0713,8908662138059
Saffola Organic Mustard Oil 15L,SKU-02309,GST,5,878.77,1182.77,147,Cooking Oils,1507,8902259551330
Patanjali Extra Masoor Dal 500g,SKU-02310,GST,5,56.3,72.22,111,Pulses,0713,8905110967451
Rin Natural Detergent Powder 1kg,SKU-02311,GST,18,137.05,163.39,314,Household Care,3402,8900504173722
Patanjali Besan 500g,SKU-02312,GST,5,63.63,79.2,262,Flours,1101,8907032381281
MDH Extra Garam Masala 50g,SKU-02313,GST,5,8.07,9.9,354,Spices,0904,8905211275963
Nescafe Gold Coffee 50g,SKU-02314,GST,5,18.66,25.87,110,Beverages,0901,8903108862306
Nature Fresh Premium Sunflower Oil 15L,SKU-02315,GST,5,420.15,577.96,277,Cooking Oils,1507,8901803648510
Onion Loose,SKU-02316,Exempt,0,26.05,28.14,134,Fresh Produce,0701,8900817028461
Mother's Recipe Red Chilli Powder 500g,SKU-02317,GST,5,27.06,35.26,99,Spices,0904,8901499970320
Fortune Select Moong Dal 5kg,SKU-02318,GST,5,824.1,949.63,375,Pulses,0713,8903442106510
Potato 5kg,SKU-02319,Exempt,0,74.13,96.49,61,Fresh Produce,0701,8903135557942
Apple Loose,SKU-02320,Exempt,0,144.69,186.46,187,Fresh Produce,0801,8906721761898
Sunfeast Potato Chips 80g,SKU-02321,GST,12,33.94,46.81,256,Snacks,2106,8906775138771
Nandini Butter 500g,SKU-02322,GST,12,21.79,31.34,119,Dairy,0405,8909720487304
Saffola Organic Groundnut Oil 15L,SKU-02323,GST,5,908.06,1221.98,214,Cooking Oils,1507,8908173418807
Nestle Select Potato Chips 80g,SKU-02324,GST,12,30.01,31.99,325,Snacks,2106,8901575859391
Thums Up Natural Energy Drink 330ml,SKU-02325,GST+Cess,28,157.06,210.16,21,Beverages,2202,8905449339271
Odonil Organic Detergent Powder 1kg,SKU-02326,GST,18,88.1,106.97,269,Household Care,3402,8905670207153
Maggi Classic Tomato Ketchup 500g,SKU-02327,GST,12,96.06,114.17,354,Condiments,2103,8905535440789
Lizol Detergent Powder 1kg,SKU-02328,GST,18,176.21,220.5,274,Household Care,3402,8908922100720
Tata Sampann Select Moong Dal 5kg,SKU-02329,GST,5,716.51,1030.31,68,Pulses,0713,8902461757804
Amul Select Paneer 1kg,SKU-02330,GST,5,104.57,126.9,46,Dairy,0406,8908644262447
Apple Box,SKU-02331,Exempt,0,115.59,125.17,417,Fresh Produce,0801,8900187703325
Tata Select Tomato Ketchup 1kg,SKU-02332,GST,12,113.59,153.56,242,Condiments,2103,8903246689974
Nestle Fresh Chocolate 40g,SKU-02333,GST,18,5.57,7.63,121,Snacks,1806,8908177998992
24 Mantra Pro Toor Dal 5kg,SKU-02334,GST,5,680.06,720.14,442,Pulses,0713,8908113018643
Nandini Organic Butter 100g,SKU-02335,GST,12,10.29,13.64,422,Dairy,0405,8905181275917
Apple Loose,SKU-02336,Exempt,0,96.62,130.78,143,Fresh Produce,0801,8903256740536
Britannia Active Butter 100g,SKU-02337,GST,12,5.56,6.0,177,Dairy,0405,8904111902060
Brooke Bond Coffee 50g,SKU-02338,GST,5,25.46,28.81,406,Beverages,0901,8900522144267
Lifebuoy Extra Toothpaste 200g,SKU-02339,GST,18,19.97,25.45,347,Personal Care,3306,8902561161599
Odonil Organic Floor Cleaner 1L,SKU-02340,GST,18,150.8,183.26,364,Household Care,3402,8901845537582
Aashirvaad Classic Sugar 5kg,SKU-02341,GST,5,278.04,321.94,318,Condiments,1701,8909402323585
Lay's Potato Chips 80g,SKU-02342,GST,12,15.23,17.25,347,Snacks,2106,8905288050750
Red Bull Coffee 200g,SKU-02343,GST,5,59.76,79.15,461,Beverages,0901,8907354425247
Coca Cola Organic Coffee 100g,SKU-02344,GST,5,36.5,51.61,294,Beverages,0901,8906493046400
Everest Red Chilli Powder 200g,SKU-02345,GST,5,14.54,20.64,204,Spices,0904,8904862755377
Lay's Extra Potato Chips 150g,SKU-02346,GST,12,13.65,17.9,199,Snacks,2106,8900912104072
Nature Fresh Fresh Groundnut Oil 5L,SKU-02347,GST,5,1177.94,1257.34,391,Cooking Oils,1507,8906099324707
Balaji Active Namkeen/Bhujia 400g,SKU-02348,GST,12,87.73,125.04,411,Snacks,2106,8901743160325
Apple Box,SKU-02349,Exempt,0,97.12,126.63,265,Fresh Produce,0801,8908442789523
MDH Organic Red Chilli Powder 200g,SKU-02350,GST,5,11.61,15.56,177,Spices,0904,8904959578127
Kohinoor Select Sona Masoori Rice 25kg,SKU-02351,GST,5,417.36,582.33,415,Grains & Cereals,1006,8902718322402
Nature Fresh Active Atta (Wheat Flour) 5kg,SKU-02352,GST,5,234.89,256.25,214,Flours,1101,8904040465511
Nestle Cheese 200g,SKU-02353,GST,12,23.62,25.96,13,Dairy,0406,8905022892074
Comfort Extra Detergent Powder 1kg,SKU-02354,GST,18,106.4,151.99,274,Household Care,3402,8902767742393
Local Fresh Masoor Dal 1kg,SKU-02355,GST,5,170.17,194.28,332,Pulses,0713,8907327839692
Milk 500ml,SKU-02356,Exempt,0,30.73,38.29,392,Dairy,0401,8902143486965
Local Extra Atta (Wheat Flour) 1kg,SKU-02357,GST,5,67.71,84.0,62,Flours,1101,8900520898318
Patanjali Extra Tomato Ketchup 500g,SKU-02358,GST,12,49.96,64.9,435,Condiments,2103,8903773129734
Milky Mist Pro Milk 500ml,SKU-02359,Exempt,0,39.95,49.2,472,Dairy,0401,8905908268009
Apple Loose,SKU-02360,Exempt,0,73.03,95.82,249,Fresh Produce,0801,8901218945239
Nivea Toothpaste 150g,SKU-02361,GST,18,6.31,7.15,421,Personal Care,3306,8905998751757
Haldiram's Pro Instant Noodles 140g,SKU-02362,GST,12,13.19,16.76,280,Snacks,1902,8900609417502
Tata Sampann Premium Moong Dal 500g,SKU-02363,GST,5,49.62,62.29,284,Pulses,0713,8906758755850
Bingo Regular Potato Chips 150g,SKU-02364,GST,12,5.43,7.05,470,Snacks,2106,8907236694627
Aashirvaad Regular Basmati Rice 10kg,SKU-02365,GST,5,1106.54,1217.12,397,Grains & Cereals,1006,8902043845046
Mother Dairy Ghee 1L,SKU-02366,GST,12,493.43,556.27,156,Dairy,0405,8909394166740
Tata Sampann Garam Masala 100g,SKU-02367,GST,5,5.65,6.54,43,Spices,0904,8901066726418
Suhana Garam Masala 100g,SKU-02368,GST,5,7.41,8.72,237,Spices,0904,8907012493164
Dhara Natural Mustard Oil 5L,SKU-02369,GST,5,1199.67,1470.09,12,Cooking Oils,1507,8904704079365
Banana Half Dozen,SKU-02370,Exempt,0,62.6,70.2,226,Fresh Produce,0801,8909203273571
Britannia Ghee 1L,SKU-02371,GST,12,894.62,1293.27,84,Dairy,0405,8903008578959
Britannia Active Curd 200g,SKU-02372,GST,5,11.07,12.43,402,Dairy,0403,8906600980578
Samrat Classic Atta (Wheat Flour) 10kg,SKU-02373,GST,5,557.67,631.4,108,Flours,1101,8904136532985
Ramdev Red Chilli Powder 500g,SKU-02374,GST,5,31.81,43.61,422,Spices,0904,8900706007461
Nutrela Natural Moong Dal 500g,SKU-02375,GST,5,109.5,116.35,31,Pulses,0713,8904917443687
Milk 1L,SKU-02376,Exempt,0,45.26,48.96,188,Dairy,0401,8907740545866
Gowardhan Curd 400g,SKU-02377,GST,5,44.91,52.68,145,Dairy,0403,8902785314198
Coca Cola Fruit Juice 200ml,SKU-02378,GST,12,23.2,26.76,297,Beverages,2009,8902122339982
Britannia Premium Curd 1kg,SKU-02379,GST,5,21.47,28.54,67,Dairy,0403,8903204484567
Brooke Bond Organic Tea 500g,SKU-02380,GST,5,112.96,161.56,337,Beverages,0902,8906604568939
Mother Dairy Extra Milk 1L,SKU-02381,Exempt,0,59.21,71.66,476,Dairy,0401,8907657666476
Onion 1kg,SKU-02382,Exempt,0,37.5,50.44,180,Fresh Produce,0701,8902964552175
Apple Box,SKU-02383,Exempt,0,127.13,160.4,308,Fresh Produce,0801,8908872754422
Tomato Loose,SKU-02384,Exempt,0,43.92,46.83,460,Fresh Produce,0701,8909298738640
Apple 1kg,SKU-02385,Exempt,0,103.58,144.43,226,Fresh Produce,0801,8903903214303
Nandini Natural Milk 500ml,SKU-02386,Exempt,0,44.08,62.1,60,Dairy,0401,8901840654885
Sundrop Extra Sunflower Oil 5L,SKU-02387,GST,5,487.74,568.62,83,Cooking Oils,1507,8909615143697
Rajdhani Toor Dal 1kg,SKU-02388,GST,5,130.51,140.84,236,Pulses,0713,8909838713556
Tata Sampann Fresh Red Chilli Powder 100g,SKU-02389,GST,5,6.67,8.45,417,Spices,0904,8909586417825
Lizol Regular Detergent Powder 500g,SKU-02390,GST,18,89.76,121.17,61,Household Care,3402,8906246947629
Aashirvaad Active Sona Masoori Rice 10kg,SKU-02391,GST,5,669.62,933.45,433,Grains & Cereals,1006,8901797367990
Milk 1L,SKU-02392,Exempt,0,68.37,73.38,407,Dairy,0401,8909520387212
Britannia Gold Curd 1kg,SKU-02393,GST,5,39.88,51.99,465,Dairy,0403,8905624462201
Kissan Sugar 5kg,SKU-02394,GST,5,202.77,277.15,313,Condiments,1701,8903508243262
Fortune Masoor Dal 5kg,SKU-02395,GST,5,384.23,445.94,125,Pulses,0713,8900755984142
Apple 1kg,SKU-02396,Exempt,0,102.73,138.81,182,Fresh Produce,0801,8900745093328
Apple Loose,SKU-02397,Exempt,0,99.15,104.26,480,Fresh Produce,0801,8903109077182
Rajdhani Active Besan 500g,SKU-02398,GST,5,58.99,73.48,327,Flours,1101,8903765547617
Local Butter 200g,SKU-02399,GST,12,21.77,25.8,163,Dairy,0405,8908147126661
Gemini Fresh Sunflower Oil 15L,SKU-02400,GST,5,909.22,1164.57,450,Cooking Oils,1507,8902942702150
Lux Organic Toothpaste 100g,SKU-02401,GST,18,9.68,11.03,132,Personal Care,3306,8909062798958
Patanjali Basmati Rice 25kg,SKU-02402,GST,5,392.19,522.37,431,Grains & Cereals,1006,8909129903719
Gowardhan Extra Curd 400g,SKU-02403,GST,5,40.78,52.07,408,Dairy,0403,8905571421162
India Gate Special Basmati Rice 25kg,SKU-02404,GST,5,586.59,626.68,372,Grains & Cereals,1006,8904436436444
Pillsbury Atta (Wheat Flour) 10kg,SKU-02405,GST,5,511.88,589.25,85,Flours,1101,8900072276835
Local Classic Cheese 1kg,SKU-02406,GST,12,195.83,245.36,456,Dairy,0406,8907857109338
Gemini Premium Groundnut Oil 1L,SKU-02407,GST,5,134.63,143.7,35,Cooking Oils,1507,8906325867754
Kissan Regular Sugar 5kg,SKU-02408,GST,5,265.11,336.98,163,Condiments,1701,8907034463324
Kissan Salt 1kg,SKU-02409,Exempt,0,20.27,27.95,38,Condiments,2501,8905463517573
Nutrela Masoor Dal 500g,SKU-02410,GST,5,60.67,82.82,436,Pulses,0713,8907696595965
Everest Natural Turmeric Powder 100g,SKU-02411,GST,5,9.48,11.15,98,Spices,0904,8909648421092
Daawat Gold Basmati Rice 10kg,SKU-02412,GST,5,1287.28,1525.95,250,Grains & Cereals,1006,8909537237660
Tata Sampann Active Moong Dal 1kg,SKU-02413,GST,5,207.51,243.36,34,Pulses,0713,8902970813722
Sunfeast Regular Potato Chips 30g,SKU-02414,GST,12,12.79,15.28,392,Snacks,2106,8902439229501
Comfort Select Floor Cleaner 2L,SKU-02415,GST,18,132.45,186.64,290,Household Care,3402,8904076953908
Patanjali Tomato Ketchup 1kg,SKU-02416,GST,12,137.18,181.74,17,Condiments,2103,8900782446666
Kurkure Chocolate 250g,SKU-02417,GST,18,11.8,16.78,424,Snacks,1806,8900943868250
Real Pro Cola Drink 1.25L,SKU-02418,GST+Cess,28,204.98,267.15,89,Beverages,2202,8909726692325
Catch Natural Garam Masala 100g,SKU-02419,GST,5,7.53,8.82,428,Spices,0904,8906892704723
Comfort Organic Detergent Powder 500g,SKU-02420,GST,18,92.52,129.54,225,Household Care,3402,8906610514961
Tata Tea Energy Drink 330ml,SKU-02421,GST+Cess,28,124.9,156.23,286,Beverages,2202,8906887924494
Potato 2kg,SKU-02422,Exempt,0,25.44,31.06,367,Fresh Produce,0701,8905613440883
Comfort Regular Dishwash Liquid 250ml,SKU-02423,GST,18,25.98,32.94,67,Household Care,3402,8906934769123
Coca Cola Natural Coffee 200g,SKU-02424,GST,5,104.61,135.36,418,Beverages,0901,8900122016318
Dhara Premium Groundnut Oil 1L,SKU-02425,GST,5,250.18,286.75,55,Cooking Oils,1507,8905231336314
Tomato Loose,SKU-02426,Exempt,0,49.34,55.43,67,Fresh Produce,0701,8908967201295
Haldiram's Regular Chocolate 40g,SKU-02427,GST,18,9.56,12.47,209,Snacks,1806,8909000191765
Pillsbury Select Atta (Wheat Flour) 5kg,SKU-02428,GST,5,246.25,283.89,116,Flours,1101,8908715154746
Bikano Instant Noodles 70g,SKU-02429,GST,12,24.84,26.66,371,Snacks,1902,8908702728204
Apple Box,SKU-02430,Exempt,0,142.25,191.06,271,Fresh Produce,0801,8900834912321
Salt 500g,SKU-02431,Exempt,0,10.91,11.79,124,Condiments,2501,8902527625202
Milk 1L,SKU-02432,Exempt,0,66.02,88.48,89,Dairy,0401,8908326701167
Brooke Bond Fruit Juice 200ml,SKU-02433,GST,12,44.65,55.25,429,Beverages,2009,8908629025153
Tropicana Pro Fruit Juice 1L,SKU-02434,GST,12,117.55,134.42,13,Beverages,2009,8902209941753
Dove Premium Toothpaste 150g,SKU-02435,GST,18,6.97,9.01,148,Personal Care,3306,8901050755084
Real Fruit Juice 200ml,SKU-02436,GST,12,25.51,36.27,233,Beverages,2009,8900378467970
Tomato Loose,SKU-02437,Exempt,0,45.28,59.5,430,Fresh Produce,0701,8900583550172
Catch Garam Masala 100g,SKU-02438,GST,5,5.22,6.99,285,Spices,0904,8902901832051
Milk 500ml,SKU-02439,Exempt,0,20.09,28.29,440,Dairy,0401,8906801990502
Tata Sampann Special Urad Dal 1kg,SKU-02440,GST,5,100.18,132.21,331,Pulses,0713,8904711706485
Tata Sampann Fresh Garam Masala 100g,SKU-02441,GST,5,7.53,8.18,462,Spices,0904,8904079044813
Thums Up Classic Energy Drink 250ml,SKU-02442,GST+Cess,28,46.9,51.12,390,Beverages,2202,8904567677619
Dhara Sunflower Oil 5L,SKU-02443,GST,5,870.67,947.79,24,Cooking Oils,1507,8909217645177
Onion 1kg,SKU-02444,Exempt,0,39.32,45.24,184,Fresh Produce,0701,8903478277253
Amul Extra Ghee 5L,SKU-02445,GST,12,3359.33,4393.11,98,Dairy,0405,8908489873587
24 Mantra Fresh Basmati Rice 5kg,SKU-02446,GST,5,404.55,542.06,363,Grains & Cereals,1006,8907024093986
Pantene Shampoo 180ml,SKU-02447,GST,18,155.88,187.62,278,Personal Care,3305,8904427398356
Pril Natural Detergent Powder 500g,SKU-02448,GST,18,89.96,114.36,288,Household Care,3402,8906762273533
Tata Sampann Pro Urad Dal 1kg,SKU-02449,GST,5,99.08,108.17,222,Pulses,0713,8903340142156
Rin Special Dishwash Liquid 500ml,SKU-02450,GST,18,39.37,55.1,113,Household Care,3402,8906288623357
Onion 2kg,SKU-02451,Exempt,0,33.01,45.21,65,Fresh Produce,0701,8904344211175
Patanjali Select Toor Dal 1kg,SKU-02452,GST,5,250.71,296.58,333,Pulses,0713,8904218842463
Brooke Bond Gold Fruit Juice 1L,SKU-02453,GST,12,87.76,96.05,470,Beverages,2009,8906479246429
Sunfeast Pro Chocolate 100g,SKU-02454,GST,18,5.87,7.87,170,Snacks,1806,8903998759153
Tomato 1kg,SKU-02455,Exempt,0,63.62,73.45,488,Fresh Produce,0701,8901834792305
Aashirvaad Special Tomato Ketchup 1kg,SKU-02456,GST,12,181.7,263.29,18,Condiments,2103,8908124643786
Milky Mist Classic Cheese 200g,SKU-02457,GST,12,53.6,69.91,476,Dairy,0406,8904606696106
Nestle Natural Chocolate 100g,SKU-02458,GST,18,9.15,12.95,315,Snacks,1806,8901218790650
MDH Red Chilli Powder 200g,SKU-02459,GST,5,6.93,8.89,57,Spices,0904,8901250231600
Nutrela Pro Toor Dal 500g,SKU-02460,GST,5,131.01,162.75,290,Pulses,0713,8909868321208
Catch Sugar 5kg,SKU-02461,GST,5,221.38,265.38,440,Condiments,1701,8907966997842
Onion Loose,SKU-02462,Exempt,0,23.8,32.97,74,Fresh Produce,0701,8904607372386
Banana Half Dozen,SKU-02463,Exempt,0,50.83,72.21,169,Fresh Produce,0801,8909947576379
Lipton Premium Fruit Juice 200ml,SKU-02464,GST,12,26.85,33.55,299,Beverages,2009,8907983676074
Lux Extra Bathing Soap 75g,SKU-02465,GST,18,47.09,60.84,378,Personal Care,3401,8908150439035
Everest Red Chilli Powder 100g,SKU-02466,GST,5,10.52,12.77,328,Spices,0904,8906609635476
Potato 2kg,SKU-02467,Exempt,0,31.54,34.22,50,Fresh Produce,0701,8908426226441
Tata Tea Organic Cola Drink 600ml,SKU-02468,GST+Cess,28,43.19,50.42,261,Beverages,2202,8905935653524
Lifebuoy Toothpaste 150g,SKU-02469,GST,18,14.45,17.08,426,Personal Care,3306,8907655737485
Britannia Pro Ghee 500ml,SKU-02470,GST,12,244.09,288.61,423,Dairy,0405,8908467901752
Local Pro Cheese 1kg,SKU-02471,GST,12,165.99,211.64,394,Dairy,0406,8906523967499
Haldiram's Classic Instant Noodles 140g,SKU-02472,GST,12,11.65,13.81,24,Snacks,1902,8907008415912
Fortune Special Chana Dal 1kg,SKU-02473,GST,5,109.51,129.01,433,Pulses,0713,8908513976352
Kurkure Gold Instant Noodles 560g,SKU-02474,GST,12,14.61,19.57,387,Snacks,1902,8902040852063
Patanjali Gold Atta (Wheat Flour) 5kg,SKU-02475,GST,5,148.96,192.09,274,Flours,1101,8907372826593
Lifebuoy Shampoo 650ml,SKU-02476,GST,18,111.78,121.95,493,Personal Care,3305,8909171603330
Real Select Fruit Juice 1L,SKU-02477,GST,12,79.55,104.21,132,Beverages,2009,8906602093137
Sunfeast Pro Biscuits 50g,SKU-02478,GST,18,5.67,7.27,481,Snacks,1905,8906767777365
Smith & Jones Extra Tomato Ketchup 1kg,SKU-02479,GST,12,130.01,153.71,458,Condiments,2103,8900348195435
Mother Dairy Active Curd 200g,SKU-02480,GST,5,8.4,9.51,166,Dairy,0403,8905330892333
Lux Extra Toothpaste 100g,SKU-02481,GST,18,8.68,12.53,164,Personal Care,3306,8908550702640
Catch Premium Red Chilli Powder 200g,SKU-02482,GST,5,9.84,11.44,59,Spices,0904,8905144876216
Patanjali Organic Chana Dal 500g,SKU-02483,GST,5,70.64,86.98,454,Pulses,0713,8909730294069
Nutrela Pro Masoor Dal 1kg,SKU-02484,GST,5,107.94,142.12,85,Pulses,0713,8903589377125
Lipton Energy Drink 330ml,SKU-02485,GST+Cess,28,196.35,250.1,462,Beverages,2202,8901994951659
Bikano Organic Potato Chips 150g,SKU-02486,GST,12,13.16,17.28,155,Snacks,2106,8904645239004
Banana Dozen,SKU-02487,Exempt,0,66.41,95.72,454,Fresh Produce,0801,8908678554701
Sprite Fruit Juice 1L,SKU-02488,GST,12,135.9,161.54,28,Beverages,2009,8901467093672
Head & Shoulders Active Toothpaste 100g,SKU-02489,GST,18,10.19,13.54,34,Personal Care,3306,8904177073460
Rin Detergent Powder 500g,SKU-02490,GST,18,53.3,70.11,11,Household Care,3402,8907992164575
24 Mantra Select Basmati Rice 10kg,SKU-02491,GST,5,1207.57,1614.55,369,Grains & Cereals,1006,8903286785150
Tata Sampann Red Chilli Powder 500g,SKU-02492,GST,5,14.96,17.85,244,Spices,0904,8901556616689
Tata Sampann Natural Urad Dal 5kg,SKU-02493,GST,5,725.48,978.32,203,Pulses,0713,8904605955161
Banana Dozen,SKU-02494,Exempt,0,46.27,52.06,72,Fresh Produce,0801,8904518256961
Balaji Active Potato Chips 30g,SKU-02495,GST,12,9.3,11.88,437,Snacks,2106,8904869784879
Thums Up Fresh Fruit Juice 1L,SKU-02496,GST,12,79.38,96.84,119,Beverages,2009,8900527043692
Local Basmati Rice 1kg,SKU-02497,GST,5,87.79,100.43,486,Grains & Cereals,1006,8901274690176
Fortune Gold Atta (Wheat Flour) 10kg,SKU-02498,GST,5,504.54,631.16,222,Flours,1101,8903708553606
Gowardhan Premium Ghee 500ml,SKU-02499,GST,12,317.5,377.61,245,Dairy,0405,8903577569429
Bru Premium Cola Drink 300ml,SKU-02500,GST+Cess,28,63.17,88.56,434,Beverages,2202,8900327303248
24 Mantra Basmati Rice 10kg,SKU-02501,GST,5,793.2,1084.72,70,Grains & Cereals,1006,8903561188203
Tata Tea Special Energy Drink 330ml,SKU-02502,GST+Cess,28,138.17,199.52,499,Beverages,2202,8902185311128
Local Fresh Milk 500ml,SKU-02503,Exempt,0,38.54,47.0,206,Dairy,0401,8903694728132
Patanjali Turmeric Powder 500g,SKU-02504,GST,5,13.86,14.61,107,Spices,0904,8907902940375
Rajdhani Fresh Atta (Wheat Flour) 10kg,SKU-02505,GST,5,544.51,595.18,107,Flours,1101,8902452756719
Head & Shoulders Natural Bathing Soap 75g,SKU-02506,GST,18,26.6,32.22,237,Personal Care,3401,8908071265249
Nutrela Gold Chana Dal 5kg,SKU-02507,GST,5,540.24,601.82,375,Pulses,0713,8909838820151
Patanjali Moong Dal 1kg,SKU-02508,GST,5,149.56,173.09,50,Pulses,0713,8903616576528
Gowardhan Cheese 1kg,SKU-02509,GST,12,98.32,125.55,172,Dairy,0406,8904902948494
Patanjali Sona Masoori Rice 10kg,SKU-02510,GST,5,700.12,961.63,214,Grains & Cereals,1006,8906138865500
Odonil Extra Floor Cleaner 500ml,SKU-02511,GST,18,74.46,99.64,386,Household Care,3402,8907832395936
Tomato 500g,SKU-02512,Exempt,0,17.5,22.83,20,Fresh Produce,0701,8906618536087
Tata Tea Active Energy Drink 330ml,SKU-02513,GST+Cess,28,77.09,85.26,467,Beverages,2202,8903388112099
Tata Sampann Red Chilli Powder 200g,SKU-02514,GST,5,15.54,19.07,488,Spices,0904,8900373448365
Mother's Recipe Turmeric Powder 100g,SKU-02515,GST,5,10.79,14.34,182,Spices,0904,8906574396770
Rajdhani Masoor Dal 1kg,SKU-02516,GST,5,92.13,105.73,205,Pulses,0713,8904909546887
Aashirvaad Besan 1kg,SKU-02517,GST,5,123.54,150.9,68,Flours,1101,8900253129266
Britannia Butter 200g,SKU-02518,GST,12,19.44,27.37,356,Dairy,0405,8900958040146
Britannia Curd 1kg,SKU-02519,GST,5,46.36,48.92,18,Dairy,0403,8901900738854
Ching's Select Sugar 1kg,SKU-02520,GST,5,67.56,78.59,437,Condiments,1701,8906939089413
Britannia Paneer 1kg,SKU-02521,GST,5,99.81,125.71,78,Dairy,0406,8901305428425
Lux Gold Bathing Soap 75g,SKU-02522,GST,18,61.71,79.18,26,Personal Care,3401,8903594094294
Banana Half Dozen,SKU-02523,Exempt,0,55.34,74.45,306,Fresh Produce,0801,8900323887676
Everest Red Chilli Powder 500g,SKU-02524,GST,5,31.08,43.1,273,Spices,0904,8909513403997
Lay's Biscuits 200g,SKU-02525,GST,18,7.62,10.04,339,Snacks,1905,8903081836329
Lifebuoy Shampoo 650ml,SKU-02526,GST,18,221.43,248.48,390,Personal Care,3305,8906382071548
Milk 500ml,SKU-02527,Exempt,0,21.6,26.74,217,Dairy,0401,8900577677192
Comfort Floor Cleaner 2L,SKU-02528,GST,18,136.75,185.34,452,Household Care,3402,8903028757405
Sprite Natural Fruit Juice 200ml,SKU-02529,GST,12,36.19,38.19,218,Beverages,2009,8900677871924
Parle Pro Chocolate 250g,SKU-02530,GST,18,13.95,16.55,455,Snacks,1806,8907136496745
Milky Mist Natural Paneer 500g,SKU-02531,GST,5,52.71,71.49,186,Dairy,0406,8907448825269
Haldiram's Regular Namkeen/Bhujia 1kg,SKU-02532,GST,12,127.84,152.91,58,Snacks,2106,8901156733851
24 Mantra Select Masoor Dal 1kg,SKU-02533,GST,5,150.96,188.36,23,Pulses,0713,8905068098383
Banana Half Dozen,SKU-02534,Exempt,0,42.24,45.37,393,Fresh Produce,0801,8907586034563
Rin Dishwash Liquid 250ml,SKU-02535,GST,18,26.72,30.67,324,Household Care,3402,8905245705155
Pepsi Active Tea 1kg,SKU-02536,GST,5,285.67,361.13,8,Beverages,0902,8903242716186
Nestle Cheese 1kg,SKU-02537,GST,12,210.53,242.19,218,Dairy,0406,8902370385478
Catch Garam Masala 100g,SKU-02538,GST,5,14.91,16.78,67,Spices,0904,8909229412328
Surf Excel Pro Dishwash Liquid 500ml,SKU-02539,GST,18,47.67,63.12,133,Household Care,3402,8901854554189
Britannia Cheese 1kg,SKU-02540,GST,12,201.19,284.99,48,Dairy,0406,8904003563032
Lipton Fruit Juice 1L,SKU-02541,GST,12,90.99,119.84,450,Beverages,2009,8909047986571
Tata Sampann Active Red Chilli Powder 500g,SKU-02542,GST,5,15.43,17.11,383,Spices,0904,8905086286856
Local Select Chana Dal 500g,SKU-02543,GST,5,58.51,62.62,353,Pulses,0713,8908823092587
Patanjali Basmati Rice 25kg,SKU-02544,GST,5,745.72,981.18,206,Grains & Cereals,1006,8903163308460
Local Paneer 200g,SKU-02545,GST,5,35.28,39.19,398,Dairy,0406,8900336490847
Patanjali Gold Chana Dal 500g,SKU-02546,GST,5,58.23,84.4,135,Pulses,0713,8903031016636
Catch Red Chilli Powder 100g,SKU-02547,GST,5,13.37,15.68,153,Spices,0904,8900857962295
Banana Dozen,SKU-02548,Exempt,0,41.74,50.96,23,Fresh Produce,0801,8906600260469
Potato 5kg,SKU-02549,Exempt,0,131.88,156.17,266,Fresh Produce,0701,8909162441066
Colgate Bathing Soap Pack of 4,SKU-02550,GST,18,35.58,51.4,452,Personal Care,3401,8903216502423
Sprite Extra Cola Drink 600ml,SKU-02551,GST+Cess,28,39.71,45.73,432,Beverages,2202,8900711072985
Potato 1kg,SKU-02552,Exempt,0,35.79,46.72,388,Fresh Produce,0701,8900667148533
Lifebuoy Shampoo 180ml,SKU-02553,GST,18,231.05,266.14,299,Personal Care,3305,8905541298249
Daawat Pro Basmati Rice 1kg,SKU-02554,GST,5,113.26,149.34,286,Grains & Cereals,1006,8901520895217
Tata Pro Sugar 1kg,SKU-02555,GST,5,52.14,63.72,176,Condiments,1701,8900507324913
Kurkure Classic Chocolate 40g,SKU-02556,GST,18,14.64,19.77,192,Snacks,1806,8900274962383
Bru Classic Fruit Juice 1L,SKU-02557,GST,12,153.46,218.32,352,Beverages,2009,8903765439994
Britannia Ghee 5L,SKU-02558,GST,12,1730.58,1972.7,18,Dairy,0405,8908641486329
Dove Special Toothpaste 200g,SKU-02559,GST,18,19.92,23.57,34,Personal Care,3306,8904871590518
Nandini Butter 200g,SKU-02560,GST,12,11.09,11.91,31,Dairy,0405,8907444793911
Brooke Bond Organic Tea 500g,SKU-02561,GST,5,225.43,237.59,107,Beverages,0902,8904568848657
Local Organic Atta (Wheat Flour) 5kg,SKU-02562,GST,5,260.88,316.17,489,Flours,1101,8900723660474
Gowardhan Paneer 200g,SKU-02563,GST,5,16.32,17.15,228,Dairy,0406,8908938252894
Tomato Loose,SKU-02564,Exempt,0,62.04,68.04,14,Fresh Produce,0701,8902695775266
Kurkure Classic Biscuits 200g,SKU-02565,GST,18,7.04,9.48,223,Snacks,1905,8903678175248
Banana Half Dozen,SKU-02566,Exempt,0,49.45,69.46,85,Fresh Produce,0801,8909839303953
Bingo Chocolate 40g,SKU-02567,GST,18,11.53,16.63,101,Snacks,1806,8902987340114
Cadbury Select Instant Noodles 560g,SKU-02568,GST,12,16.81,19.86,377,Snacks,1902,8907377049909
Mother's Recipe Gold Turmeric Powder 500g,SKU-02569,GST,5,18.75,22.42,410,Spices,0904,8906597739610
Lifebuoy Organic Shampoo 650ml,SKU-02570,GST,18,108.5,134.33,470,Personal Care,3305,8906891080417
24 Mantra Organic Masoor Dal 5kg,SKU-02571,GST,5,806.13,856.66,443,Pulses,0713,8902188771699
Nestle Paneer 500g,SKU-02572,GST,5,53.19,60.78,131,Dairy,0406,8904110485786
MDH Garam Masala 50g,SKU-02573,GST,5,9.77,10.88,430,Spices,0904,8901829127898
Real Organic Fruit Juice 200ml,SKU-02574,GST,12,33.38,44.05,37,Beverages,2009,8909608415855
24 Mantra Classic Sona Masoori Rice 5kg,SKU-02575,GST,5,425.31,493.89,238,Grains & Cereals,1006,8906318559670
Brooke Bond Organic Coffee 100g,SKU-02576,GST,5,35.31,47.1,438,Beverages,0901,8901440004075
Everest Natural Turmeric Powder 100g,SKU-02577,GST,5,14.95,16.0,221,Spices,0904,8904079729682
Local Active Basmati Rice 10kg,SKU-02578,GST,5,1024.97,1160.73,141,Grains & Cereals,1006,8904979925197
Rin Dishwash Liquid 500ml,SKU-02579,GST,18,61.34,85.93,146,Household Care,3402,8907587837105
Daawat Classic Sona Masoori Rice 10kg,SKU-02580,GST,5,898.15,1192.1,258,Grains & Cereals,1006,8907185360174
Aashirvaad Classic Maida 1kg,SKU-02581,GST,5,79.17,88.13,198,Flours,1101,8900041316677
Dhara Premium Mustard Oil 5L,SKU-02582,GST,5,794.04,1148.38,456,Cooking Oils,1507,8907971763506
Fortune Chana Dal 5kg,SKU-02583,GST,5,377.14,504.72,474,Pulses,0713,8900438817676
Gowardhan Classic Butter 200g,SKU-02584,GST,12,10.73,12.76,131,Dairy,0405,8901639158464
Lipton Tea 500g,SKU-02585,GST,5,104.44,121.47,418,Beverages,0902,8907820369061
Local Extra Masoor Dal 5kg,SKU-02586,GST,5,353.33,485.92,206,Pulses,0713,8901340973122
Surf Excel Detergent Powder 4kg,SKU-02587,GST,18,134.67,164.86,170,Household Care,3402,8904053242169
Fortune Natural Moong Dal 1kg,SKU-02588,GST,5,176.57,252.15,261,Pulses,0713,8906178058138
Onion 5kg,SKU-02589,Exempt,0,130.39,148.57,402,Fresh Produce,0701,8907886455526
Britannia Premium Curd 200g,SKU-02590,GST,5,8.88,12.85,183,Dairy,0403,8905705295086
Coca Cola Select Energy Drink 330ml,SKU-02591,GST+Cess,28,88.21,119.88,180,Beverages,2202,8909989625869
Nestle Special Ghee 500ml,SKU-02592,GST,12,322.84,343.5,336,Dairy,0405,8902551517975
Banana Half Dozen,SKU-02593,Exempt,0,39.02,46.19,39,Fresh Produce,0801,8902734458019
Tropicana Pro Coffee 200g,SKU-02594,GST,5,61.74,87.99,218,Beverages,0901,8901646152653
Gowardhan Organic Ghee 500ml,SKU-02595,GST,12,465.64,633.04,25,Dairy,0405,8908101481297
Banana Dozen,SKU-02596,Exempt,0,54.45,78.24,133,Fresh Produce,0801,8903748126817
Lay's Premium Chocolate 40g,SKU-02597,GST,18,5.18,6.51,417,Snacks,1806,8909905808140
Fortune Premium Sona Masoori Rice 10kg,SKU-02598,GST,5,612.13,650.9,434,Grains & Cereals,1006,8901056358699
Onion Loose,SKU-02599,Exempt,0,53.99,58.79,364,Fresh Produce,0701,8906946021246
Tata Sampann Active Garam Masala 100g,SKU-02600,GST,5,6.78,7.52,355,Spices,0904,8905983620749
Pepsi Special Fruit Juice 1L,SKU-02601,GST,12,135.87,188.71,204,Beverages,2009,8900920331465
Patanjali Regular Turmeric Powder 200g,SKU-02602,GST,5,9.59,11.57,256,Spices,0904,8908130499504
Samrat Regular Besan 1kg,SKU-02603,GST,5,79.64,94.83,275,Flours,1101,8906295322307
Milky Mist Ghee 5L,SKU-02604,GST,12,4102.09,4939.82,53,Dairy,0405,8902613955745
Tropicana Energy Drink 250ml,SKU-02605,GST+Cess,28,41.81,55.4,442,Beverages,2202,8908393408354
Sunsilk Bathing Soap 100g,SKU-02606,GST,18,5.32,6.34,284,Personal Care,3401,8908192069656
Lay's Extra Instant Noodles 140g,SKU-02607,GST,12,10.98,15.09,492,Snacks,1902,8907622368312
Real Organic Tea 250g,SKU-02608,GST,5,52.19,59.1,383,Beverages,0902,8909557802280
Local Milk 500ml,SKU-02609,Exempt,0,23.18,27.09,449,Dairy,0401,8900269447353
Tata Sampann Select Moong Dal 5kg,SKU-02610,GST,5,844.51,1096.61,20,Pulses,0713,8903231866790
Tata Sampann Red Chilli Powder 500g,SKU-02611,GST,5,33.8,38.96,251,Spices,0904,8902011040838
Fortune Toor Dal 5kg,SKU-02612,GST,5,1095.9,1226.71,14,Pulses,0713,8901877795334
Gowardhan Fresh Ghee 1L,SKU-02613,GST,12,675.31,963.31,71,Dairy,0405,8902425777277
Rajdhani Special Toor Dal 1kg,SKU-02614,GST,5,105.38,152.6,342,Pulses,0713,8908852114846
Onion 5kg,SKU-02615,Exempt,0,184.95,237.29,207,Fresh Produce,0701,8908788420475
Comfort Dishwash Liquid 1L,SKU-02616,GST,18,77.7,102.2,410,Household Care,3402,8909477069392
Real Active Cola Drink 600ml,SKU-02617,GST+Cess,28,56.39,60.44,483,Beverages,2202,8905461679467
Colgate Gold Toothpaste 200g,SKU-02618,GST,18,15.9,21.54,269,Personal Care,3306,8906361395945
Balaji Gold Potato Chips 150g,SKU-02619,GST,12,10.6,14.3,93,Snacks,2106,8903501947377
Britannia Namkeen/Bhujia 200g,SKU-02620,GST,12,28.84,36.11,405,Snacks,2106,8909654997791
Harpic Active Floor Cleaner 2L,SKU-02621,GST,18,159.11,217.62,15,Household Care,3402,8900810014286
Pantene Classic Shampoo 650ml,SKU-02622,GST,18,170.19,200.47,169,Personal Care,3305,8907595149096
MDH Garam Masala 50g,SKU-02623,GST,5,12.13,15.8,185,Spices,0904,8908724227496
Patanjali Active Red Chilli Powder 500g,SKU-02624,GST,5,26.59,36.6,106,Spices,0904,8900517197251
Fortune Fresh Basmati Rice 10kg,SKU-02625,GST,5,1312.22,1501.19,123,Grains & Cereals,1006,8906757777342
Kissan Special Salt 1kg,SKU-02626,Exempt,0,15.06,19.82,9,Condiments,2501,8904979140771
Garnier Bathing Soap 100g,SKU-02627,GST,18,12.88,13.96,343,Personal Care,3401,8909907466697
Sunsilk Active Shampoo 340ml,SKU-02628,GST,18,235.95,332.49,388,Personal Care,3305,8901712435668
Lifebuoy Classic Shampoo 650ml,SKU-02629,GST,18,140.97,167.66,105,Personal Care,3305,8906952558767
Rajdhani Premium Atta (Wheat Flour) 10kg,SKU-02630,GST,5,464.36,591.64,52,Flours,1101,8900728394764
MDH Turmeric Powder 100g,SKU-02631,GST,5,11.09,14.48,316,Spices,0904,8903631962756
Vim Natural Dishwash Liquid 500ml,SKU-02632,GST,18,58.88,79.77,303,Household Care,3402,8905195663006
Aashirvaad Regular Sona Masoori Rice 5kg,SKU-02633,GST,5,452.68,485.06,352,Grains & Cereals,1006,8901640787048
Mother Dairy Extra Paneer 200g,SKU-02634,GST,5,30.83,43.37,105,Dairy,0406,8907396527295
Sunfeast Potato Chips 80g,SKU-02635,GST,12,24.14,32.08,176,Snacks,2106,8905489907129
Britannia Regular Chocolate 250g,SKU-02636,GST,18,13.23,17.62,98,Snacks,1806,8907002933132
Patanjali Organic Sugar 5kg,SKU-02637,GST,5,251.16,279.45,132,Condiments,1701,8906884157712
Bikano Organic Chocolate 250g,SKU-02638,GST,18,11.13,14.47,196,Snacks,1806,8901956176558
Balaji Natural Chocolate 40g,SKU-02639,GST,18,8.62,9.5,284,Snacks,1806,8905870630228
Tide Natural Floor Cleaner 2L,SKU-02640,GST,18,157.71,188.1,78,Household Care,3402,8908789715359
Pantene Toothpaste 150g,SKU-02641,GST,18,5.21,6.33,345,Personal Care,3306,8904746455072
Nescafe Premium Cola Drink 300ml,SKU-02642,GST+Cess,28,68.63,75.44,286,Beverages,2202,8905088087564
Fortune Special Mustard Oil 15L,SKU-02643,GST,5,871.74,1142.16,168,Cooking Oils,1507,8908010886797
Rajdhani Toor Dal 1kg,SKU-02644,GST,5,110.22,125.08,277,Pulses,0713,8908663646533
Patanjali Maida 1kg,SKU-02645,GST,5,45.19,57.83,122,Flours,1101,8903792262819
Banana Dozen,SKU-02646,Exempt,0,37.62,43.87,286,Fresh Produce,0801,8907345052194
Tomato 500g,SKU-02647,Exempt,0,21.51,23.71,218,Fresh Produce,0701,8900979629145
Parle Natural Potato Chips 80g,SKU-02648,GST,12,35.48,43.07,13,Snacks,2106,8909859198174
Red Bull Coffee 50g,SKU-02649,GST,5,21.23,24.03,230,Beverages,0901,8908858748955
MDH Regular Garam Masala 50g,SKU-02650,GST,5,11.12,12.8,139,Spices,0904,8904961639525
Bru Tea 500g,SKU-02651,GST,5,169.36,193.88,332,Beverages,0902,8902123848775
Catch Salt 500g,SKU-02652,Exempt,0,16.85,23.3,245,Condiments,2501,8905579832290
Dove Special Bathing Soap 75g,SKU-02653,GST,18,47.18,55.57,184,Personal Care,3401,8901736585405
Bikano Natural Namkeen/Bhujia 1kg,SKU-02654,GST,12,80.4,114.19,153,Snacks,2106,8906271239330
Patanjali Fresh Turmeric Powder 100g,SKU-02655,GST,5,12.91,18.08,193,Spices,0904,8909759809628
Kohinoor Premium Basmati Rice 25kg,SKU-02656,GST,5,552.05,703.34,396,Grains & Cereals,1006,8905788273763
Apple 1kg,SKU-02657,Exempt,0,133.91,184.15,376,Fresh Produce,0801,8903666097978
Rajdhani Classic Masoor Dal 500g,SKU-02658,GST,5,80.01,93.37,191,Pulses,0713,8900729629010
Suhana Active Garam Masala 50g,SKU-02659,GST,5,6.48,8.14,181,Spices,0904,8904630594156
Brooke Bond Coffee 50g,SKU-02660,GST,5,21.35,24.15,287,Beverages,0901,8907245819870
Thums Up Premium Fruit Juice 1L,SKU-02661,GST,12,124.43,166.08,396,Beverages,2009,8903805365972
Suhana Extra Red Chilli Powder 500g,SKU-02662,GST,5,14.18,17.46,362,Spices,0904,8900513069672
Banana Dozen,SKU-02663,Exempt,0,45.08,51.7,235,Fresh Produce,0801,8900278537982
Milky Mist Pro Curd 1kg,SKU-02664,GST,5,31.24,35.58,57,Dairy,0403,8907306390858
Aashirvaad Atta (Wheat Flour) 5kg,SKU-02665,GST,5,189.48,268.78,109,Flours,1101,8906816723866
Emami Sunflower Oil 1L,SKU-02666,GST,5,146.67,175.79,483,Cooking Oils,1507,8905957354105
Garnier Bathing Soap Pack of 3,SKU-02667,GST,18,59.16,65.21,11,Personal Care,3401,8904025898810
Pepsodent Special Bathing Soap 150g,SKU-02668,GST,18,6.51,7.73,262,Personal Care,3401,8904572080241
Potato Loose,SKU-02669,Exempt,0,15.3,18.92,491,Fresh Produce,0701,8904931660816
Ariel Special Detergent Powder 500g,SKU-02670,GST,18,92.32,120.19,228,Household Care,3402,8901340475000
Rajdhani Select Urad Dal 5kg,SKU-02671,GST,5,460.08,601.0,305,Pulses,0713,8902270699064
Kurkure Natural Chocolate 250g,SKU-02672,GST,18,13.32,17.44,383,Snacks,1806,8908036383647
Gowardhan Extra Butter 200g,SKU-02673,GST,12,13.22,16.58,385,Dairy,0405,8901708335142
Rajdhani Toor Dal 5kg,SKU-02674,GST,5,767.1,881.49,316,Pulses,0713,8900004539804
Colin Dishwash Liquid 1L,SKU-02675,GST,18,99.63,111.22,166,Household Care,3402,8901409617099
Coca Cola Gold Fruit Juice 200ml,SKU-02676,GST,12,31.19,32.92,307,Beverages,2009,8908166881303
Pepsodent Bathing Soap 150g,SKU-02677,GST,18,11.79,14.97,191,Personal Care,3401,8900164546625
Suhana Active Garam Masala 50g,SKU-02678,GST,5,7.19,7.86,230,Spices,0904,8906987622957
Himalaya Bathing Soap 150g,SKU-02679,GST,18,5.37,5.77,293,Personal Care,3401,8908971733157
Nestle Organic Paneer 200g,SKU-02680,GST,5,17.79,25.35,428,Dairy,0406,8901447165044
Britannia Paneer 200g,SKU-02681,GST,5,19.75,28.39,354,Dairy,0406,8908296945419
Nandini Curd 1kg,SKU-02682,GST,5,39.4,45.38,264,Dairy,0403,8907620938373
Britannia Pro Chocolate 100g,SKU-02683,GST,18,6.26,7.01,248,Snacks,1806,8906074146440
Nestle Regular Cheese 1kg,SKU-02684,GST,12,109.12,122.93,84,Dairy,0406,8905556183262
Nandini Extra Milk 500ml,SKU-02685,Exempt,0,29.68,41.17,299,Dairy,0401,8905425275056
Pepsi Energy Drink 250ml,SKU-02686,GST+Cess,28,46.62,61.02,274,Beverages,2202,8902072712633
Tata Sampann Pro Urad Dal 5kg,SKU-02687,GST,5,887.47,1007.06,276,Pulses,0713,8901326727332
Catch Turmeric Powder 200g,SKU-02688,GST,5,10.67,13.04,154,Spices,0904,8906958819468
Mother's Recipe Active Garam Masala 100g,SKU-02689,GST,5,9.58,11.17,315,Spices,0904,8909313675726
Ramdev Premium Turmeric Powder 500g,SKU-02690,GST,5,23.39,27.65,212,Spices,0904,8906783203161
Rin Floor Cleaner 500ml,SKU-02691,GST,18,65.74,69.42,129,Household Care,3402,8904038833315
Nivea Shampoo 180ml,SKU-02692,GST,18,107.59,130.1,148,Personal Care,3305,8908023628019
Rajdhani Gold Maida 500g,SKU-02693,GST,5,20.33,23.59,458,Flours,1101,8903978157341
Patanjali Premium Masoor Dal 500g,SKU-02694,GST,5,79.26,107.79,11,Pulses,0713,8908623650460
Nestle Pro Ghee 5L,SKU-02695,GST,12,3817.71,4483.43,492,Dairy,0405,8907892251826
Lux Special Toothpaste 100g,SKU-02696,GST,18,9.16,9.86,276,Personal Care,3306,8904015799706
Mother Dairy Butter 100g,SKU-02697,GST,12,8.44,9.48,494,Dairy,0405,8906866508368
Nestle Regular Milk 500ml,SKU-02698,Exempt,0,28.05,34.42,120,Dairy,0401,8907308714390
India Gate Premium Sona Masoori Rice 5kg,SKU-02699,GST,5,490.97,582.54,409,Grains & Cereals,1006,8906260702474
Real Fruit Juice 1L,SKU-02700,GST,12,148.79,206.41,320,Beverages,2009,8902132738152
Nandini Active Ghee 500ml,SKU-02701,GST,12,366.41,483.02,94,Dairy,0405,8905401493847
Nature Fresh Gold Groundnut Oil 1L,SKU-02702,GST,5,226.16,273.82,164,Cooking Oils,1507,8905947800792
Nutrela Fresh Moong Dal 1kg,SKU-02703,GST,5,136.77,197.6,432,Pulses,0713,8908375550458
Local Classic Besan 1kg,SKU-02704,GST,5,50.05,67.4,387,Flours,1101,8907099031721
Lux Extra Bathing Soap 100g,SKU-02705,GST,18,7.52,10.02,6,Personal Care,3401,8904333156964
Potato Loose,SKU-02706,Exempt,0,20.87,22.17,458,Fresh Produce,0701,8909335206226
Apple Loose,SKU-02707,Exempt,0,151.76,167.27,202,Fresh Produce,0801,8906331614082
Kohinoor Gold Sona Masoori Rice 1kg,SKU-02708,GST,5,73.37,97.32,66,Grains & Cereals,1006,8909945740519
Garnier Extra Shampoo 650ml,SKU-02709,GST,18,109.76,118.48,463,Personal Care,3305,8900056735263
Patanjali Groundnut Oil 1L,SKU-02710,GST,5,284.36,325.72,98,Cooking Oils,1507,8904130228671
Apple 1kg,SKU-02711,Exempt,0,151.67,160.57,155,Fresh Produce,0801,8909235777414
Haldiram's Potato Chips 80g,SKU-02712,GST,12,15.88,18.82,82,Snacks,2106,8902799752615
Coca Cola Cola Drink 300ml,SKU-02713,GST+Cess,28,63.89,81.24,132,Beverages,2202,8901715111424
Gowardhan Curd 400g,SKU-02714,GST,5,31.29,37.41,161,Dairy,0403,8906731371741
Haldiram's Namkeen/Bhujia 1kg,SKU-02715,GST,12,91.4,107.71,468,Snacks,2106,8905085703401
Lux Toothpaste 150g,SKU-02716,GST,18,5.01,5.44,19,Personal Care,3306,8906130112738
Fortune Maida 500g,SKU-02717,GST,5,21.74,30.98,498,Flours,1101,8905796564001
Bikano Special Namkeen/Bhujia 1kg,SKU-02718,GST,12,81.59,89.91,209,Snacks,2106,8900782411643
Nutrela Pro Moong Dal 5kg,SKU-02719,GST,5,595.15,782.22,436,Pulses,0713,8901147546624
Lipton Natural Cola Drink 600ml,SKU-02720,GST+Cess,28,69.9,75.14,222,Beverages,2202,8904211684603
Sprite Regular Cola Drink 1.25L,SKU-02721,GST+Cess,28,267.02,316.47,81,Beverages,2202,8903466521746
Rajdhani Natural Toor Dal 500g,SKU-02722,GST,5,62.25,76.15,448,Pulses,0713,8904950605411
Rin Regular Dishwash Liquid 500ml,SKU-02723,GST,18,75.88,99.16,153,Household Care,3402,8906310789078
Patanjali Red Chilli Powder 200g,SKU-02724,GST,5,6.64,8.45,397,Spices,0904,8908304154474
Nescafe Organic Coffee 50g,SKU-02725,GST,5,26.5,31.76,340,Beverages,0901,8909736970168
Dhara Natural Groundnut Oil 5L,SKU-02726,GST,5,677.51,930.53,364,Cooking Oils,1507,8907504093701
Britannia Curd 1kg,SKU-02727,GST,5,39.38,52.32,142,Dairy,0403,8900952905509
Sundrop Active Mustard Oil 15L,SKU-02728,GST,5,841.62,1062.34,233,Cooking Oils,1507,8902668063992
Tata Sampann Regular Chana Dal 1kg,SKU-02729,GST,5,71.95,85.51,142,Pulses,0713,8900627890880
Patanjali Regular Sugar 1kg,SKU-02730,GST,5,38.93,51.27,65,Condiments,1701,8907959282233
Gowardhan Milk 1L,SKU-02731,Exempt,0,42.54,44.71,358,Dairy,0401,8903856162714
Milk 500ml,SKU-02732,Exempt,0,38.99,48.65,78,Dairy,0401,8903573742142
Tomato Loose,SKU-02733,Exempt,0,47.33,54.21,251,Fresh Produce,0701,8904158719942
Fortune Special Sunflower Oil 15L,SKU-02734,GST,5,1034.5,1142.48,496,Cooking Oils,1507,8905309558779
Odonil Floor Cleaner 500ml,SKU-02735,GST,18,56.37,76.86,255,Household Care,3402,8903795723816
Ariel Active Detergent Powder 500g,SKU-02736,GST,18,52.38,61.72,57,Household Care,3402,8901330107535
Surf Excel Organic Detergent Powder 500g,SKU-02737,GST,18,75.6,96.82,493,Household Care,3402,8908412322232
Onion 1kg,SKU-02738,Exempt,0,45.84,64.39,445,Fresh Produce,0701,8907094391370
Real Cola Drink 2L,SKU-02739,GST+Cess,28,37.02,48.02,68,Beverages,2202,8903168226080
Cadbury Instant Noodles 140g,SKU-02740,GST,12,6.07,6.94,478,Snacks,1902,8907844988380
24 Mantra Sona Masoori Rice 10kg,SKU-02741,GST,5,955.71,1310.83,283,Grains & Cereals,1006,8901133704946
Milky Mist Special Cheese 400g,SKU-02742,GST,12,124.73,152.9,254,Dairy,0406,8900053558823
Patanjali Regular Toor Dal 5kg,SKU-02743,GST,5,963.55,1311.99,19,Pulses,0713,8908293850284
Coca Cola Coffee 200g,SKU-02744,GST,5,115.51,165.71,268,Beverages,0901,8907537156415
Nature Fresh Besan 500g,SKU-02745,GST,5,59.64,71.72,218,Flours,1101,8907063311916
Ariel Special Dishwash Liquid 250ml,SKU-02746,GST,18,21.41,24.37,309,Household Care,3402,8903731340377
Bikano Premium Instant Noodles 560g,SKU-02747,GST,12,21.72,24.67,297,Snacks,1902,8903061892004
Dhara Groundnut Oil 1L,SKU-02748,GST,5,154.49,168.18,98,Cooking Oils,1507,8904742468473
Britannia Classic Ghee 1L,SKU-02749,GST,12,772.27,1102.81,432,Dairy,0405,8902990536791
Amul Pro Butter 200g,SKU-02750,GST,12,21.21,28.62,22,Dairy,0405,8909578903550
Brooke Bond Energy Drink 330ml,SKU-02751,GST+Cess,28,181.02,257.96,387,Beverages,2202,8904456578174
Fortune Special Chana Dal 500g,SKU-02752,GST,5,48.82,69.35,330,Pulses,0713,8905155674092
Apple Box,SKU-02753,Exempt,0,141.06,193.19,312,Fresh Produce,0801,8909300134140
Fortune Mustard Oil 5L,SKU-02754,GST,5,484.52,522.73,135,Cooking Oils,1507,8904654840000
Tata Sampann Select Chana Dal 500g,SKU-02755,GST,5,73.48,84.65,188,Pulses,0713,8904976834875
Britannia Premium Cheese 400g,SKU-02756,GST,12,121.23,170.7,302,Dairy,0406,8909246625760
Nandini Special Milk 1L,SKU-02757,Exempt,0,75.62,82.1,264,Dairy,0401,8901216525081
Patanjali Premium Groundnut Oil 15L,SKU-02758,GST,5,897.79,981.77,486,Cooking Oils,1507,8900717416477
Pantene Regular Shampoo 180ml,SKU-02759,GST,18,208.26,276.22,462,Personal Care,3305,8903231976702
Nature Fresh Regular Groundnut Oil 5L,SKU-02760,GST,5,997.6,1148.83,154,Cooking Oils,1507,8904696458924
Vim Detergent Powder 500g,SKU-02761,GST,18,62.75,78.65,400,Household Care,3402,8901137244792
Parle Special Potato Chips 150g,SKU-02762,GST,12,5.92,8.25,473,Snacks,2106,8904894009465
Bru Natural Energy Drink 330ml,SKU-02763,GST+Cess,28,183.72,251.37,84,Beverages,2202,8904887807376
Garnier Shampoo 650ml,SKU-02764,GST,18,173.98,200.4,297,Personal Care,3305,8907378053425
Mother Dairy Curd 1kg,SKU-02765,GST,5,25.05,27.57,280,Dairy,0403,8909747676660
Odonil Regular Dishwash Liquid 250ml,SKU-02766,GST,18,27.23,38.33,88,Household Care,3402,8906425993176
Parle Potato Chips 30g,SKU-02767,GST,12,9.2,12.82,168,Snacks,2106,8909105639670
Sunsilk Shampoo 340ml,SKU-02768,GST,18,183.78,228.35,427,Personal Care,3305,8901405770250
Ariel Extra Dishwash Liquid 500ml,SKU-02769,GST,18,77.4,89.2,149,Household Care,3402,8900998575256
Lifebuoy Organic Bathing Soap Pack of 3,SKU-02770,GST,18,61.07,70.65,387,Personal Care,3401,8908455576633
Nature Fresh Premium Sunflower Oil 1L,SKU-02771,GST,5,177.53,256.2,18,Cooking Oils,1507,8909530727728
Nivea Bathing Soap 100g,SKU-02772,GST,18,8.27,10.36,289,Personal Care,3401,8907089426603
Tata Sampann Turmeric Powder 500g,SKU-02773,GST,5,10.1,13.18,403,Spices,0904,8907644829435
Onion 5kg,SKU-02774,Exempt,0,227.83,278.62,119,Fresh Produce,0701,8907778424716
Patanjali Regular Chana Dal 500g,SKU-02775,GST,5,55.86,79.76,224,Pulses,0713,8909507259250
Nestle Gold Paneer 1kg,SKU-02776,GST,5,86.68,112.27,276,Dairy,0406,8900798230700
Brooke Bond Fresh Cola Drink 600ml,SKU-02777,GST+Cess,28,61.19,82.6,427,Beverages,2202,8909023743269
Tide Select Floor Cleaner 1L,SKU-02778,GST,18,80.74,84.9,361,Household Care,3402,8906959911294
Ramdev Natural Turmeric Powder 100g,SKU-02779,GST,5,6.07,6.75,241,Spices,0904,8909146595112
Potato 1kg,SKU-02780,Exempt,0,35.84,46.27,202,Fresh Produce,0701,8906694239438
Rin Detergent Powder 4kg,SKU-02781,GST,18,131.16,182.93,386,Household Care,3402,8904288463773
Local Special Urad Dal 5kg,SKU-02782,GST,5,473.67,543.52,422,Pulses,0713,8902772179316
Britannia Special Cheese 200g,SKU-02783,GST,12,32.63,36.32,232,Dairy,0406,8909924483726
Parle Biscuits 200g,SKU-02784,GST,18,10.11,11.59,266,Snacks,1905,8908949128672
Coca Cola Organic Fruit Juice 1L,SKU-02785,GST,12,124.76,157.87,475,Beverages,2009,8909104076296
Britannia Pro Instant Noodles 280g,SKU-02786,GST,12,22.66,26.35,385,Snacks,1902,8905731802040
Tata Sampann Premium Toor Dal 5kg,SKU-02787,GST,5,810.57,884.26,40,Pulses,0713,8902943370265
MDH Garam Masala 100g,SKU-02788,GST,5,5.1,6.08,20,Spices,0904,8901935311015
Bru Fruit Juice 1L,SKU-02789,GST,12,118.72,135.35,453,Beverages,2009,8901370017493
Local Milk 500ml,SKU-02790,Exempt,0,49.47,52.08,488,Dairy,0401,8901737339701
Tomato 500g,SKU-02791,Exempt,0,29.09,35.36,44,Fresh Produce,0701,8908922400613
Tropicana Organic Cola Drink 1.25L,SKU-02792,GST+Cess,28,313.18,403.2,479,Beverages,2202,8906025143580
Nutrela Gold Moong Dal 1kg,SKU-02793,GST,5,92.47,117.7,441,Pulses,0713,8900045015311
Bingo Namkeen/Bhujia 1kg,SKU-02794,GST,12,61.11,87.73,251,Snacks,2106,8906934779660
Rajdhani Special Masoor Dal 5kg,SKU-02795,GST,5,534.54,629.01,184,Pulses,0713,8900422464069
Local Toor Dal 5kg,SKU-02796,GST,5,777.19,850.13,378,Pulses,0713,8907541827711
Patanjali Regular Urad Dal 5kg,SKU-02797,GST,5,699.47,837.71,289,Pulses,0713,8900197557082
Ching's Special Sugar 5kg,SKU-02798,GST,5,362.09,418.24,380,Condiments,1701,8904144294267
Dove Bathing Soap Pack of 4,SKU-02799,GST,18,26.83,31.89,27,Personal Care,3401,8901513786268
Patanjali Classic Toor Dal 1kg,SKU-02800,GST,5,143.17,164.92,215,Pulses,0713,8909814207681
Everest Garam Masala 50g,SKU-02801,GST,5,14.02,15.95,189,Spices,0904,8909723976610
Rajdhani Masoor Dal 500g,SKU-02802,GST,5,85.9,101.27,19,Pulses,0713,8907601751800
Mother's Recipe Pro Garam Masala 100g,SKU-02803,GST,5,6.79,9.77,190,Spices,0904,8907618677066
Lipton Gold Coffee 200g,SKU-02804,GST,5,102.34,113.98,428,Beverages,0901,8902834914309
Mother Dairy Pro Ghee 1L,SKU-02805,GST,12,598.86,671.13,191,Dairy,0405,8909783367408
Odonil Pro Detergent Powder 500g,SKU-02806,GST,18,96.07,102.6,308,Household Care,3402,8909447698801
Daawat Basmati Rice 10kg,SKU-02807,GST,5,1348.64,1448.89,115,Grains & Cereals,1006,8906108802570
Banana Dozen,SKU-02808,Exempt,0,60.35,72.98,128,Fresh Produce,0801,8907035595915
Nestle Curd 400g,SKU-02809,GST,5,45.86,56.14,216,Dairy,0403,8902965863602
Gemini Groundnut Oil 5L,SKU-02810,GST,5,1068.76,1518.12,419,Cooking Oils,1507,8900922545080
Salt 1kg,SKU-02811,Exempt,0,31.62,39.06,109,Condiments,2501,8908718341000
Tata Sampann Red Chilli Powder 200g,SKU-02812,GST,5,8.94,10.41,496,Spices,0904,8903930046035
Nivea Premium Toothpaste 150g,SKU-02813,GST,18,11.09,15.43,326,Personal Care,3306,8907064937590
Rajdhani Classic Chana Dal 1kg,SKU-02814,GST,5,125.91,179.91,387,Pulses,0713,8908304702789
Potato 5kg,SKU-02815,Exempt,0,94.96,104.02,101,Fresh Produce,0701,8900050198575
24 Mantra Urad Dal 500g,SKU-02816,GST,5,90.0,94.51,149,Pulses,0713,8902740628285
Tomato Loose,SKU-02817,Exempt,0,41.85,47.02,194,Fresh Produce,0701,8902851550135
Milky Mist Gold Cheese 400g,SKU-02818,GST,12,96.13,117.77,266,Dairy,0406,8907505139184
Amul Select Milk 500ml,SKU-02819,Exempt,0,22.33,23.64,370,Dairy,0401,8900740451569
Lay's Active Chocolate 40g,SKU-02820,GST,18,12.0,13.3,401,Snacks,1806,8906899473879
India Gate Extra Sona Masoori Rice 5kg,SKU-02821,GST,5,258.04,291.96,29,Grains & Cereals,1006,8906056360712
Nutrela Fresh Urad Dal 500g,SKU-02822,GST,5,87.58,113.32,157,Pulses,0713,8909125819366
Kurkure Potato Chips 30g,SKU-02823,GST,12,14.68,17.47,359,Snacks,2106,8903145945681
Fortune Special Groundnut Oil 15L,SKU-02824,GST,5,1547.82,2192.42,200,Cooking Oils,1507,8903187989763
Aashirvaad Fresh Besan 500g,SKU-02825,GST,5,27.28,30.34,427,Flours,1101,8903338831960
Britannia Active Ghee 500ml,SKU-02826,GST,12,342.44,394.97,17,Dairy,0405,8904386668470
Thums Up Coffee 50g,SKU-02827,GST,5,13.45,14.98,166,Beverages,0901,8907896636805
Local Atta (Wheat Flour) 1kg,SKU-02828,GST,5,30.55,38.86,274,Flours,1101,8902330970199
Lipton Energy Drink 330ml,SKU-02829,GST+Cess,28,137.5,179.07,243,Beverages,2202,8905186210986
Aashirvaad Sona Masoori Rice 25kg,SKU-02830,GST,5,497.65,659.01,263,Grains & Cereals,1006,8901689600668
Colin Pro Detergent Powder 500g,SKU-02831,GST,18,81.51,87.12,377,Household Care,3402,8902528465806
Brooke Bond Active Energy Drink 330ml,SKU-02832,GST+Cess,28,95.97,111.73,345,Beverages,2202,8909979703108
Apple 1kg,SKU-02833,Exempt,0,149.74,194.23,473,Fresh Produce,0801,8905448789048
Nature Fresh Besan 1kg,SKU-02834,GST,5,118.31,139.29,198,Flours,1101,8907260213180
Tata Sampann Red Chilli Powder 500g,SKU-02835,GST,5,19.78,23.3,332,Spices,0904,8909974308780
Rin Dishwash Liquid 500ml,SKU-02836,GST,18,39.17,56.41,402,Household Care,3402,8905371268870
Tata Sampann Special Chana Dal 1kg,SKU-02837,GST,5,111.17,158.99,55,Pulses,0713,8903731421756
Milky Mist Organic Butter 200g,SKU-02838,GST,12,22.03,25.35,105,Dairy,0405,8901782730597
Tata Sampann Classic Turmeric Powder 100g,SKU-02839,GST,5,13.25,18.8,230,Spices,0904,8908464015774
Tata Sampann Regular Turmeric Powder 100g,SKU-02840,GST,5,11.98,15.03,167,Spices,0904,8906525542458
Tata Sampann Pro Red Chilli Powder 200g,SKU-02841,GST,5,12.0,15.35,33,Spices,0904,8907226794060
Britannia Regular Paneer 500g,SKU-02842,GST,5,41.82,46.65,372,Dairy,0406,8903868833923
Thums Up Active Energy Drink 330ml,SKU-02843,GST+Cess,28,95.77,125.34,134,Beverages,2202,8906862966103
Emami Groundnut Oil 5L,SKU-02844,GST,5,860.16,1094.0,291,Cooking Oils,1507,8904371492627
Rajdhani Maida 500g,SKU-02845,GST,5,18.18,24.4,81,Flours,1101,8906646096149
Onion Loose,SKU-02846,Exempt,0,40.71,49.74,187,Fresh Produce,0701,8909545430017
Bru Active Cola Drink 2L,SKU-02847,GST+Cess,28,56.8,79.39,377,Beverages,2202,8904205225898
Patanjali Tomato Ketchup 500g,SKU-02848,GST,12,102.37,115.61,60,Condiments,2103,8906656910708
Comfort Gold Detergent Powder 1kg,SKU-02849,GST,18,198.12,272.52,52,Household Care,3402,8903402500642
Local Organic Ghee 1L,SKU-02850,GST,12,484.86,670.47,335,Dairy,0405,8904652650534
Coca Cola Organic Coffee 200g,SKU-02851,GST,5,59.06,85.54,12,Beverages,0901,8902859538875
Sundrop Pro Mustard Oil 5L,SKU-02852,GST,5,514.26,688.83,349,Cooking Oils,1507,8905528230164
Aashirvaad Active Maida 500g,SKU-02853,GST,5,33.74,42.11,365,Flours,1101,8904443329457
Tropicana Select Cola Drink 2L,SKU-02854,GST+Cess,28,66.64,71.41,443,Beverages,2202,8907724649728
Patanjali Premium Atta (Wheat Flour) 1kg,SKU-02855,GST,5,46.04,59.9,410,Flours,1101,8901009978442
Sunfeast Natural Instant Noodles 140g,SKU-02856,GST,12,11.36,12.52,70,Snacks,1902,8908265859702
Patanjali Gold Chana Dal 5kg,SKU-02857,GST,5,303.24,396.43,245,Pulses,0713,8909991584345
Kissan Natural Salt 500g,SKU-02858,Exempt,0,11.17,15.84,145,Condiments,2501,8900708063139
Nature Fresh Special Sunflower Oil 1L,SKU-02859,GST,5,207.15,262.24,406,Cooking Oils,1507,8904590731282
Banana Dozen,SKU-02860,Exempt,0,45.31,59.13,53,Fresh Produce,0801,8908154478893
Ching's Tomato Ketchup 500g,SKU-02861,GST,12,50.43,70.21,232,Condiments,2103,8900950626327
Aashirvaad Fresh Sugar 5kg,SKU-02862,GST,5,182.09,215.57,83,Condiments,1701,8900798047078
Nestle Instant Noodles 140g,SKU-02863,GST,12,10.17,12.69,173,Snacks,1902,8902399963691
Bru Organic Cola Drink 1.25L,SKU-02864,GST+Cess,28,190.94,266.66,417,Beverages,2202,8909838579282
Aashirvaad Regular Sugar 1kg,SKU-02865,GST,5,52.26,74.06,58,Condiments,1701,8905995274787
Britannia Special Paneer 1kg,SKU-02866,GST,5,120.64,135.99,109,Dairy,0406,8901793134756
Banana Dozen,SKU-02867,Exempt,0,44.7,58.21,77,Fresh Produce,0801,8901000278649
Bingo Namkeen/Bhujia 1kg,SKU-02868,GST,12,60.96,64.13,66,Snacks,2106,8902538063190
Gemini Sunflower Oil 5L,SKU-02869,GST,5,1028.11,1165.13,378,Cooking Oils,1507,8908792746226
Thums Up Special Fruit Juice 1L,SKU-02870,GST,12,91.39,98.76,456,Beverages,2009,8905243872075
Suhana Select Garam Masala 50g,SKU-02871,GST,5,8.0,10.49,142,Spices,0904,8901996459624
Lifebuoy Organic Shampoo 650ml,SKU-02872,GST,18,106.05,135.73,482,Personal Care,3305,8902771573685
Tomato Loose,SKU-02873,Exempt,0,57.65,81.19,84,Fresh Produce,0701,8905110318672
Potato 2kg,SKU-02874,Exempt,0,20.03,27.67,196,Fresh Produce,0701,8906619667601
Fortune Organic Sunflower Oil 15L,SKU-02875,GST,5,551.84,799.02,398,Cooking Oils,1507,8901026557647
Emami Groundnut Oil 15L,SKU-02876,GST,5,949.56,1170.99,103,Cooking Oils,1507,8902977410506
Real Active Cola Drink 300ml,SKU-02877,GST+Cess,28,38.62,41.39,406,Beverages,2202,8904621470616
Gemini Natural Sunflower Oil 5L,SKU-02878,GST,5,933.12,1274.84,169,Cooking Oils,1507,8903428907816
Nandini Ghee 500ml,SKU-02879,GST,12,226.21,316.03,250,Dairy,0405,8901066169036
Tata Classic Tomato Ketchup 1kg,SKU-02880,GST,12,119.53,131.23,341,Condiments,2103,8909779631994
Mother's Recipe Turmeric Powder 100g,SKU-02881,GST,5,10.5,12.16,220,Spices,0904,8901229830878
Bru Cola Drink 2L,SKU-02882,GST+Cess,28,65.38,82.75,469,Beverages,2202,8908243759686
Thums Up Pro Energy Drink 330ml,SKU-02883,GST+Cess,28,131.09,150.94,262,Beverages,2202,8902300971547
Patanjali Regular Sunflower Oil 1L,SKU-02884,GST,5,191.24,215.67,394,Cooking Oils,1507,8903672115678
Banana Dozen,SKU-02885,Exempt,0,35.01,44.25,490,Fresh Produce,0801,8904649137165
Apple Box,SKU-02886,Exempt,0,143.03,194.96,343,Fresh Produce,0801,8901596378131
Himalaya Extra Toothpaste 100g,SKU-02887,GST,18,12.27,16.36,200,Personal Care,3306,8909004790464
Patanjali Classic Chana Dal 1kg,SKU-02888,GST,5,139.23,184.19,284,Pulses,0713,8901519394278
Bikano Gold Namkeen/Bhujia 1kg,SKU-02889,GST,12,110.76,146.68,227,Snacks,2106,8908900986068
Banana Half Dozen,SKU-02890,Exempt,0,46.87,61.19,450,Fresh Produce,0801,8906117729420
Mother's Recipe Turmeric Powder 100g,SKU-02891,GST,5,5.3,6.29,270,Spices,0904,8905824049779
Pril Dishwash Liquid 1L,SKU-02892,GST,18,71.54,103.69,22,Household Care,3402,8903031518617
Emami Active Mustard Oil 1L,SKU-02893,GST,5,203.68,263.62,329,Cooking Oils,1507,8907641949583
Local Classic Basmati Rice 1kg,SKU-02894,GST,5,71.19,78.63,445,Grains & Cereals,1006,8906334922777
Apple Box,SKU-02895,Exempt,0,163.54,182.54,264,Fresh Produce,0801,8902395543448
Kohinoor Basmati Rice 5kg,SKU-02896,GST,5,603.48,661.94,165,Grains & Cereals,1006,8905769415139
Real Natural Energy Drink 330ml,SKU-02897,GST+Cess,28,96.01,136.72,245,Beverages,2202,8905083973175
Britannia Natural Cheese 200g,SKU-02898,GST,12,25.86,29.58,362,Dairy,0406,8902139579656
Amul Fresh Cheese 400g,SKU-02899,GST,12,201.02,241.13,11,Dairy,0406,8906455804829
Tata Sampann Chana Dal 1kg,SKU-02900,GST,5,78.76,94.64,192,Pulses,0713,8905872937062
Garnier Bathing Soap 150g,SKU-02901,GST,18,12.24,14.72,273,Personal Care,3401,8900558226231
Mother's Recipe Premium Turmeric Powder 200g,SKU-02902,GST,5,8.7,12.09,330,Spices,0904,8907034147756
Colin Dishwash Liquid 1L,SKU-02903,GST,18,74.62,92.9,126,Household Care,3402,8907998708053
Lipton Pro Fruit Juice 200ml,SKU-02904,GST,12,36.87,48.37,402,Beverages,2009,8903965753764
Rajdhani Pro Chana Dal 500g,SKU-02905,GST,5,68.75,97.67,84,Pulses,0713,8902208346442
Cadbury Potato Chips 150g,SKU-02906,GST,12,10.18,12.51,291,Snacks,2106,8906069939945
Banana Half Dozen,SKU-02907,Exempt,0,36.79,49.23,320,Fresh Produce,0801,8902162986042
Pepsi Coffee 100g,SKU-02908,GST,5,56.68,61.91,34,Beverages,0901,8903630569562
Local Masoor Dal 500g,SKU-02909,GST,5,75.62,81.62,114,Pulses,0713,8905288899088
Tropicana Cola Drink 300ml,SKU-02910,GST+Cess,28,31.02,43.54,6,Beverages,2202,8907149236036
Tata Tea Fruit Juice 1L,SKU-02911,GST,12,142.86,166.36,405,Beverages,2009,8904372132677
Suhana Natural Turmeric Powder 500g,SKU-02912,GST,5,21.36,23.05,305,Spices,0904,8901804384309
Sprite Special Tea 500g,SKU-02913,GST,5,241.23,289.55,371,Beverages,0902,8904218180187
24 Mantra Gold Moong Dal 500g,SKU-02914,GST,5,97.99,130.03,121,Pulses,0713,8901126597460
Aashirvaad Fresh Atta (Wheat Flour) 1kg,SKU-02915,GST,5,32.7,35.28,275,Flours,1101,8901704232758
Pepsi Gold Energy Drink 250ml,SKU-02916,GST+Cess,28,35.38,45.8,90,Beverages,2202,8900630416527
Nestle Cheese 200g,SKU-02917,GST,12,50.31,54.9,299,Dairy,0406,8905310017925
Banana Half Dozen,SKU-02918,Exempt,0,34.87,44.19,14,Fresh Produce,0801,8901370209819
Tata Sampann Organic Urad Dal 500g,SKU-02919,GST,5,80.58,97.1,448,Pulses,0713,8903607727204
Fortune Groundnut Oil 15L,SKU-02920,GST,5,611.64,822.25,463,Cooking Oils,1507,8903533350162
Catch Gold Turmeric Powder 200g,SKU-02921,GST,5,13.43,17.2,198,Spices,0904,8901730515133
Pears Shampoo 180ml,SKU-02922,GST,18,178.12,190.95,447,Personal Care,3305,8909240741359
Garnier Bathing Soap Pack of 3,SKU-02923,GST,18,37.49,42.91,30,Personal Care,3401,8903638574339
Britannia Premium Paneer 1kg,SKU-02924,GST,5,117.83,125.03,287,Dairy,0406,8904162675014
Suhana Regular Red Chilli Powder 500g,SKU-02925,GST,5,19.15,22.89,499,Spices,0904,8900394558464
Pears Regular Toothpaste 100g,SKU-02926,GST,18,7.51,10.18,473,Personal Care,3306,8909023201651
Sunfeast Premium Chocolate 250g,SKU-02927,GST,18,14.33,15.14,309,Snacks,1806,8901750751926
Ching's Premium Tomato Ketchup 1kg,SKU-02928,GST,12,121.03,131.64,205,Condiments,2103,8902284396568
Pepsodent Pro Bathing Soap Pack of 3,SKU-02929,GST,18,24.89,34.98,136,Personal Care,3401,8908710365347
Salt 1kg,SKU-02930,Exempt,0,29.9,39.89,387,Condiments,2501,8907197453145
Bingo Premium Potato Chips 80g,SKU-02931,GST,12,35.06,50.29,30,Snacks,2106,8902906954735
Ramdev Red Chilli Powder 100g,SKU-02932,GST,5,6.12,7.88,109,Spices,0904,8906109098245
Apple 1kg,SKU-02933,Exempt,0,143.15,175.61,82,Fresh Produce,0801,8903607417060
Gowardhan Pro Cheese 400g,SKU-02934,GST,12,128.3,181.32,108,Dairy,0406,8901341762280
Bingo Gold Namkeen/Bhujia 400g,SKU-02935,GST,12,99.28,114.8,21,Snacks,2106,8901637905848
Mother Dairy Fresh Cheese 400g,SKU-02936,GST,12,164.99,187.18,439,Dairy,0406,8909691082965
MDH Classic Red Chilli Powder 100g,SKU-02937,GST,5,6.55,9.35,150,Spices,0904,8906467647856
Britannia Cheese 200g,SKU-02938,GST,12,29.63,35.3,386,Dairy,0406,8901439992570
Cadbury Potato Chips 30g,SKU-02939,GST,12,5.08,6.39,326,Snacks,2106,8905143825520
Pillsbury Special Besan 1kg,SKU-02940,GST,5,113.13,124.12,395,Flours,1101,8901980528390
Gemini Sunflower Oil 1L,SKU-02941,GST,5,148.55,208.84,380,Cooking Oils,1507,8908303884016
Colgate Bathing Soap Pack of 3,SKU-02942,GST,18,47.31,62.85,450,Personal Care,3401,8901910507197
Onion 5kg,SKU-02943,Exempt,0,254.69,344.8,183,Fresh Produce,0701,8904069143876
Nescafe Select Tea 1kg,SKU-02944,GST,5,242.56,329.56,478,Beverages,0902,8905567695979
Nestle Cheese 200g,SKU-02945,GST,12,28.48,38.06,116,Dairy,0406,8902437039190
24 Mantra Special Masoor Dal 1kg,SKU-02946,GST,5,145.16,209.07,478,Pulses,0713,8904134307683
Local Ghee 1L,SKU-02947,GST,12,397.22,517.67,225,Dairy,0405,8900519170242
Samrat Besan 500g,SKU-02948,GST,5,37.55,49.36,241,Flours,1101,8903801318434
Banana Half Dozen,SKU-02949,Exempt,0,59.49,81.62,388,Fresh Produce,0801,8908261114762
Potato 1kg,SKU-02950,Exempt,0,24.15,30.01,410,Fresh Produce,0701,8903541455647
Kohinoor Sona Masoori Rice 1kg,SKU-02951,GST,5,75.78,89.48,95,Grains & Cereals,1006,8906637008894
Nature Fresh Regular Maida 500g,SKU-02952,GST,5,25.44,33.51,247,Flours,1101,8908165608804
Banana Dozen,SKU-02953,Exempt,0,40.51,49.05,371,Fresh Produce,0801,8902882617346
Onion 1kg,SKU-02954,Exempt,0,48.54,52.49,293,Fresh Produce,0701,8903181372293
Red Bull Select Cola Drink 300ml,SKU-02955,GST+Cess,28,42.93,56.24,6,Beverages,2202,8908349116476
Patanjali Toor Dal 500g,SKU-02956,GST,5,70.64,93.68,213,Pulses,0713,8908133722781
Bikano Extra Biscuits 100g,SKU-02957,GST,18,6.08,7.99,99,Snacks,1905,8905883021367
Banana Dozen,SKU-02958,Exempt,0,38.75,45.51,472,Fresh Produce,0801,8907876028749
Tomato Loose,SKU-02959,Exempt,0,68.19,90.3,276,Fresh Produce,0701,8908105039167
Brooke Bond Energy Drink 250ml,SKU-02960,GST+Cess,28,34.7,39.81,317,Beverages,2202,8903985930822
MDH Garam Masala 100g,SKU-02961,GST,5,7.18,8.26,167,Spices,0904,8903698232072
Sunsilk Bathing Soap Pack of 4,SKU-02962,GST,18,28.32,37.43,179,Personal Care,3401,8906230678019
24 Mantra Classic Moong Dal 1kg,SKU-02963,GST,5,215.34,249.96,44,Pulses,0713,8902804471208
Aashirvaad Select Sona Masoori Rice 5kg,SKU-02964,GST,5,375.36,440.31,173,Grains & Cereals,1006,8906237886173
Local Butter 200g,SKU-02965,GST,12,9.1,11.07,393,Dairy,0405,8903951368990
Patanjali Select Red Chilli Powder 200g,SKU-02966,GST,5,6.84,8.31,285,Spices,0904,8904366337561
Bru Natural Fruit Juice 1L,SKU-02967,GST,12,107.69,132.58,370,Beverages,2009,8907859294583
MDH Turmeric Powder 500g,SKU-02968,GST,5,23.42,26.39,154,Spices,0904,8904892396042
Rajdhani Premium Moong Dal 1kg,SKU-02969,GST,5,108.08,149.48,204,Pulses,0713,8907021782959
Sunfeast Biscuits 50g,SKU-02970,GST,18,12.23,17.55,229,Snacks,1905,8906329403804
Local Gold Atta (Wheat Flour) 5kg,SKU-02971,GST,5,266.43,326.33,461,Flours,1101,8908086551086
Local Paneer 200g,SKU-02972,GST,5,32.66,44.04,110,Dairy,0406,8909313294027
Nature Fresh Extra Groundnut Oil 1L,SKU-02973,GST,5,304.55,327.81,486,Cooking Oils,1507,8906575557486
Pillsbury Gold Atta (Wheat Flour) 10kg,SKU-02974,GST,5,672.52,890.55,346,Flours,1101,8907056055738
Comfort Regular Floor Cleaner 1L,SKU-02975,GST,18,75.59,91.61,403,Household Care,3402,8900661615317
Salt 500g,SKU-02976,Exempt,0,11.23,13.47,312,Condiments,2501,8907918143369
Patanjali Special Garam Masala 100g,SKU-02977,GST,5,8.81,10.53,206,Spices,0904,8900683426053
Pillsbury Besan 1kg,SKU-02978,GST,5,94.31,113.25,30,Flours,1101,8908187588041
Local Fresh Chana Dal 500g,SKU-02979,GST,5,57.47,65.47,161,Pulses,0713,8908745126193
Everest Pro Garam Masala 50g,SKU-02980,GST,5,13.94,15.8,16,Spices,0904,8909443121345
Sundrop Premium Sunflower Oil 15L,SKU-02981,GST,5,985.92,1222.72,180,Cooking Oils,1507,8906687230636
Sundrop Fresh Mustard Oil 15L,SKU-02982,GST,5,797.17,860.53,353,Cooking Oils,1507,8905104136777
Ching's Active Salt 500g,SKU-02983,Exempt,0,16.41,18.1,450,Condiments,2501,8909673719675
Sundrop Regular Sunflower Oil 15L,SKU-02984,GST,5,915.82,972.64,314,Cooking Oils,1507,8904540289443
Sunfeast Biscuits 50g,SKU-02985,GST,18,9.47,12.11,494,Snacks,1905,8901366748868
Cadbury Premium Chocolate 100g,SKU-02986,GST,18,7.63,9.47,222,Snacks,1806,8903914183590
Kurkure Select Instant Noodles 70g,SKU-02987,GST,12,21.97,25.36,147,Snacks,1902,8902707254452
Pepsi Gold Tea 500g,SKU-02988,GST,5,105.46,124.82,240,Beverages,0902,8902874075193
Bikano Instant Noodles 280g,SKU-02989,GST,12,22.09,25.31,284,Snacks,1902,8902803568991
Surf Excel Extra Detergent Powder 4kg,SKU-02990,GST,18,154.61,192.04,5,Household Care,3402,8907501399392
24 Mantra Masoor Dal 1kg,SKU-02991,GST,5,146.08,171.18,351,Pulses,0713,8906317718626
Mother's Recipe Turmeric Powder 500g,SKU-02992,GST,5,15.84,19.19,124,Spices,0904,8903863813032
Catch Turmeric Powder 200g,SKU-02993,GST,5,7.27,7.71,134,Spices,0904,8906654977053
Maggi Natural Sugar 5kg,SKU-02994,GST,5,345.35,496.03,337,Condiments,1701,8905412176208
Dove Pro Toothpaste 100g,SKU-02995,GST,18,9.9,12.83,464,Personal Care,3306,8904828009205
Samrat Premium Besan 1kg,SKU-02996,GST,5,71.24,84.92,273,Flours,1101,8906969001923
Kohinoor Active Sona Masoori Rice 10kg,SKU-02997,GST,5,904.45,954.95,144,Grains & Cereals,1006,8901575842768
MDH Pro Turmeric Powder 500g,SKU-02998,GST,5,16.89,23.24,377,Spices,0904,8909333356942
Potato 2kg,SKU-02999,Exempt,0,31.52,38.74,498,Fresh Produce,0701,8906162950641
Tomato Loose,SKU-03000,Exempt,0,41.5,54.14,485,Fresh Produce,0701,8907326523465
Pril Dishwash Liquid 500ml,SKU-03001,GST,18,66.99,73.76,342,Household Care,3402,8900384672644
Surf Excel Detergent Powder 500g,SKU-03002,GST,18,91.04,121.28,266,Household Care,3402,8909143535425
Nivea Active Bathing Soap Pack of 3,SKU-03003,GST,18,56.43,71.28,447,Personal Care,3401,8906078138475
Banana Half Dozen,SKU-03004,Exempt,0,48.38,56.09,50,Fresh Produce,0801,8908505824055
24 Mantra Extra Moong Dal 5kg,SKU-03005,GST,5,452.67,486.07,320,Pulses,0713,8900611959737
Britannia Premium Ghee 500ml,SKU-03006,GST,12,262.69,308.99,144,Dairy,0405,8906439442805
Local Classic Toor Dal 500g,SKU-03007,GST,5,103.4,115.39,471,Pulses,0713,8903195078730
Gemini Premium Sunflower Oil 15L,SKU-03008,GST,5,941.21,1078.59,144,Cooking Oils,1507,8903292620555
Pril Floor Cleaner 2L,SKU-03009,GST,18,160.09,224.97,159,Household Care,3402,8909756578339
Patanjali Gold Besan 500g,SKU-03010,GST,5,28.2,37.3,45,Flours,1101,8908885787828
Tomato 1kg,SKU-03011,Exempt,0,59.95,82.86,129,Fresh Produce,0701,8909783018986
Nature Fresh Premium Groundnut Oil 5L,SKU-03012,GST,5,1396.08,1886.77,179,Cooking Oils,1507,8906256703271
Thums Up Extra Energy Drink 330ml,SKU-03013,GST+Cess,28,139.97,193.02,32,Beverages,2202,8909802075204
Tata Select Sugar 5kg,SKU-03014,GST,5,200.66,212.37,209,Condiments,1701,8904847739202
Local Organic Urad Dal 1kg,SKU-03015,GST,5,92.86,115.25,330,Pulses,0713,8901971890112
Apple 1kg,SKU-03016,Exempt,0,170.08,220.11,337,Fresh Produce,0801,8901694261666
24 Mantra Premium Moong Dal 500g,SKU-03017,GST,5,81.68,104.49,182,Pulses,0713,8902756520831
Rin Premium Detergent Powder 500g,SKU-03018,GST,18,51.66,62.22,330,Household Care,3402,8908321529007
Tata Sampann Chana Dal 5kg,SKU-03019,GST,5,718.81,959.28,142,Pulses,0713,8903086042831
Ching's Fresh Sugar 1kg,SKU-03020,GST,5,37.97,54.92,200,Condiments,1701,8904471060606
Patanjali Tomato Ketchup 1kg,SKU-03021,GST,12,153.74,215.88,89,Condiments,2103,8901418100729
Potato 5kg,SKU-03022,Exempt,0,143.23,192.01,340,Fresh Produce,0701,8901705647658
Head & Shoulders Extra Bathing Soap Pack of 3,SKU-03023,GST,18,41.82,44.27,120,Personal Care,3401,8903675947910
Cadbury Fresh Potato Chips 150g,SKU-03024,GST,12,14.42,18.19,281,Snacks,2106,8906523080453
Patanjali Premium Sona Masoori Rice 5kg,SKU-03025,GST,5,285.15,392.69,94,Grains & Cereals,1006,8900700026755
24 Mantra Fresh Toor Dal 1kg,SKU-03026,GST,5,223.12,303.52,227,Pulses,0713,8904163825117
Nandini Fresh Ghee 500ml,SKU-03027,GST,12,447.41,532.23,88,Dairy,0405,8901726330804
Nestle Premium Biscuits 200g,SKU-03028,GST,18,9.67,12.83,370,Snacks,1905,8906112580443
Apple 1kg,SKU-03029,Exempt,0,171.49,188.77,56,Fresh Produce,0801,8902716810981
Colgate Shampoo 340ml,SKU-03030,GST,18,265.74,376.06,70,Personal Care,3305,8901526737110
Everest Garam Masala 100g,SKU-03031,GST,5,6.22,8.14,145,Spices,0904,8906414735946
Cadbury Fresh Biscuits 100g,SKU-03032,GST,18,5.04,5.88,100,Snacks,1905,8905257768997
Harpic Extra Floor Cleaner 500ml,SKU-03033,GST,18,43.85,57.03,202,Household Care,3402,8900323701409
Fortune Mustard Oil 15L,SKU-03034,GST,5,1058.82,1455.12,184,Cooking Oils,1507,8901996323047
Lipton Coffee 100g,SKU-03035,GST,5,28.18,30.62,331,Beverages,0901,8909533841629
Surf Excel Pro Detergent Powder 1kg,SKU-03036,GST,18,156.28,211.85,49,Household Care,3402,8905660309805
Milk 500ml,SKU-03037,Exempt,0,43.92,49.71,132,Dairy,0401,8905680877934
Lipton Organic Coffee 100g,SKU-03038,GST,5,28.93,35.29,203,Beverages,0901,8902187430964
Bru Fresh Coffee 50g,SKU-03039,GST,5,15.37,19.39,378,Beverages,0901,8904870929516
Tide Classic Detergent Powder 4kg,SKU-03040,GST,18,157.46,187.28,274,Household Care,3402,8902627733125
Brooke Bond Cola Drink 600ml,SKU-03041,GST+Cess,28,68.11,82.23,211,Beverages,2202,8903404197447
Patanjali Pro Red Chilli Powder 500g,SKU-03042,GST,5,31.47,34.67,210,Spices,0904,8909685169217
Saffola Regular Groundnut Oil 5L,SKU-03043,GST,5,840.06,1113.14,78,Cooking Oils,1507,8908454705005
Ramdev Garam Masala 100g,SKU-03044,GST,5,9.45,11.75,219,Spices,0904,8904878413831
24 Mantra Classic Basmati Rice 25kg,SKU-03045,GST,5,537.81,731.0,105,Grains & Cereals,1006,8905948224524
Pepsi Energy Drink 250ml,SKU-03046,GST+Cess,28,45.65,60.05,455,Beverages,2202,8905341765461
Tata Sampann Regular Toor Dal 500g,SKU-03047,GST,5,56.66,61.76,349,Pulses,0713,8907391298358
Rajdhani Premium Toor Dal 5kg,SKU-03048,GST,5,968.77,1069.39,248,Pulses,0713,8901277156853
Haldiram's Regular Chocolate 250g,SKU-03049,GST,18,18.12,21.07,254,Snacks,1806,8909408030892
Amul Organic Cheese 400g,SKU-03050,GST,12,193.31,249.76,396,Dairy,0406,8906584029376
Rajdhani Toor Dal 500g,SKU-03051,GST,5,108.1,137.51,499,Pulses,0713,8902802386562
Everest Turmeric Powder 100g,SKU-03052,GST,5,10.8,11.45,449,Spices,0904,8901888003005
24 Mantra Sona Masoori Rice 5kg,SKU-03053,GST,5,509.55,711.39,381,Grains & Cereals,1006,8907220307108
Banana Dozen,SKU-03054,Exempt,0,37.02,49.35,244,Fresh Produce,0801,8906621541519
Haldiram's Premium Biscuits 100g,SKU-03055,GST,18,5.84,7.72,69,Snacks,1905,8907292942863
Gemini Pro Sunflower Oil 5L,SKU-03056,GST,5,848.93,1023.96,291,Cooking Oils,1507,8909874955910
Balaji Natural Instant Noodles 140g,SKU-03057,GST,12,13.49,16.88,238,Snacks,1902,8902834638916
Amul Extra Milk 1L,SKU-03058,Exempt,0,46.44,61.73,81,Dairy,0401,8909614990941
Mother's Recipe Special Red Chilli Powder 500g,SKU-03059,GST,5,26.76,29.78,26,Spices,0904,8902798914548
Mother Dairy Milk 500ml,SKU-03060,Exempt,0,38.2,47.95,177,Dairy,0401,8908487494009
Aashirvaad Basmati Rice 5kg,SKU-03061,GST,5,735.46,924.26,208,Grains & Cereals,1006,8905807200805
Tata Tomato Ketchup 500g,SKU-03062,GST,12,66.91,75.88,395,Condiments,2103,8905752925556
Tata Tea Fruit Juice 1L,SKU-03063,GST,12,159.97,214.61,5,Beverages,2009,8901581236242
Patanjali Select Chana Dal 5kg,SKU-03064,GST,5,675.3,892.31,7,Pulses,0713,8902519067244
Everest Extra Red Chilli Powder 500g,SKU-03065,GST,5,30.6,37.92,253,Spices,0904,8902487747630
Colin Special Detergent Powder 500g,SKU-03066,GST,18,78.11,102.93,313,Household Care,3402,8900910063474
Garnier Bathing Soap 75g,SKU-03067,GST,18,25.05,28.95,401,Personal Care,3401,8902022305975
Patanjali Tomato Ketchup 500g,SKU-03068,GST,12,118.27,160.83,389,Condiments,2103,8902876575552
Emami Special Sunflower Oil 15L,SKU-03069,GST,5,999.25,1399.67,189,Cooking Oils,1507,8900664878264
Coca Cola Natural Fruit Juice 200ml,SKU-03070,GST,12,18.74,20.08,180,Beverages,2009,8905464533479
Real Organic Fruit Juice 200ml,SKU-03071,GST,12,34.97,50.37,151,Beverages,2009,8904704145056
Nature Fresh Classic Atta (Wheat Flour) 5kg,SKU-03072,GST,5,224.67,317.64,337,Flours,1101,8901181961387
Patanjali Organic Groundnut Oil 5L,SKU-03073,GST,5,760.22,973.04,485,Cooking Oils,1507,8901332419977
Mother Dairy Milk 500ml,SKU-03074,Exempt,0,32.6,44.45,155,Dairy,0401,8903604890985
Balaji Regular Chocolate 100g,SKU-03075,GST,18,10.77,12.27,217,Snacks,1806,8909474934768
Sprite Energy Drink 250ml,SKU-03076,GST+Cess,28,31.89,38.47,382,Beverages,2202,8901877645808
Fortune Chana Dal 500g,SKU-03077,GST,5,69.2,77.16,39,Pulses,0713,8907900531260
Patanjali Groundnut Oil 15L,SKU-03078,GST,5,889.15,983.38,326,Cooking Oils,1507,8908459587695
Saffola Pro Groundnut Oil 15L,SKU-03079,GST,5,999.94,1086.12,22,Cooking Oils,1507,8907837318359
Tata Sampann Natural Urad Dal 500g,SKU-03080,GST,5,110.21,159.32,172,Pulses,0713,8909232580245
Nutrela Gold Masoor Dal 1kg,SKU-03081,GST,5,170.88,231.77,96,Pulses,0713,8907435149286
Daawat Classic Sona Masoori Rice 25kg,SKU-03082,GST,5,250.34,272.83,136,Grains & Cereals,1006,8900281060763
Rajdhani Fresh Chana Dal 500g,SKU-03083,GST,5,49.89,60.67,97,Pulses,0713,8906335641629
Nestle Classic Biscuits 100g,SKU-03084,GST,18,5.73,6.77,53,Snacks,1905,8905143517236
Real Organic Fruit Juice 200ml,SKU-03085,GST,12,37.58,51.4,164,Beverages,2009,8908526023547
Gowardhan Classic Ghee 1L,SKU-03086,GST,12,840.37,1194.2,482,Dairy,0405,8905306113900
Rajdhani Moong Dal 5kg,SKU-03087,GST,5,981.51,1083.67,191,Pulses,0713,8902340870568
Lifebuoy Special Shampoo 180ml,SKU-03088,GST,18,165.39,197.32,127,Personal Care,3305,8908598182843
Cadbury Select Instant Noodles 560g,SKU-03089,GST,12,17.96,21.66,291,Snacks,1902,8900055733807
Balaji Instant Noodles 560g,SKU-03090,GST,12,9.81,12.94,10,Snacks,1902,8904475017505
Tata Sampann Special Turmeric Powder 200g,SKU-03091,GST,5,7.92,10.74,329,Spices,0904,8900658697223
Milky Mist Classic Cheese 200g,SKU-03092,GST,12,29.32,31.0,209,Dairy,0406,8903191069713
Patanjali Gold Salt 500g,SKU-03093,Exempt,0,17.93,25.87,80,Condiments,2501,8900286122328
MDH Premium Turmeric Powder 200g,SKU-03094,GST,5,9.3,10.25,152,Spices,0904,8905422492243
Potato 1kg,SKU-03095,Exempt,0,31.03,33.27,18,Fresh Produce,0701,8901327892824
Lifebuoy Classic Shampoo 340ml,SKU-03096,GST,18,210.71,291.72,295,Personal Care,3305,8901353295617
Catch Organic Turmeric Powder 500g,SKU-03097,GST,5,23.15,30.76,145,Spices,0904,8906764089779
Gemini Gold Groundnut Oil 5L,SKU-03098,GST,5,1465.01,1540.3,101,Cooking Oils,1507,8900709063360
Local Regular Butter 100g,SKU-03099,GST,12,8.96,10.61,245,Dairy,0405,8902617362924
Nutrela Masoor Dal 5kg,SKU-03100,GST,5,638.12,850.66,447,Pulses,0713,8907382438214
Catch Pro Red Chilli Powder 500g,SKU-03101,GST,5,16.98,24.56,489,Spices,0904,8908338138522
Rajdhani Premium Atta (Wheat Flour) 10kg,SKU-03102,GST,5,426.84,531.05,19,Flours,1101,8909401441245
Gowardhan Active Cheese 1kg,SKU-03103,GST,12,117.22,140.41,231,Dairy,0406,8900893935046
Nandini Cheese 200g,SKU-03104,GST,12,30.19,35.96,105,Dairy,0406,8905833878959
Amul Organic Milk 500ml,SKU-03105,Exempt,0,29.54,36.71,297,Dairy,0401,8905082572323
Tomato 1kg,SKU-03106,Exempt,0,52.62,73.65,40,Fresh Produce,0701,8908694846747
Head & Shoulders Regular Bathing Soap 100g,SKU-03107,GST,18,7.5,8.98,335,Personal Care,3401,8906508692270
Local Extra Basmati Rice 5kg,SKU-03108,GST,5,683.91,891.86,366,Grains & Cereals,1006,8904110556241
Nestle Ghee 5L,SKU-03109,GST,12,2856.64,4023.69,264,Dairy,0405,8900940596470
Nature Fresh Organic Besan 1kg,SKU-03110,GST,5,62.13,72.42,397,Flours,1101,8905320654326
Lux Natural Bathing Soap 150g,SKU-03111,GST,18,5.59,7.36,463,Personal Care,3401,8903715243109
Banana Half Dozen,SKU-03112,Exempt,0,38.89,55.0,321,Fresh Produce,0801,8905312252649
Ramdev Garam Masala 100g,SKU-03113,GST,5,6.53,7.99,338,Spices,0904,8906442863070
Catch Gold Tomato Ketchup 500g,SKU-03114,GST,12,99.43,108.74,155,Condiments,2103,8904805694211
Coca Cola Premium Fruit Juice 1L,SKU-03115,GST,12,72.81,83.91,40,Beverages,2009,8900072314920
Patanjali Fresh Chana Dal 5kg,SKU-03116,GST,5,310.13,444.43,153,Pulses,0713,8900412107043
Banana Half Dozen,SKU-03117,Exempt,0,62.58,71.14,191,Fresh Produce,0801,8908878506606
Patanjali Organic Garam Masala 50g,SKU-03118,GST,5,10.22,12.14,41,Spices,0904,8905609514277
Apple Loose,SKU-03119,Exempt,0,155.63,197.02,63,Fresh Produce,0801,8901511162714
Rajdhani Fresh Atta (Wheat Flour) 10kg,SKU-03120,GST,5,376.04,400.22,58,Flours,1101,8906504725531
Surf Excel Fresh Dishwash Liquid 500ml,SKU-03121,GST,18,54.96,59.34,79,Household Care,3402,8900725084524
Potato Loose,SKU-03122,Exempt,0,28.83,31.75,397,Fresh Produce,0701,8903360109993
Banana Half Dozen,SKU-03123,Exempt,0,29.13,37.52,354,Fresh Produce,0801,8908129719228
Coca Cola Gold Cola Drink 1.25L,SKU-03124,GST+Cess,28,205.24,264.03,467,Beverages,2202,8904925434502
Smith & Jones Pro Sugar 5kg,SKU-03125,GST,5,265.06,334.78,368,Condiments,1701,8906966481105
Banana Dozen,SKU-03126,Exempt,0,34.53,40.0,14,Fresh Produce,0801,8906777983677
Brooke Bond Fruit Juice 200ml,SKU-03127,GST,12,17.58,23.32,73,Beverages,2009,8904089351331
Sundrop Pro Mustard Oil 15L,SKU-03128,GST,5,510.88,573.27,132,Cooking Oils,1507,8906616201729
Local Active Masoor Dal 500g,SKU-03129,GST,5,61.57,85.4,210,Pulses,0713,8900869611084
Tomato 500g,SKU-03130,Exempt,0,33.36,37.44,340,Fresh Produce,0701,8907673608633
Rajdhani Atta (Wheat Flour) 1kg,SKU-03131,GST,5,45.21,54.78,257,Flours,1101,8906055080050
Odonil Detergent Powder 500g,SKU-03132,GST,18,62.04,75.47,323,Household Care,3402,8902509805564
Nutrela Select Urad Dal 500g,SKU-03133,GST,5,110.99,154.02,138,Pulses,0713,8903616050299
Haldiram's Instant Noodles 560g,SKU-03134,GST,12,11.22,12.31,327,Snacks,1902,8908149836784
Haldiram's Active Instant Noodles 140g,SKU-03135,GST,12,5.94,7.29,293,Snacks,1902,8901176755004
24 Mantra Fresh Sona Masoori Rice 10kg,SKU-03136,GST,5,861.61,940.95,424,Grains & Cereals,1006,8907522950838
Tata Classic Sugar 1kg,SKU-03137,GST,5,42.04,52.48,289,Condiments,1701,8906756753515
Patanjali Select Besan 1kg,SKU-03138,GST,5,64.55,91.9,259,Flours,1101,8900812078003
Pepsi Premium Coffee 50g,SKU-03139,GST,5,14.89,17.12,78,Beverages,0901,8900823416099
Potato 2kg,SKU-03140,Exempt,0,29.49,37.27,412,Fresh Produce,0701,8905166190764
Rajdhani Classic Urad Dal 5kg,SKU-03141,GST,5,629.47,858.36,152,Pulses,0713,8906162227726
Amul Organic Paneer 500g,SKU-03142,GST,5,68.58,93.72,489,Dairy,0406,8900260284655
Balaji Potato Chips 30g,SKU-03143,GST,12,8.83,11.06,210,Snacks,2106,8904993397453
Bikano Classic Chocolate 250g,SKU-03144,GST,18,11.17,14.15,289,Snacks,1806,8907614443373
Tata Salt 500g,SKU-03145,Exempt,0,11.68,13.85,403,Condiments,2501,8907947631834
India Gate Pro Basmati Rice 1kg,SKU-03146,GST,5,91.27,117.51,333,Grains & Cereals,1006,8907852346151
Mother Dairy Cheese 400g,SKU-03147,GST,12,137.23,144.34,272,Dairy,0406,8909601066589
Catch Active Garam Masala 100g,SKU-03148,GST,5,8.15,11.32,189,Spices,0904,8908293854044
Head & Shoulders Natural Bathing Soap 75g,SKU-03149,GST,18,58.43,74.22,104,Personal Care,3401,8908346690814
Patanjali Chana Dal 5kg,SKU-03150,GST,5,775.9,857.35,369,Pulses,0713,8906532831530
Tata Tea Regular Tea 500g,SKU-03151,GST,5,189.72,259.61,366,Beverages,0902,8908786015083
Patanjali Gold Besan 1kg,SKU-03152,GST,5,62.81,79.21,313,Flours,1101,8904541833788
Milky Mist Paneer 1kg,SKU-03153,GST,5,122.24,162.99,79,Dairy,0406,8905074382039
Fortune Classic Mustard Oil 15L,SKU-03154,GST,5,798.08,974.55,233,Cooking Oils,1507,8905500535760
Lifebuoy Toothpaste 150g,SKU-03155,GST,18,14.97,16.13,97,Personal Care,3306,8904741516329
24 Mantra Gold Masoor Dal 1kg,SKU-03156,GST,5,140.54,176.14,398,Pulses,0713,8902436485178
Local Extra Cheese 1kg,SKU-03157,GST,12,182.28,225.96,35,Dairy,0406,8906146017419
Salt 500g,SKU-03158,Exempt,0,17.69,22.74,172,Condiments,2501,8906835962783
Pepsodent Bathing Soap Pack of 3,SKU-03159,GST,18,42.92,50.71,5,Personal Care,3401,8902347145137
Local Active Moong Dal 500g,SKU-03160,GST,5,84.8,115.56,219,Pulses,0713,8905652936756
24 Mantra Organic Basmati Rice 10kg,SKU-03161,GST,5,919.26,1268.56,12,Grains & Cereals,1006,8903498939759
Patanjali Mustard Oil 1L,SKU-03162,GST,5,199.13,259.14,91,Cooking Oils,1507,8902094705447
Kissan Premium Sugar 1kg,SKU-03163,GST,5,34.87,44.45,340,Condiments,1701,8907692704388
Dhara Sunflower Oil 15L,SKU-03164,GST,5,442.98,620.35,398,Cooking Oils,1507,8908344302997
Rin Special Floor Cleaner 2L,SKU-03165,GST,18,104.18,145.76,95,Household Care,3402,8904029480468
Tropicana Cola Drink 300ml,SKU-03166,GST+Cess,28,59.34,71.81,459,Beverages,2202,8904272477115
Mother's Recipe Garam Masala 50g,SKU-03167,GST,5,10.37,12.3,213,Spices,0904,8901621736713
Red Bull Fresh Cola Drink 2L,SKU-03168,GST+Cess,28,30.77,32.56,332,Beverages,2202,8903191666162
Local Urad Dal 5kg,SKU-03169,GST,5,860.53,1091.34,375,Pulses,0713,8909676218224
Aashirvaad Organic Tomato Ketchup 500g,SKU-03170,GST,12,82.07,107.59,460,Condiments,2103,8908670716714
Thums Up Cola Drink 1.25L,SKU-03171,GST+Cess,28,263.17,311.49,279,Beverages,2202,8905235298009
Patanjali Natural Sona Masoori Rice 1kg,SKU-03172,GST,5,93.3,106.89,179,Grains & Cereals,1006,8904247115582
Kohinoor Special Basmati Rice 1kg,SKU-03173,GST,5,71.34,77.53,314,Grains & Cereals,1006,8900706776931
Fortune Select Atta (Wheat Flour) 5kg,SKU-03174,GST,5,200.45,254.86,103,Flours,1101,8906425503533
Tide Gold Dishwash Liquid 1L,SKU-03175,GST,18,58.91,65.64,490,Household Care,3402,8904675914999
Sundrop Classic Mustard Oil 5L,SKU-03176,GST,5,642.24,854.92,250,Cooking Oils,1507,8900568258320
Banana Dozen,SKU-03177,Exempt,0,41.49,50.01,473,Fresh Produce,0801,8903679883686
Samrat Select Besan 1kg,SKU-03178,GST,5,104.39,147.1,264,Flours,1101,8901063267392
Dove Premium Bathing Soap Pack of 3,SKU-03179,GST,18,35.08,49.01,302,Personal Care,3401,8904299211924
Ramdev Special Garam Masala 50g,SKU-03180,GST,5,11.02,13.7,465,Spices,0904,8902099387211
Amul Butter 100g,SKU-03181,GST,12,5.2,6.69,263,Dairy,0405,8903990150595
24 Mantra Gold Urad Dal 1kg,SKU-03182,GST,5,153.14,221.29,36,Pulses,0713,8906803040054
Everest Fresh Turmeric Powder 100g,SKU-03183,GST,5,13.69,15.88,474,Spices,0904,8903605743211
Britannia Special Curd 400g,SKU-03184,GST,5,41.44,55.76,336,Dairy,0403,8909291791969
Dove Gold Shampoo 650ml,SKU-03185,GST,18,143.77,167.8,255,Personal Care,3305,8906592059483
Tata Gold Sugar 1kg,SKU-03186,GST,5,52.32,65.82,59,Condiments,1701,8901536096439
Rajdhani Fresh Urad Dal 5kg,SKU-03187,GST,5,886.54,1248.2,257,Pulses,0713,8903200960153
Gemini Premium Sunflower Oil 15L,SKU-03188,GST,5,630.54,707.23,399,Cooking Oils,1507,8905624888804
Parle Organic Chocolate 40g,SKU-03189,GST,18,10.51,13.98,170,Snacks,1806,8905169324057
Vim Gold Detergent Powder 500g,SKU-03190,GST,18,112.39,143.44,194,Household Care,3402,8903910389166
Coca Cola Premium Coffee 200g,SKU-03191,GST,5,104.02,137.44,189,Beverages,0901,8902185868043
Kurkure Premium Chocolate 40g,SKU-03192,GST,18,12.93,17.08,276,Snacks,1806,8909258578398
Onion 5kg,SKU-03193,Exempt,0,134.75,166.9,389,Fresh Produce,0701,8901205886948
Gemini Classic Mustard Oil 15L,SKU-03194,GST,5,808.15,1016.81,490,Cooking Oils,1507,8908134095140
Tata Sampann Gold Masoor Dal 5kg,SKU-03195,GST,5,628.28,720.7,437,Pulses,0713,8906170004854
Lux Active Shampoo 650ml,SKU-03196,GST,18,217.53,286.31,264,Personal Care,3305,8901094525539
Aashirvaad Salt 1kg,SKU-03197,Exempt,0,15.72,18.2,484,Condiments,2501,8902987010932
Britannia Organic Curd 200g,SKU-03198,GST,5,6.14,8.43,61,Dairy,0403,8901148324096
Dhara Sunflower Oil 15L,SKU-03199,GST,5,918.55,1012.87,203,Cooking Oils,1507,8906948100112
Rin Premium Floor Cleaner 500ml,SKU-03200,GST,18,45.92,56.57,427,Household Care,3402,8906556732383
Salt 500g,SKU-03201,Exempt,0,11.11,15.62,94,Condiments,2501,8908074905389
Dove Extra Toothpaste 150g,SKU-03202,GST,18,12.63,17.91,143,Personal Care,3306,8902816836257
Lipton Premium Coffee 50g,SKU-03203,GST,5,26.46,32.97,244,Beverages,0901,8904105915798
Britannia Milk 500ml,SKU-03204,Exempt,0,28.69,34.22,409,Dairy,0401,8905296435221
Nescafe Tea 250g,SKU-03205,GST,5,64.75,74.84,273,Beverages,0902,8907298020291
Colgate Toothpaste 100g,SKU-03206,GST,18,6.27,6.85,336,Personal Care,3306,8903420457813
Milky Mist Paneer 500g,SKU-03207,GST,5,37.44,44.9,36,Dairy,0406,8903024130011
Fortune Atta (Wheat Flour) 5kg,SKU-03208,GST,5,198.26,232.55,47,Flours,1101,8904377805592
Local Premium Butter 200g,SKU-03209,GST,12,21.71,23.9,32,Dairy,0405,8904976979987
Tide Dishwash Liquid 500ml,SKU-03210,GST,18,63.32,77.53,404,Household Care,3402,8904113507649
Britannia Pro Instant Noodles 560g,SKU-03211,GST,12,20.59,27.44,102,Snacks,1902,8903968007119
24 Mantra Classic Chana Dal 1kg,SKU-03212,GST,5,128.16,174.6,330,Pulses,0713,8902201127042
Britannia Natural Butter 500g,SKU-03213,GST,12,26.37,35.26,75,Dairy,0405,8903814331616
Ching's Select Sugar 5kg,SKU-03214,GST,5,367.7,446.88,254,Condiments,1701,8900711989511
Britannia Curd 400g,SKU-03215,GST,5,50.79,55.94,303,Dairy,0403,8900371558602
Maggi Fresh Sugar 1kg,SKU-03216,GST,5,51.46,57.69,435,Condiments,1701,8904588469371
24 Mantra Moong Dal 5kg,SKU-03217,GST,5,718.01,1002.15,270,Pulses,0713,8900571178444
Apple Loose,SKU-03218,Exempt,0,160.78,218.59,313,Fresh Produce,0801,8904244379366
Everest Select Red Chilli Powder 200g,SKU-03219,GST,5,11.31,13.67,381,Spices,0904,8907118816182
Red Bull Natural Coffee 100g,SKU-03220,GST,5,36.92,45.34,152,Beverages,0901,8909678452733
Garnier Regular Toothpaste 200g,SKU-03221,GST,18,17.56,24.26,467,Personal Care,3306,8908156754135
Local Extra Moong Dal 5kg,SKU-03222,GST,5,620.85,760.71,238,Pulses,0713,8900790770455
Aashirvaad Gold Atta (Wheat Flour) 1kg,SKU-03223,GST,5,49.34,53.86,480,Flours,1101,8904127259212
Nestle Extra Namkeen/Bhujia 1kg,SKU-03224,GST,12,89.61,118.85,137,Snacks,2106,8900555251774
Pepsodent Bathing Soap 150g,SKU-03225,GST,18,14.23,17.24,472,Personal Care,3401,8902437428220
Daawat Organic Basmati Rice 1kg,SKU-03226,GST,5,70.21,85.47,468,Grains & Cereals,1006,8909607265201
Patanjali Moong Dal 1kg,SKU-03227,GST,5,90.22,109.57,491,Pulses,0713,8903725009321
Bingo Fresh Namkeen/Bhujia 400g,SKU-03228,GST,12,125.45,134.69,380,Snacks,2106,8900650696158
Bru Extra Cola Drink 1.25L,SKU-03229,GST+Cess,28,161.14,194.78,302,Beverages,2202,8904110020896
Tropicana Classic Coffee 200g,SKU-03230,GST,5,77.04,110.09,215,Beverages,0901,8902321517519
Ching's Salt 500g,SKU-03231,Exempt,0,8.03,10.11,186,Condiments,2501,8903143422070
Fortune Classic Chana Dal 500g,SKU-03232,GST,5,85.38,105.27,89,Pulses,0713,8902874995893
Ching's Pro Sugar 5kg,SKU-03233,GST,5,279.68,338.13,47,Condiments,1701,8907678738801
Mother Dairy Classic Paneer 200g,SKU-03234,GST,5,28.36,31.73,483,Dairy,0406,8909238352237
Real Organic Coffee 50g,SKU-03235,GST,5,18.27,23.01,20,Beverages,0901,8906324489684
Everest Regular Turmeric Powder 200g,SKU-03236,GST,5,10.74,14.34,219,Spices,0904,8901655427933
Himalaya Shampoo 650ml,SKU-03237,GST,18,114.19,125.42,457,Personal Care,3305,8904616904761
Apple Box,SKU-03238,Exempt,0,142.82,187.01,192,Fresh Produce,0801,8904419043770
Nestle Classic Cheese 400g,SKU-03239,GST,12,127.58,144.45,216,Dairy,0406,8902372464560
Patanjali Gold Chana Dal 1kg,SKU-03240,GST,5,71.42,91.94,471,Pulses,0713,8906563226791
Mother Dairy Curd 400g,SKU-03241,GST,5,32.11,36.02,313,Dairy,0403,8902729169422
Gowardhan Natural Butter 200g,SKU-03242,GST,12,16.26,17.53,231,Dairy,0405,8905761765722
Sunsilk Shampoo 340ml,SKU-03243,GST,18,253.19,318.56,446,Personal Care,3305,8903660798334
Apple Box,SKU-03244,Exempt,0,121.91,138.64,440,Fresh Produce,0801,8901592668668
Potato 5kg,SKU-03245,Exempt,0,111.24,127.42,17,Fresh Produce,0701,8900227509360
24 Mantra Active Moong Dal 500g,SKU-03246,GST,5,86.88,99.39,118,Pulses,0713,8907142137472
Sprite Pro Coffee 50g,SKU-03247,GST,5,25.09,33.22,375,Beverages,0901,8908949542762
Lay's Instant Noodles 140g,SKU-03248,GST,12,13.72,17.21,77,Snacks,1902,8904072819598
Nestle Paneer 200g,SKU-03249,GST,5,14.56,19.94,424,Dairy,0406,8900988040933
Aashirvaad Active Sugar 5kg,SKU-03250,GST,5,387.68,527.66,173,Condiments,1701,8902275942673
Local Pro Butter 100g,SKU-03251,GST,12,10.11,11.03,166,Dairy,0405,8905325016993
24 Mantra Extra Basmati Rice 10kg,SKU-03252,GST,5,689.35,918.11,207,Grains & Cereals,1006,8905160862495
Nandini Paneer 200g,SKU-03253,GST,5,23.37,31.28,491,Dairy,0406,8905752966471
Ariel Gold Detergent Powder 4kg,SKU-03254,GST,18,112.01,157.78,342,Household Care,3402,8900723919184
Kissan Classic Sugar 5kg,SKU-03255,GST,5,335.41,477.93,226,Condiments,1701,8909851676559
Cadbury Instant Noodles 70g,SKU-03256,GST,12,25.17,30.58,231,Snacks,1902,8906022364499
Saffola Natural Mustard Oil 5L,SKU-03257,GST,5,803.27,844.89,142,Cooking Oils,1507,8903424916263
Local Curd 400g,SKU-03258,GST,5,46.21,61.61,144,Dairy,0403,8902221242197
Kohinoor Natural Sona Masoori Rice 1kg,SKU-03259,GST,5,58.99,66.75,237,Grains & Cereals,1006,8905102958385
Tomato Loose,SKU-03260,Exempt,0,48.85,51.77,165,Fresh Produce,0701,8903513563431
Harpic Gold Dishwash Liquid 250ml,SKU-03261,GST,18,33.66,40.47,481,Household Care,3402,8903547154338
Britannia Regular Cheese 400g,SKU-03262,GST,12,147.99,179.67,297,Dairy,0406,8902206829945
Haldiram's Biscuits 50g,SKU-03263,GST,18,8.47,9.29,290,Snacks,1905,8906919816254
Cadbury Regular Chocolate 40g,SKU-03264,GST,18,8.22,11.03,178,Snacks,1806,8901338613674
Catch Premium Salt 1kg,SKU-03265,Exempt,0,21.01,24.09,236,Condiments,2501,8900736712747
Tomato 500g,SKU-03266,Exempt,0,38.71,53.1,94,Fresh Produce,0701,8901789406972
Britannia Active Chocolate 100g,SKU-03267,GST,18,9.84,11.41,288,Snacks,1806,8906293191678
Colgate Bathing Soap 150g,SKU-03268,GST,18,7.58,10.88,12,Personal Care,3401,8901925531755
Tomato 1kg,SKU-03269,Exempt,0,47.12,55.04,124,Fresh Produce,0701,8908403972675
Rajdhani Chana Dal 1kg,SKU-03270,GST,5,144.03,187.66,302,Pulses,0713,8904142509563
Everest Turmeric Powder 100g,SKU-03271,GST,5,8.22,10.3,272,Spices,0904,8902313299678
Patanjali Extra Atta (Wheat Flour) 1kg,SKU-03272,GST,5,51.57,68.24,191,Flours,1101,8909919776385
Tropicana Active Fruit Juice 200ml,SKU-03273,GST,12,26.69,34.93,143,Beverages,2009,8903763662871
Banana Dozen,SKU-03274,Exempt,0,44.32,50.3,331,Fresh Produce,0801,8905955394506
Himalaya Special Shampoo 650ml,SKU-03275,GST,18,187.92,246.73,315,Personal Care,3305,8904863099728
Patanjali Organic Sunflower Oil 15L,SKU-03276,GST,5,480.12,615.59,363,Cooking Oils,1507,8909431491421
Nature Fresh Classic Mustard Oil 5L,SKU-03277,GST,5,898.98,1110.28,204,Cooking Oils,1507,8902428574040
Dhara Groundnut Oil 15L,SKU-03278,GST,5,1209.84,1495.48,480,Cooking Oils,1507,8900354766307
Colgate Shampoo 650ml,SKU-03279,GST,18,157.88,207.9,5,Personal Care,3305,8909065194072
Patanjali Regular Maida 1kg,SKU-03280,GST,5,49.45,52.75,65,Flours,1101,8901708292209
Britannia Fresh Ghee 500ml,SKU-03281,GST,12,379.5,399.14,304,Dairy,0405,8905011474729
Haldiram's Extra Namkeen/Bhujia 1kg,SKU-03282,GST,12,143.93,169.66,128,Snacks,2106,8907839049757
Vim Dishwash Liquid 500ml,SKU-03283,GST,18,75.73,88.1,74,Household Care,3402,8906333388465
Banana Dozen,SKU-03284,Exempt,0,52.7,72.03,291,Fresh Produce,0801,8902413016064
Nivea Classic Shampoo 340ml,SKU-03285,GST,18,138.22,180.45,294,Personal Care,3305,8903417733430
Harpic Floor Cleaner 500ml,SKU-03286,GST,18,82.04,91.13,56,Household Care,3402,8908216063923
Banana Half Dozen,SKU-03287,Exempt,0,32.99,35.76,417,Fresh Produce,0801,8900802388369
Harpic Active Detergent Powder 500g,SKU-03288,GST,18,104.12,137.24,187,Household Care,3402,8907953564411
Nestle Fresh Chocolate 250g,SKU-03289,GST,18,13.54,19.15,236,Snacks,1806,8902863996240
Pears Shampoo 180ml,SKU-03290,GST,18,220.89,317.45,78,Personal Care,3305,8900317591450
Haldiram's Premium Chocolate 250g,SKU-03291,GST,18,17.75,23.05,191,Snacks,1806,8907286939539
Lux Bathing Soap 75g,SKU-03292,GST,18,57.23,71.1,117,Personal Care,3401,8903827653480
Patanjali Basmati Rice 25kg,SKU-03293,GST,5,550.04,704.01,92,Grains & Cereals,1006,8903858552010
Ariel Extra Detergent Powder 4kg,SKU-03294,GST,18,173.57,203.27,162,Household Care,3402,8908479207405
Local Fresh Paneer 200g,SKU-03295,GST,5,28.93,32.34,374,Dairy,0406,8907759902549
Nescafe Premium Cola Drink 300ml,SKU-03296,GST+Cess,28,70.29,79.68,8,Beverages,2202,8904103728102
Parle Special Chocolate 40g,SKU-03297,GST,18,9.48,13.72,457,Snacks,1806,8901263700796
Nivea Fresh Toothpaste 100g,SKU-03298,GST,18,8.83,12.09,86,Personal Care,3306,8905176668992
Gowardhan Select Curd 400g,SKU-03299,GST,5,34.79,37.9,111,Dairy,0403,8903459582956
Emami Gold Mustard Oil 1L,SKU-03300,GST,5,187.33,209.52,483,Cooking Oils,1507,8905909944147
Gemini Groundnut Oil 5L,SKU-03301,GST,5,1408.81,1904.87,394,Cooking Oils,1507,8908256485864
Tropicana Extra Coffee 100g,SKU-03302,GST,5,60.79,71.69,259,Beverages,0901,8907051865067
Cadbury Organic Chocolate 100g,SKU-03303,GST,18,9.9,10.66,196,Snacks,1806,8909059256870
Nutrela Urad Dal 500g,SKU-03304,GST,5,70.68,101.28,260,Pulses,0713,8909508046606
Pillsbury Classic Maida 1kg,SKU-03305,GST,5,66.94,73.02,77,Flours,1101,8907502092252
Gowardhan Curd 200g,SKU-03306,GST,5,5.35,6.86,349,Dairy,0403,8904462763514
Coca Cola Fruit Juice 1L,SKU-03307,GST,12,139.3,163.82,54,Beverages,2009,8902954589385
Nature Fresh Maida 1kg,SKU-03308,GST,5,74.25,86.67,316,Flours,1101,8909916953595
Gowardhan Ghee 5L,SKU-03309,GST,12,3402.01,4009.87,71,Dairy,0405,8900901817497
Fortune Gold Besan 500g,SKU-03310,GST,5,39.11,50.57,127,Flours,1101,8903609891050
Local Chana Dal 1kg,SKU-03311,GST,5,125.88,137.31,340,Pulses,0713,8907400597583
Local Extra Toor Dal 1kg,SKU-03312,GST,5,190.47,220.76,50,Pulses,0713,8900420841828
Pantene Organic Bathing Soap 150g,SKU-03313,GST,18,13.33,16.91,94,Personal Care,3401,8905505415190
Lay's Extra Namkeen/Bhujia 400g,SKU-03314,GST,12,129.47,175.26,6,Snacks,2106,8907960616941
Rajdhani Pro Atta (Wheat Flour) 1kg,SKU-03315,GST,5,63.95,73.86,446,Flours,1101,8908369559582
Coca Cola Classic Coffee 200g,SKU-03316,GST,5,109.69,140.76,438,Beverages,0901,8902269156949
Potato Loose,SKU-03317,Exempt,0,28.19,35.21,68,Fresh Produce,0701,8900023512094
Emami Regular Groundnut Oil 15L,SKU-03318,GST,5,922.55,1256.93,110,Cooking Oils,1507,8904943856337
Nature Fresh Gold Mustard Oil 15L,SKU-03319,GST,5,649.84,822.86,247,Cooking Oils,1507,8908701881113
Local Pro Maida 1kg,SKU-03320,GST,5,41.82,45.48,125,Flours,1101,8902417071278
Sprite Natural Coffee 100g,SKU-03321,GST,5,34.93,43.8,393,Beverages,0901,8909081322082
India Gate Select Basmati Rice 10kg,SKU-03322,GST,5,1086.68,1427.38,371,Grains & Cereals,1006,8903519788164
Bingo Regular Potato Chips 80g,SKU-03323,GST,12,31.67,33.69,153,Snacks,2106,8902599002842
Milky Mist Butter 100g,SKU-03324,GST,12,6.24,8.55,339,Dairy,0405,8903137743403
Apple Box,SKU-03325,Exempt,0,133.14,157.48,418,Fresh Produce,0801,8901733358136
Lipton Classic Fruit Juice 200ml,SKU-03326,GST,12,19.75,27.68,443,Beverages,2009,8902979685462
Mother Dairy Premium Milk 1L,SKU-03327,Exempt,0,69.86,85.01,27,Dairy,0401,8908212407664
Garnier Fresh Bathing Soap 150g,SKU-03328,GST,18,13.28,14.62,392,Personal Care,3401,8903501134496
Red Bull Premium Energy Drink 330ml,SKU-03329,GST+Cess,28,148.38,204.46,47,Beverages,2202,8908489945494
Parle Extra Chocolate 40g,SKU-03330,GST,18,13.43,17.64,395,Snacks,1806,8900474421756
Patanjali Organic Maida 500g,SKU-03331,GST,5,39.47,46.58,451,Flours,1101,8904444657481
Local Pro Chana Dal 1kg,SKU-03332,GST,5,94.39,125.66,266,Pulses,0713,8908864650893
Potato 1kg,SKU-03333,Exempt,0,24.46,31.14,84,Fresh Produce,0701,8901391369975
Patanjali Fresh Toor Dal 500g,SKU-03334,GST,5,95.21,118.39,72,Pulses,0713,8907154224125
Tomato 500g,SKU-03335,Exempt,0,22.06,24.03,152,Fresh Produce,0701,8907223720741
Parle Fresh Chocolate 100g,SKU-03336,GST,18,9.63,10.3,350,Snacks,1806,8900632399887
Patanjali Extra Tomato Ketchup 500g,SKU-03337,GST,12,57.77,83.59,276,Condiments,2103,8905837558263
Mother Dairy Organic Cheese 1kg,SKU-03338,GST,12,189.61,257.56,194,Dairy,0406,8901088589981
Brooke Bond Organic Cola Drink 300ml,SKU-03339,GST+Cess,28,35.98,39.51,423,Beverages,2202,8908342064339
Head & Shoulders Fresh Toothpaste 150g,SKU-03340,GST,18,6.95,8.09,351,Personal Care,3306,8907197204093
Patanjali Organic Basmati Rice 5kg,SKU-03341,GST,5,670.76,926.44,400,Grains & Cereals,1006,8900091731633
Milky Mist Natural Butter 500g,SKU-03342,GST,12,19.36,24.32,412,Dairy,0405,8907244783907
Gowardhan Pro Curd 200g,SKU-03343,GST,5,8.27,10.73,281,Dairy,0403,8909691024198
Pears Pro Shampoo 340ml,SKU-03344,GST,18,269.4,314.22,324,Personal Care,3305,8905207699152
Nescafe Gold Energy Drink 250ml,SKU-03345,GST+Cess,28,47.5,60.62,257,Beverages,2202,8908951665018
Apple 1kg,SKU-03346,Exempt,0,102.64,108.63,78,Fresh Produce,0801,8907760123162
Sundrop Gold Sunflower Oil 5L,SKU-03347,GST,5,418.73,445.3,115,Cooking Oils,1507,8906685743973
Kurkure Gold Biscuits 100g,SKU-03348,GST,18,5.47,6.94,415,Snacks,1905,8905816302129
Banana Dozen,SKU-03349,Exempt,0,36.52,50.81,73,Fresh Produce,0801,8905112980310
Nestle Natural Ghee 500ml,SKU-03350,GST,12,325.8,389.39,201,Dairy,0405,8907482522925
Nutrela Special Chana Dal 1kg,SKU-03351,GST,5,157.42,212.86,349,Pulses,0713,8904763169145
Fortune Mustard Oil 1L,SKU-03352,GST,5,150.1,178.92,387,Cooking Oils,1507,8904237246676
Gowardhan Butter 200g,SKU-03353,GST,12,14.11,17.6,334,Dairy,0405,8907904552242
Surf Excel Dishwash Liquid 500ml,SKU-03354,GST,18,43.42,62.74,192,Household Care,3402,8904978064371
Nestle Classic Instant Noodles 560g,SKU-03355,GST,12,20.5,23.08,440,Snacks,1902,8908973116015
Salt 1kg,SKU-03356,Exempt,0,34.39,37.43,384,Condiments,2501,8905424015043
Colgate Classic Bathing Soap Pack of 4,SKU-03357,GST,18,51.59,62.75,285,Personal Care,3401,8900883585583
Ramdev Organic Red Chilli Powder 200g,SKU-03358,GST,5,12.22,15.02,396,Spices,0904,8909799742542
Himalaya Select Bathing Soap 75g,SKU-03359,GST,18,32.7,41.27,413,Personal Care,3401,8907568497850
Harpic Dishwash Liquid 1L,SKU-03360,GST,18,135.85,168.79,97,Household Care,3402,8905308158086
Ramdev Regular Garam Masala 100g,SKU-03361,GST,5,14.54,18.77,118,Spices,0904,8902467199927
Dhara Sunflower Oil 1L,SKU-03362,GST,5,202.77,214.55,9,Cooking Oils,1507,8902959635187
Sundrop Extra Mustard Oil 1L,SKU-03363,GST,5,129.4,145.25,293,Cooking Oils,1507,8903613014464
Local Select Paneer 200g,SKU-03364,GST,5,15.56,16.69,223,Dairy,0406,8907580693289
Tata Sampann Gold Moong Dal 500g,SKU-03365,GST,5,79.31,109.68,457,Pulses,0713,8900370971846
Tata Tomato Ketchup 1kg,SKU-03366,GST,12,189.56,216.79,115,Condiments,2103,8901692759274
Everest Classic Turmeric Powder 100g,SKU-03367,GST,5,9.0,11.64,338,Spices,0904,8907740097018
Pillsbury Atta (Wheat Flour) 5kg,SKU-03368,GST,5,214.93,300.18,283,Flours,1101,8900610853700
Tata Tea Regular Coffee 50g,SKU-03369,GST,5,12.72,14.12,76,Beverages,0901,8902126839051
Onion Loose,SKU-03370,Exempt,0,50.99,68.51,294,Fresh Produce,0701,8903491067698
Brooke Bond Regular Tea 250g,SKU-03371,GST,5,63.11,73.96,46,Beverages,0902,8906328225196
Nutrela Special Toor Dal 500g,SKU-03372,GST,5,96.83,116.63,226,Pulses,0713,8907211702544
Britannia Special Chocolate 100g,SKU-03373,GST,18,6.57,7.62,383,Snacks,1806,8902182548057
Patanjali Pro Mustard Oil 1L,SKU-03374,GST,5,143.34,206.03,338,Cooking Oils,1507,8902633523175
Patanjali Chana Dal 1kg,SKU-03375,GST,5,156.36,216.96,497,Pulses,0713,8903202061392
Tomato Loose,SKU-03376,Exempt,0,46.27,56.46,379,Fresh Produce,0701,8907448228780
Nescafe Classic Coffee 200g,SKU-03377,GST,5,56.12,77.65,158,Beverages,0901,8909630966676
Aashirvaad Pro Basmati Rice 1kg,SKU-03378,GST,5,156.78,209.09,439,Grains & Cereals,1006,8906499104716
Nutrela Special Urad Dal 5kg,SKU-03379,GST,5,1030.48,1489.01,169,Pulses,0713,8908446577137
Britannia Organic Curd 200g,SKU-03380,GST,5,6.63,8.29,302,Dairy,0403,8903287322766
Rajdhani Masoor Dal 5kg,SKU-03381,GST,5,669.47,737.24,445,Pulses,0713,8904946454030
Potato Loose,SKU-03382,Exempt,0,19.14,23.28,392,Fresh Produce,0701,8909453882323
Nutrela Natural Urad Dal 1kg,SKU-03383,GST,5,122.23,147.29,268,Pulses,0713,8902289657549
Pears Natural Bathing Soap 75g,SKU-03384,GST,18,56.89,73.72,5,Personal Care,3401,8901337619157
Tata Tea Select Tea 250g,SKU-03385,GST,5,104.02,114.01,45,Beverages,0902,8905816231539
Fortune Gold Moong Dal 5kg,SKU-03386,GST,5,474.89,602.23,453,Pulses,0713,8906509163975
Potato 5kg,SKU-03387,Exempt,0,79.95,109.61,37,Fresh Produce,0701,8900981009443
Tomato Loose,SKU-03388,Exempt,0,49.48,54.69,12,Fresh Produce,0701,8906569427638
Tomato 1kg,SKU-03389,Exempt,0,69.11,96.65,419,Fresh Produce,0701,8907631143107
Gemini Sunflower Oil 15L,SKU-03390,GST,5,951.0,1333.27,248,Cooking Oils,1507,8901414264293
Potato 2kg,SKU-03391,Exempt,0,33.55,39.0,106,Fresh Produce,0701,8908381674289
Rajdhani Extra Masoor Dal 500g,SKU-03392,GST,5,70.7,92.8,137,Pulses,0713,8903894752897
Milky Mist Cheese 400g,SKU-03393,GST,12,204.45,260.13,306,Dairy,0406,8908224554042
Amul Regular Curd 200g,SKU-03394,GST,5,7.73,9.95,209,Dairy,0403,8901177854539
Dove Extra Toothpaste 200g,SKU-03395,GST,18,14.8,19.21,199,Personal Care,3306,8906269233953
Tomato 500g,SKU-03396,Exempt,0,31.24,42.03,487,Fresh Produce,0701,8903952563773
Gowardhan Pro Paneer 500g,SKU-03397,GST,5,45.87,57.9,435,Dairy,0406,8907013111751
Nescafe Fresh Coffee 200g,SKU-03398,GST,5,82.6,93.21,77,Beverages,0901,8904921515694
Fortune Urad Dal 5kg,SKU-03399,GST,5,1044.89,1295.91,239,Pulses,0713,8901359358910
Nature Fresh Pro Mustard Oil 15L,SKU-03400,GST,5,714.92,796.15,470,Cooking Oils,1507,8907396433161
Amul Active Ghee 5L,SKU-03401,GST,12,4144.01,5048.56,278,Dairy,0405,8907842775153
Ching's Classic Sugar 1kg,SKU-03402,GST,5,65.8,80.66,488,Condiments,1701,8905066991285
Kissan Select Sugar 5kg,SKU-03403,GST,5,169.9,197.81,297,Condiments,1701,8903311156854
Potato 5kg,SKU-03404,Exempt,0,77.69,82.86,371,Fresh Produce,0701,8900363235185
Gowardhan Gold Cheese 1kg,SKU-03405,GST,12,140.44,167.35,52,Dairy,0406,8903073987148
Local Organic Chana Dal 1kg,SKU-03406,GST,5,93.48,130.68,20,Pulses,0713,8900745777414
Patanjali Turmeric Powder 100g,SKU-03407,GST,5,9.01,10.18,94,Spices,0904,8905336305757
Colin Dishwash Liquid 500ml,SKU-03408,GST,18,73.14,90.06,34,Household Care,3402,8902507666069
Garnier Premium Toothpaste 150g,SKU-03409,GST,18,8.61,9.55,46,Personal Care,3306,8900689655326
24 Mantra Regular Toor Dal 1kg,SKU-03410,GST,5,197.87,228.32,97,Pulses,0713,8904043968483
Patanjali Classic Masoor Dal 1kg,SKU-03411,GST,5,70.78,99.29,287,Pulses,0713,8902087163881
Lay's Active Potato Chips 150g,SKU-03412,GST,12,10.66,13.35,299,Snacks,2106,8903819879216
Fortune Sunflower Oil 1L,SKU-03413,GST,5,210.07,259.68,190,Cooking Oils,1507,8907601808675
Gowardhan Active Butter 200g,SKU-03414,GST,12,12.96,17.67,175,Dairy,0405,8902893281665
Local Gold Milk 500ml,SKU-03415,Exempt,0,25.49,35.39,398,Dairy,0401,8907493135276
Local Natural Basmati Rice 10kg,SKU-03416,GST,5,1494.28,1821.87,194,Grains & Cereals,1006,8901182566516
Fortune Pro Atta (Wheat Flour) 5kg,SKU-03417,GST,5,233.41,316.72,133,Flours,1101,8908362813413
Fortune Fresh Sunflower Oil 1L,SKU-03418,GST,5,121.39,128.06,247,Cooking Oils,1507,8904968757446
Pril Organic Dishwash Liquid 500ml,SKU-03419,GST,18,56.88,62.34,438,Household Care,3402,8907398212558
Coca Cola Organic Energy Drink 330ml,SKU-03420,GST+Cess,28,176.39,248.7,184,Beverages,2202,8900315134650
Red Bull Special Energy Drink 330ml,SKU-03421,GST+Cess,28,160.89,208.81,475,Beverages,2202,8906387447713
Tata Sampann Special Urad Dal 500g,SKU-03422,GST,5,108.59,141.87,270,Pulses,0713,8903410657299
Tata Sampann Extra Garam Masala 100g,SKU-03423,GST,5,6.29,7.0,370,Spices,0904,8900670393367
Harpic Organic Detergent Powder 1kg,SKU-03424,GST,18,125.1,136.11,446,Household Care,3402,8908439711820
Tomato 500g,SKU-03425,Exempt,0,16.25,21.84,176,Fresh Produce,0701,8908271732031
Dove Shampoo 340ml,SKU-03426,GST,18,170.1,239.92,364,Personal Care,3305,8905184788797
Pepsi Extra Cola Drink 1.25L,SKU-03427,GST+Cess,28,314.67,409.16,376,Beverages,2202,8907957971149
Local Milk 1L,SKU-03428,Exempt,0,38.69,54.05,32,Dairy,0401,8906923951083
Local Butter 500g,SKU-03429,GST,12,48.36,58.37,443,Dairy,0405,8906899842003
Aashirvaad Classic Basmati Rice 10kg,SKU-03430,GST,5,1201.81,1740.72,454,Grains & Cereals,1006,8905241142076
Saffola Fresh Groundnut Oil 1L,SKU-03431,GST,5,192.79,267.14,149,Cooking Oils,1507,8909576039610
Bru Energy Drink 250ml,SKU-03432,GST+Cess,28,20.88,28.38,110,Beverages,2202,8908687612976
Tropicana Regular Coffee 50g,SKU-03433,GST,5,31.41,44.79,105,Beverages,0901,8905456143153
Pepsodent Fresh Shampoo 650ml,SKU-03434,GST,18,217.85,255.25,426,Personal Care,3305,8909953120085
Haldiram's Classic Namkeen/Bhujia 400g,SKU-03435,GST,12,141.57,150.32,94,Snacks,2106,8904170364237
Nature Fresh Fresh Besan 500g,SKU-03436,GST,5,39.61,51.63,164,Flours,1101,8901471897621
Coca Cola Select Tea 1kg,SKU-03437,GST,5,375.08,538.14,333,Beverages,0902,8909210172748
Mother Dairy Special Butter 500g,SKU-03438,GST,12,46.27,65.29,397,Dairy,0405,8905079631324
Surf Excel Organic Detergent Powder 4kg,SKU-03439,GST,18,161.46,222.26,323,Household Care,3402,8906519662714
Sundrop Mustard Oil 1L,SKU-03440,GST,5,146.73,194.57,466,Cooking Oils,1507,8906862378577
Local Pro Paneer 200g,SKU-03441,GST,5,15.45,19.87,500,Dairy,0406,8903917670700
Gowardhan Butter 500g,SKU-03442,GST,12,36.72,44.78,87,Dairy,0405,8904452784300
Local Maida 500g,SKU-03443,GST,5,44.21,63.52,221,Flours,1101,8905949186849
Pepsodent Organic Toothpaste 150g,SKU-03444,GST,18,6.93,7.77,112,Personal Care,3306,8909226868703
Real Tea 500g,SKU-03445,GST,5,176.61,240.98,151,Beverages,0902,8905765309246
Fortune Chana Dal 500g,SKU-03446,GST,5,40.73,44.87,93,Pulses,0713,8905750412266
Nutrela Extra Urad Dal 500g,SKU-03447,GST,5,107.54,113.05,148,Pulses,0713,8905573149266
Daawat Basmati Rice 10kg,SKU-03448,GST,5,1010.81,1062.34,289,Grains & Cereals,1006,8902807100245
Red Bull Organic Cola Drink 2L,SKU-03449,GST+Cess,28,32.98,40.7,305,Beverages,2202,8903996979339
Fortune Fresh Sona Masoori Rice 5kg,SKU-03450,GST,5,368.55,507.71,288,Grains & Cereals,1006,8908386898258
Local Curd 200g,SKU-03451,GST,5,12.43,15.21,280,Dairy,0403,8901652235079
Comfort Natural Floor Cleaner 2L,SKU-03452,GST,18,122.79,176.81,124,Household Care,3402,8905219980684
Britannia Fresh Chocolate 40g,SKU-03453,GST,18,14.29,16.01,470,Snacks,1806,8909508672266
Kohinoor Basmati Rice 1kg,SKU-03454,GST,5,103.01,126.99,232,Grains & Cereals,1006,8908673971819
Onion 5kg,SKU-03455,Exempt,0,244.53,305.8,408,Fresh Produce,0701,8909933053740
Pantene Organic Shampoo 180ml,SKU-03456,GST,18,128.15,140.57,368,Personal Care,3305,8903324877365
Milky Mist Regular Paneer 1kg,SKU-03457,GST,5,110.04,151.8,391,Dairy,0406,8906132940635
Lipton Tea 500g,SKU-03458,GST,5,157.2,177.88,286,Beverages,0902,8905726850072
Nestle Select Biscuits 200g,SKU-03459,GST,18,12.21,15.3,369,Snacks,1905,8905800999866
Odonil Organic Detergent Powder 500g,SKU-03460,GST,18,93.02,130.28,165,Household Care,3402,8900514904873
Sundrop Organic Mustard Oil 5L,SKU-03461,GST,5,637.22,742.26,411,Cooking Oils,1507,8905364996107
Red Bull Coffee 200g,SKU-03462,GST,5,90.16,100.06,77,Beverages,0901,8906461533002
Tata Tea Coffee 50g,SKU-03463,GST,5,27.95,37.64,443,Beverages,0901,8907697693805
Milky Mist Natural Paneer 500g,SKU-03464,GST,5,72.95,87.61,309,Dairy,0406,8900168120750
Apple 1kg,SKU-03465,Exempt,0,174.6,208.89,457,Fresh Produce,0801,8905939224455
Patanjali Fresh Red Chilli Powder 100g,SKU-03466,GST,5,5.96,8.03,279,Spices,0904,8909441399951
Tata Sampann Fresh Garam Masala 50g,SKU-03467,GST,5,7.38,7.98,227,Spices,0904,8909590705695
Ariel Floor Cleaner 500ml,SKU-03468,GST,18,88.24,100.02,467,Household Care,3402,8901128740811
Patanjali Tomato Ketchup 500g,SKU-03469,GST,12,88.16,113.77,431,Condiments,2103,8908214528789
Cadbury Chocolate 250g,SKU-03470,GST,18,10.61,13.59,485,Snacks,1806,8903028405218
Fortune Mustard Oil 5L,SKU-03471,GST,5,1109.34,1413.14,102,Cooking Oils,1507,8901912604858
Britannia Organic Namkeen/Bhujia 400g,SKU-03472,GST,12,109.97,139.73,285,Snacks,2106,8904409386547
Banana Half Dozen,SKU-03473,Exempt,0,58.24,69.84,266,Fresh Produce,0801,8907487056623
Potato 2kg,SKU-03474,Exempt,0,35.92,46.11,163,Fresh Produce,0701,8904615012350
Tata Sampann Extra Turmeric Powder 500g,SKU-03475,GST,5,22.63,27.68,33,Spices,0904,8905059085576
Sundrop Fresh Sunflower Oil 15L,SKU-03476,GST,5,926.6,1149.46,363,Cooking Oils,1507,8903919474372
Cadbury Fresh Namkeen/Bhujia 200g,SKU-03477,GST,12,21.16,23.51,360,Snacks,2106,8909609102764
Brooke Bond Pro Coffee 100g,SKU-03478,GST,5,35.15,46.08,91,Beverages,0901,8901119026623
Coca Cola Coffee 50g,SKU-03479,GST,5,14.76,16.79,443,Beverages,0901,8903098314523
Pepsi Fresh Coffee 50g,SKU-03480,GST,5,18.71,21.27,105,Beverages,0901,8902874256568
Smith & Jones Special Sugar 1kg,SKU-03481,GST,5,77.05,82.16,30,Condiments,1701,8905895381575
Apple 1kg,SKU-03482,Exempt,0,94.3,119.52,357,Fresh Produce,0801,8905781807794
Bikano Instant Noodles 280g,SKU-03483,GST,12,24.89,34.81,63,Snacks,1902,8905144661995
Tata Sampann Gold Toor Dal 1kg,SKU-03484,GST,5,103.47,144.55,213,Pulses,0713,8905626668854
Local Natural Masoor Dal 1kg,SKU-03485,GST,5,155.5,202.7,209,Pulses,0713,8903776659959
Haldiram's Natural Chocolate 40g,SKU-03486,GST,18,14.23,19.48,124,Snacks,1806,8908162266484
Nestle Instant Noodles 70g,SKU-03487,GST,12,19.78,21.53,202,Snacks,1902,8902883635805
Nature Fresh Extra Atta (Wheat Flour) 1kg,SKU-03488,GST,5,31.61,35.72,351,Flours,1101,8903561170278
24 Mantra Select Chana Dal 500g,SKU-03489,GST,5,51.35,74.01,300,Pulses,0713,8903722391761
Britannia Pro Instant Noodles 140g,SKU-03490,GST,12,10.46,13.77,272,Snacks,1902,8904313574087
24 Mantra Premium Urad Dal 1kg,SKU-03491,GST,5,214.73,242.24,249,Pulses,0713,8902961756577
Cadbury Potato Chips 30g,SKU-03492,GST,12,13.98,18.82,139,Snacks,2106,8902511809545
Tata Sampann Active Masoor Dal 5kg,SKU-03493,GST,5,488.8,585.41,71,Pulses,0713,8908634840161
Colgate Shampoo 180ml,SKU-03494,GST,18,146.57,207.26,160,Personal Care,3305,8904533752015
Salt 500g,SKU-03495,Exempt,0,15.99,18.7,44,Condiments,2501,8905733768409
Milk 1L,SKU-03496,Exempt,0,38.78,50.32,254,Dairy,0401,8901957145149
Saffola Extra Mustard Oil 5L,SKU-03497,GST,5,712.04,968.32,282,Cooking Oils,1507,8907368072966
Banana Half Dozen,SKU-03498,Exempt,0,67.37,84.71,40,Fresh Produce,0801,8906848272309
Haldiram's Premium Chocolate 100g,SKU-03499,GST,18,9.4,12.59,202,Snacks,1806,8904450300604
Saffola Classic Mustard Oil 15L,SKU-03500,GST,5,848.59,1175.68,250,Cooking Oils,1507,8903300276327
Daawat Basmati Rice 5kg,SKU-03501,GST,5,407.89,497.91,443,Grains & Cereals,1006,8905043260590
24 Mantra Extra Toor Dal 500g,SKU-03502,GST,5,71.76,99.56,89,Pulses,0713,8906549305397
Patanjali Regular Sona Masoori Rice 10kg,SKU-03503,GST,5,521.1,684.43,419,Grains & Cereals,1006,8909964260600
Sunfeast Pro Instant Noodles 560g,SKU-03504,GST,12,16.99,23.84,363,Snacks,1902,8905143164119
Bikano Instant Noodles 140g,SKU-03505,GST,12,8.1,8.66,333,Snacks,1902,8902542600628
Himalaya Pro Toothpaste 200g,SKU-03506,GST,18,11.05,13.9,109,Personal Care,3306,8905799389594
Dhara Special Groundnut Oil 1L,SKU-03507,GST,5,138.63,172.32,449,Cooking Oils,1507,8907529497756
Patanjali Pro Groundnut Oil 1L,SKU-03508,GST,5,227.95,310.19,267,Cooking Oils,1507,8909563836766
Sundrop Fresh Mustard Oil 1L,SKU-03509,GST,5,110.36,116.02,90,Cooking Oils,1507,8902133875342
Banana Half Dozen,SKU-03510,Exempt,0,37.44,51.18,152,Fresh Produce,0801,8905749883968
Daawat Active Sona Masoori Rice 10kg,SKU-03511,GST,5,632.02,736.01,23,Grains & Cereals,1006,8909353521517
Patanjali Sona Masoori Rice 25kg,SKU-03512,GST,5,501.15,530.47,407,Grains & Cereals,1006,8906899247157
24 Mantra Premium Masoor Dal 500g,SKU-03513,GST,5,71.51,94.09,44,Pulses,0713,8900302212395
Saffola Regular Groundnut Oil 1L,SKU-03514,GST,5,296.31,360.61,267,Cooking Oils,1507,8903232854142
Nestle Active Cheese 200g,SKU-03515,GST,12,34.61,50.17,70,Dairy,0406,8901445371504
Tata Sampann Masoor Dal 5kg,SKU-03516,GST,5,593.93,828.38,257,Pulses,0713,8908801159132
Ramdev Fresh Red Chilli Powder 100g,SKU-03517,GST,5,7.13,9.5,206,Spices,0904,8903554690336
Lay's Classic Namkeen/Bhujia 200g,SKU-03518,GST,12,33.28,46.3,232,Snacks,2106,8901973238154
Patanjali Sunflower Oil 1L,SKU-03519,GST,5,211.65,301.75,378,Cooking Oils,1507,8907626023564
Potato Loose,SKU-03520,Exempt,0,23.54,30.43,45,Fresh Produce,0701,8909507867969
Cadbury Fresh Namkeen/Bhujia 1kg,SKU-03521,GST,12,114.77,164.15,296,Snacks,2106,8901948746123
Lux Premium Shampoo 650ml,SKU-03522,GST,18,110.96,129.34,190,Personal Care,3305,8905175863735
Nature Fresh Atta (Wheat Flour) 1kg,SKU-03523,GST,5,29.51,36.94,422,Flours,1101,8909966686858
Fortune Gold Moong Dal 500g,SKU-03524,GST,5,74.17,104.99,35,Pulses,0713,8906514947396
Nature Fresh Fresh Groundnut Oil 15L,SKU-03525,GST,5,679.09,805.38,229,Cooking Oils,1507,8907103027596
Onion 5kg,SKU-03526,Exempt,0,197.09,284.89,449,Fresh Produce,0701,8908434231494
Dhara Regular Sunflower Oil 15L,SKU-03527,GST,5,510.17,680.0,499,Cooking Oils,1507,8908606209818
Onion Loose,SKU-03528,Exempt,0,31.46,43.08,159,Fresh Produce,0701,8901405085013
Vim Organic Detergent Powder 1kg,SKU-03529,GST,18,178.4,256.56,357,Household Care,3402,8906364122647
Britannia Organic Butter 500g,SKU-03530,GST,12,40.1,53.32,383,Dairy,0405,8902453960424
Potato 5kg,SKU-03531,Exempt,0,141.95,164.74,193,Fresh Produce,0701,8903968527682
Potato Loose,SKU-03532,Exempt,0,17.35,23.65,398,Fresh Produce,0701,8906614280970
Amul Cheese 1kg,SKU-03533,GST,12,161.47,170.53,227,Dairy,0406,8903515911753
Fortune Classic Besan 1kg,SKU-03534,GST,5,59.42,82.49,463,Flours,1101,8903379708604
Lifebuoy Toothpaste 150g,SKU-03535,GST,18,5.14,6.53,97,Personal Care,3306,8905371720153
Nature Fresh Premium Besan 500g,SKU-03536,GST,5,35.41,49.48,177,Flours,1101,8906964741331
Britannia Paneer 200g,SKU-03537,GST,5,25.07,32.44,281,Dairy,0406,8904226631543
Potato 1kg,SKU-03538,Exempt,0,29.21,32.04,43,Fresh Produce,0701,8905653667136
24 Mantra Fresh Urad Dal 5kg,SKU-03539,GST,5,662.42,893.44,159,Pulses,0713,8905228232534
Thums Up Pro Fruit Juice 1L,SKU-03540,GST,12,160.63,206.93,395,Beverages,2009,8909934965775
Lay's Natural Biscuits 200g,SKU-03541,GST,18,8.11,8.9,316,Snacks,1905,8907064064123
Comfort Special Dishwash Liquid 250ml,SKU-03542,GST,18,20.18,22.44,138,Household Care,3402,8907830750163
Local Premium Ghee 5L,SKU-03543,GST,12,4210.79,5517.38,297,Dairy,0405,8901410526963
Ramdev Turmeric Powder 100g,SKU-03544,GST,5,5.18,6.95,100,Spices,0904,8906454367687
Britannia Select Instant Noodles 560g,SKU-03545,GST,12,15.8,20.57,479,Snacks,1902,8902698630133
Pillsbury Maida 1kg,SKU-03546,GST,5,67.96,97.02,286,Flours,1101,8902170267199
Salt 1kg,SKU-03547,Exempt,0,32.86,39.13,162,Condiments,2501,8907561603849
Local Masoor Dal 500g,SKU-03548,GST,5,40.27,49.03,455,Pulses,0713,8902287956141
Tomato 1kg,SKU-03549,Exempt,0,57.59,68.96,91,Fresh Produce,0701,8909325789088
Fortune Premium Sunflower Oil 5L,SKU-03550,GST,5,524.36,721.3,454,Cooking Oils,1507,8903471120273
Potato 1kg,SKU-03551,Exempt,0,27.76,39.8,331,Fresh Produce,0701,8909512920722
India Gate Natural Sona Masoori Rice 5kg,SKU-03552,GST,5,319.35,406.02,118,Grains & Cereals,1006,8903989511139
Parle Potato Chips 150g,SKU-03553,GST,12,7.44,10.26,239,Snacks,2106,8909278767823
Tata Pro Sugar 5kg,SKU-03554,GST,5,182.14,247.37,419,Condiments,1701,8906514448657
Fortune Moong Dal 500g,SKU-03555,GST,5,57.47,60.88,275,Pulses,0713,8901484991987
Amul Ghee 500ml,SKU-03556,GST,12,216.44,245.31,393,Dairy,0405,8900843391419
Colin Gold Floor Cleaner 500ml,SKU-03557,GST,18,80.9,105.43,307,Household Care,3402,8906330507495
Apple 1kg,SKU-03558,Exempt,0,163.16,182.47,54,Fresh Produce,0801,8909298028441
MDH Turmeric Powder 500g,SKU-03559,GST,5,18.58,26.78,497,Spices,0904,8906240885163
Nandini Regular Butter 500g,SKU-03560,GST,12,25.17,26.57,465,Dairy,0405,8905741037622
Patanjali Organic Turmeric Powder 500g,SKU-03561,GST,5,11.47,13.54,189,Spices,0904,8908385163578
Banana Half Dozen,SKU-03562,Exempt,0,62.64,72.74,227,Fresh Produce,0801,8906847132901
Apple Box,SKU-03563,Exempt,0,173.39,218.22,444,Fresh Produce,0801,8905118581101
24 Mantra Active Chana Dal 500g,SKU-03564,GST,5,45.07,60.76,132,Pulses,0713,8905968289014
Apple Loose,SKU-03565,Exempt,0,107.03,122.13,46,Fresh Produce,0801,8906766027168
Balaji Potato Chips 80g,SKU-03566,GST,12,33.71,42.88,145,Snacks,2106,8907871819383
24 Mantra Urad Dal 5kg,SKU-03567,GST,5,949.66,1129.37,50,Pulses,0713,8900473080282
Nandini Gold Paneer 200g,SKU-03568,GST,5,29.34,40.65,93,Dairy,0406,8904143044469
Maggi Special Tomato Ketchup 500g,SKU-03569,GST,12,87.05,99.1,301,Condiments,2103,8900019768933
Rajdhani Classic Moong Dal 500g,SKU-03570,GST,5,64.95,84.26,50,Pulses,0713,8901303076617
Tomato 500g,SKU-03571,Exempt,0,24.78,33.19,289,Fresh Produce,0701,8904648209872
Bru Cola Drink 300ml,SKU-03572,GST+Cess,28,32.65,39.37,206,Beverages,2202,8909234440557
Milky Mist Ghee 1L,SKU-03573,GST,12,444.12,606.82,404,Dairy,0405,8909636209160
Sunsilk Select Shampoo 650ml,SKU-03574,GST,18,262.1,325.22,363,Personal Care,3305,8902319017066
Tropicana Cola Drink 600ml,SKU-03575,GST+Cess,28,33.9,45.05,411,Beverages,2202,8905893584047
Onion 5kg,SKU-03576,Exempt,0,231.79,317.93,430,Fresh Produce,0701,8906565641656
Smith & Jones Salt 1kg,SKU-03577,Exempt,0,31.01,44.28,47,Condiments,2501,8901207018058
Lay's Namkeen/Bhujia 400g,SKU-03578,GST,12,99.17,127.52,100,Snacks,2106,8906255257615
Potato 1kg,SKU-03579,Exempt,0,33.18,42.9,326,Fresh Produce,0701,8908480861868
India Gate Fresh Sona Masoori Rice 10kg,SKU-03580,GST,5,574.72,636.8,308,Grains & Cereals,1006,8909785321013
Nature Fresh Premium Maida 500g,SKU-03581,GST,5,24.96,26.68,255,Flours,1101,8906584901405
Patanjali Premium Red Chilli Powder 500g,SKU-03582,GST,5,16.61,19.78,285,Spices,0904,8907090959027
Cadbury Organic Chocolate 40g,SKU-03583,GST,18,8.95,12.47,403,Snacks,1806,8909918386488
Aashirvaad Sona Masoori Rice 5kg,SKU-03584,GST,5,387.48,553.91,45,Grains & Cereals,1006,8906367717752
Britannia Select Chocolate 250g,SKU-03585,GST,18,21.58,29.47,357,Snacks,1806,8906915489788
Milk 500ml,SKU-03586,Exempt,0,29.17,32.54,232,Dairy,0401,8907050875505
Catch Select Red Chilli Powder 200g,SKU-03587,GST,5,14.23,17.98,283,Spices,0904,8908867895013
Bikano Fresh Namkeen/Bhujia 1kg,SKU-03588,GST,12,102.25,109.91,476,Snacks,2106,8904142013498
Fortune Pro Urad Dal 5kg,SKU-03589,GST,5,811.46,1100.1,43,Pulses,0713,8904046247863
Sundrop Fresh Mustard Oil 1L,SKU-03590,GST,5,161.22,179.76,473,Cooking Oils,1507,8903308903454
24 Mantra Urad Dal 5kg,SKU-03591,GST,5,631.27,890.82,498,Pulses,0713,8902109549686
Local Fresh Paneer 500g,SKU-03592,GST,5,33.57,47.37,294,Dairy,0406,8900991998467
MDH Premium Turmeric Powder 200g,SKU-03593,GST,5,8.48,10.17,52,Spices,0904,8900356257621
Apple Loose,SKU-03594,Exempt,0,72.84,89.7,473,Fresh Produce,0801,8909550004441
Emami Natural Mustard Oil 5L,SKU-03595,GST,5,500.9,707.78,377,Cooking Oils,1507,8907275622021
Patanjali Garam Masala 50g,SKU-03596,GST,5,12.01,14.15,240,Spices,0904,8900137607203
Milky Mist Fresh Ghee 5L,SKU-03597,GST,12,3873.54,4285.34,336,Dairy,0405,8907756779466
Real Pro Energy Drink 250ml,SKU-03598,GST+Cess,28,27.64,39.72,155,Beverages,2202,8908426898807
Patanjali Select Garam Masala 100g,SKU-03599,GST,5,6.38,7.58,178,Spices,0904,8907856451924
Local Natural Butter 500g,SKU-03600,GST,12,27.28,34.52,70,Dairy,0405,8909851652287
Rajdhani Gold Atta (Wheat Flour) 1kg,SKU-03601,GST,5,52.23,64.88,206,Flours,1101,8903414487774
Tata Sampann Garam Masala 50g,SKU-03602,GST,5,5.77,8.29,14,Spices,0904,8903188727796
Apple Box,SKU-03603,Exempt,0,125.61,158.11,200,Fresh Produce,0801,8907420505784
Aashirvaad Gold Sugar 1kg,SKU-03604,GST,5,51.56,59.54,213,Condiments,1701,8905186515312
Banana Dozen,SKU-03605,Exempt,0,59.34,65.28,320,Fresh Produce,0801,8908790868651
Sunsilk Bathing Soap Pack of 3,SKU-03606,GST,18,55.6,75.8,57,Personal Care,3401,8907059396701
Pril Pro Dishwash Liquid 500ml,SKU-03607,GST,18,39.7,46.58,382,Household Care,3402,8902465529578
Suhana Regular Garam Masala 100g,SKU-03608,GST,5,6.03,6.91,7,Spices,0904,8902271131800
Mother Dairy Organic Ghee 5L,SKU-03609,GST,12,3266.01,3496.58,373,Dairy,0405,8908475557734
Comfort Active Detergent Powder 500g,SKU-03610,GST,18,86.89,99.19,315,Household Care,3402,8901321836694
Sunfeast Extra Instant Noodles 140g,SKU-03611,GST,12,11.41,14.37,204,Snacks,1902,8909873297584
Emami Sunflower Oil 1L,SKU-03612,GST,5,98.13,128.46,243,Cooking Oils,1507,8900244698459
Sprite Classic Energy Drink 250ml,SKU-03613,GST+Cess,28,30.73,43.7,19,Beverages,2202,8909478306264
Kissan Pro Sugar 5kg,SKU-03614,GST,5,385.46,446.04,158,Condiments,1701,8906312842092
Maggi Classic Tomato Ketchup 500g,SKU-03615,GST,12,88.95,96.67,45,Condiments,2103,8902202151285
Nandini Classic Milk 1L,SKU-03616,Exempt,0,52.86,73.27,371,Dairy,0401,8906523700877
Real Classic Tea 250g,SKU-03617,GST,5,95.37,107.98,86,Beverages,0902,8906073478432
Mother's Recipe Red Chilli Powder 200g,SKU-03618,GST,5,9.1,10.55,330,Spices,0904,8903103233854
Local Besan 1kg,SKU-03619,GST,5,67.18,90.61,285,Flours,1101,8905821964599
Catch Organic Turmeric Powder 100g,SKU-03620,GST,5,14.12,18.67,455,Spices,0904,8901255889839
Nandini Cheese 200g,SKU-03621,GST,12,38.93,45.04,70,Dairy,0406,8905706707792
Rajdhani Special Urad Dal 5kg,SKU-03622,GST,5,643.02,887.55,245,Pulses,0713,8905971131568
Nescafe Classic Coffee 50g,SKU-03623,GST,5,15.18,16.89,416,Beverages,0901,8904596394684
Gemini Regular Groundnut Oil 15L,SKU-03624,GST,5,1372.21,1880.1,12,Cooking Oils,1507,8903585872632
Harpic Classic Dishwash Liquid 500ml,SKU-03625,GST,18,71.38,88.96,41,Household Care,3402,8909264210238
Catch Garam Masala 50g,SKU-03626,GST,5,14.76,21.01,461,Spices,0904,8904970695990
Comfort Detergent Powder 500g,SKU-03627,GST,18,94.34,129.9,117,Household Care,3402,8903562395021
Banana Half Dozen,SKU-03628,Exempt,0,58.2,83.47,25,Fresh Produce,0801,8908222053220
Sprite Extra Energy Drink 250ml,SKU-03629,GST+Cess,28,30.85,41.85,275,Beverages,2202,8909804661710
Milky Mist Organic Milk 500ml,SKU-03630,Exempt,0,43.72,60.32,464,Dairy,0401,8909911739066
Tata Sampann Masoor Dal 5kg,SKU-03631,GST,5,607.87,791.35,262,Pulses,0713,8905760273160
Rajdhani Active Besan 500g,SKU-03632,GST,5,56.12,79.12,179,Flours,1101,8900632705241
Pantene Organic Shampoo 650ml,SKU-03633,GST,18,233.36,304.37,165,Personal Care,3305,8906468667646
Bikano Pro Instant Noodles 280g,SKU-03634,GST,12,20.8,24.38,13,Snacks,1902,8900013743784
Red Bull Premium Coffee 50g,SKU-03635,GST,5,27.61,31.64,420,Beverages,0901,8902322583376
Gowardhan Natural Cheese 200g,SKU-03636,GST,12,29.86,31.88,180,Dairy,0406,8904177657866
Amul Classic Milk 500ml,SKU-03637,Exempt,0,19.82,23.6,49,Dairy,0401,8901862479393
Lifebuoy Bathing Soap 150g,SKU-03638,GST,18,5.85,6.27,207,Personal Care,3401,8909631555800
Coca Cola Fruit Juice 1L,SKU-03639,GST,12,154.96,191.28,55,Beverages,2009,8903183823708
Rajdhani Moong Dal 1kg,SKU-03640,GST,5,154.75,201.99,13,Pulses,0713,8901381385418
Fortune Natural Urad Dal 5kg,SKU-03641,GST,5,547.2,662.76,148,Pulses,0713,8905701773370
Banana Half Dozen,SKU-03642,Exempt,0,36.47,38.94,155,Fresh Produce,0801,8909712793108
Nestle Ghee 500ml,SKU-03643,GST,12,334.03,406.63,401,Dairy,0405,8909990604186
Britannia Extra Instant Noodles 70g,SKU-03644,GST,12,15.72,21.94,56,Snacks,1902,8901828921075
Tropicana Natural Fruit Juice 1L,SKU-03645,GST,12,109.72,150.71,16,Beverages,2009,8909753363149
Nestle Regular Butter 500g,SKU-03646,GST,12,34.86,42.24,342,Dairy,0405,8907568634549
Maggi Pro Salt 500g,SKU-03647,Exempt,0,8.05,11.06,398,Condiments,2501,8909925583003
Fortune Mustard Oil 15L,SKU-03648,GST,5,1044.83,1250.97,325,Cooking Oils,1507,8903449108853
Patanjali Natural Chana Dal 5kg,SKU-03649,GST,5,740.2,1041.8,431,Pulses,0713,8902727783407
Nestle Fresh Potato Chips 150g,SKU-03650,GST,12,14.57,15.76,290,Snacks,2106,8901671771103
Tata Sampann Classic Chana Dal 500g,SKU-03651,GST,5,87.15,108.64,117,Pulses,0713,8906174574179
Banana Dozen,SKU-03652,Exempt,0,62.87,66.72,12,Fresh Produce,0801,8901330214890
Tata Sampann Gold Toor Dal 500g,SKU-03653,GST,5,115.45,162.66,432,Pulses,0713,8909215819277
Milky Mist Natural Ghee 1L,SKU-03654,GST,12,704.81,940.41,491,Dairy,0405,8904561846891
Gemini Groundnut Oil 1L,SKU-03655,GST,5,312.91,406.29,231,Cooking Oils,1507,8904709148719
India Gate Natural Basmati Rice 5kg,SKU-03656,GST,5,750.57,1054.7,436,Grains & Cereals,1006,8906561978968
Banana Half Dozen,SKU-03657,Exempt,0,46.1,59.78,65,Fresh Produce,0801,8906992770866
Sundrop Mustard Oil 5L,SKU-03658,GST,5,1012.48,1213.42,310,Cooking Oils,1507,8907759776738
Potato 5kg,SKU-03659,Exempt,0,70.79,97.41,273,Fresh Produce,0701,8902337339347
Local Pro Chana Dal 500g,SKU-03660,GST,5,58.28,74.3,212,Pulses,0713,8905707385460
Dhara Groundnut Oil 1L,SKU-03661,GST,5,323.01,460.46,74,Cooking Oils,1507,8901330587892
Pepsodent Premium Bathing Soap Pack of 4,SKU-03662,GST,18,62.35,89.99,402,Personal Care,3401,8902955769308
Pepsi Cola Drink 600ml,SKU-03663,GST+Cess,28,63.83,67.84,311,Beverages,2202,8909190623154
Patanjali Gold Maida 1kg,SKU-03664,GST,5,59.37,74.02,462,Flours,1101,8907084867117
Milky Mist Cheese 1kg,SKU-03665,GST,12,167.32,231.15,198,Dairy,0406,8903436509416
Nestle Pro Ghee 1L,SKU-03666,GST,12,496.3,621.46,199,Dairy,0405,8902870132156
Mother's Recipe Gold Red Chilli Powder 100g,SKU-03667,GST,5,6.07,7.88,266,Spices,0904,8907171045999
Amul Gold Cheese 400g,SKU-03668,GST,12,204.13,285.08,286,Dairy,0406,8900221318960
Tata Sampann Select Masoor Dal 500g,SKU-03669,GST,5,61.78,86.32,329,Pulses,0713,8901734174146
Patanjali Special Mustard Oil 5L,SKU-03670,GST,5,533.89,771.17,495,Cooking Oils,1507,8903355916491
Emami Fresh Mustard Oil 5L,SKU-03671,GST,5,487.78,550.49,107,Cooking Oils,1507,8903864865007
Rajdhani Special Chana Dal 500g,SKU-03672,GST,5,44.42,60.92,438,Pulses,0713,8900191653647
Potato 5kg,SKU-03673,Exempt,0,156.34,203.26,352,Fresh Produce,0701,8907781341452
Nutrela Moong Dal 1kg,SKU-03674,GST,5,207.62,240.81,303,Pulses,0713,8901535090435
Banana Dozen,SKU-03675,Exempt,0,69.28,89.33,312,Fresh Produce,0801,8904651327100
Patanjali Regular Urad Dal 5kg,SKU-03676,GST,5,1030.96,1259.53,493,Pulses,0713,8904384709819
Amul Classic Cheese 400g,SKU-03677,GST,12,206.74,224.94,201,Dairy,0406,8903392362593
Nestle Butter 200g,SKU-03678,GST,12,19.02,20.88,360,Dairy,0405,8909249128300
Catch Red Chilli Powder 100g,SKU-03679,GST,5,7.12,10.11,340,Spices,0904,8909245167917
Tata Sampann Garam Masala 50g,SKU-03680,GST,5,11.2,12.14,246,Spices,0904,8902923359133
Gemini Extra Groundnut Oil 1L,SKU-03681,GST,5,174.95,213.91,369,Cooking Oils,1507,8908724504094
Milky Mist Paneer 500g,SKU-03682,GST,5,35.16,48.63,286,Dairy,0406,8902898218244
Aashirvaad Salt 500g,SKU-03683,Exempt,0,10.05,11.08,254,Condiments,2501,8900386473223
Gowardhan Pro Butter 200g,SKU-03684,GST,12,20.52,23.19,450,Dairy,0405,8908368125414
Dhara Sunflower Oil 15L,SKU-03685,GST,5,999.67,1266.18,249,Cooking Oils,1507,8905904474176
Fortune Organic Urad Dal 1kg,SKU-03686,GST,5,102.15,121.32,305,Pulses,0713,8904065253293
Pears Select Bathing Soap 150g,SKU-03687,GST,18,11.63,15.72,147,Personal Care,3401,8905199550897
Real Tea 500g,SKU-03688,GST,5,116.86,148.12,66,Beverages,0902,8905706625016
Daawat Select Basmati Rice 1kg,SKU-03689,GST,5,82.32,113.86,232,Grains & Cereals,1006,8901494872484
Balaji Regular Potato Chips 80g,SKU-03690,GST,12,21.67,30.78,451,Snacks,2106,8903056820808
India Gate Basmati Rice 25kg,SKU-03691,GST,5,708.08,911.72,268,Grains & Cereals,1006,8902209252109
Nutrela Fresh Moong Dal 500g,SKU-03692,GST,5,92.32,122.0,256,Pulses,0713,8909130279299
Tomato 1kg,SKU-03693,Exempt,0,29.0,39.68,472,Fresh Produce,0701,8902279825799
Pepsi Special Fruit Juice 200ml,SKU-03694,GST,12,39.19,51.99,383,Beverages,2009,8904326032240
Haldiram's Biscuits 200g,SKU-03695,GST,18,9.16,9.74,124,Snacks,1905,8907817150685
Milky Mist Premium Ghee 1L,SKU-03696,GST,12,628.44,883.79,292,Dairy,0405,8909592085151
Daawat Basmati Rice 25kg,SKU-03697,GST,5,759.71,804.24,298,Grains & Cereals,1006,8909974941171
Fortune Groundnut Oil 1L,SKU-03698,GST,5,184.55,261.77,373,Cooking Oils,1507,8907372590125
Cadbury Chocolate 100g,SKU-03699,GST,18,6.04,8.01,142,Snacks,1806,8903297867154
Pears Special Shampoo 650ml,SKU-03700,GST,18,216.07,306.66,309,Personal Care,3305,8905719477007
Mother Dairy Natural Milk 500ml,SKU-03701,Exempt,0,30.34,34.51,422,Dairy,0401,8903592172340
Saffola Special Sunflower Oil 5L,SKU-03702,GST,5,740.96,991.88,283,Cooking Oils,1507,8906631438706
Mother Dairy Select Curd 400g,SKU-03703,GST,5,25.81,36.41,64,Dairy,0403,8901889594919
Nestle Special Ghee 1L,SKU-03704,GST,12,414.68,469.47,206,Dairy,0405,8906648143137
Tata Sampann Premium Toor Dal 5kg,SKU-03705,GST,5,987.8,1261.15,34,Pulses,0713,8901106382244
Pillsbury Extra Besan 1kg,SKU-03706,GST,5,108.53,155.86,296,Flours,1101,8905189819785
Tata Sampann Regular Masoor Dal 1kg,SKU-03707,GST,5,108.1,151.23,210,Pulses,0713,8909803459489
Aashirvaad Organic Atta (Wheat Flour) 5kg,SKU-03708,GST,5,144.83,154.78,454,Flours,1101,8901006956981
Sunfeast Fresh Chocolate 250g,SKU-03709,GST,18,11.34,16.31,463,Snacks,1806,8903167926640
Rin Classic Dishwash Liquid 1L,SKU-03710,GST,18,95.33,100.21,293,Household Care,3402,8909906408106
MDH Regular Garam Masala 50g,SKU-03711,GST,5,8.76,9.54,416,Spices,0904,8905920865374
Kurkure Extra Potato Chips 80g,SKU-03712,GST,12,29.68,33.49,101,Snacks,2106,8901856654934
Catch Tomato Ketchup 500g,SKU-03713,GST,12,83.75,105.16,68,Condiments,2103,8900786320197
Onion Loose,SKU-03714,Exempt,0,41.71,52.56,242,Fresh Produce,0701,8906232558811
Nivea Regular Toothpaste 200g,SKU-03715,GST,18,11.02,13.51,219,Personal Care,3306,8901518078442
24 Mantra Toor Dal 1kg,SKU-03716,GST,5,218.61,299.19,14,Pulses,0713,8900425976571
Local Select Basmati Rice 10kg,SKU-03717,GST,5,1420.98,1801.84,413,Grains & Cereals,1006,8907951961499
Potato 2kg,SKU-03718,Exempt,0,29.24,37.57,15,Fresh Produce,0701,8905444962521
Patanjali Turmeric Powder 100g,SKU-03719,GST,5,5.08,6.58,423,Spices,0904,8903907666752
Local Pro Toor Dal 1kg,SKU-03720,GST,5,100.17,138.96,58,Pulses,0713,8905799706581
Gowardhan Extra Paneer 500g,SKU-03721,GST,5,67.44,92.28,229,Dairy,0406,8908363509680
Gowardhan Paneer 200g,SKU-03722,GST,5,16.63,22.63,217,Dairy,0406,8902393526017
Colgate Bathing Soap 100g,SKU-03723,GST,18,10.05,13.92,109,Personal Care,3401,8902613542701
Pepsodent Fresh Shampoo 180ml,SKU-03724,GST,18,138.37,188.16,72,Personal Care,3305,8900025304674
Potato Loose,SKU-03725,Exempt,0,34.33,49.63,412,Fresh Produce,0701,8905331156483
Nutrela Pro Masoor Dal 1kg,SKU-03726,GST,5,174.6,248.87,289,Pulses,0713,8907531848336
Patanjali Regular Chana Dal 500g,SKU-03727,GST,5,53.41,73.61,450,Pulses,0713,8909645871663
Himalaya Classic Toothpaste 100g,SKU-03728,GST,18,5.57,6.14,54,Personal Care,3306,8906880701821
Pril Dishwash Liquid 500ml,SKU-03729,GST,18,43.52,59.84,349,Household Care,3402,8901251218833
Tata Sampann Gold Chana Dal 5kg,SKU-03730,GST,5,525.35,701.52,308,Pulses,0713,8904455766962
Gemini Mustard Oil 5L,SKU-03731,GST,5,1086.36,1185.18,67,Cooking Oils,1507,8902034574175
Kissan Fresh Salt 500g,SKU-03732,Exempt,0,19.73,21.09,71,Condiments,2501,8902422371664
Nature Fresh Extra Maida 500g,SKU-03733,GST,5,42.27,58.1,323,Flours,1101,8909721115292
Everest Classic Garam Masala 50g,SKU-03734,GST,5,9.71,12.64,69,Spices,0904,8900117310109
Amul Organic Curd 1kg,SKU-03735,GST,5,33.95,36.3,174,Dairy,0403,8902049566865
Milk 1L,SKU-03736,Exempt,0,60.97,79.45,74,Dairy,0401,8907839290253
Patanjali Basmati Rice 10kg,SKU-03737,GST,5,1109.94,1550.31,16,Grains & Cereals,1006,8907696577654
Rajdhani Pro Atta (Wheat Flour) 10kg,SKU-03738,GST,5,497.63,542.42,221,Flours,1101,8903124534749
Comfort Gold Floor Cleaner 500ml,SKU-03739,GST,18,63.08,84.58,140,Household Care,3402,8907818222344
Himalaya Organic Bathing Soap 150g,SKU-03740,GST,18,13.04,17.85,279,Personal Care,3401,8904856944514
Kohinoor Basmati Rice 10kg,SKU-03741,GST,5,730.59,984.23,52,Grains & Cereals,1006,8904260713391
Fortune Active Moong Dal 5kg,SKU-03742,GST,5,682.41,931.02,344,Pulses,0713,8906123955452
Saffola Sunflower Oil 1L,SKU-03743,GST,5,106.81,153.33,426,Cooking Oils,1507,8906773097803
Cadbury Organic Instant Noodles 140g,SKU-03744,GST,12,8.95,9.58,250,Snacks,1902,8905391919382
Thums Up Cola Drink 300ml,SKU-03745,GST+Cess,28,64.98,73.71,475,Beverages,2202,8905073984855
Tomato Loose,SKU-03746,Exempt,0,50.42,59.91,355,Fresh Produce,0701,8901462785662
Banana Half Dozen,SKU-03747,Exempt,0,57.7,80.79,95,Fresh Produce,0801,8904381445651
Vim Floor Cleaner 2L,SKU-03748,GST,18,107.72,141.12,40,Household Care,3402,8904463384554
Fortune Active Sunflower Oil 1L,SKU-03749,GST,5,170.52,188.58,469,Cooking Oils,1507,8909884813120
Gemini Mustard Oil 1L,SKU-03750,GST,5,186.39,241.76,124,Cooking Oils,1507,8900922202417
Tata Sampann Red Chilli Powder 500g,SKU-03751,GST,5,14.44,19.78,423,Spices,0904,8906838282667
Tata Sampann Premium Chana Dal 5kg,SKU-03752,GST,5,618.99,798.09,344,Pulses,0713,8907735496259
Fortune Regular Mustard Oil 15L,SKU-03753,GST,5,574.72,653.43,175,Cooking Oils,1507,8903012534364
Smith & Jones Classic Salt 1kg,SKU-03754,Exempt,0,23.38,30.48,473,Condiments,2501,8906440314822
Mother Dairy Organic Curd 1kg,SKU-03755,GST,5,51.02,60.32,494,Dairy,0403,8907205553216
Pepsodent Extra Toothpaste 150g,SKU-03756,GST,18,6.54,9.02,310,Personal Care,3306,8904505836072
Milky Mist Fresh Ghee 5L,SKU-03757,GST,12,4216.65,5405.69,411,Dairy,0405,8908866898010
Kissan Sugar 1kg,SKU-03758,GST,5,48.55,69.52,380,Condiments,1701,8903052361416
Local Maida 500g,SKU-03759,GST,5,34.69,43.32,138,Flours,1101,8902005029407
Cadbury Namkeen/Bhujia 200g,SKU-03760,GST,12,24.42,31.12,437,Snacks,2106,8901048591590
Nature Fresh Select Mustard Oil 1L,SKU-03761,GST,5,183.64,225.67,149,Cooking Oils,1507,8900414714088
Ching's Gold Tomato Ketchup 1kg,SKU-03762,GST,12,126.67,180.69,317,Condiments,2103,8909229137901
Maggi Select Sugar 1kg,SKU-03763,GST,5,66.09,91.78,358,Condiments,1701,8903309947914
Britannia Pro Paneer 1kg,SKU-03764,GST,5,123.51,173.66,159,Dairy,0406,8902767741653
Ramdev Garam Masala 100g,SKU-03765,GST,5,8.31,10.19,180,Spices,0904,8906371643611
Nestle Extra Paneer 1kg,SKU-03766,GST,5,107.71,129.1,454,Dairy,0406,8902417168747
Balaji Biscuits 100g,SKU-03767,GST,18,5.05,5.85,383,Snacks,1905,8903251011028
Nescafe Organic Cola Drink 300ml,SKU-03768,GST+Cess,28,53.15,72.24,143,Beverages,2202,8901011201747
Local Gold Toor Dal 5kg,SKU-03769,GST,5,1206.09,1597.61,296,Pulses,0713,8906194238021
Patanjali Basmati Rice 10kg,SKU-03770,GST,5,743.44,1035.12,249,Grains & Cereals,1006,8900807092785
Ramdev Garam Masala 50g,SKU-03771,GST,5,6.64,7.7,351,Spices,0904,8904702691546
Smith & Jones Premium Sugar 1kg,SKU-03772,GST,5,55.45,73.73,297,Condiments,1701,8907223187086
Rin Select Dishwash Liquid 250ml,SKU-03773,GST,18,30.61,35.53,123,Household Care,3402,8909750829038
24 Mantra Masoor Dal 5kg,SKU-03774,GST,5,360.24,398.2,160,Pulses,0713,8904027836268
Vim Select Floor Cleaner 2L,SKU-03775,GST,18,81.97,114.77,456,Household Care,3402,8904790447515
Local Besan 500g,SKU-03776,GST,5,64.81,68.51,393,Flours,1101,8906082382000
Comfort Detergent Powder 500g,SKU-03777,GST,18,85.14,103.74,251,Household Care,3402,8908246553092
Gowardhan Regular Ghee 500ml,SKU-03778,GST,12,231.15,293.34,209,Dairy,0405,8909035832232
Lipton Select Coffee 50g,SKU-03779,GST,5,17.73,20.52,465,Beverages,0901,8906083881489
Himalaya Toothpaste 150g,SKU-03780,GST,18,5.19,5.8,348,Personal Care,3306,8902332284661
Cadbury Chocolate 250g,SKU-03781,GST,18,9.86,12.36,53,Snacks,1806,8908632133752
Milky Mist Select Milk 1L,SKU-03782,Exempt,0,49.15,54.19,249,Dairy,0401,8900048997442
Local Fresh Basmati Rice 25kg,SKU-03783,GST,5,317.53,395.85,268,Grains & Cereals,1006,8905083743200
Tata Premium Sugar 1kg,SKU-03784,GST,5,63.13,77.77,129,Condiments,1701,8906675859877
Britannia Natural Milk 500ml,SKU-03785,Exempt,0,26.29,38.08,261,Dairy,0401,8903790238940
24 Mantra Select Masoor Dal 5kg,SKU-03786,GST,5,694.54,856.64,395,Pulses,0713,8901927812079
Pantene Organic Bathing Soap 100g,SKU-03787,GST,18,5.44,7.63,413,Personal Care,3401,8909522427561
Suhana Active Garam Masala 100g,SKU-03788,GST,5,9.76,13.09,430,Spices,0904,8900117555677
24 Mantra Extra Chana Dal 500g,SKU-03789,GST,5,40.74,57.28,237,Pulses,0713,8904449989071
Lizol Dishwash Liquid 500ml,SKU-03790,GST,18,55.94,77.61,369,Household Care,3402,8908030249230
Tomato Loose,SKU-03791,Exempt,0,33.31,42.08,417,Fresh Produce,0701,8901550393038
Tomato 1kg,SKU-03792,Exempt,0,37.06,51.17,132,Fresh Produce,0701,8907312950488
Nivea Regular Bathing Soap Pack of 4,SKU-03793,GST,18,54.19,68.63,364,Personal Care,3401,8905997322927
Tata Tea Cola Drink 600ml,SKU-03794,GST+Cess,28,38.35,52.56,344,Beverages,2202,8909863910620
24 Mantra Moong Dal 1kg,SKU-03795,GST,5,138.75,156.59,25,Pulses,0713,8903816919486
Tata Tea Tea 500g,SKU-03796,GST,5,201.9,288.63,388,Beverages,0902,8906444911851
Onion 2kg,SKU-03797,Exempt,0,43.07,52.81,94,Fresh Produce,0701,8905573018087
Britannia Select Butter 500g,SKU-03798,GST,12,24.56,27.99,72,Dairy,0405,8902727521527
Pears Gold Shampoo 180ml,SKU-03799,GST,18,247.77,329.64,118,Personal Care,3305,8904166382677
Sundrop Groundnut Oil 1L,SKU-03800,GST,5,213.27,233.28,297,Cooking Oils,1507,8908460534657
Nutrela Chana Dal 500g,SKU-03801,GST,5,77.8,88.92,358,Pulses,0713,8908698716462
Balaji Instant Noodles 70g,SKU-03802,GST,12,17.2,19.39,398,Snacks,1902,8900539081100
Onion 5kg,SKU-03803,Exempt,0,138.25,193.68,433,Fresh Produce,0701,8908263741987
Surf Excel Pro Detergent Powder 500g,SKU-03804,GST,18,59.7,64.04,268,Household Care,3402,8901933922744
Nature Fresh Extra Groundnut Oil 15L,SKU-03805,GST,5,1295.24,1506.93,149,Cooking Oils,1507,8907278792447
Comfort Gold Detergent Powder 1kg,SKU-03806,GST,18,144.14,152.72,478,Household Care,3402,8906867994206
Nandini Curd 400g,SKU-03807,GST,5,41.11,51.91,89,Dairy,0403,8903761825930
Coca Cola Premium Energy Drink 330ml,SKU-03808,GST+Cess,28,149.61,167.67,44,Beverages,2202,8902126358156
Brooke Bond Pro Tea 250g,SKU-03809,GST,5,109.75,132.3,92,Beverages,0902,8905193356284
Fortune Pro Chana Dal 1kg,SKU-03810,GST,5,141.96,159.48,472,Pulses,0713,8908401252004
Pillsbury Gold Besan 500g,SKU-03811,GST,5,49.86,62.33,337,Flours,1101,8901247966678
Aashirvaad Regular Atta (Wheat Flour) 1kg,SKU-03812,GST,5,49.57,63.88,141,Flours,1101,8900993751376
Colin Detergent Powder 1kg,SKU-03813,GST,18,98.83,132.9,57,Household Care,3402,8909679918451
Balaji Instant Noodles 70g,SKU-03814,GST,12,20.91,24.23,323,Snacks,1902,8906538519405
Maggi Fresh Sugar 5kg,SKU-03815,GST,5,316.1,338.8,455,Condiments,1701,8901075287997
Gowardhan Cheese 400g,SKU-03816,GST,12,187.67,246.49,169,Dairy,0406,8900225931227
Britannia Select Cheese 400g,SKU-03817,GST,12,173.42,221.64,192,Dairy,0406,8905030795825
Nutrela Toor Dal 1kg,SKU-03818,GST,5,246.88,273.89,321,Pulses,0713,8906778390751
Suhana Premium Turmeric Powder 500g,SKU-03819,GST,5,15.69,17.61,391,Spices,0904,8907940990737
Gowardhan Regular Butter 500g,SKU-03820,GST,12,34.36,39.85,12,Dairy,0405,8903614544029
Britannia Special Milk 500ml,SKU-03821,Exempt,0,41.86,48.65,158,Dairy,0401,8901492283560
Tide Natural Floor Cleaner 500ml,SKU-03822,GST,18,97.52,137.61,46,Household Care,3402,8907486369380
Nature Fresh Classic Mustard Oil 5L,SKU-03823,GST,5,821.2,1079.42,411,Cooking Oils,1507,8904351759317
Nestle Classic Cheese 200g,SKU-03824,GST,12,38.86,53.61,172,Dairy,0406,8906314796126
Fortune Sunflower Oil 15L,SKU-03825,GST,5,853.98,1103.48,189,Cooking Oils,1507,8905853799788
Nestle Milk 500ml,SKU-03826,Exempt,0,29.23,31.92,286,Dairy,0401,8908874473217
Colgate Special Bathing Soap Pack of 4,SKU-03827,GST,18,35.79,44.18,463,Personal Care,3401,8907706085588
Lifebuoy Shampoo 340ml,SKU-03828,GST,18,235.57,328.56,150,Personal Care,3305,8903275411565
Local Classic Ghee 1L,SKU-03829,GST,12,852.46,1212.33,181,Dairy,0405,8906266998180
Dhara Active Groundnut Oil 5L,SKU-03830,GST,5,630.0,802.18,135,Cooking Oils,1507,8906316460664
Lay's Natural Namkeen/Bhujia 200g,SKU-03831,GST,12,24.67,29.15,425,Snacks,2106,8908388333149
Pillsbury Select Besan 1kg,SKU-03832,GST,5,88.36,125.68,356,Flours,1101,8902820666534
Sprite Gold Coffee 100g,SKU-03833,GST,5,26.58,28.14,82,Beverages,0901,8908100032666
Local Organic Milk 1L,SKU-03834,Exempt,0,51.96,67.55,365,Dairy,0401,8909162776502
Kurkure Extra Chocolate 40g,SKU-03835,GST,18,5.85,6.45,453,Snacks,1806,8909153537592
Brooke Bond Tea 1kg,SKU-03836,GST,5,412.68,556.34,469,Beverages,0902,8901624293380
Amul Classic Curd 400g,SKU-03837,GST,5,24.81,30.63,474,Dairy,0403,8904460834864
Bikano Special Namkeen/Bhujia 400g,SKU-03838,GST,12,56.84,72.13,443,Snacks,2106,8903123315349
Tropicana Regular Coffee 50g,SKU-03839,GST,5,29.17,33.97,331,Beverages,0901,8900375141648
Tata Sampann Turmeric Powder 500g,SKU-03840,GST,5,12.45,17.81,317,Spices,0904,8907327860284
Odonil Fresh Dishwash Liquid 500ml,SKU-03841,GST,18,73.74,88.23,187,Household Care,3402,8900121991499
Dhara Fresh Mustard Oil 5L,SKU-03842,GST,5,1124.64,1332.42,192,Cooking Oils,1507,8903019654970
Nature Fresh Extra Sunflower Oil 5L,SKU-03843,GST,5,832.76,1070.07,56,Cooking Oils,1507,8904521020388
Colgate Shampoo 180ml,SKU-03844,GST,18,117.02,162.06,330,Personal Care,3305,8906042121004
Mother's Recipe Turmeric Powder 500g,SKU-03845,GST,5,14.97,16.2,464,Spices,0904,8900848654255
Lizol Floor Cleaner 2L,SKU-03846,GST,18,112.21,124.2,89,Household Care,3402,8909054417105
Salt 500g,SKU-03847,Exempt,0,16.15,22.18,215,Condiments,2501,8909070648723
Gemini Special Sunflower Oil 15L,SKU-03848,GST,5,455.55,638.05,330,Cooking Oils,1507,8902047700483
Surf Excel Dishwash Liquid 1L,SKU-03849,GST,18,90.38,111.61,132,Household Care,3402,8902553827438
Pillsbury Pro Maida 1kg,SKU-03850,GST,5,74.37,88.12,222,Flours,1101,8903483732301
24 Mantra Toor Dal 1kg,SKU-03851,GST,5,172.34,244.89,490,Pulses,0713,8900380954185
Tide Fresh Dishwash Liquid 250ml,SKU-03852,GST,18,26.87,29.34,27,Household Care,3402,8901044330509
Tata Tea Organic Energy Drink 250ml,SKU-03853,GST+Cess,28,20.49,26.27,214,Beverages,2202,8900087684865
Patanjali Select Masoor Dal 5kg,SKU-03854,GST,5,418.1,497.8,439,Pulses,0713,8907768575564
Fortune Pro Urad Dal 5kg,SKU-03855,GST,5,776.06,920.8,49,Pulses,0713,8909325267494
Gowardhan Gold Butter 100g,SKU-03856,GST,12,7.0,7.51,496,Dairy,0405,8905238149871
Vim Premium Dishwash Liquid 250ml,SKU-03857,GST,18,30.09,40.02,345,Household Care,3402,8905777931240
Patanjali Chana Dal 500g,SKU-03858,GST,5,55.52,79.73,197,Pulses,0713,8902317553373
Sunsilk Bathing Soap Pack of 3,SKU-03859,GST,18,49.53,56.32,452,Personal Care,3401,8906585827654
Pantene Gold Bathing Soap Pack of 4,SKU-03860,GST,18,37.79,49.31,288,Personal Care,3401,8909730378581
Local Select Moong Dal 5kg,SKU-03861,GST,5,807.15,888.47,295,Pulses,0713,8908368761907
Tata Sampann Masoor Dal 1kg,SKU-03862,GST,5,78.64,111.82,182,Pulses,0713,8905510749818
Tropicana Regular Cola Drink 2L,SKU-03863,GST+Cess,28,31.8,40.45,316,Beverages,2202,8900171872970
Gowardhan Regular Milk 500ml,SKU-03864,Exempt,0,30.02,36.4,336,Dairy,0401,8904206051169
Tropicana Premium Tea 1kg,SKU-03865,GST,5,269.41,309.47,396,Beverages,0902,8902682194719
Tomato 500g,SKU-03866,Exempt,0,19.59,26.1,21,Fresh Produce,0701,8907325759212
Aashirvaad Select Besan 500g,SKU-03867,GST,5,48.49,61.85,426,Flours,1101,8900564317210
Garnier Toothpaste 150g,SKU-03868,GST,18,13.13,17.94,273,Personal Care,3306,8906701987835
Potato 2kg,SKU-03869,Exempt,0,21.96,24.72,285,Fresh Produce,0701,8901312547099
Nescafe Regular Coffee 100g,SKU-03870,GST,5,34.54,45.27,415,Beverages,0901,8900540764718
Lizol Active Detergent Powder 4kg,SKU-03871,GST,18,167.15,193.56,214,Household Care,3402,8908131453948
Dove Active Toothpaste 150g,SKU-03872,GST,18,13.18,16.16,277,Personal Care,3306,8904584584022
Local Cheese 1kg,SKU-03873,GST,12,213.29,282.48,71,Dairy,0406,8901806672527
Lay's Select Potato Chips 150g,SKU-03874,GST,12,7.71,10.84,67,Snacks,2106,8909067742108
India Gate Fresh Sona Masoori Rice 25kg,SKU-03875,GST,5,430.9,503.33,432,Grains & Cereals,1006,8907108425754
Fortune Natural Basmati Rice 25kg,SKU-03876,GST,5,462.83,613.41,294,Grains & Cereals,1006,8907248689832
Britannia Special Cheese 200g,SKU-03877,GST,12,21.87,31.34,98,Dairy,0406,8907746903384
Brooke Bond Coffee 50g,SKU-03878,GST,5,30.16,35.76,456,Beverages,0901,8907752221200
Tata Sampann Active Urad Dal 5kg,SKU-03879,GST,5,584.24,840.29,73,Pulses,0713,8900338738453
Fortune Active Mustard Oil 1L,SKU-03880,GST,5,112.93,148.54,215,Cooking Oils,1507,8903836669436
Emami Select Sunflower Oil 15L,SKU-03881,GST,5,793.71,1025.71,250,Cooking Oils,1507,8908513445532
Britannia Chocolate 100g,SKU-03882,GST,18,5.45,7.58,302,Snacks,1806,8904283188861
Smith & Jones Natural Sugar 5kg,SKU-03883,GST,5,209.14,244.64,410,Condiments,1701,8908091154168
Patanjali Basmati Rice 25kg,SKU-03884,GST,5,305.1,363.83,137,Grains & Cereals,1006,8909114065476
Saffola Mustard Oil 1L,SKU-03885,GST,5,172.3,225.06,337,Cooking Oils,1507,8904907535138
Patanjali Besan 1kg,SKU-03886,GST,5,61.65,78.67,118,Flours,1101,8904956515822
Rin Select Floor Cleaner 500ml,SKU-03887,GST,18,67.96,72.35,295,Household Care,3402,8906765612498
Rin Select Detergent Powder 500g,SKU-03888,GST,18,64.95,76.31,253,Household Care,3402,8909693892529
Milky Mist Natural Paneer 1kg,SKU-03889,GST,5,137.47,196.9,390,Dairy,0406,8905290831168
Mother's Recipe Organic Turmeric Powder 500g,SKU-03890,GST,5,23.02,26.6,424,Spices,0904,8907868732071
Brooke Bond Energy Drink 250ml,SKU-03891,GST+Cess,28,37.92,43.62,63,Beverages,2202,8908269718701
Gemini Sunflower Oil 15L,SKU-03892,GST,5,829.78,960.27,424,Cooking Oils,1507,8900541919994
Odonil Special Floor Cleaner 2L,SKU-03893,GST,18,142.23,156.25,67,Household Care,3402,8907426142274
Potato 2kg,SKU-03894,Exempt,0,35.68,49.38,273,Fresh Produce,0701,8905893708103
Sundrop Organic Mustard Oil 15L,SKU-03895,GST,5,635.82,689.82,295,Cooking Oils,1507,8901004924601
Britannia Ghee 1L,SKU-03896,GST,12,845.6,1023.29,451,Dairy,0405,8903150810866
Everest Active Garam Masala 100g,SKU-03897,GST,5,8.16,9.74,356,Spices,0904,8907903540642
Pepsodent Natural Toothpaste 100g,SKU-03898,GST,18,9.82,12.54,261,Personal Care,3306,8904887691864
Red Bull Gold Cola Drink 1.25L,SKU-03899,GST+Cess,28,343.63,371.87,126,Beverages,2202,8904960593706
Local Natural Ghee 500ml,SKU-03900,GST,12,293.56,354.19,369,Dairy,0405,8903611388705
Brooke Bond Pro Tea 500g,SKU-03901,GST,5,222.91,279.25,259,Beverages,0902,8905487009646
Milky Mist Organic Curd 400g,SKU-03902,GST,5,37.98,54.83,410,Dairy,0403,8908560166858
Mother's Recipe Turmeric Powder 200g,SKU-03903,GST,5,8.52,9.73,75,Spices,0904,8904975393036
Banana Dozen,SKU-03904,Exempt,0,60.19,69.17,282,Fresh Produce,0801,8906157423683
Everest Garam Masala 50g,SKU-03905,GST,5,5.73,7.01,280,Spices,0904,8908074612046
Nature Fresh Sunflower Oil 5L,SKU-03906,GST,5,604.38,728.84,358,Cooking Oils,1507,8906363813922
Fortune Select Basmati Rice 1kg,SKU-03907,GST,5,158.84,178.41,34,Grains & Cereals,1006,8903799820487
Lay's Classic Namkeen/Bhujia 400g,SKU-03908,GST,12,136.56,148.44,123,Snacks,2106,8903579377590
Gowardhan Active Milk 500ml,SKU-03909,Exempt,0,46.11,49.67,112,Dairy,0401,8907045740850
Red Bull Gold Tea 500g,SKU-03910,GST,5,236.19,255.64,120,Beverages,0902,8909282369649
Pillsbury Besan 1kg,SKU-03911,GST,5,66.27,75.91,12,Flours,1101,8900338336736
Banana Dozen,SKU-03912,Exempt,0,49.95,60.72,315,Fresh Produce,0801,8904561581811
Tomato 500g,SKU-03913,Exempt,0,31.41,34.88,491,Fresh Produce,0701,8909223197895
Comfort Fresh Floor Cleaner 2L,SKU-03914,GST,18,140.87,156.21,37,Household Care,3402,8900898107232
Local Ghee 1L,SKU-03915,GST,12,635.36,870.68,51,Dairy,0405,8909441088344
Fortune Natural Toor Dal 1kg,SKU-03916,GST,5,172.81,191.04,311,Pulses,0713,8904178584770
Nandini Active Ghee 5L,SKU-03917,GST,12,3018.2,3941.98,46,Dairy,0405,8900915719104
Lifebuoy Toothpaste 200g,SKU-03918,GST,18,19.33,25.74,94,Personal Care,3306,8903410242505
Nestle Fresh Chocolate 100g,SKU-03919,GST,18,14.17,19.2,221,Snacks,1806,8908441877689
MDH Turmeric Powder 500g,SKU-03920,GST,5,23.63,30.8,229,Spices,0904,8902962042975
Colin Gold Floor Cleaner 2L,SKU-03921,GST,18,76.39,83.07,499,Household Care,3402,8904100825923
Apple 1kg,SKU-03922,Exempt,0,82.74,100.56,87,Fresh Produce,0801,8905152880049
Everest Organic Turmeric Powder 200g,SKU-03923,GST,5,7.26,7.69,436,Spices,0904,8900849517042
Apple 1kg,SKU-03924,Exempt,0,162.37,228.27,429,Fresh Produce,0801,8907887526322
Bru Regular Cola Drink 1.25L,SKU-03925,GST+Cess,28,183.6,242.63,169,Beverages,2202,8908021037700
Nandini Special Ghee 500ml,SKU-03926,GST,12,356.67,402.8,416,Dairy,0405,8900627415708
Nescafe Cola Drink 600ml,SKU-03927,GST+Cess,28,71.79,99.87,140,Beverages,2202,8901614354349
Gowardhan Extra Curd 400g,SKU-03928,GST,5,42.92,52.84,151,Dairy,0403,8906433304030
Garnier Special Shampoo 650ml,SKU-03929,GST,18,195.34,211.46,65,Personal Care,3305,8905853506292
Fortune Organic Groundnut Oil 15L,SKU-03930,GST,5,1186.69,1704.13,340,Cooking Oils,1507,8904373331293
Colin Extra Dishwash Liquid 500ml,SKU-03931,GST,18,47.08,64.04,179,Household Care,3402,8900220805384
Thums Up Active Coffee 200g,SKU-03932,GST,5,89.62,107.35,113,Beverages,0901,8902465183591
24 Mantra Pro Toor Dal 500g,SKU-03933,GST,5,57.68,77.41,25,Pulses,0713,8907983400771
Comfort Classic Detergent Powder 1kg,SKU-03934,GST,18,97.2,103.27,376,Household Care,3402,8903173499632
Britannia Natural Paneer 500g,SKU-03935,GST,5,62.29,71.41,320,Dairy,0406,8907531752861
Daawat Premium Basmati Rice 10kg,SKU-03936,GST,5,1442.72,1884.79,29,Grains & Cereals,1006,8900259375818
Rajdhani Classic Maida 500g,SKU-03937,GST,5,22.36,28.49,493,Flours,1101,8904089757842
Rajdhani Maida 500g,SKU-03938,GST,5,42.84,45.63,432,Flours,1101,8902642149288
Tata Sampann Natural Urad Dal 1kg,SKU-03939,GST,5,225.42,300.66,453,Pulses,0713,8904779279693
Nestle Premium Instant Noodles 140g,SKU-03940,GST,12,13.29,18.4,414,Snacks,1902,8905704533043
Patanjali Toor Dal 1kg,SKU-03941,GST,5,115.19,162.61,292,Pulses,0713,8908268744337
Fortune Premium Atta (Wheat Flour) 5kg,SKU-03942,GST,5,164.55,174.17,15,Flours,1101,8900810391114
Tomato 1kg,SKU-03943,Exempt,0,70.87,87.69,410,Fresh Produce,0701,8906216348443
Apple Loose,SKU-03944,Exempt,0,171.92,244.56,329,Fresh Produce,0801,8907550823828
Pepsodent Regular Bathing Soap Pack of 4,SKU-03945,GST,18,60.08,65.01,490,Personal Care,3401,8907195880732
Brooke Bond Coffee 100g,SKU-03946,GST,5,34.04,40.42,77,Beverages,0901,8908468638720
Pillsbury Atta (Wheat Flour) 1kg,SKU-03947,GST,5,37.81,42.04,69,Flours,1101,8907049432740
Nestle Special Cheese 400g,SKU-03948,GST,12,156.55,203.02,139,Dairy,0406,8905802331081
Real Fruit Juice 1L,SKU-03949,GST,12,150.27,206.94,387,Beverages,2009,8901438827374
Haldiram's Organic Potato Chips 150g,SKU-03950,GST,12,9.97,10.83,449,Snacks,2106,8901324062146
Nandini Extra Paneer 200g,SKU-03951,GST,5,19.73,22.21,375,Dairy,0406,8903702555634
Pepsodent Organic Bathing Soap 75g,SKU-03952,GST,18,28.91,40.51,185,Personal Care,3401,8907718074922
Garnier Shampoo 180ml,SKU-03953,GST,18,173.32,191.46,329,Personal Care,3305,8905141908274
Local Organic Masoor Dal 1kg,SKU-03954,GST,5,111.05,132.1,460,Pulses,0713,8909925076337
Rin Select Dishwash Liquid 500ml,SKU-03955,GST,18,71.79,81.16,391,Household Care,3402,8903712146307
Apple Box,SKU-03956,Exempt,0,128.35,176.14,136,Fresh Produce,0801,8902863231026
Patanjali Select Mustard Oil 5L,SKU-03957,GST,5,823.04,1089.04,313,Cooking Oils,1507,8903667352160
Nescafe Classic Cola Drink 1.25L,SKU-03958,GST+Cess,28,169.67,234.7,308,Beverages,2202,8907409393496
24 Mantra Fresh Moong Dal 5kg,SKU-03959,GST,5,633.73,822.81,419,Pulses,0713,8905621542626
Catch Tomato Ketchup 500g,SKU-03960,GST,12,99.53,106.96,111,Condiments,2103,8906191667322
Local Curd 1kg,SKU-03961,GST,5,53.6,68.92,420,Dairy,0403,8901447720453
Local Maida 1kg,SKU-03962,GST,5,61.11,81.18,75,Flours,1101,8907624396063
Onion 5kg,SKU-03963,Exempt,0,250.97,280.88,367,Fresh Produce,0701,8903891787356
Pillsbury Regular Maida 500g,SKU-03964,GST,5,31.04,38.23,464,Flours,1101,8901626987735
Ariel Extra Detergent Powder 500g,SKU-03965,GST,18,107.54,147.19,331,Household Care,3402,8909734468500
Kurkure Organic Instant Noodles 560g,SKU-03966,GST,12,16.83,22.15,450,Snacks,1902,8909293616629
Onion 1kg,SKU-03967,Exempt,0,38.81,54.44,123,Fresh Produce,0701,8906776396635
Local Butter 100g,SKU-03968,GST,12,12.9,15.88,193,Dairy,0405,8900408413838
Haldiram's Gold Namkeen/Bhujia 200g,SKU-03969,GST,12,24.11,34.15,411,Snacks,2106,8908207907798
Thums Up Regular Energy Drink 330ml,SKU-03970,GST+Cess,28,187.93,210.42,217,Beverages,2202,8901664028028
Potato 1kg,SKU-03971,Exempt,0,28.95,33.8,203,Fresh Produce,0701,8906165175866
Catch Extra Turmeric Powder 200g,SKU-03972,GST,5,11.07,15.23,157,Spices,0904,8903883392384
Potato 1kg,SKU-03973,Exempt,0,33.58,36.3,212,Fresh Produce,0701,8904985774273
Patanjali Organic Masoor Dal 5kg,SKU-03974,GST,5,838.23,1107.83,353,Pulses,0713,8907054720926
Nutrela Special Moong Dal 1kg,SKU-03975,GST,5,190.46,244.72,216,Pulses,0713,8907947189166
Tata Tea Natural Energy Drink 330ml,SKU-03976,GST+Cess,28,183.44,201.01,488,Beverages,2202,8900017977660
Apple Loose,SKU-03977,Exempt,0,72.74,103.13,357,Fresh Produce,0801,8906423822355
Daawat Select Basmati Rice 1kg,SKU-03978,GST,5,73.04,105.68,177,Grains & Cereals,1006,8906212025409
Tata Sampann Fresh Toor Dal 500g,SKU-03979,GST,5,102.11,123.66,138,Pulses,0713,8905255176569
Lay's Select Biscuits 100g,SKU-03980,GST,18,5.88,8.38,18,Snacks,1905,8909262897572
Apple Box,SKU-03981,Exempt,0,101.54,114.6,10,Fresh Produce,0801,8906143288589
Kurkure Classic Instant Noodles 560g,SKU-03982,GST,12,19.04,24.43,15,Snacks,1902,8906998189237
Banana Half Dozen,SKU-03983,Exempt,0,53.45,66.7,341,Fresh Produce,0801,8901364689068
Coca Cola Cola Drink 1.25L,SKU-03984,GST+Cess,28,330.39,371.94,56,Beverages,2202,8902779053875
Banana Dozen,SKU-03985,Exempt,0,70.28,101.62,300,Fresh Produce,0801,8907039773380
Potato Loose,SKU-03986,Exempt,0,28.69,39.45,89,Fresh Produce,0701,8906944104232
Tomato 500g,SKU-03987,Exempt,0,39.09,46.74,197,Fresh Produce,0701,8902334878193
Nutrela Gold Urad Dal 500g,SKU-03988,GST,5,55.05,64.07,335,Pulses,0713,8904675732514
Britannia Gold Paneer 500g,SKU-03989,GST,5,52.89,59.55,49,Dairy,0406,8902432197924
Red Bull Tea 1kg,SKU-03990,GST,5,447.44,552.58,29,Beverages,0902,8903530056841
Catch Fresh Garam Masala 100g,SKU-03991,GST,5,5.39,6.5,433,Spices,0904,8907541326301
Tata Sampann Active Masoor Dal 5kg,SKU-03992,GST,5,405.43,507.5,27,Pulses,0713,8909221337045
Surf Excel Dishwash Liquid 250ml,SKU-03993,GST,18,23.01,24.31,89,Household Care,3402,8909430628734
Saffola Extra Sunflower Oil 1L,SKU-03994,GST,5,193.07,250.2,350,Cooking Oils,1507,8902855867931
Tata Salt 500g,SKU-03995,Exempt,0,13.91,15.7,378,Condiments,2501,8904876561280
Patanjali Pro Turmeric Powder 200g,SKU-03996,GST,5,10.44,11.4,361,Spices,0904,8909531615667
Colin Special Floor Cleaner 2L,SKU-03997,GST,18,137.47,185.83,113,Household Care,3402,8904112928810
Fortune Moong Dal 500g,SKU-03998,GST,5,91.93,108.46,97,Pulses,0713,8904796554508
Rajdhani Masoor Dal 1kg,SKU-03999,GST,5,126.94,150.34,268,Pulses,0713,8900690439878
Pepsi Cola Drink 1.25L,SKU-04000,GST+Cess,28,317.36,371.89,148,Beverages,2202,8900602690959
Tata Sampann Active Urad Dal 1kg,SKU-04001,GST,5,106.06,135.36,298,Pulses,0713,8909020777308
Brooke Bond Natural Fruit Juice 1L,SKU-04002,GST,12,72.2,103.82,117,Beverages,2009,8903367705297
Balaji Natural Potato Chips 80g,SKU-04003,GST,12,25.9,28.24,403,Snacks,2106,8902791325332
Pril Dishwash Liquid 1L,SKU-04004,GST,18,100.82,116.35,335,Household Care,3402,8900416274221
Mother Dairy Special Butter 100g,SKU-04005,GST,12,6.19,7.17,336,Dairy,0405,8908502461016
Brooke Bond Energy Drink 250ml,SKU-04006,GST+Cess,28,22.34,31.41,253,Beverages,2202,8909730951460
Suhana Pro Garam Masala 100g,SKU-04007,GST,5,5.4,7.04,486,Spices,0904,8904044012178
Emami Fresh Sunflower Oil 15L,SKU-04008,GST,5,973.46,1316.68,107,Cooking Oils,1507,8906145501290
Fortune Pro Toor Dal 500g,SKU-04009,GST,5,98.7,120.8,451,Pulses,0713,8906677564698
Lifebuoy Natural Shampoo 340ml,SKU-04010,GST,18,139.04,201.53,22,Personal Care,3305,8909481685319
Nestle Premium Potato Chips 150g,SKU-04011,GST,12,9.72,14.05,22,Snacks,2106,8901461870273
Balaji Instant Noodles 280g,SKU-04012,GST,12,16.91,23.03,50,Snacks,1902,8904642508823
Milky Mist Fresh Ghee 5L,SKU-04013,GST,12,3327.97,4604.92,226,Dairy,0405,8904773237249
Tide Pro Floor Cleaner 2L,SKU-04014,GST,18,141.42,162.46,75,Household Care,3402,8904061869460
Emami Active Mustard Oil 15L,SKU-04015,GST,5,1144.15,1316.82,194,Cooking Oils,1507,8900569582616
Bikano Organic Potato Chips 30g,SKU-04016,GST,12,11.29,14.21,390,Snacks,2106,8901258025621
Parle Chocolate 100g,SKU-04017,GST,18,7.08,8.28,157,Snacks,1806,8900424142656
Nestle Ghee 500ml,SKU-04018,GST,12,209.08,253.31,131,Dairy,0405,8900072476605
Rin Fresh Floor Cleaner 500ml,SKU-04019,GST,18,75.81,94.18,275,Household Care,3402,8903747669377
Lipton Pro Tea 500g,SKU-04020,GST,5,231.55,258.77,266,Beverages,0902,8904128761282
MDH Organic Red Chilli Powder 100g,SKU-04021,GST,5,6.8,8.73,448,Spices,0904,8908779994819
Local Urad Dal 500g,SKU-04022,GST,5,105.64,116.07,438,Pulses,0713,8907561040867
Daawat Sona Masoori Rice 10kg,SKU-04023,GST,5,986.36,1234.26,141,Grains & Cereals,1006,8908106247165
Patanjali Special Sugar 5kg,SKU-04024,GST,5,167.73,188.35,177,Condiments,1701,8904152807864
Ching's Regular Tomato Ketchup 500g,SKU-04025,GST,12,76.72,98.39,75,Condiments,2103,8900233627065
Fortune Besan 500g,SKU-04026,GST,5,49.82,58.91,203,Flours,1101,8902354351290
Rajdhani Urad Dal 5kg,SKU-04027,GST,5,587.16,746.0,434,Pulses,0713,8909524050045
Amul Milk 1L,SKU-04028,Exempt,0,35.7,45.43,27,Dairy,0401,8909592439815
Thums Up Pro Cola Drink 600ml,SKU-04029,GST+Cess,28,34.83,41.79,255,Beverages,2202,8900211686602
Sprite Energy Drink 250ml,SKU-04030,GST+Cess,28,45.83,49.84,319,Beverages,2202,8908965691781
Nature Fresh Groundnut Oil 15L,SKU-04031,GST,5,1268.83,1822.66,416,Cooking Oils,1507,8901153833664
Patanjali Select Chana Dal 500g,SKU-04032,GST,5,60.04,69.81,31,Pulses,0713,8903426784566
Banana Half Dozen,SKU-04033,Exempt,0,45.55,59.58,462,Fresh Produce,0801,8906096405787
Tata Sampann Gold Red Chilli Powder 100g,SKU-04034,GST,5,5.12,6.49,351,Spices,0904,8909614730748
Potato 5kg,SKU-04035,Exempt,0,144.36,191.99,488,Fresh Produce,0701,8907301996994
Kissan Regular Sugar 1kg,SKU-04036,GST,5,55.02,77.02,339,Condiments,1701,8906589884386
Kurkure Natural Biscuits 100g,SKU-04037,GST,18,5.25,5.56,205,Snacks,1905,8908414579557
Kohinoor Sona Masoori Rice 10kg,SKU-04038,GST,5,848.61,1087.28,309,Grains & Cereals,1006,8907281561302
Lifebuoy Bathing Soap 100g,SKU-04039,GST,18,6.97,8.44,309,Personal Care,3401,8901694973976
Coca Cola Extra Cola Drink 2L,SKU-04040,GST+Cess,28,53.67,65.12,444,Beverages,2202,8907181753409
MDH Red Chilli Powder 500g,SKU-04041,GST,5,29.83,41.32,63,Spices,0904,8901756344060
Mother Dairy Regular Ghee 500ml,SKU-04042,GST,12,460.63,633.54,448,Dairy,0405,8902696967278
Rin Pro Dishwash Liquid 250ml,SKU-04043,GST,18,31.81,35.66,477,Household Care,3402,8903731968243
MDH Classic Turmeric Powder 100g,SKU-04044,GST,5,9.73,12.9,234,Spices,0904,8902671569147
Tomato Loose,SKU-04045,Exempt,0,37.3,49.24,305,Fresh Produce,0701,8904541646071
Fortune Mustard Oil 1L,SKU-04046,GST,5,196.55,259.67,182,Cooking Oils,1507,8902853004557
Comfort Dishwash Liquid 1L,SKU-04047,GST,18,102.99,141.11,321,Household Care,3402,8902222006597
Colgate Regular Toothpaste 150g,SKU-04048,GST,18,6.36,6.82,264,Personal Care,3306,8900342068721
Tata Tea Coffee 100g,SKU-04049,GST,5,41.74,60.43,333,Beverages,0901,8900817962116
Brooke Bond Natural Tea 250g,SKU-04050,GST,5,46.55,56.13,180,Beverages,0902,8908365998016
Pantene Shampoo 340ml,SKU-04051,GST,18,239.7,261.44,120,Personal Care,3305,8906622208610
Mother Dairy Premium Butter 100g,SKU-04052,GST,12,8.88,10.62,452,Dairy,0405,8909639947834
Pepsi Organic Cola Drink 300ml,SKU-04053,GST+Cess,28,45.45,61.49,390,Beverages,2202,8908247407943
Rajdhani Regular Urad Dal 1kg,SKU-04054,GST,5,186.9,231.17,193,Pulses,0713,8906661962132
Pillsbury Premium Besan 1kg,SKU-04055,GST,5,57.82,76.34,440,Flours,1101,8909761032165
Red Bull Fruit Juice 200ml,SKU-04056,GST,12,30.14,36.21,248,Beverages,2009,8900511938830
Haldiram's Special Chocolate 100g,SKU-04057,GST,18,8.34,9.05,345,Snacks,1806,8907291930420
Britannia Pro Milk 1L,SKU-04058,Exempt,0,61.3,67.09,396,Dairy,0401,8908765672241
Nestle Premium Cheese 400g,SKU-04059,GST,12,176.33,252.91,269,Dairy,0406,8904101959922
Patanjali Organic Basmati Rice 5kg,SKU-04060,GST,5,423.48,589.82,19,Grains & Cereals,1006,8906615922209
Tropicana Organic Coffee 200g,SKU-04061,GST,5,120.08,144.66,287,Beverages,0901,8903825591432
Banana Half Dozen,SKU-04062,Exempt,0,40.29,48.39,36,Fresh Produce,0801,8905182080861
Everest Regular Garam Masala 100g,SKU-04063,GST,5,7.24,9.1,162,Spices,0904,8907324205703
Patanjali Extra Red Chilli Powder 500g,SKU-04064,GST,5,25.77,30.32,18,Spices,0904,8907279290469
Sunfeast Gold Instant Noodles 70g,SKU-04065,GST,12,21.02,23.28,48,Snacks,1902,8903702616716
Harpic Dishwash Liquid 250ml,SKU-04066,GST,18,15.18,16.82,154,Household Care,3402,8901026210830
Lay's Premium Biscuits 50g,SKU-04067,GST,18,14.64,18.76,160,Snacks,1905,8903193841531
Ariel Detergent Powder 4kg,SKU-04068,GST,18,162.42,185.47,251,Household Care,3402,8903139729887
24 Mantra Gold Basmati Rice 25kg,SKU-04069,GST,5,402.37,574.17,388,Grains & Cereals,1006,8900423876809
Tomato 500g,SKU-04070,Exempt,0,35.08,47.19,320,Fresh Produce,0701,8906427709785
Britannia Gold Ghee 500ml,SKU-04071,GST,12,249.44,314.14,441,Dairy,0405,8904131744851
Bingo Organic Potato Chips 80g,SKU-04072,GST,12,34.8,45.88,110,Snacks,2106,8904402588551
Tomato 500g,SKU-04073,Exempt,0,26.14,37.87,461,Fresh Produce,0701,8908748531599
Ramdev Red Chilli Powder 500g,SKU-04074,GST,5,28.26,35.99,234,Spices,0904,8902547775388
Local Curd 400g,SKU-04075,GST,5,28.42,32.0,145,Dairy,0403,8907811016219
Sprite Organic Cola Drink 2L,SKU-04076,GST+Cess,28,62.36,72.59,302,Beverages,2202,8903168151649
Amul Classic Curd 400g,SKU-04077,GST,5,41.87,59.1,179,Dairy,0403,8901964923066
Banana Dozen,SKU-04078,Exempt,0,56.74,77.32,495,Fresh Produce,0801,8904252467193
Apple Box,SKU-04079,Exempt,0,160.75,200.14,106,Fresh Produce,0801,8909087535898
Pillsbury Organic Atta (Wheat Flour) 10kg,SKU-04080,GST,5,668.82,790.39,313,Flours,1101,8905133316954
Daawat Pro Sona Masoori Rice 5kg,SKU-04081,GST,5,288.99,368.98,184,Grains & Cereals,1006,8905169788377
Lipton Select Tea 250g,SKU-04082,GST,5,59.56,75.94,259,Beverages,0902,8901888427169
Patanjali Select Red Chilli Powder 200g,SKU-04083,GST,5,15.07,17.99,116,Spices,0904,8909284034769
Maggi Organic Sugar 5kg,SKU-04084,GST,5,372.22,436.42,218,Condiments,1701,8906899425328
Aashirvaad Premium Sona Masoori Rice 5kg,SKU-04085,GST,5,476.69,681.45,20,Grains & Cereals,1006,8901187213983
Potato Loose,SKU-04086,Exempt,0,31.83,45.72,326,Fresh Produce,0701,8905723861601
Tropicana Regular Energy Drink 250ml,SKU-04087,GST+Cess,28,46.0,52.79,428,Beverages,2202,8906406958051
Bru Select Fruit Juice 200ml,SKU-04088,GST,12,35.21,49.76,128,Beverages,2009,8905031884974
Banana Dozen,SKU-04089,Exempt,0,35.26,44.45,186,Fresh Produce,0801,8906336602352
Local Regular Milk 500ml,SKU-04090,Exempt,0,22.81,29.04,495,Dairy,0401,8908913051027
Amul Organic Milk 500ml,SKU-04091,Exempt,0,33.16,46.32,299,Dairy,0401,8906056233094
Ching's Tomato Ketchup 1kg,SKU-04092,GST,12,153.52,205.79,106,Condiments,2103,8904645829546
Local Natural Atta (Wheat Flour) 1kg,SKU-04093,GST,5,37.66,39.69,119,Flours,1101,8900471662342
Gemini Classic Groundnut Oil 15L,SKU-04094,GST,5,1537.88,2173.84,329,Cooking Oils,1507,8908194001129
Dhara Mustard Oil 1L,SKU-04095,GST,5,200.22,250.49,279,Cooking Oils,1507,8907414656637
Onion Loose,SKU-04096,Exempt,0,46.32,53.0,342,Fresh Produce,0701,8907375143535
Nature Fresh Pro Mustard Oil 5L,SKU-04097,GST,5,563.55,745.25,457,Cooking Oils,1507,8904766009749
Tomato 500g,SKU-04098,Exempt,0,24.61,31.81,196,Fresh Produce,0701,8908151418594
Apple 1kg,SKU-04099,Exempt,0,179.71,246.41,176,Fresh Produce,0801,8906084695449
24 Mantra Masoor Dal 5kg,SKU-04100,GST,5,841.59,1005.05,224,Pulses,0713,8901234001522
Haldiram's Premium Instant Noodles 280g,SKU-04101,GST,12,19.49,23.25,252,Snacks,1902,8906294201217
Gowardhan Select Butter 100g,SKU-04102,GST,12,5.67,6.35,17,Dairy,0405,8908241985778
Nescafe Regular Tea 500g,SKU-04103,GST,5,197.5,226.29,233,Beverages,0902,8902307357136
Banana Half Dozen,SKU-04104,Exempt,0,53.43,67.09,438,Fresh Produce,0801,8909535258535
Local Special Masoor Dal 5kg,SKU-04105,GST,5,399.32,462.45,154,Pulses,0713,8903604387243
Tomato 500g,SKU-04106,Exempt,0,33.08,40.37,139,Fresh Produce,0701,8901442509693
Local Besan 1kg,SKU-04107,GST,5,93.2,99.68,172,Flours,1101,8905088063958
Rajdhani Extra Chana Dal 1kg,SKU-04108,GST,5,63.67,75.02,366,Pulses,0713,8902965370476
Tata Tea Fruit Juice 1L,SKU-04109,GST,12,130.32,184.26,32,Beverages,2009,8905183440275
Nature Fresh Groundnut Oil 15L,SKU-04110,GST,5,1247.8,1372.32,146,Cooking Oils,1507,8902950336936
Nescafe Classic Energy Drink 330ml,SKU-04111,GST+Cess,28,95.71,104.42,19,Beverages,2202,8904549804606
Gemini Fresh Groundnut Oil 5L,SKU-04112,GST,5,624.37,761.23,448,Cooking Oils,1507,8906349166055
Coca Cola Classic Coffee 50g,SKU-04113,GST,5,17.77,21.05,156,Beverages,0901,8903623319312
Ariel Classic Detergent Powder 4kg,SKU-04114,GST,18,157.3,172.56,498,Household Care,3402,8900387738007
Pepsi Coffee 200g,SKU-04115,GST,5,60.26,77.05,211,Beverages,0901,8908706668843
Kohinoor Special Sona Masoori Rice 25kg,SKU-04116,GST,5,211.89,268.5,120,Grains & Cereals,1006,8908127249014
Apple 1kg,SKU-04117,Exempt,0,179.54,205.05,197,Fresh Produce,0801,8909898473843
Bingo Potato Chips 30g,SKU-04118,GST,12,8.68,10.91,51,Snacks,2106,8905358496200
Pillsbury Classic Atta (Wheat Flour) 1kg,SKU-04119,GST,5,35.15,38.48,373,Flours,1101,8909268601738
Patanjali Extra Mustard Oil 15L,SKU-04120,GST,5,739.08,790.61,53,Cooking Oils,1507,8908176142662
Rajdhani Chana Dal 500g,SKU-04121,GST,5,61.57,83.42,6,Pulses,0713,8904110800264
Bikano Special Instant Noodles 140g,SKU-04122,GST,12,9.77,13.56,274,Snacks,1902,8909564252753
Local Premium Milk 500ml,SKU-04123,Exempt,0,30.22,34.52,94,Dairy,0401,8905656337343
Patanjali Gold Urad Dal 5kg,SKU-04124,GST,5,860.75,912.47,430,Pulses,0713,8900024201277
Tata Active Salt 1kg,SKU-04125,Exempt,0,22.21,28.49,393,Condiments,2501,8907874411284
Bru Gold Fruit Juice 200ml,SKU-04126,GST,12,30.81,41.41,409,Beverages,2009,8907421940478
Nestle Fresh Namkeen/Bhujia 200g,SKU-04127,GST,12,23.52,25.74,40,Snacks,2106,8906849899126
Pillsbury Select Besan 1kg,SKU-04128,GST,5,55.67,66.26,473,Flours,1101,8905097333098
Tata Tea Tea 250g,SKU-04129,GST,5,54.85,63.6,92,Beverages,0902,8909852704973
Rajdhani Moong Dal 1kg,SKU-04130,GST,5,200.02,274.5,155,Pulses,0713,8906474965913
Mother Dairy Gold Paneer 200g,SKU-04131,GST,5,34.88,41.82,433,Dairy,0406,8902181595881
Nandini Cheese 400g,SKU-04132,GST,12,153.53,184.8,265,Dairy,0406,8908232351139
Dhara Special Sunflower Oil 1L,SKU-04133,GST,5,179.05,229.21,412,Cooking Oils,1507,8904570317681
Apple Box,SKU-04134,Exempt,0,161.37,187.4,32,Fresh Produce,0801,8907308141423
Patanjali Organic Garam Masala 100g,SKU-04135,GST,5,7.99,10.56,430,Spices,0904,8905173301654
Coca Cola Extra Fruit Juice 1L,SKU-04136,GST,12,119.36,129.64,432,Beverages,2009,8905916655172
Britannia Active Biscuits 100g,SKU-04137,GST,18,7.17,7.68,63,Snacks,1905,8907147222945
Kohinoor Special Sona Masoori Rice 25kg,SKU-04138,GST,5,227.37,264.39,153,Grains & Cereals,1006,8901805400853
Red Bull Organic Cola Drink 300ml,SKU-04139,GST+Cess,28,61.85,65.41,453,Beverages,2202,8907961990979
Sprite Special Energy Drink 330ml,SKU-04140,GST+Cess,28,166.35,220.94,120,Beverages,2202,8901187087815
Ramdev Garam Masala 50g,SKU-04141,GST,5,5.67,7.95,226,Spices,0904,8907098667885
Nestle Pro Curd 1kg,SKU-04142,GST,5,21.76,31.25,481,Dairy,0403,8905285794015
Local Extra Chana Dal 500g,SKU-04143,GST,5,85.84,103.83,406,Pulses,0713,8909851188116
Harpic Detergent Powder 4kg,SKU-04144,GST,18,110.36,138.45,33,Household Care,3402,8908514966757
Lux Shampoo 650ml,SKU-04145,GST,18,199.27,232.38,76,Personal Care,3305,8903134268396
Cadbury Potato Chips 80g,SKU-04146,GST,12,16.09,18.31,464,Snacks,2106,8909570016845
Banana Dozen,SKU-04147,Exempt,0,66.92,95.48,94,Fresh Produce,0801,8903878930381
Local Chana Dal 1kg,SKU-04148,GST,5,156.8,167.86,6,Pulses,0713,8909626292259
Pril Floor Cleaner 500ml,SKU-04149,GST,18,64.26,70.53,7,Household Care,3402,8909853272720
Tata Sampann Extra Red Chilli Powder 200g,SKU-04150,GST,5,15.46,21.68,336,Spices,0904,8900597303753
Bru Classic Tea 500g,SKU-04151,GST,5,239.66,325.26,269,Beverages,0902,8903068294817
Apple Box,SKU-04152,Exempt,0,123.69,158.76,74,Fresh Produce,0801,8907919163798
Potato 2kg,SKU-04153,Exempt,0,17.22,19.23,378,Fresh Produce,0701,8908882397970
Parle Classic Biscuits 100g,SKU-04154,GST,18,5.93,6.98,91,Snacks,1905,8904244310299
Pillsbury Premium Atta (Wheat Flour) 1kg,SKU-04155,GST,5,67.39,97.62,246,Flours,1101,8904009254270
Sunfeast Regular Potato Chips 30g,SKU-04156,GST,12,10.14,11.14,284,Snacks,2106,8900343071488
Lifebuoy Special Toothpaste 100g,SKU-04157,GST,18,9.13,10.71,17,Personal Care,3306,8908275986858
Local Paneer 500g,SKU-04158,GST,5,57.5,76.5,158,Dairy,0406,8906748223286
Fortune Premium Toor Dal 1kg,SKU-04159,GST,5,144.63,167.98,241,Pulses,0713,8901742658840
Tata Sampann Active Turmeric Powder 100g,SKU-04160,GST,5,5.25,5.66,347,Spices,0904,8900124181160
Smith & Jones Regular Tomato Ketchup 500g,SKU-04161,GST,12,47.87,68.22,209,Condiments,2103,8909262168472
Potato Loose,SKU-04162,Exempt,0,18.29,24.94,39,Fresh Produce,0701,8900924432954
Tomato 1kg,SKU-04163,Exempt,0,58.89,68.56,491,Fresh Produce,0701,8909617247273
Banana Dozen,SKU-04164,Exempt,0,68.24,80.08,204,Fresh Produce,0801,8902037445719
Bikano Instant Noodles 560g,SKU-04165,GST,12,12.88,17.12,441,Snacks,1902,8901421140781
Samrat Select Maida 1kg,SKU-04166,GST,5,61.08,84.31,10,Flours,1101,8907038394271
Patanjali Select Maida 500g,SKU-04167,GST,5,30.65,37.28,465,Flours,1101,8904922257164
Apple 1kg,SKU-04168,Exempt,0,169.63,226.0,189,Fresh Produce,0801,8902414345646
Patanjali Gold Sugar 5kg,SKU-04169,GST,5,344.57,367.59,51,Condiments,1701,8902063357599
Harpic Organic Floor Cleaner 2L,SKU-04170,GST,18,135.74,159.65,212,Household Care,3402,8907564667667
Patanjali Gold Toor Dal 5kg,SKU-04171,GST,5,632.83,842.33,57,Pulses,0713,8906940324221
Ramdev Extra Red Chilli Powder 500g,SKU-04172,GST,5,17.7,19.55,352,Spices,0904,8904421461004
Sunfeast Special Namkeen/Bhujia 200g,SKU-04173,GST,12,34.78,37.12,32,Snacks,2106,8905819836514
Tata Gold Sugar 5kg,SKU-04174,GST,5,278.77,318.01,216,Condiments,1701,8905397900578
Patanjali Premium Atta (Wheat Flour) 1kg,SKU-04175,GST,5,51.89,64.82,23,Flours,1101,8909503545136
Tata Sampann Select Moong Dal 500g,SKU-04176,GST,5,58.92,79.02,357,Pulses,0713,8900859503121
Patanjali Extra Groundnut Oil 15L,SKU-04177,GST,5,1150.98,1597.61,384,Cooking Oils,1507,8905924197166
Patanjali Sunflower Oil 1L,SKU-04178,GST,5,190.94,209.51,49,Cooking Oils,1507,8901703280325
Fortune Gold Sona Masoori Rice 25kg,SKU-04179,GST,5,479.25,554.5,428,Grains & Cereals,1006,8909179216514
Brooke Bond Regular Energy Drink 250ml,SKU-04180,GST+Cess,28,45.4,63.28,464,Beverages,2202,8906872611737
Tomato Loose,SKU-04181,Exempt,0,37.2,51.45,458,Fresh Produce,0701,8904503559967
Fortune Regular Maida 500g,SKU-04182,GST,5,21.46,24.27,446,Flours,1101,8901243466629
Nandini Curd 1kg,SKU-04183,GST,5,53.11,57.43,121,Dairy,0403,8909440601461
Tide Special Dishwash Liquid 250ml,SKU-04184,GST,18,29.81,37.9,310,Household Care,3402,8908447539360
Potato 2kg,SKU-04185,Exempt,0,16.4,18.55,355,Fresh Produce,0701,8903533369417
Saffola Premium Mustard Oil 15L,SKU-04186,GST,5,968.35,1190.43,184,Cooking Oils,1507,8906582554838
Tata Sampann Active Red Chilli Powder 100g,SKU-04187,GST,5,14.98,17.77,271,Spices,0904,8907905073090
Lipton Organic Tea 1kg,SKU-04188,GST,5,437.82,577.54,165,Beverages,0902,8906366673139
Aashirvaad Natural Sugar 5kg,SKU-04189,GST,5,199.73,255.84,176,Condiments,1701,8904701121435
Lay's Natural Chocolate 250g,SKU-04190,GST,18,16.59,18.49,232,Snacks,1806,8902828815659
Salt 500g,SKU-04191,Exempt,0,15.66,18.21,240,Condiments,2501,8907064813357
Lipton Organic Cola Drink 600ml,SKU-04192,GST+Cess,28,66.06,76.87,71,Beverages,2202,8903506884393
Lay's Potato Chips 150g,SKU-04193,GST,12,12.0,16.79,105,Snacks,2106,8908239192947
Colin Dishwash Liquid 1L,SKU-04194,GST,18,80.52,110.0,416,Household Care,3402,8905603186865
Balaji Select Potato Chips 80g,SKU-04195,GST,12,34.37,37.66,328,Snacks,2106,8902964548277
Britannia Gold Curd 1kg,SKU-04196,GST,5,52.41,57.58,388,Dairy,0403,8909413644772
Bikano Potato Chips 30g,SKU-04197,GST,12,7.83,9.19,380,Snacks,2106,8901470823196
Local Active Curd 1kg,SKU-04198,GST,5,32.65,45.46,73,Dairy,0403,8908442718045
Patanjali Pro Masoor Dal 500g,SKU-04199,GST,5,94.54,132.06,316,Pulses,0713,8909512174475
Suhana Special Red Chilli Powder 200g,SKU-04200,GST,5,7.32,9.16,406,Spices,0904,8907047023712
Fortune Groundnut Oil 5L,SKU-04201,GST,5,780.82,1048.71,75,Cooking Oils,1507,8900358139795
Nestle Extra Milk 1L,SKU-04202,Exempt,0,43.24,45.94,190,Dairy,0401,8908972359199
Pepsi Extra Fruit Juice 1L,SKU-04203,GST,12,87.22,97.49,84,Beverages,2009,8909770259845
Bingo Select Biscuits 100g,SKU-04204,GST,18,13.42,15.82,378,Snacks,1905,8908729129896
Suhana Extra Garam Masala 50g,SKU-04205,GST,5,11.87,14.63,437,Spices,0904,8906323001719
Patanjali Mustard Oil 5L,SKU-04206,GST,5,610.05,785.85,196,Cooking Oils,1507,8901662156748
Patanjali Classic Salt 1kg,SKU-04207,Exempt,0,19.21,20.3,216,Condiments,2501,8906386026871
Harpic Detergent Powder 1kg,SKU-04208,GST,18,118.04,169.41,175,Household Care,3402,8903188658522
Pepsi Fruit Juice 1L,SKU-04209,GST,12,150.72,185.15,241,Beverages,2009,8904600341058
Balaji Biscuits 200g,SKU-04210,GST,18,5.48,6.27,50,Snacks,1905,8907199497450
Potato Loose,SKU-04211,Exempt,0,19.88,26.13,137,Fresh Produce,0701,8900712534611
Nutrela Special Masoor Dal 1kg,SKU-04212,GST,5,90.06,126.26,327,Pulses,0713,8900278201581
Nandini Curd 200g,SKU-04213,GST,5,13.29,18.71,309,Dairy,0403,8905311695152
Nandini Special Ghee 1L,SKU-04214,GST,12,785.67,842.17,422,Dairy,0405,8908960713766
Tata Tomato Ketchup 500g,SKU-04215,GST,12,101.57,124.04,480,Condiments,2103,8905064051183
Patanjali Regular Basmati Rice 1kg,SKU-04216,GST,5,128.28,171.9,25,Grains & Cereals,1006,8907904389353
Local Active Paneer 200g,SKU-04217,GST,5,33.01,40.38,184,Dairy,0406,8905224113414
Bikano Biscuits 50g,SKU-04218,GST,18,10.66,14.92,201,Snacks,1905,8905835273839
Patanjali Premium Turmeric Powder 200g,SKU-04219,GST,5,9.3,11.29,469,Spices,0904,8909456847093
Britannia Special Milk 1L,SKU-04220,Exempt,0,66.09,74.16,328,Dairy,0401,8903944949307
Nivea Select Toothpaste 200g,SKU-04221,GST,18,13.27,18.49,262,Personal Care,3306,8904490230771
Local Special Urad Dal 1kg,SKU-04222,GST,5,222.65,236.6,350,Pulses,0713,8902860118376
Bikano Instant Noodles 70g,SKU-04223,GST,12,10.92,15.4,284,Snacks,1902,8909813780110
24 Mantra Chana Dal 500g,SKU-04224,GST,5,70.3,81.34,362,Pulses,0713,8904453256721
Ariel Special Dishwash Liquid 1L,SKU-04225,GST,18,62.68,87.91,8,Household Care,3402,8909452658216
Patanjali Select Sunflower Oil 1L,SKU-04226,GST,5,190.33,212.99,454,Cooking Oils,1507,8900008888764
Milky Mist Paneer 200g,SKU-04227,GST,5,33.72,37.64,96,Dairy,0406,8908556931493
Nature Fresh Mustard Oil 15L,SKU-04228,GST,5,523.51,559.09,481,Cooking Oils,1507,8907327619903
Mother's Recipe Natural Garam Masala 100g,SKU-04229,GST,5,5.09,5.69,431,Spices,0904,8905375933585
Britannia Gold Curd 1kg,SKU-04230,GST,5,41.65,53.31,25,Dairy,0403,8900746723979
Pepsi Regular Cola Drink 300ml,SKU-04231,GST+Cess,28,51.09,63.96,54,Beverages,2202,8900760595587
Onion 1kg,SKU-04232,Exempt,0,28.37,34.76,244,Fresh Produce,0701,8906967325496
Tata Premium Salt 1kg,SKU-04233,Exempt,0,17.87,23.3,114,Condiments,2501,8907238057121
Smith & Jones Sugar 1kg,SKU-04234,GST,5,64.77,78.01,327,Condiments,1701,8902734289042
Kissan Select Sugar 5kg,SKU-04235,GST,5,244.85,257.39,340,Condiments,1701,8906889589932
Banana Dozen,SKU-04236,Exempt,0,60.29,85.52,157,Fresh Produce,0801,8902179534856
Nutrela Premium Toor Dal 1kg,SKU-04237,GST,5,141.61,172.18,137,Pulses,0713,8900441631664
Local Classic Paneer 200g,SKU-04238,GST,5,15.37,17.48,305,Dairy,0406,8900474212066
Potato Loose,SKU-04239,Exempt,0,30.88,37.6,478,Fresh Produce,0701,8900289170888
Tomato Loose,SKU-04240,Exempt,0,34.62,37.21,173,Fresh Produce,0701,8903087722696
Ching's Organic Sugar 1kg,SKU-04241,GST,5,62.15,87.38,272,Condiments,1701,8906015008585
Patanjali Select Moong Dal 500g,SKU-04242,GST,5,96.28,114.58,228,Pulses,0713,8907921271952
Catch Regular Sugar 5kg,SKU-04243,GST,5,273.14,338.18,345,Condiments,1701,8909683720164
Thums Up Organic Energy Drink 330ml,SKU-04244,GST+Cess,28,132.98,152.74,73,Beverages,2202,8905819634813
Potato 2kg,SKU-04245,Exempt,0,33.45,46.88,195,Fresh Produce,0701,8906915393058
Local Select Milk 500ml,SKU-04246,Exempt,0,19.35,27.46,198,Dairy,0401,8901010619581
Catch Active Salt 500g,SKU-04247,Exempt,0,14.64,18.55,171,Condiments,2501,8903661450181
Parle Extra Biscuits 200g,SKU-04248,GST,18,12.47,17.89,422,Snacks,1905,8907436125142
Garnier Shampoo 650ml,SKU-04249,GST,18,249.38,358.02,476,Personal Care,3305,8908912415212
Nandini Milk 500ml,SKU-04250,Exempt,0,33.0,34.88,354,Dairy,0401,8906032897957
Local Extra Maida 1kg,SKU-04251,GST,5,53.07,71.47,358,Flours,1101,8904108945207
Britannia Organic Butter 500g,SKU-04252,GST,12,41.76,47.07,202,Dairy,0405,8904941330984
Rajdhani Active Masoor Dal 500g,SKU-04253,GST,5,88.28,104.13,495,Pulses,0713,8909422851413
Patanjali Extra Sugar 1kg,SKU-04254,GST,5,75.11,94.73,225,Condiments,1701,8901333305613
Mother Dairy Natural Paneer 200g,SKU-04255,GST,5,24.84,35.44,361,Dairy,0406,8906790821352
Mother Dairy Gold Ghee 500ml,SKU-04256,GST,12,223.91,287.57,488,Dairy,0405,8909830879933
Aashirvaad Gold Atta (Wheat Flour) 10kg,SKU-04257,GST,5,344.69,472.97,314,Flours,1101,8901986020828
Britannia Namkeen/Bhujia 1kg,SKU-04258,GST,12,111.95,141.98,141,Snacks,2106,8903358628358
Colin Extra Floor Cleaner 500ml,SKU-04259,GST,18,97.71,123.1,401,Household Care,3402,8907796807687
Haldiram's Organic Namkeen/Bhujia 200g,SKU-04260,GST,12,20.24,23.37,86,Snacks,2106,8903598648409
24 Mantra Active Basmati Rice 1kg,SKU-04261,GST,5,120.1,164.9,469,Grains & Cereals,1006,8905422489801
24 Mantra Urad Dal 1kg,SKU-04262,GST,5,173.45,235.92,422,Pulses,0713,8903639159658
Smith & Jones Organic Salt 500g,SKU-04263,Exempt,0,8.35,9.59,143,Condiments,2501,8908454536793
Pears Fresh Toothpaste 150g,SKU-04264,GST,18,8.45,10.38,264,Personal Care,3306,8901175966144
Pantene Extra Shampoo 340ml,SKU-04265,GST,18,190.71,220.7,304,Personal Care,3305,8900895710706
Mother Dairy Premium Curd 400g,SKU-04266,GST,5,51.98,58.05,114,Dairy,0403,8905960658552
Local Select Basmati Rice 1kg,SKU-04267,GST,5,91.58,112.09,415,Grains & Cereals,1006,8904884861817
Rajdhani Special Chana Dal 1kg,SKU-04268,GST,5,106.68,134.34,71,Pulses,0713,8906369008973
Dove Toothpaste 100g,SKU-04269,GST,18,6.54,8.48,445,Personal Care,3306,8900774674334
Tomato Loose,SKU-04270,Exempt,0,42.87,58.55,61,Fresh Produce,0701,8903334317274
Britannia Regular Instant Noodles 140g,SKU-04271,GST,12,10.07,11.52,136,Snacks,1902,8900261015852
Patanjali Gold Salt 500g,SKU-04272,Exempt,0,8.26,10.99,409,Condiments,2501,8908577884620
Nature Fresh Premium Groundnut Oil 1L,SKU-04273,GST,5,274.44,297.79,270,Cooking Oils,1507,8906682726340
Milk 1L,SKU-04274,Exempt,0,74.76,81.73,471,Dairy,0401,8901827151319
Patanjali Moong Dal 500g,SKU-04275,GST,5,86.88,96.1,217,Pulses,0713,8903439463571
Red Bull Energy Drink 330ml,SKU-04276,GST+Cess,28,168.85,198.73,148,Beverages,2202,8907374571472
Ramdev Fresh Garam Masala 100g,SKU-04277,GST,5,11.88,16.37,281,Spices,0904,8900712336781
Tide Regular Detergent Powder 4kg,SKU-04278,GST,18,127.77,147.98,413,Household Care,3402,8902373997704
Ariel Special Detergent Powder 1kg,SKU-04279,GST,18,205.09,259.69,467,Household Care,3402,8906136432359
Onion 1kg,SKU-04280,Exempt,0,50.36,62.1,169,Fresh Produce,0701,8905484004210
Odonil Detergent Powder 4kg,SKU-04281,GST,18,161.96,203.73,175,Household Care,3402,8907601966679
Pillsbury Atta (Wheat Flour) 5kg,SKU-04282,GST,5,276.57,311.94,331,Flours,1101,8900798909789
Pears Bathing Soap 75g,SKU-04283,GST,18,49.87,66.9,266,Personal Care,3401,8903381013624
Tomato Loose,SKU-04284,Exempt,0,62.77,69.67,500,Fresh Produce,0701,8906467445632
Britannia Extra Ghee 500ml,SKU-04285,GST,12,284.8,342.55,382,Dairy,0405,8908848805954
Bru Premium Tea 250g,SKU-04286,GST,5,45.71,57.74,296,Beverages,0902,8902343714243
Colin Detergent Powder 4kg,SKU-04287,GST,18,91.94,101.05,471,Household Care,3402,8907249288409
Smith & Jones Sugar 5kg,SKU-04288,GST,5,204.16,270.48,177,Condiments,1701,8903751220721
Nutrela Masoor Dal 5kg,SKU-04289,GST,5,670.45,716.76,201,Pulses,0713,8900222470321
Nature Fresh Besan 1kg,SKU-04290,GST,5,116.47,123.08,203,Flours,1101,8908409642938
Patanjali Classic Groundnut Oil 5L,SKU-04291,GST,5,1021.85,1312.76,94,Cooking Oils,1507,8900082244913
Onion Loose,SKU-04292,Exempt,0,37.89,44.6,419,Fresh Produce,0701,8907041936406
Tata Sampann Regular Moong Dal 1kg,SKU-04293,GST,5,211.82,232.91,74,Pulses,0713,8902241329501
Potato 1kg,SKU-04294,Exempt,0,18.28,24.6,374,Fresh Produce,0701,8901399285814
24 Mantra Special Basmati Rice 5kg,SKU-04295,GST,5,319.61,353.17,370,Grains & Cereals,1006,8904916101995
Pillsbury Premium Maida 500g,SKU-04296,GST,5,26.27,32.62,333,Flours,1101,8904281435194
Ariel Dishwash Liquid 1L,SKU-04297,GST,18,139.06,189.85,449,Household Care,3402,8901763019115
Nutrela Regular Moong Dal 500g,SKU-04298,GST,5,105.29,139.65,31,Pulses,0713,8901410488206
Local Toor Dal 1kg,SKU-04299,GST,5,244.66,320.27,20,Pulses,0713,8900983273652
Nivea Fresh Toothpaste 200g,SKU-04300,GST,18,17.14,18.89,331,Personal Care,3306,8902056567916
MDH Garam Masala 50g,SKU-04301,GST,5,14.53,18.84,416,Spices,0904,8904013059725
Fortune Select Sona Masoori Rice 5kg,SKU-04302,GST,5,446.27,572.71,417,Grains & Cereals,1006,8900730686887
Britannia Pro Biscuits 50g,SKU-04303,GST,18,13.25,17.68,493,Snacks,1905,8902285404026
Nestle Special Milk 1L,SKU-04304,Exempt,0,72.73,79.28,412,Dairy,0401,8906225848190
Everest Special Turmeric Powder 200g,SKU-04305,GST,5,10.07,13.59,283,Spices,0904,8902781470564
Parle Instant Noodles 70g,SKU-04306,GST,12,12.04,13.24,209,Snacks,1902,8909815334533
Bru Premium Energy Drink 250ml,SKU-04307,GST+Cess,28,37.75,41.73,312,Beverages,2202,8907883310208
Dhara Extra Sunflower Oil 1L,SKU-04308,GST,5,136.81,162.15,273,Cooking Oils,1507,8900344058565
Bingo Instant Noodles 70g,SKU-04309,GST,12,21.3,28.32,402,Snacks,1902,8909504449209
Nature Fresh Extra Groundnut Oil 5L,SKU-04310,GST,5,861.77,1112.58,98,Cooking Oils,1507,8908311794944
Gowardhan Natural Butter 500g,SKU-04311,GST,12,23.5,30.65,176,Dairy,0405,8908742796304
Bingo Premium Instant Noodles 280g,SKU-04312,GST,12,18.54,25.33,160,Snacks,1902,8907864163882
Thums Up Premium Fruit Juice 200ml,SKU-04313,GST,12,44.93,64.95,373,Beverages,2009,8909251211894
Salt 500g,SKU-04314,Exempt,0,12.95,18.22,194,Condiments,2501,8905636300433
Patanjali Gold Masoor Dal 500g,SKU-04315,GST,5,59.58,82.15,11,Pulses,0713,8907556941467
Rajdhani Active Atta (Wheat Flour) 10kg,SKU-04316,GST,5,554.48,625.49,352,Flours,1101,8909625774161
Patanjali Red Chilli Powder 200g,SKU-04317,GST,5,13.36,18.85,210,Spices,0904,8904063365586
Local Gold Curd 200g,SKU-04318,GST,5,5.71,7.3,214,Dairy,0403,8907969392496
Nandini Select Ghee 1L,SKU-04319,GST,12,460.47,594.12,93,Dairy,0405,8908515628379
24 Mantra Select Chana Dal 1kg,SKU-04320,GST,5,69.85,93.93,119,Pulses,0713,8903601078676
Surf Excel Fresh Detergent Powder 1kg,SKU-04321,GST,18,121.32,175.82,23,Household Care,3402,8903581654980
Garnier Regular Bathing Soap Pack of 3,SKU-04322,GST,18,44.18,51.9,159,Personal Care,3401,8908760857646
Potato 5kg,SKU-04323,Exempt,0,137.03,192.19,71,Fresh Produce,0701,8908662271921
Patanjali Tomato Ketchup 1kg,SKU-04324,GST,12,182.71,216.45,227,Condiments,2103,8906739060727
Harpic Fresh Detergent Powder 500g,SKU-04325,GST,18,76.22,101.75,216,Household Care,3402,8901476657164
Potato 1kg,SKU-04326,Exempt,0,16.42,21.93,384,Fresh Produce,0701,8902349457244
Bikano Chocolate 100g,SKU-04327,GST,18,5.99,8.01,99,Snacks,1806,8906148109957
Brooke Bond Fresh Fruit Juice 200ml,SKU-04328,GST,12,31.78,43.04,256,Beverages,2009,8900331566705
Fortune Sona Masoori Rice 1kg,SKU-04329,GST,5,93.55,101.47,279,Grains & Cereals,1006,8903860696249
Cadbury Biscuits 100g,SKU-04330,GST,18,5.46,5.92,26,Snacks,1905,8903089758638
Comfort Organic Dishwash Liquid 250ml,SKU-04331,GST,18,15.21,17.77,142,Household Care,3402,8901616613063
Rajdhani Extra Masoor Dal 5kg,SKU-04332,GST,5,438.34,624.3,50,Pulses,0713,8900480880574
Odonil Detergent Powder 4kg,SKU-04333,GST,18,131.55,175.4,134,Household Care,3402,8900249387138
Cadbury Chocolate 40g,SKU-04334,GST,18,7.3,9.62,392,Snacks,1806,8904458905730
Britannia Curd 200g,SKU-04335,GST,5,5.87,6.81,185,Dairy,0403,8907824566363
Apple Loose,SKU-04336,Exempt,0,126.86,137.46,105,Fresh Produce,0801,8907996317333
Bingo Biscuits 100g,SKU-04337,GST,18,5.01,6.05,396,Snacks,1905,8905700150343
Nestle Pro Curd 200g,SKU-04338,GST,5,6.91,8.14,99,Dairy,0403,8901343357120
24 Mantra Active Masoor Dal 1kg,SKU-04339,GST,5,160.21,182.27,278,Pulses,0713,8906068289728
Everest Organic Garam Masala 50g,SKU-04340,GST,5,8.1,10.73,455,Spices,0904,8903107690700
Odonil Classic Detergent Powder 1kg,SKU-04341,GST,18,156.49,191.62,161,Household Care,3402,8904359345716
Comfort Extra Dishwash Liquid 250ml,SKU-04342,GST,18,33.33,43.57,222,Household Care,3402,8903360610132
Fortune Fresh Atta (Wheat Flour) 1kg,SKU-04343,GST,5,28.95,40.71,259,Flours,1101,8902684730816
Haldiram's Special Chocolate 40g,SKU-04344,GST,18,12.25,14.19,70,Snacks,1806,8900628958042
Patanjali Regular Chana Dal 1kg,SKU-04345,GST,5,125.22,164.5,274,Pulses,0713,8908392114367
Bingo Biscuits 200g,SKU-04346,GST,18,7.18,10.33,385,Snacks,1905,8904667668293
Apple Box,SKU-04347,Exempt,0,92.96,98.15,466,Fresh Produce,0801,8908774643850
Pepsi Extra Cola Drink 600ml,SKU-04348,GST+Cess,28,57.58,61.16,141,Beverages,2202,8905542835887
Sunsilk Regular Bathing Soap 100g,SKU-04349,GST,18,7.67,10.68,27,Personal Care,3401,8905479489830
Nestle Curd 200g,SKU-04350,GST,5,5.49,7.34,193,Dairy,0403,8903939856760
Potato 1kg,SKU-04351,Exempt,0,14.88,18.69,313,Fresh Produce,0701,8906548943380
Gemini Natural Groundnut Oil 5L,SKU-04352,GST,5,844.09,1153.06,327,Cooking Oils,1507,8901678047805
Garnier Organic Bathing Soap 150g,SKU-04353,GST,18,6.31,7.06,268,Personal Care,3401,8902491480874
Patanjali Regular Masoor Dal 500g,SKU-04354,GST,5,77.87,99.61,55,Pulses,0713,8900587686946
Banana Dozen,SKU-04355,Exempt,0,42.18,52.69,138,Fresh Produce,0801,8901787410566
Daawat Pro Sona Masoori Rice 25kg,SKU-04356,GST,5,468.94,571.71,482,Grains & Cereals,1006,8900257865357
Britannia Biscuits 100g,SKU-04357,GST,18,7.13,9.88,19,Snacks,1905,8903211245861
Nature Fresh Mustard Oil 5L,SKU-04358,GST,5,1104.39,1291.43,140,Cooking Oils,1507,8901851996832
Red Bull Active Tea 500g,SKU-04359,GST,5,215.67,305.63,430,Beverages,0902,8908908237105
Britannia Pro Potato Chips 30g,SKU-04360,GST,12,11.9,14.92,146,Snacks,2106,8907327224375
Red Bull Regular Energy Drink 250ml,SKU-04361,GST+Cess,28,32.14,38.17,204,Beverages,2202,8909718511477
Catch Fresh Tomato Ketchup 1kg,SKU-04362,GST,12,99.35,116.87,106,Condiments,2103,8908096278611
Red Bull Pro Cola Drink 300ml,SKU-04363,GST+Cess,28,52.58,69.64,148,Beverages,2202,8904026083588
Parle Fresh Namkeen/Bhujia 400g,SKU-04364,GST,12,88.97,104.29,440,Snacks,2106,8908584204954
Balaji Instant Noodles 560g,SKU-04365,GST,12,24.06,31.71,226,Snacks,1902,8907538668814
Gemini Active Sunflower Oil 15L,SKU-04366,GST,5,829.26,1141.51,446,Cooking Oils,1507,8903373326408
Milky Mist Select Paneer 500g,SKU-04367,GST,5,58.0,83.22,398,Dairy,0406,8902084273599
Gowardhan Special Paneer 200g,SKU-04368,GST,5,24.48,32.25,224,Dairy,0406,8904482961205
Local Classic Ghee 500ml,SKU-04369,GST,12,228.86,244.67,85,Dairy,0405,8904652122562
Rajdhani Toor Dal 500g,SKU-04370,GST,5,89.04,98.95,317,Pulses,0713,8902066545667
Apple 1kg,SKU-04371,Exempt,0,118.38,127.48,31,Fresh Produce,0801,8909557538825
Harpic Organic Dishwash Liquid 1L,SKU-04372,GST,18,116.52,143.74,57,Household Care,3402,8907185691178
Local Extra Milk 500ml,SKU-04373,Exempt,0,35.88,48.99,275,Dairy,0401,8906239378408
Colgate Extra Toothpaste 100g,SKU-04374,GST,18,7.35,8.73,210,Personal Care,3306,8902100047194
Onion 2kg,SKU-04375,Exempt,0,38.02,52.14,24,Fresh Produce,0701,8900370861463
Bikano Active Potato Chips 30g,SKU-04376,GST,12,9.6,11.21,116,Snacks,2106,8907837623147
Tomato Loose,SKU-04377,Exempt,0,58.16,78.46,457,Fresh Produce,0701,8906292669236
Amul Natural Butter 100g,SKU-04378,GST,12,6.11,8.54,133,Dairy,0405,8908763029862
Brooke Bond Fruit Juice 200ml,SKU-04379,GST,12,17.99,19.75,205,Beverages,2009,8908853591358
Aashirvaad Basmati Rice 5kg,SKU-04380,GST,5,734.11,986.26,233,Grains & Cereals,1006,8908882459198
Pepsi Fresh Coffee 50g,SKU-04381,GST,5,16.82,18.47,256,Beverages,0901,8902328823927
Rajdhani Fresh Masoor Dal 500g,SKU-04382,GST,5,91.85,113.79,195,Pulses,0713,8905440547553
Patanjali Fresh Basmati Rice 1kg,SKU-04383,GST,5,104.68,144.84,25,Grains & Cereals,1006,8907024991410
Harpic Dishwash Liquid 250ml,SKU-04384,GST,18,32.0,39.48,294,Household Care,3402,8906753600454
Sundrop Select Sunflower Oil 15L,SKU-04385,GST,5,491.71,685.75,122,Cooking Oils,1507,8907373269537
Milky Mist Organic Ghee 1L,SKU-04386,GST,12,663.18,822.69,491,Dairy,0405,8901226951436
Balaji Classic Chocolate 40g,SKU-04387,GST,18,12.77,18.47,372,Snacks,1806,8908534029708
Bingo Namkeen/Bhujia 200g,SKU-04388,GST,12,35.9,47.84,246,Snacks,2106,8900640137489
Ching's Sugar 1kg,SKU-04389,GST,5,72.91,102.95,199,Condiments,1701,8909246105993
Amul Select Curd 400g,SKU-04390,GST,5,46.63,60.32,18,Dairy,0403,8905051594906
Apple 1kg,SKU-04391,Exempt,0,139.69,202.35,241,Fresh Produce,0801,8900610500917
Britannia Paneer 200g,SKU-04392,GST,5,17.28,24.27,241,Dairy,0406,8907408988479
Patanjali Gold Garam Masala 50g,SKU-04393,GST,5,12.19,14.57,444,Spices,0904,8904516433982
Pepsi Cola Drink 600ml,SKU-04394,GST+Cess,28,65.15,90.17,499,Beverages,2202,8900097418868
Local Extra Butter 500g,SKU-04395,GST,12,34.06,37.07,350,Dairy,0405,8908872307557
Britannia Regular Biscuits 200g,SKU-04396,GST,18,8.38,11.68,134,Snacks,1905,8901300932206
24 Mantra Premium Chana Dal 500g,SKU-04397,GST,5,57.52,70.25,93,Pulses,0713,8909836194102
Red Bull Fruit Juice 200ml,SKU-04398,GST,12,23.03,31.1,356,Beverages,2009,8900264928031
Saffola Pro Mustard Oil 15L,SKU-04399,GST,5,595.89,728.38,333,Cooking Oils,1507,8908177292578
Aashirvaad Sona Masoori Rice 5kg,SKU-04400,GST,5,369.89,407.24,13,Grains & Cereals,1006,8905325260011
Thums Up Pro Energy Drink 250ml,SKU-04401,GST+Cess,28,47.01,53.96,13,Beverages,2202,8907388801221
Milky Mist Fresh Butter 500g,SKU-04402,GST,12,41.83,56.6,410,Dairy,0405,8906521010745
India Gate Classic Basmati Rice 10kg,SKU-04403,GST,5,630.88,894.2,45,Grains & Cereals,1006,8901971580851
Mother Dairy Premium Milk 1L,SKU-04404,Exempt,0,71.53,83.77,89,Dairy,0401,8902501128750
Lipton Cola Drink 2L,SKU-04405,GST+Cess,28,63.29,71.39,33,Beverages,2202,8909738079914
Lay's Regular Chocolate 100g,SKU-04406,GST,18,8.16,8.67,194,Snacks,1806,8901414688175
MDH Extra Turmeric Powder 100g,SKU-04407,GST,5,12.94,15.12,375,Spices,0904,8903591275362
Nutrela Classic Urad Dal 1kg,SKU-04408,GST,5,141.62,192.04,354,Pulses,0713,8903475091783
Emami Mustard Oil 1L,SKU-04409,GST,5,241.23,279.36,22,Cooking Oils,1507,8905858811855
Mother's Recipe Garam Masala 50g,SKU-04410,GST,5,9.43,11.6,246,Spices,0904,8906627106104
India Gate Premium Basmati Rice 5kg,SKU-04411,GST,5,527.06,747.59,380,Grains & Cereals,1006,8905386828159
Tata Tomato Ketchup 500g,SKU-04412,GST,12,113.79,149.15,292,Condiments,2103,8906169008534
Harpic Special Floor Cleaner 1L,SKU-04413,GST,18,76.68,93.97,499,Household Care,3402,8908144439446
Balaji Chocolate 100g,SKU-04414,GST,18,5.35,7.27,310,Snacks,1806,8905198138334
Odonil Select Dishwash Liquid 1L,SKU-04415,GST,18,139.54,164.31,177,Household Care,3402,8902992777713
Emami Groundnut Oil 1L,SKU-04416,GST,5,130.62,141.38,58,Cooking Oils,1507,8901378718797
Nivea Pro Shampoo 650ml,SKU-04417,GST,18,199.32,228.54,299,Personal Care,3305,8900772584009
Dove Pro Toothpaste 150g,SKU-04418,GST,18,5.26,7.62,144,Personal Care,3306,8906660506890
Local Pro Basmati Rice 10kg,SKU-04419,GST,5,1408.88,1772.87,389,Grains & Cereals,1006,8909737840704
Amul Organic Curd 200g,SKU-04420,GST,5,12.03,14.61,352,Dairy,0403,8901772379730
Haldiram's Natural Namkeen/Bhujia 400g,SKU-04421,GST,12,127.27,143.54,33,Snacks,2106,8901925186470
Patanjali Special Toor Dal 1kg,SKU-04422,GST,5,105.05,118.88,132,Pulses,0713,8907447156503
Brooke Bond Premium Tea 500g,SKU-04423,GST,5,97.86,112.8,268,Beverages,0902,8903826820120
Mother Dairy Active Ghee 1L,SKU-04424,GST,12,572.49,797.17,29,Dairy,0405,8907679575718
Mother's Recipe Extra Red Chilli Powder 100g,SKU-04425,GST,5,5.27,7.32,243,Spices,0904,8903658794923
Britannia Regular Curd 200g,SKU-04426,GST,5,5.32,7.55,329,Dairy,0403,8908178313571
Haldiram's Instant Noodles 140g,SKU-04427,GST,12,6.1,8.81,189,Snacks,1902,8908818837606
Banana Dozen,SKU-04428,Exempt,0,69.89,82.93,33,Fresh Produce,0801,8907584939178
Nestle Classic Cheese 400g,SKU-04429,GST,12,187.5,268.62,143,Dairy,0406,8904434028855
Cadbury Classic Potato Chips 30g,SKU-04430,GST,12,9.53,11.87,429,Snacks,2106,8906635790381
Tropicana Pro Energy Drink 250ml,SKU-04431,GST+Cess,28,21.1,26.1,379,Beverages,2202,8903865437011
Nestle Pro Butter 500g,SKU-04432,GST,12,35.13,43.34,74,Dairy,0405,8902497619348
Coca Cola Coffee 200g,SKU-04433,GST,5,56.1,63.88,16,Beverages,0901,8909862453115
Brooke Bond Active Coffee 200g,SKU-04434,GST,5,116.19,137.6,97,Beverages,0901,8907106846665
Patanjali Organic Turmeric Powder 500g,SKU-04435,GST,5,10.12,11.37,370,Spices,0904,8909103749736
Rajdhani Urad Dal 1kg,SKU-04436,GST,5,230.58,256.83,45,Pulses,0713,8902498764155
Red Bull Active Tea 1kg,SKU-04437,GST,5,208.33,239.42,477,Beverages,0902,8901913968390
Gowardhan Cheese 1kg,SKU-04438,GST,12,141.16,189.15,96,Dairy,0406,8900711350336
Ramdev Select Turmeric Powder 500g,SKU-04439,GST,5,18.77,23.42,110,Spices,0904,8906774473245
MDH Extra Garam Masala 100g,SKU-04440,GST,5,5.39,7.3,227,Spices,0904,8908472760412
Brooke Bond Energy Drink 330ml,SKU-04441,GST+Cess,28,90.35,98.13,304,Beverages,2202,8909444283963
Patanjali Classic Basmati Rice 25kg,SKU-04442,GST,5,731.51,858.87,304,Grains & Cereals,1006,8905547120073
Nestle Milk 500ml,SKU-04443,Exempt,0,43.2,48.49,77,Dairy,0401,8903997767532
Cadbury Regular Instant Noodles 140g,SKU-04444,GST,12,12.01,14.25,298,Snacks,1902,8900588419482
24 Mantra Regular Moong Dal 1kg,SKU-04445,GST,5,92.81,117.09,7,Pulses,0713,8903467006169
Patanjali Natural Atta (Wheat Flour) 5kg,SKU-04446,GST,5,242.36,257.32,358,Flours,1101,8906370721850
Balaji Biscuits 50g,SKU-04447,GST,18,7.48,7.99,149,Snacks,1905,8906498590175
Milky Mist Premium Cheese 200g,SKU-04448,GST,12,23.38,27.97,17,Dairy,0406,8904935781412
Coca Cola Gold Tea 250g,SKU-04449,GST,5,101.46,136.26,127,Beverages,0902,8903879283929
Gowardhan Curd 200g,SKU-04450,GST,5,10.79,14.5,46,Dairy,0403,8908740074326
Milky Mist Pro Cheese 200g,SKU-04451,GST,12,52.65,69.19,201,Dairy,0406,8900356729442
Nutrela Pro Chana Dal 1kg,SKU-04452,GST,5,147.92,164.62,221,Pulses,0713,8904728333432
Pantene Fresh Bathing Soap 75g,SKU-04453,GST,18,31.44,34.9,233,Personal Care,3401,8905617583441
Patanjali Tomato Ketchup 500g,SKU-04454,GST,12,104.41,138.67,379,Condiments,2103,8908192424129
Suhana Red Chilli Powder 200g,SKU-04455,GST,5,9.69,10.71,361,Spices,0904,8908320939749
Haldiram's Pro Biscuits 50g,SKU-04456,GST,18,9.08,11.13,193,Snacks,1905,8901455494444
Local Ghee 500ml,SKU-04457,GST,12,236.92,302.04,88,Dairy,0405,8903348337557
Garnier Bathing Soap 100g,SKU-04458,GST,18,5.44,5.91,309,Personal Care,3401,8903116531264
Emami Mustard Oil 15L,SKU-04459,GST,5,799.21,951.7,231,Cooking Oils,1507,8900571715918
Nature Fresh Natural Maida 500g,SKU-04460,GST,5,27.29,30.48,328,Flours,1101,8905501358410
Rin Organic Floor Cleaner 2L,SKU-04461,GST,18,79.15,111.45,230,Household Care,3402,8903202201738
Daawat Classic Basmati Rice 25kg,SKU-04462,GST,5,759.4,917.91,206,Grains & Cereals,1006,8908663070996
Patanjali Chana Dal 5kg,SKU-04463,GST,5,683.7,970.13,388,Pulses,0713,8909875681929
Bingo Gold Namkeen/Bhujia 1kg,SKU-04464,GST,12,63.6,67.24,321,Snacks,2106,8908493835093
Local Fresh Ghee 1L,SKU-04465,GST,12,420.68,562.7,315,Dairy,0405,8904863201306
Nutrela Fresh Masoor Dal 500g,SKU-04466,GST,5,48.89,63.08,491,Pulses,0713,8906911866411
Saffola Sunflower Oil 15L,SKU-04467,GST,5,589.12,783.92,347,Cooking Oils,1507,8904659239659
Pepsi Tea 250g,SKU-04468,GST,5,83.95,89.89,12,Beverages,0902,8900470322600
Pepsi Fresh Cola Drink 1.25L,SKU-04469,GST+Cess,28,327.16,354.1,360,Beverages,2202,8904973105388
Thums Up Regular Cola Drink 600ml,SKU-04470,GST+Cess,28,61.55,79.97,9,Beverages,2202,8904428236160
Amul Active Milk 1L,SKU-04471,Exempt,0,76.04,105.42,324,Dairy,0401,8903821210151
Tomato Loose,SKU-04472,Exempt,0,63.55,74.42,251,Fresh Produce,0701,8900420977663
Amul Select Paneer 200g,SKU-04473,GST,5,21.35,23.07,377,Dairy,0406,8904223653271
Nutrela Pro Toor Dal 1kg,SKU-04474,GST,5,197.13,234.28,251,Pulses,0713,8906233275094
Nutrela Urad Dal 1kg,SKU-04475,GST,5,122.77,153.24,477,Pulses,0713,8904936016168
Red Bull Tea 1kg,SKU-04476,GST,5,236.46,251.21,253,Beverages,0902,8903722575848
Samrat Regular Besan 500g,SKU-04477,GST,5,45.75,48.64,426,Flours,1101,8903898810295
Catch Fresh Garam Masala 50g,SKU-04478,GST,5,7.32,10.57,450,Spices,0904,8905862342234
Gowardhan Select Butter 200g,SKU-04479,GST,12,9.8,10.77,330,Dairy,0405,8904230566577
Everest Turmeric Powder 500g,SKU-04480,GST,5,11.26,14.7,187,Spices,0904,8901743421084
Nature Fresh Natural Besan 500g,SKU-04481,GST,5,56.81,69.54,215,Flours,1101,8904668026874
Bingo Regular Biscuits 50g,SKU-04482,GST,18,13.83,18.19,370,Snacks,1905,8906124768597
Smith & Jones Pro Salt 1kg,SKU-04483,Exempt,0,34.23,40.97,351,Condiments,2501,8900282774694
Colin Special Floor Cleaner 500ml,SKU-04484,GST,18,81.69,112.03,244,Household Care,3402,8906344782001
24 Mantra Sona Masoori Rice 25kg,SKU-04485,GST,5,279.9,397.55,447,Grains & Cereals,1006,8902813724204
Patanjali Special Turmeric Powder 100g,SKU-04486,GST,5,11.55,15.07,177,Spices,0904,8907267798300
Amul Classic Ghee 500ml,SKU-04487,GST,12,273.71,309.38,476,Dairy,0405,8907790012153
Fortune Classic Basmati Rice 10kg,SKU-04488,GST,5,1403.4,1817.08,194,Grains & Cereals,1006,8905062718106
Kohinoor Select Sona Masoori Rice 10kg,SKU-04489,GST,5,571.86,724.72,226,Grains & Cereals,1006,8906764629065
Banana Half Dozen,SKU-04490,Exempt,0,33.82,40.94,450,Fresh Produce,0801,8904737042141
Dhara Groundnut Oil 1L,SKU-04491,GST,5,215.07,306.89,389,Cooking Oils,1507,8908700098545
Apple Box,SKU-04492,Exempt,0,158.62,206.24,209,Fresh Produce,0801,8903381235433
Everest Active Red Chilli Powder 200g,SKU-04493,GST,5,6.18,7.71,216,Spices,0904,8900207073736
Everest Gold Turmeric Powder 100g,SKU-04494,GST,5,11.09,13.61,13,Spices,0904,8907904660055
Lay's Gold Potato Chips 150g,SKU-04495,GST,12,7.79,11.23,145,Snacks,2106,8904991615902
Parle Biscuits 200g,SKU-04496,GST,18,12.52,15.23,93,Snacks,1905,8902555741945
Dove Classic Bathing Soap Pack of 4,SKU-04497,GST,18,41.2,43.67,217,Personal Care,3401,8903409161693
Nandini Natural Curd 200g,SKU-04498,GST,5,8.37,9.76,411,Dairy,0403,8902804332644
Nutrela Moong Dal 1kg,SKU-04499,GST,5,96.58,113.08,144,Pulses,0713,8906152868159
Britannia Paneer 500g,SKU-04500,GST,5,45.4,61.31,327,Dairy,0406,8907949179060
Nivea Regular Shampoo 650ml,SKU-04501,GST,18,127.96,156.86,36,Personal Care,3305,8906029822489
Harpic Select Dishwash Liquid 250ml,SKU-04502,GST,18,24.47,35.4,254,Household Care,3402,8905965000219
Mother's Recipe Select Garam Masala 100g,SKU-04503,GST,5,8.51,10.45,338,Spices,0904,8904860165612
24 Mantra Active Urad Dal 1kg,SKU-04504,GST,5,138.51,200.71,182,Pulses,0713,8901251628026
Milky Mist Active Paneer 200g,SKU-04505,GST,5,31.89,45.24,344,Dairy,0406,8904746978513
MDH Organic Red Chilli Powder 500g,SKU-04506,GST,5,32.52,41.17,333,Spices,0904,8904463580027
Mother Dairy Regular Butter 200g,SKU-04507,GST,12,12.42,13.57,60,Dairy,0405,8902905888419
Aashirvaad Sona Masoori Rice 5kg,SKU-04508,GST,5,401.24,544.52,112,Grains & Cereals,1006,8901349460781
Lipton Active Fruit Juice 1L,SKU-04509,GST,12,81.93,105.35,125,Beverages,2009,8908522293114
Fortune Gold Basmati Rice 1kg,SKU-04510,GST,5,98.89,142.71,252,Grains & Cereals,1006,8909704998831
Tide Floor Cleaner 500ml,SKU-04511,GST,18,78.49,92.28,122,Household Care,3402,8909543284512
Nestle Fresh Chocolate 250g,SKU-04512,GST,18,16.12,21.42,476,Snacks,1806,8908431074914
Coca Cola Organic Cola Drink 2L,SKU-04513,GST+Cess,28,35.86,40.76,454,Beverages,2202,8900920188706
Himalaya Fresh Bathing Soap Pack of 4,SKU-04514,GST,18,30.19,38.59,421,Personal Care,3401,8904011628016
Tata Tea Natural Energy Drink 330ml,SKU-04515,GST+Cess,28,193.49,274.02,58,Beverages,2202,8909750772188
Haldiram's Instant Noodles 560g,SKU-04516,GST,12,23.76,28.28,33,Snacks,1902,8905655340026
Harpic Detergent Powder 500g,SKU-04517,GST,18,51.19,56.51,239,Household Care,3402,8907539954316
Mother Dairy Paneer 1kg,SKU-04518,GST,5,107.96,118.15,147,Dairy,0406,8902185929300
Local Active Chana Dal 1kg,SKU-04519,GST,5,78.52,100.72,216,Pulses,0713,8908976166118
Sundrop Classic Groundnut Oil 1L,SKU-04520,GST,5,144.52,152.92,298,Cooking Oils,1507,8902073786655
Colgate Special Shampoo 180ml,SKU-04521,GST,18,267.56,316.4,89,Personal Care,3305,8909034138651
Smith & Jones Natural Tomato Ketchup 1kg,SKU-04522,GST,12,169.62,188.19,253,Condiments,2103,8902590635931
Mother Dairy Extra Cheese 1kg,SKU-04523,GST,12,93.81,133.37,20,Dairy,0406,8909991299824
Tropicana Fresh Cola Drink 300ml,SKU-04524,GST+Cess,28,58.1,63.26,102,Beverages,2202,8905807710912
Apple Box,SKU-04525,Exempt,0,162.55,208.41,266,Fresh Produce,0801,8907959638453
Local Masoor Dal 1kg,SKU-04526,GST,5,130.15,142.57,218,Pulses,0713,8906230037363
Kissan Classic Tomato Ketchup 1kg,SKU-04527,GST,12,152.39,180.2,360,Condiments,2103,8908077833682
MDH Select Turmeric Powder 200g,SKU-04528,GST,5,7.1,10.02,432,Spices,0904,8905575310026
Mother's Recipe Pro Red Chilli Powder 200g,SKU-04529,GST,5,10.69,13.13,41,Spices,0904,8904891255291
Lizol Fresh Detergent Powder 1kg,SKU-04530,GST,18,187.2,257.91,295,Household Care,3402,8904474015866
Bru Cola Drink 600ml,SKU-04531,GST+Cess,28,63.3,75.6,174,Beverages,2202,8902832402308
Bikano Pro Potato Chips 30g,SKU-04532,GST,12,12.46,14.49,320,Snacks,2106,8907150102394
Milky Mist Active Curd 1kg,SKU-04533,GST,5,43.2,55.54,36,Dairy,0403,8909401774919
Fortune Select Basmati Rice 5kg,SKU-04534,GST,5,571.48,787.09,62,Grains & Cereals,1006,8900967024911
Suhana Turmeric Powder 200g,SKU-04535,GST,5,8.8,11.94,242,Spices,0904,8906297467930
Harpic Regular Dishwash Liquid 250ml,SKU-04536,GST,18,34.57,46.46,253,Household Care,3402,8908219279006
Thums Up Fruit Juice 1L,SKU-04537,GST,12,101.96,128.79,491,Beverages,2009,8903457635873
Mother Dairy Fresh Paneer 200g,SKU-04538,GST,5,22.05,29.58,97,Dairy,0406,8905867456443
Nandini Curd 200g,SKU-04539,GST,5,6.16,8.31,482,Dairy,0403,8906136823329
Surf Excel Select Floor Cleaner 2L,SKU-04540,GST,18,177.89,187.06,269,Household Care,3402,8904674072480
Ariel Floor Cleaner 2L,SKU-04541,GST,18,138.65,179.13,57,Household Care,3402,8907908481527
MDH Extra Garam Masala 50g,SKU-04542,GST,5,6.62,7.8,12,Spices,0904,8907361320406
Pillsbury Fresh Besan 500g,SKU-04543,GST,5,43.35,56.66,53,Flours,1101,8909799111307
Samrat Gold Maida 1kg,SKU-04544,GST,5,71.0,96.55,365,Flours,1101,8906719796978
Banana Dozen,SKU-04545,Exempt,0,44.71,48.64,143,Fresh Produce,0801,8901682659700
Suhana Regular Garam Masala 50g,SKU-04546,GST,5,6.38,6.89,376,Spices,0904,8902151970962
Patanjali Tomato Ketchup 500g,SKU-04547,GST,12,80.67,111.54,498,Condiments,2103,8909928426786
Local Premium Milk 1L,SKU-04548,Exempt,0,52.82,66.91,478,Dairy,0401,8901206126873
Tata Tea Organic Tea 250g,SKU-04549,GST,5,62.05,81.96,433,Beverages,0902,8908771589278
Gowardhan Extra Paneer 1kg,SKU-04550,GST,5,108.44,124.0,372,Dairy,0406,8909919793686
Fortune Special Moong Dal 500g,SKU-04551,GST,5,51.11,72.26,73,Pulses,0713,8906109128277
24 Mantra Extra Masoor Dal 5kg,SKU-04552,GST,5,436.91,557.81,291,Pulses,0713,8903767326426
Pantene Shampoo 340ml,SKU-04553,GST,18,139.93,151.79,478,Personal Care,3305,8902352794340
Catch Active Tomato Ketchup 1kg,SKU-04554,GST,12,185.29,230.52,228,Condiments,2103,8904784860564
Nandini Premium Curd 200g,SKU-04555,GST,5,8.56,10.33,403,Dairy,0403,8900297294513
Emami Classic Mustard Oil 1L,SKU-04556,GST,5,109.73,126.65,271,Cooking Oils,1507,8900681065950
Samrat Active Atta (Wheat Flour) 1kg,SKU-04557,GST,5,46.92,67.65,248,Flours,1101,8905054322602
Pepsi Tea 500g,SKU-04558,GST,5,239.05,339.15,150,Beverages,0902,8900683759458
Red Bull Active Tea 250g,SKU-04559,GST,5,58.44,61.79,331,Beverages,0902,8901056400674
Britannia Paneer 1kg,SKU-04560,GST,5,99.58,117.23,72,Dairy,0406,8904087415507
Sundrop Organic Sunflower Oil 5L,SKU-04561,GST,5,597.19,716.92,131,Cooking Oils,1507,8909214819642
Local Select Moong Dal 500g,SKU-04562,GST,5,101.84,123.25,153,Pulses,0713,8905191600222
Patanjali Red Chilli Powder 500g,SKU-04563,GST,5,23.91,30.81,85,Spices,0904,8906624341781
Patanjali Classic Urad Dal 5kg,SKU-04564,GST,5,805.53,1072.92,204,Pulses,0713,8905861469211
Lay's Potato Chips 150g,SKU-04565,GST,12,12.51,15.53,51,Snacks,2106,8902287670444
Brooke Bond Tea 1kg,SKU-04566,GST,5,330.31,433.95,121,Beverages,0902,8909040808628
Rin Special Floor Cleaner 1L,SKU-04567,GST,18,139.78,152.42,99,Household Care,3402,8907093191212
Patanjali Special Sunflower Oil 1L,SKU-04568,GST,5,112.3,123.97,152,Cooking Oils,1507,8901266620685
Smith & Jones Premium Sugar 1kg,SKU-04569,GST,5,66.55,83.59,174,Condiments,1701,8904111120150
Nestle Special Ghee 500ml,SKU-04570,GST,12,304.26,416.11,373,Dairy,0405,8902771410452
Pepsi Cola Drink 2L,SKU-04571,GST+Cess,28,40.77,49.85,486,Beverages,2202,8908090495260
Saffola Sunflower Oil 15L,SKU-04572,GST,5,1010.58,1397.14,380,Cooking Oils,1507,8906413728112
Nandini Select Cheese 200g,SKU-04573,GST,12,29.65,37.46,489,Dairy,0406,8903668029554
Real Special Energy Drink 330ml,SKU-04574,GST+Cess,28,176.43,251.21,443,Beverages,2202,8906570056284
Nutrela Active Chana Dal 500g,SKU-04575,GST,5,68.5,72.82,481,Pulses,0713,8908116096293
Bingo Namkeen/Bhujia 1kg,SKU-04576,GST,12,64.05,77.04,171,Snacks,2106,8901003749212
Tomato 500g,SKU-04577,Exempt,0,34.24,36.45,360,Fresh Produce,0701,8907757155562
Rin Select Dishwash Liquid 1L,SKU-04578,GST,18,99.71,117.01,214,Household Care,3402,8909145785909
Saffola Sunflower Oil 15L,SKU-04579,GST,5,988.28,1049.14,165,Cooking Oils,1507,8909905603266
Britannia Regular Butter 500g,SKU-04580,GST,12,20.91,22.77,441,Dairy,0405,8903087033024
Mother's Recipe Turmeric Powder 200g,SKU-04581,GST,5,8.94,12.05,288,Spices,0904,8908706410809
Lux Shampoo 180ml,SKU-04582,GST,18,213.2,300.35,319,Personal Care,3305,8906722485515
Colgate Fresh Bathing Soap 75g,SKU-04583,GST,18,34.44,49.78,411,Personal Care,3401,8909171003570
Gemini Natural Sunflower Oil 15L,SKU-04584,GST,5,1013.92,1327.31,162,Cooking Oils,1507,8909437475063
Kissan Pro Sugar 1kg,SKU-04585,GST,5,56.61,75.78,197,Condiments,1701,8909341152564
Nestle Classic Paneer 500g,SKU-04586,GST,5,51.68,71.67,113,Dairy,0406,8903054069651
Patanjali Moong Dal 500g,SKU-04587,GST,5,108.27,137.85,238,Pulses,0713,8902563930092
Tide Gold Detergent Powder 1kg,SKU-04588,GST,18,96.06,119.06,193,Household Care,3402,8905367317421
Britannia Regular Paneer 200g,SKU-04589,GST,5,30.85,42.17,302,Dairy,0406,8902693609970
Nescafe Extra Tea 1kg,SKU-04590,GST,5,275.09,314.44,17,Beverages,0902,8903986886359
Tata Sampann Natural Chana Dal 500g,SKU-04591,GST,5,35.17,48.13,449,Pulses,0713,8905674537709
Maggi Active Sugar 1kg,SKU-04592,GST,5,49.67,56.29,402,Condiments,1701,8905160312191
Rajdhani Fresh Urad Dal 500g,SKU-04593,GST,5,92.61,100.16,174,Pulses,0713,8904032741546
Fortune Extra Toor Dal 500g,SKU-04594,GST,5,85.22,94.23,74,Pulses,0713,8907192074411
Local Chana Dal 5kg,SKU-04595,GST,5,380.15,524.56,371,Pulses,0713,8907832845381
Mother Dairy Cheese 1kg,SKU-04596,GST,12,141.27,151.57,142,Dairy,0406,8900098936870
Banana Dozen,SKU-04597,Exempt,0,69.84,92.72,277,Fresh Produce,0801,8904744000543
Lux Pro Toothpaste 200g,SKU-04598,GST,18,10.5,14.02,218,Personal Care,3306,8904923272445
Onion 1kg,SKU-04599,Exempt,0,36.88,48.37,495,Fresh Produce,0701,8909952325377
Sunsilk Pro Toothpaste 100g,SKU-04600,GST,18,8.43,11.41,37,Personal Care,3306,8906484351454
Lizol Detergent Powder 500g,SKU-04601,GST,18,49.1,58.29,262,Household Care,3402,8905558859918
Haldiram's Organic Namkeen/Bhujia 200g,SKU-04602,GST,12,24.38,32.27,134,Snacks,2106,8904995853911
Banana Dozen,SKU-04603,Exempt,0,64.09,71.01,433,Fresh Produce,0801,8901216176251
Parle Regular Namkeen/Bhujia 200g,SKU-04604,GST,12,28.07,31.14,331,Snacks,2106,8909833126528
Amul Paneer 200g,SKU-04605,GST,5,20.24,28.16,452,Dairy,0406,8909888710548
Tata Sampann Natural Chana Dal 1kg,SKU-04606,GST,5,149.37,205.16,455,Pulses,0713,8900086665815
Nature Fresh Active Atta (Wheat Flour) 5kg,SKU-04607,GST,5,165.24,231.39,399,Flours,1101,8903936469549
Vim Extra Detergent Powder 1kg,SKU-04608,GST,18,175.79,248.0,468,Household Care,3402,8902054888507
Pillsbury Atta (Wheat Flour) 5kg,SKU-04609,GST,5,261.37,317.17,343,Flours,1101,8909077269252
Pillsbury Atta (Wheat Flour) 1kg,SKU-04610,GST,5,46.39,57.1,461,Flours,1101,8902507012008
Tata Sampann Extra Chana Dal 1kg,SKU-04611,GST,5,155.74,195.85,87,Pulses,0713,8902272485993
Banana Half Dozen,SKU-04612,Exempt,0,48.71,67.17,481,Fresh Produce,0801,8907340538676
Mother's Recipe Fresh Garam Masala 50g,SKU-04613,GST,5,13.89,19.13,231,Spices,0904,8909672803671
Odonil Organic Floor Cleaner 2L,SKU-04614,GST,18,145.28,195.63,427,Household Care,3402,8900123578223
Himalaya Bathing Soap 150g,SKU-04615,GST,18,14.25,16.22,29,Personal Care,3401,8906262953644
Banana Half Dozen,SKU-04616,Exempt,0,47.37,61.75,178,Fresh Produce,0801,8909941883680
Sprite Fresh Energy Drink 250ml,SKU-04617,GST+Cess,28,24.28,29.76,204,Beverages,2202,8904481755253
Bikano Pro Chocolate 250g,SKU-04618,GST,18,19.26,27.48,169,Snacks,1806,8902500308973
Tropicana Pro Tea 250g,SKU-04619,GST,5,76.09,95.67,33,Beverages,0902,8903321583630
Daawat Sona Masoori Rice 10kg,SKU-04620,GST,5,859.63,1050.18,143,Grains & Cereals,1006,8903604898833
Aashirvaad Sugar 1kg,SKU-04621,GST,5,67.75,79.72,226,Condiments,1701,8900947188806
Odonil Extra Detergent Powder 4kg,SKU-04622,GST,18,93.5,134.58,48,Household Care,3402,8909142967307
24 Mantra Toor Dal 5kg,SKU-04623,GST,5,1017.37,1287.42,198,Pulses,0713,8904610781277
Kurkure Regular Chocolate 250g,SKU-04624,GST,18,15.23,17.97,449,Snacks,1806,8905898823916
Tide Classic Floor Cleaner 1L,SKU-04625,GST,18,102.32,111.56,494,Household Care,3402,8901856233383
Nestle Pro Curd 400g,SKU-04626,GST,5,40.17,42.74,236,Dairy,0403,8902470941951
India Gate Select Sona Masoori Rice 25kg,SKU-04627,GST,5,305.26,338.49,311,Grains & Cereals,1006,8900035920570
Lay's Active Biscuits 200g,SKU-04628,GST,18,12.07,13.42,128,Snacks,1905,8900307837164
Milky Mist Ghee 5L,SKU-04629,GST,12,1946.62,2535.07,185,Dairy,0405,8907981233160
India Gate Extra Sona Masoori Rice 5kg,SKU-04630,GST,5,329.17,463.24,45,Grains & Cereals,1006,8901402153080
Tata Sampann Chana Dal 500g,SKU-04631,GST,5,80.56,86.91,461,Pulses,0713,8907812893323
Rajdhani Active Moong Dal 1kg,SKU-04632,GST,5,171.32,231.84,110,Pulses,0713,8901778162142
Tropicana Tea 500g,SKU-04633,GST,5,147.46,203.87,249,Beverages,0902,8906214163502
Banana Dozen,SKU-04634,Exempt,0,67.9,81.54,66,Fresh Produce,0801,8901410645582
Tomato 500g,SKU-04635,Exempt,0,33.71,44.73,407,Fresh Produce,0701,8904451619465
Local Active Besan 500g,SKU-04636,GST,5,36.17,45.38,246,Flours,1101,8909832323677
Potato 1kg,SKU-04637,Exempt,0,35.69,42.53,401,Fresh Produce,0701,8901701358812
Britannia Extra Curd 400g,SKU-04638,GST,5,53.88,62.27,300,Dairy,0403,8909308713016
Amul Regular Milk 500ml,SKU-04639,Exempt,0,40.51,45.47,448,Dairy,0401,8901261090610
Tide Floor Cleaner 2L,SKU-04640,GST,18,121.88,173.82,445,Household Care,3402,8909778034931
Suhana Fresh Red Chilli Powder 500g,SKU-04641,GST,5,28.2,33.04,125,Spices,0904,8905574908574
Brooke Bond Coffee 100g,SKU-04642,GST,5,29.45,34.86,154,Beverages,0901,8908964322469
Salt 500g,SKU-04643,Exempt,0,18.84,24.27,220,Condiments,2501,8900993263430
Balaji Pro Chocolate 100g,SKU-04644,GST,18,7.83,8.64,15,Snacks,1806,8901521738101
Pepsodent Shampoo 650ml,SKU-04645,GST,18,144.34,163.43,325,Personal Care,3305,8902471525899
Britannia Natural Chocolate 100g,SKU-04646,GST,18,8.26,9.3,391,Snacks,1806,8906972818858
Tata Sampann Natural Toor Dal 1kg,SKU-04647,GST,5,220.11,256.57,47,Pulses,0713,8909085734698
Lizol Floor Cleaner 2L,SKU-04648,GST,18,107.37,136.36,309,Household Care,3402,8907015422709
Patanjali Groundnut Oil 5L,SKU-04649,GST,5,1438.58,1975.84,85,Cooking Oils,1507,8900053688908
Britannia Natural Namkeen/Bhujia 400g,SKU-04650,GST,12,83.59,111.66,489,Snacks,2106,8903820187767
Ariel Organic Dishwash Liquid 250ml,SKU-04651,GST,18,34.33,49.5,378,Household Care,3402,8901153091270
Suhana Garam Masala 100g,SKU-04652,GST,5,14.73,17.88,416,Spices,0904,8902724470996
Bru Premium Tea 500g,SKU-04653,GST,5,164.84,201.55,124,Beverages,0902,8909252655575
Tata Sampann Regular Garam Masala 50g,SKU-04654,GST,5,13.53,14.25,450,Spices,0904,8905655530407
Fortune Fresh Moong Dal 5kg,SKU-04655,GST,5,739.52,823.19,343,Pulses,0713,8907075933592
Fortune Chana Dal 500g,SKU-04656,GST,5,50.97,64.82,71,Pulses,0713,8903289017106
24 Mantra Regular Sona Masoori Rice 1kg,SKU-04657,GST,5,78.0,98.19,305,Grains & Cereals,1006,8903839543457
Ariel Dishwash Liquid 250ml,SKU-04658,GST,18,20.27,27.84,393,Household Care,3402,8908405887049
Nandini Natural Milk 1L,SKU-04659,Exempt,0,42.14,56.72,172,Dairy,0401,8901950962334
Tata Sampann Extra Moong Dal 5kg,SKU-04660,GST,5,1016.12,1371.03,295,Pulses,0713,8903898333378
Nescafe Natural Coffee 200g,SKU-04661,GST,5,79.43,100.06,172,Beverages,0901,8908299895981
Patanjali Premium Chana Dal 5kg,SKU-04662,GST,5,456.11,591.13,39,Pulses,0713,8905567464227
India Gate Sona Masoori Rice 1kg,SKU-04663,GST,5,57.82,67.49,24,Grains & Cereals,1006,8904870428048
Bikano Select Instant Noodles 140g,SKU-04664,GST,12,7.7,9.38,105,Snacks,1902,8907799380470
Nandini Fresh Curd 200g,SKU-04665,GST,5,13.42,16.4,10,Dairy,0403,8904919179970
Sundrop Sunflower Oil 15L,SKU-04666,GST,5,540.37,571.81,31,Cooking Oils,1507,8902713622557
Bru Premium Cola Drink 300ml,SKU-04667,GST+Cess,28,38.97,42.92,42,Beverages,2202,8901388691866
Potato Loose,SKU-04668,Exempt,0,15.76,21.3,169,Fresh Produce,0701,8907241685845
Rin Dishwash Liquid 1L,SKU-04669,GST,18,105.86,132.69,343,Household Care,3402,8901053405347
Patanjali Fresh Chana Dal 500g,SKU-04670,GST,5,36.92,46.74,398,Pulses,0713,8900799345651
Aashirvaad Pro Maida 1kg,SKU-04671,GST,5,50.72,70.1,441,Flours,1101,8905339625999
Local Pro Milk 500ml,SKU-04672,Exempt,0,33.8,39.78,451,Dairy,0401,8902737226386
Local Curd 200g,SKU-04673,GST,5,9.89,11.15,285,Dairy,0403,8903581781052
Local Premium Urad Dal 1kg,SKU-04674,GST,5,117.88,145.16,334,Pulses,0713,8908354211357
Britannia Select Instant Noodles 70g,SKU-04675,GST,12,24.61,28.76,35,Snacks,1902,8905799798431
Dhara Sunflower Oil 1L,SKU-04676,GST,5,177.83,230.96,61,Cooking Oils,1507,8900746550653
Tomato 500g,SKU-04677,Exempt,0,16.02,20.26,212,Fresh Produce,0701,8905232042042
Milky Mist Premium Ghee 1L,SKU-04678,GST,12,493.89,621.7,156,Dairy,0405,8908501367245
Potato 1kg,SKU-04679,Exempt,0,32.61,41.13,463,Fresh Produce,0701,8908752193269
Rajdhani Urad Dal 5kg,SKU-04680,GST,5,647.12,705.11,69,Pulses,0713,8909120976583
Head & Shoulders Regular Bathing Soap Pack of 3,SKU-04681,GST,18,49.29,69.82,459,Personal Care,3401,8907862089279
Parle Fresh Namkeen/Bhujia 1kg,SKU-04682,GST,12,78.07,88.63,296,Snacks,2106,8904807426890
Local Classic Curd 400g,SKU-04683,GST,5,24.15,29.97,147,Dairy,0403,8907503168157
Aashirvaad Select Sona Masoori Rice 25kg,SKU-04684,GST,5,431.74,568.94,316,Grains & Cereals,1006,8906801200390
Thums Up Cola Drink 300ml,SKU-04685,GST+Cess,28,60.09,79.22,231,Beverages,2202,8906595440888
Real Fresh Fruit Juice 200ml,SKU-04686,GST,12,39.57,44.12,474,Beverages,2009,8909304180848
Nestle Select Butter 100g,SKU-04687,GST,12,6.97,7.47,405,Dairy,0405,8908738432215
Patanjali Fresh Sugar 5kg,SKU-04688,GST,5,384.55,539.34,253,Condiments,1701,8906825238154
Bru Pro Tea 250g,SKU-04689,GST,5,98.02,126.71,187,Beverages,0902,8905755383506
Nature Fresh Fresh Mustard Oil 1L,SKU-04690,GST,5,220.03,302.73,464,Cooking Oils,1507,8907443297920
Daawat Regular Basmati Rice 5kg,SKU-04691,GST,5,669.42,765.8,386,Grains & Cereals,1006,8907032288897
Apple Box,SKU-04692,Exempt,0,73.34,95.64,76,Fresh Produce,0801,8900610841069
Nivea Shampoo 340ml,SKU-04693,GST,18,218.35,269.62,101,Personal Care,3305,8902386377364
Mother Dairy Ghee 1L,SKU-04694,GST,12,534.04,772.04,442,Dairy,0405,8907228043691
Ramdev Fresh Garam Masala 50g,SKU-04695,GST,5,5.53,7.91,279,Spices,0904,8906919180981
Bru Special Tea 500g,SKU-04696,GST,5,202.39,270.3,400,Beverages,0902,8905370041023
Samrat Maida 500g,SKU-04697,GST,5,27.62,39.37,40,Flours,1101,8906927703893
Ariel Natural Detergent Powder 4kg,SKU-04698,GST,18,209.55,275.37,500,Household Care,3402,8906490365716
Pepsi Active Cola Drink 2L,SKU-04699,GST+Cess,28,53.95,61.43,312,Beverages,2202,8900101855405
Bru Coffee 100g,SKU-04700,GST,5,44.45,47.08,117,Beverages,0901,8908171747490
Sprite Natural Tea 250g,SKU-04701,GST,5,53.55,64.15,125,Beverages,0902,8907362305762
Surf Excel Dishwash Liquid 1L,SKU-04702,GST,18,70.66,100.05,424,Household Care,3402,8909318585218
Catch Natural Red Chilli Powder 200g,SKU-04703,GST,5,11.91,16.93,114,Spices,0904,8909487422434
Haldiram's Fresh Potato Chips 150g,SKU-04704,GST,12,6.43,8.69,304,Snacks,2106,8902634448304
Amul Select Curd 400g,SKU-04705,GST,5,32.13,44.86,471,Dairy,0403,8908960193772
Britannia Special Biscuits 100g,SKU-04706,GST,18,5.06,6.19,383,Snacks,1905,8908073457107
Local Premium Paneer 1kg,SKU-04707,GST,5,91.93,109.46,438,Dairy,0406,8900264722314
Ramdev Classic Turmeric Powder 100g,SKU-04708,GST,5,14.16,17.1,254,Spices,0904,8909667581343
Local Chana Dal 1kg,SKU-04709,GST,5,155.85,191.19,384,Pulses,0713,8906236966378
MDH Premium Red Chilli Powder 100g,SKU-04710,GST,5,6.82,9.78,323,Spices,0904,8907767404950
Aashirvaad Gold Sugar 5kg,SKU-04711,GST,5,329.25,425.23,346,Condiments,1701,8901155652927
Pepsodent Fresh Shampoo 180ml,SKU-04712,GST,18,171.87,198.23,286,Personal Care,3305,8900467793383
Bingo Classic Potato Chips 150g,SKU-04713,GST,12,14.49,18.46,497,Snacks,2106,8902631413503
Odonil Dishwash Liquid 500ml,SKU-04714,GST,18,77.91,91.57,158,Household Care,3402,8901201190677
Samrat Pro Maida 1kg,SKU-04715,GST,5,65.0,80.07,398,Flours,1101,8904761155849
Colgate Shampoo 180ml,SKU-04716,GST,18,249.2,262.63,270,Personal Care,3305,8901105212407
Tata Sampann Red Chilli Powder 200g,SKU-04717,GST,5,9.76,13.32,319,Spices,0904,8908664533837
Nature Fresh Classic Maida 500g,SKU-04718,GST,5,39.24,54.12,428,Flours,1101,8904760310777
Local Natural Sona Masoori Rice 5kg,SKU-04719,GST,5,384.68,444.5,143,Grains & Cereals,1006,8904127579880
24 Mantra Classic Basmati Rice 5kg,SKU-04720,GST,5,594.29,825.28,105,Grains & Cereals,1006,8905251209875
Nature Fresh Sunflower Oil 15L,SKU-04721,GST,5,719.11,961.65,10,Cooking Oils,1507,8904758701280
Parle Fresh Biscuits 50g,SKU-04722,GST,18,14.28,20.02,205,Snacks,1905,8903861010830
Britannia Special Paneer 200g,SKU-04723,GST,5,30.55,40.32,75,Dairy,0406,8907800560886
Patanjali Sona Masoori Rice 1kg,SKU-04724,GST,5,51.26,64.99,420,Grains & Cereals,1006,8901944746905
Sprite Natural Coffee 50g,SKU-04725,GST,5,15.93,21.39,399,Beverages,0901,8908395768538
Lay's Special Chocolate 40g,SKU-04726,GST,18,11.99,13.13,182,Snacks,1806,8901786318927
Tropicana Cola Drink 1.25L,SKU-04727,GST+Cess,28,242.65,324.92,296,Beverages,2202,8906737995688
Onion 5kg,SKU-04728,Exempt,0,156.06,171.26,200,Fresh Produce,0701,8903487864801
Apple Loose,SKU-04729,Exempt,0,125.62,172.1,76,Fresh Produce,0801,8906410220583
Patanjali Masoor Dal 1kg,SKU-04730,GST,5,154.9,195.06,361,Pulses,0713,8908352627382
Tata Sampann Garam Masala 50g,SKU-04731,GST,5,9.56,11.56,192,Spices,0904,8900917926119
Colin Classic Floor Cleaner 2L,SKU-04732,GST,18,136.99,161.7,228,Household Care,3402,8900699323236
Red Bull Coffee 50g,SKU-04733,GST,5,26.38,34.95,374,Beverages,0901,8900197311120
Local Pro Ghee 500ml,SKU-04734,GST,12,226.85,260.16,39,Dairy,0405,8907419938927
Nature Fresh Premium Besan 1kg,SKU-04735,GST,5,95.67,113.29,207,Flours,1101,8903546923266
Milky Mist Butter 100g,SKU-04736,GST,12,10.65,15.32,424,Dairy,0405,8903907426633
Thums Up Pro Fruit Juice 200ml,SKU-04737,GST,12,21.57,30.22,18,Beverages,2009,8900237060931
Tata Sampann Natural Chana Dal 1kg,SKU-04738,GST,5,131.35,151.0,62,Pulses,0713,8902393381894
Nature Fresh Sunflower Oil 15L,SKU-04739,GST,5,625.77,677.38,405,Cooking Oils,1507,8905238589725
Potato 5kg,SKU-04740,Exempt,0,90.92,100.3,354,Fresh Produce,0701,8903709031346
Rajdhani Premium Urad Dal 500g,SKU-04741,GST,5,105.3,124.42,440,Pulses,0713,8903395833265
Onion Loose,SKU-04742,Exempt,0,53.99,58.21,162,Fresh Produce,0701,8908936459030
Apple 1kg,SKU-04743,Exempt,0,141.78,198.73,150,Fresh Produce,0801,8906806065612
Local Curd 400g,SKU-04744,GST,5,25.58,31.08,97,Dairy,0403,8903406887727
Gemini Sunflower Oil 15L,SKU-04745,GST,5,649.97,837.21,253,Cooking Oils,1507,8900734218089
Rin Detergent Powder 500g,SKU-04746,GST,18,113.09,146.12,74,Household Care,3402,8903799534205
Tata Sampann Premium Turmeric Powder 500g,SKU-04747,GST,5,24.18,27.56,188,Spices,0904,8902675652980
Gemini Classic Groundnut Oil 15L,SKU-04748,GST,5,1364.09,1649.05,9,Cooking Oils,1507,8900460510019
Odonil Premium Floor Cleaner 1L,SKU-04749,GST,18,75.11,103.02,290,Household Care,3402,8907264627167
Dhara Extra Mustard Oil 1L,SKU-04750,GST,5,186.33,264.39,379,Cooking Oils,1507,8905415723974
Patanjali Select Basmati Rice 25kg,SKU-04751,GST,5,373.29,440.53,306,Grains & Cereals,1006,8901995974651
Sunfeast Namkeen/Bhujia 400g,SKU-04752,GST,12,115.95,139.11,113,Snacks,2106,8901603288894
Pepsodent Shampoo 650ml,SKU-04753,GST,18,197.08,282.4,160,Personal Care,3305,8901726352882
Tata Tea Fresh Fruit Juice 200ml,SKU-04754,GST,12,20.18,22.74,344,Beverages,2009,8900252002989
Potato 1kg,SKU-04755,Exempt,0,26.63,33.79,282,Fresh Produce,0701,8907825346709
Parle Potato Chips 150g,SKU-04756,GST,12,11.5,15.54,41,Snacks,2106,8906131217888
Colin Gold Floor Cleaner 2L,SKU-04757,GST,18,117.8,132.35,221,Household Care,3402,8906987422338
Rajdhani Chana Dal 1kg,SKU-04758,GST,5,69.77,86.11,378,Pulses,0713,8905495711704
Kurkure Gold Instant Noodles 280g,SKU-04759,GST,12,15.4,17.36,67,Snacks,1902,8904518313218
Nestle Classic Curd 400g,SKU-04760,GST,5,30.96,39.73,473,Dairy,0403,8905610072607
Salt 1kg,SKU-04761,Exempt,0,28.1,34.28,22,Condiments,2501,8900584451282
Lipton Organic Tea 1kg,SKU-04762,GST,5,393.15,553.33,322,Beverages,0902,8908116649724
Red Bull Active Cola Drink 600ml,SKU-04763,GST+Cess,28,41.89,54.06,258,Beverages,2202,8904859133759
Lay's Organic Potato Chips 30g,SKU-04764,GST,12,10.52,14.33,111,Snacks,2106,8908818716946
Patanjali Garam Masala 100g,SKU-04765,GST,5,9.05,11.72,390,Spices,0904,8902924768072
Sundrop Sunflower Oil 15L,SKU-04766,GST,5,629.05,819.65,102,Cooking Oils,1507,8901546367621
Samrat Atta (Wheat Flour) 1kg,SKU-04767,GST,5,34.49,40.15,367,Flours,1101,8909447272455
Colgate Shampoo 340ml,SKU-04768,GST,18,232.3,290.33,39,Personal Care,3305,8901948933363
Cadbury Premium Instant Noodles 560g,SKU-04769,GST,12,24.93,29.29,144,Snacks,1902,8907159977194
Sunsilk Extra Bathing Soap 150g,SKU-04770,GST,18,11.17,12.08,24,Personal Care,3401,8909774184126
Nutrela Special Toor Dal 500g,SKU-04771,GST,5,125.86,144.59,190,Pulses,0713,8902932276973
Comfort Special Dishwash Liquid 250ml,SKU-04772,GST,18,31.28,35.1,266,Household Care,3402,8906453261691
Maggi Organic Tomato Ketchup 500g,SKU-04773,GST,12,71.26,79.47,233,Condiments,2103,8909180554700
Lizol Floor Cleaner 2L,SKU-04774,GST,18,123.31,141.14,372,Household Care,3402,8900296205633
Maggi Sugar 1kg,SKU-04775,GST,5,51.7,69.84,450,Condiments,1701,8902712882631
Potato 5kg,SKU-04776,Exempt,0,106.68,154.46,28,Fresh Produce,0701,8907748816820
Fortune Moong Dal 500g,SKU-04777,GST,5,52.85,76.62,253,Pulses,0713,8903177427894
24 Mantra Pro Sona Masoori Rice 25kg,SKU-04778,GST,5,287.14,354.47,261,Grains & Cereals,1006,8901406505809
Head & Shoulders Regular Bathing Soap 100g,SKU-04779,GST,18,7.98,8.53,317,Personal Care,3401,8904887534073
Patanjali Basmati Rice 10kg,SKU-04780,GST,5,1373.88,1723.68,298,Grains & Cereals,1006,8903228171082
Mother Dairy Organic Ghee 5L,SKU-04781,GST,12,1828.14,2067.91,296,Dairy,0405,8907759336783
Nature Fresh Organic Mustard Oil 5L,SKU-04782,GST,5,899.99,1187.14,214,Cooking Oils,1507,8907813823119
Mother's Recipe Turmeric Powder 500g,SKU-04783,GST,5,19.78,24.35,346,Spices,0904,8908335663882
Lipton Fruit Juice 200ml,SKU-04784,GST,12,17.74,21.46,352,Beverages,2009,8909777730842
Sunfeast Classic Potato Chips 80g,SKU-04785,GST,12,23.91,29.29,330,Snacks,2106,8902368104636
Lifebuoy Premium Shampoo 180ml,SKU-04786,GST,18,119.49,170.18,421,Personal Care,3305,8904612149122
Thums Up Energy Drink 330ml,SKU-04787,GST+Cess,28,99.9,131.41,138,Beverages,2202,8901949265118
Fortune Premium Sunflower Oil 1L,SKU-04788,GST,5,107.91,122.48,170,Cooking Oils,1507,8902180961249
Amul Ghee 500ml,SKU-04789,GST,12,410.41,577.87,385,Dairy,0405,8903597309806
24 Mantra Masoor Dal 500g,SKU-04790,GST,5,91.81,115.49,57,Pulses,0713,8906584563245
Local Extra Chana Dal 500g,SKU-04791,GST,5,46.97,49.33,172,Pulses,0713,8906815409852
Local Paneer 1kg,SKU-04792,GST,5,72.01,100.0,228,Dairy,0406,8902292346718
Rajdhani Gold Urad Dal 1kg,SKU-04793,GST,5,185.05,208.34,236,Pulses,0713,8904307667400
Milky Mist Paneer 500g,SKU-04794,GST,5,74.88,96.17,426,Dairy,0406,8905359607124
Apple Box,SKU-04795,Exempt,0,112.09,149.11,454,Fresh Produce,0801,8900562247180
Kohinoor Natural Sona Masoori Rice 10kg,SKU-04796,GST,5,685.09,735.83,151,Grains & Cereals,1006,8905826096007
Tata Sampann Masoor Dal 1kg,SKU-04797,GST,5,106.97,149.54,79,Pulses,0713,8902178066774
Brooke Bond Premium Fruit Juice 200ml,SKU-04798,GST,12,36.94,39.78,108,Beverages,2009,8906842633618
Bikano Special Potato Chips 30g,SKU-04799,GST,12,10.96,14.82,227,Snacks,2106,8905727287818
Local Select Toor Dal 500g,SKU-04800,GST,5,126.35,151.87,418,Pulses,0713,8903802670946
Banana Half Dozen,SKU-04801,Exempt,0,31.86,42.92,456,Fresh Produce,0801,8904181460499
Gowardhan Milk 500ml,SKU-04802,Exempt,0,46.33,62.91,80,Dairy,0401,8908029798013
24 Mantra Classic Urad Dal 500g,SKU-04803,GST,5,123.89,151.59,470,Pulses,0713,8903866751965
Local Atta (Wheat Flour) 5kg,SKU-04804,GST,5,344.06,394.61,324,Flours,1101,8902749914383
Parle Premium Instant Noodles 280g,SKU-04805,GST,12,15.08,17.16,286,Snacks,1902,8903360146715
Banana Dozen,SKU-04806,Exempt,0,30.31,33.76,431,Fresh Produce,0801,8902489136043
Ramdev Extra Garam Masala 100g,SKU-04807,GST,5,6.45,7.79,402,Spices,0904,8903940819275
Bru Fruit Juice 200ml,SKU-04808,GST,12,29.62,38.13,467,Beverages,2009,8907922701924
Pantene Extra Toothpaste 150g,SKU-04809,GST,18,9.84,12.76,201,Personal Care,3306,8903371193517
Potato Loose,SKU-04810,Exempt,0,20.89,26.35,61,Fresh Produce,0701,8907037613524
Mother Dairy Organic Ghee 1L,SKU-04811,GST,12,531.23,728.43,368,Dairy,0405,8908455427244
Colgate Fresh Bathing Soap 150g,SKU-04812,GST,18,13.36,16.99,327,Personal Care,3401,8909201482923
Sprite Extra Tea 250g,SKU-04813,GST,5,90.31,121.25,350,Beverages,0902,8909686506601
Nestle Extra Milk 1L,SKU-04814,Exempt,0,40.21,47.79,472,Dairy,0401,8900355581800
Tata Sampann Premium Turmeric Powder 500g,SKU-04815,GST,5,15.0,20.84,394,Spices,0904,8907721360084
Aashirvaad Atta (Wheat Flour) 1kg,SKU-04816,GST,5,70.95,94.95,313,Flours,1101,8903782369109
Odonil Detergent Powder 4kg,SKU-04817,GST,18,171.45,211.08,429,Household Care,3402,8901916309165
Nestle Organic Milk 500ml,SKU-04818,Exempt,0,44.21,49.68,172,Dairy,0401,8903570093587
Local Premium Milk 500ml,SKU-04819,Exempt,0,20.84,27.94,485,Dairy,0401,8905501878900
Head & Shoulders Organic Toothpaste 100g,SKU-04820,GST,18,5.15,5.68,182,Personal Care,3306,8904334923212
Vim Premium Detergent Powder 500g,SKU-04821,GST,18,56.44,70.9,330,Household Care,3402,8903303613227
Everest Red Chilli Powder 200g,SKU-04822,GST,5,15.25,17.62,259,Spices,0904,8903098110780
Parle Biscuits 100g,SKU-04823,GST,18,8.05,9.12,479,Snacks,1905,8903433578437
Onion Loose,SKU-04824,Exempt,0,46.07,60.97,106,Fresh Produce,0701,8903613637506
Potato Loose,SKU-04825,Exempt,0,19.35,25.9,196,Fresh Produce,0701,8901163784573
Catch Natural Turmeric Powder 200g,SKU-04826,GST,5,7.67,10.05,418,Spices,0904,8906027322699
Local Butter 100g,SKU-04827,GST,12,7.26,8.0,314,Dairy,0405,8904009751102
Lay's Organic Namkeen/Bhujia 1kg,SKU-04828,GST,12,142.58,182.49,409,Snacks,2106,8909656789564
Saffola Gold Mustard Oil 5L,SKU-04829,GST,5,626.29,880.31,118,Cooking Oils,1507,8902928442213
Bru Fresh Energy Drink 250ml,SKU-04830,GST+Cess,28,23.12,31.4,454,Beverages,2202,8903000429560
India Gate Fresh Sona Masoori Rice 5kg,SKU-04831,GST,5,417.82,535.87,450,Grains & Cereals,1006,8908720207520
Potato 2kg,SKU-04832,Exempt,0,22.64,25.69,266,Fresh Produce,0701,8906062314387
Rajdhani Chana Dal 500g,SKU-04833,GST,5,81.01,85.29,121,Pulses,0713,8905962763009
Tropicana Pro Coffee 50g,SKU-04834,GST,5,19.04,23.48,130,Beverages,0901,8909767488139
Milky Mist Premium Paneer 200g,SKU-04835,GST,5,19.08,23.84,402,Dairy,0406,8906941431401
Local Pro Besan 1kg,SKU-04836,GST,5,123.48,147.83,368,Flours,1101,8903718942840
Red Bull Energy Drink 330ml,SKU-04837,GST+Cess,28,158.45,198.17,98,Beverages,2202,8908521200416
Patanjali Extra Moong Dal 5kg,SKU-04838,GST,5,852.49,1188.75,193,Pulses,0713,8905964870321
Coca Cola Natural Cola Drink 300ml,SKU-04839,GST+Cess,28,55.0,73.76,376,Beverages,2202,8908888423594
Tomato 500g,SKU-04840,Exempt,0,25.37,32.13,28,Fresh Produce,0701,8906813563622
Local Moong Dal 1kg,SKU-04841,GST,5,185.72,266.05,175,Pulses,0713,8905615772355
Milk 1L,SKU-04842,Exempt,0,51.31,72.93,354,Dairy,0401,8902705994461
Suhana Natural Garam Masala 100g,SKU-04843,GST,5,6.16,7.5,261,Spices,0904,8904470674091
Tide Premium Detergent Powder 1kg,SKU-04844,GST,18,104.26,130.63,474,Household Care,3402,8900071106480
Nandini Extra Ghee 500ml,SKU-04845,GST,12,396.15,496.51,293,Dairy,0405,8909800881484
Thums Up Energy Drink 330ml,SKU-04846,GST+Cess,28,160.08,221.27,139,Beverages,2202,8901124229606
Bikano Instant Noodles 140g,SKU-04847,GST,12,12.31,15.26,86,Snacks,1902,8909521866782
Samrat Special Atta (Wheat Flour) 5kg,SKU-04848,GST,5,225.21,277.38,367,Flours,1101,8905948637878
Patanjali Mustard Oil 15L,SKU-04849,GST,5,1154.72,1624.64,470,Cooking Oils,1507,8901897248187
Potato 1kg,SKU-04850,Exempt,0,24.52,31.02,238,Fresh Produce,0701,8904726732681
Samrat Special Maida 500g,SKU-04851,GST,5,43.35,58.21,118,Flours,1101,8906407620282
Surf Excel Select Floor Cleaner 1L,SKU-04852,GST,18,139.21,178.87,459,Household Care,3402,8905962413245
Bikano Active Chocolate 250g,SKU-04853,GST,18,12.05,16.6,151,Snacks,1806,8901421582545
Ariel Natural Detergent Powder 1kg,SKU-04854,GST,18,124.38,157.56,80,Household Care,3402,8905008699205
Banana Dozen,SKU-04855,Exempt,0,58.5,63.18,308,Fresh Produce,0801,8904928349428
Rajdhani Besan 500g,SKU-04856,GST,5,29.52,31.12,251,Flours,1101,8901497642369
Local Classic Paneer 1kg,SKU-04857,GST,5,76.64,107.16,164,Dairy,0406,8902234177921
Ariel Classic Detergent Powder 1kg,SKU-04858,GST,18,88.76,98.97,165,Household Care,3402,8909609012717
Amul Cheese 1kg,SKU-04859,GST,12,122.07,128.96,232,Dairy,0406,8900943152119
Parle Instant Noodles 70g,SKU-04860,GST,12,24.96,34.34,374,Snacks,1902,8902561563688
Maggi Special Sugar 5kg,SKU-04861,GST,5,304.98,354.92,170,Condiments,1701,8906960628536
Garnier Select Bathing Soap Pack of 3,SKU-04862,GST,18,47.78,60.85,416,Personal Care,3401,8901871136354
Kohinoor Natural Sona Masoori Rice 5kg,SKU-04863,GST,5,502.44,546.09,77,Grains & Cereals,1006,8907064547839
Himalaya Organic Toothpaste 100g,SKU-04864,GST,18,9.8,12.15,370,Personal Care,3306,8901030337991
Catch Premium Sugar 5kg,SKU-04865,GST,5,189.41,233.95,229,Condiments,1701,8900644093057
Tata Sampann Select Garam Masala 50g,SKU-04866,GST,5,8.83,11.89,205,Spices,0904,8900054286357
Tata Sampann Moong Dal 5kg,SKU-04867,GST,5,948.92,1124.4,231,Pulses,0713,8904444138825
Thums Up Natural Energy Drink 250ml,SKU-04868,GST+Cess,28,42.72,50.86,79,Beverages,2202,8906373380617
Sprite Tea 1kg,SKU-04869,GST,5,330.07,383.86,394,Beverages,0902,8903810063105
Nestle Extra Chocolate 250g,SKU-04870,GST,18,9.13,12.44,68,Snacks,1806,8904048687169
Apple Loose,SKU-04871,Exempt,0,131.2,179.74,34,Fresh Produce,0801,8909200911498
Balaji Chocolate 40g,SKU-04872,GST,18,13.8,17.66,467,Snacks,1806,8908947939836
24 Mantra Premium Toor Dal 5kg,SKU-04873,GST,5,935.21,1139.65,62,Pulses,0713,8900960338223
Nestle Pro Biscuits 200g,SKU-04874,GST,18,6.76,8.11,239,Snacks,1905,8905572705925
Potato 5kg,SKU-04875,Exempt,0,72.09,93.48,189,Fresh Produce,0701,8907767788713
Tomato 500g,SKU-04876,Exempt,0,29.99,33.06,474,Fresh Produce,0701,8900663295689
Tropicana Energy Drink 330ml,SKU-04877,GST+Cess,28,114.52,163.4,305,Beverages,2202,8903670619750
Tomato 500g,SKU-04878,Exempt,0,35.05,49.16,336,Fresh Produce,0701,8900438801531
Fortune Extra Mustard Oil 1L,SKU-04879,GST,5,204.82,232.27,348,Cooking Oils,1507,8903485842556
Banana Dozen,SKU-04880,Exempt,0,69.65,81.54,457,Fresh Produce,0801,8907601832579
Brooke Bond Extra Fruit Juice 1L,SKU-04881,GST,12,146.59,198.16,335,Beverages,2009,8905246936042
Patanjali Premium Masoor Dal 5kg,SKU-04882,GST,5,472.3,647.55,350,Pulses,0713,8900193958981
Colin Select Floor Cleaner 2L,SKU-04883,GST,18,95.94,107.89,422,Household Care,3402,8904574342595
Lux Active Bathing Soap 100g,SKU-04884,GST,18,5.51,7.46,175,Personal Care,3401,8902938210628
Salt 500g,SKU-04885,Exempt,0,16.21,18.47,310,Condiments,2501,8900132570441
Patanjali Active Toor Dal 500g,SKU-04886,GST,5,77.55,87.92,14,Pulses,0713,8902595888557
Nature Fresh Atta (Wheat Flour) 10kg,SKU-04887,GST,5,377.84,493.42,209,Flours,1101,8900855026259
Bikano Natural Instant Noodles 280g,SKU-04888,GST,12,22.78,26.81,409,Snacks,1902,8909595691720
Tata Tea Tea 250g,SKU-04889,GST,5,92.03,119.39,425,Beverages,0902,8908937363015
Pears Toothpaste 150g,SKU-04890,GST,18,5.32,6.58,372,Personal Care,3306,8908118448789
Potato 1kg,SKU-04891,Exempt,0,25.94,30.19,30,Fresh Produce,0701,8909002558782
Nutrela Fresh Masoor Dal 1kg,SKU-04892,GST,5,177.39,256.15,16,Pulses,0713,8902203735405
Lifebuoy Organic Bathing Soap 100g,SKU-04893,GST,18,6.53,6.86,54,Personal Care,3401,8906478506093
24 Mantra Sona Masoori Rice 1kg,SKU-04894,GST,5,67.11,84.04,168,Grains & Cereals,1006,8901021465481
Nestle Pro Namkeen/Bhujia 200g,SKU-04895,GST,12,35.27,39.39,473,Snacks,2106,8900615250191
Mother's Recipe Special Garam Masala 100g,SKU-04896,GST,5,14.64,18.1,363,Spices,0904,8900062250177
Saffola Select Sunflower Oil 5L,SKU-04897,GST,5,912.05,1192.95,24,Cooking Oils,1507,8909239360447
Potato Loose,SKU-04898,Exempt,0,23.53,31.55,257,Fresh Produce,0701,8909652739831
Gowardhan Special Paneer 1kg,SKU-04899,GST,5,108.15,150.87,76,Dairy,0406,8901898701624
Vim Extra Detergent Powder 1kg,SKU-04900,GST,18,93.31,120.68,215,Household Care,3402,8901370340849
Pepsi Natural Tea 500g,SKU-04901,GST,5,114.68,153.16,414,Beverages,0902,8902743939191
Lizol Organic Detergent Powder 1kg,SKU-04902,GST,18,125.58,145.98,281,Household Care,3402,8900620952795
Thums Up Classic Fruit Juice 1L,SKU-04903,GST,12,119.41,142.28,435,Beverages,2009,8909333020682
Amul Fresh Ghee 1L,SKU-04904,GST,12,782.14,1126.82,149,Dairy,0405,8905281349785
Patanjali Natural Garam Masala 50g,SKU-04905,GST,5,8.77,12.63,112,Spices,0904,8908211862050
Tide Special Detergent Powder 1kg,SKU-04906,GST,18,92.69,99.06,293,Household Care,3402,8909962942649
Coca Cola Coffee 50g,SKU-04907,GST,5,13.0,15.17,198,Beverages,0901,8902155527421
Catch Sugar 5kg,SKU-04908,GST,5,235.61,300.85,452,Condiments,1701,8904190454906
Rajdhani Masoor Dal 5kg,SKU-04909,GST,5,613.79,848.59,316,Pulses,0713,8902409886661
Lux Shampoo 650ml,SKU-04910,GST,18,249.02,345.61,229,Personal Care,3305,8904989006180
Amul Regular Ghee 500ml,SKU-04911,GST,12,305.5,373.56,242,Dairy,0405,8907521635924
Rajdhani Premium Moong Dal 1kg,SKU-04912,GST,5,143.48,207.09,161,Pulses,0713,8907889155939
Sprite Energy Drink 330ml,SKU-04913,GST+Cess,28,191.24,272.9,353,Beverages,2202,8901425807422
Gowardhan Fresh Curd 200g,SKU-04914,GST,5,13.41,18.27,385,Dairy,0403,8903600145232
Pillsbury Select Besan 500g,SKU-04915,GST,5,32.61,46.05,140,Flours,1101,8901793953843
Tomato Loose,SKU-04916,Exempt,0,41.37,50.57,315,Fresh Produce,0701,8900351490333
Nandini Fresh Paneer 1kg,SKU-04917,GST,5,133.97,180.29,469,Dairy,0406,8905720731156
Tropicana Pro Coffee 200g,SKU-04918,GST,5,129.5,162.02,223,Beverages,0901,8905826301618
Apple Loose,SKU-04919,Exempt,0,127.61,175.39,394,Fresh Produce,0801,8904263405475
Saffola Groundnut Oil 5L,SKU-04920,GST,5,1195.81,1363.2,484,Cooking Oils,1507,8902299181280
Bikano Gold Chocolate 250g,SKU-04921,GST,18,15.19,20.19,46,Snacks,1806,8909827717956
Pepsi Coffee 100g,SKU-04922,GST,5,42.53,51.41,67,Beverages,0901,8902177444156
Sundrop Fresh Groundnut Oil 5L,SKU-04923,GST,5,1505.31,2088.96,456,Cooking Oils,1507,8907598248132
Brooke Bond Regular Energy Drink 250ml,SKU-04924,GST+Cess,28,48.31,62.63,192,Beverages,2202,8905844573526
Tata Sampann Regular Toor Dal 1kg,SKU-04925,GST,5,205.48,294.38,440,Pulses,0713,8909131046527
Tata Sampann Organic Urad Dal 5kg,SKU-04926,GST,5,681.04,783.56,148,Pulses,0713,8903129038265
Gowardhan Organic Paneer 1kg,SKU-04927,GST,5,95.68,122.39,72,Dairy,0406,8906337009511
Fortune Pro Atta (Wheat Flour) 10kg,SKU-04928,GST,5,616.57,685.9,373,Flours,1101,8906158425118
Red Bull Pro Tea 500g,SKU-04929,GST,5,120.05,131.82,173,Beverages,0902,8908313297570
Patanjali Sona Masoori Rice 1kg,SKU-04930,GST,5,98.38,132.0,446,Grains & Cereals,1006,8908148543627
Sunsilk Regular Toothpaste 200g,SKU-04931,GST,18,16.47,18.54,250,Personal Care,3306,8908529764284
Pantene Special Toothpaste 200g,SKU-04932,GST,18,10.46,11.62,38,Personal Care,3306,8907586927429
Apple Loose,SKU-04933,Exempt,0,113.16,120.7,267,Fresh Produce,0801,8901111704047
Thums Up Natural Energy Drink 330ml,SKU-04934,GST+Cess,28,134.6,168.81,196,Beverages,2202,8902170207397
Apple 1kg,SKU-04935,Exempt,0,176.25,214.88,301,Fresh Produce,0801,8905810771967
Mother's Recipe Organic Red Chilli Powder 500g,SKU-04936,GST,5,14.88,18.02,429,Spices,0904,8900648588844
Local Select Moong Dal 500g,SKU-04937,GST,5,70.97,100.11,380,Pulses,0713,8909886453868
Rajdhani Pro Chana Dal 500g,SKU-04938,GST,5,57.35,80.51,257,Pulses,0713,8906673155254
Local Pro Milk 500ml,SKU-04939,Exempt,0,21.93,24.35,492,Dairy,0401,8908186850634
Patanjali Special Masoor Dal 5kg,SKU-04940,GST,5,556.03,736.89,256,Pulses,0713,8907104568826
Rin Pro Dishwash Liquid 500ml,SKU-04941,GST,18,70.33,78.99,189,Household Care,3402,8909288700525
Nandini Pro Milk 1L,SKU-04942,Exempt,0,53.01,75.69,211,Dairy,0401,8901821140848
Maggi Tomato Ketchup 500g,SKU-04943,GST,12,54.45,70.94,164,Condiments,2103,8907121627573
Pillsbury Premium Besan 500g,SKU-04944,GST,5,44.74,49.0,335,Flours,1101,8909368952974
Tata Tea Fresh Energy Drink 250ml,SKU-04945,GST+Cess,28,26.24,36.37,86,Beverages,2202,8903584596383
Garnier Select Shampoo 650ml,SKU-04946,GST,18,169.56,208.58,303,Personal Care,3305,8901698155561
Aashirvaad Select Sona Masoori Rice 1kg,SKU-04947,GST,5,73.18,86.3,396,Grains & Cereals,1006,8901042425846
Gemini Natural Groundnut Oil 1L,SKU-04948,GST,5,282.83,335.3,52,Cooking Oils,1507,8907685384994
Potato 5kg,SKU-04949,Exempt,0,169.9,210.26,485,Fresh Produce,0701,8907280927714
Tomato 500g,SKU-04950,Exempt,0,34.61,49.12,31,Fresh Produce,0701,8908798173618
Real Special Cola Drink 2L,SKU-04951,GST+Cess,28,34.55,48.52,87,Beverages,2202,8901642011808
Britannia Cheese 400g,SKU-04952,GST,12,208.04,244.96,47,Dairy,0406,8901215946333
Bikano Biscuits 200g,SKU-04953,GST,18,13.24,17.45,134,Snacks,1905,8902769017706
Nestle Special Instant Noodles 70g,SKU-04954,GST,12,24.23,34.24,244,Snacks,1902,8900193639986
Saffola Fresh Sunflower Oil 5L,SKU-04955,GST,5,661.69,808.52,296,Cooking Oils,1507,8906905452190
Balaji Potato Chips 80g,SKU-04956,GST,12,16.73,24.02,279,Snacks,2106,8904047608307
Rajdhani Besan 1kg,SKU-04957,GST,5,52.69,71.0,302,Flours,1101,8907407685644
Balaji Special Chocolate 100g,SKU-04958,GST,18,10.59,12.1,134,Snacks,1806,8908869546800
Gowardhan Butter 100g,SKU-04959,GST,12,6.98,8.42,108,Dairy,0405,8901759596274
Nandini Select Butter 100g,SKU-04960,GST,12,10.42,11.45,436,Dairy,0405,8902834370375
Aashirvaad Basmati Rice 25kg,SKU-04961,GST,5,480.33,572.8,486,Grains & Cereals,1006,8909169139468
Lay's Active Chocolate 40g,SKU-04962,GST,18,8.97,12.35,197,Snacks,1806,8903984811722
Saffola Special Sunflower Oil 1L,SKU-04963,GST,5,147.48,185.43,445,Cooking Oils,1507,8905324606398
Amul Special Paneer 1kg,SKU-04964,GST,5,86.88,97.2,401,Dairy,0406,8906099396007
Cadbury Organic Biscuits 200g,SKU-04965,GST,18,10.01,13.56,178,Snacks,1905,8900617723820
Kissan Regular Tomato Ketchup 500g,SKU-04966,GST,12,63.6,81.01,225,Condiments,2103,8905796810320
Gowardhan Premium Butter 200g,SKU-04967,GST,12,10.11,11.51,87,Dairy,0405,8908159543124
Pantene Organic Bathing Soap Pack of 3,SKU-04968,GST,18,24.86,26.15,321,Personal Care,3401,8904043781411
Bingo Potato Chips 150g,SKU-04969,GST,12,13.4,16.32,30,Snacks,2106,8906340513005
Aashirvaad Extra Tomato Ketchup 500g,SKU-04970,GST,12,61.16,75.28,294,Condiments,2103,8901823316716
Nestle Butter 500g,SKU-04971,GST,12,21.23,26.26,175,Dairy,0405,8904814423352
Lux Shampoo 340ml,SKU-04972,GST,18,113.06,128.53,329,Personal Care,3305,8902474687927
Britannia Natural Milk 500ml,SKU-04973,Exempt,0,33.38,37.83,184,Dairy,0401,8909797808784
Local Paneer 1kg,SKU-04974,GST,5,143.64,177.9,337,Dairy,0406,8903936939499
Head & Shoulders Pro Shampoo 340ml,SKU-04975,GST,18,109.92,117.67,462,Personal Care,3305,8905210481146
Thums Up Natural Cola Drink 300ml,SKU-04976,GST+Cess,28,66.89,92.92,412,Beverages,2202,8909331386349
Nandini Active Butter 200g,SKU-04977,GST,12,18.98,24.54,254,Dairy,0405,8901041762851
Tomato 500g,SKU-04978,Exempt,0,38.08,53.37,41,Fresh Produce,0701,8906404039762
Mother Dairy Curd 1kg,SKU-04979,GST,5,21.67,28.07,146,Dairy,0403,8903891148219
Bikano Premium Namkeen/Bhujia 200g,SKU-04980,GST,12,22.27,30.62,134,Snacks,2106,8904185016641
Fortune Extra Sunflower Oil 15L,SKU-04981,GST,5,1000.7,1347.73,470,Cooking Oils,1507,8905681134315
Pillsbury Regular Maida 500g,SKU-04982,GST,5,24.38,27.86,73,Flours,1101,8908223596347
Nestle Organic Cheese 200g,SKU-04983,GST,12,48.62,53.08,309,Dairy,0406,8903916527730
Coca Cola Organic Energy Drink 250ml,SKU-04984,GST+Cess,28,45.8,52.37,151,Beverages,2202,8908002540646
Colgate Extra Shampoo 340ml,SKU-04985,GST,18,261.1,325.54,252,Personal Care,3305,8907532912365
Emami Organic Sunflower Oil 5L,SKU-04986,GST,5,471.94,606.27,7,Cooking Oils,1507,8900159038240
Aashirvaad Active Besan 500g,SKU-04987,GST,5,67.64,84.75,405,Flours,1101,8904364456630
Nestle Potato Chips 30g,SKU-04988,GST,12,8.13,8.71,388,Snacks,2106,8904940664465
Banana Half Dozen,SKU-04989,Exempt,0,49.36,63.23,360,Fresh Produce,0801,8903002883492
Bru Special Energy Drink 330ml,SKU-04990,GST+Cess,28,116.68,168.97,26,Beverages,2202,8907429828037
Nestle Organic Potato Chips 80g,SKU-04991,GST,12,14.66,15.7,38,Snacks,2106,8900568977903
Ramdev Red Chilli Powder 500g,SKU-04992,GST,5,19.91,21.98,347,Spices,0904,8902169689286
Parle Namkeen/Bhujia 1kg,SKU-04993,GST,12,140.49,180.15,435,Snacks,2106,8904859635722
Lifebuoy Gold Shampoo 650ml,SKU-04994,GST,18,157.12,213.59,349,Personal Care,3305,8906057948157
Patanjali Premium Masoor Dal 500g,SKU-04995,GST,5,40.66,54.85,162,Pulses,0713,8904751245737
Odonil Detergent Powder 4kg,SKU-04996,GST,18,119.41,164.52,365,Household Care,3402,8900203287078
Britannia Gold Namkeen/Bhujia 1kg,SKU-04997,GST,12,98.12,131.45,394,Snacks,2106,8903225091557
Pillsbury Active Maida 500g,SKU-04998,GST,5,22.34,29.74,210,Flours,1101,8900175426988
Pillsbury Gold Atta (Wheat Flour) 1kg,SKU-04999,GST,5,33.99,37.72,164,Flours,1101,8908390618456
Harpic Dishwash Liquid 250ml,SKU-05000,GST,18,25.24,31.34,16,Household Care,3402,8902394847714
