name,sku,tax_type,gst_rate,purchase_rate,selling_rate,opening_stock,category,hsn,barcode
Zara Black Polarized Sunglasses,APP-00001,GST,18,910.38,1414.27,7,Accessories,9004,8908196001338
Allen Solly Grey Women's Tote Handbag,APP-00002,GST,18,1328.31,2884.37,27,Accessories,4202,8903794026542
Manyavar White Crop Top - Size S,APP-00003,GST,5,315.31,565.95,23,Women's Wear,6206,8909407816184
W for Woman Beige Polarized Sunglasses,APP-00004,GST,18,1640.64,2379.6,15,Accessories,9004,8904131647525
Levi's Pink Boys Denim Jeans - Size L,APP-00005,GST,5,441.25,949.53,5,Kids Wear,6111,8909283276483
Peter England Blue Sherwani - Size S,APP-00006,GST,12,7503.75,13816.51,5,Ethnic Wear,6211,8903953767242
Marks & Spencer Grey Silk Saree,APP-00007,GST,12,3078.31,5760.37,38,Ethnic Wear,5407,8906532871012
Biba Teal Polarized Sunglasses,APP-00008,GST,18,1180.57,2152.46,39,Accessories,9004,8907848018451
Woodland Red Designer Lehenga Choli,APP-00009,GST,12,1653.04,3627.26,17,Ethnic Wear,6204,8908281489325
Marks & Spencer Teal Maxi Dress - Size XXL,APP-00010,GST,12,1648.79,3394.6,32,Women's Wear,6204,8900154303911
H&M Teal Men's Loafers - Size UK 9,APP-00011,GST,12,1518.94,2341.04,31,Footwear,6403,8908248963834
W for Woman Yellow Kids Winter Jacket - Size XXL,APP-00012,GST,12,810.24,1355.29,5,Kids Wear,6209,8905098393010
H&M Black Palazzo Pants - Size L,APP-00013,GST,5,315.56,524.4,32,Women's Wear,6204,8903829973763
Zara Pink Slim Fit Blazer - Size XL,APP-00014,GST,12,2071.07,3836.06,4,Men's Wear,6203,8901065133387
Woodland Red Cotton Kurti - Size L,APP-00015,GST,5,316.95,748.61,5,Women's Wear,6211,8907810801326
Local Boutique Blue Men's Loafers - Size UK 11,APP-00016,GST,12,1110.3,1626.04,25,Footwear,6403,8900647468723
Levi's Black Designer Lehenga Choli,APP-00017,GST,12,6755.84,9882.99,38,Ethnic Wear,6204,8907882081219
Puma Maroon Chinos - Size S,APP-00018,GST,12,1135.81,2301.88,38,Men's Wear,6203,8909091699854
Manyavar Blue Crop Top - Size L,APP-00019,GST,5,269.79,577.05,20,Women's Wear,6206,8907510799118
Mango Navy Crop Top - Size M,APP-00020,GST,5,402.41,953.28,16,Women's Wear,6206,8905427849808
Zara Red Men's Kurta Pajama Set - Size L,APP-00021,GST,12,903.24,1370.88,36,Ethnic Wear,6211,8902449353487
Peter England White Cotton Printed Saree,APP-00022,GST,12,1458.96,2113.3,22,Ethnic Wear,5407,8902427868011
Marks & Spencer Black A-Line Dress - Size L,APP-00023,GST,12,1086.84,1698.62,9,Women's Wear,6204,8900450533158
FabIndia Blue Men's Pullover Sweater - Size M,APP-00024,GST,12,1115.56,2556.69,27,Winter Wear,6110,8900256342160
Puma Blue Men's Oxford Leather Shoes - Size UK 11,APP-00025,GST,12,2324.76,4148.83,15,Footwear,6403,8903036541458
Marks & Spencer Green Kids Winter Jacket - Size S,APP-00026,GST,5,339.47,837.63,12,Kids Wear,6209,8909401965569
Zara Maroon Sports Running Sneakers - Size UK 9,APP-00027,GST,12,1494.51,2165.28,28,Footwear,6404,8900883561595
Raymond Grey Two-Piece Suit - Size L,APP-00028,GST,12,4795.93,8435.08,19,Men's Wear,6203,8908236629946
Allen Solly Navy Kids Velcro Sneakers - Size UK 7,APP-00029,GST,12,315.94,715.4,39,Footwear,6404,8905777387214
Manyavar White Sports Running Sneakers - Size UK 11,APP-00030,GST,12,2913.73,4832.0,20,Footwear,6404,8903320037917
Levi's Olive Men's Pullover Sweater - Size 3XL,APP-00031,GST,12,803.88,1478.84,10,Winter Wear,6110,8900163287083
Bata Red Two-Piece Suit - Size XL,APP-00032,GST,12,3394.22,8440.35,39,Men's Wear,6203,8905798687277
Puma Mustard Cotton Printed Saree,APP-00033,GST,12,1016.79,2006.57,16,Ethnic Wear,5407,8904714345581
FabIndia Blue Cotton Kurti - Size XL,APP-00034,GST,5,433.12,942.92,5,Women's Wear,6211,8906658760366
Allen Solly Mustard Men's Leather Belt,APP-00035,GST,18,286.12,697.27,20,Accessories,4202,8906688937346
Allen Solly Maroon Men's Loafers - Size UK 7,APP-00036,GST,12,944.26,2150.99,11,Footwear,6403,8907298069901
Woodland Red Imitation Necklace Set,APP-00037,GST,3,405.38,683.54,21,Jewelry,7117,8903755646417
Marks & Spencer Black Casual T-Shirt - Size L,APP-00038,GST,5,278.73,411.26,3,Men's Wear,6109,8900330923271
Levi's Yellow Genuine Leather Wallet,APP-00039,GST,18,686.55,1087.88,39,Accessories,4202,8901241904966
H&M Beige Formal Trousers - Size 3XL,APP-00040,GST,12,1057.38,1762.8,20,Women's Wear,6204,8909190586518
Manyavar Black Imitation Necklace Set,APP-00041,GST,3,924.09,1401.01,24,Jewelry,7117,8907262849877
Nike Green Women's Woolen Cardigan - Size M,APP-00042,GST,12,1296.93,1939.33,29,Winter Wear,6110,8903799650752
Levi's Green Men's Loafers - Size UK 11,APP-00043,GST,12,788.45,1346.37,39,Footwear,6403,8904808313678
Local Boutique Pink Silk Saree,APP-00044,GST,12,3027.6,4296.06,19,Ethnic Wear,5407,8903634957885
Marks & Spencer Green Women's Woolen Cardigan - Size L,APP-00045,GST,12,1026.14,1742.4,17,Winter Wear,6110,8903135182337
Mango Beige Georgette Saree,APP-00046,GST,12,1874.0,4339.97,19,Ethnic Wear,5407,8903524082400
Raymond Olive Kids Velcro Sneakers - Size UK 6,APP-00047,GST,12,536.07,1194.41,7,Footwear,6404,8900947775204
Zara Mustard Men's Oxford Leather Shoes - Size UK 5,APP-00048,GST,12,1724.06,2554.18,4,Footwear,6403,8902294131869
Puma Teal Women's Tote Handbag,APP-00049,GST,18,1173.98,2215.3,38,Accessories,4202,8906499091334
Biba Blue Formal Trousers - Size M,APP-00050,GST,12,960.49,1510.07,27,Men's Wear,6203,8907974034471
Nike Teal Palazzo Pants - Size 3XL,APP-00051,GST,12,468.1,1069.28,13,Women's Wear,6204,8906183242102
Raymond Yellow Men's Kurta Pajama Set - Size S,APP-00052,GST,12,1303.61,2261.12,26,Ethnic Wear,6211,8904887719065
Nike Black Women's Tote Handbag,APP-00053,GST,18,773.62,1656.89,37,Accessories,4202,8909049027874
Woodland Pink Denim Jacket - Size XL,APP-00054,GST,12,1428.97,2739.35,27,Women's Wear,6204,8905512567468
Bata White Polo T-Shirt - Size L,APP-00055,GST,5,374.48,572.02,26,Men's Wear,6109,8908087603859
Bata Teal Men's Loafers - Size UK 5,APP-00056,GST,12,618.2,1238.97,19,Footwear,6403,8907710932480
Woodland White Kids Velcro Sneakers - Size UK 6,APP-00057,GST,12,661.89,1591.33,30,Footwear,6404,8901274846773
Marks & Spencer Red Thermal Innerwear Set - Size XL,APP-00058,GST,5,273.62,563.46,9,Winter Wear,6107,8901465840449
Local Boutique Mustard Men's Leather Belt,APP-00059,GST,18,348.64,673.84,22,Accessories,4202,8908867533963
Peter England Green Men's Pullover Sweater - Size 3XL,APP-00060,GST,12,682.32,1640.82,25,Winter Wear,6110,8906270289517
Mango Yellow Slim Fit Blazer - Size S,APP-00061,GST,12,3047.02,5639.97,10,Men's Wear,6203,8901745961586
Local Boutique Mustard Sherwani - Size XXL,APP-00062,GST,12,3526.2,5202.07,19,Ethnic Wear,6211,8903161172400
Peter England Navy Sherwani - Size L,APP-00063,GST,12,5767.62,8998.22,34,Ethnic Wear,6211,8906922219693
FabIndia Blue Men's Loafers - Size UK 8,APP-00064,GST,12,1096.96,2090.29,1,Footwear,6403,8907482175946
Bata Mustard Cotton Printed Saree,APP-00065,GST,12,578.49,1054.68,31,Ethnic Wear,5407,8901369594406
Allen Solly Beige Georgette Saree,APP-00066,GST,12,1858.23,4124.7,19,Ethnic Wear,5407,8903953394210
Bata Black Men's Kurta Pajama Set - Size XXL,APP-00067,GST,12,1294.52,1999.45,19,Ethnic Wear,6211,8905623285884
Nike Mustard Maxi Dress - Size XL,APP-00068,GST,12,2039.72,3517.81,22,Women's Wear,6204,8901712368516
Nike Grey Formal Shirt - Size S,APP-00069,GST,5,462.29,989.36,17,Men's Wear,6205,8909651370985
Puma Pink Clutch Sling Bag,APP-00070,GST,18,701.64,1340.61,20,Accessories,4202,8906120047113
FabIndia Maroon Women's Flat Sandals - Size UK 8,APP-00071,GST,12,320.58,783.59,35,Footwear,6404,8906926179640
Levi's Yellow Girls Floral Frock - Size XL,APP-00072,GST,12,618.57,1448.08,7,Kids Wear,6111,8905850643171
Allen Solly Black Crop Top - Size L,APP-00073,GST,5,305.81,470.5,37,Women's Wear,6206,8903183933529
Nike Mustard Formal Shirt - Size M,APP-00074,GST,12,795.31,1586.03,12,Men's Wear,6205,8901020539502
Peter England Red Cotton Printed Saree,APP-00075,GST,12,722.37,1603.82,31,Ethnic Wear,5407,8907589178390
Raymond Yellow Women's Stiletto Heels - Size UK 10,APP-00076,GST,12,2126.53,3119.42,31,Footwear,6403,8906617711592
FabIndia Navy Chinos - Size XXL,APP-00077,GST,12,890.36,1783.57,21,Men's Wear,6203,8906984789611
Marks & Spencer Olive Imitation Necklace Set,APP-00078,GST,3,404.59,961.68,27,Jewelry,7117,8905766156545
Local Boutique White A-Line Dress - Size S,APP-00079,GST,12,1409.19,2117.38,7,Women's Wear,6204,8905280988516
Woodland Mustard Boys Denim Jeans - Size 3XL,APP-00080,GST,5,234.92,403.21,20,Kids Wear,6111,8905198327315
W for Woman White Kids Velcro Sneakers - Size UK 11,APP-00081,GST,12,480.36,792.0,28,Footwear,6404,8908998094024
Manyavar Green Men's Kurta Pajama Set - Size S,APP-00082,GST,12,986.88,1537.14,26,Ethnic Wear,6211,8901201836675
W for Woman Navy Maxi Dress - Size 3XL,APP-00083,GST,12,779.06,1897.44,39,Women's Wear,6204,8901022901476
Bata Maroon Men's Loafers - Size UK 7,APP-00084,GST,12,642.97,1262.52,23,Footwear,6403,8906149784036
Peter England Black Women's Tote Handbag,APP-00085,GST,18,1126.95,1839.58,9,Accessories,4202,8904451076226
Puma Grey Women's Flat Sandals - Size UK 9,APP-00086,GST,12,540.79,1236.69,5,Footwear,6404,8906060715969
Woodland Navy Kids Winter Jacket - Size S,APP-00087,GST,12,521.25,1283.75,11,Kids Wear,6209,8909751613696
H&M Maroon Women's Stiletto Heels - Size UK 11,APP-00088,GST,12,933.21,1655.02,22,Footwear,6403,8902181883552
Zara Red Silk Saree,APP-00089,GST,12,1486.75,3066.63,5,Ethnic Wear,5407,8902779979955
Bata White A-Line Dress - Size XL,APP-00090,GST,12,844.1,1462.91,18,Women's Wear,6204,8909058147700
Raymond White Girls Floral Frock - Size 3XL,APP-00091,GST,12,579.91,1357.46,40,Kids Wear,6111,8909867980793
Local Boutique Grey Sherwani - Size M,APP-00092,GST,12,8190.91,15526.49,22,Ethnic Wear,6211,8901820377889
W for Woman Green Maxi Dress - Size L,APP-00093,GST,12,913.13,2056.29,39,Women's Wear,6204,8900515186449
Manyavar White A-Line Dress - Size XXL,APP-00094,GST,12,761.86,1834.87,20,Women's Wear,6204,8906291486528
Woodland Grey Formal Trousers - Size L,APP-00095,GST,5,395.5,688.08,14,Men's Wear,6203,8905733221418
Mango Black Women's Flat Sandals - Size UK 10,APP-00096,GST,12,334.4,750.03,9,Footwear,6404,8909622292706
Puma Yellow Girls Floral Frock - Size XXL,APP-00097,GST,5,336.95,749.17,29,Kids Wear,6111,8903834735977
Aurelia Grey Designer Lehenga Choli,APP-00098,GST,12,5097.34,11716.65,39,Ethnic Wear,6204,8902407581814
Biba Navy Formal Trousers - Size XL,APP-00099,GST,12,1315.02,2054.17,28,Men's Wear,6203,8901375060685
Aurelia White Silk Saree,APP-00100,GST,12,1828.13,3200.24,7,Ethnic Wear,5407,8905220472779
H&M Black Formal Shirt - Size L,APP-00101,GST,5,461.2,721.53,39,Men's Wear,6205,8908614341036
Bata White Polarized Sunglasses,APP-00102,GST,18,1362.72,2657.04,35,Accessories,9004,8900893246095
Woodland Red Silk Saree,APP-00103,GST,12,2596.52,4665.07,34,Ethnic Wear,5407,8908888067065
Allen Solly Green Cotton Printed Saree,APP-00104,GST,12,588.91,1299.27,7,Ethnic Wear,5407,8909520585277
Biba Teal Polarized Sunglasses,APP-00105,GST,18,458.12,1032.51,30,Accessories,9004,8900430305486
Local Boutique Navy Women's Flat Sandals - Size UK 5,APP-00106,GST,12,719.3,1158.23,23,Footwear,6404,8900541566765
Local Boutique Olive Denim Jacket - Size XL,APP-00107,GST,12,685.11,1560.0,18,Women's Wear,6204,8901616928451
Manyavar Pink Formal Trousers - Size L,APP-00108,GST,12,548.75,1132.0,28,Men's Wear,6203,8902757059640
Aurelia Green Chinos - Size XXL,APP-00109,GST,12,962.04,2065.84,2,Men's Wear,6203,8902970213556
Peter England Beige Genuine Leather Wallet,APP-00110,GST,18,412.47,1007.95,24,Accessories,4202,8907192856543
Allen Solly Olive Two-Piece Suit - Size M,APP-00111,GST,12,3912.3,7142.64,36,Men's Wear,6203,8901447394731
H&M Yellow Cotton Kurti - Size M,APP-00112,GST,12,590.01,1114.89,6,Women's Wear,6211,8905518844225
Puma White Sports Running Sneakers - Size UK 6,APP-00113,GST,12,2573.0,4272.23,32,Footwear,6404,8900589578291
Raymond Maroon Chinos - Size 3XL,APP-00114,GST,12,974.44,1927.7,27,Men's Wear,6203,8909125177852
Biba Teal Kids Velcro Sneakers - Size UK 6,APP-00115,GST,12,401.59,964.53,4,Footwear,6404,8901824225358
H&M Navy Designer Lehenga Choli,APP-00116,GST,12,4454.04,8934.48,9,Ethnic Wear,6204,8904981829922
Manyavar Mustard Clutch Sling Bag,APP-00117,GST,18,1103.82,1579.8,3,Accessories,4202,8909439690784
Raymond Yellow Imitation Necklace Set,APP-00118,GST,3,641.4,1381.25,20,Jewelry,7117,8907102767735
FabIndia Green Women's Tote Handbag,APP-00119,GST,18,1248.56,2930.18,26,Accessories,4202,8902588153714
Puma Red Unisex Hoodie - Size S,APP-00120,GST,5,247.45,603.76,40,Winter Wear,6110,8906325953278
Local Boutique Navy Thermal Innerwear Set - Size XL,APP-00121,GST,5,168.5,411.09,33,Winter Wear,6107,8907339500479
Local Boutique Navy Imitation Necklace Set,APP-00122,GST,3,762.44,1428.83,17,Jewelry,7117,8905650609835
Raymond White Kids Velcro Sneakers - Size UK 8,APP-00123,GST,12,466.24,1044.77,18,Footwear,6404,8909912165585
Levi's Beige A-Line Dress - Size XXL,APP-00124,GST,12,965.42,1394.33,3,Women's Wear,6204,8902578729825
Manyavar Red Clutch Sling Bag,APP-00125,GST,18,807.94,1788.18,20,Accessories,4202,8909588879470
Manyavar Pink Girls Floral Frock - Size S,APP-00126,GST,12,724.21,1478.89,2,Kids Wear,6111,8909749930972
Aurelia Red Women's Stiletto Heels - Size UK 11,APP-00127,GST,12,1731.92,2484.83,8,Footwear,6403,8903075626368
Local Boutique Mustard Clutch Sling Bag,APP-00128,GST,18,725.32,1429.28,36,Accessories,4202,8905786527858
Nike Beige Boys Denim Jeans - Size XL,APP-00129,GST,5,312.06,521.5,36,Kids Wear,6111,8904344375758
Raymond White Georgette Saree,APP-00130,GST,12,2224.08,4078.94,23,Ethnic Wear,5407,8902404157473
Marks & Spencer Navy Formal Trousers - Size XXL,APP-00131,GST,12,1015.24,1574.64,40,Women's Wear,6204,8909330833016
Local Boutique White Boys Graphic T-Shirt - Size 3XL,APP-00132,GST,5,418.07,587.68,36,Kids Wear,6111,8902677345401
Puma Grey Imitation Necklace Set,APP-00133,GST,3,943.64,1502.82,12,Jewelry,7117,8900672400499
Manyavar Navy Slim Fit Blazer - Size XL,APP-00134,GST,12,3477.41,6946.59,32,Men's Wear,6203,8902874315274
Allen Solly Olive Denim Jacket - Size L,APP-00135,GST,12,1180.45,2389.9,13,Women's Wear,6204,8902966851612
Local Boutique Green Cotton Kurti - Size M,APP-00136,GST,5,200.74,365.74,29,Women's Wear,6211,8904549904530
Bata Navy Two-Piece Suit - Size M,APP-00137,GST,12,3288.51,6421.71,20,Men's Wear,6203,8901459332727
W for Woman Maroon Women's Tote Handbag,APP-00138,GST,18,1309.49,2988.52,14,Accessories,4202,8903918785191
Marks & Spencer Grey Denim Jeans - Size M,APP-00139,GST,12,1343.7,2102.67,21,Men's Wear,6203,8908713971870
FabIndia Grey Thermal Innerwear Set - Size XL,APP-00140,GST,5,550.52,805.69,30,Winter Wear,6107,8904064039106
H&M Grey Boys Denim Jeans - Size S,APP-00141,GST,12,775.82,1145.05,31,Kids Wear,6111,8900462265676
H&M Pink Girls Leggings - Size 3XL,APP-00142,GST,5,294.96,456.09,23,Kids Wear,6111,8901286823004
Marks & Spencer Maroon Thermal Innerwear Set - Size XXL,APP-00143,GST,5,444.83,735.14,30,Winter Wear,6107,8905243106903
H&M White Crop Top - Size XXL,APP-00144,GST,5,157.22,323.5,4,Women's Wear,6206,8903067383028
Puma Mustard Designer Lehenga Choli,APP-00145,GST,12,3756.25,8450.79,21,Ethnic Wear,6204,8903428364408
Biba Pink Men's Leather Belt,APP-00146,GST,18,522.2,758.01,23,Accessories,4202,8906856624628
Puma Mustard Men's Oxford Leather Shoes - Size UK 6,APP-00147,GST,12,1031.19,2246.27,30,Footwear,6403,8900866882634
Manyavar Pink Crop Top - Size S,APP-00148,GST,5,405.5,945.56,6,Women's Wear,6206,8908304699013
Marks & Spencer Blue Men's Leather Belt,APP-00149,GST,18,204.71,490.84,20,Accessories,4202,8900331739363
Manyavar Teal Kids Velcro Sneakers - Size UK 7,APP-00150,GST,12,456.13,906.34,23,Footwear,6404,8904458771753
Manyavar Maroon Girls Floral Frock - Size S,APP-00151,GST,12,633.23,1040.65,10,Kids Wear,6111,8900489964235
Aurelia Beige Palazzo Pants - Size M,APP-00152,GST,5,459.55,974.27,22,Women's Wear,6204,8904777252287
Marks & Spencer Pink Denim Jacket - Size S,APP-00153,GST,12,803.68,1866.93,5,Women's Wear,6204,8900062312038
W for Woman Black Thermal Innerwear Set - Size XXL,APP-00154,GST,5,399.76,970.33,31,Winter Wear,6107,8907008860084
Raymond Black Women's Flat Sandals - Size UK 9,APP-00155,GST,12,568.26,1216.89,12,Footwear,6404,8901182339845
Aurelia White Georgette Saree,APP-00156,GST,12,2244.03,4274.64,16,Ethnic Wear,5407,8903410166687
Allen Solly Olive Denim Jeans - Size M,APP-00157,GST,12,460.82,1073.64,22,Men's Wear,6203,8909180339740
Nike Grey Chinos - Size XXL,APP-00158,GST,12,1142.95,1825.62,21,Men's Wear,6203,8900392614293
Aurelia Pink Genuine Leather Wallet,APP-00159,GST,18,333.96,739.3,6,Accessories,4202,8908501631599
Aurelia Teal Women's Tote Handbag,APP-00160,GST,18,678.95,1154.66,29,Accessories,4202,8907358662961
Raymond Teal Clutch Sling Bag,APP-00161,GST,18,965.29,1438.52,10,Accessories,4202,8906265511047
Nike White Girls Floral Frock - Size M,APP-00162,GST,5,289.03,541.66,36,Kids Wear,6111,8908861015819
Manyavar Mustard Women's Tote Handbag,APP-00163,GST,18,598.91,1111.1,6,Accessories,4202,8908398262244
Local Boutique Red Georgette Saree,APP-00164,GST,12,1077.16,1835.0,20,Ethnic Wear,5407,8907154379937
FabIndia Navy Slim Fit Blazer - Size S,APP-00165,GST,12,3822.98,6749.23,40,Men's Wear,6203,8906575692459
Local Boutique Green Formal Trousers - Size M,APP-00166,GST,12,791.05,1950.4,19,Women's Wear,6204,8907935646519
Marks & Spencer Red Formal Trousers - Size 3XL,APP-00167,GST,12,1171.42,1674.67,30,Women's Wear,6204,8903741672434
Woodland Teal A-Line Dress - Size XL,APP-00168,GST,5,339.09,844.26,31,Women's Wear,6204,8909688680589
H&M White Polarized Sunglasses,APP-00169,GST,18,1273.92,2280.96,40,Accessories,9004,8900965610143
Mango Grey Sports Running Sneakers - Size UK 9,APP-00170,GST,12,2377.67,3906.83,24,Footwear,6404,8906798250714
H&M White Men's Pullover Sweater - Size 3XL,APP-00171,GST,12,595.41,1037.85,30,Winter Wear,6110,8903875717751
Peter England Teal Men's Kurta Pajama Set - Size 3XL,APP-00172,GST,12,586.95,1370.01,7,Ethnic Wear,6211,8902382825867
Aurelia Pink Palazzo Pants - Size M,APP-00173,GST,5,304.14,645.71,26,Women's Wear,6204,8900937966033
H&M Beige Georgette Saree,APP-00174,GST,12,1900.19,3782.47,24,Ethnic Wear,5407,8905371478596
Aurelia Beige Clutch Sling Bag,APP-00175,GST,18,419.9,978.39,40,Accessories,4202,8902499125134
Biba Green Two-Piece Suit - Size 3XL,APP-00176,GST,12,2401.6,4388.46,39,Men's Wear,6203,8902966278282
Raymond Red Men's Loafers - Size UK 6,APP-00177,GST,12,768.2,1456.58,4,Footwear,6403,8905072368876
Woodland Olive Men's Loafers - Size UK 11,APP-00178,GST,12,1079.53,1709.95,37,Footwear,6403,8900340438427
Local Boutique Grey Genuine Leather Wallet,APP-00179,GST,18,537.67,911.17,35,Accessories,4202,8905807836134
Bata Navy Polo T-Shirt - Size L,APP-00180,GST,12,724.92,1084.25,8,Men's Wear,6109,8903395962923
Peter England Beige Crop Top - Size L,APP-00181,GST,5,327.05,672.6,11,Women's Wear,6206,8905449481260
FabIndia Olive Georgette Saree,APP-00182,GST,12,957.15,2089.01,16,Ethnic Wear,5407,8906729466711
Mango Olive Kids Winter Jacket - Size L,APP-00183,GST,12,731.42,1729.84,30,Kids Wear,6209,8907590175186
Woodland Mustard Crop Top - Size M,APP-00184,GST,5,368.23,646.3,19,Women's Wear,6206,8905892975001
Bata Black Polarized Sunglasses,APP-00185,GST,18,1812.07,2851.81,30,Accessories,9004,8900632424154
W for Woman Pink Formal Trousers - Size 3XL,APP-00186,GST,5,498.32,914.91,20,Men's Wear,6203,8903611037129
Mango Pink Palazzo Pants - Size XL,APP-00187,GST,5,212.34,459.75,8,Women's Wear,6204,8906271361115
Raymond Red Girls Floral Frock - Size XL,APP-00188,GST,12,566.37,1262.13,9,Kids Wear,6111,8902189092753
FabIndia Maroon Polarized Sunglasses,APP-00189,GST,18,1809.55,2705.92,7,Accessories,9004,8902196565234
H&M Blue Imitation Necklace Set,APP-00190,GST,3,626.27,1352.45,20,Jewelry,7117,8903898364037
Zara Blue Girls Leggings - Size XL,APP-00191,GST,5,252.57,373.33,1,Kids Wear,6111,8905526965827
Allen Solly Beige Chinos - Size S,APP-00192,GST,5,453.89,743.17,4,Men's Wear,6203,8906848666188
FabIndia Navy Clutch Sling Bag,APP-00193,GST,18,474.15,930.48,14,Accessories,4202,8902856914630
H&M Maroon Silk Saree,APP-00194,GST,12,2087.98,4321.52,20,Ethnic Wear,5407,8902102027588
Biba Green Cotton Printed Saree,APP-00195,GST,12,838.54,1979.62,8,Ethnic Wear,5407,8900564814917
Mango Green Thermal Innerwear Set - Size S,APP-00196,GST,5,417.4,844.65,24,Winter Wear,6107,8902419138000
Peter England Yellow Silk Saree,APP-00197,GST,12,2540.81,3976.6,3,Ethnic Wear,5407,8908635365419
Zara Grey Girls Floral Frock - Size 3XL,APP-00198,GST,12,874.64,1397.04,34,Kids Wear,6111,8900617445187
W for Woman Blue Formal Shirt - Size L,APP-00199,GST,12,640.87,1111.46,40,Men's Wear,6205,8903759738320
Allen Solly Blue Men's Pullover Sweater - Size XXL,APP-00200,GST,12,607.05,1410.49,1,Winter Wear,6110,8905064138367
FabIndia Olive Denim Jeans - Size L,APP-00201,GST,12,453.87,1095.36,34,Men's Wear,6203,8906571918261
Peter England Maroon Men's Leather Belt,APP-00202,GST,18,303.66,512.31,21,Accessories,4202,8906557431329
FabIndia White Slim Fit Blazer - Size M,APP-00203,GST,12,2465.22,4302.88,8,Men's Wear,6203,8908537474112
Peter England Blue Men's Kurta Pajama Set - Size L,APP-00204,GST,12,666.18,1453.78,23,Ethnic Wear,6211,8906804420678
Puma White Kids Velcro Sneakers - Size UK 8,APP-00205,GST,12,261.37,594.14,8,Footwear,6404,8900032365199
H&M Black Cotton Printed Saree,APP-00206,GST,12,498.54,1052.22,9,Ethnic Wear,5407,8901510702966
Allen Solly Maroon Men's Loafers - Size UK 10,APP-00207,GST,12,936.8,1676.26,12,Footwear,6403,8904472099934
Woodland Grey Men's Loafers - Size UK 8,APP-00208,GST,12,561.86,959.52,9,Footwear,6403,8906383806578
W for Woman Beige Men's Loafers - Size UK 9,APP-00209,GST,12,866.19,1470.34,2,Footwear,6403,8905930407859
Biba White Palazzo Pants - Size M,APP-00210,GST,12,673.12,1139.71,4,Women's Wear,6204,8903965223955
Allen Solly Olive Men's Leather Belt,APP-00211,GST,18,524.57,1059.62,37,Accessories,4202,8903784270103
Puma Black Women's Tote Handbag,APP-00212,GST,18,448.9,1081.72,13,Accessories,4202,8902525002921
W for Woman White Women's Stiletto Heels - Size UK 7,APP-00213,GST,12,1192.55,2538.17,38,Footwear,6403,8901545226752
W for Woman Blue Kids Velcro Sneakers - Size UK 10,APP-00214,GST,12,715.44,1139.62,20,Footwear,6404,8904220969029
Puma Pink Sherwani - Size XXL,APP-00215,GST,12,3066.1,5966.03,22,Ethnic Wear,6211,8901355215704
Puma Olive Crop Top - Size S,APP-00216,GST,5,240.69,545.34,1,Women's Wear,6206,8900676267658
Zara Mustard Girls Leggings - Size XL,APP-00217,GST,5,209.28,426.06,15,Kids Wear,6111,8902710405411
Biba Maroon Boys Graphic T-Shirt - Size M,APP-00218,GST,5,284.09,568.67,6,Kids Wear,6111,8905997062962
Zara Green Denim Jeans - Size M,APP-00219,GST,12,1592.38,2946.24,36,Men's Wear,6203,8908444310698
FabIndia Black Men's Loafers - Size UK 7,APP-00220,GST,12,566.35,847.48,39,Footwear,6403,8907310324171
Aurelia Yellow Men's Kurta Pajama Set - Size XL,APP-00221,GST,12,1971.67,3335.09,35,Ethnic Wear,6211,8906256527047
Nike Blue Thermal Innerwear Set - Size L,APP-00222,GST,5,576.83,903.46,7,Winter Wear,6107,8901586938068
Marks & Spencer Pink Men's Pullover Sweater - Size XL,APP-00223,GST,12,1098.32,1822.34,20,Winter Wear,6110,8901608989921
Biba Red Unisex Hoodie - Size M,APP-00224,GST,12,1012.9,1558.66,28,Winter Wear,6110,8901632945116
Aurelia Grey Kids Velcro Sneakers - Size UK 7,APP-00225,GST,12,730.06,1439.42,1,Footwear,6404,8909986162299
Zara White Men's Leather Belt,APP-00226,GST,18,397.17,935.02,23,Accessories,4202,8906467997024
FabIndia Beige Kids Winter Jacket - Size XXL,APP-00227,GST,12,927.55,1708.45,26,Kids Wear,6209,8905307450544
Local Boutique Mustard Georgette Saree,APP-00228,GST,12,2614.13,4315.29,20,Ethnic Wear,5407,8907546913736
Mango Mustard Men's Loafers - Size UK 7,APP-00229,GST,12,1245.27,2449.19,11,Footwear,6403,8901486289023
Peter England Blue Formal Trousers - Size S,APP-00230,GST,12,514.16,1239.03,13,Women's Wear,6204,8904578610357
Bata Red Women's Tote Handbag,APP-00231,GST,18,1433.79,2558.94,11,Accessories,4202,8904140602933
Puma Pink Imitation Necklace Set,APP-00232,GST,3,422.26,781.37,2,Jewelry,7117,8900722903494
Nike Maroon Imitation Necklace Set,APP-00233,GST,3,752.68,1433.78,14,Jewelry,7117,8907489691085
Raymond Navy Kids Velcro Sneakers - Size UK 10,APP-00234,GST,12,408.84,601.08,18,Footwear,6404,8905444328309
Manyavar Pink Kids Winter Jacket - Size M,APP-00235,GST,12,834.9,1770.78,19,Kids Wear,6209,8904666099353
Local Boutique Pink Women's Flat Sandals - Size UK 7,APP-00236,GST,12,393.64,917.17,36,Footwear,6404,8902417248251
W for Woman Blue Palazzo Pants - Size 3XL,APP-00237,GST,12,732.88,1365.0,22,Women's Wear,6204,8905494717099
H&M Yellow Clutch Sling Bag,APP-00238,GST,18,497.23,1170.6,25,Accessories,4202,8908460223569
FabIndia Green Thermal Innerwear Set - Size 3XL,APP-00239,GST,5,372.17,554.12,22,Winter Wear,6107,8902500743292
H&M Red Men's Loafers - Size UK 9,APP-00240,GST,12,902.65,1690.07,28,Footwear,6403,8907600835058
Allen Solly Pink Formal Trousers - Size S,APP-00241,GST,12,882.69,1477.36,23,Women's Wear,6204,8904216894210
Raymond Yellow Men's Kurta Pajama Set - Size 3XL,APP-00242,GST,12,1209.76,2391.13,28,Ethnic Wear,6211,8902575326033
Levi's Olive Cotton Kurti - Size S,APP-00243,GST,5,539.35,855.34,24,Women's Wear,6211,8900648909010
Zara Maroon Denim Jeans - Size XL,APP-00244,GST,12,848.41,1698.53,31,Men's Wear,6203,8902304618499
Woodland Mustard Cotton Kurti - Size S,APP-00245,GST,5,379.78,789.73,19,Women's Wear,6211,8901173934835
Raymond Red Men's Pullover Sweater - Size S,APP-00246,GST,12,740.24,1777.61,31,Winter Wear,6110,8905300119721
H&M Olive Sports Running Sneakers - Size UK 10,APP-00247,GST,12,1102.91,1854.52,15,Footwear,6404,8907447012045
Woodland Olive Sherwani - Size S,APP-00248,GST,12,2624.85,5863.98,3,Ethnic Wear,6211,8900225579415
Biba White Boys Graphic T-Shirt - Size XL,APP-00249,GST,5,213.5,406.12,25,Kids Wear,6111,8907621202169
Bata Red Men's Oxford Leather Shoes - Size UK 9,APP-00250,GST,12,1387.4,2489.63,2,Footwear,6403,8902771670145
Mango Teal Formal Shirt - Size 3XL,APP-00251,GST,12,556.93,1125.85,22,Men's Wear,6205,8908891637562
Peter England Black Kids Velcro Sneakers - Size UK 10,APP-00252,GST,12,780.37,1526.5,31,Footwear,6404,8907217535408
Marks & Spencer Pink Palazzo Pants - Size XL,APP-00253,GST,5,526.64,873.44,30,Women's Wear,6204,8907971775170
Aurelia Maroon Slim Fit Blazer - Size S,APP-00254,GST,12,3449.5,4829.94,6,Men's Wear,6203,8909948837550
Bata Green Palazzo Pants - Size XXL,APP-00255,GST,12,609.62,1255.79,24,Women's Wear,6204,8907113055488
Zara Black Girls Floral Frock - Size M,APP-00256,GST,5,419.72,967.04,27,Kids Wear,6111,8901493316373
Zara Teal Boys Graphic T-Shirt - Size XL,APP-00257,GST,5,111.03,232.79,38,Kids Wear,6111,8901779827080
Woodland Mustard Kids Velcro Sneakers - Size UK 9,APP-00258,GST,12,521.08,1020.88,12,Footwear,6404,8909221699586
Puma Navy Men's Pullover Sweater - Size XL,APP-00259,GST,12,1026.83,2533.74,29,Winter Wear,6110,8902269848583
Levi's Beige Formal Trousers - Size 3XL,APP-00260,GST,12,565.68,1006.81,9,Women's Wear,6204,8902885158799
Marks & Spencer Navy Men's Pullover Sweater - Size XL,APP-00261,GST,12,1139.8,2251.11,2,Winter Wear,6110,8906200342442
Raymond Blue Denim Jeans - Size XXL,APP-00262,GST,5,421.64,967.84,7,Men's Wear,6203,8909838638406
Woodland Teal Girls Leggings - Size 3XL,APP-00263,GST,5,129.24,259.43,1,Kids Wear,6111,8904397359893
Raymond Yellow Formal Trousers - Size M,APP-00264,GST,12,1333.97,1976.83,12,Women's Wear,6204,8908160648422
Nike Black Men's Leather Belt,APP-00265,GST,18,283.43,689.08,3,Accessories,4202,8902590947985
Manyavar Grey Chinos - Size M,APP-00266,GST,12,1180.0,2327.74,33,Men's Wear,6203,8902688615335
W for Woman Navy Boys Graphic T-Shirt - Size M,APP-00267,GST,5,324.81,675.65,31,Kids Wear,6111,8908015739930
Aurelia Teal Sherwani - Size S,APP-00268,GST,12,4574.03,9121.81,19,Ethnic Wear,6211,8900858877043
Mango White Sherwani - Size S,APP-00269,GST,12,2722.3,6674.82,35,Ethnic Wear,6211,8908013361386
H&M Olive Imitation Necklace Set,APP-00270,GST,3,231.48,506.6,3,Jewelry,7117,8901102481934
Aurelia Yellow Men's Pullover Sweater - Size 3XL,APP-00271,GST,12,867.31,1516.1,25,Winter Wear,6110,8901809190158
Raymond Teal Slim Fit Blazer - Size 3XL,APP-00272,GST,12,2392.14,3576.62,29,Men's Wear,6203,8906607283268
FabIndia Navy Designer Lehenga Choli,APP-00273,GST,12,8243.56,11642.09,36,Ethnic Wear,6204,8902100996881
Levi's Olive Men's Kurta Pajama Set - Size 3XL,APP-00274,GST,12,1887.79,3356.94,27,Ethnic Wear,6211,8908222394312
Peter England Mustard Genuine Leather Wallet,APP-00275,GST,18,659.69,976.65,5,Accessories,4202,8904139755231
H&M Blue Designer Lehenga Choli,APP-00276,GST,12,4361.41,7681.23,20,Ethnic Wear,6204,8909299556205
Puma Olive Silk Saree,APP-00277,GST,12,1924.73,3455.73,22,Ethnic Wear,5407,8907775478129
Nike Mustard Formal Trousers - Size M,APP-00278,GST,12,1257.74,2032.6,5,Men's Wear,6203,8901080996930
Nike Grey Kids Velcro Sneakers - Size UK 9,APP-00279,GST,12,447.8,1008.76,24,Footwear,6404,8906394278816
Mango Black Girls Floral Frock - Size 3XL,APP-00280,GST,5,284.84,700.82,40,Kids Wear,6111,8902827229927
Peter England Blue Boys Denim Jeans - Size XL,APP-00281,GST,5,328.05,554.67,15,Kids Wear,6111,8900385677005
Mango Pink Slim Fit Blazer - Size L,APP-00282,GST,12,3664.0,6190.87,35,Men's Wear,6203,8909266591846
Mango Maroon Palazzo Pants - Size L,APP-00283,GST,12,735.08,1308.1,31,Women's Wear,6204,8909082723184
FabIndia Red Crop Top - Size M,APP-00284,GST,5,252.88,553.56,8,Women's Wear,6206,8903651777392
Woodland Black Imitation Necklace Set,APP-00285,GST,3,260.15,528.32,11,Jewelry,7117,8902809202428
Allen Solly Olive Kids Winter Jacket - Size 3XL,APP-00286,GST,12,980.89,1679.09,6,Kids Wear,6209,8903797723692
Biba Beige Men's Leather Belt,APP-00287,GST,18,213.15,459.15,30,Accessories,4202,8909913662103
Mango Pink Women's Stiletto Heels - Size UK 8,APP-00288,GST,12,1360.75,2811.39,12,Footwear,6403,8907990881172
Marks & Spencer Mustard Women's Tote Handbag,APP-00289,GST,18,1483.05,3340.36,28,Accessories,4202,8908650863765
Zara Maroon Men's Leather Belt,APP-00290,GST,18,234.56,525.98,6,Accessories,4202,8904986430098
Mango Black Two-Piece Suit - Size XL,APP-00291,GST,12,3867.3,8340.01,21,Men's Wear,6203,8906512694486
W for Woman Beige Genuine Leather Wallet,APP-00292,GST,18,703.54,1292.54,14,Accessories,4202,8906887258874
W for Woman Teal Men's Kurta Pajama Set - Size 3XL,APP-00293,GST,12,1342.43,2083.29,8,Ethnic Wear,6211,8903721386589
Biba Maroon Denim Jeans - Size 3XL,APP-00294,GST,5,607.33,911.11,10,Men's Wear,6203,8907961143519
Aurelia Maroon Polo T-Shirt - Size XXL,APP-00295,GST,5,531.27,911.19,39,Men's Wear,6109,8900277038430
Mango Grey Women's Tote Handbag,APP-00296,GST,18,1228.28,2630.28,24,Accessories,4202,8903021465669
Mango Black Formal Trousers - Size 3XL,APP-00297,GST,12,657.41,1585.07,36,Women's Wear,6204,8904895543937
Allen Solly Navy Kids Winter Jacket - Size M,APP-00298,GST,12,848.32,1286.99,5,Kids Wear,6209,8908451848947
Local Boutique Teal Girls Leggings - Size M,APP-00299,GST,5,168.93,415.12,30,Kids Wear,6111,8907907141633
Woodland Green Sherwani - Size XXL,APP-00300,GST,12,4974.57,10799.3,17,Ethnic Wear,6211,8903416518275
Levi's Beige Boys Denim Jeans - Size L,APP-00301,GST,5,231.24,513.54,13,Kids Wear,6111,8907333433339
FabIndia Teal Boys Denim Jeans - Size S,APP-00302,GST,5,309.96,460.7,32,Kids Wear,6111,8909080759579
Local Boutique Red Georgette Saree,APP-00303,GST,12,1143.94,2545.47,9,Ethnic Wear,5407,8900867808562
Zara Olive Thermal Innerwear Set - Size XXL,APP-00304,GST,5,374.7,808.66,1,Winter Wear,6107,8903691559428
Puma Navy Cotton Printed Saree,APP-00305,GST,12,1311.08,2330.33,12,Ethnic Wear,5407,8907636556472
FabIndia Beige Genuine Leather Wallet,APP-00306,GST,18,515.72,1130.91,16,Accessories,4202,8908663227026
FabIndia Mustard Men's Loafers - Size UK 10,APP-00307,GST,12,845.26,1853.33,32,Footwear,6403,8904489061203
Local Boutique Mustard Cotton Printed Saree,APP-00308,GST,12,834.65,1475.76,24,Ethnic Wear,5407,8905884506159
Marks & Spencer Red Formal Trousers - Size L,APP-00309,GST,12,512.56,1097.15,32,Women's Wear,6204,8907169472256
Aurelia Mustard Polarized Sunglasses,APP-00310,GST,18,599.63,1066.14,21,Accessories,9004,8905449647598
Woodland Red Unisex Hoodie - Size M,APP-00311,GST,12,1051.23,1616.31,16,Winter Wear,6110,8904132611178
Allen Solly Teal Denim Jeans - Size XL,APP-00312,GST,12,801.55,2000.36,7,Men's Wear,6203,8904921643347
FabIndia Red Polarized Sunglasses,APP-00313,GST,18,450.72,960.0,21,Accessories,9004,8907784872829
Bata Pink Women's Tote Handbag,APP-00314,GST,18,1140.55,2399.12,20,Accessories,4202,8905783174564
Raymond Black A-Line Dress - Size S,APP-00315,GST,12,715.79,1599.17,9,Women's Wear,6204,8905478077406
Puma Teal Designer Lehenga Choli,APP-00316,GST,12,5104.42,8204.98,36,Ethnic Wear,6204,8906632663416
Puma Grey Polarized Sunglasses,APP-00317,GST,18,675.54,1497.82,18,Accessories,9004,8906312241797
Local Boutique Blue Georgette Saree,APP-00318,GST,12,948.54,1379.74,35,Ethnic Wear,5407,8900214427031
Allen Solly Yellow A-Line Dress - Size M,APP-00319,GST,12,742.75,1294.41,32,Women's Wear,6204,8905705120461
Local Boutique Red Women's Flat Sandals - Size UK 6,APP-00320,GST,12,774.75,1297.78,25,Footwear,6404,8900136730371
Levi's Yellow Women's Stiletto Heels - Size UK 8,APP-00321,GST,12,1426.26,2486.43,21,Footwear,6403,8902088147435
Levi's White Denim Jeans - Size M,APP-00322,GST,12,1268.73,2229.11,11,Men's Wear,6203,8904916300979
W for Woman Teal A-Line Dress - Size S,APP-00323,GST,12,583.54,1137.85,40,Women's Wear,6204,8905005281273
Marks & Spencer Teal Sherwani - Size 3XL,APP-00324,GST,12,5806.89,13275.01,29,Ethnic Wear,6211,8903065240778
Marks & Spencer Olive Designer Lehenga Choli,APP-00325,GST,12,3235.63,5194.12,23,Ethnic Wear,6204,8905749821827
Nike Grey Designer Lehenga Choli,APP-00326,GST,12,3290.09,7414.26,33,Ethnic Wear,6204,8906209593518
Levi's Grey Girls Leggings - Size 3XL,APP-00327,GST,5,161.54,324.14,40,Kids Wear,6111,8904565118102
Peter England Blue Denim Jacket - Size S,APP-00328,GST,12,1187.39,1791.33,37,Women's Wear,6204,8906789940539
Allen Solly Blue Chinos - Size 3XL,APP-00329,GST,12,649.74,1545.56,6,Men's Wear,6203,8907058650948
H&M Mustard Polo T-Shirt - Size L,APP-00330,GST,5,259.83,425.47,34,Men's Wear,6109,8901138633839
Biba Grey Polarized Sunglasses,APP-00331,GST,18,1099.83,2466.83,37,Accessories,9004,8905761228685
Marks & Spencer Beige Maxi Dress - Size XL,APP-00332,GST,12,1434.54,3432.47,36,Women's Wear,6204,8905566593983
Marks & Spencer Olive Girls Leggings - Size L,APP-00333,GST,5,145.44,276.0,26,Kids Wear,6111,8900049082404
Levi's Mustard Palazzo Pants - Size L,APP-00334,GST,5,205.19,472.79,18,Women's Wear,6204,8908889921075
FabIndia Navy A-Line Dress - Size L,APP-00335,GST,12,1322.26,2214.57,17,Women's Wear,6204,8904196931572
Zara Beige Men's Loafers - Size UK 10,APP-00336,GST,12,648.3,1428.77,37,Footwear,6403,8906105566139
Aurelia Black Formal Shirt - Size L,APP-00337,GST,12,609.46,1067.31,37,Men's Wear,6205,8902583206799
H&M Blue Sports Running Sneakers - Size UK 8,APP-00338,GST,12,1371.09,2514.24,9,Footwear,6404,8905179086416
Woodland Teal Sports Running Sneakers - Size UK 10,APP-00339,GST,12,1263.47,1956.31,36,Footwear,6404,8903769389833
Nike Teal Chinos - Size XL,APP-00340,GST,12,522.78,1263.33,6,Men's Wear,6203,8901665535590
Biba Green Men's Kurta Pajama Set - Size XXL,APP-00341,GST,12,1379.89,3150.39,40,Ethnic Wear,6211,8902703352110
FabIndia Mustard Silk Saree,APP-00342,GST,12,1001.9,2167.29,8,Ethnic Wear,5407,8904770538338
Nike Grey Women's Stiletto Heels - Size UK 8,APP-00343,GST,12,945.45,2355.61,2,Footwear,6403,8906980420439
Peter England Yellow Georgette Saree,APP-00344,GST,12,717.23,1525.12,24,Ethnic Wear,5407,8901046368157
Marks & Spencer White Women's Tote Handbag,APP-00345,GST,18,641.85,1581.17,36,Accessories,4202,8900038457620
W for Woman Green Boys Denim Jeans - Size 3XL,APP-00346,GST,5,246.01,613.95,33,Kids Wear,6111,8904046084325
FabIndia White Kids Winter Jacket - Size 3XL,APP-00347,GST,12,508.25,1248.6,40,Kids Wear,6209,8903639264957
FabIndia Blue Women's Flat Sandals - Size UK 10,APP-00348,GST,12,278.53,555.8,13,Footwear,6404,8902482629251
Marks & Spencer Olive Kids Velcro Sneakers - Size UK 5,APP-00349,GST,12,295.35,686.23,10,Footwear,6404,8900566474231
Biba Black Cotton Kurti - Size XXL,APP-00350,GST,5,425.06,878.24,40,Women's Wear,6211,8903933051728
Local Boutique Olive Women's Tote Handbag,APP-00351,GST,18,845.26,1543.62,31,Accessories,4202,8902233060463
Levi's White Formal Trousers - Size M,APP-00352,GST,12,764.01,1897.94,40,Women's Wear,6204,8907573660965
Marks & Spencer Grey Kids Winter Jacket - Size 3XL,APP-00353,GST,12,886.61,2008.71,34,Kids Wear,6209,8901770388608
Mango Teal Girls Leggings - Size 3XL,APP-00354,GST,5,302.65,486.91,29,Kids Wear,6111,8906447264908
Bata Mustard A-Line Dress - Size 3XL,APP-00355,GST,12,673.76,1478.85,8,Women's Wear,6204,8902982665702
Levi's Yellow Thermal Innerwear Set - Size S,APP-00356,GST,5,285.79,617.57,11,Winter Wear,6107,8901117518689
Aurelia Grey Maxi Dress - Size XL,APP-00357,GST,12,749.79,1190.64,22,Women's Wear,6204,8909222206447
Biba White Designer Lehenga Choli,APP-00358,GST,12,8310.96,11667.64,17,Ethnic Wear,6204,8900777809733
Local Boutique Yellow Men's Leather Belt,APP-00359,GST,18,325.15,670.24,1,Accessories,4202,8903849830220
W for Woman Black Imitation Necklace Set,APP-00360,GST,3,673.15,1436.29,39,Jewelry,7117,8904510162249
Marks & Spencer Red Women's Tote Handbag,APP-00361,GST,18,1652.55,2968.32,3,Accessories,4202,8901455616814
FabIndia White Men's Oxford Leather Shoes - Size UK 10,APP-00362,GST,12,2251.24,3966.98,27,Footwear,6403,8908339019817
Raymond Maroon Women's Tote Handbag,APP-00363,GST,18,853.24,1734.34,40,Accessories,4202,8905299787729
Raymond Blue Palazzo Pants - Size S,APP-00364,GST,5,300.37,574.12,8,Women's Wear,6204,8903966055830
Levi's Olive Polarized Sunglasses,APP-00365,GST,18,972.64,1434.28,20,Accessories,9004,8908850155699
Biba Blue Casual T-Shirt - Size L,APP-00366,GST,5,329.39,795.31,31,Men's Wear,6109,8907027278576
Mango Navy Denim Jeans - Size XXL,APP-00367,GST,12,1386.57,2422.42,35,Men's Wear,6203,8900395512405
Marks & Spencer Mustard Girls Leggings - Size M,APP-00368,GST,5,191.32,349.84,39,Kids Wear,6111,8901450461735
Raymond Blue Unisex Hoodie - Size XXL,APP-00369,GST,5,604.49,920.92,3,Winter Wear,6110,8903178078235
Mango Navy Men's Oxford Leather Shoes - Size UK 11,APP-00370,GST,12,1036.4,2328.2,7,Footwear,6403,8908230768104
H&M Green Polo T-Shirt - Size XL,APP-00371,GST,12,731.41,1106.92,20,Men's Wear,6109,8900943533448
Bata Pink Sherwani - Size S,APP-00372,GST,12,4992.06,7853.73,8,Ethnic Wear,6211,8900988138585
FabIndia Olive Georgette Saree,APP-00373,GST,12,1944.2,3088.18,20,Ethnic Wear,5407,8909587020701
Peter England White Girls Leggings - Size XL,APP-00374,GST,5,132.02,287.17,38,Kids Wear,6111,8907954538179
H&M Mustard Cotton Kurti - Size 3XL,APP-00375,GST,5,396.26,753.35,30,Women's Wear,6211,8907332945625
Bata Yellow Sherwani - Size S,APP-00376,GST,12,3629.56,5532.09,31,Ethnic Wear,6211,8907245992816
Manyavar Grey Slim Fit Blazer - Size 3XL,APP-00377,GST,12,1412.85,2447.53,30,Men's Wear,6203,8906963938276
Manyavar Blue Chinos - Size 3XL,APP-00378,GST,12,756.97,1712.83,28,Men's Wear,6203,8909583219719
Bata Green Women's Tote Handbag,APP-00379,GST,18,1977.36,3151.5,26,Accessories,4202,8901919657013
Allen Solly Teal Cotton Kurti - Size M,APP-00380,GST,5,482.09,915.14,19,Women's Wear,6211,8906997335494
W for Woman White Women's Woolen Cardigan - Size XXL,APP-00381,GST,5,270.62,672.5,26,Winter Wear,6110,8902405800851
Allen Solly Blue Designer Lehenga Choli,APP-00382,GST,12,5180.06,9498.66,21,Ethnic Wear,6204,8906666832723
Aurelia Mustard Kids Velcro Sneakers - Size UK 7,APP-00383,GST,12,905.12,1420.76,9,Footwear,6404,8902010276212
Woodland Mustard Imitation Necklace Set,APP-00384,GST,3,684.0,1480.81,28,Jewelry,7117,8909278687653
Woodland Beige Denim Jacket - Size S,APP-00385,GST,12,846.14,1972.76,16,Women's Wear,6204,8908468950097
Zara Beige Girls Floral Frock - Size XL,APP-00386,GST,12,981.02,1459.82,34,Kids Wear,6111,8904781891371
Marks & Spencer Teal Polarized Sunglasses,APP-00387,GST,18,913.71,2187.38,35,Accessories,9004,8900778795654
Biba Black Designer Lehenga Choli,APP-00388,GST,12,4805.04,9706.56,4,Ethnic Wear,6204,8907929049047
FabIndia Grey Formal Trousers - Size S,APP-00389,GST,12,1155.72,1971.23,9,Men's Wear,6203,8909444019292
W for Woman Teal Unisex Hoodie - Size M,APP-00390,GST,5,400.39,869.18,32,Winter Wear,6110,8902805129276
Puma Pink Girls Leggings - Size XL,APP-00391,GST,5,255.11,404.1,37,Kids Wear,6111,8905041027674
Marks & Spencer Blue Men's Oxford Leather Shoes - Size UK 8,APP-00392,GST,12,1872.64,3425.21,17,Footwear,6403,8902860476580
Marks & Spencer Pink Slim Fit Blazer - Size L,APP-00393,GST,12,3618.9,6785.3,18,Men's Wear,6203,8905441496739
Mango Green Formal Trousers - Size 3XL,APP-00394,GST,12,980.28,1566.39,36,Women's Wear,6204,8900010618175
Raymond Navy Palazzo Pants - Size M,APP-00395,GST,5,233.38,485.74,4,Women's Wear,6204,8909391119269
Zara Olive Denim Jacket - Size M,APP-00396,GST,12,698.42,1336.54,5,Women's Wear,6204,8907465421406
Manyavar Black Girls Leggings - Size L,APP-00397,GST,5,286.47,484.46,29,Kids Wear,6111,8901739627128
Levi's Beige Women's Woolen Cardigan - Size 3XL,APP-00398,GST,5,436.76,823.62,17,Winter Wear,6110,8901011947072
Allen Solly Black Imitation Necklace Set,APP-00399,GST,3,358.7,778.41,26,Jewelry,7117,8909087766183
Aurelia Olive Formal Shirt - Size XL,APP-00400,GST,5,309.6,615.75,23,Men's Wear,6205,8905460158517
Levi's Red Designer Lehenga Choli,APP-00401,GST,12,5513.95,11727.11,20,Ethnic Wear,6204,8906157173203
Puma Yellow Casual T-Shirt - Size XL,APP-00402,GST,5,155.26,309.69,20,Men's Wear,6109,8907870050506
Levi's Teal Two-Piece Suit - Size 3XL,APP-00403,GST,12,4431.42,8438.34,35,Men's Wear,6203,8902931027079
Puma Olive Polo T-Shirt - Size 3XL,APP-00404,GST,5,295.48,469.65,4,Men's Wear,6109,8904179291117
Puma White Women's Tote Handbag,APP-00405,GST,18,939.54,2154.05,26,Accessories,4202,8905198253092
H&M White Boys Graphic T-Shirt - Size L,APP-00406,GST,5,150.38,279.21,24,Kids Wear,6111,8908273902196
Allen Solly Yellow Maxi Dress - Size S,APP-00407,GST,12,686.13,1096.0,6,Women's Wear,6204,8909467232487
Puma Red Men's Pullover Sweater - Size XXL,APP-00408,GST,12,991.71,2038.85,32,Winter Wear,6110,8909145608331
Zara Beige Women's Stiletto Heels - Size UK 7,APP-00409,GST,12,1163.78,2892.52,33,Footwear,6403,8903734031277
Biba Pink Denim Jacket - Size S,APP-00410,GST,5,525.32,945.89,14,Women's Wear,6204,8906459701082
Allen Solly Yellow Maxi Dress - Size XXL,APP-00411,GST,12,575.56,1372.48,29,Women's Wear,6204,8909956353153
Puma Olive Slim Fit Blazer - Size XL,APP-00412,GST,12,3509.18,6362.44,15,Men's Wear,6203,8901797062397
Aurelia Green Denim Jacket - Size M,APP-00413,GST,12,1076.6,1737.17,23,Women's Wear,6204,8904352090421
Bata Maroon Thermal Innerwear Set - Size M,APP-00414,GST,12,658.96,1081.91,19,Winter Wear,6107,8909292983168
Levi's Beige Men's Loafers - Size UK 8,APP-00415,GST,12,1453.06,2480.5,28,Footwear,6403,8903356939290
Peter England Black Men's Pullover Sweater - Size XL,APP-00416,GST,12,1082.01,2114.93,28,Winter Wear,6110,8908671773180
Levi's Red Men's Pullover Sweater - Size L,APP-00417,GST,12,624.09,1318.34,6,Winter Wear,6110,8900742799077
Aurelia Red Cotton Kurti - Size L,APP-00418,GST,5,407.73,886.52,1,Women's Wear,6211,8901658046498
Levi's Teal Genuine Leather Wallet,APP-00419,GST,18,539.55,954.61,4,Accessories,4202,8908501657905
Biba Pink Girls Floral Frock - Size XXL,APP-00420,GST,12,590.09,1190.12,14,Kids Wear,6111,8902538179335
Nike Grey Boys Denim Jeans - Size 3XL,APP-00421,GST,5,489.94,715.26,24,Kids Wear,6111,8905778817884
W for Woman Teal Unisex Hoodie - Size 3XL,APP-00422,GST,12,756.07,1731.16,5,Winter Wear,6110,8903711624112
Zara Olive Georgette Saree,APP-00423,GST,12,1205.8,2848.69,34,Ethnic Wear,5407,8900468275670
Levi's White Designer Lehenga Choli,APP-00424,GST,12,6597.81,10923.07,34,Ethnic Wear,6204,8905695579887
Raymond Beige Thermal Innerwear Set - Size M,APP-00425,GST,12,695.07,1207.44,17,Winter Wear,6107,8903754025472
Biba Olive Clutch Sling Bag,APP-00426,GST,18,483.19,769.67,10,Accessories,4202,8902310592745
Levi's Grey Denim Jacket - Size 3XL,APP-00427,GST,5,519.26,907.99,23,Women's Wear,6204,8902578284106
FabIndia Yellow Men's Loafers - Size UK 7,APP-00428,GST,12,464.44,1145.86,35,Footwear,6403,8908547492975
Local Boutique Black Two-Piece Suit - Size M,APP-00429,GST,12,5574.29,8520.66,2,Men's Wear,6203,8906937515093
Mango Blue Men's Leather Belt,APP-00430,GST,18,322.2,480.7,29,Accessories,4202,8901863759980
Aurelia Red Girls Floral Frock - Size 3XL,APP-00431,GST,12,745.32,1346.49,24,Kids Wear,6111,8900455478137
Bata Navy Men's Pullover Sweater - Size M,APP-00432,GST,12,910.4,2246.32,28,Winter Wear,6110,8906299123478
H&M Beige Boys Graphic T-Shirt - Size XL,APP-00433,GST,5,136.91,253.34,18,Kids Wear,6111,8906287923264
Local Boutique Black Kids Velcro Sneakers - Size UK 11,APP-00434,GST,12,606.29,1405.4,20,Footwear,6404,8907873002447
Raymond Maroon Two-Piece Suit - Size M,APP-00435,GST,12,3286.4,7087.53,16,Men's Wear,6203,8900147195979
Nike Pink Women's Woolen Cardigan - Size 3XL,APP-00436,GST,12,643.86,1393.1,8,Winter Wear,6110,8905890429025
FabIndia Green Thermal Innerwear Set - Size M,APP-00437,GST,5,243.77,438.13,23,Winter Wear,6107,8900448183219
Marks & Spencer Green Maxi Dress - Size L,APP-00438,GST,12,1469.07,3163.59,20,Women's Wear,6204,8904518952028
W for Woman Teal Designer Lehenga Choli,APP-00439,GST,12,2926.13,7060.75,11,Ethnic Wear,6204,8901328338988
Zara Maroon Kids Velcro Sneakers - Size UK 8,APP-00440,GST,12,985.43,1505.95,9,Footwear,6404,8900754527985
Raymond Black Denim Jacket - Size 3XL,APP-00441,GST,12,1481.56,2436.57,10,Women's Wear,6204,8903423216110
Woodland Black Men's Oxford Leather Shoes - Size UK 6,APP-00442,GST,12,727.03,1652.08,33,Footwear,6403,8909071401401
Levi's Beige Two-Piece Suit - Size M,APP-00443,GST,12,2643.34,4722.82,6,Men's Wear,6203,8902495528938
H&M White Genuine Leather Wallet,APP-00444,GST,18,398.3,871.24,19,Accessories,4202,8902801387592
Zara Red Unisex Hoodie - Size L,APP-00445,GST,12,951.75,1776.44,33,Winter Wear,6110,8903615171827
Raymond Grey Girls Floral Frock - Size 3XL,APP-00446,GST,5,279.76,492.64,8,Kids Wear,6111,8906479473864
Levi's Mustard Women's Woolen Cardigan - Size S,APP-00447,GST,12,892.78,2037.92,24,Winter Wear,6110,8902071678112
Aurelia Olive Kids Winter Jacket - Size XXL,APP-00448,GST,12,977.38,2165.46,11,Kids Wear,6209,8901535396136
Nike Teal Men's Loafers - Size UK 10,APP-00449,GST,12,1140.43,2341.31,26,Footwear,6403,8905796784271
Nike Yellow Two-Piece Suit - Size XL,APP-00450,GST,12,2083.74,5077.33,2,Men's Wear,6203,8901017026952
Zara Teal Men's Kurta Pajama Set - Size S,APP-00451,GST,12,1392.49,2745.92,32,Ethnic Wear,6211,8907347784858
Allen Solly Teal Women's Flat Sandals - Size UK 5,APP-00452,GST,12,587.34,1390.9,8,Footwear,6404,8906756770028
Biba Yellow Men's Kurta Pajama Set - Size XL,APP-00453,GST,12,648.71,1418.91,32,Ethnic Wear,6211,8901978897782
Peter England Maroon Sports Running Sneakers - Size UK 7,APP-00454,GST,12,1309.35,3231.42,40,Footwear,6404,8905450090255
Allen Solly Teal Men's Leather Belt,APP-00455,GST,18,333.0,623.04,23,Accessories,4202,8906503334911
Zara Green Men's Kurta Pajama Set - Size M,APP-00456,GST,12,642.32,1129.67,30,Ethnic Wear,6211,8906986407905
Aurelia Green Girls Leggings - Size XXL,APP-00457,GST,5,95.09,184.2,14,Kids Wear,6111,8905785294563
H&M Mustard Men's Loafers - Size UK 11,APP-00458,GST,12,1101.47,1890.23,4,Footwear,6403,8904963919195
H&M Beige Georgette Saree,APP-00459,GST,12,1478.91,2635.49,5,Ethnic Wear,5407,8904846853664
Mango Yellow Clutch Sling Bag,APP-00460,GST,18,789.2,1649.93,34,Accessories,4202,8902973748969
Peter England Grey Polarized Sunglasses,APP-00461,GST,18,1065.57,1664.98,10,Accessories,9004,8904665136442
Puma Maroon Cotton Printed Saree,APP-00462,GST,5,565.31,910.78,16,Ethnic Wear,5407,8904778660324
Allen Solly Navy Cotton Kurti - Size L,APP-00463,GST,5,573.1,913.28,3,Women's Wear,6211,8907001594165
Aurelia Mustard Formal Trousers - Size 3XL,APP-00464,GST,12,1179.67,1957.84,37,Men's Wear,6203,8908189847139
Manyavar Green Two-Piece Suit - Size XXL,APP-00465,GST,12,3926.09,8976.72,16,Men's Wear,6203,8906321234764
Peter England Yellow Men's Leather Belt,APP-00466,GST,18,569.92,868.71,35,Accessories,4202,8906734257540
Peter England Mustard Imitation Necklace Set,APP-00467,GST,3,552.79,1253.56,16,Jewelry,7117,8904864518376
Aurelia Navy Formal Shirt - Size L,APP-00468,GST,5,252.1,581.08,16,Men's Wear,6205,8904327560417
Woodland Mustard Men's Oxford Leather Shoes - Size UK 7,APP-00469,GST,12,1492.77,3529.55,7,Footwear,6403,8902481569857
Peter England Pink Casual T-Shirt - Size 3XL,APP-00470,GST,5,204.35,385.76,9,Men's Wear,6109,8900634591123
FabIndia Mustard Women's Stiletto Heels - Size UK 9,APP-00471,GST,12,1098.68,2496.09,21,Footwear,6403,8907724295431
W for Woman Red Men's Pullover Sweater - Size XL,APP-00472,GST,12,973.68,2375.03,37,Winter Wear,6110,8903008931734
Peter England Maroon Maxi Dress - Size XXL,APP-00473,GST,12,1281.51,2160.84,6,Women's Wear,6204,8905291086771
Levi's Blue Palazzo Pants - Size L,APP-00474,GST,5,387.1,752.36,9,Women's Wear,6204,8906393436262
Raymond Navy Casual T-Shirt - Size M,APP-00475,GST,5,274.86,659.14,24,Men's Wear,6109,8909710725636
Nike White Women's Woolen Cardigan - Size S,APP-00476,GST,12,1041.48,1517.78,16,Winter Wear,6110,8907599004896
Aurelia Pink Men's Kurta Pajama Set - Size L,APP-00477,GST,12,593.44,1413.24,3,Ethnic Wear,6211,8909242875721
Mango Maroon Sherwani - Size M,APP-00478,GST,12,4423.11,7716.55,9,Ethnic Wear,6211,8907456449485
Biba Green Women's Woolen Cardigan - Size 3XL,APP-00479,GST,12,978.39,2191.63,10,Winter Wear,6110,8908703203207
Biba Olive Cotton Printed Saree,APP-00480,GST,12,582.51,1453.2,32,Ethnic Wear,5407,8900758777121
H&M Blue Boys Denim Jeans - Size L,APP-00481,GST,5,322.85,511.75,33,Kids Wear,6111,8904993908926
Puma Teal Chinos - Size XL,APP-00482,GST,12,781.62,1857.21,2,Men's Wear,6203,8904165915201
Local Boutique Yellow Thermal Innerwear Set - Size 3XL,APP-00483,GST,12,613.17,1259.23,1,Winter Wear,6107,8905097592304
Peter England Olive Sherwani - Size S,APP-00484,GST,12,5298.44,10928.15,6,Ethnic Wear,6211,8906423610326
Raymond Pink Kids Winter Jacket - Size 3XL,APP-00485,GST,5,519.19,897.37,28,Kids Wear,6209,8904925158377
Local Boutique Navy Girls Leggings - Size XXL,APP-00486,GST,5,240.2,360.12,28,Kids Wear,6111,8905926610857
FabIndia Yellow Palazzo Pants - Size XXL,APP-00487,GST,12,561.94,1111.04,19,Women's Wear,6204,8907617422438
Raymond Beige Women's Woolen Cardigan - Size S,APP-00488,GST,12,626.2,1508.53,33,Winter Wear,6110,8901866179454
H&M Teal Men's Leather Belt,APP-00489,GST,18,196.33,417.73,12,Accessories,4202,8902601645977
Nike Green Clutch Sling Bag,APP-00490,GST,18,542.35,805.95,39,Accessories,4202,8904168006102
Local Boutique Yellow Imitation Necklace Set,APP-00491,GST,3,590.09,1453.03,39,Jewelry,7117,8907499564122
Levi's White Formal Shirt - Size S,APP-00492,GST,12,783.77,1259.56,2,Men's Wear,6205,8903723683147
Local Boutique Maroon A-Line Dress - Size S,APP-00493,GST,5,382.69,915.65,29,Women's Wear,6204,8907707933496
Manyavar Black Denim Jeans - Size S,APP-00494,GST,12,1018.06,2223.86,27,Men's Wear,6203,8907998407678
Local Boutique Blue Men's Leather Belt,APP-00495,GST,18,395.24,736.8,21,Accessories,4202,8908146717957
Allen Solly Red Women's Woolen Cardigan - Size L,APP-00496,GST,12,928.08,1778.36,29,Winter Wear,6110,8903839597246
W for Woman Teal Men's Pullover Sweater - Size XL,APP-00497,GST,12,959.88,2235.55,40,Winter Wear,6110,8903417223297
Woodland Yellow Slim Fit Blazer - Size L,APP-00498,GST,12,1614.96,3250.12,2,Men's Wear,6203,8905452280156
Puma White Two-Piece Suit - Size XXL,APP-00499,GST,12,2984.99,5025.54,22,Men's Wear,6203,8905084289107
Zara White Thermal Innerwear Set - Size XXL,APP-00500,GST,5,403.03,944.79,7,Winter Wear,6107,8908081213524
Mango Yellow Unisex Hoodie - Size 3XL,APP-00501,GST,12,1042.74,1636.82,24,Winter Wear,6110,8905213760375
Mango Red Designer Lehenga Choli,APP-00502,GST,12,2668.17,5834.53,27,Ethnic Wear,6204,8905328632666
Mango Teal Thermal Innerwear Set - Size 3XL,APP-00503,GST,5,501.98,719.21,10,Winter Wear,6107,8900811556260
Peter England Pink Kids Winter Jacket - Size 3XL,APP-00504,GST,5,439.2,892.47,34,Kids Wear,6209,8904668455048
FabIndia Olive Clutch Sling Bag,APP-00505,GST,18,678.01,1102.2,35,Accessories,4202,8909975634108
Aurelia Olive Boys Graphic T-Shirt - Size 3XL,APP-00506,GST,5,372.17,572.63,35,Kids Wear,6111,8904318848520
Marks & Spencer Beige Casual T-Shirt - Size L,APP-00507,GST,5,187.44,422.04,28,Men's Wear,6109,8908105485101
Raymond Beige Unisex Hoodie - Size 3XL,APP-00508,GST,5,308.3,546.57,16,Winter Wear,6110,8909989354492
Mango Olive Girls Leggings - Size M,APP-00509,GST,5,94.93,186.83,13,Kids Wear,6111,8905712661106
Local Boutique Blue Cotton Kurti - Size XL,APP-00510,GST,5,198.45,425.58,26,Women's Wear,6211,8909886497677
Biba Red Men's Pullover Sweater - Size XXL,APP-00511,GST,12,463.45,1011.37,9,Winter Wear,6110,8908813770285
Woodland White Two-Piece Suit - Size S,APP-00512,GST,12,3576.16,6145.81,34,Men's Wear,6203,8902154544702
Woodland Black A-Line Dress - Size L,APP-00513,GST,12,1352.13,2213.62,32,Women's Wear,6204,8900185106794
Bata Green Genuine Leather Wallet,APP-00514,GST,18,375.2,822.46,39,Accessories,4202,8902287772519
Woodland Maroon Clutch Sling Bag,APP-00515,GST,18,944.39,1674.31,3,Accessories,4202,8907412094818
Levi's Beige Formal Trousers - Size XXL,APP-00516,GST,12,1061.86,1548.36,37,Men's Wear,6203,8908378018204
Puma Mustard Crop Top - Size 3XL,APP-00517,GST,5,435.45,887.24,6,Women's Wear,6206,8908956907056
Woodland Black Denim Jacket - Size XXL,APP-00518,GST,12,868.78,1462.07,8,Women's Wear,6204,8901824224124
Biba Black Men's Pullover Sweater - Size XXL,APP-00519,GST,12,1581.17,2529.24,4,Winter Wear,6110,8904615265461
Levi's Blue Denim Jeans - Size XXL,APP-00520,GST,12,1096.99,2130.66,33,Men's Wear,6203,8906140578617
Woodland Pink Casual T-Shirt - Size M,APP-00521,GST,5,595.32,845.65,36,Men's Wear,6109,8909138249671
Mango Blue Polarized Sunglasses,APP-00522,GST,18,677.96,1683.94,16,Accessories,9004,8908687007942
Peter England Yellow Formal Shirt - Size L,APP-00523,GST,12,494.79,1149.61,25,Men's Wear,6205,8905398402891
H&M Maroon Men's Kurta Pajama Set - Size 3XL,APP-00524,GST,12,894.62,1389.9,36,Ethnic Wear,6211,8904639855474
Manyavar Green Silk Saree,APP-00525,GST,12,2113.67,4353.02,2,Ethnic Wear,5407,8902097002687
Marks & Spencer White Kids Winter Jacket - Size 3XL,APP-00526,GST,12,834.6,1662.95,29,Kids Wear,6209,8901569562017
Levi's Yellow Girls Floral Frock - Size S,APP-00527,GST,5,480.11,682.6,18,Kids Wear,6111,8905319433750
Local Boutique Olive Georgette Saree,APP-00528,GST,12,540.53,1341.98,26,Ethnic Wear,5407,8901498728399
Biba White Genuine Leather Wallet,APP-00529,GST,18,693.97,1068.84,37,Accessories,4202,8903843089487
Woodland Pink Formal Shirt - Size 3XL,APP-00530,GST,12,1054.35,1536.24,21,Men's Wear,6205,8906641877580
Peter England Navy Palazzo Pants - Size XL,APP-00531,GST,12,577.29,1009.03,26,Women's Wear,6204,8903519036133
Manyavar Navy Maxi Dress - Size S,APP-00532,GST,12,1764.15,2657.51,31,Women's Wear,6204,8906095431735
Manyavar Grey Denim Jeans - Size M,APP-00533,GST,12,1278.76,2881.45,40,Men's Wear,6203,8907179110065
FabIndia Black Chinos - Size XL,APP-00534,GST,5,391.95,812.05,28,Men's Wear,6203,8901108046619
Puma Mustard Men's Pullover Sweater - Size XXL,APP-00535,GST,12,1060.77,2213.2,30,Winter Wear,6110,8906769915078
Levi's White Boys Graphic T-Shirt - Size S,APP-00536,GST,5,98.88,216.02,38,Kids Wear,6111,8903928456797
Puma Red Denim Jacket - Size S,APP-00537,GST,5,550.0,958.56,28,Women's Wear,6204,8908549822749
Raymond Green Boys Graphic T-Shirt - Size S,APP-00538,GST,5,218.35,463.66,10,Kids Wear,6111,8900388065333
Manyavar Blue Chinos - Size 3XL,APP-00539,GST,12,703.01,1519.22,30,Men's Wear,6203,8909599594652
Bata Teal Slim Fit Blazer - Size S,APP-00540,GST,12,1878.17,4530.06,15,Men's Wear,6203,8903793375636
Allen Solly Green Denim Jacket - Size S,APP-00541,GST,5,687.02,984.51,8,Women's Wear,6204,8902473950033
Biba Blue Designer Lehenga Choli,APP-00542,GST,12,5433.66,9638.23,36,Ethnic Wear,6204,8903230241026
Zara Green Imitation Necklace Set,APP-00543,GST,3,493.75,821.68,24,Jewelry,7117,8902896112233
Aurelia Olive Women's Flat Sandals - Size UK 7,APP-00544,GST,12,390.7,731.59,16,Footwear,6404,8900993842530
Nike Mustard Polarized Sunglasses,APP-00545,GST,18,1090.43,2688.16,32,Accessories,9004,8903179128685
Mango Yellow Men's Loafers - Size UK 6,APP-00546,GST,12,812.01,1470.77,31,Footwear,6403,8907749690333
Puma Maroon Unisex Hoodie - Size M,APP-00547,GST,5,389.29,925.56,37,Winter Wear,6110,8902548121478
Puma Beige Boys Denim Jeans - Size S,APP-00548,GST,5,360.41,750.81,28,Kids Wear,6111,8907766575460
Bata Blue Denim Jacket - Size L,APP-00549,GST,12,1172.64,2104.9,6,Women's Wear,6204,8904888143111
Peter England Grey Girls Floral Frock - Size M,APP-00550,GST,5,373.59,800.45,17,Kids Wear,6111,8904439284044
Aurelia Maroon Boys Denim Jeans - Size XXL,APP-00551,GST,5,705.24,996.56,33,Kids Wear,6111,8902633373898
Bata Green Thermal Innerwear Set - Size S,APP-00552,GST,5,420.07,674.9,27,Winter Wear,6107,8903778052924
Local Boutique Teal Formal Shirt - Size 3XL,APP-00553,GST,12,797.39,1414.41,27,Men's Wear,6205,8906684590902
Manyavar Beige A-Line Dress - Size 3XL,APP-00554,GST,12,857.57,2062.56,37,Women's Wear,6204,8906636186371
Bata Pink Boys Graphic T-Shirt - Size L,APP-00555,GST,5,168.8,255.69,36,Kids Wear,6111,8902097023164
Puma Navy Crop Top - Size 3XL,APP-00556,GST,5,351.07,667.08,24,Women's Wear,6206,8908025662128
Local Boutique Olive Men's Pullover Sweater - Size S,APP-00557,GST,12,621.56,1487.97,14,Winter Wear,6110,8902346729949
Mango Olive Formal Trousers - Size 3XL,APP-00558,GST,12,766.11,1242.54,10,Women's Wear,6204,8907169385977
Peter England Olive Thermal Innerwear Set - Size S,APP-00559,GST,5,275.21,652.0,30,Winter Wear,6107,8905469263296
Aurelia Pink Thermal Innerwear Set - Size M,APP-00560,GST,12,681.46,1025.66,3,Winter Wear,6107,8903248413768
W for Woman White Two-Piece Suit - Size S,APP-00561,GST,12,3182.26,7183.84,27,Men's Wear,6203,8907243807017
Manyavar Olive Girls Leggings - Size XL,APP-00562,GST,5,244.79,449.52,1,Kids Wear,6111,8904125777118
Bata Red Silk Saree,APP-00563,GST,12,2631.48,6120.09,11,Ethnic Wear,5407,8900912418621
Nike Red Formal Shirt - Size XL,APP-00564,GST,5,537.78,881.06,3,Men's Wear,6205,8908370816470
Allen Solly Black Women's Tote Handbag,APP-00565,GST,18,1244.22,3013.13,24,Accessories,4202,8903310600531
Zara Teal Palazzo Pants - Size 3XL,APP-00566,GST,5,395.44,626.28,27,Women's Wear,6204,8908155839386
Zara Blue Women's Woolen Cardigan - Size M,APP-00567,GST,5,468.79,823.06,1,Winter Wear,6110,8906506373149
Peter England White Girls Floral Frock - Size M,APP-00568,GST,5,392.84,881.65,32,Kids Wear,6111,8901892419562
Biba Pink Boys Graphic T-Shirt - Size 3XL,APP-00569,GST,5,156.54,365.8,31,Kids Wear,6111,8901509976838
Allen Solly Blue Men's Leather Belt,APP-00570,GST,18,337.15,804.59,20,Accessories,4202,8903639102574
FabIndia Maroon Formal Trousers - Size M,APP-00571,GST,12,901.91,1498.85,39,Women's Wear,6204,8907524508640
Manyavar Green Palazzo Pants - Size M,APP-00572,GST,5,456.4,666.11,16,Women's Wear,6204,8903968527017
Levi's Black Chinos - Size 3XL,APP-00573,GST,12,981.28,2386.58,9,Men's Wear,6203,8901298338167
Biba Olive Men's Kurta Pajama Set - Size M,APP-00574,GST,12,1064.7,1697.21,16,Ethnic Wear,6211,8904497347156
Biba Yellow Girls Leggings - Size XL,APP-00575,GST,5,143.91,297.94,28,Kids Wear,6111,8902706614982
Biba Navy Kids Velcro Sneakers - Size UK 8,APP-00576,GST,12,526.23,999.29,25,Footwear,6404,8908971527323
Allen Solly Mustard Formal Shirt - Size XXL,APP-00577,GST,12,716.47,1298.01,26,Men's Wear,6205,8906656749160
Aurelia Beige Two-Piece Suit - Size M,APP-00578,GST,12,2550.93,4795.56,17,Men's Wear,6203,8905875066337
W for Woman Pink Polo T-Shirt - Size 3XL,APP-00579,GST,5,428.29,928.2,10,Men's Wear,6109,8904972439920
H&M Pink Two-Piece Suit - Size 3XL,APP-00580,GST,12,5638.3,10360.0,38,Men's Wear,6203,8901836264488
Raymond Olive Girls Leggings - Size XL,APP-00581,GST,5,171.04,413.36,6,Kids Wear,6111,8901952436402
Allen Solly White Men's Loafers - Size UK 5,APP-00582,GST,12,1267.21,2356.54,27,Footwear,6403,8904622522372
Zara Yellow Sports Running Sneakers - Size UK 9,APP-00583,GST,12,2711.82,4350.3,4,Footwear,6404,8902346791214
Aurelia White Formal Trousers - Size L,APP-00584,GST,5,529.77,758.96,16,Men's Wear,6203,8907710040901
Mango Teal Crop Top - Size S,APP-00585,GST,5,285.47,562.97,18,Women's Wear,6206,8907759655553
Aurelia Maroon Girls Floral Frock - Size XXL,APP-00586,GST,5,284.71,510.1,22,Kids Wear,6111,8901076209184
W for Woman Yellow Silk Saree,APP-00587,GST,12,2174.29,4623.08,1,Ethnic Wear,5407,8905050573976
H&M Green Clutch Sling Bag,APP-00588,GST,18,707.52,1723.25,31,Accessories,4202,8901649328980
Local Boutique Teal Cotton Kurti - Size S,APP-00589,GST,5,286.46,613.13,36,Women's Wear,6211,8907271783332
Zara Maroon Formal Trousers - Size 3XL,APP-00590,GST,5,291.09,705.0,21,Men's Wear,6203,8906434712871
Puma Beige Boys Graphic T-Shirt - Size XXL,APP-00591,GST,5,135.97,241.69,25,Kids Wear,6111,8908633414111
Levi's Olive Boys Graphic T-Shirt - Size S,APP-00592,GST,5,318.6,490.69,21,Kids Wear,6111,8906904098366
W for Woman Teal Sherwani - Size 3XL,APP-00593,GST,12,9915.9,15259.96,39,Ethnic Wear,6211,8909316087524
Local Boutique Pink Palazzo Pants - Size XL,APP-00594,GST,5,353.33,604.8,3,Women's Wear,6204,8909548149737
Aurelia Black Designer Lehenga Choli,APP-00595,GST,12,2231.13,4882.7,15,Ethnic Wear,6204,8900276420865
Local Boutique Green Women's Woolen Cardigan - Size XL,APP-00596,GST,12,637.29,1262.24,19,Winter Wear,6110,8904386125904
Biba Beige Thermal Innerwear Set - Size M,APP-00597,GST,5,410.27,792.11,10,Winter Wear,6107,8903330591266
Peter England White Maxi Dress - Size L,APP-00598,GST,12,2212.62,3534.88,4,Women's Wear,6204,8901859626301
Aurelia Yellow Silk Saree,APP-00599,GST,12,2233.1,5471.12,25,Ethnic Wear,5407,8901764750111
Local Boutique Pink Two-Piece Suit - Size 3XL,APP-00600,GST,12,6249.3,10295.28,38,Men's Wear,6203,8909974192676
FabIndia White Men's Kurta Pajama Set - Size L,APP-00601,GST,12,516.72,1240.02,35,Ethnic Wear,6211,8902606888718
Marks & Spencer Olive Men's Leather Belt,APP-00602,GST,18,559.02,910.2,8,Accessories,4202,8902920875102
Levi's Pink Genuine Leather Wallet,APP-00603,GST,18,279.31,469.92,3,Accessories,4202,8901184582603
Peter England Grey Men's Kurta Pajama Set - Size L,APP-00604,GST,12,1450.76,2741.08,37,Ethnic Wear,6211,8907585988310
Peter England Blue Silk Saree,APP-00605,GST,12,1540.91,3568.58,9,Ethnic Wear,5407,8909839542961
Nike Navy Kids Velcro Sneakers - Size UK 8,APP-00606,GST,12,764.56,1207.74,30,Footwear,6404,8901462831435
Mango Beige Genuine Leather Wallet,APP-00607,GST,18,492.03,771.91,28,Accessories,4202,8906093141818
H&M Green Men's Pullover Sweater - Size 3XL,APP-00608,GST,5,392.44,941.93,18,Winter Wear,6110,8902340163611
Mango Olive Denim Jacket - Size L,APP-00609,GST,12,871.75,1994.1,7,Women's Wear,6204,8908594849102
Aurelia Red Sherwani - Size L,APP-00610,GST,12,6444.91,13828.15,35,Ethnic Wear,6211,8908967924082
FabIndia Maroon Cotton Kurti - Size XXL,APP-00611,GST,5,670.54,977.75,24,Women's Wear,6211,8903967275784
Woodland Grey Georgette Saree,APP-00612,GST,12,964.27,2259.98,20,Ethnic Wear,5407,8906511131290
Raymond Grey Formal Trousers - Size XL,APP-00613,GST,12,1349.27,1904.85,28,Men's Wear,6203,8908277881609
Allen Solly Olive Formal Trousers - Size XL,APP-00614,GST,12,711.86,1583.63,16,Women's Wear,6204,8908909728321
FabIndia Grey Girls Floral Frock - Size L,APP-00615,GST,12,777.54,1450.11,25,Kids Wear,6111,8902515381447
Nike Blue Designer Lehenga Choli,APP-00616,GST,12,4837.49,9799.42,14,Ethnic Wear,6204,8904807970509
Manyavar Navy Thermal Innerwear Set - Size L,APP-00617,GST,5,273.17,487.52,12,Winter Wear,6107,8906501673188
Woodland White A-Line Dress - Size XL,APP-00618,GST,5,325.68,731.61,17,Women's Wear,6204,8903765456284
Bata Pink Slim Fit Blazer - Size XL,APP-00619,GST,12,1617.0,2892.99,28,Men's Wear,6203,8900531340266
Peter England Red Boys Graphic T-Shirt - Size 3XL,APP-00620,GST,5,159.56,307.51,18,Kids Wear,6111,8901678725686
Zara White Cotton Kurti - Size S,APP-00621,GST,5,261.98,465.94,1,Women's Wear,6211,8903056906744
H&M Teal Men's Loafers - Size UK 8,APP-00622,GST,12,845.53,1325.58,33,Footwear,6403,8902341436371
Biba Blue Sports Running Sneakers - Size UK 11,APP-00623,GST,12,1701.3,3569.19,15,Footwear,6404,8901260432609
H&M Mustard Formal Trousers - Size S,APP-00624,GST,12,572.7,1132.49,15,Women's Wear,6204,8903567086041
W for Woman Navy Georgette Saree,APP-00625,GST,12,2100.71,3511.68,4,Ethnic Wear,5407,8902000534749
Woodland Red Slim Fit Blazer - Size L,APP-00626,GST,12,3748.35,6746.81,20,Men's Wear,6203,8901108255598
W for Woman Blue Women's Tote Handbag,APP-00627,GST,18,883.03,1609.28,7,Accessories,4202,8902910933711
Manyavar Navy Women's Flat Sandals - Size UK 10,APP-00628,GST,12,395.47,884.71,35,Footwear,6404,8902023684855
Zara Maroon Unisex Hoodie - Size S,APP-00629,GST,12,581.11,1148.35,33,Winter Wear,6110,8900294240903
Local Boutique Pink Kids Winter Jacket - Size XXL,APP-00630,GST,12,810.22,2000.19,11,Kids Wear,6209,8907868669432
Biba Beige Formal Shirt - Size M,APP-00631,GST,12,810.9,1143.17,33,Men's Wear,6205,8907884434481
Puma Black Maxi Dress - Size XXL,APP-00632,GST,12,1164.46,1680.31,10,Women's Wear,6204,8904240338105
W for Woman Green Polarized Sunglasses,APP-00633,GST,18,1217.13,2887.5,17,Accessories,9004,8902694500534
Nike Black Denim Jacket - Size XXL,APP-00634,GST,12,903.84,2128.34,38,Women's Wear,6204,8901649837354
Aurelia Red Crop Top - Size XL,APP-00635,GST,5,210.2,462.21,24,Women's Wear,6206,8902717272239
Biba Pink Men's Loafers - Size UK 7,APP-00636,GST,12,558.03,881.25,12,Footwear,6403,8906931216376
Mango Red Slim Fit Blazer - Size 3XL,APP-00637,GST,12,4088.69,5777.18,7,Men's Wear,6203,8906601002314
Allen Solly Teal A-Line Dress - Size S,APP-00638,GST,12,1535.16,2328.8,22,Women's Wear,6204,8901327972457
Puma Black A-Line Dress - Size XXL,APP-00639,GST,12,900.68,1882.63,8,Women's Wear,6204,8900018418620
Allen Solly Blue Palazzo Pants - Size XL,APP-00640,GST,5,477.82,854.65,19,Women's Wear,6204,8903617213145
Manyavar White Chinos - Size L,APP-00641,GST,12,941.67,2271.18,3,Men's Wear,6203,8909226859262
Raymond Green Men's Kurta Pajama Set - Size S,APP-00642,GST,12,904.57,1763.16,24,Ethnic Wear,6211,8904102252677
Zara Beige Chinos - Size XL,APP-00643,GST,12,1366.74,2332.1,6,Men's Wear,6203,8905226557676
Manyavar Red Women's Tote Handbag,APP-00644,GST,18,1020.63,2045.63,35,Accessories,4202,8908788361968
Puma Olive Genuine Leather Wallet,APP-00645,GST,18,430.48,604.03,2,Accessories,4202,8905872105524
FabIndia Mustard Thermal Innerwear Set - Size XXL,APP-00646,GST,12,530.04,1274.36,16,Winter Wear,6107,8903302126065
Zara Pink Denim Jeans - Size XXL,APP-00647,GST,12,454.48,1054.92,11,Men's Wear,6203,8900252131096
Biba Yellow A-Line Dress - Size 3XL,APP-00648,GST,5,482.47,955.39,20,Women's Wear,6204,8907657041200
Biba Grey Women's Tote Handbag,APP-00649,GST,18,478.16,1107.39,30,Accessories,4202,8908498436241
Aurelia Red Women's Stiletto Heels - Size UK 10,APP-00650,GST,12,689.39,1434.58,15,Footwear,6403,8906289177566
Peter England Teal Maxi Dress - Size L,APP-00651,GST,12,1678.57,2709.55,7,Women's Wear,6204,8901159503428
H&M Blue Slim Fit Blazer - Size XXL,APP-00652,GST,12,897.17,2153.79,13,Men's Wear,6203,8908303419909
Peter England Black Men's Oxford Leather Shoes - Size UK 7,APP-00653,GST,12,923.9,1607.09,23,Footwear,6403,8904683565215
Mango White Men's Pullover Sweater - Size XXL,APP-00654,GST,12,1437.28,2249.64,38,Winter Wear,6110,8906790422711
Levi's Teal Palazzo Pants - Size 3XL,APP-00655,GST,12,506.27,1136.93,11,Women's Wear,6204,8908898572545
Woodland Black Clutch Sling Bag,APP-00656,GST,18,336.96,841.28,39,Accessories,4202,8901297102481
Zara Yellow Men's Loafers - Size UK 7,APP-00657,GST,12,679.73,1172.65,5,Footwear,6403,8904955112747
Bata Pink Cotton Printed Saree,APP-00658,GST,12,931.17,2298.91,32,Ethnic Wear,5407,8900546692758
Manyavar Green Clutch Sling Bag,APP-00659,GST,18,715.33,1399.57,17,Accessories,4202,8900903802146
Aurelia Mustard Maxi Dress - Size S,APP-00660,GST,12,695.34,1642.09,6,Women's Wear,6204,8905778711216
Levi's Maroon Women's Woolen Cardigan - Size L,APP-00661,GST,5,427.37,759.29,39,Winter Wear,6110,8907371470827
Levi's Green A-Line Dress - Size XXL,APP-00662,GST,5,374.84,772.62,25,Women's Wear,6204,8900567303064
Biba White Cotton Printed Saree,APP-00663,GST,5,453.17,836.36,20,Ethnic Wear,5407,8907683420165
Biba Blue Men's Kurta Pajama Set - Size L,APP-00664,GST,12,1789.67,3453.69,35,Ethnic Wear,6211,8902659608931
FabIndia Green Men's Leather Belt,APP-00665,GST,18,142.87,340.92,10,Accessories,4202,8907516480727
Zara Black Polarized Sunglasses,APP-00666,GST,18,1535.08,2465.99,35,Accessories,9004,8902963533905
Allen Solly Navy Girls Floral Frock - Size L,APP-00667,GST,5,415.02,977.19,32,Kids Wear,6111,8907665586851
Bata Maroon Denim Jacket - Size L,APP-00668,GST,12,577.65,1186.71,35,Women's Wear,6204,8906646491111
Allen Solly Beige Imitation Necklace Set,APP-00669,GST,3,267.93,596.12,40,Jewelry,7117,8908178904633
Marks & Spencer Maroon Thermal Innerwear Set - Size S,APP-00670,GST,5,296.35,567.96,8,Winter Wear,6107,8905766053844
Raymond Mustard Cotton Printed Saree,APP-00671,GST,12,1317.94,1851.15,27,Ethnic Wear,5407,8900002589552
Woodland Blue Genuine Leather Wallet,APP-00672,GST,18,268.07,565.32,4,Accessories,4202,8909626265826
Zara Olive Palazzo Pants - Size M,APP-00673,GST,5,467.62,979.47,26,Women's Wear,6204,8904825311060
FabIndia Black Polarized Sunglasses,APP-00674,GST,18,1471.31,2100.77,9,Accessories,9004,8907523343836
Peter England Navy Cotton Printed Saree,APP-00675,GST,12,1095.96,2290.76,38,Ethnic Wear,5407,8901179112442
H&M Yellow Formal Trousers - Size L,APP-00676,GST,12,1268.19,2065.59,7,Men's Wear,6203,8907061713665
Bata Teal Polarized Sunglasses,APP-00677,GST,18,905.35,1277.59,12,Accessories,9004,8909901557998
Biba Grey Formal Shirt - Size 3XL,APP-00678,GST,5,498.8,765.04,39,Men's Wear,6205,8900808823513
Manyavar Red Casual T-Shirt - Size M,APP-00679,GST,5,149.29,322.57,9,Men's Wear,6109,8904473158477
Mango Maroon Women's Woolen Cardigan - Size M,APP-00680,GST,12,646.08,1045.14,18,Winter Wear,6110,8906199423767
Nike Mustard Women's Woolen Cardigan - Size L,APP-00681,GST,12,783.01,1619.28,28,Winter Wear,6110,8903955172084
Woodland Navy Men's Leather Belt,APP-00682,GST,18,417.2,636.7,21,Accessories,4202,8906253135525
Allen Solly Green Two-Piece Suit - Size 3XL,APP-00683,GST,12,1920.78,3383.94,30,Men's Wear,6203,8909538164938
Zara Grey Crop Top - Size L,APP-00684,GST,5,328.32,801.39,5,Women's Wear,6206,8909665533077
Nike Maroon Polo T-Shirt - Size S,APP-00685,GST,5,292.3,464.24,21,Men's Wear,6109,8909639040907
FabIndia Mustard Designer Lehenga Choli,APP-00686,GST,12,1968.41,3910.87,34,Ethnic Wear,6204,8900501716445
Aurelia White Boys Denim Jeans - Size XXL,APP-00687,GST,12,520.11,1010.68,4,Kids Wear,6111,8906477159103
Allen Solly Red Denim Jeans - Size S,APP-00688,GST,12,1272.16,2986.43,28,Men's Wear,6203,8903213580040
Peter England Navy Two-Piece Suit - Size S,APP-00689,GST,12,2471.68,5330.7,25,Men's Wear,6203,8904229712529
Bata Pink Men's Pullover Sweater - Size S,APP-00690,GST,12,1039.07,1729.61,31,Winter Wear,6110,8907457314415
Puma Pink Kids Velcro Sneakers - Size UK 10,APP-00691,GST,12,801.42,1303.5,5,Footwear,6404,8901703037637
Manyavar Blue Slim Fit Blazer - Size XXL,APP-00692,GST,12,2967.38,5831.85,21,Men's Wear,6203,8904728123567
Mango Blue Clutch Sling Bag,APP-00693,GST,18,455.45,776.82,11,Accessories,4202,8904912711307
Nike Black Denim Jacket - Size XL,APP-00694,GST,12,1126.14,2137.3,17,Women's Wear,6204,8901815632686
Manyavar Black Sports Running Sneakers - Size UK 8,APP-00695,GST,12,1627.8,2454.06,25,Footwear,6404,8906343629489
Mango Maroon Men's Loafers - Size UK 5,APP-00696,GST,12,1030.36,2175.07,8,Footwear,6403,8903100943181
Puma Beige Georgette Saree,APP-00697,GST,12,1671.97,2527.08,18,Ethnic Wear,5407,8907323549401
Mango Olive Denim Jacket - Size XXL,APP-00698,GST,12,1022.23,1774.45,16,Women's Wear,6204,8902512257207
Manyavar Black Women's Woolen Cardigan - Size M,APP-00699,GST,12,911.85,2160.53,11,Winter Wear,6110,8900957907371
Allen Solly Beige Polo T-Shirt - Size 3XL,APP-00700,GST,12,514.02,1191.95,34,Men's Wear,6109,8908221145775
Nike Pink Women's Flat Sandals - Size UK 8,APP-00701,GST,12,350.97,668.47,23,Footwear,6404,8904589714802
Puma Pink Men's Pullover Sweater - Size M,APP-00702,GST,12,997.28,1430.09,37,Winter Wear,6110,8906531361487
Biba Navy Women's Stiletto Heels - Size UK 10,APP-00703,GST,12,987.02,1741.41,38,Footwear,6403,8906443098591
Bata Beige Women's Woolen Cardigan - Size L,APP-00704,GST,12,447.67,1104.15,32,Winter Wear,6110,8902728498247
H&M Teal Designer Lehenga Choli,APP-00705,GST,12,2581.91,3730.98,19,Ethnic Wear,6204,8909107406500
FabIndia Green Cotton Printed Saree,APP-00706,GST,12,1044.59,2039.24,36,Ethnic Wear,5407,8902142369143
Local Boutique Green Polo T-Shirt - Size M,APP-00707,GST,12,495.94,1041.84,28,Men's Wear,6109,8906144942965
FabIndia Pink Men's Leather Belt,APP-00708,GST,18,281.24,522.52,13,Accessories,4202,8904414978266
FabIndia Grey Slim Fit Blazer - Size XL,APP-00709,GST,12,2815.1,5501.25,23,Men's Wear,6203,8907567667080
H&M Teal Men's Pullover Sweater - Size M,APP-00710,GST,12,1096.41,1899.68,16,Winter Wear,6110,8909852989406
Aurelia Pink Cotton Kurti - Size S,APP-00711,GST,5,334.37,748.76,34,Women's Wear,6211,8907010415914
Local Boutique Olive Genuine Leather Wallet,APP-00712,GST,18,767.18,1176.53,38,Accessories,4202,8908038287232
Raymond Olive Men's Kurta Pajama Set - Size S,APP-00713,GST,12,1490.94,3110.15,13,Ethnic Wear,6211,8901102918133
Local Boutique Black Slim Fit Blazer - Size XXL,APP-00714,GST,12,2925.44,4274.7,8,Men's Wear,6203,8904672384979
Woodland Red Two-Piece Suit - Size 3XL,APP-00715,GST,12,2228.21,3466.77,16,Men's Wear,6203,8902883774419
W for Woman Pink Men's Loafers - Size UK 7,APP-00716,GST,12,741.31,1606.73,7,Footwear,6403,8907662047196
Raymond Black Formal Shirt - Size 3XL,APP-00717,GST,12,569.25,1208.47,29,Men's Wear,6205,8900527740258
Levi's Green Sports Running Sneakers - Size UK 10,APP-00718,GST,12,1699.13,3337.69,12,Footwear,6404,8902595724461
Local Boutique Maroon Imitation Necklace Set,APP-00719,GST,3,724.81,1158.54,33,Jewelry,7117,8908425995996
Peter England Black Chinos - Size 3XL,APP-00720,GST,5,655.57,987.42,7,Men's Wear,6203,8907753312661
Nike White Denim Jeans - Size S,APP-00721,GST,12,1809.44,2678.28,24,Men's Wear,6203,8909025176298
Levi's Navy Formal Trousers - Size XL,APP-00722,GST,12,707.13,1212.52,13,Women's Wear,6204,8902683190130
Allen Solly Green Cotton Kurti - Size XL,APP-00723,GST,5,356.19,837.37,22,Women's Wear,6211,8902873397855
Marks & Spencer Mustard Clutch Sling Bag,APP-00724,GST,18,823.26,1550.01,25,Accessories,4202,8901912841173
Marks & Spencer Green Denim Jeans - Size S,APP-00725,GST,12,562.88,1370.44,17,Men's Wear,6203,8906512418938
Mango Navy Clutch Sling Bag,APP-00726,GST,18,659.57,1319.49,8,Accessories,4202,8909740056435
FabIndia Blue Denim Jeans - Size XXL,APP-00727,GST,12,1483.74,2615.2,4,Men's Wear,6203,8903719905169
H&M Grey Clutch Sling Bag,APP-00728,GST,18,1020.71,1732.72,3,Accessories,4202,8901078356743
Peter England Black Casual T-Shirt - Size M,APP-00729,GST,5,258.51,606.54,2,Men's Wear,6109,8908706626682
Bata White Two-Piece Suit - Size XXL,APP-00730,GST,12,6021.41,10865.52,13,Men's Wear,6203,8905603319036
Peter England Teal Women's Flat Sandals - Size UK 5,APP-00731,GST,12,761.7,1275.79,4,Footwear,6404,8901027240559
Puma Navy Imitation Necklace Set,APP-00732,GST,3,601.51,1158.86,8,Jewelry,7117,8901148375374
Marks & Spencer Navy Girls Floral Frock - Size 3XL,APP-00733,GST,5,296.53,706.42,21,Kids Wear,6111,8908810569741
FabIndia Mustard Crop Top - Size XXL,APP-00734,GST,5,208.19,461.38,14,Women's Wear,6206,8901520377107
Nike Navy Polo T-Shirt - Size XXL,APP-00735,GST,5,295.56,682.71,6,Men's Wear,6109,8900496706670
Levi's Maroon Palazzo Pants - Size M,APP-00736,GST,12,575.56,1142.92,20,Women's Wear,6204,8900850954930
Woodland Mustard Boys Graphic T-Shirt - Size XL,APP-00737,GST,5,245.1,593.48,4,Kids Wear,6111,8901864876998
Biba Maroon Cotton Printed Saree,APP-00738,GST,12,816.12,1972.66,9,Ethnic Wear,5407,8900441384596
Nike Green Polo T-Shirt - Size L,APP-00739,GST,5,404.19,913.75,39,Men's Wear,6109,8900149542770
Allen Solly Yellow Unisex Hoodie - Size S,APP-00740,GST,12,911.21,1757.02,36,Winter Wear,6110,8903609149851
Biba Navy Unisex Hoodie - Size L,APP-00741,GST,5,445.9,867.02,15,Winter Wear,6110,8902290310287
Manyavar Black Men's Leather Belt,APP-00742,GST,18,172.38,376.83,17,Accessories,4202,8904058093511
Bata White Sports Running Sneakers - Size UK 9,APP-00743,GST,12,1090.27,1771.08,37,Footwear,6404,8905616420595
Woodland Pink Boys Graphic T-Shirt - Size L,APP-00744,GST,5,178.34,440.64,40,Kids Wear,6111,8900250429019
Manyavar Grey Crop Top - Size 3XL,APP-00745,GST,5,432.16,846.61,38,Women's Wear,6206,8905369026113
Mango Beige Genuine Leather Wallet,APP-00746,GST,18,574.2,880.46,34,Accessories,4202,8900978875439
Puma Green Designer Lehenga Choli,APP-00747,GST,12,4165.95,10311.65,15,Ethnic Wear,6204,8907513765158
H&M Green Sports Running Sneakers - Size UK 10,APP-00748,GST,12,1932.12,3194.54,27,Footwear,6404,8903928369294
Manyavar Green Designer Lehenga Choli,APP-00749,GST,12,2299.71,4284.65,10,Ethnic Wear,6204,8909732702164
Local Boutique Olive Kids Velcro Sneakers - Size UK 5,APP-00750,GST,12,432.4,621.57,28,Footwear,6404,8900212886652
Marks & Spencer Blue Kids Winter Jacket - Size 3XL,APP-00751,GST,12,627.97,1111.82,22,Kids Wear,6209,8909991015767
Raymond Teal Women's Woolen Cardigan - Size XL,APP-00752,GST,12,787.65,1738.18,38,Winter Wear,6110,8908120995765
Biba Grey Unisex Hoodie - Size 3XL,APP-00753,GST,12,525.15,1280.98,7,Winter Wear,6110,8903475098898
Raymond Green Women's Woolen Cardigan - Size XL,APP-00754,GST,12,720.82,1150.61,10,Winter Wear,6110,8900368499515
Biba White Designer Lehenga Choli,APP-00755,GST,12,3133.79,5900.33,11,Ethnic Wear,6204,8904491342138
Biba Black Sports Running Sneakers - Size UK 9,APP-00756,GST,12,1897.06,4658.89,35,Footwear,6404,8908307053496
Mango Red Unisex Hoodie - Size XL,APP-00757,GST,5,599.53,911.63,8,Winter Wear,6110,8907674124151
H&M Green Palazzo Pants - Size M,APP-00758,GST,5,576.63,982.41,33,Women's Wear,6204,8901506185380
Allen Solly Blue Polarized Sunglasses,APP-00759,GST,18,903.36,2131.32,15,Accessories,9004,8903472727423
H&M Grey Polarized Sunglasses,APP-00760,GST,18,615.15,906.72,36,Accessories,9004,8909320649693
W for Woman Yellow Polarized Sunglasses,APP-00761,GST,18,1180.15,2743.57,19,Accessories,9004,8907769587413
Raymond Maroon Two-Piece Suit - Size XL,APP-00762,GST,12,2727.33,5805.56,8,Men's Wear,6203,8902751562779
Puma Black Men's Pullover Sweater - Size L,APP-00763,GST,12,774.54,1267.62,27,Winter Wear,6110,8900854566766
Peter England Navy Cotton Printed Saree,APP-00764,GST,12,1095.57,1943.35,3,Ethnic Wear,5407,8904763928319
Manyavar Red Clutch Sling Bag,APP-00765,GST,18,1220.71,1737.35,25,Accessories,4202,8901558108358
Biba Mustard Formal Trousers - Size XXL,APP-00766,GST,12,526.92,1153.74,19,Women's Wear,6204,8902556383000
Zara Grey Women's Stiletto Heels - Size UK 8,APP-00767,GST,12,1889.1,2732.61,19,Footwear,6403,8904033041662
H&M White Georgette Saree,APP-00768,GST,12,1322.03,2873.89,27,Ethnic Wear,5407,8900089219639
Manyavar Maroon Men's Kurta Pajama Set - Size XXL,APP-00769,GST,12,1704.94,2953.58,30,Ethnic Wear,6211,8903149764613
Marks & Spencer Navy Men's Pullover Sweater - Size XL,APP-00770,GST,12,597.12,1297.65,33,Winter Wear,6110,8903607658173
Allen Solly Maroon Genuine Leather Wallet,APP-00771,GST,18,414.06,796.85,7,Accessories,4202,8904521182379
H&M Red Silk Saree,APP-00772,GST,12,2665.88,5120.79,37,Ethnic Wear,5407,8903074645205
Woodland Mustard Genuine Leather Wallet,APP-00773,GST,18,388.93,634.01,36,Accessories,4202,8907875357788
Zara Maroon Formal Trousers - Size 3XL,APP-00774,GST,5,506.07,779.36,1,Men's Wear,6203,8902812371067
Mango Yellow Maxi Dress - Size M,APP-00775,GST,12,1482.4,2967.46,26,Women's Wear,6204,8900416448595
Biba Red Genuine Leather Wallet,APP-00776,GST,18,533.05,866.16,40,Accessories,4202,8905894773522
Local Boutique Black Women's Stiletto Heels - Size UK 7,APP-00777,GST,12,1208.98,1892.52,5,Footwear,6403,8900433187510
Bata Beige Clutch Sling Bag,APP-00778,GST,18,297.21,624.13,15,Accessories,4202,8905034469459
Nike Grey Kids Winter Jacket - Size XXL,APP-00779,GST,12,1015.54,1648.06,38,Kids Wear,6209,8902134249128
Aurelia Green Men's Leather Belt,APP-00780,GST,18,485.9,1074.33,40,Accessories,4202,8907320331922
Local Boutique Mustard Maxi Dress - Size S,APP-00781,GST,12,794.29,1894.81,4,Women's Wear,6204,8902876754813
Aurelia Maroon Kids Velcro Sneakers - Size UK 11,APP-00782,GST,12,474.41,911.79,20,Footwear,6404,8908581932426
Bata Yellow Kids Velcro Sneakers - Size UK 10,APP-00783,GST,12,633.1,1363.64,36,Footwear,6404,8906520575639
Levi's Maroon Kids Velcro Sneakers - Size UK 7,APP-00784,GST,12,306.2,680.49,1,Footwear,6404,8903758309451
Nike Grey Girls Floral Frock - Size S,APP-00785,GST,12,756.58,1087.11,18,Kids Wear,6111,8907604409079
Bata Yellow Polarized Sunglasses,APP-00786,GST,18,801.82,1894.24,35,Accessories,9004,8901050922216
Peter England Yellow Two-Piece Suit - Size 3XL,APP-00787,GST,12,5024.78,8771.55,35,Men's Wear,6203,8904390552958
Aurelia Maroon Formal Shirt - Size 3XL,APP-00788,GST,12,835.91,1230.0,33,Men's Wear,6205,8902412704938
Biba Pink Men's Pullover Sweater - Size 3XL,APP-00789,GST,12,949.68,2312.67,20,Winter Wear,6110,8904851579197
Zara White Formal Trousers - Size M,APP-00790,GST,12,1111.76,1783.51,38,Men's Wear,6203,8900203571343
Raymond Black Cotton Kurti - Size XL,APP-00791,GST,5,597.17,952.97,9,Women's Wear,6211,8909563343244
Nike White Unisex Hoodie - Size XL,APP-00792,GST,5,548.61,987.49,34,Winter Wear,6110,8907209628936
Raymond Blue Boys Denim Jeans - Size L,APP-00793,GST,5,484.98,947.71,18,Kids Wear,6111,8901834374018
Biba Yellow Polarized Sunglasses,APP-00794,GST,18,1071.74,1881.22,37,Accessories,9004,8906905150267
Manyavar Pink Boys Graphic T-Shirt - Size S,APP-00795,GST,5,168.18,301.68,11,Kids Wear,6111,8907820797996
Local Boutique Mustard Kids Winter Jacket - Size M,APP-00796,GST,12,579.37,1048.97,22,Kids Wear,6209,8907640381664
Aurelia Beige Genuine Leather Wallet,APP-00797,GST,18,340.65,539.26,20,Accessories,4202,8909839225014
W for Woman Yellow A-Line Dress - Size XL,APP-00798,GST,5,712.22,997.77,10,Women's Wear,6204,8903244123361
FabIndia Pink Silk Saree,APP-00799,GST,12,1348.49,2124.23,7,Ethnic Wear,5407,8907863767316
Manyavar Teal Cotton Kurti - Size M,APP-00800,GST,5,395.44,695.9,19,Women's Wear,6211,8906968157903
Biba Teal Women's Tote Handbag,APP-00801,GST,18,1133.26,2010.21,1,Accessories,4202,8909961327303
Woodland White Men's Kurta Pajama Set - Size L,APP-00802,GST,12,1281.62,2047.85,10,Ethnic Wear,6211,8904467046226
Zara Yellow Women's Stiletto Heels - Size UK 11,APP-00803,GST,12,531.45,1145.11,7,Footwear,6403,8906025298670
Aurelia Maroon Men's Loafers - Size UK 11,APP-00804,GST,12,507.01,946.84,8,Footwear,6403,8909785758512
Marks & Spencer Teal Women's Woolen Cardigan - Size XL,APP-00805,GST,12,1344.27,2000.28,1,Winter Wear,6110,8905943897607
Peter England White Designer Lehenga Choli,APP-00806,GST,12,5131.06,7466.11,39,Ethnic Wear,6204,8905465408424
Woodland Black Boys Denim Jeans - Size XL,APP-00807,GST,5,301.34,632.69,39,Kids Wear,6111,8901508632181
FabIndia Pink Cotton Kurti - Size XL,APP-00808,GST,5,424.24,722.12,30,Women's Wear,6211,8909389701550
Zara Maroon A-Line Dress - Size XXL,APP-00809,GST,12,1592.08,2366.85,20,Women's Wear,6204,8906602416139
Raymond Beige Cotton Printed Saree,APP-00810,GST,12,1297.61,1886.35,37,Ethnic Wear,5407,8907364248096
Raymond Navy Denim Jacket - Size S,APP-00811,GST,12,1153.1,1638.08,27,Women's Wear,6204,8902447951330
Puma White Sherwani - Size XXL,APP-00812,GST,12,3675.14,8023.71,30,Ethnic Wear,6211,8909695867805
Manyavar Green Boys Graphic T-Shirt - Size XL,APP-00813,GST,5,121.54,284.37,32,Kids Wear,6111,8903826460917
W for Woman White Kids Velcro Sneakers - Size UK 6,APP-00814,GST,12,664.68,1317.77,20,Footwear,6404,8904577029929
Woodland Maroon Boys Denim Jeans - Size S,APP-00815,GST,5,578.86,991.17,32,Kids Wear,6111,8903682691163
Zara Beige Crop Top - Size L,APP-00816,GST,5,269.86,425.04,26,Women's Wear,6206,8908653694551
Manyavar Grey Polarized Sunglasses,APP-00817,GST,18,744.27,1372.71,30,Accessories,9004,8904722640857
Biba Pink Imitation Necklace Set,APP-00818,GST,3,429.26,909.36,27,Jewelry,7117,8906309329981
Woodland Black Women's Tote Handbag,APP-00819,GST,18,1652.91,2616.73,31,Accessories,4202,8901509688327
Puma Red Girls Floral Frock - Size XL,APP-00820,GST,12,594.15,1434.0,21,Kids Wear,6111,8902410397739
Puma Teal Unisex Hoodie - Size M,APP-00821,GST,12,905.39,1765.73,8,Winter Wear,6110,8909523710068
Aurelia White Men's Oxford Leather Shoes - Size UK 11,APP-00822,GST,12,1544.83,2604.64,35,Footwear,6403,8901980770460
Aurelia Olive Girls Floral Frock - Size XXL,APP-00823,GST,12,589.54,1110.73,8,Kids Wear,6111,8901249125652
Local Boutique Blue Silk Saree,APP-00824,GST,12,1223.0,2575.92,5,Ethnic Wear,5407,8907734547574
Nike Beige Genuine Leather Wallet,APP-00825,GST,18,692.85,1082.8,19,Accessories,4202,8900359544294
Bata Pink Men's Oxford Leather Shoes - Size UK 7,APP-00826,GST,12,785.61,1795.68,9,Footwear,6403,8902946430394
Allen Solly Navy A-Line Dress - Size L,APP-00827,GST,12,870.05,1931.51,34,Women's Wear,6204,8906792529858
Aurelia Mustard Girls Floral Frock - Size XL,APP-00828,GST,12,479.59,1130.8,31,Kids Wear,6111,8902760153433
Nike Beige A-Line Dress - Size 3XL,APP-00829,GST,12,967.37,2045.98,23,Women's Wear,6204,8907790833506
Zara Green Polarized Sunglasses,APP-00830,GST,18,598.13,1470.09,35,Accessories,9004,8901079833423
Bata Red Palazzo Pants - Size S,APP-00831,GST,12,873.55,1478.35,18,Women's Wear,6204,8901312840333
Local Boutique Yellow Men's Leather Belt,APP-00832,GST,18,329.02,743.44,21,Accessories,4202,8901371717318
Levi's Beige Men's Leather Belt,APP-00833,GST,18,397.69,560.97,28,Accessories,4202,8901739970469
Local Boutique Pink Georgette Saree,APP-00834,GST,12,1207.39,2332.21,19,Ethnic Wear,5407,8904483548847
Biba Yellow Two-Piece Suit - Size S,APP-00835,GST,12,2329.45,5757.9,31,Men's Wear,6203,8907221641758
Levi's Teal Denim Jacket - Size S,APP-00836,GST,12,1428.65,2335.19,33,Women's Wear,6204,8904587149392
Biba Blue Sherwani - Size XL,APP-00837,GST,12,5818.41,13601.08,40,Ethnic Wear,6211,8902587964347
W for Woman Red Men's Kurta Pajama Set - Size L,APP-00838,GST,12,1073.58,1920.98,21,Ethnic Wear,6211,8907469660606
FabIndia Yellow Boys Denim Jeans - Size L,APP-00839,GST,5,173.06,376.36,14,Kids Wear,6111,8904450566588
Levi's Beige Formal Trousers - Size XXL,APP-00840,GST,12,714.8,1216.14,5,Women's Wear,6204,8903257970673
Aurelia Black Georgette Saree,APP-00841,GST,12,840.1,1492.83,35,Ethnic Wear,5407,8905741721562
Raymond Beige A-Line Dress - Size M,APP-00842,GST,12,884.07,1663.89,21,Women's Wear,6204,8909848840215
Bata Olive Girls Floral Frock - Size M,APP-00843,GST,5,335.93,643.35,30,Kids Wear,6111,8905534490216
Aurelia Teal Women's Woolen Cardigan - Size XL,APP-00844,GST,12,816.07,1889.07,4,Winter Wear,6110,8908509608587
Manyavar Pink Designer Lehenga Choli,APP-00845,GST,12,4831.86,9769.24,36,Ethnic Wear,6204,8901828197931
Nike Yellow Women's Woolen Cardigan - Size XL,APP-00846,GST,12,813.87,2029.61,10,Winter Wear,6110,8905129578606
Raymond Black Genuine Leather Wallet,APP-00847,GST,18,247.11,407.17,28,Accessories,4202,8902439587395
FabIndia Blue Genuine Leather Wallet,APP-00848,GST,18,361.05,577.59,2,Accessories,4202,8908902851553
Levi's Navy Crop Top - Size M,APP-00849,GST,5,351.55,597.0,14,Women's Wear,6206,8905027160736
Bata Yellow Denim Jeans - Size XL,APP-00850,GST,12,585.89,1317.14,38,Men's Wear,6203,8901128981231
W for Woman Olive Men's Loafers - Size UK 7,APP-00851,GST,12,1013.66,1653.65,6,Footwear,6403,8908574817006
Aurelia Mustard Men's Pullover Sweater - Size S,APP-00852,GST,12,584.16,1425.52,5,Winter Wear,6110,8906431670450
Puma Red A-Line Dress - Size XXL,APP-00853,GST,5,373.3,735.58,9,Women's Wear,6204,8907009345962
Biba Red Men's Pullover Sweater - Size XXL,APP-00854,GST,12,1144.7,2536.85,12,Winter Wear,6110,8905120734654
Manyavar Black Clutch Sling Bag,APP-00855,GST,18,402.82,957.79,3,Accessories,4202,8902608698221
W for Woman Blue Formal Shirt - Size S,APP-00856,GST,5,645.14,950.27,31,Men's Wear,6205,8907687290477
FabIndia Green Cotton Printed Saree,APP-00857,GST,12,1090.07,2327.6,7,Ethnic Wear,5407,8907793238223
Zara Olive Formal Trousers - Size XL,APP-00858,GST,12,527.2,1094.74,16,Men's Wear,6203,8903424579889
FabIndia Green Georgette Saree,APP-00859,GST,12,1586.34,2474.29,3,Ethnic Wear,5407,8906032020326
Allen Solly Beige Sherwani - Size XL,APP-00860,GST,12,5746.56,10219.06,37,Ethnic Wear,6211,8906737948714
Mango Green Imitation Necklace Set,APP-00861,GST,3,994.6,1596.29,22,Jewelry,7117,8907871584156
Allen Solly Grey Imitation Necklace Set,APP-00862,GST,3,236.97,585.93,8,Jewelry,7117,8901842547681
Biba Maroon Sports Running Sneakers - Size UK 11,APP-00863,GST,12,1918.98,4794.37,13,Footwear,6404,8902303589298
Peter England Teal Women's Stiletto Heels - Size UK 9,APP-00864,GST,12,1071.9,1772.35,34,Footwear,6403,8902521293289
Levi's Navy Women's Woolen Cardigan - Size S,APP-00865,GST,12,874.44,2136.95,19,Winter Wear,6110,8906867752401
Marks & Spencer Pink Cotton Printed Saree,APP-00866,GST,12,485.19,1070.71,39,Ethnic Wear,5407,8901062272362
Woodland Maroon Imitation Necklace Set,APP-00867,GST,3,424.77,758.4,15,Jewelry,7117,8904261923724
Allen Solly Pink Sherwani - Size S,APP-00868,GST,12,5378.23,10630.95,39,Ethnic Wear,6211,8907374189721
Nike Black Boys Graphic T-Shirt - Size XL,APP-00869,GST,5,369.19,620.61,30,Kids Wear,6111,8906927438119
W for Woman Blue Women's Tote Handbag,APP-00870,GST,18,1296.37,3188.51,27,Accessories,4202,8900144485645
Allen Solly White Formal Trousers - Size 3XL,APP-00871,GST,12,1140.5,1901.23,32,Men's Wear,6203,8903964178996
Mango Mustard Women's Tote Handbag,APP-00872,GST,18,781.06,1186.1,7,Accessories,4202,8909113599660
Bata Mustard Boys Denim Jeans - Size XL,APP-00873,GST,5,426.12,841.61,26,Kids Wear,6111,8906039205146
Bata Mustard Casual T-Shirt - Size L,APP-00874,GST,5,230.52,495.91,23,Men's Wear,6109,8903470574238
Manyavar Olive Kids Velcro Sneakers - Size UK 8,APP-00875,GST,12,585.96,1323.72,12,Footwear,6404,8907155983541
Aurelia Green Formal Trousers - Size XXL,APP-00876,GST,12,888.38,1425.68,25,Men's Wear,6203,8903475575225
Zara Blue Casual T-Shirt - Size XXL,APP-00877,GST,5,237.96,465.63,36,Men's Wear,6109,8904882691311
Aurelia Mustard Women's Tote Handbag,APP-00878,GST,18,815.77,1447.33,23,Accessories,4202,8906261499153
Peter England Blue Unisex Hoodie - Size XXL,APP-00879,GST,5,295.07,735.31,2,Winter Wear,6110,8907333373204
Allen Solly Mustard Silk Saree,APP-00880,GST,12,3343.71,6205.86,36,Ethnic Wear,5407,8909362896964
Nike Maroon Girls Floral Frock - Size L,APP-00881,GST,5,344.38,832.74,16,Kids Wear,6111,8905851253892
Mango Olive Slim Fit Blazer - Size XL,APP-00882,GST,12,3117.07,4723.26,39,Men's Wear,6203,8903583749079
Local Boutique Beige Unisex Hoodie - Size XL,APP-00883,GST,5,249.05,621.47,2,Winter Wear,6110,8908780572151
Nike Olive Georgette Saree,APP-00884,GST,12,1813.47,3517.93,9,Ethnic Wear,5407,8906374845398
FabIndia Teal Men's Pullover Sweater - Size XXL,APP-00885,GST,12,1253.41,2563.92,1,Winter Wear,6110,8909059119186
Levi's Blue Maxi Dress - Size XXL,APP-00886,GST,12,1217.5,3029.81,12,Women's Wear,6204,8900715116966
Local Boutique Red Girls Leggings - Size L,APP-00887,GST,5,122.85,214.05,12,Kids Wear,6111,8906471246335
H&M Green Imitation Necklace Set,APP-00888,GST,3,668.96,1322.03,2,Jewelry,7117,8909080512080
Manyavar Maroon Formal Shirt - Size L,APP-00889,GST,5,213.29,510.97,37,Men's Wear,6205,8905123972835
FabIndia Beige Slim Fit Blazer - Size L,APP-00890,GST,12,2063.58,4912.53,12,Men's Wear,6203,8908270908144
W for Woman Pink Slim Fit Blazer - Size M,APP-00891,GST,12,3150.97,4991.52,7,Men's Wear,6203,8907392957867
Marks & Spencer White Two-Piece Suit - Size L,APP-00892,GST,12,3340.31,5195.91,32,Men's Wear,6203,8903605079181
Manyavar Grey Imitation Necklace Set,APP-00893,GST,3,630.01,1327.75,19,Jewelry,7117,8905273466661
Allen Solly Yellow Men's Loafers - Size UK 5,APP-00894,GST,12,760.75,1470.17,25,Footwear,6403,8904740803149
Marks & Spencer Red Genuine Leather Wallet,APP-00895,GST,18,534.64,1062.72,4,Accessories,4202,8904635806882
W for Woman Pink Sports Running Sneakers - Size UK 10,APP-00896,GST,12,1012.58,1656.52,30,Footwear,6404,8902351373990
Aurelia Blue Polo T-Shirt - Size 3XL,APP-00897,GST,5,266.2,457.72,16,Men's Wear,6109,8905263560229
Nike Maroon Silk Saree,APP-00898,GST,12,1311.57,3103.89,18,Ethnic Wear,5407,8906066643749
Aurelia Black Formal Shirt - Size 3XL,APP-00899,GST,12,868.6,1339.18,15,Men's Wear,6205,8901112712852
Aurelia Navy Cotton Printed Saree,APP-00900,GST,12,591.13,1198.3,7,Ethnic Wear,5407,8901631873280
Local Boutique White Men's Oxford Leather Shoes - Size UK 5,APP-00901,GST,12,873.87,2024.23,12,Footwear,6403,8901136957279
Mango Teal Polo T-Shirt - Size M,APP-00902,GST,12,457.62,1005.58,3,Men's Wear,6109,8909025425730
Aurelia Red Kids Winter Jacket - Size L,APP-00903,GST,12,873.08,1438.62,13,Kids Wear,6209,8905707139848
FabIndia Grey Maxi Dress - Size L,APP-00904,GST,12,567.94,1222.92,27,Women's Wear,6204,8908809255021
Allen Solly Maroon Palazzo Pants - Size S,APP-00905,GST,12,453.51,1040.85,37,Women's Wear,6204,8901309810796
Aurelia Yellow Designer Lehenga Choli,APP-00906,GST,12,4501.83,9336.2,23,Ethnic Wear,6204,8907727853242
Nike Red Girls Leggings - Size L,APP-00907,GST,5,218.14,409.0,20,Kids Wear,6111,8902076836253
Woodland Maroon Kids Winter Jacket - Size XL,APP-00908,GST,12,947.69,1789.51,25,Kids Wear,6209,8907555628333
Levi's Mustard Formal Trousers - Size 3XL,APP-00909,GST,12,731.97,1523.06,30,Women's Wear,6204,8908654362718
Bata Navy Imitation Necklace Set,APP-00910,GST,3,327.65,536.99,36,Jewelry,7117,8902686270369
Nike Olive Denim Jacket - Size 3XL,APP-00911,GST,12,1237.2,1944.19,26,Women's Wear,6204,8909326573275
Mango Olive Clutch Sling Bag,APP-00912,GST,18,614.39,1392.0,6,Accessories,4202,8900005155323
H&M Green Men's Kurta Pajama Set - Size XXL,APP-00913,GST,12,1651.15,3371.3,29,Ethnic Wear,6211,8907524418222
Zara Grey Men's Pullover Sweater - Size XXL,APP-00914,GST,12,756.07,1525.62,31,Winter Wear,6110,8904312710267
Local Boutique Red Girls Leggings - Size S,APP-00915,GST,5,142.83,355.16,24,Kids Wear,6111,8907992707955
W for Woman White Formal Trousers - Size M,APP-00916,GST,5,501.59,867.81,26,Men's Wear,6203,8902135415970
Woodland Red Clutch Sling Bag,APP-00917,GST,18,1000.84,1612.58,18,Accessories,4202,8908075203447
Manyavar Black Women's Woolen Cardigan - Size L,APP-00918,GST,12,811.81,1815.0,30,Winter Wear,6110,8901580290904
Levi's Yellow Girls Leggings - Size XL,APP-00919,GST,5,132.09,285.94,18,Kids Wear,6111,8906558665254
Levi's Yellow Kids Velcro Sneakers - Size UK 7,APP-00920,GST,12,323.81,778.67,6,Footwear,6404,8905810213125
FabIndia Beige Chinos - Size M,APP-00921,GST,12,863.17,2028.51,1,Men's Wear,6203,8900591297519
Peter England Olive Two-Piece Suit - Size M,APP-00922,GST,12,2177.86,4836.31,6,Men's Wear,6203,8902110633016
Mango Blue Sherwani - Size XL,APP-00923,GST,12,6404.85,13956.57,32,Ethnic Wear,6211,8909274907280
Biba Blue Formal Trousers - Size L,APP-00924,GST,5,441.63,881.59,13,Men's Wear,6203,8901132532694
Woodland Grey Women's Tote Handbag,APP-00925,GST,18,972.53,1630.01,23,Accessories,4202,8903804421017
Peter England Beige Boys Denim Jeans - Size XL,APP-00926,GST,5,190.62,427.16,29,Kids Wear,6111,8900159591945
W for Woman Olive Unisex Hoodie - Size XL,APP-00927,GST,12,581.85,1006.76,32,Winter Wear,6110,8905833920567
Manyavar Teal Thermal Innerwear Set - Size XL,APP-00928,GST,5,339.85,811.9,29,Winter Wear,6107,8902266025626
Allen Solly Maroon Girls Floral Frock - Size 3XL,APP-00929,GST,12,894.32,1400.63,12,Kids Wear,6111,8903106724530
Aurelia Red Men's Loafers - Size UK 7,APP-00930,GST,12,1054.37,2466.37,18,Footwear,6403,8903379766270
Zara White Boys Denim Jeans - Size L,APP-00931,GST,5,460.73,953.06,10,Kids Wear,6111,8903873670425
Raymond Pink Polarized Sunglasses,APP-00932,GST,18,1060.9,2184.42,34,Accessories,9004,8904552597107
Woodland Blue Girls Floral Frock - Size M,APP-00933,GST,12,668.4,1441.81,21,Kids Wear,6111,8907485953259
Puma Mustard Palazzo Pants - Size M,APP-00934,GST,5,502.43,963.02,2,Women's Wear,6204,8905816295187
Nike White Thermal Innerwear Set - Size XL,APP-00935,GST,5,461.71,744.51,18,Winter Wear,6107,8902507330559
Marks & Spencer Red Men's Oxford Leather Shoes - Size UK 11,APP-00936,GST,12,1232.9,2160.09,21,Footwear,6403,8909833991403
Mango Navy Women's Stiletto Heels - Size UK 6,APP-00937,GST,12,1464.22,2731.19,1,Footwear,6403,8904432400615
FabIndia Yellow Thermal Innerwear Set - Size 3XL,APP-00938,GST,5,469.03,737.64,29,Winter Wear,6107,8905147439742
FabIndia Green Men's Leather Belt,APP-00939,GST,18,180.68,425.41,36,Accessories,4202,8907525680656
Manyavar Beige Denim Jacket - Size S,APP-00940,GST,12,1196.47,2101.5,37,Women's Wear,6204,8900802711221
Biba Olive Women's Stiletto Heels - Size UK 6,APP-00941,GST,12,648.97,1165.77,23,Footwear,6403,8905165176808
Aurelia Olive Men's Pullover Sweater - Size M,APP-00942,GST,12,1186.28,1777.54,14,Winter Wear,6110,8907214330800
Puma Yellow Imitation Necklace Set,APP-00943,GST,3,235.97,527.24,10,Jewelry,7117,8902855660847
Woodland Grey Casual T-Shirt - Size S,APP-00944,GST,5,144.13,295.28,14,Men's Wear,6109,8903970519582
Levi's Red Kids Winter Jacket - Size XXL,APP-00945,GST,5,321.14,671.32,40,Kids Wear,6209,8904485862394
Levi's Green Boys Graphic T-Shirt - Size L,APP-00946,GST,5,190.21,402.39,29,Kids Wear,6111,8900798632106
Levi's Blue Slim Fit Blazer - Size XXL,APP-00947,GST,12,3300.57,5704.94,14,Men's Wear,6203,8909457039438
Raymond Black Casual T-Shirt - Size M,APP-00948,GST,5,337.81,792.64,14,Men's Wear,6109,8907657692778
Raymond Teal Women's Tote Handbag,APP-00949,GST,18,840.42,1275.74,1,Accessories,4202,8900900404769
Zara Black Maxi Dress - Size L,APP-00950,GST,12,1007.9,1622.58,28,Women's Wear,6204,8905146040142
Bata Teal Cotton Printed Saree,APP-00951,GST,5,439.04,922.15,2,Ethnic Wear,5407,8907201137984
Allen Solly Olive Georgette Saree,APP-00952,GST,12,701.03,1514.91,14,Ethnic Wear,5407,8901660076762
Peter England Pink Formal Shirt - Size S,APP-00953,GST,12,657.59,1554.56,19,Men's Wear,6205,8907340433700
Woodland Grey Genuine Leather Wallet,APP-00954,GST,18,507.83,1110.69,4,Accessories,4202,8904519577825
Marks & Spencer Grey Girls Floral Frock - Size M,APP-00955,GST,5,374.06,786.75,27,Kids Wear,6111,8902965754278
W for Woman Maroon Men's Pullover Sweater - Size S,APP-00956,GST,12,790.44,1875.92,22,Winter Wear,6110,8905778205829
Marks & Spencer Pink Boys Graphic T-Shirt - Size 3XL,APP-00957,GST,5,126.45,288.12,9,Kids Wear,6111,8903616188081
Allen Solly Navy Genuine Leather Wallet,APP-00958,GST,18,493.93,1063.14,22,Accessories,4202,8907155868639
Woodland Olive Boys Denim Jeans - Size S,APP-00959,GST,5,260.72,549.68,10,Kids Wear,6111,8903081721436
Levi's Grey Men's Kurta Pajama Set - Size 3XL,APP-00960,GST,12,576.41,1323.4,2,Ethnic Wear,6211,8900041321147
Woodland Green Two-Piece Suit - Size 3XL,APP-00961,GST,12,2954.01,6403.11,20,Men's Wear,6203,8905653469979
Peter England Pink Men's Leather Belt,APP-00962,GST,18,555.03,1082.3,23,Accessories,4202,8900476816995
Allen Solly Maroon Men's Loafers - Size UK 5,APP-00963,GST,12,1220.17,2727.03,6,Footwear,6403,8907481131765
Local Boutique Black Silk Saree,APP-00964,GST,12,1604.56,3618.09,29,Ethnic Wear,5407,8903961029087
Mango Red Chinos - Size XL,APP-00965,GST,12,584.49,1181.57,35,Men's Wear,6203,8900491872742
Raymond Beige Polo T-Shirt - Size L,APP-00966,GST,5,333.31,718.45,5,Men's Wear,6109,8903773062604
Puma Green Denim Jacket - Size 3XL,APP-00967,GST,12,1021.16,1983.8,29,Women's Wear,6204,8901122299077
Woodland Black Girls Floral Frock - Size 3XL,APP-00968,GST,12,462.94,1001.43,35,Kids Wear,6111,8901670468611
Nike Pink Formal Trousers - Size L,APP-00969,GST,12,710.44,1390.92,16,Men's Wear,6203,8902102192378
Marks & Spencer Navy Girls Floral Frock - Size XL,APP-00970,GST,5,229.25,520.16,12,Kids Wear,6111,8909618033242
Allen Solly Green Kids Winter Jacket - Size S,APP-00971,GST,12,1022.87,1445.7,34,Kids Wear,6209,8904980425373
Local Boutique Yellow Formal Trousers - Size XL,APP-00972,GST,5,566.01,899.77,36,Women's Wear,6204,8908122821781
Biba Blue Genuine Leather Wallet,APP-00973,GST,18,641.97,1154.19,15,Accessories,4202,8904606056035
Bata Beige Kids Winter Jacket - Size M,APP-00974,GST,12,1177.14,1812.86,40,Kids Wear,6209,8908623984716
Allen Solly Maroon Women's Tote Handbag,APP-00975,GST,18,1147.37,2495.45,10,Accessories,4202,8900546475489
Raymond Mustard Sherwani - Size XL,APP-00976,GST,12,5769.78,10528.13,38,Ethnic Wear,6211,8908999275175
Mango Beige Women's Flat Sandals - Size UK 10,APP-00977,GST,12,230.24,481.68,18,Footwear,6404,8904983553935
Levi's Mustard Men's Kurta Pajama Set - Size L,APP-00978,GST,12,1287.06,2384.53,17,Ethnic Wear,6211,8909639243588
Levi's Teal Sherwani - Size XL,APP-00979,GST,12,7113.34,11315.59,19,Ethnic Wear,6211,8903395275367
Bata Grey Georgette Saree,APP-00980,GST,12,856.84,1770.73,17,Ethnic Wear,5407,8901686013477
Nike Grey Kids Velcro Sneakers - Size UK 9,APP-00981,GST,12,561.94,950.95,28,Footwear,6404,8907917665122
W for Woman Teal Two-Piece Suit - Size S,APP-00982,GST,12,2447.68,3615.97,7,Men's Wear,6203,8908842163090
Zara Green Formal Shirt - Size XXL,APP-00983,GST,12,750.86,1285.92,16,Men's Wear,6205,8903399948532
Marks & Spencer Beige Casual T-Shirt - Size L,APP-00984,GST,5,472.16,750.28,25,Men's Wear,6109,8903890219947
Zara Blue Two-Piece Suit - Size XL,APP-00985,GST,12,2624.83,5001.5,11,Men's Wear,6203,8902341034699
Bata Blue Girls Leggings - Size M,APP-00986,GST,5,124.23,185.13,29,Kids Wear,6111,8907269608437
Mango Green Women's Woolen Cardigan - Size L,APP-00987,GST,5,353.31,691.9,25,Winter Wear,6110,8907935219626
Levi's Green Crop Top - Size L,APP-00988,GST,5,348.68,583.57,19,Women's Wear,6206,8903697093170
W for Woman Green Girls Leggings - Size XL,APP-00989,GST,5,83.6,157.17,29,Kids Wear,6111,8906164534547
Biba Blue Maxi Dress - Size XXL,APP-00990,GST,12,1313.94,2705.42,13,Women's Wear,6204,8900650312198
Nike White Denim Jeans - Size XXL,APP-00991,GST,12,1505.06,2857.22,19,Men's Wear,6203,8902642364281
H&M Beige Palazzo Pants - Size S,APP-00992,GST,12,464.86,1051.24,12,Women's Wear,6204,8904876230391
Zara Navy Chinos - Size M,APP-00993,GST,12,716.47,1617.04,36,Men's Wear,6203,8905228230524
Allen Solly Grey Sports Running Sneakers - Size UK 9,APP-00994,GST,12,2526.71,4631.93,11,Footwear,6404,8900722395947
Bata Red Silk Saree,APP-00995,GST,12,3545.48,5595.81,39,Ethnic Wear,5407,8900162047876
Marks & Spencer Olive Kids Velcro Sneakers - Size UK 8,APP-00996,GST,12,771.16,1475.45,34,Footwear,6404,8905996486287
Peter England Blue Cotton Kurti - Size S,APP-00997,GST,5,478.77,863.83,20,Women's Wear,6211,8901966645057
Allen Solly Blue Formal Trousers - Size XL,APP-00998,GST,12,757.22,1685.1,29,Women's Wear,6204,8909246320374
Aurelia Yellow Men's Loafers - Size UK 10,APP-00999,GST,12,738.96,1751.8,30,Footwear,6403,8902603214505
Aurelia Pink Thermal Innerwear Set - Size XL,APP-01000,GST,5,267.56,461.09,33,Winter Wear,6107,8908707155348
Allen Solly White Maxi Dress - Size M,APP-01001,GST,12,1464.86,2955.73,4,Women's Wear,6204,8900838507659
W for Woman Beige Thermal Innerwear Set - Size L,APP-01002,GST,5,445.93,649.28,34,Winter Wear,6107,8909177680898
FabIndia Mustard Chinos - Size XL,APP-01003,GST,12,583.18,1274.66,18,Men's Wear,6203,8902231964630
Raymond Black Polo T-Shirt - Size M,APP-01004,GST,5,258.3,523.37,27,Men's Wear,6109,8902689430120
Local Boutique Teal Cotton Printed Saree,APP-01005,GST,12,452.11,1088.08,11,Ethnic Wear,5407,8907117595749
Marks & Spencer Mustard Kids Velcro Sneakers - Size UK 10,APP-01006,GST,12,398.92,850.27,34,Footwear,6404,8902984933067
Manyavar Grey Georgette Saree,APP-01007,GST,12,1300.37,2856.53,26,Ethnic Wear,5407,8900944128333
FabIndia White Thermal Innerwear Set - Size 3XL,APP-01008,GST,5,490.98,883.41,26,Winter Wear,6107,8906954132971
Peter England Maroon Sherwani - Size XL,APP-01009,GST,12,8874.88,13928.68,31,Ethnic Wear,6211,8900551437769
Aurelia Maroon Crop Top - Size M,APP-01010,GST,5,241.61,500.53,11,Women's Wear,6206,8905295961111
FabIndia Grey Formal Shirt - Size XL,APP-01011,GST,12,687.14,1031.77,10,Men's Wear,6205,8900072024559
Peter England Red Formal Trousers - Size L,APP-01012,GST,12,809.81,1168.42,38,Men's Wear,6203,8901090326714
Raymond Beige Men's Leather Belt,APP-01013,GST,18,566.58,970.49,5,Accessories,4202,8907942817934
Aurelia Mustard Polo T-Shirt - Size L,APP-01014,GST,5,424.42,918.61,29,Men's Wear,6109,8905844663453
Bata Red Silk Saree,APP-01015,GST,12,1556.93,2280.31,8,Ethnic Wear,5407,8902172214559
Local Boutique Maroon Silk Saree,APP-01016,GST,12,1280.78,2700.83,36,Ethnic Wear,5407,8909437052635
Peter England Black Chinos - Size L,APP-01017,GST,12,599.21,1374.46,30,Men's Wear,6203,8906572565920
Nike Maroon Maxi Dress - Size S,APP-01018,GST,12,927.53,2306.97,10,Women's Wear,6204,8900238974326
Allen Solly Pink Polo T-Shirt - Size L,APP-01019,GST,5,419.94,957.55,24,Men's Wear,6109,8905017833258
Mango Maroon Georgette Saree,APP-01020,GST,12,1087.86,2659.61,3,Ethnic Wear,5407,8907984870450
H&M Yellow Men's Pullover Sweater - Size XL,APP-01021,GST,12,1027.17,2470.87,39,Winter Wear,6110,8909359374403
Nike Maroon Men's Leather Belt,APP-01022,GST,18,201.74,333.3,15,Accessories,4202,8907360601488
Allen Solly Grey Men's Pullover Sweater - Size 3XL,APP-01023,GST,12,1058.08,2226.23,20,Winter Wear,6110,8909079388413
Marks & Spencer Olive Girls Leggings - Size L,APP-01024,GST,5,99.93,212.03,1,Kids Wear,6111,8906153701242
Nike Maroon Designer Lehenga Choli,APP-01025,GST,12,6900.59,11210.02,11,Ethnic Wear,6204,8905144881121
Puma White Formal Shirt - Size L,APP-01026,GST,12,1023.78,1560.96,29,Men's Wear,6205,8905188781794
W for Woman Teal Formal Trousers - Size S,APP-01027,GST,12,659.12,1203.99,13,Men's Wear,6203,8908409112252
Marks & Spencer Blue Women's Stiletto Heels - Size UK 8,APP-01028,GST,12,1424.1,3180.09,23,Footwear,6403,8900566186323
Local Boutique Teal Clutch Sling Bag,APP-01029,GST,18,797.58,1769.93,32,Accessories,4202,8908765530073
W for Woman Black Formal Shirt - Size 3XL,APP-01030,GST,12,721.99,1525.99,27,Men's Wear,6205,8900571219881
FabIndia Yellow Men's Leather Belt,APP-01031,GST,18,376.86,756.26,22,Accessories,4202,8901905348640
Peter England Navy Slim Fit Blazer - Size 3XL,APP-01032,GST,12,4400.83,6823.98,17,Men's Wear,6203,8906245618517
Raymond Maroon Men's Kurta Pajama Set - Size S,APP-01033,GST,12,668.68,1145.89,12,Ethnic Wear,6211,8901289915114
Manyavar White Boys Graphic T-Shirt - Size M,APP-01034,GST,5,241.34,492.44,6,Kids Wear,6111,8903044881898
Marks & Spencer Pink Men's Kurta Pajama Set - Size L,APP-01035,GST,12,722.93,1333.1,3,Ethnic Wear,6211,8904615402119
Zara Yellow Formal Shirt - Size S,APP-01036,GST,12,559.49,1005.53,35,Men's Wear,6205,8901429831522
Zara Pink Imitation Necklace Set,APP-01037,GST,3,457.28,1006.75,9,Jewelry,7117,8902836084937
Puma Black Kids Velcro Sneakers - Size UK 8,APP-01038,GST,12,335.74,716.33,13,Footwear,6404,8908452696944
Zara Olive Silk Saree,APP-01039,GST,12,1621.42,3349.5,1,Ethnic Wear,5407,8901693429291
FabIndia Olive Silk Saree,APP-01040,GST,12,1929.07,3231.19,3,Ethnic Wear,5407,8901623419031
Woodland White Formal Shirt - Size L,APP-01041,GST,5,456.17,711.09,8,Men's Wear,6205,8905566847323
W for Woman Blue Girls Leggings - Size 3XL,APP-01042,GST,5,211.57,450.34,32,Kids Wear,6111,8907460406720
Bata Grey Denim Jeans - Size L,APP-01043,GST,12,872.89,1328.06,19,Men's Wear,6203,8902442607819
W for Woman Navy Thermal Innerwear Set - Size 3XL,APP-01044,GST,5,366.52,594.13,18,Winter Wear,6107,8907642737203
Local Boutique Maroon Imitation Necklace Set,APP-01045,GST,3,789.7,1584.87,10,Jewelry,7117,8901458414846
H&M Beige Casual T-Shirt - Size S,APP-01046,GST,5,246.61,421.97,16,Men's Wear,6109,8908998278020
Marks & Spencer Maroon Sherwani - Size XXL,APP-01047,GST,12,4469.66,8622.52,12,Ethnic Wear,6211,8901464493699
W for Woman White Genuine Leather Wallet,APP-01048,GST,18,507.08,819.39,16,Accessories,4202,8905055738573
Marks & Spencer Black Women's Woolen Cardigan - Size 3XL,APP-01049,GST,5,384.56,777.45,9,Winter Wear,6110,8903603768118
FabIndia Blue Unisex Hoodie - Size 3XL,APP-01050,GST,5,448.19,810.31,3,Winter Wear,6110,8904096149731
Puma Beige Boys Graphic T-Shirt - Size S,APP-01051,GST,5,152.7,255.82,39,Kids Wear,6111,8908307482073
Manyavar White Men's Pullover Sweater - Size S,APP-01052,GST,12,1026.91,1696.73,37,Winter Wear,6110,8904065578201
Allen Solly Pink Polarized Sunglasses,APP-01053,GST,18,565.99,1304.34,15,Accessories,9004,8900233324707
FabIndia Black Palazzo Pants - Size S,APP-01054,GST,12,551.81,1212.03,24,Women's Wear,6204,8904621276025
Marks & Spencer Red Polo T-Shirt - Size 3XL,APP-01055,GST,12,573.48,1068.04,6,Men's Wear,6109,8902312616324
Marks & Spencer Pink Women's Stiletto Heels - Size UK 9,APP-01056,GST,12,1273.24,3087.93,38,Footwear,6403,8905729893762
Bata Navy Clutch Sling Bag,APP-01057,GST,18,530.64,867.89,2,Accessories,4202,8903646871912
Puma Olive Denim Jeans - Size 3XL,APP-01058,GST,12,862.37,2020.44,36,Men's Wear,6203,8907692082832
Peter England Grey Silk Saree,APP-01059,GST,12,1635.52,3283.32,22,Ethnic Wear,5407,8908814458220
Local Boutique Mustard Women's Woolen Cardigan - Size M,APP-01060,GST,5,385.7,875.16,6,Winter Wear,6110,8908297168157
Nike Mustard Maxi Dress - Size L,APP-01061,GST,12,515.38,1155.5,2,Women's Wear,6204,8900015291137
Bata Teal Slim Fit Blazer - Size XXL,APP-01062,GST,12,3604.29,5272.98,39,Men's Wear,6203,8900255618444
H&M Grey Maxi Dress - Size M,APP-01063,GST,12,1274.75,2592.88,31,Women's Wear,6204,8904781224890
Aurelia Yellow Sherwani - Size S,APP-01064,GST,12,5475.32,10480.01,3,Ethnic Wear,6211,8909004365515
Nike Grey Women's Stiletto Heels - Size UK 6,APP-01065,GST,12,924.88,1867.61,16,Footwear,6403,8906248355054
Aurelia Olive Maxi Dress - Size S,APP-01066,GST,12,1713.01,2472.41,31,Women's Wear,6204,8900633699879
Allen Solly Teal Boys Denim Jeans - Size XXL,APP-01067,GST,12,414.16,1014.04,34,Kids Wear,6111,8902210401648
Marks & Spencer Grey Two-Piece Suit - Size 3XL,APP-01068,GST,12,1598.69,3338.28,17,Men's Wear,6203,8902877383638
H&M Maroon Imitation Necklace Set,APP-01069,GST,3,351.02,751.29,10,Jewelry,7117,8906942894642
Puma Maroon Casual T-Shirt - Size 3XL,APP-01070,GST,5,160.5,352.22,34,Men's Wear,6109,8906314417064
Aurelia Red Polarized Sunglasses,APP-01071,GST,18,1594.06,2886.9,19,Accessories,9004,8900263558243
H&M Yellow Casual T-Shirt - Size XL,APP-01072,GST,5,204.23,463.87,19,Men's Wear,6109,8908988031538
Mango Red Sports Running Sneakers - Size UK 11,APP-01073,GST,12,2798.23,4938.05,9,Footwear,6404,8907905040433
Levi's Teal Crop Top - Size L,APP-01074,GST,5,220.35,436.03,38,Women's Wear,6206,8905163211197
Bata Olive Women's Stiletto Heels - Size UK 11,APP-01075,GST,12,851.43,1237.26,13,Footwear,6403,8903913732653
Woodland Mustard Polo T-Shirt - Size S,APP-01076,GST,5,394.65,967.62,40,Men's Wear,6109,8908756178688
Allen Solly Red Formal Shirt - Size M,APP-01077,GST,12,560.19,1398.79,2,Men's Wear,6205,8909156182980
Aurelia Green Silk Saree,APP-01078,GST,12,2681.17,5220.48,19,Ethnic Wear,5407,8909160936595
Peter England White Cotton Kurti - Size L,APP-01079,GST,5,378.75,867.1,34,Women's Wear,6211,8909418433687
Allen Solly Beige Boys Graphic T-Shirt - Size M,APP-01080,GST,5,314.23,580.7,11,Kids Wear,6111,8902399821374
Manyavar Maroon Boys Graphic T-Shirt - Size S,APP-01081,GST,5,105.14,255.19,19,Kids Wear,6111,8902886050537
Woodland Maroon Kids Winter Jacket - Size 3XL,APP-01082,GST,5,338.13,731.39,8,Kids Wear,6209,8902600308356
H&M Mustard Kids Winter Jacket - Size S,APP-01083,GST,12,582.74,1254.88,5,Kids Wear,6209,8905312345506
Marks & Spencer Red Sports Running Sneakers - Size UK 8,APP-01084,GST,12,1810.9,3502.15,32,Footwear,6404,8906829384401
Raymond Grey Silk Saree,APP-01085,GST,12,2411.63,5989.68,13,Ethnic Wear,5407,8905437882603
W for Woman Beige Palazzo Pants - Size 3XL,APP-01086,GST,5,383.64,580.34,24,Women's Wear,6204,8907090859914
Biba Black Designer Lehenga Choli,APP-01087,GST,12,5845.57,11931.91,11,Ethnic Wear,6204,8906999699648
Bata White Imitation Necklace Set,APP-01088,GST,3,284.1,642.6,38,Jewelry,7117,8906932591408
Levi's Red Men's Kurta Pajama Set - Size M,APP-01089,GST,12,582.43,1353.05,15,Ethnic Wear,6211,8904266980690
Local Boutique Red Kids Velcro Sneakers - Size UK 8,APP-01090,GST,12,629.08,1197.07,27,Footwear,6404,8900723483893
W for Woman Pink Sherwani - Size M,APP-01091,GST,12,7536.37,14863.45,36,Ethnic Wear,6211,8900405612996
Allen Solly Grey Boys Graphic T-Shirt - Size M,APP-01092,GST,5,182.66,409.05,35,Kids Wear,6111,8902641869656
H&M Mustard Polarized Sunglasses,APP-01093,GST,18,482.54,931.36,28,Accessories,9004,8901238595143
Aurelia Grey Georgette Saree,APP-01094,GST,12,905.59,2061.05,20,Ethnic Wear,5407,8908400273008
Aurelia Maroon Women's Woolen Cardigan - Size S,APP-01095,GST,12,1437.78,2197.6,25,Winter Wear,6110,8908311395001
Mango Black Girls Leggings - Size XXL,APP-01096,GST,5,253.27,376.9,39,Kids Wear,6111,8901507628397
Woodland Pink Imitation Necklace Set,APP-01097,GST,3,297.11,536.34,18,Jewelry,7117,8904077794620
FabIndia Olive Unisex Hoodie - Size XL,APP-01098,GST,12,810.3,1501.34,9,Winter Wear,6110,8909250817760
H&M Teal Maxi Dress - Size L,APP-01099,GST,12,467.98,1137.29,35,Women's Wear,6204,8904133373125
Biba Blue Boys Denim Jeans - Size L,APP-01100,GST,12,613.26,1129.29,30,Kids Wear,6111,8908170321192
Aurelia White Formal Shirt - Size M,APP-01101,GST,12,794.56,1320.38,33,Men's Wear,6205,8905277895613
Bata White Crop Top - Size 3XL,APP-01102,GST,5,392.24,681.63,38,Women's Wear,6206,8900295026480
Woodland Navy Slim Fit Blazer - Size L,APP-01103,GST,12,4201.5,6975.15,14,Men's Wear,6203,8904167812778
Biba White Maxi Dress - Size S,APP-01104,GST,12,1512.89,3181.57,32,Women's Wear,6204,8909821348629
Manyavar Olive Women's Flat Sandals - Size UK 11,APP-01105,GST,12,408.95,901.48,39,Footwear,6404,8907363831828
Woodland Black Sherwani - Size L,APP-01106,GST,12,3309.12,7363.77,2,Ethnic Wear,6211,8907986617706
Puma Maroon Men's Loafers - Size UK 9,APP-01107,GST,12,1517.15,2368.58,1,Footwear,6403,8905068212235
Biba White Sherwani - Size XL,APP-01108,GST,12,5834.82,12401.97,1,Ethnic Wear,6211,8905871469218
Biba White Imitation Necklace Set,APP-01109,GST,3,460.72,846.68,30,Jewelry,7117,8909089843699
Raymond Teal Women's Flat Sandals - Size UK 9,APP-01110,GST,12,519.0,1270.72,9,Footwear,6404,8900509386948
FabIndia Navy Designer Lehenga Choli,APP-01111,GST,12,5170.97,10707.54,36,Ethnic Wear,6204,8901145788707
W for Woman Red Formal Trousers - Size M,APP-01112,GST,12,1106.84,2038.6,25,Men's Wear,6203,8907382097461
H&M Olive Clutch Sling Bag,APP-01113,GST,18,586.06,1163.57,25,Accessories,4202,8908299687225
Levi's Yellow Women's Stiletto Heels - Size UK 10,APP-01114,GST,12,496.06,1045.52,21,Footwear,6403,8908062350405
Aurelia Olive Girls Leggings - Size XXL,APP-01115,GST,5,139.91,266.16,3,Kids Wear,6111,8900124825544
Mango Maroon Denim Jacket - Size XL,APP-01116,GST,12,1239.98,2003.45,23,Women's Wear,6204,8909423289463
Marks & Spencer Beige Formal Trousers - Size S,APP-01117,GST,12,680.81,1076.26,6,Women's Wear,6204,8905285725629
Aurelia Beige Maxi Dress - Size M,APP-01118,GST,12,1987.35,3268.2,34,Women's Wear,6204,8909513818655
Local Boutique Grey Casual T-Shirt - Size L,APP-01119,GST,5,356.89,872.44,36,Men's Wear,6109,8905095744303
Zara Pink Men's Kurta Pajama Set - Size XXL,APP-01120,GST,12,2130.5,3157.31,8,Ethnic Wear,6211,8907972038593
Peter England White Georgette Saree,APP-01121,GST,12,1131.75,1967.37,21,Ethnic Wear,5407,8904715531325
Levi's Mustard Clutch Sling Bag,APP-01122,GST,18,488.99,1139.58,34,Accessories,4202,8901367500942
Zara Navy Imitation Necklace Set,APP-01123,GST,3,290.3,519.42,30,Jewelry,7117,8906981987809
Local Boutique Black Cotton Kurti - Size L,APP-01124,GST,5,399.89,663.23,33,Women's Wear,6211,8908856225866
Manyavar Mustard Denim Jeans - Size XXL,APP-01125,GST,12,864.41,1963.52,29,Men's Wear,6203,8908744227585
Marks & Spencer Pink Georgette Saree,APP-01126,GST,12,1918.98,3577.29,24,Ethnic Wear,5407,8905942824911
Manyavar Black Women's Woolen Cardigan - Size M,APP-01127,GST,12,1489.93,2096.16,3,Winter Wear,6110,8900245393132
Zara Teal Imitation Necklace Set,APP-01128,GST,3,984.1,1452.7,1,Jewelry,7117,8905570836821
Raymond Navy Designer Lehenga Choli,APP-01129,GST,12,3285.82,6840.94,32,Ethnic Wear,6204,8902736774620
W for Woman Mustard Cotton Kurti - Size XXL,APP-01130,GST,12,546.09,1187.22,24,Women's Wear,6211,8904318328123
FabIndia Blue Chinos - Size XXL,APP-01131,GST,5,413.11,960.6,1,Men's Wear,6203,8904910601836
Local Boutique Red Cotton Printed Saree,APP-01132,GST,12,1008.36,1925.47,2,Ethnic Wear,5407,8908276817225
Bata Green Men's Oxford Leather Shoes - Size UK 7,APP-01133,GST,12,2011.79,3620.23,18,Footwear,6403,8907262905291
Bata Maroon Sports Running Sneakers - Size UK 10,APP-01134,GST,12,1561.08,3438.3,26,Footwear,6404,8900827172173
Bata Teal Formal Trousers - Size 3XL,APP-01135,GST,12,669.71,1619.62,38,Women's Wear,6204,8902052229993
Biba White Men's Pullover Sweater - Size 3XL,APP-01136,GST,12,885.02,1557.32,38,Winter Wear,6110,8901438823255
Marks & Spencer Blue Silk Saree,APP-01137,GST,12,2774.29,4824.13,27,Ethnic Wear,5407,8901777326430
Manyavar Navy Genuine Leather Wallet,APP-01138,GST,18,373.97,915.62,32,Accessories,4202,8909127997029
Bata White Denim Jacket - Size M,APP-01139,GST,5,567.67,948.66,39,Women's Wear,6204,8907871375298
Puma Red Women's Stiletto Heels - Size UK 6,APP-01140,GST,12,477.38,1022.9,7,Footwear,6403,8902560832004
Local Boutique Beige Kids Velcro Sneakers - Size UK 11,APP-01141,GST,12,645.72,1532.49,34,Footwear,6404,8908897535852
Marks & Spencer Maroon Silk Saree,APP-01142,GST,12,2490.3,6013.59,3,Ethnic Wear,5407,8903044361995
Bata White Two-Piece Suit - Size L,APP-01143,GST,12,6161.52,9730.92,14,Men's Wear,6203,8909102929501
Levi's Yellow Men's Kurta Pajama Set - Size L,APP-01144,GST,12,1235.03,2727.46,13,Ethnic Wear,6211,8900930967139
H&M Beige Men's Loafers - Size UK 5,APP-01145,GST,12,773.82,1124.56,10,Footwear,6403,8902132176720
H&M White Two-Piece Suit - Size S,APP-01146,GST,12,4122.81,6245.88,12,Men's Wear,6203,8900190725873
Levi's Black Formal Trousers - Size L,APP-01147,GST,12,747.17,1400.64,22,Women's Wear,6204,8903802748124
Zara White Denim Jacket - Size L,APP-01148,GST,5,439.13,884.51,26,Women's Wear,6204,8908250952294
FabIndia Black Girls Leggings - Size XXL,APP-01149,GST,5,93.41,217.78,23,Kids Wear,6111,8906103995297
Zara Blue Casual T-Shirt - Size XL,APP-01150,GST,5,202.44,344.75,28,Men's Wear,6109,8905858564230
H&M Olive Cotton Printed Saree,APP-01151,GST,5,306.57,763.08,4,Ethnic Wear,5407,8906159273874
Biba Beige Denim Jeans - Size XXL,APP-01152,GST,12,469.79,1029.19,6,Men's Wear,6203,8906690632248
Zara Green Imitation Necklace Set,APP-01153,GST,3,328.61,772.39,1,Jewelry,7117,8903403010956
Bata Green Men's Loafers - Size UK 8,APP-01154,GST,12,1489.5,2590.36,5,Footwear,6403,8905795546234
Zara Red Men's Oxford Leather Shoes - Size UK 11,APP-01155,GST,12,1999.6,3815.07,1,Footwear,6403,8901080181030
Marks & Spencer Blue Men's Pullover Sweater - Size S,APP-01156,GST,12,937.78,1597.77,6,Winter Wear,6110,8907268080815
Zara Red Unisex Hoodie - Size XXL,APP-01157,GST,5,263.9,578.41,22,Winter Wear,6110,8900713806713
Bata Olive Denim Jeans - Size M,APP-01158,GST,12,647.9,1597.49,19,Men's Wear,6203,8905847436213
Allen Solly Beige Casual T-Shirt - Size XL,APP-01159,GST,5,193.71,384.49,34,Men's Wear,6109,8905766947031
Allen Solly Green Kids Velcro Sneakers - Size UK 6,APP-01160,GST,12,700.4,1599.73,13,Footwear,6404,8909627466621
H&M Grey Boys Denim Jeans - Size M,APP-01161,GST,12,487.59,1057.78,31,Kids Wear,6111,8900004666145
Allen Solly Teal Polarized Sunglasses,APP-01162,GST,18,1765.36,2569.72,38,Accessories,9004,8907714004938
H&M Mustard Kids Velcro Sneakers - Size UK 10,APP-01163,GST,12,511.75,1110.47,18,Footwear,6404,8909053152049
Mango Black Women's Tote Handbag,APP-01164,GST,18,1316.69,2709.39,32,Accessories,4202,8906987313797
Woodland Maroon Two-Piece Suit - Size XXL,APP-01165,GST,12,4405.29,7585.37,27,Men's Wear,6203,8906123740779
Puma Blue Georgette Saree,APP-01166,GST,12,1950.22,3667.56,14,Ethnic Wear,5407,8908994991970
Nike Red Chinos - Size XL,APP-01167,GST,12,874.97,2144.84,9,Men's Wear,6203,8900370878211
Peter England Mustard Men's Pullover Sweater - Size M,APP-01168,GST,12,932.9,1982.58,17,Winter Wear,6110,8901813599898
Bata Red Men's Leather Belt,APP-01169,GST,18,208.75,394.3,2,Accessories,4202,8908894801864
Marks & Spencer Red Men's Kurta Pajama Set - Size M,APP-01170,GST,12,1576.52,2989.74,23,Ethnic Wear,6211,8908839785708
Peter England Teal Denim Jacket - Size S,APP-01171,GST,12,929.12,1348.62,31,Women's Wear,6204,8905712369149
H&M Teal Kids Winter Jacket - Size 3XL,APP-01172,GST,12,695.63,1688.69,33,Kids Wear,6209,8907942968827
Local Boutique Pink Kids Winter Jacket - Size 3XL,APP-01173,GST,5,509.2,737.04,23,Kids Wear,6209,8903141961560
Marks & Spencer Pink Men's Loafers - Size UK 6,APP-01174,GST,12,693.12,1186.98,36,Footwear,6403,8908356517962
Peter England Beige Designer Lehenga Choli,APP-01175,GST,12,5549.38,9496.89,40,Ethnic Wear,6204,8906683496047
Raymond Red Sports Running Sneakers - Size UK 5,APP-01176,GST,12,1947.28,3053.81,22,Footwear,6404,8901622593648
FabIndia Black Women's Flat Sandals - Size UK 9,APP-01177,GST,12,557.09,1368.31,15,Footwear,6404,8904868839062
Aurelia Yellow Cotton Printed Saree,APP-01178,GST,12,1070.02,2384.2,29,Ethnic Wear,5407,8909916091141
Zara Beige Crop Top - Size 3XL,APP-01179,GST,5,222.72,473.8,39,Women's Wear,6206,8902361337605
Puma Black Denim Jacket - Size L,APP-01180,GST,12,748.97,1469.59,26,Women's Wear,6204,8905025447241
Zara Maroon Clutch Sling Bag,APP-01181,GST,18,575.92,1359.36,19,Accessories,4202,8904096617718
Nike Beige Cotton Kurti - Size XXL,APP-01182,GST,5,420.49,841.52,3,Women's Wear,6211,8908806782141
Nike Maroon Unisex Hoodie - Size XXL,APP-01183,GST,12,1061.5,1608.22,15,Winter Wear,6110,8905926648698
Puma Olive Clutch Sling Bag,APP-01184,GST,18,707.19,1417.56,20,Accessories,4202,8908694155945
Zara White Denim Jeans - Size XXL,APP-01185,GST,12,574.55,1183.01,12,Men's Wear,6203,8900753605117
Woodland Pink Formal Trousers - Size 3XL,APP-01186,GST,5,326.15,755.28,35,Men's Wear,6203,8908636536218
Nike Green Men's Leather Belt,APP-01187,GST,18,435.7,791.61,1,Accessories,4202,8900099424894
Peter England Navy Denim Jacket - Size XL,APP-01188,GST,12,1300.69,2797.33,18,Women's Wear,6204,8908966760564
Allen Solly Mustard Maxi Dress - Size L,APP-01189,GST,12,796.51,1873.16,32,Women's Wear,6204,8907580974533
Allen Solly Maroon Sports Running Sneakers - Size UK 6,APP-01190,GST,12,1039.09,2348.81,17,Footwear,6404,8906622654016
Manyavar Beige Polarized Sunglasses,APP-01191,GST,18,946.28,1380.69,28,Accessories,9004,8902212242767
Raymond Maroon Men's Oxford Leather Shoes - Size UK 6,APP-01192,GST,12,1770.23,3672.53,25,Footwear,6403,8900112411584
Mango Pink Women's Flat Sandals - Size UK 8,APP-01193,GST,12,990.6,1393.51,35,Footwear,6404,8900179867782
H&M Red Formal Trousers - Size XXL,APP-01194,GST,12,588.57,1433.73,29,Women's Wear,6204,8900472642612
Biba Black Two-Piece Suit - Size M,APP-01195,GST,12,4462.99,7371.47,31,Men's Wear,6203,8905365968078
Biba Green Boys Denim Jeans - Size L,APP-01196,GST,12,726.18,1156.31,9,Kids Wear,6111,8901838545400
Nike Navy Women's Woolen Cardigan - Size 3XL,APP-01197,GST,12,578.93,1225.84,22,Winter Wear,6110,8902311232748
Local Boutique Pink Clutch Sling Bag,APP-01198,GST,18,463.33,1107.95,26,Accessories,4202,8903342720388
Biba Mustard Girls Leggings - Size S,APP-01199,GST,5,259.48,464.21,1,Kids Wear,6111,8908019630453
Aurelia Beige Polo T-Shirt - Size M,APP-01200,GST,5,316.52,633.0,10,Men's Wear,6109,8904935340018
Aurelia Yellow Chinos - Size XL,APP-01201,GST,12,798.05,1568.66,5,Men's Wear,6203,8906524445446
Marks & Spencer Blue Denim Jeans - Size XXL,APP-01202,GST,12,1272.86,2745.92,31,Men's Wear,6203,8909937810539
FabIndia Grey Two-Piece Suit - Size XL,APP-01203,GST,12,5446.06,10694.66,17,Men's Wear,6203,8908699969882
Peter England Navy Women's Tote Handbag,APP-01204,GST,18,1054.91,2292.73,31,Accessories,4202,8901472463019
Aurelia Olive Women's Flat Sandals - Size UK 7,APP-01205,GST,12,382.76,591.53,14,Footwear,6404,8908397283391
Zara Pink A-Line Dress - Size 3XL,APP-01206,GST,12,1146.83,1643.51,11,Women's Wear,6204,8909328809832
Zara Black A-Line Dress - Size S,APP-01207,GST,5,450.71,745.04,1,Women's Wear,6204,8900186766100
Marks & Spencer Teal Sports Running Sneakers - Size UK 10,APP-01208,GST,12,1744.22,3182.96,1,Footwear,6404,8908143561403
Raymond Green Kids Velcro Sneakers - Size UK 10,APP-01209,GST,12,308.99,753.24,38,Footwear,6404,8908074682354
Manyavar Mustard Men's Pullover Sweater - Size 3XL,APP-01210,GST,12,1542.03,2217.99,13,Winter Wear,6110,8900762054596
H&M Green Unisex Hoodie - Size S,APP-01211,GST,12,1156.49,1677.7,28,Winter Wear,6110,8906641106541
Puma Navy Formal Trousers - Size S,APP-01212,GST,12,953.97,1903.95,7,Men's Wear,6203,8906994970890
Marks & Spencer Teal Girls Floral Frock - Size M,APP-01213,GST,5,450.01,901.39,19,Kids Wear,6111,8908268999626
Bata Teal Women's Tote Handbag,APP-01214,GST,18,1208.89,2410.45,36,Accessories,4202,8908891787915
W for Woman Teal Casual T-Shirt - Size XXL,APP-01215,GST,5,300.18,540.12,5,Men's Wear,6109,8909760932012
W for Woman Yellow Women's Woolen Cardigan - Size 3XL,APP-01216,GST,12,726.48,1463.84,12,Winter Wear,6110,8906041809521
W for Woman Green Thermal Innerwear Set - Size XXL,APP-01217,GST,5,275.6,676.06,30,Winter Wear,6107,8907741274692
Zara Grey Chinos - Size 3XL,APP-01218,GST,12,976.24,2059.35,10,Men's Wear,6203,8904199626422
Local Boutique Green A-Line Dress - Size XXL,APP-01219,GST,12,901.29,1707.23,17,Women's Wear,6204,8905421854570
Woodland Teal Sherwani - Size XXL,APP-01220,GST,12,2668.44,6215.89,10,Ethnic Wear,6211,8902570900163
Woodland Navy Boys Graphic T-Shirt - Size S,APP-01221,GST,5,266.53,435.09,9,Kids Wear,6111,8904728289540
H&M Yellow Denim Jeans - Size XXL,APP-01222,GST,12,944.02,2269.09,34,Men's Wear,6203,8902247312616
W for Woman Black Women's Flat Sandals - Size UK 8,APP-01223,GST,12,213.95,484.59,36,Footwear,6404,8900119509271
Manyavar Red Formal Trousers - Size XL,APP-01224,GST,5,331.29,784.54,24,Men's Wear,6203,8903709230071
Manyavar Pink Women's Woolen Cardigan - Size S,APP-01225,GST,5,345.24,667.09,6,Winter Wear,6110,8908948543298
Woodland Beige Thermal Innerwear Set - Size XXL,APP-01226,GST,5,387.59,911.51,27,Winter Wear,6107,8905294471619
FabIndia Yellow Sports Running Sneakers - Size UK 6,APP-01227,GST,12,1883.36,4316.71,6,Footwear,6404,8903104502589
Puma Pink Kids Winter Jacket - Size M,APP-01228,GST,5,321.56,765.83,14,Kids Wear,6209,8905748352680
Nike Grey Kids Winter Jacket - Size XL,APP-01229,GST,5,384.54,719.93,13,Kids Wear,6209,8909834488384
Manyavar Teal Denim Jacket - Size M,APP-01230,GST,12,641.23,1589.95,20,Women's Wear,6204,8906280550774
Aurelia Green Denim Jeans - Size XL,APP-01231,GST,12,1231.62,2201.74,24,Men's Wear,6203,8906239209085
Zara Black Sherwani - Size XL,APP-01232,GST,12,6805.35,11844.17,2,Ethnic Wear,6211,8909131117861
Allen Solly Red Women's Tote Handbag,APP-01233,GST,18,1430.03,3109.71,29,Accessories,4202,8906022069535
H&M Pink Georgette Saree,APP-01234,GST,12,1844.67,4394.49,9,Ethnic Wear,5407,8902759500260
Manyavar White Formal Trousers - Size L,APP-01235,GST,5,451.98,990.48,12,Men's Wear,6203,8905947950740
Zara Teal Men's Loafers - Size UK 8,APP-01236,GST,12,953.29,2220.2,30,Footwear,6403,8909805950310
Aurelia Navy Formal Shirt - Size 3XL,APP-01237,GST,12,477.01,1176.69,1,Men's Wear,6205,8903910452036
Mango Beige Polo T-Shirt - Size 3XL,APP-01238,GST,12,687.09,1176.74,5,Men's Wear,6109,8908491359928
W for Woman Teal Boys Denim Jeans - Size M,APP-01239,GST,12,521.58,1123.81,22,Kids Wear,6111,8902056100679
Allen Solly Pink Genuine Leather Wallet,APP-01240,GST,18,401.84,751.98,36,Accessories,4202,8900186774037
Nike Olive Sports Running Sneakers - Size UK 10,APP-01241,GST,12,814.96,1938.57,14,Footwear,6404,8903944953006
Bata Maroon Men's Loafers - Size UK 11,APP-01242,GST,12,1590.83,2502.21,21,Footwear,6403,8900325017365
FabIndia Maroon Cotton Printed Saree,APP-01243,GST,12,629.95,1200.26,17,Ethnic Wear,5407,8902902923345
H&M Black Slim Fit Blazer - Size 3XL,APP-01244,GST,12,2937.48,5958.53,27,Men's Wear,6203,8900530886843
FabIndia White Formal Shirt - Size S,APP-01245,GST,5,481.93,910.11,9,Men's Wear,6205,8909045759887
Biba White Sherwani - Size M,APP-01246,GST,12,5575.52,11446.29,28,Ethnic Wear,6211,8904260336202
W for Woman Green Thermal Innerwear Set - Size XXL,APP-01247,GST,5,332.9,559.75,30,Winter Wear,6107,8900920711523
Allen Solly Red Kids Velcro Sneakers - Size UK 6,APP-01248,GST,12,392.64,963.22,7,Footwear,6404,8909215818970
Zara Maroon Girls Floral Frock - Size S,APP-01249,GST,12,645.75,1261.44,14,Kids Wear,6111,8908558819597
Biba Olive Men's Oxford Leather Shoes - Size UK 10,APP-01250,GST,12,800.41,1610.12,3,Footwear,6403,8900537893186
FabIndia Grey Women's Tote Handbag,APP-01251,GST,18,1464.93,3346.02,18,Accessories,4202,8905401822720
Biba Grey Denim Jeans - Size M,APP-01252,GST,12,1101.12,2191.59,15,Men's Wear,6203,8902204144743
Mango Olive Cotton Kurti - Size S,APP-01253,GST,5,168.12,415.47,24,Women's Wear,6211,8909930202030
FabIndia Blue Georgette Saree,APP-01254,GST,12,914.7,1722.2,23,Ethnic Wear,5407,8902135302816
Peter England Maroon Boys Graphic T-Shirt - Size L,APP-01255,GST,5,287.9,403.98,4,Kids Wear,6111,8905937775691
Marks & Spencer Blue Clutch Sling Bag,APP-01256,GST,18,700.49,1507.56,11,Accessories,4202,8909161746902
Mango Blue Men's Leather Belt,APP-01257,GST,18,738.06,1056.97,16,Accessories,4202,8908419662291
Zara Maroon Formal Trousers - Size XL,APP-01258,GST,5,423.95,619.59,26,Women's Wear,6204,8908566706362
Mango Teal Formal Trousers - Size XL,APP-01259,GST,12,830.26,1217.56,38,Men's Wear,6203,8904440766349
Puma Beige Formal Trousers - Size XL,APP-01260,GST,12,624.12,1081.31,39,Women's Wear,6204,8906273226261
Raymond Red Formal Trousers - Size L,APP-01261,GST,5,536.34,993.32,9,Men's Wear,6203,8905854218808
Zara Olive Men's Loafers - Size UK 9,APP-01262,GST,12,1704.83,2663.4,16,Footwear,6403,8904199643385
FabIndia Olive Silk Saree,APP-01263,GST,12,2727.65,6741.45,12,Ethnic Wear,5407,8905058333430
H&M White Silk Saree,APP-01264,GST,12,3157.0,6256.86,26,Ethnic Wear,5407,8900545769475
Aurelia Beige Thermal Innerwear Set - Size 3XL,APP-01265,GST,12,528.87,1204.37,18,Winter Wear,6107,8905353659746
Mango Maroon Girls Leggings - Size S,APP-01266,GST,5,125.52,300.82,9,Kids Wear,6111,8901254508095
Raymond Grey Clutch Sling Bag,APP-01267,GST,18,976.75,1566.61,26,Accessories,4202,8909255966472
Puma Black Two-Piece Suit - Size XL,APP-01268,GST,12,5869.16,9999.89,16,Men's Wear,6203,8905914261404
Marks & Spencer Beige Imitation Necklace Set,APP-01269,GST,3,317.37,757.55,27,Jewelry,7117,8901454307963
Puma White Thermal Innerwear Set - Size 3XL,APP-01270,GST,12,846.02,1212.34,8,Winter Wear,6107,8907852211587
Marks & Spencer Navy Formal Trousers - Size L,APP-01271,GST,5,500.76,900.88,18,Men's Wear,6203,8902687447017
Biba Mustard Formal Trousers - Size 3XL,APP-01272,GST,12,889.42,1907.26,34,Women's Wear,6204,8906523777296
Manyavar Maroon Kids Winter Jacket - Size M,APP-01273,GST,5,684.08,960.27,18,Kids Wear,6209,8900052781055
Mango Pink Imitation Necklace Set,APP-01274,GST,3,215.82,520.73,31,Jewelry,7117,8902214257316
Raymond Blue Casual T-Shirt - Size XXL,APP-01275,GST,5,459.81,706.15,14,Men's Wear,6109,8906817203136
W for Woman Green Clutch Sling Bag,APP-01276,GST,18,651.86,1192.8,2,Accessories,4202,8909297352595
Puma Red Crop Top - Size M,APP-01277,GST,5,187.53,405.54,29,Women's Wear,6206,8903938992045
Puma Teal Men's Oxford Leather Shoes - Size UK 7,APP-01278,GST,12,1221.46,2014.55,28,Footwear,6403,8901850761087
Mango Red Polo T-Shirt - Size XL,APP-01279,GST,5,383.81,869.99,8,Men's Wear,6109,8908236010712
Zara Green Kids Winter Jacket - Size 3XL,APP-01280,GST,12,850.74,1961.8,36,Kids Wear,6209,8903882176484
Local Boutique Blue Kids Winter Jacket - Size L,APP-01281,GST,12,794.37,1341.63,10,Kids Wear,6209,8903322280194
FabIndia Green Cotton Printed Saree,APP-01282,GST,12,903.19,1925.16,12,Ethnic Wear,5407,8902560629535
Peter England Maroon Imitation Necklace Set,APP-01283,GST,3,673.23,1413.09,31,Jewelry,7117,8903118046741
Allen Solly Yellow Silk Saree,APP-01284,GST,12,1599.51,3222.66,20,Ethnic Wear,5407,8901852013626
Mango Teal Denim Jeans - Size L,APP-01285,GST,12,1388.69,2294.34,31,Men's Wear,6203,8905615470554
H&M Teal Genuine Leather Wallet,APP-01286,GST,18,584.51,1242.47,24,Accessories,4202,8901641195564
H&M Beige Casual T-Shirt - Size 3XL,APP-01287,GST,5,204.11,506.86,38,Men's Wear,6109,8905787520702
Nike Red Casual T-Shirt - Size XL,APP-01288,GST,5,414.91,885.13,5,Men's Wear,6109,8909712124139
Woodland Beige Silk Saree,APP-01289,GST,12,2158.73,4367.51,30,Ethnic Wear,5407,8906098731267
Puma White Men's Oxford Leather Shoes - Size UK 11,APP-01290,GST,12,1412.2,3173.98,9,Footwear,6403,8907607598897
Marks & Spencer Maroon Imitation Necklace Set,APP-01291,GST,3,354.9,745.7,14,Jewelry,7117,8909431916543
Mango Pink Casual T-Shirt - Size 3XL,APP-01292,GST,5,364.15,764.95,12,Men's Wear,6109,8903120219150
Local Boutique Teal Boys Denim Jeans - Size XL,APP-01293,GST,5,344.07,588.72,30,Kids Wear,6111,8904700026876
Raymond Grey Men's Kurta Pajama Set - Size 3XL,APP-01294,GST,12,1542.37,3001.54,20,Ethnic Wear,6211,8909797416365
Peter England Navy Women's Woolen Cardigan - Size L,APP-01295,GST,5,384.79,710.86,23,Winter Wear,6110,8905373096496
Biba Yellow Clutch Sling Bag,APP-01296,GST,18,269.78,639.64,37,Accessories,4202,8905296353059
Allen Solly Red Thermal Innerwear Set - Size L,APP-01297,GST,5,448.95,708.29,11,Winter Wear,6107,8907636431594
Marks & Spencer Mustard Women's Stiletto Heels - Size UK 9,APP-01298,GST,12,1288.12,2670.13,23,Footwear,6403,8904663454434
H&M Teal Cotton Printed Saree,APP-01299,GST,12,952.63,1748.14,39,Ethnic Wear,5407,8909393449743
Nike Maroon Genuine Leather Wallet,APP-01300,GST,18,181.49,405.63,36,Accessories,4202,8902230958629
Levi's Beige Men's Oxford Leather Shoes - Size UK 10,APP-01301,GST,12,1821.78,3838.12,34,Footwear,6403,8909413210972
Biba White Denim Jeans - Size XL,APP-01302,GST,12,1297.23,2499.54,20,Men's Wear,6203,8908534655792
Peter England Blue Cotton Kurti - Size S,APP-01303,GST,5,232.16,396.05,28,Women's Wear,6211,8904612939002
Zara Red Boys Denim Jeans - Size S,APP-01304,GST,5,226.11,531.39,22,Kids Wear,6111,8906589635957
Marks & Spencer Maroon Formal Shirt - Size S,APP-01305,GST,12,730.97,1513.42,5,Men's Wear,6205,8904584345663
H&M Blue Formal Trousers - Size XXL,APP-01306,GST,12,1038.03,1508.12,14,Men's Wear,6203,8904236220334
Raymond Red Thermal Innerwear Set - Size L,APP-01307,GST,5,358.21,759.99,2,Winter Wear,6107,8904379686800
Manyavar Olive Kids Velcro Sneakers - Size UK 10,APP-01308,GST,12,732.9,1484.85,18,Footwear,6404,8906902177417
Levi's Black Cotton Printed Saree,APP-01309,GST,12,610.82,1069.17,10,Ethnic Wear,5407,8903850228946
Manyavar Red Kids Winter Jacket - Size XL,APP-01310,GST,12,825.07,1817.47,11,Kids Wear,6209,8903328293020
Manyavar Maroon Cotton Kurti - Size XXL,APP-01311,GST,12,728.66,1192.87,1,Women's Wear,6211,8903033467711
Bata Green Women's Woolen Cardigan - Size S,APP-01312,GST,12,713.44,1333.81,31,Winter Wear,6110,8909955302453
H&M Red Denim Jeans - Size M,APP-01313,GST,12,1214.32,2442.9,17,Men's Wear,6203,8907230342028
Bata White Designer Lehenga Choli,APP-01314,GST,12,1992.85,4363.28,11,Ethnic Wear,6204,8902405076487
Local Boutique Pink Slim Fit Blazer - Size 3XL,APP-01315,GST,12,3128.99,5485.82,17,Men's Wear,6203,8906199240658
Marks & Spencer Mustard Palazzo Pants - Size XL,APP-01316,GST,5,285.16,611.79,10,Women's Wear,6204,8905812259095
Aurelia Teal Girls Leggings - Size XXL,APP-01317,GST,5,147.96,248.61,33,Kids Wear,6111,8902373379121
H&M White Cotton Kurti - Size S,APP-01318,GST,5,241.72,460.15,33,Women's Wear,6211,8900358690170
Raymond Olive Men's Loafers - Size UK 5,APP-01319,GST,12,991.0,2403.96,39,Footwear,6403,8902519994529
Zara Yellow Sherwani - Size S,APP-01320,GST,12,4326.78,6733.83,32,Ethnic Wear,6211,8906433872205
FabIndia Red Designer Lehenga Choli,APP-01321,GST,12,3723.04,6755.72,21,Ethnic Wear,6204,8904963308334
Raymond Yellow Designer Lehenga Choli,APP-01322,GST,12,2649.72,6159.76,32,Ethnic Wear,6204,8908995047020
Aurelia Teal Girls Floral Frock - Size XXL,APP-01323,GST,12,790.37,1168.57,21,Kids Wear,6111,8903774926632
Manyavar Maroon Women's Tote Handbag,APP-01324,GST,18,925.06,1755.38,32,Accessories,4202,8907522592061
W for Woman Grey Kids Winter Jacket - Size S,APP-01325,GST,5,425.32,878.31,2,Kids Wear,6209,8905922941156
Peter England Red Crop Top - Size XXL,APP-01326,GST,5,233.93,522.42,38,Women's Wear,6206,8906363726294
Peter England Maroon Denim Jacket - Size XL,APP-01327,GST,5,464.39,988.96,40,Women's Wear,6204,8908085133138
Peter England Navy Polo T-Shirt - Size XXL,APP-01328,GST,5,346.27,808.92,11,Men's Wear,6109,8901122121548
W for Woman Grey Two-Piece Suit - Size M,APP-01329,GST,12,5004.0,9996.92,35,Men's Wear,6203,8907640191854
Marks & Spencer Black Kids Velcro Sneakers - Size UK 8,APP-01330,GST,12,476.01,826.42,9,Footwear,6404,8900062987787
Manyavar Grey Silk Saree,APP-01331,GST,12,2403.39,5902.1,26,Ethnic Wear,5407,8904641962342
FabIndia Olive Two-Piece Suit - Size XL,APP-01332,GST,12,5965.56,9526.71,13,Men's Wear,6203,8902041042948
Zara Navy Crop Top - Size 3XL,APP-01333,GST,5,326.13,639.92,37,Women's Wear,6206,8901179726999
Nike Beige Clutch Sling Bag,APP-01334,GST,18,692.67,1361.13,13,Accessories,4202,8901800366602
Peter England Black Formal Shirt - Size L,APP-01335,GST,12,687.69,1528.6,35,Men's Wear,6205,8905386310505
Nike Blue Denim Jacket - Size XXL,APP-01336,GST,12,1298.03,2602.32,1,Women's Wear,6204,8905826929900
Aurelia Grey Unisex Hoodie - Size 3XL,APP-01337,GST,12,470.55,1084.57,28,Winter Wear,6110,8903328389633
Woodland Olive Men's Oxford Leather Shoes - Size UK 5,APP-01338,GST,12,1371.18,2877.43,35,Footwear,6403,8906267136841
H&M Blue Formal Shirt - Size M,APP-01339,GST,12,538.93,1223.48,13,Men's Wear,6205,8903921883527
H&M Grey Women's Tote Handbag,APP-01340,GST,18,781.32,1899.92,2,Accessories,4202,8906776106592
Marks & Spencer Grey Formal Shirt - Size S,APP-01341,GST,12,627.17,1439.06,16,Men's Wear,6205,8901927976178
W for Woman Beige Two-Piece Suit - Size XL,APP-01342,GST,12,3907.54,7762.58,16,Men's Wear,6203,8908457202665
Marks & Spencer Maroon Kids Winter Jacket - Size M,APP-01343,GST,12,895.28,1601.92,7,Kids Wear,6209,8902573498992
Manyavar Blue Boys Graphic T-Shirt - Size XXL,APP-01344,GST,5,182.94,343.69,1,Kids Wear,6111,8907429907472
Woodland Maroon Clutch Sling Bag,APP-01345,GST,18,329.12,619.29,40,Accessories,4202,8906708089747
Marks & Spencer Green Cotton Printed Saree,APP-01346,GST,12,945.15,1401.46,33,Ethnic Wear,5407,8903984167347
Manyavar Blue Women's Stiletto Heels - Size UK 8,APP-01347,GST,12,1307.53,2602.09,35,Footwear,6403,8901649804450
Biba Pink Women's Tote Handbag,APP-01348,GST,18,1868.38,3287.11,11,Accessories,4202,8901026270664
Peter England Black Kids Velcro Sneakers - Size UK 11,APP-01349,GST,12,641.89,1089.69,17,Footwear,6404,8905813088983
Manyavar Yellow Polo T-Shirt - Size L,APP-01350,GST,5,461.21,920.08,16,Men's Wear,6109,8909974185630
Bata Teal A-Line Dress - Size L,APP-01351,GST,12,1554.81,2257.53,14,Women's Wear,6204,8900566199530
Aurelia Navy Boys Denim Jeans - Size S,APP-01352,GST,5,369.29,828.68,13,Kids Wear,6111,8907846790870
Zara Grey Imitation Necklace Set,APP-01353,GST,3,279.56,661.43,3,Jewelry,7117,8900136510344
Nike Red Men's Kurta Pajama Set - Size XXL,APP-01354,GST,12,1782.39,2580.17,31,Ethnic Wear,6211,8904568652406
FabIndia White A-Line Dress - Size L,APP-01355,GST,12,1085.24,2249.07,28,Women's Wear,6204,8907256222190
Puma Blue Boys Graphic T-Shirt - Size 3XL,APP-01356,GST,5,305.78,527.28,2,Kids Wear,6111,8904747648455
Puma Beige Women's Tote Handbag,APP-01357,GST,18,1263.04,1902.17,15,Accessories,4202,8908350712455
Zara Red Crop Top - Size 3XL,APP-01358,GST,5,368.39,880.23,4,Women's Wear,6206,8900362211732
Bata Yellow Polarized Sunglasses,APP-01359,GST,18,1056.54,1793.76,35,Accessories,9004,8903958558522
Raymond Red Men's Leather Belt,APP-01360,GST,18,186.67,437.76,7,Accessories,4202,8906185759171
Manyavar Black Denim Jeans - Size XXL,APP-01361,GST,12,1851.76,2688.53,20,Men's Wear,6203,8909147744735
Levi's Green Polarized Sunglasses,APP-01362,GST,18,645.8,1524.88,19,Accessories,9004,8901715949734
Levi's Black Designer Lehenga Choli,APP-01363,GST,12,2826.0,5543.49,2,Ethnic Wear,6204,8903318361133
Mango Beige Imitation Necklace Set,APP-01364,GST,3,665.0,958.38,31,Jewelry,7117,8908828152787
Allen Solly Navy Formal Trousers - Size XXL,APP-01365,GST,12,691.65,1208.71,5,Women's Wear,6204,8905217465353
Mango Black Men's Oxford Leather Shoes - Size UK 5,APP-01366,GST,12,1232.69,2896.6,23,Footwear,6403,8906734467177
Biba Beige Girls Leggings - Size XL,APP-01367,GST,5,241.94,356.1,20,Kids Wear,6111,8903362999466
Manyavar Black Cotton Printed Saree,APP-01368,GST,12,1233.01,1878.35,35,Ethnic Wear,5407,8909857390835
Zara Olive Maxi Dress - Size S,APP-01369,GST,12,1319.36,2441.56,34,Women's Wear,6204,8904424648849
Bata Beige Clutch Sling Bag,APP-01370,GST,18,541.32,1091.93,24,Accessories,4202,8907595828190
FabIndia White Denim Jacket - Size XL,APP-01371,GST,12,1205.1,2300.58,35,Women's Wear,6204,8909124883971
Allen Solly Green Thermal Innerwear Set - Size XXL,APP-01372,GST,5,361.99,871.5,17,Winter Wear,6107,8905143672868
H&M Red Slim Fit Blazer - Size 3XL,APP-01373,GST,12,2210.19,3166.43,34,Men's Wear,6203,8908568119397
H&M Navy Women's Flat Sandals - Size UK 7,APP-01374,GST,12,414.48,984.91,2,Footwear,6404,8909921779055
Marks & Spencer Mustard A-Line Dress - Size XL,APP-01375,GST,12,1112.36,2273.35,15,Women's Wear,6204,8905158807053
Aurelia Black Cotton Kurti - Size 3XL,APP-01376,GST,5,642.29,985.31,16,Women's Wear,6211,8909103829742
Manyavar Green Imitation Necklace Set,APP-01377,GST,3,402.59,752.55,37,Jewelry,7117,8900858181045
FabIndia Navy Denim Jeans - Size M,APP-01378,GST,12,1475.34,2400.73,5,Men's Wear,6203,8905873662713
Mango Olive Boys Denim Jeans - Size XXL,APP-01379,GST,5,417.27,696.79,23,Kids Wear,6111,8903900585615
Raymond Yellow Polarized Sunglasses,APP-01380,GST,18,611.23,1080.49,25,Accessories,9004,8906397925511
Raymond Blue Girls Leggings - Size XL,APP-01381,GST,5,233.65,484.78,9,Kids Wear,6111,8908377270289
Aurelia Maroon Men's Pullover Sweater - Size S,APP-01382,GST,12,838.83,1404.47,12,Winter Wear,6110,8908164416101
Bata Green Clutch Sling Bag,APP-01383,GST,18,407.64,961.8,20,Accessories,4202,8906405103880
Local Boutique Blue Cotton Kurti - Size S,APP-01384,GST,5,300.64,581.81,14,Women's Wear,6211,8906281444718
Puma Beige Men's Leather Belt,APP-01385,GST,18,389.2,941.57,37,Accessories,4202,8906906764909
Biba Grey Denim Jacket - Size XXL,APP-01386,GST,12,1369.56,2336.52,40,Women's Wear,6204,8908745513587
Local Boutique White Cotton Kurti - Size XL,APP-01387,GST,5,360.93,583.34,28,Women's Wear,6211,8908811640343
Mango Teal Men's Leather Belt,APP-01388,GST,18,443.14,720.59,31,Accessories,4202,8907583336477
Nike White Formal Shirt - Size M,APP-01389,GST,12,621.41,1283.56,40,Men's Wear,6205,8901538602826
W for Woman Navy Cotton Kurti - Size M,APP-01390,GST,12,486.18,1174.71,5,Women's Wear,6211,8902319057720
Nike White Georgette Saree,APP-01391,GST,12,692.09,1494.32,38,Ethnic Wear,5407,8904193245381
Local Boutique Olive Denim Jeans - Size XXL,APP-01392,GST,12,632.63,1550.09,10,Men's Wear,6203,8902487098726
Woodland Blue Cotton Printed Saree,APP-01393,GST,12,685.18,1018.13,32,Ethnic Wear,5407,8904224043261
Marks & Spencer Mustard Slim Fit Blazer - Size XXL,APP-01394,GST,12,1459.94,2352.93,25,Men's Wear,6203,8908616307028
Bata Olive Kids Winter Jacket - Size 3XL,APP-01395,GST,5,379.6,921.55,10,Kids Wear,6209,8900095366219
Levi's Maroon Girls Floral Frock - Size XXL,APP-01396,GST,12,753.07,1062.56,30,Kids Wear,6111,8907950017325
Allen Solly Black Genuine Leather Wallet,APP-01397,GST,18,307.57,586.73,13,Accessories,4202,8900722113869
Mango Yellow Polo T-Shirt - Size S,APP-01398,GST,5,467.96,910.27,12,Men's Wear,6109,8901045461719
Marks & Spencer Teal Maxi Dress - Size S,APP-01399,GST,12,1616.57,2274.38,17,Women's Wear,6204,8904360234422
FabIndia White Girls Floral Frock - Size 3XL,APP-01400,GST,5,556.43,867.18,12,Kids Wear,6111,8903941209447
Biba Maroon Men's Oxford Leather Shoes - Size UK 9,APP-01401,GST,12,648.8,1389.62,27,Footwear,6403,8905513276179
Marks & Spencer Black Men's Kurta Pajama Set - Size 3XL,APP-01402,GST,12,580.28,1417.52,23,Ethnic Wear,6211,8909851602119
Manyavar Grey Two-Piece Suit - Size XXL,APP-01403,GST,12,6933.84,10400.84,28,Men's Wear,6203,8908649864786
Woodland Red Sports Running Sneakers - Size UK 6,APP-01404,GST,12,1249.53,3122.63,1,Footwear,6404,8908844740837
H&M Beige Kids Velcro Sneakers - Size UK 5,APP-01405,GST,12,577.65,1120.51,40,Footwear,6404,8909216400698
Aurelia Beige Formal Trousers - Size 3XL,APP-01406,GST,12,636.81,1475.46,21,Women's Wear,6204,8903484864708
Zara Blue Maxi Dress - Size XXL,APP-01407,GST,12,1897.63,3512.97,18,Women's Wear,6204,8906220212372
W for Woman Green Formal Shirt - Size S,APP-01408,GST,12,654.34,1464.09,1,Men's Wear,6205,8900008863467
Zara Beige Silk Saree,APP-01409,GST,12,1072.6,2116.46,37,Ethnic Wear,5407,8901141600916
FabIndia Mustard Genuine Leather Wallet,APP-01410,GST,18,265.63,516.37,30,Accessories,4202,8909897906085
Marks & Spencer Mustard Men's Kurta Pajama Set - Size S,APP-01411,GST,12,1468.54,3455.86,36,Ethnic Wear,6211,8906746300099
Nike Pink Sports Running Sneakers - Size UK 6,APP-01412,GST,12,1549.47,2371.64,7,Footwear,6404,8903711815198
W for Woman Olive Imitation Necklace Set,APP-01413,GST,3,545.93,849.29,37,Jewelry,7117,8904203401535
Nike Maroon Silk Saree,APP-01414,GST,12,1281.13,2246.86,37,Ethnic Wear,5407,8909944946672
Zara Black Denim Jeans - Size XXL,APP-01415,GST,12,502.11,1189.69,2,Men's Wear,6203,8902818223879
Allen Solly Red Designer Lehenga Choli,APP-01416,GST,12,2410.42,4782.2,33,Ethnic Wear,6204,8901745273536
Biba Blue Men's Kurta Pajama Set - Size L,APP-01417,GST,12,2529.2,3589.28,19,Ethnic Wear,6211,8901291828518
Woodland White Two-Piece Suit - Size 3XL,APP-01418,GST,12,2224.9,4660.51,21,Men's Wear,6203,8905904610079
Puma Black Denim Jacket - Size L,APP-01419,GST,12,1175.33,1675.88,6,Women's Wear,6204,8902838271012
FabIndia Beige Formal Trousers - Size 3XL,APP-01420,GST,12,950.44,1986.29,5,Women's Wear,6204,8905120485076
Manyavar Blue Women's Woolen Cardigan - Size 3XL,APP-01421,GST,12,927.06,2066.71,20,Winter Wear,6110,8906042276346
Zara Beige Casual T-Shirt - Size S,APP-01422,GST,5,340.82,479.72,32,Men's Wear,6109,8903472435861
Woodland Grey Men's Loafers - Size UK 6,APP-01423,GST,12,662.9,1159.84,7,Footwear,6403,8902726708666
Aurelia Red Boys Denim Jeans - Size M,APP-01424,GST,5,398.78,591.89,40,Kids Wear,6111,8907687849477
Biba Beige Formal Trousers - Size S,APP-01425,GST,12,914.6,1644.23,3,Men's Wear,6203,8906184897422
Manyavar Mustard Silk Saree,APP-01426,GST,12,3496.0,6077.31,20,Ethnic Wear,5407,8906682121564
W for Woman Red Women's Tote Handbag,APP-01427,GST,18,762.77,1727.08,2,Accessories,4202,8906441119738
H&M Grey Kids Velcro Sneakers - Size UK 6,APP-01428,GST,12,712.32,999.23,28,Footwear,6404,8903435948821
Mango Navy Women's Stiletto Heels - Size UK 9,APP-01429,GST,12,1384.09,2755.07,26,Footwear,6403,8906405110212
Raymond Blue Girls Floral Frock - Size 3XL,APP-01430,GST,12,830.09,1237.24,12,Kids Wear,6111,8903016049860
Local Boutique Red Silk Saree,APP-01431,GST,12,2657.25,5596.3,33,Ethnic Wear,5407,8906003203197
Peter England White Kids Velcro Sneakers - Size UK 5,APP-01432,GST,12,964.35,1384.5,1,Footwear,6404,8903471317197
Marks & Spencer Maroon Imitation Necklace Set,APP-01433,GST,3,893.7,1354.36,25,Jewelry,7117,8902590841947
Manyavar Mustard Women's Stiletto Heels - Size UK 7,APP-01434,GST,12,1445.64,3023.63,5,Footwear,6403,8903753582107
Marks & Spencer Grey Maxi Dress - Size 3XL,APP-01435,GST,12,1729.56,3265.42,1,Women's Wear,6204,8907279037161
Allen Solly Grey Women's Woolen Cardigan - Size 3XL,APP-01436,GST,12,641.73,1448.46,31,Winter Wear,6110,8902239964771
Levi's Yellow Women's Flat Sandals - Size UK 7,APP-01437,GST,12,859.04,1240.75,27,Footwear,6404,8908102480855
Mango Black Thermal Innerwear Set - Size S,APP-01438,GST,5,323.57,544.44,19,Winter Wear,6107,8903236221690
Aurelia Grey Girls Leggings - Size L,APP-01439,GST,5,264.85,446.42,31,Kids Wear,6111,8900675169139
FabIndia White Girls Floral Frock - Size L,APP-01440,GST,5,332.46,507.66,27,Kids Wear,6111,8904261070335
Mango Teal Polo T-Shirt - Size L,APP-01441,GST,12,705.98,1109.94,14,Men's Wear,6109,8901983924848
Puma Black Chinos - Size S,APP-01442,GST,12,807.98,1226.4,28,Men's Wear,6203,8909105302151
Local Boutique Olive Girls Leggings - Size L,APP-01443,GST,5,190.91,417.28,25,Kids Wear,6111,8904633953481
Allen Solly Green Formal Trousers - Size S,APP-01444,GST,12,811.94,1923.09,18,Men's Wear,6203,8907642789615
Puma Grey Men's Oxford Leather Shoes - Size UK 7,APP-01445,GST,12,1029.95,2308.53,8,Footwear,6403,8902817751239
Local Boutique Grey Girls Floral Frock - Size S,APP-01446,GST,5,479.62,808.43,25,Kids Wear,6111,8900972360244
W for Woman Teal Women's Woolen Cardigan - Size L,APP-01447,GST,12,686.91,1311.19,10,Winter Wear,6110,8900517107308
Zara Green Thermal Innerwear Set - Size XL,APP-01448,GST,12,503.55,1123.01,31,Winter Wear,6107,8908370317543
Allen Solly Teal Women's Stiletto Heels - Size UK 6,APP-01449,GST,12,1709.35,2950.61,5,Footwear,6403,8904857260292
Nike Teal Boys Graphic T-Shirt - Size XL,APP-01450,GST,5,296.11,545.77,10,Kids Wear,6111,8907288407664
Allen Solly Yellow Cotton Kurti - Size 3XL,APP-01451,GST,12,515.73,1109.59,10,Women's Wear,6211,8907135386762
FabIndia Blue Boys Denim Jeans - Size XXL,APP-01452,GST,5,369.56,722.24,31,Kids Wear,6111,8909060488693
Peter England Olive Denim Jacket - Size L,APP-01453,GST,12,1050.54,2369.14,17,Women's Wear,6204,8900508927396
Manyavar Beige Formal Trousers - Size XL,APP-01454,GST,12,784.71,1320.76,1,Men's Wear,6203,8905356707897
Manyavar Green Men's Loafers - Size UK 7,APP-01455,GST,12,492.9,1151.22,38,Footwear,6403,8900384227362
Levi's Red Thermal Innerwear Set - Size S,APP-01456,GST,12,648.22,1032.61,10,Winter Wear,6107,8907111757691
Zara Maroon Men's Loafers - Size UK 6,APP-01457,GST,12,552.28,952.12,40,Footwear,6403,8908514486983
W for Woman Red Polo T-Shirt - Size S,APP-01458,GST,12,433.25,1061.86,1,Men's Wear,6109,8903922026980
Nike Red Slim Fit Blazer - Size 3XL,APP-01459,GST,12,2081.16,4047.85,5,Men's Wear,6203,8900680177031
Levi's Yellow Kids Winter Jacket - Size S,APP-01460,GST,12,941.5,2027.79,3,Kids Wear,6209,8904933267244
Puma Mustard Girls Leggings - Size S,APP-01461,GST,5,239.87,452.06,37,Kids Wear,6111,8904763808390
Manyavar Navy Kids Winter Jacket - Size S,APP-01462,GST,5,504.64,900.66,40,Kids Wear,6209,8908519393272
Biba Grey Men's Loafers - Size UK 11,APP-01463,GST,12,423.83,1010.53,8,Footwear,6403,8906350496026
Bata Maroon Men's Pullover Sweater - Size 3XL,APP-01464,GST,12,870.24,1382.65,11,Winter Wear,6110,8908453974995
Bata Olive Casual T-Shirt - Size S,APP-01465,GST,5,294.18,588.57,20,Men's Wear,6109,8900675602080
Biba Beige Slim Fit Blazer - Size S,APP-01466,GST,12,1295.32,2912.93,24,Men's Wear,6203,8904390448909
Biba Red Palazzo Pants - Size L,APP-01467,GST,12,870.2,1454.97,12,Women's Wear,6204,8900235102555
Zara Beige Denim Jeans - Size 3XL,APP-01468,GST,12,776.28,1375.11,22,Men's Wear,6203,8900369888439
Puma Blue Formal Trousers - Size M,APP-01469,GST,12,605.87,1012.36,11,Women's Wear,6204,8909620805983
FabIndia Mustard Two-Piece Suit - Size L,APP-01470,GST,12,6065.62,9095.47,38,Men's Wear,6203,8900759659992
Zara Red Denim Jeans - Size M,APP-01471,GST,12,1591.33,2930.66,5,Men's Wear,6203,8907749542106
Nike Pink Denim Jacket - Size S,APP-01472,GST,12,815.29,1950.06,22,Women's Wear,6204,8909192267131
W for Woman Blue Men's Oxford Leather Shoes - Size UK 10,APP-01473,GST,12,1047.5,2554.41,18,Footwear,6403,8907528646120
Woodland White Clutch Sling Bag,APP-01474,GST,18,943.97,1558.9,1,Accessories,4202,8909928452403
Zara White Maxi Dress - Size L,APP-01475,GST,12,1202.66,2821.53,23,Women's Wear,6204,8900514321914
Peter England Grey Silk Saree,APP-01476,GST,12,2183.5,4477.06,9,Ethnic Wear,5407,8904792542218
Puma Olive Women's Flat Sandals - Size UK 11,APP-01477,GST,12,293.84,669.28,21,Footwear,6404,8908192048770
Local Boutique Pink Women's Woolen Cardigan - Size XL,APP-01478,GST,12,1197.36,1937.45,14,Winter Wear,6110,8903299865159
Biba Green Denim Jeans - Size XL,APP-01479,GST,12,1127.76,2404.46,28,Men's Wear,6203,8904085858838
Manyavar Olive Maxi Dress - Size XL,APP-01480,GST,12,1490.81,2870.72,26,Women's Wear,6204,8902084672925
Levi's Mustard Men's Kurta Pajama Set - Size 3XL,APP-01481,GST,12,1485.75,3284.74,6,Ethnic Wear,6211,8909628222501
Biba Green Women's Flat Sandals - Size UK 10,APP-01482,GST,12,494.35,1199.9,26,Footwear,6404,8902472863942
Allen Solly White Imitation Necklace Set,APP-01483,GST,3,819.08,1368.07,18,Jewelry,7117,8901499290096
Biba Mustard Kids Winter Jacket - Size 3XL,APP-01484,GST,12,867.55,1342.81,26,Kids Wear,6209,8900450956321
Raymond Pink Men's Oxford Leather Shoes - Size UK 5,APP-01485,GST,12,832.62,1377.79,5,Footwear,6403,8900193353892
Biba Navy Cotton Kurti - Size XL,APP-01486,GST,5,179.44,438.66,15,Women's Wear,6211,8906006082770
Aurelia Navy Sherwani - Size XL,APP-01487,GST,12,2805.56,6042.05,27,Ethnic Wear,6211,8900762643850
Manyavar Blue Formal Shirt - Size XL,APP-01488,GST,5,396.98,674.28,6,Men's Wear,6205,8907623133610
Nike Navy Imitation Necklace Set,APP-01489,GST,3,902.39,1560.8,13,Jewelry,7117,8901654413727
Aurelia Grey Men's Oxford Leather Shoes - Size UK 7,APP-01490,GST,12,1497.1,2787.96,3,Footwear,6403,8906349429046
Local Boutique Green Chinos - Size L,APP-01491,GST,5,442.85,888.15,2,Men's Wear,6203,8901799932420
Raymond Grey Maxi Dress - Size M,APP-01492,GST,12,1300.53,2202.15,18,Women's Wear,6204,8901723456538
Nike Yellow Girls Leggings - Size XXL,APP-01493,GST,5,294.86,416.3,23,Kids Wear,6111,8904853626890
Bata Red Georgette Saree,APP-01494,GST,12,1317.61,2908.41,18,Ethnic Wear,5407,8901009538557
Biba White Georgette Saree,APP-01495,GST,12,2145.14,3556.43,38,Ethnic Wear,5407,8909009378146
Raymond Yellow Denim Jeans - Size 3XL,APP-01496,GST,12,1010.38,2233.69,19,Men's Wear,6203,8903788443706
H&M Grey Girls Leggings - Size XL,APP-01497,GST,5,181.0,445.13,23,Kids Wear,6111,8906467263681
Raymond Olive Girls Floral Frock - Size S,APP-01498,GST,5,433.15,995.44,39,Kids Wear,6111,8909002772910
Raymond Green Women's Stiletto Heels - Size UK 5,APP-01499,GST,12,1192.75,2522.41,36,Footwear,6403,8906043566050
Puma Yellow Palazzo Pants - Size L,APP-01500,GST,12,687.64,1410.59,16,Women's Wear,6204,8903067730671
FabIndia Red Kids Velcro Sneakers - Size UK 10,APP-01501,GST,12,370.23,685.42,31,Footwear,6404,8909419087886
Levi's Grey Boys Graphic T-Shirt - Size L,APP-01502,GST,5,236.49,541.36,3,Kids Wear,6111,8906739634289
Local Boutique Maroon Sports Running Sneakers - Size UK 5,APP-01503,GST,12,2345.75,4096.62,21,Footwear,6404,8900492217048
H&M Grey Women's Woolen Cardigan - Size XL,APP-01504,GST,12,906.97,1711.5,27,Winter Wear,6110,8906320162907
Biba Teal Formal Trousers - Size XXL,APP-01505,GST,12,1192.82,1775.03,37,Women's Wear,6204,8908271826533
H&M Yellow Thermal Innerwear Set - Size 3XL,APP-01506,GST,12,868.8,1222.12,28,Winter Wear,6107,8904942694203
Marks & Spencer Pink Men's Leather Belt,APP-01507,GST,18,721.22,1078.81,16,Accessories,4202,8905490145996
Allen Solly Maroon Unisex Hoodie - Size XXL,APP-01508,GST,5,368.68,766.34,35,Winter Wear,6110,8907305498243
Mango Olive Kids Velcro Sneakers - Size UK 11,APP-01509,GST,12,349.36,791.29,4,Footwear,6404,8902178167806
Aurelia Pink Polarized Sunglasses,APP-01510,GST,18,1068.7,2292.98,22,Accessories,9004,8908901649281
Allen Solly Blue Boys Graphic T-Shirt - Size XL,APP-01511,GST,5,386.41,589.61,4,Kids Wear,6111,8909264070308
Marks & Spencer Black Polarized Sunglasses,APP-01512,GST,18,1006.31,1853.95,34,Accessories,9004,8902968244850
Bata Red Casual T-Shirt - Size XXL,APP-01513,GST,5,289.49,589.81,22,Men's Wear,6109,8909274116806
Zara Olive Men's Leather Belt,APP-01514,GST,18,623.87,991.11,31,Accessories,4202,8906620808203
Zara Yellow Clutch Sling Bag,APP-01515,GST,18,586.83,1340.86,27,Accessories,4202,8903444359624
Mango Pink Boys Graphic T-Shirt - Size XL,APP-01516,GST,5,437.1,651.0,1,Kids Wear,6111,8904242536909
FabIndia Blue Formal Trousers - Size XL,APP-01517,GST,12,865.99,1220.92,36,Men's Wear,6203,8904976039670
Raymond Blue Cotton Kurti - Size XL,APP-01518,GST,5,269.37,627.33,20,Women's Wear,6211,8900553648187
Nike Pink Girls Floral Frock - Size S,APP-01519,GST,12,622.36,1469.44,18,Kids Wear,6111,8908821597738
Nike Olive Girls Floral Frock - Size XL,APP-01520,GST,5,352.81,881.67,9,Kids Wear,6111,8903606679986
H&M Red Designer Lehenga Choli,APP-01521,GST,12,4192.64,8484.41,32,Ethnic Wear,6204,8902204298622
FabIndia Black Men's Pullover Sweater - Size XL,APP-01522,GST,12,1039.81,1538.85,30,Winter Wear,6110,8909962356999
Marks & Spencer Blue A-Line Dress - Size M,APP-01523,GST,12,626.77,1258.64,31,Women's Wear,6204,8906887779256
Raymond White Formal Shirt - Size M,APP-01524,GST,5,481.39,765.38,34,Men's Wear,6205,8904931539839
FabIndia Red Formal Trousers - Size XL,APP-01525,GST,5,480.59,675.16,5,Men's Wear,6203,8904407629143
Raymond Olive Polo T-Shirt - Size XXL,APP-01526,GST,5,242.35,419.4,2,Men's Wear,6109,8903897528720
Marks & Spencer Maroon Men's Leather Belt,APP-01527,GST,18,533.04,971.27,11,Accessories,4202,8902405920823
Puma Black Boys Graphic T-Shirt - Size XXL,APP-01528,GST,5,267.55,666.92,28,Kids Wear,6111,8909194896298
W for Woman Maroon Polo T-Shirt - Size XXL,APP-01529,GST,5,335.04,470.64,31,Men's Wear,6109,8905307966186
Manyavar Yellow Genuine Leather Wallet,APP-01530,GST,18,509.97,1079.5,19,Accessories,4202,8900434741253
Levi's Yellow Chinos - Size 3XL,APP-01531,GST,12,753.33,1759.37,7,Men's Wear,6203,8900077732175
Puma Maroon Denim Jeans - Size S,APP-01532,GST,12,1113.02,2490.9,12,Men's Wear,6203,8900259991938
Levi's Blue Men's Oxford Leather Shoes - Size UK 8,APP-01533,GST,12,835.7,1444.17,12,Footwear,6403,8904447489047
Allen Solly Yellow Women's Woolen Cardigan - Size 3XL,APP-01534,GST,12,1150.15,2136.5,9,Winter Wear,6110,8903510765191
Peter England Olive Men's Oxford Leather Shoes - Size UK 9,APP-01535,GST,12,1596.88,3948.26,6,Footwear,6403,8907328951456
Nike Black Formal Trousers - Size XXL,APP-01536,GST,12,863.64,1739.52,23,Women's Wear,6204,8908055811574
Aurelia Pink Georgette Saree,APP-01537,GST,12,978.2,2086.54,26,Ethnic Wear,5407,8900770040930
Manyavar Navy Men's Kurta Pajama Set - Size S,APP-01538,GST,12,982.5,2439.73,16,Ethnic Wear,6211,8909822180396
Biba Teal Kids Winter Jacket - Size 3XL,APP-01539,GST,12,1074.55,1786.33,24,Kids Wear,6209,8908864078802
Manyavar Red Kids Winter Jacket - Size XXL,APP-01540,GST,12,1156.73,1734.63,25,Kids Wear,6209,8904693335623
Levi's Beige Denim Jeans - Size XL,APP-01541,GST,12,655.23,1529.96,33,Men's Wear,6203,8908067089870
Biba Black Women's Tote Handbag,APP-01542,GST,18,1247.54,2590.7,35,Accessories,4202,8904311326611
Marks & Spencer Navy Boys Graphic T-Shirt - Size XXL,APP-01543,GST,5,258.91,375.87,11,Kids Wear,6111,8906321196047
FabIndia Black Maxi Dress - Size L,APP-01544,GST,12,688.48,1649.24,1,Women's Wear,6204,8907745447082
Levi's White Polarized Sunglasses,APP-01545,GST,18,1441.33,2476.5,5,Accessories,9004,8909953946766
Woodland Red Cotton Kurti - Size M,APP-01546,GST,5,283.89,634.44,25,Women's Wear,6211,8900530261840
W for Woman Yellow Cotton Kurti - Size XXL,APP-01547,GST,12,797.75,1122.06,25,Women's Wear,6211,8908605063066
Woodland Mustard Silk Saree,APP-01548,GST,12,2540.36,3917.73,34,Ethnic Wear,5407,8901640989103
Peter England Beige Men's Leather Belt,APP-01549,GST,18,745.0,1091.1,16,Accessories,4202,8900252094523
W for Woman Beige Thermal Innerwear Set - Size XL,APP-01550,GST,12,567.54,1023.46,8,Winter Wear,6107,8909260098602
W for Woman Mustard Thermal Innerwear Set - Size XL,APP-01551,GST,12,582.94,1240.34,17,Winter Wear,6107,8904920548944
Puma Grey Boys Graphic T-Shirt - Size S,APP-01552,GST,5,191.08,270.93,36,Kids Wear,6111,8901896558344
Aurelia Maroon Boys Graphic T-Shirt - Size M,APP-01553,GST,5,308.64,634.81,24,Kids Wear,6111,8902179705660
Woodland White Silk Saree,APP-01554,GST,12,3572.28,6217.75,28,Ethnic Wear,5407,8900704726602
W for Woman Teal Formal Trousers - Size S,APP-01555,GST,12,617.4,1112.36,5,Women's Wear,6204,8905301731671
Woodland Black Sherwani - Size L,APP-01556,GST,12,5271.53,10697.46,24,Ethnic Wear,6211,8902244133954
Nike Black Unisex Hoodie - Size 3XL,APP-01557,GST,12,599.17,1012.97,24,Winter Wear,6110,8903157905719
Mango Pink Formal Trousers - Size XXL,APP-01558,GST,12,787.21,1478.54,20,Men's Wear,6203,8906936561833
Local Boutique Navy Sherwani - Size 3XL,APP-01559,GST,12,6458.63,12310.19,36,Ethnic Wear,6211,8900570237718
Puma Mustard Cotton Printed Saree,APP-01560,GST,12,1372.98,2073.59,12,Ethnic Wear,5407,8902095673332
Local Boutique Blue Women's Tote Handbag,APP-01561,GST,18,644.5,1610.04,26,Accessories,4202,8904402825326
Aurelia Beige Thermal Innerwear Set - Size XXL,APP-01562,GST,5,584.28,983.99,29,Winter Wear,6107,8907392385202
Biba Black Silk Saree,APP-01563,GST,12,1337.63,3331.67,5,Ethnic Wear,5407,8906933284423
Local Boutique Pink Men's Kurta Pajama Set - Size S,APP-01564,GST,12,1316.47,2603.72,39,Ethnic Wear,6211,8900755154526
Bata Green Denim Jeans - Size XL,APP-01565,GST,12,1011.28,2093.63,5,Men's Wear,6203,8903831006433
Biba Teal A-Line Dress - Size XL,APP-01566,GST,12,1086.88,2388.06,10,Women's Wear,6204,8902777733168
Aurelia Maroon Polo T-Shirt - Size L,APP-01567,GST,5,680.1,973.3,29,Men's Wear,6109,8900385036059
Biba Beige Sherwani - Size XXL,APP-01568,GST,12,8856.45,13716.87,19,Ethnic Wear,6211,8901074027406
W for Woman Grey Men's Oxford Leather Shoes - Size UK 6,APP-01569,GST,12,1416.73,2638.33,24,Footwear,6403,8909062003638
Aurelia Teal Boys Denim Jeans - Size L,APP-01570,GST,12,524.35,1154.53,19,Kids Wear,6111,8909745979318
Local Boutique Olive Crop Top - Size XXL,APP-01571,GST,5,407.11,887.05,39,Women's Wear,6206,8901498609955
Raymond Beige Formal Shirt - Size 3XL,APP-01572,GST,12,845.36,1376.49,27,Men's Wear,6205,8906432239461
Zara Red Cotton Kurti - Size 3XL,APP-01573,GST,5,377.3,820.36,35,Women's Wear,6211,8901159485340
H&M Red Formal Shirt - Size 3XL,APP-01574,GST,5,444.37,984.48,11,Men's Wear,6205,8902398474225
Bata Olive Kids Winter Jacket - Size XXL,APP-01575,GST,12,1177.7,1731.97,33,Kids Wear,6209,8908822378870
Marks & Spencer Mustard Boys Graphic T-Shirt - Size L,APP-01576,GST,5,123.09,243.02,25,Kids Wear,6111,8901349564799
Nike Maroon Women's Flat Sandals - Size UK 5,APP-01577,GST,12,659.06,1157.98,28,Footwear,6404,8907949638309
FabIndia Blue Unisex Hoodie - Size XL,APP-01578,GST,12,1066.81,1553.02,35,Winter Wear,6110,8900926166201
Manyavar Green Men's Pullover Sweater - Size L,APP-01579,GST,12,981.53,2113.07,27,Winter Wear,6110,8904578655575
Biba Navy Slim Fit Blazer - Size XL,APP-01580,GST,12,2994.87,4211.67,4,Men's Wear,6203,8906875868240
H&M Maroon Boys Denim Jeans - Size XL,APP-01581,GST,5,373.49,656.44,10,Kids Wear,6111,8902444189974
FabIndia Teal Formal Shirt - Size M,APP-01582,GST,5,382.08,705.78,35,Men's Wear,6205,8906083570170
Woodland Blue Silk Saree,APP-01583,GST,12,3715.75,6421.29,18,Ethnic Wear,5407,8902386020508
Marks & Spencer Blue Clutch Sling Bag,APP-01584,GST,18,788.95,1778.73,18,Accessories,4202,8901349096197
Local Boutique Mustard Women's Tote Handbag,APP-01585,GST,18,835.3,1420.02,10,Accessories,4202,8908413569480
Manyavar Black Men's Kurta Pajama Set - Size XL,APP-01586,GST,12,715.93,1595.7,25,Ethnic Wear,6211,8907480957394
Manyavar Beige Casual T-Shirt - Size 3XL,APP-01587,GST,5,517.08,749.6,28,Men's Wear,6109,8900294420315
FabIndia Green Women's Stiletto Heels - Size UK 9,APP-01588,GST,12,682.82,1588.02,2,Footwear,6403,8907342031977
Raymond Grey Men's Oxford Leather Shoes - Size UK 8,APP-01589,GST,12,1322.13,2737.65,8,Footwear,6403,8904186482308
FabIndia Mustard Women's Stiletto Heels - Size UK 9,APP-01590,GST,12,796.38,1676.8,26,Footwear,6403,8908419623326
W for Woman Olive Casual T-Shirt - Size XXL,APP-01591,GST,5,243.34,507.35,18,Men's Wear,6109,8902767483173
Aurelia Maroon Formal Shirt - Size M,APP-01592,GST,12,871.34,1424.64,6,Men's Wear,6205,8905181788242
W for Woman Mustard Girls Leggings - Size L,APP-01593,GST,5,187.03,347.09,36,Kids Wear,6111,8909062327237
Bata Beige Two-Piece Suit - Size XXL,APP-01594,GST,12,7402.37,10582.97,10,Men's Wear,6203,8902379006548
Bata Black Polarized Sunglasses,APP-01595,GST,18,1047.51,2600.83,38,Accessories,9004,8905417675539
H&M Mustard Women's Stiletto Heels - Size UK 11,APP-01596,GST,12,1044.69,2180.01,3,Footwear,6403,8907378159157
Peter England Grey Women's Tote Handbag,APP-01597,GST,18,808.98,2011.38,25,Accessories,4202,8902683848876
Mango Black Crop Top - Size M,APP-01598,GST,5,451.13,971.64,26,Women's Wear,6206,8901239612190
Manyavar Olive Polarized Sunglasses,APP-01599,GST,18,895.57,2049.08,7,Accessories,9004,8902988618207
Aurelia Maroon Formal Shirt - Size 3XL,APP-01600,GST,12,540.83,1331.68,3,Men's Wear,6205,8901079237298
Aurelia Grey A-Line Dress - Size XXL,APP-01601,GST,12,1349.1,2221.02,33,Women's Wear,6204,8906497035067
Bata Grey Sherwani - Size XXL,APP-01602,GST,12,4787.9,9434.18,15,Ethnic Wear,6211,8903557077312
Zara Green Crop Top - Size L,APP-01603,GST,5,371.93,538.18,21,Women's Wear,6206,8907052187993
Nike Olive Women's Stiletto Heels - Size UK 11,APP-01604,GST,12,1095.48,1587.55,24,Footwear,6403,8908831141470
Zara Teal Imitation Necklace Set,APP-01605,GST,3,617.46,1528.55,21,Jewelry,7117,8900368715689
Peter England Beige Chinos - Size 3XL,APP-01606,GST,12,616.82,1455.69,40,Men's Wear,6203,8907802344568
Nike Maroon Designer Lehenga Choli,APP-01607,GST,12,4890.81,8425.84,15,Ethnic Wear,6204,8906640163295
Levi's Teal Men's Oxford Leather Shoes - Size UK 8,APP-01608,GST,12,1766.93,2878.58,8,Footwear,6403,8905975729273
Mango Maroon Slim Fit Blazer - Size XXL,APP-01609,GST,12,3616.9,5892.71,3,Men's Wear,6203,8902915854233
Raymond White Denim Jacket - Size XL,APP-01610,GST,12,1137.95,2514.89,5,Women's Wear,6204,8908548396607
Raymond Navy Crop Top - Size XL,APP-01611,GST,5,409.46,892.59,25,Women's Wear,6206,8902159584174
Zara Maroon Clutch Sling Bag,APP-01612,GST,18,619.58,1096.86,11,Accessories,4202,8902181698141
Raymond Mustard Palazzo Pants - Size L,APP-01613,GST,12,630.61,1151.03,4,Women's Wear,6204,8909483774029
Marks & Spencer Maroon Cotton Kurti - Size L,APP-01614,GST,5,367.75,918.13,13,Women's Wear,6211,8900265099621
Levi's Maroon Kids Velcro Sneakers - Size UK 8,APP-01615,GST,12,642.63,986.71,25,Footwear,6404,8906661025634
Peter England Red Denim Jacket - Size M,APP-01616,GST,12,508.07,1101.93,15,Women's Wear,6204,8904998013768
Woodland Yellow Palazzo Pants - Size L,APP-01617,GST,12,774.5,1098.06,31,Women's Wear,6204,8907915244614
Allen Solly Beige Designer Lehenga Choli,APP-01618,GST,12,2383.99,5374.83,23,Ethnic Wear,6204,8901746564260
Marks & Spencer Maroon Two-Piece Suit - Size M,APP-01619,GST,12,4587.77,7070.05,14,Men's Wear,6203,8901995695592
Biba Yellow Polarized Sunglasses,APP-01620,GST,18,712.92,1688.82,6,Accessories,9004,8904900385025
H&M Olive Boys Graphic T-Shirt - Size 3XL,APP-01621,GST,5,297.89,689.6,18,Kids Wear,6111,8904486722883
Allen Solly Navy Genuine Leather Wallet,APP-01622,GST,18,439.2,1077.08,5,Accessories,4202,8904546157493
W for Woman White A-Line Dress - Size S,APP-01623,GST,12,512.43,1158.0,30,Women's Wear,6204,8908879531204
Manyavar Navy Formal Shirt - Size M,APP-01624,GST,5,460.23,973.71,28,Men's Wear,6205,8901830858001
Local Boutique Blue Women's Flat Sandals - Size UK 5,APP-01625,GST,12,355.68,725.78,21,Footwear,6404,8901143678621
Local Boutique Teal Formal Shirt - Size XXL,APP-01626,GST,5,298.11,566.93,3,Men's Wear,6205,8909685642570
Marks & Spencer Pink Men's Pullover Sweater - Size S,APP-01627,GST,12,555.9,1039.87,38,Winter Wear,6110,8903315423060
Biba Blue Denim Jeans - Size S,APP-01628,GST,12,659.97,1288.54,22,Men's Wear,6203,8905052241142
Aurelia Maroon Casual T-Shirt - Size XL,APP-01629,GST,5,167.82,293.1,17,Men's Wear,6109,8905992016633
FabIndia Red Women's Stiletto Heels - Size UK 6,APP-01630,GST,12,1682.89,2870.45,3,Footwear,6403,8905392220562
Allen Solly White Imitation Necklace Set,APP-01631,GST,3,939.11,1432.38,14,Jewelry,7117,8904843391332
Biba Grey Girls Floral Frock - Size XL,APP-01632,GST,12,950.73,1453.12,14,Kids Wear,6111,8902394564523
Biba Grey Men's Kurta Pajama Set - Size XL,APP-01633,GST,12,801.89,1831.97,40,Ethnic Wear,6211,8907602498663
Biba Olive Georgette Saree,APP-01634,GST,12,1747.3,3567.42,23,Ethnic Wear,5407,8903677349852
Local Boutique Mustard Clutch Sling Bag,APP-01635,GST,18,426.53,988.83,6,Accessories,4202,8905266559147
Biba Green Girls Leggings - Size M,APP-01636,GST,5,232.07,455.32,40,Kids Wear,6111,8906641475336
W for Woman Red Men's Leather Belt,APP-01637,GST,18,446.16,1006.18,18,Accessories,4202,8906653538962
Marks & Spencer Green Polarized Sunglasses,APP-01638,GST,18,754.0,1223.6,25,Accessories,9004,8907924157127
Woodland Blue Imitation Necklace Set,APP-01639,GST,3,515.9,842.86,19,Jewelry,7117,8906858639061
Marks & Spencer Red Kids Winter Jacket - Size L,APP-01640,GST,12,747.04,1530.88,16,Kids Wear,6209,8909981615381
Aurelia Teal Slim Fit Blazer - Size XXL,APP-01641,GST,12,2455.21,5313.32,6,Men's Wear,6203,8900307372607
Allen Solly White Maxi Dress - Size L,APP-01642,GST,12,1303.07,2431.49,31,Women's Wear,6204,8908082649312
Raymond Maroon Two-Piece Suit - Size M,APP-01643,GST,12,4549.33,7859.58,29,Men's Wear,6203,8906254292645
Levi's Mustard Kids Winter Jacket - Size M,APP-01644,GST,12,829.32,1580.69,38,Kids Wear,6209,8909403694811
Woodland Olive Denim Jacket - Size XL,APP-01645,GST,12,1110.97,2248.47,6,Women's Wear,6204,8909670683353
Zara Black Women's Tote Handbag,APP-01646,GST,18,2298.11,3488.95,23,Accessories,4202,8909016399490
Levi's Blue Formal Trousers - Size M,APP-01647,GST,12,635.14,1079.15,31,Men's Wear,6203,8906734814098
H&M Olive Cotton Printed Saree,APP-01648,GST,12,988.5,2324.42,32,Ethnic Wear,5407,8909301481160
H&M Teal Designer Lehenga Choli,APP-01649,GST,12,2295.0,3999.51,11,Ethnic Wear,6204,8900288661680
Peter England Blue Chinos - Size L,APP-01650,GST,5,392.84,962.56,13,Men's Wear,6203,8904854842035
H&M Maroon Formal Trousers - Size S,APP-01651,GST,12,778.18,1573.5,7,Women's Wear,6204,8907913860157
H&M Teal Slim Fit Blazer - Size XL,APP-01652,GST,12,1128.49,2668.43,7,Men's Wear,6203,8909402470288
H&M Navy Imitation Necklace Set,APP-01653,GST,3,263.95,613.54,30,Jewelry,7117,8904527193678
Local Boutique Maroon Girls Floral Frock - Size L,APP-01654,GST,12,842.45,1353.2,5,Kids Wear,6111,8903810749161
Raymond Red Genuine Leather Wallet,APP-01655,GST,18,636.04,973.69,19,Accessories,4202,8900131535069
Biba Maroon Women's Woolen Cardigan - Size S,APP-01656,GST,12,766.14,1286.04,23,Winter Wear,6110,8905252741025
Local Boutique Olive Designer Lehenga Choli,APP-01657,GST,12,5983.48,11447.59,35,Ethnic Wear,6204,8909948856694
Puma Black Sports Running Sneakers - Size UK 5,APP-01658,GST,12,1362.17,2792.35,22,Footwear,6404,8906756355842
Bata Pink Denim Jacket - Size 3XL,APP-01659,GST,12,642.24,1009.39,26,Women's Wear,6204,8902565046070
H&M Navy Polo T-Shirt - Size 3XL,APP-01660,GST,12,744.65,1133.62,15,Men's Wear,6109,8900686240871
Allen Solly Pink Formal Shirt - Size XL,APP-01661,GST,5,455.6,938.28,18,Men's Wear,6205,8901728207623
Zara White Sports Running Sneakers - Size UK 7,APP-01662,GST,12,2138.56,4545.64,9,Footwear,6404,8903282228240
Nike Yellow Women's Flat Sandals - Size UK 7,APP-01663,GST,12,641.36,1269.0,23,Footwear,6404,8909994004108
Bata Beige Georgette Saree,APP-01664,GST,12,850.3,2022.77,7,Ethnic Wear,5407,8901350535722
Mango Beige Imitation Necklace Set,APP-01665,GST,3,1075.22,1514.36,28,Jewelry,7117,8904157809783
FabIndia Grey Casual T-Shirt - Size S,APP-01666,GST,5,565.49,806.44,20,Men's Wear,6109,8901945341952
Zara Pink Sports Running Sneakers - Size UK 7,APP-01667,GST,12,1246.84,2507.69,30,Footwear,6404,8904280218893
Aurelia Blue Casual T-Shirt - Size L,APP-01668,GST,5,242.75,583.56,2,Men's Wear,6109,8903789121397
Puma Mustard Cotton Printed Saree,APP-01669,GST,12,1216.66,1721.72,22,Ethnic Wear,5407,8908557599408
Biba Beige Georgette Saree,APP-01670,GST,12,1885.14,3889.08,28,Ethnic Wear,5407,8909045289860
H&M Olive Girls Leggings - Size S,APP-01671,GST,5,153.55,285.98,16,Kids Wear,6111,8903745701652
Woodland White Unisex Hoodie - Size M,APP-01672,GST,12,529.23,1067.0,20,Winter Wear,6110,8909802530843
Aurelia Beige Men's Oxford Leather Shoes - Size UK 9,APP-01673,GST,12,875.08,1815.05,26,Footwear,6403,8904447725084
Puma Olive Denim Jacket - Size M,APP-01674,GST,12,1637.35,2605.87,20,Women's Wear,6204,8908004172415
Puma Mustard Boys Graphic T-Shirt - Size XL,APP-01675,GST,5,286.4,504.17,22,Kids Wear,6111,8905749062796
Biba Navy Formal Shirt - Size M,APP-01676,GST,5,608.62,893.19,14,Men's Wear,6205,8903295945231
Marks & Spencer Teal Sherwani - Size M,APP-01677,GST,12,6479.12,10684.04,18,Ethnic Wear,6211,8900296629917
Zara Yellow Maxi Dress - Size L,APP-01678,GST,12,1687.76,3477.22,9,Women's Wear,6204,8900416782153
Biba Maroon Men's Leather Belt,APP-01679,GST,18,413.66,795.18,1,Accessories,4202,8906325031392
Peter England Navy Sports Running Sneakers - Size UK 9,APP-01680,GST,12,1836.73,4230.82,1,Footwear,6404,8902206190193
Puma Blue Imitation Necklace Set,APP-01681,GST,3,605.29,1173.27,32,Jewelry,7117,8901900002956
Aurelia Red Slim Fit Blazer - Size M,APP-01682,GST,12,3430.8,6224.26,18,Men's Wear,6203,8907185594079
FabIndia Blue Clutch Sling Bag,APP-01683,GST,18,398.62,899.92,14,Accessories,4202,8902316778145
Raymond Yellow Girls Leggings - Size 3XL,APP-01684,GST,5,150.21,250.78,1,Kids Wear,6111,8901945391177
Woodland Olive Women's Woolen Cardigan - Size XL,APP-01685,GST,12,665.28,1183.57,31,Winter Wear,6110,8906120928157
Peter England Maroon Kids Velcro Sneakers - Size UK 10,APP-01686,GST,12,256.7,563.08,4,Footwear,6404,8902231167870
Local Boutique Pink Girls Leggings - Size XL,APP-01687,GST,5,132.62,221.57,10,Kids Wear,6111,8903718592126
Mango Olive Polarized Sunglasses,APP-01688,GST,18,1251.92,2258.96,15,Accessories,9004,8907114294300
Puma Yellow Casual T-Shirt - Size L,APP-01689,GST,5,453.19,756.93,35,Men's Wear,6109,8909231324659
Mango Mustard Polarized Sunglasses,APP-01690,GST,18,1041.99,1697.98,31,Accessories,9004,8908417837659
Manyavar Blue Chinos - Size XXL,APP-01691,GST,5,634.64,954.29,18,Men's Wear,6203,8900652664267
W for Woman White Palazzo Pants - Size M,APP-01692,GST,5,386.01,962.24,21,Women's Wear,6204,8905337565697
Nike Grey Men's Pullover Sweater - Size XL,APP-01693,GST,12,835.43,1710.58,11,Winter Wear,6110,8902494510462
Allen Solly Maroon Sherwani - Size XXL,APP-01694,GST,12,3088.42,6251.68,21,Ethnic Wear,6211,8906851206276
Biba Beige Men's Loafers - Size UK 6,APP-01695,GST,12,1054.06,2289.8,40,Footwear,6403,8907934421291
Woodland Mustard Men's Kurta Pajama Set - Size 3XL,APP-01696,GST,12,1434.75,2015.55,10,Ethnic Wear,6211,8903477804579
FabIndia Green Thermal Innerwear Set - Size S,APP-01697,GST,12,683.7,1176.26,4,Winter Wear,6107,8907033982147
FabIndia Teal Kids Velcro Sneakers - Size UK 6,APP-01698,GST,12,330.03,696.24,10,Footwear,6404,8900945167670
Levi's Maroon Kids Winter Jacket - Size 3XL,APP-01699,GST,5,642.15,998.35,34,Kids Wear,6209,8906301122008
Mango Navy Designer Lehenga Choli,APP-01700,GST,12,4085.14,6856.67,35,Ethnic Wear,6204,8903336796082
Aurelia Yellow Women's Flat Sandals - Size UK 10,APP-01701,GST,12,766.38,1145.26,14,Footwear,6404,8906054946920
W for Woman Maroon Kids Velcro Sneakers - Size UK 7,APP-01702,GST,12,481.78,1116.45,8,Footwear,6404,8903249519350
Allen Solly White Imitation Necklace Set,APP-01703,GST,3,863.94,1486.79,8,Jewelry,7117,8907580803889
Peter England Navy Polarized Sunglasses,APP-01704,GST,18,1526.48,2239.92,4,Accessories,9004,8904315668513
Levi's Grey Boys Graphic T-Shirt - Size 3XL,APP-01705,GST,5,311.84,530.72,14,Kids Wear,6111,8907475580309
Allen Solly White Polarized Sunglasses,APP-01706,GST,18,1134.17,1984.27,19,Accessories,9004,8907177840190
Bata Teal A-Line Dress - Size 3XL,APP-01707,GST,5,373.89,892.55,34,Women's Wear,6204,8908371611586
Mango Maroon Women's Woolen Cardigan - Size S,APP-01708,GST,5,390.05,791.19,25,Winter Wear,6110,8907598332617
Manyavar Mustard Polo T-Shirt - Size S,APP-01709,GST,5,258.22,639.59,14,Men's Wear,6109,8905345819565
FabIndia Grey Unisex Hoodie - Size L,APP-01710,GST,5,347.81,851.11,16,Winter Wear,6110,8909982426621
Local Boutique Green Thermal Innerwear Set - Size XXL,APP-01711,GST,5,199.78,429.42,35,Winter Wear,6107,8904668793030
Mango Green A-Line Dress - Size M,APP-01712,GST,5,426.61,984.75,12,Women's Wear,6204,8907669834515
Biba Green Denim Jeans - Size M,APP-01713,GST,12,1514.12,2737.05,20,Men's Wear,6203,8906130873089
FabIndia Olive Men's Oxford Leather Shoes - Size UK 11,APP-01714,GST,12,706.79,1344.56,15,Footwear,6403,8908277771184
Manyavar Red Cotton Kurti - Size 3XL,APP-01715,GST,5,460.54,975.29,25,Women's Wear,6211,8903090071210
Nike Red A-Line Dress - Size M,APP-01716,GST,12,707.23,1215.94,14,Women's Wear,6204,8900577719619
Local Boutique White Men's Leather Belt,APP-01717,GST,18,294.98,610.87,23,Accessories,4202,8906676409968
Levi's Navy Silk Saree,APP-01718,GST,12,1049.26,2178.78,24,Ethnic Wear,5407,8902242653793
FabIndia Mustard Denim Jacket - Size S,APP-01719,GST,12,883.5,1975.73,16,Women's Wear,6204,8909070547360
Manyavar Yellow Two-Piece Suit - Size 3XL,APP-01720,GST,12,5243.84,7817.93,22,Men's Wear,6203,8900101626008
FabIndia Maroon Polo T-Shirt - Size L,APP-01721,GST,5,379.46,830.84,17,Men's Wear,6109,8907597833548
Levi's Green Sports Running Sneakers - Size UK 8,APP-01722,GST,12,2247.67,4630.51,7,Footwear,6404,8904967914638
Aurelia Mustard Men's Pullover Sweater - Size L,APP-01723,GST,12,1211.11,2015.38,10,Winter Wear,6110,8900317266528
Raymond Maroon A-Line Dress - Size XXL,APP-01724,GST,12,545.85,1279.56,38,Women's Wear,6204,8902724000208
Peter England White Kids Winter Jacket - Size L,APP-01725,GST,12,929.34,1686.47,2,Kids Wear,6209,8905190854327
Aurelia Pink Two-Piece Suit - Size M,APP-01726,GST,12,3767.68,8918.18,13,Men's Wear,6203,8903563693010
Peter England Beige Denim Jeans - Size S,APP-01727,GST,12,975.94,2005.28,16,Men's Wear,6203,8901878104802
Puma Green Women's Stiletto Heels - Size UK 10,APP-01728,GST,12,2102.17,3092.12,35,Footwear,6403,8909290930437
Woodland White Men's Pullover Sweater - Size M,APP-01729,GST,12,1190.19,2181.97,35,Winter Wear,6110,8900812268159
Bata Olive Men's Kurta Pajama Set - Size L,APP-01730,GST,12,1294.51,3018.14,23,Ethnic Wear,6211,8903110583309
Local Boutique Blue Women's Woolen Cardigan - Size XXL,APP-01731,GST,12,690.66,1349.71,9,Winter Wear,6110,8901891426937
W for Woman Pink Men's Pullover Sweater - Size S,APP-01732,GST,12,1425.54,2158.59,32,Winter Wear,6110,8906718776288
Woodland Blue Crop Top - Size XL,APP-01733,GST,5,284.28,681.32,23,Women's Wear,6206,8900162762922
Woodland Maroon Women's Woolen Cardigan - Size XL,APP-01734,GST,12,672.46,1452.67,1,Winter Wear,6110,8909376165228
Marks & Spencer Beige Imitation Necklace Set,APP-01735,GST,3,490.21,999.46,16,Jewelry,7117,8905981255977
FabIndia Maroon Thermal Innerwear Set - Size L,APP-01736,GST,12,550.46,1276.82,25,Winter Wear,6107,8904083858050
Raymond White Chinos - Size XL,APP-01737,GST,5,370.09,903.73,25,Men's Wear,6203,8905789391295
W for Woman Teal Kids Winter Jacket - Size S,APP-01738,GST,12,786.49,1482.95,8,Kids Wear,6209,8904860050092
Nike Beige Cotton Printed Saree,APP-01739,GST,12,844.85,1598.39,32,Ethnic Wear,5407,8905703029301
FabIndia Green Slim Fit Blazer - Size 3XL,APP-01740,GST,12,1026.81,2164.64,26,Men's Wear,6203,8900742906952
Biba Blue Denim Jacket - Size M,APP-01741,GST,12,1004.86,1639.83,8,Women's Wear,6204,8908062007302
Biba Maroon Cotton Printed Saree,APP-01742,GST,5,438.94,953.34,37,Ethnic Wear,5407,8907537405714
Aurelia Pink Men's Kurta Pajama Set - Size XXL,APP-01743,GST,12,1085.05,2006.05,32,Ethnic Wear,6211,8904068735445
Nike Green Palazzo Pants - Size 3XL,APP-01744,GST,5,285.26,518.86,28,Women's Wear,6204,8908865834834
Puma Pink Kids Velcro Sneakers - Size UK 7,APP-01745,GST,12,497.51,1213.5,11,Footwear,6404,8906736648532
Bata Yellow Casual T-Shirt - Size L,APP-01746,GST,5,427.36,600.45,33,Men's Wear,6109,8909432698344
Woodland Beige Silk Saree,APP-01747,GST,12,4422.75,6345.95,2,Ethnic Wear,5407,8904505092846
Biba Olive Thermal Innerwear Set - Size S,APP-01748,GST,5,270.0,436.53,12,Winter Wear,6107,8909390773729
Nike Pink Sherwani - Size L,APP-01749,GST,12,4974.73,12269.89,1,Ethnic Wear,6211,8903801625851
Peter England Pink Boys Denim Jeans - Size M,APP-01750,GST,5,447.16,938.87,20,Kids Wear,6111,8905028143531
Bata Beige Cotton Kurti - Size L,APP-01751,GST,12,467.81,1008.29,15,Women's Wear,6211,8903795311123
Allen Solly Navy Boys Denim Jeans - Size M,APP-01752,GST,5,434.73,696.93,30,Kids Wear,6111,8904286625108
Local Boutique Blue Girls Floral Frock - Size XXL,APP-01753,GST,5,298.23,652.06,23,Kids Wear,6111,8905451460919
Manyavar White Palazzo Pants - Size S,APP-01754,GST,5,397.34,950.47,20,Women's Wear,6204,8905553706272
Zara Maroon Women's Flat Sandals - Size UK 8,APP-01755,GST,12,326.43,615.8,25,Footwear,6404,8901215756264
Biba Teal Slim Fit Blazer - Size XL,APP-01756,GST,12,1331.24,2240.86,8,Men's Wear,6203,8908762099069
H&M Beige Palazzo Pants - Size XL,APP-01757,GST,5,309.6,702.52,16,Women's Wear,6204,8909951670450
Marks & Spencer Red Boys Graphic T-Shirt - Size M,APP-01758,GST,5,302.65,658.05,27,Kids Wear,6111,8907312343888
Raymond Grey Polo T-Shirt - Size L,APP-01759,GST,12,716.36,1074.18,19,Men's Wear,6109,8902025936450
Marks & Spencer Red A-Line Dress - Size 3XL,APP-01760,GST,12,669.73,1119.08,9,Women's Wear,6204,8907557672991
Manyavar Navy Two-Piece Suit - Size XXL,APP-01761,GST,12,2034.69,3486.98,17,Men's Wear,6203,8903183436953
Peter England Pink Formal Trousers - Size 3XL,APP-01762,GST,12,928.17,1977.86,38,Men's Wear,6203,8907711506291
FabIndia Maroon Thermal Innerwear Set - Size L,APP-01763,GST,12,469.08,1126.1,14,Winter Wear,6107,8902816291087
FabIndia Red Palazzo Pants - Size S,APP-01764,GST,12,642.44,1073.39,37,Women's Wear,6204,8901573767105
Mango Pink Cotton Kurti - Size XL,APP-01765,GST,5,407.87,769.35,19,Women's Wear,6211,8905991530445
Allen Solly Teal Denim Jeans - Size M,APP-01766,GST,5,404.81,912.34,25,Men's Wear,6203,8908387890345
Biba Beige Denim Jeans - Size L,APP-01767,GST,12,1030.8,1956.3,26,Men's Wear,6203,8900304093467
Raymond Pink Boys Denim Jeans - Size S,APP-01768,GST,5,369.15,810.63,16,Kids Wear,6111,8906881013827
H&M Black Denim Jacket - Size L,APP-01769,GST,12,620.87,1036.25,25,Women's Wear,6204,8900184220138
Biba Green Kids Velcro Sneakers - Size UK 11,APP-01770,GST,12,518.84,744.37,36,Footwear,6404,8903168163603
H&M Pink Women's Flat Sandals - Size UK 10,APP-01771,GST,12,532.49,889.31,25,Footwear,6404,8909078947672
Peter England Black Polo T-Shirt - Size L,APP-01772,GST,5,278.54,468.7,7,Men's Wear,6109,8900707163485
Marks & Spencer Mustard Casual T-Shirt - Size XXL,APP-01773,GST,5,295.31,472.0,30,Men's Wear,6109,8900851191944
Nike Green Girls Floral Frock - Size XL,APP-01774,GST,12,697.83,1085.78,26,Kids Wear,6111,8905561927671
Bata Yellow Silk Saree,APP-01775,GST,12,2552.92,5471.68,33,Ethnic Wear,5407,8906263956126
Bata Grey Girls Leggings - Size M,APP-01776,GST,5,264.71,478.98,32,Kids Wear,6111,8903713887402
Levi's Pink Cotton Kurti - Size 3XL,APP-01777,GST,12,509.13,1139.21,19,Women's Wear,6211,8906144662763
Allen Solly Navy Crop Top - Size 3XL,APP-01778,GST,5,165.05,377.31,27,Women's Wear,6206,8901421524831
Aurelia Grey Women's Tote Handbag,APP-01779,GST,18,663.32,1602.17,17,Accessories,4202,8907046568969
Local Boutique Black Sports Running Sneakers - Size UK 6,APP-01780,GST,12,1400.23,2820.92,15,Footwear,6404,8900048379363
W for Woman Beige Formal Trousers - Size M,APP-01781,GST,12,1160.72,1810.1,39,Men's Wear,6203,8901270659341
Nike Black Polo T-Shirt - Size XL,APP-01782,GST,5,456.78,983.97,38,Men's Wear,6109,8901187228247
Mango Blue Two-Piece Suit - Size S,APP-01783,GST,12,2604.68,3973.79,38,Men's Wear,6203,8906075789849
Raymond Beige Men's Oxford Leather Shoes - Size UK 9,APP-01784,GST,12,1311.6,2702.29,21,Footwear,6403,8902217114865
W for Woman Grey Men's Pullover Sweater - Size 3XL,APP-01785,GST,5,457.66,952.76,7,Winter Wear,6110,8900617356316
Zara Red Formal Trousers - Size XXL,APP-01786,GST,12,508.2,1245.4,23,Women's Wear,6204,8907261694963
Marks & Spencer Grey Men's Loafers - Size UK 5,APP-01787,GST,12,436.4,1013.81,14,Footwear,6403,8908999068201
Allen Solly Yellow Crop Top - Size S,APP-01788,GST,5,307.86,598.21,13,Women's Wear,6206,8902163361317
Mango Green Clutch Sling Bag,APP-01789,GST,18,569.02,1268.78,3,Accessories,4202,8904903729545
Manyavar Grey Women's Stiletto Heels - Size UK 6,APP-01790,GST,12,926.1,1725.51,16,Footwear,6403,8909981274392
Manyavar Teal A-Line Dress - Size L,APP-01791,GST,5,392.13,897.81,5,Women's Wear,6204,8909258147621
Levi's Maroon Denim Jacket - Size S,APP-01792,GST,12,540.11,1078.17,15,Women's Wear,6204,8909945413845
Zara Green Palazzo Pants - Size XL,APP-01793,GST,5,465.37,678.51,16,Women's Wear,6204,8900796859096
W for Woman Teal Men's Kurta Pajama Set - Size XXL,APP-01794,GST,12,1572.92,2436.72,18,Ethnic Wear,6211,8900899217735
H&M Maroon Imitation Necklace Set,APP-01795,GST,3,712.2,1049.21,14,Jewelry,7117,8903973670721
Puma Olive Men's Oxford Leather Shoes - Size UK 7,APP-01796,GST,12,1985.24,4321.83,12,Footwear,6403,8904222419830
Puma Red Men's Pullover Sweater - Size 3XL,APP-01797,GST,12,692.19,1207.13,1,Winter Wear,6110,8901814442484
Allen Solly Red A-Line Dress - Size 3XL,APP-01798,GST,12,519.61,1189.58,24,Women's Wear,6204,8900947651186
Manyavar Maroon Chinos - Size L,APP-01799,GST,5,321.31,733.55,19,Men's Wear,6203,8901475398913
Peter England Green Thermal Innerwear Set - Size L,APP-01800,GST,12,740.5,1146.04,21,Winter Wear,6107,8901908261103
Aurelia Green Sherwani - Size XXL,APP-01801,GST,12,3503.28,7792.28,38,Ethnic Wear,6211,8902023766696
Biba Teal Women's Tote Handbag,APP-01802,GST,18,1518.33,2516.02,35,Accessories,4202,8906194118390
Puma Teal Clutch Sling Bag,APP-01803,GST,18,330.23,699.79,10,Accessories,4202,8904066283463
Raymond Pink Formal Trousers - Size XXL,APP-01804,GST,12,819.27,1354.32,16,Women's Wear,6204,8904375186694
Mango Maroon Polo T-Shirt - Size L,APP-01805,GST,12,654.01,1042.03,16,Men's Wear,6109,8908269285507
Levi's Green Georgette Saree,APP-01806,GST,12,1738.96,3099.06,36,Ethnic Wear,5407,8908959470396
Woodland Navy Women's Tote Handbag,APP-01807,GST,18,780.2,1608.01,31,Accessories,4202,8906504718830
Manyavar Navy Polo T-Shirt - Size M,APP-01808,GST,5,336.43,822.4,14,Men's Wear,6109,8904496686679
Nike Yellow Women's Flat Sandals - Size UK 5,APP-01809,GST,12,540.76,820.41,2,Footwear,6404,8906901497110
Mango Navy Crop Top - Size 3XL,APP-01810,GST,5,503.29,952.64,22,Women's Wear,6206,8906756650518
Woodland Black Sports Running Sneakers - Size UK 10,APP-01811,GST,12,945.99,1835.73,19,Footwear,6404,8904923435969
Manyavar Black Women's Stiletto Heels - Size UK 7,APP-01812,GST,12,702.51,1686.22,22,Footwear,6403,8906693754024
Marks & Spencer Maroon Denim Jacket - Size S,APP-01813,GST,12,811.85,1764.39,38,Women's Wear,6204,8902571402503
Manyavar Mustard Women's Flat Sandals - Size UK 10,APP-01814,GST,12,747.89,1399.01,12,Footwear,6404,8906481638493
Marks & Spencer Mustard Men's Pullover Sweater - Size S,APP-01815,GST,12,1239.0,2001.54,33,Winter Wear,6110,8905301012789
Manyavar White Girls Leggings - Size XXL,APP-01816,GST,5,268.95,376.98,19,Kids Wear,6111,8908527758670
Aurelia Green Crop Top - Size XL,APP-01817,GST,5,165.04,402.68,28,Women's Wear,6206,8903444394689
Puma Blue Girls Leggings - Size S,APP-01818,GST,5,157.83,338.03,10,Kids Wear,6111,8903357617073
Bata Navy Two-Piece Suit - Size L,APP-01819,GST,12,5228.5,9971.18,28,Men's Wear,6203,8902626367850
Marks & Spencer Beige Sports Running Sneakers - Size UK 8,APP-01820,GST,12,2570.56,4348.01,32,Footwear,6404,8905944348529
Levi's Yellow Boys Denim Jeans - Size 3XL,APP-01821,GST,5,444.36,746.14,2,Kids Wear,6111,8903767687404
Allen Solly Mustard A-Line Dress - Size XL,APP-01822,GST,12,797.53,1427.7,20,Women's Wear,6204,8909753411573
Levi's Black Imitation Necklace Set,APP-01823,GST,3,646.88,1363.42,3,Jewelry,7117,8909406565823
Nike Green Designer Lehenga Choli,APP-01824,GST,12,3264.6,8012.8,22,Ethnic Wear,6204,8906535232660
Allen Solly Mustard Polarized Sunglasses,APP-01825,GST,18,1010.26,1446.48,37,Accessories,9004,8901103495611
Mango Beige Women's Tote Handbag,APP-01826,GST,18,1275.8,3180.54,6,Accessories,4202,8908158374661
Raymond Yellow Men's Kurta Pajama Set - Size XL,APP-01827,GST,12,1431.88,2151.13,27,Ethnic Wear,6211,8908704796668
Allen Solly Olive A-Line Dress - Size L,APP-01828,GST,12,1061.16,1916.18,22,Women's Wear,6204,8909950891423
Allen Solly Olive Palazzo Pants - Size M,APP-01829,GST,12,656.24,1052.96,28,Women's Wear,6204,8904054739862
H&M Navy A-Line Dress - Size S,APP-01830,GST,12,803.25,1315.65,6,Women's Wear,6204,8908660474733
H&M Navy Kids Velcro Sneakers - Size UK 8,APP-01831,GST,12,667.16,1301.22,11,Footwear,6404,8904744203594
Zara Black Designer Lehenga Choli,APP-01832,GST,12,6852.87,11297.12,33,Ethnic Wear,6204,8907351866477
Zara Blue Men's Kurta Pajama Set - Size S,APP-01833,GST,12,1461.42,3522.82,5,Ethnic Wear,6211,8908302585346
Marks & Spencer Mustard Sherwani - Size S,APP-01834,GST,12,3561.69,8711.73,34,Ethnic Wear,6211,8908521789559
Peter England Teal Clutch Sling Bag,APP-01835,GST,18,666.34,1429.41,5,Accessories,4202,8902865581675
Biba Blue Clutch Sling Bag,APP-01836,GST,18,1146.46,1727.5,15,Accessories,4202,8904891800381
Aurelia Blue Cotton Printed Saree,APP-01837,GST,5,451.58,933.59,12,Ethnic Wear,5407,8904219597309
Biba White Slim Fit Blazer - Size XXL,APP-01838,GST,12,1896.7,3640.53,13,Men's Wear,6203,8904114613315
W for Woman Green Imitation Necklace Set,APP-01839,GST,3,584.62,1430.85,21,Jewelry,7117,8903030440778
Zara Black Formal Trousers - Size XXL,APP-01840,GST,12,993.35,2199.72,24,Men's Wear,6203,8909845576634
Raymond White Sherwani - Size XXL,APP-01841,GST,12,8182.94,13110.2,38,Ethnic Wear,6211,8901269945206
H&M Beige Men's Kurta Pajama Set - Size 3XL,APP-01842,GST,12,2178.85,3105.3,7,Ethnic Wear,6211,8906691008224
Zara Maroon Cotton Kurti - Size XXL,APP-01843,GST,5,207.56,478.77,9,Women's Wear,6211,8902175626996
Allen Solly Grey A-Line Dress - Size M,APP-01844,GST,12,915.0,1780.8,6,Women's Wear,6204,8900059325722
Bata Black Kids Velcro Sneakers - Size UK 10,APP-01845,GST,12,452.07,705.39,3,Footwear,6404,8907485972438
Zara Red Thermal Innerwear Set - Size XXL,APP-01846,GST,5,410.59,708.18,12,Winter Wear,6107,8900580286060
Marks & Spencer Black Designer Lehenga Choli,APP-01847,GST,12,4426.43,10246.88,17,Ethnic Wear,6204,8900654747695
Allen Solly Navy Polo T-Shirt - Size S,APP-01848,GST,5,361.66,893.03,38,Men's Wear,6109,8908566430165
W for Woman Maroon Polarized Sunglasses,APP-01849,GST,18,676.59,1363.17,34,Accessories,9004,8908876569931
Aurelia Pink Crop Top - Size S,APP-01850,GST,5,384.01,591.68,9,Women's Wear,6206,8909011386047
Nike Pink Men's Leather Belt,APP-01851,GST,18,689.0,1024.96,37,Accessories,4202,8909038035148
Manyavar Olive Men's Leather Belt,APP-01852,GST,18,311.26,761.29,37,Accessories,4202,8904419147905
Raymond Yellow Palazzo Pants - Size M,APP-01853,GST,12,507.4,1038.83,6,Women's Wear,6204,8906730953267
Marks & Spencer Navy Formal Shirt - Size XXL,APP-01854,GST,12,721.23,1330.24,34,Men's Wear,6205,8906562925822
Biba Olive Women's Stiletto Heels - Size UK 9,APP-01855,GST,12,1331.93,2978.4,8,Footwear,6403,8908323530688
Woodland Grey Boys Graphic T-Shirt - Size 3XL,APP-01856,GST,5,146.13,356.03,28,Kids Wear,6111,8907678096458
Local Boutique Navy Palazzo Pants - Size 3XL,APP-01857,GST,5,423.64,744.76,37,Women's Wear,6204,8907521353175
Manyavar Beige Boys Denim Jeans - Size 3XL,APP-01858,GST,5,252.53,493.26,40,Kids Wear,6111,8907487411486
Woodland Yellow Maxi Dress - Size L,APP-01859,GST,12,1290.07,2996.74,8,Women's Wear,6204,8909976453496
Manyavar White Boys Denim Jeans - Size L,APP-01860,GST,12,539.57,1014.07,8,Kids Wear,6111,8909678963009
W for Woman Olive Crop Top - Size XXL,APP-01861,GST,5,594.85,872.72,8,Women's Wear,6206,8906301597224
FabIndia Grey A-Line Dress - Size L,APP-01862,GST,12,878.74,1995.67,14,Women's Wear,6204,8904927668098
Woodland Pink Cotton Printed Saree,APP-01863,GST,12,1017.22,2324.26,33,Ethnic Wear,5407,8900403348015
Bata Olive Palazzo Pants - Size M,APP-01864,GST,5,356.0,843.46,26,Women's Wear,6204,8906715544605
FabIndia Maroon Silk Saree,APP-01865,GST,12,2718.41,5113.77,18,Ethnic Wear,5407,8906272053649
H&M White Genuine Leather Wallet,APP-01866,GST,18,450.1,1036.64,23,Accessories,4202,8906728502155
Levi's Grey Imitation Necklace Set,APP-01867,GST,3,674.56,1444.2,30,Jewelry,7117,8905582126264
W for Woman Maroon Crop Top - Size XL,APP-01868,GST,5,442.19,748.94,26,Women's Wear,6206,8900789075199
Mango White Slim Fit Blazer - Size XL,APP-01869,GST,12,2472.14,4468.04,10,Men's Wear,6203,8909441492531
Nike Beige Women's Woolen Cardigan - Size XXL,APP-01870,GST,5,417.79,933.88,16,Winter Wear,6110,8908597477656
Peter England Yellow Sherwani - Size S,APP-01871,GST,12,5106.13,8850.42,40,Ethnic Wear,6211,8904343687715
Biba Red Men's Pullover Sweater - Size 3XL,APP-01872,GST,5,384.64,784.86,40,Winter Wear,6110,8900763415359
Bata White Thermal Innerwear Set - Size S,APP-01873,GST,5,653.77,994.23,22,Winter Wear,6107,8904773494314
Local Boutique Red Women's Flat Sandals - Size UK 6,APP-01874,GST,12,424.77,765.35,33,Footwear,6404,8905641354741
Marks & Spencer Green Kids Winter Jacket - Size 3XL,APP-01875,GST,12,755.84,1236.1,21,Kids Wear,6209,8902328555809
Local Boutique Olive Boys Denim Jeans - Size XXL,APP-01876,GST,5,316.64,613.19,33,Kids Wear,6111,8901660284136
Puma Blue Maxi Dress - Size 3XL,APP-01877,GST,12,1295.29,2934.88,20,Women's Wear,6204,8907040714697
Zara Navy Polarized Sunglasses,APP-01878,GST,18,1189.77,2305.83,16,Accessories,9004,8904185595083
Raymond Green Men's Loafers - Size UK 10,APP-01879,GST,12,1625.85,2342.5,30,Footwear,6403,8900396101759
Peter England Teal Casual T-Shirt - Size S,APP-01880,GST,5,379.59,546.15,25,Men's Wear,6109,8907949078692
Manyavar Green Women's Stiletto Heels - Size UK 10,APP-01881,GST,12,492.52,1179.22,10,Footwear,6403,8901593896763
Levi's Teal Boys Denim Jeans - Size XL,APP-01882,GST,5,462.04,768.92,23,Kids Wear,6111,8908960707228
Levi's Navy Women's Flat Sandals - Size UK 11,APP-01883,GST,12,308.06,503.67,23,Footwear,6404,8901390143097
Biba Yellow Men's Kurta Pajama Set - Size 3XL,APP-01884,GST,12,896.27,1860.59,28,Ethnic Wear,6211,8906357967148
Levi's Olive Casual T-Shirt - Size 3XL,APP-01885,GST,5,190.11,276.93,30,Men's Wear,6109,8903565826082
Biba Pink Boys Graphic T-Shirt - Size XL,APP-01886,GST,5,148.14,326.27,38,Kids Wear,6111,8904128866911
FabIndia Blue Cotton Kurti - Size M,APP-01887,GST,5,202.69,423.47,11,Women's Wear,6211,8905261197892
Raymond Maroon Boys Graphic T-Shirt - Size L,APP-01888,GST,5,255.09,431.24,18,Kids Wear,6111,8906532554411
Zara Teal Women's Stiletto Heels - Size UK 11,APP-01889,GST,12,1172.47,2500.07,22,Footwear,6403,8901367380520
Marks & Spencer Mustard Crop Top - Size 3XL,APP-01890,GST,5,496.88,750.43,38,Women's Wear,6206,8903768418471
Aurelia Pink Cotton Printed Saree,APP-01891,GST,5,409.13,998.57,17,Ethnic Wear,5407,8908333540112
Biba Grey Unisex Hoodie - Size M,APP-01892,GST,12,1195.27,1688.39,1,Winter Wear,6110,8908764770906
Woodland White Men's Oxford Leather Shoes - Size UK 9,APP-01893,GST,12,1072.8,2050.69,10,Footwear,6403,8909507671621
FabIndia Black Men's Loafers - Size UK 7,APP-01894,GST,12,819.44,1909.38,26,Footwear,6403,8908041869303
Aurelia Mustard Maxi Dress - Size L,APP-01895,GST,12,1199.31,2728.94,17,Women's Wear,6204,8909674199160
Puma Beige Sherwani - Size 3XL,APP-01896,GST,12,2222.12,5028.85,17,Ethnic Wear,6211,8909097034251
Bata Pink Women's Tote Handbag,APP-01897,GST,18,942.32,1390.92,24,Accessories,4202,8908913682967
Bata Navy Formal Shirt - Size M,APP-01898,GST,5,346.68,612.01,16,Men's Wear,6205,8901936252602
Zara Maroon Denim Jacket - Size XXL,APP-01899,GST,12,1021.56,2280.54,36,Women's Wear,6204,8908754802933
Marks & Spencer Blue Girls Floral Frock - Size XXL,APP-01900,GST,12,818.53,1318.93,40,Kids Wear,6111,8901065735174
Nike Maroon Boys Graphic T-Shirt - Size XXL,APP-01901,GST,5,146.65,316.66,23,Kids Wear,6111,8901021401283
H&M Beige Formal Trousers - Size L,APP-01902,GST,12,455.6,1114.7,38,Women's Wear,6204,8907990359717
H&M Mustard Men's Loafers - Size UK 8,APP-01903,GST,12,1371.76,2210.55,23,Footwear,6403,8906870941246
Manyavar White Formal Shirt - Size XL,APP-01904,GST,5,333.51,763.77,36,Men's Wear,6205,8909533768418
Aurelia Yellow Thermal Innerwear Set - Size XL,APP-01905,GST,12,626.75,1177.76,4,Winter Wear,6107,8900643459731
Local Boutique Teal Polarized Sunglasses,APP-01906,GST,18,602.82,993.68,17,Accessories,9004,8909675745104
Nike Grey Women's Flat Sandals - Size UK 11,APP-01907,GST,12,266.65,462.33,29,Footwear,6404,8903181560542
Peter England Yellow Men's Oxford Leather Shoes - Size UK 9,APP-01908,GST,12,1822.05,3720.71,24,Footwear,6403,8909476111079
Aurelia Navy Men's Oxford Leather Shoes - Size UK 8,APP-01909,GST,12,1137.4,2435.14,23,Footwear,6403,8906572897226
Levi's Navy Genuine Leather Wallet,APP-01910,GST,18,254.92,634.21,2,Accessories,4202,8903909846856
Woodland Maroon Formal Shirt - Size 3XL,APP-01911,GST,12,554.61,1140.95,27,Men's Wear,6205,8901382687097
Bata Yellow Unisex Hoodie - Size XXL,APP-01912,GST,12,700.35,1011.98,14,Winter Wear,6110,8909962637792
H&M Pink Unisex Hoodie - Size S,APP-01913,GST,5,323.94,609.52,16,Winter Wear,6110,8905128962206
Biba Navy Women's Flat Sandals - Size UK 6,APP-01914,GST,12,360.26,580.68,16,Footwear,6404,8900239934460
Allen Solly Mustard Kids Winter Jacket - Size XL,APP-01915,GST,12,619.66,1531.64,15,Kids Wear,6209,8900695235786
FabIndia Beige Sherwani - Size L,APP-01916,GST,12,2970.64,5811.85,16,Ethnic Wear,6211,8907006448854
Local Boutique Teal Women's Flat Sandals - Size UK 7,APP-01917,GST,12,432.24,660.5,38,Footwear,6404,8908042554280
Puma Yellow Sherwani - Size XL,APP-01918,GST,12,7682.55,13313.49,9,Ethnic Wear,6211,8905507868878
Allen Solly Pink Kids Winter Jacket - Size M,APP-01919,GST,5,330.28,724.75,9,Kids Wear,6209,8902131701958
Woodland Blue Kids Winter Jacket - Size XXL,APP-01920,GST,12,871.5,1854.56,35,Kids Wear,6209,8907987287314
Raymond Beige Maxi Dress - Size L,APP-01921,GST,12,1941.45,3088.95,8,Women's Wear,6204,8907964416033
Marks & Spencer Grey Denim Jacket - Size XXL,APP-01922,GST,5,607.14,852.99,21,Women's Wear,6204,8901028745120
Biba Olive A-Line Dress - Size 3XL,APP-01923,GST,12,1297.89,1822.22,32,Women's Wear,6204,8905454164879
H&M Black Cotton Kurti - Size L,APP-01924,GST,5,453.7,700.86,30,Women's Wear,6211,8905015269744
Peter England Blue Maxi Dress - Size 3XL,APP-01925,GST,12,1079.9,2083.57,22,Women's Wear,6204,8904833095872
Marks & Spencer Blue Silk Saree,APP-01926,GST,12,2238.85,4721.05,28,Ethnic Wear,5407,8900145792326
H&M Navy Men's Loafers - Size UK 10,APP-01927,GST,12,1205.07,2140.77,7,Footwear,6403,8909701501967
Local Boutique Pink Women's Tote Handbag,APP-01928,GST,18,745.66,1149.83,5,Accessories,4202,8909201828523
FabIndia Beige Palazzo Pants - Size XL,APP-01929,GST,12,576.32,1333.87,37,Women's Wear,6204,8903795829158
W for Woman Green Polarized Sunglasses,APP-01930,GST,18,456.63,1062.38,39,Accessories,9004,8907149207574
Raymond Red Two-Piece Suit - Size L,APP-01931,GST,12,3981.12,7621.92,16,Men's Wear,6203,8909626259188
H&M Red Silk Saree,APP-01932,GST,12,2165.43,5300.36,31,Ethnic Wear,5407,8907367724434
Manyavar Mustard Formal Trousers - Size L,APP-01933,GST,12,771.05,1471.69,32,Women's Wear,6204,8902965715643
Peter England Mustard Women's Stiletto Heels - Size UK 6,APP-01934,GST,12,1150.6,2333.98,15,Footwear,6403,8904804247960
Allen Solly Olive Polarized Sunglasses,APP-01935,GST,18,1483.24,2092.01,5,Accessories,9004,8906573762426
FabIndia Red Girls Leggings - Size L,APP-01936,GST,5,153.96,241.59,3,Kids Wear,6111,8903693091401
FabIndia Yellow Boys Graphic T-Shirt - Size M,APP-01937,GST,5,120.67,263.28,30,Kids Wear,6111,8902264147569
Allen Solly Pink Formal Shirt - Size S,APP-01938,GST,12,691.8,1064.31,40,Men's Wear,6205,8903359847422
Marks & Spencer Pink Genuine Leather Wallet,APP-01939,GST,18,467.24,1149.0,21,Accessories,4202,8909667715390
Biba Maroon Maxi Dress - Size M,APP-01940,GST,12,1542.91,2949.22,16,Women's Wear,6204,8906500329909
Peter England Maroon Polo T-Shirt - Size L,APP-01941,GST,12,577.97,1067.64,20,Men's Wear,6109,8904278735540
Biba Pink Designer Lehenga Choli,APP-01942,GST,12,2234.08,4649.5,39,Ethnic Wear,6204,8902067549393
Puma Pink Men's Kurta Pajama Set - Size XXL,APP-01943,GST,12,1469.67,2088.62,21,Ethnic Wear,6211,8903925287835
Levi's Blue Thermal Innerwear Set - Size XXL,APP-01944,GST,5,291.9,479.73,2,Winter Wear,6107,8907345330236
Zara Mustard Men's Kurta Pajama Set - Size M,APP-01945,GST,12,655.5,1464.37,17,Ethnic Wear,6211,8900985372033
Peter England Green Boys Denim Jeans - Size S,APP-01946,GST,5,452.39,695.8,9,Kids Wear,6111,8905107155587
Nike Pink Denim Jeans - Size 3XL,APP-01947,GST,12,644.44,1009.89,20,Men's Wear,6203,8905641199255
FabIndia Green Formal Trousers - Size M,APP-01948,GST,12,630.56,1446.47,32,Men's Wear,6203,8908191350534
Nike Teal Clutch Sling Bag,APP-01949,GST,18,557.49,1316.75,8,Accessories,4202,8905755716632
FabIndia Navy Sports Running Sneakers - Size UK 8,APP-01950,GST,12,1016.02,2361.11,28,Footwear,6404,8901621856352
Allen Solly Yellow Formal Shirt - Size XL,APP-01951,GST,12,878.64,1532.29,19,Men's Wear,6205,8902059868569
Bata White Unisex Hoodie - Size L,APP-01952,GST,5,475.9,779.21,28,Winter Wear,6110,8900809010146
Peter England Olive Slim Fit Blazer - Size M,APP-01953,GST,12,2605.53,5039.49,33,Men's Wear,6203,8908881893046
Aurelia Blue Two-Piece Suit - Size XXL,APP-01954,GST,12,3964.04,7327.12,33,Men's Wear,6203,8907851856905
Peter England Pink Polarized Sunglasses,APP-01955,GST,18,870.27,1601.55,36,Accessories,9004,8908267280072
Biba Mustard Men's Loafers - Size UK 5,APP-01956,GST,12,910.22,2259.04,8,Footwear,6403,8904723735640
Mango Blue Thermal Innerwear Set - Size 3XL,APP-01957,GST,12,464.43,1049.23,35,Winter Wear,6107,8903069789995
Nike Green Slim Fit Blazer - Size L,APP-01958,GST,12,3124.62,5077.07,30,Men's Wear,6203,8901467490668
Woodland Yellow Sports Running Sneakers - Size UK 7,APP-01959,GST,12,862.2,1739.32,32,Footwear,6404,8901164560595
Levi's Navy Kids Winter Jacket - Size M,APP-01960,GST,12,1392.36,2086.24,4,Kids Wear,6209,8907392002585
Manyavar Teal Women's Woolen Cardigan - Size M,APP-01961,GST,12,537.36,1029.95,31,Winter Wear,6110,8907303167871
Biba Mustard Men's Leather Belt,APP-01962,GST,18,241.28,412.95,31,Accessories,4202,8902012402545
Allen Solly Pink Sherwani - Size S,APP-01963,GST,12,9252.54,15964.02,3,Ethnic Wear,6211,8908099839767
Mango Grey Silk Saree,APP-01964,GST,12,1521.55,2762.01,26,Ethnic Wear,5407,8903034383000
H&M Navy Men's Leather Belt,APP-01965,GST,18,274.93,570.91,40,Accessories,4202,8903074179965
Woodland Teal Georgette Saree,APP-01966,GST,12,860.12,1790.02,13,Ethnic Wear,5407,8905189622527
Aurelia Black Sherwani - Size S,APP-01967,GST,12,3975.69,6658.46,9,Ethnic Wear,6211,8903405677125
W for Woman Grey Formal Trousers - Size XXL,APP-01968,GST,12,777.21,1794.33,7,Men's Wear,6203,8908280516660
Zara Mustard Women's Flat Sandals - Size UK 6,APP-01969,GST,12,411.2,633.16,34,Footwear,6404,8908447909863
H&M Green Men's Pullover Sweater - Size M,APP-01970,GST,12,792.23,1642.02,36,Winter Wear,6110,8904442022482
Marks & Spencer Grey Cotton Printed Saree,APP-01971,GST,12,704.91,1041.54,30,Ethnic Wear,5407,8903714503118
FabIndia Maroon Polo T-Shirt - Size 3XL,APP-01972,GST,5,332.25,679.74,8,Men's Wear,6109,8904193960610
Bata Teal Cotton Printed Saree,APP-01973,GST,12,1080.31,2187.24,8,Ethnic Wear,5407,8901992569247
Marks & Spencer Grey Men's Pullover Sweater - Size 3XL,APP-01974,GST,12,1276.91,2194.25,3,Winter Wear,6110,8903414131811
Zara Navy Kids Velcro Sneakers - Size UK 5,APP-01975,GST,12,868.6,1542.63,6,Footwear,6404,8903251790447
Mango Green Polo T-Shirt - Size XL,APP-01976,GST,5,162.73,361.15,4,Men's Wear,6109,8906714878310
Zara Navy Formal Trousers - Size L,APP-01977,GST,12,912.18,1668.1,21,Women's Wear,6204,8907227579407
Allen Solly Blue Georgette Saree,APP-01978,GST,12,1629.79,3962.18,17,Ethnic Wear,5407,8904999870933
Zara Olive Women's Tote Handbag,APP-01979,GST,18,839.53,2070.82,40,Accessories,4202,8904126410603
Woodland Teal Maxi Dress - Size XL,APP-01980,GST,12,806.58,1963.49,36,Women's Wear,6204,8900576310108
Aurelia Pink Women's Tote Handbag,APP-01981,GST,18,805.22,1824.21,11,Accessories,4202,8905360640047
Mango Maroon Designer Lehenga Choli,APP-01982,GST,12,3652.09,8635.36,25,Ethnic Wear,6204,8909894848170
Puma Maroon Imitation Necklace Set,APP-01983,GST,3,348.48,508.4,30,Jewelry,7117,8907017737594
Levi's Teal Women's Tote Handbag,APP-01984,GST,18,1291.78,3136.0,29,Accessories,4202,8908111719600
Allen Solly Red Georgette Saree,APP-01985,GST,12,1245.19,2145.59,23,Ethnic Wear,5407,8905967433384
Woodland Olive Genuine Leather Wallet,APP-01986,GST,18,462.86,730.36,37,Accessories,4202,8901703353004
Biba Maroon Clutch Sling Bag,APP-01987,GST,18,1084.87,1774.73,25,Accessories,4202,8901977317394
FabIndia Navy Women's Woolen Cardigan - Size XXL,APP-01988,GST,12,648.18,1422.78,13,Winter Wear,6110,8908586539276
Bata Pink Kids Velcro Sneakers - Size UK 5,APP-01989,GST,12,519.54,772.07,16,Footwear,6404,8904931796706
W for Woman Green Formal Shirt - Size XXL,APP-01990,GST,12,622.19,1198.01,15,Men's Wear,6205,8905792116250
Marks & Spencer Beige Kids Winter Jacket - Size M,APP-01991,GST,12,1160.93,2099.07,17,Kids Wear,6209,8906463989701
Manyavar Green Designer Lehenga Choli,APP-01992,GST,12,1542.01,3641.18,39,Ethnic Wear,6204,8903427186692
Manyavar Red Girls Floral Frock - Size XXL,APP-01993,GST,12,627.19,1325.44,22,Kids Wear,6111,8900926000110
Manyavar Maroon Formal Trousers - Size S,APP-01994,GST,12,557.57,1299.53,30,Men's Wear,6203,8903844981213
Peter England Pink Formal Shirt - Size 3XL,APP-01995,GST,12,709.67,1102.77,13,Men's Wear,6205,8908469908672
Levi's White Formal Trousers - Size S,APP-01996,GST,5,573.94,969.17,8,Women's Wear,6204,8907736556192
H&M Teal Cotton Kurti - Size XXL,APP-01997,GST,5,346.24,819.44,2,Women's Wear,6211,8906318641761
Puma Mustard Polarized Sunglasses,APP-01998,GST,18,661.33,1226.64,8,Accessories,9004,8906936835991
Bata Maroon Men's Pullover Sweater - Size L,APP-01999,GST,5,483.88,807.21,15,Winter Wear,6110,8909193252826
Zara Red Thermal Innerwear Set - Size XL,APP-02000,GST,12,719.85,1198.14,38,Winter Wear,6107,8904999522529
Nike Navy Men's Pullover Sweater - Size L,APP-02001,GST,12,1186.52,2024.51,16,Winter Wear,6110,8906868111433
Woodland Navy Polo T-Shirt - Size S,APP-02002,GST,5,440.33,868.2,21,Men's Wear,6109,8908771555906
Local Boutique Grey Maxi Dress - Size XL,APP-02003,GST,12,2347.6,3421.26,23,Women's Wear,6204,8909120463721
Biba Olive Men's Pullover Sweater - Size XL,APP-02004,GST,12,1052.4,1499.39,10,Winter Wear,6110,8903584180295
Local Boutique Yellow Boys Denim Jeans - Size M,APP-02005,GST,5,391.56,966.05,37,Kids Wear,6111,8903957955192
Bata Navy Cotton Printed Saree,APP-02006,GST,5,437.61,843.46,14,Ethnic Wear,5407,8906703862567
Zara White Women's Woolen Cardigan - Size M,APP-02007,GST,12,607.48,1221.74,11,Winter Wear,6110,8903300805630
FabIndia Beige Sports Running Sneakers - Size UK 6,APP-02008,GST,12,1483.36,3698.98,36,Footwear,6404,8902873210788
H&M Red Formal Trousers - Size 3XL,APP-02009,GST,12,556.67,1217.93,23,Women's Wear,6204,8904852207201
Bata Mustard Clutch Sling Bag,APP-02010,GST,18,795.05,1233.52,31,Accessories,4202,8904162796365
Biba Beige Chinos - Size 3XL,APP-02011,GST,12,1088.71,1947.51,6,Men's Wear,6203,8900051081948
FabIndia Red Cotton Printed Saree,APP-02012,GST,12,1346.74,2193.55,4,Ethnic Wear,5407,8900360722350
Mango Blue A-Line Dress - Size S,APP-02013,GST,12,1183.67,1905.05,18,Women's Wear,6204,8902437539169
Marks & Spencer Black A-Line Dress - Size XXL,APP-02014,GST,5,488.89,907.92,26,Women's Wear,6204,8903166968740
Levi's Mustard Silk Saree,APP-02015,GST,12,1960.84,3345.77,17,Ethnic Wear,5407,8901061664970
Marks & Spencer Navy Casual T-Shirt - Size L,APP-02016,GST,5,434.66,766.93,2,Men's Wear,6109,8901517642962
Allen Solly Beige Women's Stiletto Heels - Size UK 6,APP-02017,GST,12,1059.76,1622.41,1,Footwear,6403,8905096996131
Biba Olive Boys Graphic T-Shirt - Size L,APP-02018,GST,5,181.05,392.51,11,Kids Wear,6111,8902805883774
W for Woman Navy Silk Saree,APP-02019,GST,12,2901.55,6777.77,20,Ethnic Wear,5407,8907625395011
Manyavar Teal Two-Piece Suit - Size M,APP-02020,GST,12,5476.84,9591.45,28,Men's Wear,6203,8902778882603
Bata Navy Formal Trousers - Size XXL,APP-02021,GST,12,634.49,1564.84,2,Men's Wear,6203,8904588097186
Raymond Mustard Chinos - Size M,APP-02022,GST,12,409.18,1019.19,15,Men's Wear,6203,8905545920559
Bata Green Men's Pullover Sweater - Size XL,APP-02023,GST,12,813.63,1682.58,6,Winter Wear,6110,8901379830457
FabIndia Yellow Men's Pullover Sweater - Size L,APP-02024,GST,12,582.54,1371.75,7,Winter Wear,6110,8901608958970
W for Woman Pink Slim Fit Blazer - Size M,APP-02025,GST,12,1326.17,2989.52,13,Men's Wear,6203,8906896008347
H&M Red Women's Woolen Cardigan - Size 3XL,APP-02026,GST,12,708.25,1441.68,34,Winter Wear,6110,8909930746113
Local Boutique Beige Genuine Leather Wallet,APP-02027,GST,18,388.48,814.55,22,Accessories,4202,8906033878852
W for Woman Olive Sports Running Sneakers - Size UK 10,APP-02028,GST,12,2415.25,4871.32,40,Footwear,6404,8908681843976
Peter England Olive Silk Saree,APP-02029,GST,12,2743.84,5260.74,32,Ethnic Wear,5407,8909499944574
Nike White Men's Kurta Pajama Set - Size S,APP-02030,GST,12,1087.81,2218.79,11,Ethnic Wear,6211,8906265434759
Aurelia Black Slim Fit Blazer - Size 3XL,APP-02031,GST,12,1898.44,3369.67,33,Men's Wear,6203,8903985907996
Mango Mustard Girls Floral Frock - Size L,APP-02032,GST,5,413.52,922.96,32,Kids Wear,6111,8905681678434
Local Boutique Mustard Polo T-Shirt - Size 3XL,APP-02033,GST,5,215.1,536.83,7,Men's Wear,6109,8907761350078
Levi's Maroon Women's Flat Sandals - Size UK 9,APP-02034,GST,12,356.31,573.59,33,Footwear,6404,8905403369995
Marks & Spencer Green Cotton Kurti - Size 3XL,APP-02035,GST,12,455.87,1003.3,15,Women's Wear,6211,8901265327355
Raymond Beige Two-Piece Suit - Size XL,APP-02036,GST,12,2191.33,4500.24,4,Men's Wear,6203,8903223477146
Manyavar Black Clutch Sling Bag,APP-02037,GST,18,822.21,1435.06,23,Accessories,4202,8907020061741
Woodland Navy Formal Trousers - Size L,APP-02038,GST,12,841.37,1911.82,37,Women's Wear,6204,8904761218939
FabIndia Yellow Formal Trousers - Size 3XL,APP-02039,GST,12,789.63,1787.93,27,Men's Wear,6203,8905076122283
Allen Solly Green Imitation Necklace Set,APP-02040,GST,3,436.05,811.56,23,Jewelry,7117,8903045555950
Woodland Blue Cotton Kurti - Size 3XL,APP-02041,GST,5,454.48,639.58,32,Women's Wear,6211,8907894332763
Peter England Navy Genuine Leather Wallet,APP-02042,GST,18,214.14,422.18,16,Accessories,4202,8906962690222
Bata Green Denim Jeans - Size L,APP-02043,GST,12,1260.95,2320.72,30,Men's Wear,6203,8909067015120
Levi's Beige Denim Jeans - Size M,APP-02044,GST,12,690.38,1430.99,30,Men's Wear,6203,8906972162183
Puma Beige Silk Saree,APP-02045,GST,12,3641.44,5729.1,25,Ethnic Wear,5407,8909210530712
Woodland Black Denim Jacket - Size S,APP-02046,GST,12,1689.63,2599.52,10,Women's Wear,6204,8908377427054
Marks & Spencer Green Clutch Sling Bag,APP-02047,GST,18,737.32,1466.53,29,Accessories,4202,8902820632280
Biba Maroon Formal Trousers - Size XXL,APP-02048,GST,12,632.29,1512.25,17,Men's Wear,6203,8906658952476
Woodland Mustard Formal Shirt - Size 3XL,APP-02049,GST,12,663.33,1400.55,17,Men's Wear,6205,8907245257378
Nike Yellow Thermal Innerwear Set - Size XL,APP-02050,GST,5,446.33,888.18,1,Winter Wear,6107,8907094657770
H&M Red Women's Woolen Cardigan - Size XXL,APP-02051,GST,12,702.1,1451.48,10,Winter Wear,6110,8908426809282
H&M Olive Kids Winter Jacket - Size 3XL,APP-02052,GST,12,1083.9,1824.07,29,Kids Wear,6209,8900053718605
Aurelia Grey Girls Leggings - Size XXL,APP-02053,GST,5,94.8,153.7,26,Kids Wear,6111,8906479512798
Zara Red Formal Trousers - Size L,APP-02054,GST,5,365.48,786.95,16,Women's Wear,6204,8905416019919
Nike Grey Kids Velcro Sneakers - Size UK 5,APP-02055,GST,12,759.05,1064.98,8,Footwear,6404,8907086715207
Zara Olive Thermal Innerwear Set - Size S,APP-02056,GST,5,477.83,818.88,19,Winter Wear,6107,8903368957967
Raymond Maroon A-Line Dress - Size S,APP-02057,GST,12,1048.18,1845.08,5,Women's Wear,6204,8901090070178
Allen Solly Olive Girls Floral Frock - Size M,APP-02058,GST,5,318.27,462.41,23,Kids Wear,6111,8904972392010
Local Boutique Green Denim Jacket - Size XXL,APP-02059,GST,12,1244.07,2389.49,30,Women's Wear,6204,8905396597442
FabIndia Maroon Boys Denim Jeans - Size 3XL,APP-02060,GST,5,447.59,929.69,17,Kids Wear,6111,8902041641537
Peter England Teal Designer Lehenga Choli,APP-02061,GST,12,1834.47,4380.49,13,Ethnic Wear,6204,8903793766997
Marks & Spencer White Girls Leggings - Size 3XL,APP-02062,GST,5,213.08,386.62,1,Kids Wear,6111,8908557174905
Raymond Beige Women's Stiletto Heels - Size UK 10,APP-02063,GST,12,936.61,1835.81,18,Footwear,6403,8904990803586
Raymond Olive Maxi Dress - Size S,APP-02064,GST,12,1470.95,2778.08,17,Women's Wear,6204,8905099986324
Puma Green Girls Floral Frock - Size M,APP-02065,GST,12,666.29,1472.71,7,Kids Wear,6111,8901110851846
Mango Beige Women's Woolen Cardigan - Size XXL,APP-02066,GST,12,767.96,1689.2,39,Winter Wear,6110,8903213596183
Bata Olive Denim Jeans - Size 3XL,APP-02067,GST,12,773.56,1316.98,35,Men's Wear,6203,8900022642597
Allen Solly Green Cotton Kurti - Size L,APP-02068,GST,5,263.8,609.07,37,Women's Wear,6211,8908781921474
Marks & Spencer Navy Women's Tote Handbag,APP-02069,GST,18,1315.43,1848.72,12,Accessories,4202,8909371784721
Woodland White Cotton Printed Saree,APP-02070,GST,12,580.78,1027.71,4,Ethnic Wear,5407,8904529267698
Bata Beige Women's Stiletto Heels - Size UK 9,APP-02071,GST,12,877.04,2135.41,22,Footwear,6403,8904458474134
Zara Beige Formal Shirt - Size M,APP-02072,GST,12,631.91,1288.69,14,Men's Wear,6205,8906059627519
Nike Maroon Crop Top - Size M,APP-02073,GST,5,462.36,661.15,10,Women's Wear,6206,8904844793656
H&M Green Two-Piece Suit - Size XL,APP-02074,GST,12,4108.39,7568.76,9,Men's Wear,6203,8903070659480
Puma White Sherwani - Size XL,APP-02075,GST,12,2385.34,5193.38,29,Ethnic Wear,6211,8904330372718
Biba Navy Men's Pullover Sweater - Size L,APP-02076,GST,12,682.09,1610.95,27,Winter Wear,6110,8903112138078
Marks & Spencer Yellow Denim Jacket - Size XXL,APP-02077,GST,12,1601.85,2326.26,26,Women's Wear,6204,8906154598586
Puma Green Girls Leggings - Size XL,APP-02078,GST,5,114.01,264.14,6,Kids Wear,6111,8908028825212
Marks & Spencer Maroon Women's Stiletto Heels - Size UK 8,APP-02079,GST,12,944.1,2268.16,21,Footwear,6403,8909469984288
Marks & Spencer Navy Maxi Dress - Size XL,APP-02080,GST,12,1877.29,3306.24,3,Women's Wear,6204,8903132988712
Biba Black Crop Top - Size M,APP-02081,GST,5,371.95,907.22,34,Women's Wear,6206,8906427786268
Biba Yellow Boys Graphic T-Shirt - Size M,APP-02082,GST,5,212.1,469.3,2,Kids Wear,6111,8903208778347
Allen Solly Maroon Formal Trousers - Size M,APP-02083,GST,12,1021.26,1685.39,15,Men's Wear,6203,8904557356232
Local Boutique Pink Unisex Hoodie - Size 3XL,APP-02084,GST,12,1030.8,1506.55,22,Winter Wear,6110,8903585973027
FabIndia Red Palazzo Pants - Size XXL,APP-02085,GST,5,335.8,811.61,29,Women's Wear,6204,8900424025554
Mango Beige Men's Pullover Sweater - Size 3XL,APP-02086,GST,12,1030.21,2217.34,38,Winter Wear,6110,8907704116788
W for Woman Teal Chinos - Size XXL,APP-02087,GST,12,631.01,1427.83,19,Men's Wear,6203,8906738656904
Mango Pink Georgette Saree,APP-02088,GST,12,1930.3,3618.07,15,Ethnic Wear,5407,8903229124895
Marks & Spencer Yellow Boys Denim Jeans - Size 3XL,APP-02089,GST,5,515.48,727.67,28,Kids Wear,6111,8902394599426
Peter England Yellow Georgette Saree,APP-02090,GST,12,693.3,1394.01,21,Ethnic Wear,5407,8903012033980
Puma Olive Two-Piece Suit - Size XXL,APP-02091,GST,12,3033.63,7140.75,25,Men's Wear,6203,8902833568905
H&M Black Kids Velcro Sneakers - Size UK 9,APP-02092,GST,12,505.67,1234.5,24,Footwear,6404,8903374356702
Bata Yellow Polarized Sunglasses,APP-02093,GST,18,1035.27,1974.14,21,Accessories,9004,8906596957945
Manyavar Beige Men's Loafers - Size UK 7,APP-02094,GST,12,1127.67,2038.75,24,Footwear,6403,8900553629171
Mango Green Men's Kurta Pajama Set - Size L,APP-02095,GST,12,1658.45,3341.88,40,Ethnic Wear,6211,8905252520788
H&M Maroon Maxi Dress - Size 3XL,APP-02096,GST,12,791.86,1869.6,40,Women's Wear,6204,8902145744520
Peter England Teal Crop Top - Size 3XL,APP-02097,GST,5,188.59,394.85,40,Women's Wear,6206,8904730882403
Puma Red Girls Floral Frock - Size 3XL,APP-02098,GST,12,633.32,1434.05,19,Kids Wear,6111,8904029363409
H&M Red Cotton Printed Saree,APP-02099,GST,12,879.1,2102.2,24,Ethnic Wear,5407,8902579599004
Nike White Men's Oxford Leather Shoes - Size UK 6,APP-02100,GST,12,1784.8,3785.47,10,Footwear,6403,8905460189113
Puma Navy Men's Kurta Pajama Set - Size XXL,APP-02101,GST,12,1494.22,2869.33,13,Ethnic Wear,6211,8903996276861
Local Boutique Blue Denim Jacket - Size L,APP-02102,GST,12,1601.23,2446.0,8,Women's Wear,6204,8902029138130
Raymond Beige Formal Trousers - Size L,APP-02103,GST,12,964.6,1523.14,34,Men's Wear,6203,8909088819664
Biba Blue Girls Floral Frock - Size S,APP-02104,GST,12,866.49,1315.73,37,Kids Wear,6111,8909082133568
Zara Yellow Crop Top - Size M,APP-02105,GST,5,247.29,463.45,26,Women's Wear,6206,8907041710389
Zara Grey Formal Trousers - Size XL,APP-02106,GST,12,631.7,1107.47,2,Men's Wear,6203,8901332034495
Allen Solly Yellow Women's Woolen Cardigan - Size S,APP-02107,GST,12,534.91,1054.4,26,Winter Wear,6110,8905077525723
Aurelia Teal Chinos - Size 3XL,APP-02108,GST,12,584.07,1071.07,13,Men's Wear,6203,8907811057039
Aurelia Mustard Clutch Sling Bag,APP-02109,GST,18,335.07,616.14,30,Accessories,4202,8900059946966
Puma Mustard Women's Tote Handbag,APP-02110,GST,18,2132.47,3566.77,30,Accessories,4202,8900071580097
Nike Pink Chinos - Size S,APP-02111,GST,12,1026.06,1659.85,12,Men's Wear,6203,8903430658744
Mango Grey Women's Flat Sandals - Size UK 6,APP-02112,GST,12,487.0,1030.59,16,Footwear,6404,8907590972285
FabIndia Pink Women's Flat Sandals - Size UK 7,APP-02113,GST,12,541.6,959.4,18,Footwear,6404,8905513919603
Mango Mustard Men's Kurta Pajama Set - Size M,APP-02114,GST,12,1833.5,3041.28,32,Ethnic Wear,6211,8908838736932
Marks & Spencer Black Silk Saree,APP-02115,GST,12,2028.23,3364.68,17,Ethnic Wear,5407,8907584664867
Zara Maroon Georgette Saree,APP-02116,GST,12,1891.95,2832.57,3,Ethnic Wear,5407,8906317552977
Peter England White Kids Winter Jacket - Size L,APP-02117,GST,12,699.65,1211.86,33,Kids Wear,6209,8901144157281
Levi's Olive Men's Kurta Pajama Set - Size XL,APP-02118,GST,12,2247.97,3326.91,35,Ethnic Wear,6211,8906114603611
Biba Maroon Women's Stiletto Heels - Size UK 10,APP-02119,GST,12,1166.0,2636.29,22,Footwear,6403,8905465426836
Nike Mustard Sports Running Sneakers - Size UK 11,APP-02120,GST,12,1966.55,4898.35,32,Footwear,6404,8907140344545
W for Woman Pink Genuine Leather Wallet,APP-02121,GST,18,773.31,1107.02,15,Accessories,4202,8900119622723
Aurelia Teal Women's Stiletto Heels - Size UK 9,APP-02122,GST,12,1190.45,2016.33,9,Footwear,6403,8901736838509
Bata Black Sherwani - Size XXL,APP-02123,GST,12,4865.69,6969.2,39,Ethnic Wear,6211,8909165081136
Allen Solly Blue Cotton Printed Saree,APP-02124,GST,12,1000.04,2091.29,36,Ethnic Wear,5407,8904377006279
Manyavar Olive Boys Graphic T-Shirt - Size S,APP-02125,GST,5,224.71,359.39,23,Kids Wear,6111,8904496695421
W for Woman Mustard Men's Oxford Leather Shoes - Size UK 8,APP-02126,GST,12,968.86,1721.73,33,Footwear,6403,8900016173447
Raymond Olive Men's Leather Belt,APP-02127,GST,18,470.85,780.51,8,Accessories,4202,8906383264897
Peter England Black Formal Trousers - Size S,APP-02128,GST,12,703.71,1345.23,7,Men's Wear,6203,8902945761304
Raymond Grey Genuine Leather Wallet,APP-02129,GST,18,195.5,471.77,19,Accessories,4202,8902355283372
Local Boutique Olive Women's Flat Sandals - Size UK 7,APP-02130,GST,12,594.21,1262.26,37,Footwear,6404,8908130265647
Zara Mustard Men's Oxford Leather Shoes - Size UK 5,APP-02131,GST,12,1176.5,2372.29,5,Footwear,6403,8908708941079
Zara Maroon Two-Piece Suit - Size S,APP-02132,GST,12,1601.48,3885.71,17,Men's Wear,6203,8904611983097
Raymond Red Girls Floral Frock - Size 3XL,APP-02133,GST,12,532.02,1255.82,32,Kids Wear,6111,8903885237748
Bata Black Men's Loafers - Size UK 5,APP-02134,GST,12,872.16,1758.76,8,Footwear,6403,8902532512180
Biba Teal Kids Velcro Sneakers - Size UK 6,APP-02135,GST,12,460.8,934.92,38,Footwear,6404,8900966602865
Marks & Spencer Blue Crop Top - Size XXL,APP-02136,GST,5,418.79,752.61,5,Women's Wear,6206,8906468210037
Allen Solly Yellow Formal Shirt - Size S,APP-02137,GST,12,716.9,1388.03,4,Men's Wear,6205,8908866932070
Mango Blue Genuine Leather Wallet,APP-02138,GST,18,413.58,849.19,28,Accessories,4202,8907487629650
Raymond Pink Men's Oxford Leather Shoes - Size UK 11,APP-02139,GST,12,1210.92,2148.59,21,Footwear,6403,8907267654198
Mango White Maxi Dress - Size XL,APP-02140,GST,12,2116.34,3594.8,31,Women's Wear,6204,8909500345220
Woodland Red Denim Jacket - Size XL,APP-02141,GST,12,823.83,2038.45,4,Women's Wear,6204,8903264525733
Peter England Yellow Formal Shirt - Size L,APP-02142,GST,12,934.51,1348.63,25,Men's Wear,6205,8903516852247
Local Boutique Green Kids Winter Jacket - Size S,APP-02143,GST,5,391.35,852.72,13,Kids Wear,6209,8907990053669
Levi's Red Crop Top - Size XL,APP-02144,GST,5,368.64,604.13,17,Women's Wear,6206,8902285628372
Local Boutique Pink Palazzo Pants - Size M,APP-02145,GST,5,290.0,645.55,14,Women's Wear,6204,8901033700894
Levi's Navy A-Line Dress - Size S,APP-02146,GST,12,562.55,1063.42,18,Women's Wear,6204,8903333188384
Aurelia Pink Girls Floral Frock - Size S,APP-02147,GST,5,276.88,584.28,36,Kids Wear,6111,8900473719851
Woodland Beige Men's Oxford Leather Shoes - Size UK 10,APP-02148,GST,12,1768.26,2507.78,25,Footwear,6403,8904554421578
Bata Beige Palazzo Pants - Size 3XL,APP-02149,GST,5,358.03,615.21,21,Women's Wear,6204,8903273968859
Nike Olive Crop Top - Size M,APP-02150,GST,5,332.22,668.32,37,Women's Wear,6206,8900397997833
W for Woman Black Formal Trousers - Size M,APP-02151,GST,5,445.18,914.07,24,Men's Wear,6203,8909655102506
Woodland Olive Women's Woolen Cardigan - Size 3XL,APP-02152,GST,12,698.0,1466.97,3,Winter Wear,6110,8906734767149
Marks & Spencer Maroon Genuine Leather Wallet,APP-02153,GST,18,254.43,519.52,40,Accessories,4202,8901038524276
FabIndia White Maxi Dress - Size L,APP-02154,GST,12,880.51,1968.22,16,Women's Wear,6204,8907439639949
Raymond Black Boys Graphic T-Shirt - Size M,APP-02155,GST,5,270.72,482.6,19,Kids Wear,6111,8906565317087
Peter England Black Crop Top - Size M,APP-02156,GST,5,544.5,816.83,10,Women's Wear,6206,8907366325673
Biba Olive Denim Jacket - Size M,APP-02157,GST,12,715.3,1398.76,18,Women's Wear,6204,8909391660191
Allen Solly Navy Polo T-Shirt - Size XXL,APP-02158,GST,5,433.72,796.29,2,Men's Wear,6109,8907326447893
Mango Green Men's Oxford Leather Shoes - Size UK 9,APP-02159,GST,12,1002.0,2438.25,6,Footwear,6403,8907609093716
W for Woman Pink Designer Lehenga Choli,APP-02160,GST,12,2084.85,3721.62,32,Ethnic Wear,6204,8903466944733
Bata Teal Women's Flat Sandals - Size UK 9,APP-02161,GST,12,578.98,1284.54,21,Footwear,6404,8902890566518
Bata Grey Formal Trousers - Size L,APP-02162,GST,12,867.19,1636.21,38,Women's Wear,6204,8908883743450
Aurelia Grey Women's Tote Handbag,APP-02163,GST,18,1351.18,2639.8,26,Accessories,4202,8902502308996
Aurelia Teal Georgette Saree,APP-02164,GST,12,1299.39,2136.87,15,Ethnic Wear,5407,8905486952121
Aurelia Black Boys Denim Jeans - Size M,APP-02165,GST,5,533.18,783.7,34,Kids Wear,6111,8908035469466
Raymond Beige Formal Shirt - Size S,APP-02166,GST,5,389.33,717.37,29,Men's Wear,6205,8904769116122
Manyavar Black Two-Piece Suit - Size M,APP-02167,GST,12,3872.5,8898.09,26,Men's Wear,6203,8905586819004
Manyavar Grey Two-Piece Suit - Size XXL,APP-02168,GST,12,3055.77,5006.4,9,Men's Wear,6203,8908660138550
Biba Beige Casual T-Shirt - Size L,APP-02169,GST,5,396.25,764.8,34,Men's Wear,6109,8900101245718
W for Woman Grey Formal Trousers - Size S,APP-02170,GST,12,520.64,1252.54,6,Men's Wear,6203,8909499913650
Manyavar White Boys Denim Jeans - Size XXL,APP-02171,GST,5,191.66,439.71,38,Kids Wear,6111,8903968718671
Allen Solly Grey Men's Oxford Leather Shoes - Size UK 5,APP-02172,GST,12,1591.9,3297.39,10,Footwear,6403,8909328507196
FabIndia Beige Formal Trousers - Size M,APP-02173,GST,5,630.15,979.6,13,Men's Wear,6203,8904952209400
Local Boutique Mustard Crop Top - Size 3XL,APP-02174,GST,5,144.99,351.13,32,Women's Wear,6206,8905885627480
Aurelia White Girls Leggings - Size S,APP-02175,GST,5,164.16,391.68,12,Kids Wear,6111,8906203069516
Local Boutique Pink Sherwani - Size S,APP-02176,GST,12,4368.14,6681.81,28,Ethnic Wear,6211,8900181123993
Peter England Red Formal Trousers - Size L,APP-02177,GST,12,465.67,1100.05,33,Women's Wear,6204,8907920623145
Woodland Grey Women's Tote Handbag,APP-02178,GST,18,1355.26,3211.46,25,Accessories,4202,8901968045052
H&M Red Formal Trousers - Size S,APP-02179,GST,12,861.63,1957.52,1,Men's Wear,6203,8908164180446
Marks & Spencer Olive Polo T-Shirt - Size S,APP-02180,GST,5,482.74,941.11,7,Men's Wear,6109,8904083469544
W for Woman Black Genuine Leather Wallet,APP-02181,GST,18,186.45,400.51,22,Accessories,4202,8908062745669
Puma Pink Kids Velcro Sneakers - Size UK 9,APP-02182,GST,12,496.34,1194.2,23,Footwear,6404,8909074294142
Allen Solly Navy Clutch Sling Bag,APP-02183,GST,18,474.31,1112.42,29,Accessories,4202,8906253847669
W for Woman Blue Formal Trousers - Size S,APP-02184,GST,5,332.0,807.42,19,Men's Wear,6203,8907286174685
Allen Solly Red Men's Leather Belt,APP-02185,GST,18,187.86,429.7,25,Accessories,4202,8901166286603
Mango Red Men's Kurta Pajama Set - Size L,APP-02186,GST,12,1693.42,3115.94,36,Ethnic Wear,6211,8909670165627
Raymond Black Men's Loafers - Size UK 6,APP-02187,GST,12,535.07,963.29,32,Footwear,6403,8902312524235
Manyavar Mustard A-Line Dress - Size 3XL,APP-02188,GST,12,957.17,1375.67,34,Women's Wear,6204,8905894961721
Peter England Green Girls Floral Frock - Size M,APP-02189,GST,5,255.39,458.67,15,Kids Wear,6111,8905313184560
Puma Navy Boys Graphic T-Shirt - Size 3XL,APP-02190,GST,5,181.04,283.21,8,Kids Wear,6111,8900912944314
H&M Navy Imitation Necklace Set,APP-02191,GST,3,694.92,1384.34,32,Jewelry,7117,8908343779824
FabIndia White Polo T-Shirt - Size S,APP-02192,GST,5,362.27,718.75,15,Men's Wear,6109,8901379981810
Aurelia Red Polo T-Shirt - Size L,APP-02193,GST,5,268.54,496.6,30,Men's Wear,6109,8908963558774
FabIndia Maroon Boys Denim Jeans - Size M,APP-02194,GST,12,580.44,1004.49,34,Kids Wear,6111,8908237254422
Manyavar Blue Polarized Sunglasses,APP-02195,GST,18,479.37,1145.19,34,Accessories,9004,8908280503455
Marks & Spencer Olive Palazzo Pants - Size XXL,APP-02196,GST,5,262.78,646.02,11,Women's Wear,6204,8900476766608
Marks & Spencer Grey Cotton Kurti - Size XL,APP-02197,GST,5,280.76,611.35,33,Women's Wear,6211,8907120753136
W for Woman Beige Kids Velcro Sneakers - Size UK 6,APP-02198,GST,12,263.9,595.05,9,Footwear,6404,8906210741443
Zara Black Formal Shirt - Size XL,APP-02199,GST,5,236.69,571.41,23,Men's Wear,6205,8902996457443
H&M Beige Crop Top - Size XXL,APP-02200,GST,5,594.24,895.14,8,Women's Wear,6206,8905333497296
Bata Black Clutch Sling Bag,APP-02201,GST,18,394.19,571.69,14,Accessories,4202,8904344997585
Woodland Pink Kids Velcro Sneakers - Size UK 5,APP-02202,GST,12,658.81,1301.7,6,Footwear,6404,8907860215992
Nike Blue Men's Loafers - Size UK 8,APP-02203,GST,12,704.0,1696.73,33,Footwear,6403,8902749033122
Puma Mustard Denim Jacket - Size XXL,APP-02204,GST,12,730.53,1470.13,29,Women's Wear,6204,8900473148368
Raymond Yellow Thermal Innerwear Set - Size XL,APP-02205,GST,12,538.53,1047.98,1,Winter Wear,6107,8907036665600
Aurelia Olive Unisex Hoodie - Size M,APP-02206,GST,5,298.67,744.19,10,Winter Wear,6110,8901282193868
Local Boutique Grey Maxi Dress - Size L,APP-02207,GST,12,1940.27,3001.65,17,Women's Wear,6204,8903933045969
Peter England Maroon Maxi Dress - Size XL,APP-02208,GST,12,1493.65,2743.53,18,Women's Wear,6204,8908531234435
Nike Beige Women's Stiletto Heels - Size UK 9,APP-02209,GST,12,473.0,1165.12,20,Footwear,6403,8906512421063
Marks & Spencer Pink Thermal Innerwear Set - Size S,APP-02210,GST,5,376.99,821.19,20,Winter Wear,6107,8908364811659
W for Woman Olive Boys Denim Jeans - Size XXL,APP-02211,GST,12,475.74,1037.45,37,Kids Wear,6111,8904219379313
Levi's Olive Men's Pullover Sweater - Size XL,APP-02212,GST,12,715.42,1392.35,32,Winter Wear,6110,8906768777593
Marks & Spencer Maroon Girls Floral Frock - Size S,APP-02213,GST,5,296.94,669.05,6,Kids Wear,6111,8907491953808
Marks & Spencer Teal Imitation Necklace Set,APP-02214,GST,3,300.47,680.65,9,Jewelry,7117,8903399076150
Zara White Polo T-Shirt - Size S,APP-02215,GST,5,361.34,548.11,20,Men's Wear,6109,8908044236479
H&M Navy Maxi Dress - Size XXL,APP-02216,GST,12,1739.18,2601.35,34,Women's Wear,6204,8906164790499
Manyavar Yellow Formal Trousers - Size M,APP-02217,GST,12,611.63,1476.69,25,Men's Wear,6203,8907996736720
Aurelia White Men's Leather Belt,APP-02218,GST,18,423.06,946.74,30,Accessories,4202,8902643205869
Bata Red Genuine Leather Wallet,APP-02219,GST,18,585.44,1219.17,31,Accessories,4202,8901557932770
Zara Pink Two-Piece Suit - Size L,APP-02220,GST,12,2727.1,5673.56,30,Men's Wear,6203,8907326096856
Marks & Spencer Olive Sports Running Sneakers - Size UK 9,APP-02221,GST,12,2104.63,4536.19,27,Footwear,6404,8901085973586
Raymond Mustard Men's Oxford Leather Shoes - Size UK 6,APP-02222,GST,12,1762.32,4242.59,27,Footwear,6403,8904470263276
Woodland Teal Men's Loafers - Size UK 11,APP-02223,GST,12,1243.45,2554.03,17,Footwear,6403,8905876694947
W for Woman Green Formal Trousers - Size 3XL,APP-02224,GST,12,1146.54,1906.09,29,Men's Wear,6203,8904502405377
Allen Solly Grey Maxi Dress - Size 3XL,APP-02225,GST,12,763.61,1767.69,34,Women's Wear,6204,8909653945037
Nike Grey Boys Denim Jeans - Size S,APP-02226,GST,12,522.84,1009.2,1,Kids Wear,6111,8905383385693
Zara Blue Denim Jacket - Size XL,APP-02227,GST,12,1164.09,2017.64,34,Women's Wear,6204,8900407373041
Allen Solly Olive Boys Denim Jeans - Size XL,APP-02228,GST,5,237.13,543.48,17,Kids Wear,6111,8900510265838
Woodland Blue Unisex Hoodie - Size M,APP-02229,GST,12,687.83,1662.47,30,Winter Wear,6110,8904646603327
Local Boutique Navy Formal Trousers - Size S,APP-02230,GST,12,685.29,1069.94,4,Women's Wear,6204,8909410102760
Marks & Spencer White Men's Oxford Leather Shoes - Size UK 10,APP-02231,GST,12,2278.35,4011.47,26,Footwear,6403,8904849779738
Puma Mustard Formal Trousers - Size S,APP-02232,GST,12,708.88,1197.96,14,Women's Wear,6204,8905754789350
Biba Maroon Boys Denim Jeans - Size S,APP-02233,GST,5,269.59,516.01,26,Kids Wear,6111,8908756707181
Biba Blue Maxi Dress - Size 3XL,APP-02234,GST,12,1386.52,2085.8,14,Women's Wear,6204,8909123774599
Raymond Pink Women's Stiletto Heels - Size UK 5,APP-02235,GST,12,1026.44,2527.74,16,Footwear,6403,8907687058079
Peter England Pink Chinos - Size XL,APP-02236,GST,12,1188.89,2139.64,2,Men's Wear,6203,8906407078384
Mango Olive Unisex Hoodie - Size L,APP-02237,GST,12,733.64,1185.49,1,Winter Wear,6110,8903485736540
Nike Beige Designer Lehenga Choli,APP-02238,GST,12,3879.64,7625.35,40,Ethnic Wear,6204,8900317883643
Woodland Yellow Formal Trousers - Size 3XL,APP-02239,GST,12,657.29,1459.66,33,Men's Wear,6203,8904440889593
Levi's Red Casual T-Shirt - Size 3XL,APP-02240,GST,5,139.4,291.21,24,Men's Wear,6109,8906052699015
Levi's Mustard Maxi Dress - Size 3XL,APP-02241,GST,12,761.44,1175.17,39,Women's Wear,6204,8909663309235
W for Woman Navy Kids Winter Jacket - Size S,APP-02242,GST,12,1512.86,2166.85,39,Kids Wear,6209,8909154027320
FabIndia Mustard Two-Piece Suit - Size 3XL,APP-02243,GST,12,4883.15,7991.29,36,Men's Wear,6203,8905004231820
Mango Red Girls Leggings - Size S,APP-02244,GST,5,108.1,255.33,3,Kids Wear,6111,8909305484738
Bata Teal Boys Denim Jeans - Size XL,APP-02245,GST,5,364.02,864.0,38,Kids Wear,6111,8908245538151
Biba Yellow Women's Flat Sandals - Size UK 6,APP-02246,GST,12,785.75,1262.37,33,Footwear,6404,8902642951852
W for Woman Pink Girls Floral Frock - Size XL,APP-02247,GST,12,519.6,1169.84,34,Kids Wear,6111,8901559030819
Manyavar Mustard Women's Woolen Cardigan - Size L,APP-02248,GST,12,544.66,1063.17,25,Winter Wear,6110,8901504884915
Mango Beige Casual T-Shirt - Size M,APP-02249,GST,5,397.39,682.28,19,Men's Wear,6109,8900350769555
Levi's Green Women's Tote Handbag,APP-02250,GST,18,1589.22,2360.92,4,Accessories,4202,8908227754777
Nike Green Men's Loafers - Size UK 9,APP-02251,GST,12,1412.78,2552.8,8,Footwear,6403,8902387249379
Peter England Black Men's Oxford Leather Shoes - Size UK 8,APP-02252,GST,12,882.01,1511.34,22,Footwear,6403,8905948496741
Woodland Red Women's Woolen Cardigan - Size M,APP-02253,GST,12,959.84,1703.73,27,Winter Wear,6110,8907125593502
Woodland Yellow Unisex Hoodie - Size L,APP-02254,GST,12,584.19,1326.32,25,Winter Wear,6110,8904122727653
Raymond Mustard Chinos - Size L,APP-02255,GST,12,1069.63,2313.37,13,Men's Wear,6203,8904170054558
Raymond Green Silk Saree,APP-02256,GST,12,2909.99,5150.19,24,Ethnic Wear,5407,8906216833576
Mango Black Men's Pullover Sweater - Size XXL,APP-02257,GST,12,1095.97,2273.08,1,Winter Wear,6110,8904910860431
H&M Green Men's Oxford Leather Shoes - Size UK 7,APP-02258,GST,12,1695.19,3415.92,11,Footwear,6403,8901979336860
Puma Mustard Clutch Sling Bag,APP-02259,GST,18,742.09,1381.97,34,Accessories,4202,8909888501055
Levi's Beige Kids Velcro Sneakers - Size UK 5,APP-02260,GST,12,323.28,583.97,14,Footwear,6404,8902026400933
Woodland Blue Crop Top - Size XL,APP-02261,GST,5,443.55,711.2,1,Women's Wear,6206,8903887821889
Mango Navy Crop Top - Size L,APP-02262,GST,5,510.25,966.81,7,Women's Wear,6206,8906766342083
Mango Olive Men's Kurta Pajama Set - Size S,APP-02263,GST,12,964.31,1547.7,26,Ethnic Wear,6211,8906474264404
Marks & Spencer Blue Thermal Innerwear Set - Size 3XL,APP-02264,GST,12,485.36,1086.14,39,Winter Wear,6107,8906637958187
Raymond Navy Unisex Hoodie - Size XXL,APP-02265,GST,12,719.64,1253.76,34,Winter Wear,6110,8907144693995
H&M Teal Silk Saree,APP-02266,GST,12,1976.94,3718.38,20,Ethnic Wear,5407,8902394026908
Aurelia Navy Genuine Leather Wallet,APP-02267,GST,18,349.19,745.33,34,Accessories,4202,8901182292324
Marks & Spencer Yellow Girls Leggings - Size M,APP-02268,GST,5,147.5,215.01,30,Kids Wear,6111,8903378406138
Local Boutique Navy Men's Pullover Sweater - Size 3XL,APP-02269,GST,12,1210.15,2387.52,21,Winter Wear,6110,8907830455965
Aurelia Pink Unisex Hoodie - Size 3XL,APP-02270,GST,12,683.44,1694.23,30,Winter Wear,6110,8908680055126
Local Boutique Pink Polarized Sunglasses,APP-02271,GST,18,861.63,1448.39,39,Accessories,9004,8904363270561
Woodland Green Cotton Printed Saree,APP-02272,GST,12,966.45,2203.12,12,Ethnic Wear,5407,8900042186747
W for Woman Red Slim Fit Blazer - Size S,APP-02273,GST,12,2228.45,3322.85,37,Men's Wear,6203,8901985056513
Manyavar Mustard Palazzo Pants - Size XXL,APP-02274,GST,5,393.18,785.48,17,Women's Wear,6204,8903229876632
Peter England Teal Men's Loafers - Size UK 7,APP-02275,GST,12,672.39,1092.56,7,Footwear,6403,8900608917005
FabIndia Beige A-Line Dress - Size S,APP-02276,GST,12,901.24,1608.29,19,Women's Wear,6204,8909659905270
W for Woman Beige Denim Jacket - Size XXL,APP-02277,GST,12,685.33,1681.26,19,Women's Wear,6204,8903583040775
Puma Black Two-Piece Suit - Size XL,APP-02278,GST,12,1893.76,3891.44,10,Men's Wear,6203,8902168974537
Raymond Yellow Two-Piece Suit - Size M,APP-02279,GST,12,6839.55,10741.49,19,Men's Wear,6203,8903192743126
Woodland Green Women's Woolen Cardigan - Size XL,APP-02280,GST,12,1241.66,1978.08,13,Winter Wear,6110,8906165580624
Manyavar Green Thermal Innerwear Set - Size L,APP-02281,GST,5,276.63,526.31,9,Winter Wear,6107,8900367027510
W for Woman Olive Formal Shirt - Size 3XL,APP-02282,GST,12,755.22,1514.1,3,Men's Wear,6205,8906905711218
Aurelia Yellow Formal Trousers - Size 3XL,APP-02283,GST,12,690.55,1582.2,16,Men's Wear,6203,8905393305484
Manyavar White Men's Leather Belt,APP-02284,GST,18,254.3,584.75,29,Accessories,4202,8909432183024
Aurelia Pink Denim Jacket - Size L,APP-02285,GST,12,831.86,1648.04,22,Women's Wear,6204,8905190204115
Marks & Spencer Grey Men's Kurta Pajama Set - Size S,APP-02286,GST,12,2017.55,3043.23,39,Ethnic Wear,6211,8903346533633
Manyavar Yellow Formal Shirt - Size 3XL,APP-02287,GST,12,619.81,1344.92,13,Men's Wear,6205,8907009841643
Bata Black Unisex Hoodie - Size 3XL,APP-02288,GST,12,899.99,1354.92,30,Winter Wear,6110,8900470125928
Levi's Pink Palazzo Pants - Size XXL,APP-02289,GST,12,820.42,1232.09,35,Women's Wear,6204,8905681769750
Zara Yellow Boys Denim Jeans - Size 3XL,APP-02290,GST,5,258.93,558.87,37,Kids Wear,6111,8903010559169
Levi's Blue Kids Velcro Sneakers - Size UK 10,APP-02291,GST,12,623.93,1208.52,14,Footwear,6404,8906470894406
Raymond Mustard Boys Denim Jeans - Size L,APP-02292,GST,12,426.14,1055.55,22,Kids Wear,6111,8909357076509
Aurelia Red Cotton Printed Saree,APP-02293,GST,12,636.56,1507.88,21,Ethnic Wear,5407,8906227192602
Aurelia Teal Polarized Sunglasses,APP-02294,GST,18,614.29,1154.69,2,Accessories,9004,8901093609194
Allen Solly Mustard Genuine Leather Wallet,APP-02295,GST,18,677.41,984.85,13,Accessories,4202,8902762805877
Local Boutique Teal Men's Loafers - Size UK 5,APP-02296,GST,12,470.44,1005.87,30,Footwear,6403,8902682119569
Raymond Maroon Kids Winter Jacket - Size S,APP-02297,GST,12,1132.07,2144.78,21,Kids Wear,6209,8909569192205
Levi's Green Two-Piece Suit - Size XL,APP-02298,GST,12,2127.6,5149.22,37,Men's Wear,6203,8907489250075
Woodland Yellow Slim Fit Blazer - Size 3XL,APP-02299,GST,12,1484.54,3401.85,34,Men's Wear,6203,8906735818217
Nike Grey Men's Loafers - Size UK 8,APP-02300,GST,12,1572.75,2689.99,29,Footwear,6403,8909359958438
W for Woman Maroon Silk Saree,APP-02301,GST,12,3625.57,5783.46,10,Ethnic Wear,5407,8900193064691
Aurelia Teal A-Line Dress - Size XL,APP-02302,GST,5,606.19,908.05,27,Women's Wear,6204,8909933530313
Local Boutique Grey Kids Velcro Sneakers - Size UK 6,APP-02303,GST,12,249.04,524.36,34,Footwear,6404,8902875335526
Peter England Red Maxi Dress - Size XXL,APP-02304,GST,12,1234.89,2782.35,32,Women's Wear,6204,8904781128269
Levi's Navy Men's Leather Belt,APP-02305,GST,18,256.44,424.11,11,Accessories,4202,8902293177865
Puma Beige Formal Shirt - Size 3XL,APP-02306,GST,5,360.24,790.13,29,Men's Wear,6205,8905055777917
Levi's White Men's Kurta Pajama Set - Size M,APP-02307,GST,12,1694.39,2766.68,21,Ethnic Wear,6211,8903538115750
FabIndia Yellow Men's Leather Belt,APP-02308,GST,18,216.99,368.63,3,Accessories,4202,8903695756294
Levi's Beige Formal Trousers - Size S,APP-02309,GST,12,644.35,1169.71,30,Women's Wear,6204,8900885506943
Nike Navy Men's Leather Belt,APP-02310,GST,18,172.05,376.54,2,Accessories,4202,8904279749354
FabIndia White Men's Leather Belt,APP-02311,GST,18,208.51,412.24,5,Accessories,4202,8908896991329
W for Woman Yellow Silk Saree,APP-02312,GST,12,1801.4,3129.67,33,Ethnic Wear,5407,8901115703475
Peter England Pink Kids Winter Jacket - Size S,APP-02313,GST,12,862.11,2000.8,19,Kids Wear,6209,8902624554620
Zara Mustard Denim Jacket - Size M,APP-02314,GST,12,900.92,1509.7,25,Women's Wear,6204,8909223940717
Raymond Blue Silk Saree,APP-02315,GST,12,1657.86,3986.11,40,Ethnic Wear,5407,8905470060398
Peter England Yellow Chinos - Size XXL,APP-02316,GST,12,1333.89,2391.96,26,Men's Wear,6203,8903521412022
Zara Yellow Designer Lehenga Choli,APP-02317,GST,12,3818.56,6954.62,3,Ethnic Wear,6204,8909564185413
Levi's Maroon Crop Top - Size XL,APP-02318,GST,5,241.58,551.76,9,Women's Wear,6206,8908591565817
Zara Pink Imitation Necklace Set,APP-02319,GST,3,645.94,1294.27,37,Jewelry,7117,8900524922191
Zara Pink Imitation Necklace Set,APP-02320,GST,3,322.97,659.24,39,Jewelry,7117,8904814140138
Aurelia Beige Girls Floral Frock - Size XXL,APP-02321,GST,5,423.35,649.04,11,Kids Wear,6111,8906520120174
FabIndia Black Polo T-Shirt - Size XXL,APP-02322,GST,12,529.46,1117.82,20,Men's Wear,6109,8906988866594
H&M Olive Women's Flat Sandals - Size UK 9,APP-02323,GST,12,351.3,563.94,39,Footwear,6404,8901367591644
Zara Green Polarized Sunglasses,APP-02324,GST,18,1173.47,2571.38,36,Accessories,9004,8900113085231
Aurelia Mustard Boys Denim Jeans - Size XXL,APP-02325,GST,12,422.87,1004.7,16,Kids Wear,6111,8904284022462
Local Boutique Mustard Kids Winter Jacket - Size S,APP-02326,GST,12,652.18,1629.79,11,Kids Wear,6209,8900253423867
Bata Yellow Polo T-Shirt - Size XL,APP-02327,GST,5,171.06,384.9,40,Men's Wear,6109,8903987667408
Local Boutique Mustard Men's Loafers - Size UK 6,APP-02328,GST,12,521.24,987.08,22,Footwear,6403,8902400330510
Local Boutique Red Women's Tote Handbag,APP-02329,GST,18,1353.17,3091.66,9,Accessories,4202,8905426541689
Biba Yellow Crop Top - Size XL,APP-02330,GST,5,337.59,826.72,15,Women's Wear,6206,8909852381828
Levi's Maroon Genuine Leather Wallet,APP-02331,GST,18,609.28,1272.92,30,Accessories,4202,8908680704235
Puma White Thermal Innerwear Set - Size XXL,APP-02332,GST,5,526.03,948.92,16,Winter Wear,6107,8901169921353
Bata Olive Men's Kurta Pajama Set - Size S,APP-02333,GST,12,850.12,1952.38,1,Ethnic Wear,6211,8907750884949
Aurelia Blue Clutch Sling Bag,APP-02334,GST,18,570.15,1114.65,27,Accessories,4202,8902138059519
Marks & Spencer Navy Cotton Printed Saree,APP-02335,GST,12,747.2,1186.88,24,Ethnic Wear,5407,8909551330591
Raymond White Boys Denim Jeans - Size XXL,APP-02336,GST,5,332.8,707.32,23,Kids Wear,6111,8901109674513
Puma Maroon Women's Woolen Cardigan - Size L,APP-02337,GST,12,1269.19,1790.57,22,Winter Wear,6110,8900417372234
Woodland Mustard Cotton Kurti - Size 3XL,APP-02338,GST,5,393.83,768.97,30,Women's Wear,6211,8900323812817
Mango Mustard Chinos - Size XXL,APP-02339,GST,12,897.02,1818.45,15,Men's Wear,6203,8905475211275
Woodland Blue Men's Leather Belt,APP-02340,GST,18,619.92,1016.18,6,Accessories,4202,8904933108862
Peter England Mustard Silk Saree,APP-02341,GST,12,3216.96,5686.82,38,Ethnic Wear,5407,8904003818036
Marks & Spencer Green Men's Kurta Pajama Set - Size 3XL,APP-02342,GST,12,911.44,1313.55,3,Ethnic Wear,6211,8902182414081
Peter England Red Unisex Hoodie - Size XXL,APP-02343,GST,5,466.43,869.86,28,Winter Wear,6110,8908787321499
Local Boutique Mustard Genuine Leather Wallet,APP-02344,GST,18,376.82,580.76,2,Accessories,4202,8904347433442
Peter England Maroon Slim Fit Blazer - Size L,APP-02345,GST,12,1673.07,2425.08,2,Men's Wear,6203,8904601041313
W for Woman Green Boys Graphic T-Shirt - Size 3XL,APP-02346,GST,5,249.77,433.06,4,Kids Wear,6111,8907223956721
Aurelia Teal Men's Loafers - Size UK 11,APP-02347,GST,12,501.49,990.44,39,Footwear,6403,8908987877677
H&M Blue Girls Floral Frock - Size XXL,APP-02348,GST,5,449.78,954.4,9,Kids Wear,6111,8903981893972
Nike Grey Polo T-Shirt - Size XL,APP-02349,GST,5,322.4,548.85,8,Men's Wear,6109,8909455868173
Zara Grey Georgette Saree,APP-02350,GST,12,1155.28,2855.78,26,Ethnic Wear,5407,8904031575859
Zara Teal Formal Trousers - Size XXL,APP-02351,GST,12,897.92,1492.58,26,Women's Wear,6204,8902054493392
H&M Pink Unisex Hoodie - Size XXL,APP-02352,GST,5,654.31,938.41,27,Winter Wear,6110,8903856702071
Levi's Yellow Boys Denim Jeans - Size XXL,APP-02353,GST,5,568.18,911.65,23,Kids Wear,6111,8905553544078
Woodland Yellow Men's Leather Belt,APP-02354,GST,18,444.23,867.88,34,Accessories,4202,8908922100720
Allen Solly Teal Georgette Saree,APP-02355,GST,12,1152.47,2843.03,8,Ethnic Wear,5407,8902461757804
Allen Solly Olive Slim Fit Blazer - Size L,APP-02356,GST,12,2597.42,4804.56,6,Men's Wear,6203,8908644262447
Nike Beige Denim Jeans - Size XXL,APP-02357,GST,12,1187.82,1770.3,2,Men's Wear,6203,8901877033257
Raymond Pink Denim Jeans - Size L,APP-02358,GST,12,614.6,1370.67,30,Men's Wear,6203,8903246689974
Peter England Teal Women's Tote Handbag,APP-02359,GST,18,1839.34,2690.5,15,Accessories,4202,8908177998992
Aurelia Mustard Cotton Printed Saree,APP-02360,GST,12,839.91,1196.5,34,Ethnic Wear,5407,8901130186432
H&M Mustard Silk Saree,APP-02361,GST,12,3066.99,6619.4,24,Ethnic Wear,5407,8901812759170
Puma Navy Casual T-Shirt - Size M,APP-02362,GST,5,440.23,839.22,13,Men's Wear,6109,8902567405362
H&M Pink Sherwani - Size 3XL,APP-02363,GST,12,4254.51,6534.16,22,Ethnic Wear,6211,8904111902060
Zara Blue Men's Loafers - Size UK 10,APP-02364,GST,12,797.48,1627.94,4,Footwear,6403,8900522144267
Puma Olive Imitation Necklace Set,APP-02365,GST,3,691.39,1394.26,9,Jewelry,7117,8905611615999
Nike Olive Men's Kurta Pajama Set - Size M,APP-02366,GST,12,976.53,2120.98,35,Ethnic Wear,6211,8904553758268
W for Woman Black Cotton Kurti - Size XXL,APP-02367,GST,5,192.34,449.43,38,Women's Wear,6211,8904023235859
W for Woman Grey Palazzo Pants - Size S,APP-02368,GST,12,482.16,1178.35,22,Women's Wear,6204,8902880507507
H&M Beige Sports Running Sneakers - Size UK 10,APP-02369,GST,12,2191.94,4588.82,29,Footwear,6404,8903544252477
Local Boutique Navy Men's Loafers - Size UK 7,APP-02370,GST,12,1391.13,2366.07,25,Footwear,6403,8904930464006
Aurelia Beige Formal Shirt - Size XXL,APP-02371,GST,12,603.66,1458.64,25,Men's Wear,6205,8904862755377
Puma Teal Men's Leather Belt,APP-02372,GST,18,436.02,1025.47,25,Accessories,4202,8900912104072
Nike Teal Girls Floral Frock - Size L,APP-02373,GST,12,590.15,1217.7,3,Kids Wear,6111,8901609932470
FabIndia Maroon Unisex Hoodie - Size M,APP-02374,GST,5,408.87,994.32,7,Winter Wear,6110,8907431603250
Puma Olive Imitation Necklace Set,APP-02375,GST,3,360.38,756.11,33,Jewelry,7117,8908442789523
H&M Teal Women's Woolen Cardigan - Size XL,APP-02376,GST,12,928.98,1570.96,27,Winter Wear,6110,8904549595781
Bata Olive Denim Jacket - Size M,APP-02377,GST,12,1164.73,2262.27,19,Women's Wear,6204,8902718322402
Levi's Maroon Crop Top - Size 3XL,APP-02378,GST,5,488.7,939.96,7,Women's Wear,6206,8907640404655
H&M Red Slim Fit Blazer - Size XXL,APP-02379,GST,12,2020.91,3951.09,8,Men's Wear,6203,8900502289207
Raymond Pink Imitation Necklace Set,APP-02380,GST,3,717.33,1138.18,34,Jewelry,7117,8902767742393
Nike Blue Sherwani - Size M,APP-02381,GST,12,5606.12,13983.1,30,Ethnic Wear,6211,8903278396921
Zara Black Boys Denim Jeans - Size S,APP-02382,GST,5,339.54,475.88,29,Kids Wear,6111,8902143486965
Local Boutique White Crop Top - Size L,APP-02383,GST,5,484.3,931.82,8,Women's Wear,6206,8900520898318
Puma Black Thermal Innerwear Set - Size 3XL,APP-02384,GST,12,453.17,1127.01,4,Winter Wear,6107,8907933773129
Levi's Navy Men's Oxford Leather Shoes - Size UK 5,APP-02385,GST,12,1831.26,3605.6,4,Footwear,6403,8902759082680
Peter England Yellow Formal Shirt - Size M,APP-02386,GST,5,333.97,673.56,31,Men's Wear,6205,8901218945239
Manyavar Beige Imitation Necklace Set,APP-02387,GST,3,870.88,1345.12,14,Jewelry,7117,8901599875175
Allen Solly Blue Unisex Hoodie - Size M,APP-02388,GST,5,342.35,787.73,36,Winter Wear,6110,8908806094175
Biba Teal Formal Shirt - Size 3XL,APP-02389,GST,5,324.9,793.24,2,Men's Wear,6205,8900788675875
Marks & Spencer Green Boys Graphic T-Shirt - Size S,APP-02390,GST,5,245.0,497.97,7,Kids Wear,6111,8904504972366
Raymond Pink Clutch Sling Bag,APP-02391,GST,18,439.41,701.2,28,Accessories,4202,8905181420438
Manyavar Black Georgette Saree,APP-02392,GST,12,2634.78,4112.53,32,Ethnic Wear,5407,8906434939416
Bata Navy Girls Leggings - Size S,APP-02393,GST,5,127.76,304.57,36,Kids Wear,6111,8906985857491
Peter England Maroon Formal Trousers - Size 3XL,APP-02394,GST,12,1015.2,1909.01,10,Men's Wear,6203,8906418793978
Manyavar Blue Clutch Sling Bag,APP-02395,GST,18,767.45,1135.61,11,Accessories,4202,8904931645982
Puma Yellow Cotton Printed Saree,APP-02396,GST,12,836.97,1174.28,3,Ethnic Wear,5407,8907936518756
Biba Maroon Men's Leather Belt,APP-02397,GST,18,393.94,912.78,15,Accessories,4202,8902735712567
H&M Red Denim Jacket - Size M,APP-02398,GST,5,423.1,849.52,22,Women's Wear,6204,8907895915324
Manyavar Teal Denim Jacket - Size XL,APP-02399,GST,12,1126.81,1586.09,35,Women's Wear,6204,8900578369030
Nike White Formal Trousers - Size M,APP-02400,GST,12,948.17,1750.54,13,Women's Wear,6204,8902985684997
Allen Solly Olive Unisex Hoodie - Size XL,APP-02401,GST,12,829.19,1549.6,2,Winter Wear,6110,8907461433700
H&M Olive Georgette Saree,APP-02402,GST,12,1837.47,4374.85,19,Ethnic Wear,5407,8903687163876
H&M Green Denim Jacket - Size XL,APP-02403,GST,12,976.95,2227.43,1,Women's Wear,6204,8905458661824
Local Boutique Navy Women's Flat Sandals - Size UK 5,APP-02404,GST,12,355.31,688.57,24,Footwear,6404,8903141988726
Nike Pink Crop Top - Size XXL,APP-02405,GST,5,200.55,420.42,9,Women's Wear,6206,8903399821590
Bata Olive Formal Shirt - Size S,APP-02406,GST,5,290.67,717.02,1,Men's Wear,6205,8904484567715
Zara Olive Georgette Saree,APP-02407,GST,12,1827.26,3321.7,1,Ethnic Wear,5407,8904568939116
W for Woman Yellow Men's Kurta Pajama Set - Size 3XL,APP-02408,GST,12,866.13,2089.69,29,Ethnic Wear,6211,8906576664760
W for Woman Red Kids Velcro Sneakers - Size UK 5,APP-02409,GST,12,470.42,1040.15,22,Footwear,6404,8902964552175
Raymond Beige Denim Jeans - Size XXL,APP-02410,GST,12,1043.03,2028.3,9,Men's Wear,6203,8909887275442
Allen Solly Maroon Maxi Dress - Size S,APP-02411,GST,12,1398.96,2811.09,3,Women's Wear,6204,8906929873864
Peter England Maroon Polo T-Shirt - Size XL,APP-02412,GST,5,257.14,477.34,28,Men's Wear,6109,8903903214303
Marks & Spencer Olive Formal Trousers - Size M,APP-02413,GST,12,955.23,2199.73,16,Men's Wear,6203,8903011184065
Mango Grey Cotton Printed Saree,APP-02414,GST,12,665.55,1296.47,24,Ethnic Wear,5407,8902452961514
Woodland Beige Formal Trousers - Size XL,APP-02415,GST,12,1072.92,1910.96,34,Women's Wear,6204,8903517983871
Manyavar Green Silk Saree,APP-02416,GST,12,2819.11,6780.68,28,Ethnic Wear,5407,8903389586417
Marks & Spencer Red Imitation Necklace Set,APP-02417,GST,3,842.32,1537.9,3,Jewelry,7117,8901999162469
Local Boutique Maroon Men's Kurta Pajama Set - Size 3XL,APP-02418,GST,12,1692.47,3471.42,26,Ethnic Wear,6211,8908426851797
Woodland Yellow Formal Trousers - Size XXL,APP-02419,GST,12,782.67,1617.64,4,Women's Wear,6204,8901027190952
Levi's Grey Formal Shirt - Size 3XL,APP-02420,GST,5,654.36,988.7,9,Men's Wear,6205,8901519045624
Woodland Olive Georgette Saree,APP-02421,GST,12,1186.47,1783.55,22,Ethnic Wear,5407,8906633935082
Levi's Olive Designer Lehenga Choli,APP-02422,GST,12,3884.95,6819.39,35,Ethnic Wear,6204,8901403075598
H&M Pink Designer Lehenga Choli,APP-02423,GST,12,7570.67,11109.33,19,Ethnic Wear,6204,8908435074509
Puma Red Crop Top - Size XXL,APP-02424,GST,5,165.41,337.88,37,Women's Wear,6206,8909702440431
Allen Solly Yellow Casual T-Shirt - Size XL,APP-02425,GST,5,164.23,330.6,16,Men's Wear,6109,8905327737655
Bata Maroon Cotton Printed Saree,APP-02426,GST,12,770.64,1455.12,31,Ethnic Wear,5407,8903554814712
Woodland Maroon Girls Leggings - Size S,APP-02427,GST,5,124.95,268.85,38,Kids Wear,6111,8903929427021
Peter England Pink Boys Denim Jeans - Size S,APP-02428,GST,5,318.1,534.46,15,Kids Wear,6111,8903906279895
Biba Navy Sports Running Sneakers - Size UK 11,APP-02429,GST,12,1904.81,3062.62,37,Footwear,6404,8901299037191
Bata Green A-Line Dress - Size XXL,APP-02430,GST,12,520.32,1127.27,24,Women's Wear,6204,8905714211622
Aurelia Mustard Polo T-Shirt - Size 3XL,APP-02431,GST,5,549.68,966.18,6,Men's Wear,6109,8900044364364
Nike Blue Designer Lehenga Choli,APP-02432,GST,12,4896.34,9889.49,27,Ethnic Wear,6204,8909142200722
Aurelia Olive Unisex Hoodie - Size XXL,APP-02433,GST,5,534.74,841.11,33,Winter Wear,6110,8900878571093
Marks & Spencer Teal Formal Trousers - Size L,APP-02434,GST,5,639.45,905.27,38,Women's Wear,6204,8900063258677
Raymond Maroon Boys Graphic T-Shirt - Size L,APP-02435,GST,5,313.35,480.25,11,Kids Wear,6111,8908470344633
Raymond Mustard Denim Jacket - Size XL,APP-02436,GST,12,676.09,1533.27,27,Women's Wear,6204,8908415463517
Local Boutique Blue Sherwani - Size L,APP-02437,GST,12,7032.54,15696.12,33,Ethnic Wear,6211,8905176965959
Manyavar Teal Men's Pullover Sweater - Size XL,APP-02438,GST,5,354.62,802.94,15,Winter Wear,6110,8903752296484
FabIndia White Polarized Sunglasses,APP-02439,GST,18,1300.73,2084.3,9,Accessories,9004,8905145579537
FabIndia Blue Imitation Necklace Set,APP-02440,GST,3,637.48,924.08,5,Jewelry,7117,8904264302970
H&M Blue Women's Flat Sandals - Size UK 11,APP-02441,GST,12,561.71,896.96,36,Footwear,6404,8902109352439
Biba Beige A-Line Dress - Size 3XL,APP-02442,GST,12,896.2,1340.39,20,Women's Wear,6204,8909628407695
Peter England Grey Formal Trousers - Size XL,APP-02443,GST,12,828.75,1353.9,19,Women's Wear,6204,8907679007824
Aurelia Maroon Men's Kurta Pajama Set - Size XL,APP-02444,GST,12,1167.46,2030.76,36,Ethnic Wear,6211,8903609438682
Allen Solly Grey Boys Denim Jeans - Size L,APP-02445,GST,5,401.37,641.73,28,Kids Wear,6111,8902972669232
Bata Olive Sherwani - Size M,APP-02446,GST,12,4898.72,10263.83,20,Ethnic Wear,6211,8906892704723
Nike Pink Silk Saree,APP-02447,GST,12,2580.29,6388.67,27,Ethnic Wear,5407,8906105149618
Aurelia Mustard Denim Jeans - Size XXL,APP-02448,GST,12,886.77,1731.3,36,Men's Wear,6203,8906887924494
Puma Pink Casual T-Shirt - Size 3XL,APP-02449,GST,5,333.71,695.78,6,Men's Wear,6109,8908695613440
Marks & Spencer Blue Kids Velcro Sneakers - Size UK 10,APP-02450,GST,12,515.54,1214.47,35,Footwear,6404,8903801693476
H&M Teal Men's Leather Belt,APP-02451,GST,18,364.46,826.96,14,Accessories,4202,8907793980122
H&M Maroon Casual T-Shirt - Size M,APP-02452,GST,5,147.42,330.35,12,Men's Wear,6109,8900023915231
Puma Mustard Formal Trousers - Size XL,APP-02453,GST,12,692.58,1492.02,5,Women's Wear,6204,8904098212702
Zara Grey Silk Saree,APP-02454,GST,12,3108.28,4471.14,8,Ethnic Wear,5407,8902959031775
Allen Solly Black Kids Winter Jacket - Size 3XL,APP-02455,GST,5,441.23,668.78,38,Kids Wear,6209,8901765324483
Levi's Teal Cotton Printed Saree,APP-02456,GST,5,378.91,911.07,21,Ethnic Wear,5407,8904746911708
Allen Solly Red Unisex Hoodie - Size XL,APP-02457,GST,5,291.06,717.2,3,Winter Wear,6110,8904009380834
Zara Red Polarized Sunglasses,APP-02458,GST,18,688.62,1252.24,1,Accessories,9004,8900593241832
Biba Olive Boys Denim Jeans - Size XL,APP-02459,GST,5,380.0,682.88,3,Kids Wear,6111,8902131167954
Mango Olive Maxi Dress - Size M,APP-02460,GST,12,823.06,1502.01,2,Women's Wear,6204,8901167811678
FabIndia Beige Men's Pullover Sweater - Size S,APP-02461,GST,12,735.15,1106.72,13,Winter Wear,6110,8908642673022
Raymond White Polo T-Shirt - Size XL,APP-02462,GST,5,386.13,936.05,22,Men's Wear,6109,8903040531984
Peter England Pink Chinos - Size L,APP-02463,GST,5,436.66,766.15,21,Men's Wear,6203,8900848528467
Peter England Blue Unisex Hoodie - Size XL,APP-02464,GST,12,625.23,1175.3,40,Winter Wear,6110,8907008307644
Manyavar Grey Polo T-Shirt - Size M,APP-02465,GST,5,287.91,630.42,1,Men's Wear,6109,8901727279732
Biba Beige Kids Velcro Sneakers - Size UK 5,APP-02466,GST,12,283.49,611.94,16,Footwear,6404,8902051121340
Levi's Mustard Women's Woolen Cardigan - Size XL,APP-02467,GST,12,1001.56,1482.61,40,Winter Wear,6110,8909050240651
Local Boutique Pink Chinos - Size 3XL,APP-02468,GST,12,904.41,2117.63,31,Men's Wear,6203,8901170648579
Mango Grey Women's Woolen Cardigan - Size XL,APP-02469,GST,12,1015.5,2126.28,6,Winter Wear,6110,8902407904481
Marks & Spencer Pink Silk Saree,APP-02470,GST,12,2049.63,4929.99,7,Ethnic Wear,5407,8904567677619
FabIndia Navy Boys Graphic T-Shirt - Size XXL,APP-02471,GST,5,283.23,405.56,31,Kids Wear,6111,8900921764517
Peter England Red Thermal Innerwear Set - Size M,APP-02472,GST,5,495.16,995.59,17,Winter Wear,6107,8905347827725
FabIndia Black Formal Trousers - Size XXL,APP-02473,GST,12,897.44,1884.37,12,Women's Wear,6204,8908489873587
Bata Red Denim Jacket - Size XXL,APP-02474,GST,12,830.85,2031.06,14,Women's Wear,6204,8905702409398
Woodland Blue Kids Winter Jacket - Size 3XL,APP-02475,GST,12,804.45,1593.9,25,Kids Wear,6209,8904844273983
Aurelia Teal Sherwani - Size 3XL,APP-02476,GST,12,3981.53,8684.2,39,Ethnic Wear,6211,8901886762273
Puma Mustard Boys Graphic T-Shirt - Size M,APP-02477,GST,5,264.16,629.87,25,Kids Wear,6111,8902016633401
FabIndia White Cotton Printed Saree,APP-02478,GST,12,859.75,1389.24,22,Ethnic Wear,5407,8902636288623
W for Woman Yellow Formal Trousers - Size S,APP-02479,GST,5,588.69,996.64,24,Women's Wear,6204,8901434421117
Nike Beige Boys Graphic T-Shirt - Size L,APP-02480,GST,5,174.66,353.58,31,Kids Wear,6111,8904218842463
Zara Green Sports Running Sneakers - Size UK 5,APP-02481,GST,12,1356.42,2064.97,27,Footwear,6404,8904792464299
Bata Red Sports Running Sneakers - Size UK 7,APP-02482,GST,12,1873.08,3043.24,14,Footwear,6404,8909987591530
Bata Green Denim Jeans - Size S,APP-02483,GST,12,584.05,1448.29,5,Men's Wear,6203,8908347923057
Biba Navy Kids Velcro Sneakers - Size UK 7,APP-02484,GST,12,524.13,1308.97,2,Footwear,6404,8908124643786
Raymond Blue Maxi Dress - Size 3XL,APP-02485,GST,12,521.6,1199.56,5,Women's Wear,6204,8904606696106
Woodland Blue Women's Tote Handbag,APP-02486,GST,18,1635.08,3381.1,10,Accessories,4202,8901879065061
Bata White Georgette Saree,APP-02487,GST,12,2056.33,3110.43,11,Ethnic Wear,5407,8905023160040
Local Boutique Red Denim Jacket - Size XXL,APP-02488,GST,12,1276.75,2659.58,27,Women's Wear,6204,8908321208614
Marks & Spencer Navy Clutch Sling Bag,APP-02489,GST,18,431.87,1008.63,40,Accessories,4202,8906699784200
H&M Navy Imitation Necklace Set,APP-02490,GST,3,466.6,791.66,17,Jewelry,7117,8906073723861
W for Woman Red Boys Denim Jeans - Size XXL,APP-02491,GST,5,409.0,951.89,39,Kids Wear,6111,8909475763798
Puma Black Maxi Dress - Size L,APP-02492,GST,12,972.28,1872.27,31,Women's Wear,6204,8909836760741
W for Woman Beige Polo T-Shirt - Size M,APP-02493,GST,5,394.24,868.41,35,Men's Wear,6109,8901504390356
FabIndia Grey Casual T-Shirt - Size L,APP-02494,GST,5,359.51,753.52,40,Men's Wear,6109,8906609635476
Local Boutique Green Casual T-Shirt - Size S,APP-02495,GST,5,516.28,772.24,6,Men's Wear,6109,8908426226441
Allen Solly Teal Women's Stiletto Heels - Size UK 6,APP-02496,GST,12,1615.01,2874.32,19,Footwear,6403,8900859356535
Nike Pink Maxi Dress - Size M,APP-02497,GST,12,1193.59,2265.99,38,Women's Wear,6204,8905076557374
W for Woman Olive Kids Velcro Sneakers - Size UK 10,APP-02498,GST,12,440.31,653.27,11,Footwear,6404,8905846790175
Biba Mustard Maxi Dress - Size XL,APP-02499,GST,12,1222.24,2564.25,12,Women's Wear,6204,8909496523967
Peter England Red Cotton Printed Saree,APP-02500,GST,12,984.16,2097.49,22,Ethnic Wear,5407,8904070084159
FabIndia Navy Formal Trousers - Size M,APP-02501,GST,12,586.72,1298.87,31,Men's Wear,6203,8905385139763
Biba Beige Boys Graphic T-Shirt - Size L,APP-02502,GST,5,237.7,414.44,28,Kids Wear,6111,8902040852063
Nike Maroon Crop Top - Size S,APP-02503,GST,5,169.16,348.26,34,Women's Wear,6206,8907372826593
Mango Black Crop Top - Size L,APP-02504,GST,5,151.72,371.69,5,Women's Wear,6206,8907160333085
Raymond White Designer Lehenga Choli,APP-02505,GST,12,2690.48,5698.33,28,Ethnic Wear,6204,8900209313788
Biba Pink Denim Jeans - Size S,APP-02506,GST,5,580.4,965.97,27,Men's Wear,6203,8907677773657
Raymond Green Girls Leggings - Size L,APP-02507,GST,5,122.44,254.58,4,Kids Wear,6111,8903481954351
Peter England Red Slim Fit Blazer - Size XL,APP-02508,GST,12,2539.3,5158.88,24,Men's Wear,6203,8903308923331
W for Woman Pink Crop Top - Size 3XL,APP-02509,GST,5,567.23,988.38,34,Women's Wear,6206,8905507026406
Woodland Black Cotton Kurti - Size XL,APP-02510,GST,5,333.3,729.61,21,Women's Wear,6211,8901448762164
Puma Olive Kids Velcro Sneakers - Size UK 7,APP-02511,GST,12,642.73,1220.21,38,Footwear,6404,8907302940695
Biba Green Men's Oxford Leather Shoes - Size UK 6,APP-02512,GST,12,2143.96,3373.42,24,Footwear,6403,8908937712582
Nike Grey Women's Flat Sandals - Size UK 11,APP-02513,GST,12,406.2,968.15,38,Footwear,6404,8909495165991
Nike Green Men's Leather Belt,APP-02514,GST,18,485.18,835.74,20,Accessories,4202,8906452390041
Biba Navy Girls Floral Frock - Size M,APP-02515,GST,12,624.15,1477.21,34,Kids Wear,6111,8906785547018
Local Boutique Teal Men's Leather Belt,APP-02516,GST,18,444.23,791.32,3,Accessories,4202,8901467093672
Manyavar Black Imitation Necklace Set,APP-02517,GST,3,690.44,1496.5,4,Jewelry,7117,8904177073460
Zara Maroon Silk Saree,APP-02518,GST,12,1843.67,3185.64,32,Ethnic Wear,5407,8909921645752
W for Woman Navy Men's Loafers - Size UK 10,APP-02519,GST,12,609.9,1191.2,13,Footwear,6403,8902867851506
Mango Grey Kids Winter Jacket - Size S,APP-02520,GST,12,539.11,1195.19,8,Kids Wear,6209,8905566166894
Puma Maroon Polo T-Shirt - Size 3XL,APP-02521,GST,5,334.58,560.75,1,Men's Wear,6109,8905955161133
Manyavar Maroon Men's Leather Belt,APP-02522,GST,18,281.15,474.27,24,Accessories,4202,8901825696192
FabIndia Pink Formal Trousers - Size 3XL,APP-02523,GST,12,652.92,1321.67,20,Men's Wear,6203,8908697848798
Woodland Olive Polarized Sunglasses,APP-02524,GST,18,577.87,1079.08,15,Accessories,9004,8900527043692
W for Woman Mustard Denim Jacket - Size XXL,APP-02525,GST,12,1220.01,2274.28,9,Women's Wear,6204,8903012746901
Aurelia Blue Men's Loafers - Size UK 5,APP-02526,GST,12,1544.6,2316.17,33,Footwear,6403,8906370855360
FabIndia Red Men's Pullover Sweater - Size M,APP-02527,GST,5,498.92,801.97,27,Winter Wear,6110,8907357756942
Mango Navy Women's Tote Handbag,APP-02528,GST,18,627.81,1084.71,1,Accessories,4202,8900327303248
Bata Navy Denim Jacket - Size 3XL,APP-02529,GST,12,1704.49,2774.44,21,Women's Wear,6204,8902356118820
Marks & Spencer Black Silk Saree,APP-02530,GST,12,2943.67,6299.04,38,Ethnic Wear,5407,8905862185311
Biba Grey Slim Fit Blazer - Size S,APP-02531,GST,12,1928.4,4386.5,2,Men's Wear,6203,8903666636947
Mango White Denim Jacket - Size 3XL,APP-02532,GST,12,712.82,1322.68,21,Women's Wear,6204,8909845033790
Nike Black Denim Jacket - Size M,APP-02533,GST,12,1098.09,1801.51,13,Women's Wear,6204,8901324527567
Manyavar Black Slim Fit Blazer - Size 3XL,APP-02534,GST,12,1839.72,3322.67,33,Men's Wear,6203,8907807126524
Raymond Teal Clutch Sling Bag,APP-02535,GST,18,742.8,1170.63,39,Accessories,4202,8908388201514
Bata Yellow Men's Leather Belt,APP-02536,GST,18,319.19,648.52,16,Accessories,4202,8906165765282
Aurelia White Cotton Kurti - Size XXL,APP-02537,GST,5,429.1,910.63,37,Women's Wear,6211,8900294849434
Bata Yellow Sherwani - Size XL,APP-02538,GST,12,9747.71,14470.54,16,Ethnic Wear,6211,8908865500915
W for Woman Olive Women's Tote Handbag,APP-02539,GST,18,1503.17,2956.93,10,Accessories,4202,8903959360194
FabIndia Pink Formal Trousers - Size XL,APP-02540,GST,5,388.36,707.26,36,Men's Wear,6203,8905360878072
FabIndia Black Formal Shirt - Size M,APP-02541,GST,12,695.14,1517.59,36,Men's Wear,6205,8908112099667
Puma Yellow Women's Woolen Cardigan - Size M,APP-02542,GST,12,1305.62,2114.16,29,Winter Wear,6110,8903448365670
Zara Beige Thermal Innerwear Set - Size 3XL,APP-02543,GST,12,574.46,1023.83,21,Winter Wear,6107,8907439677054
Bata Blue Kids Winter Jacket - Size XXL,APP-02544,GST,12,565.45,1035.74,39,Kids Wear,6209,8900954688730
Mango Grey Boys Denim Jeans - Size XL,APP-02545,GST,5,552.2,808.39,11,Kids Wear,6111,8905312926625
Local Boutique Teal Georgette Saree,APP-02546,GST,12,1700.17,3434.18,34,Ethnic Wear,5407,8900401461597
Peter England Black Formal Shirt - Size S,APP-02547,GST,12,704.33,1506.33,3,Men's Wear,6205,8907388546734
Raymond Blue Men's Loafers - Size UK 11,APP-02548,GST,12,801.94,1627.69,37,Footwear,6403,8900894131985
Aurelia Yellow Genuine Leather Wallet,APP-02549,GST,18,556.26,866.54,13,Accessories,4202,8900542842511
Peter England Blue Formal Trousers - Size L,APP-02550,GST,12,676.01,1585.79,1,Men's Wear,6203,8909429412597
Peter England Olive Clutch Sling Bag,APP-02551,GST,18,964.3,1498.02,36,Accessories,4202,8908767660628
Manyavar Mustard Genuine Leather Wallet,APP-02552,GST,18,532.82,1203.76,20,Accessories,4202,8900399783874
Levi's Black Designer Lehenga Choli,APP-02553,GST,12,4268.16,7888.48,11,Ethnic Wear,6204,8909397026638
Allen Solly Yellow Maxi Dress - Size S,APP-02554,GST,12,1125.18,1957.59,6,Women's Wear,6204,8908513311786
Manyavar Yellow Denim Jeans - Size XL,APP-02555,GST,12,923.6,1752.58,5,Men's Wear,6203,8909288920302
Bata Green Women's Stiletto Heels - Size UK 11,APP-02556,GST,12,1350.73,1940.79,33,Footwear,6403,8909230360677
Local Boutique White Women's Stiletto Heels - Size UK 9,APP-02557,GST,12,1835.92,2913.09,39,Footwear,6403,8907265571364
Woodland Yellow Genuine Leather Wallet,APP-02558,GST,18,681.54,1025.19,20,Accessories,4202,8905375257448
FabIndia Mustard Women's Flat Sandals - Size UK 7,APP-02559,GST,12,299.12,556.71,39,Footwear,6404,8909018511156
Puma Teal Men's Oxford Leather Shoes - Size UK 6,APP-02560,GST,12,1683.1,2993.81,21,Footwear,6403,8907646705068
Marks & Spencer Blue Formal Shirt - Size XXL,APP-02561,GST,12,523.11,1303.46,38,Men's Wear,6205,8903465027586
Puma Pink Denim Jeans - Size L,APP-02562,GST,12,1032.56,2467.76,25,Men's Wear,6203,8903338923495
Nike Teal Cotton Kurti - Size L,APP-02563,GST,5,417.25,739.74,21,Women's Wear,6211,8905782638803
Nike Pink Maxi Dress - Size 3XL,APP-02564,GST,12,2104.09,3282.12,6,Women's Wear,6204,8906186286974
Woodland Olive Men's Oxford Leather Shoes - Size UK 11,APP-02565,GST,12,786.89,1873.98,14,Footwear,6403,8907038547872
Mango White Men's Pullover Sweater - Size XXL,APP-02566,GST,12,1606.46,2583.4,8,Winter Wear,6110,8909229412328
Aurelia Red Formal Shirt - Size L,APP-02567,GST,5,367.82,749.53,7,Men's Wear,6205,8908545541892
Marks & Spencer Grey Sherwani - Size M,APP-02568,GST,12,2567.79,5758.03,4,Ethnic Wear,6211,8903563032826
Levi's Green Men's Oxford Leather Shoes - Size UK 10,APP-02569,GST,12,1086.27,2252.51,20,Footwear,6403,8907986571689
FabIndia White Women's Woolen Cardigan - Size M,APP-02570,GST,5,401.05,887.55,24,Winter Wear,6110,8900862868564
Levi's Navy Polarized Sunglasses,APP-02571,GST,18,794.83,1711.86,34,Accessories,9004,8908230925872
Raymond Maroon Women's Stiletto Heels - Size UK 8,APP-02572,GST,12,1431.24,3049.72,26,Footwear,6403,8903163308460
Local Boutique Red Slim Fit Blazer - Size 3XL,APP-02573,GST,12,1692.82,4031.24,33,Men's Wear,6203,8900336490847
H&M Pink Designer Lehenga Choli,APP-02574,GST,12,2896.85,7238.1,17,Ethnic Wear,6204,8903031016636
Biba Teal Women's Woolen Cardigan - Size M,APP-02575,GST,12,815.52,1467.21,21,Winter Wear,6110,8904140857962
W for Woman White Maxi Dress - Size S,APP-02576,GST,12,1364.17,2677.31,34,Women's Wear,6204,8906106600260
Woodland Beige Designer Lehenga Choli,APP-02577,GST,12,4745.5,8952.0,40,Ethnic Wear,6204,8905389162441
Woodland Maroon Casual T-Shirt - Size 3XL,APP-02578,GST,5,290.03,579.71,21,Men's Wear,6109,8907321650242
Mango Beige Crop Top - Size M,APP-02579,GST,5,244.76,542.58,1,Women's Wear,6206,8907110729850
Puma Pink Maxi Dress - Size 3XL,APP-02580,GST,12,642.65,1144.35,2,Women's Wear,6204,8906671485333
Local Boutique Teal Two-Piece Suit - Size S,APP-02581,GST,12,2588.75,5261.38,21,Men's Wear,6203,8905412982492
Allen Solly Mustard Maxi Dress - Size M,APP-02582,GST,12,1103.17,2359.27,36,Women's Wear,6204,8901520895217
Marks & Spencer Black Kids Winter Jacket - Size S,APP-02583,GST,12,1370.75,2157.17,39,Kids Wear,6209,8906250507324
H&M Blue Women's Tote Handbag,APP-02584,GST,18,1005.7,1681.3,11,Accessories,4202,8905027496238
Mango Navy Palazzo Pants - Size L,APP-02585,GST,5,207.85,499.64,15,Women's Wear,6204,8907654399942
W for Woman Olive Kids Velcro Sneakers - Size UK 9,APP-02586,GST,12,304.42,501.46,2,Footwear,6404,8908641486329
Peter England Grey Imitation Necklace Set,APP-02587,GST,3,786.87,1389.59,4,Jewelry,7117,8904871590518
Levi's Yellow Cotton Kurti - Size XL,APP-02588,GST,5,343.37,503.13,4,Women's Wear,6211,8907444793911
Zara Yellow Men's Oxford Leather Shoes - Size UK 7,APP-02589,GST,12,2800.15,3950.66,13,Footwear,6403,8904568848657
Local Boutique Navy Crop Top - Size L,APP-02590,GST,5,389.74,719.21,1,Women's Wear,6206,8907236604741
Allen Solly Grey A-Line Dress - Size S,APP-02591,GST,12,1012.64,1632.63,34,Women's Wear,6204,8909382528940
Levi's Beige Men's Kurta Pajama Set - Size M,APP-02592,GST,12,1981.97,3029.76,2,Ethnic Wear,6211,8902695775266
Raymond Grey Kids Velcro Sneakers - Size UK 5,APP-02593,GST,12,326.5,723.07,28,Footwear,6404,8903678175248
Puma Green Chinos - Size M,APP-02594,GST,12,647.97,1538.97,11,Men's Wear,6203,8909839303953
W for Woman Red Women's Tote Handbag,APP-02595,GST,18,559.39,1185.25,23,Accessories,4202,8903298734011
Local Boutique Mustard Cotton Printed Saree,APP-02596,GST,12,842.76,1484.9,32,Ethnic Wear,5407,8903770499096
Marks & Spencer White Thermal Innerwear Set - Size XXL,APP-02597,GST,5,291.58,672.13,25,Winter Wear,6107,8905977396103
Allen Solly Green Cotton Printed Saree,APP-02598,GST,12,446.39,1065.4,35,Ethnic Wear,5407,8909108041756
Nike Blue Clutch Sling Bag,APP-02599,GST,18,520.42,1136.99,11,Accessories,4202,8901887716991
Manyavar Grey Girls Leggings - Size XL,APP-02600,GST,5,115.26,213.36,20,Kids Wear,6111,8901104857867
FabIndia Maroon Two-Piece Suit - Size L,APP-02601,GST,12,4405.02,9530.97,36,Men's Wear,6203,8901829127898
W for Woman Pink Sports Running Sneakers - Size UK 6,APP-02602,GST,12,980.85,2403.89,38,Footwear,6404,8901960841585
Levi's Yellow Girls Floral Frock - Size 3XL,APP-02603,GST,5,316.18,688.26,18,Kids Wear,6111,8903763185596
Allen Solly Yellow Men's Loafers - Size UK 11,APP-02604,GST,12,485.77,1081.58,17,Footwear,6403,8904814400040
W for Woman Maroon Unisex Hoodie - Size S,APP-02605,GST,5,323.2,727.74,8,Winter Wear,6110,8900640797296
Biba Red Women's Stiletto Heels - Size UK 10,APP-02606,GST,12,1042.57,2218.47,22,Footwear,6403,8904273449799
W for Woman White A-Line Dress - Size 3XL,APP-02607,GST,12,1174.55,2265.1,13,Women's Wear,6204,8906654758783
H&M Black Men's Oxford Leather Shoes - Size UK 11,APP-02608,GST,12,2165.66,3478.62,38,Footwear,6403,8902590677185
Aurelia Black Formal Trousers - Size 3XL,APP-02609,GST,5,436.18,749.55,15,Women's Wear,6204,8900402560041
Zara Maroon Formal Trousers - Size 3XL,APP-02610,GST,12,594.55,1155.58,23,Women's Wear,6204,8902707127971
Woodland Blue Unisex Hoodie - Size 3XL,APP-02611,GST,12,1238.43,1746.43,19,Winter Wear,6110,8902729904388
Zara Yellow Polarized Sunglasses,APP-02612,GST,18,1207.13,1869.9,11,Accessories,9004,8907025431639
Manyavar Grey Chinos - Size L,APP-02613,GST,12,1407.45,2392.63,31,Men's Wear,6203,8902560467820
Woodland Beige Crop Top - Size S,APP-02614,GST,5,239.09,573.55,21,Women's Wear,6206,8905026134097
H&M Mustard Palazzo Pants - Size M,APP-02615,GST,5,272.47,612.47,4,Women's Wear,6204,8906676654053
Biba Navy Polarized Sunglasses,APP-02616,GST,18,1047.24,2217.14,27,Accessories,9004,8909435328617
Allen Solly Green Kids Velcro Sneakers - Size UK 9,APP-02617,GST,12,887.28,1476.2,34,Footwear,6404,8900573213678
Marks & Spencer Maroon Imitation Necklace Set,APP-02618,GST,3,379.95,879.73,9,Jewelry,7117,8906151070557
W for Woman Red Formal Shirt - Size XXL,APP-02619,GST,12,1069.52,1539.82,26,Men's Wear,6205,8908744123599
Woodland Pink Women's Flat Sandals - Size UK 6,APP-02620,GST,12,762.46,1334.12,26,Footwear,6404,8909263560062
W for Woman White Boys Graphic T-Shirt - Size L,APP-02621,GST,5,110.87,252.82,38,Kids Wear,6111,8907519378495
H&M Mustard Crop Top - Size M,APP-02622,GST,5,382.05,618.04,17,Women's Wear,6206,8905801976213
Woodland Teal Georgette Saree,APP-02623,GST,12,1181.4,2541.87,5,Ethnic Wear,5407,8905265322247
Mango White Polo T-Shirt - Size S,APP-02624,GST,5,227.21,450.06,7,Men's Wear,6109,8902971988408
Nike Blue Women's Tote Handbag,APP-02625,GST,18,1234.22,3015.5,36,Accessories,4202,8901268179300
Allen Solly Green Women's Stiletto Heels - Size UK 9,APP-02626,GST,12,1059.29,2173.72,1,Footwear,6403,8905808140334
Manyavar Black Casual T-Shirt - Size XXL,APP-02627,GST,5,524.09,798.47,4,Men's Wear,6109,8905635869902
Puma White Slim Fit Blazer - Size S,APP-02628,GST,12,2215.97,4113.57,20,Men's Wear,6203,8906021246764
Mango White A-Line Dress - Size M,APP-02629,GST,12,867.52,1905.5,23,Women's Wear,6204,8909836207498
Nike Beige Kids Velcro Sneakers - Size UK 10,APP-02630,GST,12,627.25,1291.31,12,Footwear,6404,8906092033146
Woodland Pink Girls Floral Frock - Size L,APP-02631,GST,5,405.66,970.21,8,Kids Wear,6111,8906657813049
W for Woman Mustard Clutch Sling Bag,APP-02632,GST,18,381.04,922.04,37,Accessories,4202,8906416450862
Manyavar Blue Genuine Leather Wallet,APP-02633,GST,18,467.32,1089.67,2,Accessories,4202,8907248764126
Levi's Pink Slim Fit Blazer - Size XXL,APP-02634,GST,12,1671.42,3883.97,24,Men's Wear,6203,8907458618058
Puma Navy Formal Trousers - Size S,APP-02635,GST,12,733.88,1325.31,18,Women's Wear,6204,8902788598819
Allen Solly Maroon Denim Jacket - Size XXL,APP-02636,GST,12,874.57,1590.82,13,Women's Wear,6204,8902596276223
Marks & Spencer Blue Men's Pullover Sweater - Size S,APP-02637,GST,12,1172.28,2247.28,15,Winter Wear,6110,8904183995578
Biba Teal Polo T-Shirt - Size M,APP-02638,GST,12,782.64,1110.97,30,Men's Wear,6109,8907106294502
Raymond Navy Girls Leggings - Size XL,APP-02639,GST,5,126.65,228.12,14,Kids Wear,6111,8904143910323
Mango Maroon Two-Piece Suit - Size 3XL,APP-02640,GST,12,3679.63,9062.79,37,Men's Wear,6203,8900667477201
Peter England Navy Formal Trousers - Size S,APP-02641,GST,12,769.81,1509.01,16,Men's Wear,6203,8907826018777
W for Woman Pink Clutch Sling Bag,APP-02642,GST,18,320.36,777.37,19,Accessories,4202,8902253939224
W for Woman Teal Cotton Kurti - Size XL,APP-02643,GST,5,338.5,760.59,30,Women's Wear,6211,8907457502188
Biba White Boys Denim Jeans - Size S,APP-02644,GST,12,670.1,1145.98,20,Kids Wear,6111,8906036383968
Marks & Spencer Mustard Men's Loafers - Size UK 9,APP-02645,GST,12,1600.67,2551.44,2,Footwear,6403,8904759835894
Local Boutique Black Unisex Hoodie - Size XL,APP-02646,GST,12,517.3,1266.05,16,Winter Wear,6110,8909285320254
H&M Mustard Men's Pullover Sweater - Size XL,APP-02647,GST,12,955.21,2077.09,31,Winter Wear,6110,8909467781898
Levi's Olive Women's Woolen Cardigan - Size XL,APP-02648,GST,12,1217.33,1809.29,15,Winter Wear,6110,8909594592118
Bata Red Boys Graphic T-Shirt - Size M,APP-02649,GST,5,383.42,676.9,4,Kids Wear,6111,8901947377962
Levi's Grey Kids Winter Jacket - Size XXL,APP-02650,GST,12,537.57,1243.77,19,Kids Wear,6209,8909977917822
Peter England Grey Casual T-Shirt - Size 3XL,APP-02651,GST,5,474.36,676.23,2,Men's Wear,6109,8901428669062
H&M Green Sherwani - Size XL,APP-02652,GST,12,4746.7,8421.67,17,Ethnic Wear,6211,8909096710800
W for Woman Grey Cotton Printed Saree,APP-02653,GST,12,1313.0,2232.35,12,Ethnic Wear,5407,8907496652948
Peter England Green Formal Trousers - Size S,APP-02654,GST,12,606.02,1239.29,10,Women's Wear,6204,8905123433536
W for Woman Pink Thermal Innerwear Set - Size XL,APP-02655,GST,12,517.93,1008.66,14,Winter Wear,6107,8904265875031
Raymond Olive Formal Shirt - Size 3XL,APP-02656,GST,12,554.16,1141.12,17,Men's Wear,6205,8900771280619
Peter England Yellow Women's Tote Handbag,APP-02657,GST,18,1959.82,3591.05,27,Accessories,4202,8909747217124
W for Woman Maroon Palazzo Pants - Size XL,APP-02658,GST,5,425.85,975.47,4,Women's Wear,6204,8903253695255
Bata Olive Women's Flat Sandals - Size UK 10,APP-02659,GST,12,666.29,1291.66,21,Footwear,6404,8900781072839
Bata Mustard Men's Kurta Pajama Set - Size XL,APP-02660,GST,12,798.42,1755.43,5,Ethnic Wear,6211,8902614993631
Aurelia Red Genuine Leather Wallet,APP-02661,GST,18,320.0,693.71,17,Accessories,4202,8903909519566
Allen Solly Black Crop Top - Size 3XL,APP-02662,GST,5,314.75,575.71,8,Women's Wear,6206,8900516407870
Mango White Men's Kurta Pajama Set - Size S,APP-02663,GST,12,752.69,1595.29,13,Ethnic Wear,6211,8907396527295
Marks & Spencer Maroon Men's Leather Belt,APP-02664,GST,18,316.07,684.82,22,Accessories,4202,8905489907129
Aurelia Beige Women's Tote Handbag,APP-02665,GST,18,874.19,1900.66,12,Accessories,4202,8907002933132
Mango Beige Kids Winter Jacket - Size M,APP-02666,GST,12,820.67,1385.29,2,Kids Wear,6209,8902136884157
H&M Olive Men's Oxford Leather Shoes - Size UK 6,APP-02667,GST,12,1447.8,3604.9,34,Footwear,6403,8904251956176
Manyavar Grey Girls Floral Frock - Size XXL,APP-02668,GST,5,374.11,614.34,24,Kids Wear,6111,8905285870630
FabIndia Grey A-Line Dress - Size 3XL,APP-02669,GST,12,420.42,1017.92,16,Women's Wear,6204,8905287897153
Woodland Navy Boys Denim Jeans - Size XL,APP-02670,GST,12,622.33,1152.31,20,Kids Wear,6111,8907464550728
Zara Teal Silk Saree,APP-02671,GST,12,4314.88,6624.18,36,Ethnic Wear,5407,8905088087564
Allen Solly Olive Boys Denim Jeans - Size 3XL,APP-02672,GST,5,423.24,644.27,1,Kids Wear,6111,8905801088679
Nike Navy Men's Loafers - Size UK 8,APP-02673,GST,12,827.06,1693.07,29,Footwear,6403,8908866364653
Puma Navy Palazzo Pants - Size XL,APP-02674,GST,5,412.43,914.82,27,Women's Wear,6204,8903379226281
H&M Green Clutch Sling Bag,APP-02675,GST,18,397.46,768.46,14,Accessories,4202,8908734505219
Allen Solly Green Designer Lehenga Choli,APP-02676,GST,12,3706.21,5720.99,27,Ethnic Wear,6204,8900979629145
Local Boutique Yellow Men's Leather Belt,APP-02677,GST,18,584.61,1081.91,2,Accessories,4202,8909859198174
Puma Maroon Men's Loafers - Size UK 8,APP-02678,GST,12,749.29,1555.08,34,Footwear,6403,8908587489557
Puma White Two-Piece Suit - Size 3XL,APP-02679,GST,12,4773.94,8012.97,17,Men's Wear,6203,8904961639525
Nike Yellow Men's Oxford Leather Shoes - Size UK 8,APP-02680,GST,12,1691.33,2808.79,11,Footwear,6403,8901238487756
H&M Grey Chinos - Size XXL,APP-02681,GST,12,1105.85,2118.78,24,Men's Wear,6203,8907983229000
Allen Solly Green Sherwani - Size L,APP-02682,GST,12,5724.38,8727.62,15,Ethnic Wear,6211,8906585405919
Nike Navy Palazzo Pants - Size M,APP-02683,GST,5,490.8,754.97,31,Women's Wear,6204,8901239330653
W for Woman Teal Formal Trousers - Size M,APP-02684,GST,12,1012.31,1827.5,31,Women's Wear,6204,8905980962821
Aurelia Black Women's Tote Handbag,APP-02685,GST,18,1112.15,2491.55,21,Accessories,4202,8907882737630
Local Boutique Yellow Men's Leather Belt,APP-02686,GST,18,338.85,777.4,16,Accessories,4202,8906660979785
Allen Solly Teal Boys Graphic T-Shirt - Size S,APP-02687,GST,5,317.27,546.2,24,Kids Wear,6111,8900729629010
Puma Olive Unisex Hoodie - Size M,APP-02688,GST,12,901.91,1409.07,23,Winter Wear,6110,8902782546305
Raymond Pink Clutch Sling Bag,APP-02689,GST,18,786.81,1469.67,8,Accessories,4202,8901775398724
Manyavar Grey Polarized Sunglasses,APP-02690,GST,18,1173.56,2405.02,36,Accessories,9004,8907088407553
Allen Solly Green Kids Velcro Sneakers - Size UK 6,APP-02691,GST,12,739.39,1310.65,31,Footwear,6404,8902683950705
Levi's Mustard Formal Trousers - Size S,APP-02692,GST,12,694.4,1289.47,12,Men's Wear,6203,8901281568387
Biba Yellow Casual T-Shirt - Size XXL,APP-02693,GST,5,522.35,860.23,37,Men's Wear,6109,8908214924137
Local Boutique Blue Slim Fit Blazer - Size S,APP-02694,GST,12,3407.1,6366.9,13,Men's Wear,6203,8909085830684
Levi's Mustard Sports Running Sneakers - Size UK 8,APP-02695,GST,12,1886.46,4224.27,8,Footwear,6404,8906723866560
Local Boutique Yellow Kids Winter Jacket - Size L,APP-02696,GST,12,1228.85,2193.35,23,Kids Wear,6209,8907354105772
Allen Solly Navy Boys Denim Jeans - Size S,APP-02697,GST,5,236.51,510.22,35,Kids Wear,6111,8909881085587
Levi's Green A-Line Dress - Size XL,APP-02698,GST,12,701.92,1566.47,31,Women's Wear,6204,8902080241041
Peter England Teal Girls Floral Frock - Size XL,APP-02699,GST,12,502.85,1221.9,20,Kids Wear,6111,8909316608161
Manyavar Pink Formal Trousers - Size L,APP-02700,GST,12,660.84,1629.72,6,Men's Wear,6203,8903404750004
Marks & Spencer Navy Boys Graphic T-Shirt - Size S,APP-02701,GST,5,335.97,674.99,9,Kids Wear,6111,8902706990649
Puma Green Men's Kurta Pajama Set - Size XL,APP-02702,GST,12,1227.19,2715.79,33,Ethnic Wear,6211,8900363836472
Raymond Green Maxi Dress - Size L,APP-02703,GST,12,1255.62,3023.46,7,Women's Wear,6204,8907083351424
Woodland Maroon Georgette Saree,APP-02704,GST,12,2354.34,3387.28,3,Ethnic Wear,5407,8900453980488
Local Boutique Pink Men's Pullover Sweater - Size M,APP-02705,GST,12,1526.63,2312.75,1,Winter Wear,6110,8909617099873
Local Boutique Mustard Chinos - Size S,APP-02706,GST,12,1189.04,2320.05,8,Men's Wear,6203,8906688130384
Zara Pink Girls Leggings - Size M,APP-02707,GST,5,190.04,342.33,7,Kids Wear,6111,8906454662573
FabIndia Mustard Two-Piece Suit - Size L,APP-02708,GST,12,3283.22,4986.58,29,Men's Wear,6203,8906987622957
Raymond Yellow Polarized Sunglasses,APP-02709,GST,18,827.54,1664.11,37,Accessories,9004,8908971733157
Woodland Black Slim Fit Blazer - Size L,APP-02710,GST,12,1211.22,2945.2,6,Men's Wear,6203,8904471650441
Biba Maroon Girls Floral Frock - Size L,APP-02711,GST,5,420.42,748.13,33,Kids Wear,6111,8902969454191
Bata Grey Palazzo Pants - Size S,APP-02712,GST,5,366.46,717.01,28,Women's Wear,6204,8902093837396
Biba Navy Sherwani - Size M,APP-02713,GST,12,6526.33,13947.62,1,Ethnic Wear,6211,8907414644026
Levi's Green Two-Piece Suit - Size M,APP-02714,GST,12,3113.92,5474.59,22,Men's Wear,6203,8906183262138
Zara Mustard Cotton Printed Saree,APP-02715,GST,12,558.32,1299.06,37,Ethnic Wear,5407,8905425275056
Mango Pink Women's Flat Sandals - Size UK 5,APP-02716,GST,12,540.98,920.34,34,Footwear,6404,8902072712633
Peter England Olive Men's Kurta Pajama Set - Size 3XL,APP-02717,GST,12,742.51,1544.51,32,Ethnic Wear,6211,8908132672733
Woodland Red A-Line Dress - Size XL,APP-02718,GST,12,670.84,1471.22,29,Women's Wear,6204,8904695881946
Bata Pink Women's Flat Sandals - Size UK 10,APP-02719,GST,12,503.96,868.65,10,Footwear,6404,8909449931367
Local Boutique Red Boys Denim Jeans - Size 3XL,APP-02720,GST,5,537.11,990.22,33,Kids Wear,6111,8904905366783
Peter England Blue Denim Jacket - Size S,APP-02721,GST,12,676.3,1617.79,14,Women's Wear,6204,8901779053403
Marks & Spencer Blue Kids Velcro Sneakers - Size UK 6,APP-02722,GST,12,331.98,703.67,7,Footwear,6404,8908016648023
FabIndia Grey Women's Woolen Cardigan - Size S,APP-02723,GST,12,847.1,1997.82,15,Winter Wear,6110,8908895311543
Local Boutique Grey Genuine Leather Wallet,APP-02724,GST,18,429.25,717.13,6,Accessories,4202,8905910660862
Aurelia Green Silk Saree,APP-02725,GST,12,2441.32,3519.55,10,Ethnic Wear,5407,8906224789225
Marks & Spencer Olive Slim Fit Blazer - Size M,APP-02726,GST,12,2667.6,6357.24,7,Men's Wear,6203,8903506210840
Manyavar Mustard Chinos - Size XL,APP-02727,GST,12,898.91,2138.51,32,Men's Wear,6203,8900629810997
W for Woman Red Imitation Necklace Set,APP-02728,GST,3,577.72,1074.69,24,Jewelry,7117,8900836816821
Peter England Yellow Designer Lehenga Choli,APP-02729,GST,12,4677.49,7556.77,34,Ethnic Wear,6204,8907143903909
Allen Solly Black A-Line Dress - Size L,APP-02730,GST,12,967.3,2140.47,26,Women's Wear,6204,8902607024748
Bata Beige Sherwani - Size XXL,APP-02731,GST,12,5509.17,12822.19,40,Ethnic Wear,6211,8902132738152
Levi's Red A-Line Dress - Size M,APP-02732,GST,12,788.62,1685.83,12,Women's Wear,6204,8905401493847
Raymond Blue Girls Floral Frock - Size 3XL,APP-02733,GST,5,271.05,539.58,20,Kids Wear,6111,8905947800792
Woodland Blue Georgette Saree,APP-02734,GST,12,1256.32,2586.16,34,Ethnic Wear,5407,8903755504583
Local Boutique Green Women's Flat Sandals - Size UK 5,APP-02735,GST,12,195.56,433.34,30,Footwear,6404,8900990317211
W for Woman Beige Palazzo Pants - Size 3XL,APP-02736,GST,5,570.03,975.34,14,Women's Wear,6204,8903156964010
Raymond Maroon Formal Trousers - Size S,APP-02737,GST,5,384.43,799.58,13,Men's Wear,6203,8903520622609
H&M Maroon Crop Top - Size 3XL,APP-02738,GST,5,220.62,493.43,26,Women's Wear,6206,8903316140823
Allen Solly White Slim Fit Blazer - Size XL,APP-02739,GST,12,1330.68,2520.0,39,Men's Wear,6203,8909457405199
Allen Solly Grey Girls Floral Frock - Size S,APP-02740,GST,12,494.29,1077.92,1,Kids Wear,6111,8905673526359
H&M Yellow Girls Floral Frock - Size XL,APP-02741,GST,5,437.76,700.56,8,Kids Wear,6111,8903022867106
Manyavar Olive Men's Pullover Sweater - Size XL,APP-02742,GST,5,475.25,819.5,11,Winter Wear,6110,8903577741490
Local Boutique White Girls Floral Frock - Size XL,APP-02743,GST,5,513.31,803.99,32,Kids Wear,6111,8909975261587
Mango Beige Women's Stiletto Heels - Size UK 11,APP-02744,GST,12,1390.33,2559.81,36,Footwear,6403,8903171511142
Zara Red Cotton Printed Saree,APP-02745,GST,12,973.38,1898.89,24,Ethnic Wear,5407,8904673137174
Allen Solly Pink Formal Trousers - Size XL,APP-02746,GST,12,729.78,1279.52,21,Men's Wear,6203,8900857034011
Aurelia White Men's Loafers - Size UK 8,APP-02747,GST,12,592.0,896.7,3,Footwear,6403,8901127383181
Biba Black Thermal Innerwear Set - Size M,APP-02748,GST,12,661.39,1267.98,25,Winter Wear,6107,8905640019154
Aurelia Olive Cotton Kurti - Size S,APP-02749,GST,5,405.03,956.07,36,Women's Wear,6211,8902411643424
Zara Navy Chinos - Size XL,APP-02750,GST,12,727.99,1252.73,26,Men's Wear,6203,8906248223064
H&M Teal Cotton Kurti - Size S,APP-02751,GST,5,364.41,715.09,26,Women's Wear,6211,8900389515923
Woodland Maroon Georgette Saree,APP-02752,GST,12,760.64,1772.34,32,Ethnic Wear,5407,8904645331649
Allen Solly Maroon Sherwani - Size S,APP-02753,GST,12,6410.14,13526.24,19,Ethnic Wear,6211,8901137134631
Local Boutique Grey Formal Shirt - Size XXL,APP-02754,GST,12,985.87,1429.57,31,Men's Wear,6205,8908695760188
Allen Solly Navy Palazzo Pants - Size S,APP-02755,GST,12,672.53,1180.27,18,Women's Wear,6204,8904747334359
Puma Maroon Men's Oxford Leather Shoes - Size UK 11,APP-02756,GST,12,2209.64,3177.18,28,Footwear,6403,8908525317504
Levi's Yellow Formal Shirt - Size S,APP-02757,GST,5,257.61,572.52,34,Men's Wear,6205,8905968974095
Allen Solly Green Maxi Dress - Size 3XL,APP-02758,GST,12,1260.48,3065.36,3,Women's Wear,6204,8909579281847
Aurelia Maroon A-Line Dress - Size XXL,APP-02759,GST,5,329.12,803.37,39,Women's Wear,6204,8909241611954
Aurelia Red Polo T-Shirt - Size 3XL,APP-02760,GST,5,364.76,769.89,40,Men's Wear,6109,8900880683112
Bata Beige Two-Piece Suit - Size L,APP-02761,GST,12,3356.1,7940.6,10,Men's Wear,6203,8902331256772
Allen Solly Mustard Boys Denim Jeans - Size 3XL,APP-02762,GST,5,583.94,955.09,23,Kids Wear,6111,8906162714134
Local Boutique Pink Denim Jacket - Size 3XL,APP-02763,GST,12,1161.05,1809.35,21,Women's Wear,6204,8907374214209
Biba Black Cotton Printed Saree,APP-02764,GST,12,719.93,1717.78,17,Ethnic Wear,5407,8901587199425
Manyavar Beige Denim Jeans - Size M,APP-02765,GST,12,983.22,2292.49,22,Men's Wear,6203,8903095587799
Aurelia Navy Palazzo Pants - Size 3XL,APP-02766,GST,12,657.0,1272.89,30,Women's Wear,6204,8909572381612
FabIndia White Men's Leather Belt,APP-02767,GST,18,381.49,576.88,5,Accessories,4202,8903301075350
Nike Maroon Denim Jacket - Size XXL,APP-02768,GST,12,701.12,1386.68,19,Women's Wear,6204,8901232223208
Puma Grey Men's Oxford Leather Shoes - Size UK 11,APP-02769,GST,12,1062.89,2311.0,31,Footwear,6403,8900943913708
Marks & Spencer Yellow Boys Denim Jeans - Size XXL,APP-02770,GST,5,255.94,532.29,8,Kids Wear,6111,8903168226080
Levi's Yellow Clutch Sling Bag,APP-02771,GST,18,483.55,1009.19,5,Accessories,4202,8907844988380
Bata Pink Formal Trousers - Size L,APP-02772,GST,12,1051.56,1978.45,15,Women's Wear,6204,8908113370494
Biba Navy Kids Winter Jacket - Size L,APP-02773,GST,12,796.4,1142.27,32,Kids Wear,6209,8900053558823
Marks & Spencer Olive Cotton Printed Saree,APP-02774,GST,12,815.61,1840.79,2,Ethnic Wear,5407,8908293850284
Local Boutique Beige Men's Loafers - Size UK 9,APP-02775,GST,12,950.89,2336.98,33,Footwear,6403,8907537156415
Levi's Olive Silk Saree,APP-02776,GST,12,3023.54,4286.62,27,Ethnic Wear,5407,8906706331191
H&M White Women's Woolen Cardigan - Size XXL,APP-02777,GST,12,528.37,1171.88,2,Winter Wear,6110,8909373134037
H&M Yellow Men's Loafers - Size UK 5,APP-02778,GST,12,1440.33,2356.96,37,Footwear,6403,8903061892004
Mango Red Girls Floral Frock - Size S,APP-02779,GST,5,415.66,950.66,26,Kids Wear,6111,8902474246847
FabIndia Green Silk Saree,APP-02780,GST,12,1283.86,2397.04,22,Ethnic Wear,5407,8902990536791
Allen Solly Mustard Cotton Kurti - Size XL,APP-02781,GST,12,495.9,1188.75,3,Women's Wear,6211,8909578903550
Zara Beige Women's Flat Sandals - Size UK 9,APP-02782,GST,12,510.65,1158.46,27,Footwear,6404,8908445657817
Raymond Red Cotton Printed Saree,APP-02783,GST,12,1393.05,2349.15,24,Ethnic Wear,5407,8901556740920
Aurelia Pink Two-Piece Suit - Size XL,APP-02784,GST,12,4584.62,9451.47,39,Men's Wear,6203,8903001341405
Marks & Spencer Black Polarized Sunglasses,APP-02785,GST,18,1564.49,2223.16,5,Accessories,9004,8904465484000
Raymond Black Polo T-Shirt - Size S,APP-02786,GST,5,326.95,606.03,23,Men's Wear,6109,8904976834875
W for Woman Maroon Maxi Dress - Size S,APP-02787,GST,12,750.95,1790.78,38,Women's Wear,6204,8909246625760
Levi's Grey Formal Trousers - Size S,APP-02788,GST,12,840.11,1732.89,6,Men's Wear,6203,8901812165250
Zara Green Kids Velcro Sneakers - Size UK 9,APP-02789,GST,12,596.24,849.49,16,Footwear,6404,8901507174164
Local Boutique Mustard Men's Oxford Leather Shoes - Size UK 11,APP-02790,GST,12,2025.71,4309.56,13,Footwear,6403,8901032319767
Biba Green Denim Jeans - Size L,APP-02791,GST,12,1936.38,2923.16,33,Men's Wear,6203,8904446964589
Nike Pink Denim Jacket - Size L,APP-02792,GST,12,471.51,1004.64,15,Women's Wear,6204,8902811372447
Biba Teal Women's Tote Handbag,APP-02793,GST,18,1687.68,2965.38,37,Accessories,4202,8901448940094
Manyavar Mustard Girls Leggings - Size XXL,APP-02794,GST,5,129.64,239.27,38,Kids Wear,6111,8902488780737
Local Boutique Maroon Kids Winter Jacket - Size L,APP-02795,GST,12,1030.09,1974.7,14,Kids Wear,6209,8907805342519
Marks & Spencer Yellow Slim Fit Blazer - Size S,APP-02796,GST,12,1790.78,4174.93,37,Men's Wear,6203,8907476766609
Zara Beige Formal Trousers - Size M,APP-02797,GST,12,1289.17,2036.96,17,Men's Wear,6203,8902599317697
Mango Teal Formal Shirt - Size L,APP-02798,GST,5,405.84,950.92,21,Men's Wear,6205,8909105639670
Nike Teal Men's Kurta Pajama Set - Size XL,APP-02799,GST,12,1183.35,2283.22,8,Ethnic Wear,6211,8904057702501
W for Woman Navy Girls Floral Frock - Size L,APP-02800,GST,12,763.25,1098.59,40,Kids Wear,6111,8909857525637
Nike Olive Cotton Printed Saree,APP-02801,GST,12,598.26,1319.65,31,Ethnic Wear,5407,8906633542050
Manyavar Blue Genuine Leather Wallet,APP-02802,GST,18,643.22,1014.1,31,Accessories,4202,8902827695887
Marks & Spencer Beige Denim Jeans - Size L,APP-02803,GST,12,1135.1,2667.14,28,Men's Wear,6203,8906036698027
Raymond Navy Women's Woolen Cardigan - Size XXL,APP-02804,GST,5,386.49,925.62,39,Winter Wear,6110,8904350079616
Puma Yellow Boys Denim Jeans - Size XL,APP-02805,GST,12,570.28,1091.36,34,Kids Wear,6111,8904247164919
Aurelia Blue Two-Piece Suit - Size 3XL,APP-02806,GST,12,3734.0,6598.12,31,Men's Wear,6203,8902592501691
Woodland Beige Boys Denim Jeans - Size XL,APP-02807,GST,5,417.62,805.34,33,Kids Wear,6111,8902307008133
Allen Solly Red Men's Kurta Pajama Set - Size M,APP-02808,GST,12,1797.53,3466.29,15,Ethnic Wear,6211,8902692494180
Aurelia Pink Formal Trousers - Size XXL,APP-02809,GST,12,685.3,1643.61,40,Men's Wear,6203,8901129464031
Marks & Spencer Red Slim Fit Blazer - Size XXL,APP-02810,GST,12,2119.2,4364.52,7,Men's Wear,6203,8904659511203
Peter England Green Palazzo Pants - Size XXL,APP-02811,GST,12,584.01,1449.65,28,Women's Wear,6204,8909423943837
Raymond Red Boys Denim Jeans - Size XXL,APP-02812,GST,5,428.19,780.76,31,Kids Wear,6111,8907348503027
FabIndia Pink Men's Oxford Leather Shoes - Size UK 11,APP-02813,GST,12,823.61,1564.31,14,Footwear,6403,8901625055326
FabIndia Navy Unisex Hoodie - Size 3XL,APP-02814,GST,12,624.53,1338.45,33,Winter Wear,6110,8903726877938
Nike Mustard Women's Stiletto Heels - Size UK 9,APP-02815,GST,12,716.06,1137.54,34,Footwear,6403,8906728774786
H&M Black Clutch Sling Bag,APP-02816,GST,18,309.63,562.7,11,Accessories,4202,8909696524157
H&M Pink Palazzo Pants - Size XXL,APP-02817,GST,5,354.0,502.71,2,Women's Wear,6204,8904107191294
Puma Yellow Silk Saree,APP-02818,GST,12,4344.74,6943.05,24,Ethnic Wear,5407,8907814963550
Levi's Green Formal Trousers - Size M,APP-02819,GST,12,963.42,2050.06,2,Men's Wear,6203,8901584567313
Peter England Olive Men's Oxford Leather Shoes - Size UK 5,APP-02820,GST,12,1622.75,3549.61,30,Footwear,6403,8904931756073
Biba White Formal Shirt - Size 3XL,APP-02821,GST,12,610.57,1525.23,29,Men's Wear,6205,8903733970101
Biba Maroon Designer Lehenga Choli,APP-02822,GST,12,1862.7,4244.69,36,Ethnic Wear,6204,8909224006138
Manyavar Navy Girls Leggings - Size 3XL,APP-02823,GST,5,147.88,357.75,4,Kids Wear,6111,8902514358047
H&M Mustard Formal Trousers - Size XXL,APP-02824,GST,12,1224.02,1755.28,3,Men's Wear,6203,8904501531195
Woodland Black Clutch Sling Bag,APP-02825,GST,18,556.78,1147.22,13,Accessories,4202,8904779660548
Aurelia Red Boys Graphic T-Shirt - Size L,APP-02826,GST,5,313.25,441.38,18,Kids Wear,6111,8902246406948
Zara Teal Men's Pullover Sweater - Size 3XL,APP-02827,GST,12,1221.36,2163.35,17,Winter Wear,6110,8901827711488
Aurelia Black Slim Fit Blazer - Size L,APP-02828,GST,12,4796.41,6826.1,5,Men's Wear,6203,8909755708267
Aurelia Mustard Kids Velcro Sneakers - Size UK 7,APP-02829,GST,12,872.81,1474.1,19,Footwear,6404,8901442942670
Marks & Spencer Black Women's Stiletto Heels - Size UK 10,APP-02830,GST,12,1199.09,1736.27,22,Footwear,6403,8901378626849
Peter England Navy Unisex Hoodie - Size M,APP-02831,GST,5,464.9,861.03,37,Winter Wear,6110,8908142076817
Allen Solly Black Imitation Necklace Set,APP-02832,GST,3,451.14,1079.06,15,Jewelry,7117,8906597239766
Peter England Green Slim Fit Blazer - Size L,APP-02833,GST,12,1414.96,2695.34,6,Men's Wear,6203,8905007601751
Allen Solly Black Women's Flat Sandals - Size UK 8,APP-02834,GST,12,654.24,1314.34,12,Footwear,6404,8908455761867
Peter England Maroon Men's Oxford Leather Shoes - Size UK 8,APP-02835,GST,12,1309.01,2823.36,39,Footwear,6403,8902283491430
FabIndia White Polarized Sunglasses,APP-02836,GST,18,503.71,1232.72,24,Accessories,9004,8909783367408
Zara Red Genuine Leather Wallet,APP-02837,GST,18,344.8,704.22,18,Accessories,4202,8904769880122
Aurelia Teal Boys Graphic T-Shirt - Size M,APP-02838,GST,5,146.42,239.81,7,Kids Wear,6111,8900880257016
Biba Olive Imitation Necklace Set,APP-02839,GST,3,709.15,1303.45,16,Jewelry,7117,8907035595915
Aurelia Yellow Two-Piece Suit - Size XL,APP-02840,GST,12,4842.73,9100.23,27,Men's Wear,6203,8902965863602
Puma Mustard Girls Floral Frock - Size XL,APP-02841,GST,5,615.57,989.1,10,Kids Wear,6111,8900922545080
Nike Black Girls Leggings - Size XXL,APP-02842,GST,5,133.16,303.72,30,Kids Wear,6111,8903871834100
Allen Solly Maroon Polarized Sunglasses,APP-02843,GST,18,915.99,1577.49,19,Accessories,9004,8903930046035
Woodland Black Imitation Necklace Set,APP-02844,GST,3,808.96,1474.09,37,Jewelry,7117,8903759044790
Manyavar Olive Polarized Sunglasses,APP-02845,GST,18,532.71,1021.14,9,Accessories,9004,8907890276451
Allen Solly Pink Formal Trousers - Size S,APP-02846,GST,12,500.99,1048.9,4,Women's Wear,6204,8901985754738
Allen Solly Grey Sports Running Sneakers - Size UK 7,APP-02847,GST,12,1225.3,2129.82,25,Footwear,6404,8902828507255
Biba Black Palazzo Pants - Size L,APP-02848,GST,12,479.26,1178.14,24,Women's Wear,6204,8901550135247
H&M Teal Formal Trousers - Size XL,APP-02849,GST,12,786.62,1511.4,23,Men's Wear,6203,8900513918418
W for Woman Olive Casual T-Shirt - Size S,APP-02850,GST,5,520.95,787.68,2,Men's Wear,6109,8900740451569
Levi's Blue Women's Tote Handbag,APP-02851,GST,18,1046.7,2271.51,10,Accessories,4202,8906899473879
Peter England Beige Formal Trousers - Size M,APP-02852,GST,12,967.52,1544.14,14,Women's Wear,6204,8909060563607
FabIndia Navy Formal Trousers - Size S,APP-02853,GST,5,598.83,973.52,20,Men's Wear,6203,8909125819366
Raymond Mustard Men's Leather Belt,APP-02854,GST,18,406.32,661.62,28,Accessories,4202,8905314594568
W for Woman Black Two-Piece Suit - Size XXL,APP-02855,GST,12,3128.36,7794.18,19,Men's Wear,6203,8906318798976
Puma Pink Palazzo Pants - Size S,APP-02856,GST,5,415.41,585.16,10,Women's Wear,6204,8903338831960
Manyavar Black A-Line Dress - Size XXL,APP-02857,GST,12,913.07,1940.15,32,Women's Wear,6204,8900400438666
Raymond Yellow Sports Running Sneakers - Size UK 5,APP-02858,GST,12,2050.12,4341.23,25,Footwear,6404,8900275789663
Mango Black Men's Pullover Sweater - Size L,APP-02859,GST,12,462.26,1153.39,13,Winter Wear,6110,8908088233097
H&M Beige Casual T-Shirt - Size XXL,APP-02860,GST,5,354.66,611.46,32,Men's Wear,6109,8900751862109
Woodland Mustard Sports Running Sneakers - Size UK 6,APP-02861,GST,12,1471.2,2913.18,12,Footwear,6404,8908168960066
Mango White Sports Running Sneakers - Size UK 6,APP-02862,GST,12,2205.91,3202.2,11,Footwear,6404,8905284658068
Bata Beige Chinos - Size M,APP-02863,GST,5,573.73,983.4,40,Men's Wear,6203,8909797031080
Levi's Navy Women's Stiletto Heels - Size UK 9,APP-02864,GST,12,1242.43,2583.73,23,Footwear,6403,8904487890483
Nike Maroon Formal Trousers - Size L,APP-02865,GST,12,562.25,1354.86,30,Women's Wear,6204,8902602131806
Woodland Navy Women's Woolen Cardigan - Size S,APP-02866,GST,12,548.05,1153.07,37,Winter Wear,6110,8907430878037
Biba Pink Women's Stiletto Heels - Size UK 11,APP-02867,GST,12,707.96,1709.12,16,Footwear,6403,8907126887041
Manyavar Yellow Boys Graphic T-Shirt - Size XXL,APP-02868,GST,5,448.01,675.72,29,Kids Wear,6111,8903142175624
Nike Olive Men's Oxford Leather Shoes - Size UK 7,APP-02869,GST,12,896.44,2078.46,32,Footwear,6403,8908273059766
Peter England Grey Cotton Kurti - Size L,APP-02870,GST,12,436.22,1052.93,29,Women's Wear,6211,8908464015774
Aurelia Red Men's Pullover Sweater - Size S,APP-02871,GST,12,863.48,1871.82,33,Winter Wear,6110,8905652554245
Woodland Maroon Kids Velcro Sneakers - Size UK 8,APP-02872,GST,12,423.09,675.47,39,Footwear,6404,8900722679406
Zara Green Casual T-Shirt - Size L,APP-02873,GST,5,170.52,335.65,29,Men's Wear,6109,8903868833923
Mango Maroon Women's Flat Sandals - Size UK 6,APP-02874,GST,12,270.9,572.03,17,Footwear,6404,8906862966103
Aurelia Green Girls Floral Frock - Size XL,APP-02875,GST,5,364.22,732.12,36,Kids Wear,6111,8904371492627
W for Woman Black Palazzo Pants - Size 3XL,APP-02876,GST,5,596.03,868.73,5,Women's Wear,6204,8902664609614
Peter England Beige Women's Tote Handbag,APP-02877,GST,18,532.81,1096.01,28,Accessories,4202,8906595454300
Local Boutique Grey Slim Fit Blazer - Size L,APP-02878,GST,12,4072.8,6285.64,32,Men's Wear,6203,8904205225898
Levi's Black Thermal Innerwear Set - Size XL,APP-02879,GST,12,676.15,1094.09,7,Winter Wear,6107,8906656910708
H&M Mustard Kids Winter Jacket - Size S,APP-02880,GST,12,1273.32,1913.2,17,Kids Wear,6209,8900250064227
Nike Blue Men's Pullover Sweater - Size L,APP-02881,GST,12,1086.85,2294.33,27,Winter Wear,6110,8905265053477
H&M White Cotton Printed Saree,APP-02882,GST,5,380.26,744.99,37,Ethnic Wear,5407,8905388755987
Biba Black Sherwani - Size L,APP-02883,GST,12,6029.08,12904.74,21,Ethnic Wear,6211,8902823016430
FabIndia Beige Silk Saree,APP-02884,GST,12,2544.62,4344.12,19,Ethnic Wear,5407,8903329457867
Raymond Olive Imitation Necklace Set,APP-02885,GST,3,345.93,810.33,31,Jewelry,7117,8907246497283
Zara Beige Designer Lehenga Choli,APP-02886,GST,12,3369.65,7044.6,5,Ethnic Wear,6204,8900099784429
Biba Beige Sports Running Sneakers - Size UK 9,APP-02887,GST,12,1302.4,2366.71,17,Footwear,6404,8902128265859
Peter England Mustard Men's Oxford Leather Shoes - Size UK 11,APP-02888,GST,12,952.68,1874.2,5,Footwear,6403,8900557999158
Puma Navy Cotton Printed Saree,APP-02889,GST,12,1242.9,2218.96,8,Ethnic Wear,5407,8902343440708
Woodland Mustard Casual T-Shirt - Size 3XL,APP-02890,GST,5,166.96,406.37,16,Men's Wear,6109,8909594357845
Allen Solly Olive Clutch Sling Bag,APP-02891,GST,18,372.06,803.68,8,Accessories,4202,8902821112642
Mango White Slim Fit Blazer - Size L,APP-02892,GST,12,1494.23,3354.53,36,Men's Wear,6203,8908937707050
Allen Solly Beige Unisex Hoodie - Size L,APP-02893,GST,12,790.09,1733.22,26,Winter Wear,6110,8902632762432
Manyavar Yellow Women's Woolen Cardigan - Size M,APP-02894,GST,5,296.14,665.11,39,Winter Wear,6110,8908047078937
Mango Yellow Women's Tote Handbag,APP-02895,GST,18,1742.55,2752.17,13,Accessories,4202,8909996369184
Nike Navy Girls Floral Frock - Size S,APP-02896,GST,12,594.49,1359.68,35,Kids Wear,6111,8903857928262
Allen Solly White Women's Tote Handbag,APP-02897,GST,18,1737.04,3104.25,21,Accessories,4202,8909952747871
Manyavar Olive Girls Floral Frock - Size M,APP-02898,GST,5,401.61,652.72,29,Kids Wear,6111,8909313475619
Zara Mustard Women's Woolen Cardigan - Size XL,APP-02899,GST,12,594.4,1244.37,10,Winter Wear,6110,8901000278649
W for Woman Mustard Genuine Leather Wallet,APP-02900,GST,18,314.0,441.33,8,Accessories,4202,8902538063190
Levi's Yellow Boys Graphic T-Shirt - Size XL,APP-02901,GST,5,425.58,693.28,36,Kids Wear,6111,8907927462268
Local Boutique Green Clutch Sling Bag,APP-02902,GST,18,293.47,651.95,23,Accessories,4202,8902438720757
Levi's Olive Women's Tote Handbag,APP-02903,GST,18,880.11,1862.41,17,Accessories,4202,8909419964596
Nike Pink Denim Jacket - Size M,APP-02904,GST,12,1367.19,1923.61,37,Women's Wear,6204,8902771573685
Bata Black Formal Shirt - Size L,APP-02905,GST,12,517.67,1234.78,10,Men's Wear,6205,8905110318672
Local Boutique Green Casual T-Shirt - Size XXL,APP-02906,GST,5,197.24,336.41,24,Men's Wear,6109,8906619667601
Peter England Olive Boys Graphic T-Shirt - Size L,APP-02907,GST,5,130.28,324.95,6,Kids Wear,6111,8900265576475
Aurelia Green Men's Pullover Sweater - Size 3XL,APP-02908,GST,12,1001.05,1613.53,9,Winter Wear,6110,8909774105068
Allen Solly Teal Sherwani - Size 3XL,APP-02909,GST,12,3897.52,6501.18,40,Ethnic Wear,6211,8904621470616
Puma Mustard Boys Graphic T-Shirt - Size XL,APP-02910,GST,5,136.99,317.67,1,Kids Wear,6111,8905342890781
Woodland Red Polarized Sunglasses,APP-02911,GST,18,507.15,1031.06,25,Accessories,9004,8901507106616
Peter England Blue Women's Tote Handbag,APP-02912,GST,18,1687.32,3215.36,22,Accessories,4202,8909041179779
Levi's White Women's Woolen Cardigan - Size XXL,APP-02913,GST,12,902.13,1545.89,29,Winter Wear,6110,8900996087496
FabIndia Red Chinos - Size XXL,APP-02914,GST,12,1105.55,2169.54,2,Men's Wear,6203,8908788477988
FabIndia Navy Sports Running Sneakers - Size UK 11,APP-02915,GST,12,1266.82,2258.79,26,Footwear,6404,8908686274823
Peter England Beige Formal Shirt - Size 3XL,APP-02916,GST,5,407.27,973.11,17,Men's Wear,6205,8907595013367
H&M White A-Line Dress - Size L,APP-02917,GST,12,607.5,1361.52,34,Women's Wear,6204,8901408282464
Zara Pink Women's Tote Handbag,APP-02918,GST,18,1188.11,2212.44,21,Accessories,4202,8900942315963
Marks & Spencer White Men's Oxford Leather Shoes - Size UK 11,APP-02919,GST,12,846.33,2005.95,40,Footwear,6403,8901518136900
Bata Beige Georgette Saree,APP-02920,GST,12,1022.14,2255.9,19,Ethnic Wear,5407,8909405815193
Nike Red Clutch Sling Bag,APP-02921,GST,18,524.25,1245.25,5,Accessories,4202,8909268900986
Woodland Mustard Denim Jeans - Size XXL,APP-02922,GST,12,428.28,1052.49,19,Men's Wear,6203,8904166611772
Nike Red Women's Tote Handbag,APP-02923,GST,18,897.65,2111.26,4,Accessories,4202,8908058582404
Local Boutique Yellow Clutch Sling Bag,APP-02924,GST,18,893.24,1424.1,1,Accessories,4202,8900303151861
W for Woman Beige Unisex Hoodie - Size XXL,APP-02925,GST,12,819.09,1307.17,10,Winter Wear,6110,8904947641949
Mango Blue Boys Denim Jeans - Size M,APP-02926,GST,12,806.67,1196.14,37,Kids Wear,6111,8900102633492
Bata Teal A-Line Dress - Size XL,APP-02927,GST,12,984.77,1891.56,35,Women's Wear,6204,8905942682395
Nike Blue Girls Floral Frock - Size 3XL,APP-02928,GST,5,372.57,742.17,12,Kids Wear,6111,8901380115576
Nike Teal Women's Tote Handbag,APP-02929,GST,18,1534.49,2773.94,7,Accessories,4202,8903985532375
Mango Teal Formal Shirt - Size M,APP-02930,GST,12,697.88,1162.97,30,Men's Wear,6205,8905252324342
Levi's Beige Slim Fit Blazer - Size L,APP-02931,GST,12,3111.98,6008.64,37,Men's Wear,6203,8906562807335
Allen Solly Maroon Casual T-Shirt - Size 3XL,APP-02932,GST,5,200.56,433.19,21,Men's Wear,6109,8908048294078
Mango Maroon Maxi Dress - Size M,APP-02933,GST,12,1122.65,2000.59,29,Women's Wear,6204,8902937062587
Aurelia Black Crop Top - Size XXL,APP-02934,GST,5,191.54,342.34,9,Women's Wear,6206,8902623167501
W for Woman Blue Formal Trousers - Size M,APP-02935,GST,12,865.45,1639.3,2,Men's Wear,6203,8903414775688
Levi's Olive Men's Pullover Sweater - Size XL,APP-02936,GST,5,379.47,943.34,38,Winter Wear,6110,8909870805382
Marks & Spencer Olive Women's Flat Sandals - Size UK 5,APP-02937,GST,12,552.73,1202.13,15,Footwear,6404,8909657537644
Zara Red Boys Graphic T-Shirt - Size 3XL,APP-02938,GST,5,203.41,370.57,11,Kids Wear,6111,8902083464429
Aurelia White Genuine Leather Wallet,APP-02939,GST,18,455.1,861.2,36,Accessories,4202,8906069939945
Peter England Maroon Chinos - Size 3XL,APP-02940,GST,12,1325.08,2146.17,10,Men's Wear,6203,8909216298604
Local Boutique Grey Denim Jacket - Size L,APP-02941,GST,12,973.47,2214.15,7,Women's Wear,6204,8900363056956
Manyavar Pink Denim Jacket - Size S,APP-02942,GST,12,1199.85,2185.7,20,Women's Wear,6204,8901235288899
Marks & Spencer Grey Formal Shirt - Size XXL,APP-02943,GST,12,682.65,1528.3,34,Men's Wear,6205,8901107149236
Puma Teal Casual T-Shirt - Size XL,APP-02944,GST,5,302.37,592.14,22,Men's Wear,6109,8908844437213
Woodland Mustard Denim Jacket - Size 3XL,APP-02945,GST,12,895.83,2233.25,27,Women's Wear,6204,8903831918043
Raymond Olive Sports Running Sneakers - Size UK 6,APP-02946,GST,12,811.21,1663.3,31,Footwear,6404,8909756842181
Peter England White Kids Velcro Sneakers - Size UK 11,APP-02947,GST,12,481.05,1068.68,18,Footwear,6404,8907291311265
Bata Navy Clutch Sling Bag,APP-02948,GST,18,375.46,549.29,14,Accessories,4202,8901217817042
FabIndia Yellow Silk Saree,APP-02949,GST,12,2330.79,4676.83,6,Ethnic Wear,5407,8908592063041
W for Woman Red Girls Leggings - Size XL,APP-02950,GST,5,113.63,208.61,36,Kids Wear,6111,8909109531001
Biba Teal Thermal Innerwear Set - Size L,APP-02951,GST,5,244.27,448.64,11,Winter Wear,6107,8902380137020
Marks & Spencer Mustard Genuine Leather Wallet,APP-02952,GST,18,658.43,1147.59,5,Accessories,4202,8904696136077
Local Boutique Red A-Line Dress - Size S,APP-02953,GST,12,1042.37,1783.05,4,Women's Wear,6204,8909806353335
Zara Maroon Casual T-Shirt - Size 3XL,APP-02954,GST,5,251.17,388.12,5,Men's Wear,6109,8900494617305
Manyavar White Chinos - Size M,APP-02955,GST,12,709.85,1091.85,38,Men's Wear,6203,8906730924074
Levi's Green Formal Trousers - Size XXL,APP-02956,GST,12,877.17,1632.92,22,Men's Wear,6203,8903390363857
Levi's Blue Georgette Saree,APP-02957,GST,12,1326.24,3131.18,2,Ethnic Wear,5407,8900084162675
H&M Olive Polo T-Shirt - Size L,APP-02958,GST,5,433.34,721.64,8,Men's Wear,6109,8904650039455
Raymond Maroon Sports Running Sneakers - Size UK 11,APP-02959,GST,12,1945.84,4100.11,4,Footwear,6404,8901819023201
W for Woman White Girls Leggings - Size XXL,APP-02960,GST,5,137.27,332.81,1,Kids Wear,6111,8906091750751
Biba Maroon Men's Leather Belt,APP-02961,GST,18,387.95,694.33,2,Accessories,4202,8904616228439
W for Woman Maroon Women's Woolen Cardigan - Size XXL,APP-02962,GST,12,854.67,2014.83,36,Winter Wear,6110,8907202048710
Aurelia Teal Palazzo Pants - Size 3XL,APP-02963,GST,5,470.78,806.33,25,Women's Wear,6204,8904144271974
Levi's White Boys Graphic T-Shirt - Size L,APP-02964,GST,5,214.97,388.03,1,Kids Wear,6111,8908002906954
Levi's Green Men's Oxford Leather Shoes - Size UK 8,APP-02965,GST,12,2456.81,4126.72,29,Footwear,6403,8902943610909
Biba Navy Women's Stiletto Heels - Size UK 7,APP-02966,GST,12,550.74,1086.98,17,Footwear,6403,8906470236074
Local Boutique Black Two-Piece Suit - Size XL,APP-02967,GST,12,2136.16,3398.21,11,Men's Wear,6203,8905531341762
Marks & Spencer Black Denim Jacket - Size XXL,APP-02968,GST,12,628.02,1519.0,32,Women's Wear,6204,8905401637905
Nike Grey Kids Velcro Sneakers - Size UK 6,APP-02969,GST,12,582.04,1100.15,40,Footwear,6404,8903396910829
W for Woman Maroon Women's Woolen Cardigan - Size S,APP-02970,GST,5,593.31,870.39,25,Winter Wear,6110,8904646764785
Biba Green Girls Leggings - Size S,APP-02971,GST,5,142.63,344.28,4,Kids Wear,6111,8901439992570
Biba Grey Men's Leather Belt,APP-02972,GST,18,270.9,422.25,23,Accessories,4202,8905143825520
Biba Pink Silk Saree,APP-02973,GST,12,1857.13,3753.0,35,Ethnic Wear,5407,8901980528390
Levi's Black Boys Graphic T-Shirt - Size XL,APP-02974,GST,5,189.03,449.6,35,Kids Wear,6111,8903038840167
Aurelia Beige Thermal Innerwear Set - Size M,APP-02975,GST,12,434.0,1023.41,38,Winter Wear,6107,8901050719709
Local Boutique Navy Boys Denim Jeans - Size L,APP-02976,GST,5,299.73,652.61,2,Kids Wear,6111,8906914387673
Raymond Blue Kids Velcro Sneakers - Size UK 5,APP-02977,GST,12,555.88,1344.31,21,Footwear,6404,8905676959792
Aurelia Red Genuine Leather Wallet,APP-02978,GST,18,272.53,596.19,14,Accessories,4202,8902437039190
Woodland Maroon Sherwani - Size L,APP-02979,GST,12,5034.87,12452.26,17,Ethnic Wear,6211,8901343076832
Mango Yellow Genuine Leather Wallet,APP-02980,GST,18,563.28,1127.7,28,Accessories,4202,8900519170242
Woodland Olive Silk Saree,APP-02981,GST,12,1936.18,4263.04,14,Ethnic Wear,5407,8907380131843
H&M Blue Designer Lehenga Choli,APP-02982,GST,12,5606.93,10819.7,8,Ethnic Wear,6204,8906826111476
Allen Solly Yellow Maxi Dress - Size M,APP-02983,GST,12,864.95,1723.45,15,Women's Wear,6204,8905414556473
Zara Teal Chinos - Size XL,APP-02984,GST,12,897.94,1579.92,12,Men's Wear,6203,8906637008894
Marks & Spencer Blue Palazzo Pants - Size S,APP-02985,GST,5,290.15,580.8,24,Women's Wear,6204,8907816560880
H&M Grey Cotton Printed Saree,APP-02986,GST,12,926.89,1981.77,19,Ethnic Wear,5407,8904628826173
Aurelia Black Cotton Printed Saree,APP-02987,GST,12,474.16,1085.45,13,Ethnic Wear,5407,8901493181372
Levi's Grey A-Line Dress - Size 3XL,APP-02988,GST,12,1378.2,2392.66,1,Women's Wear,6204,8903083491164
Woodland Navy Men's Loafers - Size UK 9,APP-02989,GST,12,624.65,1202.45,36,Footwear,6403,8906813372278
Marks & Spencer White Slim Fit Blazer - Size L,APP-02990,GST,12,2328.96,3792.24,38,Men's Wear,6203,8902588302136
H&M Maroon Men's Loafers - Size UK 5,APP-02991,GST,12,1268.74,2117.26,20,Footwear,6403,8901787602874
Allen Solly Yellow Women's Tote Handbag,APP-02992,GST,18,982.57,2122.37,17,Accessories,4202,8908810503916
Marks & Spencer White Men's Oxford Leather Shoes - Size UK 6,APP-02993,GST,12,1383.7,2955.74,29,Footwear,6403,8909398593082
Bata Pink Denim Jacket - Size XXL,APP-02994,GST,12,550.76,1028.96,23,Women's Wear,6204,8903953698232
Bata Red Polo T-Shirt - Size 3XL,APP-02995,GST,5,312.01,612.43,7,Men's Wear,6109,8901562306780
Nike Maroon Chinos - Size XL,APP-02996,GST,5,524.3,782.84,5,Men's Wear,6203,8902804471208
Woodland Red Formal Trousers - Size L,APP-02997,GST,12,786.91,1367.9,22,Women's Wear,6204,8906237886173
Bata Yellow Cotton Kurti - Size XL,APP-02998,GST,5,205.25,381.28,13,Women's Wear,6211,8909513689906
Local Boutique Navy Girls Floral Frock - Size S,APP-02999,GST,12,576.19,1182.94,17,Kids Wear,6111,8903663375618
W for Woman Blue Georgette Saree,APP-03000,GST,12,1453.03,2804.1,32,Ethnic Wear,5407,8908592945836
Marks & Spencer Pink Chinos - Size XXL,APP-03001,GST,12,1397.94,2252.14,19,Men's Wear,6203,8904892396042
Nike Green Georgette Saree,APP-03002,GST,12,812.59,1881.84,25,Ethnic Wear,5407,8907021782959
Marks & Spencer White Kids Velcro Sneakers - Size UK 8,APP-03003,GST,12,605.8,1330.11,15,Footwear,6404,8907632940380
Levi's Yellow Men's Kurta Pajama Set - Size L,APP-03004,GST,12,831.11,1306.87,40,Ethnic Wear,6211,8908086551086
Bata Black Slim Fit Blazer - Size XL,APP-03005,GST,12,2816.41,6255.02,14,Men's Wear,6203,8909313294027
Raymond Red Girls Floral Frock - Size L,APP-03006,GST,12,948.6,1396.87,26,Kids Wear,6111,8905755574863
FabIndia Grey Polarized Sunglasses,APP-03007,GST,18,1365.97,2942.34,32,Accessories,9004,8900560557384
Peter England Beige Two-Piece Suit - Size XL,APP-03008,GST,12,2340.85,3351.05,28,Men's Wear,6203,8906161531766
Biba Navy Casual T-Shirt - Size L,APP-03009,GST,5,389.68,706.98,30,Men's Wear,6109,8909181433697
Bata Green Boys Graphic T-Shirt - Size L,APP-03010,GST,5,149.66,338.8,25,Kids Wear,6111,8908342605338
Biba Mustard Women's Flat Sandals - Size UK 10,APP-03011,GST,12,332.93,724.09,28,Footwear,6404,8909660818758
Peter England Navy Kids Velcro Sneakers - Size UK 5,APP-03012,GST,12,565.43,803.82,27,Footwear,6404,8903487451261
Puma Mustard Genuine Leather Wallet,APP-03013,GST,18,402.69,947.34,11,Accessories,4202,8909309443121
Nike Mustard Formal Trousers - Size 3XL,APP-03014,GST,12,454.93,1052.96,39,Women's Wear,6204,8909900725668
FabIndia Blue Men's Loafers - Size UK 5,APP-03015,GST,12,973.76,1587.92,27,Footwear,6403,8905783715104
Puma Maroon Slim Fit Blazer - Size XL,APP-03016,GST,12,1768.13,4331.62,32,Men's Wear,6203,8909593224967
Bata White Crop Top - Size XXL,APP-03017,GST,5,341.08,595.17,29,Women's Wear,6206,8909120945402
Nike Navy Women's Flat Sandals - Size UK 6,APP-03018,GST,12,438.2,968.62,9,Footwear,6404,8906976941366
Nike Teal Men's Loafers - Size UK 9,APP-03019,GST,12,800.32,1860.98,39,Footwear,6403,8909690878639
Raymond White Formal Trousers - Size XXL,APP-03020,GST,12,983.4,1726.76,3,Men's Wear,6203,8909490444742
Peter England Yellow Thermal Innerwear Set - Size M,APP-03021,GST,5,423.36,719.69,10,Winter Wear,6107,8907861095472
Local Boutique Navy Kids Velcro Sneakers - Size UK 5,APP-03022,GST,12,399.95,991.14,40,Footwear,6404,8903914603782
Allen Solly Blue Kids Velcro Sneakers - Size UK 7,APP-03023,GST,12,385.98,943.57,39,Footwear,6404,8901085877707
Allen Solly White Boys Denim Jeans - Size M,APP-03024,GST,5,394.28,843.6,14,Kids Wear,6111,8909256797463
Local Boutique Teal Formal Trousers - Size XL,APP-03025,GST,5,414.0,763.25,27,Men's Wear,6203,8906786163386
Marks & Spencer White Crop Top - Size M,APP-03026,GST,5,189.93,307.25,27,Women's Wear,6206,8902498640946
W for Woman Teal Kids Winter Jacket - Size L,APP-03027,GST,12,807.91,1533.21,21,Kids Wear,6209,8903644349541
Zara Pink Cotton Kurti - Size XL,APP-03028,GST,5,467.54,679.44,35,Women's Wear,6211,8900128934828
Allen Solly Teal Formal Shirt - Size 3XL,APP-03029,GST,12,494.53,1139.93,23,Men's Wear,6205,8903650456869
Peter England Black Men's Pullover Sweater - Size S,APP-03030,GST,12,792.66,1874.02,13,Winter Wear,6110,8901524041575
Nike Olive Sports Running Sneakers - Size UK 11,APP-03031,GST,12,1076.87,2008.87,27,Footwear,6404,8901277933335
Raymond Red Women's Woolen Cardigan - Size S,APP-03032,GST,5,474.63,804.27,21,Winter Wear,6110,8907661629506
H&M Black Designer Lehenga Choli,APP-03033,GST,12,2447.97,4253.63,32,Ethnic Wear,6204,8903265234655
Woodland Olive Designer Lehenga Choli,APP-03034,GST,12,2198.02,4670.79,4,Ethnic Wear,6204,8903846726440
Mango Beige Chinos - Size M,APP-03035,GST,12,971.37,1905.01,39,Men's Wear,6203,8901435354256
Marks & Spencer Pink Cotton Kurti - Size XL,APP-03036,GST,12,491.26,1037.13,32,Women's Wear,6211,8908138475134
Bata Pink Polo T-Shirt - Size L,APP-03037,GST,5,450.26,879.49,21,Men's Wear,6109,8900582405546
H&M Red Boys Denim Jeans - Size S,APP-03038,GST,5,489.18,697.27,28,Kids Wear,6111,8901195973725
Allen Solly Blue Silk Saree,APP-03039,GST,12,2144.75,3646.41,20,Ethnic Wear,5407,8903944280540
Biba Teal Denim Jeans - Size 3XL,APP-03040,GST,12,1636.0,2483.8,23,Men's Wear,6203,8900787305390
Puma Teal Polo T-Shirt - Size L,APP-03041,GST,5,398.49,892.58,14,Men's Wear,6109,8902926205555
FabIndia Grey Girls Leggings - Size L,APP-03042,GST,5,200.4,362.45,23,Kids Wear,6111,8907833939943
Allen Solly Beige Chinos - Size 3XL,APP-03043,GST,12,530.69,1309.85,33,Men's Wear,6203,8908578782809
Local Boutique Red Boys Graphic T-Shirt - Size 3XL,APP-03044,GST,5,324.29,635.84,39,Kids Wear,6111,8907830189865
Mango Navy Polarized Sunglasses,APP-03045,GST,18,1185.27,2487.33,2,Accessories,9004,8907456256703
Bata White Maxi Dress - Size XXL,APP-03046,GST,12,1590.25,3114.23,23,Women's Wear,6204,8908750980207
FabIndia Black Boys Graphic T-Shirt - Size L,APP-03047,GST,5,170.41,406.19,4,Kids Wear,6111,8907439064847
Levi's Beige Men's Loafers - Size UK 6,APP-03048,GST,12,533.21,921.21,17,Footwear,6403,8904073197189
Zara White Formal Shirt - Size M,APP-03049,GST,5,337.29,544.88,26,Men's Wear,6205,8907291694261
Aurelia Maroon Polarized Sunglasses,APP-03050,GST,18,1002.53,1476.63,2,Accessories,9004,8907935275652
Marks & Spencer Blue Casual T-Shirt - Size S,APP-03051,GST,5,364.18,870.83,13,Men's Wear,6109,8900016183215
Peter England Black Maxi Dress - Size XL,APP-03052,GST,12,797.14,1823.92,25,Women's Wear,6204,8906430860428
Zara Maroon Silk Saree,APP-03053,GST,12,1805.61,2787.45,20,Ethnic Wear,5407,8906447106060
Bata Pink Women's Woolen Cardigan - Size M,APP-03054,GST,12,746.31,1416.82,35,Winter Wear,6110,8909214181007
Allen Solly Grey Maxi Dress - Size 3XL,APP-03055,GST,12,829.77,1728.18,35,Women's Wear,6204,8900117056476
Marks & Spencer Pink Boys Graphic T-Shirt - Size L,APP-03056,GST,5,240.26,432.73,38,Kids Wear,6111,8900336759479
Allen Solly Mustard Formal Trousers - Size XXL,APP-03057,GST,12,837.33,1831.87,38,Men's Wear,6203,8903784865230
Allen Solly Navy Women's Flat Sandals - Size UK 7,APP-03058,GST,12,770.4,1242.62,14,Footwear,6404,8900498207000
Aurelia Teal A-Line Dress - Size XL,APP-03059,GST,12,774.36,1307.18,23,Women's Wear,6204,8903964163825
Zara Yellow Formal Trousers - Size M,APP-03060,GST,12,916.58,1923.1,4,Men's Wear,6203,8903582172633
Marks & Spencer Teal Casual T-Shirt - Size S,APP-03061,GST,5,343.21,763.14,17,Men's Wear,6109,8908088611258
Raymond Navy Casual T-Shirt - Size 3XL,APP-03062,GST,5,562.2,824.24,21,Men's Wear,6109,8907721127168
Allen Solly Beige Slim Fit Blazer - Size XXL,APP-03063,GST,12,2645.22,6509.92,30,Men's Wear,6203,8906635215267
Bata White Formal Trousers - Size S,APP-03064,GST,5,275.5,617.49,26,Women's Wear,6204,8908686464147
W for Woman Mustard Silk Saree,APP-03065,GST,12,2070.81,4195.88,13,Ethnic Wear,5407,8907425257768
Local Boutique Olive Men's Leather Belt,APP-03066,GST,18,580.97,954.66,37,Accessories,4202,8905166032370
Nike Pink Slim Fit Blazer - Size 3XL,APP-03067,GST,12,1051.34,2183.14,4,Men's Wear,6203,8907151996323
Raymond Yellow Denim Jeans - Size XL,APP-03068,GST,12,555.83,1216.99,27,Men's Wear,6203,8901159533841
FabIndia Teal Kids Winter Jacket - Size 3XL,APP-03069,GST,12,890.93,1917.13,2,Kids Wear,6209,8906288156603
Marks & Spencer Black Casual T-Shirt - Size L,APP-03070,GST,5,410.52,863.24,14,Men's Wear,6109,8904349363568
Mango Yellow Denim Jeans - Size XL,APP-03071,GST,12,909.41,2192.64,16,Men's Wear,6203,8904724416762
Marks & Spencer Yellow Slim Fit Blazer - Size 3XL,APP-03072,GST,12,2475.75,3522.13,27,Men's Wear,6203,8904742932683
Mango Yellow Men's Kurta Pajama Set - Size S,APP-03073,GST,12,1064.34,2602.17,12,Ethnic Wear,6211,8909516289084
Nike Grey Boys Denim Jeans - Size M,APP-03074,GST,5,359.86,677.21,14,Kids Wear,6111,8903125812876
Puma Navy Kids Winter Jacket - Size S,APP-03075,GST,12,696.1,1054.4,29,Kids Wear,6209,8904476522469
Mango Teal Kids Winter Jacket - Size L,APP-03076,GST,12,1380.93,2107.72,38,Kids Wear,6209,8902175171352
Marks & Spencer Navy Polarized Sunglasses,APP-03077,GST,18,761.78,1447.16,21,Accessories,9004,8900057458076
Raymond Grey Men's Pullover Sweater - Size XL,APP-03078,GST,12,1128.14,1722.14,35,Winter Wear,6110,8903127607833
Raymond Grey Boys Denim Jeans - Size M,APP-03079,GST,5,379.17,895.25,9,Kids Wear,6111,8904524881603
Puma Navy Girls Floral Frock - Size S,APP-03080,GST,5,443.08,961.56,23,Kids Wear,6111,8904614119101
Bata Mustard Designer Lehenga Choli,APP-03081,GST,12,3937.29,8372.65,6,Ethnic Wear,6204,8902983584480
FabIndia Yellow Slim Fit Blazer - Size XL,APP-03082,GST,12,1035.69,2460.08,32,Men's Wear,6203,8901568539091
Raymond Navy Unisex Hoodie - Size XL,APP-03083,GST,12,515.99,1258.1,1,Winter Wear,6110,8908030892290
Nike Mustard Kids Winter Jacket - Size S,APP-03084,GST,12,710.52,1591.73,21,Kids Wear,6209,8908402937645
Woodland Pink Cotton Kurti - Size L,APP-03085,GST,5,335.51,826.28,34,Women's Wear,6211,8900238656260
Marks & Spencer Black Formal Shirt - Size L,APP-03086,GST,12,790.57,1129.17,8,Men's Wear,6205,8908880030053
Marks & Spencer Red Thermal Innerwear Set - Size XXL,APP-03087,GST,12,541.97,1274.59,31,Winter Wear,6107,8902203071081
Biba Red Women's Woolen Cardigan - Size M,APP-03088,GST,12,978.15,2004.57,25,Winter Wear,6110,8906215415198
Bata Black Denim Jeans - Size 3XL,APP-03089,GST,12,1462.81,2779.01,9,Men's Wear,6203,8909294286358
Raymond Beige Silk Saree,APP-03090,GST,12,3032.05,5547.09,36,Ethnic Wear,5407,8909874955910
FabIndia Teal Clutch Sling Bag,APP-03091,GST,18,960.55,1724.58,34,Accessories,4202,8908572834638
Zara Maroon Women's Tote Handbag,APP-03092,GST,18,1923.7,2749.78,21,Accessories,4202,8908753029614
Peter England Teal Men's Leather Belt,APP-03093,GST,18,198.27,379.65,21,Accessories,4202,8902027989145
Marks & Spencer White Cotton Printed Saree,APP-03094,GST,12,801.35,1664.87,8,Ethnic Wear,5407,8907284584874
Nike Black Men's Leather Belt,APP-03095,GST,18,486.11,773.76,12,Accessories,4202,8908865807200
Allen Solly Green Kids Velcro Sneakers - Size UK 8,APP-03096,GST,12,926.14,1378.43,32,Footwear,6404,8904357529255
Woodland Grey Girls Floral Frock - Size S,APP-03097,GST,12,593.07,1187.31,28,Kids Wear,6111,8909001581236
Nike Olive A-Line Dress - Size M,APP-03098,GST,12,574.82,1212.91,19,Women's Wear,6204,8907002519067
Raymond Olive Cotton Kurti - Size L,APP-03099,GST,12,698.05,1016.13,24,Women's Wear,6211,8907724877476
Peter England Pink Silk Saree,APP-03100,GST,12,2415.92,3733.17,35,Ethnic Wear,5407,8909091006347
H&M Grey Men's Kurta Pajama Set - Size S,APP-03101,GST,12,1322.92,3146.33,9,Ethnic Wear,6211,8900223059757
Levi's Teal Silk Saree,APP-03102,GST,12,3092.23,6964.01,12,Ethnic Wear,5407,8908765755525
Woodland Grey Sports Running Sneakers - Size UK 7,APP-03103,GST,12,2026.89,4792.55,24,Footwear,6404,8900664878264
Local Boutique White Sports Running Sneakers - Size UK 6,APP-03104,GST,12,1135.87,1657.37,22,Footwear,6404,8905464533479
W for Woman Red Sports Running Sneakers - Size UK 9,APP-03105,GST,12,1162.69,2429.27,33,Footwear,6404,8904470414505
Levi's Teal Girls Leggings - Size M,APP-03106,GST,5,170.48,318.83,22,Kids Wear,6111,8901181961387
W for Woman Green Girls Floral Frock - Size XXL,APP-03107,GST,5,465.78,743.38,34,Kids Wear,6111,8901332419977
H&M Grey Formal Trousers - Size S,APP-03108,GST,12,908.64,1985.56,25,Men's Wear,6203,8907743604890
Mango Green Men's Leather Belt,APP-03109,GST,18,267.67,667.64,15,Accessories,4202,8906947493476
Marks & Spencer Beige Women's Stiletto Heels - Size UK 6,APP-03110,GST,12,1377.82,2562.34,26,Footwear,6403,8901877645808
Levi's White Designer Lehenga Choli,APP-03111,GST,12,5655.89,8929.63,5,Ethnic Wear,6204,8907900531260
Manyavar Olive Girls Floral Frock - Size XL,APP-03112,GST,5,491.75,764.15,35,Kids Wear,6111,8904595876955
Zara Pink Genuine Leather Wallet,APP-03113,GST,18,512.39,768.34,3,Accessories,4202,8907837318359
Zara Red Men's Kurta Pajama Set - Size 3XL,APP-03114,GST,12,755.02,1674.58,17,Ethnic Wear,6211,8905923258024
Manyavar Mustard Boys Denim Jeans - Size XL,APP-03115,GST,5,281.22,425.15,25,Kids Wear,6111,8902743514928
Levi's Red Men's Pullover Sweater - Size XL,APP-03116,GST,12,1309.88,2055.52,7,Winter Wear,6110,8907402810607
Puma Mustard Girls Leggings - Size L,APP-03117,GST,5,150.97,245.83,27,Kids Wear,6111,8900263356416
Biba Beige Polarized Sunglasses,APP-03118,GST,18,616.58,979.23,10,Accessories,9004,8901514351723
Mango Green Girls Leggings - Size S,APP-03119,GST,5,109.12,242.13,20,Kids Wear,6111,8908526023547
Biba Navy A-Line Dress - Size S,APP-03120,GST,12,916.33,2217.86,24,Women's Wear,6204,8903061139004
Mango Beige Girls Floral Frock - Size M,APP-03121,GST,5,406.37,946.93,11,Kids Wear,6111,8903408705683
Manyavar Green Palazzo Pants - Size L,APP-03122,GST,5,444.86,871.94,38,Women's Wear,6204,8908182843997
Mango Teal Men's Kurta Pajama Set - Size XL,APP-03123,GST,12,1756.71,2541.22,23,Ethnic Wear,6211,8905733807926
Aurelia Black Polarized Sunglasses,APP-03124,GST,18,549.23,921.09,24,Accessories,9004,8900175056655
Peter England Pink Women's Stiletto Heels - Size UK 8,APP-03125,GST,12,693.83,1683.69,38,Footwear,6403,8907223242043
Peter England Maroon Casual T-Shirt - Size M,APP-03126,GST,5,346.94,704.83,3,Men's Wear,6109,8906971363591
Raymond Olive Formal Trousers - Size M,APP-03127,GST,12,785.67,1943.37,10,Men's Wear,6203,8908612232861
Allen Solly Olive Georgette Saree,APP-03128,GST,12,1353.32,3278.93,20,Ethnic Wear,5407,8902249224302
FabIndia Teal Palazzo Pants - Size 3XL,APP-03129,GST,5,355.61,508.51,13,Women's Wear,6204,8902789282435
Local Boutique Beige Denim Jeans - Size S,APP-03130,GST,12,1448.52,2399.71,15,Men's Wear,6203,8902956176294
Nike Maroon Women's Stiletto Heels - Size UK 10,APP-03131,GST,12,1132.41,2053.55,4,Footwear,6403,8908977953614
Marks & Spencer Blue Formal Shirt - Size S,APP-03132,GST,12,830.47,1198.97,4,Men's Wear,6205,8906336027315
Local Boutique Mustard Women's Woolen Cardigan - Size 3XL,APP-03133,GST,5,618.23,912.35,13,Winter Wear,6110,8906292459897
Bata Blue Unisex Hoodie - Size XXL,APP-03134,GST,12,909.15,1455.12,20,Winter Wear,6110,8903821462922
Biba Grey Denim Jacket - Size M,APP-03135,GST,12,558.97,1225.71,6,Women's Wear,6204,8903852235906
Local Boutique Pink A-Line Dress - Size S,APP-03136,GST,12,858.6,2015.97,19,Women's Wear,6204,8900144124522
FabIndia Navy Men's Leather Belt,APP-03137,GST,18,293.37,628.66,34,Accessories,4202,8909393504629
Levi's Pink Formal Trousers - Size XL,APP-03138,GST,5,553.61,989.67,13,Women's Wear,6204,8905833878959
Allen Solly Green Formal Trousers - Size M,APP-03139,GST,12,900.32,1834.16,18,Men's Wear,6203,8905875950825
FabIndia Blue Men's Oxford Leather Shoes - Size UK 6,APP-03140,GST,12,1676.34,3602.46,1,Footwear,6403,8900708618694
Raymond Maroon Sports Running Sneakers - Size UK 10,APP-03141,GST,12,1619.08,3097.33,23,Footwear,6404,8902914835650
Aurelia Beige Kids Velcro Sneakers - Size UK 6,APP-03142,GST,12,788.19,1224.32,1,Footwear,6404,8902525411055
Biba Pink Men's Pullover Sweater - Size L,APP-03143,GST,12,1644.57,2560.79,27,Winter Wear,6110,8907680940596
Local Boutique Black Men's Kurta Pajama Set - Size M,APP-03144,GST,12,688.02,1584.95,11,Ethnic Wear,6211,8904532065432
H&M Navy Men's Pullover Sweater - Size M,APP-03145,GST,12,903.39,1323.04,14,Winter Wear,6110,8907152431091
Woodland Grey Boys Graphic T-Shirt - Size M,APP-03146,GST,5,368.95,528.77,24,Kids Wear,6111,8903122526497
Bata Grey Designer Lehenga Choli,APP-03147,GST,12,2188.24,4118.6,25,Ethnic Wear,6204,8904428630707
H&M Olive Women's Stiletto Heels - Size UK 5,APP-03148,GST,12,1177.94,2599.09,7,Footwear,6403,8902448056942
Zara Olive Slim Fit Blazer - Size XXL,APP-03149,GST,12,2039.94,4463.6,2,Men's Wear,6203,8900449100723
Raymond Beige Chinos - Size M,APP-03150,GST,12,1401.44,2398.64,39,Men's Wear,6203,8903064041210
Peter England Pink Thermal Innerwear Set - Size L,APP-03151,GST,12,622.62,1013.4,2,Winter Wear,6107,8905503158878
Peter England Maroon Sherwani - Size XL,APP-03152,GST,12,2653.92,4972.7,23,Ethnic Wear,6211,8901414835156
W for Woman White Casual T-Shirt - Size L,APP-03153,GST,5,298.3,723.21,31,Men's Wear,6109,8900215386115
Zara White Two-Piece Suit - Size 3XL,APP-03154,GST,12,2825.86,6645.08,31,Men's Wear,6203,8901435934106
Woodland Green Slim Fit Blazer - Size S,APP-03155,GST,12,2121.48,5195.84,32,Men's Wear,6203,8902553107371
FabIndia Black Denim Jacket - Size XL,APP-03156,GST,12,509.4,1124.26,35,Women's Wear,6204,8904524088609
FabIndia Green Women's Woolen Cardigan - Size M,APP-03157,GST,12,1034.13,1911.35,7,Winter Wear,6110,8900999319140
Mango White Casual T-Shirt - Size M,APP-03158,GST,5,339.0,795.82,29,Men's Wear,6109,8901922887415
Nike Beige Men's Leather Belt,APP-03159,GST,18,559.62,946.4,13,Accessories,4202,8904502664273
Woodland Pink Women's Flat Sandals - Size UK 9,APP-03160,GST,12,540.98,1257.15,18,Footwear,6404,8908110512927
Nike Blue A-Line Dress - Size S,APP-03161,GST,12,1007.4,1956.36,32,Women's Wear,6204,8909836778107
Mango Olive Formal Shirt - Size M,APP-03162,GST,5,521.95,761.62,40,Men's Wear,6205,8903513315792
Marks & Spencer Red Denim Jeans - Size 3XL,APP-03163,GST,12,758.62,1422.79,6,Men's Wear,6203,8906201729512
Aurelia Black Girls Leggings - Size 3XL,APP-03164,GST,5,147.58,346.79,38,Kids Wear,6111,8906110840390
Biba Pink Genuine Leather Wallet,APP-03165,GST,18,386.12,745.88,27,Accessories,4202,8900863339950
Aurelia Olive Kids Winter Jacket - Size XL,APP-03166,GST,12,849.33,1649.86,1,Kids Wear,6209,8905508005090
Levi's Black Kids Velcro Sneakers - Size UK 8,APP-03167,GST,12,735.48,1180.82,4,Footwear,6404,8909805564419
Raymond Teal Genuine Leather Wallet,APP-03168,GST,18,686.42,1158.24,27,Accessories,4202,8901605029990
Aurelia White Unisex Hoodie - Size XXL,APP-03169,GST,5,328.77,688.24,8,Winter Wear,6110,8904983678490
FabIndia Mustard Silk Saree,APP-03170,GST,12,2521.75,4304.6,6,Ethnic Wear,5407,8901767550043
Manyavar Pink Men's Loafers - Size UK 11,APP-03171,GST,12,520.84,1230.19,22,Footwear,6403,8907522950838
Peter England Blue Kids Winter Jacket - Size XXL,APP-03172,GST,5,402.09,750.69,19,Kids Wear,6209,8908675675351
Puma Navy Sherwani - Size 3XL,APP-03173,GST,12,5098.14,12625.68,19,Ethnic Wear,6211,8903927081207
Peter England Teal Women's Flat Sandals - Size UK 11,APP-03174,GST,12,688.41,1120.9,35,Footwear,6404,8901010320823
Zara Mustard Cotton Printed Saree,APP-03175,GST,5,341.79,736.18,2,Ethnic Wear,5407,8909757885166
Allen Solly Yellow Formal Trousers - Size XL,APP-03176,GST,12,627.22,1061.53,39,Men's Wear,6203,8900439461622
Bata Olive Maxi Dress - Size XL,APP-03177,GST,12,932.75,1413.23,22,Women's Wear,6204,8904026028465
FabIndia White Boys Graphic T-Shirt - Size 3XL,APP-03178,GST,5,268.7,469.9,35,Kids Wear,6111,8908649933974
Levi's Beige Boys Denim Jeans - Size S,APP-03179,GST,5,506.37,807.08,35,Kids Wear,6111,8904876144433
Puma Maroon Unisex Hoodie - Size 3XL,APP-03180,GST,12,650.12,1353.9,4,Winter Wear,6110,8908575379476
Zara Grey Crop Top - Size 3XL,APP-03181,GST,5,269.26,452.47,37,Women's Wear,6206,8900024927852
Raymond Maroon Formal Trousers - Size 3XL,APP-03182,GST,12,1299.04,1930.71,5,Women's Wear,6204,8902167608960
Allen Solly Maroon Formal Trousers - Size XL,APP-03183,GST,12,1025.18,2005.5,40,Men's Wear,6203,8907824256582
Levi's Grey Genuine Leather Wallet,APP-03184,GST,18,293.93,617.99,3,Accessories,4202,8904450398638
Nike Maroon Formal Trousers - Size XL,APP-03185,GST,12,1013.2,1443.74,8,Women's Wear,6204,8904498602965
Biba Pink Palazzo Pants - Size XXL,APP-03186,GST,12,726.44,1195.16,5,Women's Wear,6204,8905307079190
Mango Olive Designer Lehenga Choli,APP-03187,GST,12,3255.54,7937.64,5,Ethnic Wear,6204,8905083345129
FabIndia Beige Women's Stiletto Heels - Size UK 10,APP-03188,GST,12,1473.96,2626.26,6,Footwear,6403,8908337881474
W for Woman Black A-Line Dress - Size XL,APP-03189,GST,12,1189.32,2068.66,34,Women's Wear,6204,8902039500786
Bata Mustard Unisex Hoodie - Size L,APP-03190,GST,5,668.21,960.9,21,Winter Wear,6110,8903576036733
H&M Navy Girls Leggings - Size M,APP-03191,GST,5,255.47,490.23,6,Kids Wear,6111,8905163295661
Nike Grey Imitation Necklace Set,APP-03192,GST,3,920.25,1556.03,16,Jewelry,7117,8906485178275
Local Boutique Blue Men's Loafers - Size UK 5,APP-03193,GST,12,1582.52,2334.45,26,Footwear,6403,8900174196400
FabIndia Green Denim Jeans - Size XL,APP-03194,GST,12,1022.83,2320.87,22,Men's Wear,6203,8909627838777
Manyavar Navy Girls Leggings - Size S,APP-03195,GST,5,114.0,196.92,31,Kids Wear,6111,8901451374028
Biba Maroon Imitation Necklace Set,APP-03196,GST,3,651.08,1373.35,28,Jewelry,7117,8905293675627
Nike Green Girls Floral Frock - Size 3XL,APP-03197,GST,12,930.0,1316.19,20,Kids Wear,6111,8909893975955
Aurelia Pink Silk Saree,APP-03198,GST,12,3264.54,5179.06,4,Ethnic Wear,5407,8909470544765
Levi's Beige Sports Running Sneakers - Size UK 10,APP-03199,GST,12,2260.29,4924.52,1,Footwear,6404,8901876927043
Marks & Spencer Green Sports Running Sneakers - Size UK 10,APP-03200,GST,12,854.07,2013.61,29,Footwear,6404,8901583443029
Bata Olive Clutch Sling Bag,APP-03201,GST,18,707.24,1231.88,12,Accessories,4202,8904029480468
Aurelia Olive Women's Stiletto Heels - Size UK 10,APP-03202,GST,12,1418.43,2953.33,36,Footwear,6403,8909087634272
Bata Teal Men's Kurta Pajama Set - Size XL,APP-03203,GST,12,750.86,1341.07,36,Ethnic Wear,6211,8907378156162
Local Boutique Blue Chinos - Size XL,APP-03204,GST,12,981.63,2286.44,16,Men's Wear,6203,8908731403191
Woodland Maroon Kids Winter Jacket - Size 3XL,APP-03205,GST,5,532.74,845.24,26,Kids Wear,6209,8909889676218
Biba Navy Cotton Kurti - Size XL,APP-03206,GST,5,400.74,838.38,12,Women's Wear,6211,8902476867071
Bata White Kids Winter Jacket - Size 3XL,APP-03207,GST,12,502.88,1072.21,23,Kids Wear,6209,8907925785235
Mango Black A-Line Dress - Size S,APP-03208,GST,12,1268.05,2039.05,5,Women's Wear,6204,8903734542471
W for Woman Green Chinos - Size XXL,APP-03209,GST,12,1018.4,2386.35,5,Men's Wear,6203,8908195171907
Woodland Yellow Casual T-Shirt - Size XL,APP-03210,GST,5,275.61,681.49,39,Men's Wear,6109,8903131645383
Aurelia Navy Formal Trousers - Size M,APP-03211,GST,12,437.68,1088.29,15,Women's Wear,6204,8905332101254
Bata Green Kids Winter Jacket - Size XXL,APP-03212,GST,5,376.13,766.28,39,Kids Wear,6209,8905977031705
Marks & Spencer Pink Women's Woolen Cardigan - Size 3XL,APP-03213,GST,5,425.48,853.96,12,Winter Wear,6110,8900143545636
Mango Grey Men's Oxford Leather Shoes - Size UK 10,APP-03214,GST,12,1536.33,3794.85,28,Footwear,6403,8908636444981
Aurelia Blue Casual T-Shirt - Size M,APP-03215,GST,5,325.71,763.91,13,Men's Wear,6109,8909206042942
FabIndia Teal Clutch Sling Bag,APP-03216,GST,18,282.33,652.87,18,Accessories,4202,8907435069782
Levi's Grey Denim Jeans - Size XL,APP-03217,GST,12,772.42,1182.22,9,Men's Wear,6203,8900382998399
Zara Green Polo T-Shirt - Size S,APP-03218,GST,12,415.44,1016.04,24,Men's Wear,6109,8909547616806
Peter England Blue Sports Running Sneakers - Size UK 5,APP-03219,GST,12,1049.78,2586.25,2,Footwear,6404,8900546801314
Puma Maroon Crop Top - Size S,APP-03220,GST,5,484.31,941.0,13,Women's Wear,6206,8902111549599
H&M Teal Cotton Kurti - Size 3XL,APP-03221,GST,5,343.21,758.14,7,Women's Wear,6211,8909690913641
Woodland Green Men's Loafers - Size UK 10,APP-03222,GST,12,1377.03,1955.21,24,Footwear,6403,8909483609016
Allen Solly White Women's Stiletto Heels - Size UK 11,APP-03223,GST,12,480.01,1143.97,14,Footwear,6403,8906096439453
Nike Beige Imitation Necklace Set,APP-03224,GST,3,486.43,712.48,38,Jewelry,7117,8906015353053
W for Woman Maroon Denim Jacket - Size 3XL,APP-03225,GST,12,677.75,1178.67,36,Women's Wear,6204,8908880497046
Marks & Spencer Olive Georgette Saree,APP-03226,GST,12,933.14,2313.93,7,Ethnic Wear,5407,8906932405741
Levi's Green Formal Trousers - Size M,APP-03227,GST,12,733.63,1532.88,16,Men's Wear,6203,8908916677095
H&M Grey A-Line Dress - Size L,APP-03228,GST,12,794.86,1856.44,25,Women's Wear,6204,8908043942900
Mango Beige Sports Running Sneakers - Size UK 6,APP-03229,GST,12,1099.95,2642.97,35,Footwear,6404,8905783980370
Bata Yellow Crop Top - Size M,APP-03230,GST,5,526.58,826.07,24,Women's Wear,6206,8908869485307
Mango Yellow Cotton Printed Saree,APP-03231,GST,12,1230.9,2070.35,2,Ethnic Wear,5407,8909514050181
Aurelia White Silk Saree,APP-03232,GST,12,4566.79,6405.34,18,Ethnic Wear,5407,8908541234810
Raymond Pink Men's Leather Belt,APP-03233,GST,18,259.94,457.37,16,Accessories,4202,8909625561441
Marks & Spencer Yellow A-Line Dress - Size S,APP-03234,GST,5,355.05,825.27,40,Women's Wear,6204,8903215294176
Zara White Two-Piece Suit - Size L,APP-03235,GST,12,4383.64,7266.32,17,Men's Wear,6203,8900965261216
Raymond Grey Men's Pullover Sweater - Size S,APP-03236,GST,12,1051.01,2448.7,4,Winter Wear,6110,8900112330167
Aurelia Green Men's Leather Belt,APP-03237,GST,18,443.77,811.75,30,Accessories,4202,8903238368414
Raymond Navy Silk Saree,APP-03238,GST,12,4059.39,6465.55,33,Ethnic Wear,5407,8900749053890
W for Woman Black Boys Graphic T-Shirt - Size XXL,APP-03239,GST,5,242.12,584.02,18,Kids Wear,6111,8902816836257
Biba White Men's Loafers - Size UK 5,APP-03240,GST,12,1140.64,2212.28,30,Footwear,6403,8904105915798
W for Woman Green Formal Trousers - Size L,APP-03241,GST,5,459.08,800.26,23,Men's Wear,6203,8905296435221
Levi's Red Men's Oxford Leather Shoes - Size UK 9,APP-03242,GST,12,1337.07,2260.9,34,Footwear,6403,8907298020291
Bata Red Imitation Necklace Set,APP-03243,GST,3,548.5,832.08,16,Jewelry,7117,8904204578131
W for Woman Teal Designer Lehenga Choli,APP-03244,GST,12,2625.37,4752.36,4,Ethnic Wear,6204,8903024130011
H&M Navy Crop Top - Size XL,APP-03245,GST,5,294.37,511.66,6,Women's Wear,6206,8904377805592
Local Boutique Yellow Cotton Kurti - Size S,APP-03246,GST,12,748.02,1151.64,4,Women's Wear,6211,8904976979987
W for Woman Maroon Denim Jacket - Size 3XL,APP-03247,GST,12,946.45,1999.63,20,Women's Wear,6204,8901135076499
Bata Red Girls Leggings - Size 3XL,APP-03248,GST,5,166.31,306.53,14,Kids Wear,6111,8909680071194
Manyavar Black Men's Loafers - Size UK 10,APP-03249,GST,12,1506.68,2699.67,12,Footwear,6403,8902011270422
Puma Blue Girls Floral Frock - Size 3XL,APP-03250,GST,12,775.46,1203.62,36,Kids Wear,6111,8901433161669
Raymond Pink Men's Oxford Leather Shoes - Size UK 7,APP-03251,GST,12,2224.98,4126.55,32,Footwear,6403,8900711989511
W for Woman Yellow Two-Piece Suit - Size XXL,APP-03252,GST,12,6650.67,10250.15,38,Men's Wear,6203,8900371558602
Raymond Red Kids Winter Jacket - Size M,APP-03253,GST,12,802.83,1280.94,20,Kids Wear,6209,8905884693714
Marks & Spencer Yellow Thermal Innerwear Set - Size L,APP-03254,GST,12,596.9,1176.53,2,Winter Wear,6107,8905711784440
FabIndia Olive Denim Jeans - Size XL,APP-03255,GST,12,1169.63,2633.13,39,Men's Wear,6203,8904244379366
Peter England Navy Women's Woolen Cardigan - Size L,APP-03256,GST,12,810.93,1489.65,30,Winter Wear,6110,8901188161827
Puma Navy Unisex Hoodie - Size XL,APP-03257,GST,12,549.21,1124.2,29,Winter Wear,6110,8908452733188
Manyavar Maroon Slim Fit Blazer - Size XL,APP-03258,GST,12,2161.07,3702.75,14,Men's Wear,6203,8905455797079
Local Boutique Yellow Denim Jeans - Size 3XL,APP-03259,GST,12,584.08,1016.07,24,Men's Wear,6203,8905300173141
Local Boutique Red A-Line Dress - Size L,APP-03260,GST,12,1123.83,1707.42,12,Women's Wear,6204,8909856724055
Biba Green Boys Graphic T-Shirt - Size S,APP-03261,GST,5,264.35,454.05,35,Kids Wear,6111,8905652642437
FabIndia Grey Men's Kurta Pajama Set - Size 3XL,APP-03262,GST,12,905.37,1420.82,12,Ethnic Wear,6211,8902041064960
Biba Maroon Thermal Innerwear Set - Size L,APP-03263,GST,5,362.64,532.31,7,Winter Wear,6107,8904876096737
W for Woman Black Maxi Dress - Size S,APP-03264,GST,12,1014.04,2525.42,8,Women's Wear,6204,8909569320506
Peter England Maroon Boys Denim Jeans - Size XXL,APP-03265,GST,5,328.11,686.14,22,Kids Wear,6111,8908844523649
H&M White Cotton Printed Saree,APP-03266,GST,12,907.84,2064.64,11,Ethnic Wear,5407,8900896760406
Puma Red A-Line Dress - Size S,APP-03267,GST,12,1387.47,2125.33,30,Women's Wear,6204,8905196792960
Mango Maroon Boys Graphic T-Shirt - Size L,APP-03268,GST,5,132.9,324.83,14,Kids Wear,6111,8904220704310
Bata Red Thermal Innerwear Set - Size M,APP-03269,GST,5,272.02,520.5,40,Winter Wear,6107,8909589367428
Peter England White Kids Winter Jacket - Size XL,APP-03270,GST,12,745.72,1851.58,31,Kids Wear,6209,8908738801113
W for Woman Red Polo T-Shirt - Size 3XL,APP-03271,GST,12,731.28,1144.77,14,Men's Wear,6109,8908352237750
Raymond Teal Georgette Saree,APP-03272,GST,12,1526.91,2544.4,12,Ethnic Wear,5407,8904489684604
Biba Maroon Two-Piece Suit - Size S,APP-03273,GST,12,2862.73,6349.33,21,Men's Wear,6203,8904279339970
Zara Navy Cotton Kurti - Size 3XL,APP-03274,GST,5,306.92,679.94,40,Women's Wear,6211,8900476102965
Raymond White Cotton Printed Saree,APP-03275,GST,12,1177.95,1992.74,32,Ethnic Wear,5407,8907029670503
Woodland Teal Sherwani - Size M,APP-03276,GST,12,3935.12,7461.83,12,Ethnic Wear,6211,8904645604851
Peter England Maroon Formal Trousers - Size L,APP-03277,GST,12,824.94,1819.21,12,Men's Wear,6203,8902679111785
Biba Green Two-Piece Suit - Size XXL,APP-03278,GST,12,4083.29,8777.96,12,Men's Wear,6203,8909169422292
Puma Grey Boys Denim Jeans - Size L,APP-03279,GST,5,222.2,419.38,31,Kids Wear,6111,8906176572245
Mango Mustard Women's Stiletto Heels - Size UK 6,APP-03280,GST,12,1368.19,1936.63,38,Footwear,6403,8908334083378
Aurelia Mustard Crop Top - Size 3XL,APP-03281,GST,5,163.46,378.67,37,Women's Wear,6206,8902668668080
W for Woman Maroon Men's Oxford Leather Shoes - Size UK 7,APP-03282,GST,12,1439.19,2054.83,12,Footwear,6403,8902750936047
FabIndia Grey Formal Shirt - Size S,APP-03283,GST,5,451.89,743.05,6,Men's Wear,6205,8904213747279
Biba Pink Palazzo Pants - Size M,APP-03284,GST,12,470.0,1169.5,33,Women's Wear,6204,8909495427629
Puma Maroon Silk Saree,APP-03285,GST,12,1604.55,2792.42,31,Ethnic Wear,5407,8902819598161
Allen Solly Beige Sports Running Sneakers - Size UK 11,APP-03286,GST,12,1469.53,3271.59,39,Footwear,6404,8908804093362
FabIndia Navy Unisex Hoodie - Size L,APP-03287,GST,5,620.19,954.93,31,Winter Wear,6110,8905942673272
FabIndia White Denim Jacket - Size L,APP-03288,GST,12,1680.87,2793.47,21,Women's Wear,6204,8900169932974
Zara White Girls Floral Frock - Size 3XL,APP-03289,GST,12,648.03,1148.36,5,Kids Wear,6111,8906086249513
Woodland Maroon Formal Trousers - Size 3XL,APP-03290,GST,5,274.56,606.51,22,Women's Wear,6204,8907529664711
H&M Blue Sports Running Sneakers - Size UK 6,APP-03291,GST,12,2003.47,3804.24,13,Footwear,6404,8909191846550
Levi's Maroon Men's Pullover Sweater - Size XXL,APP-03292,GST,12,872.63,2045.01,22,Winter Wear,6110,8901676559991
Aurelia Mustard Women's Tote Handbag,APP-03293,GST,18,1383.62,2554.96,12,Accessories,4202,8902364499514
Bata Pink Silk Saree,APP-03294,GST,12,3535.33,5715.97,17,Ethnic Wear,5407,8902491626317
Local Boutique Teal Thermal Innerwear Set - Size L,APP-03295,GST,12,608.24,1034.46,12,Winter Wear,6107,8902124219738
Allen Solly Blue Formal Trousers - Size L,APP-03296,GST,12,887.11,1343.39,21,Men's Wear,6203,8901029583850
Levi's Blue Sports Running Sneakers - Size UK 6,APP-03297,GST,12,2213.88,3158.84,21,Footwear,6404,8903513563431
H&M Beige Unisex Hoodie - Size 3XL,APP-03298,GST,12,712.25,1754.2,25,Winter Wear,6110,8903354715433
Mango Red Polarized Sunglasses,APP-03299,GST,18,794.34,1535.66,27,Accessories,9004,8908922068299
Manyavar Teal Cotton Printed Saree,APP-03300,GST,12,515.35,1011.86,20,Ethnic Wear,5407,8905718691981
Biba Green Women's Woolen Cardigan - Size L,APP-03301,GST,12,977.86,1579.26,20,Winter Wear,6110,8905365133861
Woodland Yellow Palazzo Pants - Size 3XL,APP-03302,GST,5,413.96,755.33,28,Women's Wear,6204,8901605433707
Aurelia Yellow Silk Saree,APP-03303,GST,12,1254.13,2722.56,31,Ethnic Wear,5407,8900695312178
Raymond Mustard Women's Tote Handbag,APP-03304,GST,18,1505.96,2750.88,29,Accessories,4202,8902967204186
Levi's White Maxi Dress - Size XXL,APP-03305,GST,12,1968.56,2984.9,25,Women's Wear,6204,8907875864740
FabIndia Pink Two-Piece Suit - Size L,APP-03306,GST,12,2517.34,5952.81,29,Men's Wear,6203,8905504616143
Nike Black Women's Flat Sandals - Size UK 6,APP-03307,GST,12,528.56,1010.95,25,Footwear,6404,8907545769094
Nike Red Formal Trousers - Size L,APP-03308,GST,12,941.79,2097.97,40,Men's Wear,6203,8905636038552
Mango Red Sports Running Sneakers - Size UK 6,APP-03309,GST,12,1168.27,1905.6,40,Footwear,6404,8909678343585
Zara Mustard Clutch Sling Bag,APP-03310,GST,18,863.35,1651.37,16,Accessories,4202,8908586922543
Woodland Blue Men's Loafers - Size UK 8,APP-03311,GST,12,836.87,1634.28,7,Footwear,6403,8901716535955
Nike Green Formal Trousers - Size S,APP-03312,GST,12,590.14,1194.99,40,Women's Wear,6204,8905829486309
Bata Olive Genuine Leather Wallet,APP-03313,GST,18,491.33,863.66,18,Accessories,4202,8901793943149
Nike Red Two-Piece Suit - Size S,APP-03314,GST,12,3470.9,6042.92,3,Men's Wear,6203,8909676242857
Peter England Navy Cotton Printed Saree,APP-03315,GST,12,1280.22,2313.44,32,Ethnic Wear,5407,8907035476630
Bata Beige Unisex Hoodie - Size XXL,APP-03316,GST,12,778.33,1155.51,1,Winter Wear,6110,8909065194072
Nike Teal Palazzo Pants - Size XL,APP-03317,GST,5,253.6,557.67,18,Women's Wear,6204,8901170829220
FabIndia Mustard Men's Leather Belt,APP-03318,GST,18,183.31,397.79,40,Accessories,4202,8900029501147
Bata Red Cotton Printed Saree,APP-03319,GST,12,764.24,1909.93,21,Ethnic Wear,5407,8902378390497
Local Boutique Olive Boys Denim Jeans - Size L,APP-03320,GST,5,257.4,623.18,19,Kids Wear,6111,8904263333884
Manyavar White Men's Pullover Sweater - Size XXL,APP-03321,GST,12,1506.5,2452.43,19,Winter Wear,6110,8908308241301
Peter England Maroon Women's Woolen Cardigan - Size 3XL,APP-03322,GST,12,1099.47,1847.27,17,Winter Wear,6110,8909035934177
Levi's Blue Polarized Sunglasses,APP-03323,GST,18,1137.9,2408.42,3,Accessories,9004,8907182182160
Levi's Beige Women's Woolen Cardigan - Size M,APP-03324,GST,12,1452.67,2140.84,25,Winter Wear,6110,8907811080238
Puma Maroon Kids Velcro Sneakers - Size UK 9,APP-03325,GST,12,517.12,1241.52,9,Footwear,6404,8905795356441
Levi's Green Chinos - Size L,APP-03326,GST,12,1185.69,2248.65,12,Men's Wear,6203,8908639962402
Mango Olive Palazzo Pants - Size L,APP-03327,GST,12,940.93,1466.23,15,Women's Wear,6204,8901759145090
Allen Solly Pink Women's Tote Handbag,APP-03328,GST,18,1469.52,2647.69,31,Accessories,4202,8902869395391
Aurelia Mustard Casual T-Shirt - Size 3XL,APP-03329,GST,5,348.87,572.92,34,Men's Wear,6109,8902765348024
Aurelia Maroon Genuine Leather Wallet,APP-03330,GST,18,300.18,604.28,36,Accessories,4202,8905520101544
Marks & Spencer Mustard Men's Kurta Pajama Set - Size L,APP-03331,GST,12,1490.39,2318.04,29,Ethnic Wear,6211,8904051870322
Bata Yellow Slim Fit Blazer - Size L,APP-03332,GST,12,3503.27,5115.18,23,Men's Wear,6203,8904983910320
Zara Olive Georgette Saree,APP-03333,GST,12,1047.3,2027.02,33,Ethnic Wear,5407,8901029729575
Zara Red Boys Denim Jeans - Size XL,APP-03334,GST,5,369.69,540.27,4,Kids Wear,6111,8907963302251
Aurelia Maroon Thermal Innerwear Set - Size XL,APP-03335,GST,12,551.71,1150.47,12,Winter Wear,6107,8901274621334
W for Woman Grey Girls Floral Frock - Size M,APP-03336,GST,12,459.09,1120.94,26,Kids Wear,6111,8905621929590
Raymond Mustard Men's Leather Belt,APP-03337,GST,18,224.38,387.82,24,Accessories,4202,8903763782564
W for Woman Grey Sports Running Sneakers - Size UK 8,APP-03338,GST,12,1877.66,4684.11,28,Footwear,6404,8906955770518
W for Woman Mustard Men's Pullover Sweater - Size S,APP-03339,GST,12,729.14,1501.29,38,Winter Wear,6110,8906451159059
Manyavar Maroon Cotton Kurti - Size XXL,APP-03340,GST,5,426.86,743.35,11,Women's Wear,6211,8906469795080
Aurelia Maroon Men's Kurta Pajama Set - Size S,APP-03341,GST,12,1351.3,2825.41,15,Ethnic Wear,6211,8908285041627
Allen Solly Mustard Boys Graphic T-Shirt - Size 3XL,APP-03342,GST,5,365.8,523.22,40,Kids Wear,6111,8902252123802
Raymond Navy Men's Leather Belt,APP-03343,GST,18,457.96,1083.88,9,Accessories,4202,8907635148749
H&M Green Men's Oxford Leather Shoes - Size UK 10,APP-03344,GST,12,757.14,1620.44,22,Footwear,6403,8904589385335
Raymond Beige Sports Running Sneakers - Size UK 9,APP-03345,GST,12,1791.16,3695.6,40,Footwear,6404,8901695359522
Local Boutique Pink Kids Velcro Sneakers - Size UK 10,APP-03346,GST,12,544.69,840.3,1,Footwear,6404,8909018174973
Zara White Chinos - Size L,APP-03347,GST,12,1190.71,2221.39,14,Men's Wear,6203,8906098910504
Aurelia Pink Sherwani - Size S,APP-03348,GST,12,6180.02,11726.66,18,Ethnic Wear,6211,8900059758344
Nike Red Boys Denim Jeans - Size S,APP-03349,GST,5,216.14,373.84,2,Kids Wear,6111,8908418286549
Bata Grey Polo T-Shirt - Size XL,APP-03350,GST,5,287.32,506.22,24,Men's Wear,6109,8904151909375
Bata Black Unisex Hoodie - Size XL,APP-03351,GST,12,777.43,1583.78,25,Winter Wear,6110,8900616941351
Marks & Spencer Navy Maxi Dress - Size XXL,APP-03352,GST,12,684.45,1596.55,21,Women's Wear,6204,8905958277069
FabIndia Red Clutch Sling Bag,APP-03353,GST,18,610.2,1294.8,24,Accessories,4202,8906949060827
Zara Black Women's Woolen Cardigan - Size S,APP-03354,GST,5,559.12,921.35,5,Winter Wear,6110,8902094596915
Levi's Olive Men's Oxford Leather Shoes - Size UK 7,APP-03355,GST,12,1338.5,3170.77,36,Footwear,6403,8905633759849
Puma Olive Formal Trousers - Size XXL,APP-03356,GST,12,753.31,1792.63,34,Men's Wear,6203,8907018811133
Manyavar Pink Men's Oxford Leather Shoes - Size UK 6,APP-03357,GST,12,1305.32,1962.07,16,Footwear,6403,8902417071278
Woodland Blue Men's Loafers - Size UK 6,APP-03358,GST,12,1190.13,2301.53,40,Footwear,6403,8900813220822
Raymond Navy Denim Jeans - Size XXL,APP-03359,GST,12,660.78,1516.85,16,Men's Wear,6203,8905197881649
Local Boutique White Boys Denim Jeans - Size S,APP-03360,GST,12,418.29,1033.02,22,Kids Wear,6111,8909900284224
Local Boutique Black Slim Fit Blazer - Size 3XL,APP-03361,GST,12,1188.0,2709.57,15,Men's Wear,6203,8901377434030
Local Boutique Beige Boys Graphic T-Shirt - Size M,APP-03362,GST,5,162.94,372.73,6,Kids Wear,6111,8907333581368
Biba Black Maxi Dress - Size S,APP-03363,GST,12,1506.1,2662.99,10,Women's Wear,6204,8909796854621
Aurelia Yellow Formal Trousers - Size S,APP-03364,GST,12,880.24,1636.16,3,Men's Wear,6203,8908212407664
Manyavar Pink Polarized Sunglasses,APP-03365,GST,18,742.83,1716.63,9,Accessories,9004,8901350113449
Marks & Spencer Olive Girls Leggings - Size XXL,APP-03366,GST,5,128.94,264.18,37,Kids Wear,6111,8901848994549
Bata Red Georgette Saree,APP-03367,GST,12,957.41,2227.81,4,Ethnic Wear,5407,8904744217563
Nike Beige Genuine Leather Wallet,APP-03368,GST,18,543.27,1246.6,21,Accessories,4202,8901444465748
Raymond Olive Chinos - Size L,APP-03369,GST,5,638.78,988.89,33,Men's Wear,6203,8908864650893
Nike Blue Casual T-Shirt - Size S,APP-03370,GST,5,282.87,569.67,10,Men's Wear,6109,8901391369975
Mango Blue Cotton Printed Saree,APP-03371,GST,12,796.7,1539.3,9,Ethnic Wear,5407,8907154224125
Levi's Mustard Formal Shirt - Size XXL,APP-03372,GST,12,727.55,1238.69,7,Men's Wear,6205,8902472237207
H&M Beige Men's Kurta Pajama Set - Size XL,APP-03373,GST,12,846.16,1950.75,4,Ethnic Wear,6211,8900632399887
Levi's Blue Thermal Innerwear Set - Size L,APP-03374,GST,5,214.72,534.96,34,Winter Wear,6107,8905837558263
H&M Grey Maxi Dress - Size XXL,APP-03375,GST,12,719.25,1788.49,24,Women's Wear,6204,8901088589981
Zara White Women's Stiletto Heels - Size UK 11,APP-03376,GST,12,1487.49,3097.53,12,Footwear,6403,8908178342064
Levi's Pink Formal Trousers - Size XXL,APP-03377,GST,12,689.73,1643.29,21,Women's Wear,6204,8905343349719
FabIndia Pink Unisex Hoodie - Size S,APP-03378,GST,5,381.0,880.69,37,Winter Wear,6110,8903242430091
Puma White Thermal Innerwear Set - Size XL,APP-03379,GST,5,365.43,565.37,15,Winter Wear,6107,8900872447839
Local Boutique White Casual T-Shirt - Size M,APP-03380,GST,5,134.69,322.64,24,Men's Wear,6109,8907989691024
Mango Mustard Two-Piece Suit - Size 3XL,APP-03381,GST,12,2087.44,4679.53,18,Men's Wear,6203,8904952076991
FabIndia Mustard Boys Denim Jeans - Size XXL,APP-03382,GST,5,358.11,536.82,37,Kids Wear,6111,8907789516650
Marks & Spencer Black Slim Fit Blazer - Size S,APP-03383,GST,12,2273.43,3924.93,2,Men's Wear,6203,8902776012316
Manyavar Mustard Cotton Kurti - Size XL,APP-03384,GST,5,468.85,669.03,3,Women's Wear,6211,8900366857439
Puma Grey Men's Oxford Leather Shoes - Size UK 7,APP-03385,GST,12,2089.23,3961.45,6,Footwear,6403,8908458163021
H&M Grey Denim Jacket - Size M,APP-03386,GST,12,754.04,1216.32,31,Women's Wear,6204,8902511298031
FabIndia Maroon Denim Jeans - Size M,APP-03387,GST,12,972.75,1388.2,3,Men's Wear,6203,8906748252292
Raymond Mustard Sherwani - Size XL,APP-03388,GST,12,3728.75,8570.66,18,Ethnic Wear,6211,8907631691455
Peter England Blue Women's Tote Handbag,APP-03389,GST,18,1079.35,1932.58,19,Accessories,4202,8902372466762
Woodland Olive Maxi Dress - Size XL,APP-03390,GST,12,1061.83,2062.4,29,Women's Wear,6204,8909045522420
Woodland Navy Girls Floral Frock - Size M,APP-03391,GST,5,404.19,834.53,35,Kids Wear,6111,8900643719603
Mango Beige Designer Lehenga Choli,APP-03392,GST,12,6850.99,11265.27,7,Ethnic Wear,6204,8906015653995
H&M White Denim Jacket - Size 3XL,APP-03393,GST,12,856.59,2092.8,21,Women's Wear,6204,8904240150437
Peter England Olive Clutch Sling Bag,APP-03394,GST,18,1116.22,1595.55,33,Accessories,4202,8903585583645
Marks & Spencer Yellow Cotton Printed Saree,APP-03395,GST,12,1059.27,2006.09,37,Ethnic Wear,5407,8907425429043
Mango Red Girls Leggings - Size XL,APP-03396,GST,5,134.4,264.32,38,Kids Wear,6111,8907850786725
Peter England Teal Palazzo Pants - Size XXL,APP-03397,GST,5,283.59,562.34,35,Women's Wear,6204,8906789451193
Raymond Maroon Maxi Dress - Size XL,APP-03398,GST,12,576.12,1258.99,37,Women's Wear,6204,8909927523710
FabIndia Olive Formal Shirt - Size XXL,APP-03399,GST,12,862.45,1556.7,40,Men's Wear,6205,8906351875705
Biba Black Crop Top - Size XXL,APP-03400,GST,5,442.6,802.83,15,Women's Wear,6206,8900144641972
Raymond White Genuine Leather Wallet,APP-03401,GST,18,299.79,582.31,34,Accessories,4202,8900693289401
Bata White Formal Trousers - Size M,APP-03402,GST,12,908.74,2022.36,32,Men's Wear,6203,8900971846790
Bata Yellow Kids Velcro Sneakers - Size UK 11,APP-03403,GST,12,656.03,1261.8,7,Footwear,6404,8906927592746
H&M Black Denim Jeans - Size S,APP-03404,GST,12,1397.39,2935.9,29,Men's Wear,6203,8907400970183
W for Woman Pink Cotton Kurti - Size 3XL,APP-03405,GST,5,510.76,938.81,5,Women's Wear,6211,8908061085370
Local Boutique Black Formal Shirt - Size S,APP-03406,GST,5,245.63,592.26,9,Men's Wear,6205,8902126839051
Zara Mustard Polo T-Shirt - Size S,APP-03407,GST,5,419.54,999.55,5,Men's Wear,6109,8906934910676
Mango Yellow Clutch Sling Bag,APP-03408,GST,18,238.01,589.98,19,Accessories,4202,8909411632822
Zara Beige Girls Floral Frock - Size XL,APP-03409,GST,5,465.03,720.16,38,Kids Wear,6111,8905861672117
FabIndia Mustard Casual T-Shirt - Size L,APP-03410,GST,5,248.05,429.51,39,Men's Wear,6109,8906550242182
Nike Pink Sherwani - Size XXL,APP-03411,GST,12,2478.0,5364.49,23,Ethnic Wear,6211,8909502424263
W for Woman Red Silk Saree,APP-03412,GST,12,1396.01,2665.31,21,Ethnic Wear,5407,8904877132020
H&M Olive Kids Winter Jacket - Size M,APP-03413,GST,12,765.25,1608.04,1,Kids Wear,6209,8903186767448
Biba Grey Maxi Dress - Size 3XL,APP-03414,GST,12,1637.98,2312.77,13,Women's Wear,6204,8909004963096
Aurelia Mustard Men's Pullover Sweater - Size XL,APP-03415,GST,12,1147.93,2158.91,37,Winter Wear,6110,8906029649910
Local Boutique White Cotton Printed Saree,APP-03416,GST,12,488.62,1220.31,21,Ethnic Wear,5407,8904584465771
Bata White Silk Saree,APP-03417,GST,12,1936.72,3067.85,33,Ethnic Wear,5407,8909328732276
Manyavar Navy Women's Woolen Cardigan - Size 3XL,APP-03418,GST,12,862.86,1482.81,32,Winter Wear,6110,8904946454030
FabIndia Pink Casual T-Shirt - Size S,APP-03419,GST,5,486.03,805.37,27,Men's Wear,6109,8905945388232
Raymond Teal Silk Saree,APP-03420,GST,12,3440.98,5643.9,25,Ethnic Wear,5407,8906822896575
FabIndia Pink Men's Kurta Pajama Set - Size S,APP-03421,GST,12,1426.93,3532.45,40,Ethnic Wear,6211,8908013376191
Bata Yellow Girls Floral Frock - Size S,APP-03422,GST,5,318.22,554.26,6,Kids Wear,6111,8901158162315
Nike Red Silk Saree,APP-03423,GST,12,1327.3,2654.46,26,Ethnic Wear,5407,8905091639750
Bata Mustard Girls Floral Frock - Size 3XL,APP-03424,GST,12,479.56,1085.78,9,Kids Wear,6111,8901510981009
Raymond Blue Cotton Printed Saree,APP-03425,GST,5,409.17,779.63,15,Ethnic Wear,5407,8902065694276
Levi's Grey Polarized Sunglasses,APP-03426,GST,18,1340.16,2651.85,25,Accessories,9004,8903267631143
Peter England Yellow Formal Trousers - Size L,APP-03427,GST,12,492.21,1012.17,31,Men's Wear,6203,8901414264293
Aurelia Pink Casual T-Shirt - Size L,APP-03428,GST,5,307.15,730.24,19,Men's Wear,6109,8903838167428
Manyavar Navy Women's Tote Handbag,APP-03429,GST,18,1153.96,1976.53,31,Accessories,4202,8904389475289
Biba Pink Men's Oxford Leather Shoes - Size UK 7,APP-03430,GST,12,1135.43,2347.89,37,Footwear,6403,8908982245540
Nike Red Imitation Necklace Set,APP-03431,GST,3,330.63,503.89,38,Jewelry,7117,8909611778545
Peter England Olive Crop Top - Size L,APP-03432,GST,5,292.1,608.13,25,Women's Wear,6206,8906269233953
Peter England Olive Formal Shirt - Size 3XL,APP-03433,GST,12,768.71,1184.3,23,Men's Wear,6205,8905395256377
Zara Red Crop Top - Size L,APP-03434,GST,5,228.36,410.68,32,Women's Wear,6206,8900131117517
Levi's Green Silk Saree,APP-03435,GST,12,1728.5,4115.16,37,Ethnic Wear,5407,8902151569443
Local Boutique Grey Kids Velcro Sneakers - Size UK 8,APP-03436,GST,12,230.23,558.31,15,Footwear,6404,8905935891054
Biba Green Women's Flat Sandals - Size UK 8,APP-03437,GST,12,240.0,575.87,14,Footwear,6404,8909643316120
FabIndia Grey Imitation Necklace Set,APP-03438,GST,3,573.61,1220.25,31,Jewelry,7117,8908427751536
FabIndia Black Unisex Hoodie - Size 3XL,APP-03439,GST,12,546.68,1283.3,23,Winter Wear,6110,8900669912856
Manyavar Beige Women's Stiletto Heels - Size UK 11,APP-03440,GST,12,1060.58,1576.65,19,Footwear,6403,8909331115685
Allen Solly Red Men's Kurta Pajama Set - Size XL,APP-03441,GST,12,1929.02,2966.26,34,Ethnic Wear,6211,8900603632351
Manyavar Mustard Kids Velcro Sneakers - Size UK 6,APP-03442,GST,12,302.09,641.97,28,Footwear,6404,8905613073987
Raymond Grey Formal Trousers - Size L,APP-03443,GST,12,698.24,1709.69,20,Men's Wear,6203,8903007457774
Raymond Maroon Two-Piece Suit - Size 3XL,APP-03444,GST,12,5420.01,9652.83,7,Men's Wear,6203,8908316332533
Levi's Black Women's Woolen Cardigan - Size L,APP-03445,GST,12,762.32,1363.41,33,Winter Wear,6110,8906607025076
Woodland Black Women's Woolen Cardigan - Size XL,APP-03446,GST,12,722.22,1546.39,2,Winter Wear,6110,8908526106896
W for Woman Mustard Girls Floral Frock - Size 3XL,APP-03447,GST,5,367.12,669.64,17,Kids Wear,6111,8907414124043
Woodland Grey Genuine Leather Wallet,APP-03448,GST,18,526.22,858.47,38,Accessories,4202,8906000182087
Aurelia Pink Slim Fit Blazer - Size M,APP-03449,GST,12,2343.69,4702.7,38,Men's Wear,6203,8903927191899
Marks & Spencer Mustard Palazzo Pants - Size S,APP-03450,GST,12,730.12,1451.27,39,Women's Wear,6204,8902165018175
Woodland Olive Thermal Innerwear Set - Size S,APP-03451,GST,5,336.77,483.32,34,Winter Wear,6107,8906752262491
FabIndia Pink Boys Graphic T-Shirt - Size XXL,APP-03452,GST,5,322.55,511.19,7,Kids Wear,6111,8906651773131
Bata Navy Clutch Sling Bag,APP-03453,GST,18,389.94,685.81,32,Accessories,4202,8906255937651
Mango Red Formal Trousers - Size L,APP-03454,GST,12,563.77,1333.43,22,Men's Wear,6203,8901639172715
Marks & Spencer Olive Cotton Printed Saree,APP-03455,GST,12,711.35,1414.53,13,Ethnic Wear,5407,8904135033460
Raymond Beige Men's Oxford Leather Shoes - Size UK 8,APP-03456,GST,12,1596.99,3924.31,29,Footwear,6403,8905744654482
Mango Mustard Two-Piece Suit - Size XL,APP-03457,GST,12,2007.58,4976.07,12,Men's Wear,6203,8901255887740
Peter England Blue Boys Denim Jeans - Size S,APP-03458,GST,5,396.59,645.97,25,Kids Wear,6111,8905086569963
Local Boutique Teal Women's Flat Sandals - Size UK 7,APP-03459,GST,12,298.05,707.29,6,Footwear,6404,8903412538341
Woodland Green Casual T-Shirt - Size XL,APP-03460,GST,5,510.71,791.02,40,Men's Wear,6109,8907665620670
Puma Blue Silk Saree,APP-03461,GST,12,1982.64,4258.94,30,Ethnic Wear,5407,8904410843971
Mango Red Two-Piece Suit - Size 3XL,APP-03462,GST,12,2634.13,3723.26,18,Men's Wear,6203,8900935827173
Peter England Blue Cotton Kurti - Size S,APP-03463,GST,5,488.09,918.02,26,Women's Wear,6211,8904651847887
Bata Grey Imitation Necklace Set,APP-03464,GST,3,446.84,871.62,32,Jewelry,7117,8909579711491
Raymond Maroon Thermal Innerwear Set - Size S,APP-03465,GST,5,472.21,979.05,25,Winter Wear,6107,8909239510832
Mango Maroon Men's Loafers - Size UK 8,APP-03466,GST,12,995.41,1859.64,39,Footwear,6403,8909842003265
Puma Black Denim Jeans - Size L,APP-03467,GST,12,1672.89,2823.31,7,Men's Wear,6203,8904207651335
Raymond Beige Denim Jacket - Size L,APP-03468,GST,12,1216.25,1773.72,37,Women's Wear,6204,8906108492970
Manyavar Blue Men's Kurta Pajama Set - Size XXL,APP-03469,GST,12,1748.31,3491.42,26,Ethnic Wear,6211,8901297676213
Raymond Pink Boys Graphic T-Shirt - Size L,APP-03470,GST,5,276.58,407.97,18,Kids Wear,6111,8903153834899
Puma White Girls Floral Frock - Size M,APP-03471,GST,12,567.37,1363.65,3,Kids Wear,6111,8908590400241
Peter England Blue Unisex Hoodie - Size XL,APP-03472,GST,12,900.72,1442.65,16,Winter Wear,6110,8907331342414
Bata White Polarized Sunglasses,APP-03473,GST,18,1489.1,2729.35,5,Accessories,9004,8907794292101
FabIndia Yellow Men's Loafers - Size UK 7,APP-03474,GST,12,1229.88,1902.28,22,Footwear,6403,8901750796313
Nike Pink A-Line Dress - Size S,APP-03475,GST,12,833.43,1832.89,18,Women's Wear,6204,8909619651966
Local Boutique White Maxi Dress - Size L,APP-03476,GST,12,1348.47,1964.27,28,Women's Wear,6204,8905868623785
Bata White Unisex Hoodie - Size 3XL,APP-03477,GST,12,866.32,1654.17,12,Winter Wear,6110,8901999391767
Local Boutique Pink Formal Shirt - Size S,APP-03478,GST,5,303.21,481.62,29,Men's Wear,6205,8909624452784
Allen Solly Olive Formal Trousers - Size S,APP-03479,GST,5,453.68,907.18,33,Women's Wear,6204,8900646594918
Marks & Spencer Pink Men's Pullover Sweater - Size 3XL,APP-03480,GST,12,1314.06,2279.15,33,Winter Wear,6110,8907493203922
Marks & Spencer Mustard Girls Leggings - Size XL,APP-03481,GST,5,227.85,325.42,14,Kids Wear,6111,8907557854576
Levi's Black Sherwani - Size XXL,APP-03482,GST,12,2882.62,6405.09,27,Ethnic Wear,6211,8904308132225
W for Woman Black Thermal Innerwear Set - Size L,APP-03483,GST,5,290.62,459.18,26,Winter Wear,6107,8904350945573
Raymond Teal Slim Fit Blazer - Size XXL,APP-03484,GST,12,1157.14,2838.39,28,Men's Wear,6203,8902247760382
Peter England Yellow Sports Running Sneakers - Size UK 5,APP-03485,GST,12,1098.84,1713.02,21,Footwear,6404,8908864179399
Local Boutique Beige Girls Leggings - Size M,APP-03486,GST,5,170.35,380.31,15,Kids Wear,6111,8909338338768
Levi's Grey Sports Running Sneakers - Size UK 10,APP-03487,GST,12,2171.83,4287.64,34,Footwear,6404,8902581738681
W for Woman Red Girls Leggings - Size 3XL,APP-03488,GST,5,113.1,199.72,32,Kids Wear,6111,8909937873521
Mango Black Men's Leather Belt,APP-03489,GST,18,627.72,1055.34,39,Accessories,4202,8906033429950
Aurelia Yellow Women's Flat Sandals - Size UK 6,APP-03490,GST,12,890.39,1397.64,28,Footwear,6404,8902810767778
Bata Pink Men's Pullover Sweater - Size 3XL,APP-03491,GST,12,580.35,1196.64,5,Winter Wear,6110,8908190597468
Puma Blue Genuine Leather Wallet,APP-03492,GST,18,332.66,719.01,18,Accessories,4202,8900624261033
Nike Grey A-Line Dress - Size 3XL,APP-03493,GST,12,941.97,1513.35,23,Women's Wear,6204,8901884919866
Levi's Red Formal Trousers - Size XXL,APP-03494,GST,12,610.66,1123.76,24,Men's Wear,6203,8907247639857
Aurelia Pink A-Line Dress - Size 3XL,APP-03495,GST,12,1112.2,1599.31,30,Women's Wear,6204,8902843858009
Mango Maroon Clutch Sling Bag,APP-03496,GST,18,689.67,1673.22,37,Accessories,4202,8902450514904
Bata Olive Sports Running Sneakers - Size UK 6,APP-03497,GST,12,1308.74,2706.59,24,Footwear,6404,8904345364996
Peter England Yellow Slim Fit Blazer - Size XL,APP-03498,GST,12,2774.55,5635.83,29,Men's Wear,6203,8907222264615
Puma Black Silk Saree,APP-03499,GST,12,1999.7,2824.02,30,Ethnic Wear,5407,8905076976938
Manyavar White Polo T-Shirt - Size L,APP-03500,GST,5,280.34,661.01,25,Men's Wear,6109,8909016812075
Peter England Black Formal Shirt - Size XL,APP-03501,GST,12,518.52,1165.29,40,Men's Wear,6205,8901558593922
Nike Green Cotton Printed Saree,APP-03502,GST,12,1300.74,2305.68,14,Ethnic Wear,5407,8902214894413
W for Woman Pink Clutch Sling Bag,APP-03503,GST,18,915.48,1686.52,39,Accessories,4202,8903303815695
Peter England Yellow Men's Leather Belt,APP-03504,GST,18,281.81,598.9,28,Accessories,4202,8909510636112
Local Boutique Navy Women's Stiletto Heels - Size UK 5,APP-03505,GST,12,1300.25,2539.05,8,Footwear,6403,8901730699382
Nike Green Chinos - Size M,APP-03506,GST,12,687.94,1635.98,34,Men's Wear,6203,8909999628930
Biba Grey Imitation Necklace Set,APP-03507,GST,3,348.42,543.18,33,Jewelry,7117,8905056083191
Woodland Black A-Line Dress - Size L,APP-03508,GST,12,948.98,1898.85,34,Women's Wear,6204,8909654981844
Puma Grey Formal Shirt - Size XL,APP-03509,GST,5,503.61,875.59,5,Men's Wear,6205,8909270548748
Peter England Green Men's Oxford Leather Shoes - Size UK 8,APP-03510,GST,12,1512.63,2492.13,4,Footwear,6403,8905609446150
FabIndia Mustard Slim Fit Blazer - Size 3XL,APP-03511,GST,12,3599.71,5915.35,22,Men's Wear,6203,8900665660505
Allen Solly Mustard Clutch Sling Bag,APP-03512,GST,18,623.93,1351.34,28,Accessories,4202,8905789379391
Raymond Yellow Women's Tote Handbag,APP-03513,GST,18,1052.15,1648.89,37,Accessories,4202,8909035219609
Allen Solly Red Two-Piece Suit - Size XL,APP-03514,GST,12,2900.1,6553.92,32,Men's Wear,6203,8901424321119
FabIndia Maroon Denim Jeans - Size 3XL,APP-03515,GST,12,828.88,1774.72,16,Men's Wear,6203,8907738133098
Zara Navy Silk Saree,APP-03516,GST,12,4115.73,6893.36,35,Ethnic Wear,5407,8900346332874
FabIndia Teal Polarized Sunglasses,APP-03517,GST,18,962.92,1775.38,36,Accessories,9004,8906680580005
W for Woman Olive Kids Velcro Sneakers - Size UK 11,APP-03518,GST,12,472.07,721.05,31,Footwear,6404,8905015438578
Marks & Spencer Pink Slim Fit Blazer - Size S,APP-03519,GST,12,3585.55,6810.76,18,Men's Wear,6203,8909148815144
Woodland White Women's Woolen Cardigan - Size XXL,APP-03520,GST,12,942.43,1673.04,8,Winter Wear,6110,8907100656266
Marks & Spencer Grey Women's Woolen Cardigan - Size L,APP-03521,GST,12,489.52,1107.36,22,Winter Wear,6110,8903637766599
Peter England Red Boys Denim Jeans - Size 3XL,APP-03522,GST,5,322.89,552.05,9,Kids Wear,6111,8903816226648
Zara Grey Men's Kurta Pajama Set - Size 3XL,APP-03523,GST,12,1186.31,2068.04,11,Ethnic Wear,6211,8908836358053
H&M Pink Formal Trousers - Size L,APP-03524,GST,5,441.39,714.89,13,Women's Wear,6204,8905611702784
Levi's Navy Men's Oxford Leather Shoes - Size UK 7,APP-03525,GST,12,1177.97,2725.22,13,Footwear,6403,8907223917619
Marks & Spencer Red Men's Pullover Sweater - Size M,APP-03526,GST,12,704.76,1410.16,34,Winter Wear,6110,8904313574087
Bata Navy Men's Kurta Pajama Set - Size S,APP-03527,GST,12,2019.05,3260.44,31,Ethnic Wear,6211,8902961756577
Peter England Maroon Men's Leather Belt,APP-03528,GST,18,432.0,720.23,19,Accessories,4202,8904251180954
Manyavar White Boys Graphic T-Shirt - Size XXL,APP-03529,GST,5,305.33,649.97,19,Kids Wear,6111,8901528634840
Woodland Mustard Chinos - Size S,APP-03530,GST,12,1271.39,1847.01,25,Men's Wear,6203,8904914453375
Allen Solly White Denim Jacket - Size L,APP-03531,GST,12,1054.41,1587.09,28,Women's Wear,6204,8901641573376
Nike Black Women's Stiletto Heels - Size UK 10,APP-03532,GST,12,1447.04,2346.77,5,Footwear,6403,8907810907195
Zara Pink Men's Oxford Leather Shoes - Size UK 7,APP-03533,GST,12,2714.02,4103.13,38,Footwear,6403,8905149558387
Aurelia Grey Crop Top - Size S,APP-03534,GST,5,506.34,968.98,39,Women's Wear,6206,8906618084388
Aurelia Mustard Chinos - Size XXL,APP-03535,GST,12,799.51,1242.37,30,Men's Wear,6203,8902309907046
Nike Green Georgette Saree,APP-03536,GST,12,961.44,2047.2,25,Ethnic Wear,5407,8900451990818
Puma Blue Men's Oxford Leather Shoes - Size UK 5,APP-03537,GST,12,724.85,1407.86,25,Footwear,6403,8903272237369
Peter England Navy Sherwani - Size M,APP-03538,GST,12,3045.0,6436.79,3,Ethnic Wear,6211,8905904735352
Woodland Teal Maxi Dress - Size 3XL,APP-03539,GST,12,2001.79,3375.41,14,Women's Wear,6204,8900539734513
Woodland Navy Boys Denim Jeans - Size M,APP-03540,GST,5,340.27,713.48,4,Kids Wear,6111,8900989727405
Nike Pink Formal Trousers - Size 3XL,APP-03541,GST,12,428.98,1033.23,25,Men's Wear,6203,8904119913656
Peter England Pink Men's Kurta Pajama Set - Size M,APP-03542,GST,12,1174.9,2839.3,12,Ethnic Wear,6211,8906006289223
Nike Blue Women's Stiletto Heels - Size UK 7,APP-03543,GST,12,1384.5,2866.1,40,Footwear,6403,8903895945892
Manyavar White A-Line Dress - Size 3XL,APP-03544,GST,12,650.3,1530.75,21,Women's Wear,6204,8902949775655
Biba Grey Slim Fit Blazer - Size XXL,APP-03545,GST,12,2595.85,5398.64,22,Men's Wear,6203,8906383676657
Levi's White Denim Jeans - Size 3XL,APP-03546,GST,5,572.34,906.83,5,Men's Wear,6203,8903387534214
Mango Blue Designer Lehenga Choli,APP-03547,GST,12,2673.51,6023.59,22,Ethnic Wear,6204,8907498839683
FabIndia Green Kids Velcro Sneakers - Size UK 6,APP-03548,GST,12,522.6,896.25,3,Footwear,6404,8909353521517
Raymond Teal Formal Trousers - Size XL,APP-03549,GST,12,508.81,1187.97,28,Women's Wear,6204,8908992471575
Zara Black Men's Pullover Sweater - Size XXL,APP-03550,GST,5,360.05,864.49,3,Winter Wear,6110,8903022123955
Biba White Slim Fit Blazer - Size XL,APP-03551,GST,12,3049.31,5021.93,13,Men's Wear,6203,8902854142263
FabIndia Maroon Polarized Sunglasses,APP-03552,GST,18,673.75,1138.96,13,Accessories,9004,8907150451967
Bata Yellow Women's Flat Sandals - Size UK 9,APP-03553,GST,12,633.97,910.04,6,Footwear,6404,8901591326842
Biba Olive Formal Trousers - Size 3XL,APP-03554,GST,12,649.49,1150.54,18,Women's Wear,6204,8906903369310
Bata White Boys Graphic T-Shirt - Size XXL,APP-03555,GST,5,271.68,432.95,36,Kids Wear,6111,8901545527876
Biba Pink Polarized Sunglasses,APP-03556,GST,18,571.03,913.85,14,Accessories,9004,8905640930999
Woodland Grey Women's Flat Sandals - Size UK 9,APP-03557,GST,12,669.35,1378.65,24,Footwear,6404,8900786796999
Levi's Pink Genuine Leather Wallet,APP-03558,GST,18,519.9,1298.71,8,Accessories,4202,8909487461231
Allen Solly Black Women's Tote Handbag,APP-03559,GST,18,1005.53,1808.46,8,Accessories,4202,8907586373533
Local Boutique Black Maxi Dress - Size M,APP-03560,GST,12,1024.12,2351.83,39,Women's Wear,6204,8906668685843
H&M Maroon Chinos - Size M,APP-03561,GST,12,1539.03,2255.15,26,Men's Wear,6203,8905149473965
Levi's White Designer Lehenga Choli,APP-03562,GST,12,3428.47,6455.27,5,Ethnic Wear,6204,8900302759608
Marks & Spencer Beige Polarized Sunglasses,APP-03563,GST,18,990.34,2050.81,39,Accessories,9004,8903584342314
Nike Teal Genuine Leather Wallet,APP-03564,GST,18,358.59,542.03,23,Accessories,4202,8908606209818
Nike Black Polo T-Shirt - Size 3XL,APP-03565,GST,5,357.6,842.37,40,Men's Wear,6109,8909151414050
W for Woman Black Kids Velcro Sneakers - Size UK 10,APP-03566,GST,12,341.28,568.7,18,Footwear,6404,8907429636412
Woodland Navy Maxi Dress - Size XL,APP-03567,GST,12,657.87,1421.86,15,Women's Wear,6204,8909245396042
Allen Solly Grey Cotton Printed Saree,APP-03568,GST,12,680.23,1481.96,18,Ethnic Wear,5407,8902539685276
Biba Black Sports Running Sneakers - Size UK 9,APP-03569,GST,12,872.35,1842.64,7,Footwear,6404,8902246614280
Local Boutique Black Women's Tote Handbag,APP-03570,GST,18,491.59,1100.19,30,Accessories,4202,8909096351591
Local Boutique Green Chinos - Size 3XL,APP-03571,GST,12,705.17,1078.22,4,Men's Wear,6203,8902533797086
Raymond Pink Denim Jeans - Size M,APP-03572,GST,12,977.02,1882.19,23,Men's Wear,6203,8908725371720
Manyavar Blue Two-Piece Suit - Size M,APP-03573,GST,12,3585.71,5049.16,12,Men's Wear,6203,8905696474133
Zara Green Chinos - Size S,APP-03574,GST,12,880.15,1719.34,40,Men's Wear,6203,8904842266315
Levi's Black Men's Kurta Pajama Set - Size XXL,APP-03575,GST,12,1588.77,3298.89,14,Ethnic Wear,6211,8904913156536
Local Boutique White Women's Woolen Cardigan - Size M,APP-03576,GST,12,686.59,1277.45,13,Winter Wear,6110,8905145228232
Levi's Mustard Sherwani - Size L,APP-03577,GST,12,6005.93,10528.96,12,Ethnic Wear,6211,8909799349657
Manyavar Grey Thermal Innerwear Set - Size M,APP-03578,GST,12,790.26,1298.66,12,Winter Wear,6107,8901970640641
Levi's Olive A-Line Dress - Size 3XL,APP-03579,GST,12,1023.07,1796.31,3,Women's Wear,6204,8902447830750
Aurelia Blue Slim Fit Blazer - Size M,APP-03580,GST,12,3188.62,4537.5,13,Men's Wear,6203,8904914105269
Aurelia Blue Polarized Sunglasses,APP-03581,GST,18,1807.06,2862.11,10,Accessories,9004,8901264543676
Local Boutique Beige Sports Running Sneakers - Size UK 8,APP-03582,GST,12,1828.93,3175.68,31,Footwear,6404,8902698630133
FabIndia Yellow Palazzo Pants - Size XXL,APP-03583,GST,12,571.69,1263.62,36,Women's Wear,6204,8902170267199
H&M Navy Girls Leggings - Size XXL,APP-03584,GST,5,165.68,249.09,35,Kids Wear,6111,8905147561603
Raymond Beige Women's Flat Sandals - Size UK 7,APP-03585,GST,12,878.57,1375.19,2,Footwear,6404,8906822879561
H&M Teal Men's Kurta Pajama Set - Size S,APP-03586,GST,12,1377.77,2505.34,5,Ethnic Wear,6211,8905929325789
Marks & Spencer Grey Polo T-Shirt - Size L,APP-03587,GST,12,711.07,1029.36,37,Men's Wear,6109,8900303471120
Local Boutique Blue Cotton Kurti - Size S,APP-03588,GST,12,500.43,1058.39,15,Women's Wear,6211,8908595129207
FabIndia Blue A-Line Dress - Size S,APP-03589,GST,12,1227.63,2046.19,36,Women's Wear,6204,8902339895111
Local Boutique Teal Silk Saree,APP-03590,GST,12,3959.69,6604.81,30,Ethnic Wear,5407,8909278767823
Allen Solly Pink Kids Winter Jacket - Size XXL,APP-03591,GST,12,1099.59,1759.98,38,Kids Wear,6209,8906651444865
Nike Blue Thermal Innerwear Set - Size S,APP-03592,GST,12,768.77,1207.54,2,Winter Wear,6107,8906814849919
Bata Red Sports Running Sneakers - Size UK 5,APP-03593,GST,12,1027.78,2106.12,6,Footwear,6404,8901300843391
H&M Beige Designer Lehenga Choli,APP-03594,GST,12,6702.79,9940.3,29,Ethnic Wear,6204,8909633050749
Peter England Mustard Boys Graphic T-Shirt - Size L,APP-03595,GST,5,149.52,348.61,11,Kids Wear,6111,8907192980284
Nike Teal Imitation Necklace Set,APP-03596,GST,3,741.36,1371.73,25,Jewelry,7117,8909362408851
Woodland Blue Imitation Necklace Set,APP-03597,GST,3,494.93,749.39,32,Jewelry,7117,8900574103762
Woodland Mustard Denim Jacket - Size 3XL,APP-03598,GST,12,882.74,1495.82,21,Women's Wear,6204,8902583851635
Mango White Men's Loafers - Size UK 11,APP-03599,GST,12,626.77,1072.5,18,Footwear,6403,8906684713290
Peter England Red Slim Fit Blazer - Size XXL,APP-03600,GST,12,2169.17,5279.53,34,Men's Wear,6203,8905118581101
Aurelia Black Designer Lehenga Choli,APP-03601,GST,12,2345.43,5207.09,16,Ethnic Wear,6204,8905968289014
Marks & Spencer White Denim Jeans - Size M,APP-03602,GST,12,1330.78,2355.82,15,Men's Wear,6203,8901676602716
Biba Yellow Kids Velcro Sneakers - Size UK 9,APP-03603,GST,12,738.05,1483.65,18,Footwear,6404,8907871819383
Local Boutique Pink Men's Kurta Pajama Set - Size XL,APP-03604,GST,12,1661.83,2962.87,6,Ethnic Wear,6211,8900473080282
Levi's White Slim Fit Blazer - Size 3XL,APP-03605,GST,12,1438.34,2485.27,33,Men's Wear,6203,8902414304446
Bata Grey Genuine Leather Wallet,APP-03606,GST,18,297.36,523.48,27,Accessories,4202,8903490019768
Puma Blue Women's Tote Handbag,APP-03607,GST,18,1353.81,1986.45,7,Accessories,4202,8909511303076
H&M Yellow Girls Leggings - Size S,APP-03608,GST,5,117.83,285.48,25,Kids Wear,6111,8906846482098
FabIndia Grey Men's Loafers - Size UK 7,APP-03609,GST,12,973.25,2346.01,5,Footwear,6403,8908186969234
Nike Black Cotton Printed Saree,APP-03610,GST,12,861.86,1341.4,20,Ethnic Wear,5407,8907721396362
H&M Maroon Casual T-Shirt - Size S,APP-03611,GST,5,352.36,868.71,38,Men's Wear,6109,8904172319017
Aurelia Maroon Denim Jeans - Size XXL,APP-03612,GST,12,1700.9,2835.51,29,Men's Wear,6203,8902185893584
Peter England Teal Imitation Necklace Set,APP-03613,GST,3,451.59,1019.19,24,Jewelry,7117,8907126565641
Manyavar Maroon Women's Woolen Cardigan - Size XL,APP-03614,GST,12,868.09,1306.17,30,Winter Wear,6110,8901112070180
Mango Teal Boys Graphic T-Shirt - Size XXL,APP-03615,GST,5,168.5,303.96,28,Kids Wear,6111,8907926255257
H&M Green Men's Pullover Sweater - Size S,APP-03616,GST,12,861.9,2074.79,16,Winter Wear,6110,8903598480861
Woodland Pink Sports Running Sneakers - Size UK 11,APP-03617,GST,12,1830.22,3842.13,13,Footwear,6404,8900434229978
Levi's Red Girls Floral Frock - Size S,APP-03618,GST,12,837.43,1175.49,16,Kids Wear,6111,8903989309040
Puma Yellow Denim Jeans - Size XL,APP-03619,GST,12,933.14,1623.86,37,Men's Wear,6203,8900140565025
Marks & Spencer Yellow Unisex Hoodie - Size S,APP-03620,GST,12,603.62,1387.44,39,Winter Wear,6110,8900959027990
Aurelia Blue Georgette Saree,APP-03621,GST,12,2157.77,3182.28,39,Ethnic Wear,5407,8909183864883
FabIndia Maroon Girls Leggings - Size XXL,APP-03622,GST,5,252.29,468.29,27,Kids Wear,6111,8903677177529
Raymond Pink Men's Pullover Sweater - Size M,APP-03623,GST,12,975.44,2033.86,23,Winter Wear,6110,8904897881412
Manyavar Mustard Cotton Printed Saree,APP-03624,GST,12,922.78,2055.47,31,Ethnic Wear,5407,8900508755056
Nike Navy Maxi Dress - Size XXL,APP-03625,GST,12,578.45,1282.48,35,Women's Wear,6204,8908678950139
Levi's Grey Two-Piece Suit - Size XL,APP-03626,GST,12,1566.16,3779.22,6,Men's Wear,6203,8904201349843
Biba Grey Kids Velcro Sneakers - Size UK 10,APP-03627,GST,12,901.06,1335.98,20,Footwear,6404,8900462478635
Biba Blue Unisex Hoodie - Size XL,APP-03628,GST,12,712.88,1375.63,15,Winter Wear,6110,8903089034544
Mango Navy Kids Winter Jacket - Size M,APP-03629,GST,12,1343.47,2144.86,5,Kids Wear,6209,8900954968617
Levi's Black Thermal Innerwear Set - Size XL,APP-03630,GST,5,645.14,905.31,40,Winter Wear,6107,8901998467617
W for Woman White Casual T-Shirt - Size S,APP-03631,GST,5,454.5,743.98,23,Men's Wear,6109,8906257621090
Mango Black A-Line Dress - Size L,APP-03632,GST,12,615.78,1482.1,38,Women's Wear,6204,8905500044415
Aurelia Pink Women's Woolen Cardigan - Size M,APP-03633,GST,5,301.69,723.55,29,Winter Wear,6110,8902756220217
Marks & Spencer Beige Sherwani - Size M,APP-03634,GST,12,6944.56,14010.63,37,Ethnic Wear,6211,8900537013760
Biba Black Thermal Innerwear Set - Size 3XL,APP-03635,GST,12,732.46,1148.44,18,Winter Wear,6107,8908932377567
Nike Maroon Men's Oxford Leather Shoes - Size UK 8,APP-03636,GST,12,2267.33,3985.3,12,Footwear,6403,8904148426898
Peter England Yellow Kids Velcro Sneakers - Size UK 8,APP-03637,GST,12,374.55,882.08,19,Footwear,6404,8906585785645
Biba Navy Formal Trousers - Size M,APP-03638,GST,12,810.55,1350.6,25,Men's Wear,6203,8908298516522
Local Boutique Blue Women's Stiletto Heels - Size UK 7,APP-03639,GST,12,599.06,1201.62,31,Footwear,6403,8908634144877
Raymond Yellow Unisex Hoodie - Size XL,APP-03640,GST,12,744.01,1519.72,5,Winter Wear,6110,8900318872779
Peter England Mustard Men's Pullover Sweater - Size XL,APP-03641,GST,12,1019.7,1994.61,34,Winter Wear,6110,8906742050578
Aurelia Red Designer Lehenga Choli,APP-03642,GST,12,5695.48,10512.58,17,Ethnic Wear,6204,8906518651531
H&M Navy Cotton Kurti - Size S,APP-03643,GST,5,560.36,928.39,34,Women's Wear,6211,8902987908686
Zara Pink Sherwani - Size L,APP-03644,GST,12,5236.01,9691.05,4,Ethnic Wear,6211,8901705939670
Manyavar Green Slim Fit Blazer - Size 3XL,APP-03645,GST,12,3962.0,6348.61,20,Men's Wear,6203,8901246552957
Bata Teal Kids Velcro Sneakers - Size UK 6,APP-03646,GST,12,989.33,1509.94,35,Footwear,6404,8903202271131
Peter England Black Sports Running Sneakers - Size UK 6,APP-03647,GST,12,1048.13,1787.92,34,Footwear,6404,8900084755577
Raymond Pink Silk Saree,APP-03648,GST,12,1772.53,2833.43,39,Ethnic Wear,5407,8901321836694
Mango Blue Clutch Sling Bag,APP-03649,GST,18,608.19,1280.4,34,Accessories,4202,8904698732975
Nike Teal Sports Running Sneakers - Size UK 7,APP-03650,GST,12,1558.32,2994.47,13,Footwear,6404,8907024469845
Marks & Spencer Beige Genuine Leather Wallet,APP-03651,GST,18,515.93,937.73,2,Accessories,4202,8909478306264
Manyavar Grey Kids Winter Jacket - Size XXL,APP-03652,GST,12,1014.93,2079.88,32,Kids Wear,6209,8902444631284
Peter England Beige Cotton Kurti - Size M,APP-03653,GST,5,364.48,745.17,37,Women's Wear,6211,8900981122021
Zara Red Boys Graphic T-Shirt - Size 3XL,APP-03654,GST,5,304.88,545.53,14,Kids Wear,6111,8906840541652
Local Boutique Black Palazzo Pants - Size S,APP-03655,GST,12,534.93,1254.72,29,Women's Wear,6204,8907751900322
Allen Solly Yellow Women's Woolen Cardigan - Size M,APP-03656,GST,12,466.98,1101.89,33,Winter Wear,6110,8904326748464
Puma White Polarized Sunglasses,APP-03657,GST,18,1051.3,2615.78,9,Accessories,9004,8903385437673
W for Woman Grey Denim Jeans - Size L,APP-03658,GST,12,1367.07,2029.93,28,Men's Wear,6203,8904599682243
FabIndia Pink Formal Trousers - Size 3XL,APP-03659,GST,12,1287.61,2014.06,24,Men's Wear,6203,8908898392307
Zara Navy Women's Flat Sandals - Size UK 5,APP-03660,GST,12,241.91,545.05,22,Footwear,6404,8907067077924
Manyavar Navy Cotton Printed Saree,APP-03661,GST,12,614.46,1267.48,29,Ethnic Wear,5407,8901131568731
FabIndia Navy Polo T-Shirt - Size M,APP-03662,GST,5,397.19,685.25,39,Men's Wear,6109,8906394684583
Allen Solly Teal Slim Fit Blazer - Size XXL,APP-03663,GST,12,926.91,2171.36,36,Men's Wear,6203,8905872632750
Local Boutique Pink Denim Jacket - Size S,APP-03664,GST,12,1109.36,2027.64,12,Women's Wear,6204,8901023872880
Puma Maroon Men's Loafers - Size UK 8,APP-03665,GST,12,1121.96,2670.19,20,Footwear,6403,8909706959901
Aurelia Pink Genuine Leather Wallet,APP-03666,GST,18,277.58,590.77,16,Accessories,4202,8905623950211
Mango Yellow Two-Piece Suit - Size S,APP-03667,GST,12,3495.03,8585.84,3,Men's Wear,6203,8908222053220
Puma Beige Women's Flat Sandals - Size UK 10,APP-03668,GST,12,310.8,772.17,4,Footwear,6404,8908980466171
H&M Navy Formal Shirt - Size XL,APP-03669,GST,12,904.62,1446.93,30,Men's Wear,6205,8905991173906
Manyavar Black Men's Pullover Sweater - Size 3XL,APP-03670,GST,12,762.76,1513.26,33,Winter Wear,6110,8905760273160
W for Woman Black Silk Saree,APP-03671,GST,12,2290.99,5474.73,22,Ethnic Wear,5407,8900632705241
Nike Teal Women's Woolen Cardigan - Size 3XL,APP-03672,GST,12,962.71,1804.5,20,Winter Wear,6110,8906866764691
Biba Olive Georgette Saree,APP-03673,GST,12,957.45,1345.75,1,Ethnic Wear,5407,8901374378471
Local Boutique Blue Casual T-Shirt - Size XXL,APP-03674,GST,5,485.48,781.39,12,Men's Wear,6109,8902583376223
Nike Green Silk Saree,APP-03675,GST,12,1565.25,2666.47,31,Ethnic Wear,5407,8907657866100
Allen Solly Green Polo T-Shirt - Size XXL,APP-03676,GST,5,173.98,432.48,34,Men's Wear,6109,8906247939334
H&M Navy Sports Running Sneakers - Size UK 5,APP-03677,GST,12,790.0,1949.38,25,Footwear,6404,8903155580087
Local Boutique Teal Girls Floral Frock - Size L,APP-03678,GST,5,619.19,933.97,14,Kids Wear,6111,8901838237084
Nike Maroon Georgette Saree,APP-03679,GST,12,642.3,1370.91,35,Ethnic Wear,5407,8901385418429
Biba Maroon Palazzo Pants - Size 3XL,APP-03680,GST,5,423.7,743.81,3,Women's Wear,6204,8901773370106
Levi's Maroon Girls Floral Frock - Size S,APP-03681,GST,5,358.45,813.3,37,Kids Wear,6111,8907127931082
Biba Pink Girls Leggings - Size 3XL,APP-03682,GST,5,182.34,318.17,39,Kids Wear,6111,8909906041869
Allen Solly Beige Girls Leggings - Size L,APP-03683,GST,5,121.04,284.48,7,Kids Wear,6111,8901828921075
Woodland Navy Sports Running Sneakers - Size UK 6,APP-03684,GST,12,1206.95,2763.66,2,Footwear,6404,8909753363149
Mango Pink Cotton Kurti - Size XXL,APP-03685,GST,5,345.04,702.77,34,Women's Wear,6211,8906175686345
Aurelia Navy Georgette Saree,APP-03686,GST,12,996.65,1851.43,37,Ethnic Wear,5407,8909255830035
Peter England Pink Women's Flat Sandals - Size UK 10,APP-03687,GST,12,493.97,1113.81,24,Footwear,6404,8906344910885
Raymond Grey Palazzo Pants - Size XXL,APP-03688,GST,5,469.88,702.0,39,Women's Wear,6204,8902727783407
Levi's Red Men's Leather Belt,APP-03689,GST,18,702.97,1052.93,31,Accessories,4202,8901771103402
Local Boutique Mustard Denim Jeans - Size M,APP-03690,GST,12,932.88,1817.18,21,Men's Wear,6203,8907417918480
Peter England Black Casual T-Shirt - Size S,APP-03691,GST,5,548.39,822.18,16,Men's Wear,6109,8900214890401
Puma Mustard Formal Trousers - Size 3XL,APP-03692,GST,12,1012.55,1538.91,36,Men's Wear,6203,8901927724437
Raymond Green Men's Pullover Sweater - Size XL,APP-03693,GST,5,416.14,917.41,20,Winter Wear,6110,8906891583365
Bata Navy Clutch Sling Bag,APP-03694,GST,18,682.39,1653.79,38,Accessories,4202,8901487192908
Puma Grey Palazzo Pants - Size M,APP-03695,GST,12,736.14,1334.96,28,Women's Wear,6204,8901978968126
Woodland Pink Kids Winter Jacket - Size XXL,APP-03696,GST,12,851.98,1553.62,37,Kids Wear,6209,8909277086657
Marks & Spencer Olive Designer Lehenga Choli,APP-03697,GST,12,3266.01,6717.72,29,Ethnic Wear,6204,8905977673800
Manyavar Black Thermal Innerwear Set - Size 3XL,APP-03698,GST,12,572.41,1131.62,13,Winter Wear,6107,8903733934741
Woodland Yellow Denim Jacket - Size XXL,APP-03699,GST,12,792.25,1820.21,29,Women's Wear,6204,8900738546052
Bata Blue Formal Trousers - Size M,APP-03700,GST,5,465.18,762.73,22,Men's Wear,6203,8908789288022
W for Woman Green Men's Leather Belt,APP-03701,GST,18,285.24,636.73,4,Accessories,4202,8908883707991
Allen Solly Maroon Women's Tote Handbag,APP-03702,GST,18,730.5,1554.83,6,Accessories,4202,8905434491974
Allen Solly Pink Thermal Innerwear Set - Size XXL,APP-03703,GST,12,743.46,1274.13,26,Winter Wear,6107,8907117249859
Puma Navy Girls Leggings - Size M,APP-03704,GST,5,128.76,297.87,4,Kids Wear,6111,8909416267240
Aurelia Red Sports Running Sneakers - Size UK 9,APP-03705,GST,12,2616.47,3826.55,16,Footwear,6404,8902156670191
Bata White Sports Running Sneakers - Size UK 8,APP-03706,GST,12,1114.87,1889.2,22,Footwear,6404,8909992071898
FabIndia Red Casual T-Shirt - Size S,APP-03707,GST,5,169.63,422.65,38,Men's Wear,6109,8906050346117
Raymond White Silk Saree,APP-03708,GST,12,3866.84,6505.73,6,Ethnic Wear,5407,8904655451233
W for Woman Beige Boys Graphic T-Shirt - Size S,APP-03709,GST,5,166.25,413.36,20,Kids Wear,6111,8909156630363
Mango Maroon Palazzo Pants - Size 3XL,APP-03710,GST,5,420.27,773.12,2,Women's Wear,6204,8900744352501
H&M Maroon Genuine Leather Wallet,APP-03711,GST,18,356.08,600.21,2,Accessories,4202,8906696778134
Raymond Teal Chinos - Size L,APP-03712,GST,5,397.66,971.5,18,Men's Wear,6203,8908649153509
Nike Blue Casual T-Shirt - Size L,APP-03713,GST,5,494.09,732.97,34,Men's Wear,6109,8904063929465
Levi's Red Slim Fit Blazer - Size XL,APP-03714,GST,12,1752.72,2520.4,40,Men's Wear,6203,8909126438470
Marks & Spencer White Clutch Sling Bag,APP-03715,GST,18,753.56,1355.36,39,Accessories,4202,8901633923625
Puma Red Men's Leather Belt,APP-03716,GST,18,273.79,608.21,8,Accessories,4202,8901924912830
Woodland Red Casual T-Shirt - Size M,APP-03717,GST,5,490.6,747.64,14,Men's Wear,6109,8909245167917
Aurelia White Unisex Hoodie - Size 3XL,APP-03718,GST,12,766.48,1441.28,32,Winter Wear,6110,8909117292335
Zara Blue Genuine Leather Wallet,APP-03719,GST,18,482.27,718.85,24,Accessories,4202,8903562872450
Allen Solly Beige Georgette Saree,APP-03720,GST,12,721.11,1638.87,32,Ethnic Wear,5407,8901682898218
FabIndia Navy Imitation Necklace Set,APP-03721,GST,3,578.58,912.51,7,Jewelry,7117,8906362970386
Raymond Pink Imitation Necklace Set,APP-03722,GST,3,940.78,1463.53,11,Jewelry,7117,8903224263783
Mango Olive Kids Winter Jacket - Size S,APP-03723,GST,5,539.32,904.18,19,Kids Wear,6209,8905287847590
Nike Yellow Georgette Saree,APP-03724,GST,12,1836.46,3465.51,20,Ethnic Wear,5407,8903441057940
Manyavar Red Girls Leggings - Size L,APP-03725,GST,5,110.91,225.92,9,Kids Wear,6111,8904448345199
Manyavar Black Girls Floral Frock - Size XXL,APP-03726,GST,12,549.75,1134.7,31,Kids Wear,6111,8905472815706
Biba Green Women's Woolen Cardigan - Size 3XL,APP-03727,GST,5,303.61,660.82,12,Winter Wear,6110,8902043771494
Local Boutique Red Kids Velcro Sneakers - Size UK 7,APP-03728,GST,12,518.94,1060.15,9,Footwear,6404,8906152830568
Peter England Mustard Cotton Kurti - Size XXL,APP-03729,GST,12,550.36,1078.48,2,Women's Wear,6211,8907809882209
W for Woman Red Cotton Kurti - Size 3XL,APP-03730,GST,5,216.26,456.62,38,Women's Wear,6211,8904235479130
Local Boutique Mustard Maxi Dress - Size XXL,APP-03731,GST,12,604.76,1409.37,38,Women's Wear,6204,8900251002279
FabIndia Mustard Kids Velcro Sneakers - Size UK 7,APP-03732,GST,12,698.75,1418.03,37,Footwear,6404,8908835943260
Biba Mustard Palazzo Pants - Size M,APP-03733,GST,5,381.16,764.63,30,Women's Wear,6204,8907003781715
Aurelia Grey Denim Jeans - Size L,APP-03734,GST,12,666.0,1211.69,33,Men's Wear,6203,8908895920851
H&M Teal Boys Denim Jeans - Size M,APP-03735,GST,5,203.67,477.84,27,Kids Wear,6111,8906009997494
Zara Teal Two-Piece Suit - Size XL,APP-03736,GST,12,1664.3,4146.85,4,Men's Wear,6203,8903648737259
Zara Red Casual T-Shirt - Size L,APP-03737,GST,5,347.51,649.39,18,Men's Wear,6109,8908343297867
Manyavar Navy Chinos - Size 3XL,APP-03738,GST,12,945.45,2165.45,37,Men's Wear,6203,8905995719477
Peter England Yellow Denim Jeans - Size S,APP-03739,GST,12,1448.18,2160.4,4,Men's Wear,6203,8903533635921
Local Boutique Red Polarized Sunglasses,APP-03740,GST,18,594.26,1457.98,6,Accessories,9004,8905588663143
Bata Black Women's Flat Sandals - Size UK 8,APP-03741,GST,12,296.95,527.72,10,Footwear,6404,8901188959491
FabIndia Olive Clutch Sling Bag,APP-03742,GST,18,465.88,949.8,8,Accessories,4202,8907336664814
H&M Blue Palazzo Pants - Size XL,APP-03743,GST,12,979.53,1396.34,1,Women's Wear,6204,8901980110638
Biba Navy Maxi Dress - Size L,APP-03744,GST,12,917.62,1672.71,17,Women's Wear,6204,8909518981978
Manyavar Mustard Imitation Necklace Set,APP-03745,GST,3,291.73,552.87,8,Jewelry,7117,8905436980345
Nike Grey Women's Tote Handbag,APP-03746,GST,18,461.78,1152.12,40,Accessories,4202,8904080910069
Aurelia Beige Sherwani - Size XXL,APP-03747,GST,12,2938.6,5845.93,14,Ethnic Wear,6211,8903316792664
Puma Olive Casual T-Shirt - Size S,APP-03748,GST,5,393.09,551.58,37,Men's Wear,6109,8909906408106
Zara Black Unisex Hoodie - Size XXL,APP-03749,GST,5,321.99,671.74,24,Winter Wear,6110,8901059208653
Raymond Beige Men's Loafers - Size UK 7,APP-03750,GST,12,855.26,1533.58,35,Footwear,6403,8903931856654
Puma Navy Genuine Leather Wallet,APP-03751,GST,18,830.46,1259.47,10,Accessories,4202,8906888107863
Peter England White Denim Jacket - Size XXL,APP-03752,GST,12,836.98,1750.13,14,Women's Wear,6204,8900781762325
Mango Grey Boys Graphic T-Shirt - Size S,APP-03753,GST,5,113.6,251.58,40,Kids Wear,6111,8901277615180
Mango Mustard Unisex Hoodie - Size L,APP-03754,GST,5,551.57,931.93,30,Winter Wear,6110,8906004259765
H&M Red Men's Loafers - Size UK 7,APP-03755,GST,12,568.59,1342.98,35,Footwear,6403,8904795196149
Allen Solly Mustard Clutch Sling Bag,APP-03756,GST,18,838.9,1782.81,17,Accessories,4202,8900905444962
W for Woman Red Imitation Necklace Set,APP-03757,GST,3,569.51,951.52,40,Jewelry,7117,8907390766675
Nike Pink A-Line Dress - Size L,APP-03758,GST,12,416.1,1025.32,16,Women's Wear,6204,8901579970658
Zara Red Chinos - Size L,APP-03759,GST,12,914.84,1339.53,31,Men's Wear,6203,8907836350968
Zara Beige Denim Jeans - Size M,APP-03760,GST,12,1565.37,2982.77,27,Men's Wear,6203,8906239352601
Bata Red Thermal Innerwear Set - Size XL,APP-03761,GST,5,359.21,702.41,14,Winter Wear,6107,8902613542701
FabIndia Blue Kids Velcro Sneakers - Size UK 6,APP-03762,GST,12,516.01,1203.65,4,Footwear,6404,8900253046740
Zara Grey Thermal Innerwear Set - Size 3XL,APP-03763,GST,12,678.82,1114.69,8,Winter Wear,6107,8901564835628
Manyavar Blue Thermal Innerwear Set - Size 3XL,APP-03764,GST,5,248.43,486.91,35,Winter Wear,6107,8903364921529
Nike Green Men's Pullover Sweater - Size XXL,APP-03765,GST,12,1109.0,1629.61,25,Winter Wear,6110,8903930322168
Peter England Yellow Sports Running Sneakers - Size UK 5,APP-03766,GST,12,1167.51,1834.78,6,Footwear,6404,8905574125121
Marks & Spencer Blue Women's Flat Sandals - Size UK 10,APP-03767,GST,12,431.36,611.13,5,Footwear,6404,8907919445576
Aurelia Red Girls Leggings - Size L,APP-03768,GST,5,116.31,220.57,7,Kids Wear,6111,8901712034574
Bata Green Two-Piece Suit - Size XL,APP-03769,GST,12,2534.15,5952.72,40,Men's Wear,6203,8902300224223
H&M Maroon Unisex Hoodie - Size XL,APP-03770,GST,5,374.77,932.0,13,Winter Wear,6110,8905199972111
FabIndia Beige Sherwani - Size M,APP-03771,GST,12,4186.07,9749.62,40,Ethnic Wear,6211,8909306764201
Local Boutique Teal Formal Trousers - Size 3XL,APP-03772,GST,12,1191.01,1989.16,3,Men's Wear,6203,8901091046005
Peter England Navy Denim Jacket - Size XXL,APP-03773,GST,12,825.51,1507.2,27,Women's Wear,6204,8908651038953
Biba Red Men's Oxford Leather Shoes - Size UK 8,APP-03774,GST,12,1639.25,3699.36,15,Footwear,6403,8909290253244
Marks & Spencer Grey Women's Stiletto Heels - Size UK 11,APP-03775,GST,12,1566.47,3040.34,27,Footwear,6403,8909657765439
Biba Grey Boys Denim Jeans - Size XXL,APP-03776,GST,5,237.94,444.01,5,Kids Wear,6111,8902453474911
Peter England Olive Kids Winter Jacket - Size XXL,APP-03777,GST,12,467.27,1068.66,35,Kids Wear,6209,8901822234494
Bata Teal Georgette Saree,APP-03778,GST,12,1501.92,2970.47,26,Ethnic Wear,5407,8909445142157
H&M Navy Cotton Kurti - Size M,APP-03779,GST,5,464.56,678.72,5,Women's Wear,6211,8903391438276
Aurelia White Designer Lehenga Choli,APP-03780,GST,12,2608.75,5377.12,21,Ethnic Wear,6204,8904525913720
Bata Yellow Men's Pullover Sweater - Size 3XL,APP-03781,GST,12,1431.22,2346.5,40,Winter Wear,6110,8907803993468
Biba Black Kids Winter Jacket - Size 3XL,APP-03782,GST,12,566.83,1397.47,14,Kids Wear,6209,8909191938289
Mango Mustard Formal Trousers - Size 3XL,APP-03783,GST,5,408.54,984.58,21,Men's Wear,6203,8900739848550
Peter England Maroon Girls Floral Frock - Size XXL,APP-03784,GST,5,382.43,574.91,6,Kids Wear,6111,8904627856621
Aurelia Red Men's Oxford Leather Shoes - Size UK 10,APP-03785,GST,12,1254.25,2743.08,20,Footwear,6403,8903814456514
Bata Green Men's Leather Belt,APP-03786,GST,18,562.52,830.65,17,Accessories,4202,8906338455450
FabIndia Pink Formal Trousers - Size M,APP-03787,GST,5,364.96,875.28,34,Men's Wear,6203,8908481312059
Peter England Grey Silk Saree,APP-03788,GST,12,1096.0,2216.62,10,Ethnic Wear,5407,8902202417669
Peter England Mustard Unisex Hoodie - Size 3XL,APP-03789,GST,12,528.78,1048.86,36,Winter Wear,6110,8902826674000
Local Boutique Yellow Women's Tote Handbag,APP-03790,GST,18,815.34,1905.91,38,Accessories,4202,8906259590121
W for Woman Green Crop Top - Size M,APP-03791,GST,5,213.1,336.26,15,Women's Wear,6206,8904364669370
Local Boutique Pink Women's Woolen Cardigan - Size L,APP-03792,GST,12,1197.83,2070.2,2,Winter Wear,6110,8903148221194
Local Boutique Red Boys Graphic T-Shirt - Size S,APP-03793,GST,5,362.56,645.97,21,Kids Wear,6111,8903216855502
Raymond Teal Girls Leggings - Size L,APP-03794,GST,5,62.84,154.81,14,Kids Wear,6111,8906072288499
FabIndia Teal Formal Trousers - Size 3XL,APP-03795,GST,12,837.54,1756.9,36,Women's Wear,6204,8906689801065
Mango Green Denim Jacket - Size L,APP-03796,GST,12,1228.39,2711.9,3,Women's Wear,6204,8905236141637
Bata Pink Casual T-Shirt - Size M,APP-03797,GST,5,345.55,582.86,9,Men's Wear,6109,8900050294079
Puma Beige Clutch Sling Bag,APP-03798,GST,18,563.62,1136.84,6,Accessories,4202,8900485915905
Biba Mustard Cotton Printed Saree,APP-03799,GST,12,874.45,1654.3,19,Ethnic Wear,5407,8900414714088
Local Boutique Mustard Thermal Innerwear Set - Size XXL,APP-03800,GST,12,463.61,1081.05,5,Winter Wear,6107,8905699229137
Peter England Pink Polarized Sunglasses,APP-03801,GST,18,878.47,1735.73,1,Accessories,9004,8904763309947
Zara Navy Imitation Necklace Set,APP-03802,GST,3,703.91,1492.23,37,Jewelry,7117,8902842767741
Manyavar Blue Women's Woolen Cardigan - Size XL,APP-03803,GST,12,590.11,1091.08,25,Winter Wear,6110,8907856371643
H&M Pink Kids Winter Jacket - Size 3XL,APP-03804,GST,5,340.32,834.84,34,Kids Wear,6209,8905952417168
Raymond Yellow Men's Loafers - Size UK 9,APP-03805,GST,12,628.61,1161.32,16,Footwear,6403,8904325101102
Mango Blue Kids Velcro Sneakers - Size UK 10,APP-03806,GST,12,360.7,611.29,5,Footwear,6404,8904101120174
Nike Olive Thermal Innerwear Set - Size XXL,APP-03807,GST,5,272.18,474.85,31,Winter Wear,6107,8909619423802
Biba Navy Chinos - Size L,APP-03808,GST,12,1038.75,2070.16,17,Men's Wear,6203,8907080709278
W for Woman Yellow Imitation Necklace Set,APP-03809,GST,3,702.5,1300.12,19,Jewelry,7117,8902542470269
Manyavar Mustard Slim Fit Blazer - Size 3XL,APP-03810,GST,12,1913.0,3531.89,39,Men's Wear,6203,8902072972231
Bata Black Women's Stiletto Heels - Size UK 9,APP-03811,GST,12,1202.64,2929.87,16,Footwear,6403,8903445397508
Allen Solly Olive Denim Jacket - Size M,APP-03812,GST,12,1237.04,2710.64,21,Women's Wear,6204,8906980284402
Mango Blue Unisex Hoodie - Size XL,APP-03813,GST,12,664.59,1412.21,36,Winter Wear,6110,8904941479044
Manyavar White Thermal Innerwear Set - Size L,APP-03814,GST,5,311.06,603.34,39,Winter Wear,6107,8902606082382
Allen Solly Black Formal Shirt - Size 3XL,APP-03815,GST,12,580.9,1192.86,35,Men's Wear,6205,8900678246553
FabIndia Red Formal Shirt - Size M,APP-03816,GST,12,1009.04,1546.9,33,Men's Wear,6205,8908169035832
Puma Red A-Line Dress - Size XL,APP-03817,GST,5,553.92,961.31,9,Women's Wear,6204,8904160838814
Nike Grey Women's Flat Sandals - Size UK 10,APP-03818,GST,12,272.94,583.42,14,Footwear,6404,8903228466199
Bata White Genuine Leather Wallet,APP-03819,GST,18,567.18,852.57,33,Accessories,4202,8906321337521
W for Woman Pink Cotton Printed Saree,APP-03820,GST,12,1251.67,2106.68,9,Ethnic Wear,5407,8902700489974
Biba Red Cotton Printed Saree,APP-03821,GST,12,746.0,1750.37,13,Ethnic Wear,5407,8900374850837
Puma Red Georgette Saree,APP-03822,GST,12,1529.21,3635.42,4,Ethnic Wear,5407,8906083077366
W for Woman Grey Men's Oxford Leather Shoes - Size UK 7,APP-03823,GST,12,1649.68,3111.2,32,Footwear,6403,8901573335383
Peter England Red Men's Loafers - Size UK 6,APP-03824,GST,12,778.69,1886.97,38,Footwear,6403,8904056947619
Bata Olive Maxi Dress - Size XXL,APP-03825,GST,12,623.19,1381.89,3,Women's Wear,6204,8907962480995
Biba Navy Maxi Dress - Size 3XL,APP-03826,GST,12,744.59,1414.73,28,Women's Wear,6204,8901737201701
Bata Green Two-Piece Suit - Size 3XL,APP-03827,GST,12,2700.94,5841.84,30,Men's Wear,6203,8907473510674
Nike Olive Men's Kurta Pajama Set - Size XXL,APP-03828,GST,12,1352.7,3069.56,37,Ethnic Wear,6211,8900716778803
Biba Navy Casual T-Shirt - Size XXL,APP-03829,GST,5,490.37,804.71,1,Men's Wear,6109,8900833418715
Allen Solly Teal Sherwani - Size M,APP-03830,GST,12,7257.81,11710.71,15,Ethnic Wear,6211,8908035431373
FabIndia Olive Slim Fit Blazer - Size XXL,APP-03831,GST,12,1806.48,3908.83,18,Men's Wear,6203,8908881987599
Puma Red Thermal Innerwear Set - Size 3XL,APP-03832,GST,5,270.1,551.45,31,Winter Wear,6107,8908099283986
Zara Pink Crop Top - Size S,APP-03833,GST,5,413.9,593.68,28,Women's Wear,6206,8907863038169
Nike Grey Chinos - Size XL,APP-03834,GST,12,797.02,1525.86,25,Men's Wear,6203,8909864449118
H&M Black Boys Denim Jeans - Size S,APP-03835,GST,5,303.48,648.16,29,Kids Wear,6111,8902557301808
FabIndia Green Men's Loafers - Size UK 9,APP-03836,GST,12,611.53,1430.79,2,Footwear,6403,8902272752152
FabIndia Blue Men's Loafers - Size UK 5,APP-03837,GST,12,1168.01,2535.95,15,Footwear,6403,8904166382677
Bata Red Girls Floral Frock - Size XL,APP-03838,GST,5,600.3,912.79,37,Kids Wear,6111,8908460534657
Peter England Beige Designer Lehenga Choli,APP-03839,GST,12,6195.2,10256.11,35,Ethnic Wear,6204,8906987164629
H&M Teal Cotton Kurti - Size XL,APP-03840,GST,5,473.5,763.44,2,Women's Wear,6211,8905390811000
Local Boutique Grey Men's Oxford Leather Shoes - Size UK 6,APP-03841,GST,12,2823.43,4315.91,34,Footwear,6403,8902637419870
Biba Red Crop Top - Size L,APP-03842,GST,5,172.67,339.59,40,Women's Wear,6206,8903392274454
Raymond Teal Boys Denim Jeans - Size L,APP-03843,GST,12,461.21,1126.23,29,Kids Wear,6111,8908792447717
Allen Solly Maroon Men's Kurta Pajama Set - Size XL,APP-03844,GST,12,1312.52,2486.3,37,Ethnic Wear,6211,8904206137698
Levi's Yellow Maxi Dress - Size XL,APP-03845,GST,12,642.19,1295.21,21,Women's Wear,6204,8909308787909
Biba Grey Chinos - Size S,APP-03846,GST,12,681.54,1015.98,11,Men's Wear,6203,8906358156710
Aurelia Red Denim Jacket - Size M,APP-03847,GST,12,999.49,2230.39,7,Women's Wear,6204,8909335628443
Biba Teal Men's Loafers - Size UK 9,APP-03848,GST,12,499.08,1199.85,17,Footwear,6403,8900125200432
H&M Grey Polo T-Shirt - Size M,APP-03849,GST,5,368.98,780.28,10,Men's Wear,6109,8904796667830
Zara Yellow Formal Trousers - Size M,APP-03850,GST,12,847.8,1435.44,40,Women's Wear,6204,8909375137684
Zara Navy Women's Stiletto Heels - Size UK 10,APP-03851,GST,12,1109.16,2422.73,25,Footwear,6403,8907991845192
Mango Olive Formal Shirt - Size L,APP-03852,GST,12,715.26,1590.92,23,Men's Wear,6205,8903851940568
W for Woman Pink Designer Lehenga Choli,APP-03853,GST,12,6458.87,9429.68,7,Ethnic Wear,6204,8900752879972
Manyavar Yellow Cotton Kurti - Size 3XL,APP-03854,GST,5,520.92,913.15,9,Women's Wear,6211,8902593122725
Raymond Pink Georgette Saree,APP-03855,GST,12,2003.21,4182.14,16,Ethnic Wear,5407,8900795825467
FabIndia Blue Unisex Hoodie - Size XXL,APP-03856,GST,12,474.63,1012.7,34,Winter Wear,6110,8903907516380
Woodland Red Kids Winter Jacket - Size XL,APP-03857,GST,12,874.59,1822.35,20,Kids Wear,6209,8900990737229
Local Boutique Maroon Two-Piece Suit - Size L,APP-03858,GST,12,4515.85,7402.63,5,Men's Wear,6203,8904544029195
Manyavar Black Girls Leggings - Size 3XL,APP-03859,GST,5,198.03,440.07,18,Kids Wear,6111,8908414922835
Peter England Olive Kids Winter Jacket - Size M,APP-03860,GST,5,422.68,867.64,23,Kids Wear,6209,8901174863693
Peter England Green Women's Flat Sandals - Size UK 9,APP-03861,GST,12,271.6,668.12,31,Footwear,6404,8900435175931
Biba Maroon Unisex Hoodie - Size S,APP-03862,GST,12,1147.69,1648.89,17,Winter Wear,6110,8905631479612
Manyavar Black Men's Pullover Sweater - Size XXL,APP-03863,GST,12,847.76,1754.48,32,Winter Wear,6110,8905585379978
H&M Maroon Sports Running Sneakers - Size UK 10,APP-03864,GST,12,1414.09,2967.38,40,Footwear,6404,8906511988874
Raymond Olive Imitation Necklace Set,APP-03865,GST,3,436.24,697.44,31,Jewelry,7117,8907854574770
Peter England Grey Kids Winter Jacket - Size 3XL,APP-03866,GST,12,851.98,1884.06,36,Kids Wear,6209,8908348564327
Raymond White Girls Floral Frock - Size S,APP-03867,GST,12,691.2,1212.32,24,Kids Wear,6111,8902770156266
Marks & Spencer White Clutch Sling Bag,APP-03868,GST,18,1024.47,1576.0,38,Accessories,4202,8902008546316
Woodland Black Georgette Saree,APP-03869,GST,12,2347.64,4324.39,20,Ethnic Wear,5407,8909323755838
Levi's Olive Women's Stiletto Heels - Size UK 11,APP-03870,GST,12,690.65,1463.72,17,Footwear,6403,8909325485928
Biba Olive Polarized Sunglasses,APP-03871,GST,18,1257.15,2875.73,28,Accessories,9004,8906534797109
Allen Solly Red Casual T-Shirt - Size XXL,APP-03872,GST,5,612.55,857.65,2,Men's Wear,6109,8903266617808
Aurelia Teal Sports Running Sneakers - Size UK 7,APP-03873,GST,12,1235.74,2579.54,38,Footwear,6404,8901627765029
Biba Green Designer Lehenga Choli,APP-03874,GST,12,6350.31,9967.08,37,Ethnic Wear,6204,8901535375927
Bata Mustard Chinos - Size XL,APP-03875,GST,12,822.11,1972.12,25,Men's Wear,6203,8902429338010
Peter England White Men's Oxford Leather Shoes - Size UK 8,APP-03876,GST,12,1136.99,2739.78,19,Footwear,6403,8904608348649
Local Boutique Olive Two-Piece Suit - Size L,APP-03877,GST,12,1684.7,3373.38,13,Men's Wear,6203,8901233153497
Biba White Girls Leggings - Size XL,APP-03878,GST,5,119.09,250.35,15,Kids Wear,6111,8907514164866
Marks & Spencer Red Women's Stiletto Heels - Size UK 6,APP-03879,GST,12,1224.35,2325.37,13,Footwear,6403,8902786028496
W for Woman Green Crop Top - Size L,APP-03880,GST,5,305.79,758.87,5,Women's Wear,6206,8902199149952
Levi's Green Sherwani - Size XXL,APP-03881,GST,12,3646.9,8891.65,6,Ethnic Wear,6211,8909654970594
W for Woman Pink Cotton Printed Saree,APP-03882,GST,12,740.08,1156.45,5,Ethnic Wear,5407,8900203887071
Woodland Black Silk Saree,APP-03883,GST,12,4559.62,6717.95,7,Ethnic Wear,5407,8900046879752
Peter England Black Formal Trousers - Size XXL,APP-03884,GST,12,585.67,1098.0,20,Men's Wear,6203,8902556862229
Manyavar Teal Denim Jeans - Size L,APP-03885,GST,12,993.78,1494.74,6,Men's Wear,6203,8900567392936
Peter England Yellow Genuine Leather Wallet,APP-03886,GST,18,684.97,1148.22,34,Accessories,4202,8907235838951
W for Woman Pink Thermal Innerwear Set - Size M,APP-03887,GST,5,229.97,439.49,2,Winter Wear,6107,8900483076273
W for Woman Green Maxi Dress - Size M,APP-03888,GST,12,1288.7,2456.33,20,Women's Wear,6204,8903832622506
Raymond Grey Crop Top - Size M,APP-03889,GST,5,258.75,618.82,9,Women's Wear,6206,8903014646750
Mango Black Silk Saree,APP-03890,GST,12,2395.99,5724.26,6,Ethnic Wear,5407,8908520397101
Nike Teal Casual T-Shirt - Size L,APP-03891,GST,5,282.28,406.32,3,Men's Wear,6109,8909809934096
Peter England Olive Casual T-Shirt - Size XXL,APP-03892,GST,5,360.08,851.54,26,Men's Wear,6109,8908486558422
Biba Mustard Boys Denim Jeans - Size XL,APP-03893,GST,5,369.38,729.47,30,Kids Wear,6111,8905564429277
Allen Solly White Boys Graphic T-Shirt - Size XXL,APP-03894,GST,5,137.03,312.99,9,Kids Wear,6111,8906749422216
Peter England Beige Girls Leggings - Size L,APP-03895,GST,5,107.72,211.14,7,Kids Wear,6111,8904987142035
Local Boutique Yellow Thermal Innerwear Set - Size XXL,APP-03896,GST,5,370.38,590.57,4,Winter Wear,6107,8904938636231
Manyavar Pink Men's Loafers - Size UK 7,APP-03897,GST,12,562.5,1240.0,13,Footwear,6403,8904776306585
FabIndia Yellow Sports Running Sneakers - Size UK 11,APP-03898,GST,12,1679.24,3008.87,25,Footwear,6404,8909915897303
Mango Green Men's Loafers - Size UK 9,APP-03899,GST,12,1104.88,2664.63,20,Footwear,6403,8902983687619
Bata Green Casual T-Shirt - Size S,APP-03900,GST,5,315.93,469.61,23,Men's Wear,6109,8905510749818
Aurelia Teal Women's Stiletto Heels - Size UK 11,APP-03901,GST,12,1273.58,2316.96,7,Footwear,6403,8901588901718
FabIndia Beige Unisex Hoodie - Size XL,APP-03902,GST,12,728.04,1678.88,12,Winter Wear,6110,8906831562420
Peter England Green Girls Leggings - Size 3XL,APP-03903,GST,5,309.42,456.73,7,Kids Wear,6111,8906976905435
Aurelia Grey A-Line Dress - Size M,APP-03904,GST,12,867.22,1953.86,39,Women's Wear,6204,8904719023271
Local Boutique Teal Polo T-Shirt - Size M,APP-03905,GST,5,190.52,465.85,24,Men's Wear,6109,8909212303489
Peter England Green Genuine Leather Wallet,APP-03906,GST,18,423.83,1038.67,14,Accessories,4202,8901721046311
Aurelia Teal Women's Stiletto Heels - Size UK 10,APP-03907,GST,12,1395.82,1978.96,5,Footwear,6403,8909878350544
Levi's White Girls Floral Frock - Size XXL,APP-03908,GST,5,227.53,561.93,10,Kids Wear,6111,8905470997341
W for Woman Pink Silk Saree,APP-03909,GST,12,3908.71,6668.77,1,Ethnic Wear,5407,8907647186294
Woodland Grey Formal Trousers - Size 3XL,APP-03910,GST,5,504.29,754.91,22,Women's Wear,6204,8903948072078
W for Woman Pink Cotton Printed Saree,APP-03911,GST,12,735.31,1273.15,12,Ethnic Wear,5407,8902277602180
Woodland Mustard Women's Woolen Cardigan - Size XL,APP-03912,GST,5,536.09,854.8,38,Winter Wear,6110,8903444519067
Raymond Pink Men's Loafers - Size UK 6,APP-03913,GST,12,417.65,968.06,36,Footwear,6403,8903063443710
Nike Red Women's Stiletto Heels - Size UK 7,APP-03914,GST,12,888.95,1955.37,23,Footwear,6403,8904237353497
Raymond Grey Cotton Kurti - Size XL,APP-03915,GST,5,323.6,796.97,13,Women's Wear,6211,8902253502277
Aurelia Pink Cotton Printed Saree,APP-03916,GST,12,529.72,1043.34,32,Ethnic Wear,5407,8901370587752
Biba Teal Maxi Dress - Size S,APP-03917,GST,12,1354.62,3220.19,11,Women's Wear,6204,8900040234203
Marks & Spencer Yellow Palazzo Pants - Size 3XL,APP-03918,GST,5,387.64,671.35,14,Women's Wear,6204,8905002156383
Aurelia Maroon Kids Winter Jacket - Size XXL,APP-03919,GST,12,488.98,1090.93,27,Kids Wear,6209,8905869491997
Manyavar Mustard Women's Flat Sandals - Size UK 10,APP-03920,GST,12,323.98,531.93,20,Footwear,6404,8904553296773
Manyavar Beige Men's Loafers - Size UK 7,APP-03921,GST,12,1621.42,2548.52,14,Footwear,6403,8901888616663
Raymond Red Silk Saree,APP-03922,GST,12,3354.54,5055.78,17,Ethnic Wear,5407,8901682497705
Zara White Cotton Printed Saree,APP-03923,GST,12,904.39,2204.86,28,Ethnic Wear,5407,8905476512674
Allen Solly Yellow Women's Tote Handbag,APP-03924,GST,18,1740.95,3104.59,13,Accessories,4202,8908345629334
Manyavar Maroon Women's Tote Handbag,APP-03925,GST,18,626.22,1353.66,10,Accessories,4202,8902309476059
Bata Maroon Women's Woolen Cardigan - Size 3XL,APP-03926,GST,12,899.1,1921.38,28,Winter Wear,6110,8901249833441
Aurelia Yellow Men's Kurta Pajama Set - Size XXL,APP-03927,GST,12,1571.47,3205.17,14,Ethnic Wear,6211,8908925291493
Levi's Teal Men's Oxford Leather Shoes - Size UK 7,APP-03928,GST,12,1548.61,3288.66,40,Footwear,6403,8900831168674
Bata Grey Cotton Printed Saree,APP-03929,GST,12,880.5,2120.7,13,Ethnic Wear,5407,8902071811694
Zara Pink Cotton Printed Saree,APP-03930,GST,12,669.74,1381.74,6,Ethnic Wear,5407,8908701539874
W for Woman Teal Casual T-Shirt - Size L,APP-03931,GST,5,216.62,318.66,38,Men's Wear,6109,8909498511742
H&M Navy Girls Leggings - Size M,APP-03932,GST,5,105.73,199.65,2,Kids Wear,6111,8904512285893
Bata Black Imitation Necklace Set,APP-03933,GST,3,322.62,535.39,29,Jewelry,7117,8904318910049
Nike Maroon Denim Jacket - Size S,APP-03934,GST,12,1614.87,2474.9,10,Women's Wear,6204,8908549972631
Manyavar Black Imitation Necklace Set,APP-03935,GST,3,260.25,488.83,29,Jewelry,7117,8900429579035
Peter England Mustard Georgette Saree,APP-03936,GST,12,970.31,2154.25,34,Ethnic Wear,5407,8902359848876
H&M Grey Clutch Sling Bag,APP-03937,GST,18,399.75,896.05,34,Accessories,4202,8904121234960
Levi's Teal Boys Denim Jeans - Size XL,APP-03938,GST,5,216.03,395.57,30,Kids Wear,6111,8902352643611
Mango Teal Silk Saree,APP-03939,GST,12,1359.95,2383.11,7,Ethnic Wear,5407,8906298475487
Peter England Beige Polo T-Shirt - Size XL,APP-03940,GST,5,375.37,574.18,25,Men's Wear,6109,8909948385601
Woodland Grey Women's Woolen Cardigan - Size L,APP-03941,GST,12,676.35,1513.0,30,Winter Wear,6110,8907895324975
Levi's Black Crop Top - Size M,APP-03942,GST,5,308.82,749.01,40,Women's Wear,6206,8909932603861
W for Woman Olive Polarized Sunglasses,APP-03943,GST,18,1207.92,2745.83,19,Accessories,9004,8902368378037
Bata White Formal Trousers - Size XXL,APP-03944,GST,12,666.33,1327.3,35,Men's Wear,6203,8900746120465
Manyavar Maroon Men's Kurta Pajama Set - Size L,APP-03945,GST,12,1323.0,2173.94,25,Ethnic Wear,6211,8903638139222
Peter England Navy Crop Top - Size M,APP-03946,GST,5,222.36,367.79,39,Women's Wear,6206,8909820487937
H&M Red Polo T-Shirt - Size M,APP-03947,GST,5,235.07,528.74,37,Men's Wear,6109,8903775901292
FabIndia Beige Men's Leather Belt,APP-03948,GST,18,687.42,1013.76,14,Accessories,4202,8907045740850
Raymond Beige Men's Oxford Leather Shoes - Size UK 10,APP-03949,GST,12,633.18,1561.1,15,Footwear,6403,8909282369649
Marks & Spencer Mustard Silk Saree,APP-03950,GST,12,2919.3,5888.42,6,Ethnic Wear,5407,8903800338336
Levi's Olive Thermal Innerwear Set - Size XL,APP-03951,GST,5,207.1,453.84,4,Winter Wear,6107,8904761945615
Zara Grey Women's Flat Sandals - Size UK 5,APP-03952,GST,12,744.81,1052.31,40,Footwear,6404,8909429223197
Manyavar Olive Sports Running Sneakers - Size UK 10,APP-03953,GST,12,1632.75,3329.18,10,Footwear,6404,8900108981072
FabIndia Olive Palazzo Pants - Size M,APP-03954,GST,12,479.56,1136.6,32,Women's Wear,6204,8904783019441
Mango Grey Formal Shirt - Size M,APP-03955,GST,5,338.45,823.89,17,Men's Wear,6205,8902537424941
Mango Green Men's Loafers - Size UK 9,APP-03956,GST,12,609.51,1355.33,3,Footwear,6403,8902392831091
Bata White Girls Floral Frock - Size XXL,APP-03957,GST,12,962.99,1359.41,16,Kids Wear,6111,8909792341024
W for Woman Black A-Line Dress - Size L,APP-03958,GST,12,951.11,1739.63,7,Women's Wear,6204,8900626844187
Woodland Mustard Thermal Innerwear Set - Size 3XL,APP-03959,GST,12,592.69,1228.11,6,Winter Wear,6107,8907687296204
Local Boutique Green Maxi Dress - Size 3XL,APP-03960,GST,12,1640.76,2456.09,6,Women's Wear,6204,8904100825923
Aurelia Green Denim Jeans - Size S,APP-03961,GST,12,616.3,1143.19,11,Men's Wear,6203,8905152880049
Allen Solly Mustard Men's Pullover Sweater - Size L,APP-03962,GST,12,633.19,1279.23,24,Winter Wear,6110,8900849517042
Raymond Yellow Denim Jeans - Size M,APP-03963,GST,12,1119.68,2663.36,29,Men's Wear,6203,8908875263228
Raymond White Cotton Printed Saree,APP-03964,GST,12,687.44,1107.62,36,Ethnic Wear,5407,8900210377002
Levi's Green Silk Saree,APP-03965,GST,12,1344.21,3071.7,2,Ethnic Wear,5407,8906274157088
Biba Grey Formal Trousers - Size XL,APP-03966,GST,12,1061.41,1794.06,25,Women's Wear,6204,8901435434918
FabIndia Mustard Genuine Leather Wallet,APP-03967,GST,18,535.24,1140.46,29,Accessories,4202,8904643330403
Manyavar Grey Polo T-Shirt - Size S,APP-03968,GST,5,434.62,780.74,33,Men's Wear,6109,8905350629258
Nike Beige Polo T-Shirt - Size S,APP-03969,GST,12,552.16,1170.68,17,Men's Wear,6109,8903733312938
W for Woman Green Girls Leggings - Size XL,APP-03970,GST,5,237.45,421.51,4,Kids Wear,6111,8902208053847
FabIndia Yellow Genuine Leather Wallet,APP-03971,GST,18,191.72,449.44,18,Accessories,4202,8906518359146
Biba Black Two-Piece Suit - Size S,APP-03972,GST,12,6175.9,8922.29,30,Men's Wear,6203,8909834007716
Peter England White Polarized Sunglasses,APP-03973,GST,18,910.07,2079.38,15,Accessories,9004,8901734996321
W for Woman Blue Girls Floral Frock - Size 3XL,APP-03974,GST,12,535.06,1249.24,30,Kids Wear,6111,8905317528612
Nike Black Maxi Dress - Size 3XL,APP-03975,GST,12,1928.89,2770.26,21,Women's Wear,6204,8909375818350
Peter England Red Polarized Sunglasses,APP-03976,GST,18,848.43,2077.34,18,Accessories,9004,8900897578423
H&M Pink Boys Denim Jeans - Size XXL,APP-03977,GST,12,795.65,1147.2,11,Kids Wear,6111,8906421492884
Aurelia Olive Chinos - Size M,APP-03978,GST,12,1054.5,2299.25,19,Men's Wear,6203,8907792796939
Allen Solly Green A-Line Dress - Size L,APP-03979,GST,12,910.69,2112.21,24,Women's Wear,6204,8907045330434
Nike Grey Clutch Sling Bag,APP-03980,GST,18,491.99,995.7,33,Accessories,4202,8902687443373
Nike Pink Two-Piece Suit - Size S,APP-03981,GST,12,3091.2,4399.4,2,Men's Wear,6203,8900810391114
Local Boutique Green Formal Shirt - Size L,APP-03982,GST,12,820.5,1571.26,28,Men's Wear,6205,8902163484430
Levi's Navy Boys Graphic T-Shirt - Size L,APP-03983,GST,5,317.66,666.32,31,Kids Wear,6111,8905508238288
Zara Maroon Kids Velcro Sneakers - Size UK 5,APP-03984,GST,12,389.38,740.95,6,Footwear,6404,8909588073271
Aurelia Blue Men's Kurta Pajama Set - Size L,APP-03985,GST,12,1249.35,1944.93,20,Ethnic Wear,6211,8906863872032
Mango Blue Formal Trousers - Size M,APP-03986,GST,12,856.62,1652.94,20,Women's Wear,6204,8909432740265
Marks & Spencer Green Boys Graphic T-Shirt - Size XXL,APP-03987,GST,5,165.51,298.47,4,Kids Wear,6111,8902331081854
Allen Solly Mustard Women's Flat Sandals - Size UK 7,APP-03988,GST,12,508.15,1151.36,17,Footwear,6404,8903882737490
Nike Pink Men's Leather Belt,APP-03989,GST,18,475.23,712.96,5,Accessories,4202,8903240621461
Levi's Green Palazzo Pants - Size L,APP-03990,GST,5,399.71,909.73,16,Women's Wear,6204,8907025556348
Nike White Two-Piece Suit - Size 3XL,APP-03991,GST,12,2432.26,6021.94,8,Men's Wear,6203,8908074922396
W for Woman Red Men's Pullover Sweater - Size XXL,APP-03992,GST,12,890.15,1934.31,17,Winter Wear,6110,8901908274574
Woodland Green Girls Floral Frock - Size XXL,APP-03993,GST,12,548.77,1132.95,24,Kids Wear,6111,8900763373643
Puma Yellow Girls Floral Frock - Size S,APP-03994,GST,5,371.71,639.8,16,Kids Wear,6111,8900700958304
Marks & Spencer Maroon Maxi Dress - Size M,APP-03995,GST,12,988.55,1456.0,12,Women's Wear,6204,8906557474493
Aurelia Yellow Kids Winter Jacket - Size M,APP-03996,GST,12,745.55,1161.64,26,Kids Wear,6209,8900834028974
Levi's Teal Formal Shirt - Size 3XL,APP-03997,GST,12,670.55,1135.35,40,Men's Wear,6205,8906479353956
Zara Olive Maxi Dress - Size L,APP-03998,GST,12,833.6,1813.46,27,Women's Wear,6204,8902671889267
H&M Blue Denim Jeans - Size XL,APP-03999,GST,12,690.75,1037.15,25,Men's Wear,6203,8907322177594
Raymond Navy Chinos - Size XL,APP-04000,GST,12,955.41,1524.96,18,Men's Wear,6203,8905337697916
Bata Maroon Cotton Kurti - Size M,APP-04001,GST,12,602.96,1025.37,37,Women's Wear,6211,8906063007982
Levi's Pink Crop Top - Size 3XL,APP-04002,GST,5,291.55,688.89,31,Women's Wear,6206,8908735639211
Bata Grey Sports Running Sneakers - Size UK 11,APP-04003,GST,12,1021.83,1862.23,25,Footwear,6404,8909877351059
Levi's Navy Thermal Innerwear Set - Size L,APP-04004,GST,12,593.87,1100.5,22,Winter Wear,6107,8900094794792
Puma Mustard Men's Leather Belt,APP-04005,GST,18,382.06,927.25,7,Accessories,4202,8906629087929
Marks & Spencer Maroon Kids Winter Jacket - Size M,APP-04006,GST,12,699.06,1657.0,32,Kids Wear,6209,8907639663527
Aurelia Black Silk Saree,APP-04007,GST,12,3146.81,5972.99,24,Ethnic Wear,5407,8900408413838
Peter England White Genuine Leather Wallet,APP-04008,GST,18,335.63,808.09,35,Accessories,4202,8902079077988
Zara Grey Kids Winter Jacket - Size M,APP-04009,GST,12,567.55,1235.46,27,Kids Wear,6209,8906402802802
Biba Pink Maxi Dress - Size L,APP-04010,GST,12,997.05,1821.34,6,Women's Wear,6204,8906517586662
W for Woman Yellow Kids Winter Jacket - Size S,APP-04011,GST,12,682.84,1120.01,34,Kids Wear,6209,8903392384099
Biba Teal Two-Piece Suit - Size XL,APP-04012,GST,12,6835.47,10153.77,26,Men's Wear,6203,8904985774273
Marks & Spencer Navy Sherwani - Size S,APP-04013,GST,12,5774.86,12405.78,30,Ethnic Wear,6211,8900547209264
Manyavar Teal Girls Leggings - Size M,APP-04014,GST,5,191.74,355.52,39,Kids Wear,6111,8904718916680
Puma Olive Men's Loafers - Size UK 5,APP-04015,GST,12,1560.19,2263.25,6,Footwear,6403,8907977660022
Allen Solly Pink Formal Shirt - Size M,APP-04016,GST,12,668.2,1251.6,9,Men's Wear,6205,8903822355220
Raymond White Women's Tote Handbag,APP-04017,GST,18,1450.27,3580.68,26,Accessories,4202,8902120254094
H&M Blue Slim Fit Blazer - Size XXL,APP-04018,GST,12,3371.69,5956.53,23,Men's Wear,6203,8902551765698
Woodland Navy Palazzo Pants - Size XXL,APP-04019,GST,12,1005.78,1436.99,39,Women's Wear,6204,8902628975720
Zara Navy Formal Trousers - Size 3XL,APP-04020,GST,5,620.18,875.08,7,Women's Wear,6204,8904328858994
Peter England Beige Unisex Hoodie - Size 3XL,APP-04021,GST,12,510.25,1274.56,27,Winter Wear,6110,8909981892371
Nike Navy Denim Jeans - Size XXL,APP-04022,GST,12,679.75,1023.56,7,Men's Wear,6203,8903646890688
Mango Green Thermal Innerwear Set - Size XXL,APP-04023,GST,12,767.56,1234.48,7,Winter Wear,6107,8902779053875
Mango Olive Chinos - Size XXL,APP-04024,GST,12,586.72,1292.66,17,Men's Wear,6203,8902970397733
Allen Solly Mustard Sports Running Sneakers - Size UK 5,APP-04025,GST,12,1590.43,2384.75,13,Footwear,6404,8902694410423
Allen Solly Black A-Line Dress - Size 3XL,APP-04026,GST,12,1087.85,2183.04,25,Women's Wear,6204,8905862334878
Puma Navy Chinos - Size M,APP-04027,GST,12,1515.25,2227.37,19,Men's Wear,6203,8907467573251
Nike White Polarized Sunglasses,APP-04028,GST,18,1864.24,2753.45,13,Accessories,9004,8901243219792
Local Boutique Teal Cotton Printed Saree,APP-04029,GST,12,1249.2,2384.35,4,Ethnic Wear,5407,8903530056841
FabIndia Yellow Unisex Hoodie - Size M,APP-04030,GST,5,481.66,881.49,32,Winter Wear,6110,8905413263015
Marks & Spencer Pink Denim Jeans - Size XXL,APP-04031,GST,12,567.24,1176.84,13,Men's Wear,6203,8900922133704
Peter England Blue Sherwani - Size 3XL,APP-04032,GST,12,8633.33,15977.06,2,Ethnic Wear,6211,8907294306287
Nike Green Formal Trousers - Size S,APP-04033,GST,5,439.36,793.51,8,Women's Wear,6204,8909728558679
Zara Maroon Silk Saree,APP-04034,GST,12,3352.08,5262.31,33,Ethnic Wear,5407,8906348765612
Peter England Maroon Women's Stiletto Heels - Size UK 9,APP-04035,GST,12,1592.68,2840.49,21,Footwear,6403,8902110953161
Aurelia Teal Boys Graphic T-Shirt - Size XL,APP-04036,GST,5,219.65,441.25,22,Kids Wear,6111,8909713411292
Marks & Spencer Pink Polarized Sunglasses,APP-04037,GST,18,579.04,918.02,14,Accessories,9004,8908524796554
Peter England Teal Boys Denim Jeans - Size XXL,APP-04038,GST,5,374.42,631.77,34,Kids Wear,6111,8905980690439
Local Boutique Grey Kids Velcro Sneakers - Size UK 9,APP-04039,GST,12,524.84,1084.67,37,Footwear,6404,8904984406026
Peter England Beige Men's Leather Belt,APP-04040,GST,18,542.91,789.02,9,Accessories,4202,8901989902077
Levi's Black Men's Loafers - Size UK 9,APP-04041,GST,12,1388.95,2712.98,6,Footwear,6403,8905302933367
Peter England Green Unisex Hoodie - Size M,APP-04042,GST,12,614.45,1251.09,23,Winter Wear,6110,8903841279132
Puma Blue Girls Floral Frock - Size M,APP-04043,GST,12,602.36,1187.89,36,Kids Wear,6111,8908404162742
Zara Red Cotton Kurti - Size 3XL,APP-04044,GST,12,704.35,1054.52,21,Women's Wear,6211,8904448502461
H&M Maroon Casual T-Shirt - Size XXL,APP-04045,GST,5,234.33,328.97,7,Men's Wear,6109,8903779730951
Aurelia Black Men's Kurta Pajama Set - Size XL,APP-04046,GST,12,802.75,1559.55,4,Ethnic Wear,6211,8904032404401
H&M Yellow Maxi Dress - Size XXL,APP-04047,GST,12,1040.55,1942.93,14,Women's Wear,6204,8904361455012
Allen Solly Navy Women's Tote Handbag,APP-04048,GST,18,818.17,1288.96,28,Accessories,4202,8908667756469
Levi's Maroon Sports Running Sneakers - Size UK 6,APP-04049,GST,12,889.35,2222.03,3,Footwear,6404,8909481685319
Allen Solly Olive Men's Leather Belt,APP-04050,GST,18,461.52,1058.79,5,Accessories,4202,8904618702739
Nike Teal Cotton Kurti - Size XL,APP-04051,GST,5,331.07,747.71,6,Women's Wear,6211,8904642508823
Nike Pink A-Line Dress - Size M,APP-04052,GST,12,763.14,1768.71,28,Women's Wear,6204,8904773237249
Biba Pink Maxi Dress - Size S,APP-04053,GST,12,1096.82,1702.33,1,Women's Wear,6204,8906186946056
FabIndia Yellow Men's Leather Belt,APP-04054,GST,18,727.85,1040.6,24,Accessories,4202,8906958261691
Nike Blue Formal Trousers - Size 3XL,APP-04055,GST,12,776.33,1663.46,5,Women's Wear,6204,8902580256219
Nike Yellow Unisex Hoodie - Size XL,APP-04056,GST,5,271.94,599.88,4,Winter Wear,6110,8904241426562
H&M Mustard Women's Woolen Cardigan - Size XL,APP-04057,GST,5,403.63,744.4,16,Winter Wear,6110,8900072476605
H&M Mustard Crop Top - Size M,APP-04058,GST,5,379.37,731.71,34,Women's Wear,6206,8903747669377
Biba Navy Men's Oxford Leather Shoes - Size UK 11,APP-04059,GST,12,1516.57,3615.55,11,Footwear,6403,8907841287612
FabIndia Maroon Sports Running Sneakers - Size UK 5,APP-04060,GST,12,887.89,2058.12,38,Footwear,6404,8909877999481
Raymond Olive Men's Leather Belt,APP-04061,GST,18,320.66,643.43,12,Accessories,4202,8907561040867
FabIndia Green Formal Trousers - Size XXL,APP-04062,GST,12,978.42,1911.49,18,Women's Wear,6204,8908106247165
Levi's Pink Kids Winter Jacket - Size 3XL,APP-04063,GST,12,939.42,1868.52,27,Kids Wear,6209,8905120541528
Local Boutique Grey Casual T-Shirt - Size XL,APP-04064,GST,5,476.88,824.68,31,Men's Wear,6109,8900169620233
FabIndia Yellow Girls Leggings - Size S,APP-04065,GST,5,129.17,290.01,36,Kids Wear,6111,8901378956235
Puma Green Designer Lehenga Choli,APP-04066,GST,12,2002.63,4966.53,20,Ethnic Wear,6204,8905896385952
Peter England Green Designer Lehenga Choli,APP-04067,GST,12,1766.02,4080.25,6,Ethnic Wear,6204,8900666058809
Biba Pink Sherwani - Size L,APP-04068,GST,12,3405.86,7164.8,33,Ethnic Wear,6211,8901588322570
Zara White Maxi Dress - Size XL,APP-04069,GST,12,1338.1,2448.1,3,Women's Wear,6204,8902892814989
W for Woman Maroon Kids Winter Jacket - Size 3XL,APP-04070,GST,12,670.6,1567.79,31,Kids Wear,6209,8908154836115
Marks & Spencer Blue Silk Saree,APP-04071,GST,12,3692.41,6747.82,20,Ethnic Wear,5407,8904934743034
FabIndia Maroon Imitation Necklace Set,APP-04072,GST,3,484.88,1092.92,22,Jewelry,7117,8906611556816
Aurelia Navy Formal Shirt - Size 3XL,APP-04073,GST,5,289.19,544.44,32,Men's Wear,6205,8906601782961
Local Boutique Blue Designer Lehenga Choli,APP-04074,GST,12,3066.99,7400.78,2,Ethnic Wear,6204,8902797273019
Woodland Beige Clutch Sling Bag,APP-04075,GST,18,573.42,1038.04,10,Accessories,4202,8901745658988
Levi's Teal Georgette Saree,APP-04076,GST,12,1321.1,3051.08,15,Ethnic Wear,5407,8908068414579
W for Woman Olive Boys Denim Jeans - Size 3XL,APP-04077,GST,12,542.49,1030.7,36,Kids Wear,6111,8901567997281
Woodland White Boys Denim Jeans - Size M,APP-04078,GST,5,588.63,905.09,15,Kids Wear,6111,8902763916949
Levi's Teal Men's Loafers - Size UK 11,APP-04079,GST,12,1076.38,1972.57,30,Footwear,6403,8906596471817
Puma Navy Boys Denim Jeans - Size S,APP-04080,GST,5,558.44,847.99,37,Kids Wear,6111,8909751175634
Peter England Maroon Georgette Saree,APP-04081,GST,12,1244.0,1789.28,7,Ethnic Wear,5407,8906269696727
Puma Blue Sports Running Sneakers - Size UK 6,APP-04082,GST,12,2716.21,4333.74,14,Footwear,6404,8907319682436
Mango White Men's Leather Belt,APP-04083,GST,18,699.33,1013.43,31,Accessories,4202,8908972671569
Raymond Olive Formal Trousers - Size 3XL,APP-04084,GST,12,560.86,1381.77,5,Men's Wear,6203,8902983945416
Aurelia Black Georgette Saree,APP-04085,GST,12,1921.48,3432.37,1,Ethnic Wear,5407,8906652853004
W for Woman Yellow Sherwani - Size 3XL,APP-04086,GST,12,5108.63,12120.13,35,Ethnic Wear,6211,8905922220065
Local Boutique Pink Clutch Sling Bag,APP-04087,GST,18,606.01,925.3,18,Accessories,4202,8902018034206
Bata Mustard Kids Velcro Sneakers - Size UK 6,APP-04088,GST,12,285.09,555.8,18,Footwear,6404,8906687081796
Zara White A-Line Dress - Size XL,APP-04089,GST,12,981.18,1532.13,3,Women's Wear,6204,8904658365998
Zara Maroon Formal Shirt - Size 3XL,APP-04090,GST,5,472.38,944.95,7,Men's Wear,6205,8903662220861
FabIndia White Casual T-Shirt - Size M,APP-04091,GST,5,371.74,810.4,24,Men's Wear,6109,8900963994783
Mango Grey Designer Lehenga Choli,APP-04092,GST,12,5140.27,9438.46,36,Ethnic Wear,6204,8902474079434
Raymond Teal Men's Kurta Pajama Set - Size S,APP-04093,GST,12,1447.37,2769.99,24,Ethnic Wear,6211,8906661962132
Biba Beige Silk Saree,APP-04094,GST,12,891.97,2148.46,38,Ethnic Wear,5407,8907610321658
Marks & Spencer Yellow Formal Shirt - Size M,APP-04095,GST,5,469.91,903.91,3,Men's Wear,6205,8905119388309
Nike Green Casual T-Shirt - Size 3XL,APP-04096,GST,5,322.59,591.67,31,Men's Wear,6109,8902919304201
W for Woman Beige Kids Velcro Sneakers - Size UK 5,APP-04097,GST,12,853.04,1344.46,15,Footwear,6404,8901187656722
Zara Red Georgette Saree,APP-04098,GST,12,1893.13,4165.5,16,Ethnic Wear,5407,8908410195992
Biba Navy Maxi Dress - Size XXL,APP-04099,GST,12,647.05,1528.96,17,Women's Wear,6204,8904066159222
Local Boutique Mustard Denim Jeans - Size XL,APP-04100,GST,12,1391.07,2372.04,35,Men's Wear,6203,8906183825591
Puma Red Designer Lehenga Choli,APP-04101,GST,12,4717.67,10280.69,11,Ethnic Wear,6204,8904560518208
Peter England Grey Polarized Sunglasses,APP-04102,GST,18,464.78,1139.12,33,Accessories,9004,8900871353847
FabIndia Navy Formal Trousers - Size M,APP-04103,GST,12,785.97,1868.69,23,Women's Wear,6204,8907036595925
Allen Solly Yellow Men's Oxford Leather Shoes - Size UK 10,APP-04104,GST,12,798.67,1895.53,37,Footwear,6403,8902904699811
FabIndia White Unisex Hoodie - Size 3XL,APP-04105,GST,12,926.08,1785.61,12,Winter Wear,6110,8906167167270
FabIndia Olive A-Line Dress - Size L,APP-04106,GST,5,376.78,853.16,27,Women's Wear,6204,8902108308320
H&M Navy Men's Leather Belt,APP-04107,GST,18,353.62,820.74,16,Accessories,4202,8908415311892
Peter England Yellow Palazzo Pants - Size M,APP-04108,GST,5,260.71,533.66,10,Women's Wear,6204,8909887287713
Raymond Red Polo T-Shirt - Size M,APP-04109,GST,5,367.82,786.27,33,Men's Wear,6109,8900900779642
Bata Olive Thermal Innerwear Set - Size S,APP-04110,GST,5,493.38,941.75,24,Winter Wear,6107,8902539913854
Puma White Chinos - Size 3XL,APP-04111,GST,12,706.74,1493.73,17,Men's Wear,6203,8908519544233
Nike Black Cotton Printed Saree,APP-04112,GST,12,669.29,1346.65,33,Ethnic Wear,5407,8905510889217
Allen Solly Grey Slim Fit Blazer - Size 3XL,APP-04113,GST,12,2172.12,4320.28,16,Men's Wear,6203,8901599646087
Manyavar Navy Cotton Kurti - Size XL,APP-04114,GST,12,439.51,1085.87,22,Women's Wear,6211,8903881768353
Nike Yellow Cotton Kurti - Size XXL,APP-04115,GST,5,183.39,426.94,8,Women's Wear,6211,8900162198974
Woodland Beige Designer Lehenga Choli,APP-04116,GST,12,2161.01,4356.11,6,Ethnic Wear,6204,8905164919070
Nike Navy Polarized Sunglasses,APP-04117,GST,18,529.41,1143.58,19,Accessories,9004,8909230661901
Nike Teal Men's Oxford Leather Shoes - Size UK 9,APP-04118,GST,12,1814.68,4271.06,19,Footwear,6403,8902524671930
Raymond Mustard Girls Leggings - Size XL,APP-04119,GST,5,217.66,469.33,2,Kids Wear,6111,8908753589832
Levi's Green Georgette Saree,APP-04120,GST,12,1674.24,4140.39,8,Ethnic Wear,5407,8903331695432
Biba Navy Silk Saree,APP-04121,GST,12,2731.58,4878.1,8,Ethnic Wear,5407,8906978837772
Raymond Blue Denim Jeans - Size XXL,APP-04122,GST,12,1278.53,2994.01,33,Men's Wear,6203,8908842716965
Raymond Green Men's Pullover Sweater - Size L,APP-04123,GST,12,932.47,2115.51,11,Winter Wear,6110,8908403476964
Nike Mustard Girls Floral Frock - Size L,APP-04124,GST,5,245.84,450.47,39,Kids Wear,6111,8909425328369
Allen Solly Mustard Palazzo Pants - Size 3XL,APP-04125,GST,12,1009.21,1446.31,7,Women's Wear,6204,8908721398302
Allen Solly Teal Polo T-Shirt - Size L,APP-04126,GST,12,560.66,1171.69,22,Men's Wear,6109,8907238616018
H&M Beige Women's Woolen Cardigan - Size S,APP-04127,GST,12,1211.87,2021.76,28,Winter Wear,6110,8904069580518
Peter England Navy Men's Kurta Pajama Set - Size 3XL,APP-04128,GST,12,1200.49,2324.86,23,Ethnic Wear,6211,8900318849741
Puma Red Girls Leggings - Size M,APP-04129,GST,5,283.3,494.09,27,Kids Wear,6111,8903366023521
FabIndia White Men's Loafers - Size UK 5,APP-04130,GST,12,1578.21,2512.13,35,Footwear,6403,8909130510271
Allen Solly Green Clutch Sling Bag,APP-04131,GST,18,349.94,874.21,37,Accessories,4202,8906056233094
Bata Maroon Thermal Innerwear Set - Size XXL,APP-04132,GST,5,395.35,869.27,13,Winter Wear,6107,8904645829546
Local Boutique Blue Crop Top - Size M,APP-04133,GST,5,321.6,453.73,15,Women's Wear,6206,8900471662342
Puma Olive Girls Floral Frock - Size 3XL,APP-04134,GST,12,533.38,1322.75,9,Kids Wear,6111,8908194001129
FabIndia Black Boys Denim Jeans - Size XL,APP-04135,GST,5,469.84,917.58,35,Kids Wear,6111,8907414656637
Local Boutique Black Polo T-Shirt - Size 3XL,APP-04136,GST,5,268.14,579.0,31,Men's Wear,6109,8903751435355
Woodland Olive Cotton Printed Saree,APP-04137,GST,5,433.53,931.72,20,Ethnic Wear,5407,8907660097490
H&M Pink Genuine Leather Wallet,APP-04138,GST,18,356.22,736.35,24,Accessories,4202,8908151418594
Peter England Navy Denim Jeans - Size XXL,APP-04139,GST,12,1311.47,2994.37,22,Men's Wear,6203,8906084695449
Aurelia Olive Sherwani - Size 3XL,APP-04140,GST,12,6474.45,14936.29,30,Ethnic Wear,6211,8905561234001
FabIndia Red Sherwani - Size XXL,APP-04141,GST,12,2956.58,5094.52,6,Ethnic Wear,6211,8905076294201
Zara Yellow A-Line Dress - Size M,APP-04142,GST,12,1400.36,2025.39,20,Women's Wear,6204,8903422082419
W for Woman Yellow Kids Velcro Sneakers - Size UK 8,APP-04143,GST,12,673.61,1294.75,19,Footwear,6404,8901372307357
Levi's Maroon Slim Fit Blazer - Size 3XL,APP-04144,GST,12,1289.82,2436.6,17,Men's Wear,6203,8909789535258
Puma Teal Sherwani - Size L,APP-04145,GST,12,3811.02,8424.51,37,Ethnic Wear,6211,8905154143604
Marks & Spencer Yellow Silk Saree,APP-04146,GST,12,3894.66,6460.51,35,Ethnic Wear,5407,8908486064144
W for Woman Olive A-Line Dress - Size 3XL,APP-04147,GST,5,341.5,803.68,25,Women's Wear,6204,8909337579015
Allen Solly Grey Boys Denim Jeans - Size XXL,APP-04148,GST,5,192.88,360.84,37,Kids Wear,6111,8905845450529
W for Woman Blue Girls Leggings - Size XL,APP-04149,GST,5,70.58,166.07,17,Kids Wear,6111,8907680985683
Peter England Green Sherwani - Size S,APP-04150,GST,12,8447.26,14030.05,20,Ethnic Wear,6211,8900275547014
Manyavar Black Denim Jacket - Size M,APP-04151,GST,12,1108.84,2074.2,16,Women's Wear,6204,8906834021104
Raymond Teal Boys Denim Jeans - Size XXL,APP-04152,GST,5,380.9,796.42,19,Kids Wear,6111,8906065349309
Woodland Mustard Women's Woolen Cardigan - Size XL,APP-04153,GST,12,1276.49,2064.19,39,Winter Wear,6110,8901660557739
Nike Green Polo T-Shirt - Size L,APP-04154,GST,5,555.84,895.61,12,Men's Wear,6109,8903319312108
Zara Pink Two-Piece Suit - Size S,APP-04155,GST,12,2564.55,4970.12,13,Men's Wear,6203,8908007789819
Marks & Spencer Teal Kids Winter Jacket - Size XL,APP-04156,GST,12,958.07,2072.25,27,Kids Wear,6209,8906688433165
Marks & Spencer Blue Polo T-Shirt - Size M,APP-04157,GST,12,757.16,1115.01,12,Men's Wear,6109,8907249014054
Puma Navy Formal Trousers - Size XL,APP-04158,GST,12,989.81,1948.28,34,Women's Wear,6204,8904738439537
W for Woman Olive Denim Jacket - Size XXL,APP-04159,GST,5,375.86,864.88,22,Women's Wear,6204,8903584962003
Puma Black Denim Jacket - Size M,APP-04160,GST,5,358.3,861.39,39,Women's Wear,6204,8902686017385
W for Woman Green Sherwani - Size L,APP-04161,GST,12,3557.17,5352.38,35,Ethnic Wear,6211,8901761426624
Puma Maroon Men's Kurta Pajama Set - Size XL,APP-04162,GST,12,1048.79,2283.24,17,Ethnic Wear,6211,8901108002649
Levi's Green Slim Fit Blazer - Size 3XL,APP-04163,GST,12,2960.03,4986.23,34,Men's Wear,6203,8909564252753
Bata Yellow Formal Trousers - Size XXL,APP-04164,GST,12,1491.94,2099.69,15,Men's Wear,6203,8907256563373
Levi's Mustard Cotton Printed Saree,APP-04165,GST,12,792.01,1638.42,40,Ethnic Wear,5407,8900000242012
Bata Maroon Unisex Hoodie - Size S,APP-04166,GST,12,560.65,1030.29,9,Winter Wear,6110,8905957874411
Mango Navy Cotton Kurti - Size XXL,APP-04167,GST,5,399.99,601.11,12,Women's Wear,6211,8907421940478
H&M Blue Genuine Leather Wallet,APP-04168,GST,18,439.65,826.69,27,Accessories,4202,8908498991263
FabIndia Yellow Women's Stiletto Heels - Size UK 9,APP-04169,GST,12,950.5,1651.13,23,Footwear,6403,8900973330987
Puma Mustard Polo T-Shirt - Size XXL,APP-04170,GST,5,291.34,495.67,11,Men's Wear,6109,8909852704973
Raymond Navy Georgette Saree,APP-04171,GST,12,1761.28,4027.23,19,Ethnic Wear,5407,8906474965913
H&M Black Slim Fit Blazer - Size S,APP-04172,GST,12,3730.13,6749.92,11,Men's Wear,6203,8901815958812
Woodland Teal Formal Trousers - Size 3XL,APP-04173,GST,12,747.59,1385.25,3,Women's Wear,6204,8908823235113
Manyavar Olive Men's Leather Belt,APP-04174,GST,18,211.19,462.95,37,Accessories,4202,8904570317681
H&M Teal Denim Jeans - Size 3XL,APP-04175,GST,12,857.99,1350.64,31,Men's Wear,6203,8900730814142
Bata Green Palazzo Pants - Size XL,APP-04176,GST,12,664.16,1447.49,18,Women's Wear,6204,8905173301654
Bata Maroon Sports Running Sneakers - Size UK 7,APP-04177,GST,12,2047.81,3070.5,24,Footwear,6404,8909166551728
Nike Red Girls Leggings - Size S,APP-04178,GST,5,223.12,418.92,8,Kids Wear,6111,8907147222945
Zara Beige Formal Trousers - Size XL,APP-04179,GST,12,908.26,1588.65,25,Women's Wear,6204,8904418054008
Puma Grey Sherwani - Size 3XL,APP-04180,GST,12,9789.14,13850.75,39,Ethnic Wear,6211,8904207961990
Bata Beige Polarized Sunglasses,APP-04181,GST,18,782.39,1591.2,6,Accessories,9004,8903118708781
Bata Navy Boys Graphic T-Shirt - Size 3XL,APP-04182,GST,5,230.97,496.43,28,Kids Wear,6111,8907165670986
Local Boutique Teal Women's Woolen Cardigan - Size XXL,APP-04183,GST,12,969.78,1483.84,28,Winter Wear,6110,8908203852857
Raymond Teal Clutch Sling Bag,APP-04184,GST,18,265.46,623.14,19,Accessories,4202,8901506898511
Marks & Spencer Pink Women's Flat Sandals - Size UK 5,APP-04185,GST,12,232.44,498.87,32,Footwear,6404,8908734808514
Aurelia Mustard Clutch Sling Bag,APP-04186,GST,18,583.32,1110.54,7,Accessories,4202,8906954023134
Aurelia Grey Denim Jacket - Size M,APP-04187,GST,12,904.52,2041.54,25,Women's Wear,6204,8909957139570
Zara Maroon Polo T-Shirt - Size XXL,APP-04188,GST,12,663.32,1182.31,10,Men's Wear,6109,8902402387893
Levi's Grey Polo T-Shirt - Size S,APP-04189,GST,12,507.3,1117.85,26,Men's Wear,6109,8900409626292
W for Woman Teal A-Line Dress - Size XXL,APP-04190,GST,12,933.45,2036.9,13,Women's Wear,6204,8907621098532
FabIndia Yellow Unisex Hoodie - Size M,APP-04191,GST,12,1069.56,1544.65,26,Winter Wear,6110,8907549059730
Bata Green Silk Saree,APP-04192,GST,12,2627.03,4415.95,4,Ethnic Wear,5407,8908830682948
Bata Black Two-Piece Suit - Size L,APP-04193,GST,12,4894.43,10562.25,32,Men's Wear,6203,8902942791916
Bata Olive Crop Top - Size XXL,APP-04194,GST,5,273.75,666.12,3,Women's Wear,6206,8904720288823
Bata Beige Men's Leather Belt,APP-04195,GST,18,164.59,332.08,29,Accessories,4202,8907015242443
Peter England Red Formal Trousers - Size XXL,APP-04196,GST,12,673.2,1543.22,7,Men's Wear,6203,8900367400925
FabIndia Yellow Cotton Printed Saree,APP-04197,GST,12,1044.0,2052.94,7,Ethnic Wear,5407,8908180343071
Marks & Spencer Teal Men's Kurta Pajama Set - Size XXL,APP-04198,GST,12,1138.81,2698.3,22,Ethnic Wear,6211,8904508275986
W for Woman Grey Women's Stiletto Heels - Size UK 5,APP-04199,GST,12,1180.21,2292.61,33,Footwear,6403,8908467482232
Aurelia Navy Women's Flat Sandals - Size UK 6,APP-04200,GST,12,866.0,1220.33,27,Footwear,6404,8904717426588
Peter England Maroon Men's Kurta Pajama Set - Size XL,APP-04201,GST,12,1281.44,3079.99,18,Ethnic Wear,6211,8905011601241
Zara White Kids Velcro Sneakers - Size UK 10,APP-04202,GST,12,493.48,938.57,12,Footwear,6404,8901096926216
Nike Yellow Kids Velcro Sneakers - Size UK 6,APP-04203,GST,12,826.2,1298.88,25,Footwear,6404,8903141092443
W for Woman Olive Denim Jacket - Size L,APP-04204,GST,5,476.98,848.28,28,Women's Wear,6204,8908642961724
FabIndia Teal Thermal Innerwear Set - Size XL,APP-04205,GST,12,680.76,1004.2,36,Winter Wear,6107,8909706044620
Bata Navy Crop Top - Size L,APP-04206,GST,5,422.26,812.05,37,Women's Wear,6206,8909167342142
Zara Navy Formal Trousers - Size S,APP-04207,GST,12,682.12,1373.87,5,Men's Wear,6203,8903664929070
Mango Teal Formal Trousers - Size M,APP-04208,GST,12,1038.97,1788.26,30,Women's Wear,6204,8901342470649
FabIndia Mustard Cotton Kurti - Size M,APP-04209,GST,5,330.35,624.23,7,Women's Wear,6211,8906400489524
Nike Blue Two-Piece Suit - Size 3XL,APP-04210,GST,12,2358.91,5462.49,24,Men's Wear,6203,8906466397180
FabIndia Olive Formal Trousers - Size S,APP-04211,GST,12,753.06,1253.92,32,Men's Wear,6203,8905997949756
W for Woman Maroon Thermal Innerwear Set - Size L,APP-04212,GST,5,394.04,734.6,25,Winter Wear,6107,8906749134816
Nike Black Men's Leather Belt,APP-04213,GST,18,202.89,457.84,11,Accessories,4202,8901645324421
Aurelia White Men's Kurta Pajama Set - Size S,APP-04214,GST,12,552.44,1121.13,13,Ethnic Wear,6211,8905900581983
W for Woman White Women's Woolen Cardigan - Size L,APP-04215,GST,12,872.5,1276.5,39,Winter Wear,6110,8901837653979
Peter England Green Polo T-Shirt - Size XL,APP-04216,GST,12,727.6,1192.02,17,Men's Wear,6109,8901080750950
Manyavar Navy Crop Top - Size L,APP-04217,GST,5,157.62,378.58,18,Women's Wear,6206,8900294220859
Allen Solly Blue Sherwani - Size S,APP-04218,GST,12,2876.35,6422.94,7,Ethnic Wear,6211,8905595995924
Bata White Chinos - Size XL,APP-04219,GST,12,784.99,1377.59,14,Men's Wear,6203,8906018117032
Peter England Pink Kids Velcro Sneakers - Size UK 6,APP-04220,GST,12,362.6,649.29,35,Footwear,6404,8903614491792
Woodland Green Chinos - Size S,APP-04221,GST,12,530.21,1243.4,35,Men's Wear,6203,8901114687261
Local Boutique Blue Two-Piece Suit - Size XL,APP-04222,GST,12,2223.46,3411.52,14,Men's Wear,6203,8908450355996
Puma White Thermal Innerwear Set - Size M,APP-04223,GST,5,634.6,994.41,13,Winter Wear,6107,8901243466629
Levi's Olive Two-Piece Suit - Size XL,APP-04224,GST,12,7261.54,10791.35,15,Men's Wear,6203,8909440601461
Allen Solly Green Cotton Kurti - Size 3XL,APP-04225,GST,12,697.54,1187.73,36,Women's Wear,6211,8904475393600
Raymond Grey Men's Oxford Leather Shoes - Size UK 5,APP-04226,GST,12,1780.45,4157.98,13,Footwear,6403,8905333694175
Mango Black Two-Piece Suit - Size 3XL,APP-04227,GST,12,1561.27,3324.75,25,Men's Wear,6203,8905825548386
Aurelia White Kids Velcro Sneakers - Size UK 6,APP-04228,GST,12,281.22,702.57,22,Footwear,6404,8908790507309
Local Boutique Mustard Denim Jeans - Size M,APP-04229,GST,12,851.72,2087.81,34,Men's Wear,6203,8905636667313
Aurelia Olive Women's Tote Handbag,APP-04230,GST,18,1534.94,2818.42,14,Accessories,4202,8908975470112
Raymond Blue Formal Trousers - Size 3XL,APP-04231,GST,12,525.35,1212.22,13,Men's Wear,6203,8909394272828
Zara Teal Sports Running Sneakers - Size UK 7,APP-04232,GST,12,2546.1,4595.07,40,Footwear,6404,8906040287447
Allen Solly Maroon Thermal Innerwear Set - Size L,APP-04233,GST,5,543.66,884.1,22,Winter Wear,6107,8907829924423
Peter England Maroon Sherwani - Size XXL,APP-04234,GST,12,6470.44,10590.85,38,Ethnic Wear,6211,8903939606263
FabIndia Blue Women's Flat Sandals - Size UK 9,APP-04235,GST,12,340.07,527.46,19,Footwear,6404,8907874545603
Marks & Spencer Maroon Two-Piece Suit - Size XXL,APP-04236,GST,12,5594.15,10204.24,38,Men's Wear,6203,8902799481296
Manyavar Navy Designer Lehenga Choli,APP-04237,GST,12,4858.17,7469.09,23,Ethnic Wear,6204,8909119941364
Bata Yellow Men's Kurta Pajama Set - Size M,APP-04238,GST,12,1657.21,2537.69,33,Ethnic Wear,6211,8904401470823
Aurelia White Formal Trousers - Size XL,APP-04239,GST,12,928.2,1659.78,35,Men's Wear,6203,8902844271804
Manyavar Beige Girls Floral Frock - Size S,APP-04240,GST,12,609.86,1475.18,39,Kids Wear,6111,8909512174475
Puma Maroon Women's Woolen Cardigan - Size L,APP-04241,GST,5,435.59,851.17,31,Winter Wear,6110,8900470237125
Aurelia Teal Casual T-Shirt - Size XXL,APP-04242,GST,5,175.29,386.68,9,Men's Wear,6109,8900358139795
Woodland Pink Formal Trousers - Size M,APP-04243,GST,12,961.12,1741.31,17,Men's Wear,6203,8900558972359
Mango Teal Chinos - Size XXL,APP-04244,GST,12,1040.89,2345.16,23,Men's Wear,6203,8902292977025
Marks & Spencer Navy Polarized Sunglasses,APP-04245,GST,18,1185.55,2076.64,21,Accessories,9004,8904220548729
Biba Beige Two-Piece Suit - Size XXL,APP-04246,GST,12,3528.84,8357.74,37,Men's Wear,6203,8906733537063
Levi's Black A-Line Dress - Size S,APP-04247,GST,12,940.51,1772.37,39,Women's Wear,6204,8905576329516
FabIndia White Men's Pullover Sweater - Size L,APP-04248,GST,12,970.59,2037.12,31,Winter Wear,6110,8904863747030
Woodland Maroon Crop Top - Size M,APP-04249,GST,5,492.36,969.05,4,Women's Wear,6206,8902687175840
Puma Teal Boys Graphic T-Shirt - Size S,APP-04250,GST,5,234.4,470.4,22,Kids Wear,6111,8908522887617
Bata Navy Maxi Dress - Size XL,APP-04251,GST,12,733.94,1226.04,19,Women's Wear,6204,8901058828703
H&M Yellow Girls Floral Frock - Size S,APP-04252,GST,12,629.85,1068.32,37,Kids Wear,6111,8907450097064
Peter England Teal Cotton Printed Saree,APP-04253,GST,12,1236.55,1828.82,12,Ethnic Wear,5407,8905346115552
Allen Solly Teal Cotton Printed Saree,APP-04254,GST,12,1146.74,2312.0,12,Ethnic Wear,5407,8900158113083
W for Woman Blue Women's Tote Handbag,APP-04255,GST,18,675.5,1267.9,40,Accessories,4202,8905152234508
Woodland Black Genuine Leather Wallet,APP-04256,GST,18,461.08,1104.1,14,Accessories,4202,8907667080606
Manyavar Olive Denim Jeans - Size S,APP-04257,GST,12,1393.01,2394.22,23,Men's Wear,6203,8901183284014
Peter England Yellow Georgette Saree,APP-04258,GST,12,899.59,2162.12,37,Ethnic Wear,5407,8903531732461
W for Woman Red Boys Denim Jeans - Size M,APP-04259,GST,5,276.96,603.86,5,Kids Wear,6111,8903414812689
Aurelia Green Cotton Kurti - Size XXL,APP-04260,GST,5,536.33,944.33,12,Women's Wear,6211,8907383968856
Woodland Beige Casual T-Shirt - Size L,APP-04261,GST,5,257.16,474.78,18,Men's Wear,6109,8907093195799
Manyavar Beige Women's Woolen Cardigan - Size S,APP-04262,GST,5,447.59,937.86,39,Winter Wear,6110,8904494930784
Bata Mustard Boys Graphic T-Shirt - Size XXL,APP-04263,GST,5,164.66,338.49,4,Kids Wear,6111,8902307714650
FabIndia Grey Imitation Necklace Set,APP-04264,GST,3,333.65,494.66,5,Jewelry,7117,8908376910818
Marks & Spencer White Women's Tote Handbag,APP-04265,GST,18,1555.18,2271.39,8,Accessories,4202,8900470844445
FabIndia Green Palazzo Pants - Size XL,APP-04266,GST,5,629.65,943.42,5,Women's Wear,6204,8909511094526
Mango Pink Boys Denim Jeans - Size M,APP-04267,GST,5,236.27,419.52,6,Kids Wear,6111,8904620008888
Local Boutique Pink Imitation Necklace Set,APP-04268,GST,3,359.31,814.18,20,Jewelry,7117,8903772228556
Levi's White Men's Leather Belt,APP-04269,GST,18,426.72,764.04,35,Accessories,4202,8908107327619
Peter England Blue Women's Tote Handbag,APP-04270,GST,18,1841.73,3492.72,6,Accessories,4202,8901025375933
Marks & Spencer Green Boys Graphic T-Shirt - Size S,APP-04271,GST,5,308.91,550.37,5,Kids Wear,6111,8904940074672
Bata Teal Palazzo Pants - Size XXL,APP-04272,GST,12,536.3,1303.16,34,Women's Wear,6204,8908118821076
Manyavar Pink Polo T-Shirt - Size XXL,APP-04273,GST,12,475.92,1133.27,35,Men's Wear,6109,8907042537769
Local Boutique Olive Men's Pullover Sweater - Size M,APP-04274,GST,12,562.46,1018.38,18,Winter Wear,6110,8909660702873
FabIndia Blue Men's Loafers - Size UK 9,APP-04275,GST,12,471.14,895.77,10,Footwear,6403,8901662966827
Nike Red Palazzo Pants - Size XXL,APP-04276,GST,12,711.43,1041.97,17,Women's Wear,6204,8902685446068
Manyavar Grey Women's Stiletto Heels - Size UK 9,APP-04277,GST,12,983.98,2322.92,10,Footwear,6403,8901913304421
Manyavar Blue Men's Oxford Leather Shoes - Size UK 7,APP-04278,GST,12,2150.54,4269.24,23,Footwear,6403,8906450446240
Raymond White Men's Kurta Pajama Set - Size XL,APP-04279,GST,12,2283.94,3427.99,25,Ethnic Wear,6211,8904170003379
Nike Mustard Casual T-Shirt - Size XL,APP-04280,GST,5,284.5,437.43,9,Men's Wear,6109,8900660580856
Allen Solly Teal Men's Leather Belt,APP-04281,GST,18,416.16,887.8,7,Accessories,4202,8907088807242
Local Boutique Green Denim Jeans - Size M,APP-04282,GST,5,420.26,937.43,29,Men's Wear,6203,8907226966734
Manyavar Mustard Clutch Sling Bag,APP-04283,GST,18,1179.36,1766.98,21,Accessories,4202,8900085854914
W for Woman White Girls Leggings - Size XL,APP-04284,GST,5,204.63,463.79,38,Kids Wear,6111,8902127195261
Zara Grey Men's Oxford Leather Shoes - Size UK 8,APP-04285,GST,12,1298.31,2768.63,28,Footwear,6403,8908372016485
Bata White Cotton Printed Saree,APP-04286,GST,12,509.98,1087.53,36,Ethnic Wear,5407,8901963481300
Puma Maroon Men's Kurta Pajama Set - Size M,APP-04287,GST,12,1683.59,3545.69,26,Ethnic Wear,6211,8909153930581
Local Boutique Olive Women's Flat Sandals - Size UK 8,APP-04288,GST,12,340.27,581.98,18,Footwear,6404,8906610106195
H&M Teal Sports Running Sneakers - Size UK 8,APP-04289,GST,12,877.93,1820.48,10,Footwear,6404,8909865366145
H&M Grey Casual T-Shirt - Size S,APP-04290,GST,5,309.53,623.7,4,Men's Wear,6109,8903743612514
Aurelia White Maxi Dress - Size XXL,APP-04291,GST,12,1636.45,3509.11,9,Women's Wear,6204,8904152121933
Bata Blue Women's Flat Sandals - Size UK 5,APP-04292,GST,12,254.37,464.21,16,Footwear,6404,8902897957377
Woodland Olive Girls Floral Frock - Size 3XL,APP-04293,GST,12,561.25,1174.93,19,Kids Wear,6111,8901089452072
Nike Olive Boys Graphic T-Shirt - Size S,APP-04294,GST,5,167.01,304.59,38,Kids Wear,6111,8904133098455
FabIndia Mustard A-Line Dress - Size L,APP-04295,GST,12,514.95,1263.87,40,Women's Wear,6204,8904228514136
FabIndia Green Formal Trousers - Size L,APP-04296,GST,12,714.44,1339.07,7,Women's Wear,6204,8903333056131
Zara Pink Chinos - Size 3XL,APP-04297,GST,12,975.96,1895.22,14,Men's Wear,6203,8906790821352
H&M Mustard A-Line Dress - Size S,APP-04298,GST,5,431.19,848.68,2,Women's Wear,6204,8909830879933
Peter England Beige Crop Top - Size 3XL,APP-04299,GST,5,545.18,876.14,39,Women's Wear,6206,8901986020828
Woodland Pink Genuine Leather Wallet,APP-04300,GST,18,523.76,886.5,14,Accessories,4202,8905862835880
Marks & Spencer Grey Girls Floral Frock - Size XL,APP-04301,GST,5,392.54,960.28,38,Kids Wear,6111,8906807687902
Raymond Maroon Georgette Saree,APP-04302,GST,12,893.06,2162.0,23,Ethnic Wear,5407,8909864840927
FabIndia Beige Casual T-Shirt - Size S,APP-04303,GST,5,324.75,778.74,17,Men's Wear,6109,8902248980147
Marks & Spencer Beige Girls Leggings - Size XXL,APP-04304,GST,5,183.51,421.41,26,Kids Wear,6111,8903915965866
Zara Navy Women's Stiletto Heels - Size UK 5,APP-04305,GST,12,1167.93,2707.71,35,Footwear,6403,8904545367932
Levi's Blue Men's Pullover Sweater - Size L,APP-04306,GST,12,744.74,1407.14,33,Winter Wear,6110,8901175966144
Aurelia Green Women's Woolen Cardigan - Size XXL,APP-04307,GST,12,695.22,1687.84,4,Winter Wear,6110,8908957107061
Nike Mustard Slim Fit Blazer - Size S,APP-04308,GST,12,4231.56,6700.37,14,Men's Wear,6203,8905960658552
W for Woman Black Denim Jacket - Size XXL,APP-04309,GST,12,1255.57,2156.53,28,Women's Wear,6204,8900488486181
Raymond Green Men's Loafers - Size UK 8,APP-04310,GST,12,1223.15,2306.02,34,Footwear,6403,8902636900897
Peter England Blue Palazzo Pants - Size XL,APP-04311,GST,5,396.14,822.94,3,Women's Wear,6204,8907746743340
Bata Black Genuine Leather Wallet,APP-04312,GST,18,307.51,697.55,8,Accessories,4202,8903334317274
Woodland Olive Clutch Sling Bag,APP-04313,GST,18,267.09,661.71,23,Accessories,4202,8903402610158
FabIndia Maroon Sherwani - Size M,APP-04314,GST,12,9154.93,14911.87,6,Ethnic Wear,6211,8900785778846
Peter England Green A-Line Dress - Size L,APP-04315,GST,5,425.18,945.88,6,Women's Wear,6204,8901866827263
Peter England White Men's Kurta Pajama Set - Size XXL,APP-04316,GST,12,1434.89,2455.22,29,Ethnic Wear,6211,8907418182715
Levi's Teal Slim Fit Blazer - Size S,APP-04317,GST,12,2522.74,4990.69,35,Men's Wear,6203,8908276343946
W for Woman Yellow Palazzo Pants - Size 3XL,APP-04318,GST,5,245.71,559.65,34,Women's Wear,6204,8906835473745
Zara Navy Thermal Innerwear Set - Size 3XL,APP-04319,GST,12,676.98,1280.76,29,Winter Wear,6107,8904793198071
Puma Blue Cotton Kurti - Size XL,APP-04320,GST,5,483.87,732.31,10,Women's Wear,6211,8901554237399
Bata Pink Unisex Hoodie - Size 3XL,APP-04321,GST,12,1015.16,1723.96,7,Winter Wear,6110,8904588613643
Puma Green A-Line Dress - Size XXL,APP-04322,GST,12,822.14,1983.44,3,Women's Wear,6204,8906328775548
Peter England Mustard Designer Lehenga Choli,APP-04323,GST,12,4051.91,5975.03,1,Ethnic Wear,6204,8909979885760
Aurelia Olive Chinos - Size XL,APP-04324,GST,12,913.42,2255.24,29,Men's Wear,6203,8909399278360
Mango Beige Men's Loafers - Size UK 5,APP-04325,GST,12,1107.16,2240.57,35,Footwear,6403,8909207983381
Zara Teal Formal Shirt - Size M,APP-04326,GST,5,604.06,932.27,1,Men's Wear,6205,8908319526467
Nike Green Designer Lehenga Choli,APP-04327,GST,12,5832.34,9405.21,12,Ethnic Wear,6204,8902505467884
Marks & Spencer Mustard Sports Running Sneakers - Size UK 11,APP-04328,GST,12,1969.1,4385.64,24,Footwear,6404,8909547420028
FabIndia Blue Genuine Leather Wallet,APP-04329,GST,18,679.37,1116.18,29,Accessories,4202,8901424388013
Biba Pink Thermal Innerwear Set - Size L,APP-04330,GST,5,474.04,942.86,19,Winter Wear,6107,8900969657385
Bata Green Palazzo Pants - Size S,APP-04331,GST,5,405.2,634.59,32,Women's Wear,6204,8902159805602
FabIndia Navy Denim Jacket - Size XL,APP-04332,GST,12,1280.39,2117.78,6,Women's Wear,6204,8903378006840
Woodland Navy Clutch Sling Bag,APP-04333,GST,18,762.55,1261.16,24,Accessories,4202,8905507932008
FabIndia Teal Cotton Kurti - Size L,APP-04334,GST,5,258.1,584.59,38,Women's Wear,6211,8901306108557
Nike White Denim Jeans - Size XXL,APP-04335,GST,12,771.16,1295.63,25,Men's Wear,6203,8904151182224
Puma Pink Two-Piece Suit - Size 3XL,APP-04336,GST,12,4501.48,9990.77,37,Men's Wear,6203,8905010232321
FabIndia Olive Crop Top - Size XXL,APP-04337,GST,5,218.99,520.29,33,Women's Wear,6206,8901427350221
H&M Maroon Georgette Saree,APP-04338,GST,12,662.46,1481.41,39,Ethnic Wear,5407,8909532105978
Raymond Pink Imitation Necklace Set,APP-04339,GST,3,593.89,1390.64,35,Jewelry,7117,8901435194199
Marks & Spencer Mustard Thermal Innerwear Set - Size S,APP-04340,GST,5,499.38,831.82,7,Winter Wear,6107,8909115431670
Raymond White Formal Trousers - Size S,APP-04341,GST,12,856.76,2106.13,36,Men's Wear,6203,8908206456200
Marks & Spencer Blue Clutch Sling Bag,APP-04342,GST,18,887.83,1428.98,24,Accessories,4202,8902939725205
W for Woman Maroon Girls Leggings - Size 3XL,APP-04343,GST,5,194.96,405.67,7,Kids Wear,6111,8906712794401
Allen Solly Green Palazzo Pants - Size XXL,APP-04344,GST,5,526.48,923.07,13,Women's Wear,6204,8903249707306
Woodland Mustard Kids Velcro Sneakers - Size UK 9,APP-04345,GST,12,427.03,1050.72,28,Footwear,6404,8901920228540
Allen Solly Red Georgette Saree,APP-04346,GST,12,1940.14,3630.83,25,Ethnic Wear,5407,8908450156225
Nike Grey Women's Flat Sandals - Size UK 5,APP-04347,GST,12,725.84,1030.45,1,Footwear,6404,8904598278147
Manyavar Pink Polo T-Shirt - Size 3XL,APP-04348,GST,5,349.59,724.99,30,Men's Wear,6109,8901729126981
Puma Blue Sherwani - Size L,APP-04349,GST,12,8628.19,15489.95,13,Ethnic Wear,6211,8908430926978
Levi's Blue Sports Running Sneakers - Size UK 5,APP-04350,GST,12,767.78,1676.36,4,Footwear,6404,8908520564598
Levi's Navy Formal Shirt - Size L,APP-04351,GST,5,270.24,538.01,23,Men's Wear,6205,8906595197439
Peter England Navy Boys Denim Jeans - Size L,APP-04352,GST,5,397.38,991.97,20,Kids Wear,6111,8909209545549
Biba Teal Formal Trousers - Size XXL,APP-04353,GST,5,424.72,984.57,29,Men's Wear,6203,8909494422832
Manyavar Pink Clutch Sling Bag,APP-04354,GST,18,1035.72,1787.14,29,Accessories,4202,8909630495509
Bata Grey Men's Kurta Pajama Set - Size 3XL,APP-04355,GST,12,1273.82,2778.42,5,Ethnic Wear,6211,8906388281059
W for Woman White Maxi Dress - Size M,APP-04356,GST,12,569.88,1343.85,33,Women's Wear,6204,8909462311665
Aurelia Blue Girls Floral Frock - Size 3XL,APP-04357,GST,5,545.52,897.29,4,Kids Wear,6111,8904335901564
Bata Pink Formal Shirt - Size 3XL,APP-04358,GST,5,358.2,888.97,22,Men's Wear,6205,8906941467359
Mango Blue A-Line Dress - Size 3XL,APP-04359,GST,12,896.17,1861.47,10,Women's Wear,6204,8905774161656
Manyavar Yellow Kids Winter Jacket - Size XL,APP-04360,GST,12,619.05,1137.31,16,Kids Wear,6209,8906558617110
Woodland Yellow Women's Woolen Cardigan - Size XXL,APP-04361,GST,12,765.05,1260.82,12,Winter Wear,6110,8904962344369
Mango Green Denim Jacket - Size S,APP-04362,GST,12,944.73,1515.54,34,Women's Wear,6204,8903794774173
Puma Maroon Palazzo Pants - Size 3XL,APP-04363,GST,12,941.36,1437.78,31,Women's Wear,6204,8908676053450
Manyavar Grey Crop Top - Size 3XL,APP-04364,GST,5,560.29,845.93,24,Women's Wear,6206,8904980618464
Local Boutique Maroon Kids Velcro Sneakers - Size UK 5,APP-04365,GST,12,731.22,1561.4,24,Footwear,6404,8907646036324
Marks & Spencer Teal Cotton Kurti - Size XL,APP-04366,GST,5,449.28,699.98,7,Women's Wear,6211,8909217366566
Puma Beige Thermal Innerwear Set - Size S,APP-04367,GST,5,341.6,733.85,3,Winter Wear,6107,8907277236576
Nike Yellow Chinos - Size 3XL,APP-04368,GST,12,809.09,1446.57,31,Men's Wear,6203,8901640226123
Nike Mustard Cotton Printed Saree,APP-04369,GST,12,1219.66,1941.36,17,Ethnic Wear,5407,8909176482614
H&M Black Women's Stiletto Heels - Size UK 9,APP-04370,GST,12,950.86,2293.8,31,Footwear,6403,8908183380703
Puma Olive Polarized Sunglasses,APP-04371,GST,18,730.37,1636.5,31,Accessories,9004,8900533085198
Marks & Spencer Pink Formal Trousers - Size XL,APP-04372,GST,5,335.97,680.51,12,Women's Wear,6204,8904989569110
Allen Solly Grey Formal Trousers - Size XXL,APP-04373,GST,12,678.38,1217.24,25,Women's Wear,6204,8903804044161
Aurelia Pink Kids Winter Jacket - Size 3XL,APP-04374,GST,12,1445.26,2178.68,1,Kids Wear,6209,8906354853961
Allen Solly Navy Polarized Sunglasses,APP-04375,GST,18,822.3,1981.48,21,Accessories,9004,8907498758402
Puma Grey Men's Kurta Pajama Set - Size XL,APP-04376,GST,12,762.31,1247.95,39,Ethnic Wear,6211,8909279354445
Allen Solly Green Women's Flat Sandals - Size UK 11,APP-04377,GST,12,475.46,1139.91,13,Footwear,6404,8900199526145
Mango Red Unisex Hoodie - Size L,APP-04378,GST,12,476.86,1003.38,28,Winter Wear,6110,8903630512816
Bata Beige Formal Trousers - Size XXL,APP-04379,GST,12,511.03,1209.62,30,Women's Wear,6204,8903338568369
Manyavar Yellow Polarized Sunglasses,APP-04380,GST,18,1162.43,2436.44,4,Accessories,9004,8901503431629
Levi's Olive Denim Jacket - Size L,APP-04381,GST,12,1063.72,1634.03,16,Women's Wear,6204,8904335712057
FabIndia Mustard Men's Kurta Pajama Set - Size S,APP-04382,GST,12,821.0,1632.39,1,Ethnic Wear,6211,8906828972870
Nike Green A-Line Dress - Size XL,APP-04383,GST,12,575.15,1240.23,15,Women's Wear,6204,8901076907009
Peter England Grey Girls Leggings - Size XXL,APP-04384,GST,5,174.28,302.66,15,Kids Wear,6111,8905934571615
Woodland Blue Imitation Necklace Set,APP-04385,GST,3,495.54,916.04,6,Jewelry,7117,8900132312303
Local Boutique Red Kids Winter Jacket - Size XL,APP-04386,GST,12,761.56,1435.76,3,Kids Wear,6209,8908169035034
Peter England Maroon Cotton Kurti - Size M,APP-04387,GST,5,379.68,786.4,34,Women's Wear,6211,8900424851168
Puma Beige Kids Velcro Sneakers - Size UK 6,APP-04388,GST,12,381.67,561.71,20,Footwear,6404,8903678587334
Aurelia Yellow Girls Leggings - Size XL,APP-04389,GST,5,258.96,476.26,9,Kids Wear,6111,8909300737038
Local Boutique Navy Unisex Hoodie - Size XL,APP-04390,GST,12,949.35,1609.74,33,Winter Wear,6110,8905088257044
W for Woman Navy Boys Graphic T-Shirt - Size M,APP-04391,GST,5,267.98,483.42,33,Kids Wear,6111,8908742109438
W for Woman Teal Polo T-Shirt - Size L,APP-04392,GST,5,492.57,936.27,38,Men's Wear,6109,8904898301860
Allen Solly Teal Women's Flat Sandals - Size UK 10,APP-04393,GST,12,387.43,879.36,15,Footwear,6404,8909398567600
Biba Yellow Cotton Printed Saree,APP-04394,GST,12,1028.57,1711.17,27,Ethnic Wear,5407,8905489433805
Woodland Blue Crop Top - Size L,APP-04395,GST,5,253.72,610.6,6,Women's Wear,6206,8906780478054
W for Woman Teal Cotton Printed Saree,APP-04396,GST,12,942.66,1704.05,12,Ethnic Wear,5407,8904914808745
Biba White Genuine Leather Wallet,APP-04397,GST,18,219.37,478.97,23,Accessories,4202,8908768694618
H&M Maroon Georgette Saree,APP-04398,GST,12,2436.22,3578.3,7,Ethnic Wear,5407,8907874105663
Woodland Red Cotton Kurti - Size L,APP-04399,GST,5,294.92,715.2,3,Women's Wear,6211,8902578653578
Woodland Maroon Girls Leggings - Size XL,APP-04400,GST,5,249.06,465.53,2,Kids Wear,6111,8903211245861
Nike Yellow Boys Denim Jeans - Size XXL,APP-04401,GST,5,431.84,845.5,20,Kids Wear,6111,8904185199683
Local Boutique Olive Maxi Dress - Size XL,APP-04402,GST,12,1522.18,3453.12,35,Women's Wear,6204,8909082371059
Allen Solly Red Men's Pullover Sweater - Size M,APP-04403,GST,12,576.01,1191.08,2,Winter Wear,6110,8904732722437
Marks & Spencer Olive Sherwani - Size 3XL,APP-04404,GST,12,8489.7,12843.91,9,Ethnic Wear,6211,8905969718511
Bata Yellow Georgette Saree,APP-04405,GST,12,2134.7,3889.89,8,Ethnic Wear,5407,8905938096278
Zara White Kids Winter Jacket - Size XXL,APP-04406,GST,12,1229.98,1810.58,11,Kids Wear,6209,8908344026083
Marks & Spencer Olive Boys Graphic T-Shirt - Size XXL,APP-04407,GST,5,301.3,575.79,14,Kids Wear,6111,8905408584204
W for Woman Pink Clutch Sling Bag,APP-04408,GST,18,1066.76,1703.73,32,Accessories,4202,8906756753866
Mango White Kids Velcro Sneakers - Size UK 7,APP-04409,GST,12,626.53,1565.76,14,Footwear,6404,8909241337332
Raymond Mustard Kids Winter Jacket - Size S,APP-04410,GST,12,709.19,1461.49,20,Kids Wear,6209,8904489020842
Puma Green Thermal Innerwear Set - Size XXL,APP-04411,GST,5,453.07,919.22,9,Winter Wear,6107,8901578644829
H&M Teal Women's Woolen Cardigan - Size M,APP-04412,GST,5,276.43,679.41,10,Winter Wear,6110,8908700190624
W for Woman Red Women's Woolen Cardigan - Size S,APP-04413,GST,12,718.83,1627.61,10,Winter Wear,6110,8905624437629
Peter England Maroon A-Line Dress - Size XL,APP-04414,GST,12,1346.91,2271.47,27,Women's Wear,6204,8906703707010
W for Woman Olive Genuine Leather Wallet,APP-04415,GST,18,336.29,830.06,15,Accessories,4202,8908825784371
Local Boutique Pink Slim Fit Blazer - Size S,APP-04416,GST,12,2887.04,6228.86,36,Men's Wear,6203,8905691178188
Manyavar Teal Men's Loafers - Size UK 9,APP-04417,GST,12,1298.98,2332.15,38,Footwear,6403,8901862393784
Mango Pink Denim Jeans - Size XL,APP-04418,GST,12,578.8,1042.1,6,Men's Wear,6203,8905621000471
Raymond Black Genuine Leather Wallet,APP-04419,GST,18,413.63,986.65,34,Accessories,4202,8905900370861
Woodland Mustard Men's Kurta Pajama Set - Size M,APP-04420,GST,12,1757.1,2564.46,30,Ethnic Wear,6211,8904237837623
Nike Yellow Two-Piece Suit - Size S,APP-04421,GST,12,4454.23,10996.26,26,Men's Wear,6203,8900562926692
Aurelia Red Palazzo Pants - Size S,APP-04422,GST,12,596.02,1484.67,15,Women's Wear,6204,8904214876302
Mango Maroon Men's Leather Belt,APP-04423,GST,18,720.71,1095.86,36,Accessories,4202,8900319688535
H&M Blue Men's Leather Belt,APP-04424,GST,18,649.79,1043.14,28,Accessories,4202,8903747888245
Zara Beige Clutch Sling Bag,APP-04425,GST,18,552.13,1212.56,14,Accessories,4202,8909172328823
Biba Olive Clutch Sling Bag,APP-04426,GST,18,627.68,942.74,14,Accessories,4202,8908705544054
Manyavar Green Men's Loafers - Size UK 6,APP-04427,GST,12,483.61,1198.47,13,Footwear,6403,8906907024991
Zara Black Georgette Saree,APP-04428,GST,12,2075.93,3984.06,36,Ethnic Wear,5407,8907896753600
Manyavar Teal Georgette Saree,APP-04429,GST,12,1147.82,2372.86,9,Ethnic Wear,5407,8907537373269
Levi's Yellow Boys Denim Jeans - Size M,APP-04430,GST,5,337.84,574.79,31,Kids Wear,6111,8901226951436
Biba Black Women's Tote Handbag,APP-04431,GST,18,1127.27,2541.07,23,Accessories,4202,8908534029708
W for Woman Blue Genuine Leather Wallet,APP-04432,GST,18,218.27,410.08,17,Accessories,4202,8900137489678
Woodland Mustard Cotton Kurti - Size M,APP-04433,GST,12,616.14,1120.31,9,Women's Wear,6211,8904610599318
Raymond Pink Casual T-Shirt - Size L,APP-04434,GST,5,366.84,759.38,2,Men's Wear,6109,8905051594906
Puma Green Denim Jeans - Size XL,APP-04435,GST,12,893.61,2230.41,30,Men's Wear,6203,8900610500917
W for Woman Blue Slim Fit Blazer - Size XL,APP-04436,GST,12,1192.21,2831.53,30,Men's Wear,6203,8907408988479
W for Woman Pink Unisex Hoodie - Size M,APP-04437,GST,5,295.25,634.38,8,Winter Wear,6110,8905451643398
Mango Grey Cotton Kurti - Size M,APP-04438,GST,5,301.49,684.03,30,Women's Wear,6211,8900097418868
Marks & Spencer Pink Cotton Kurti - Size 3XL,APP-04439,GST,12,614.81,1192.93,23,Women's Wear,6211,8907198872307
W for Woman Mustard Boys Graphic T-Shirt - Size XL,APP-04440,GST,5,333.48,616.12,7,Kids Wear,6111,8906584130093
Biba Black Maxi Dress - Size XL,APP-04441,GST,12,1138.44,1816.61,27,Women's Wear,6204,8906729836194
Allen Solly Red Formal Trousers - Size XXL,APP-04442,GST,12,802.74,1740.24,12,Men's Wear,6203,8909638026492
Peter England Blue Kids Velcro Sneakers - Size UK 5,APP-04443,GST,12,415.13,868.07,11,Footwear,6404,8902658177292
Bata Grey Boys Denim Jeans - Size M,APP-04444,GST,5,289.2,716.35,34,Kids Wear,6111,8901230532526
Peter England White Denim Jeans - Size 3XL,APP-04445,GST,12,516.61,1086.2,12,Men's Wear,6203,8903073888012
H&M Red Maxi Dress - Size L,APP-04446,GST,12,1196.01,2656.37,27,Women's Wear,6204,8905210107452
W for Woman Olive Denim Jeans - Size S,APP-04447,GST,5,403.4,972.31,6,Men's Wear,6203,8901971580851
H&M Mustard Formal Trousers - Size L,APP-04448,GST,5,320.62,695.8,7,Men's Wear,6203,8902250112875
Mango Red Denim Jeans - Size XL,APP-04449,GST,12,1301.66,1881.81,37,Men's Wear,6203,8900973807991
Puma Yellow Designer Lehenga Choli,APP-04450,GST,12,6024.17,8642.67,24,Ethnic Wear,6204,8901414688175
H&M Black Men's Pullover Sweater - Size XXL,APP-04451,GST,12,858.0,1415.8,19,Winter Wear,6110,8908359127536
Raymond Mustard Denim Jacket - Size XL,APP-04452,GST,12,982.79,2043.65,4,Women's Wear,6204,8905233475091
Marks & Spencer Blue Men's Oxford Leather Shoes - Size UK 7,APP-04453,GST,12,2217.86,3572.06,25,Footwear,6403,8904058588118
W for Woman Yellow Girls Floral Frock - Size XL,APP-04454,GST,5,217.39,539.11,29,Kids Wear,6111,8907576627106
Peter England Navy Slim Fit Blazer - Size M,APP-04455,GST,12,4116.69,5912.79,2,Men's Wear,6203,8907353868281
Bata Grey Sherwani - Size S,APP-04456,GST,12,2563.12,4904.87,36,Ethnic Wear,6211,8906169008534
Manyavar Green Thermal Innerwear Set - Size S,APP-04457,GST,12,619.04,1069.28,34,Winter Wear,6107,8901444394469
Aurelia Maroon Maxi Dress - Size M,APP-04458,GST,12,1296.09,2123.44,23,Women's Wear,6204,8901981383349
Raymond White Imitation Necklace Set,APP-04459,GST,3,629.57,1505.91,37,Jewelry,7117,8909277771358
Woodland White Clutch Sling Bag,APP-04460,GST,18,382.4,569.39,7,Accessories,4202,8901378718797
Biba Beige Women's Stiletto Heels - Size UK 11,APP-04461,GST,12,738.74,1500.89,29,Footwear,6403,8907258400906
Manyavar Black Denim Jacket - Size XXL,APP-04462,GST,12,1644.63,2794.35,25,Women's Wear,6204,8906050689025
Biba Mustard Girls Floral Frock - Size XXL,APP-04463,GST,5,447.94,996.93,30,Kids Wear,6111,8903784070419
Biba Navy Casual T-Shirt - Size S,APP-04464,GST,5,246.15,528.5,7,Men's Wear,6109,8907723797309
Manyavar Blue Formal Shirt - Size M,APP-04465,GST,12,871.6,1331.35,38,Men's Wear,6205,8902518647048
Manyavar Black Girls Floral Frock - Size M,APP-04466,GST,5,397.04,664.36,29,Kids Wear,6111,8904471565037
Manyavar Olive Slim Fit Blazer - Size 3XL,APP-04467,GST,12,4637.64,6547.13,17,Men's Wear,6203,8908838268201
Peter England Red A-Line Dress - Size 3XL,APP-04468,GST,12,990.53,2365.99,21,Women's Wear,6204,8902620767957
Bata White Sherwani - Size 3XL,APP-04469,GST,12,7072.32,13271.9,39,Ethnic Wear,6211,8907250069736
Mango Yellow Boys Graphic T-Shirt - Size 3XL,APP-04470,GST,5,257.33,525.24,38,Kids Wear,6111,8902315110817
Levi's White Sports Running Sneakers - Size UK 6,APP-04471,GST,12,1394.08,2654.89,40,Footwear,6404,8900936617658
H&M Grey Sports Running Sneakers - Size UK 11,APP-04472,GST,12,1442.9,3285.26,16,Footwear,6404,8907606171255
Bata Green Denim Jeans - Size XXL,APP-04473,GST,12,902.5,1457.8,8,Men's Wear,6203,8907826408344
Levi's Navy Men's Kurta Pajama Set - Size S,APP-04474,GST,12,782.74,1541.38,22,Ethnic Wear,6211,8905991087717
Woodland Maroon Sherwani - Size 3XL,APP-04475,GST,12,7128.98,12438.59,38,Ethnic Wear,6211,8900381868320
Bata Olive Formal Shirt - Size M,APP-04476,GST,12,510.81,1099.97,22,Men's Wear,6205,8904370112699
Mango Beige Denim Jacket - Size XL,APP-04477,GST,12,1364.41,2110.41,37,Women's Wear,6204,8907619348776
Zara Blue Polo T-Shirt - Size S,APP-04478,GST,5,181.42,378.71,28,Men's Wear,6109,8902453115718
Aurelia Green Cotton Kurti - Size M,APP-04479,GST,5,268.98,511.49,1,Women's Wear,6211,8906846665658
Peter England Navy Cotton Printed Saree,APP-04480,GST,12,773.06,1789.05,38,Ethnic Wear,5407,8901037497364
Woodland Yellow Girls Floral Frock - Size S,APP-04481,GST,5,415.43,617.57,11,Kids Wear,6111,8904987641557
Zara Pink Cotton Kurti - Size M,APP-04482,GST,12,470.74,1164.57,40,Women's Wear,6211,8901396839028
Bata Maroon Maxi Dress - Size XL,APP-04483,GST,12,1820.6,2906.73,2,Women's Wear,6204,8907113503366
Raymond Mustard Women's Stiletto Heels - Size UK 9,APP-04484,GST,12,1032.36,1605.16,36,Footwear,6403,8903677447324
Bata White Boys Graphic T-Shirt - Size XXL,APP-04485,GST,5,267.56,654.85,24,Kids Wear,6111,8904968472760
H&M Olive Cotton Printed Saree,APP-04486,GST,12,1485.63,2231.48,32,Ethnic Wear,5407,8901716994442
Marks & Spencer Blue Imitation Necklace Set,APP-04487,GST,3,310.55,718.77,18,Jewelry,7117,8907004295547
Biba Black Two-Piece Suit - Size S,APP-04488,GST,12,2702.75,6695.64,6,Men's Wear,6203,8906808068242
Local Boutique Pink Silk Saree,APP-04489,GST,12,2082.62,4019.58,21,Ethnic Wear,5407,8903299983918
Manyavar Beige Men's Oxford Leather Shoes - Size UK 9,APP-04490,GST,12,756.97,1477.83,20,Footwear,6403,8901948246411
Mango Black Women's Stiletto Heels - Size UK 11,APP-04491,GST,12,872.59,1480.41,29,Footwear,6403,8900061693847
Mango White Silk Saree,APP-04492,GST,12,3173.74,5826.83,32,Ethnic Wear,5407,8900721850822
H&M Maroon Kids Winter Jacket - Size M,APP-04493,GST,12,636.85,1132.34,25,Kids Wear,6209,8904985901752
Peter England Olive Men's Kurta Pajama Set - Size S,APP-04494,GST,12,699.98,1261.87,2,Ethnic Wear,6211,8904935781412
Local Boutique Black Men's Oxford Leather Shoes - Size UK 5,APP-04495,GST,12,1770.53,3905.2,16,Footwear,6403,8903879283929
FabIndia Mustard Two-Piece Suit - Size M,APP-04496,GST,12,4665.58,7167.06,6,Men's Wear,6203,8908740074326
Marks & Spencer Olive Maxi Dress - Size 3XL,APP-04497,GST,12,1083.57,1716.26,15,Women's Wear,6204,8907603567294
FabIndia Navy Georgette Saree,APP-04498,GST,12,1192.13,1850.49,28,Ethnic Wear,5407,8904728333432
Aurelia Black Polarized Sunglasses,APP-04499,GST,18,816.94,1278.47,29,Accessories,9004,8905617583441
Puma Black Thermal Innerwear Set - Size XXL,APP-04500,GST,12,576.93,1129.6,6,Winter Wear,6107,8908192424129
Puma Green Women's Woolen Cardigan - Size XXL,APP-04501,GST,12,899.22,1418.11,33,Winter Wear,6110,8908320939749
Peter England Mustard Kids Velcro Sneakers - Size UK 5,APP-04502,GST,12,677.32,1399.86,40,Footwear,6404,8903677851455
Raymond Navy Georgette Saree,APP-04503,GST,12,2301.1,3578.17,39,Ethnic Wear,5407,8907372683233
Marks & Spencer Blue Cotton Printed Saree,APP-04504,GST,12,858.42,1535.11,29,Ethnic Wear,5407,8903785139311
Manyavar Blue Girls Leggings - Size S,APP-04505,GST,5,83.34,200.78,17,Kids Wear,6111,8905696757057
Local Boutique White Slim Fit Blazer - Size L,APP-04506,GST,12,3442.37,5148.19,35,Men's Wear,6203,8903333562550
Levi's Green Two-Piece Suit - Size XXL,APP-04507,GST,12,2525.39,5649.15,4,Men's Wear,6203,8903411373202
Peter England White Cotton Kurti - Size XL,APP-04508,GST,5,239.88,551.95,12,Women's Wear,6211,8902606868663
Local Boutique Black Formal Shirt - Size XXL,APP-04509,GST,12,634.78,1177.18,19,Men's Wear,6205,8908863998756
Zara Beige Kids Velcro Sneakers - Size UK 6,APP-04510,GST,12,527.4,1179.98,37,Footwear,6404,8901102984938
Manyavar Black Formal Trousers - Size XXL,APP-04511,GST,5,388.44,942.75,24,Women's Wear,6204,8903296948632
H&M Mustard Denim Jeans - Size M,APP-04512,GST,12,1086.31,2424.04,26,Men's Wear,6203,8905332396911
Aurelia Maroon Kids Velcro Sneakers - Size UK 7,APP-04513,GST,12,656.03,1470.13,5,Footwear,6404,8905164465923
Woodland Teal Clutch Sling Bag,APP-04514,GST,18,831.46,1708.17,36,Accessories,4202,8902690080047
Levi's Red Formal Shirt - Size M,APP-04515,GST,5,426.74,946.14,34,Men's Wear,6205,8908843913497
Zara Mustard Silk Saree,APP-04516,GST,12,4185.05,6838.09,34,Ethnic Wear,5407,8908931290442
FabIndia Blue Sports Running Sneakers - Size UK 10,APP-04517,GST,12,1586.15,2973.24,6,Footwear,6404,8900972893821
Zara Black Cotton Kurti - Size S,APP-04518,GST,12,524.98,1172.16,1,Women's Wear,6211,8906097849704
FabIndia Olive Polarized Sunglasses,APP-04519,GST,18,991.07,2121.4,30,Accessories,9004,8906631009453
Nike Red Chinos - Size M,APP-04520,GST,12,1238.66,2256.87,16,Men's Wear,6203,8902714725076
Levi's Blue A-Line Dress - Size M,APP-04521,GST,12,1239.16,2359.57,24,Women's Wear,6204,8900944483174
Levi's Maroon Men's Leather Belt,APP-04522,GST,18,638.07,944.89,6,Accessories,4202,8906876307372
Manyavar Yellow A-Line Dress - Size L,APP-04523,GST,12,824.73,1636.02,26,Women's Wear,6204,8903917013898
Zara Black Women's Flat Sandals - Size UK 6,APP-04524,GST,12,423.94,977.61,36,Footwear,6404,8908223358623
FabIndia Pink Georgette Saree,APP-04525,GST,12,1174.57,2021.3,9,Ethnic Wear,5407,8902641014423
W for Woman Maroon Formal Shirt - Size XL,APP-04526,GST,12,608.94,1358.19,29,Men's Wear,6205,8906061251743
Biba White Men's Kurta Pajama Set - Size S,APP-04527,GST,12,1474.38,2444.45,40,Ethnic Wear,6211,8908893903169
Nike Maroon Men's Pullover Sweater - Size XL,APP-04528,GST,12,1773.56,2503.27,10,Winter Wear,6110,8906874851176
Zara Red Women's Woolen Cardigan - Size L,APP-04529,GST,12,621.09,1417.1,25,Winter Wear,6110,8908597664692
W for Woman Beige Women's Woolen Cardigan - Size 3XL,APP-04530,GST,12,824.2,2032.88,12,Winter Wear,6110,8908277469482
Raymond Teal Boys Graphic T-Shirt - Size L,APP-04531,GST,5,263.4,439.23,19,Kids Wear,6111,8907820013768
W for Woman Mustard Silk Saree,APP-04532,GST,12,3094.94,6856.02,34,Ethnic Wear,5407,8901372420465
Manyavar Red Palazzo Pants - Size S,APP-04533,GST,12,542.01,1138.15,22,Women's Wear,6204,8907267798300
Peter England Blue A-Line Dress - Size S,APP-04534,GST,12,722.48,1171.03,32,Women's Wear,6204,8907900121532
Mango Grey Silk Saree,APP-04535,GST,12,1186.67,2405.41,22,Ethnic Wear,5407,8905506271810
Levi's White Girls Leggings - Size XXL,APP-04536,GST,5,196.73,337.07,35,Kids Wear,6111,8900667646290
Manyavar White Men's Pullover Sweater - Size XL,APP-04537,GST,12,914.53,1413.47,26,Winter Wear,6110,8905473704214
W for Woman Red Two-Piece Suit - Size M,APP-04538,GST,12,4023.09,7572.89,34,Men's Wear,6203,8907000985450
Levi's Teal Men's Pullover Sweater - Size L,APP-04539,GST,12,1043.56,1918.4,14,Winter Wear,6110,8908123543360
FabIndia Black Kids Winter Jacket - Size M,APP-04540,GST,12,765.8,1419.92,9,Kids Wear,6209,8900707373668
Puma White Polo T-Shirt - Size XL,APP-04541,GST,12,503.54,1060.96,28,Men's Wear,6109,8900790466005
Puma Olive Boys Graphic T-Shirt - Size S,APP-04542,GST,5,290.74,496.12,13,Kids Wear,6111,8904499161590
Marks & Spencer Yellow Denim Jacket - Size XXL,APP-04543,GST,12,932.4,2209.57,27,Women's Wear,6204,8902255574194
Peter England Grey Boys Denim Jeans - Size 3XL,APP-04544,GST,12,804.63,1160.29,25,Kids Wear,6111,8900363409161
Levi's White Men's Pullover Sweater - Size M,APP-04545,GST,12,1050.22,2470.67,16,Winter Wear,6110,8906345280433
Aurelia Navy Denim Jacket - Size L,APP-04546,GST,12,752.27,1363.07,33,Women's Wear,6204,8901649461528
Marks & Spencer White Men's Pullover Sweater - Size L,APP-04547,GST,12,1233.22,2556.99,24,Winter Wear,6110,8906740794917
Allen Solly Maroon Imitation Necklace Set,APP-04548,GST,3,493.39,1229.52,7,Jewelry,7117,8902570602982
Nike Grey A-Line Dress - Size XXL,APP-04549,GST,12,1179.21,2218.89,20,Women's Wear,6204,8907067596500
Biba Mustard Casual T-Shirt - Size S,APP-04550,GST,5,314.52,698.04,40,Men's Wear,6109,8907647048601
Manyavar Maroon Kids Winter Jacket - Size S,APP-04551,GST,5,467.13,878.23,9,Kids Wear,6209,8905695125162
Allen Solly Red Sports Running Sneakers - Size UK 8,APP-04552,GST,12,2063.62,4674.96,18,Footwear,6404,8902284746978
Zara Blue Boys Denim Jeans - Size XL,APP-04553,GST,12,787.84,1166.82,18,Kids Wear,6111,8908044635800
FabIndia Teal Polarized Sunglasses,APP-04554,GST,18,1873.06,2904.66,6,Accessories,9004,8907141121290
Mango Grey Boys Denim Jeans - Size 3XL,APP-04555,GST,5,531.0,782.82,13,Kids Wear,6111,8906263134946
Bata Grey Casual T-Shirt - Size S,APP-04556,GST,5,458.94,723.35,22,Men's Wear,6109,8902193852229
Zara White Crop Top - Size L,APP-04557,GST,5,409.07,954.49,6,Women's Wear,6206,8901547970499
Mango Pink Women's Flat Sandals - Size UK 6,APP-04558,GST,12,211.49,496.6,12,Footwear,6404,8900605395432
Nike Green Sports Running Sneakers - Size UK 11,APP-04559,GST,12,1550.33,3755.26,39,Footwear,6404,8909387884310
Raymond Beige Unisex Hoodie - Size S,APP-04560,GST,5,349.75,871.08,29,Winter Wear,6110,8906427300920
Marks & Spencer Grey Slim Fit Blazer - Size XL,APP-04561,GST,12,1063.03,2398.08,39,Men's Wear,6203,8908329240116
Mango Black Denim Jacket - Size S,APP-04562,GST,12,1183.78,2361.35,3,Women's Wear,6204,8907328197507
FabIndia White Men's Loafers - Size UK 9,APP-04563,GST,12,1328.52,2673.26,2,Footwear,6403,8906650565534
Peter England Teal Casual T-Shirt - Size M,APP-04564,GST,5,228.85,544.33,6,Men's Wear,6109,8906172775399
Nike Blue Boys Graphic T-Shirt - Size 3XL,APP-04565,GST,5,122.42,255.87,28,Kids Wear,6111,8901186981421
W for Woman Beige Sports Running Sneakers - Size UK 6,APP-04566,GST,12,2091.16,3483.05,2,Footwear,6404,8904492294689
Aurelia Pink Thermal Innerwear Set - Size S,APP-04567,GST,5,410.85,760.98,8,Winter Wear,6107,8901857001092
Local Boutique Blue Denim Jeans - Size XL,APP-04568,GST,12,949.31,2058.29,26,Men's Wear,6203,8905571955729
Levi's Navy Polo T-Shirt - Size S,APP-04569,GST,5,454.09,908.65,21,Men's Wear,6109,8901767372725
Allen Solly Maroon Men's Leather Belt,APP-04570,GST,18,275.07,595.1,8,Accessories,4202,8902151009991
Mango Red Denim Jacket - Size 3XL,APP-04571,GST,12,1233.74,2436.72,28,Women's Wear,6204,8901311035807
H&M Black Thermal Innerwear Set - Size XXL,APP-04572,GST,5,323.81,473.94,17,Winter Wear,6107,8905938795963
Raymond Green Women's Stiletto Heels - Size UK 6,APP-04573,GST,12,992.06,1689.63,26,Footwear,6403,8908196623003
Puma Maroon Unisex Hoodie - Size M,APP-04574,GST,12,477.96,1126.6,23,Winter Wear,6110,8907081518077
Puma Blue Women's Flat Sandals - Size UK 11,APP-04575,GST,12,522.73,838.24,5,Footwear,6404,8904464557531
Peter England Red Denim Jeans - Size XL,APP-04576,GST,12,1109.61,2718.92,39,Men's Wear,6203,8907427571489
Biba Green Chinos - Size L,APP-04577,GST,5,624.09,940.8,26,Men's Wear,6203,8905397944740
Manyavar Grey Chinos - Size 3XL,APP-04578,GST,12,581.93,1413.58,34,Men's Wear,6203,8904927254528
FabIndia Navy Formal Trousers - Size S,APP-04579,GST,12,1120.11,1738.51,3,Women's Wear,6204,8908912294397
Manyavar Black Slim Fit Blazer - Size S,APP-04580,GST,12,1005.01,2333.87,16,Men's Wear,6203,8909414290094
Zara Yellow Polo T-Shirt - Size XL,APP-04581,GST,12,624.81,1053.59,7,Men's Wear,6109,8909283249511
Woodland Olive Formal Shirt - Size 3XL,APP-04582,GST,5,458.15,985.61,12,Men's Wear,6205,8904911699347
Marks & Spencer Teal Imitation Necklace Set,APP-04583,GST,3,641.4,998.87,31,Jewelry,7117,8904679307217
Biba White Kids Velcro Sneakers - Size UK 10,APP-04584,GST,12,529.09,1136.24,9,Footwear,6404,8907900684642
Local Boutique Blue Women's Flat Sandals - Size UK 7,APP-04585,GST,12,412.7,778.44,25,Footwear,6404,8903587311135
Biba Green Designer Lehenga Choli,APP-04586,GST,12,4307.94,7546.2,19,Ethnic Wear,6204,8904313281561
Woodland Grey Formal Trousers - Size M,APP-04587,GST,5,546.67,907.0,10,Women's Wear,6204,8909046084674
Local Boutique Red Polo T-Shirt - Size L,APP-04588,GST,12,526.44,1043.13,3,Men's Wear,6109,8901879997179
Marks & Spencer Teal Casual T-Shirt - Size L,APP-04589,GST,5,354.68,620.88,11,Men's Wear,6109,8907711527507
Levi's Teal Polarized Sunglasses,APP-04590,GST,18,429.66,1073.92,16,Accessories,9004,8902040632236
Mango White Denim Jacket - Size 3XL,APP-04591,GST,12,1126.98,2490.6,38,Women's Wear,6204,8907991113073
Aurelia White Men's Pullover Sweater - Size XXL,APP-04592,GST,12,1083.11,2061.5,8,Winter Wear,6110,8909796978162
Aurelia Yellow Kids Winter Jacket - Size S,APP-04593,GST,12,1242.31,1826.85,35,Kids Wear,6209,8902659700732
FabIndia Yellow Two-Piece Suit - Size S,APP-04594,GST,12,3496.57,8441.93,6,Men's Wear,6203,8905197096273
Woodland Yellow Slim Fit Blazer - Size M,APP-04595,GST,12,2510.0,6174.62,40,Men's Wear,6203,8902842678617
Nike Black Sports Running Sneakers - Size UK 7,APP-04596,GST,12,1430.28,2550.82,8,Footwear,6404,8902061268737
Zara Navy Formal Shirt - Size L,APP-04597,GST,12,501.93,1172.84,33,Men's Wear,6205,8907715892781
W for Woman Beige A-Line Dress - Size XXL,APP-04598,GST,12,508.07,1112.61,37,Women's Wear,6204,8909197936864
Zara Green Maxi Dress - Size S,APP-04599,GST,12,582.96,1283.33,26,Women's Wear,6204,8901091282775
W for Woman Blue Girls Leggings - Size XXL,APP-04600,GST,5,172.77,348.38,14,Kids Wear,6111,8907673264266
Bata Blue Unisex Hoodie - Size S,APP-04601,GST,5,268.77,649.59,13,Winter Wear,6110,8905279434071
FabIndia Teal Kids Winter Jacket - Size 3XL,APP-04602,GST,12,748.73,1407.3,31,Kids Wear,6209,8908486056413
Allen Solly Maroon Formal Trousers - Size XL,APP-04603,GST,12,560.99,1265.77,10,Men's Wear,6203,8909729451356
Peter England White Formal Shirt - Size 3XL,APP-04604,GST,5,391.28,771.75,26,Men's Wear,6205,8908106595036
FabIndia Maroon Crop Top - Size M,APP-04605,GST,5,512.74,985.64,2,Women's Wear,6206,8905432260278
Aurelia Olive Georgette Saree,APP-04606,GST,12,1500.41,2192.37,34,Ethnic Wear,5407,8903759458702
Allen Solly Yellow Crop Top - Size 3XL,APP-04607,GST,5,590.51,854.69,22,Women's Wear,6206,8906400674158
Local Boutique Beige Girls Leggings - Size L,APP-04608,GST,5,224.81,385.68,2,Kids Wear,6111,8908741550757
Nike Navy Men's Pullover Sweater - Size XXL,APP-04609,GST,12,875.82,1464.71,37,Winter Wear,6110,8902148196424
Raymond Teal Denim Jeans - Size M,APP-04610,GST,12,1012.36,1741.18,21,Men's Wear,6203,8901916002226
Woodland Yellow Boys Graphic T-Shirt - Size XXL,APP-04611,GST,5,275.6,513.14,9,Kids Wear,6111,8904341781480
Aurelia Green Women's Flat Sandals - Size UK 10,APP-04612,GST,12,524.64,1056.79,7,Footwear,6404,8904692119368
W for Woman Yellow Thermal Innerwear Set - Size L,APP-04613,GST,12,811.16,1287.69,12,Winter Wear,6107,8908767044471
Aurelia Beige Women's Flat Sandals - Size UK 7,APP-04614,GST,12,646.12,1066.23,39,Footwear,6404,8900408086283
Manyavar Pink Sherwani - Size XL,APP-04615,GST,12,3701.32,5931.16,3,Ethnic Wear,6211,8909319121259
Puma Green Boys Graphic T-Shirt - Size M,APP-04616,GST,5,236.43,518.13,19,Kids Wear,6111,8901266620685
Woodland Teal Kids Winter Jacket - Size S,APP-04617,GST,12,878.76,1957.61,1,Kids Wear,6209,8902885411112
H&M Green Casual T-Shirt - Size S,APP-04618,GST,5,202.63,367.46,6,Men's Wear,6109,8905542771410
W for Woman Red Men's Kurta Pajama Set - Size XXL,APP-04619,GST,12,1316.27,2431.03,28,Ethnic Wear,6211,8908809049526
Manyavar Olive Casual T-Shirt - Size S,APP-04620,GST,5,397.62,880.85,24,Men's Wear,6109,8904641372811
Biba Blue Cotton Kurti - Size S,APP-04621,GST,5,305.03,614.47,26,Women's Wear,6211,8903668029554
Manyavar Teal Women's Flat Sandals - Size UK 9,APP-04622,GST,12,500.43,1109.77,39,Footwear,6404,8907526570056
Mango Olive Cotton Kurti - Size L,APP-04623,GST,5,243.8,598.35,10,Women's Wear,6211,8909081160962
Puma Beige Clutch Sling Bag,APP-04624,GST,18,614.18,1457.29,28,Accessories,4202,8901361510037
FabIndia White Cotton Printed Saree,APP-04625,GST,12,1149.03,2391.72,40,Ethnic Wear,5407,8908600775715
Manyavar Maroon Girls Floral Frock - Size M,APP-04626,GST,12,929.78,1494.39,19,Kids Wear,6111,8907646914578
Allen Solly Beige Girls Floral Frock - Size L,APP-04627,GST,5,261.97,576.1,2,Kids Wear,6111,8909599056032
Aurelia Teal Girls Leggings - Size M,APP-04628,GST,5,228.12,404.71,7,Kids Wear,6111,8900315308703
Allen Solly Mustard Palazzo Pants - Size M,APP-04629,GST,5,383.02,740.17,31,Women's Wear,6204,8906968870641
Mango Black Denim Jeans - Size XXL,APP-04630,GST,12,1553.47,2288.3,31,Men's Wear,6203,8902996722485
Zara Green Boys Denim Jeans - Size 3XL,APP-04631,GST,5,302.7,736.33,17,Kids Wear,6111,8903491710035
Peter England Green Men's Loafers - Size UK 9,APP-04632,GST,12,782.85,1284.81,20,Footwear,6403,8909437475063
Marks & Spencer Green Kids Winter Jacket - Size M,APP-04633,GST,12,651.65,1528.34,12,Kids Wear,6209,8908636934115
W for Woman Maroon Cotton Kurti - Size L,APP-04634,GST,12,484.35,1024.32,23,Women's Wear,6211,8900643305406
Woodland Green Genuine Leather Wallet,APP-04635,GST,18,412.31,641.1,36,Accessories,4202,8902725639300
FabIndia Pink Men's Leather Belt,APP-04636,GST,18,241.77,544.44,6,Accessories,4202,8907715536731
Raymond Red Men's Oxford Leather Shoes - Size UK 11,APP-04637,GST,12,857.5,1523.26,7,Footwear,6403,8909269360997
Local Boutique Blue Polo T-Shirt - Size XXL,APP-04638,GST,5,489.28,880.87,15,Men's Wear,6109,8901039868863
Raymond White Boys Graphic T-Shirt - Size M,APP-04639,GST,5,149.8,320.36,31,Kids Wear,6111,8905674537709
Nike Red Kids Winter Jacket - Size M,APP-04640,GST,12,752.14,1225.42,24,Kids Wear,6209,8901603121914
FabIndia Olive Cotton Printed Saree,APP-04641,GST,12,1095.71,1629.01,22,Ethnic Wear,5407,8904032741546
Biba Red Cotton Printed Saree,APP-04642,GST,12,863.54,1341.25,9,Ethnic Wear,5407,8907192074411
Mango Maroon Designer Lehenga Choli,APP-04643,GST,12,4076.17,8708.94,32,Ethnic Wear,6204,8908328453812
Zara Pink Genuine Leather Wallet,APP-04644,GST,18,536.49,784.85,18,Accessories,4202,8900098936870
Local Boutique Red Chinos - Size S,APP-04645,GST,12,1071.19,2317.47,35,Men's Wear,6203,8904744000543
H&M Pink Imitation Necklace Set,APP-04646,GST,3,284.94,622.29,27,Jewelry,7117,8904923272445
Puma Grey Polo T-Shirt - Size XXL,APP-04647,GST,12,642.27,1114.39,28,Men's Wear,6109,8904995232537
Raymond Teal Men's Oxford Leather Shoes - Size UK 6,APP-04648,GST,12,974.76,1805.6,29,Footwear,6403,8901648435145
Aurelia Red Designer Lehenga Choli,APP-04649,GST,12,2214.71,3935.71,33,Ethnic Wear,6204,8905558859918
Peter England Blue Genuine Leather Wallet,APP-04650,GST,18,380.63,819.28,17,Accessories,4202,8904995853911
Puma Black Chinos - Size XXL,APP-04651,GST,12,1345.43,2098.03,6,Men's Wear,6203,8902161762519
Levi's Mustard Thermal Innerwear Set - Size 3XL,APP-04652,GST,5,335.57,480.91,39,Winter Wear,6107,8908331265281
Peter England Yellow Formal Shirt - Size L,APP-04653,GST,12,616.68,1377.79,40,Men's Wear,6205,8908887105484
Nike Teal Polo T-Shirt - Size M,APP-04654,GST,12,477.32,1092.87,4,Men's Wear,6109,8900866658153
Puma Maroon Clutch Sling Bag,APP-04655,GST,18,306.31,723.96,16,Accessories,4202,8909364695494
W for Woman Olive Women's Woolen Cardigan - Size XXL,APP-04656,GST,12,1318.16,2053.57,24,Winter Wear,6110,8904888507325
H&M Maroon Thermal Innerwear Set - Size M,APP-04657,GST,5,476.48,991.69,4,Winter Wear,6107,8907726925232
Aurelia Maroon Polo T-Shirt - Size M,APP-04658,GST,5,310.59,739.77,9,Men's Wear,6109,8905070120084
Local Boutique Green Polo T-Shirt - Size XXL,APP-04659,GST,5,511.8,789.9,31,Men's Wear,6109,8902485993178
Mango Yellow Boys Graphic T-Shirt - Size XXL,APP-04660,GST,5,253.01,613.01,14,Kids Wear,6111,8904053867677
Levi's Mustard Formal Shirt - Size XL,APP-04661,GST,12,641.85,1476.09,29,Men's Wear,6205,8909672803671
Nike Pink Genuine Leather Wallet,APP-04662,GST,18,461.17,1064.64,6,Accessories,4202,8902357822394
Bata Black Clutch Sling Bag,APP-04663,GST,18,492.85,925.66,25,Accessories,4202,8902953644148
Local Boutique Yellow Men's Oxford Leather Shoes - Size UK 10,APP-04664,GST,12,1096.82,2223.34,37,Footwear,6403,8904188368089
Mango Olive Women's Stiletto Heels - Size UK 10,APP-04665,GST,12,491.2,1098.55,11,Footwear,6403,8900796448175
FabIndia Mustard Boys Denim Jeans - Size L,APP-04666,GST,12,642.01,1061.34,5,Kids Wear,6111,8902552500308
Bata Blue Genuine Leather Wallet,APP-04667,GST,18,811.18,1180.9,12,Accessories,4202,8907870332158
Aurelia Blue Crop Top - Size S,APP-04668,GST,5,186.07,437.97,9,Women's Wear,6206,8908586743604
Mango Grey Sports Running Sneakers - Size UK 6,APP-04669,GST,12,1511.51,2344.63,36,Footwear,6404,8901750609471
Mango Grey Women's Flat Sandals - Size UK 5,APP-04670,GST,12,591.12,1081.03,40,Footwear,6404,8905131914296
Levi's Teal Unisex Hoodie - Size S,APP-04671,GST,12,602.62,1102.89,36,Winter Wear,6110,8906386461078
Biba Yellow Slim Fit Blazer - Size XL,APP-04672,GST,12,3722.28,6263.67,8,Men's Wear,6203,8907655898823
H&M Maroon Women's Tote Handbag,APP-04673,GST,18,1332.48,2296.09,7,Accessories,4202,8904185623338
Zara Maroon Silk Saree,APP-04674,GST,12,2053.02,2980.1,16,Ethnic Wear,5407,8907247094195
Levi's Black Formal Trousers - Size XL,APP-04675,GST,12,619.86,1118.14,39,Men's Wear,6203,8900035920570
Levi's Beige Kids Velcro Sneakers - Size UK 10,APP-04676,GST,12,295.23,627.22,27,Footwear,6404,8903030783716
FabIndia Olive Cotton Printed Saree,APP-04677,GST,12,1101.07,2029.28,10,Ethnic Wear,5407,8905798123316
Levi's Black Casual T-Shirt - Size XXL,APP-04678,GST,5,349.01,719.19,24,Men's Wear,6109,8906311402153
Mango Teal Denim Jeans - Size S,APP-04679,GST,12,1777.92,2597.26,30,Men's Wear,6203,8906177812893
FabIndia Blue Silk Saree,APP-04680,GST,12,3978.74,6693.16,10,Ethnic Wear,5407,8903177816214
Local Boutique Maroon Maxi Dress - Size L,APP-04681,GST,12,1535.51,2721.63,2,Women's Wear,6204,8907621416350
H&M Navy Cotton Kurti - Size M,APP-04682,GST,5,301.19,429.23,8,Women's Wear,6211,8901410645582
Allen Solly Pink Formal Shirt - Size XXL,APP-04683,GST,5,520.33,765.28,9,Men's Wear,6205,8904451619465
Bata Black Silk Saree,APP-04684,GST,12,1613.65,3167.19,31,Ethnic Wear,5407,8909832323677
Marks & Spencer Beige Casual T-Shirt - Size L,APP-04685,GST,5,230.52,398.33,10,Men's Wear,6109,8905170135881
Zara Green Maxi Dress - Size L,APP-04686,GST,12,1407.27,3402.83,9,Women's Wear,6204,8904899308713
Zara Maroon Formal Shirt - Size S,APP-04687,GST,12,738.87,1459.31,2,Men's Wear,6205,8904112126109
Allen Solly Maroon Polarized Sunglasses,APP-04688,GST,18,442.12,1001.91,37,Accessories,9004,8906746977803
Levi's White Designer Lehenga Choli,APP-04689,GST,12,4699.8,10311.24,14,Ethnic Wear,6204,8904835574908
Bata Navy Boys Graphic T-Shirt - Size XL,APP-04690,GST,5,132.96,250.86,21,Kids Wear,6111,8905648964322
Aurelia Beige Cotton Printed Saree,APP-04691,GST,12,484.93,1110.97,7,Ethnic Wear,5407,8905899609932
Levi's Navy Girls Leggings - Size M,APP-04692,GST,5,107.5,168.21,11,Kids Wear,6111,8900482401521
Levi's Grey Unisex Hoodie - Size S,APP-04693,GST,5,284.26,603.92,40,Winter Wear,6110,8907332471525
Aurelia Teal Kids Velcro Sneakers - Size UK 8,APP-04694,GST,12,884.09,1465.26,4,Footwear,6404,8903169728188
Marks & Spencer Navy Girls Floral Frock - Size S,APP-04695,GST,5,409.24,929.89,19,Kids Wear,6111,8903190857346
Mango Olive Clutch Sling Bag,APP-04696,GST,18,807.06,1431.47,36,Accessories,4202,8909701542270
W for Woman Green Clutch Sling Bag,APP-04697,GST,18,526.11,1113.62,11,Accessories,4202,8900053688908
Woodland Navy Genuine Leather Wallet,APP-04698,GST,18,308.9,675.26,16,Accessories,4202,8908201877671
Nike Pink Maxi Dress - Size L,APP-04699,GST,12,1225.94,2918.46,24,Women's Wear,6204,8903091270736
Biba Black Kids Winter Jacket - Size XL,APP-04700,GST,12,736.85,1654.19,10,Kids Wear,6209,8907244709967
W for Woman Black Cotton Printed Saree,APP-04701,GST,5,531.42,828.83,38,Ethnic Wear,5407,8902526555757
Mango White Men's Pullover Sweater - Size S,APP-04702,GST,12,460.28,1076.1,1,Winter Wear,6110,8900565553040
Nike Blue Men's Oxford Leather Shoes - Size UK 10,APP-04703,GST,12,2492.48,4048.68,30,Footwear,6403,8902707593359
Biba Navy Imitation Necklace Set,APP-04704,GST,3,403.76,698.36,36,Jewelry,7117,8902328901710
Levi's Yellow Kids Winter Jacket - Size XXL,APP-04705,GST,12,976.72,2108.02,8,Kids Wear,6209,8908689383954
Nike Pink Formal Trousers - Size L,APP-04706,GST,12,983.95,1917.8,5,Women's Wear,6204,8902840384058
Bata Teal Women's Stiletto Heels - Size UK 5,APP-04707,GST,12,734.45,1523.72,6,Footwear,6403,8909318732335
Manyavar Black Slim Fit Blazer - Size XXL,APP-04708,GST,12,2656.92,4130.07,16,Men's Wear,6203,8904405938983
Levi's Blue Silk Saree,APP-04709,GST,12,2805.57,5429.68,15,Ethnic Wear,5407,8905805829989
Mango White Boys Graphic T-Shirt - Size L,APP-04710,GST,5,340.49,677.53,21,Kids Wear,6111,8909515567464
Biba Yellow Cotton Kurti - Size M,APP-04711,GST,5,217.57,403.94,26,Women's Wear,6211,8904704870428
Peter England Navy Polarized Sunglasses,APP-04712,GST,18,1040.98,2167.94,18,Accessories,9004,8907633779938
Nike Teal Casual T-Shirt - Size XL,APP-04713,GST,5,501.13,764.13,1,Men's Wear,6109,8903760491917
Bata Black Women's Tote Handbag,APP-04714,GST,18,933.95,2227.12,29,Accessories,4202,8903108027136
Biba Green Maxi Dress - Size L,APP-04715,GST,12,1347.61,2305.14,37,Women's Wear,6204,8900322211388
H&M Grey Women's Woolen Cardigan - Size XL,APP-04716,GST,12,926.14,1327.39,31,Winter Wear,6110,8900941957241
Marks & Spencer Green Men's Pullover Sweater - Size 3XL,APP-04717,GST,12,801.0,1703.83,17,Winter Wear,6110,8905369810534
W for Woman Blue Formal Shirt - Size L,APP-04718,GST,12,604.56,1036.52,12,Men's Wear,6205,8903081079934
Aurelia Green Boys Denim Jeans - Size S,APP-04719,GST,12,531.97,1089.87,2,Kids Wear,6111,8907267453396
Manyavar Olive Cotton Kurti - Size XXL,APP-04720,GST,5,577.64,858.38,36,Women's Wear,6211,8900271522737
FabIndia Maroon Maxi Dress - Size M,APP-04721,GST,12,1375.44,3352.13,28,Women's Wear,6204,8901716813835
Zara Teal Women's Stiletto Heels - Size UK 8,APP-04722,GST,12,1463.22,2095.46,23,Footwear,6403,8902450357835
Biba White Men's Kurta Pajama Set - Size S,APP-04723,GST,12,1454.74,3436.16,22,Ethnic Wear,6211,8907961444005
Local Boutique Beige Thermal Innerwear Set - Size XXL,APP-04724,GST,5,446.4,665.61,22,Winter Wear,6107,8902279110746
Manyavar Black Boys Denim Jeans - Size XL,APP-04725,GST,5,290.17,670.37,1,Kids Wear,6111,8902006865232
Raymond Red Denim Jeans - Size S,APP-04726,GST,12,1426.51,2247.74,18,Men's Wear,6203,8907042848501
Aurelia Yellow Formal Trousers - Size M,APP-04727,GST,12,713.06,1013.98,40,Women's Wear,6204,8903200858752
Puma Red Chinos - Size XL,APP-04728,GST,12,1019.72,1738.02,25,Men's Wear,6203,8904310291209
Woodland Pink Men's Loafers - Size UK 7,APP-04729,GST,12,1614.34,2640.19,23,Footwear,6403,8907178620892
Local Boutique Beige Thermal Innerwear Set - Size M,APP-04730,GST,5,378.23,618.18,37,Winter Wear,6107,8904807426890
Bata Green Two-Piece Suit - Size S,APP-04731,GST,12,2094.87,4033.94,18,Men's Wear,6203,8907503168157
Woodland Maroon Formal Trousers - Size L,APP-04732,GST,12,756.9,1617.04,39,Women's Wear,6204,8906801200390
Zara Olive Women's Stiletto Heels - Size UK 9,APP-04733,GST,12,1361.13,1991.77,20,Footwear,6403,8907659544088
Mango Green Kids Velcro Sneakers - Size UK 5,APP-04734,GST,12,361.32,700.83,5,Footwear,6404,8909304180848
Woodland Black Cotton Kurti - Size 3XL,APP-04735,GST,5,514.3,957.55,4,Women's Wear,6211,8908738432215
Puma Teal Kids Winter Jacket - Size L,APP-04736,GST,12,820.94,2036.21,32,Kids Wear,6209,8906825238154
Raymond Blue Men's Oxford Leather Shoes - Size UK 10,APP-04737,GST,12,875.56,1846.66,39,Footwear,6403,8905575538350
W for Woman Olive Women's Woolen Cardigan - Size L,APP-04738,GST,5,339.3,770.75,2,Winter Wear,6110,8907443297920
FabIndia Red Denim Jacket - Size S,APP-04739,GST,12,1419.28,2353.79,29,Women's Wear,6204,8900322888970
Woodland Black Denim Jacket - Size S,APP-04740,GST,12,1342.48,2084.66,28,Women's Wear,6204,8901084106977
Bata Green Imitation Necklace Set,APP-04741,GST,3,888.72,1481.01,26,Jewelry,7117,8903773642178
Local Boutique Red Boys Graphic T-Shirt - Size M,APP-04742,GST,5,216.89,462.26,2,Kids Wear,6111,8904369174238
Marks & Spencer Maroon Denim Jeans - Size XXL,APP-04743,GST,12,1350.43,2754.11,6,Men's Wear,6203,8908098174552
Manyavar Pink Unisex Hoodie - Size M,APP-04744,GST,12,825.61,1164.72,2,Winter Wear,6110,8904102336286
H&M White Designer Lehenga Choli,APP-04745,GST,12,7150.44,11000.89,31,Ethnic Wear,6204,8900389313649
Puma Maroon Casual T-Shirt - Size 3XL,APP-04746,GST,5,321.15,476.24,34,Men's Wear,6109,8908972931901
H&M Grey Polo T-Shirt - Size L,APP-04747,GST,12,686.64,1166.39,24,Men's Wear,6109,8907448703817
Local Boutique Mustard Slim Fit Blazer - Size L,APP-04748,GST,12,2168.46,4469.47,2,Men's Wear,6203,8907923285337
Aurelia Red Silk Saree,APP-04749,GST,12,1259.19,2221.05,29,Ethnic Wear,5407,8906207266931
W for Woman Teal Women's Flat Sandals - Size UK 9,APP-04750,GST,12,740.9,1178.42,7,Footwear,6404,8908625395639
Marks & Spencer Yellow Cotton Printed Saree,APP-04751,GST,12,614.55,1032.28,19,Ethnic Wear,5407,8909093426926
Raymond Navy Palazzo Pants - Size L,APP-04752,GST,12,738.47,1039.06,8,Women's Wear,6204,8900545896019
Bata Yellow Palazzo Pants - Size M,APP-04753,GST,12,413.61,1028.82,21,Women's Wear,6204,8906680734571
Bata White Casual T-Shirt - Size XL,APP-04754,GST,5,320.74,593.07,23,Men's Wear,6109,8905026472231
Woodland Pink Cotton Printed Saree,APP-04755,GST,12,1411.16,2047.22,1,Ethnic Wear,5407,8907657966758
Levi's Navy Formal Trousers - Size M,APP-04756,GST,12,850.67,1839.56,30,Men's Wear,6203,8907623696637
Woodland White Kids Velcro Sneakers - Size UK 6,APP-04757,GST,12,1109.94,1560.3,17,Footwear,6404,8905977674049
Allen Solly Maroon Boys Denim Jeans - Size 3XL,APP-04758,GST,5,483.53,862.55,6,Kids Wear,6111,8909115565292
Marks & Spencer White Thermal Innerwear Set - Size 3XL,APP-04759,GST,5,361.01,562.51,36,Winter Wear,6107,8900467793383
Manyavar Teal Men's Leather Belt,APP-04760,GST,18,182.59,446.24,36,Accessories,4202,8906263141350
Bata Grey Formal Trousers - Size L,APP-04761,GST,5,310.42,713.93,12,Women's Wear,6204,8900119067736
Manyavar Red Women's Flat Sandals - Size UK 10,APP-04762,GST,12,268.35,650.79,20,Footwear,6404,8907611558497
Mango Mustard Formal Trousers - Size L,APP-04763,GST,5,311.27,613.6,5,Women's Wear,6204,8900521240766
Mango Maroon Men's Oxford Leather Shoes - Size UK 10,APP-04764,GST,12,1805.28,3746.46,25,Footwear,6403,8906453383733
Peter England Teal Two-Piece Suit - Size XL,APP-04765,GST,12,4171.23,9634.97,29,Men's Wear,6203,8906031077735
Puma Beige Silk Saree,APP-04766,GST,12,1998.92,3392.36,20,Ethnic Wear,5407,8901275798802
FabIndia Black Thermal Innerwear Set - Size XXL,APP-04767,GST,5,438.73,944.51,22,Winter Wear,6107,8902512098755
Aurelia Yellow Men's Kurta Pajama Set - Size 3XL,APP-04768,GST,12,712.55,1221.89,23,Ethnic Wear,6211,8908701280870
Nike White Formal Trousers - Size S,APP-04769,GST,12,576.42,1148.64,5,Women's Wear,6204,8900108301535
FabIndia Mustard Polarized Sunglasses,APP-04770,GST,18,2069.27,2946.85,21,Accessories,9004,8906088638419
FabIndia Mustard Girls Leggings - Size XXL,APP-04771,GST,5,170.87,259.13,39,Kids Wear,6111,8904474690579
Puma Red Maxi Dress - Size 3XL,APP-04772,GST,12,1300.89,2924.14,13,Women's Wear,6204,8909576853893
Manyavar Maroon Formal Trousers - Size M,APP-04773,GST,12,1036.21,1578.99,23,Women's Wear,6204,8901786318927
Aurelia Beige Women's Stiletto Heels - Size UK 11,APP-04774,GST,12,1227.65,2212.85,33,Footwear,6403,8907967379956
Mango Teal Women's Flat Sandals - Size UK 5,APP-04775,GST,12,576.79,1136.03,39,Footwear,6404,8906652163487
Aurelia Olive Kids Velcro Sneakers - Size UK 7,APP-04776,GST,12,662.62,1599.31,34,Footwear,6404,8900105118426
Zara Olive Men's Kurta Pajama Set - Size S,APP-04777,GST,12,643.71,1475.55,4,Ethnic Wear,6211,8905835957880
Puma Green Women's Flat Sandals - Size UK 6,APP-04778,GST,12,496.03,788.87,29,Footwear,6404,8903827606706
W for Woman Black A-Line Dress - Size XXL,APP-04779,GST,5,400.19,855.27,40,Women's Wear,6204,8902611980956
Aurelia Pink Denim Jeans - Size XXL,APP-04780,GST,12,992.09,2179.84,16,Men's Wear,6203,8902367365401
Local Boutique Blue Genuine Leather Wallet,APP-04781,GST,18,201.82,453.45,2,Accessories,4202,8902722163174
Zara Beige Polarized Sunglasses,APP-04782,GST,18,1479.15,2996.11,29,Accessories,9004,8903340958635
Woodland Beige Designer Lehenga Choli,APP-04783,GST,12,3667.46,5696.63,28,Ethnic Wear,6204,8902429966390
Nike Red Unisex Hoodie - Size 3XL,APP-04784,GST,12,631.37,1025.36,33,Winter Wear,6110,8909122800237
Woodland Black Denim Jeans - Size XXL,APP-04785,GST,12,1043.61,2591.04,13,Men's Wear,6203,8901417336123
Levi's Blue Men's Leather Belt,APP-04786,GST,18,446.89,751.95,18,Accessories,4202,8909751523858
Bata Red Genuine Leather Wallet,APP-04787,GST,18,180.2,409.16,25,Accessories,4202,8907132237090
Zara Blue Silk Saree,APP-04788,GST,12,3815.1,6651.78,15,Ethnic Wear,5407,8909015339583
FabIndia Mustard Formal Trousers - Size 3XL,APP-04789,GST,12,826.74,1193.03,40,Women's Wear,6204,8900128184893
Aurelia Navy Polarized Sunglasses,APP-04790,GST,18,944.46,2161.57,16,Accessories,9004,8900067991346
Peter England Maroon Kids Velcro Sneakers - Size UK 10,APP-04791,GST,12,754.6,1375.13,26,Footwear,6404,8901217472672
Raymond Mustard Crop Top - Size S,APP-04792,GST,5,495.17,987.06,29,Women's Wear,6206,8907275386689
Peter England Yellow Men's Loafers - Size UK 6,APP-04793,GST,12,1420.82,2457.33,9,Footwear,6403,8901808931698
Levi's Olive Cotton Kurti - Size XL,APP-04794,GST,5,375.28,844.24,24,Women's Wear,6211,8903420566807
W for Woman Teal Palazzo Pants - Size M,APP-04795,GST,5,495.06,865.8,25,Women's Wear,6204,8905298053036
Allen Solly Mustard Two-Piece Suit - Size S,APP-04796,GST,12,4867.12,10170.33,2,Men's Wear,6203,8905100199500
Marks & Spencer Olive Clutch Sling Bag,APP-04797,GST,18,443.71,753.69,27,Accessories,4202,8902716752059
Manyavar Mustard Silk Saree,APP-04798,GST,12,1067.4,2483.69,11,Ethnic Wear,5407,8903974247425
Zara Beige Women's Flat Sandals - Size UK 11,APP-04799,GST,12,566.24,989.51,32,Footwear,6404,8904651984656
Zara Teal Crop Top - Size XL,APP-04800,GST,5,197.47,320.71,36,Women's Wear,6206,8908894897894
Local Boutique Red Slim Fit Blazer - Size XL,APP-04801,GST,12,2706.75,5849.1,23,Men's Wear,6203,8902882808231
Levi's Pink Men's Kurta Pajama Set - Size 3XL,APP-04802,GST,12,477.62,1175.98,23,Ethnic Wear,6211,8902002989042
Marks & Spencer Black Men's Pullover Sweater - Size XXL,APP-04803,GST,12,1037.73,1650.57,21,Winter Wear,6110,8903467099785
Peter England Teal Imitation Necklace Set,APP-04804,GST,3,379.34,559.19,8,Jewelry,7117,8902178888162
Woodland Maroon Kids Winter Jacket - Size XXL,APP-04805,GST,12,850.73,1442.33,9,Kids Wear,6209,8902338444611
Manyavar Navy Thermal Innerwear Set - Size XXL,APP-04806,GST,12,435.37,1051.55,30,Winter Wear,6107,8901170494415
Aurelia White Formal Trousers - Size L,APP-04807,GST,12,722.63,1068.87,35,Women's Wear,6204,8903132181670
Zara Green Men's Kurta Pajama Set - Size XL,APP-04808,GST,12,2254.84,3184.5,4,Ethnic Wear,6211,8907260768516
Peter England Pink Designer Lehenga Choli,APP-04809,GST,12,2409.6,6018.72,4,Ethnic Wear,6204,8905844512827
Nike Teal Cotton Kurti - Size M,APP-04810,GST,12,533.13,1110.61,5,Women's Wear,6211,8901664972483
Manyavar Teal A-Line Dress - Size XXL,APP-04811,GST,12,728.51,1260.36,36,Women's Wear,6204,8905913375993
Nike Green Palazzo Pants - Size XXL,APP-04812,GST,5,261.64,646.38,36,Women's Wear,6204,8908187169467
Woodland Grey Boys Denim Jeans - Size XXL,APP-04813,GST,5,594.36,921.01,39,Kids Wear,6111,8902476807257
Bata Green Genuine Leather Wallet,APP-04814,GST,18,320.4,562.67,18,Accessories,4202,8906367621360
FabIndia Beige Women's Woolen Cardigan - Size L,APP-04815,GST,12,939.16,1924.44,18,Winter Wear,6110,8907272455769
Marks & Spencer Teal Men's Leather Belt,APP-04816,GST,18,376.63,570.66,19,Accessories,4202,8908933363996
H&M Navy Casual T-Shirt - Size L,APP-04817,GST,5,322.26,580.36,37,Men's Wear,6109,8909771944595
Aurelia White Clutch Sling Bag,APP-04818,GST,18,283.75,588.69,30,Accessories,4202,8907418412640
Puma Green Sherwani - Size M,APP-04819,GST,12,9597.86,15770.59,12,Ethnic Wear,6211,8902769730572
Mango Maroon Two-Piece Suit - Size L,APP-04820,GST,12,2408.89,5897.23,15,Men's Wear,6203,8902616917499
Nike Green Palazzo Pants - Size 3XL,APP-04821,GST,5,328.3,621.05,38,Women's Wear,6204,8901805547006
Mango Yellow Kids Velcro Sneakers - Size UK 6,APP-04822,GST,12,981.46,1378.93,9,Footwear,6404,8909620563364
Bata Maroon Denim Jeans - Size M,APP-04823,GST,12,1052.17,2480.05,29,Men's Wear,6203,8901288263109
Marks & Spencer Yellow Kids Winter Jacket - Size M,APP-04824,GST,12,495.44,1235.73,3,Kids Wear,6209,8907748816820
Levi's Red Georgette Saree,APP-04825,GST,12,909.81,1735.81,14,Ethnic Wear,5407,8901774278943
Marks & Spencer Pink Men's Oxford Leather Shoes - Size UK 9,APP-04826,GST,12,1631.64,2768.89,30,Footwear,6403,8905814065058
W for Woman Blue Formal Shirt - Size S,APP-04827,GST,5,555.08,958.93,4,Men's Wear,6205,8905948875340
Levi's Red Men's Oxford Leather Shoes - Size UK 9,APP-04828,GST,12,1842.16,3277.92,35,Footwear,6403,8908932281710
Biba Red Kids Velcro Sneakers - Size UK 11,APP-04829,GST,12,923.29,1414.21,18,Footwear,6404,8900334977593
Aurelia Yellow Crop Top - Size XXL,APP-04830,GST,5,235.08,462.06,19,Women's Wear,6206,8905490867813
FabIndia Teal Sports Running Sneakers - Size UK 6,APP-04831,GST,12,2584.76,3916.07,7,Footwear,6404,8909676475833
Aurelia Maroon Boys Denim Jeans - Size M,APP-04832,GST,5,372.04,795.51,11,Kids Wear,6111,8908227069777
Puma Black Men's Loafers - Size UK 9,APP-04833,GST,12,983.82,2435.36,38,Footwear,6403,8908507702368
Peter England Olive Formal Trousers - Size 3XL,APP-04834,GST,12,567.94,1059.23,15,Men's Wear,6203,8906320154612
Nike Olive Chinos - Size XXL,APP-04835,GST,12,912.49,2142.22,12,Men's Wear,6203,8902867319419
FabIndia Pink Cotton Printed Saree,APP-04836,GST,12,1059.05,2267.2,7,Ethnic Wear,5407,8901858020231
Biba White Sherwani - Size 3XL,APP-04837,GST,12,6004.7,12661.79,1,Ethnic Wear,6211,8909612492018
Puma Green Men's Kurta Pajama Set - Size 3XL,APP-04838,GST,12,1505.71,2894.05,15,Ethnic Wear,6211,8900980657273
Peter England White Women's Stiletto Heels - Size UK 8,APP-04839,GST,12,1256.42,2522.78,24,Footwear,6403,8906324540536
Aurelia Green Formal Shirt - Size XL,APP-04840,GST,12,470.13,1047.38,17,Men's Wear,6205,8900985217729
FabIndia Red Women's Woolen Cardigan - Size XXL,APP-04841,GST,5,431.08,946.11,19,Winter Wear,6110,8906718446173
Bata Navy Cotton Kurti - Size M,APP-04842,GST,5,201.91,381.28,25,Women's Wear,6211,8907400184766
W for Woman Blue Men's Leather Belt,APP-04843,GST,18,540.26,770.32,6,Accessories,4202,8902408476520
Aurelia Red Boys Denim Jeans - Size M,APP-04844,GST,5,418.5,936.46,8,Kids Wear,6111,8908038814371
Raymond Olive Denim Jeans - Size L,APP-04845,GST,12,1401.16,2249.95,4,Men's Wear,6203,8909600750797
FabIndia Red Boys Graphic T-Shirt - Size S,APP-04846,GST,5,307.34,433.29,27,Kids Wear,6111,8907748189301
Levi's Olive Kids Winter Jacket - Size 3XL,APP-04847,GST,12,955.47,2184.1,28,Kids Wear,6209,8908426336189
Puma Green Slim Fit Blazer - Size L,APP-04848,GST,12,2724.02,6492.84,28,Men's Wear,6203,8905727287818
Zara Olive Cotton Printed Saree,APP-04849,GST,12,1186.44,2157.0,16,Ethnic Wear,5407,8908026709461
Woodland Yellow Kids Velcro Sneakers - Size UK 10,APP-04850,GST,12,431.83,1021.95,27,Footwear,6404,8904181460499
FabIndia Beige Formal Trousers - Size 3XL,APP-04851,GST,12,1100.0,2059.34,13,Men's Wear,6203,8902280297980
Levi's Teal Chinos - Size L,APP-04852,GST,12,691.23,1536.11,3,Men's Wear,6203,8909673866751
Woodland Green Clutch Sling Bag,APP-04853,GST,18,601.6,1098.95,30,Accessories,4202,8900392749914
Marks & Spencer Blue Palazzo Pants - Size XXL,APP-04854,GST,12,677.99,1451.93,1,Women's Wear,6204,8905308336014
Local Boutique White Women's Woolen Cardigan - Size L,APP-04855,GST,5,316.59,776.64,35,Winter Wear,6110,8908882703224
H&M Blue Sports Running Sneakers - Size UK 8,APP-04856,GST,12,688.63,1636.48,29,Footwear,6404,8904557663940
H&M Beige Women's Flat Sandals - Size UK 6,APP-04857,GST,12,364.76,906.86,18,Footwear,6404,8908277594792
Bata Pink Maxi Dress - Size S,APP-04858,GST,12,628.97,1289.39,17,Women's Wear,6204,8906759579633
Zara Olive Men's Oxford Leather Shoes - Size UK 5,APP-04859,GST,12,1810.3,3170.0,30,Footwear,6403,8900871650817
Levi's Teal Denim Jeans - Size 3XL,APP-04860,GST,12,1631.23,2993.27,14,Men's Wear,6203,8905242816945
Marks & Spencer Navy Silk Saree,APP-04861,GST,12,2396.03,3782.05,30,Ethnic Wear,5407,8902447539879
Peter England White Cotton Kurti - Size L,APP-04862,GST,12,561.73,1106.47,40,Women's Wear,6211,8902379259968
Manyavar Black Men's Pullover Sweater - Size XL,APP-04863,GST,12,1004.61,1539.81,6,Winter Wear,6110,8906558651150
Manyavar Green Silk Saree,APP-04864,GST,12,2106.89,4807.23,35,Ethnic Wear,5407,8900066056772
Zara Blue Polarized Sunglasses,APP-04865,GST,18,470.64,937.2,18,Accessories,9004,8903800639937
FabIndia Teal Women's Stiletto Heels - Size UK 11,APP-04866,GST,12,737.02,1506.14,8,Footwear,6403,8900997872191
Levi's Pink Girls Leggings - Size S,APP-04867,GST,5,174.81,390.84,8,Kids Wear,6111,8906516800472
Manyavar Blue Slim Fit Blazer - Size L,APP-04868,GST,12,2068.71,4411.61,2,Men's Wear,6203,8909358717020
W for Woman Green Denim Jeans - Size 3XL,APP-04869,GST,12,786.68,1666.11,7,Men's Wear,6203,8908789005299
FabIndia Blue Cotton Printed Saree,APP-04870,GST,12,618.18,1316.87,13,Ethnic Wear,5407,8903492321243
FabIndia Green Formal Shirt - Size XXL,APP-04871,GST,12,505.91,1216.52,16,Men's Wear,6205,8900361322769
Nike Mustard Formal Shirt - Size 3XL,APP-04872,GST,12,639.05,1234.58,17,Men's Wear,6205,8904730981107
Marks & Spencer Black Polarized Sunglasses,APP-04873,GST,18,978.77,1780.33,34,Accessories,9004,8904533433578
Puma Yellow Men's Kurta Pajama Set - Size S,APP-04874,GST,12,1419.92,3048.22,33,Ethnic Wear,6211,8900336136375
Woodland Black Casual T-Shirt - Size L,APP-04875,GST,5,184.63,307.9,24,Men's Wear,6109,8901163784573
Biba Green Men's Pullover Sweater - Size M,APP-04876,GST,5,474.19,803.34,9,Winter Wear,6110,8906027322699
Bata Red Cotton Kurti - Size 3XL,APP-04877,GST,5,556.29,794.75,12,Women's Wear,6211,8909400975110
Puma Beige Denim Jacket - Size 3XL,APP-04878,GST,12,1480.3,2503.11,1,Women's Wear,6204,8909965678956
W for Woman Beige Georgette Saree,APP-04879,GST,12,1938.94,3656.6,14,Ethnic Wear,5407,8900329284422
Levi's Grey Slim Fit Blazer - Size L,APP-04880,GST,12,3482.21,5708.47,6,Men's Wear,6203,8903300042956
Levi's Black Formal Shirt - Size M,APP-04881,GST,12,533.66,1147.78,38,Men's Wear,6205,8905872020752
Allen Solly Mustard Denim Jeans - Size 3XL,APP-04882,GST,12,703.7,1261.68,39,Men's Wear,6203,8903186062314
Mango Yellow Silk Saree,APP-04883,GST,12,1841.78,3578.19,16,Ethnic Wear,5407,8900535962763
Peter England Olive Formal Shirt - Size XXL,APP-04884,GST,12,818.35,1586.91,15,Men's Wear,6205,8902527397674
Marks & Spencer White Kids Velcro Sneakers - Size UK 6,APP-04885,GST,12,1025.54,1542.49,10,Footwear,6404,8900375694143
Raymond Black Chinos - Size S,APP-04886,GST,12,562.43,1114.12,31,Men's Wear,6203,8908429533718
Nike Teal Men's Leather Belt,APP-04887,GST,18,434.16,742.48,35,Accessories,4202,8908856380285
H&M Red A-Line Dress - Size S,APP-04888,GST,5,467.54,802.07,6,Women's Wear,6204,8906485155964
Local Boutique Mustard Women's Flat Sandals - Size UK 5,APP-04889,GST,12,260.66,604.53,8,Footwear,6404,8908703950888
Nike Red Women's Stiletto Heels - Size UK 11,APP-04890,GST,12,632.94,1479.07,40,Footwear,6403,8904021698068
Puma Green Chinos - Size 3XL,APP-04891,GST,12,638.33,1374.46,25,Men's Wear,6203,8902244626556
W for Woman Pink Two-Piece Suit - Size XL,APP-04892,GST,12,5422.86,8357.38,15,Men's Wear,6203,8905517274847
Biba Yellow Women's Tote Handbag,APP-04893,GST,18,1629.68,3319.62,17,Accessories,4202,8904617353606
Raymond Navy Sports Running Sneakers - Size UK 8,APP-04894,GST,12,2899.76,4068.29,32,Footwear,6404,8904091260287
Peter England Black Polarized Sunglasses,APP-04895,GST,18,1639.46,2489.33,28,Accessories,9004,8904802325869
Mango Black Clutch Sling Bag,APP-04896,GST,18,761.49,1514.64,7,Accessories,4202,8904848946541
Biba Navy Chinos - Size 3XL,APP-04897,GST,12,649.92,1013.16,27,Men's Wear,6203,8900691382172
Manyavar Mustard Clutch Sling Bag,APP-04898,GST,18,698.19,1406.32,28,Accessories,4202,8907823967567
W for Woman Beige Men's Pullover Sweater - Size L,APP-04899,GST,12,1007.04,2026.45,15,Winter Wear,6110,8907878559711
Local Boutique Olive Women's Stiletto Heels - Size UK 6,APP-04900,GST,12,808.0,1592.22,8,Footwear,6403,8908706337874
FabIndia Olive Unisex Hoodie - Size XL,APP-04901,GST,12,798.63,1507.11,14,Winter Wear,6110,8902681361593
Raymond Black Kids Winter Jacket - Size XL,APP-04902,GST,12,1115.7,1725.69,12,Kids Wear,6209,8908207495962
H&M Pink Georgette Saree,APP-04903,GST,12,2669.97,4158.09,22,Ethnic Wear,5407,8909123141421
Mango Red Boys Denim Jeans - Size L,APP-04904,GST,12,639.08,1074.13,22,Kids Wear,6111,8901434382500
Aurelia Pink Women's Stiletto Heels - Size UK 9,APP-04905,GST,12,1453.83,2975.76,3,Footwear,6403,8905103415949
Marks & Spencer Blue Cotton Kurti - Size L,APP-04906,GST,5,540.38,847.08,16,Women's Wear,6211,8905270607714
Local Boutique Maroon Women's Tote Handbag,APP-04907,GST,18,784.57,1439.86,40,Accessories,4202,8901703242234
Bata Pink Chinos - Size XL,APP-04908,GST,12,780.8,1706.56,10,Men's Wear,6203,8901170052459
Allen Solly Beige Kids Winter Jacket - Size S,APP-04909,GST,5,361.61,805.67,8,Kids Wear,6209,8907209840270
Nike Blue Imitation Necklace Set,APP-04910,GST,3,571.35,873.51,39,Jewelry,7117,8909717862561
Woodland Blue Girls Floral Frock - Size XL,APP-04911,GST,12,421.99,1033.14,18,Kids Wear,6111,8906504569606
Mango Green Maxi Dress - Size M,APP-04912,GST,12,892.6,2053.14,32,Women's Wear,6204,8904928187113
Puma Green Men's Pullover Sweater - Size L,APP-04913,GST,12,737.65,1127.84,16,Winter Wear,6110,8901127064547
Levi's Teal Women's Stiletto Heels - Size UK 9,APP-04914,GST,12,1299.79,2630.05,2,Footwear,6403,8904979103033
Zara Maroon Men's Oxford Leather Shoes - Size UK 5,APP-04915,GST,12,2440.76,4316.21,1,Footwear,6403,8902976706440
Levi's Teal Women's Tote Handbag,APP-04916,GST,18,1625.82,2848.95,29,Accessories,4202,8906140692600
Raymond Red Boys Denim Jeans - Size XXL,APP-04917,GST,5,397.17,707.92,32,Kids Wear,6111,8904088517444
H&M Blue Designer Lehenga Choli,APP-04918,GST,12,2958.97,6254.32,16,Ethnic Wear,6204,8905526373380
Zara Yellow Girls Leggings - Size XL,APP-04919,GST,5,186.48,366.19,3,Kids Wear,6111,8904381006310
W for Woman Black Sherwani - Size XL,APP-04920,GST,12,8822.88,13559.56,1,Ethnic Wear,6211,8904868716907
Puma Grey Silk Saree,APP-04921,GST,12,4115.88,6019.78,12,Ethnic Wear,5407,8900091149892
Aurelia Grey Two-Piece Suit - Size L,APP-04922,GST,12,4961.58,10078.76,33,Men's Wear,6203,8909479398364
Allen Solly Pink Kids Winter Jacket - Size XL,APP-04923,GST,12,1156.5,1636.88,28,Kids Wear,6209,8900338223822
W for Woman Blue Silk Saree,APP-04924,GST,12,1701.12,3652.39,9,Ethnic Wear,5407,8907059250188
FabIndia Black Unisex Hoodie - Size XL,APP-04925,GST,12,733.37,1317.09,29,Winter Wear,6110,8907677887130
Nike Mustard Sports Running Sneakers - Size UK 9,APP-04926,GST,12,1150.09,2238.17,1,Footwear,6404,8900663295689
Aurelia Green Women's Flat Sandals - Size UK 8,APP-04927,GST,12,297.14,723.88,38,Footwear,6404,8903670619750
Levi's Grey Formal Shirt - Size S,APP-04928,GST,12,586.28,1389.23,4,Men's Wear,6205,8904388015315
Allen Solly Teal Formal Shirt - Size L,APP-04929,GST,12,770.6,1256.85,13,Men's Wear,6205,8904858425561
H&M Olive Georgette Saree,APP-04930,GST,12,2445.57,4235.18,29,Ethnic Wear,5407,8906018325798
Aurelia Beige Two-Piece Suit - Size L,APP-04931,GST,12,3884.08,8661.02,24,Men's Wear,6203,8902469360425
Allen Solly Navy Genuine Leather Wallet,APP-04932,GST,18,186.8,452.75,37,Accessories,4202,8905898184324
W for Woman Yellow Men's Kurta Pajama Set - Size 3XL,APP-04933,GST,12,1123.85,1862.83,12,Ethnic Wear,6211,8905951228695
Puma Mustard A-Line Dress - Size 3XL,APP-04934,GST,12,822.63,1939.93,33,Women's Wear,6204,8902106286852
Peter England Black Slim Fit Blazer - Size 3XL,APP-04935,GST,12,2452.18,4339.88,3,Men's Wear,6203,8901325704414
FabIndia Red Sports Running Sneakers - Size UK 7,APP-04936,GST,12,1821.99,4144.46,2,Footwear,6404,8902595888557
Puma Beige Crop Top - Size XL,APP-04937,GST,5,231.63,487.3,26,Women's Wear,6206,8900855026259
Zara Navy Clutch Sling Bag,APP-04938,GST,18,915.96,1601.63,37,Accessories,4202,8905956917207
Puma Maroon Denim Jeans - Size 3XL,APP-04939,GST,12,954.03,1920.42,33,Men's Wear,6203,8909373630152
Local Boutique Blue Men's Oxford Leather Shoes - Size UK 8,APP-04940,GST,12,1097.61,2191.44,6,Footwear,6403,8901844878905
Zara Grey A-Line Dress - Size L,APP-04941,GST,12,595.34,1206.24,4,Women's Wear,6204,8902558782573
Levi's Black Two-Piece Suit - Size M,APP-04942,GST,12,1966.36,4505.25,15,Men's Wear,6203,8907354053340
Woodland Navy Slim Fit Blazer - Size 3XL,APP-04943,GST,12,1972.53,4354.75,4,Men's Wear,6203,8906093371986
Mango Green Boys Denim Jeans - Size S,APP-04944,GST,5,173.2,377.76,5,Kids Wear,6111,8904654819322
Aurelia White Casual T-Shirt - Size L,APP-04945,GST,5,215.93,377.47,2,Men's Wear,6109,8901917798795
Raymond Yellow Casual T-Shirt - Size 3XL,APP-04946,GST,5,503.78,711.63,26,Men's Wear,6109,8902250177591
Raymond Teal Thermal Innerwear Set - Size XXL,APP-04947,GST,5,677.96,976.93,39,Winter Wear,6107,8902393604470
Allen Solly Maroon Thermal Innerwear Set - Size XL,APP-04948,GST,5,243.26,436.57,40,Winter Wear,6107,8906527398311
Manyavar Beige Maxi Dress - Size XXL,APP-04949,GST,12,2094.98,3253.82,6,Women's Wear,6204,8908987016244
W for Woman White Georgette Saree,APP-04950,GST,12,1723.89,3193.55,14,Ethnic Wear,5407,8907034084978
Puma White Sherwani - Size L,APP-04951,GST,12,5610.27,12794.04,9,Ethnic Wear,6211,8907439391916
Nike Green Boys Denim Jeans - Size XXL,APP-04952,GST,5,298.94,596.08,27,Kids Wear,6111,8902095279586
Bata Red Denim Jeans - Size L,APP-04953,GST,12,437.85,1027.55,39,Men's Wear,6203,8903330206822
Manyavar Blue Formal Shirt - Size XXL,APP-04954,GST,5,351.1,796.47,36,Men's Wear,6205,8901349785752
FabIndia Maroon Palazzo Pants - Size XL,APP-04955,GST,5,376.23,540.11,36,Women's Wear,6204,8902118620502
Manyavar White Girls Floral Frock - Size M,APP-04956,GST,5,247.13,499.25,38,Kids Wear,6111,8909629426497
Allen Solly Yellow Men's Loafers - Size UK 5,APP-04957,GST,12,716.18,1268.75,12,Footwear,6403,8901555274216
Zara Beige Genuine Leather Wallet,APP-04958,GST,18,603.35,1080.47,37,Accessories,4202,8904190454906
Raymond Olive Sherwani - Size XL,APP-04959,GST,12,4619.86,10692.57,39,Ethnic Wear,6211,8902409886661
Mango Mustard Slim Fit Blazer - Size XL,APP-04960,GST,12,2737.81,6376.81,29,Men's Wear,6203,8904989006180
Peter England Blue A-Line Dress - Size S,APP-04961,GST,12,718.63,1347.54,30,Women's Wear,6204,8907521635924
Raymond Teal Georgette Saree,APP-04962,GST,12,2864.77,4101.48,28,Ethnic Wear,5407,8905478891559
Marks & Spencer Beige Silk Saree,APP-04963,GST,12,2505.24,4506.52,8,Ethnic Wear,5407,8904258074221
Allen Solly Teal Maxi Dress - Size M,APP-04964,GST,12,1582.23,3573.39,14,Women's Wear,6204,8906001452323
Zara Teal Cotton Kurti - Size L,APP-04965,GST,5,197.15,472.34,17,Women's Wear,6211,8901793953843
Local Boutique White Formal Shirt - Size 3XL,APP-04966,GST,12,568.11,1051.88,1,Men's Wear,6205,8909035149033
Zara Blue Palazzo Pants - Size XXL,APP-04967,GST,5,359.93,654.89,3,Women's Wear,6204,8905720731156
Woodland Pink Men's Loafers - Size UK 6,APP-04968,GST,12,1366.65,2669.22,28,Footwear,6403,8905826301618
Levi's Black Denim Jeans - Size 3XL,APP-04969,GST,12,718.47,1351.9,38,Men's Wear,6203,8904263405475
H&M Green Girls Floral Frock - Size 3XL,APP-04970,GST,5,442.23,872.14,11,Kids Wear,6111,8902991812809
H&M Yellow Chinos - Size XL,APP-04971,GST,12,1271.45,1892.09,34,Men's Wear,6203,8902771795678
Marks & Spencer Yellow Boys Graphic T-Shirt - Size XL,APP-04972,GST,5,270.1,424.06,29,Kids Wear,6111,8907444156574
Local Boutique Green Crop Top - Size XXL,APP-04973,GST,5,388.75,669.54,35,Women's Wear,6206,8901328180129
W for Woman Grey Girls Floral Frock - Size L,APP-04974,GST,12,658.2,1150.89,13,Kids Wear,6111,8905264071491
Zara Black Formal Trousers - Size L,APP-04975,GST,12,547.91,1203.93,10,Women's Wear,6204,8907404564543
Biba Beige Chinos - Size S,APP-04976,GST,12,487.82,1119.56,28,Men's Wear,6203,8905129472992
Puma Blue Kids Winter Jacket - Size XL,APP-04977,GST,5,334.94,710.11,3,Kids Wear,6209,8909511391222
Woodland White Unisex Hoodie - Size L,APP-04978,GST,12,548.06,1236.79,23,Winter Wear,6110,8901187422318
Mango Blue Boys Graphic T-Shirt - Size S,APP-04979,GST,5,301.66,673.34,11,Kids Wear,6111,8909757034097
Marks & Spencer White Two-Piece Suit - Size L,APP-04980,GST,12,5350.74,9665.52,15,Men's Wear,6203,8906274818731
Marks & Spencer Mustard Men's Oxford Leather Shoes - Size UK 11,APP-04981,GST,12,1115.19,2288.05,28,Footwear,6403,8904284685192
H&M Yellow Kids Winter Jacket - Size 3XL,APP-04982,GST,12,931.15,2090.38,35,Kids Wear,6209,8906927429003
Zara Maroon Clutch Sling Bag,APP-04983,GST,18,301.72,592.29,7,Accessories,4202,8901170404787
Local Boutique Navy Palazzo Pants - Size XXL,APP-04984,GST,5,323.87,501.76,30,Women's Wear,6204,8900207397016
Zara Maroon Palazzo Pants - Size M,APP-04985,GST,12,538.08,1057.81,5,Women's Wear,6204,8900771967674
Aurelia Maroon Chinos - Size S,APP-04986,GST,12,699.26,1400.6,36,Men's Wear,6203,8908844424504
Mango Grey Clutch Sling Bag,APP-04987,GST,18,506.97,907.19,33,Accessories,4202,8906845126527
Woodland Yellow Men's Pullover Sweater - Size M,APP-04988,GST,12,1409.87,2505.86,12,Winter Wear,6110,8905417832112
Marks & Spencer White Girls Leggings - Size XXL,APP-04989,GST,5,162.86,294.32,26,Kids Wear,6111,8903458569771
Raymond Green Formal Shirt - Size 3XL,APP-04990,GST,12,801.58,1567.36,36,Men's Wear,6205,8902634242359
Mango Mustard Denim Jacket - Size XXL,APP-04991,GST,12,1480.65,2091.76,2,Women's Wear,6204,8905251362725
Aurelia White Women's Flat Sandals - Size UK 9,APP-04992,GST,12,407.84,600.21,17,Footwear,6404,8900848742615
Raymond Yellow Polarized Sunglasses,APP-04993,GST,18,1751.17,2583.76,25,Accessories,9004,8902757332006
Zara Mustard Slim Fit Blazer - Size 3XL,APP-04994,GST,12,2386.3,5411.45,28,Men's Wear,6203,8908952974802
Puma Pink Formal Trousers - Size L,APP-04995,GST,5,470.6,823.99,34,Women's Wear,6204,8904596383846
Bata Navy Denim Jeans - Size XXL,APP-04996,GST,12,1603.75,2938.73,40,Men's Wear,6203,8908155561396
Raymond Yellow Denim Jeans - Size 3XL,APP-04997,GST,12,704.55,1579.01,1,Men's Wear,6203,8904242584658
Levi's Blue Men's Leather Belt,APP-04998,GST,18,530.21,939.91,6,Accessories,4202,8907685384994
Mango Olive Casual T-Shirt - Size L,APP-04999,GST,5,385.61,736.93,10,Men's Wear,6109,8907972809277
Raymond Black Chinos - Size S,APP-05000,GST,12,1074.89,2313.16,25,Men's Wear,6203,8904087981736
