name,sku,tax_type,gst_rate,purchase_rate,selling_rate,opening_stock,category,hsn,barcode
General Periodic Service - SUV,AUTO-00001,GST,18,1417.71,3841.0,23,Repair Labor & Services,998714,8908196001338
Exide Genuine Car Battery (DIN55) - 55 Ah,AUTO-00002,GST,28,4855.97,5787.0,2,Tyres & Batteries,8507,8902654235116
Maruti Genuine Fuel Injector - Petrol,AUTO-00003,GST,28,3064.77,3771.0,8,Engine & Transmission Parts,8708,8901849593103
Motul OEM Power Steering Fluid - 500ml,AUTO-00004,GST,18,293.38,408.0,38,Lubricants & Fluids,2710,8902553419283
Monroe Heavy Duty Suspension Bush Kit - Rubber,AUTO-00005,GST,28,770.9,984.0,2,Brakes & Suspension,8708,8903056413953
Brake Overhaul Labor - All 4 Wheels,AUTO-00006,GST,18,647.73,1755.0,81,Repair Labor & Services,998714,8908496965328
Purolator Aftermarket Engine Oil Filter - Spin-on,AUTO-00007,GST,18,194.05,283.0,42,Filters & Consumables,8421,8909166978480
General Periodic Service - SUV,AUTO-00008,GST,18,1588.9,4783.0,47,Repair Labor & Services,998714,8906270482814
Engine Scanning & Diagnostics - OBD2 Scan,AUTO-00009,GST,18,241.4,662.0,77,Repair Labor & Services,998714,8900957015430
Gabriel Brake Pad Set - Front,AUTO-00010,GST,28,1126.71,1461.0,10,Brakes & Suspension,8708,8902278248963
Amaron Standard Car Battery (DIN65) - 65 Ah,AUTO-00011,GST,28,7074.25,8825.0,9,Tyres & Batteries,8507,8908713315098
Gabriel OEM Brake Rotor/Disc - Vented,AUTO-00012,GST,28,2218.62,2571.0,3,Brakes & Suspension,8708,8900518347382
Engine Scanning & Diagnostics - Full System Scan,AUTO-00013,GST,18,210.71,782.0,34,Repair Labor & Services,998714,8901165667010
Wix Heavy Duty Cabin/AC Filter - Standard,AUTO-00014,GST,18,233.08,328.0,23,Filters & Consumables,8421,8906247317810
Clutch Replacement Labor - Manual,AUTO-00015,GST,18,1175.18,4434.0,31,Repair Labor & Services,998714,8906773602606
Liqui Moly Brake Fluid DOT 4 - 500ml,AUTO-00016,GST,18,236.88,322.0,18,Lubricants & Fluids,2710,8909805009788
TVS Girling Aftermarket Tie Rod End - Left,AUTO-00017,GST,28,455.96,529.0,5,Brakes & Suspension,8708,8906193990916
Engine Scanning & Diagnostics - Full System Scan,AUTO-00018,GST,18,171.22,612.0,40,Repair Labor & Services,998714,8904624751079
CEAT Standard Tubeless Tyre (14 inch) - 165/70 R14,AUTO-00019,GST,28,2426.43,3111.0,5,Tyres & Batteries,4011,8905427849808
Motul OEM Semi-Synthetic Engine Oil - 15W-40 (4L),AUTO-00020,GST,18,1554.04,2251.0,24,Lubricants & Fluids,2710,8904493534874
Valeo Premium Alternator - 120 Amp,AUTO-00021,GST,28,4373.19,5535.0,12,Engine & Transmission Parts,8708,8904278680112
CEAT Genuine Tubeless Tyre (16 inch) - 215/60 R16,AUTO-00022,GST,28,7500.64,9036.0,2,Tyres & Batteries,4011,8905331586923
TRW Premium Brake Rotor/Disc - Solid,AUTO-00023,GST,28,1589.23,2048.0,8,Brakes & Suspension,8708,8903421607337
Servo Heavy Duty Power Steering Fluid - 500ml,AUTO-00024,GST,18,256.98,344.0,36,Lubricants & Fluids,2710,8904145868501
Mobil 1 Premium Transmission Fluid (ATF) - 5 Litre,AUTO-00025,GST,18,933.01,1294.0,35,Lubricants & Fluids,2710,8906981693406
Minda OEM Fuel Injector - Petrol,AUTO-00026,GST,28,3172.08,4086.0,11,Engine & Transmission Parts,8708,8905148465648
Brembo Aftermarket Suspension Bush Kit - Rubber,AUTO-00027,GST,28,801.58,958.0,10,Brakes & Suspension,8708,8900443699577
Wix Aftermarket Air Filter - Washable Cotton,AUTO-00028,GST,18,380.32,516.0,57,Filters & Consumables,8421,8909513433200
Monroe Tie Rod End - Left,AUTO-00029,GST,28,499.81,622.0,5,Brakes & Suspension,8708,8906763201632
Brake Overhaul Labor - Front Axle,AUTO-00030,GST,18,564.87,1515.0,27,Repair Labor & Services,998714,8907889579868
Bosch Standard Fuel Filter - Diesel Cartridge,AUTO-00031,GST,18,525.9,772.0,32,Filters & Consumables,8421,8908734714345
Motul Heavy Duty Semi-Synthetic Engine Oil - 10W-40 (3.5L),AUTO-00032,GST,18,1382.88,1840.0,28,Lubricants & Fluids,2710,8901665876036
Elofic Engine Oil Filter - Cartridge,AUTO-00033,GST,18,155.43,213.0,39,Filters & Consumables,8421,8906889373467
Tata Genuine Aftermarket Fuel Injector - Petrol,AUTO-00034,GST,28,3051.41,3930.0,11,Engine & Transmission Parts,8708,8908069901627
TVS Girling Performance Shock Absorber - Hydraulic,AUTO-00035,GST,28,2207.62,2647.0,8,Brakes & Suspension,8708,8904641708053
Clutch Replacement Labor - Manual,AUTO-00036,GST,18,1597.33,4471.0,12,Repair Labor & Services,998714,8909232719374
Mobil 1 Aftermarket Transmission Fluid (ATF) - 1 Litre,AUTO-00037,GST,18,612.13,809.0,16,Lubricants & Fluids,2710,8904966319314
Clutch Replacement Labor - Manual,AUTO-00038,GST,18,1120.74,3522.0,57,Repair Labor & Services,998714,8901850671657
Brake Overhaul Labor - Front Axle,AUTO-00039,GST,18,348.76,1353.0,71,Repair Labor & Services,998714,8907694531473
Elofic Performance Wiper Blade Set - Standard Frame,AUTO-00040,GST,18,293.16,431.0,26,Filters & Consumables,8421,8907354549480
Michelin Genuine Tubeless Tyre (14 inch) - 165/70 R14,AUTO-00041,GST,28,2272.25,2695.0,9,Tyres & Batteries,4011,8907701436349
Liqui Moly Genuine Transmission Fluid (ATF) - 5 Litre,AUTO-00042,GST,18,1326.17,1870.0,37,Lubricants & Fluids,2710,8907444313518
Wheel Alignment & Balancing - 4 Wheels,AUTO-00043,GST,18,230.47,780.0,77,Repair Labor & Services,998714,8909413435240
Wheel Alignment & Balancing - 5 Wheels,AUTO-00044,GST,18,309.61,1031.0,99,Repair Labor & Services,998714,8902710947775
TVS Girling OEM Shock Absorber - Hydraulic,AUTO-00045,GST,28,2822.89,3416.0,3,Brakes & Suspension,8708,8909022941318
Elofic Genuine Wiper Blade Set - Frameless,AUTO-00046,GST,18,378.81,526.0,52,Filters & Consumables,8421,8906499091334
Wheel Alignment & Balancing - 4 Wheels,AUTO-00047,GST,18,321.41,879.0,62,Repair Labor & Services,998714,8907974034471
AC Gas Top-Up & Service - Standard,AUTO-00048,GST,18,476.52,1352.0,29,Repair Labor & Services,998714,8904210249947
Hyundai Mobis Spark Plug Set - Copper,AUTO-00049,GST,28,831.79,1019.0,9,Engine & Transmission Parts,8708,8907190659401
Rane Standard Tie Rod End - Left,AUTO-00050,GST,28,526.7,666.0,4,Brakes & Suspension,8708,8907874296717
Valvoline OEM Brake Fluid DOT 4 - 500ml,AUTO-00051,GST,18,316.99,433.0,59,Lubricants & Fluids,2710,8907468071545
Tata Genuine Clutch Plate Assembly - SUV,AUTO-00052,GST,28,4923.87,5801.0,7,Engine & Transmission Parts,8708,8909770348247
General Periodic Service - Hatchback,AUTO-00053,GST,18,689.79,2046.0,11,Repair Labor & Services,998714,8908613171274
Michelin Tubeless Tyre (16 inch) - 205/55 R16,AUTO-00054,GST,28,8096.93,9981.0,8,Tyres & Batteries,4011,8903982146584
Mahindra Genuine Spark Plug Set - Copper,AUTO-00055,GST,28,814.31,991.0,9,Engine & Transmission Parts,8708,8905588675339
Bosch Performance Fuel Filter - Petrol In-line,AUTO-00056,GST,18,534.33,770.0,39,Filters & Consumables,8421,8906270289517
Hyundai Mobis Clutch Plate Assembly - SUV,AUTO-00057,GST,28,4641.02,5793.0,4,Engine & Transmission Parts,8708,8901745961586
Liqui Moly OEM Power Steering Fluid - 500ml,AUTO-00058,GST,18,265.85,382.0,33,Lubricants & Fluids,2710,8903161172400
Castrol Performance Brake Fluid DOT 4 - 500ml,AUTO-00059,GST,18,270.6,365.0,41,Lubricants & Fluids,2710,8909222196937
Michelin Standard Tubeless Tyre (15 inch) - 185/60 R15,AUTO-00060,GST,28,4022.9,4632.0,9,Tyres & Batteries,4011,8904821759464
Mahle Air Filter - Washable Cotton,AUTO-00061,GST,18,293.55,404.0,37,Filters & Consumables,8421,8909440640909
Clutch Replacement Labor - Automatic,AUTO-00062,GST,18,1298.01,3931.0,91,Repair Labor & Services,998714,8903942104709
Mobil 1 Performance Fully Synthetic Engine Oil - 5W-40 (4L),AUTO-00063,GST,18,4549.38,6074.0,23,Lubricants & Fluids,2710,8908588424745
Hyundai Mobis Timing Belt - Standard,AUTO-00064,GST,28,1179.06,1484.0,8,Engine & Transmission Parts,8708,8908516048175
Denting & Painting (Per Panel) - Metallic/Pearl Color,AUTO-00065,GST,18,779.96,3050.0,23,Repair Labor & Services,998714,8903709859317
Denting & Painting (Per Panel) - Metallic/Pearl Color,AUTO-00066,GST,18,582.23,2282.0,48,Repair Labor & Services,998714,8907113826758
Elofic OEM Air Filter - Washable Cotton,AUTO-00067,GST,18,387.17,551.0,32,Filters & Consumables,8421,8900537735158
General Periodic Service - Sedan,AUTO-00068,GST,18,871.71,2339.0,68,Repair Labor & Services,998714,8901390053293
Minda Performance Radiator Assembly - Aluminium,AUTO-00069,GST,28,4252.16,5393.0,11,Engine & Transmission Parts,8708,8900422842102
Maruti Genuine Radiator Assembly - Copper Core,AUTO-00070,GST,28,3608.38,4178.0,8,Engine & Transmission Parts,8708,8908117758917
Amaron Standard Car Battery (DIN55) - 55 Ah,AUTO-00071,GST,28,5427.51,6267.0,9,Tyres & Batteries,8507,8906617711592
LUK Performance Spark Plug Set - Copper,AUTO-00072,GST,28,659.08,817.0,6,Engine & Transmission Parts,8708,8907896118367
Monroe Genuine Shock Absorber - Hydraulic,AUTO-00073,GST,28,2494.28,2904.0,8,Brakes & Suspension,8708,8905452711116
Maruti Genuine Water Pump - OEM Specs,AUTO-00074,GST,28,2376.16,2879.0,12,Engine & Transmission Parts,8708,8906049451983
Rane OEM Suspension Bush Kit - Polyurethane,AUTO-00075,GST,28,693.99,856.0,3,Brakes & Suspension,8708,8904936899809
AC Gas Top-Up & Service - Standard,AUTO-00076,GST,18,400.43,1459.0,53,Repair Labor & Services,998714,8905022961201
Wheel Alignment & Balancing - 5 Wheels,AUTO-00077,GST,18,308.1,843.0,49,Repair Labor & Services,998714,8905991022901
Liqui Moly Gear Oil - 75W-90 (1L),AUTO-00078,GST,18,487.4,674.0,28,Lubricants & Fluids,2710,8908156149784
Minda Premium Alternator - 90 Amp,AUTO-00079,GST,28,4739.9,6123.0,4,Engine & Transmission Parts,8708,8904451076226
Michelin OEM Tubeless Tyre (15 inch) - 185/60 R15,AUTO-00080,GST,28,5137.74,5941.0,2,Tyres & Batteries,4011,8907159696641
Purolator Cabin/AC Filter - Standard,AUTO-00081,GST,18,289.09,429.0,20,Filters & Consumables,8421,8906136968164
Wheel Alignment & Balancing - 5 Wheels,AUTO-00082,GST,18,204.94,707.0,77,Repair Labor & Services,998714,8908355231243
Gabriel Aftermarket Brake Rotor/Disc - Vented,AUTO-00083,GST,28,2260.1,2812.0,9,Brakes & Suspension,8708,8909979955271
K&N Premium Cabin/AC Filter - Active Carbon,AUTO-00084,GST,18,268.47,353.0,44,Filters & Consumables,8421,8907005411998
K&N Wiper Blade Set - Frameless,AUTO-00085,GST,18,445.44,630.0,27,Filters & Consumables,8421,8905978207151
Michelin Heavy Duty Tubeless Tyre (15 inch) - 195/60 R15,AUTO-00086,GST,28,5063.44,6221.0,11,Tyres & Batteries,4011,8902554665905
Maruti Genuine Timing Belt - Heavy Duty,AUTO-00087,GST,28,904.73,1156.0,11,Engine & Transmission Parts,8708,8902519254629
AC Gas Top-Up & Service - Deep Clean,AUTO-00088,GST,18,520.37,1824.0,97,Repair Labor & Services,998714,8908168505423
Liqui Moly Aftermarket Semi-Synthetic Engine Oil - 10W-40 (3.5L),AUTO-00089,GST,18,1218.4,1656.0,21,Lubricants & Fluids,2710,8908880592962
Brembo Wheel Bearing - Front,AUTO-00090,GST,28,794.42,957.0,5,Brakes & Suspension,8708,8907947383473
Liqui Moly Genuine Coolant (Pre-mixed) - 3 Litre,AUTO-00091,GST,18,349.78,484.0,25,Lubricants & Fluids,2710,8903924075818
Mahindra Genuine Standard Timing Belt - Standard,AUTO-00092,GST,28,1029.34,1263.0,8,Engine & Transmission Parts,8708,8901375060685
Monroe Heavy Duty Brake Pad Set - Rear,AUTO-00093,GST,28,802.56,1035.0,12,Brakes & Suspension,8708,8905220472779
Valeo Heavy Duty Clutch Plate Assembly - Sedan,AUTO-00094,GST,28,3481.24,4290.0,11,Engine & Transmission Parts,8708,8908614341036
Brake Overhaul Labor - Front Axle,AUTO-00095,GST,18,452.96,1472.0,78,Repair Labor & Services,998714,8900893246095
Gabriel OEM Suspension Bush Kit - Polyurethane,AUTO-00096,GST,28,766.55,923.0,10,Brakes & Suspension,8708,8908888067065
Castrol Performance Brake Fluid DOT 4 - 250ml,AUTO-00097,GST,18,164.17,235.0,21,Lubricants & Fluids,2710,8909520585277
Clutch Replacement Labor - Manual,AUTO-00098,GST,18,1047.91,4103.0,14,Repair Labor & Services,998714,8904303054868
Mahle Standard Engine Oil Filter - Spin-on,AUTO-00099,GST,18,173.74,253.0,56,Filters & Consumables,8421,8905415667652
Wix Standard Fuel Filter - Diesel Cartridge,AUTO-00100,GST,18,544.48,787.0,20,Filters & Consumables,8421,8906928451154
Liqui Moly Aftermarket Transmission Fluid (ATF) - 5 Litre,AUTO-00101,GST,18,1219.43,1671.0,17,Lubricants & Fluids,2710,8905964016582
LUK Aftermarket Ignition Coil - Single Pack,AUTO-00102,GST,28,1042.01,1320.0,7,Engine & Transmission Parts,8708,8905690927557
LUK Performance Fuel Injector - Petrol,AUTO-00103,GST,28,3078.05,3655.0,3,Engine & Transmission Parts,8708,8900278681447
Gabriel Heavy Duty Shock Absorber - Hydraulic,AUTO-00104,GST,28,1983.69,2535.0,9,Brakes & Suspension,8708,8902715518844
Rane Performance Wheel Bearing - Front,AUTO-00105,GST,28,1016.09,1187.0,5,Brakes & Suspension,8708,8902370589578
Gabriel Standard Brake Pad Set - Front,AUTO-00106,GST,28,982.08,1235.0,9,Brakes & Suspension,8708,8908669125177
AC Gas Top-Up & Service - Standard,AUTO-00107,GST,18,665.66,1793.0,74,Repair Labor & Services,998714,8900182422535
Bridgestone Heavy Duty Tubeless Tyre (14 inch) - 185/65 R14,AUTO-00108,GST,28,1917.58,2385.0,11,Tyres & Batteries,4011,8908182992299
Castrol OEM Power Steering Fluid - 500ml,AUTO-00109,GST,18,243.65,348.0,51,Lubricants & Fluids,2710,8904396907844
Bosch Fuel Filter - Diesel Cartridge,AUTO-00110,GST,18,437.51,574.0,43,Filters & Consumables,8421,8906773592555
Bosch Performance Cabin/AC Filter - Standard,AUTO-00111,GST,18,253.68,336.0,43,Filters & Consumables,8421,8903210469632
Gulf Semi-Synthetic Engine Oil - 10W-40 (3.5L),AUTO-00112,GST,18,1677.24,2337.0,34,Lubricants & Fluids,2710,8907016873395
Bosch Spark Plug Set - Platinum,AUTO-00113,GST,28,680.14,783.0,3,Engine & Transmission Parts,8708,8906245650609
Michelin OEM Tubeless Tyre (16 inch) - 205/55 R16,AUTO-00114,GST,28,8856.13,11200.0,6,Tyres & Batteries,4011,8909912165585
Brembo Premium Tie Rod End - Right,AUTO-00115,GST,28,445.94,522.0,7,Brakes & Suspension,8708,8907872982595
Monroe Performance Tie Rod End - Right,AUTO-00116,GST,28,527.54,647.0,9,Brakes & Suspension,8708,8909470551694
Denting & Painting (Per Panel) - Solid Color,AUTO-00117,GST,18,695.87,2424.0,84,Repair Labor & Services,998714,8909309728962
General Periodic Service - SUV,AUTO-00118,GST,18,1183.91,3743.0,63,Repair Labor & Services,998714,8902636897028
Gabriel Genuine Shock Absorber - Hydraulic,AUTO-00119,GST,28,2359.74,2775.0,10,Brakes & Suspension,8708,8905854973348
Shell Heavy Duty Brake Fluid DOT 4 - 500ml,AUTO-00120,GST,18,290.46,406.0,45,Lubricants & Fluids,2710,8905844198665
Bosch OEM Brake Pad Set - Rear,AUTO-00121,GST,28,992.31,1207.0,6,Brakes & Suspension,8708,8907338484219
Wheel Alignment & Balancing - 4 Wheels,AUTO-00122,GST,18,279.38,921.0,91,Repair Labor & Services,998714,8903016571208
Monroe Wheel Bearing - Rear (with ABS),AUTO-00123,GST,28,994.94,1257.0,6,Brakes & Suspension,8708,8905401938026
TVS Girling Aftermarket Suspension Bush Kit - Rubber,AUTO-00124,GST,28,835.19,1081.0,6,Brakes & Suspension,8708,8900049915478
CEAT Standard Tubeless Tyre (15 inch) - 185/60 R15,AUTO-00125,GST,28,4857.44,5827.0,9,Tyres & Batteries,4011,8904205493296
Elofic Genuine Cabin/AC Filter - Standard,AUTO-00126,GST,18,301.43,403.0,23,Filters & Consumables,8421,8907530463745
Castrol Heavy Duty Brake Fluid DOT 4 - 500ml,AUTO-00127,GST,18,231.94,307.0,34,Lubricants & Fluids,2710,8902684145933
Monroe Performance Brake Rotor/Disc - Solid,AUTO-00128,GST,28,1851.69,2282.0,9,Brakes & Suspension,8708,8908339187851
CEAT Aftermarket Tubeless Tyre (14 inch) - 165/70 R14,AUTO-00129,GST,28,1990.14,2444.0,3,Tyres & Batteries,4011,8903971870728
K&N Wiper Blade Set - Frameless,AUTO-00130,GST,18,423.02,576.0,16,Filters & Consumables,8421,8906403910651
Apollo Premium Tubeless Tyre (14 inch) - 185/65 R14,AUTO-00131,GST,28,2001.82,2533.0,12,Tyres & Batteries,4011,8906567661825
LUK Heavy Duty Alternator - 90 Amp,AUTO-00132,GST,28,6305.87,7967.0,6,Engine & Transmission Parts,8708,8907868633752
Shell Premium Gear Oil - 80W-90 (1L),AUTO-00133,GST,18,526.79,729.0,16,Lubricants & Fluids,2710,8903311907903
Brake Overhaul Labor - Rear Axle,AUTO-00134,GST,18,361.0,1311.0,17,Repair Labor & Services,998714,8902843959953
Mobil 1 Genuine Gear Oil - 80W-90 (1L),AUTO-00135,GST,18,450.39,591.0,52,Lubricants & Fluids,2710,8902687056856
Bosch Aftermarket Cabin/AC Filter - Active Carbon,AUTO-00136,GST,18,298.27,416.0,29,Filters & Consumables,8421,8904270866882
Bosch Performance Cabin/AC Filter - Standard,AUTO-00137,GST,18,268.79,399.0,38,Filters & Consumables,8421,8901830469901
TRW Tie Rod End - Left,AUTO-00138,GST,28,440.11,566.0,6,Brakes & Suspension,8708,8900331739363
Bridgestone Tubeless Tyre (16 inch) - 205/55 R16,AUTO-00139,GST,28,9927.58,11876.0,7,Tyres & Batteries,4011,8908771753556
Minda Standard Water Pump - OEM Specs,AUTO-00140,GST,28,2219.61,2747.0,8,Engine & Transmission Parts,8708,8904235369378
AC Gas Top-Up & Service - Deep Clean,AUTO-00141,GST,18,556.53,1927.0,72,Repair Labor & Services,998714,8907252287280
Michelin Premium Tubeless Tyre (14 inch) - 165/70 R14,AUTO-00142,GST,28,1794.95,2234.0,3,Tyres & Batteries,4011,8902038750997
General Periodic Service - Hatchback,AUTO-00143,GST,18,454.45,1497.0,45,Repair Labor & Services,998714,8908408621182
Brembo Performance Tie Rod End - Right,AUTO-00144,GST,28,481.18,582.0,7,Brakes & Suspension,8708,8906793341016
K&N Premium Wiper Blade Set - Standard Frame,AUTO-00145,GST,18,394.29,568.0,20,Filters & Consumables,8421,8907659180339
Mahle Standard Engine Oil Filter - Spin-on,AUTO-00146,GST,18,222.27,314.0,17,Filters & Consumables,8421,8902503926142
Amaron Performance Car Battery (DIN55) - Heavy Duty,AUTO-00147,GST,28,5589.28,6545.0,3,Tyres & Batteries,8507,8908501631599
Michelin Standard Tubeless Tyre (16 inch) - 215/60 R16,AUTO-00148,GST,28,9254.0,11136.0,8,Tyres & Batteries,4011,8906296194311
Mobil 1 Genuine Coolant (Pre-mixed) - 1 Litre,AUTO-00149,GST,18,236.89,313.0,15,Lubricants & Fluids,2710,8904754121267
Exide OEM Car Battery (DIN55) - Heavy Duty,AUTO-00150,GST,28,3971.19,4897.0,11,Tyres & Batteries,8507,8909560466183
CEAT Aftermarket Tubeless Tyre (15 inch) - 185/60 R15,AUTO-00151,GST,28,3915.95,4661.0,4,Tyres & Batteries,4011,8901264647154
Rane Heavy Duty Wheel Bearing - Rear (with ABS),AUTO-00152,GST,28,992.89,1162.0,2,Brakes & Suspension,8708,8906596575692
Gulf Transmission Fluid (ATF) - 1 Litre,AUTO-00153,GST,18,418.64,625.0,35,Lubricants & Fluids,2710,8904793564651
Bosch Premium Car Battery (DIN55) - 55 Ah,AUTO-00154,GST,28,4631.23,5818.0,9,Tyres & Batteries,8507,8904167243426
Purolator Genuine Fuel Filter - Diesel Cartridge,AUTO-00155,GST,18,477.54,709.0,59,Filters & Consumables,8421,8906805891135
Rane Genuine Tie Rod End - Left,AUTO-00156,GST,28,642.64,771.0,8,Brakes & Suspension,8708,8901014388899
Monroe Shock Absorber - Hydraulic,AUTO-00157,GST,28,2707.77,3353.0,10,Brakes & Suspension,8708,8902507146112
Servo Heavy Duty Brake Fluid DOT 4 - 500ml,AUTO-00158,GST,18,277.44,380.0,21,Lubricants & Fluids,2710,8907751401051
Denting & Painting (Per Panel) - Solid Color,AUTO-00159,GST,18,916.41,2746.0,64,Repair Labor & Services,998714,8907362266093
Elofic Premium Fuel Filter - Diesel Cartridge,AUTO-00160,GST,18,565.93,759.0,60,Filters & Consumables,8421,8901918255371
Liqui Moly Genuine Transmission Fluid (ATF) - 5 Litre,AUTO-00161,GST,18,1142.94,1620.0,37,Lubricants & Fluids,2710,8905792499125
Minda Aftermarket Spark Plug Set - Iridium,AUTO-00162,GST,28,695.01,814.0,8,Engine & Transmission Parts,8708,8906929662782
Exide Aftermarket Car Battery (DIN44) - Maintenance Free,AUTO-00163,GST,28,3420.52,4165.0,2,Tyres & Batteries,8507,8905072368876
Brake Overhaul Labor - All 4 Wheels,AUTO-00164,GST,18,782.77,2054.0,13,Repair Labor & Services,998714,8903404384279
Engine Scanning & Diagnostics - OBD2 Scan,AUTO-00165,GST,18,190.37,631.0,56,Repair Labor & Services,998714,8908078361340
Mahle Cabin/AC Filter - Standard,AUTO-00166,GST,18,327.92,434.0,30,Filters & Consumables,8421,8903959629233
Maruti Genuine Spark Plug Set - Copper,AUTO-00167,GST,28,634.75,797.0,6,Engine & Transmission Parts,8708,8909481260422
Brembo Heavy Duty Wheel Bearing - Rear (with ABS),AUTO-00168,GST,28,1048.4,1312.0,9,Brakes & Suspension,8708,8902946671168
Denting & Painting (Per Panel) - Metallic/Pearl Color,AUTO-00169,GST,18,1067.89,3194.0,10,Repair Labor & Services,998714,8901751863637
Gulf Performance Power Steering Fluid - 1 Litre,AUTO-00170,GST,18,231.5,307.0,46,Lubricants & Fluids,2710,8905001701277
Tata Genuine Standard Radiator Assembly - Aluminium,AUTO-00171,GST,28,3214.96,4147.0,6,Engine & Transmission Parts,8708,8901541520643
Wix Premium Engine Oil Filter - Spin-on,AUTO-00172,GST,18,180.15,237.0,52,Filters & Consumables,8421,8903870051627
Minda OEM Alternator - 90 Amp,AUTO-00173,GST,28,4835.15,5827.0,6,Engine & Transmission Parts,8708,8902622189092
Mahle Genuine Air Filter - Paper,AUTO-00174,GST,18,365.15,507.0,28,Filters & Consumables,8421,8901121965652
Bosch Heavy Duty Wheel Bearing - Front,AUTO-00175,GST,28,975.0,1209.0,11,Brakes & Suspension,8708,8904043898364
Clutch Replacement Labor - Manual,AUTO-00176,GST,18,1252.09,3583.0,91,Repair Labor & Services,998714,8909180552696
Mobil 1 OEM Power Steering Fluid - 1 Litre,AUTO-00177,GST,18,182.72,240.0,31,Lubricants & Fluids,2710,8903006848666
LUK Standard Spark Plug Set - Iridium,AUTO-00178,GST,28,549.63,708.0,4,Engine & Transmission Parts,8708,8908569146303
Tata Genuine Premium Timing Belt - Heavy Duty,AUTO-00179,GST,28,941.13,1187.0,4,Engine & Transmission Parts,8708,8901020275884
Bosch OEM Brake Rotor/Disc - Solid,AUTO-00180,GST,28,2281.7,2634.0,8,Brakes & Suspension,8708,8904814917785
Hyundai Mobis Water Pump - Aftermarket,AUTO-00181,GST,28,2069.61,2412.0,11,Engine & Transmission Parts,8708,8901380003075
Bosch Genuine Air Filter - Paper,AUTO-00182,GST,18,317.12,428.0,35,Filters & Consumables,8421,8904195180238
Tata Genuine Standard Timing Belt - Heavy Duty,AUTO-00183,GST,28,1201.73,1438.0,3,Engine & Transmission Parts,8708,8908705349493
Mahle Heavy Duty Wiper Blade Set - Standard Frame,AUTO-00184,GST,18,418.64,590.0,30,Filters & Consumables,8421,8902060385050
Clutch Replacement Labor - Automatic,AUTO-00185,GST,18,829.75,3298.0,63,Repair Labor & Services,998714,8907024103865
Wix Aftermarket Engine Oil Filter - Spin-on,AUTO-00186,GST,18,205.97,284.0,52,Filters & Consumables,8421,8909062344565
Liqui Moly OEM Brake Fluid DOT 4 - 250ml,AUTO-00187,GST,18,235.08,312.0,52,Lubricants & Fluids,2710,8901212775618
Shell Coolant (Pre-mixed) - 3 Litre,AUTO-00188,GST,18,329.31,436.0,25,Lubricants & Fluids,2710,8904903521356
Exide Standard Car Battery (DIN65) - SUV Specs,AUTO-00189,GST,28,7764.37,9400.0,9,Tyres & Batteries,8507,8908831712100
Brembo Performance Brake Rotor/Disc - Solid,AUTO-00190,GST,28,1974.99,2549.0,3,Brakes & Suspension,8708,8909941013721
Motul Premium Fully Synthetic Engine Oil - 5W-40 (4L),AUTO-00191,GST,18,3349.64,4739.0,40,Lubricants & Fluids,2710,8907066253244
Bosch Standard Engine Oil Filter - Spin-on,AUTO-00192,GST,18,182.18,269.0,45,Filters & Consumables,8421,8900146263838
Tata Genuine Fuel Injector - Petrol,AUTO-00193,GST,28,2603.56,3215.0,7,Engine & Transmission Parts,8708,8906420593040
Elofic Aftermarket Cabin/AC Filter - Standard,AUTO-00194,GST,18,218.67,313.0,32,Filters & Consumables,8421,8908039652239
Gulf Performance Transmission Fluid (ATF) - 1 Litre,AUTO-00195,GST,18,569.11,804.0,51,Lubricants & Fluids,2710,8903784270103
Apollo Premium Tubeless Tyre (14 inch) - 185/65 R14,AUTO-00196,GST,28,2621.55,3094.0,4,Tyres & Batteries,4011,8905250029218
Motul OEM Brake Fluid DOT 4 - 500ml,AUTO-00197,GST,18,257.23,351.0,25,Lubricants & Fluids,2710,8906752895392
Mahle Aftermarket Cabin/AC Filter - Standard,AUTO-00198,GST,18,276.56,412.0,51,Filters & Consumables,8421,8906902959391
Bosch Heavy Duty Cabin/AC Filter - Standard,AUTO-00199,GST,18,258.08,352.0,55,Filters & Consumables,8421,8901570433154
Bosch Clutch Plate Assembly - Sedan,AUTO-00200,GST,28,3187.52,4129.0,8,Engine & Transmission Parts,8708,8907658617932
Purolator Premium Engine Oil Filter - Cartridge,AUTO-00201,GST,18,166.41,248.0,19,Filters & Consumables,8421,8905262181599
Wix Aftermarket Engine Oil Filter - Cartridge,AUTO-00202,GST,18,202.62,281.0,18,Filters & Consumables,8421,8901533688444
TVS Girling Brake Pad Set - Rear,AUTO-00203,GST,28,916.02,1103.0,8,Brakes & Suspension,8708,8901497310324
Hyundai Mobis Timing Belt - Heavy Duty,AUTO-00204,GST,28,992.03,1274.0,6,Engine & Transmission Parts,8708,8901862565270
Liqui Moly Heavy Duty Coolant (Pre-mixed) - 3 Litre,AUTO-00205,GST,18,390.7,552.0,24,Lubricants & Fluids,2710,8901158693806
Amaron Heavy Duty Car Battery (DIN55) - Heavy Duty,AUTO-00206,GST,28,4478.09,5415.0,2,Tyres & Batteries,8507,8908989921722
TRW Premium Brake Rotor/Disc - Vented,AUTO-00207,GST,28,1763.15,2289.0,8,Brakes & Suspension,8708,8903294511686
Bridgestone Premium Tubeless Tyre (16 inch) - 205/55 R16,AUTO-00208,GST,28,9145.77,11590.0,3,Tyres & Batteries,4011,8906229991191
Gulf Genuine Coolant (Pre-mixed) - 3 Litre,AUTO-00209,GST,18,364.11,515.0,45,Lubricants & Fluids,2710,8900246299606
Shell Standard Fully Synthetic Engine Oil - 5W-40 (4L),AUTO-00210,GST,18,4922.37,6419.0,34,Lubricants & Fluids,2710,8904471324754
Engine Scanning & Diagnostics - OBD2 Scan,AUTO-00211,GST,18,176.22,682.0,62,Repair Labor & Services,998714,8907850821486
TRW Aftermarket Tie Rod End - Left,AUTO-00212,GST,28,440.81,562.0,2,Brakes & Suspension,8708,8903070534578
Wix Heavy Duty Engine Oil Filter - Spin-on,AUTO-00213,GST,18,179.02,254.0,26,Filters & Consumables,8421,8907985524140
Purolator Heavy Duty Air Filter - Paper,AUTO-00214,GST,18,358.05,514.0,32,Filters & Consumables,8421,8906800722903
Servo Genuine Gear Oil - 75W-90 (1L),AUTO-00215,GST,18,511.45,752.0,44,Lubricants & Fluids,2710,8904374896910
MRF Standard Tubeless Tyre (16 inch) - 205/55 R16,AUTO-00216,GST,28,9242.42,11095.0,6,Tyres & Batteries,4011,8905444328309
Wix Premium Cabin/AC Filter - Standard,AUTO-00217,GST,18,267.42,401.0,31,Filters & Consumables,8421,8906660993538
Denting & Painting (Per Panel) - Metallic/Pearl Color,AUTO-00218,GST,18,817.88,3076.0,81,Repair Labor & Services,998714,8902417248251
Bosch Genuine Brake Rotor/Disc - Solid,AUTO-00219,GST,28,2208.89,2650.0,6,Brakes & Suspension,8708,8909471709991
Bosch Genuine Wiper Blade Set - Frameless,AUTO-00220,GST,18,393.46,544.0,24,Filters & Consumables,8421,8902356972521
Mahle Premium Air Filter - Washable Cotton,AUTO-00221,GST,18,282.72,383.0,25,Filters & Consumables,8421,8909271296666
K&N Heavy Duty Engine Oil Filter - Spin-on,AUTO-00222,GST,18,197.98,295.0,35,Filters & Consumables,8421,8908300335421
Elofic Aftermarket Wiper Blade Set - Standard Frame,AUTO-00223,GST,18,336.1,440.0,33,Filters & Consumables,8421,8907898562575
Brembo Heavy Duty Suspension Bush Kit - Polyurethane,AUTO-00224,GST,28,622.62,808.0,5,Brakes & Suspension,8708,8900982150648
Bosch OEM Car Battery (DIN55) - 55 Ah,AUTO-00225,GST,28,5827.68,6744.0,3,Tyres & Batteries,8507,8906761847230
Valvoline Standard Gear Oil - 80W-90 (1L),AUTO-00226,GST,18,470.79,678.0,41,Lubricants & Fluids,2710,8901891411739
TRW Performance Shock Absorber - Gas Filled,AUTO-00227,GST,28,2734.65,3266.0,2,Brakes & Suspension,8708,8908737530011
Bosch OEM Car Battery (DIN44) - 44 Ah,AUTO-00228,GST,28,2949.46,3712.0,6,Tyres & Batteries,8507,8903744701204
Gulf OEM Coolant (Pre-mixed) - 1 Litre,AUTO-00229,GST,18,262.51,388.0,15,Lubricants & Fluids,2710,8902255794155
TVS Girling Suspension Bush Kit - Rubber,AUTO-00230,GST,28,683.86,826.0,9,Brakes & Suspension,8708,8906212021697
Amaron Genuine Car Battery (DIN44) - 44 Ah,AUTO-00231,GST,28,3693.18,4725.0,4,Tyres & Batteries,8507,8907716701450
Engine Scanning & Diagnostics - OBD2 Scan,AUTO-00232,GST,18,199.3,704.0,89,Repair Labor & Services,998714,8901637562890
LUK Aftermarket Ignition Coil - Set of 4,AUTO-00233,GST,28,1083.56,1326.0,5,Engine & Transmission Parts,8708,8905408386631
K&N OEM Wiper Blade Set - Standard Frame,AUTO-00234,GST,18,444.79,618.0,22,Filters & Consumables,8421,8907016608801
Bosch Heavy Duty Car Battery (DIN65) - SUV Specs,AUTO-00235,GST,28,9698.63,12536.0,7,Tyres & Batteries,8507,8900375899757
Valeo Performance Radiator Assembly - Aluminium,AUTO-00236,GST,28,3649.66,4544.0,6,Engine & Transmission Parts,8708,8908851027261
Shell Genuine Semi-Synthetic Engine Oil - 10W-40 (3.5L),AUTO-00237,GST,18,1163.89,1705.0,27,Lubricants & Fluids,2710,8905160917798
Monroe Premium Brake Pad Set - Ceramic,AUTO-00238,GST,28,1085.67,1319.0,11,Brakes & Suspension,8708,8907829221699
Valvoline Standard Coolant (Pre-mixed) - 1 Litre,AUTO-00239,GST,18,236.74,324.0,33,Lubricants & Fluids,2710,8907226984858
Wheel Alignment & Balancing - 4 Wheels,AUTO-00240,GST,18,238.81,927.0,26,Repair Labor & Services,998714,8902885158799
Brake Overhaul Labor - All 4 Wheels,AUTO-00241,GST,18,762.71,2390.0,11,Repair Labor & Services,998714,8908106200342
Servo Standard Semi-Synthetic Engine Oil - 10W-40 (3.5L),AUTO-00242,GST,18,1203.63,1695.0,37,Lubricants & Fluids,2710,8907198386384
General Periodic Service - Sedan,AUTO-00243,GST,18,704.48,2594.0,97,Repair Labor & Services,998714,8905800439735
Amaron Heavy Duty Car Battery (DIN65) - 65 Ah,AUTO-00244,GST,28,5512.83,7153.0,3,Tyres & Batteries,8507,8902281606484
Brembo Premium Tie Rod End - Right,AUTO-00245,GST,28,476.74,599.0,4,Brakes & Suspension,8708,8900259094798
Motul Heavy Duty Power Steering Fluid - 1 Litre,AUTO-00246,GST,18,255.68,359.0,47,Lubricants & Fluids,2710,8902688615335
Gulf Brake Fluid DOT 4 - 250ml,AUTO-00247,GST,18,217.1,318.0,56,Lubricants & Fluids,2710,8900157399305
Purolator Standard Fuel Filter - Diesel Cartridge,AUTO-00248,GST,18,399.04,560.0,38,Filters & Consumables,8421,8908877043581
LUK OEM Clutch Plate Assembly - SUV,AUTO-00249,GST,28,4251.76,5291.0,5,Engine & Transmission Parts,8708,8906138612075
Valeo Aftermarket Timing Belt - Standard,AUTO-00250,GST,28,1174.5,1449.0,11,Engine & Transmission Parts,8708,8903466766506
Engine Scanning & Diagnostics - OBD2 Scan,AUTO-00251,GST,18,229.1,774.0,99,Repair Labor & Services,998714,8901581449147
K&N Aftermarket Engine Oil Filter - Cartridge,AUTO-00252,GST,18,205.68,273.0,40,Filters & Consumables,8421,8908424508821
Bosch Standard Alternator - 90 Amp,AUTO-00253,GST,28,4867.53,6139.0,7,Engine & Transmission Parts,8708,8903682223943
LUK Clutch Plate Assembly - SUV,AUTO-00254,GST,28,5499.7,6385.0,12,Engine & Transmission Parts,8708,8901413975523
Mahindra Genuine Performance Timing Belt - Standard,AUTO-00255,GST,28,1069.0,1282.0,12,Engine & Transmission Parts,8708,8904929955620
Shell Genuine Power Steering Fluid - 500ml,AUTO-00256,GST,18,284.28,390.0,58,Lubricants & Fluids,2710,8905777547812
General Periodic Service - Sedan,AUTO-00257,GST,18,1119.28,3128.0,90,Repair Labor & Services,998714,8901108099693
Mahindra Genuine Performance Ignition Coil - Single Pack,AUTO-00258,GST,28,1199.64,1540.0,11,Engine & Transmission Parts,8708,8904278816580
Clutch Replacement Labor - Manual,AUTO-00259,GST,18,1328.41,3678.0,82,Repair Labor & Services,998714,8902750373145
TVS Girling Performance Wheel Bearing - Front,AUTO-00260,GST,28,875.21,1127.0,2,Brakes & Suspension,8708,8900518449892
Wix OEM Fuel Filter - Diesel Cartridge,AUTO-00261,GST,18,511.9,704.0,29,Filters & Consumables,8421,8908655779082
Bosch Standard Air Filter - Paper,AUTO-00262,GST,18,317.79,425.0,38,Filters & Consumables,8421,8909136517773
Exide Premium Car Battery (DIN65) - SUV Specs,AUTO-00263,GST,28,7652.77,9459.0,4,Tyres & Batteries,8507,8902809202428
Elofic Standard Wiper Blade Set - Frameless,AUTO-00264,GST,18,474.94,638.0,53,Filters & Consumables,8421,8907723692929
AC Gas Top-Up & Service - Standard,AUTO-00265,GST,18,559.09,1898.0,18,Repair Labor & Services,998714,8903662103886
Gabriel Brake Pad Set - Front,AUTO-00266,GST,28,1215.35,1507.0,10,Brakes & Suspension,8708,8908117298068
Mahle Heavy Duty Engine Oil Filter - Cartridge,AUTO-00267,GST,18,227.72,318.0,39,Filters & Consumables,8421,8905991624731
Valvoline Premium Brake Fluid DOT 4 - 250ml,AUTO-00268,GST,18,196.17,286.0,51,Lubricants & Fluids,2710,8908180635651
Monroe Standard Wheel Bearing - Rear (with ABS),AUTO-00269,GST,28,1119.05,1358.0,7,Brakes & Suspension,8708,8909463688725
Bosch Standard Car Battery (DIN44) - Maintenance Free,AUTO-00270,GST,28,3361.14,4221.0,4,Tyres & Batteries,8507,8901372138658
Amaron Aftermarket Car Battery (DIN65) - 65 Ah,AUTO-00271,GST,28,7587.81,8732.0,3,Tyres & Batteries,8507,8902796114351
Bosch Genuine Car Battery (DIN65) - SUV Specs,AUTO-00272,GST,28,10445.36,12461.0,11,Tyres & Batteries,8507,8900277038430
Bosch Aftermarket Car Battery (DIN55) - 55 Ah,AUTO-00273,GST,28,4017.24,4764.0,2,Tyres & Batteries,8507,8902146566938
Valeo Performance Timing Belt - Heavy Duty,AUTO-00274,GST,28,949.44,1208.0,5,Engine & Transmission Parts,8708,8909376904268
Valeo OEM Spark Plug Set - Platinum,AUTO-00275,GST,28,749.13,969.0,10,Engine & Transmission Parts,8708,8909476973577
Apollo OEM Tubeless Tyre (14 inch) - 185/65 R14,AUTO-00276,GST,28,1732.46,2157.0,5,Tyres & Batteries,4011,8903565880434
Tata Genuine Aftermarket Fuel Injector - Diesel,AUTO-00277,GST,28,2831.18,3406.0,11,Engine & Transmission Parts,8708,8904237333433
TRW Aftermarket Brake Rotor/Disc - Solid,AUTO-00278,GST,28,2261.17,2641.0,3,Brakes & Suspension,8708,8907908075957
Bridgestone Aftermarket Tubeless Tyre (16 inch) - 205/55 R16,AUTO-00279,GST,28,8579.3,10152.0,11,Tyres & Batteries,4011,8902086780856
Brake Overhaul Labor - Front Axle,AUTO-00280,GST,18,473.61,1190.0,96,Repair Labor & Services,998714,8903691559428
Shell Performance Brake Fluid DOT 4 - 500ml,AUTO-00281,GST,18,253.62,355.0,28,Lubricants & Fluids,2710,8906556472929
Clutch Replacement Labor - Manual,AUTO-00282,GST,18,1272.42,4241.0,58,Repair Labor & Services,998714,8903227026728
Apollo Standard Tubeless Tyre (16 inch) - 205/55 R16,AUTO-00283,GST,28,9286.94,11471.0,8,Tyres & Batteries,4011,8901203471754
Gulf Performance Transmission Fluid (ATF) - 5 Litre,AUTO-00284,GST,18,934.12,1237.0,58,Lubricants & Fluids,2710,8909399824558
Wix Genuine Fuel Filter - Petrol In-line,AUTO-00285,GST,18,525.58,732.0,24,Filters & Consumables,8421,8902569961125
Bosch Standard Shock Absorber - Hydraulic,AUTO-00286,GST,28,2598.98,3143.0,9,Brakes & Suspension,8708,8905987622023
Denting & Painting (Per Panel) - Solid Color,AUTO-00287,GST,18,871.35,2313.0,18,Repair Labor & Services,998714,8907800681149
TVS Girling Standard Wheel Bearing - Rear (with ABS),AUTO-00288,GST,28,832.12,1049.0,9,Brakes & Suspension,8708,8902282005577
Bosch Aftermarket Car Battery (DIN55) - Heavy Duty,AUTO-00289,GST,28,4852.16,6010.0,9,Tyres & Batteries,8507,8909688457831
Mahle Standard Cabin/AC Filter - Active Carbon,AUTO-00290,GST,18,247.29,322.0,48,Filters & Consumables,8421,8902547807740
Mahle Premium Wiper Blade Set - Frameless,AUTO-00291,GST,18,409.65,548.0,50,Filters & Consumables,8421,8906632663416
Engine Scanning & Diagnostics - Full System Scan,AUTO-00292,GST,18,224.99,742.0,44,Repair Labor & Services,998714,8906312241797
Liqui Moly Premium Semi-Synthetic Engine Oil - 15W-40 (4L),AUTO-00293,GST,18,1106.47,1653.0,16,Lubricants & Fluids,2710,8902144270312
Hyundai Mobis Radiator Assembly - Copper Core,AUTO-00294,GST,28,3508.88,4456.0,7,Engine & Transmission Parts,8708,8907051204618
Bosch Genuine Air Filter - Washable Cotton,AUTO-00295,GST,18,415.28,550.0,60,Filters & Consumables,8421,8903673037183
K&N Aftermarket Cabin/AC Filter - Active Carbon,AUTO-00296,GST,18,303.42,397.0,50,Filters & Consumables,8421,8908147435031
Rane Premium Suspension Bush Kit - Rubber,AUTO-00297,GST,28,660.56,787.0,3,Brakes & Suspension,8708,8906300979251
Brembo Performance Suspension Bush Kit - Polyurethane,AUTO-00298,GST,28,830.29,1079.0,12,Brakes & Suspension,8708,8900052812735
Bosch Car Battery (DIN65) - SUV Specs,AUTO-00299,GST,28,8132.36,10193.0,7,Tyres & Batteries,8507,8902407784873
Bosch Performance Car Battery (DIN55) - Heavy Duty,AUTO-00300,GST,28,4557.28,5834.0,11,Tyres & Batteries,8507,8908218274485
Purolator Aftermarket Wiper Blade Set - Standard Frame,AUTO-00301,GST,18,438.22,624.0,38,Filters & Consumables,8421,8909351863878
Gabriel Genuine Shock Absorber - Hydraulic,AUTO-00302,GST,28,2732.8,3188.0,10,Brakes & Suspension,8708,8901022031731
Tata Genuine Premium Ignition Coil - Set of 4,AUTO-00303,GST,28,1226.54,1522.0,3,Engine & Transmission Parts,8708,8900371705865
Clutch Replacement Labor - Automatic,AUTO-00304,GST,18,1101.37,4132.0,19,Repair Labor & Services,998714,8903811386338
Engine Scanning & Diagnostics - OBD2 Scan,AUTO-00305,GST,18,211.27,771.0,83,Repair Labor & Services,998714,8905761228685
Engine Scanning & Diagnostics - Full System Scan,AUTO-00306,GST,18,245.4,816.0,51,Repair Labor & Services,998714,8905665939836
Michelin Tubeless Tyre (16 inch) - 205/55 R16,AUTO-00307,GST,28,11592.75,13332.0,2,Tyres & Batteries,4011,8904908240433
Castrol Aftermarket Power Steering Fluid - 1 Litre,AUTO-00308,GST,18,179.59,250.0,24,Lubricants & Fluids,2710,8902459334419
Elofic Performance Air Filter - Paper,AUTO-00309,GST,18,406.87,543.0,59,Filters & Consumables,8421,8909194096105
Valvoline Heavy Duty Coolant (Pre-mixed) - 1 Litre,AUTO-00310,GST,18,254.44,374.0,15,Lubricants & Fluids,2710,8906048058925
Michelin Premium Tubeless Tyre (15 inch) - 195/60 R15,AUTO-00311,GST,28,4891.02,6177.0,11,Tyres & Batteries,4011,8908136462251
Elofic Standard Engine Oil Filter - Cartridge,AUTO-00312,GST,18,158.53,222.0,59,Filters & Consumables,8421,8902278376938
Exide Heavy Duty Car Battery (DIN55) - 55 Ah,AUTO-00313,GST,28,4391.9,5334.0,12,Tyres & Batteries,8507,8909116655355
Apollo Aftermarket Tubeless Tyre (14 inch) - 185/65 R14,AUTO-00314,GST,28,2127.03,2762.0,9,Tyres & Batteries,4011,8909270335211
Wheel Alignment & Balancing - 4 Wheels,AUTO-00315,GST,18,193.46,685.0,24,Repair Labor & Services,998714,8904770538338
MRF Aftermarket Tubeless Tyre (16 inch) - 205/55 R16,AUTO-00316,GST,28,8245.55,10603.0,10,Tyres & Batteries,4011,8900420439407
General Periodic Service - Sedan,AUTO-00317,GST,18,741.99,2871.0,56,Repair Labor & Services,998714,8901046368157
Bridgestone Heavy Duty Tubeless Tyre (14 inch) - 165/70 R14,AUTO-00318,GST,28,2550.84,3148.0,2,Tyres & Batteries,4011,8900384576205
AC Gas Top-Up & Service - Deep Clean,AUTO-00319,GST,18,490.69,1947.0,45,Repair Labor & Services,998714,8900460843256
General Periodic Service - SUV,AUTO-00320,GST,18,1233.16,4337.0,90,Repair Labor & Services,998714,8903639264957
CEAT Heavy Duty Tubeless Tyre (15 inch) - 195/60 R15,AUTO-00321,GST,28,3780.15,4747.0,10,Tyres & Batteries,4011,8902629251881
Bosch Performance Brake Rotor/Disc - Vented,AUTO-00322,GST,28,2261.35,2741.0,8,Brakes & Suspension,8708,8904742312209
Exide Heavy Duty Car Battery (DIN55) - 55 Ah,AUTO-00323,GST,28,5296.17,6376.0,9,Tyres & Batteries,8507,8902897526772
Brembo Genuine Brake Rotor/Disc - Vented,AUTO-00324,GST,28,2279.88,2627.0,6,Brakes & Suspension,8708,8906333127975
Bosch Premium Fuel Filter - Diesel Cartridge,AUTO-00325,GST,18,498.34,730.0,35,Filters & Consumables,8421,8906999880817
Purolator Premium Air Filter - Washable Cotton,AUTO-00326,GST,18,352.76,495.0,55,Filters & Consumables,8421,8900347644726
Castrol Gear Oil - 80W-90 (1L),AUTO-00327,GST,18,527.93,734.0,47,Lubricants & Fluids,2710,8901298266570
Monroe Tie Rod End - Left,AUTO-00328,GST,28,445.52,534.0,12,Brakes & Suspension,8708,8902111751868
Exide Premium Car Battery (DIN44) - Maintenance Free,AUTO-00329,GST,28,4287.25,5294.0,12,Tyres & Batteries,8507,8902222064474
General Periodic Service - Hatchback,AUTO-00330,GST,18,408.43,1490.0,11,Repair Labor & Services,998714,8907778097339
Brake Overhaul Labor - Rear Axle,AUTO-00331,GST,18,312.63,1063.0,41,Repair Labor & Services,998714,8908498302205
LUK Standard Clutch Plate Assembly - SUV,AUTO-00332,GST,28,4809.33,5594.0,3,Engine & Transmission Parts,8708,8906224999827
AC Gas Top-Up & Service - Standard,AUTO-00333,GST,18,601.16,1794.0,58,Repair Labor & Services,998714,8901681472145
Bosch Heavy Duty Car Battery (DIN55) - 55 Ah,AUTO-00334,GST,28,3899.8,4819.0,12,Tyres & Batteries,8507,8908179469548
Bridgestone Tubeless Tyre (16 inch) - 215/60 R16,AUTO-00335,GST,28,10005.22,12253.0,4,Tyres & Batteries,4011,8909343010713
Amaron Performance Car Battery (DIN44) - 44 Ah,AUTO-00336,GST,28,3716.21,4629.0,2,Tyres & Batteries,8507,8903441448850
Maruti Genuine Fuel Injector - Petrol,AUTO-00337,GST,28,3322.87,3918.0,7,Engine & Transmission Parts,8708,8907702727857
Wix Performance Engine Oil Filter - Cartridge,AUTO-00338,GST,18,210.93,275.0,51,Filters & Consumables,8421,8905512405682
Amaron OEM Car Battery (DIN44) - 44 Ah,AUTO-00339,GST,28,4095.48,4903.0,2,Tyres & Batteries,8507,8904617357438
Mobil 1 Premium Fully Synthetic Engine Oil - 5W-40 (4L),AUTO-00340,GST,18,4143.87,6144.0,43,Lubricants & Fluids,2710,8908078235784
Mobil 1 Aftermarket Power Steering Fluid - 500ml,AUTO-00341,GST,18,288.38,377.0,39,Lubricants & Fluids,2710,8908104091570
Mahindra Genuine Standard Clutch Plate Assembly - SUV,AUTO-00342,GST,28,5391.56,6370.0,5,Engine & Transmission Parts,8708,8903448571422
Motul Heavy Duty Fully Synthetic Engine Oil - 5W-30 (3.5L),AUTO-00343,GST,18,3973.41,5602.0,32,Lubricants & Fluids,2710,8902493214958
Purolator Air Filter - Paper,AUTO-00344,GST,18,431.27,565.0,39,Filters & Consumables,8421,8900166299795
Gulf OEM Power Steering Fluid - 500ml,AUTO-00345,GST,18,354.89,515.0,44,Lubricants & Fluids,2710,8909217174773
Brembo Performance Tie Rod End - Right,AUTO-00346,GST,28,490.86,616.0,12,Brakes & Suspension,8708,8905577017157
Bosch Aftermarket Cabin/AC Filter - Active Carbon,AUTO-00347,GST,18,273.69,378.0,60,Filters & Consumables,8421,8901581487696
Gabriel Brake Rotor/Disc - Vented,AUTO-00348,GST,28,1873.27,2250.0,11,Brakes & Suspension,8708,8906695832197
Hyundai Mobis Fuel Injector - Diesel,AUTO-00349,GST,28,2299.4,2974.0,3,Engine & Transmission Parts,8708,8909196570132
Bosch Aftermarket Car Battery (DIN65) - 65 Ah,AUTO-00350,GST,28,5072.02,6237.0,8,Tyres & Batteries,8507,8909973354946
General Periodic Service - SUV,AUTO-00351,GST,18,1378.29,4501.0,26,Repair Labor & Services,998714,8904058008514
Minda Performance Alternator - 120 Amp,AUTO-00352,GST,28,6282.08,7607.0,8,Engine & Transmission Parts,8708,8908327238656
Bosch Aftermarket Wheel Bearing - Front,AUTO-00353,GST,28,754.45,941.0,4,Brakes & Suspension,8708,8907621267969
Monroe Tie Rod End - Right,AUTO-00354,GST,28,518.64,614.0,8,Brakes & Suspension,8708,8909097384689
Castrol Performance Fully Synthetic Engine Oil - 5W-40 (4L),AUTO-00355,GST,18,3303.72,4613.0,59,Lubricants & Fluids,2710,8901284781891
Monroe Standard Wheel Bearing - Front,AUTO-00356,GST,28,963.02,1238.0,10,Brakes & Suspension,8708,8900778795654
Mobil 1 Standard Fully Synthetic Engine Oil - 5W-40 (4L),AUTO-00357,GST,18,3222.36,4494.0,25,Lubricants & Fluids,2710,8909049047128
Mahindra Genuine Standard Spark Plug Set - Iridium,AUTO-00358,GST,28,655.42,779.0,3,Engine & Transmission Parts,8708,8909292752437
TRW Performance Tie Rod End - Left,AUTO-00359,GST,28,599.18,776.0,11,Brakes & Suspension,8708,8902766372395
Mahindra Genuine Aftermarket Timing Belt - Standard,AUTO-00360,GST,28,1040.58,1271.0,9,Engine & Transmission Parts,8708,8908366742860
Liqui Moly Premium Coolant (Pre-mixed) - 3 Litre,AUTO-00361,GST,18,285.86,402.0,37,Lubricants & Fluids,2710,8906945441496
Wix Performance Air Filter - Paper,AUTO-00362,GST,18,346.98,520.0,35,Filters & Consumables,8421,8908001061817
Shell Standard Gear Oil - 75W-90 (1L),AUTO-00363,GST,18,430.74,562.0,20,Lubricants & Fluids,2710,8900939111926
Engine Scanning & Diagnostics - OBD2 Scan,AUTO-00364,GST,18,262.5,756.0,69,Repair Labor & Services,998714,8901746542140
K&N Standard Cabin/AC Filter - Standard,AUTO-00365,GST,18,331.13,448.0,43,Filters & Consumables,8421,8901739627128
Bosch Wiper Blade Set - Frameless,AUTO-00366,GST,18,443.72,586.0,19,Filters & Consumables,8421,8901947072006
Mobil 1 Genuine Gear Oil - 75W-90 (1L),AUTO-00367,GST,18,473.96,665.0,46,Lubricants & Fluids,2710,8907661830671
Michelin Standard Tubeless Tyre (16 inch) - 205/55 R16,AUTO-00368,GST,28,7000.87,9098.0,12,Tyres & Batteries,4011,8901585174328
Tata Genuine Genuine Radiator Assembly - Copper Core,AUTO-00369,GST,28,4531.6,5640.0,7,Engine & Transmission Parts,8708,8907173203093
K&N Engine Oil Filter - Cartridge,AUTO-00370,GST,18,186.11,273.0,43,Filters & Consumables,8421,8900050506138
Wix Heavy Duty Wiper Blade Set - Frameless,AUTO-00371,GST,18,484.18,633.0,24,Filters & Consumables,8421,8907079032020
Motul OEM Coolant (Pre-mixed) - 1 Litre,AUTO-00372,GST,18,290.63,384.0,46,Lubricants & Fluids,2710,8909931365651
Engine Scanning & Diagnostics - OBD2 Scan,AUTO-00373,GST,18,216.01,797.0,15,Repair Labor & Services,998714,8909251142625
Exide Premium Car Battery (DIN44) - 44 Ah,AUTO-00374,GST,28,2943.38,3759.0,11,Tyres & Batteries,8507,8906207100219
Valvoline Aftermarket Gear Oil - 75W-90 (1L),AUTO-00375,GST,18,396.37,566.0,48,Lubricants & Fluids,2710,8907632909279
Mahindra Genuine Premium Fuel Injector - Petrol,AUTO-00376,GST,28,2988.67,3523.0,10,Engine & Transmission Parts,8708,8901958837340
TVS Girling Brake Rotor/Disc - Solid,AUTO-00377,GST,28,1635.32,2045.0,2,Brakes & Suspension,8708,8900543645970
Bosch Premium Water Pump - OEM Specs,AUTO-00378,GST,28,2287.97,2671.0,5,Engine & Transmission Parts,8708,8907995635315
TVS Girling Heavy Duty Brake Rotor/Disc - Solid,AUTO-00379,GST,28,1895.02,2242.0,9,Brakes & Suspension,8708,8909706239726
Mobil 1 Performance Coolant (Pre-mixed) - 1 Litre,AUTO-00380,GST,18,302.89,406.0,23,Lubricants & Fluids,2710,8900904217762
Shell Aftermarket Brake Fluid DOT 4 - 250ml,AUTO-00381,GST,18,192.83,272.0,29,Lubricants & Fluids,2710,8901687397740
Denting & Painting (Per Panel) - Solid Color,AUTO-00382,GST,18,739.94,2493.0,85,Repair Labor & Services,998714,8902906007806
Amaron Car Battery (DIN44) - 44 Ah,AUTO-00383,GST,28,3262.35,4025.0,2,Tyres & Batteries,8507,8906325431074
Rane Suspension Bush Kit - Polyurethane,AUTO-00384,GST,28,768.71,900.0,8,Brakes & Suspension,8708,8902570165804
Mahle OEM Wiper Blade Set - Frameless,AUTO-00385,GST,18,413.27,565.0,18,Filters & Consumables,8421,8908501657905
Mobil 1 Heavy Duty Gear Oil - 80W-90 (1L),AUTO-00386,GST,18,400.15,547.0,49,Lubricants & Fluids,2710,8901793355486
Castrol Performance Fully Synthetic Engine Oil - 5W-40 (4L),AUTO-00387,GST,18,3852.06,5394.0,22,Lubricants & Fluids,2710,8907884795137
Valeo Standard Alternator - 90 Amp,AUTO-00388,GST,28,7169.78,8328.0,4,Engine & Transmission Parts,8708,8904127238046
Wheel Alignment & Balancing - 5 Wheels,AUTO-00389,GST,18,230.41,831.0,12,Repair Labor & Services,998714,8904310385695
Clutch Replacement Labor - Automatic,AUTO-00390,GST,18,1102.87,3910.0,80,Repair Labor & Services,998714,8907749242437
Servo Aftermarket Power Steering Fluid - 500ml,AUTO-00391,GST,18,290.4,404.0,25,Lubricants & Fluids,2710,8909284222231
Maruti Genuine Water Pump - Aftermarket,AUTO-00392,GST,28,2151.98,2541.0,2,Engine & Transmission Parts,8708,8905525782841
Tata Genuine Ignition Coil - Single Pack,AUTO-00393,GST,28,1620.07,1901.0,10,Engine & Transmission Parts,8708,8908547492975
Denting & Painting (Per Panel) - Metallic/Pearl Color,AUTO-00394,GST,18,686.02,2282.0,49,Repair Labor & Services,998714,8900693751509
Engine Scanning & Diagnostics - OBD2 Scan,AUTO-00395,GST,18,232.35,610.0,67,Repair Labor & Services,998714,8901863759980
Brake Overhaul Labor - Front Axle,AUTO-00396,GST,18,398.79,1220.0,46,Repair Labor & Services,998714,8905547813767
Mobil 1 Genuine Power Steering Fluid - 1 Litre,AUTO-00397,GST,18,180.61,256.0,20,Lubricants & Fluids,2710,8902347851961
Tata Genuine Aftermarket Spark Plug Set - Platinum,AUTO-00398,GST,28,700.34,880.0,4,Engine & Transmission Parts,8708,8903264870494
Elofic Premium Fuel Filter - Petrol In-line,AUTO-00399,GST,18,589.12,784.0,34,Filters & Consumables,8421,8907146273014
Purolator Wiper Blade Set - Standard Frame,AUTO-00400,GST,18,374.58,552.0,55,Filters & Consumables,8421,8907158904290
Bosch Performance Suspension Bush Kit - Polyurethane,AUTO-00401,GST,28,659.17,785.0,8,Brakes & Suspension,8708,8905044818321
Apollo Performance Tubeless Tyre (15 inch) - 185/60 R15,AUTO-00402,GST,28,3718.83,4666.0,7,Tyres & Batteries,4011,8901895202845
K&N OEM Cabin/AC Filter - Standard,AUTO-00403,GST,18,237.03,332.0,27,Filters & Consumables,8421,8908988816711
TVS Girling Standard Suspension Bush Kit - Rubber,AUTO-00404,GST,28,842.98,987.0,9,Brakes & Suspension,8708,8909852401322
AC Gas Top-Up & Service - Standard,AUTO-00405,GST,18,520.64,1363.0,98,Repair Labor & Services,998714,8901107603108
Exide Standard Car Battery (DIN44) - 44 Ah,AUTO-00406,GST,28,2955.67,3695.0,3,Tyres & Batteries,8507,8901939325012
Engine Scanning & Diagnostics - Full System Scan,AUTO-00407,GST,18,184.25,599.0,88,Repair Labor & Services,998714,8903891190833
Mobil 1 OEM Power Steering Fluid - 500ml,AUTO-00408,GST,18,340.95,506.0,60,Lubricants & Fluids,2710,8907592712566
Gabriel OEM Brake Rotor/Disc - Solid,AUTO-00409,GST,28,2191.89,2624.0,9,Brakes & Suspension,8708,8901827548015
Purolator Fuel Filter - Diesel Cartridge,AUTO-00410,GST,18,534.35,728.0,43,Filters & Consumables,8421,8903864631752
Hyundai Mobis Timing Belt - Heavy Duty,AUTO-00411,GST,28,1040.37,1302.0,3,Engine & Transmission Parts,8708,8902669121535
Gabriel Heavy Duty Suspension Bush Kit - Polyurethane,AUTO-00412,GST,28,828.58,1043.0,6,Brakes & Suspension,8708,8909946579678
Mobil 1 OEM Power Steering Fluid - 1 Litre,AUTO-00413,GST,18,180.99,253.0,29,Lubricants & Fluids,2710,8902010170269
Wheel Alignment & Balancing - 5 Wheels,AUTO-00414,GST,18,273.23,954.0,76,Repair Labor & Services,998714,8907734778485
MRF Genuine Tubeless Tyre (14 inch) - 165/70 R14,AUTO-00415,GST,28,2092.41,2505.0,8,Tyres & Batteries,4011,8907700284276
Bosch Wheel Bearing - Rear (with ABS),AUTO-00416,GST,28,1062.88,1313.0,9,Brakes & Suspension,8708,8908897782806
Liqui Moly Performance Transmission Fluid (ATF) - 5 Litre,AUTO-00417,GST,18,1268.34,1721.0,18,Lubricants & Fluids,2710,8900902559056
Tata Genuine Genuine Fuel Injector - Petrol,AUTO-00418,GST,28,2582.48,3226.0,5,Engine & Transmission Parts,8708,8903491141520
Bridgestone Genuine Tubeless Tyre (14 inch) - 185/65 R14,AUTO-00419,GST,28,2184.35,2650.0,2,Tyres & Batteries,4011,8907905696591
Purolator Air Filter - Washable Cotton,AUTO-00420,GST,18,333.11,484.0,36,Filters & Consumables,8421,8902945637183
Servo Genuine Fully Synthetic Engine Oil - 5W-40 (4L),AUTO-00421,GST,18,4355.35,6206.0,20,Lubricants & Fluids,2710,8909195419876
Bosch Standard Brake Pad Set - Ceramic,AUTO-00422,GST,28,1082.02,1293.0,12,Brakes & Suspension,8708,8908536649878
TVS Girling Wheel Bearing - Front,AUTO-00423,GST,28,803.51,1040.0,9,Brakes & Suspension,8708,8904896908357
Brembo Genuine Brake Rotor/Disc - Solid,AUTO-00424,GST,28,1779.48,2276.0,3,Brakes & Suspension,8708,8903644249363
LUK Heavy Duty Radiator Assembly - Aluminium,AUTO-00425,GST,28,4545.45,5439.0,9,Engine & Transmission Parts,8708,8908660324204
Mobil 1 Gear Oil - 80W-90 (1L),AUTO-00426,GST,18,549.93,721.0,20,Lubricants & Fluids,2710,8905941651623
Valeo OEM Spark Plug Set - Platinum,AUTO-00427,GST,28,655.63,766.0,7,Engine & Transmission Parts,8708,8905963632123
Liqui Moly Premium Coolant (Pre-mixed) - 3 Litre,AUTO-00428,GST,18,350.56,482.0,22,Lubricants & Fluids,2710,8905867342575
Castrol Premium Gear Oil - 80W-90 (1L),AUTO-00429,GST,18,477.44,696.0,30,Lubricants & Fluids,2710,8904864518376
Tata Genuine OEM Spark Plug Set - Platinum,AUTO-00430,GST,28,804.91,1017.0,6,Engine & Transmission Parts,8708,8903275604177
Clutch Replacement Labor - Automatic,AUTO-00431,GST,18,1167.72,4356.0,30,Repair Labor & Services,998714,8904815698570
LUK Premium Ignition Coil - Single Pack,AUTO-00432,GST,28,1241.72,1545.0,7,Engine & Transmission Parts,8708,8909112382965
K&N Aftermarket Air Filter - Washable Cotton,AUTO-00433,GST,18,356.23,522.0,33,Filters & Consumables,8421,8903165266930
Minda Heavy Duty Timing Belt - Heavy Duty,AUTO-00434,GST,28,908.61,1161.0,2,Engine & Transmission Parts,8708,8906969421529
Bosch Alternator - 120 Amp,AUTO-00435,GST,28,4671.31,5872.0,5,Engine & Transmission Parts,8708,8904476263934
Wheel Alignment & Balancing - 5 Wheels,AUTO-00436,GST,18,304.17,827.0,47,Repair Labor & Services,998714,8904397359710
Bosch Heavy Duty Cabin/AC Filter - Active Carbon,AUTO-00437,GST,18,284.39,410.0,53,Filters & Consumables,8421,8904118005375
Amaron Premium Car Battery (DIN55) - 55 Ah,AUTO-00438,GST,28,4907.46,5924.0,8,Tyres & Batteries,8507,8905280924287
Liqui Moly Performance Semi-Synthetic Engine Oil - 10W-40 (3.5L),AUTO-00439,GST,18,1518.12,2105.0,31,Lubricants & Fluids,2710,8901502745644
CEAT Genuine Tubeless Tyre (16 inch) - 205/55 R16,AUTO-00440,GST,28,7941.13,10317.0,4,Tyres & Batteries,4011,8908703203207
Mobil 1 Genuine Gear Oil - 75W-90 (1L),AUTO-00441,GST,18,365.78,541.0,46,Lubricants & Fluids,2710,8900758777121
Motul Aftermarket Semi-Synthetic Engine Oil - 15W-40 (4L),AUTO-00442,GST,18,1521.39,2206.0,32,Lubricants & Fluids,2710,8909939089261
TRW Performance Suspension Bush Kit - Polyurethane,AUTO-00443,GST,28,584.57,732.0,12,Brakes & Suspension,8708,8901659152017
Brake Overhaul Labor - Rear Axle,AUTO-00444,GST,18,534.54,1341.0,15,Repair Labor & Services,998714,8909759230450
Engine Scanning & Diagnostics - Full System Scan,AUTO-00445,GST,18,241.78,669.0,61,Repair Labor & Services,998714,8901032664214
K&N Performance Cabin/AC Filter - Standard,AUTO-00446,GST,18,274.14,402.0,47,Filters & Consumables,8421,8903776749961
Mahle Genuine Wiper Blade Set - Frameless,AUTO-00447,GST,18,430.0,567.0,47,Filters & Consumables,8421,8905732788147
Purolator Aftermarket Fuel Filter - Diesel Cartridge,AUTO-00448,GST,18,584.61,840.0,34,Filters & Consumables,8421,8903864908108
Tata Genuine Alternator - 90 Amp,AUTO-00449,GST,28,6037.54,7458.0,6,Engine & Transmission Parts,8708,8905491801722
Purolator Standard Engine Oil Filter - Cartridge,AUTO-00450,GST,18,171.65,248.0,57,Filters & Consumables,8421,8907945232194
Brake Overhaul Labor - All 4 Wheels,AUTO-00451,GST,18,611.96,1637.0,31,Repair Labor & Services,998714,8907769749956
Motul Premium Semi-Synthetic Engine Oil - 10W-40 (3.5L),AUTO-00452,GST,18,1151.59,1685.0,59,Lubricants & Fluids,2710,8903037236831
Liqui Moly Genuine Semi-Synthetic Engine Oil - 15W-40 (4L),AUTO-00453,GST,18,1161.1,1548.0,24,Lubricants & Fluids,2710,8907770793349
Purolator OEM Cabin/AC Filter - Standard,AUTO-00454,GST,18,275.19,397.0,41,Filters & Consumables,8421,8907998407678
Bosch Heavy Duty Car Battery (DIN55) - Heavy Duty,AUTO-00455,GST,28,4185.27,4825.0,11,Tyres & Batteries,8507,8905814671795
Wix Aftermarket Fuel Filter - Petrol In-line,AUTO-00456,GST,18,475.93,637.0,37,Filters & Consumables,8421,8907383959724
Brake Overhaul Labor - Rear Axle,AUTO-00457,GST,18,391.93,1450.0,30,Repair Labor & Services,998714,8909341722329
Purolator Standard Fuel Filter - Diesel Cartridge,AUTO-00458,GST,18,440.0,621.0,16,Filters & Consumables,8421,8905452280156
Minda Timing Belt - Standard,AUTO-00459,GST,28,964.99,1159.0,7,Engine & Transmission Parts,8708,8900842891077
Valeo OEM Timing Belt - Standard,AUTO-00460,GST,28,950.58,1110.0,5,Engine & Transmission Parts,8708,8905247871255
TVS Girling Genuine Brake Rotor/Disc - Solid,AUTO-00461,GST,28,2286.73,2632.0,9,Brakes & Suspension,8708,8905482145653
TRW Heavy Duty Tie Rod End - Right,AUTO-00462,GST,28,450.46,547.0,8,Brakes & Suspension,8708,8907850720811
Gulf Genuine Coolant (Pre-mixed) - 1 Litre,AUTO-00463,GST,18,190.1,276.0,57,Lubricants & Fluids,2710,8902908466845
Castrol Aftermarket Power Steering Fluid - 1 Litre,AUTO-00464,GST,18,234.66,326.0,28,Lubricants & Fluids,2710,8908997563410
Exide Standard Car Battery (DIN44) - 44 Ah,AUTO-00465,GST,28,3037.88,3745.0,10,Tyres & Batteries,8507,8905200894346
Amaron Performance Car Battery (DIN65) - 65 Ah,AUTO-00466,GST,28,6398.92,7699.0,2,Tyres & Batteries,8507,8901749075399
Denting & Painting (Per Panel) - Solid Color,AUTO-00467,GST,18,703.35,2462.0,83,Repair Labor & Services,998714,8902683158935
Purolator Genuine Air Filter - Washable Cotton,AUTO-00468,GST,18,304.01,399.0,23,Filters & Consumables,8421,8907371586988
Mahle Genuine Wiper Blade Set - Standard Frame,AUTO-00469,GST,18,451.38,649.0,46,Filters & Consumables,8421,8906228277288
Minda Premium Ignition Coil - Set of 4,AUTO-00470,GST,28,1377.35,1779.0,7,Engine & Transmission Parts,8708,8901961159408
TVS Girling Performance Shock Absorber - Hydraulic,AUTO-00471,GST,28,2258.59,2762.0,4,Brakes & Suspension,8708,8902960443270
Maruti Genuine Timing Belt - Standard,AUTO-00472,GST,28,1069.83,1280.0,9,Engine & Transmission Parts,8708,8905679228777
TRW OEM Wheel Bearing - Rear (with ABS),AUTO-00473,GST,28,1065.08,1331.0,8,Brakes & Suspension,8708,8906365807412
Engine Scanning & Diagnostics - Full System Scan,AUTO-00474,GST,18,281.99,741.0,89,Repair Labor & Services,998714,8908909837801
Wheel Alignment & Balancing - 4 Wheels,AUTO-00475,GST,18,335.78,963.0,100,Repair Labor & Services,998714,8909718956907
Maruti Genuine Alternator - 90 Amp,AUTO-00476,GST,28,4551.8,5595.0,8,Engine & Transmission Parts,8708,8904111824224
LUK Aftermarket Spark Plug Set - Platinum,AUTO-00477,GST,28,541.66,701.0,4,Engine & Transmission Parts,8708,8900046152654
Purolator Heavy Duty Engine Oil Filter - Spin-on,AUTO-00478,GST,18,209.57,297.0,46,Filters & Consumables,8421,8908861405786
Hyundai Mobis Clutch Plate Assembly - Sedan,AUTO-00479,GST,28,3828.96,4414.0,10,Engine & Transmission Parts,8708,8909138249671
Wheel Alignment & Balancing - 4 Wheels,AUTO-00480,GST,18,317.92,875.0,41,Repair Labor & Services,998714,8908687007942
Bosch Standard Ignition Coil - Set of 4,AUTO-00481,GST,28,1526.07,1842.0,7,Engine & Transmission Parts,8708,8903984028914
Tata Genuine Standard Timing Belt - Standard,AUTO-00482,GST,28,1264.36,1494.0,10,Engine & Transmission Parts,8708,8905547435537
Bridgestone Premium Tubeless Tyre (14 inch) - 165/70 R14,AUTO-00483,GST,28,2029.23,2608.0,12,Tyres & Batteries,4011,8902687681180
Denting & Painting (Per Panel) - Solid Color,AUTO-00484,GST,18,1050.39,3219.0,86,Repair Labor & Services,998714,8905620175370
Rane Performance Brake Pad Set - Rear,AUTO-00485,GST,28,882.55,1123.0,12,Brakes & Suspension,8708,8904337504793
Minda Standard Alternator - 90 Amp,AUTO-00486,GST,28,5873.69,7190.0,10,Engine & Transmission Parts,8708,8903999219212
Shell Heavy Duty Transmission Fluid (ATF) - 5 Litre,AUTO-00487,GST,18,1359.01,1773.0,59,Lubricants & Fluids,2710,8908948706056
Mahle Engine Oil Filter - Cartridge,AUTO-00488,GST,18,174.27,253.0,29,Filters & Consumables,8421,8900468750635
Bosch OEM Radiator Assembly - Copper Core,AUTO-00489,GST,28,4817.17,5682.0,7,Engine & Transmission Parts,8708,8904110760954
TVS Girling Performance Suspension Bush Kit - Polyurethane,AUTO-00490,GST,28,817.6,1041.0,10,Brakes & Suspension,8708,8903199717911
Bosch OEM Alternator - 120 Amp,AUTO-00491,GST,28,6740.27,7814.0,9,Engine & Transmission Parts,8708,8900496110804
K&N Heavy Duty Engine Oil Filter - Cartridge,AUTO-00492,GST,18,212.69,310.0,54,Filters & Consumables,8421,8900767699150
Elofic OEM Cabin/AC Filter - Standard,AUTO-00493,GST,18,221.28,314.0,19,Filters & Consumables,8421,8909392845679
Bosch Premium Air Filter - Paper,AUTO-00494,GST,18,289.94,395.0,42,Filters & Consumables,8421,8908549822749
Servo Aftermarket Brake Fluid DOT 4 - 250ml,AUTO-00495,GST,18,153.42,215.0,50,Lubricants & Fluids,2710,8900653331537
Brake Overhaul Labor - All 4 Wheels,AUTO-00496,GST,18,707.05,2368.0,52,Repair Labor & Services,998714,8909465217073
Minda Heavy Duty Radiator Assembly - Copper Core,AUTO-00497,GST,28,3419.33,4309.0,7,Engine & Transmission Parts,8708,8906362050150
CEAT Tubeless Tyre (15 inch) - 185/60 R15,AUTO-00498,GST,28,4230.3,5444.0,7,Tyres & Batteries,4011,8900033423425
CEAT Premium Tubeless Tyre (15 inch) - 195/60 R15,AUTO-00499,GST,28,4586.52,5901.0,2,Tyres & Batteries,4011,8902615347355
Engine Scanning & Diagnostics - Full System Scan,AUTO-00500,GST,18,153.5,587.0,26,Repair Labor & Services,998714,8903386559630
Apollo Aftermarket Tubeless Tyre (15 inch) - 185/60 R15,AUTO-00501,GST,28,3707.75,4614.0,6,Tyres & Batteries,4011,8902897317912
Bosch Car Battery (DIN65) - SUV Specs,AUTO-00502,GST,28,9614.67,11521.0,7,Tyres & Batteries,8507,8908777496903
Brembo Genuine Suspension Bush Kit - Polyurethane,AUTO-00503,GST,28,664.06,806.0,8,Brakes & Suspension,8708,8909254812147
Bridgestone Tubeless Tyre (15 inch) - 195/60 R15,AUTO-00504,GST,28,4466.54,5422.0,9,Tyres & Batteries,4011,8906657546027
Bosch Performance Wheel Bearing - Front,AUTO-00505,GST,28,1156.44,1381.0,10,Brakes & Suspension,8708,8908814311150
Apollo Performance Tubeless Tyre (16 inch) - 215/60 R16,AUTO-00506,GST,28,8061.56,10257.0,12,Tyres & Batteries,4011,8904392840445
K&N Wiper Blade Set - Frameless,AUTO-00507,GST,18,381.88,572.0,24,Filters & Consumables,8421,8906333738987
AC Gas Top-Up & Service - Standard,AUTO-00508,GST,18,587.3,1846.0,99,Repair Labor & Services,998714,8906377805292
Castrol Performance Coolant (Pre-mixed) - 3 Litre,AUTO-00509,GST,18,308.99,428.0,40,Lubricants & Fluids,2710,8908459090225
Exide Genuine Car Battery (DIN55) - Heavy Duty,AUTO-00510,GST,28,6056.63,7023.0,8,Tyres & Batteries,8507,8903715974121
Wheel Alignment & Balancing - 4 Wheels,AUTO-00511,GST,18,246.56,690.0,59,Repair Labor & Services,998714,8904334817058
LUK Genuine Fuel Injector - Petrol,AUTO-00512,GST,28,2525.26,2946.0,10,Engine & Transmission Parts,8708,8906716323467
Gabriel Heavy Duty Tie Rod End - Right,AUTO-00513,GST,28,515.68,646.0,6,Brakes & Suspension,8708,8903027169385
Bosch Premium Car Battery (DIN44) - Maintenance Free,AUTO-00514,GST,28,3000.93,3742.0,9,Tyres & Batteries,8507,8905469263296
K&N Genuine Air Filter - Paper,AUTO-00515,GST,18,400.39,524.0,25,Filters & Consumables,8421,8904841376815
Valeo Fuel Injector - Petrol,AUTO-00516,GST,28,2503.59,2957.0,2,Engine & Transmission Parts,8708,8907017656360
Mahindra Genuine Performance Timing Belt - Standard,AUTO-00517,GST,28,1133.12,1382.0,9,Engine & Transmission Parts,8708,8901183727422
Valeo OEM Water Pump - Aftermarket,AUTO-00518,GST,28,2255.45,2726.0,3,Engine & Transmission Parts,8708,8900427523083
Wix Genuine Engine Oil Filter - Spin-on,AUTO-00519,GST,18,208.81,290.0,53,Filters & Consumables,8421,8900063353310
Purolator Heavy Duty Engine Oil Filter - Cartridge,AUTO-00520,GST,18,220.17,289.0,21,Filters & Consumables,8421,8902206815583
Exide Genuine Car Battery (DIN55) - Heavy Duty,AUTO-00521,GST,28,4503.03,5250.0,7,Tyres & Batteries,8507,8902065063731
Denting & Painting (Per Panel) - Metallic/Pearl Color,AUTO-00522,GST,18,778.33,2201.0,48,Repair Labor & Services,998714,8909718924195
Brake Overhaul Labor - All 4 Wheels,AUTO-00523,GST,18,555.74,1919.0,98,Repair Labor & Services,998714,8905715099768
Wheel Alignment & Balancing - 4 Wheels,AUTO-00524,GST,18,189.09,688.0,25,Repair Labor & Services,998714,8904363910257
Shell Heavy Duty Semi-Synthetic Engine Oil - 15W-40 (4L),AUTO-00525,GST,18,1521.21,2050.0,53,Lubricants & Fluids,2710,8907524508640
TRW Performance Wheel Bearing - Rear (with ABS),AUTO-00526,GST,28,857.1,1055.0,12,Brakes & Suspension,8708,8903396852701
Purolator Aftermarket Air Filter - Paper,AUTO-00527,GST,18,432.42,573.0,26,Filters & Consumables,8421,8909833816742
Wheel Alignment & Balancing - 5 Wheels,AUTO-00528,GST,18,303.93,898.0,83,Repair Labor & Services,998714,8907347156627
K&N Aftermarket Wiper Blade Set - Standard Frame,AUTO-00529,GST,18,417.49,609.0,16,Filters & Consumables,8421,8906614982824
K&N Standard Cabin/AC Filter - Active Carbon,AUTO-00530,GST,18,251.2,357.0,19,Filters & Consumables,8421,8905273230085
K&N Performance Fuel Filter - Diesel Cartridge,AUTO-00531,GST,18,488.41,665.0,52,Filters & Consumables,8421,8901601692364
Engine Scanning & Diagnostics - Full System Scan,AUTO-00532,GST,18,217.47,756.0,64,Repair Labor & Services,998714,8903370502497
AC Gas Top-Up & Service - Standard,AUTO-00533,GST,18,350.89,1283.0,92,Repair Labor & Services,998714,8906691836264
Engine Scanning & Diagnostics - Full System Scan,AUTO-00534,GST,18,211.37,767.0,21,Repair Labor & Services,998714,8901952436402
Purolator Genuine Engine Oil Filter - Spin-on,AUTO-00535,GST,18,190.09,272.0,42,Filters & Consumables,8421,8902252237281
Elofic Heavy Duty Air Filter - Paper,AUTO-00536,GST,18,294.79,394.0,27,Filters & Consumables,8421,8904679121416
Mahindra Genuine Premium Timing Belt - Heavy Duty,AUTO-00537,GST,28,1093.57,1336.0,12,Engine & Transmission Parts,8708,8901004090138
Tata Genuine Spark Plug Set - Platinum,AUTO-00538,GST,28,767.34,952.0,7,Engine & Transmission Parts,8708,8905553566905
Motul Genuine Fully Synthetic Engine Oil - 5W-40 (4L),AUTO-00539,GST,18,4076.22,6023.0,23,Lubricants & Fluids,2710,8900918435797
Bosch Premium Car Battery (DIN65) - 65 Ah,AUTO-00540,GST,28,6848.06,8710.0,2,Tyres & Batteries,8507,8905057397691
Valvoline Genuine Coolant (Pre-mixed) - 1 Litre,AUTO-00541,GST,18,230.77,309.0,24,Lubricants & Fluids,2710,8908980271487
Monroe Heavy Duty Brake Pad Set - Rear,AUTO-00542,GST,28,979.1,1151.0,12,Brakes & Suspension,8708,8901160256434
Denting & Painting (Per Panel) - Solid Color,AUTO-00543,GST,18,916.73,3163.0,72,Repair Labor & Services,998714,8901539915668
Bosch OEM Air Filter - Washable Cotton,AUTO-00544,GST,18,333.52,441.0,36,Filters & Consumables,8421,8909319525690
Castrol Genuine Transmission Fluid (ATF) - 1 Litre,AUTO-00545,GST,18,596.07,813.0,38,Lubricants & Fluids,2710,8902899316087
Mobil 1 Heavy Duty Power Steering Fluid - 1 Litre,AUTO-00546,GST,18,216.37,301.0,53,Lubricants & Fluids,2710,8904209548149
Wix Standard Air Filter - Washable Cotton,AUTO-00547,GST,18,381.72,525.0,36,Filters & Consumables,8421,8902330276420
Apollo Tubeless Tyre (16 inch) - 205/55 R16,AUTO-00548,GST,28,10247.72,12386.0,10,Tyres & Batteries,4011,8904438612590
Brake Overhaul Labor - All 4 Wheels,AUTO-00549,GST,18,673.76,2131.0,71,Repair Labor & Services,998714,8904233305912
K&N OEM Air Filter - Paper,AUTO-00550,GST,18,326.22,455.0,18,Filters & Consumables,8421,8901859626301
Monroe Aftermarket Suspension Bush Kit - Rubber,AUTO-00551,GST,28,805.77,972.0,12,Brakes & Suspension,8708,8901764750111
Hyundai Mobis Radiator Assembly - Aluminium,AUTO-00552,GST,28,3470.43,4379.0,11,Engine & Transmission Parts,8708,8902676492151
Wheel Alignment & Balancing - 5 Wheels,AUTO-00553,GST,18,220.6,822.0,77,Repair Labor & Services,998714,8907189813129
General Periodic Service - SUV,AUTO-00554,GST,18,1803.27,4841.0,26,Repair Labor & Services,998714,8909321840118
Gulf Genuine Transmission Fluid (ATF) - 1 Litre,AUTO-00555,GST,18,567.88,813.0,30,Lubricants & Fluids,2710,8904084872975
Bosch OEM Car Battery (DIN55) - 55 Ah,AUTO-00556,GST,28,5654.69,6704.0,5,Tyres & Batteries,8507,8902432983954
Rane OEM Tie Rod End - Right,AUTO-00557,GST,28,553.36,658.0,12,Brakes & Suspension,8708,8902671462831
AC Gas Top-Up & Service - Standard,AUTO-00558,GST,18,476.72,1655.0,75,Repair Labor & Services,998714,8909262566093
Mahindra Genuine Genuine Timing Belt - Standard,AUTO-00559,GST,28,847.49,1056.0,7,Engine & Transmission Parts,8708,8905423401636
Valeo Water Pump - Aftermarket,AUTO-00560,GST,28,1856.39,2232.0,11,Engine & Transmission Parts,8708,8904849102562
Valvoline Standard Coolant (Pre-mixed) - 1 Litre,AUTO-00561,GST,18,191.77,269.0,24,Lubricants & Fluids,2710,8902269405396
Wheel Alignment & Balancing - 5 Wheels,AUTO-00562,GST,18,297.23,967.0,45,Repair Labor & Services,998714,8906834146511
Minda Premium Timing Belt - Standard,AUTO-00563,GST,28,893.64,1066.0,9,Engine & Transmission Parts,8708,8900682778816
Minda Genuine Clutch Plate Assembly - SUV,AUTO-00564,GST,28,5173.27,6531.0,5,Engine & Transmission Parts,8708,8908909728321
Mobil 1 Premium Transmission Fluid (ATF) - 5 Litre,AUTO-00565,GST,18,1088.81,1498.0,38,Lubricants & Fluids,2710,8901538144744
TVS Girling Heavy Duty Wheel Bearing - Rear (with ABS),AUTO-00566,GST,28,1079.6,1392.0,12,Brakes & Suspension,8708,8908079705097
Servo Premium Brake Fluid DOT 4 - 250ml,AUTO-00567,GST,18,170.99,247.0,40,Lubricants & Fluids,2710,8905016731882
Purolator Aftermarket Fuel Filter - Petrol In-line,AUTO-00568,GST,18,576.28,778.0,45,Filters & Consumables,8421,8906545628417
Wheel Alignment & Balancing - 4 Wheels,AUTO-00569,GST,18,378.28,949.0,100,Repair Labor & Services,998714,8903134026650
Rane Standard Brake Rotor/Disc - Solid,AUTO-00570,GST,28,1625.03,1988.0,9,Brakes & Suspension,8708,8902568621102
Bosch Heavy Duty Tie Rod End - Left,AUTO-00571,GST,28,411.15,524.0,8,Brakes & Suspension,8708,8909067447163
Amaron Heavy Duty Car Battery (DIN65) - 65 Ah,AUTO-00572,GST,28,6350.3,8126.0,5,Tyres & Batteries,8507,8906371892392
TVS Girling Premium Brake Rotor/Disc - Solid,AUTO-00573,GST,28,1816.21,2141.0,4,Brakes & Suspension,8708,8906093106684
Wheel Alignment & Balancing - 4 Wheels,AUTO-00574,GST,18,321.37,833.0,64,Repair Labor & Services,998714,8900414545635
LUK Premium Clutch Plate Assembly - Hatchback,AUTO-00575,GST,28,2345.93,2811.0,6,Engine & Transmission Parts,8708,8907491624755
Motul Aftermarket Fully Synthetic Engine Oil - 5W-30 (3.5L),AUTO-00576,GST,18,3531.83,5115.0,38,Lubricants & Fluids,2710,8909895343961
LUK Heavy Duty Timing Belt - Standard,AUTO-00577,GST,28,923.68,1124.0,3,Engine & Transmission Parts,8708,8901895473820
Brembo Performance Suspension Bush Kit - Rubber,AUTO-00578,GST,28,874.91,1065.0,3,Brakes & Suspension,8708,8906176880294
AC Gas Top-Up & Service - Standard,AUTO-00579,GST,18,511.48,1811.0,60,Repair Labor & Services,998714,8907881278686
Elofic Aftermarket Cabin/AC Filter - Standard,AUTO-00580,GST,18,210.69,298.0,52,Filters & Consumables,8421,8900878844344
Bridgestone Premium Tubeless Tyre (15 inch) - 195/60 R15,AUTO-00581,GST,28,3975.38,4595.0,4,Tyres & Batteries,4011,8904240338105
AC Gas Top-Up & Service - Deep Clean,AUTO-00582,GST,18,500.26,1914.0,43,Repair Labor & Services,998714,8902694500534
Bosch OEM Brake Pad Set - Ceramic,AUTO-00583,GST,28,1125.1,1410.0,12,Brakes & Suspension,8708,8904983735439
Wheel Alignment & Balancing - 5 Wheels,AUTO-00584,GST,18,299.28,943.0,28,Repair Labor & Services,998714,8907172722397
Denting & Painting (Per Panel) - Metallic/Pearl Color,AUTO-00585,GST,18,646.31,2474.0,60,Repair Labor & Services,998714,8909312163761
Wheel Alignment & Balancing - 4 Wheels,AUTO-00586,GST,18,322.39,816.0,11,Repair Labor & Services,998714,8900231429001
CEAT Heavy Duty Tubeless Tyre (16 inch) - 215/60 R16,AUTO-00587,GST,28,8982.3,11088.0,9,Tyres & Batteries,4011,8902457230848
Bosch Standard Clutch Plate Assembly - Hatchback,AUTO-00588,GST,28,1711.66,2196.0,8,Engine & Transmission Parts,8708,8902030366254
Rane Suspension Bush Kit - Polyurethane,AUTO-00589,GST,28,674.66,787.0,3,Brakes & Suspension,8708,8904519515109
Brembo Aftermarket Suspension Bush Kit - Rubber,AUTO-00590,GST,28,837.5,982.0,12,Brakes & Suspension,8708,8904945147541
LUK Aftermarket Water Pump - Aftermarket,AUTO-00591,GST,28,2037.83,2564.0,9,Engine & Transmission Parts,8708,8901196421522
Mahle Genuine Cabin/AC Filter - Active Carbon,AUTO-00592,GST,18,249.57,373.0,53,Filters & Consumables,8421,8905236687887
Bridgestone OEM Tubeless Tyre (15 inch) - 185/60 R15,AUTO-00593,GST,28,4575.92,5624.0,5,Tyres & Batteries,4011,8901350305872
Bosch Aftermarket Fuel Injector - Petrol,AUTO-00594,GST,28,2683.46,3144.0,10,Engine & Transmission Parts,8708,8906333021260
AC Gas Top-Up & Service - Standard,AUTO-00595,GST,18,659.6,1722.0,86,Repair Labor & Services,998714,8902025213109
Bosch Aftermarket Air Filter - Washable Cotton,AUTO-00596,GST,18,370.91,534.0,34,Filters & Consumables,8421,8907657041200
Michelin Premium Tubeless Tyre (15 inch) - 195/60 R15,AUTO-00597,GST,28,4695.74,5879.0,9,Tyres & Batteries,4011,8908498436241
Bridgestone Genuine Tubeless Tyre (15 inch) - 195/60 R15,AUTO-00598,GST,28,3475.22,4201.0,10,Tyres & Batteries,4011,8909177566205
Wheel Alignment & Balancing - 5 Wheels,AUTO-00599,GST,18,235.87,718.0,52,Repair Labor & Services,998714,8900342811390
Shell Premium Transmission Fluid (ATF) - 1 Litre,AUTO-00600,GST,18,458.62,604.0,51,Lubricants & Fluids,2710,8909097005140
Servo Performance Coolant (Pre-mixed) - 1 Litre,AUTO-00601,GST,18,258.8,374.0,23,Lubricants & Fluids,2710,8901568182096
Elofic Aftermarket Engine Oil Filter - Cartridge,AUTO-00602,GST,18,165.16,230.0,55,Filters & Consumables,8421,8901332288985
Bosch Performance Cabin/AC Filter - Active Carbon,AUTO-00603,GST,18,266.12,396.0,17,Filters & Consumables,8421,8906339912971
LUK OEM Spark Plug Set - Copper,AUTO-00604,GST,28,705.95,860.0,4,Engine & Transmission Parts,8708,8904214955112
AC Gas Top-Up & Service - Deep Clean,AUTO-00605,GST,18,565.91,1790.0,27,Repair Labor & Services,998714,8901970546692
Mahle Performance Wiper Blade Set - Standard Frame,AUTO-00606,GST,18,321.13,444.0,43,Filters & Consumables,8421,8904090380214
Bosch OEM Wiper Blade Set - Standard Frame,AUTO-00607,GST,18,322.07,475.0,57,Filters & Consumables,8421,8901577871121
K&N Performance Air Filter - Washable Cotton,AUTO-00608,GST,18,289.37,396.0,53,Filters & Consumables,8421,8907371470827
Rane Premium Brake Rotor/Disc - Solid,AUTO-00609,GST,28,2249.37,2848.0,2,Brakes & Suspension,8708,8905673030644
General Periodic Service - Hatchback,AUTO-00610,GST,18,649.36,1703.0,67,Repair Labor & Services,998714,8906834201654
Brembo Shock Absorber - Hydraulic,AUTO-00611,GST,28,2376.88,2979.0,4,Brakes & Suspension,8708,8906596089319
CEAT Premium Tubeless Tyre (16 inch) - 205/55 R16,AUTO-00612,GST,28,10104.86,13036.0,9,Tyres & Batteries,4011,8905164807279
Bosch Genuine Radiator Assembly - Aluminium,AUTO-00613,GST,28,4134.56,5235.0,11,Engine & Transmission Parts,8708,8906353390550
Servo Transmission Fluid (ATF) - 1 Litre,AUTO-00614,GST,18,516.82,719.0,41,Lubricants & Fluids,2710,8905586851276
Mobil 1 Genuine Transmission Fluid (ATF) - 1 Litre,AUTO-00615,GST,18,438.39,644.0,59,Lubricants & Fluids,2710,8906491111096
Hyundai Mobis Timing Belt - Heavy Duty,AUTO-00616,GST,28,1080.8,1381.0,5,Engine & Transmission Parts,8708,8903786137157
Wix Performance Fuel Filter - Petrol In-line,AUTO-00617,GST,18,557.26,781.0,32,Filters & Consumables,8421,8904463060002
Gulf Genuine Brake Fluid DOT 4 - 250ml,AUTO-00618,GST,18,157.22,235.0,27,Lubricants & Fluids,2710,8909609626265
Bosch OEM Car Battery (DIN44) - 44 Ah,AUTO-00619,GST,28,4148.04,5084.0,12,Tyres & Batteries,8507,8909648253110
Purolator Premium Wiper Blade Set - Frameless,AUTO-00620,GST,18,400.36,564.0,20,Filters & Consumables,8421,8909602752334
Gabriel Standard Brake Rotor/Disc - Solid,AUTO-00621,GST,28,2117.95,2523.0,4,Brakes & Suspension,8708,8900911791124
Mobil 1 Fully Synthetic Engine Oil - 5W-30 (3.5L),AUTO-00622,GST,18,4248.1,6298.0,28,Lubricants & Fluids,2710,8906170617136
Mahle Aftermarket Fuel Filter - Petrol In-line,AUTO-00623,GST,18,432.22,640.0,57,Filters & Consumables,8421,8909901557998
LUK Heavy Duty Spark Plug Set - Iridium,AUTO-00624,GST,28,729.85,898.0,10,Engine & Transmission Parts,8708,8908235130523
LUK Spark Plug Set - Platinum,AUTO-00625,GST,28,646.16,752.0,10,Engine & Transmission Parts,8708,8904776863423
AC Gas Top-Up & Service - Deep Clean,AUTO-00626,GST,18,457.3,1669.0,49,Repair Labor & Services,998714,8902376769459
Tata Genuine Performance Alternator - 90 Amp,AUTO-00627,GST,28,5316.87,6619.0,3,Engine & Transmission Parts,8708,8907208496498
Valvoline Aftermarket Fully Synthetic Engine Oil - 5W-30 (3.5L),AUTO-00628,GST,18,4485.25,6216.0,26,Lubricants & Fluids,2710,8905313552510
Castrol Heavy Duty Gear Oil - 75W-90 (1L),AUTO-00629,GST,18,435.9,636.0,29,Lubricants & Fluids,2710,8908164938318
Motul Genuine Transmission Fluid (ATF) - 5 Litre,AUTO-00630,GST,18,1048.37,1430.0,27,Lubricants & Fluids,2710,8900770461172
Bosch Heavy Duty Car Battery (DIN55) - Heavy Duty,AUTO-00631,GST,28,4101.76,4728.0,11,Tyres & Batteries,8507,8900742608805
General Periodic Service - Sedan,AUTO-00632,GST,18,979.63,3059.0,48,Repair Labor & Services,998714,8904556185790
Mahle OEM Fuel Filter - Diesel Cartridge,AUTO-00633,GST,18,537.13,799.0,21,Filters & Consumables,8421,8900300215632
Minda Premium Fuel Injector - Diesel,AUTO-00634,GST,28,2440.56,3094.0,3,Engine & Transmission Parts,8708,8900414596422
CEAT Performance Tubeless Tyre (14 inch) - 165/70 R14,AUTO-00635,GST,28,2270.16,2913.0,8,Tyres & Batteries,4011,8907188397745
Wheel Alignment & Balancing - 4 Wheels,AUTO-00636,GST,18,268.01,956.0,55,Repair Labor & Services,998714,8908331170303
K&N OEM Air Filter - Washable Cotton,AUTO-00637,GST,18,308.31,451.0,48,Filters & Consumables,8421,8908547281235
K&N Genuine Wiper Blade Set - Frameless,AUTO-00638,GST,18,344.51,467.0,25,Filters & Consumables,8421,8904912711307
Bosch Brake Pad Set - Rear,AUTO-00639,GST,28,1036.18,1210.0,10,Brakes & Suspension,8708,8901563268685
Hyundai Mobis Spark Plug Set - Platinum,AUTO-00640,GST,28,578.11,698.0,8,Engine & Transmission Parts,8708,8903436294897
MRF Heavy Duty Tubeless Tyre (14 inch) - 165/70 R14,AUTO-00641,GST,28,2007.82,2325.0,2,Tyres & Batteries,4011,8909431814396
K&N Standard Engine Oil Filter - Spin-on,AUTO-00642,GST,18,200.87,268.0,28,Filters & Consumables,8421,8905494012897
Clutch Replacement Labor - Manual,AUTO-00643,GST,18,1332.86,3471.0,33,Repair Labor & Services,998714,8905720765024
LUK Performance Clutch Plate Assembly - SUV,AUTO-00644,GST,28,5820.73,7203.0,9,Engine & Transmission Parts,8708,8903710094388
TRW OEM Brake Rotor/Disc - Vented,AUTO-00645,GST,28,1723.22,2172.0,9,Brakes & Suspension,8708,8907584745705
Gulf OEM Transmission Fluid (ATF) - 5 Litre,AUTO-00646,GST,18,996.54,1399.0,55,Lubricants & Fluids,2710,8900263257039
Brake Overhaul Labor - Rear Axle,AUTO-00647,GST,18,509.54,1422.0,58,Repair Labor & Services,998714,8901487824556
MRF Heavy Duty Tubeless Tyre (16 inch) - 205/55 R16,AUTO-00648,GST,28,9202.76,11552.0,11,Tyres & Batteries,4011,8901679541072
Wix Aftermarket Air Filter - Washable Cotton,AUTO-00649,GST,18,327.04,444.0,33,Filters & Consumables,8421,8900703491074
Tata Genuine Premium Fuel Injector - Diesel,AUTO-00650,GST,28,2562.92,3082.0,6,Engine & Transmission Parts,8708,8908821423691
Shell Performance Fully Synthetic Engine Oil - 5W-40 (4L),AUTO-00651,GST,18,3430.38,4925.0,39,Lubricants & Fluids,2710,8906614494296
Clutch Replacement Labor - Manual,AUTO-00652,GST,18,1078.26,3369.0,35,Repair Labor & Services,998714,8904414978266
LUK Performance Ignition Coil - Set of 4,AUTO-00653,GST,28,1310.38,1591.0,8,Engine & Transmission Parts,8708,8906708061294
Gabriel Aftermarket Tie Rod End - Right,AUTO-00654,GST,28,527.63,678.0,6,Brakes & Suspension,8708,8900626078701
Mahindra Genuine OEM Timing Belt - Heavy Duty,AUTO-00655,GST,28,1185.6,1464.0,7,Engine & Transmission Parts,8708,8900198038287
Brembo Standard Wheel Bearing - Front,AUTO-00656,GST,28,990.56,1246.0,2,Brakes & Suspension,8708,8907931102918
Minda Radiator Assembly - Aluminium,AUTO-00657,GST,28,3161.02,3875.0,8,Engine & Transmission Parts,8708,8900146723849
Clutch Replacement Labor - Manual,AUTO-00658,GST,18,1265.55,3205.0,28,Repair Labor & Services,998714,8903288377441
Michelin Genuine Tubeless Tyre (16 inch) - 205/55 R16,AUTO-00659,GST,28,10380.75,12105.0,8,Tyres & Batteries,4011,8906204719609
Castrol Premium Gear Oil - 75W-90 (1L),AUTO-00660,GST,18,550.71,755.0,23,Lubricants & Fluids,2710,8907740258835
Brake Overhaul Labor - All 4 Wheels,AUTO-00661,GST,18,653.81,1783.0,93,Repair Labor & Services,998714,8909572446176
Elofic Aftermarket Air Filter - Washable Cotton,AUTO-00662,GST,18,369.59,524.0,52,Filters & Consumables,8421,8905996100231
Brake Overhaul Labor - All 4 Wheels,AUTO-00663,GST,18,671.51,1912.0,40,Repair Labor & Services,998714,8901266109410
Brake Overhaul Labor - Rear Axle,AUTO-00664,GST,18,509.43,1519.0,99,Repair Labor & Services,998714,8907629833477
Wheel Alignment & Balancing - 4 Wheels,AUTO-00665,GST,18,253.89,836.0,34,Repair Labor & Services,998714,8901901302056
Bridgestone Aftermarket Tubeless Tyre (14 inch) - 185/65 R14,AUTO-00666,GST,28,2062.97,2630.0,11,Tyres & Batteries,4011,8907855982176
Clutch Replacement Labor - Manual,AUTO-00667,GST,18,969.21,3175.0,22,Repair Labor & Services,998714,8901730985034
Valvoline OEM Gear Oil - 75W-90 (1L),AUTO-00668,GST,18,560.24,746.0,33,Lubricants & Fluids,2710,8901893898469
Valeo Premium Ignition Coil - Set of 4,AUTO-00669,GST,28,1069.06,1297.0,5,Engine & Transmission Parts,8708,8905023850371
Exide Performance Car Battery (DIN65) - 65 Ah,AUTO-00670,GST,28,7007.22,8687.0,11,Tyres & Batteries,8507,8901872401078
Rane Shock Absorber - Hydraulic,AUTO-00671,GST,28,2162.08,2762.0,5,Brakes & Suspension,8708,8900003896087
Tata Genuine Genuine Alternator - 90 Amp,AUTO-00672,GST,28,6147.2,7576.0,3,Engine & Transmission Parts,8708,8907195535603
TVS Girling Heavy Duty Tie Rod End - Left,AUTO-00673,GST,28,492.52,622.0,10,Brakes & Suspension,8708,8909003010272
Castrol Heavy Duty Brake Fluid DOT 4 - 500ml,AUTO-00674,GST,18,343.15,455.0,40,Lubricants & Fluids,2710,8907111483753
Wix Standard Cabin/AC Filter - Active Carbon,AUTO-00675,GST,18,321.76,434.0,32,Filters & Consumables,8421,8905881056974
Minda Standard Water Pump - OEM Specs,AUTO-00676,GST,28,2505.05,2960.0,7,Engine & Transmission Parts,8708,8902037710704
Valvoline Premium Brake Fluid DOT 4 - 250ml,AUTO-00677,GST,18,168.08,239.0,46,Lubricants & Fluids,2710,8900667033626
Bosch Premium Car Battery (DIN65) - SUV Specs,AUTO-00678,GST,28,10060.56,12984.0,11,Tyres & Batteries,8507,8905493059660
Tata Genuine Spark Plug Set - Copper,AUTO-00679,GST,28,662.22,833.0,10,Engine & Transmission Parts,8708,8904267320441
TRW Performance Tie Rod End - Right,AUTO-00680,GST,28,574.5,664.0,6,Brakes & Suspension,8708,8905449014954
Monroe Suspension Bush Kit - Polyurethane,AUTO-00681,GST,28,628.27,726.0,7,Brakes & Suspension,8708,8907836091498
Motul Standard Coolant (Pre-mixed) - 1 Litre,AUTO-00682,GST,18,277.44,376.0,46,Lubricants & Fluids,2710,8902322903102
Clutch Replacement Labor - Automatic,AUTO-00683,GST,18,850.38,3041.0,17,Repair Labor & Services,998714,8904405809351
Hyundai Mobis Timing Belt - Standard,AUTO-00684,GST,28,914.57,1130.0,12,Engine & Transmission Parts,8708,8906164205955
Wix Standard Cabin/AC Filter - Active Carbon,AUTO-00685,GST,18,296.53,395.0,17,Filters & Consumables,8421,8904290193588
Bridgestone Genuine Tubeless Tyre (16 inch) - 215/60 R16,AUTO-00686,GST,28,7143.32,8993.0,8,Tyres & Batteries,4011,8901139898681
Apollo Tubeless Tyre (14 inch) - 185/65 R14,AUTO-00687,GST,28,1865.3,2379.0,6,Tyres & Batteries,4011,8903535375137
AC Gas Top-Up & Service - Standard,AUTO-00688,GST,18,632.2,1653.0,56,Repair Labor & Services,998714,8907937639283
Wix Standard Wiper Blade Set - Frameless,AUTO-00689,GST,18,441.42,604.0,22,Filters & Consumables,8421,8901668297327
LUK Standard Timing Belt - Heavy Duty,AUTO-00690,GST,28,1140.28,1433.0,9,Engine & Transmission Parts,8708,8901206021288
K&N Genuine Cabin/AC Filter - Standard,AUTO-00691,GST,18,301.86,407.0,33,Filters & Consumables,8421,8901559991015
K&N Standard Fuel Filter - Diesel Cartridge,AUTO-00692,GST,18,537.49,774.0,26,Filters & Consumables,8421,8909812099576
Liqui Moly OEM Semi-Synthetic Engine Oil - 15W-40 (4L),AUTO-00693,GST,18,1228.32,1718.0,18,Lubricants & Fluids,2710,8909889864565
Brembo Heavy Duty Brake Pad Set - Ceramic,AUTO-00694,GST,28,1050.57,1252.0,11,Brakes & Suspension,8708,8905154214477
Brembo OEM Shock Absorber - Hydraulic,AUTO-00695,GST,28,2836.08,3545.0,4,Brakes & Suspension,8708,8901388209088
TVS Girling Performance Suspension Bush Kit - Polyurethane,AUTO-00696,GST,28,619.54,800.0,11,Brakes & Suspension,8708,8906782741176
Mahle Standard Engine Oil Filter - Spin-on,AUTO-00697,GST,18,222.93,295.0,37,Filters & Consumables,8421,8901315285478
Denting & Painting (Per Panel) - Metallic/Pearl Color,AUTO-00698,GST,18,670.25,2613.0,76,Repair Labor & Services,998714,8905380032963
AC Gas Top-Up & Service - Deep Clean,AUTO-00699,GST,18,576.12,1602.0,73,Repair Labor & Services,998714,8904231830617
Michelin Premium Tubeless Tyre (15 inch) - 195/60 R15,AUTO-00700,GST,28,4481.46,5566.0,12,Tyres & Batteries,4011,8909357824347
Wix Fuel Filter - Diesel Cartridge,AUTO-00701,GST,18,475.52,639.0,33,Filters & Consumables,8421,8906753612751
Valvoline Gear Oil - 80W-90 (1L),AUTO-00702,GST,18,500.41,737.0,53,Lubricants & Fluids,2710,8906304483608
Servo Genuine Gear Oil - 75W-90 (1L),AUTO-00703,GST,18,443.68,616.0,40,Lubricants & Fluids,2710,8904047350476
Gabriel OEM Brake Rotor/Disc - Vented,AUTO-00704,GST,28,2260.88,2808.0,7,Brakes & Suspension,8708,8902980061558
Bosch Heavy Duty Radiator Assembly - Copper Core,AUTO-00705,GST,28,4562.12,5820.0,8,Engine & Transmission Parts,8708,8903425563830
Bosch Timing Belt - Heavy Duty,AUTO-00706,GST,28,874.66,1043.0,2,Engine & Transmission Parts,8708,8903304166241
Valeo Premium Alternator - 90 Amp,AUTO-00707,GST,28,6251.35,7697.0,4,Engine & Transmission Parts,8708,8901963945680
Servo OEM Coolant (Pre-mixed) - 1 Litre,AUTO-00708,GST,18,213.11,305.0,45,Lubricants & Fluids,2710,8906461368474
Engine Scanning & Diagnostics - OBD2 Scan,AUTO-00709,GST,18,171.93,558.0,60,Repair Labor & Services,998714,8905817390637
Liqui Moly Standard Transmission Fluid (ATF) - 1 Litre,AUTO-00710,GST,18,430.94,630.0,20,Lubricants & Fluids,2710,8901823793126
Amaron Premium Car Battery (DIN44) - 44 Ah,AUTO-00711,GST,28,3380.91,4046.0,7,Tyres & Batteries,8507,8902059960438
Elofic Heavy Duty Fuel Filter - Diesel Cartridge,AUTO-00712,GST,18,448.75,647.0,47,Filters & Consumables,8421,8908116162028
Wheel Alignment & Balancing - 4 Wheels,AUTO-00713,GST,18,371.84,993.0,64,Repair Labor & Services,998714,8907287286604
Tata Genuine Standard Spark Plug Set - Copper,AUTO-00714,GST,28,698.72,868.0,7,Engine & Transmission Parts,8708,8909224839589
Liqui Moly Performance Coolant (Pre-mixed) - 1 Litre,AUTO-00715,GST,18,276.31,399.0,23,Lubricants & Fluids,2710,8902870562271
Mahindra Genuine OEM Radiator Assembly - Aluminium,AUTO-00716,GST,28,4096.18,4914.0,2,Engine & Transmission Parts,8708,8909792158350
Bosch Standard Shock Absorber - Hydraulic,AUTO-00717,GST,28,2247.34,2843.0,6,Brakes & Suspension,8708,8908831921342
Motul Performance Semi-Synthetic Engine Oil - 15W-40 (4L),AUTO-00718,GST,18,1357.2,1996.0,53,Lubricants & Fluids,2710,8904973203319
Brembo Premium Brake Rotor/Disc - Solid,AUTO-00719,GST,28,1705.09,2190.0,2,Brakes & Suspension,8708,8902876754813
Amaron Car Battery (DIN44) - Maintenance Free,AUTO-00720,GST,28,3385.99,4159.0,10,Tyres & Batteries,8507,8901932426877
Denting & Painting (Per Panel) - Solid Color,AUTO-00721,GST,18,1033.24,2859.0,56,Repair Labor & Services,998714,8907563983652
Wheel Alignment & Balancing - 5 Wheels,AUTO-00722,GST,18,346.43,869.0,49,Repair Labor & Services,998714,8905154809404
Brake Overhaul Labor - Front Axle,AUTO-00723,GST,18,451.69,1168.0,83,Repair Labor & Services,998714,8900797727810
Castrol Aftermarket Transmission Fluid (ATF) - 1 Litre,AUTO-00724,GST,18,589.6,782.0,41,Lubricants & Fluids,2710,8901070518439
AC Gas Top-Up & Service - Deep Clean,AUTO-00725,GST,18,557.94,1886.0,56,Repair Labor & Services,998714,8908066013824
LUK Standard Ignition Coil - Single Pack,AUTO-00726,GST,28,1345.24,1686.0,8,Engine & Transmission Parts,8708,8902044851579
Engine Scanning & Diagnostics - Full System Scan,AUTO-00727,GST,18,222.7,587.0,21,Repair Labor & Services,998714,8902590203571
AC Gas Top-Up & Service - Standard,AUTO-00728,GST,18,483.88,1485.0,46,Repair Labor & Services,998714,8902429563343
Bosch Standard Shock Absorber - Hydraulic,AUTO-00729,GST,28,2074.34,2496.0,7,Brakes & Suspension,8708,8905872096289
Rane Standard Suspension Bush Kit - Rubber,AUTO-00730,GST,28,639.07,802.0,10,Brakes & Suspension,8708,8908418343740
LUK Ignition Coil - Single Pack,AUTO-00731,GST,28,1385.75,1671.0,8,Engine & Transmission Parts,8708,8909051502675
Motul Standard Semi-Synthetic Engine Oil - 15W-40 (4L),AUTO-00732,GST,18,1179.26,1662.0,16,Lubricants & Fluids,2710,8907979966734
Engine Scanning & Diagnostics - Full System Scan,AUTO-00733,GST,18,254.55,751.0,39,Repair Labor & Services,998714,8908166496902
CEAT Aftermarket Tubeless Tyre (16 inch) - 215/60 R16,AUTO-00734,GST,28,9418.23,11945.0,2,Tyres & Batteries,4011,8901425762702
Brembo OEM Shock Absorber - Hydraulic,AUTO-00735,GST,28,2043.54,2613.0,8,Brakes & Suspension,8708,8901328507251
Elofic Fuel Filter - Petrol In-line,AUTO-00736,GST,18,510.14,748.0,60,Filters & Consumables,8421,8903162526546
Amaron Performance Car Battery (DIN55) - 55 Ah,AUTO-00737,GST,28,4888.33,6333.0,2,Tyres & Batteries,8507,8903923555809
Exide Heavy Duty Car Battery (DIN44) - 44 Ah,AUTO-00738,GST,28,3903.56,4515.0,6,Tyres & Batteries,8507,8906156262446
General Periodic Service - Sedan,AUTO-00739,GST,18,751.29,2327.0,76,Repair Labor & Services,998714,8901715160252
Amaron Premium Car Battery (DIN44) - Maintenance Free,AUTO-00740,GST,28,3843.17,4806.0,8,Tyres & Batteries,8507,8900464197857
Clutch Replacement Labor - Automatic,AUTO-00741,GST,18,1060.66,4212.0,78,Repair Labor & Services,998714,8906120594389
Brake Overhaul Labor - Front Axle,AUTO-00742,GST,18,436.93,1172.0,72,Repair Labor & Services,998714,8907509546540
Michelin Performance Tubeless Tyre (15 inch) - 185/60 R15,AUTO-00743,GST,28,3435.4,4118.0,12,Tyres & Batteries,4011,8900915086321
Michelin Tubeless Tyre (15 inch) - 195/60 R15,AUTO-00744,GST,28,4999.13,6008.0,9,Tyres & Batteries,4011,8909389701550
Gabriel Genuine Wheel Bearing - Front,AUTO-00745,GST,28,944.54,1189.0,7,Brakes & Suspension,8708,8904660241613
Apollo Premium Tubeless Tyre (16 inch) - 215/60 R16,AUTO-00746,GST,28,9746.41,11523.0,8,Tyres & Batteries,4011,8904248096244
Tata Genuine Genuine Radiator Assembly - Aluminium,AUTO-00747,GST,28,4328.35,5156.0,9,Engine & Transmission Parts,8708,8909513305319
Liqui Moly Performance Transmission Fluid (ATF) - 5 Litre,AUTO-00748,GST,18,1128.93,1575.0,50,Lubricants & Fluids,2710,8900555572773
Michelin Standard Tubeless Tyre (15 inch) - 185/60 R15,AUTO-00749,GST,28,3247.66,4150.0,3,Tyres & Batteries,4011,8907851385445
Wix Aftermarket Fuel Filter - Petrol In-line,AUTO-00750,GST,18,551.24,735.0,37,Filters & Consumables,8421,8909660487368
Monroe OEM Tie Rod End - Left,AUTO-00751,GST,28,522.13,617.0,3,Brakes & Suspension,8708,8909422686536
Apollo OEM Tubeless Tyre (16 inch) - 205/55 R16,AUTO-00752,GST,28,9099.29,11191.0,5,Tyres & Batteries,4011,8906774722640
MRF Aftermarket Tubeless Tyre (16 inch) - 205/55 R16,AUTO-00753,GST,28,8521.07,10634.0,8,Tyres & Batteries,4011,8906309329981
Amaron Premium Car Battery (DIN65) - SUV Specs,AUTO-00754,GST,28,10412.19,12234.0,12,Tyres & Batteries,8507,8907150968832
Mahle Air Filter - Paper,AUTO-00755,GST,18,385.37,572.0,35,Filters & Consumables,8421,8902410397739
Bosch OEM Air Filter - Washable Cotton,AUTO-00756,GST,18,371.36,545.0,25,Filters & Consumables,8421,8903710068761
Mahle Premium Wiper Blade Set - Frameless,AUTO-00757,GST,18,357.54,524.0,18,Filters & Consumables,8421,8904605687611
TRW Aftermarket Shock Absorber - Gas Filled,AUTO-00758,GST,28,2276.37,2842.0,4,Brakes & Suspension,8708,8903734151773
Gulf Performance Brake Fluid DOT 4 - 500ml,AUTO-00759,GST,18,293.07,422.0,51,Lubricants & Fluids,2710,8904902284035
Bosch Standard Car Battery (DIN65) - SUV Specs,AUTO-00760,GST,28,8050.06,10023.0,9,Tyres & Batteries,8507,8907422294643
Minda Premium Spark Plug Set - Iridium,AUTO-00761,GST,28,614.38,773.0,10,Engine & Transmission Parts,8708,8906792529858
Valvoline Aftermarket Power Steering Fluid - 1 Litre,AUTO-00762,GST,18,249.21,348.0,45,Lubricants & Fluids,2710,8906015343324
Amaron Heavy Duty Car Battery (DIN65) - 65 Ah,AUTO-00763,GST,28,5913.82,7306.0,12,Tyres & Batteries,8507,8900833506158
Mahindra Genuine Timing Belt - Standard,AUTO-00764,GST,28,1116.92,1326.0,6,Engine & Transmission Parts,8708,8902337209484
Minda Standard Timing Belt - Standard,AUTO-00765,GST,28,889.25,1053.0,11,Engine & Transmission Parts,8708,8909771805137
Hyundai Mobis Timing Belt - Heavy Duty,AUTO-00766,GST,28,867.24,1074.0,11,Engine & Transmission Parts,8708,8907490961739
Clutch Replacement Labor - Automatic,AUTO-00767,GST,18,1083.98,3372.0,44,Repair Labor & Services,998714,8907258784448
Bosch Shock Absorber - Hydraulic,AUTO-00768,GST,28,1994.47,2520.0,4,Brakes & Suspension,8708,8907058772216
General Periodic Service - Sedan,AUTO-00769,GST,18,859.46,2843.0,33,Repair Labor & Services,998714,8903133484587
Mahindra Genuine Performance Radiator Assembly - Aluminium,AUTO-00770,GST,28,3274.41,4142.0,4,Engine & Transmission Parts,8708,8902925879643
Liqui Moly Performance Power Steering Fluid - 1 Litre,AUTO-00771,GST,18,187.31,256.0,37,Lubricants & Fluids,2710,8905746966060
Mahle Standard Air Filter - Washable Cotton,AUTO-00772,GST,18,267.89,386.0,28,Filters & Consumables,8421,8904450566588
Clutch Replacement Labor - Manual,AUTO-00773,GST,18,1625.41,4324.0,41,Repair Labor & Services,998714,8902579706734
Exide OEM Car Battery (DIN44) - 44 Ah,AUTO-00774,GST,28,4011.22,4779.0,7,Tyres & Batteries,8507,8907417215622
Amaron OEM Car Battery (DIN55) - 55 Ah,AUTO-00775,GST,28,4273.77,5282.0,12,Tyres & Batteries,8507,8904884021557
Wheel Alignment & Balancing - 5 Wheels,AUTO-00776,GST,18,250.39,762.0,35,Repair Labor & Services,998714,8904490216667
Bosch Genuine Fuel Injector - Diesel,AUTO-00777,GST,28,3210.28,4154.0,7,Engine & Transmission Parts,8708,8908749511918
LUK Heavy Duty Timing Belt - Heavy Duty,AUTO-00778,GST,28,1127.21,1426.0,8,Engine & Transmission Parts,8708,8904772512957
Amaron Premium Car Battery (DIN65) - SUV Specs,AUTO-00779,GST,28,10480.01,12062.0,8,Tyres & Batteries,8507,8900035624395
Bosch Performance Car Battery (DIN65) - 65 Ah,AUTO-00780,GST,28,7190.78,8434.0,4,Tyres & Batteries,8507,8903421089028
Motul Heavy Duty Brake Fluid DOT 4 - 500ml,AUTO-00781,GST,18,299.18,401.0,25,Lubricants & Fluids,2710,8906433502716
Hyundai Mobis Radiator Assembly - Copper Core,AUTO-00782,GST,28,3909.49,4730.0,5,Engine & Transmission Parts,8708,8906911289812
TVS Girling Performance Suspension Bush Kit - Rubber,AUTO-00783,GST,28,745.63,881.0,3,Brakes & Suspension,8708,8908574817006
K&N Performance Engine Oil Filter - Cartridge,AUTO-00784,GST,18,217.41,319.0,42,Filters & Consumables,8421,8904316704502
Brembo Aftermarket Tie Rod End - Left,AUTO-00785,GST,28,555.07,650.0,9,Brakes & Suspension,8708,8900093459626
Brembo Aftermarket Tie Rod End - Left,AUTO-00786,GST,28,472.55,609.0,4,Brakes & Suspension,8708,8900734654950
Maruti Genuine Clutch Plate Assembly - Sedan,AUTO-00787,GST,28,3527.5,4133.0,8,Engine & Transmission Parts,8708,8900869822105
TVS Girling OEM Suspension Bush Kit - Polyurethane,AUTO-00788,GST,28,896.15,1093.0,8,Brakes & Suspension,8708,8908729047742
Gulf Transmission Fluid (ATF) - 1 Litre,AUTO-00789,GST,18,460.37,675.0,51,Lubricants & Fluids,2710,8903238223116
Motul Standard Semi-Synthetic Engine Oil - 10W-40 (3.5L),AUTO-00790,GST,18,1173.29,1680.0,36,Lubricants & Fluids,2710,8907988942565
Engine Scanning & Diagnostics - OBD2 Scan,AUTO-00791,GST,18,199.66,737.0,33,Repair Labor & Services,998714,8900203265097
Mahle Air Filter - Washable Cotton,AUTO-00792,GST,18,419.95,584.0,31,Filters & Consumables,8421,8908714855245
Elofic Performance Fuel Filter - Petrol In-line,AUTO-00793,GST,18,573.72,776.0,38,Filters & Consumables,8421,8906082137118
Wheel Alignment & Balancing - 5 Wheels,AUTO-00794,GST,18,253.16,843.0,20,Repair Labor & Services,998714,8908268323035
Bridgestone Performance Tubeless Tyre (15 inch) - 195/60 R15,AUTO-00795,GST,28,3543.14,4578.0,10,Tyres & Batteries,4011,8902521293289
Bosch Genuine Cabin/AC Filter - Standard,AUTO-00796,GST,18,232.4,344.0,41,Filters & Consumables,8421,8907752401484
Rane Premium Tie Rod End - Left,AUTO-00797,GST,28,609.71,714.0,9,Brakes & Suspension,8708,8902362669335
Minda Genuine Spark Plug Set - Iridium,AUTO-00798,GST,28,574.17,724.0,12,Engine & Transmission Parts,8708,8902372450184
Bosch Heavy Duty Car Battery (DIN65) - SUV Specs,AUTO-00799,GST,28,8948.15,11394.0,10,Tyres & Batteries,8507,8909721540641
Brake Overhaul Labor - All 4 Wheels,AUTO-00800,GST,18,675.4,2389.0,72,Repair Labor & Services,998714,8904381199537
Brake Overhaul Labor - Front Axle,AUTO-00801,GST,18,509.19,1487.0,45,Repair Labor & Services,998714,8904856451017
Gabriel Genuine Suspension Bush Kit - Polyurethane,AUTO-00802,GST,28,838.2,977.0,9,Brakes & Suspension,8708,8908996986091
Exide OEM Car Battery (DIN65) - 65 Ah,AUTO-00803,GST,28,7368.91,8738.0,11,Tyres & Batteries,8507,8909660577980
Wix Heavy Duty Fuel Filter - Petrol In-line,AUTO-00804,GST,18,550.26,718.0,36,Filters & Consumables,8421,8901460745553
Liqui Moly Performance Power Steering Fluid - 500ml,AUTO-00805,GST,18,281.67,422.0,31,Lubricants & Fluids,2710,8902388565271
Gulf Performance Transmission Fluid (ATF) - 1 Litre,AUTO-00806,GST,18,583.22,770.0,20,Lubricants & Fluids,2710,8906597263475
Liqui Moly Aftermarket Brake Fluid DOT 4 - 250ml,AUTO-00807,GST,18,184.53,244.0,52,Lubricants & Fluids,2710,8904884882691
TVS Girling Genuine Brake Pad Set - Ceramic,AUTO-00808,GST,28,1262.94,1480.0,7,Brakes & Suspension,8708,8908562614991
Shell Heavy Duty Coolant (Pre-mixed) - 1 Litre,AUTO-00809,GST,18,240.67,345.0,32,Lubricants & Fluids,2710,8900733337320
Shell Fully Synthetic Engine Oil - 5W-40 (4L),AUTO-00810,GST,18,3763.18,5307.0,51,Lubricants & Fluids,2710,8903628969645
Valvoline Heavy Duty Brake Fluid DOT 4 - 500ml,AUTO-00811,GST,18,253.75,348.0,59,Lubricants & Fluids,2710,8902538921878
Motul Performance Power Steering Fluid - 500ml,AUTO-00812,GST,18,328.2,469.0,50,Lubricants & Fluids,2710,8903749079779
Purolator Air Filter - Paper,AUTO-00813,GST,18,378.19,496.0,37,Filters & Consumables,8421,8907215149409
K&N Heavy Duty Air Filter - Washable Cotton,AUTO-00814,GST,18,379.6,517.0,59,Filters & Consumables,8421,8904539862895
Bosch OEM Fuel Injector - Diesel,AUTO-00815,GST,28,2931.35,3604.0,4,Engine & Transmission Parts,8708,8903392207151
Tata Genuine Genuine Alternator - 120 Amp,AUTO-00816,GST,28,6458.96,7562.0,7,Engine & Transmission Parts,8708,8902145264712
Valvoline Performance Semi-Synthetic Engine Oil - 10W-40 (3.5L),AUTO-00817,GST,18,1631.85,2328.0,36,Lubricants & Fluids,2710,8907184090805
LUK Premium Clutch Plate Assembly - SUV,AUTO-00818,GST,28,3951.27,4772.0,2,Engine & Transmission Parts,8708,8909951239728
Bosch Aftermarket Brake Pad Set - Ceramic,AUTO-00819,GST,28,1087.29,1344.0,9,Brakes & Suspension,8708,8902827090814
Motul Aftermarket Brake Fluid DOT 4 - 250ml,AUTO-00820,GST,18,220.07,308.0,53,Lubricants & Fluids,2710,8902957867181
Shell Heavy Duty Brake Fluid DOT 4 - 250ml,AUTO-00821,GST,18,224.58,314.0,40,Lubricants & Fluids,2710,8900507918158
Amaron Heavy Duty Car Battery (DIN65) - SUV Specs,AUTO-00822,GST,28,8886.07,10816.0,5,Tyres & Batteries,8507,8904666617071
Liqui Moly Standard Transmission Fluid (ATF) - 5 Litre,AUTO-00823,GST,18,1060.89,1546.0,33,Lubricants & Fluids,2710,8900803149982
Denting & Painting (Per Panel) - Solid Color,AUTO-00824,GST,18,737.2,2178.0,34,Repair Labor & Services,998714,8905806882850
TVS Girling Heavy Duty Suspension Bush Kit - Polyurethane,AUTO-00825,GST,28,857.06,995.0,5,Brakes & Suspension,8708,8907399006314
Minda Genuine Fuel Injector - Diesel,AUTO-00826,GST,28,3242.75,3910.0,8,Engine & Transmission Parts,8708,8900229394694
Rane Genuine Wheel Bearing - Rear (with ABS),AUTO-00827,GST,28,1053.3,1277.0,8,Brakes & Suspension,8708,8906437490607
Rane OEM Wheel Bearing - Front,AUTO-00828,GST,28,1071.71,1251.0,9,Brakes & Suspension,8708,8901285246484
Servo Genuine Fully Synthetic Engine Oil - 5W-30 (3.5L),AUTO-00829,GST,18,4230.75,6248.0,20,Lubricants & Fluids,2710,8908732807711
TVS Girling OEM Suspension Bush Kit - Polyurethane,AUTO-00830,GST,28,797.82,1014.0,5,Brakes & Suspension,8708,8906957279083
Rane Premium Shock Absorber - Gas Filled,AUTO-00831,GST,28,2976.19,3575.0,6,Brakes & Suspension,8708,8902573066248
Minda Performance Water Pump - OEM Specs,AUTO-00832,GST,28,2356.41,2865.0,9,Engine & Transmission Parts,8708,8901398482285
Valeo Premium Timing Belt - Heavy Duty,AUTO-00833,GST,28,1151.86,1354.0,7,Engine & Transmission Parts,8708,8905021306090
Elofic Premium Engine Oil Filter - Spin-on,AUTO-00834,GST,18,209.92,276.0,56,Filters & Consumables,8421,8907964967379
Gulf Gear Oil - 75W-90 (1L),AUTO-00835,GST,18,569.66,758.0,49,Lubricants & Fluids,2710,8905324264250
Mahle Air Filter - Paper,AUTO-00836,GST,18,315.73,466.0,29,Filters & Consumables,8421,8906253666777
K&N Performance Cabin/AC Filter - Active Carbon,AUTO-00837,GST,18,303.03,402.0,48,Filters & Consumables,8421,8903333939578
Mahle Genuine Cabin/AC Filter - Standard,AUTO-00838,GST,18,242.11,320.0,56,Filters & Consumables,8421,8907496033582
Engine Scanning & Diagnostics - Full System Scan,AUTO-00839,GST,18,326.53,828.0,36,Repair Labor & Services,998714,8906924926932
Mahle Aftermarket Fuel Filter - Petrol In-line,AUTO-00840,GST,18,555.34,776.0,54,Filters & Consumables,8421,8909801110005
Maruti Genuine Fuel Injector - Diesel,AUTO-00841,GST,28,3426.87,4099.0,3,Engine & Transmission Parts,8708,8905959775244
LUK Genuine Water Pump - OEM Specs,AUTO-00842,GST,28,1755.1,2258.0,8,Engine & Transmission Parts,8708,8902887431271
LUK Genuine Alternator - 120 Amp,AUTO-00843,GST,28,5470.05,6920.0,11,Engine & Transmission Parts,8708,8905799270795
Motul Aftermarket Brake Fluid DOT 4 - 250ml,AUTO-00844,GST,18,163.97,223.0,40,Lubricants & Fluids,2710,8902135415970
Amaron Performance Car Battery (DIN44) - 44 Ah,AUTO-00845,GST,28,3299.39,3933.0,10,Tyres & Batteries,8507,8900752034476
Castrol OEM Brake Fluid DOT 4 - 500ml,AUTO-00846,GST,18,267.94,350.0,54,Lubricants & Fluids,2710,8900904637660
AC Gas Top-Up & Service - Deep Clean,AUTO-00847,GST,18,465.91,1523.0,64,Repair Labor & Services,998714,8906525483744
Hyundai Mobis Timing Belt - Heavy Duty,AUTO-00848,GST,28,882.6,1032.0,3,Engine & Transmission Parts,8708,8903125129311
Bosch Aftermarket Fuel Injector - Diesel,AUTO-00849,GST,28,2748.59,3559.0,9,Engine & Transmission Parts,8708,8905191023121
General Periodic Service - Sedan,AUTO-00850,GST,18,660.33,2361.0,59,Repair Labor & Services,998714,8905837379274
Engine Scanning & Diagnostics - OBD2 Scan,AUTO-00851,GST,18,241.88,607.0,32,Repair Labor & Services,998714,8903428931132
Shell Standard Semi-Synthetic Engine Oil - 15W-40 (4L),AUTO-00852,GST,18,1439.35,2017.0,33,Lubricants & Fluids,2710,8903645380442
Bosch Performance Timing Belt - Heavy Duty,AUTO-00853,GST,28,1300.19,1507.0,8,Engine & Transmission Parts,8708,8901701595919
Gulf Coolant (Pre-mixed) - 3 Litre,AUTO-00854,GST,18,336.75,458.0,46,Lubricants & Fluids,2710,8905833920567
Mahle Fuel Filter - Diesel Cartridge,AUTO-00855,GST,18,515.65,685.0,39,Filters & Consumables,8421,8906025626506
Wheel Alignment & Balancing - 4 Wheels,AUTO-00856,GST,18,231.3,714.0,29,Repair Labor & Services,998714,8904530762484
Brembo Genuine Suspension Bush Kit - Rubber,AUTO-00857,GST,28,695.76,889.0,9,Brakes & Suspension,8708,8900511579423
MRF Tubeless Tyre (15 inch) - 185/60 R15,AUTO-00858,GST,28,4938.44,6147.0,7,Tyres & Batteries,4011,8904969192845
Clutch Replacement Labor - Manual,AUTO-00859,GST,18,1203.94,3865.0,12,Repair Labor & Services,998714,8907563353574
Exide Heavy Duty Car Battery (DIN55) - Heavy Duty,AUTO-00860,GST,28,5575.11,7065.0,11,Tyres & Batteries,8507,8903993379705
Exide Performance Car Battery (DIN44) - 44 Ah,AUTO-00861,GST,28,3747.73,4570.0,6,Tyres & Batteries,8507,8901763425073
Rane Performance Brake Pad Set - Rear,AUTO-00862,GST,28,1198.48,1465.0,4,Brakes & Suspension,8708,8904575983399
Mahindra Genuine Heavy Duty Clutch Plate Assembly - SUV,AUTO-00863,GST,28,4959.94,6079.0,5,Engine & Transmission Parts,8708,8906604432400
Clutch Replacement Labor - Automatic,AUTO-00864,GST,18,970.6,3556.0,28,Repair Labor & Services,998714,8907682975147
Shell Standard Gear Oil - 75W-90 (1L),AUTO-00865,GST,18,417.89,554.0,16,Lubricants & Fluids,2710,8901058752568
Tata Genuine Aftermarket Fuel Injector - Petrol,AUTO-00866,GST,28,2501.15,3190.0,2,Engine & Transmission Parts,8708,8904599080271
LUK Aftermarket Water Pump - OEM Specs,AUTO-00867,GST,28,2685.5,3183.0,7,Engine & Transmission Parts,8708,8905516517680
Bosch Aftermarket Car Battery (DIN65) - SUV Specs,AUTO-00868,GST,28,10436.62,13277.0,9,Tyres & Batteries,8507,8902143308003
Purolator Heavy Duty Engine Oil Filter - Spin-on,AUTO-00869,GST,18,213.97,319.0,23,Filters & Consumables,8421,8908556608470
Denting & Painting (Per Panel) - Metallic/Pearl Color,AUTO-00870,GST,18,641.16,2170.0,36,Repair Labor & Services,998714,8903970519582
Bosch Standard Air Filter - Paper,AUTO-00871,GST,18,317.12,436.0,39,Filters & Consumables,8421,8902394535461
Brake Overhaul Labor - Front Axle,AUTO-00872,GST,18,387.1,1346.0,75,Repair Labor & Services,998714,8906321061339
AC Gas Top-Up & Service - Standard,AUTO-00873,GST,18,588.41,1519.0,90,Repair Labor & Services,998714,8903943804032
Shell Performance Coolant (Pre-mixed) - 3 Litre,AUTO-00874,GST,18,344.66,475.0,25,Lubricants & Fluids,2710,8907789431910
Bosch Premium Clutch Plate Assembly - Sedan,AUTO-00875,GST,28,2860.31,3453.0,11,Engine & Transmission Parts,8708,8902105336514
Wix Premium Engine Oil Filter - Cartridge,AUTO-00876,GST,18,230.81,314.0,31,Filters & Consumables,8421,8907310720113
Elofic Standard Wiper Blade Set - Standard Frame,AUTO-00877,GST,18,304.39,430.0,19,Filters & Consumables,8421,8902316600767
Bosch OEM Engine Oil Filter - Spin-on,AUTO-00878,GST,18,216.91,320.0,60,Filters & Consumables,8421,8904734043370
Clutch Replacement Labor - Automatic,AUTO-00879,GST,18,1181.52,4222.0,16,Repair Labor & Services,998714,8904519577825
Denting & Painting (Per Panel) - Solid Color,AUTO-00880,GST,18,977.42,2952.0,32,Repair Labor & Services,998714,8909657542786
Valvoline Aftermarket Fully Synthetic Engine Oil - 5W-40 (4L),AUTO-00881,GST,18,3731.77,5119.0,44,Lubricants & Fluids,2710,8907820582958
Wheel Alignment & Balancing - 4 Wheels,AUTO-00882,GST,18,315.72,977.0,63,Repair Labor & Services,998714,8901880819048
Denting & Painting (Per Panel) - Solid Color,AUTO-00883,GST,18,895.18,2675.0,57,Repair Labor & Services,998714,8908686395613
Brake Overhaul Labor - Front Axle,AUTO-00884,GST,18,366.43,1407.0,74,Repair Labor & Services,998714,8901721436438
Clutch Replacement Labor - Manual,AUTO-00885,GST,18,1019.47,3001.0,36,Repair Labor & Services,998714,8902114716560
AC Gas Top-Up & Service - Deep Clean,AUTO-00886,GST,18,516.97,1528.0,89,Repair Labor & Services,998714,8909799070755
Mahindra Genuine OEM Ignition Coil - Set of 4,AUTO-00887,GST,28,1260.03,1560.0,7,Engine & Transmission Parts,8708,8907060717481
Minda Genuine Timing Belt - Heavy Duty,AUTO-00888,GST,28,1200.47,1424.0,9,Engine & Transmission Parts,8708,8900548739610
Engine Scanning & Diagnostics - OBD2 Scan,AUTO-00889,GST,18,206.72,573.0,45,Repair Labor & Services,998714,8909680491872
Mahle Standard Air Filter - Paper,AUTO-00890,GST,18,363.81,504.0,58,Filters & Consumables,8421,8902137730626
Mahindra Genuine Performance Water Pump - OEM Specs,AUTO-00891,GST,28,2504.17,3099.0,9,Engine & Transmission Parts,8708,8903711222990
K&N Premium Cabin/AC Filter - Active Carbon,AUTO-00892,GST,18,276.44,409.0,38,Filters & Consumables,8421,8908167046861
Valeo Performance Spark Plug Set - Copper,AUTO-00893,GST,28,694.09,851.0,5,Engine & Transmission Parts,8708,8902102192378
Servo Aftermarket Coolant (Pre-mixed) - 1 Litre,AUTO-00894,GST,18,264.52,350.0,17,Lubricants & Fluids,2710,8903324260508
Valeo Premium Spark Plug Set - Copper,AUTO-00895,GST,28,620.42,789.0,7,Engine & Transmission Parts,8708,8903733777312
Elofic Aftermarket Wiper Blade Set - Frameless,AUTO-00896,GST,18,390.74,575.0,24,Filters & Consumables,8421,8901781923653
Valvoline Premium Fully Synthetic Engine Oil - 5W-40 (4L),AUTO-00897,GST,18,4366.38,6358.0,16,Lubricants & Fluids,2710,8903567932798
Wix Standard Air Filter - Paper,AUTO-00898,GST,18,367.3,483.0,53,Filters & Consumables,8421,8900618120546
Liqui Moly Standard Gear Oil - 75W-90 (1L),AUTO-00899,GST,18,517.92,736.0,34,Lubricants & Fluids,2710,8907876989992
Mahle Performance Engine Oil Filter - Cartridge,AUTO-00900,GST,18,191.11,272.0,19,Filters & Consumables,8421,8904444983553
Apollo Heavy Duty Tubeless Tyre (16 inch) - 205/55 R16,AUTO-00901,GST,28,9294.97,11263.0,6,Tyres & Batteries,4011,8909639243588
Shell Aftermarket Power Steering Fluid - 1 Litre,AUTO-00902,GST,18,175.14,253.0,33,Lubricants & Fluids,2710,8903395275367
Engine Scanning & Diagnostics - Full System Scan,AUTO-00903,GST,18,174.54,595.0,42,Repair Labor & Services,998714,8901686013477
Apollo Heavy Duty Tubeless Tyre (16 inch) - 205/55 R16,AUTO-00904,GST,28,7477.62,9079.0,9,Tyres & Batteries,4011,8909176651221
Castrol Standard Fully Synthetic Engine Oil - 5W-30 (3.5L),AUTO-00905,GST,18,3269.26,4600.0,23,Lubricants & Fluids,2710,8901630900159
AC Gas Top-Up & Service - Deep Clean,AUTO-00906,GST,18,417.51,1431.0,83,Repair Labor & Services,998714,8904853208953
TRW Premium Suspension Bush Kit - Polyurethane,AUTO-00907,GST,28,934.97,1088.0,11,Brakes & Suspension,8708,8904711363379
Brembo OEM Brake Rotor/Disc - Solid,AUTO-00908,GST,28,1497.59,1873.0,8,Brakes & Suspension,8708,8909967331167
Bosch Premium Fuel Filter - Diesel Cartridge,AUTO-00909,GST,18,524.98,711.0,58,Filters & Consumables,8421,8907685507896
Elofic Aftermarket Air Filter - Washable Cotton,AUTO-00910,GST,18,369.67,525.0,59,Filters & Consumables,8421,8906263355643
Wheel Alignment & Balancing - 5 Wheels,AUTO-00911,GST,18,290.67,1026.0,82,Repair Labor & Services,998714,8903170695560
K&N OEM Fuel Filter - Diesel Cartridge,AUTO-00912,GST,18,496.48,680.0,32,Filters & Consumables,8421,8905472239898
TRW Performance Brake Pad Set - Rear,AUTO-00913,GST,28,883.23,1046.0,4,Brakes & Suspension,8708,8901980418472
Mobil 1 Standard Power Steering Fluid - 1 Litre,AUTO-00914,GST,18,260.24,348.0,41,Lubricants & Fluids,2710,8904281319092
Liqui Moly Heavy Duty Coolant (Pre-mixed) - 1 Litre,AUTO-00915,GST,18,180.93,270.0,53,Lubricants & Fluids,2710,8901114281785
Wheel Alignment & Balancing - 4 Wheels,AUTO-00916,GST,18,322.27,963.0,31,Repair Labor & Services,998714,8904808806220
Bosch Performance Air Filter - Paper,AUTO-00917,GST,18,368.03,499.0,30,Filters & Consumables,8421,8907213290162
Mahindra Genuine Genuine Ignition Coil - Set of 4,AUTO-00918,GST,28,1307.45,1646.0,10,Engine & Transmission Parts,8708,8907859964862
Exide Premium Car Battery (DIN44) - 44 Ah,AUTO-00919,GST,28,2854.82,3709.0,6,Tyres & Batteries,8507,8901966645057
TRW Genuine Brake Pad Set - Front,AUTO-00920,GST,28,1139.75,1439.0,9,Brakes & Suspension,8708,8909246320374
K&N Performance Fuel Filter - Diesel Cartridge,AUTO-00921,GST,18,582.34,811.0,41,Filters & Consumables,8421,8900321450576
General Periodic Service - SUV,AUTO-00922,GST,18,1235.61,4039.0,71,Repair Labor & Services,998714,8900715534820
LUK Premium Spark Plug Set - Iridium,AUTO-00923,GST,28,693.39,863.0,7,Engine & Transmission Parts,8708,8900765975954
Castrol Power Steering Fluid - 500ml,AUTO-00924,GST,18,343.99,477.0,47,Lubricants & Fluids,2710,8900898126574
Brembo Genuine Brake Rotor/Disc - Vented,AUTO-00925,GST,28,1811.44,2143.0,2,Brakes & Suspension,8708,8904023693626
MRF Premium Tubeless Tyre (16 inch) - 215/60 R16,AUTO-00926,GST,28,8311.56,9605.0,9,Tyres & Batteries,4011,8901372711759
Clutch Replacement Labor - Automatic,AUTO-00927,GST,18,1169.21,3884.0,52,Repair Labor & Services,998714,8905829849330
K&N Standard Cabin/AC Filter - Active Carbon,AUTO-00928,GST,18,260.23,376.0,40,Filters & Consumables,8421,8900944128333
Bosch Genuine Engine Oil Filter - Cartridge,AUTO-00929,GST,18,213.89,296.0,36,Filters & Consumables,8421,8904132971506
K&N Air Filter - Washable Cotton,AUTO-00930,GST,18,425.09,581.0,38,Filters & Consumables,8421,8901437769366
Bosch Performance Brake Rotor/Disc - Vented,AUTO-00931,GST,28,1691.31,2028.0,8,Brakes & Suspension,8708,8901111028671
Wheel Alignment & Balancing - 4 Wheels,AUTO-00932,GST,18,333.46,850.0,47,Repair Labor & Services,998714,8905591024510
CEAT Heavy Duty Tubeless Tyre (14 inch) - 165/70 R14,AUTO-00933,GST,28,2412.01,3072.0,9,Tyres & Batteries,4011,8901494981942
Hyundai Mobis Spark Plug Set - Iridium,AUTO-00934,GST,28,725.77,859.0,6,Engine & Transmission Parts,8708,8900652775844
Clutch Replacement Labor - Automatic,AUTO-00935,GST,18,1488.42,4246.0,49,Repair Labor & Services,998714,8905337220109
LUK Aftermarket Timing Belt - Heavy Duty,AUTO-00936,GST,28,948.31,1101.0,7,Engine & Transmission Parts,8708,8905937661894
Brake Overhaul Labor - All 4 Wheels,AUTO-00937,GST,18,630.87,1947.0,54,Repair Labor & Services,998714,8901004627765
Bosch Performance Cabin/AC Filter - Active Carbon,AUTO-00938,GST,18,308.9,448.0,59,Filters & Consumables,8421,8902024617520
Brembo Standard Tie Rod End - Right,AUTO-00939,GST,28,600.1,755.0,8,Brakes & Suspension,8708,8900055955017
Bridgestone Performance Tubeless Tyre (15 inch) - 195/60 R15,AUTO-00940,GST,28,3864.79,4671.0,10,Tyres & Batteries,4011,8909993607984
Amaron Standard Car Battery (DIN44) - 44 Ah,AUTO-00941,GST,28,2910.21,3604.0,3,Tyres & Batteries,8507,8907679935937
Servo Heavy Duty Gear Oil - 80W-90 (1L),AUTO-00942,GST,18,487.32,690.0,40,Lubricants & Fluids,2710,8904083037360
Purolator Genuine Engine Oil Filter - Cartridge,AUTO-00943,GST,18,145.21,214.0,55,Filters & Consumables,8421,8904907938841
Monroe Aftermarket Tie Rod End - Right,AUTO-00944,GST,28,556.76,657.0,12,Brakes & Suspension,8708,8906153701242
Denting & Painting (Per Panel) - Metallic/Pearl Color,AUTO-00945,GST,18,734.79,2307.0,30,Repair Labor & Services,998714,8905144881121
Minda Aftermarket Timing Belt - Heavy Duty,AUTO-00946,GST,28,887.74,1081.0,3,Engine & Transmission Parts,8708,8908878179415
Maruti Genuine Water Pump - Aftermarket,AUTO-00947,GST,28,2305.6,2738.0,2,Engine & Transmission Parts,8708,8909112252883
Wix Performance Cabin/AC Filter - Standard,AUTO-00948,GST,18,296.19,432.0,42,Filters & Consumables,8421,8901863239791
Clutch Replacement Labor - Automatic,AUTO-00949,GST,18,1034.99,3585.0,35,Repair Labor & Services,998714,8900073095055
Wix Engine Oil Filter - Cartridge,AUTO-00950,GST,18,151.16,222.0,53,Filters & Consumables,8421,8908819277885
Bosch Standard Fuel Injector - Diesel,AUTO-00951,GST,28,2877.63,3493.0,2,Engine & Transmission Parts,8708,8901042462456
Maruti Genuine Timing Belt - Heavy Duty,AUTO-00952,GST,28,1171.73,1419.0,2,Engine & Transmission Parts,8708,8904521289915
Valeo Performance Spark Plug Set - Platinum,AUTO-00953,GST,28,849.33,1000.0,5,Engine & Transmission Parts,8708,8909130448818
Exide Standard Car Battery (DIN65) - SUV Specs,AUTO-00954,GST,28,10794.67,13632.0,2,Tyres & Batteries,8507,8904615402119
Valeo Ignition Coil - Single Pack,AUTO-00955,GST,28,1503.84,1821.0,3,Engine & Transmission Parts,8708,8904298315229
Denting & Painting (Per Panel) - Solid Color,AUTO-00956,GST,18,665.59,2371.0,31,Repair Labor & Services,998714,8908360849378
TVS Girling Genuine Suspension Bush Kit - Polyurethane,AUTO-00957,GST,28,647.59,796.0,7,Brakes & Suspension,8708,8902696944391
AC Gas Top-Up & Service - Deep Clean,AUTO-00958,GST,18,622.52,1935.0,34,Repair Labor & Services,998714,8904292913203
Rane OEM Brake Pad Set - Ceramic,AUTO-00959,GST,28,1187.24,1389.0,5,Brakes & Suspension,8708,8904190310615
Monroe OEM Brake Rotor/Disc - Vented,AUTO-00960,GST,28,2277.34,2730.0,8,Brakes & Suspension,8708,8906847323653
Wheel Alignment & Balancing - 5 Wheels,AUTO-00961,GST,18,323.81,1022.0,42,Repair Labor & Services,998714,8900672007843
Purolator Standard Cabin/AC Filter - Standard,AUTO-00962,GST,18,246.17,341.0,15,Filters & Consumables,8421,8907819754373
Clutch Replacement Labor - Automatic,AUTO-00963,GST,18,1055.73,3400.0,66,Repair Labor & Services,998714,8902037638821
Gulf OEM Transmission Fluid (ATF) - 5 Litre,AUTO-00964,GST,18,977.89,1400.0,34,Lubricants & Fluids,2710,8906019134438
Bosch Car Battery (DIN55) - 55 Ah,AUTO-00965,GST,28,3619.59,4683.0,7,Tyres & Batteries,8507,8908695073214
AC Gas Top-Up & Service - Deep Clean,AUTO-00966,GST,18,484.77,1699.0,87,Repair Labor & Services,998714,8909951679335
Maruti Genuine Fuel Injector - Petrol,AUTO-00967,GST,28,2848.92,3487.0,8,Engine & Transmission Parts,8708,8908011923603
K&N OEM Wiper Blade Set - Frameless,AUTO-00968,GST,18,386.57,578.0,43,Filters & Consumables,8421,8902333510409
Purolator Heavy Duty Cabin/AC Filter - Active Carbon,AUTO-00969,GST,18,210.14,312.0,54,Filters & Consumables,8421,8901149830748
Rane Wheel Bearing - Front,AUTO-00970,GST,28,1132.39,1339.0,8,Brakes & Suspension,8708,8905118939406
AC Gas Top-Up & Service - Deep Clean,AUTO-00971,GST,18,488.61,1293.0,90,Repair Labor & Services,998714,8909043223023
Brembo Brake Rotor/Disc - Solid,AUTO-00972,GST,28,1586.14,1931.0,11,Brakes & Suspension,8708,8902013546212
K&N Performance Engine Oil Filter - Spin-on,AUTO-00973,GST,18,161.8,216.0,41,Filters & Consumables,8421,8901123126163
AC Gas Top-Up & Service - Deep Clean,AUTO-00974,GST,18,345.61,1381.0,78,Repair Labor & Services,998714,8909376297454
Amaron Heavy Duty Car Battery (DIN65) - 65 Ah,AUTO-00975,GST,28,5280.11,6684.0,9,Tyres & Batteries,8507,8901912038187
Wix Premium Wiper Blade Set - Frameless,AUTO-00976,GST,18,385.0,542.0,29,Filters & Consumables,8421,8902308981388
Maruti Genuine Timing Belt - Heavy Duty,AUTO-00977,GST,28,1024.41,1199.0,4,Engine & Transmission Parts,8708,8900673231829
Purolator Performance Fuel Filter - Petrol In-line,AUTO-00978,GST,18,478.32,687.0,36,Filters & Consumables,8421,8900000001529
Valeo OEM Radiator Assembly - Copper Core,AUTO-00979,GST,28,3670.93,4714.0,12,Engine & Transmission Parts,8708,8905090255618
Clutch Replacement Labor - Automatic,AUTO-00980,GST,18,972.08,3226.0,28,Repair Labor & Services,998714,8909987478122
Castrol Brake Fluid DOT 4 - 500ml,AUTO-00981,GST,18,219.19,304.0,16,Lubricants & Fluids,2710,8900900436551
Servo Genuine Transmission Fluid (ATF) - 1 Litre,AUTO-00982,GST,18,485.43,643.0,41,Lubricants & Fluids,2710,8902483550542
Bosch Premium Car Battery (DIN65) - 65 Ah,AUTO-00983,GST,28,5959.49,7217.0,5,Tyres & Batteries,8507,8906998795098
Brembo Standard Brake Pad Set - Front,AUTO-00984,GST,28,1127.04,1453.0,8,Brakes & Suspension,8708,8904818804428
K&N Genuine Air Filter - Paper,AUTO-00985,GST,18,394.76,528.0,56,Filters & Consumables,8421,8901643212694
Engine Scanning & Diagnostics - Full System Scan,AUTO-00986,GST,18,252.86,640.0,63,Repair Labor & Services,998714,8902586314417
Tata Genuine Genuine Spark Plug Set - Copper,AUTO-00987,GST,28,569.69,736.0,7,Engine & Transmission Parts,8708,8904026355824
TRW OEM Wheel Bearing - Front,AUTO-00988,GST,28,976.46,1168.0,6,Brakes & Suspension,8708,8904898803153
Amaron Standard Car Battery (DIN55) - 55 Ah,AUTO-00989,GST,28,5530.12,6471.0,11,Tyres & Batteries,8507,8900504043333
Shell Performance Power Steering Fluid - 1 Litre,AUTO-00990,GST,18,263.51,349.0,29,Lubricants & Fluids,2710,8902111978718
Minda Heavy Duty Radiator Assembly - Aluminium,AUTO-00991,GST,28,4120.64,4822.0,12,Engine & Transmission Parts,8708,8905306011987
Valvoline Genuine Fully Synthetic Engine Oil - 5W-40 (4L),AUTO-00992,GST,18,4256.76,6147.0,48,Lubricants & Fluids,2710,8900023009156
LUK Genuine Clutch Plate Assembly - Hatchback,AUTO-00993,GST,28,1967.84,2451.0,9,Engine & Transmission Parts,8708,8904491609365
MRF Premium Tubeless Tyre (16 inch) - 215/60 R16,AUTO-00994,GST,28,8871.85,10297.0,3,Tyres & Batteries,4011,8908941843368
Mahle Genuine Engine Oil Filter - Spin-on,AUTO-00995,GST,18,159.95,234.0,25,Filters & Consumables,8421,8903998213745
Valvoline Standard Fully Synthetic Engine Oil - 5W-30 (3.5L),AUTO-00996,GST,18,4518.85,6503.0,33,Lubricants & Fluids,2710,8902886050537
K&N OEM Fuel Filter - Petrol In-line,AUTO-00997,GST,18,442.77,587.0,16,Filters & Consumables,8421,8900308356691
Tata Genuine OEM Water Pump - Aftermarket,AUTO-00998,GST,28,1969.45,2485.0,3,Engine & Transmission Parts,8708,8902345506882
Elofic Engine Oil Filter - Cartridge,AUTO-00999,GST,18,184.1,260.0,24,Filters & Consumables,8421,8909384401348
Hyundai Mobis Radiator Assembly - Copper Core,AUTO-01000,GST,28,3365.57,4306.0,10,Engine & Transmission Parts,8708,8908260335910
Maruti Genuine Ignition Coil - Single Pack,AUTO-01001,GST,28,1244.82,1617.0,11,Engine & Transmission Parts,8708,8901449207492
Elofic Genuine Wiper Blade Set - Standard Frame,AUTO-01002,GST,18,433.85,621.0,50,Filters & Consumables,8421,8909971842859
Wix Aftermarket Wiper Blade Set - Frameless,AUTO-01003,GST,18,377.86,499.0,16,Filters & Consumables,8421,8908499323123
Mobil 1 Genuine Power Steering Fluid - 1 Litre,AUTO-01004,GST,18,207.09,309.0,18,Lubricants & Fluids,2710,8906908726176
Hyundai Mobis Water Pump - OEM Specs,AUTO-01005,GST,28,2122.07,2757.0,5,Engine & Transmission Parts,8708,8908935953828
Mahindra Genuine Genuine Clutch Plate Assembly - Sedan,AUTO-01006,GST,28,3744.21,4372.0,4,Engine & Transmission Parts,8708,8909965082695
MRF Standard Tubeless Tyre (15 inch) - 185/60 R15,AUTO-01007,GST,28,4781.49,5773.0,8,Tyres & Batteries,4011,8905613087612
TRW Performance Tie Rod End - Right,AUTO-01008,GST,28,613.83,775.0,6,Brakes & Suspension,8708,8903468239484
Clutch Replacement Labor - Manual,AUTO-01009,GST,18,1315.06,3729.0,10,Repair Labor & Services,998714,8908696610168
TVS Girling Heavy Duty Brake Pad Set - Ceramic,AUTO-01010,GST,28,1216.44,1460.0,2,Brakes & Suspension,8708,8900168094149
Maruti Genuine Clutch Plate Assembly - Sedan,AUTO-01011,GST,28,3278.01,4194.0,10,Engine & Transmission Parts,8708,8903976205344
Hyundai Mobis Ignition Coil - Set of 4,AUTO-01012,GST,28,1328.18,1539.0,9,Engine & Transmission Parts,8708,8902662925081
Denting & Painting (Per Panel) - Metallic/Pearl Color,AUTO-01013,GST,18,796.13,3163.0,82,Repair Labor & Services,998714,8909140688413
Brembo OEM Suspension Bush Kit - Polyurethane,AUTO-01014,GST,28,835.96,1081.0,7,Brakes & Suspension,8708,8905235617817
Minda OEM Water Pump - OEM Specs,AUTO-01015,GST,28,2437.24,2803.0,3,Engine & Transmission Parts,8708,8903638527789
Valvoline Heavy Duty Fully Synthetic Engine Oil - 5W-30 (3.5L),AUTO-01016,GST,18,3641.39,5383.0,49,Lubricants & Fluids,2710,8904449029502
Mahle OEM Wiper Blade Set - Frameless,AUTO-01017,GST,18,384.69,522.0,18,Filters & Consumables,8421,8903734167812
Wix Aftermarket Fuel Filter - Petrol In-line,AUTO-01018,GST,18,391.33,574.0,55,Filters & Consumables,8421,8901798213486
Gabriel Tie Rod End - Right,AUTO-01019,GST,28,576.21,722.0,9,Brakes & Suspension,8708,8903638318285
Purolator Cabin/AC Filter - Standard,AUTO-01020,GST,18,344.17,449.0,59,Filters & Consumables,8421,8909866177067
Monroe Premium Tie Rod End - Left,AUTO-01021,GST,28,529.41,609.0,10,Brakes & Suspension,8708,8902122355216
AC Gas Top-Up & Service - Standard,AUTO-01022,GST,18,516.88,1639.0,23,Repair Labor & Services,998714,8904692182192
Valvoline Standard Coolant (Pre-mixed) - 1 Litre,AUTO-01023,GST,18,211.27,301.0,49,Lubricants & Fluids,2710,8904802205093
Brake Overhaul Labor - All 4 Wheels,AUTO-01024,GST,18,704.61,2070.0,26,Repair Labor & Services,998714,8904959881145
Wix Premium Wiper Blade Set - Standard Frame,AUTO-01025,GST,18,418.5,581.0,37,Filters & Consumables,8421,8902386767382
Hyundai Mobis Spark Plug Set - Platinum,AUTO-01026,GST,28,885.71,1027.0,12,Engine & Transmission Parts,8708,8907798768299
Elofic Aftermarket Fuel Filter - Petrol In-line,AUTO-01027,GST,18,456.42,646.0,46,Filters & Consumables,8421,8900858062350
General Periodic Service - SUV,AUTO-01028,GST,18,1542.83,4760.0,89,Repair Labor & Services,998714,8905790012482
Clutch Replacement Labor - Automatic,AUTO-01029,GST,18,864.06,3371.0,60,Repair Labor & Services,998714,8907963259423
Denting & Painting (Per Panel) - Metallic/Pearl Color,AUTO-01030,GST,18,1079.66,3059.0,34,Repair Labor & Services,998714,8908915624152
Apollo Aftermarket Tubeless Tyre (16 inch) - 205/55 R16,AUTO-01031,GST,28,8230.56,10661.0,4,Tyres & Batteries,4011,8906933589513
Amaron Performance Car Battery (DIN55) - Heavy Duty,AUTO-01032,GST,28,3800.71,4739.0,10,Tyres & Batteries,8507,8904685095744
TVS Girling OEM Brake Rotor/Disc - Solid,AUTO-01033,GST,28,2133.04,2739.0,11,Brakes & Suspension,8708,8901179720385
Apollo OEM Tubeless Tyre (16 inch) - 215/60 R16,AUTO-01034,GST,28,8213.11,9824.0,7,Tyres & Batteries,4011,8904715531325
Exide OEM Car Battery (DIN44) - Maintenance Free,AUTO-01035,GST,28,4173.86,5080.0,7,Tyres & Batteries,8507,8900094214105
Monroe Suspension Bush Kit - Polyurethane,AUTO-01036,GST,28,755.18,937.0,4,Brakes & Suspension,8708,8907045238885
Bosch Genuine Air Filter - Washable Cotton,AUTO-01037,GST,18,313.19,467.0,52,Filters & Consumables,8421,8908678744227
Engine Scanning & Diagnostics - Full System Scan,AUTO-01038,GST,18,236.27,711.0,85,Repair Labor & Services,998714,8906559428249
Valeo Premium Alternator - 120 Amp,AUTO-01039,GST,28,4635.85,5923.0,2,Engine & Transmission Parts,8708,8900245393132
Clutch Replacement Labor - Automatic,AUTO-01040,GST,18,1229.49,3084.0,53,Repair Labor & Services,998714,8907083682144
Valvoline Aftermarket Coolant (Pre-mixed) - 3 Litre,AUTO-01041,GST,18,329.24,484.0,29,Lubricants & Fluids,2710,8906774620258
Wheel Alignment & Balancing - 5 Wheels,AUTO-01042,GST,18,191.72,755.0,77,Repair Labor & Services,998714,8903281231239
TRW Standard Wheel Bearing - Front,AUTO-01043,GST,28,1073.48,1244.0,2,Brakes & Suspension,8708,8901836472387
Castrol Transmission Fluid (ATF) - 1 Litre,AUTO-01044,GST,18,451.0,650.0,57,Lubricants & Fluids,2710,8907225775458
Brake Overhaul Labor - Front Axle,AUTO-01045,GST,18,328.88,1104.0,14,Repair Labor & Services,998714,8905291876831
Purolator Wiper Blade Set - Frameless,AUTO-01046,GST,18,448.54,641.0,26,Filters & Consumables,8421,8901733739920
Mobil 1 Heavy Duty Semi-Synthetic Engine Oil - 10W-40 (3.5L),AUTO-01047,GST,18,1442.78,2130.0,21,Lubricants & Fluids,2710,8906591438823
Bosch Heavy Duty Wheel Bearing - Rear (with ABS),AUTO-01048,GST,28,1037.27,1326.0,10,Brakes & Suspension,8708,8903584461777
Brembo Heavy Duty Suspension Bush Kit - Rubber,AUTO-01049,GST,28,876.46,1083.0,6,Brakes & Suspension,8708,8904979127997
LUK OEM Water Pump - Aftermarket,AUTO-01050,GST,28,1923.03,2307.0,12,Engine & Transmission Parts,8708,8909787137529
MRF Aftermarket Tubeless Tyre (15 inch) - 195/60 R15,AUTO-01051,GST,28,4620.27,5835.0,3,Tyres & Batteries,4011,8902560832004
Amaron Car Battery (DIN55) - Heavy Duty,AUTO-01052,GST,28,5077.36,6367.0,7,Tyres & Batteries,8507,8908523860030
Servo OEM Semi-Synthetic Engine Oil - 15W-40 (4L),AUTO-01053,GST,18,1488.75,2190.0,51,Lubricants & Fluids,2710,8905171523910
Rane Performance Tie Rod End - Left,AUTO-01054,GST,28,591.99,689.0,5,Brakes & Suspension,8708,8907483093096
Purolator OEM Air Filter - Washable Cotton,AUTO-01055,GST,18,382.45,506.0,40,Filters & Consumables,8421,8900221321767
General Periodic Service - Hatchback,AUTO-01056,GST,18,513.68,1579.0,23,Repair Labor & Services,998714,8902201907258
Bosch Premium Air Filter - Paper,AUTO-01057,GST,18,330.22,442.0,39,Filters & Consumables,8421,8905380274812
Mobil 1 Standard Fully Synthetic Engine Oil - 5W-30 (3.5L),AUTO-01058,GST,18,3119.69,4404.0,40,Lubricants & Fluids,2710,8908250952294
Bosch Performance Engine Oil Filter - Spin-on,AUTO-01059,GST,18,236.5,324.0,39,Filters & Consumables,8421,8901039952970
Minda Aftermarket Ignition Coil - Single Pack,AUTO-01060,GST,28,1203.88,1461.0,7,Engine & Transmission Parts,8708,8908585642304
LUK Clutch Plate Assembly - Hatchback,AUTO-01061,GST,28,2561.46,3108.0,7,Engine & Transmission Parts,8708,8909273874029
Amaron Genuine Car Battery (DIN44) - 44 Ah,AUTO-01062,GST,28,4507.71,5199.0,5,Tyres & Batteries,8507,8902248155420
Rane Premium Wheel Bearing - Rear (with ABS),AUTO-01063,GST,28,906.13,1059.0,11,Brakes & Suspension,8708,8905679756491
Liqui Moly Performance Transmission Fluid (ATF) - 5 Litre,AUTO-01064,GST,18,959.35,1409.0,30,Lubricants & Fluids,2710,8904712476010
CEAT Premium Tubeless Tyre (14 inch) - 165/70 R14,AUTO-01065,GST,28,1641.38,2112.0,8,Tyres & Batteries,4011,8908317641726
Bosch OEM Car Battery (DIN55) - 55 Ah,AUTO-01066,GST,28,5203.9,6334.0,4,Tyres & Batteries,8507,8909015071380
K&N Premium Engine Oil Filter - Spin-on,AUTO-01067,GST,18,196.16,264.0,20,Filters & Consumables,8421,8900458474362
Minda Genuine Clutch Plate Assembly - Hatchback,AUTO-01068,GST,28,1856.47,2283.0,10,Engine & Transmission Parts,8708,8905766947031
Bridgestone Heavy Duty Tubeless Tyre (16 inch) - 215/60 R16,AUTO-01069,GST,28,8421.63,10724.0,9,Tyres & Batteries,4011,8904666215918
TRW Premium Brake Rotor/Disc - Solid,AUTO-01070,GST,28,1466.49,1902.0,8,Brakes & Suspension,8708,8906614590110
Elofic OEM Fuel Filter - Diesel Cartridge,AUTO-01071,GST,18,627.17,820.0,56,Filters & Consumables,8421,8904938819490
Shell Performance Gear Oil - 80W-90 (1L),AUTO-01072,GST,18,551.79,722.0,54,Lubricants & Fluids,2710,8909809497698
Wix Heavy Duty Air Filter - Paper,AUTO-01073,GST,18,342.99,476.0,22,Filters & Consumables,8421,8906698416612
Monroe Shock Absorber - Gas Filled,AUTO-01074,GST,28,2508.56,2985.0,5,Brakes & Suspension,8708,8902562389949
Exide Premium Car Battery (DIN55) - Heavy Duty,AUTO-01075,GST,28,5002.1,6436.0,4,Tyres & Batteries,8507,8906203708782
Valeo Aftermarket Alternator - 90 Amp,AUTO-01076,GST,28,5971.7,7458.0,12,Engine & Transmission Parts,8708,8904181359989
Exide Aftermarket Car Battery (DIN55) - Heavy Duty,AUTO-01077,GST,28,4012.6,4882.0,2,Tyres & Batteries,8507,8908894801864
Mobil 1 Semi-Synthetic Engine Oil - 10W-40 (3.5L),AUTO-01078,GST,18,1555.51,2297.0,48,Lubricants & Fluids,2710,8908397857082
Bosch Premium Spark Plug Set - Copper,AUTO-01079,GST,28,693.64,831.0,12,Engine & Transmission Parts,8708,8901236914961
General Periodic Service - Hatchback,AUTO-01080,GST,18,596.34,2019.0,31,Repair Labor & Services,998714,8909688276970
Castrol Heavy Duty Transmission Fluid (ATF) - 5 Litre,AUTO-01081,GST,18,1247.29,1686.0,20,Lubricants & Fluids,2710,8909615607832
Mahle Performance Wiper Blade Set - Frameless,AUTO-01082,GST,18,428.94,588.0,44,Filters & Consumables,8421,8909624096496
Elofic Genuine Air Filter - Washable Cotton,AUTO-01083,GST,18,279.01,388.0,34,Filters & Consumables,8421,8902170285162
Bosch Genuine Tie Rod End - Left,AUTO-01084,GST,28,474.02,584.0,2,Brakes & Suspension,8708,8908934868839
Tata Genuine Genuine Water Pump - Aftermarket,AUTO-01085,GST,28,2051.46,2664.0,10,Engine & Transmission Parts,8708,8907991609114
Minda Performance Timing Belt - Standard,AUTO-01086,GST,28,1060.81,1377.0,12,Engine & Transmission Parts,8708,8902361337605
Brembo Performance Brake Pad Set - Rear,AUTO-01087,GST,28,1133.87,1320.0,7,Brakes & Suspension,8708,8900254472419
Tata Genuine Heavy Duty Fuel Injector - Diesel,AUTO-01088,GST,28,3126.68,3724.0,11,Engine & Transmission Parts,8708,8906617718249
Amaron Premium Car Battery (DIN55) - 55 Ah,AUTO-01089,GST,28,4719.82,5818.0,3,Tyres & Batteries,8507,8904174681359
Monroe Standard Wheel Bearing - Rear (with ABS),AUTO-01090,GST,28,969.84,1205.0,10,Brakes & Suspension,8708,8909396987486
Amaron Performance Car Battery (DIN65) - 65 Ah,AUTO-01091,GST,28,5845.0,7580.0,12,Tyres & Batteries,8507,8900119292075
Rane Performance Suspension Bush Kit - Polyurethane,AUTO-01092,GST,28,627.27,766.0,8,Brakes & Suspension,8708,8900398863653
Wix Standard Air Filter - Paper,AUTO-01093,GST,18,316.22,449.0,39,Filters & Consumables,8421,8907000994248
Michelin Standard Tubeless Tyre (15 inch) - 195/60 R15,AUTO-01094,GST,28,4980.19,6237.0,6,Tyres & Batteries,4011,8908966760564
TVS Girling Genuine Shock Absorber - Hydraulic,AUTO-01095,GST,28,2836.12,3470.0,9,Brakes & Suspension,8708,8905809745338
Amaron Heavy Duty Car Battery (DIN44) - 44 Ah,AUTO-01096,GST,28,3351.88,4058.0,8,Tyres & Batteries,8507,8902265401659
Michelin Premium Tubeless Tyre (15 inch) - 195/60 R15,AUTO-01097,GST,28,3757.18,4426.0,4,Tyres & Batteries,4011,8902427677462
Motul OEM Coolant (Pre-mixed) - 1 Litre,AUTO-01098,GST,18,205.72,279.0,21,Lubricants & Fluids,2710,8901584886008
Valeo Ignition Coil - Set of 4,AUTO-01099,GST,28,1351.3,1755.0,4,Engine & Transmission Parts,8708,8903129957047
Rane Aftermarket Suspension Bush Kit - Rubber,AUTO-01100,GST,28,796.71,967.0,4,Brakes & Suspension,8708,8901203843753
Mahle Premium Wiper Blade Set - Standard Frame,AUTO-01101,GST,18,386.11,529.0,55,Filters & Consumables,8421,8902548242183
MRF Standard Tubeless Tyre (16 inch) - 205/55 R16,AUTO-01102,GST,28,6957.57,8987.0,6,Tyres & Batteries,4011,8904547523112
Brembo Standard Wheel Bearing - Rear (with ABS),AUTO-01103,GST,28,1059.4,1316.0,9,Brakes & Suspension,8708,8909177633427
TVS Girling Aftermarket Brake Rotor/Disc - Solid,AUTO-01104,GST,28,2086.93,2681.0,7,Brakes & Suspension,8708,8900801963045
Wheel Alignment & Balancing - 4 Wheels,AUTO-01105,GST,18,243.68,899.0,39,Repair Labor & Services,998714,8905882493534
Bosch Genuine Timing Belt - Standard,AUTO-01106,GST,28,1026.29,1258.0,10,Engine & Transmission Parts,8708,8901652444544
Purolator Performance Wiper Blade Set - Frameless,AUTO-01107,GST,18,415.76,580.0,54,Filters & Consumables,8421,8903781053912
Bosch Genuine Car Battery (DIN55) - Heavy Duty,AUTO-01108,GST,28,5009.73,6081.0,11,Tyres & Batteries,8507,8908829045792
Purolator Aftermarket Cabin/AC Filter - Active Carbon,AUTO-01109,GST,18,250.28,337.0,20,Filters & Consumables,8421,8909864242383
Bridgestone Heavy Duty Tubeless Tyre (15 inch) - 195/60 R15,AUTO-01110,GST,28,4938.42,5791.0,3,Tyres & Batteries,4011,8908706293288
Minda OEM Water Pump - OEM Specs,AUTO-01111,GST,28,1862.88,2175.0,4,Engine & Transmission Parts,8708,8903200186766
Bosch Clutch Plate Assembly - SUV,AUTO-01112,GST,28,5616.07,6561.0,10,Engine & Transmission Parts,8708,8901435614038
Gulf OEM Gear Oil - 80W-90 (1L),AUTO-01113,GST,18,461.05,669.0,45,Lubricants & Fluids,2710,8904682354695
General Periodic Service - Hatchback,AUTO-01114,GST,18,517.3,2065.0,68,Repair Labor & Services,998714,8906205459671
Castrol Genuine Gear Oil - 80W-90 (1L),AUTO-01115,GST,18,423.83,627.0,39,Lubricants & Fluids,2710,8906411065411
AC Gas Top-Up & Service - Standard,AUTO-01116,GST,18,619.04,1641.0,88,Repair Labor & Services,998714,8909497089058
Monroe Standard Suspension Bush Kit - Polyurethane,AUTO-01117,GST,28,774.02,934.0,11,Brakes & Suspension,8708,8909962697083
Bosch Car Battery (DIN55) - 55 Ah,AUTO-01118,GST,28,5714.69,7138.0,9,Tyres & Batteries,8507,8909150596257
Hyundai Mobis Alternator - 90 Amp,AUTO-01119,GST,28,4564.49,5895.0,4,Engine & Transmission Parts,8708,8906578982604
Bosch OEM Fuel Injector - Diesel,AUTO-01120,GST,28,3196.36,3849.0,10,Engine & Transmission Parts,8708,8905177741274
Elofic OEM Air Filter - Paper,AUTO-01121,GST,18,337.11,492.0,56,Filters & Consumables,8421,8908241996264
Brembo Performance Brake Rotor/Disc - Solid,AUTO-01122,GST,28,2047.08,2377.0,2,Brakes & Suspension,8708,8904542185457
Maruti Genuine Alternator - 90 Amp,AUTO-01123,GST,28,6827.01,7996.0,7,Engine & Transmission Parts,8708,8907090016356
Castrol Heavy Duty Coolant (Pre-mixed) - 1 Litre,AUTO-01124,GST,18,283.99,385.0,45,Lubricants & Fluids,2710,8902828954001
Elofic Aftermarket Wiper Blade Set - Frameless,AUTO-01125,GST,18,401.82,580.0,30,Filters & Consumables,8421,8901261685071
Maruti Genuine Clutch Plate Assembly - Hatchback,AUTO-01126,GST,28,2095.34,2716.0,11,Engine & Transmission Parts,8708,8902711526105
TRW Aftermarket Suspension Bush Kit - Polyurethane,AUTO-01127,GST,28,691.82,799.0,3,Brakes & Suspension,8708,8906950074189
Gulf Heavy Duty Gear Oil - 75W-90 (1L),AUTO-01128,GST,18,548.88,729.0,51,Lubricants & Fluids,2710,8908769893652
Michelin OEM Tubeless Tyre (16 inch) - 205/55 R16,AUTO-01129,GST,28,10964.45,12754.0,11,Tyres & Batteries,4011,8908273481310
Gulf Performance Fully Synthetic Engine Oil - 5W-30 (3.5L),AUTO-01130,GST,18,4283.23,6137.0,40,Lubricants & Fluids,2710,8903217435748
Bosch Premium Brake Rotor/Disc - Solid,AUTO-01131,GST,28,1907.72,2272.0,10,Brakes & Suspension,8708,8906067398344
Apollo Aftermarket Tubeless Tyre (15 inch) - 185/60 R15,AUTO-01132,GST,28,4810.36,5808.0,12,Tyres & Batteries,4011,8904628055077
Castrol Coolant (Pre-mixed) - 3 Litre,AUTO-01133,GST,18,370.67,508.0,38,Lubricants & Fluids,2710,8906239209085
Motul Standard Fully Synthetic Engine Oil - 5W-40 (4L),AUTO-01134,GST,18,4210.81,6035.0,53,Lubricants & Fluids,2710,8901311178619
Wheel Alignment & Balancing - 5 Wheels,AUTO-01135,GST,18,294.53,933.0,59,Repair Labor & Services,998714,8900220695354
Denting & Painting (Per Panel) - Solid Color,AUTO-01136,GST,18,894.21,3130.0,33,Repair Labor & Services,998714,8907595002601
Motul Aftermarket Brake Fluid DOT 4 - 250ml,AUTO-01137,GST,18,224.92,308.0,56,Lubricants & Fluids,2710,8909479507407
Hyundai Mobis Radiator Assembly - Aluminium,AUTO-01138,GST,28,4345.84,5030.0,7,Engine & Transmission Parts,8708,8909503100649
Bosch Heavy Duty Wheel Bearing - Front,AUTO-01139,GST,28,1032.46,1277.0,2,Brakes & Suspension,8708,8904520360894
Valeo OEM Spark Plug Set - Copper,AUTO-01140,GST,28,788.56,1024.0,7,Engine & Transmission Parts,8708,8909928553595
TVS Girling OEM Shock Absorber - Hydraulic,AUTO-01141,GST,28,1999.78,2422.0,9,Brakes & Suspension,8708,8909900696801
Amaron Car Battery (DIN65) - SUV Specs,AUTO-01142,GST,28,7545.14,9464.0,5,Tyres & Batteries,8507,8907842339449
Clutch Replacement Labor - Manual,AUTO-01143,GST,18,920.53,2979.0,58,Repair Labor & Services,998714,8902550325017
Monroe Aftermarket Shock Absorber - Hydraulic,AUTO-01144,GST,28,2983.32,3513.0,3,Brakes & Suspension,8708,8907842902923
Bosch OEM Shock Absorber - Gas Filled,AUTO-01145,GST,28,1891.78,2399.0,11,Brakes & Suspension,8708,8900605308868
Shell OEM Fully Synthetic Engine Oil - 5W-30 (3.5L),AUTO-01146,GST,18,3305.0,4556.0,29,Lubricants & Fluids,2710,8902904575988
Mahle OEM Wiper Blade Set - Frameless,AUTO-01147,GST,18,319.89,463.0,42,Filters & Consumables,8421,8904260336202
Mahle OEM Cabin/AC Filter - Standard,AUTO-01148,GST,18,225.84,338.0,16,Filters & Consumables,8421,8909207115238
LUK Aftermarket Radiator Assembly - Copper Core,AUTO-01149,GST,28,3171.07,4025.0,12,Engine & Transmission Parts,8708,8902158189705
Bosch OEM Car Battery (DIN44) - 44 Ah,AUTO-01150,GST,28,3572.21,4395.0,7,Tyres & Batteries,8507,8908819597721
Elofic Premium Wiper Blade Set - Frameless,AUTO-01151,GST,18,408.35,594.0,30,Filters & Consumables,8421,8907893186928
Apollo Performance Tubeless Tyre (15 inch) - 185/60 R15,AUTO-01152,GST,28,4766.12,5951.0,10,Tyres & Batteries,4011,8902272002839
Mobil 1 Aftermarket Gear Oil - 80W-90 (1L),AUTO-01153,GST,18,517.62,689.0,31,Lubricants & Fluids,2710,8901447432811
Mahle Premium Wiper Blade Set - Frameless,AUTO-01154,GST,18,398.03,576.0,15,Filters & Consumables,8421,8902030423227
Mahle Heavy Duty Air Filter - Paper,AUTO-01155,GST,18,342.1,458.0,23,Filters & Consumables,8421,8908165064630
AC Gas Top-Up & Service - Standard,AUTO-01156,GST,18,521.79,1583.0,84,Repair Labor & Services,998714,8901983210291
Wix Standard Engine Oil Filter - Cartridge,AUTO-01157,GST,18,179.37,255.0,25,Filters & Consumables,8421,8909831043841
Bosch Aftermarket Car Battery (DIN44) - 44 Ah,AUTO-01158,GST,28,2907.92,3723.0,3,Tyres & Batteries,8507,8906708056856
K&N Heavy Duty Engine Oil Filter - Cartridge,AUTO-01159,GST,18,195.83,291.0,20,Filters & Consumables,8421,8909865504944
Castrol Genuine Coolant (Pre-mixed) - 3 Litre,AUTO-01160,GST,18,404.32,581.0,53,Lubricants & Fluids,2710,8903396504962
Bosch Genuine Air Filter - Paper,AUTO-01161,GST,18,277.7,410.0,22,Filters & Consumables,8421,8901424362585
Mobil 1 Fully Synthetic Engine Oil - 5W-30 (3.5L),AUTO-01162,GST,18,4608.75,6539.0,58,Lubricants & Fluids,2710,8909196234199
AC Gas Top-Up & Service - Standard,AUTO-01163,GST,18,445.85,1653.0,27,Repair Labor & Services,998714,8904725058333
Shell Heavy Duty Power Steering Fluid - 500ml,AUTO-01164,GST,18,245.61,354.0,38,Lubricants & Fluids,2710,8908760545769
Brake Overhaul Labor - Rear Axle,AUTO-01165,GST,18,346.68,1237.0,44,Repair Labor & Services,998714,8905353659746
Wix OEM Wiper Blade Set - Standard Frame,AUTO-01166,GST,18,352.42,522.0,23,Filters & Consumables,8421,8901254508095
Exide Performance Car Battery (DIN55) - 55 Ah,AUTO-01167,GST,28,5290.5,6557.0,7,Tyres & Batteries,8507,8905966472130
Mahle Performance Air Filter - Paper,AUTO-01168,GST,18,380.9,540.0,22,Filters & Consumables,8421,8904261404893
TRW OEM Brake Rotor/Disc - Solid,AUTO-01169,GST,28,1810.42,2168.0,6,Brakes & Suspension,8708,8903079637310
Valeo Aftermarket Ignition Coil - Set of 4,AUTO-01170,GST,28,1173.76,1371.0,7,Engine & Transmission Parts,8708,8908718452354
Brake Overhaul Labor - All 4 Wheels,AUTO-01171,GST,18,492.8,1856.0,93,Repair Labor & Services,998714,8907017320865
Wheel Alignment & Balancing - 5 Wheels,AUTO-01172,GST,18,250.45,843.0,61,Repair Labor & Services,998714,8905633701400
AC Gas Top-Up & Service - Standard,AUTO-01173,GST,18,733.91,1904.0,57,Repair Labor & Services,998714,8905800027221
Mobil 1 Heavy Duty Brake Fluid DOT 4 - 500ml,AUTO-01174,GST,18,242.09,316.0,34,Lubricants & Fluids,2710,8903913681720
TVS Girling Performance Brake Rotor/Disc - Solid,AUTO-01175,GST,28,1890.67,2218.0,8,Brakes & Suspension,8708,8902092973525
Exide Heavy Duty Car Battery (DIN65) - 65 Ah,AUTO-01176,GST,28,5053.81,6297.0,9,Tyres & Batteries,8507,8903938992045
Wix Heavy Duty Air Filter - Washable Cotton,AUTO-01177,GST,18,295.38,409.0,20,Filters & Consumables,8421,8908507610870
Bosch OEM Car Battery (DIN44) - Maintenance Free,AUTO-01178,GST,28,3997.76,5095.0,5,Tyres & Batteries,8507,8906010712615
Wheel Alignment & Balancing - 4 Wheels,AUTO-01179,GST,18,317.02,1027.0,90,Repair Labor & Services,998714,8906484673574
Brembo Aftermarket Brake Rotor/Disc - Vented,AUTO-01180,GST,28,1711.79,2010.0,10,Brakes & Suspension,8708,8900194425892
Denting & Painting (Per Panel) - Solid Color,AUTO-01181,GST,18,973.73,2951.0,17,Repair Labor & Services,998714,8906295350637
TVS Girling Premium Wheel Bearing - Front,AUTO-01182,GST,28,853.46,1069.0,9,Brakes & Suspension,8708,8904130753841
AC Gas Top-Up & Service - Standard,AUTO-01183,GST,18,719.05,1875.0,59,Repair Labor & Services,998714,8902608463975
Purolator Cabin/AC Filter - Active Carbon,AUTO-01184,GST,18,223.66,305.0,51,Filters & Consumables,8421,8901215164119
AC Gas Top-Up & Service - Deep Clean,AUTO-01185,GST,18,329.74,1286.0,21,Repair Labor & Services,998714,8909693957875
TVS Girling Aftermarket Suspension Bush Kit - Polyurethane,AUTO-01186,GST,28,620.26,729.0,4,Brakes & Suspension,8708,8900197121241
Gabriel Genuine Brake Rotor/Disc - Solid,AUTO-01187,GST,28,1885.05,2328.0,9,Brakes & Suspension,8708,8906098731267
Bosch Aftermarket Engine Oil Filter - Spin-on,AUTO-01188,GST,18,190.15,262.0,16,Filters & Consumables,8421,8907598897865
TRW Standard Wheel Bearing - Front,AUTO-01189,GST,28,834.41,1035.0,12,Brakes & Suspension,8708,8906543089523
LUK OEM Clutch Plate Assembly - Hatchback,AUTO-01190,GST,28,2268.88,2729.0,2,Engine & Transmission Parts,8708,8905764497470
General Periodic Service - Hatchback,AUTO-01191,GST,18,703.92,2250.0,49,Repair Labor & Services,998714,8904867649797
Motul Genuine Coolant (Pre-mixed) - 1 Litre,AUTO-01192,GST,18,284.41,394.0,17,Lubricants & Fluids,2710,8904500635537
TVS Girling Standard Tie Rod End - Right,AUTO-01193,GST,28,533.62,663.0,9,Brakes & Suspension,8708,8907119529635
TVS Girling Wheel Bearing - Rear (with ABS),AUTO-01194,GST,28,1096.96,1291.0,7,Brakes & Suspension,8708,8901282763643
Maruti Genuine Spark Plug Set - Copper,AUTO-01195,GST,28,748.56,900.0,6,Engine & Transmission Parts,8708,8906634544344
Mahindra Genuine Heavy Duty Timing Belt - Heavy Duty,AUTO-01196,GST,28,1202.83,1427.0,6,Engine & Transmission Parts,8708,8904974394640
Exide Aftermarket Car Battery (DIN65) - 65 Ah,AUTO-01197,GST,28,4941.51,5926.0,8,Tyres & Batteries,8507,8902973988941
Brembo Brake Pad Set - Front,AUTO-01198,GST,28,869.43,1090.0,3,Brakes & Suspension,8708,8907075485346
Gulf Aftermarket Coolant (Pre-mixed) - 1 Litre,AUTO-01199,GST,18,209.67,273.0,34,Lubricants & Fluids,2710,8904964612939
Bosch OEM Water Pump - Aftermarket,AUTO-01200,GST,28,1951.65,2278.0,9,Engine & Transmission Parts,8708,8905658963595
Clutch Replacement Labor - Automatic,AUTO-01201,GST,18,1224.02,3850.0,20,Repair Labor & Services,998714,8909931458434
Brake Overhaul Labor - Rear Axle,AUTO-01202,GST,18,376.12,1066.0,79,Repair Labor & Services,998714,8908503423622
Minda Radiator Assembly - Copper Core,AUTO-01203,GST,28,3713.33,4418.0,5,Engine & Transmission Parts,8708,8901043796868
Bosch Standard Fuel Injector - Diesel,AUTO-01204,GST,28,2641.86,3269.0,2,Engine & Transmission Parts,8708,8902177417430
Shell Premium Power Steering Fluid - 1 Litre,AUTO-01205,GST,18,183.33,258.0,38,Lubricants & Fluids,2710,8900228946652
Mahle Heavy Duty Air Filter - Paper,AUTO-01206,GST,18,273.55,410.0,54,Filters & Consumables,8421,8903020256913
TVS Girling Heavy Duty Brake Rotor/Disc - Vented,AUTO-01207,GST,28,1704.86,2065.0,9,Brakes & Suspension,8708,8901167507627
MRF Heavy Duty Tubeless Tyre (16 inch) - 205/55 R16,AUTO-01208,GST,28,7744.75,9652.0,5,Tyres & Batteries,4011,8900123984723
Minda Aftermarket Spark Plug Set - Copper,AUTO-01209,GST,28,566.19,697.0,9,Engine & Transmission Parts,8708,8901901722240
Castrol Standard Coolant (Pre-mixed) - 3 Litre,AUTO-01210,GST,18,366.14,516.0,21,Lubricants & Fluids,2710,8907754619924
Tata Genuine Fuel Injector - Diesel,AUTO-01211,GST,28,2350.51,2942.0,12,Engine & Transmission Parts,8708,8902581225909
Brake Overhaul Labor - Rear Axle,AUTO-01212,GST,18,362.83,1405.0,28,Repair Labor & Services,998714,8903733791212
Valeo Clutch Plate Assembly - Hatchback,AUTO-01213,GST,28,2722.49,3148.0,7,Engine & Transmission Parts,8708,8908690170740
Engine Scanning & Diagnostics - OBD2 Scan,AUTO-01214,GST,18,147.32,583.0,89,Repair Labor & Services,998714,8904529517122
Monroe Heavy Duty Suspension Bush Kit - Rubber,AUTO-01215,GST,28,662.47,807.0,4,Brakes & Suspension,8708,8900542216265
Engine Scanning & Diagnostics - Full System Scan,AUTO-01216,GST,18,226.59,818.0,10,Repair Labor & Services,998714,8908334447048
Amaron Premium Car Battery (DIN55) - Heavy Duty,AUTO-01217,GST,28,4584.21,5825.0,2,Tyres & Batteries,8507,8905968519537
Mahle Genuine Wiper Blade Set - Frameless,AUTO-01218,GST,18,363.93,521.0,25,Filters & Consumables,8421,8909563427775
Brembo Premium Shock Absorber - Gas Filled,AUTO-01219,GST,28,2266.01,2907.0,7,Brakes & Suspension,8708,8908129205922
Michelin Performance Tubeless Tyre (14 inch) - 165/70 R14,AUTO-01220,GST,28,1980.82,2323.0,7,Tyres & Batteries,4011,8905963637262
Michelin Premium Tubeless Tyre (16 inch) - 215/60 R16,AUTO-01221,GST,28,8834.58,10604.0,6,Tyres & Batteries,4011,8909808513313
Clutch Replacement Labor - Manual,AUTO-01222,GST,18,1031.0,3404.0,38,Repair Labor & Services,998714,8902112212154
Michelin Aftermarket Tubeless Tyre (14 inch) - 185/65 R14,AUTO-01223,GST,28,2179.84,2682.0,8,Tyres & Batteries,4011,8904019185488
Tata Genuine Aftermarket Spark Plug Set - Platinum,AUTO-01224,GST,28,784.14,981.0,2,Engine & Transmission Parts,8708,8906298778735
Amaron Genuine Car Battery (DIN65) - SUV Specs,AUTO-01225,GST,28,11470.42,13878.0,6,Tyres & Batteries,8507,8901962342192
Clutch Replacement Labor - Manual,AUTO-01226,GST,18,1114.78,3093.0,49,Repair Labor & Services,998714,8901042948314
Engine Scanning & Diagnostics - OBD2 Scan,AUTO-01227,GST,18,201.61,690.0,29,Repair Labor & Services,998714,8906999949812
MRF Premium Tubeless Tyre (15 inch) - 195/60 R15,AUTO-01228,GST,28,3748.77,4554.0,8,Tyres & Batteries,4011,8900200053285
Gabriel OEM Suspension Bush Kit - Polyurethane,AUTO-01229,GST,28,581.63,724.0,7,Brakes & Suspension,8708,8902438380582
Elofic Premium Air Filter - Paper,AUTO-01230,GST,18,336.94,474.0,42,Filters & Consumables,8421,8902763328389
Wix Air Filter - Paper,AUTO-01231,GST,18,320.82,465.0,47,Filters & Consumables,8421,8905186267136
CEAT OEM Tubeless Tyre (14 inch) - 165/70 R14,AUTO-01232,GST,28,1837.87,2253.0,4,Tyres & Batteries,4011,8903392188352
Wix Wiper Blade Set - Frameless,AUTO-01233,GST,18,334.77,498.0,59,Filters & Consumables,8421,8900677610659
TVS Girling Standard Wheel Bearing - Front,AUTO-01234,GST,28,910.22,1057.0,4,Brakes & Suspension,8708,8907976178159
Elofic Standard Wiper Blade Set - Frameless,AUTO-01235,GST,18,360.13,504.0,58,Filters & Consumables,8421,8900266568629
Motul Semi-Synthetic Engine Oil - 15W-40 (4L),AUTO-01236,GST,18,1190.85,1695.0,52,Lubricants & Fluids,2710,8909255394607
Wheel Alignment & Balancing - 4 Wheels,AUTO-01237,GST,18,241.85,777.0,89,Repair Labor & Services,998714,8906694179967
Bosch Ignition Coil - Set of 4,AUTO-01238,GST,28,1203.03,1447.0,11,Engine & Transmission Parts,8708,8909464183984
Tata Genuine Standard Ignition Coil - Single Pack,AUTO-01239,GST,28,1499.37,1841.0,12,Engine & Transmission Parts,8708,8905369881649
MRF Performance Tubeless Tyre (16 inch) - 205/55 R16,AUTO-01240,GST,28,10679.15,12548.0,12,Tyres & Batteries,4011,8908605210262
Purolator Standard Fuel Filter - Diesel Cartridge,AUTO-01241,GST,18,482.32,714.0,16,Filters & Consumables,8421,8908248458130
Amaron Premium Car Battery (DIN55) - 55 Ah,AUTO-01242,GST,28,4695.15,5869.0,10,Tyres & Batteries,8507,8908399741856
TVS Girling Performance Brake Rotor/Disc - Solid,AUTO-01243,GST,28,2399.13,2776.0,5,Brakes & Suspension,8708,8900566199530
Valvoline Standard Brake Fluid DOT 4 - 250ml,AUTO-01244,GST,18,218.93,293.0,43,Lubricants & Fluids,2710,8908467908701
MRF Premium Tubeless Tyre (15 inch) - 185/60 R15,AUTO-01245,GST,28,3424.9,4324.0,8,Tyres & Batteries,4011,8905103444429
Bosch Standard Car Battery (DIN44) - Maintenance Free,AUTO-01246,GST,28,3476.5,4218.0,8,Tyres & Batteries,8507,8905240622155
Amaron Aftermarket Car Battery (DIN44) - Maintenance Free,AUTO-01247,GST,28,4214.29,5332.0,4,Tyres & Batteries,8507,8902190533470
Liqui Moly Genuine Brake Fluid DOT 4 - 500ml,AUTO-01248,GST,18,254.1,345.0,35,Lubricants & Fluids,2710,8905939652138
Bosch OEM Brake Pad Set - Rear,AUTO-01249,GST,28,1294.09,1544.0,7,Brakes & Suspension,8708,8903129003622
Valeo Aftermarket Ignition Coil - Single Pack,AUTO-01250,GST,28,1395.66,1702.0,4,Engine & Transmission Parts,8708,8906488395855
CEAT Standard Tubeless Tyre (15 inch) - 195/60 R15,AUTO-01251,GST,28,4619.19,5552.0,7,Tyres & Batteries,4011,8901618575917
Bosch Premium Fuel Injector - Diesel,AUTO-01252,GST,28,2615.55,3243.0,6,Engine & Transmission Parts,8708,8907744735352
Liqui Moly OEM Power Steering Fluid - 1 Litre,AUTO-01253,GST,18,233.52,343.0,22,Lubricants & Fluids,2710,8905949734493
Maruti Genuine Radiator Assembly - Copper Core,AUTO-01254,GST,28,3657.84,4275.0,5,Engine & Transmission Parts,8708,8906113389260
Amaron OEM Car Battery (DIN55) - 55 Ah,AUTO-01255,GST,28,5434.59,6641.0,9,Tyres & Batteries,8507,8903048625152
Hyundai Mobis Spark Plug Set - Platinum,AUTO-01256,GST,28,828.32,979.0,7,Engine & Transmission Parts,8708,8903780189156
Wheel Alignment & Balancing - 5 Wheels,AUTO-01257,GST,18,306.02,993.0,71,Repair Labor & Services,998714,8907629691433
Bosch Genuine Wiper Blade Set - Standard Frame,AUTO-01258,GST,18,409.09,567.0,36,Filters & Consumables,8421,8900999900108
Bridgestone Heavy Duty Tubeless Tyre (16 inch) - 205/55 R16,AUTO-01259,GST,28,6936.06,8919.0,12,Tyres & Batteries,4011,8905211896844
Rane Standard Shock Absorber - Hydraulic,AUTO-01260,GST,28,2695.59,3308.0,10,Brakes & Suspension,8708,8904997957285
Mahle Aftermarket Wiper Blade Set - Standard Frame,AUTO-01261,GST,18,440.49,638.0,52,Filters & Consumables,8421,8900221797891
Bosch Tie Rod End - Left,AUTO-01262,GST,28,617.56,753.0,7,Brakes & Suspension,8708,8909844514367
Gabriel OEM Suspension Bush Kit - Polyurethane,AUTO-01263,GST,28,669.68,792.0,2,Brakes & Suspension,8708,8903885681193
Amaron Standard Car Battery (DIN55) - 55 Ah,AUTO-01264,GST,28,4755.57,6102.0,2,Tyres & Batteries,8507,8909921779055
Gabriel Heavy Duty Suspension Bush Kit - Rubber,AUTO-01265,GST,28,636.24,807.0,3,Brakes & Suspension,8708,8905880705326
Valeo OEM Timing Belt - Standard,AUTO-01266,GST,28,793.03,1026.0,10,Engine & Transmission Parts,8708,8902974255136
Bosch OEM Fuel Injector - Diesel,AUTO-01267,GST,28,2319.96,2782.0,4,Engine & Transmission Parts,8708,8904373615873
K&N OEM Air Filter - Washable Cotton,AUTO-01268,GST,18,311.01,426.0,53,Filters & Consumables,8421,8906933539005
Bosch Performance Car Battery (DIN44) - 44 Ah,AUTO-01269,GST,28,4415.41,5376.0,5,Tyres & Batteries,8507,8901566397925
Motul Standard Fully Synthetic Engine Oil - 5W-40 (4L),AUTO-01270,GST,18,3298.46,4919.0,54,Lubricants & Fluids,2710,8900283772702
Exide Genuine Car Battery (DIN44) - Maintenance Free,AUTO-01271,GST,28,3552.28,4218.0,4,Tyres & Batteries,8507,8908164416101
Amaron Heavy Duty Car Battery (DIN44) - Maintenance Free,AUTO-01272,GST,28,3600.16,4582.0,6,Tyres & Batteries,8507,8906405103880
Monroe Standard Brake Rotor/Disc - Vented,AUTO-01273,GST,28,1657.93,2011.0,8,Brakes & Suspension,8708,8902814447189
Gabriel Premium Shock Absorber - Gas Filled,AUTO-01274,GST,28,2511.59,3105.0,2,Brakes & Suspension,8708,8906764909228
Apollo Standard Tubeless Tyre (16 inch) - 205/55 R16,AUTO-01275,GST,28,10286.96,12371.0,5,Tyres & Batteries,4011,8905872717430
Clutch Replacement Labor - Manual,AUTO-01276,GST,18,1108.89,4168.0,44,Repair Labor & Services,998714,8900343988187
Gabriel Performance Suspension Bush Kit - Rubber,AUTO-01277,GST,28,921.1,1090.0,5,Brakes & Suspension,8708,8903647704130
Exide Performance Car Battery (DIN55) - 55 Ah,AUTO-01278,GST,28,4772.24,5944.0,8,Tyres & Batteries,8507,8900282625420
Motul Heavy Duty Gear Oil - 80W-90 (1L),AUTO-01279,GST,18,528.04,751.0,56,Lubricants & Fluids,2710,8905772044100
Brake Overhaul Labor - All 4 Wheels,AUTO-01280,GST,18,608.65,1718.0,44,Repair Labor & Services,998714,8905381097941
Wheel Alignment & Balancing - 5 Wheels,AUTO-01281,GST,18,191.92,690.0,81,Repair Labor & Services,998714,8907264963225
Hyundai Mobis Spark Plug Set - Iridium,AUTO-01282,GST,28,658.96,784.0,12,Engine & Transmission Parts,8708,8903261189003
Valvoline OEM Transmission Fluid (ATF) - 5 Litre,AUTO-01283,GST,18,1243.46,1670.0,45,Lubricants & Fluids,2710,8900286720200
CEAT Genuine Tubeless Tyre (15 inch) - 185/60 R15,AUTO-01284,GST,28,3513.95,4231.0,8,Tyres & Batteries,4011,8908900577950
Valeo Aftermarket Ignition Coil - Single Pack,AUTO-01285,GST,28,1181.39,1500.0,2,Engine & Transmission Parts,8708,8900739713072
TVS Girling Genuine Brake Pad Set - Front,AUTO-01286,GST,28,1051.14,1326.0,9,Brakes & Suspension,8708,8901672210454
Clutch Replacement Labor - Manual,AUTO-01287,GST,18,1145.13,3150.0,18,Repair Labor & Services,998714,8907074436023
Servo Aftermarket Power Steering Fluid - 500ml,AUTO-01288,GST,18,307.15,405.0,40,Lubricants & Fluids,2710,8900252394120
CEAT Tubeless Tyre (16 inch) - 205/55 R16,AUTO-01289,GST,28,9189.43,10599.0,12,Tyres & Batteries,4011,8902655132761
Engine Scanning & Diagnostics - Full System Scan,AUTO-01290,GST,18,237.79,836.0,44,Repair Labor & Services,998714,8905598516021
Valeo Aftermarket Fuel Injector - Diesel,AUTO-01291,GST,28,3151.72,3880.0,8,Engine & Transmission Parts,8708,8904986478686
Brembo Premium Suspension Bush Kit - Rubber,AUTO-01292,GST,28,873.45,1070.0,6,Brakes & Suspension,8708,8904740837819
Bosch Aftermarket Ignition Coil - Set of 4,AUTO-01293,GST,28,1115.37,1333.0,2,Engine & Transmission Parts,8708,8906983692353
Servo Standard Transmission Fluid (ATF) - 5 Litre,AUTO-01294,GST,18,1016.7,1515.0,47,Lubricants & Fluids,2710,8902139865462
Rane OEM Brake Pad Set - Front,AUTO-01295,GST,28,1321.3,1559.0,9,Brakes & Suspension,8708,8902055033000
Tata Genuine Genuine Radiator Assembly - Copper Core,AUTO-01296,GST,28,3827.9,4743.0,11,Engine & Transmission Parts,8708,8900088991141
Purolator Genuine Engine Oil Filter - Spin-on,AUTO-01297,GST,18,190.57,276.0,24,Filters & Consumables,8421,8903273798979
Tata Genuine Performance Clutch Plate Assembly - SUV,AUTO-01298,GST,28,4249.24,5517.0,3,Engine & Transmission Parts,8708,8908674630009
Michelin Heavy Duty Tubeless Tyre (16 inch) - 215/60 R16,AUTO-01299,GST,28,8068.58,9396.0,5,Tyres & Batteries,4011,8907118151985
AC Gas Top-Up & Service - Standard,AUTO-01300,GST,18,544.46,1376.0,91,Repair Labor & Services,998714,8904015353466
Hyundai Mobis Fuel Injector - Petrol,AUTO-01301,GST,28,2436.92,3128.0,6,Engine & Transmission Parts,8708,8906672010824
General Periodic Service - Hatchback,AUTO-01302,GST,18,744.05,2030.0,27,Repair Labor & Services,998714,8903879402620
Amaron Car Battery (DIN55) - 55 Ah,AUTO-01303,GST,28,4962.18,6380.0,9,Tyres & Batteries,8507,8903536423570
Mahindra Genuine OEM Timing Belt - Standard,AUTO-01304,GST,28,1260.94,1556.0,4,Engine & Transmission Parts,8708,8908518161255
MRF OEM Tubeless Tyre (16 inch) - 205/55 R16,AUTO-01305,GST,28,7357.43,9125.0,5,Tyres & Batteries,4011,8900466001283
Exide Premium Car Battery (DIN44) - 44 Ah,AUTO-01306,GST,28,3912.52,4937.0,4,Tyres & Batteries,8507,8903296151204
Michelin Tubeless Tyre (16 inch) - 215/60 R16,AUTO-01307,GST,28,9073.5,10877.0,6,Tyres & Batteries,4011,8904604227634
Purolator Performance Engine Oil Filter - Spin-on,AUTO-01308,GST,18,174.05,239.0,55,Filters & Consumables,8421,8903472435861
K&N Aftermarket Wiper Blade Set - Frameless,AUTO-01309,GST,18,438.89,637.0,58,Filters & Consumables,8421,8902726708666
Valvoline Standard Semi-Synthetic Engine Oil - 10W-40 (3.5L),AUTO-01310,GST,18,1560.41,2327.0,54,Lubricants & Fluids,2710,8907687849477
LUK Heavy Duty Clutch Plate Assembly - SUV,AUTO-01311,GST,28,4907.94,5671.0,3,Engine & Transmission Parts,8708,8908489742235
Shell Standard Brake Fluid DOT 4 - 250ml,AUTO-01312,GST,18,195.16,288.0,39,Lubricants & Fluids,2710,8908212156495
Bosch Premium Shock Absorber - Gas Filled,AUTO-01313,GST,28,2883.93,3602.0,6,Brakes & Suspension,8708,8904111973881
Bosch Premium Car Battery (DIN44) - 44 Ah,AUTO-01314,GST,28,3663.02,4381.0,7,Tyres & Batteries,8507,8909488218849
Elofic Genuine Engine Oil Filter - Cartridge,AUTO-01315,GST,18,166.34,242.0,37,Filters & Consumables,8421,8901102125434
LUK OEM Radiator Assembly - Aluminium,AUTO-01316,GST,28,4542.85,5259.0,11,Engine & Transmission Parts,8708,8908603721860
Minda Heavy Duty Water Pump - OEM Specs,AUTO-01317,GST,28,1843.04,2243.0,11,Engine & Transmission Parts,8708,8909901140034
Purolator Air Filter - Paper,AUTO-01318,GST,18,376.6,534.0,44,Filters & Consumables,8421,8908601625908
Motul Transmission Fluid (ATF) - 5 Litre,AUTO-01319,GST,18,1285.76,1756.0,38,Lubricants & Fluids,2710,8900113753582
General Periodic Service - Sedan,AUTO-01320,GST,18,783.44,2753.0,66,Repair Labor & Services,998714,8908072790371
Purolator OEM Fuel Filter - Petrol In-line,AUTO-01321,GST,18,559.54,780.0,24,Filters & Consumables,8421,8902399647718
Monroe Premium Shock Absorber - Gas Filled,AUTO-01322,GST,28,2427.27,2944.0,3,Brakes & Suspension,8708,8900248085578
Bosch Standard Water Pump - Aftermarket,AUTO-01323,GST,28,1851.87,2343.0,5,Engine & Transmission Parts,8708,8906221690696
Bosch Genuine Car Battery (DIN44) - Maintenance Free,AUTO-01324,GST,28,3692.67,4462.0,9,Tyres & Batteries,8507,8905169139521
Castrol Genuine Gear Oil - 80W-90 (1L),AUTO-01325,GST,18,513.42,752.0,39,Lubricants & Fluids,2710,8901070335084
Bosch Heavy Duty Brake Rotor/Disc - Vented,AUTO-01326,GST,28,2046.45,2442.0,6,Brakes & Suspension,8708,8908130041691
Maruti Genuine Radiator Assembly - Aluminium,AUTO-01327,GST,28,3131.17,4029.0,8,Engine & Transmission Parts,8708,8907586463395
Bosch OEM Tie Rod End - Left,AUTO-01328,GST,28,443.36,511.0,3,Brakes & Suspension,8708,8904764278961
Liqui Moly Performance Semi-Synthetic Engine Oil - 15W-40 (4L),AUTO-01329,GST,18,1438.42,2133.0,22,Lubricants & Fluids,2710,8902817751239
Liqui Moly Performance Transmission Fluid (ATF) - 1 Litre,AUTO-01330,GST,18,479.36,638.0,55,Lubricants & Fluids,2710,8900972360244
Wix Genuine Cabin/AC Filter - Active Carbon,AUTO-01331,GST,18,300.64,419.0,17,Filters & Consumables,8421,8905171073087
Maruti Genuine Alternator - 120 Amp,AUTO-01332,GST,28,5681.35,7080.0,5,Engine & Transmission Parts,8708,8907031754380
Monroe Standard Shock Absorber - Gas Filled,AUTO-01333,GST,28,2514.5,3014.0,9,Brakes & Suspension,8708,8902602925468
Bosch Standard Fuel Filter - Petrol In-line,AUTO-01334,GST,18,607.31,844.0,42,Filters & Consumables,8421,8904207632713
Shell Gear Oil - 75W-90 (1L),AUTO-01335,GST,18,469.24,623.0,53,Lubricants & Fluids,2710,8902386879060
Valvoline Aftermarket Transmission Fluid (ATF) - 1 Litre,AUTO-01336,GST,18,403.83,552.0,38,Lubricants & Fluids,2710,8903405089273
Bosch Performance Car Battery (DIN65) - 65 Ah,AUTO-01337,GST,28,6910.64,8392.0,6,Tyres & Batteries,8507,8900535670789
K&N Standard Cabin/AC Filter - Active Carbon,AUTO-01338,GST,18,219.71,323.0,52,Filters & Consumables,8421,8900384227362
Wix Premium Air Filter - Paper,AUTO-01339,GST,18,393.23,525.0,56,Filters & Consumables,8421,8902711175769
Hyundai Mobis Timing Belt - Heavy Duty,AUTO-01340,GST,28,880.1,1051.0,11,Engine & Transmission Parts,8708,8908514486983
Maruti Genuine Water Pump - OEM Specs,AUTO-01341,GST,28,2779.76,3200.0,11,Engine & Transmission Parts,8708,8902202698014
Rane Suspension Bush Kit - Rubber,AUTO-01342,GST,28,897.26,1040.0,10,Brakes & Suspension,8708,8900177031637
Maruti Genuine Clutch Plate Assembly - Hatchback,AUTO-01343,GST,28,2307.62,2726.0,8,Engine & Transmission Parts,8708,8907244693172
Bosch Heavy Duty Car Battery (DIN44) - Maintenance Free,AUTO-01344,GST,28,3025.33,3580.0,11,Tyres & Batteries,8507,8900654025998
Motul Heavy Duty Gear Oil - 80W-90 (1L),AUTO-01345,GST,18,377.74,544.0,46,Lubricants & Fluids,2710,8902812916350
Valvoline Genuine Fully Synthetic Engine Oil - 5W-30 (3.5L),AUTO-01346,GST,18,4319.99,6007.0,56,Lubricants & Fluids,2710,8905272845397
Gulf Premium Fully Synthetic Engine Oil - 5W-40 (4L),AUTO-01347,GST,18,3914.91,5517.0,34,Lubricants & Fluids,2710,8900675602080
General Periodic Service - SUV,AUTO-01348,GST,18,1626.49,4471.0,19,Repair Labor & Services,998714,8905439044890
CEAT Performance Tubeless Tyre (15 inch) - 195/60 R15,AUTO-01349,GST,28,3923.48,4614.0,4,Tyres & Batteries,4011,8903510255501
Apollo Standard Tubeless Tyre (15 inch) - 185/60 R15,AUTO-01350,GST,28,4630.95,5800.0,2,Tyres & Batteries,4011,8903698884393
Brembo Heavy Duty Brake Rotor/Disc - Solid,AUTO-01351,GST,28,1924.25,2260.0,8,Brakes & Suspension,8708,8902080598312
Servo Premium Fully Synthetic Engine Oil - 5W-30 (3.5L),AUTO-01352,GST,18,3933.65,5376.0,53,Lubricants & Fluids,2710,8906599920123
K&N Air Filter - Paper,AUTO-01353,GST,18,335.78,476.0,32,Filters & Consumables,8421,8902106294193
Mahle Aftermarket Wiper Blade Set - Frameless,AUTO-01354,GST,18,335.43,466.0,59,Filters & Consumables,8421,8903175362647
Mobil 1 Standard Gear Oil - 75W-90 (1L),AUTO-01355,GST,18,414.34,613.0,24,Lubricants & Fluids,2710,8900961730099
Rane Performance Wheel Bearing - Rear (with ABS),AUTO-01356,GST,28,1149.03,1368.0,5,Brakes & Suspension,8708,8902115355051
Shell OEM Gear Oil - 80W-90 (1L),AUTO-01357,GST,18,504.92,667.0,30,Lubricants & Fluids,2710,8900877972479
Bosch Aftermarket Wheel Bearing - Rear (with ABS),AUTO-01358,GST,28,868.55,1011.0,10,Brakes & Suspension,8708,8903458192048
K&N Engine Oil Filter - Cartridge,AUTO-01359,GST,18,193.74,284.0,27,Filters & Consumables,8421,8903329986515
Bridgestone Tubeless Tyre (15 inch) - 185/60 R15,AUTO-01360,GST,28,4264.28,5518.0,6,Tyres & Batteries,4011,8900858588382
Valvoline Aftermarket Gear Oil - 75W-90 (1L),AUTO-01361,GST,18,463.89,619.0,47,Lubricants & Fluids,2710,8904672925435
General Periodic Service - SUV,AUTO-01362,GST,18,1352.55,3704.0,33,Repair Labor & Services,998714,8905018256247
Gabriel Standard Suspension Bush Kit - Polyurethane,AUTO-01363,GST,28,849.29,1059.0,3,Brakes & Suspension,8708,8902234149929
Bosch Aftermarket Alternator - 120 Amp,AUTO-01364,GST,28,6540.86,7957.0,4,Engine & Transmission Parts,8708,8906604509563
TVS Girling Premium Suspension Bush Kit - Rubber,AUTO-01365,GST,28,616.17,730.0,3,Brakes & Suspension,8708,8900193353892
Brembo OEM Shock Absorber - Hydraulic,AUTO-01366,GST,28,2009.23,2489.0,8,Brakes & Suspension,8708,8900060827705
Mahle Genuine Fuel Filter - Petrol In-line,AUTO-01367,GST,18,607.18,796.0,42,Filters & Consumables,8421,8902643850095
Monroe Standard Brake Rotor/Disc - Vented,AUTO-01368,GST,28,1881.31,2289.0,8,Brakes & Suspension,8708,8902313361094
Motul Aftermarket Coolant (Pre-mixed) - 3 Litre,AUTO-01369,GST,18,397.07,573.0,39,Lubricants & Fluids,2710,8905441372776
Amaron Premium Car Battery (DIN44) - Maintenance Free,AUTO-01370,GST,28,4396.14,5193.0,6,Tyres & Batteries,8507,8909429046175
Motul Premium Transmission Fluid (ATF) - 5 Litre,AUTO-01371,GST,18,1275.24,1871.0,46,Lubricants & Fluids,2710,8909993242024
Amaron Standard Car Battery (DIN44) - Maintenance Free,AUTO-01372,GST,28,3035.69,3717.0,5,Tyres & Batteries,8507,8904565386947
Apollo Performance Tubeless Tyre (14 inch) - 165/70 R14,AUTO-01373,GST,28,2433.93,2934.0,5,Tyres & Batteries,4011,8906268904723
Bosch OEM Car Battery (DIN65) - SUV Specs,AUTO-01374,GST,28,7194.7,9307.0,11,Tyres & Batteries,8507,8905385574216
Wheel Alignment & Balancing - 5 Wheels,AUTO-01375,GST,18,384.89,981.0,38,Repair Labor & Services,998714,8907814604761
Shell Standard Coolant (Pre-mixed) - 3 Litre,AUTO-01376,GST,18,324.37,425.0,39,Lubricants & Fluids,2710,8901875646726
Monroe Performance Tie Rod End - Left,AUTO-01377,GST,28,536.52,688.0,3,Brakes & Suspension,8708,8908589900277
Engine Scanning & Diagnostics - OBD2 Scan,AUTO-01378,GST,18,263.33,780.0,15,Repair Labor & Services,998714,8907860435660
Castrol Semi-Synthetic Engine Oil - 10W-40 (3.5L),AUTO-01379,GST,18,1260.69,1746.0,47,Lubricants & Fluids,2710,8903306773067
Engine Scanning & Diagnostics - OBD2 Scan,AUTO-01380,GST,18,244.97,767.0,70,Repair Labor & Services,998714,8909419087886
Shell Premium Transmission Fluid (ATF) - 5 Litre,AUTO-01381,GST,18,1017.04,1475.0,51,Lubricants & Fluids,2710,8906342898760
Clutch Replacement Labor - Automatic,AUTO-01382,GST,18,1245.66,4304.0,83,Repair Labor & Services,998714,8902217048618
Wix Genuine Fuel Filter - Petrol In-line,AUTO-01383,GST,18,498.74,667.0,18,Filters & Consumables,8421,8901629073992
Amaron Aftermarket Car Battery (DIN55) - 55 Ah,AUTO-01384,GST,28,4238.39,4972.0,7,Tyres & Batteries,8507,8903371708649
Mobil 1 Aftermarket Coolant (Pre-mixed) - 3 Litre,AUTO-01385,GST,18,269.47,389.0,52,Lubricants & Fluids,2710,8908313549014
Valvoline Genuine Coolant (Pre-mixed) - 1 Litre,AUTO-01386,GST,18,268.91,353.0,36,Lubricants & Fluids,2710,8908730549824
Gabriel Heavy Duty Tie Rod End - Right,AUTO-01387,GST,28,581.06,729.0,12,Brakes & Suspension,8708,8901781678066
Denting & Painting (Per Panel) - Solid Color,AUTO-01388,GST,18,724.38,2512.0,84,Repair Labor & Services,998714,8900164928150
Monroe Brake Pad Set - Front,AUTO-01389,GST,28,846.06,1049.0,4,Brakes & Suspension,8708,8906407030880
Michelin Aftermarket Tubeless Tyre (14 inch) - 185/65 R14,AUTO-01390,GST,28,1913.45,2248.0,8,Tyres & Batteries,4011,8908244850072
Bosch Aftermarket Car Battery (DIN65) - SUV Specs,AUTO-01391,GST,28,9974.28,12415.0,3,Tyres & Batteries,8507,8901680691961
TRW Genuine Suspension Bush Kit - Rubber,AUTO-01392,GST,28,626.61,773.0,10,Brakes & Suspension,8708,8902039170263
AC Gas Top-Up & Service - Deep Clean,AUTO-01393,GST,18,440.7,1495.0,90,Repair Labor & Services,998714,8902458701204
Wheel Alignment & Balancing - 5 Wheels,AUTO-01394,GST,18,299.58,917.0,62,Repair Labor & Services,998714,8909091237530
Gabriel Genuine Shock Absorber - Hydraulic,AUTO-01395,GST,28,2650.84,3417.0,2,Brakes & Suspension,8708,8903967024365
TRW Premium Wheel Bearing - Rear (with ABS),AUTO-01396,GST,28,937.17,1109.0,8,Brakes & Suspension,8708,8904818754036
Clutch Replacement Labor - Manual,AUTO-01397,GST,18,987.34,3530.0,67,Repair Labor & Services,998714,8907385466232
Monroe Genuine Brake Pad Set - Rear,AUTO-01398,GST,28,1173.58,1456.0,11,Brakes & Suspension,8708,8908649125949
Wix Premium Air Filter - Paper,AUTO-01399,GST,18,430.0,575.0,48,Filters & Consumables,8421,8906226992066
Purolator Aftermarket Fuel Filter - Diesel Cartridge,AUTO-01400,GST,18,444.14,608.0,54,Filters & Consumables,8421,8909929983358
Clutch Replacement Labor - Automatic,AUTO-01401,GST,18,1288.56,4093.0,33,Repair Labor & Services,998714,8905604134820
Apollo OEM Tubeless Tyre (16 inch) - 215/60 R16,AUTO-01402,GST,28,7954.07,9777.0,5,Tyres & Batteries,4011,8909122600014
Castrol Genuine Gear Oil - 75W-90 (1L),AUTO-01403,GST,18,386.4,550.0,19,Lubricants & Fluids,2710,8904304913410
Gabriel Performance Tie Rod End - Right,AUTO-01404,GST,28,442.45,551.0,10,Brakes & Suspension,8708,8907209986564
Rane Standard Wheel Bearing - Front,AUTO-01405,GST,28,1154.72,1385.0,12,Brakes & Suspension,8708,8902082353097
K&N Standard Wiper Blade Set - Frameless,AUTO-01406,GST,18,386.91,551.0,23,Filters & Consumables,8421,8909805682017
Wheel Alignment & Balancing - 4 Wheels,AUTO-01407,GST,18,289.7,902.0,77,Repair Labor & Services,998714,8906957240434
Mahle Performance Engine Oil Filter - Spin-on,AUTO-01408,GST,18,181.06,238.0,27,Filters & Consumables,8421,8907956100777
Rane Brake Rotor/Disc - Vented,AUTO-01409,GST,28,2371.01,2851.0,5,Brakes & Suspension,8708,8906192025999
Engine Scanning & Diagnostics - OBD2 Scan,AUTO-01410,GST,18,190.94,609.0,34,Repair Labor & Services,998714,8904244474890
Liqui Moly Coolant (Pre-mixed) - 1 Litre,AUTO-01411,GST,18,265.83,374.0,23,Lubricants & Fluids,2710,8903510765191
Wix OEM Engine Oil Filter - Cartridge,AUTO-01412,GST,18,198.1,267.0,57,Filters & Consumables,8421,8902895145634
Valeo Performance Fuel Injector - Diesel,AUTO-01413,GST,28,2552.13,3219.0,3,Engine & Transmission Parts,8708,8905744965391
Purolator Premium Fuel Filter - Diesel Cartridge,AUTO-01414,GST,18,435.4,567.0,30,Filters & Consumables,8421,8900454184039
Wheel Alignment & Balancing - 4 Wheels,AUTO-01415,GST,18,382.46,970.0,36,Repair Labor & Services,998714,8909662038588
Wix Cabin/AC Filter - Standard,AUTO-01416,GST,18,293.28,382.0,40,Filters & Consumables,8421,8905295164693
Rane Genuine Brake Rotor/Disc - Solid,AUTO-01417,GST,28,1727.5,2001.0,5,Brakes & Suspension,8708,8909744088067
Hyundai Mobis Clutch Plate Assembly - SUV,AUTO-01418,GST,28,3884.42,4863.0,3,Engine & Transmission Parts,8708,8909918431132
K&N Performance Engine Oil Filter - Spin-on,AUTO-01419,GST,18,193.52,273.0,50,Filters & Consumables,8421,8900526321196
Mahindra Genuine Aftermarket Ignition Coil - Single Pack,AUTO-01420,GST,28,1087.1,1287.0,9,Engine & Transmission Parts,8708,8900774544708
Clutch Replacement Labor - Manual,AUTO-01421,GST,18,855.2,3101.0,47,Repair Labor & Services,998714,8906199539467
K&N Aftermarket Air Filter - Washable Cotton,AUTO-01422,GST,18,300.56,433.0,51,Filters & Consumables,8421,8906053026184
LUK Fuel Injector - Petrol,AUTO-01423,GST,28,2122.04,2729.0,10,Engine & Transmission Parts,8708,8906050630663
Purolator Aftermarket Cabin/AC Filter - Standard,AUTO-01424,GST,18,279.54,413.0,20,Filters & Consumables,8421,8906409891039
Valeo Heavy Duty Water Pump - OEM Specs,AUTO-01425,GST,28,2427.71,2844.0,4,Engine & Transmission Parts,8708,8900945237597
AC Gas Top-Up & Service - Standard,AUTO-01426,GST,18,445.06,1663.0,60,Repair Labor & Services,998714,8900098602757
Gulf Aftermarket Brake Fluid DOT 4 - 500ml,AUTO-01427,GST,18,224.0,304.0,50,Lubricants & Fluids,2710,8909445381180
General Periodic Service - SUV,AUTO-01428,GST,18,1330.65,4026.0,37,Repair Labor & Services,998714,8904456622952
Hyundai Mobis Ignition Coil - Single Pack,AUTO-01429,GST,28,1447.41,1747.0,5,Engine & Transmission Parts,8708,8906162486070
Liqui Moly Genuine Power Steering Fluid - 500ml,AUTO-01430,GST,18,363.45,502.0,23,Lubricants & Fluids,2710,8903515850153
General Periodic Service - Sedan,AUTO-01431,GST,18,836.85,2889.0,21,Repair Labor & Services,998714,8906715605879
Maruti Genuine Water Pump - OEM Specs,AUTO-01432,GST,28,2086.55,2465.0,11,Engine & Transmission Parts,8708,8905479406453
Maruti Genuine Ignition Coil - Single Pack,AUTO-01433,GST,28,1508.82,1763.0,3,Engine & Transmission Parts,8708,8908986646936
Valvoline Heavy Duty Fully Synthetic Engine Oil - 5W-30 (3.5L),AUTO-01434,GST,18,4423.66,6382.0,46,Lubricants & Fluids,2710,8904876805702
Rane Wheel Bearing - Rear (with ABS),AUTO-01435,GST,28,1145.01,1332.0,6,Brakes & Suspension,8708,8903019220956
Bosch Aftermarket Air Filter - Paper,AUTO-01436,GST,18,367.41,522.0,45,Filters & Consumables,8421,8903239644028
Bosch Genuine Brake Rotor/Disc - Vented,AUTO-01437,GST,28,2176.17,2795.0,9,Brakes & Suspension,8708,8906992427739
Wheel Alignment & Balancing - 5 Wheels,AUTO-01438,GST,18,243.92,697.0,33,Repair Labor & Services,998714,8900914016933
Gabriel Aftermarket Shock Absorber - Hydraulic,AUTO-01439,GST,28,2216.76,2648.0,12,Brakes & Suspension,8708,8901998290755
Maruti Genuine Spark Plug Set - Copper,AUTO-01440,GST,28,600.82,726.0,9,Engine & Transmission Parts,8708,8905699913831
Bosch Heavy Duty Alternator - 120 Amp,AUTO-01441,GST,28,5241.18,6149.0,8,Engine & Transmission Parts,8708,8902277773316
Denting & Painting (Per Panel) - Solid Color,AUTO-01442,GST,18,874.12,2577.0,71,Repair Labor & Services,998714,8900703850360
Gulf Aftermarket Semi-Synthetic Engine Oil - 15W-40 (4L),AUTO-01443,GST,18,1549.02,2040.0,17,Lubricants & Fluids,2710,8907402740675
Exide Genuine Car Battery (DIN44) - Maintenance Free,AUTO-01444,GST,28,3314.45,4272.0,8,Tyres & Batteries,8507,8902003638564
Wix Engine Oil Filter - Cartridge,AUTO-01445,GST,18,171.25,243.0,56,Filters & Consumables,8421,8909318399798
Clutch Replacement Labor - Manual,AUTO-01446,GST,18,1100.84,3918.0,64,Repair Labor & Services,998714,8900995504932
K&N Aftermarket Cabin/AC Filter - Standard,AUTO-01447,GST,18,236.52,318.0,52,Filters & Consumables,8421,8904612128981
AC Gas Top-Up & Service - Deep Clean,AUTO-01448,GST,18,566.07,1429.0,99,Repair Labor & Services,998714,8901276223984
Mahle Performance Air Filter - Paper,AUTO-01449,GST,18,332.56,463.0,47,Filters & Consumables,8421,8907188822378
Denting & Painting (Per Panel) - Metallic/Pearl Color,AUTO-01450,GST,18,751.81,2496.0,47,Repair Labor & Services,998714,8901680613495
Mahle Genuine Fuel Filter - Diesel Cartridge,AUTO-01451,GST,18,390.0,560.0,47,Filters & Consumables,8421,8906794963830
Amaron Heavy Duty Car Battery (DIN44) - 44 Ah,AUTO-01452,GST,28,4397.01,5090.0,10,Tyres & Batteries,8507,8900926166201
Mahle Cabin/AC Filter - Active Carbon,AUTO-01453,GST,18,293.21,405.0,32,Filters & Consumables,8421,8905786555751
Bosch Standard Suspension Bush Kit - Rubber,AUTO-01454,GST,28,626.16,725.0,10,Brakes & Suspension,8708,8907586824051
K&N Performance Cabin/AC Filter - Active Carbon,AUTO-01455,GST,18,235.2,314.0,31,Filters & Consumables,8421,8904418997402
Brembo Genuine Tie Rod End - Right,AUTO-01456,GST,28,406.69,515.0,7,Brakes & Suspension,8708,8907017036309
Servo Genuine Semi-Synthetic Engine Oil - 10W-40 (3.5L),AUTO-01457,GST,18,1206.22,1579.0,59,Lubricants & Fluids,2710,8905089830941
Bosch Genuine Wheel Bearing - Front,AUTO-01458,GST,28,982.29,1251.0,9,Brakes & Suspension,8708,8909797245284
Minda Standard Fuel Injector - Petrol,AUTO-01459,GST,28,2910.89,3478.0,2,Engine & Transmission Parts,8708,8907356748095
Wix Premium Air Filter - Washable Cotton,AUTO-01460,GST,18,396.64,562.0,55,Filters & Consumables,8421,8908026029442
Clutch Replacement Labor - Manual,AUTO-01461,GST,18,1071.71,3532.0,27,Repair Labor & Services,998714,8905849073420
TVS Girling Tie Rod End - Right,AUTO-01462,GST,28,517.93,637.0,9,Brakes & Suspension,8708,8905951418648
Wheel Alignment & Balancing - 4 Wheels,AUTO-01463,GST,18,329.53,982.0,92,Repair Labor & Services,998714,8908684196233
Monroe Performance Brake Pad Set - Ceramic,AUTO-01464,GST,28,1168.66,1410.0,11,Brakes & Suspension,8708,8904276748317
Rane Genuine Brake Pad Set - Rear,AUTO-01465,GST,28,902.67,1118.0,12,Brakes & Suspension,8708,8901518178824
Monroe Standard Shock Absorber - Hydraulic,AUTO-01466,GST,28,2354.92,2902.0,2,Brakes & Suspension,8708,8906232723717
Exide Aftermarket Car Battery (DIN55) - 55 Ah,AUTO-01467,GST,28,4184.85,5239.0,11,Tyres & Batteries,8507,8900065487084
K&N Standard Wiper Blade Set - Standard Frame,AUTO-01468,GST,18,302.43,441.0,41,Filters & Consumables,8421,8907553981889
Clutch Replacement Labor - Automatic,AUTO-01469,GST,18,1424.91,3704.0,84,Repair Labor & Services,998714,8901579089458
Amaron Aftermarket Car Battery (DIN65) - SUV Specs,AUTO-01470,GST,28,11253.35,13296.0,6,Tyres & Batteries,8507,8908876380207
Purolator Genuine Air Filter - Paper,AUTO-01471,GST,18,389.2,520.0,55,Filters & Consumables,8421,8909051881298
Exide Aftermarket Car Battery (DIN44) - 44 Ah,AUTO-01472,GST,28,3920.64,4796.0,8,Tyres & Batteries,8507,8906901079237
Gabriel Genuine Tie Rod End - Left,AUTO-01473,GST,28,513.23,659.0,5,Brakes & Suspension,8708,8904864970350
K&N Genuine Cabin/AC Filter - Active Carbon,AUTO-01474,GST,18,297.27,433.0,29,Filters & Consumables,8421,8903557077312
General Periodic Service - Sedan,AUTO-01475,GST,18,978.14,2508.0,50,Repair Labor & Services,998714,8907052187993
Exide Standard Car Battery (DIN65) - SUV Specs,AUTO-01476,GST,28,8303.54,10772.0,10,Tyres & Batteries,8507,8903114147012
Rane Heavy Duty Shock Absorber - Gas Filled,AUTO-01477,GST,28,2221.67,2885.0,3,Brakes & Suspension,8708,8905689109779
Elofic Heavy Duty Engine Oil Filter - Spin-on,AUTO-01478,GST,18,208.75,284.0,55,Filters & Consumables,8421,8904568446794
Minda Standard Alternator - 120 Amp,AUTO-01479,GST,28,6816.62,7907.0,5,Engine & Transmission Parts,8708,8902957378315
Bridgestone Aftermarket Tubeless Tyre (16 inch) - 205/55 R16,AUTO-01480,GST,28,10475.81,13099.0,12,Tyres & Batteries,4011,8907318683029
Maruti Genuine Fuel Injector - Petrol,AUTO-01481,GST,28,3508.4,4154.0,4,Engine & Transmission Parts,8708,8904165185483
Exide Car Battery (DIN44) - 44 Ah,AUTO-01482,GST,28,3259.52,4137.0,9,Tyres & Batteries,8507,8904621595841
AC Gas Top-Up & Service - Standard,AUTO-01483,GST,18,526.27,1318.0,11,Repair Labor & Services,998714,8902218169814
Minda Spark Plug Set - Platinum,AUTO-01484,GST,28,638.15,819.0,11,Engine & Transmission Parts,8708,8904837740292
MRF Heavy Duty Tubeless Tyre (16 inch) - 215/60 R16,AUTO-01485,GST,28,10414.32,12640.0,12,Tyres & Batteries,4011,8905099621836
K&N Genuine Fuel Filter - Petrol In-line,AUTO-01486,GST,18,608.92,842.0,19,Filters & Consumables,8421,8900256342022
Rane Standard Wheel Bearing - Front,AUTO-01487,GST,28,1005.98,1239.0,3,Brakes & Suspension,8708,8903768367590
Hyundai Mobis Ignition Coil - Single Pack,AUTO-01488,GST,28,1150.82,1376.0,8,Engine & Transmission Parts,8708,8901440923351
Mahle Genuine Fuel Filter - Diesel Cartridge,AUTO-01489,GST,18,609.93,810.0,39,Filters & Consumables,8421,8900186372631
Apollo Performance Tubeless Tyre (16 inch) - 205/55 R16,AUTO-01490,GST,28,9855.22,11567.0,4,Tyres & Batteries,4011,8907764149003
Apollo Performance Tubeless Tyre (14 inch) - 165/70 R14,AUTO-01491,GST,28,1711.04,2153.0,5,Tyres & Batteries,4011,8904448672288
Gabriel Brake Pad Set - Rear,AUTO-01492,GST,28,1103.98,1428.0,3,Brakes & Suspension,8708,8904546157493
Bosch Standard Brake Pad Set - Front,AUTO-01493,GST,28,1127.39,1396.0,10,Brakes & Suspension,8708,8908795312040
Michelin Tubeless Tyre (16 inch) - 215/60 R16,AUTO-01494,GST,28,9792.06,11885.0,10,Tyres & Batteries,4011,8903085800187
TVS Girling OEM Shock Absorber - Gas Filled,AUTO-01495,GST,28,2160.76,2789.0,6,Brakes & Suspension,8708,8903678621078
Hyundai Mobis Timing Belt - Standard,AUTO-01496,GST,28,1136.05,1361.0,6,Engine & Transmission Parts,8708,8902570680269
Wheel Alignment & Balancing - 4 Wheels,AUTO-01497,GST,18,368.03,1019.0,35,Repair Labor & Services,998714,8900600230286
Gulf Performance Gear Oil - 80W-90 (1L),AUTO-01498,GST,18,570.19,757.0,33,Lubricants & Fluids,2710,8901142066701
Motul Aftermarket Brake Fluid DOT 4 - 500ml,AUTO-01499,GST,18,201.12,301.0,40,Lubricants & Fluids,2710,8906338222240
Maruti Genuine Radiator Assembly - Aluminium,AUTO-01500,GST,28,4469.01,5171.0,8,Engine & Transmission Parts,8708,8902019011348
Shell Heavy Duty Semi-Synthetic Engine Oil - 10W-40 (3.5L),AUTO-01501,GST,18,1284.78,1715.0,26,Lubricants & Fluids,2710,8908613239456
AC Gas Top-Up & Service - Standard,AUTO-01502,GST,18,455.26,1480.0,48,Repair Labor & Services,998714,8904976024986
Bosch Premium Cabin/AC Filter - Standard,AUTO-01503,GST,18,290.82,412.0,37,Filters & Consumables,8421,8903677349852
MRF Genuine Tubeless Tyre (15 inch) - 185/60 R15,AUTO-01504,GST,28,4081.98,4803.0,8,Tyres & Batteries,4011,8906559147625
TRW Genuine Wheel Bearing - Front,AUTO-01505,GST,28,978.74,1141.0,9,Brakes & Suspension,8708,8905336952474
K&N Performance Cabin/AC Filter - Standard,AUTO-01506,GST,18,233.03,330.0,59,Filters & Consumables,8421,8906298532436
Elofic OEM Air Filter - Washable Cotton,AUTO-01507,GST,18,342.61,451.0,56,Filters & Consumables,8421,8907638354346
Bosch Heavy Duty Car Battery (DIN55) - Heavy Duty,AUTO-01508,GST,28,5037.36,6105.0,3,Tyres & Batteries,8507,8906824979399
Exide Genuine Car Battery (DIN65) - 65 Ah,AUTO-01509,GST,28,5799.66,6865.0,10,Tyres & Batteries,8507,8901168371030
Bosch Genuine Fuel Filter - Petrol In-line,AUTO-01510,GST,18,396.32,570.0,15,Filters & Consumables,8421,8901489678082
Wix OEM Cabin/AC Filter - Standard,AUTO-01511,GST,18,240.09,318.0,33,Filters & Consumables,8421,8906394762542
Clutch Replacement Labor - Manual,AUTO-01512,GST,18,1460.88,4302.0,61,Repair Labor & Services,998714,8903391729940
Monroe OEM Tie Rod End - Right,AUTO-01513,GST,28,666.97,778.0,12,Brakes & Suspension,8708,8906649719670
Wix Heavy Duty Wiper Blade Set - Frameless,AUTO-01514,GST,18,351.4,499.0,17,Filters & Consumables,8421,8901612590163
CEAT OEM Tubeless Tyre (16 inch) - 215/60 R16,AUTO-01515,GST,28,8313.56,9900.0,6,Tyres & Batteries,4011,8903767348140
Bosch OEM Car Battery (DIN65) - SUV Specs,AUTO-01516,GST,28,8229.7,9552.0,8,Tyres & Batteries,8507,8907930148116
Mahindra Genuine Premium Timing Belt - Standard,AUTO-01517,GST,28,1183.89,1478.0,4,Engine & Transmission Parts,8708,8900288661680
Engine Scanning & Diagnostics - OBD2 Scan,AUTO-01518,GST,18,237.79,638.0,35,Repair Labor & Services,998714,8904854842035
TVS Girling Suspension Bush Kit - Polyurethane,AUTO-01519,GST,28,750.78,939.0,9,Brakes & Suspension,8708,8909138601571
Clutch Replacement Labor - Automatic,AUTO-01520,GST,18,1219.08,3295.0,100,Repair Labor & Services,998714,8901940247028
Exide Standard Car Battery (DIN65) - 65 Ah,AUTO-01521,GST,28,4815.61,6145.0,9,Tyres & Batteries,8507,8904527193678
Liqui Moly Genuine Coolant (Pre-mixed) - 3 Litre,AUTO-01522,GST,18,319.55,420.0,50,Lubricants & Fluids,2710,8901074916194
Brembo OEM Wheel Bearing - Front,AUTO-01523,GST,28,863.8,1107.0,3,Brakes & Suspension,8708,8903153506962
Purolator Performance Fuel Filter - Diesel Cartridge,AUTO-01524,GST,18,434.1,651.0,26,Filters & Consumables,8421,8907410254717
Amaron Performance Car Battery (DIN55) - Heavy Duty,AUTO-01525,GST,28,4731.0,5641.0,11,Tyres & Batteries,8507,8909300519567
Valvoline Performance Semi-Synthetic Engine Oil - 15W-40 (4L),AUTO-01526,GST,18,1589.11,2160.0,24,Lubricants & Fluids,2710,8902717266256
Castrol Premium Brake Fluid DOT 4 - 500ml,AUTO-01527,GST,18,260.35,373.0,20,Lubricants & Fluids,2710,8904413068624
Hyundai Mobis Timing Belt - Standard,AUTO-01528,GST,28,1189.6,1543.0,8,Engine & Transmission Parts,8708,8906890417282
Hyundai Mobis Alternator - 90 Amp,AUTO-01529,GST,28,5992.98,6992.0,7,Engine & Transmission Parts,8708,8902232822282
Castrol Transmission Fluid (ATF) - 5 Litre,AUTO-01530,GST,18,1078.8,1436.0,27,Lubricants & Fluids,2710,8905999400410
AC Gas Top-Up & Service - Deep Clean,AUTO-01531,GST,18,372.63,1429.0,23,Repair Labor & Services,998714,8901350535722
Engine Scanning & Diagnostics - OBD2 Scan,AUTO-01532,GST,18,248.49,784.0,25,Repair Labor & Services,998714,8905780978302
MRF Standard Tubeless Tyre (14 inch) - 165/70 R14,AUTO-01533,GST,28,2151.57,2768.0,7,Tyres & Batteries,4011,8903419528144
Elofic Standard Fuel Filter - Diesel Cartridge,AUTO-01534,GST,18,537.96,767.0,50,Filters & Consumables,8421,8900218893063
Liqui Moly Heavy Duty Transmission Fluid (ATF) - 1 Litre,AUTO-01535,GST,18,470.7,667.0,22,Lubricants & Fluids,2710,8902139743699
Maruti Genuine Fuel Injector - Petrol,AUTO-01536,GST,28,3185.45,4038.0,11,Engine & Transmission Parts,8708,8909408429069
Elofic Performance Engine Oil Filter - Cartridge,AUTO-01537,GST,18,222.94,313.0,49,Filters & Consumables,8421,8906061065673
Monroe Shock Absorber - Hydraulic,AUTO-01538,GST,28,3016.05,3506.0,7,Brakes & Suspension,8708,8902761368149
MRF Heavy Duty Tubeless Tyre (15 inch) - 185/60 R15,AUTO-01539,GST,28,4398.02,5186.0,8,Tyres & Batteries,4011,8909929644477
Bosch Standard Brake Pad Set - Ceramic,AUTO-01540,GST,28,1167.73,1385.0,4,Brakes & Suspension,8708,8904234800417
AC Gas Top-Up & Service - Standard,AUTO-01541,GST,18,384.83,1506.0,60,Repair Labor & Services,998714,8909158557490
Bosch Premium Fuel Filter - Diesel Cartridge,AUTO-01542,GST,18,450.14,600.0,43,Filters & Consumables,8421,8900333295945
Brembo Aftermarket Brake Pad Set - Rear,AUTO-01543,GST,28,1101.39,1304.0,6,Brakes & Suspension,8708,8900296629917
TVS Girling Aftermarket Suspension Bush Kit - Rubber,AUTO-01544,GST,28,747.03,952.0,2,Brakes & Suspension,8708,8904167821539
Monroe Suspension Bush Kit - Polyurethane,AUTO-01545,GST,28,824.23,1051.0,8,Brakes & Suspension,8708,8903250313928
Mahindra Genuine Aftermarket Fuel Injector - Diesel,AUTO-01546,GST,28,2422.7,2938.0,12,Engine & Transmission Parts,8708,8909019333593
Elofic Premium Fuel Filter - Petrol In-line,AUTO-01547,GST,18,386.92,553.0,26,Filters & Consumables,8421,8909561622564
General Periodic Service - SUV,AUTO-01548,GST,18,1187.51,4037.0,10,Repair Labor & Services,998714,8907992304532
General Periodic Service - Sedan,AUTO-01549,GST,18,721.26,2649.0,19,Repair Labor & Services,998714,8904564743701
MRF OEM Tubeless Tyre (16 inch) - 215/60 R16,AUTO-01550,GST,28,9239.99,11976.0,8,Tyres & Batteries,4011,8906650527612
LUK Timing Belt - Heavy Duty,AUTO-01551,GST,28,1086.69,1316.0,3,Engine & Transmission Parts,8708,8909022311678
General Periodic Service - Sedan,AUTO-01552,GST,18,1010.78,2837.0,41,Repair Labor & Services,998714,8902237185921
Monroe Performance Wheel Bearing - Rear (with ABS),AUTO-01553,GST,28,885.96,1140.0,3,Brakes & Suspension,8708,8901429430003
Mahle Heavy Duty Air Filter - Paper,AUTO-01554,GST,18,399.35,525.0,24,Filters & Consumables,8421,8904659866932
Elofic Cabin/AC Filter - Standard,AUTO-01555,GST,18,299.18,401.0,58,Filters & Consumables,8421,8907659153820
Valeo Premium Spark Plug Set - Copper,AUTO-01556,GST,28,765.8,973.0,4,Engine & Transmission Parts,8708,8906642673512
Bosch Performance Cabin/AC Filter - Active Carbon,AUTO-01557,GST,18,227.15,332.0,30,Filters & Consumables,8421,8907565697648
Elofic Aftermarket Cabin/AC Filter - Active Carbon,AUTO-01558,GST,18,220.81,323.0,51,Filters & Consumables,8421,8904510462506
Amaron Performance Car Battery (DIN55) - Heavy Duty,AUTO-01559,GST,28,4996.37,5996.0,3,Tyres & Batteries,8507,8902062767293
Denting & Painting (Per Panel) - Solid Color,AUTO-01560,GST,18,985.38,2782.0,97,Repair Labor & Services,998714,8904212914650
Brembo Brake Rotor/Disc - Solid,AUTO-01561,GST,28,1793.32,2327.0,12,Brakes & Suspension,8708,8900457972518
Castrol Heavy Duty Coolant (Pre-mixed) - 1 Litre,AUTO-01562,GST,18,210.94,300.0,23,Lubricants & Fluids,2710,8901478233720
Exide Performance Car Battery (DIN65) - SUV Specs,AUTO-01563,GST,28,10554.03,12762.0,8,Tyres & Batteries,8507,8907063632863
Valeo Aftermarket Timing Belt - Standard,AUTO-01564,GST,28,800.85,1035.0,2,Engine & Transmission Parts,8708,8908484264833
Monroe Premium Suspension Bush Kit - Rubber,AUTO-01565,GST,28,884.68,1085.0,10,Brakes & Suspension,8708,8909671360549
Valvoline Premium Transmission Fluid (ATF) - 1 Litre,AUTO-01566,GST,18,505.79,695.0,41,Lubricants & Fluids,2710,8904901324951
MRF Premium Tubeless Tyre (16 inch) - 215/60 R16,AUTO-01567,GST,28,7790.66,9347.0,8,Tyres & Batteries,4011,8901758080388
Amaron Standard Car Battery (DIN65) - 65 Ah,AUTO-01568,GST,28,6670.19,7732.0,2,Tyres & Batteries,8507,8904315668513
Shell Standard Transmission Fluid (ATF) - 1 Litre,AUTO-01569,GST,18,507.65,682.0,34,Lubricants & Fluids,2710,8907558030901
Elofic Standard Cabin/AC Filter - Active Carbon,AUTO-01570,GST,18,263.34,368.0,43,Filters & Consumables,8421,8908401902716
Bosch Car Battery (DIN65) - 65 Ah,AUTO-01571,GST,28,5236.2,6095.0,7,Tyres & Batteries,8507,8908668611997
K&N Heavy Duty Cabin/AC Filter - Standard,AUTO-01572,GST,18,245.98,323.0,17,Filters & Consumables,8421,8905058353458
Maruti Genuine Alternator - 120 Amp,AUTO-01573,GST,28,6160.83,7589.0,5,Engine & Transmission Parts,8708,8905339982426
Wix Air Filter - Paper,AUTO-01574,GST,18,393.03,566.0,36,Filters & Consumables,8421,8908015846687
MRF Heavy Duty Tubeless Tyre (15 inch) - 195/60 R15,AUTO-01575,GST,28,3591.58,4408.0,5,Tyres & Batteries,4011,8902727669834
Motul Premium Gear Oil - 75W-90 (1L),AUTO-01576,GST,18,418.06,554.0,48,Lubricants & Fluids,2710,8905461308730
Bosch Premium Car Battery (DIN44) - 44 Ah,AUTO-01577,GST,28,3478.78,4433.0,10,Tyres & Batteries,8507,8902777711842
Mobil 1 Genuine Gear Oil - 75W-90 (1L),AUTO-01578,GST,18,387.35,564.0,18,Lubricants & Fluids,2710,8900712102423
Servo Premium Coolant (Pre-mixed) - 1 Litre,AUTO-01579,GST,18,221.41,317.0,59,Lubricants & Fluids,2710,8907719619971
Mahle Performance Wiper Blade Set - Standard Frame,AUTO-01580,GST,18,433.89,599.0,44,Filters & Consumables,8421,8906409968334
Castrol Aftermarket Fully Synthetic Engine Oil - 5W-40 (4L),AUTO-01581,GST,18,3224.96,4724.0,33,Lubricants & Fluids,2710,8902653793221
Michelin Premium Tubeless Tyre (16 inch) - 215/60 R16,AUTO-01582,GST,28,7128.44,8939.0,9,Tyres & Batteries,4011,8903601579115
Valeo Genuine Clutch Plate Assembly - Hatchback,AUTO-01583,GST,28,2226.32,2864.0,8,Engine & Transmission Parts,8708,8900080265893
Clutch Replacement Labor - Automatic,AUTO-01584,GST,18,1032.07,3917.0,36,Repair Labor & Services,998714,8903548835719
TVS Girling Shock Absorber - Hydraulic,AUTO-01585,GST,28,2434.14,3098.0,8,Brakes & Suspension,8708,8903866432031
Wix Genuine Air Filter - Washable Cotton,AUTO-01586,GST,18,313.24,456.0,24,Filters & Consumables,8421,8904685492724
Bosch Aftermarket Clutch Plate Assembly - SUV,AUTO-01587,GST,28,3981.24,4812.0,2,Engine & Transmission Parts,8708,8901460519085
Shell Power Steering Fluid - 500ml,AUTO-01588,GST,18,360.84,498.0,56,Lubricants & Fluids,2710,8903033563693
Valeo Premium Clutch Plate Assembly - Hatchback,AUTO-01589,GST,28,2223.04,2732.0,11,Engine & Transmission Parts,8708,8909318781048
LUK Standard Radiator Assembly - Copper Core,AUTO-01590,GST,28,3212.18,3956.0,11,Engine & Transmission Parts,8708,8902909304376
Purolator Genuine Air Filter - Washable Cotton,AUTO-01591,GST,18,281.14,417.0,16,Filters & Consumables,8421,8908122681594
Wix Premium Cabin/AC Filter - Active Carbon,AUTO-01592,GST,18,293.47,435.0,29,Filters & Consumables,8421,8901105833096
Bosch Standard Wiper Blade Set - Standard Frame,AUTO-01593,GST,18,489.03,645.0,52,Filters & Consumables,8421,8901426937650
Brake Overhaul Labor - Rear Axle,AUTO-01594,GST,18,336.56,1279.0,75,Repair Labor & Services,998714,8907762883636
Exide Premium Car Battery (DIN65) - SUV Specs,AUTO-01595,GST,28,10596.32,12816.0,12,Tyres & Batteries,8507,8902762922666
Elofic Heavy Duty Wiper Blade Set - Frameless,AUTO-01596,GST,18,381.32,526.0,40,Filters & Consumables,8421,8905228989074
CEAT OEM Tubeless Tyre (15 inch) - 185/60 R15,AUTO-01597,GST,28,3843.58,4779.0,9,Tyres & Batteries,4011,8907265976408
Gabriel Performance Shock Absorber - Gas Filled,AUTO-01598,GST,28,2082.07,2417.0,6,Brakes & Suspension,8708,8901716578939
LUK Performance Fuel Injector - Petrol,AUTO-01599,GST,28,3149.19,3874.0,9,Engine & Transmission Parts,8708,8901148600500
Wheel Alignment & Balancing - 5 Wheels,AUTO-01600,GST,18,258.54,894.0,76,Repair Labor & Services,998714,8907875703029
TVS Girling Aftermarket Brake Pad Set - Front,AUTO-01601,GST,28,1045.16,1204.0,12,Brakes & Suspension,8708,8908607429069
Mobil 1 Heavy Duty Semi-Synthetic Engine Oil - 10W-40 (3.5L),AUTO-01602,GST,18,1606.09,2219.0,28,Lubricants & Fluids,2710,8901806200730
TRW Genuine Shock Absorber - Gas Filled,AUTO-01603,GST,28,2637.78,3201.0,6,Brakes & Suspension,8708,8909753740571
AC Gas Top-Up & Service - Deep Clean,AUTO-01604,GST,18,535.33,1883.0,73,Repair Labor & Services,998714,8904068735445
Bosch Standard Shock Absorber - Gas Filled,AUTO-01605,GST,28,2355.13,2860.0,10,Brakes & Suspension,8708,8908658348348
Denting & Painting (Per Panel) - Metallic/Pearl Color,AUTO-01606,GST,18,749.34,2834.0,73,Repair Labor & Services,998714,8903664853207
Mahle Premium Wiper Blade Set - Standard Frame,AUTO-01607,GST,18,427.64,633.0,33,Filters & Consumables,8421,8903269834436
MRF Performance Tubeless Tyre (16 inch) - 215/60 R16,AUTO-01608,GST,28,9784.27,12412.0,7,Tyres & Batteries,4011,8900509284672
General Periodic Service - Sedan,AUTO-01609,GST,18,629.41,2440.0,87,Repair Labor & Services,998714,8903907737295
Gulf Heavy Duty Gear Oil - 80W-90 (1L),AUTO-01610,GST,18,507.0,662.0,41,Lubricants & Fluids,2710,8902585150204
Castrol OEM Gear Oil - 80W-90 (1L),AUTO-01611,GST,18,433.99,594.0,19,Lubricants & Fluids,2710,8902794337953
Valeo Heavy Duty Timing Belt - Standard,AUTO-01612,GST,28,1112.09,1375.0,6,Engine & Transmission Parts,8708,8902652742866
TRW OEM Wheel Bearing - Rear (with ABS),AUTO-01613,GST,28,1039.45,1277.0,9,Brakes & Suspension,8708,8903838554514
General Periodic Service - SUV,AUTO-01614,GST,18,1490.82,4452.0,20,Repair Labor & Services,998714,8907455537062
Bosch Genuine Wiper Blade Set - Frameless,AUTO-01615,GST,18,391.26,528.0,31,Filters & Consumables,8421,8906121575626
Motul Premium Semi-Synthetic Engine Oil - 15W-40 (4L),AUTO-01616,GST,18,1384.91,1946.0,47,Lubricants & Fluids,2710,8907620990693
Tata Genuine Heavy Duty Radiator Assembly - Aluminium,AUTO-01617,GST,28,4593.21,5694.0,3,Engine & Transmission Parts,8708,8906704505998
TRW Brake Rotor/Disc - Solid,AUTO-01618,GST,28,1648.86,2095.0,4,Brakes & Suspension,8708,8903438880485
Mahindra Genuine Aftermarket Water Pump - OEM Specs,AUTO-01619,GST,28,1996.25,2540.0,8,Engine & Transmission Parts,8708,8904502823134
Monroe Shock Absorber - Hydraulic,AUTO-01620,GST,28,2425.87,2857.0,11,Brakes & Suspension,8708,8901154904431
Exide Standard Car Battery (DIN65) - 65 Ah,AUTO-01621,GST,28,5726.68,7114.0,5,Tyres & Batteries,8507,8901029771150
Bosch Wiper Blade Set - Frameless,AUTO-01622,GST,18,407.12,561.0,36,Filters & Consumables,8421,8901732816291
Denting & Painting (Per Panel) - Metallic/Pearl Color,AUTO-01623,GST,18,1115.08,3048.0,22,Repair Labor & Services,998714,8909836915737
K&N Performance Engine Oil Filter - Spin-on,AUTO-01624,GST,18,162.54,228.0,43,Filters & Consumables,8421,8907074599153
Mahindra Genuine Premium Spark Plug Set - Platinum,AUTO-01625,GST,28,526.87,684.0,2,Engine & Transmission Parts,8708,8902683878903
Denting & Painting (Per Panel) - Metallic/Pearl Color,AUTO-01626,GST,18,778.67,2316.0,61,Repair Labor & Services,998714,8907603040934
Wix Standard Fuel Filter - Diesel Cartridge,AUTO-01627,GST,18,522.28,735.0,24,Filters & Consumables,8421,8903688101382
Bosch Performance Engine Oil Filter - Spin-on,AUTO-01628,GST,18,166.06,224.0,39,Filters & Consumables,8421,8900184220138
Wheel Alignment & Balancing - 5 Wheels,AUTO-01629,GST,18,203.2,743.0,35,Repair Labor & Services,998714,8901681636038
Exide Car Battery (DIN65) - 65 Ah,AUTO-01630,GST,28,6482.88,8039.0,9,Tyres & Batteries,8507,8908947672000
Mobil 1 OEM Fully Synthetic Engine Oil - 5W-40 (4L),AUTO-01631,GST,18,4118.38,6150.0,15,Lubricants & Fluids,2710,8907163485089
Motul Semi-Synthetic Engine Oil - 10W-40 (3.5L),AUTO-01632,GST,18,1116.96,1535.0,22,Lubricants & Fluids,2710,8909194454569
Bosch Performance Wiper Blade Set - Standard Frame,AUTO-01633,GST,18,342.09,501.0,53,Filters & Consumables,8421,8902767137718
Bridgestone Heavy Duty Tubeless Tyre (15 inch) - 185/60 R15,AUTO-01634,GST,28,4155.29,4845.0,8,Tyres & Batteries,4011,8906783055737
Minda Premium Ignition Coil - Set of 4,AUTO-01635,GST,28,1184.49,1387.0,12,Engine & Transmission Parts,8708,8904614466276
Rane Standard Brake Rotor/Disc - Vented,AUTO-01636,GST,28,2410.49,2812.0,9,Brakes & Suspension,8708,8906142152483
Tata Genuine Genuine Alternator - 90 Amp,AUTO-01637,GST,28,5451.09,6291.0,6,Engine & Transmission Parts,8708,8906568969870
Monroe Premium Tie Rod End - Left,AUTO-01638,GST,28,420.73,518.0,9,Brakes & Suspension,8708,8909363159229
LUK Genuine Ignition Coil - Single Pack,AUTO-01639,GST,28,1265.78,1498.0,3,Engine & Transmission Parts,8708,8900406291187
Brembo Standard Tie Rod End - Left,AUTO-01640,GST,28,521.26,640.0,2,Brakes & Suspension,8708,8901817960757
Amaron Car Battery (DIN65) - SUV Specs,AUTO-01641,GST,28,9936.59,12096.0,11,Tyres & Batteries,8507,8900522171148
Mahle OEM Fuel Filter - Diesel Cartridge,AUTO-01642,GST,18,507.5,714.0,21,Filters & Consumables,8421,8900617356316
TRW Brake Pad Set - Front,AUTO-01643,GST,28,1286.33,1550.0,7,Brakes & Suspension,8708,8907261694963
Elofic OEM Wiper Blade Set - Frameless,AUTO-01644,GST,18,374.75,554.0,48,Filters & Consumables,8421,8909990682013
Brake Overhaul Labor - Front Axle,AUTO-01645,GST,18,514.54,1555.0,97,Repair Labor & Services,998714,8902163361317
Bosch Standard Car Battery (DIN55) - Heavy Duty,AUTO-01646,GST,28,3731.65,4766.0,6,Tyres & Batteries,8507,8909037295458
Shell Heavy Duty Brake Fluid DOT 4 - 500ml,AUTO-01647,GST,18,273.02,405.0,50,Lubricants & Fluids,2710,8901274392255
Hyundai Mobis Spark Plug Set - Iridium,AUTO-01648,GST,28,620.86,796.0,3,Engine & Transmission Parts,8708,8904762123601
Brake Overhaul Labor - Front Axle,AUTO-01649,GST,18,458.34,1213.0,36,Repair Labor & Services,998714,8908453156309
TVS Girling Performance Suspension Bush Kit - Rubber,AUTO-01650,GST,28,819.62,1019.0,12,Brakes & Suspension,8708,8909645987240
Amaron OEM Car Battery (DIN55) - 55 Ah,AUTO-01651,GST,28,4636.55,5872.0,5,Tyres & Batteries,8507,8905166811339
Bosch Premium Fuel Filter - Diesel Cartridge,AUTO-01652,GST,18,521.39,692.0,45,Filters & Consumables,8421,8903402422241
Engine Scanning & Diagnostics - OBD2 Scan,AUTO-01653,GST,18,173.97,673.0,33,Repair Labor & Services,998714,8903654018144
Mobil 1 Aftermarket Brake Fluid DOT 4 - 500ml,AUTO-01654,GST,18,281.1,403.0,25,Lubricants & Fluids,2710,8904350947651
Tata Genuine Genuine Timing Belt - Heavy Duty,AUTO-01655,GST,28,1349.88,1554.0,11,Engine & Transmission Parts,8708,8904147539891
Monroe Standard Brake Pad Set - Rear,AUTO-01656,GST,28,1255.41,1469.0,7,Brakes & Suspension,8708,8901908261103
Valvoline Aftermarket Brake Fluid DOT 4 - 500ml,AUTO-01657,GST,18,293.22,416.0,26,Lubricants & Fluids,2710,8900237666969
TRW Heavy Duty Brake Rotor/Disc - Solid,AUTO-01658,GST,28,1738.22,2099.0,11,Brakes & Suspension,8708,8904118390934
Bosch Standard Wheel Bearing - Front,AUTO-01659,GST,28,771.2,936.0,4,Brakes & Suspension,8708,8908346334889
Brembo Shock Absorber - Gas Filled,AUTO-01660,GST,28,2205.51,2847.0,10,Brakes & Suspension,8708,8906694086542
Shell Genuine Gear Oil - 80W-90 (1L),AUTO-01661,GST,18,513.79,765.0,50,Lubricants & Fluids,2710,8905507435095
TRW Standard Tie Rod End - Right,AUTO-01662,GST,28,579.89,747.0,12,Brakes & Suspension,8708,8900396964535
Exide Performance Car Battery (DIN44) - Maintenance Free,AUTO-01663,GST,28,3473.12,4059.0,10,Tyres & Batteries,8507,8908300995428
Bridgestone Standard Tubeless Tyre (15 inch) - 185/60 R15,AUTO-01664,GST,28,4378.24,5473.0,10,Tyres & Batteries,4011,8906679899470
Wix Premium Engine Oil Filter - Cartridge,AUTO-01665,GST,18,211.09,311.0,42,Filters & Consumables,8421,8909014971103
Amaron OEM Car Battery (DIN65) - SUV Specs,AUTO-01666,GST,28,8763.41,11168.0,8,Tyres & Batteries,8507,8906505188601
K&N Aftermarket Cabin/AC Filter - Active Carbon,AUTO-01667,GST,18,229.35,330.0,38,Filters & Consumables,8421,8909698504505
K&N Wiper Blade Set - Frameless,AUTO-01668,GST,18,383.47,502.0,60,Filters & Consumables,8421,8904286178925
Purolator Aftermarket Cabin/AC Filter - Standard,AUTO-01669,GST,18,233.95,350.0,58,Filters & Consumables,8421,8903857626481
Clutch Replacement Labor - Manual,AUTO-01670,GST,18,1065.66,3877.0,62,Repair Labor & Services,998714,8908063585301
Valeo Genuine Water Pump - Aftermarket,AUTO-01671,GST,28,2409.24,2801.0,11,Engine & Transmission Parts,8708,8903048527758
K&N Genuine Engine Oil Filter - Spin-on,AUTO-01672,GST,18,187.31,249.0,27,Filters & Consumables,8421,8906344439468
Exide Heavy Duty Car Battery (DIN65) - 65 Ah,AUTO-01673,GST,28,5933.79,7424.0,4,Tyres & Batteries,8507,8903357617073
Hyundai Mobis Spark Plug Set - Platinum,AUTO-01674,GST,28,659.43,846.0,4,Engine & Transmission Parts,8708,8906263678508
Amaron Car Battery (DIN55) - Heavy Duty,AUTO-01675,GST,28,5107.62,6614.0,7,Tyres & Batteries,8507,8909443485295
Monroe Standard Wheel Bearing - Rear (with ABS),AUTO-01676,GST,28,1069.99,1370.0,5,Brakes & Suspension,8708,8907676874042
Hyundai Mobis Alternator - 120 Amp,AUTO-01677,GST,28,4647.78,5761.0,7,Engine & Transmission Parts,8708,8903411573309
MRF Standard Tubeless Tyre (14 inch) - 165/70 R14,AUTO-01678,GST,28,2454.62,2960.0,7,Tyres & Batteries,4011,8908234453856
Shell Heavy Duty Brake Fluid DOT 4 - 250ml,AUTO-01679,GST,18,229.26,304.0,41,Lubricants & Fluids,2710,8906000470911
Minda Performance Spark Plug Set - Copper,AUTO-01680,GST,28,841.03,977.0,11,Engine & Transmission Parts,8708,8909899651181
Engine Scanning & Diagnostics - OBD2 Scan,AUTO-01681,GST,18,268.61,783.0,64,Repair Labor & Services,998714,8901447761868
Wix Engine Oil Filter - Cartridge,AUTO-01682,GST,18,213.41,295.0,57,Filters & Consumables,8421,8906829052565
Apollo OEM Tubeless Tyre (16 inch) - 215/60 R16,AUTO-01683,GST,28,9721.1,12202.0,5,Tyres & Batteries,4011,8900292764054
Wix Aftermarket Air Filter - Washable Cotton,AUTO-01684,GST,18,432.46,568.0,18,Filters & Consumables,8421,8905131866047
Liqui Moly Heavy Duty Power Steering Fluid - 500ml,AUTO-01685,GST,18,299.13,439.0,31,Lubricants & Fluids,2710,8907852474420
Bosch Standard Tie Rod End - Right,AUTO-01686,GST,28,417.21,538.0,12,Brakes & Suspension,8708,8902387351866
Liqui Moly OEM Coolant (Pre-mixed) - 3 Litre,AUTO-01687,GST,18,283.83,424.0,38,Lubricants & Fluids,2710,8901830258534
Mahle Performance Wiper Blade Set - Frameless,AUTO-01688,GST,18,331.37,472.0,48,Filters & Consumables,8421,8908521789559
Exide OEM Car Battery (DIN55) - Heavy Duty,AUTO-01689,GST,28,5740.82,7079.0,8,Tyres & Batteries,8507,8905581675923
Bridgestone Standard Tubeless Tyre (14 inch) - 165/70 R14,AUTO-01690,GST,28,2365.29,2923.0,10,Tyres & Batteries,4011,8900038146342
Clutch Replacement Labor - Manual,AUTO-01691,GST,18,1663.78,4416.0,87,Repair Labor & Services,998714,8905973091218
Mobil 1 Standard Coolant (Pre-mixed) - 1 Litre,AUTO-01692,GST,18,213.29,281.0,40,Lubricants & Fluids,2710,8901331555301
Shell Premium Fully Synthetic Engine Oil - 5W-30 (3.5L),AUTO-01693,GST,18,4571.98,6215.0,43,Lubricants & Fluids,2710,8907811096598
Gulf Genuine Brake Fluid DOT 4 - 500ml,AUTO-01694,GST,18,287.18,414.0,30,Lubricants & Fluids,2710,8904541829912
Elofic Performance Wiper Blade Set - Standard Frame,AUTO-01695,GST,18,331.79,459.0,58,Filters & Consumables,8421,8901910616691
Bosch Standard Water Pump - OEM Specs,AUTO-01696,GST,28,1804.91,2276.0,8,Engine & Transmission Parts,8708,8908268221756
Rane Aftermarket Suspension Bush Kit - Rubber,AUTO-01697,GST,28,622.54,734.0,6,Brakes & Suspension,8708,8907910059325
Bosch Premium Air Filter - Washable Cotton,AUTO-01698,GST,18,394.27,525.0,16,Filters & Consumables,8421,8900748597243
MRF Performance Tubeless Tyre (14 inch) - 165/70 R14,AUTO-01699,GST,28,2044.25,2408.0,2,Tyres & Batteries,4011,8905802860604
MRF Standard Tubeless Tyre (15 inch) - 195/60 R15,AUTO-01700,GST,28,4140.25,4984.0,6,Tyres & Batteries,4011,8907476950904
Maruti Genuine Alternator - 120 Amp,AUTO-01701,GST,28,5259.16,6122.0,8,Engine & Transmission Parts,8708,8905562388788
Amaron Performance Car Battery (DIN65) - SUV Specs,AUTO-01702,GST,28,9840.69,12662.0,11,Tyres & Batteries,8507,8909313606229
Valeo Genuine Timing Belt - Standard,AUTO-01703,GST,28,859.96,1025.0,11,Engine & Transmission Parts,8708,8904719903803
Motul Performance Power Steering Fluid - 1 Litre,AUTO-01704,GST,18,233.71,330.0,60,Lubricants & Fluids,2710,8909441914790
Shell Aftermarket Brake Fluid DOT 4 - 500ml,AUTO-01705,GST,18,272.27,386.0,20,Lubricants & Fluids,2710,8906730953267
Mahindra Genuine Performance Alternator - 120 Amp,AUTO-01706,GST,28,5312.52,6636.0,11,Engine & Transmission Parts,8708,8902582282801
CEAT Performance Tubeless Tyre (15 inch) - 195/60 R15,AUTO-01707,GST,28,3245.79,4170.0,10,Tyres & Batteries,4011,8905684676780
Michelin Heavy Duty Tubeless Tyre (16 inch) - 205/55 R16,AUTO-01708,GST,28,10630.82,13396.0,11,Tyres & Batteries,4011,8905975213531
Mahle Aftermarket Cabin/AC Filter - Active Carbon,AUTO-01709,GST,18,307.64,443.0,46,Filters & Consumables,8421,8904874114862
K&N OEM Cabin/AC Filter - Standard,AUTO-01710,GST,18,296.4,422.0,42,Filters & Consumables,8421,8904534965515
AC Gas Top-Up & Service - Standard,AUTO-01711,GST,18,462.59,1572.0,40,Repair Labor & Services,998714,8900093582016
TRW Performance Brake Pad Set - Front,AUTO-01712,GST,28,1066.65,1331.0,4,Brakes & Suspension,8708,8902422848349
Monroe Premium Suspension Bush Kit - Rubber,AUTO-01713,GST,28,765.48,940.0,6,Brakes & Suspension,8708,8906018040334
Michelin Heavy Duty Tubeless Tyre (14 inch) - 185/65 R14,AUTO-01714,GST,28,2410.03,2907.0,10,Tyres & Batteries,4011,8906671554460
Shell Genuine Transmission Fluid (ATF) - 1 Litre,AUTO-01715,GST,18,370.07,547.0,46,Lubricants & Fluids,2710,8904627205364
Bridgestone Aftermarket Tubeless Tyre (14 inch) - 165/70 R14,AUTO-01716,GST,28,2485.13,2988.0,9,Tyres & Batteries,4011,8902850215538
TRW Brake Pad Set - Ceramic,AUTO-01717,GST,28,987.35,1265.0,10,Brakes & Suspension,8708,8902126264395
K&N Standard Wiper Blade Set - Standard Frame,AUTO-01718,GST,18,455.98,593.0,50,Filters & Consumables,8421,8909075199198
Hyundai Mobis Ignition Coil - Set of 4,AUTO-01719,GST,28,1068.87,1321.0,6,Engine & Transmission Parts,8708,8904149253164
Bridgestone Performance Tubeless Tyre (15 inch) - 195/60 R15,AUTO-01720,GST,28,4200.67,5108.0,8,Tyres & Batteries,4011,8905659070554
AC Gas Top-Up & Service - Standard,AUTO-01721,GST,18,390.54,1425.0,78,Repair Labor & Services,998714,8907715692209
Castrol Heavy Duty Coolant (Pre-mixed) - 3 Litre,AUTO-01722,GST,18,334.97,443.0,28,Lubricants & Fluids,2710,8905977100115
Brake Overhaul Labor - Rear Axle,AUTO-01723,GST,18,419.07,1434.0,43,Repair Labor & Services,998714,8903148722557
Exide OEM Car Battery (DIN44) - Maintenance Free,AUTO-01724,GST,28,3381.91,4218.0,12,Tyres & Batteries,8507,8907416855739
Wheel Alignment & Balancing - 4 Wheels,AUTO-01725,GST,18,221.01,873.0,54,Repair Labor & Services,998714,8908095794758
Tata Genuine Aftermarket Alternator - 90 Amp,AUTO-01726,GST,28,6084.76,7828.0,6,Engine & Transmission Parts,8708,8901362334704
Hyundai Mobis Timing Belt - Heavy Duty,AUTO-01727,GST,28,1120.38,1456.0,9,Engine & Transmission Parts,8708,8901479734185
Engine Scanning & Diagnostics - Full System Scan,AUTO-01728,GST,18,249.19,704.0,46,Repair Labor & Services,998714,8905601703961
Valeo Premium Ignition Coil - Set of 4,AUTO-01729,GST,28,1488.02,1720.0,3,Engine & Transmission Parts,8708,8907067949078
Wix Performance Wiper Blade Set - Frameless,AUTO-01730,GST,18,375.88,496.0,60,Filters & Consumables,8421,8902159389676
AC Gas Top-Up & Service - Standard,AUTO-01731,GST,18,560.79,1604.0,96,Repair Labor & Services,998714,8905896070722
CEAT OEM Tubeless Tyre (15 inch) - 185/60 R15,AUTO-01732,GST,28,3809.25,4578.0,3,Tyres & Batteries,4011,8903901430974
Monroe Heavy Duty Wheel Bearing - Rear (with ABS),AUTO-01733,GST,28,899.3,1149.0,5,Brakes & Suspension,8708,8905796714803
General Periodic Service - SUV,AUTO-01734,GST,18,1437.48,5046.0,39,Repair Labor & Services,998714,8905658260825
Rane Suspension Bush Kit - Polyurethane,AUTO-01735,GST,28,798.83,1032.0,3,Brakes & Suspension,8708,8902886691122
TRW Standard Brake Rotor/Disc - Vented,AUTO-01736,GST,28,2119.22,2490.0,4,Brakes & Suspension,8708,8906119789259
Valvoline Power Steering Fluid - 1 Litre,AUTO-01737,GST,18,251.78,359.0,32,Lubricants & Fluids,2710,8906532554411
Exide OEM Car Battery (DIN65) - SUV Specs,AUTO-01738,GST,28,9131.66,11118.0,10,Tyres & Batteries,8507,8900520388193
Wix OEM Fuel Filter - Diesel Cartridge,AUTO-01739,GST,18,479.87,710.0,46,Filters & Consumables,8421,8901462201483
Brembo Premium Shock Absorber - Hydraulic,AUTO-01740,GST,28,3011.07,3513.0,9,Brakes & Suspension,8708,8902836030876
Liqui Moly Premium Coolant (Pre-mixed) - 1 Litre,AUTO-01741,GST,18,284.86,408.0,45,Lubricants & Fluids,2710,8906183762950
K&N Genuine Fuel Filter - Petrol In-line,AUTO-01742,GST,18,460.28,607.0,24,Filters & Consumables,8421,8900488868041
Exide Premium Car Battery (DIN55) - 55 Ah,AUTO-01743,GST,28,5491.36,6868.0,8,Tyres & Batteries,8507,8904564967419
Bosch Performance Car Battery (DIN44) - 44 Ah,AUTO-01744,GST,28,4183.2,5283.0,11,Tyres & Batteries,8507,8900649097034
Bosch Wheel Bearing - Front,AUTO-01745,GST,28,1089.42,1273.0,3,Brakes & Suspension,8708,8905891368296
Purolator Aftermarket Fuel Filter - Diesel Cartridge,AUTO-01746,GST,18,429.59,587.0,30,Filters & Consumables,8421,8901936252602
TVS Girling Suspension Bush Kit - Polyurethane,AUTO-01747,GST,28,724.33,863.0,2,Brakes & Suspension,8708,8902933583843
Denting & Painting (Per Panel) - Solid Color,AUTO-01748,GST,18,814.38,2584.0,51,Repair Labor & Services,998714,8901745469351
LUK Premium Timing Belt - Heavy Duty,AUTO-01749,GST,28,1193.89,1510.0,4,Engine & Transmission Parts,8708,8908331955897
Bridgestone Performance Tubeless Tyre (14 inch) - 165/70 R14,AUTO-01750,GST,28,2110.44,2583.0,9,Tyres & Batteries,4011,8901703056870
Michelin Standard Tubeless Tyre (14 inch) - 165/70 R14,AUTO-01751,GST,28,1793.84,2088.0,8,Tyres & Batteries,4011,8904838953376
Michelin Genuine Tubeless Tyre (14 inch) - 185/65 R14,AUTO-01752,GST,28,2075.86,2595.0,2,Tyres & Batteries,4011,8900643459731
Clutch Replacement Labor - Manual,AUTO-01753,GST,18,1205.54,3334.0,84,Repair Labor & Services,998714,8906757451048
Castrol Transmission Fluid (ATF) - 5 Litre,AUTO-01754,GST,18,1260.94,1694.0,22,Lubricants & Fluids,2710,8908156054270
Elofic Standard Wiper Blade Set - Standard Frame,AUTO-01755,GST,18,438.27,606.0,22,Filters & Consumables,8421,8901107976475
Gulf Coolant (Pre-mixed) - 3 Litre,AUTO-01756,GST,18,292.27,413.0,44,Lubricants & Fluids,2710,8902269348540
Gabriel Standard Brake Pad Set - Ceramic,AUTO-01757,GST,28,1273.37,1537.0,7,Brakes & Suspension,8708,8906066992613
Bosch Premium Car Battery (DIN44) - Maintenance Free,AUTO-01758,GST,28,4127.66,5021.0,9,Tyres & Batteries,8507,8907795703996
Monroe Brake Rotor/Disc - Solid,AUTO-01759,GST,28,1913.56,2453.0,9,Brakes & Suspension,8708,8901107351289
Bosch Genuine Air Filter - Paper,AUTO-01760,GST,18,332.39,492.0,25,Filters & Consumables,8421,8904323330239
MRF Genuine Tubeless Tyre (16 inch) - 205/55 R16,AUTO-01761,GST,28,9845.47,12525.0,2,Tyres & Batteries,4011,8906943069523
Liqui Moly Performance Transmission Fluid (ATF) - 5 Litre,AUTO-01762,GST,18,1217.11,1728.0,20,Lubricants & Fluids,2710,8902853700644
Bosch Standard Car Battery (DIN55) - Heavy Duty,AUTO-01763,GST,28,4535.39,5860.0,5,Tyres & Batteries,8507,8901198042554
Gabriel Heavy Duty Brake Pad Set - Rear,AUTO-01764,GST,28,1276.07,1546.0,6,Brakes & Suspension,8708,8902550786887
CEAT Premium Tubeless Tyre (14 inch) - 165/70 R14,AUTO-01765,GST,28,2227.22,2879.0,4,Tyres & Batteries,4011,8901317019586
Bosch Wiper Blade Set - Frameless,AUTO-01766,GST,18,379.29,552.0,25,Filters & Consumables,8421,8908731424956
Gabriel Genuine Brake Pad Set - Rear,AUTO-01767,GST,28,1016.94,1187.0,2,Brakes & Suspension,8708,8903328880700
Motul Aftermarket Gear Oil - 80W-90 (1L),AUTO-01768,GST,18,478.55,652.0,58,Lubricants & Fluids,2710,8901202201754
Servo Standard Fully Synthetic Engine Oil - 5W-40 (4L),AUTO-01769,GST,18,3913.89,5573.0,57,Lubricants & Fluids,2710,8901046627501
Mobil 1 Standard Coolant (Pre-mixed) - 3 Litre,AUTO-01770,GST,18,298.97,438.0,29,Lubricants & Fluids,2710,8906078548330
Exide Aftermarket Car Battery (DIN55) - Heavy Duty,AUTO-01771,GST,28,5395.69,6380.0,10,Tyres & Batteries,8507,8900601457923
Monroe Standard Suspension Bush Kit - Polyurethane,AUTO-01772,GST,28,818.07,1006.0,10,Brakes & Suspension,8708,8901970150196
Elofic Premium Fuel Filter - Petrol In-line,AUTO-01773,GST,18,535.01,733.0,51,Filters & Consumables,8421,8902018285233
Engine Scanning & Diagnostics - Full System Scan,AUTO-01774,GST,18,236.69,796.0,35,Repair Labor & Services,998714,8907958291585
Motul Heavy Duty Fully Synthetic Engine Oil - 5W-40 (4L),AUTO-01775,GST,18,4338.14,6200.0,20,Lubricants & Fluids,2710,8904920757414
Bosch Heavy Duty Tie Rod End - Right,AUTO-01776,GST,28,568.26,667.0,4,Brakes & Suspension,8708,8905918831249
Wix Genuine Fuel Filter - Petrol In-line,AUTO-01777,GST,18,545.89,760.0,25,Filters & Consumables,8421,8904434354978
Bosch Performance Wiper Blade Set - Standard Frame,AUTO-01778,GST,18,389.03,532.0,40,Filters & Consumables,8421,8904380299034
Apollo Aftermarket Tubeless Tyre (14 inch) - 185/65 R14,AUTO-01779,GST,28,2033.41,2602.0,2,Tyres & Batteries,4011,8900094091657
Monroe Standard Suspension Bush Kit - Polyurethane,AUTO-01780,GST,28,874.61,1059.0,4,Brakes & Suspension,8708,8902549203693
Valeo Premium Spark Plug Set - Copper,AUTO-01781,GST,28,805.23,1008.0,4,Engine & Transmission Parts,8708,8907311722641
Liqui Moly Genuine Power Steering Fluid - 1 Litre,AUTO-01782,GST,18,212.68,310.0,15,Lubricants & Fluids,2710,8901842933598
Brake Overhaul Labor - Rear Axle,AUTO-01783,GST,18,334.03,1105.0,41,Repair Labor & Services,998714,8905966771539
LUK Aftermarket Water Pump - Aftermarket,AUTO-01784,GST,28,2425.91,2959.0,5,Engine & Transmission Parts,8708,8906500329909
Bosch Alternator - 120 Amp,AUTO-01785,GST,28,5246.54,6714.0,12,Engine & Transmission Parts,8708,8904427873554
Denting & Painting (Per Panel) - Metallic/Pearl Color,AUTO-01786,GST,18,1059.01,2846.0,89,Repair Labor & Services,998714,8907920675493
Bridgestone Genuine Tubeless Tyre (16 inch) - 215/60 R16,AUTO-01787,GST,28,7454.59,8930.0,5,Tyres & Batteries,4011,8909252878357
Brembo Heavy Duty Tie Rod End - Left,AUTO-01788,GST,28,446.46,576.0,5,Brakes & Suspension,8708,8904533023641
Brembo Standard Shock Absorber - Hydraulic,AUTO-01789,GST,28,1948.19,2407.0,7,Brakes & Suspension,8708,8903720335051
Purolator Aftermarket Air Filter - Paper,AUTO-01790,GST,18,306.74,449.0,46,Filters & Consumables,8421,8901555870940
Mobil 1 Performance Semi-Synthetic Engine Oil - 15W-40 (4L),AUTO-01791,GST,18,1406.9,1849.0,52,Lubricants & Fluids,2710,8909255125380
Elofic Heavy Duty Engine Oil Filter - Spin-on,AUTO-01792,GST,18,210.85,305.0,37,Filters & Consumables,8421,8900534941971
Liqui Moly Performance Power Steering Fluid - 1 Litre,AUTO-01793,GST,18,227.3,301.0,40,Lubricants & Fluids,2710,8906328246306
Tata Genuine Performance Water Pump - OEM Specs,AUTO-01794,GST,28,2487.64,3128.0,5,Engine & Transmission Parts,8708,8905200761504
TVS Girling Performance Shock Absorber - Hydraulic,AUTO-01795,GST,28,2655.39,3221.0,9,Brakes & Suspension,8708,8907143360809
Valeo Standard Clutch Plate Assembly - Hatchback,AUTO-01796,GST,28,2412.92,2926.0,3,Engine & Transmission Parts,8708,8900392788881
Michelin Standard Tubeless Tyre (15 inch) - 195/60 R15,AUTO-01797,GST,28,4551.77,5498.0,5,Tyres & Batteries,4011,8908816878518
Brake Overhaul Labor - All 4 Wheels,AUTO-01798,GST,18,723.51,2490.0,94,Repair Labor & Services,998714,8909656882672
Michelin Aftermarket Tubeless Tyre (14 inch) - 185/65 R14,AUTO-01799,GST,28,1960.42,2255.0,12,Tyres & Batteries,4011,8908147237356
Castrol Premium Coolant (Pre-mixed) - 1 Litre,AUTO-01800,GST,18,300.51,404.0,40,Lubricants & Fluids,2710,8909789995145
Shell OEM Coolant (Pre-mixed) - 3 Litre,AUTO-01801,GST,18,311.57,435.0,51,Lubricants & Fluids,2710,8900668867518
Liqui Moly Genuine Fully Synthetic Engine Oil - 5W-30 (3.5L),AUTO-01802,GST,18,3645.16,5053.0,37,Lubricants & Fluids,2710,8909563431807
Gabriel Premium Brake Rotor/Disc - Vented,AUTO-01803,GST,28,1629.27,2003.0,7,Brakes & Suspension,8708,8906533777303
Tata Genuine OEM Ignition Coil - Set of 4,AUTO-01804,GST,28,1426.58,1675.0,8,Engine & Transmission Parts,8708,8901548720124
Wheel Alignment & Balancing - 5 Wheels,AUTO-01805,GST,18,315.89,801.0,17,Repair Labor & Services,998714,8905490809983
Exide Car Battery (DIN44) - Maintenance Free,AUTO-01806,GST,28,3727.45,4554.0,6,Tyres & Batteries,8507,8906163034383
General Periodic Service - Hatchback,AUTO-01807,GST,18,578.25,1717.0,88,Repair Labor & Services,998714,8904930741799
AC Gas Top-Up & Service - Deep Clean,AUTO-01808,GST,18,653.74,1784.0,89,Repair Labor & Services,998714,8907351896225
Monroe Premium Shock Absorber - Hydraulic,AUTO-01809,GST,28,2040.01,2385.0,2,Brakes & Suspension,8708,8902340567712
Motul Premium Gear Oil - 75W-90 (1L),AUTO-01810,GST,18,555.11,733.0,48,Lubricants & Fluids,2710,8902805166608
LUK Radiator Assembly - Aluminium,AUTO-01811,GST,28,4097.69,4893.0,6,Engine & Transmission Parts,8708,8907909863615
Monroe Standard Suspension Bush Kit - Rubber,AUTO-01812,GST,28,714.23,838.0,4,Brakes & Suspension,8708,8902482488631
TRW Suspension Bush Kit - Polyurethane,AUTO-01813,GST,28,624.04,752.0,5,Brakes & Suspension,8708,8901180266914
Minda Genuine Alternator - 90 Amp,AUTO-01814,GST,28,4853.92,5774.0,3,Engine & Transmission Parts,8708,8908911992569
Bosch Genuine Wheel Bearing - Rear (with ABS),AUTO-01815,GST,28,969.32,1212.0,5,Brakes & Suspension,8708,8904103414131
MRF Standard Tubeless Tyre (14 inch) - 165/70 R14,AUTO-01816,GST,28,2604.74,3129.0,3,Tyres & Batteries,4011,8903251790447
Maruti Genuine Alternator - 90 Amp,AUTO-01817,GST,28,6170.73,7843.0,8,Engine & Transmission Parts,8708,8907148783103
Mahindra Genuine Standard Fuel Injector - Petrol,AUTO-01818,GST,28,2714.82,3173.0,4,Engine & Transmission Parts,8708,8907579407403
TRW Standard Suspension Bush Kit - Rubber,AUTO-01819,GST,28,775.2,959.0,10,Brakes & Suspension,8708,8907093391369
Motul Standard Semi-Synthetic Engine Oil - 15W-40 (4L),AUTO-01820,GST,18,1082.03,1587.0,16,Lubricants & Fluids,2710,8903267531805
K&N Premium Air Filter - Paper,AUTO-01821,GST,18,266.13,399.0,53,Filters & Consumables,8421,8906546125360
Mahle Standard Engine Oil Filter - Spin-on,AUTO-01822,GST,18,175.83,262.0,40,Filters & Consumables,8421,8907948698948
Motul Heavy Duty Coolant (Pre-mixed) - 1 Litre,AUTO-01823,GST,18,245.97,325.0,18,Lubricants & Fluids,2710,8907701773759
Shell Premium Power Steering Fluid - 500ml,AUTO-01824,GST,18,318.02,420.0,19,Lubricants & Fluids,2710,8907196004902
Mahindra Genuine OEM Spark Plug Set - Platinum,AUTO-01825,GST,28,802.19,1020.0,7,Engine & Transmission Parts,8708,8909674333849
Denting & Painting (Per Panel) - Metallic/Pearl Color,AUTO-01826,GST,18,1119.51,3183.0,23,Repair Labor & Services,998714,8907033530049
Engine Scanning & Diagnostics - OBD2 Scan,AUTO-01827,GST,18,185.39,736.0,37,Repair Labor & Services,998714,8906197731739
Valvoline Standard Gear Oil - 80W-90 (1L),AUTO-01828,GST,18,448.21,647.0,24,Lubricants & Fluids,2710,8903858653927
Engine Scanning & Diagnostics - Full System Scan,AUTO-01829,GST,18,240.32,629.0,40,Repair Labor & Services,998714,8904931796706
Maruti Genuine Fuel Injector - Diesel,AUTO-01830,GST,28,3122.37,3977.0,9,Engine & Transmission Parts,8708,8909211625069
Michelin Standard Tubeless Tyre (15 inch) - 185/60 R15,AUTO-01831,GST,28,4006.62,4733.0,11,Tyres & Batteries,4011,8908970145570
Gabriel Standard Wheel Bearing - Front,AUTO-01832,GST,28,1033.31,1262.0,3,Brakes & Suspension,8708,8908669255290
Castrol Genuine Transmission Fluid (ATF) - 1 Litre,AUTO-01833,GST,18,626.24,815.0,57,Lubricants & Fluids,2710,8901101561619
Bosch Standard Wiper Blade Set - Standard Frame,AUTO-01834,GST,18,443.63,643.0,55,Filters & Consumables,8421,8908121300882
Engine Scanning & Diagnostics - Full System Scan,AUTO-01835,GST,18,231.61,796.0,97,Repair Labor & Services,998714,8908672331044
Bosch Heavy Duty Car Battery (DIN44) - Maintenance Free,AUTO-01836,GST,28,4259.19,5445.0,7,Tyres & Batteries,8507,8905619221882
TVS Girling OEM Suspension Bush Kit - Polyurethane,AUTO-01837,GST,28,712.08,924.0,6,Brakes & Suspension,8708,8901761302364
Tata Genuine Heavy Duty Radiator Assembly - Copper Core,AUTO-01838,GST,28,3591.27,4467.0,11,Engine & Transmission Parts,8708,8901676403239
Denting & Painting (Per Panel) - Solid Color,AUTO-01839,GST,18,1190.09,3225.0,78,Repair Labor & Services,998714,8902671269379
Gulf Aftermarket Power Steering Fluid - 500ml,AUTO-01840,GST,18,267.31,396.0,41,Lubricants & Fluids,2710,8904448436868
Valeo Heavy Duty Timing Belt - Heavy Duty,AUTO-01841,GST,28,938.29,1139.0,2,Engine & Transmission Parts,8708,8909805877155
Engine Scanning & Diagnostics - OBD2 Scan,AUTO-01842,GST,18,275.24,757.0,71,Repair Labor & Services,998714,8908790259120
AC Gas Top-Up & Service - Deep Clean,AUTO-01843,GST,18,594.91,1591.0,32,Repair Labor & Services,998714,8906603235841
Apollo Performance Tubeless Tyre (14 inch) - 165/70 R14,AUTO-01844,GST,28,2267.41,2808.0,9,Tyres & Batteries,4011,8907379395795
Motul Standard Transmission Fluid (ATF) - 1 Litre,AUTO-01845,GST,18,546.57,740.0,20,Lubricants & Fluids,2710,8901173670386
Bosch Genuine Suspension Bush Kit - Rubber,AUTO-01846,GST,28,649.04,762.0,10,Brakes & Suspension,8708,8904233008056
TVS Girling Aftermarket Wheel Bearing - Front,AUTO-01847,GST,28,959.1,1246.0,10,Brakes & Suspension,8708,8902873210788
TVS Girling Heavy Duty Brake Rotor/Disc - Solid,AUTO-01848,GST,28,1988.07,2579.0,6,Brakes & Suspension,8708,8908522072019
Purolator Aftermarket Wiper Blade Set - Standard Frame,AUTO-01849,GST,18,405.72,548.0,58,Filters & Consumables,8421,8901627963651
Gabriel Performance Wheel Bearing - Rear (with ABS),AUTO-01850,GST,28,877.33,1099.0,2,Brakes & Suspension,8708,8900510819484
Wheel Alignment & Balancing - 5 Wheels,AUTO-01851,GST,18,293.6,755.0,36,Repair Labor & Services,998714,8906072235028
TVS Girling Standard Wheel Bearing - Front,AUTO-01852,GST,28,993.31,1273.0,12,Brakes & Suspension,8708,8904375391692
Bosch Genuine Car Battery (DIN55) - 55 Ah,AUTO-01853,GST,28,4840.0,5656.0,8,Tyres & Batteries,8507,8909687403304
Servo Premium Brake Fluid DOT 4 - 250ml,AUTO-01854,GST,18,180.94,251.0,31,Lubricants & Fluids,2710,8909700844580
Maruti Genuine Timing Belt - Heavy Duty,AUTO-01855,GST,28,955.53,1182.0,8,Engine & Transmission Parts,8708,8902809241150
Castrol Genuine Gear Oil - 75W-90 (1L),AUTO-01856,GST,18,371.94,537.0,27,Lubricants & Fluids,2710,8901525523228
Maruti Genuine Radiator Assembly - Copper Core,AUTO-01857,GST,28,4313.85,5113.0,6,Engine & Transmission Parts,8708,8900476253950
Valeo Aftermarket Timing Belt - Heavy Duty,AUTO-01858,GST,28,1219.63,1461.0,12,Engine & Transmission Parts,8708,8906277888260
TVS Girling Premium Suspension Bush Kit - Rubber,AUTO-01859,GST,28,947.98,1093.0,7,Brakes & Suspension,8708,8908809718614
Brembo Performance Tie Rod End - Left,AUTO-01860,GST,28,640.39,768.0,6,Brakes & Suspension,8708,8905920559675
K&N OEM Wiper Blade Set - Frameless,AUTO-01861,GST,18,396.69,578.0,52,Filters & Consumables,8421,8908304576274
Motul Premium Fully Synthetic Engine Oil - 5W-40 (4L),AUTO-01862,GST,18,3755.9,5618.0,37,Lubricants & Fluids,2710,8908970152213
Monroe Premium Wheel Bearing - Rear (with ABS),AUTO-01863,GST,28,765.22,939.0,6,Brakes & Suspension,8708,8907612898993
Hyundai Mobis Spark Plug Set - Platinum,AUTO-01864,GST,28,750.3,947.0,11,Engine & Transmission Parts,8708,8909799271560
Brembo Performance Tie Rod End - Right,AUTO-01865,GST,28,638.32,748.0,7,Brakes & Suspension,8708,8908986818439
K&N Premium Air Filter - Paper,AUTO-01866,GST,18,367.99,513.0,46,Filters & Consumables,8421,8909499944574
Servo Fully Synthetic Engine Oil - 5W-30 (3.5L),AUTO-01867,GST,18,3564.86,5280.0,25,Lubricants & Fluids,2710,8906265434759
Tata Genuine Standard Clutch Plate Assembly - SUV,AUTO-01868,GST,28,4356.65,5389.0,10,Engine & Transmission Parts,8708,8903985907996
Gulf Coolant (Pre-mixed) - 1 Litre,AUTO-01869,GST,18,219.79,315.0,50,Lubricants & Fluids,2710,8901678434073
Hyundai Mobis Timing Belt - Heavy Duty,AUTO-01870,GST,28,1320.35,1537.0,12,Engine & Transmission Parts,8708,8903500788369
Brembo Performance Brake Rotor/Disc - Vented,AUTO-01871,GST,28,1813.67,2150.0,5,Brakes & Suspension,8708,8906999528502
TVS Girling Performance Brake Rotor/Disc - Solid,AUTO-01872,GST,28,1693.48,2064.0,7,Brakes & Suspension,8708,8905149724903
Brembo Brake Rotor/Disc - Solid,AUTO-01873,GST,28,1970.17,2352.0,11,Brakes & Suspension,8708,8905093555570
TVS Girling OEM Brake Pad Set - Rear,AUTO-01874,GST,28,1097.29,1274.0,8,Brakes & Suspension,8708,8904459476121
Michelin Aftermarket Tubeless Tyre (15 inch) - 195/60 R15,AUTO-01875,GST,28,4386.67,5542.0,2,Tyres & Batteries,4011,8906507612228
Denting & Painting (Per Panel) - Solid Color,AUTO-01876,GST,18,874.89,2559.0,81,Repair Labor & Services,998714,8905304555595
LUK Performance Alternator - 90 Amp,AUTO-01877,GST,28,5534.07,6779.0,9,Engine & Transmission Parts,8708,8908943327639
General Periodic Service - Sedan,AUTO-01878,GST,18,660.2,2165.0,98,Repair Labor & Services,998714,8903696269022
TVS Girling Performance Tie Rod End - Right,AUTO-01879,GST,28,612.08,766.0,8,Brakes & Suspension,8708,8901790670151
TVS Girling Heavy Duty Brake Pad Set - Front,AUTO-01880,GST,28,931.76,1157.0,9,Brakes & Suspension,8708,8906972162183
Clutch Replacement Labor - Manual,AUTO-01881,GST,18,1513.34,4141.0,58,Repair Labor & Services,998714,8909210530712
Monroe Aftermarket Brake Pad Set - Front,AUTO-01882,GST,28,1221.23,1498.0,12,Brakes & Suspension,8708,8907742705498
Liqui Moly Aftermarket Gear Oil - 75W-90 (1L),AUTO-01883,GST,18,504.47,750.0,18,Lubricants & Fluids,2710,8906322801269
Michelin Genuine Tubeless Tyre (16 inch) - 205/55 R16,AUTO-01884,GST,28,8529.93,10551.0,4,Tyres & Batteries,4011,8904760960647
Rane Performance Wheel Bearing - Rear (with ABS),AUTO-01885,GST,28,839.11,1023.0,9,Brakes & Suspension,8708,8908747788407
Mahindra Genuine Alternator - 120 Amp,AUTO-01886,GST,28,5444.14,6894.0,2,Engine & Transmission Parts,8708,8906129889728
Mobil 1 Aftermarket Coolant (Pre-mixed) - 1 Litre,AUTO-01887,GST,18,227.0,340.0,40,Lubricants & Fluids,2710,8901641700537
Tata Genuine Genuine Clutch Plate Assembly - Sedan,AUTO-01888,GST,28,3408.36,4123.0,10,Engine & Transmission Parts,8708,8900316647951
Monroe OEM Tie Rod End - Left,AUTO-01889,GST,28,591.7,748.0,6,Brakes & Suspension,8708,8902853541601
Bridgestone Premium Tubeless Tyre (14 inch) - 185/65 R14,AUTO-01890,GST,28,1991.25,2568.0,3,Tyres & Batteries,4011,8907086715207
Wix Engine Oil Filter - Spin-on,AUTO-01891,GST,18,233.3,306.0,29,Filters & Consumables,8421,8903689579672
Brake Overhaul Labor - Front Axle,AUTO-01892,GST,18,460.2,1197.0,14,Repair Labor & Services,998714,8909007017850
General Periodic Service - Sedan,AUTO-01893,GST,18,655.29,2292.0,82,Repair Labor & Services,998714,8907239201029
Mahle Standard Wiper Blade Set - Standard Frame,AUTO-01894,GST,18,397.94,571.0,56,Filters & Consumables,8421,8905396597442
Mobil 1 Aftermarket Coolant (Pre-mixed) - 3 Litre,AUTO-01895,GST,18,299.24,394.0,33,Lubricants & Fluids,2710,8901537405133
Elofic Genuine Air Filter - Washable Cotton,AUTO-01896,GST,18,394.46,544.0,51,Filters & Consumables,8421,8909768160855
Purolator Premium Fuel Filter - Diesel Cartridge,AUTO-01897,GST,18,559.75,786.0,54,Filters & Consumables,8421,8906881449908
Minda Aftermarket Fuel Injector - Petrol,AUTO-01898,GST,28,2704.08,3128.0,7,Engine & Transmission Parts,8708,8907445099986
Brembo Heavy Duty Shock Absorber - Hydraulic,AUTO-01899,GST,28,2144.89,2780.0,11,Brakes & Suspension,8708,8901111085184
Wix Heavy Duty Fuel Filter - Diesel Cartridge,AUTO-01900,GST,18,602.16,792.0,37,Filters & Consumables,8421,8909618307348
Bosch Genuine Water Pump - OEM Specs,AUTO-01901,GST,28,2015.93,2423.0,9,Engine & Transmission Parts,8708,8902055482987
Apollo OEM Tubeless Tyre (14 inch) - 165/70 R14,AUTO-01902,GST,28,2076.71,2601.0,11,Tyres & Batteries,4011,8908474604293
Purolator Fuel Filter - Diesel Cartridge,AUTO-01903,GST,18,569.82,841.0,20,Filters & Consumables,8421,8904617275804
Mobil 1 Genuine Transmission Fluid (ATF) - 1 Litre,AUTO-01904,GST,18,444.73,662.0,42,Lubricants & Fluids,2710,8909889798877
Servo Standard Brake Fluid DOT 4 - 500ml,AUTO-01905,GST,18,301.03,437.0,19,Lubricants & Fluids,2710,8903401929360
Engine Scanning & Diagnostics - Full System Scan,AUTO-01906,GST,18,252.06,756.0,18,Repair Labor & Services,998714,8909346389012
Servo Power Steering Fluid - 1 Litre,AUTO-01907,GST,18,226.82,314.0,57,Lubricants & Fluids,2710,8905611568622
Clutch Replacement Labor - Manual,AUTO-01908,GST,18,965.05,3019.0,88,Repair Labor & Services,998714,8904805316022
Wix Heavy Duty Cabin/AC Filter - Standard,AUTO-01909,GST,18,208.53,306.0,58,Filters & Consumables,8421,8902718624475
Bosch Aftermarket Engine Oil Filter - Spin-on,AUTO-01910,GST,18,210.89,283.0,59,Filters & Consumables,8421,8900782878066
Maruti Genuine Spark Plug Set - Platinum,AUTO-01911,GST,28,716.95,865.0,7,Engine & Transmission Parts,8708,8906541802882
Mobil 1 Genuine Fully Synthetic Engine Oil - 5W-30 (3.5L),AUTO-01912,GST,18,4088.51,5349.0,35,Lubricants & Fluids,2710,8909469984288
Rane Tie Rod End - Right,AUTO-01913,GST,28,624.56,749.0,2,Brakes & Suspension,8708,8903132988712
Rane Heavy Duty Brake Rotor/Disc - Vented,AUTO-01914,GST,28,2112.72,2729.0,10,Brakes & Suspension,8708,8906427786268
Clutch Replacement Labor - Automatic,AUTO-01915,GST,18,1128.49,3717.0,58,Repair Labor & Services,998714,8900320877834
Purolator Aftermarket Engine Oil Filter - Cartridge,AUTO-01916,GST,18,213.3,287.0,29,Filters & Consumables,8421,8904557356232
K&N Standard Engine Oil Filter - Spin-on,AUTO-01917,GST,18,182.76,250.0,37,Filters & Consumables,8421,8909730273228
Liqui Moly Aftermarket Fully Synthetic Engine Oil - 5W-40 (4L),AUTO-01918,GST,18,4715.09,6169.0,24,Lubricants & Fluids,2710,8905554689397
Wix OEM Engine Oil Filter - Cartridge,AUTO-01919,GST,18,160.53,224.0,50,Filters & Consumables,8421,8908159646738
Mahle Standard Fuel Filter - Petrol In-line,AUTO-01920,GST,18,615.18,834.0,57,Filters & Consumables,8421,8904673322912
Gulf Brake Fluid DOT 4 - 500ml,AUTO-01921,GST,18,210.92,302.0,42,Lubricants & Fluids,2710,8902394599426
Castrol Premium Coolant (Pre-mixed) - 3 Litre,AUTO-01922,GST,18,360.13,511.0,28,Lubricants & Fluids,2710,8900120339801
Rane OEM Tie Rod End - Right,AUTO-01923,GST,28,616.72,744.0,10,Brakes & Suspension,8708,8903356890581
Bosch Heavy Duty Timing Belt - Heavy Duty,AUTO-01924,GST,28,949.64,1132.0,5,Engine & Transmission Parts,8708,8905670277287
Maruti Genuine Alternator - 120 Amp,AUTO-01925,GST,28,6186.46,7456.0,11,Engine & Transmission Parts,8708,8904575959955
Maruti Genuine Fuel Injector - Diesel,AUTO-01926,GST,28,2318.32,2913.0,3,Engine & Transmission Parts,8708,8907148541839
Mobil 1 Aftermarket Gear Oil - 75W-90 (1L),AUTO-01927,GST,18,495.62,710.0,38,Lubricants & Fluids,2710,8902078821651
LUK Performance Timing Belt - Heavy Duty,AUTO-01928,GST,28,1022.62,1285.0,7,Engine & Transmission Parts,8708,8902030276947
TVS Girling Standard Tie Rod End - Left,AUTO-01929,GST,28,650.95,767.0,7,Brakes & Suspension,8708,8903212440293
Bosch Standard Cabin/AC Filter - Standard,AUTO-01930,GST,18,213.78,312.0,20,Filters & Consumables,8421,8908052579599
Bosch Standard Spark Plug Set - Platinum,AUTO-01931,GST,28,560.6,712.0,12,Engine & Transmission Parts,8708,8903254601891
Minda Heavy Duty Spark Plug Set - Copper,AUTO-01932,GST,28,631.66,774.0,7,Engine & Transmission Parts,8708,8907133996276
CEAT Tubeless Tyre (14 inch) - 165/70 R14,AUTO-01933,GST,28,2055.14,2403.0,3,Tyres & Batteries,4011,8902029138130
Mahindra Genuine Premium Spark Plug Set - Copper,AUTO-01934,GST,28,601.38,739.0,11,Engine & Transmission Parts,8708,8900888196645
Brembo OEM Brake Pad Set - Ceramic,AUTO-01935,GST,28,1081.75,1385.0,2,Brakes & Suspension,8708,8908213356831
Bosch Genuine Air Filter - Washable Cotton,AUTO-01936,GST,18,321.69,482.0,60,Filters & Consumables,8421,8901710389191
Amaron Premium Car Battery (DIN44) - Maintenance Free,AUTO-01937,GST,28,4423.46,5107.0,5,Tyres & Batteries,8507,8903203449560
Purolator Genuine Cabin/AC Filter - Active Carbon,AUTO-01938,GST,18,240.23,352.0,46,Filters & Consumables,8421,8907525723163
Tata Genuine Clutch Plate Assembly - Hatchback,AUTO-01939,GST,28,2562.88,3141.0,3,Engine & Transmission Parts,8708,8901057039963
Tata Genuine Premium Alternator - 120 Amp,AUTO-01940,GST,28,4491.27,5565.0,6,Engine & Transmission Parts,8708,8906966932337
Bosch Performance Ignition Coil - Single Pack,AUTO-01941,GST,28,1414.01,1628.0,2,Engine & Transmission Parts,8708,8909714086332
Bosch Genuine Brake Rotor/Disc - Vented,AUTO-01942,GST,28,1791.61,2204.0,9,Brakes & Suspension,8708,8904488839237
Castrol Aftermarket Power Steering Fluid - 1 Litre,AUTO-01943,GST,18,174.13,256.0,35,Lubricants & Fluids,2710,8908258545513
CEAT Premium Tubeless Tyre (14 inch) - 185/65 R14,AUTO-01944,GST,28,2521.36,3096.0,4,Tyres & Batteries,4011,8903678838736
Exide Aftermarket Car Battery (DIN65) - 65 Ah,AUTO-01945,GST,28,6414.51,7408.0,5,Tyres & Batteries,8507,8906475846648
Wix OEM Fuel Filter - Diesel Cartridge,AUTO-01946,GST,18,477.04,667.0,20,Filters & Consumables,8421,8902063175529
K&N OEM Fuel Filter - Petrol In-line,AUTO-01947,GST,18,448.43,629.0,15,Filters & Consumables,8421,8908114415728
Mahindra Genuine OEM Radiator Assembly - Copper Core,AUTO-01948,GST,28,3227.03,3972.0,3,Engine & Transmission Parts,8708,8901460361189
Monroe Performance Wheel Bearing - Front,AUTO-01949,GST,28,878.71,1104.0,6,Brakes & Suspension,8708,8906542683684
Monroe Standard Suspension Bush Kit - Polyurethane,AUTO-01950,GST,28,873.91,1031.0,12,Brakes & Suspension,8708,8904545956600
TVS Girling Genuine Brake Pad Set - Front,AUTO-01951,GST,28,1168.58,1368.0,9,Brakes & Suspension,8708,8902386974217
Brake Overhaul Labor - All 4 Wheels,AUTO-01952,GST,18,600.49,2094.0,17,Repair Labor & Services,998714,8909570934099
Tata Genuine OEM Fuel Injector - Diesel,AUTO-01953,GST,28,2327.16,2820.0,6,Engine & Transmission Parts,8708,8900348484377
Bosch Alternator - 90 Amp,AUTO-01954,GST,28,6868.08,8239.0,12,Engine & Transmission Parts,8708,8909514295449
Brake Overhaul Labor - All 4 Wheels,AUTO-01955,GST,18,502.54,1886.0,99,Repair Labor & Services,998714,8907562752800
Tata Genuine Heavy Duty Timing Belt - Heavy Duty,AUTO-01956,GST,28,956.41,1166.0,12,Engine & Transmission Parts,8708,8904592351638
TRW Standard Brake Rotor/Disc - Solid,AUTO-01957,GST,28,2257.25,2770.0,9,Brakes & Suspension,8708,8901001707812
Engine Scanning & Diagnostics - Full System Scan,AUTO-01958,GST,18,174.13,684.0,40,Repair Labor & Services,998714,8900494841423
Gulf Heavy Duty Power Steering Fluid - 500ml,AUTO-01959,GST,18,325.77,455.0,58,Lubricants & Fluids,2710,8908756798130
Monroe Standard Shock Absorber - Hydraulic,AUTO-01960,GST,28,2462.5,3183.0,9,Brakes & Suspension,8708,8901158821870
Clutch Replacement Labor - Automatic,AUTO-01961,GST,18,1138.06,4443.0,72,Repair Labor & Services,998714,8909116114644
Wix Heavy Duty Engine Oil Filter - Spin-on,AUTO-01962,GST,18,154.74,219.0,38,Filters & Consumables,8421,8904247388523
Wix Fuel Filter - Diesel Cartridge,AUTO-01963,GST,18,523.91,687.0,50,Filters & Consumables,8421,8908125325121
Clutch Replacement Labor - Manual,AUTO-01964,GST,18,1339.22,4164.0,83,Repair Labor & Services,998714,8909096660286
Shell Performance Transmission Fluid (ATF) - 1 Litre,AUTO-01965,GST,18,481.92,666.0,40,Lubricants & Fluids,2710,8908210037090
Purolator Premium Air Filter - Washable Cotton,AUTO-01966,GST,18,348.68,489.0,41,Filters & Consumables,8421,8906932070983
Servo Genuine Transmission Fluid (ATF) - 1 Litre,AUTO-01967,GST,18,496.0,675.0,43,Lubricants & Fluids,2710,8906296507445
Mahle Genuine Fuel Filter - Petrol In-line,AUTO-01968,GST,18,502.88,690.0,32,Filters & Consumables,8421,8901982817947
Elofic Premium Cabin/AC Filter - Standard,AUTO-01969,GST,18,239.98,328.0,23,Filters & Consumables,8421,8902026269303
TRW Standard Wheel Bearing - Rear (with ABS),AUTO-01970,GST,28,855.41,1106.0,7,Brakes & Suspension,8708,8907330907406
Bosch Performance Brake Pad Set - Rear,AUTO-01971,GST,28,937.5,1099.0,9,Brakes & Suspension,8708,8906751258379
Michelin Heavy Duty Tubeless Tyre (14 inch) - 185/65 R14,AUTO-01972,GST,28,2276.57,2880.0,11,Tyres & Batteries,4011,8903327633422
Bosch Aftermarket Car Battery (DIN65) - SUV Specs,AUTO-01973,GST,28,8862.72,10378.0,5,Tyres & Batteries,8507,8907225931033
Clutch Replacement Labor - Manual,AUTO-01974,GST,18,1134.74,3831.0,28,Repair Labor & Services,998714,8903403704333
Rane Heavy Duty Brake Pad Set - Ceramic,AUTO-01975,GST,28,1085.41,1308.0,12,Brakes & Suspension,8708,8901257804737
Maruti Genuine Timing Belt - Heavy Duty,AUTO-01976,GST,28,1100.31,1329.0,2,Engine & Transmission Parts,8708,8906455442157
Engine Scanning & Diagnostics - OBD2 Scan,AUTO-01977,GST,18,268.27,734.0,47,Repair Labor & Services,998714,8900532739688
Shell Heavy Duty Brake Fluid DOT 4 - 250ml,AUTO-01978,GST,18,196.55,278.0,29,Lubricants & Fluids,2710,8909799783315
Minda Performance Water Pump - OEM Specs,AUTO-01979,GST,28,2337.39,2977.0,8,Engine & Transmission Parts,8708,8905510250666
Engine Scanning & Diagnostics - Full System Scan,AUTO-01980,GST,18,210.25,670.0,48,Repair Labor & Services,998714,8907671499863
Gabriel OEM Tie Rod End - Right,AUTO-01981,GST,28,652.09,750.0,10,Brakes & Suspension,8708,8905242762215
Valvoline Standard Semi-Synthetic Engine Oil - 15W-40 (4L),AUTO-01982,GST,18,1182.3,1697.0,41,Lubricants & Fluids,2710,8903994959403
Michelin Standard Tubeless Tyre (16 inch) - 205/55 R16,AUTO-01983,GST,28,8316.99,10536.0,12,Tyres & Batteries,4011,8905317087300
Rane Aftermarket Brake Pad Set - Front,AUTO-01984,GST,28,1097.75,1418.0,5,Brakes & Suspension,8708,8906632567322
AC Gas Top-Up & Service - Deep Clean,AUTO-01985,GST,18,487.41,1656.0,18,Repair Labor & Services,998714,8906601910904
Bosch Premium Car Battery (DIN44) - Maintenance Free,AUTO-01986,GST,28,3398.58,4406.0,4,Tyres & Batteries,8507,8906447893785
Amaron OEM Car Battery (DIN65) - SUV Specs,AUTO-01987,GST,28,11111.34,14103.0,11,Tyres & Batteries,8507,8900937164581
Mahindra Genuine Heavy Duty Fuel Injector - Petrol,AUTO-01988,GST,28,3092.92,3751.0,11,Engine & Transmission Parts,8708,8904473387805
Gabriel Performance Tie Rod End - Left,AUTO-01989,GST,28,511.77,615.0,3,Brakes & Suspension,8708,8908378477198
CEAT Standard Tubeless Tyre (15 inch) - 185/60 R15,AUTO-01990,GST,28,4854.5,5841.0,11,Tyres & Batteries,4011,8906859380625
LUK Genuine Radiator Assembly - Aluminium,AUTO-01991,GST,28,3458.15,4393.0,12,Engine & Transmission Parts,8708,8902434354869
Mobil 1 OEM Fully Synthetic Engine Oil - 5W-30 (3.5L),AUTO-01992,GST,18,4306.22,5933.0,30,Lubricants & Fluids,2710,8908710880354
Elofic Genuine Cabin/AC Filter - Active Carbon,AUTO-01993,GST,18,219.13,298.0,18,Filters & Consumables,8421,8903764747691
General Periodic Service - Sedan,AUTO-01994,GST,18,873.33,2335.0,53,Repair Labor & Services,998714,8900396558681
Denting & Painting (Per Panel) - Solid Color,AUTO-01995,GST,18,1019.28,3011.0,50,Repair Labor & Services,998714,8908933352866
Valeo Performance Radiator Assembly - Copper Core,AUTO-01996,GST,28,4223.05,5342.0,2,Engine & Transmission Parts,8708,8902957380101
TRW Shock Absorber - Hydraulic,AUTO-01997,GST,28,2029.57,2499.0,7,Brakes & Suspension,8708,8908061949991
Monroe Premium Wheel Bearing - Rear (with ABS),AUTO-01998,GST,28,1140.45,1369.0,11,Brakes & Suspension,8708,8901939687186
General Periodic Service - Sedan,AUTO-01999,GST,18,787.75,2728.0,88,Repair Labor & Services,998714,8902932850719
Purolator Heavy Duty Air Filter - Paper,AUTO-02000,GST,18,416.02,547.0,27,Filters & Consumables,8421,8904952209400
Monroe Wheel Bearing - Front,AUTO-02001,GST,28,961.47,1181.0,7,Brakes & Suspension,8708,8906274806611
Brake Overhaul Labor - All 4 Wheels,AUTO-02002,GST,18,649.01,2255.0,17,Repair Labor & Services,998714,8906951657121
Tata Genuine OEM Clutch Plate Assembly - SUV,AUTO-02003,GST,28,4767.75,6126.0,12,Engine & Transmission Parts,8708,8902399330255
Exide Aftermarket Car Battery (DIN65) - SUV Specs,AUTO-02004,GST,28,9678.52,11349.0,3,Tyres & Batteries,8507,8904596889109
Denting & Painting (Per Panel) - Solid Color,AUTO-02005,GST,18,1202.28,3093.0,46,Repair Labor & Services,998714,8905052112036
Valeo OEM Alternator - 120 Amp,AUTO-02006,GST,28,6450.36,8279.0,2,Engine & Transmission Parts,8708,8904460819714
Minda Performance Spark Plug Set - Platinum,AUTO-02007,GST,28,627.58,775.0,7,Engine & Transmission Parts,8708,8900609580627
Gulf Heavy Duty Coolant (Pre-mixed) - 3 Litre,AUTO-02008,GST,18,364.96,521.0,37,Lubricants & Fluids,2710,8909074294142
Denting & Painting (Per Panel) - Solid Color,AUTO-02009,GST,18,887.33,2823.0,93,Repair Labor & Services,998714,8907625384766
Exide Heavy Duty Car Battery (DIN55) - Heavy Duty,AUTO-02010,GST,28,3805.62,4912.0,6,Tyres & Batteries,8507,8907286174685
Bridgestone Aftermarket Tubeless Tyre (15 inch) - 185/60 R15,AUTO-02011,GST,28,4500.63,5822.0,3,Tyres & Batteries,4011,8901662866034
Bridgestone Genuine Tubeless Tyre (15 inch) - 185/60 R15,AUTO-02012,GST,28,4309.48,5364.0,12,Tyres & Batteries,4011,8906701656277
General Periodic Service - Hatchback,AUTO-02013,GST,18,587.76,2194.0,73,Repair Labor & Services,998714,8902312524235
Bosch Premium Wheel Bearing - Rear (with ABS),AUTO-02014,GST,28,780.37,935.0,10,Brakes & Suspension,8708,8909496172150
Mobil 1 Heavy Duty Fully Synthetic Engine Oil - 5W-40 (4L),AUTO-02015,GST,18,3517.7,5113.0,27,Lubricants & Fluids,2710,8901845605993
Mobil 1 Aftermarket Semi-Synthetic Engine Oil - 10W-40 (3.5L),AUTO-02016,GST,18,1468.57,2118.0,15,Lubricants & Fluids,2710,8909129443141
Castrol Heavy Duty Power Steering Fluid - 1 Litre,AUTO-02017,GST,18,182.94,271.0,27,Lubricants & Fluids,2710,8907798240211
Elofic OEM Air Filter - Paper,AUTO-02018,GST,18,299.04,426.0,51,Filters & Consumables,8421,8908181009624
Monroe Genuine Shock Absorber - Hydraulic,AUTO-02019,GST,28,2717.49,3402.0,7,Brakes & Suspension,8708,8908774526348
CEAT Tubeless Tyre (15 inch) - 195/60 R15,AUTO-02020,GST,28,3984.71,4759.0,4,Tyres & Batteries,4011,8902535117882
Apollo Heavy Duty Tubeless Tyre (16 inch) - 215/60 R16,AUTO-02021,GST,28,8791.45,10414.0,10,Tyres & Batteries,4011,8902872047676
K&N Engine Oil Filter - Spin-on,AUTO-02022,GST,18,170.67,246.0,47,Filters & Consumables,8421,8907120753136
Amaron OEM Car Battery (DIN55) - 55 Ah,AUTO-02023,GST,28,5251.5,6598.0,8,Tyres & Batteries,8507,8902107414430
General Periodic Service - Sedan,AUTO-02024,GST,18,831.96,2437.0,28,Repair Labor & Services,998714,8909964574433
Hyundai Mobis Timing Belt - Standard,AUTO-02025,GST,28,897.23,1142.0,6,Engine & Transmission Parts,8708,8909729697010
Minda Standard Spark Plug Set - Iridium,AUTO-02026,GST,28,636.32,789.0,7,Engine & Transmission Parts,8708,8908586188817
Apollo OEM Tubeless Tyre (14 inch) - 165/70 R14,AUTO-02027,GST,28,2313.69,2714.0,11,Tyres & Batteries,4011,8904376382749
Minda Aftermarket Radiator Assembly - Aluminium,AUTO-02028,GST,28,3515.8,4164.0,11,Engine & Transmission Parts,8708,8905480704731
Shell Power Steering Fluid - 1 Litre,AUTO-02029,GST,18,198.66,277.0,46,Lubricants & Fluids,2710,8904070366656
Bosch Aftermarket Ignition Coil - Set of 4,AUTO-02030,GST,28,1065.54,1384.0,4,Engine & Transmission Parts,8708,8901282193868
Monroe Tie Rod End - Right,AUTO-02031,GST,28,459.13,546.0,5,Brakes & Suspension,8708,8909330459692
Brake Overhaul Labor - Rear Axle,AUTO-02032,GST,18,356.73,1038.0,55,Repair Labor & Services,998714,8903123443584
Michelin Standard Tubeless Tyre (14 inch) - 165/70 R14,AUTO-02033,GST,28,2105.53,2470.0,6,Tyres & Batteries,4011,8902106378170
Shell Standard Power Steering Fluid - 1 Litre,AUTO-02034,GST,18,225.49,317.0,20,Lubricants & Fluids,2710,8906595585942
Minda OEM Ignition Coil - Single Pack,AUTO-02035,GST,28,1108.0,1416.0,5,Engine & Transmission Parts,8708,8906597276768
K&N Heavy Duty Fuel Filter - Diesel Cartridge,AUTO-02036,GST,18,466.07,658.0,19,Filters & Consumables,8421,8903417491953
Amaron Aftermarket Car Battery (DIN55) - Heavy Duty,AUTO-02037,GST,28,5180.54,6622.0,5,Tyres & Batteries,8507,8903990761500
Valeo OEM Timing Belt - Standard,AUTO-02038,GST,28,977.33,1201.0,2,Engine & Transmission Parts,8708,8904423647921
Castrol Genuine Fully Synthetic Engine Oil - 5W-30 (3.5L),AUTO-02039,GST,18,3077.85,4576.0,31,Lubricants & Fluids,2710,8907904991573
Bridgestone Tubeless Tyre (14 inch) - 185/65 R14,AUTO-02040,GST,28,2582.15,3117.0,12,Tyres & Batteries,4011,8903672096102
Monroe Standard Brake Rotor/Disc - Solid,AUTO-02041,GST,28,1778.03,2091.0,7,Brakes & Suspension,8708,8908699724597
Maruti Genuine Fuel Injector - Petrol,AUTO-02042,GST,28,2298.93,2946.0,9,Engine & Transmission Parts,8708,8900115491773
Denting & Painting (Per Panel) - Metallic/Pearl Color,AUTO-02043,GST,18,900.76,3044.0,75,Repair Labor & Services,998714,8905688886108
Liqui Moly Genuine Semi-Synthetic Engine Oil - 15W-40 (4L),AUTO-02044,GST,18,1668.61,2329.0,52,Lubricants & Fluids,2710,8904336447026
Brembo Suspension Bush Kit - Rubber,AUTO-02045,GST,28,759.3,974.0,7,Brakes & Suspension,8708,8909645876694
Apollo OEM Tubeless Tyre (16 inch) - 205/55 R16,AUTO-02046,GST,28,8434.78,10495.0,5,Tyres & Batteries,4011,8904745024053
K&N Standard Air Filter - Paper,AUTO-02047,GST,18,358.72,520.0,54,Filters & Consumables,8421,8906539450375
Castrol Premium Power Steering Fluid - 1 Litre,AUTO-02048,GST,18,202.64,285.0,27,Lubricants & Fluids,2710,8908569329136
MRF Standard Tubeless Tyre (16 inch) - 215/60 R16,AUTO-02049,GST,28,9076.22,11062.0,2,Tyres & Batteries,4011,8904150632405
Bosch Performance Water Pump - Aftermarket,AUTO-02050,GST,28,2113.4,2706.0,9,Engine & Transmission Parts,8708,8909633467464
Clutch Replacement Labor - Automatic,AUTO-02051,GST,18,891.12,3365.0,27,Repair Labor & Services,998714,8907399741592
Mahindra Genuine OEM Timing Belt - Standard,AUTO-02052,GST,28,828.62,1031.0,8,Engine & Transmission Parts,8708,8900781951648
Liqui Moly Heavy Duty Coolant (Pre-mixed) - 3 Litre,AUTO-02053,GST,18,324.85,487.0,16,Lubricants & Fluids,2710,8906144357547
Apollo Premium Tubeless Tyre (15 inch) - 185/60 R15,AUTO-02054,GST,28,4365.83,5524.0,12,Tyres & Batteries,4011,8902602706875
K&N OEM Engine Oil Filter - Cartridge,AUTO-02055,GST,18,191.52,284.0,49,Filters & Consumables,8421,8901292361391
Brembo Standard Suspension Bush Kit - Rubber,AUTO-02056,GST,28,691.43,862.0,10,Brakes & Suspension,8708,8904133768705
Clutch Replacement Labor - Manual,AUTO-02057,GST,18,1068.52,3887.0,90,Repair Labor & Services,998714,8906510640707
Bosch Car Battery (DIN55) - Heavy Duty,AUTO-02058,GST,28,5285.11,6484.0,5,Tyres & Batteries,8507,8900348573654
General Periodic Service - Sedan,AUTO-02059,GST,18,877.03,2823.0,75,Repair Labor & Services,998714,8900903178836
Shell Genuine Gear Oil - 80W-90 (1L),AUTO-02060,GST,18,458.03,643.0,54,Lubricants & Fluids,2710,8908444088959
TVS Girling Premium Brake Rotor/Disc - Vented,AUTO-02061,GST,28,1813.55,2327.0,8,Brakes & Suspension,8708,8900526990152
TRW Aftermarket Wheel Bearing - Front,AUTO-02062,GST,28,996.19,1235.0,11,Brakes & Suspension,8708,8906633092356
Servo Premium Fully Synthetic Engine Oil - 5W-30 (3.5L),AUTO-02063,GST,18,3756.3,5366.0,22,Lubricants & Fluids,2710,8905402732012
AC Gas Top-Up & Service - Standard,AUTO-02064,GST,18,425.55,1652.0,10,Repair Labor & Services,998714,8900423182068
TRW OEM Brake Pad Set - Rear,AUTO-02065,GST,28,1248.61,1442.0,5,Brakes & Suspension,8708,8900548473857
Elofic Aftermarket Fuel Filter - Petrol In-line,AUTO-02066,GST,18,437.87,632.0,55,Filters & Consumables,8421,8905381518272
Clutch Replacement Labor - Manual,AUTO-02067,GST,18,1176.04,4443.0,85,Repair Labor & Services,998714,8905185255768
Amaron Performance Car Battery (DIN65) - 65 Ah,AUTO-02068,GST,28,6397.53,7591.0,10,Tyres & Batteries,8507,8901969544876
Maruti Genuine Clutch Plate Assembly - SUV,AUTO-02069,GST,28,5075.24,6051.0,3,Engine & Transmission Parts,8708,8905089244640
Bosch Genuine Brake Pad Set - Rear,AUTO-02070,GST,28,1114.46,1342.0,7,Brakes & Suspension,8708,8909355881082
Brake Overhaul Labor - Rear Axle,AUTO-02071,GST,18,323.71,1182.0,67,Repair Labor & Services,998714,8907745925412
Gabriel Standard Suspension Bush Kit - Polyurethane,AUTO-02072,GST,28,789.41,1004.0,5,Brakes & Suspension,8708,8907979007045
Servo Genuine Transmission Fluid (ATF) - 5 Litre,AUTO-02073,GST,18,1125.62,1523.0,21,Lubricants & Fluids,2710,8906623956712
Gulf Performance Transmission Fluid (ATF) - 1 Litre,AUTO-02074,GST,18,532.29,791.0,43,Lubricants & Fluids,2710,8906749064122
Bosch Performance Fuel Filter - Diesel Cartridge,AUTO-02075,GST,18,464.74,610.0,33,Filters & Consumables,8421,8905134170054
Gulf Standard Transmission Fluid (ATF) - 1 Litre,AUTO-02076,GST,18,446.47,636.0,36,Lubricants & Fluids,2710,8905621683357
Brake Overhaul Labor - All 4 Wheels,AUTO-02077,GST,18,576.02,2116.0,55,Repair Labor & Services,998714,8900491086043
Hyundai Mobis Timing Belt - Heavy Duty,AUTO-02078,GST,28,1124.1,1387.0,4,Engine & Transmission Parts,8708,8901979336860
MRF Genuine Tubeless Tyre (15 inch) - 195/60 R15,AUTO-02079,GST,28,4029.07,5211.0,10,Tyres & Batteries,4011,8908850105583
CEAT Performance Tubeless Tyre (14 inch) - 165/70 R14,AUTO-02080,GST,28,1935.68,2273.0,6,Tyres & Batteries,4011,8900093339637
Bridgestone Heavy Duty Tubeless Tyre (15 inch) - 195/60 R15,AUTO-02081,GST,28,4347.1,5291.0,4,Tyres & Batteries,4011,8901889384478
Tata Genuine Genuine Ignition Coil - Set of 4,AUTO-02082,GST,28,1125.33,1443.0,4,Engine & Transmission Parts,8708,8900834812426
Mahle Aftermarket Fuel Filter - Diesel Cartridge,AUTO-02083,GST,18,553.3,765.0,32,Filters & Consumables,8421,8900478327966
Monroe OEM Tie Rod End - Right,AUTO-02084,GST,28,563.11,694.0,9,Brakes & Suspension,8708,8904499246871
Servo Performance Coolant (Pre-mixed) - 1 Litre,AUTO-02085,GST,18,207.24,303.0,36,Lubricants & Fluids,2710,8906642394026
Bridgestone Standard Tubeless Tyre (14 inch) - 185/65 R14,AUTO-02086,GST,28,2070.51,2511.0,10,Tyres & Batteries,4011,8901182292324
Elofic Aftermarket Fuel Filter - Petrol In-line,AUTO-02087,GST,18,607.29,817.0,28,Filters & Consumables,8421,8903784061386
Mahle Wiper Blade Set - Standard Frame,AUTO-02088,GST,18,410.6,538.0,31,Filters & Consumables,8421,8905596576578
Elofic Performance Engine Oil Filter - Spin-on,AUTO-02089,GST,18,170.07,250.0,23,Filters & Consumables,8421,8906764494363
Monroe Genuine Brake Pad Set - Rear,AUTO-02090,GST,28,832.87,1078.0,7,Brakes & Suspension,8708,8903442004218
K&N OEM Cabin/AC Filter - Active Carbon,AUTO-02091,GST,18,326.94,434.0,30,Filters & Consumables,8421,8905191985056
Motul Performance Semi-Synthetic Engine Oil - 10W-40 (3.5L),AUTO-02092,GST,18,1590.67,2242.0,18,Lubricants & Fluids,2710,8908143229876
Wix Air Filter - Paper,AUTO-02093,GST,18,360.83,519.0,18,Filters & Consumables,8421,8904233810608
Exide Premium Car Battery (DIN65) - SUV Specs,AUTO-02094,GST,28,9433.41,11028.0,3,Tyres & Batteries,8507,8908457496599
Maruti Genuine Water Pump - Aftermarket,AUTO-02095,GST,28,2424.54,2916.0,11,Engine & Transmission Parts,8708,8906114358304
Hyundai Mobis Ignition Coil - Set of 4,AUTO-02096,GST,28,1172.77,1424.0,2,Engine & Transmission Parts,8708,8909221689745
TRW Standard Suspension Bush Kit - Polyurethane,AUTO-02097,GST,28,930.95,1104.0,4,Brakes & Suspension,8708,8900431927431
Monroe Performance Suspension Bush Kit - Rubber,AUTO-02098,GST,28,756.6,875.0,5,Brakes & Suspension,8708,8903616558062
Liqui Moly Performance Brake Fluid DOT 4 - 500ml,AUTO-02099,GST,18,230.71,321.0,23,Lubricants & Fluids,2710,8900367027510
Maruti Genuine Alternator - 120 Amp,AUTO-02100,GST,28,5886.59,6772.0,9,Engine & Transmission Parts,8708,8901121816793
Brembo Heavy Duty Shock Absorber - Gas Filled,AUTO-02101,GST,28,2591.9,3338.0,2,Brakes & Suspension,8708,8905484951657
Hyundai Mobis Spark Plug Set - Iridium,AUTO-02102,GST,28,788.25,990.0,5,Engine & Transmission Parts,8708,8900242646855
Engine Scanning & Diagnostics - OBD2 Scan,AUTO-02103,GST,18,258.04,763.0,93,Repair Labor & Services,998714,8901548805109
Brembo Performance Shock Absorber - Hydraulic,AUTO-02104,GST,28,2780.4,3291.0,8,Brakes & Suspension,8708,8903305754370
Mahindra Genuine Standard Timing Belt - Heavy Duty,AUTO-02105,GST,28,888.81,1146.0,2,Engine & Transmission Parts,8708,8902170470125
Clutch Replacement Labor - Manual,AUTO-02106,GST,18,1116.83,4334.0,90,Repair Labor & Services,998714,8909717856817
Elofic Premium Fuel Filter - Diesel Cartridge,AUTO-02107,GST,18,497.39,656.0,30,Filters & Consumables,8421,8909301055916
Bosch Heavy Duty Car Battery (DIN55) - 55 Ah,AUTO-02108,GST,28,5138.08,6285.0,5,Tyres & Batteries,8507,8906470894406
Servo Aftermarket Power Steering Fluid - 1 Litre,AUTO-02109,GST,18,264.12,361.0,27,Lubricants & Fluids,2710,8905707650946
TRW Performance Brake Pad Set - Rear,AUTO-02110,GST,28,1001.7,1250.0,4,Brakes & Suspension,8708,8907192602611
Exide OEM Car Battery (DIN55) - 55 Ah,AUTO-02111,GST,28,5553.73,7125.0,5,Tyres & Batteries,8507,8906091949081
General Periodic Service - Hatchback,AUTO-02112,GST,18,698.9,2271.0,61,Repair Labor & Services,998714,8902805877770
Mahindra Genuine Genuine Ignition Coil - Single Pack,AUTO-02113,GST,28,1261.17,1617.0,3,Engine & Transmission Parts,8708,8901956964607
Bosch Genuine Cabin/AC Filter - Active Carbon,AUTO-02114,GST,18,288.12,407.0,22,Filters & Consumables,8421,8909220513563
Denting & Painting (Per Panel) - Metallic/Pearl Color,AUTO-02115,GST,18,802.2,2947.0,88,Repair Labor & Services,998714,8902500751674
Brake Overhaul Labor - All 4 Wheels,AUTO-02116,GST,18,541.97,1795.0,80,Repair Labor & Services,998714,8902177487477
CEAT Standard Tubeless Tyre (16 inch) - 205/55 R16,AUTO-02117,GST,28,9414.34,11353.0,11,Tyres & Batteries,4011,8909971252019
TVS Girling Standard Wheel Bearing - Rear (with ABS),AUTO-02118,GST,28,926.67,1146.0,4,Brakes & Suspension,8708,8906719196993
Bosch Heavy Duty Brake Rotor/Disc - Vented,AUTO-02119,GST,28,2098.93,2491.0,10,Brakes & Suspension,8708,8907830568287
Shell Performance Semi-Synthetic Engine Oil - 15W-40 (4L),AUTO-02120,GST,18,1164.19,1674.0,18,Lubricants & Fluids,2710,8902948747811
Gabriel Heavy Duty Brake Rotor/Disc - Solid,AUTO-02121,GST,28,1789.66,2157.0,9,Brakes & Suspension,8708,8903922293177
Bridgestone Heavy Duty Tubeless Tyre (16 inch) - 215/60 R16,AUTO-02122,GST,28,9487.97,11887.0,9,Tyres & Batteries,4011,8905055777917
Shell Standard Fully Synthetic Engine Oil - 5W-30 (3.5L),AUTO-02123,GST,18,3389.0,4840.0,28,Lubricants & Fluids,2710,8905381157509
Monroe Standard Brake Rotor/Disc - Vented,AUTO-02124,GST,28,1888.95,2380.0,5,Brakes & Suspension,8708,8906957562943
Gabriel Genuine Brake Pad Set - Rear,AUTO-02125,GST,28,1183.15,1501.0,2,Brakes & Suspension,8708,8908855069439
AC Gas Top-Up & Service - Standard,AUTO-02126,GST,18,693.91,1805.0,48,Repair Labor & Services,998714,8902797493549
TVS Girling OEM Brake Pad Set - Front,AUTO-02127,GST,28,1008.9,1293.0,11,Brakes & Suspension,8708,8906991329357
Shell OEM Transmission Fluid (ATF) - 5 Litre,AUTO-02128,GST,18,944.33,1289.0,46,Lubricants & Fluids,2710,8900347560164
Brake Overhaul Labor - Front Axle,AUTO-02129,GST,18,489.42,1469.0,51,Repair Labor & Services,998714,8904620213546
Bosch Aftermarket Car Battery (DIN65) - 65 Ah,AUTO-02130,GST,28,5487.67,6545.0,9,Tyres & Batteries,8507,8901734346609
Servo Premium Coolant (Pre-mixed) - 1 Litre,AUTO-02131,GST,18,224.09,327.0,30,Lubricants & Fluids,2710,8909810795163
Mobil 1 OEM Fully Synthetic Engine Oil - 5W-40 (4L),AUTO-02132,GST,18,4658.9,6057.0,25,Lubricants & Fluids,2710,8902417561680
Bosch OEM Car Battery (DIN44) - Maintenance Free,AUTO-02133,GST,28,3851.17,4953.0,6,Tyres & Batteries,8507,8901333665028
Motul Performance Brake Fluid DOT 4 - 500ml,AUTO-02134,GST,18,276.69,384.0,54,Lubricants & Fluids,2710,8901578290524
MRF OEM Tubeless Tyre (15 inch) - 195/60 R15,AUTO-02135,GST,28,4672.04,5485.0,11,Tyres & Batteries,4011,8909481414013
Bosch Heavy Duty Car Battery (DIN65) - SUV Specs,AUTO-02136,GST,28,7698.28,9840.0,8,Tyres & Batteries,8507,8905201201740
TVS Girling Standard Tie Rod End - Right,AUTO-02137,GST,28,484.21,628.0,10,Brakes & Suspension,8708,8908665948182
Bosch Heavy Duty Wiper Blade Set - Frameless,AUTO-02138,GST,18,412.53,574.0,57,Filters & Consumables,8421,8905916449153
Rane Premium Brake Pad Set - Ceramic,AUTO-02139,GST,28,1289.54,1502.0,2,Brakes & Suspension,8708,8908523156823
Mobil 1 Premium Transmission Fluid (ATF) - 5 Litre,AUTO-02140,GST,18,1274.91,1695.0,31,Lubricants & Fluids,2710,8906267132025
TRW Heavy Duty Shock Absorber - Gas Filled,AUTO-02141,GST,28,2512.84,3056.0,2,Brakes & Suspension,8708,8907760429398
Wix Fuel Filter - Diesel Cartridge,AUTO-02142,GST,18,428.97,641.0,59,Filters & Consumables,8421,8907721075240
Minda Performance Radiator Assembly - Aluminium,AUTO-02143,GST,28,4818.7,5555.0,12,Engine & Transmission Parts,8708,8909724725426
Servo Heavy Duty Fully Synthetic Engine Oil - 5W-40 (4L),AUTO-02144,GST,18,4093.54,5719.0,42,Lubricants & Fluids,2710,8903985238182
CEAT Heavy Duty Tubeless Tyre (15 inch) - 185/60 R15,AUTO-02145,GST,28,4723.88,5758.0,12,Tyres & Batteries,4011,8906807042357
General Periodic Service - SUV,AUTO-02146,GST,18,1704.42,4442.0,20,Repair Labor & Services,998714,8906992135347
AC Gas Top-Up & Service - Standard,AUTO-02147,GST,18,485.36,1939.0,10,Repair Labor & Services,998714,8907750884949
Amaron Performance Car Battery (DIN44) - 44 Ah,AUTO-02148,GST,28,3533.42,4284.0,8,Tyres & Batteries,8507,8902138059519
Servo Standard Gear Oil - 75W-90 (1L),AUTO-02149,GST,18,534.3,712.0,38,Lubricants & Fluids,2710,8909551330591
Servo Heavy Duty Fully Synthetic Engine Oil - 5W-40 (4L),AUTO-02150,GST,18,4282.66,5871.0,60,Lubricants & Fluids,2710,8901096745136
Monroe Performance Shock Absorber - Gas Filled,AUTO-02151,GST,28,2782.52,3305.0,9,Brakes & Suspension,8708,8903722342678
Purolator Heavy Duty Air Filter - Paper,AUTO-02152,GST,18,362.67,511.0,23,Filters & Consumables,8421,8908171899354
Denting & Painting (Per Panel) - Metallic/Pearl Color,AUTO-02153,GST,18,1193.28,3198.0,30,Repair Labor & Services,998714,8907596373114
MRF OEM Tubeless Tyre (15 inch) - 195/60 R15,AUTO-02154,GST,28,5084.94,6232.0,4,Tyres & Batteries,4011,8903065940038
Bosch Standard Radiator Assembly - Copper Core,AUTO-02155,GST,28,4090.95,4933.0,3,Engine & Transmission Parts,8708,8900021824140
Bosch Aftermarket Car Battery (DIN44) - 44 Ah,AUTO-02156,GST,28,3350.09,4065.0,8,Tyres & Batteries,8507,8908787321499
MRF Aftermarket Tubeless Tyre (14 inch) - 165/70 R14,AUTO-02157,GST,28,1917.96,2391.0,12,Tyres & Batteries,4011,8907433442106
Motul Premium Power Steering Fluid - 500ml,AUTO-02158,GST,18,284.99,393.0,19,Lubricants & Fluids,2710,8900413135557
CEAT Tubeless Tyre (15 inch) - 195/60 R15,AUTO-02159,GST,28,4754.59,5559.0,5,Tyres & Batteries,4011,8909567217618
Amaron Car Battery (DIN55) - Heavy Duty,AUTO-02160,GST,28,4540.87,5723.0,7,Tyres & Batteries,8507,8901387712398
Minda Premium Ignition Coil - Single Pack,AUTO-02161,GST,28,1196.91,1462.0,2,Engine & Transmission Parts,8708,8904519455868
Hyundai Mobis Radiator Assembly - Copper Core,AUTO-02162,GST,28,3826.2,4916.0,2,Engine & Transmission Parts,8708,8907964031575
Bosch OEM Car Battery (DIN55) - 55 Ah,AUTO-02163,GST,28,5273.39,6253.0,8,Tyres & Batteries,8507,8902054493392
Purolator Standard Wiper Blade Set - Standard Frame,AUTO-02164,GST,18,312.56,432.0,48,Filters & Consumables,8421,8905670207153
Elofic Premium Cabin/AC Filter - Standard,AUTO-02165,GST,18,296.51,406.0,58,Filters & Consumables,8421,8905535440789
Brake Overhaul Labor - Rear Axle,AUTO-02166,GST,18,355.67,1368.0,27,Repair Labor & Services,998714,8901007204094
Purolator Standard Engine Oil Filter - Spin-on,AUTO-02167,GST,18,179.46,258.0,38,Filters & Consumables,8421,8907804104866
Purolator Standard Wiper Blade Set - Standard Frame,AUTO-02168,GST,18,480.53,639.0,42,Filters & Consumables,8421,8902447049867
Valeo Clutch Plate Assembly - Hatchback,AUTO-02169,GST,28,2253.34,2596.0,5,Engine & Transmission Parts,8708,8902570443073
Bosch Suspension Bush Kit - Rubber,AUTO-02170,GST,28,819.55,974.0,12,Brakes & Suspension,8708,8900304381779
Amaron Standard Car Battery (DIN55) - 55 Ah,AUTO-02171,GST,28,5755.77,6758.0,9,Tyres & Batteries,8507,8900481130186
Shell OEM Semi-Synthetic Engine Oil - 10W-40 (3.5L),AUTO-02172,GST,18,1474.6,2189.0,59,Lubricants & Fluids,2710,8906518127591
Purolator Standard Engine Oil Filter - Spin-on,AUTO-02173,GST,18,165.31,240.0,32,Filters & Consumables,8421,8903256740536
Bosch Aftermarket Brake Pad Set - Ceramic,AUTO-02174,GST,28,974.2,1131.0,7,Brakes & Suspension,8708,8904111902060
Purolator Heavy Duty Air Filter - Washable Cotton,AUTO-02175,GST,18,300.78,393.0,23,Filters & Consumables,8421,8902144267353
Amaron Performance Car Battery (DIN65) - 65 Ah,AUTO-02176,GST,28,4821.64,6147.0,3,Tyres & Batteries,8507,8905999442618
Gulf Brake Fluid DOT 4 - 250ml,AUTO-02177,GST,18,194.75,292.0,35,Lubricants & Fluids,2710,8908268295081
Servo Heavy Duty Fully Synthetic Engine Oil - 5W-30 (3.5L),AUTO-02178,GST,18,3402.78,4660.0,38,Lubricants & Fluids,2710,8909358035288
Maruti Genuine Clutch Plate Assembly - Sedan,AUTO-02179,GST,28,2488.24,3047.0,12,Engine & Transmission Parts,8708,8908197354425
Bosch Wheel Bearing - Rear (with ABS),AUTO-02180,GST,28,990.77,1177.0,6,Brakes & Suspension,8708,8909649304640
Tata Genuine Aftermarket Clutch Plate Assembly - Sedan,AUTO-02181,GST,28,2914.08,3590.0,4,Engine & Transmission Parts,8708,8907553779385
Denting & Painting (Per Panel) - Metallic/Pearl Color,AUTO-02182,GST,18,1026.36,2781.0,12,Repair Labor & Services,998714,8904072545396
Valeo Heavy Duty Alternator - 90 Amp,AUTO-02183,GST,28,4770.11,5938.0,6,Engine & Transmission Parts,8708,8907079262517
Shell Premium Fully Synthetic Engine Oil - 5W-40 (4L),AUTO-02184,GST,18,3531.13,4853.0,56,Lubricants & Fluids,2710,8903943988442
Elofic Aftermarket Wiper Blade Set - Standard Frame,AUTO-02185,GST,18,429.35,579.0,20,Filters & Consumables,8421,8907949645495
AC Gas Top-Up & Service - Deep Clean,AUTO-02186,GST,18,387.99,1392.0,23,Repair Labor & Services,998714,8907427183224
LUK Genuine Radiator Assembly - Aluminium,AUTO-02187,GST,28,4329.0,5572.0,9,Engine & Transmission Parts,8708,8906176404046
Gulf Aftermarket Fully Synthetic Engine Oil - 5W-30 (3.5L),AUTO-02188,GST,18,4178.18,5625.0,20,Lubricants & Fluids,2710,8901050228920
Wix Performance Cabin/AC Filter - Active Carbon,AUTO-02189,GST,18,217.56,324.0,48,Filters & Consumables,8421,8902767742393
Servo Semi-Synthetic Engine Oil - 10W-40 (3.5L),AUTO-02190,GST,18,1157.46,1687.0,60,Lubricants & Fluids,2710,8907839692151
Bosch Premium Water Pump - Aftermarket,AUTO-02191,GST,28,2117.95,2676.0,3,Engine & Transmission Parts,8708,8904348696537
Maruti Genuine Fuel Injector - Petrol,AUTO-02192,GST,28,2495.77,2880.0,4,Engine & Transmission Parts,8708,8900898318730
AC Gas Top-Up & Service - Standard,AUTO-02193,GST,18,450.56,1695.0,69,Repair Labor & Services,998714,8907312973414
Apollo Tubeless Tyre (14 inch) - 165/70 R14,AUTO-02194,GST,28,2158.63,2751.0,2,Tyres & Batteries,4011,8908268009072
TVS Girling OEM Tie Rod End - Right,AUTO-02195,GST,28,576.82,745.0,3,Brakes & Suspension,8708,8908945239596
LUK OEM Radiator Assembly - Aluminium,AUTO-02196,GST,28,4302.44,5471.0,11,Engine & Transmission Parts,8708,8908751757903
Brembo Premium Brake Pad Set - Ceramic,AUTO-02197,GST,28,1132.42,1449.0,11,Brakes & Suspension,8708,8904175024130
Hyundai Mobis Alternator - 120 Amp,AUTO-02198,GST,28,5550.01,7033.0,7,Engine & Transmission Parts,8708,8905850959145
Mahindra Genuine Heavy Duty Ignition Coil - Single Pack,AUTO-02199,GST,28,1237.83,1539.0,12,Engine & Transmission Parts,8708,8906272865181
Mobil 1 Heavy Duty Fully Synthetic Engine Oil - 5W-40 (4L),AUTO-02200,GST,18,4322.5,5853.0,57,Lubricants & Fluids,2710,8905046217643
Shell OEM Power Steering Fluid - 1 Litre,AUTO-02201,GST,18,197.86,292.0,60,Lubricants & Fluids,2710,8906740788698
Clutch Replacement Labor - Automatic,AUTO-02202,GST,18,1072.02,3678.0,21,Repair Labor & Services,998714,8900667264187
Exide Performance Car Battery (DIN65) - SUV Specs,AUTO-02203,GST,28,9908.82,11473.0,4,Tyres & Batteries,8507,8904931645982
Shell Standard Coolant (Pre-mixed) - 1 Litre,AUTO-02204,GST,18,242.91,330.0,45,Lubricants & Fluids,2710,8909365187569
Monroe Premium Wheel Bearing - Front,AUTO-02205,GST,28,1064.76,1348.0,5,Brakes & Suspension,8708,8902735712567
TVS Girling Premium Brake Rotor/Disc - Vented,AUTO-02206,GST,28,1497.16,1897.0,9,Brakes & Suspension,8708,8908959153242
Valvoline Premium Coolant (Pre-mixed) - 1 Litre,AUTO-02207,GST,18,240.24,350.0,15,Lubricants & Fluids,2710,8905783690303
Motul Genuine Power Steering Fluid - 500ml,AUTO-02208,GST,18,299.74,401.0,52,Lubricants & Fluids,2710,8908568499770
Clutch Replacement Labor - Manual,AUTO-02209,GST,18,937.17,3044.0,58,Repair Labor & Services,998714,8901433700491
Brake Overhaul Labor - Rear Axle,AUTO-02210,GST,18,337.15,1126.0,20,Repair Labor & Services,998714,8906387621577
Castrol Standard Gear Oil - 75W-90 (1L),AUTO-02211,GST,18,527.04,773.0,42,Lubricants & Fluids,2710,8906182487414
Monroe Heavy Duty Tie Rod End - Right,AUTO-02212,GST,28,571.74,679.0,11,Brakes & Suspension,8708,8908872634921
Wheel Alignment & Balancing - 4 Wheels,AUTO-02213,GST,18,262.59,887.0,77,Repair Labor & Services,998714,8902159007132
General Periodic Service - Sedan,AUTO-02214,GST,18,1105.32,3192.0,54,Repair Labor & Services,998714,8906771541766
Mahindra Genuine Heavy Duty Fuel Injector - Petrol,AUTO-02215,GST,28,2765.25,3550.0,8,Engine & Transmission Parts,8708,8904576776576
K&N Genuine Cabin/AC Filter - Active Carbon,AUTO-02216,GST,18,222.54,305.0,15,Filters & Consumables,8421,8908529645521
Mahle Engine Oil Filter - Cartridge,AUTO-02217,GST,18,191.73,272.0,47,Filters & Consumables,8421,8907275442206
Maruti Genuine Clutch Plate Assembly - Sedan,AUTO-02218,GST,28,3179.37,3912.0,12,Engine & Transmission Parts,8708,8903864006724
K&N Heavy Duty Air Filter - Paper,AUTO-02219,GST,18,281.67,415.0,31,Filters & Consumables,8421,8903031839330
Valeo Premium Timing Belt - Heavy Duty,AUTO-02220,GST,28,1040.63,1236.0,10,Engine & Transmission Parts,8708,8905587552452
Apollo OEM Tubeless Tyre (14 inch) - 185/65 R14,AUTO-02221,GST,28,1848.88,2295.0,6,Tyres & Batteries,4011,8905783517983
Brake Overhaul Labor - All 4 Wheels,AUTO-02222,GST,18,734.89,2199.0,60,Repair Labor & Services,998714,8906963389586
General Periodic Service - Sedan,AUTO-02223,GST,18,707.48,2493.0,15,Repair Labor & Services,998714,8901999162469
Liqui Moly Heavy Duty Coolant (Pre-mixed) - 1 Litre,AUTO-02224,GST,18,219.35,324.0,49,Lubricants & Fluids,2710,8904268517973
K&N OEM Wiper Blade Set - Frameless,AUTO-02225,GST,18,467.41,608.0,56,Filters & Consumables,8421,8907190952038
Wheel Alignment & Balancing - 4 Wheels,AUTO-02226,GST,18,191.26,725.0,56,Repair Labor & Services,998714,8901904562446
Wheel Alignment & Balancing - 4 Wheels,AUTO-02227,GST,18,261.67,821.0,37,Repair Labor & Services,998714,8903935082432
Bosch OEM Cabin/AC Filter - Standard,AUTO-02228,GST,18,343.85,448.0,18,Filters & Consumables,8421,8907559841420
Bosch Heavy Duty Tie Rod End - Right,AUTO-02229,GST,28,593.19,713.0,9,Brakes & Suspension,8708,8904509332809
Engine Scanning & Diagnostics - Full System Scan,AUTO-02230,GST,18,204.15,593.0,48,Repair Labor & Services,998714,8903109077182
Rane Aftermarket Shock Absorber - Gas Filled,AUTO-02231,GST,28,2724.5,3333.0,12,Brakes & Suspension,8708,8903765547617
Monroe Heavy Duty Shock Absorber - Hydraulic,AUTO-02232,GST,28,2344.34,2805.0,3,Brakes & Suspension,8708,8904712666153
Exide Standard Car Battery (DIN55) - 55 Ah,AUTO-02233,GST,28,5027.42,5820.0,4,Tyres & Batteries,8507,8901501343390
Bosch Aftermarket Fuel Filter - Diesel Cartridge,AUTO-02234,GST,18,555.91,813.0,45,Filters & Consumables,8421,8903391299037
Valeo Performance Water Pump - Aftermarket,AUTO-02235,GST,28,2266.21,2799.0,7,Engine & Transmission Parts,8708,8905714211622
Tata Genuine Premium Fuel Injector - Diesel,AUTO-02236,GST,28,2288.03,2726.0,6,Engine & Transmission Parts,8708,8903643644432
Clutch Replacement Labor - Automatic,AUTO-02237,GST,18,1233.51,3373.0,100,Repair Labor & Services,998714,8900072276835
Monroe Tie Rod End - Left,AUTO-02238,GST,28,633.59,759.0,9,Brakes & Suspension,8708,8901093385300
Bosch Genuine Clutch Plate Assembly - SUV,AUTO-02239,GST,28,4083.87,5294.0,7,Engine & Transmission Parts,8708,8908677546586
Hyundai Mobis Water Pump - Aftermarket,AUTO-02240,GST,28,2411.9,2861.0,6,Engine & Transmission Parts,8708,8906332465684
Maruti Genuine Spark Plug Set - Copper,AUTO-02241,GST,28,787.54,945.0,9,Engine & Transmission Parts,8708,8905735185176
Bosch Performance Car Battery (DIN44) - Maintenance Free,AUTO-02242,GST,28,3423.32,4342.0,2,Tyres & Batteries,8507,8900337522964
Exide OEM Car Battery (DIN65) - 65 Ah,AUTO-02243,GST,28,6373.97,7506.0,4,Tyres & Batteries,8507,8905145579537
Wheel Alignment & Balancing - 5 Wheels,AUTO-02244,GST,18,284.93,829.0,46,Repair Labor & Services,998714,8902643029708
Minda Aftermarket Ignition Coil - Single Pack,AUTO-02245,GST,28,1428.19,1673.0,2,Engine & Transmission Parts,8708,8909352439229
General Periodic Service - Hatchback,AUTO-02246,GST,18,503.03,1935.0,81,Repair Labor & Services,998714,8904076953908
Elofic Air Filter - Washable Cotton,AUTO-02247,GST,18,322.8,464.0,16,Filters & Consumables,8421,8900782446666
Bosch Genuine Car Battery (DIN65) - 65 Ah,AUTO-02248,GST,28,6619.8,8288.0,11,Tyres & Batteries,8507,8904386825085
Mobil 1 Aftermarket Brake Fluid DOT 4 - 500ml,AUTO-02249,GST,18,265.33,387.0,39,Lubricants & Fluids,2710,8906923257273
Denting & Painting (Per Panel) - Metallic/Pearl Color,AUTO-02250,GST,18,1029.32,2658.0,97,Repair Labor & Services,998714,8904723344666
Bosch Standard Fuel Injector - Diesel,AUTO-02251,GST,28,2840.16,3583.0,3,Engine & Transmission Parts,8708,8908068628868
Brake Overhaul Labor - All 4 Wheels,AUTO-02252,GST,18,649.19,1867.0,42,Repair Labor & Services,998714,8900395186956
Minda Premium Spark Plug Set - Platinum,AUTO-02253,GST,28,760.65,986.0,5,Engine & Transmission Parts,8708,8903183801693
Liqui Moly Aftermarket Coolant (Pre-mixed) - 1 Litre,AUTO-02254,GST,18,246.23,359.0,28,Lubricants & Fluids,2710,8907793980122
Valeo OEM Alternator - 90 Amp,AUTO-02255,GST,28,5801.37,6991.0,2,Engine & Transmission Parts,8708,8900239152313
TRW OEM Suspension Bush Kit - Polyurethane,AUTO-02256,GST,28,724.76,834.0,10,Brakes & Suspension,8708,8902127023189
K&N OEM Air Filter - Paper,AUTO-02257,GST,18,306.67,420.0,16,Filters & Consumables,8421,8903177569000
Denting & Painting (Per Panel) - Solid Color,AUTO-02258,GST,18,845.35,2548.0,37,Repair Labor & Services,998714,8902448343871
Motul Brake Fluid DOT 4 - 500ml,AUTO-02259,GST,18,242.32,345.0,22,Lubricants & Fluids,2710,8907087027282
Mahindra Genuine Heavy Duty Clutch Plate Assembly - Hatchback,AUTO-02260,GST,28,2227.93,2807.0,10,Engine & Transmission Parts,8708,8900834912321
Wix Performance Engine Oil Filter - Spin-on,AUTO-02261,GST,18,209.62,309.0,28,Filters & Consumables,8421,8902418325276
Bosch Aftermarket Brake Rotor/Disc - Vented,AUTO-02262,GST,28,1677.3,1957.0,8,Brakes & Suspension,8708,8907954283267
General Periodic Service - SUV,AUTO-02263,GST,18,1265.07,4122.0,24,Repair Labor & Services,998714,8906786290251
Shell Standard Transmission Fluid (ATF) - 5 Litre,AUTO-02264,GST,18,1235.52,1713.0,29,Lubricants & Fluids,2710,8900220994175
Rane Premium Brake Pad Set - Rear,AUTO-02265,GST,28,1030.0,1215.0,11,Brakes & Suspension,8708,8908410507550
Bosch Aftermarket Car Battery (DIN55) - Heavy Duty,AUTO-02266,GST,28,4185.01,5396.0,9,Tyres & Batteries,8507,8900378467970
Engine Scanning & Diagnostics - OBD2 Scan,AUTO-02267,GST,18,240.53,743.0,94,Repair Labor & Services,998714,8904058355017
Monroe Brake Rotor/Disc - Solid,AUTO-02268,GST,28,1676.25,2110.0,10,Brakes & Suspension,8708,8902901832051
LUK Standard Timing Belt - Standard,AUTO-02269,GST,28,805.88,1035.0,8,Engine & Transmission Parts,8708,8908019905024
Tata Genuine OEM Fuel Injector - Diesel,AUTO-02270,GST,28,2962.98,3691.0,6,Engine & Transmission Parts,8708,8907117064857
Bosch Heavy Duty Car Battery (DIN55) - Heavy Duty,AUTO-02271,GST,28,5365.55,6302.0,6,Tyres & Batteries,8507,8900790448138
General Periodic Service - SUV,AUTO-02272,GST,18,1903.99,5045.0,45,Repair Labor & Services,998714,8905676776195
Bosch Premium Tie Rod End - Right,AUTO-02273,GST,28,463.73,536.0,4,Brakes & Suspension,8708,8901764517702
Rane Standard Brake Rotor/Disc - Vented,AUTO-02274,GST,28,2134.72,2567.0,5,Brakes & Suspension,8708,8904782772532
Maruti Genuine Water Pump - Aftermarket,AUTO-02275,GST,28,2497.27,3007.0,10,Engine & Transmission Parts,8708,8907272993357
General Periodic Service - Hatchback,AUTO-02276,GST,18,405.82,1511.0,41,Repair Labor & Services,998714,8909866398464
CEAT Tubeless Tyre (16 inch) - 215/60 R16,AUTO-02277,GST,28,9773.16,11580.0,8,Tyres & Batteries,4011,8905239188676
TRW Heavy Duty Brake Rotor/Disc - Solid,AUTO-02278,GST,28,1696.1,2200.0,5,Brakes & Suspension,8708,8903406201663
Bosch Standard Brake Pad Set - Front,AUTO-02279,GST,28,1190.62,1393.0,7,Brakes & Suspension,8708,8906345263628
Apollo Heavy Duty Tubeless Tyre (15 inch) - 195/60 R15,AUTO-02280,GST,28,4253.26,5072.0,6,Tyres & Batteries,4011,8905514344211
Hyundai Mobis Fuel Injector - Petrol,AUTO-02281,GST,28,2543.83,3142.0,9,Engine & Transmission Parts,8708,8904218842463
Bridgestone Aftermarket Tubeless Tyre (16 inch) - 215/60 R16,AUTO-02282,GST,28,7218.51,9361.0,8,Tyres & Batteries,4011,8904792464299
CEAT Tubeless Tyre (15 inch) - 185/60 R15,AUTO-02283,GST,28,3829.22,4778.0,11,Tyres & Batteries,4011,8909875915300
Mahle Performance Engine Oil Filter - Cartridge,AUTO-02284,GST,18,225.85,323.0,48,Filters & Consumables,8421,8903479230578
Bosch OEM Shock Absorber - Gas Filled,AUTO-02285,GST,28,1968.22,2412.0,4,Brakes & Suspension,8708,8904643786243
Clutch Replacement Labor - Manual,AUTO-02286,GST,18,1575.48,3970.0,63,Repair Labor & Services,998714,8909610696374
Bridgestone Tubeless Tyre (15 inch) - 195/60 R15,AUTO-02287,GST,28,4937.62,6144.0,8,Tyres & Batteries,4011,8905061471590
Valeo Premium Water Pump - Aftermarket,AUTO-02288,GST,28,1756.45,2281.0,3,Engine & Transmission Parts,8708,8906004027289
Exide Aftermarket Car Battery (DIN55) - 55 Ah,AUTO-02289,GST,28,6010.29,6966.0,8,Tyres & Batteries,8507,8901498425079
K&N Standard Wiper Blade Set - Standard Frame,AUTO-02290,GST,18,310.84,462.0,56,Filters & Consumables,8421,8901414424607
TRW Heavy Duty Suspension Bush Kit - Polyurethane,AUTO-02291,GST,28,806.51,992.0,8,Brakes & Suspension,8708,8901595285994
Mahle Heavy Duty Fuel Filter - Diesel Cartridge,AUTO-02292,GST,18,550.17,814.0,59,Filters & Consumables,8421,8909829305577
Amaron Genuine Car Battery (DIN65) - 65 Ah,AUTO-02293,GST,28,5826.16,7110.0,12,Tyres & Batteries,8507,8901059394815
Mahindra Genuine Heavy Duty Radiator Assembly - Aluminium,AUTO-02294,GST,28,3552.34,4516.0,2,Engine & Transmission Parts,8708,8902858696609
Bosch Cabin/AC Filter - Active Carbon,AUTO-02295,GST,18,319.17,440.0,46,Filters & Consumables,8421,8905121018426
Rane Standard Brake Rotor/Disc - Solid,AUTO-02296,GST,28,2263.47,2700.0,3,Brakes & Suspension,8708,8908024594085
Apollo Genuine Tubeless Tyre (15 inch) - 185/60 R15,AUTO-02297,GST,28,3918.64,4599.0,6,Tyres & Batteries,4011,8903779507655
Bosch Performance Fuel Filter - Diesel Cartridge,AUTO-02298,GST,18,527.59,765.0,36,Filters & Consumables,8421,8901225846790
Hyundai Mobis Fuel Injector - Diesel,AUTO-02299,GST,28,3187.31,3947.0,12,Engine & Transmission Parts,8708,8902949652396
Mahle Aftermarket Wiper Blade Set - Frameless,AUTO-02300,GST,18,326.44,439.0,48,Filters & Consumables,8421,8905407008415
CEAT Standard Tubeless Tyre (14 inch) - 165/70 R14,AUTO-02301,GST,28,2014.32,2540.0,9,Tyres & Batteries,4011,8905385139763
Mobil 1 Genuine Transmission Fluid (ATF) - 5 Litre,AUTO-02302,GST,18,957.65,1270.0,42,Lubricants & Fluids,2710,8902040852063
Bosch OEM Suspension Bush Kit - Polyurethane,AUTO-02303,GST,28,754.45,924.0,9,Brakes & Suspension,8708,8903728265933
General Periodic Service - Sedan,AUTO-02304,GST,18,855.69,2926.0,71,Repair Labor & Services,998714,8901603330854
Motul Heavy Duty Transmission Fluid (ATF) - 5 Litre,AUTO-02305,GST,18,1024.05,1496.0,42,Lubricants & Fluids,2710,8900209313788
LUK Heavy Duty Timing Belt - Standard,AUTO-02306,GST,28,1244.66,1522.0,8,Engine & Transmission Parts,8708,8907777365764
Gulf Premium Brake Fluid DOT 4 - 500ml,AUTO-02307,GST,18,222.99,330.0,47,Lubricants & Fluids,2710,8901954351102
Elofic Performance Air Filter - Washable Cotton,AUTO-02308,GST,18,289.52,424.0,49,Filters & Consumables,8421,8909233313514
AC Gas Top-Up & Service - Deep Clean,AUTO-02309,GST,18,585.29,1589.0,42,Repair Labor & Services,998714,8900626067415
Denting & Painting (Per Panel) - Metallic/Pearl Color,AUTO-02310,GST,18,945.82,3042.0,30,Repair Labor & Services,998714,8901648342797
TVS Girling Premium Brake Rotor/Disc - Solid,AUTO-02311,GST,28,1919.81,2302.0,9,Brakes & Suspension,8708,8902520235893
K&N Performance Engine Oil Filter - Spin-on,AUTO-02312,GST,18,194.68,274.0,48,Filters & Consumables,8421,8908919949516
AC Gas Top-Up & Service - Standard,AUTO-02313,GST,18,399.22,1487.0,94,Repair Labor & Services,998714,8904464523900
Motul Standard Brake Fluid DOT 4 - 250ml,AUTO-02314,GST,18,203.92,305.0,48,Lubricants & Fluids,2710,8906785547018
Exide Premium Car Battery (DIN44) - Maintenance Free,AUTO-02315,GST,28,4399.3,5258.0,9,Tyres & Batteries,8507,8900936725028
General Periodic Service - SUV,AUTO-02316,GST,18,1440.73,4599.0,14,Repair Labor & Services,998714,8907346031613
General Periodic Service - SUV,AUTO-02317,GST,18,1656.11,4457.0,97,Repair Labor & Services,998714,8901645752754
Denting & Painting (Per Panel) - Solid Color,AUTO-02318,GST,18,820.56,2980.0,72,Repair Labor & Services,998714,8908515066881
Gulf OEM Gear Oil - 75W-90 (1L),AUTO-02319,GST,18,507.66,697.0,41,Lubricants & Fluids,2710,8906166894093
Wix Standard Air Filter - Washable Cotton,AUTO-02320,GST,18,356.92,465.0,51,Filters & Consumables,8421,8905516113395
Bosch Standard Air Filter - Paper,AUTO-02321,GST,18,380.83,566.0,47,Filters & Consumables,8421,8902569619212
Brake Overhaul Labor - All 4 Wheels,AUTO-02322,GST,18,615.69,2363.0,81,Repair Labor & Services,998714,8906978487989
Wix Genuine Air Filter - Paper,AUTO-02323,GST,18,435.32,571.0,25,Filters & Consumables,8421,8907043692259
Brake Overhaul Labor - Rear Axle,AUTO-02324,GST,18,293.21,1147.0,27,Repair Labor & Services,998714,8907469017631
Amaron Heavy Duty Car Battery (DIN55) - Heavy Duty,AUTO-02325,GST,28,5723.16,7141.0,10,Tyres & Batteries,8507,8905536062230
Bosch Cabin/AC Filter - Active Carbon,AUTO-02326,GST,18,228.0,330.0,46,Filters & Consumables,8421,8907569429841
Mahindra Genuine Premium Clutch Plate Assembly - SUV,AUTO-02327,GST,28,4206.32,5307.0,9,Engine & Transmission Parts,8708,8903032482746
Rane Heavy Duty Shock Absorber - Gas Filled,AUTO-02328,GST,28,2642.93,3372.0,3,Brakes & Suspension,8708,8901882038069
Valvoline Performance Semi-Synthetic Engine Oil - 10W-40 (3.5L),AUTO-02329,GST,18,1183.31,1692.0,57,Lubricants & Fluids,2710,8901112817790
Rane Genuine Suspension Bush Kit - Rubber,AUTO-02330,GST,28,722.18,873.0,11,Brakes & Suspension,8708,8904728132659
CEAT Heavy Duty Tubeless Tyre (16 inch) - 215/60 R16,AUTO-02331,GST,28,10961.02,13413.0,2,Tyres & Batteries,4011,8902940375353
General Periodic Service - SUV,AUTO-02332,GST,18,1279.38,3680.0,53,Repair Labor & Services,998714,8902756719503
Maruti Genuine Alternator - 120 Amp,AUTO-02333,GST,28,5912.63,6859.0,8,Engine & Transmission Parts,8708,8905249489185
TRW Aftermarket Wheel Bearing - Front,AUTO-02334,GST,28,1076.95,1385.0,3,Brakes & Suspension,8708,8905149777649
Minda Genuine Alternator - 90 Amp,AUTO-02335,GST,28,6604.89,8032.0,7,Engine & Transmission Parts,8708,8902822619549
Clutch Replacement Labor - Manual,AUTO-02336,GST,18,1333.19,3860.0,47,Repair Labor & Services,998714,8903457766138
Exide Performance Car Battery (DIN44) - Maintenance Free,AUTO-02337,GST,28,3894.88,5038.0,2,Tyres & Batteries,8507,8909159567832
Gabriel Heavy Duty Wheel Bearing - Rear (with ABS),AUTO-02338,GST,28,976.32,1125.0,3,Brakes & Suspension,8708,8909412706618
Shell Coolant (Pre-mixed) - 1 Litre,AUTO-02339,GST,18,229.48,344.0,43,Lubricants & Fluids,2710,8902020338811
TVS Girling Genuine Tie Rod End - Right,AUTO-02340,GST,28,609.41,740.0,5,Brakes & Suspension,8708,8907203734483
Mahle Premium Fuel Filter - Diesel Cartridge,AUTO-02341,GST,18,520.4,687.0,55,Filters & Consumables,8421,8900565743967
Purolator Genuine Cabin/AC Filter - Active Carbon,AUTO-02342,GST,18,317.85,426.0,30,Filters & Consumables,8421,8901649095468
Brake Overhaul Labor - All 4 Wheels,AUTO-02343,GST,18,874.91,2253.0,55,Repair Labor & Services,998714,8908868102531
Gabriel Genuine Brake Rotor/Disc - Solid,AUTO-02344,GST,28,1677.0,1997.0,9,Brakes & Suspension,8708,8908009580401
Valvoline Fully Synthetic Engine Oil - 5W-40 (4L),AUTO-02345,GST,18,4700.6,6123.0,16,Lubricants & Fluids,2710,8901900738854
K&N Air Filter - Washable Cotton,AUTO-02346,GST,18,299.54,440.0,51,Filters & Consumables,8421,8903908941319
Exide Car Battery (DIN55) - Heavy Duty,AUTO-02347,GST,28,5096.81,5971.0,5,Tyres & Batteries,8507,8900542842511
Bosch Standard Radiator Assembly - Copper Core,AUTO-02348,GST,28,4830.93,5566.0,6,Engine & Transmission Parts,8708,8902941259799
General Periodic Service - SUV,AUTO-02349,GST,18,1760.24,4769.0,81,Repair Labor & Services,998714,8908767660628
MRF Standard Tubeless Tyre (14 inch) - 165/70 R14,AUTO-02350,GST,28,2265.46,2797.0,9,Tyres & Batteries,4011,8908387443081
Bosch Aftermarket Car Battery (DIN44) - 44 Ah,AUTO-02351,GST,28,4000.24,4999.0,12,Tyres & Batteries,8507,8909702663820
Purolator OEM Cabin/AC Filter - Active Carbon,AUTO-02352,GST,18,290.15,384.0,29,Filters & Consumables,8421,8901178605776
K&N Aftermarket Engine Oil Filter - Spin-on,AUTO-02353,GST,18,202.05,298.0,18,Filters & Consumables,8421,8902875740589
Brembo Heavy Duty Wheel Bearing - Front,AUTO-02354,GST,28,946.37,1142.0,9,Brakes & Suspension,8708,8908719249726
Gulf OEM Power Steering Fluid - 1 Litre,AUTO-02355,GST,18,189.72,262.0,51,Lubricants & Fluids,2710,8906745145375
Bosch Standard Suspension Bush Kit - Rubber,AUTO-02356,GST,28,759.84,982.0,10,Brakes & Suspension,8708,8908252699018
Motul OEM Power Steering Fluid - 500ml,AUTO-02357,GST,18,286.32,397.0,30,Lubricants & Fluids,2710,8903851576467
Maruti Genuine Clutch Plate Assembly - SUV,AUTO-02358,GST,28,5209.23,6652.0,10,Engine & Transmission Parts,8708,8900983831934
Mahle Engine Oil Filter - Spin-on,AUTO-02359,GST,18,167.05,249.0,18,Filters & Consumables,8421,8903456333892
Bosch Aftermarket Tie Rod End - Right,AUTO-02360,GST,28,488.25,585.0,2,Brakes & Suspension,8708,8905155782638
Amaron Aftermarket Car Battery (DIN65) - 65 Ah,AUTO-02361,GST,28,7000.05,8826.0,4,Tyres & Batteries,8507,8907161862869
Wix Genuine Cabin/AC Filter - Active Carbon,AUTO-02362,GST,18,307.64,411.0,28,Filters & Consumables,8421,8907038547872
Elofic OEM Engine Oil Filter - Spin-on,AUTO-02363,GST,18,226.9,302.0,51,Filters & Consumables,8421,8904123280625
Rane OEM Tie Rod End - Right,AUTO-02364,GST,28,627.87,756.0,7,Brakes & Suspension,8708,8905418925883
Mahindra Genuine Heavy Duty Clutch Plate Assembly - Hatchback,AUTO-02365,GST,28,2082.46,2465.0,5,Engine & Transmission Parts,8708,8902826735490
Liqui Moly Performance Transmission Fluid (ATF) - 5 Litre,AUTO-02366,GST,18,1090.72,1511.0,47,Lubricants & Fluids,2710,8909621325086
TRW Performance Tie Rod End - Right,AUTO-02367,GST,28,474.47,614.0,5,Brakes & Suspension,8708,8904760882309
TRW Aftermarket Shock Absorber - Hydraulic,AUTO-02368,GST,28,2392.97,3036.0,12,Brakes & Suspension,8708,8904673631633
Mahindra Genuine OEM Alternator - 90 Amp,AUTO-02369,GST,28,5466.72,6897.0,4,Engine & Transmission Parts,8708,8908033649084
AC Gas Top-Up & Service - Standard,AUTO-02370,GST,18,391.94,1567.0,42,Repair Labor & Services,998714,8903031016636
Bosch Performance Air Filter - Washable Cotton,AUTO-02371,GST,18,405.52,552.0,33,Filters & Consumables,8421,8900857962295
Valeo Standard Clutch Plate Assembly - SUV,AUTO-02372,GST,28,5239.38,6088.0,8,Engine & Transmission Parts,8708,8906002604690
Brake Overhaul Labor - Rear Axle,AUTO-02373,GST,18,301.28,1128.0,89,Repair Labor & Services,998714,8901624410667
CEAT Tubeless Tyre (16 inch) - 205/55 R16,AUTO-02374,GST,28,10928.87,12810.0,3,Tyres & Batteries,4011,8906502423893
Servo Premium Gear Oil - 75W-90 (1L),AUTO-02375,GST,18,434.23,634.0,56,Lubricants & Fluids,2710,8900729850230
Castrol Genuine Power Steering Fluid - 1 Litre,AUTO-02376,GST,18,217.69,294.0,36,Lubricants & Fluids,2710,8903331714795
Servo Aftermarket Gear Oil - 80W-90 (1L),AUTO-02377,GST,18,453.45,662.0,50,Lubricants & Fluids,2710,8902492202881
Mobil 1 Aftermarket Fully Synthetic Engine Oil - 5W-40 (4L),AUTO-02378,GST,18,3318.93,4607.0,40,Lubricants & Fluids,2710,8908012696250
Castrol Aftermarket Coolant (Pre-mixed) - 1 Litre,AUTO-02379,GST,18,206.93,307.0,19,Lubricants & Fluids,2710,8903943032502
Mahle Aftermarket Wiper Blade Set - Standard Frame,AUTO-02380,GST,18,446.61,602.0,29,Filters & Consumables,8421,8908440376543
Bosch Aftermarket Car Battery (DIN55) - Heavy Duty,AUTO-02381,GST,28,5040.49,6066.0,10,Tyres & Batteries,8507,8900330864148
Wix Premium Air Filter - Paper,AUTO-02382,GST,18,333.01,487.0,36,Filters & Consumables,8421,8900487159051
CEAT Tubeless Tyre (15 inch) - 185/60 R15,AUTO-02383,GST,28,3466.59,4306.0,9,Tyres & Batteries,4011,8904447939117
Hyundai Mobis Spark Plug Set - Copper,AUTO-02384,GST,28,549.94,691.0,7,Engine & Transmission Parts,8708,8906884865737
Servo Genuine Transmission Fluid (ATF) - 5 Litre,AUTO-02385,GST,18,1128.38,1468.0,23,Lubricants & Fluids,2710,8903660474120
Amaron Heavy Duty Car Battery (DIN55) - 55 Ah,AUTO-02386,GST,28,5038.91,5954.0,12,Tyres & Batteries,8507,8902528940439
TRW Genuine Shock Absorber - Gas Filled,AUTO-02387,GST,28,1986.95,2403.0,7,Brakes & Suspension,8708,8907752668480
Rane Genuine Wheel Bearing - Front,AUTO-02388,GST,28,845.57,1032.0,3,Brakes & Suspension,8708,8907524813537
Mahle Heavy Duty Air Filter - Paper,AUTO-02389,GST,18,258.17,385.0,37,Filters & Consumables,8421,8903952608853
Gabriel Heavy Duty Tie Rod End - Right,AUTO-02390,GST,28,459.46,588.0,3,Brakes & Suspension,8708,8901499747547
Rane Wheel Bearing - Rear (with ABS),AUTO-02391,GST,28,753.88,953.0,11,Brakes & Suspension,8708,8900967819456
Liqui Moly Genuine Coolant (Pre-mixed) - 1 Litre,AUTO-02392,GST,18,189.11,281.0,57,Lubricants & Fluids,2710,8903405736891
Bosch Spark Plug Set - Iridium,AUTO-02393,GST,28,858.77,1028.0,11,Engine & Transmission Parts,8708,8904307218877
Tata Genuine Performance Timing Belt - Heavy Duty,AUTO-02394,GST,28,1098.41,1293.0,8,Engine & Transmission Parts,8708,8903411048578
Brake Overhaul Labor - Front Axle,AUTO-02395,GST,18,330.66,1228.0,98,Repair Labor & Services,998714,8902818291278
Amaron Aftermarket Car Battery (DIN55) - Heavy Duty,AUTO-02396,GST,28,4879.04,6104.0,3,Tyres & Batteries,8507,8909608415855
Monroe Premium Wheel Bearing - Front,AUTO-02397,GST,28,1078.28,1285.0,9,Brakes & Suspension,8708,8906318559670
Purolator Standard Fuel Filter - Diesel Cartridge,AUTO-02398,GST,18,480.33,713.0,21,Filters & Consumables,8421,8904400040756
LUK Premium Radiator Assembly - Aluminium,AUTO-02399,GST,28,4424.94,5296.0,2,Engine & Transmission Parts,8708,8907972968228
Michelin Aftermarket Tubeless Tyre (16 inch) - 205/55 R16,AUTO-02400,GST,28,10436.06,13164.0,6,Tyres & Batteries,4011,8909799251973
K&N Cabin/AC Filter - Active Carbon,AUTO-02401,GST,18,300.75,413.0,44,Filters & Consumables,8421,8908371053925
Engine Scanning & Diagnostics - OBD2 Scan,AUTO-02402,GST,18,232.78,755.0,25,Repair Labor & Services,998714,8908536017430
Castrol Genuine Semi-Synthetic Engine Oil - 15W-40 (4L),AUTO-02403,GST,18,1755.64,2303.0,33,Lubricants & Fluids,2710,8901316677527
Hyundai Mobis Timing Belt - Standard,AUTO-02404,GST,28,1059.72,1331.0,9,Engine & Transmission Parts,8708,8901763506427
Gabriel Standard Wheel Bearing - Front,AUTO-02405,GST,28,843.23,1039.0,3,Brakes & Suspension,8708,8907676227025
Shell Heavy Duty Fully Synthetic Engine Oil - 5W-40 (4L),AUTO-02406,GST,18,4162.16,5676.0,34,Lubricants & Fluids,2710,8906472560467
Amaron Heavy Duty Car Battery (DIN65) - 65 Ah,AUTO-02407,GST,28,6352.71,7678.0,3,Tyres & Batteries,8507,8905502613409
Bosch Aftermarket Engine Oil Filter - Spin-on,AUTO-02408,GST,18,210.54,302.0,60,Filters & Consumables,8421,8906676654053
Wheel Alignment & Balancing - 5 Wheels,AUTO-02409,GST,18,260.5,906.0,98,Repair Labor & Services,998714,8906943532861
Elofic OEM Engine Oil Filter - Cartridge,AUTO-02410,GST,18,160.04,239.0,17,Filters & Consumables,8421,8905732136788
Mahle Performance Cabin/AC Filter - Active Carbon,AUTO-02411,GST,18,241.29,319.0,22,Filters & Consumables,8421,8900705570529
Castrol Transmission Fluid (ATF) - 5 Litre,AUTO-02412,GST,18,1330.0,1800.0,20,Lubricants & Fluids,2710,8902359989625
Exide Genuine Car Battery (DIN55) - 55 Ah,AUTO-02413,GST,28,4724.62,5451.0,8,Tyres & Batteries,8507,8902551517975
Minda Performance Ignition Coil - Set of 4,AUTO-02414,GST,28,1115.06,1422.0,4,Engine & Transmission Parts,8708,8907344580197
Wix Heavy Duty Air Filter - Paper,AUTO-02415,GST,18,413.48,572.0,20,Filters & Consumables,8421,8906461526532
Brembo Wheel Bearing - Rear (with ABS),AUTO-02416,GST,28,762.3,954.0,3,Brakes & Suspension,8708,8900148129719
CEAT Standard Tubeless Tyre (16 inch) - 215/60 R16,AUTO-02417,GST,28,8618.68,10934.0,6,Tyres & Batteries,4011,8908126817930
Engine Scanning & Diagnostics - OBD2 Scan,AUTO-02418,GST,18,189.51,703.0,87,Repair Labor & Services,998714,8900580814033
Castrol OEM Brake Fluid DOT 4 - 250ml,AUTO-02419,GST,18,192.75,285.0,36,Lubricants & Fluids,2710,8906358699021
TVS Girling Genuine Brake Pad Set - Rear,AUTO-02420,GST,28,1094.25,1327.0,4,Brakes & Suspension,8708,8901246764281
Rane Heavy Duty Wheel Bearing - Rear (with ABS),AUTO-02421,GST,28,963.53,1131.0,9,Brakes & Suspension,8708,8904988495912
Purolator Premium Wiper Blade Set - Frameless,AUTO-02422,GST,18,364.8,480.0,31,Filters & Consumables,8421,8906565716657
Apollo Premium Tubeless Tyre (14 inch) - 165/70 R14,AUTO-02423,GST,28,2543.54,3163.0,2,Tyres & Batteries,4011,8904389641645
Tata Genuine Heavy Duty Water Pump - Aftermarket,AUTO-02424,GST,28,2581.38,3019.0,4,Engine & Transmission Parts,8708,8903072487641
Monroe Performance Brake Pad Set - Front,AUTO-02425,GST,28,1131.9,1460.0,7,Brakes & Suspension,8708,8907458618058
Gabriel Premium Brake Rotor/Disc - Solid,AUTO-02426,GST,28,1977.02,2383.0,12,Brakes & Suspension,8708,8904278859881
Apollo Genuine Tubeless Tyre (14 inch) - 185/65 R14,AUTO-02427,GST,28,2121.38,2502.0,7,Tyres & Batteries,4011,8909627622368
TVS Girling Performance Brake Rotor/Disc - Solid,AUTO-02428,GST,28,1765.77,2098.0,10,Brakes & Suspension,8708,8903995578022
MRF Tubeless Tyre (14 inch) - 185/65 R14,AUTO-02429,GST,28,2452.32,2830.0,4,Tyres & Batteries,4011,8909450269447
TRW Standard Shock Absorber - Gas Filled,AUTO-02430,GST,28,1950.03,2500.0,12,Brakes & Suspension,8708,8904391032318
Wix Premium Fuel Filter - Diesel Cartridge,AUTO-02431,GST,18,586.53,812.0,46,Filters & Consumables,8421,8904772011040
Bosch Heavy Duty Car Battery (DIN55) - Heavy Duty,AUTO-02432,GST,28,4728.97,5834.0,8,Tyres & Batteries,8507,8900187779533
Wheel Alignment & Balancing - 4 Wheels,AUTO-02433,GST,18,266.29,756.0,88,Repair Labor & Services,998714,8902242577727
Mahle Performance Cabin/AC Filter - Active Carbon,AUTO-02434,GST,18,203.47,305.0,57,Filters & Consumables,8421,8908852114846
Minda Heavy Duty Alternator - 90 Amp,AUTO-02435,GST,28,5977.17,7229.0,10,Engine & Transmission Parts,8708,8907884204759
Michelin Tubeless Tyre (16 inch) - 205/55 R16,AUTO-02436,GST,28,7537.9,9102.0,5,Tyres & Batteries,4011,8909285320254
Purolator Standard Fuel Filter - Diesel Cartridge,AUTO-02437,GST,18,449.44,673.0,56,Filters & Consumables,8421,8907818986361
TRW Standard Tie Rod End - Right,AUTO-02438,GST,28,601.23,721.0,11,Brakes & Suspension,8708,8902118572350
Mahindra Genuine Ignition Coil - Single Pack,AUTO-02439,GST,28,1321.93,1604.0,8,Engine & Transmission Parts,8708,8903896549977
Exide Aftermarket Car Battery (DIN65) - SUV Specs,AUTO-02440,GST,28,7584.45,9348.0,12,Tyres & Batteries,8507,8901001428669
Tata Genuine OEM Water Pump - Aftermarket,AUTO-02441,GST,28,2075.09,2487.0,7,Engine & Transmission Parts,8708,8901490967108
Bosch Performance Spark Plug Set - Copper,AUTO-02442,GST,28,707.53,865.0,4,Engine & Transmission Parts,8708,8904227496652
Amaron Premium Car Battery (DIN55) - 55 Ah,AUTO-02443,GST,28,4244.23,4960.0,9,Tyres & Batteries,8507,8902512343353
K&N Cabin/AC Filter - Active Carbon,AUTO-02444,GST,18,280.07,376.0,23,Filters & Consumables,8421,8906587503104
Engine Scanning & Diagnostics - Full System Scan,AUTO-02445,GST,18,195.92,628.0,71,Repair Labor & Services,998714,8901280619907
Valvoline Coolant (Pre-mixed) - 3 Litre,AUTO-02446,GST,18,406.77,551.0,24,Lubricants & Fluids,2710,8901712435668
Clutch Replacement Labor - Manual,AUTO-02447,GST,18,884.82,3217.0,59,Repair Labor & Services,998714,8909525587673
Castrol Premium Coolant (Pre-mixed) - 1 Litre,AUTO-02448,GST,18,270.38,361.0,59,Lubricants & Fluids,2710,8903947646126
Mahindra Genuine Heavy Duty Radiator Assembly - Copper Core,AUTO-02449,GST,28,3270.31,4042.0,4,Engine & Transmission Parts,8708,8907564439095
Maruti Genuine Alternator - 120 Amp,AUTO-02450,GST,28,7286.61,8447.0,8,Engine & Transmission Parts,8708,8903621051640
Elofic Standard Fuel Filter - Petrol In-line,AUTO-02451,GST,18,569.88,798.0,20,Filters & Consumables,8421,8903537396527
Clutch Replacement Labor - Automatic,AUTO-02452,GST,18,1145.41,3669.0,17,Repair Labor & Services,998714,8905548990712
Engine Scanning & Diagnostics - Full System Scan,AUTO-02453,GST,18,182.24,648.0,33,Repair Labor & Services,998714,8907002933132
Elofic Wiper Blade Set - Frameless,AUTO-02454,GST,18,439.26,608.0,25,Filters & Consumables,8421,8901368841577
LUK Aftermarket Timing Belt - Heavy Duty,AUTO-02455,GST,28,1121.16,1398.0,3,Engine & Transmission Parts,8708,8909561765589
Brembo Performance Brake Rotor/Disc - Solid,AUTO-02456,GST,28,2188.86,2744.0,7,Brakes & Suspension,8708,8908706302282
Bridgestone Aftermarket Tubeless Tyre (15 inch) - 185/60 R15,AUTO-02457,GST,28,4819.89,5924.0,9,Tyres & Batteries,4011,8901535964726
Michelin Standard Tubeless Tyre (16 inch) - 205/55 R16,AUTO-02458,GST,28,8418.67,10136.0,2,Tyres & Batteries,4011,8907283101850
Michelin Performance Tubeless Tyre (14 inch) - 185/65 R14,AUTO-02459,GST,28,2276.83,2898.0,7,Tyres & Batteries,4011,8900581058010
Bosch Car Battery (DIN55) - Heavy Duty,AUTO-02460,GST,28,4550.05,5892.0,6,Tyres & Batteries,8507,8907619378866
TRW Genuine Suspension Bush Kit - Rubber,AUTO-02461,GST,28,854.73,1014.0,5,Brakes & Suspension,8708,8903477496337
CEAT Genuine Tubeless Tyre (15 inch) - 195/60 R15,AUTO-02462,GST,28,4156.41,5164.0,3,Tyres & Batteries,4011,8905023743873
Gulf Aftermarket Fully Synthetic Engine Oil - 5W-40 (4L),AUTO-02463,GST,18,3400.69,4618.0,35,Lubricants & Fluids,2710,8900472609796
Gabriel Performance Brake Pad Set - Rear,AUTO-02464,GST,28,1253.45,1533.0,5,Brakes & Suspension,8708,8906609859198
Hyundai Mobis Spark Plug Set - Platinum,AUTO-02465,GST,28,680.65,820.0,11,Engine & Transmission Parts,8708,8907885874895
Brake Overhaul Labor - Front Axle,AUTO-02466,GST,18,313.55,1081.0,78,Repair Labor & Services,998714,8904449616395
Bosch Suspension Bush Kit - Rubber,AUTO-02467,GST,28,759.45,905.0,9,Brakes & Suspension,8708,8902123848775
Purolator Wiper Blade Set - Frameless,AUTO-02468,GST,18,357.51,500.0,57,Filters & Consumables,8421,8908322900059
Maruti Genuine Spark Plug Set - Platinum,AUTO-02469,GST,28,694.3,838.0,10,Engine & Transmission Parts,8708,8905405919344
Bosch Suspension Bush Kit - Polyurethane,AUTO-02470,GST,28,651.17,762.0,11,Brakes & Suspension,8708,8903306533535
CEAT Genuine Tubeless Tyre (16 inch) - 215/60 R16,AUTO-02471,GST,28,8890.58,11198.0,3,Tyres & Batteries,4011,8909608787578
Wheel Alignment & Balancing - 5 Wheels,AUTO-02472,GST,18,216.67,847.0,41,Repair Labor & Services,998714,8900977398366
Purolator Wiper Blade Set - Standard Frame,AUTO-02473,GST,18,394.09,538.0,36,Filters & Consumables,8421,8900044507296
Gabriel OEM Wheel Bearing - Front,AUTO-02474,GST,28,776.18,944.0,5,Brakes & Suspension,8708,8902265278254
Bosch Standard Engine Oil Filter - Cartridge,AUTO-02475,GST,18,198.95,288.0,42,Filters & Consumables,8421,8907117753987
Bosch OEM Wheel Bearing - Rear (with ABS),AUTO-02476,GST,28,1041.54,1290.0,10,Brakes & Suspension,8708,8907088407553
Clutch Replacement Labor - Manual,AUTO-02477,GST,18,1063.21,3283.0,89,Repair Labor & Services,998714,8907268395070
Motul Premium Power Steering Fluid - 500ml,AUTO-02478,GST,18,299.33,414.0,26,Lubricants & Fluids,2710,8901281568387
LUK Heavy Duty Ignition Coil - Set of 4,AUTO-02479,GST,28,1232.04,1579.0,10,Engine & Transmission Parts,8708,8902149241371
Bosch Heavy Duty Engine Oil Filter - Cartridge,AUTO-02480,GST,18,188.3,276.0,48,Filters & Consumables,8421,8905830684836
Exide Aftermarket Car Battery (DIN44) - Maintenance Free,AUTO-02481,GST,28,3775.64,4583.0,12,Tyres & Batteries,8507,8906067755957
Rane OEM Shock Absorber - Hydraulic,AUTO-02482,GST,28,2840.28,3402.0,12,Brakes & Suspension,8708,8907725040258
Denting & Painting (Per Panel) - Solid Color,AUTO-02483,GST,18,732.18,2832.0,51,Repair Labor & Services,998714,8908723578457
General Periodic Service - SUV,AUTO-02484,GST,18,939.47,3675.0,12,Repair Labor & Services,998714,8904150749316
Purolator Genuine Wiper Blade Set - Frameless,AUTO-02485,GST,18,407.67,597.0,20,Filters & Consumables,8421,8905566134047
AC Gas Top-Up & Service - Standard,AUTO-02486,GST,18,348.03,1303.0,52,Repair Labor & Services,998714,8908408922706
Amaron Genuine Car Battery (DIN65) - 65 Ah,AUTO-02487,GST,28,6384.58,7637.0,5,Tyres & Batteries,8507,8905658036383
Mahle Aftermarket Fuel Filter - Petrol In-line,AUTO-02488,GST,18,470.32,642.0,47,Filters & Consumables,8421,8901708335142
Servo Genuine Gear Oil - 75W-90 (1L),AUTO-02489,GST,18,488.06,700.0,17,Lubricants & Fluids,2710,8900045398048
Bosch Car Battery (DIN65) - SUV Specs,AUTO-02490,GST,28,8400.51,10059.0,6,Tyres & Batteries,8507,8900961709987
TVS Girling OEM Suspension Bush Kit - Polyurethane,AUTO-02491,GST,28,819.8,1062.0,10,Brakes & Suspension,8708,8908130384691
Engine Scanning & Diagnostics - OBD2 Scan,AUTO-02492,GST,18,184.92,568.0,51,Repair Labor & Services,998714,8904662573125
Monroe Brake Pad Set - Front,AUTO-02493,GST,28,1009.72,1237.0,8,Brakes & Suspension,8708,8902295794745
Bosch Ignition Coil - Single Pack,AUTO-02494,GST,28,1510.65,1885.0,3,Engine & Transmission Parts,8708,8905716042614
Liqui Moly Performance Fully Synthetic Engine Oil - 5W-40 (4L),AUTO-02495,GST,18,3279.42,4437.0,21,Lubricants & Fluids,2710,8905264458296
AC Gas Top-Up & Service - Deep Clean,AUTO-02496,GST,18,379.8,1333.0,83,Repair Labor & Services,998714,8901378049876
TVS Girling Heavy Duty Tie Rod End - Left,AUTO-02497,GST,28,508.42,630.0,7,Brakes & Suspension,8708,8902427607414
Mahle Aftermarket Cabin/AC Filter - Standard,AUTO-02498,GST,18,276.27,366.0,37,Filters & Consumables,8421,8903425556183
TRW OEM Suspension Bush Kit - Polyurethane,AUTO-02499,GST,28,674.87,802.0,3,Brakes & Suspension,8708,8905510954252
Mahle Genuine Engine Oil Filter - Cartridge,AUTO-02500,GST,18,224.18,314.0,18,Filters & Consumables,8421,8908482072712
Bosch Premium Air Filter - Washable Cotton,AUTO-02501,GST,18,391.21,523.0,54,Filters & Consumables,8421,8903781326727
Brembo Aftermarket Brake Rotor/Disc - Solid,AUTO-02502,GST,28,1797.44,2314.0,8,Brakes & Suspension,8708,8907469588194
Elofic Standard Fuel Filter - Diesel Cartridge,AUTO-02503,GST,18,543.52,723.0,51,Filters & Consumables,8421,8904499313675
Wheel Alignment & Balancing - 5 Wheels,AUTO-02504,GST,18,241.86,862.0,87,Repair Labor & Services,998714,8900536678320
TVS Girling Heavy Duty Suspension Bush Kit - Polyurethane,AUTO-02505,GST,28,864.59,1057.0,11,Brakes & Suspension,8708,8900534038833
TVS Girling OEM Wheel Bearing - Rear (with ABS),AUTO-02506,GST,28,1019.03,1188.0,8,Brakes & Suspension,8708,8904802362801
Exide Heavy Duty Car Battery (DIN55) - Heavy Duty,AUTO-02507,GST,28,4153.08,4948.0,12,Tyres & Batteries,8507,8903978157341
Motul Genuine Fully Synthetic Engine Oil - 5W-40 (4L),AUTO-02508,GST,18,3164.63,4380.0,26,Lubricants & Fluids,2710,8903650460262
Bosch Aftermarket Suspension Bush Kit - Polyurethane,AUTO-02509,GST,28,833.93,1079.0,3,Brakes & Suspension,8708,8908261350621
Mahindra Genuine Performance Clutch Plate Assembly - Hatchback,AUTO-02510,GST,28,2379.66,3038.0,11,Engine & Transmission Parts,8708,8907062981099
Wix Genuine Cabin/AC Filter - Standard,AUTO-02511,GST,18,275.35,381.0,38,Filters & Consumables,8421,8900836816821
Castrol Coolant (Pre-mixed) - 1 Litre,AUTO-02512,GST,18,310.5,407.0,58,Lubricants & Fluids,2710,8907143903909
TVS Girling Genuine Brake Pad Set - Rear,AUTO-02513,GST,28,879.15,1116.0,9,Brakes & Suspension,8708,8900247485798
Clutch Replacement Labor - Manual,AUTO-02514,GST,18,1045.8,3339.0,78,Repair Labor & Services,998714,8901522932297
Wheel Alignment & Balancing - 5 Wheels,AUTO-02515,GST,18,235.31,693.0,95,Repair Labor & Services,998714,8903847543188
Mahle Cabin/AC Filter - Active Carbon,AUTO-02516,GST,18,292.8,384.0,55,Filters & Consumables,8421,8909246366983
Mahle Premium Cabin/AC Filter - Active Carbon,AUTO-02517,GST,18,230.52,342.0,49,Filters & Consumables,8421,8903875007709
Amaron OEM Car Battery (DIN65) - 65 Ah,AUTO-02518,GST,28,7039.73,8196.0,3,Tyres & Batteries,8507,8903598043331
Valvoline Standard Transmission Fluid (ATF) - 5 Litre,AUTO-02519,GST,18,943.69,1236.0,34,Lubricants & Fluids,2710,8906019335206
Brembo Heavy Duty Suspension Bush Kit - Polyurethane,AUTO-02520,GST,28,622.43,752.0,6,Brakes & Suspension,8708,8902663316140
MRF Premium Tubeless Tyre (15 inch) - 195/60 R15,AUTO-02521,GST,28,4073.66,5107.0,3,Tyres & Batteries,4011,8909945740519
Engine Scanning & Diagnostics - Full System Scan,AUTO-02522,GST,18,210.48,715.0,100,Repair Labor & Services,998714,8900056735263
Gulf Genuine Fully Synthetic Engine Oil - 5W-40 (4L),AUTO-02523,GST,18,3668.0,4902.0,22,Lubricants & Fluids,2710,8903022867106
Mahle Aftermarket Fuel Filter - Petrol In-line,AUTO-02524,GST,18,479.18,639.0,27,Filters & Consumables,8421,8905777414905
Purolator Heavy Duty Fuel Filter - Diesel Cartridge,AUTO-02525,GST,18,413.82,597.0,58,Filters & Consumables,8421,8909975261587
Bosch Genuine Car Battery (DIN65) - 65 Ah,AUTO-02526,GST,28,6295.31,7475.0,9,Tyres & Batteries,8507,8901511142412
Servo Genuine Brake Fluid DOT 4 - 500ml,AUTO-02527,GST,18,279.11,367.0,58,Lubricants & Fluids,2710,8903717419066
Bridgestone Premium Tubeless Tyre (16 inch) - 205/55 R16,AUTO-02528,GST,28,8316.14,10487.0,2,Tyres & Batteries,4011,8903401176170
Purolator OEM Air Filter - Paper,AUTO-02529,GST,18,304.12,403.0,28,Filters & Consumables,8421,8908318172035
Elofic Genuine Fuel Filter - Diesel Cartridge,AUTO-02530,GST,18,480.81,628.0,51,Filters & Consumables,8421,8901542607824
Valeo Heavy Duty Alternator - 120 Amp,AUTO-02531,GST,28,5041.19,6318.0,6,Engine & Transmission Parts,8708,8901147546624
Michelin Premium Tubeless Tyre (15 inch) - 195/60 R15,AUTO-02532,GST,28,4688.28,6012.0,4,Tyres & Batteries,4011,8901168460389
Motul Aftermarket Gear Oil - 75W-90 (1L),AUTO-02533,GST,18,386.83,574.0,42,Lubricants & Fluids,2710,8906521746453
TVS Girling Performance Suspension Bush Kit - Rubber,AUTO-02534,GST,28,628.54,726.0,7,Brakes & Suspension,8708,8904113713463
Clutch Replacement Labor - Manual,AUTO-02535,GST,18,1015.71,3831.0,15,Repair Labor & Services,998714,8907869576018
Apollo OEM Tubeless Tyre (14 inch) - 185/65 R14,AUTO-02536,GST,28,2147.43,2781.0,12,Tyres & Batteries,4011,8904747334359
Bosch Premium Fuel Filter - Diesel Cartridge,AUTO-02537,GST,18,418.68,580.0,38,Filters & Consumables,8421,8902531750409
Monroe OEM Brake Pad Set - Front,AUTO-02538,GST,28,1045.68,1300.0,10,Brakes & Suspension,8708,8909740952905
AC Gas Top-Up & Service - Standard,AUTO-02539,GST,18,477.09,1601.0,74,Repair Labor & Services,998714,8901847266806
Rane Standard Tie Rod End - Left,AUTO-02540,GST,28,411.31,531.0,3,Brakes & Suspension,8708,8901954062789
Bosch OEM Alternator - 90 Amp,AUTO-02541,GST,28,6613.14,7754.0,12,Engine & Transmission Parts,8708,8901795928223
TVS Girling Genuine Brake Rotor/Disc - Solid,AUTO-02542,GST,28,2008.46,2351.0,2,Brakes & Suspension,8708,8903856162714
Minda Spark Plug Set - Iridium,AUTO-02543,GST,28,747.44,915.0,4,Engine & Transmission Parts,8708,8903573742142
Mahindra Genuine Water Pump - OEM Specs,AUTO-02544,GST,28,2174.46,2793.0,6,Engine & Transmission Parts,8708,8901587199425
Maruti Genuine Water Pump - Aftermarket,AUTO-02545,GST,28,2486.05,3196.0,2,Engine & Transmission Parts,8708,8909558779936
Mobil 1 Coolant (Pre-mixed) - 1 Litre,AUTO-02546,GST,18,252.38,351.0,29,Lubricants & Fluids,2710,8908161292135
Valeo Heavy Duty Timing Belt - Standard,AUTO-02547,GST,28,906.96,1047.0,7,Engine & Transmission Parts,8708,8903502469484
General Periodic Service - Hatchback,AUTO-02548,GST,18,444.36,1597.0,33,Repair Labor & Services,998714,8903208738570
AC Gas Top-Up & Service - Standard,AUTO-02549,GST,18,573.1,1443.0,77,Repair Labor & Services,998714,8905878379213
Tata Genuine Genuine Water Pump - OEM Specs,AUTO-02550,GST,28,2326.91,2856.0,11,Engine & Transmission Parts,8708,8909371519317
CEAT Premium Tubeless Tyre (16 inch) - 215/60 R16,AUTO-02551,GST,28,9162.19,10919.0,12,Tyres & Batteries,4011,8907381133704
Amaron Standard Car Battery (DIN44) - 44 Ah,AUTO-02552,GST,28,3604.47,4162.0,9,Tyres & Batteries,8507,8900053558823
Motul Premium Gear Oil - 80W-90 (1L),AUTO-02553,GST,18,471.88,690.0,51,Lubricants & Fluids,2710,8903850284779
Apollo Tubeless Tyre (15 inch) - 185/60 R15,AUTO-02554,GST,28,3923.23,4553.0,7,Tyres & Batteries,4011,8906415330706
K&N Genuine Fuel Filter - Petrol In-line,AUTO-02555,GST,18,415.24,615.0,20,Filters & Consumables,8421,8901916119553
Minda OEM Ignition Coil - Single Pack,AUTO-02556,GST,28,1550.9,1843.0,2,Engine & Transmission Parts,8708,8903779170379
Wheel Alignment & Balancing - 4 Wheels,AUTO-02557,GST,18,216.16,715.0,27,Repair Labor & Services,998714,8900045820721
Bosch Standard Cabin/AC Filter - Active Carbon,AUTO-02558,GST,18,228.66,317.0,32,Filters & Consumables,8421,8907325506529
General Periodic Service - Sedan,AUTO-02559,GST,18,660.51,2558.0,66,Repair Labor & Services,998714,8909120720957
Amaron Heavy Duty Car Battery (DIN65) - 65 Ah,AUTO-02560,GST,28,6299.9,7908.0,2,Tyres & Batteries,8507,8908199684456
Liqui Moly Gear Oil - 80W-90 (1L),AUTO-02561,GST,18,387.54,581.0,17,Lubricants & Fluids,2710,8905405155674
LUK Genuine Clutch Plate Assembly - Hatchback,AUTO-02562,GST,28,2201.08,2795.0,11,Engine & Transmission Parts,8708,8909300134140
Castrol Premium Coolant (Pre-mixed) - 3 Litre,AUTO-02563,GST,18,339.1,498.0,32,Lubricants & Fluids,2710,8906548400004
Bosch Genuine Spark Plug Set - Copper,AUTO-02564,GST,28,641.29,772.0,11,Engine & Transmission Parts,8708,8907683487525
Purolator Standard Cabin/AC Filter - Standard,AUTO-02565,GST,18,271.31,360.0,43,Filters & Consumables,8421,8906013807951
Valeo Genuine Water Pump - OEM Specs,AUTO-02566,GST,28,2014.07,2522.0,7,Engine & Transmission Parts,8708,8900815959043
Maruti Genuine Clutch Plate Assembly - Sedan,AUTO-02567,GST,28,3531.32,4197.0,12,Engine & Transmission Parts,8708,8906477631032
General Periodic Service - SUV,AUTO-02568,GST,18,1594.21,4124.0,56,Repair Labor & Services,998714,8904616844469
Mahle Standard Cabin/AC Filter - Standard,AUTO-02569,GST,18,307.56,405.0,57,Filters & Consumables,8421,8908328113724
Denting & Painting (Per Panel) - Metallic/Pearl Color,AUTO-02570,GST,18,935.6,3175.0,100,Repair Labor & Services,998714,8902975914489
Castrol Genuine Fully Synthetic Engine Oil - 5W-40 (4L),AUTO-02571,GST,18,3536.14,5135.0,49,Lubricants & Fluids,2710,8904639248878
Hyundai Mobis Radiator Assembly - Copper Core,AUTO-02572,GST,28,4135.77,5174.0,9,Engine & Transmission Parts,8708,8906497378053
Mobil 1 OEM Brake Fluid DOT 4 - 250ml,AUTO-02573,GST,18,217.84,303.0,42,Lubricants & Fluids,2710,8902897476766
Clutch Replacement Labor - Manual,AUTO-02574,GST,18,1146.94,3902.0,56,Repair Labor & Services,998714,8902642599317
Elofic Performance Fuel Filter - Petrol In-line,AUTO-02575,GST,18,458.72,675.0,35,Filters & Consumables,8421,8909105639670
Clutch Replacement Labor - Automatic,AUTO-02576,GST,18,1156.74,3727.0,24,Repair Labor & Services,998714,8904057702501
Gulf Standard Brake Fluid DOT 4 - 500ml,AUTO-02577,GST,18,206.66,303.0,54,Lubricants & Fluids,2710,8909857525637
Servo Performance Gear Oil - 75W-90 (1L),AUTO-02578,GST,18,439.53,601.0,57,Lubricants & Fluids,2710,8907663354205
Maruti Genuine Radiator Assembly - Aluminium,AUTO-02579,GST,28,3218.85,4150.0,9,Engine & Transmission Parts,8708,8902827695887
Mahindra Genuine Genuine Water Pump - Aftermarket,AUTO-02580,GST,28,1775.54,2151.0,8,Engine & Transmission Parts,8708,8909802764482
Clutch Replacement Labor - Automatic,AUTO-02581,GST,18,1582.16,4065.0,71,Repair Labor & Services,998714,8909616537778
Mobil 1 OEM Brake Fluid DOT 4 - 500ml,AUTO-02582,GST,18,268.12,364.0,19,Lubricants & Fluids,2710,8909163695072
Mobil 1 OEM Brake Fluid DOT 4 - 250ml,AUTO-02583,GST,18,190.9,251.0,42,Lubricants & Fluids,2710,8909780798230
Wix OEM Engine Oil Filter - Spin-on,AUTO-02584,GST,18,161.97,235.0,34,Filters & Consumables,8421,8909023743269
Clutch Replacement Labor - Automatic,AUTO-02585,GST,18,1248.77,3129.0,99,Repair Labor & Services,998714,8906959911294
Mahle OEM Engine Oil Filter - Spin-on,AUTO-02586,GST,18,230.04,324.0,50,Filters & Consumables,8421,8907914659511
General Periodic Service - Hatchback,AUTO-02587,GST,18,500.4,1931.0,17,Repair Labor & Services,998714,8905966694239
Shell Transmission Fluid (ATF) - 1 Litre,AUTO-02588,GST,18,432.64,637.0,33,Lubricants & Fluids,2710,8902884637734
Denting & Painting (Per Panel) - Metallic/Pearl Color,AUTO-02589,GST,18,1173.95,2952.0,32,Repair Labor & Services,998714,8907721793162
Castrol Performance Power Steering Fluid - 1 Litre,AUTO-02590,GST,18,189.9,263.0,54,Lubricants & Fluids,2710,8909244837268
Clutch Replacement Labor - Automatic,AUTO-02591,GST,18,1081.55,4131.0,77,Repair Labor & Services,998714,8909491286728
K&N Genuine Cabin/AC Filter - Active Carbon,AUTO-02592,GST,18,335.69,442.0,33,Filters & Consumables,8421,8900762969652
General Periodic Service - SUV,AUTO-02593,GST,18,1637.01,4275.0,75,Repair Labor & Services,998714,8900204041071
CEAT Heavy Duty Tubeless Tyre (15 inch) - 185/60 R15,AUTO-02594,GST,28,3902.16,5066.0,4,Tyres & Batteries,4011,8906578149635
Castrol Performance Fully Synthetic Engine Oil - 5W-30 (3.5L),AUTO-02595,GST,18,3682.71,4834.0,20,Lubricants & Fluids,2710,8900158456731
Monroe Premium Brake Pad Set - Ceramic,AUTO-02596,GST,28,1122.18,1411.0,12,Brakes & Suspension,8708,8907493175607
TVS Girling Brake Rotor/Disc - Vented,AUTO-02597,GST,28,1760.63,2081.0,11,Brakes & Suspension,8708,8907010149262
LUK Premium Water Pump - Aftermarket,AUTO-02598,GST,28,2664.99,3231.0,5,Engine & Transmission Parts,8708,8908654966025
Mahindra Genuine Premium Radiator Assembly - Copper Core,AUTO-02599,GST,28,4327.86,5515.0,3,Engine & Transmission Parts,8708,8901800450153
Valeo Premium Fuel Injector - Petrol,AUTO-02600,GST,28,3339.4,3916.0,8,Engine & Transmission Parts,8708,8909347796605
Gulf Performance Coolant (Pre-mixed) - 1 Litre,AUTO-02601,GST,18,257.37,335.0,32,Lubricants & Fluids,2710,8902246406948
Purolator Standard Fuel Filter - Diesel Cartridge,AUTO-02602,GST,18,559.49,810.0,25,Filters & Consumables,8421,8907711488160
Castrol Performance Fully Synthetic Engine Oil - 5W-40 (4L),AUTO-02603,GST,18,3696.65,5168.0,50,Lubricants & Fluids,2710,8902678650444
Mahindra Genuine Aftermarket Spark Plug Set - Copper,AUTO-02604,GST,28,702.28,905.0,4,Engine & Transmission Parts,8708,8906708805015
Minda Aftermarket Ignition Coil - Set of 4,AUTO-02605,GST,28,1306.61,1552.0,11,Engine & Transmission Parts,8708,8907042416981
Mobil 1 Power Steering Fluid - 500ml,AUTO-02606,GST,18,360.36,516.0,20,Lubricants & Fluids,2710,8907006814365
Michelin Tubeless Tyre (15 inch) - 195/60 R15,AUTO-02607,GST,28,4261.76,4968.0,2,Tyres & Batteries,4011,8905417150076
Valeo OEM Ignition Coil - Set of 4,AUTO-02608,GST,28,1425.4,1754.0,2,Engine & Transmission Parts,8708,8900778428455
K&N Engine Oil Filter - Cartridge,AUTO-02609,GST,18,203.95,267.0,42,Filters & Consumables,8421,8907219228349
Mahindra Genuine Aftermarket Radiator Assembly - Aluminium,AUTO-02610,GST,28,3449.58,4049.0,4,Engine & Transmission Parts,8708,8905978336740
Bosch Aftermarket Car Battery (DIN55) - 55 Ah,AUTO-02611,GST,28,5476.81,6582.0,11,Tyres & Batteries,8507,8904476988012
AC Gas Top-Up & Service - Deep Clean,AUTO-02612,GST,18,465.96,1316.0,22,Repair Labor & Services,998714,8900880257016
Denting & Painting (Per Panel) - Solid Color,AUTO-02613,GST,18,920.44,2933.0,38,Repair Labor & Services,998714,8905595915167
Purolator Aftermarket Fuel Filter - Diesel Cartridge,AUTO-02614,GST,18,608.18,840.0,37,Filters & Consumables,8421,8908636025368
Bosch Aftermarket Air Filter - Paper,AUTO-02615,GST,18,284.14,419.0,38,Filters & Consumables,8421,8900806940978
Bosch OEM Wiper Blade Set - Standard Frame,AUTO-02616,GST,18,432.79,609.0,27,Filters & Consumables,8421,8904100066584
MRF Premium Tubeless Tyre (15 inch) - 195/60 R15,AUTO-02617,GST,28,4035.21,4678.0,7,Tyres & Batteries,4011,8906089706493
Mahle Standard Wiper Blade Set - Frameless,AUTO-02618,GST,18,331.14,489.0,18,Filters & Consumables,8421,8905830470278
Apollo Genuine Tubeless Tyre (15 inch) - 185/60 R15,AUTO-02619,GST,28,3751.73,4876.0,2,Tyres & Batteries,4011,8900501985754
Bosch Standard Wiper Blade Set - Frameless,AUTO-02620,GST,18,341.54,465.0,39,Filters & Consumables,8421,8902828507255
Brembo Aftermarket Brake Pad Set - Rear,AUTO-02621,GST,28,1278.95,1540.0,7,Brakes & Suspension,8708,8905013524711
Elofic Performance Wiper Blade Set - Standard Frame,AUTO-02622,GST,18,311.89,428.0,28,Filters & Consumables,8421,8909184180514
LUK Premium Clutch Plate Assembly - SUV,AUTO-02623,GST,28,4820.88,6001.0,2,Engine & Transmission Parts,8708,8904515699332
K&N Genuine Wiper Blade Set - Frameless,AUTO-02624,GST,18,372.64,551.0,52,Filters & Consumables,8421,8904738793092
Wheel Alignment & Balancing - 4 Wheels,AUTO-02625,GST,18,316.28,815.0,62,Repair Labor & Services,998714,8903607124137
Gabriel Aftermarket Shock Absorber - Gas Filled,AUTO-02626,GST,28,2595.34,3193.0,3,Brakes & Suspension,8708,8909366943643
Mahle Standard Air Filter - Paper,AUTO-02627,GST,18,378.24,565.0,59,Filters & Consumables,8421,8909456815089
Motul Heavy Duty Brake Fluid DOT 4 - 500ml,AUTO-02628,GST,18,284.02,422.0,21,Lubricants & Fluids,2710,8908798976330
Brembo Aftermarket Brake Pad Set - Rear,AUTO-02629,GST,28,1233.99,1458.0,5,Brakes & Suspension,8708,8908831960250
Exide Car Battery (DIN65) - 65 Ah,AUTO-02630,GST,28,5695.9,6571.0,6,Tyres & Batteries,8507,8903866684707
Brake Overhaul Labor - Front Axle,AUTO-02631,GST,18,395.34,1271.0,74,Repair Labor & Services,998714,8909663680537
Gabriel Aftermarket Brake Pad Set - Ceramic,AUTO-02632,GST,28,880.35,1129.0,2,Brakes & Suspension,8708,8909701998247
Purolator OEM Fuel Filter - Diesel Cartridge,AUTO-02633,GST,18,475.6,706.0,23,Filters & Consumables,8421,8901098636782
Bosch Genuine Car Battery (DIN65) - 65 Ah,AUTO-02634,GST,28,7184.12,8679.0,2,Tyres & Batteries,8507,8906688127904
AC Gas Top-Up & Service - Standard,AUTO-02635,GST,18,469.99,1530.0,12,Repair Labor & Services,998714,8906817922419
Exide Premium Car Battery (DIN44) - Maintenance Free,AUTO-02636,GST,28,3082.74,3803.0,10,Tyres & Batteries,8507,8903480985448
Elofic Standard Wiper Blade Set - Frameless,AUTO-02637,GST,18,445.69,627.0,27,Filters & Consumables,8421,8904658672602
Minda Genuine Timing Belt - Standard,AUTO-02638,GST,28,1109.21,1400.0,8,Engine & Transmission Parts,8708,8904059974308
Wix Heavy Duty Wiper Blade Set - Frameless,AUTO-02639,GST,18,393.38,525.0,56,Filters & Consumables,8421,8905371268870
Motul Brake Fluid DOT 4 - 500ml,AUTO-02640,GST,18,268.33,383.0,30,Lubricants & Fluids,2710,8907314217562
Liqui Moly Standard Transmission Fluid (ATF) - 5 Litre,AUTO-02641,GST,18,943.41,1384.0,46,Lubricants & Fluids,2710,8908273059766
TVS Girling Premium Tie Rod End - Right,AUTO-02642,GST,28,624.14,759.0,6,Brakes & Suspension,8708,8906401577466
TVS Girling Performance Tie Rod End - Right,AUTO-02643,GST,28,613.43,737.0,4,Brakes & Suspension,8708,8905542458667
Gabriel Brake Rotor/Disc - Vented,AUTO-02644,GST,28,1564.67,2030.0,8,Brakes & Suspension,8708,8907940601541
Gabriel Heavy Duty Brake Rotor/Disc - Solid,AUTO-02645,GST,28,1936.61,2422.0,10,Brakes & Suspension,8708,8903392389862
Bosch Genuine Wheel Bearing - Rear (with ABS),AUTO-02646,GST,28,996.08,1256.0,4,Brakes & Suspension,8708,8909661035657
Castrol Heavy Duty Transmission Fluid (ATF) - 5 Litre,AUTO-02647,GST,18,1038.24,1542.0,60,Lubricants & Fluids,2710,8904926273506
Bosch Genuine Timing Belt - Standard,AUTO-02648,GST,28,1042.08,1243.0,8,Engine & Transmission Parts,8708,8900961490910
Valeo Performance Alternator - 120 Amp,AUTO-02649,GST,28,6429.73,7966.0,7,Engine & Transmission Parts,8708,8904543001784
Bosch Aftermarket Fuel Filter - Diesel Cartridge,AUTO-02650,GST,18,605.76,788.0,56,Filters & Consumables,8421,8905225898730
Bosch Genuine Air Filter - Paper,AUTO-02651,GST,18,424.09,583.0,40,Filters & Consumables,8421,8909107086117
Minda Aftermarket Spark Plug Set - Iridium,AUTO-02652,GST,28,625.88,809.0,8,Engine & Transmission Parts,8708,8904227643494
AC Gas Top-Up & Service - Standard,AUTO-02653,GST,18,446.82,1730.0,17,Repair Labor & Services,998714,8905347741160
Gabriel Heavy Duty Shock Absorber - Hydraulic,AUTO-02654,GST,28,2530.55,3283.0,10,Brakes & Suspension,8708,8908755987592
Mahindra Genuine Performance Timing Belt - Heavy Duty,AUTO-02655,GST,28,873.54,1108.0,10,Engine & Transmission Parts,8708,8902301643032
Bosch Standard Car Battery (DIN44) - Maintenance Free,AUTO-02656,GST,28,4251.37,5034.0,4,Tyres & Batteries,8507,8909457867404
K&N Genuine Air Filter - Washable Cotton,AUTO-02657,GST,18,356.11,528.0,45,Filters & Consumables,8421,8902834190671
Bosch Standard Ignition Coil - Set of 4,AUTO-02658,GST,28,1561.14,1939.0,4,Engine & Transmission Parts,8708,8909931642128
Monroe Shock Absorber - Hydraulic,AUTO-02659,GST,28,3111.75,3602.0,4,Brakes & Suspension,8708,8904891055799
Apollo Heavy Duty Tubeless Tyre (16 inch) - 205/55 R16,AUTO-02660,GST,28,9991.59,12016.0,8,Tyres & Batteries,4011,8905123434407
Engine Scanning & Diagnostics - OBD2 Scan,AUTO-02661,GST,18,283.93,802.0,40,Repair Labor & Services,998714,8909594357845
Bosch Heavy Duty Car Battery (DIN65) - SUV Specs,AUTO-02662,GST,28,10965.09,12813.0,10,Tyres & Batteries,8507,8902111264218
Maruti Genuine Spark Plug Set - Platinum,AUTO-02663,GST,28,841.1,1031.0,5,Engine & Transmission Parts,8708,8907707050709
Castrol Aftermarket Gear Oil - 75W-90 (1L),AUTO-02664,GST,18,457.03,614.0,43,Lubricants & Fluids,2710,8906243265720
Elofic Standard Wiper Blade Set - Frameless,AUTO-02665,GST,18,451.83,591.0,47,Filters & Consumables,8421,8909379877523
Amaron Heavy Duty Car Battery (DIN55) - Heavy Duty,AUTO-02666,GST,28,5208.67,6075.0,10,Tyres & Batteries,8507,8904544198385
Wix Aftermarket Wiper Blade Set - Frameless,AUTO-02667,GST,18,387.4,515.0,53,Filters & Consumables,8421,8900165159952
Mahle OEM Fuel Filter - Diesel Cartridge,AUTO-02668,GST,18,481.59,658.0,29,Filters & Consumables,8421,8903317931347
Valvoline OEM Fully Synthetic Engine Oil - 5W-40 (4L),AUTO-02669,GST,18,4602.11,6332.0,55,Lubricants & Fluids,2710,8900210002786
Gulf Premium Power Steering Fluid - 1 Litre,AUTO-02670,GST,18,244.49,335.0,55,Lubricants & Fluids,2710,8902538063190
Shell Heavy Duty Coolant (Pre-mixed) - 3 Litre,AUTO-02671,GST,18,295.48,417.0,55,Lubricants & Fluids,2710,8909274622689
Mahle OEM Air Filter - Paper,AUTO-02672,GST,18,389.9,534.0,57,Filters & Consumables,8421,8904387207579
Rane Standard Brake Pad Set - Rear,AUTO-02673,GST,28,931.28,1156.0,3,Brakes & Suspension,8708,8909964596243
Michelin Tubeless Tyre (14 inch) - 165/70 R14,AUTO-02674,GST,28,2686.95,3120.0,7,Tyres & Batteries,4011,8907368507051
MRF OEM Tubeless Tyre (16 inch) - 215/60 R16,AUTO-02675,GST,28,11369.66,13228.0,10,Tyres & Batteries,4011,8906720759144
Brake Overhaul Labor - Rear Axle,AUTO-02676,GST,18,365.06,1354.0,68,Repair Labor & Services,998714,8906015043401
LUK Performance Alternator - 120 Amp,AUTO-02677,GST,28,5463.43,6852.0,9,Engine & Transmission Parts,8708,8905665732977
Motul Performance Power Steering Fluid - 500ml,AUTO-02678,GST,18,242.18,340.0,54,Lubricants & Fluids,2710,8900233094621
Liqui Moly Genuine Gear Oil - 80W-90 (1L),AUTO-02679,GST,18,501.52,736.0,36,Lubricants & Fluids,2710,8903730534289
Hyundai Mobis Timing Belt - Heavy Duty,AUTO-02680,GST,28,1149.77,1333.0,11,Engine & Transmission Parts,8708,8906150710661
Elofic Genuine Engine Oil Filter - Spin-on,AUTO-02681,GST,18,221.28,308.0,36,Filters & Consumables,8421,8909041179779
Wix Standard Air Filter - Paper,AUTO-02682,GST,18,356.69,466.0,54,Filters & Consumables,8421,8906087496122
Bosch Premium Car Battery (DIN55) - 55 Ah,AUTO-02683,GST,28,5175.26,6332.0,10,Tyres & Batteries,8507,8904779888243
Mahle Genuine Wiper Blade Set - Standard Frame,AUTO-02684,GST,18,393.89,546.0,26,Filters & Consumables,8421,8907482300971
Servo Performance Coolant (Pre-mixed) - 3 Litre,AUTO-02685,GST,18,263.93,386.0,27,Lubricants & Fluids,2710,8903672115678
Mahindra Genuine Aftermarket Clutch Plate Assembly - SUV,AUTO-02686,GST,28,5982.79,7044.0,6,Engine & Transmission Parts,8708,8906491371650
Bosch Heavy Duty Car Battery (DIN65) - 65 Ah,AUTO-02687,GST,28,4746.69,6104.0,8,Tyres & Batteries,8507,8903781319151
Bridgestone Genuine Tubeless Tyre (14 inch) - 165/70 R14,AUTO-02688,GST,28,2572.04,2968.0,9,Tyres & Batteries,4011,8909046449405
General Periodic Service - Sedan,AUTO-02689,GST,18,989.73,2805.0,42,Repair Labor & Services,998714,8902789119268
Michelin Premium Tubeless Tyre (14 inch) - 185/65 R14,AUTO-02690,GST,28,2437.33,2994.0,6,Tyres & Batteries,4011,8904166611772
Michelin Genuine Tubeless Tyre (15 inch) - 195/60 R15,AUTO-02691,GST,28,3233.08,4188.0,7,Tyres & Batteries,4011,8908582404977
Engine Scanning & Diagnostics - Full System Scan,AUTO-02692,GST,18,151.09,604.0,14,Repair Labor & Services,998714,8903031518617
Valvoline Standard Semi-Synthetic Engine Oil - 10W-40 (3.5L),AUTO-02693,GST,18,1419.33,2025.0,44,Lubricants & Fluids,2710,8906419495832
Motul OEM Transmission Fluid (ATF) - 1 Litre,AUTO-02694,GST,18,365.45,538.0,40,Lubricants & Fluids,2710,8903349227770
Amaron Aftermarket Car Battery (DIN55) - Heavy Duty,AUTO-02695,GST,28,5001.61,5928.0,12,Tyres & Batteries,8507,8905543448213
Apollo OEM Tubeless Tyre (14 inch) - 165/70 R14,AUTO-02696,GST,28,2329.22,2797.0,8,Tyres & Batteries,4011,8909415139855
Brembo Performance Brake Rotor/Disc - Solid,AUTO-02697,GST,28,1490.84,1884.0,11,Brakes & Suspension,8708,8907317525232
Shell OEM Brake Fluid DOT 4 - 250ml,AUTO-02698,GST,18,205.12,290.0,45,Lubricants & Fluids,2710,8909656280733
Castrol Standard Fully Synthetic Engine Oil - 5W-40 (4L),AUTO-02699,GST,18,4633.96,6326.0,35,Lubricants & Fluids,2710,8908048294078
Gabriel Performance Suspension Bush Kit - Polyurethane,AUTO-02700,GST,28,817.43,1004.0,4,Brakes & Suspension,8708,8909370625873
Purolator Performance Wiper Blade Set - Frameless,AUTO-02701,GST,18,379.92,504.0,58,Filters & Consumables,8421,8902623167501
Maruti Genuine Radiator Assembly - Aluminium,AUTO-02702,GST,28,4111.75,5338.0,5,Engine & Transmission Parts,8708,8904147756886
Rane Heavy Duty Suspension Bush Kit - Polyurethane,AUTO-02703,GST,28,847.37,1100.0,11,Brakes & Suspension,8708,8908708053828
Bosch Aftermarket Car Battery (DIN65) - 65 Ah,AUTO-02704,GST,28,4922.59,6239.0,5,Tyres & Batteries,8507,8909657537644
Motul Genuine Semi-Synthetic Engine Oil - 15W-40 (4L),AUTO-02705,GST,18,1240.81,1655.0,15,Lubricants & Fluids,2710,8908346442996
Minda OEM Clutch Plate Assembly - Sedan,AUTO-02706,GST,28,3006.18,3855.0,8,Engine & Transmission Parts,8708,8900699399451
Tata Genuine Aftermarket Radiator Assembly - Aluminium,AUTO-02707,GST,28,3386.08,3968.0,11,Engine & Transmission Parts,8708,8908604278571
Minda Premium Alternator - 90 Amp,AUTO-02708,GST,28,5306.61,6579.0,12,Engine & Transmission Parts,8708,8906250969412
Bosch Genuine Brake Rotor/Disc - Vented,AUTO-02709,GST,28,2136.24,2625.0,3,Brakes & Suspension,8708,8900714923603
Elofic Standard Engine Oil Filter - Cartridge,AUTO-02710,GST,18,166.44,242.0,28,Filters & Consumables,8421,8907213267763
Bridgestone OEM Tubeless Tyre (15 inch) - 195/60 R15,AUTO-02711,GST,28,3511.02,4198.0,10,Tyres & Batteries,4011,8904309797568
Wheel Alignment & Balancing - 4 Wheels,AUTO-02712,GST,18,223.29,880.0,18,Repair Labor & Services,998714,8908747291311
Monroe Standard Shock Absorber - Hydraulic,AUTO-02713,GST,28,2425.2,2868.0,4,Brakes & Suspension,8708,8903121781704
Rane Brake Rotor/Disc - Vented,AUTO-02714,GST,28,2210.95,2717.0,10,Brakes & Suspension,8708,8901185920630
Motul Aftermarket Coolant (Pre-mixed) - 3 Litre,AUTO-02715,GST,18,418.45,558.0,40,Lubricants & Fluids,2710,8901891095310
Valeo Performance Ignition Coil - Single Pack,AUTO-02716,GST,28,1089.67,1318.0,12,Engine & Transmission Parts,8708,8902238013702
Valeo OEM Spark Plug Set - Iridium,AUTO-02717,GST,28,785.22,992.0,8,Engine & Transmission Parts,8708,8909613607727
TVS Girling Performance Wheel Bearing - Rear (with ABS),AUTO-02718,GST,28,762.96,959.0,10,Brakes & Suspension,8708,8900635333501
Wix Aftermarket Air Filter - Washable Cotton,AUTO-02719,GST,18,341.04,448.0,34,Filters & Consumables,8421,8909461730515
Minda Premium Radiator Assembly - Aluminium,AUTO-02720,GST,28,4129.16,5023.0,2,Engine & Transmission Parts,8708,8909240741359
Brake Overhaul Labor - Rear Axle,AUTO-02721,GST,18,343.48,1149.0,38,Repair Labor & Services,998714,8906385743391
Exide Premium Car Battery (DIN55) - 55 Ah,AUTO-02722,GST,28,5560.92,6644.0,8,Tyres & Batteries,8507,8902675014683
AC Gas Top-Up & Service - Deep Clean,AUTO-02723,GST,18,341.47,1279.0,12,Repair Labor & Services,998714,8903945584642
Valeo Aftermarket Timing Belt - Standard,AUTO-02724,GST,28,986.67,1135.0,8,Engine & Transmission Parts,8708,8905198890609
Hyundai Mobis Fuel Injector - Diesel,AUTO-02725,GST,28,3523.12,4115.0,11,Engine & Transmission Parts,8708,8902677504616
Denting & Painting (Per Panel) - Solid Color,AUTO-02726,GST,18,900.26,3241.0,96,Repair Labor & Services,998714,8906568872020
Liqui Moly Heavy Duty Fully Synthetic Engine Oil - 5W-30 (3.5L),AUTO-02727,GST,18,3648.78,5235.0,29,Lubricants & Fluids,2710,8904764144271
Brake Overhaul Labor - Rear Axle,AUTO-02728,GST,18,299.83,1138.0,56,Repair Labor & Services,998714,8909550800290
Wix Standard Wiper Blade Set - Standard Frame,AUTO-02729,GST,18,355.24,531.0,42,Filters & Consumables,8421,8904272943610
Amaron Standard Car Battery (DIN55) - 55 Ah,AUTO-02730,GST,28,3920.28,4815.0,6,Tyres & Batteries,8507,8906470236074
Hyundai Mobis Clutch Plate Assembly - Sedan,AUTO-02731,GST,28,2689.19,3239.0,7,Engine & Transmission Parts,8708,8905313417622
Exide Standard Car Battery (DIN55) - Heavy Duty,AUTO-02732,GST,28,4951.74,5892.0,2,Tyres & Batteries,8507,8901637905848
Gabriel Heavy Duty Brake Pad Set - Rear,AUTO-02733,GST,28,1143.27,1351.0,11,Brakes & Suspension,8708,8906910829656
LUK Standard Clutch Plate Assembly - Sedan,AUTO-02734,GST,28,2848.68,3584.0,9,Engine & Transmission Parts,8708,8906478562508
Gulf Standard Fully Synthetic Engine Oil - 5W-30 (3.5L),AUTO-02735,GST,18,3288.93,4923.0,51,Lubricants & Fluids,2710,8909925709928
Purolator Performance Engine Oil Filter - Spin-on,AUTO-02736,GST,18,194.78,283.0,21,Filters & Consumables,8421,8904382552032
Engine Scanning & Diagnostics - Full System Scan,AUTO-02737,GST,18,297.38,796.0,25,Repair Labor & Services,998714,8909805283905
TVS Girling Heavy Duty Suspension Bush Kit - Rubber,AUTO-02738,GST,28,843.59,1063.0,10,Brakes & Suspension,8708,8903038840167
K&N OEM Wiper Blade Set - Frameless,AUTO-02739,GST,18,388.99,556.0,16,Filters & Consumables,8421,8905071970957
Servo Premium Brake Fluid DOT 4 - 500ml,AUTO-02740,GST,18,303.9,431.0,22,Lubricants & Fluids,2710,8904387673843
Maruti Genuine Fuel Injector - Petrol,AUTO-02741,GST,28,2782.4,3331.0,9,Engine & Transmission Parts,8708,8909296263273
Bosch Premium Brake Rotor/Disc - Solid,AUTO-02742,GST,28,1609.53,2059.0,11,Brakes & Suspension,8708,8901905665141
AC Gas Top-Up & Service - Standard,AUTO-02743,GST,18,606.64,1878.0,93,Repair Labor & Services,998714,8903298768160
Motul Transmission Fluid (ATF) - 1 Litre,AUTO-02744,GST,18,570.56,760.0,32,Lubricants & Fluids,2710,8902363743738
Valeo Standard Radiator Assembly - Aluminium,AUTO-02745,GST,28,3629.68,4215.0,7,Engine & Transmission Parts,8708,8907168261114
K&N Air Filter - Paper,AUTO-02746,GST,18,304.54,424.0,45,Filters & Consumables,8421,8903541455647
TVS Girling Genuine Wheel Bearing - Front,AUTO-02747,GST,28,990.81,1188.0,4,Brakes & Suspension,8708,8906637008894
Gabriel OEM Brake Rotor/Disc - Vented,AUTO-02748,GST,28,1731.74,2165.0,9,Brakes & Suspension,8708,8908165608804
Bosch Standard Water Pump - Aftermarket,AUTO-02749,GST,28,2511.48,3192.0,4,Engine & Transmission Parts,8708,8908826173460
MRF Heavy Duty Tubeless Tyre (15 inch) - 185/60 R15,AUTO-02750,GST,28,3939.72,4646.0,3,Tyres & Batteries,4011,8908137229380
Gulf Premium Fully Synthetic Engine Oil - 5W-30 (3.5L),AUTO-02751,GST,18,4298.4,6140.0,29,Lubricants & Fluids,2710,8904911647649
Rane Genuine Suspension Bush Kit - Polyurethane,AUTO-02752,GST,28,803.01,935.0,5,Brakes & Suspension,8708,8907227818155
Rane Performance Tie Rod End - Left,AUTO-02753,GST,28,565.74,696.0,2,Brakes & Suspension,8708,8902136716033
Michelin Tubeless Tyre (14 inch) - 185/65 R14,AUTO-02754,GST,28,1709.55,2097.0,6,Tyres & Batteries,4011,8909072648810
Castrol Genuine Semi-Synthetic Engine Oil - 10W-40 (3.5L),AUTO-02755,GST,18,1459.42,1919.0,48,Lubricants & Fluids,2710,8908379398593
LUK OEM Water Pump - Aftermarket,AUTO-02756,GST,28,1968.72,2433.0,5,Engine & Transmission Parts,8708,8909536982320
Bosch OEM Cabin/AC Filter - Active Carbon,AUTO-02757,GST,18,328.75,433.0,42,Filters & Consumables,8421,8902306780194
K&N Standard Engine Oil Filter - Spin-on,AUTO-02758,GST,18,221.97,292.0,24,Filters & Consumables,8421,8908044712083
Bosch Standard Cabin/AC Filter - Active Carbon,AUTO-02759,GST,18,273.08,377.0,28,Filters & Consumables,8421,8907886173277
Purolator Performance Fuel Filter - Petrol In-line,AUTO-02760,GST,18,513.47,740.0,41,Filters & Consumables,8421,8908990657416
Michelin Genuine Tubeless Tyre (16 inch) - 215/60 R16,AUTO-02761,GST,28,11123.82,13199.0,5,Tyres & Batteries,4011,8907561845357
K&N Aftermarket Fuel Filter - Diesel Cartridge,AUTO-02762,GST,18,556.33,754.0,36,Filters & Consumables,8421,8908361883744
MRF Genuine Tubeless Tyre (15 inch) - 195/60 R15,AUTO-02763,GST,28,3939.34,4689.0,7,Tyres & Batteries,4011,8900256702178
Gabriel Genuine Shock Absorber - Gas Filled,AUTO-02764,GST,28,2650.79,3336.0,5,Brakes & Suspension,8708,8907632940380
Shell OEM Coolant (Pre-mixed) - 3 Litre,AUTO-02765,GST,18,366.87,509.0,50,Lubricants & Fluids,2710,8900865510861
Amaron Premium Car Battery (DIN55) - Heavy Duty,AUTO-02766,GST,28,5367.91,6774.0,5,Tyres & Batteries,8507,8909313294027
Servo Premium Semi-Synthetic Engine Oil - 15W-40 (4L),AUTO-02767,GST,18,1063.78,1583.0,38,Lubricants & Fluids,2710,8907555748632
Apollo Premium Tubeless Tyre (14 inch) - 185/65 R14,AUTO-02768,GST,28,1965.3,2517.0,7,Tyres & Batteries,4011,8905738410960
Tata Genuine Genuine Alternator - 90 Amp,AUTO-02769,GST,28,6370.94,8095.0,3,Engine & Transmission Parts,8708,8905317660244
Brake Overhaul Labor - All 4 Wheels,AUTO-02770,GST,18,849.04,2239.0,20,Repair Labor & Services,998714,8904336975755
Valvoline Genuine Power Steering Fluid - 500ml,AUTO-02771,GST,18,325.04,440.0,26,Lubricants & Fluids,2710,8906053388249
Brake Overhaul Labor - All 4 Wheels,AUTO-02772,GST,18,760.31,1958.0,100,Repair Labor & Services,998714,8901875880414
Wheel Alignment & Balancing - 5 Wheels,AUTO-02773,GST,18,309.45,1018.0,43,Repair Labor & Services,998714,8905126193790
Brembo Premium Wheel Bearing - Front,AUTO-02774,GST,28,983.1,1232.0,6,Brakes & Suspension,8708,8903121345579
CEAT Tubeless Tyre (14 inch) - 165/70 R14,AUTO-02775,GST,28,2036.25,2460.0,10,Tyres & Batteries,4011,8907230636578
Monroe Performance Wheel Bearing - Front,AUTO-02776,GST,28,779.89,989.0,6,Brakes & Suspension,8708,8901367776795
Bosch Aftermarket Car Battery (DIN65) - 65 Ah,AUTO-02777,GST,28,7301.61,8694.0,11,Tyres & Batteries,8507,8906737196755
Elofic Premium Engine Oil Filter - Spin-on,AUTO-02778,GST,18,225.54,307.0,31,Filters & Consumables,8421,8900289443882
Elofic Standard Fuel Filter - Diesel Cartridge,AUTO-02779,GST,18,617.62,832.0,39,Filters & Consumables,8421,8906748868996
CEAT Genuine Tubeless Tyre (14 inch) - 185/65 R14,AUTO-02780,GST,28,2328.27,2705.0,6,Tyres & Batteries,4011,8901835909490
Clutch Replacement Labor - Automatic,AUTO-02781,GST,18,1334.83,3710.0,16,Repair Labor & Services,998714,8907254452786
Bosch Fuel Injector - Petrol,AUTO-02782,GST,28,3330.02,3911.0,9,Engine & Transmission Parts,8708,8904075193914
Purolator Aftermarket Air Filter - Washable Cotton,AUTO-02783,GST,18,390.42,581.0,16,Filters & Consumables,8421,8903568991085
Bosch Premium Car Battery (DIN44) - Maintenance Free,AUTO-02784,GST,28,3861.71,4458.0,5,Tyres & Batteries,8507,8909939256797
Clutch Replacement Labor - Automatic,AUTO-02785,GST,18,785.18,3120.0,71,Repair Labor & Services,998714,8901862667861
Bosch Heavy Duty Air Filter - Washable Cotton,AUTO-02786,GST,18,410.16,543.0,15,Filters & Consumables,8421,8903262498640
Amaron Performance Car Battery (DIN44) - Maintenance Free,AUTO-02787,GST,28,3811.55,4642.0,7,Tyres & Batteries,8507,8903644349541
TVS Girling Genuine Wheel Bearing - Rear (with ABS),AUTO-02788,GST,28,792.53,1019.0,12,Brakes & Suspension,8708,8900128934828
Bosch Performance Water Pump - OEM Specs,AUTO-02789,GST,28,1988.74,2402.0,2,Engine & Transmission Parts,8708,8904568696900
LUK OEM Radiator Assembly - Aluminium,AUTO-02790,GST,28,4523.06,5416.0,6,Engine & Transmission Parts,8708,8900415758427
Elofic Aftermarket Fuel Filter - Petrol In-line,AUTO-02791,GST,18,473.74,693.0,51,Filters & Consumables,8421,8903333569420
Mahindra Genuine Spark Plug Set - Platinum,AUTO-02792,GST,28,681.18,822.0,8,Engine & Transmission Parts,8708,8902950641031
CEAT Heavy Duty Tubeless Tyre (14 inch) - 185/65 R14,AUTO-02793,GST,28,2311.48,2786.0,4,Tyres & Batteries,4011,8903465546120
TRW Genuine Tie Rod End - Right,AUTO-02794,GST,28,538.25,633.0,6,Brakes & Suspension,8708,8904019892891
Shell Heavy Duty Power Steering Fluid - 1 Litre,AUTO-02795,GST,18,192.06,281.0,31,Lubricants & Fluids,2710,8902562860781
TRW Tie Rod End - Right,AUTO-02796,GST,28,567.73,725.0,5,Brakes & Suspension,8708,8904074918505
Wheel Alignment & Balancing - 5 Wheels,AUTO-02797,GST,18,271.71,953.0,50,Repair Labor & Services,998714,8904651206906
Valeo Heavy Duty Fuel Injector - Petrol,AUTO-02798,GST,28,3102.28,3640.0,5,Engine & Transmission Parts,8708,8900315846439
Servo Premium Power Steering Fluid - 500ml,AUTO-02799,GST,18,343.49,464.0,16,Lubricants & Fluids,2710,8900923195078
Bosch Heavy Duty Engine Oil Filter - Cartridge,AUTO-02800,GST,18,189.14,278.0,30,Filters & Consumables,8421,8904329262055
Denting & Painting (Per Panel) - Metallic/Pearl Color,AUTO-02801,GST,18,794.85,3046.0,48,Repair Labor & Services,998714,8909756578339
Gabriel Heavy Duty Tie Rod End - Right,AUTO-02802,GST,28,427.73,529.0,7,Brakes & Suspension,8708,8901888578782
CEAT Tubeless Tyre (14 inch) - 185/65 R14,AUTO-02803,GST,28,2261.97,2883.0,5,Tyres & Batteries,4011,8909783018986
Servo Coolant (Pre-mixed) - 1 Litre,AUTO-02804,GST,18,274.06,375.0,41,Lubricants & Fluids,2710,8902567032718
Brake Overhaul Labor - Rear Axle,AUTO-02805,GST,18,567.4,1464.0,84,Repair Labor & Services,998714,8908020752046
Bosch Heavy Duty Car Battery (DIN44) - Maintenance Free,AUTO-02806,GST,28,2983.05,3609.0,6,Tyres & Batteries,8507,8908477392024
Clutch Replacement Labor - Automatic,AUTO-02807,GST,18,1419.06,4049.0,22,Repair Labor & Services,998714,8909718901120
TRW Aftermarket Suspension Bush Kit - Rubber,AUTO-02808,GST,28,737.91,956.0,3,Brakes & Suspension,8708,8906942616664
Purolator Heavy Duty Engine Oil Filter - Cartridge,AUTO-02809,GST,18,180.76,251.0,41,Filters & Consumables,8421,8905208313001
General Periodic Service - SUV,AUTO-02810,GST,18,1242.07,3721.0,82,Repair Labor & Services,998714,8900074166430
Bridgestone Aftermarket Tubeless Tyre (14 inch) - 185/65 R14,AUTO-02811,GST,28,2554.69,3028.0,8,Tyres & Batteries,4011,8907232464471
Tata Genuine Premium Clutch Plate Assembly - Sedan,AUTO-02812,GST,28,2822.46,3652.0,5,Engine & Transmission Parts,8708,8907788921418
Bosch Aftermarket Clutch Plate Assembly - Sedan,AUTO-02813,GST,28,3679.1,4245.0,12,Engine & Transmission Parts,8708,8904798011705
Mahle Performance Fuel Filter - Diesel Cartridge,AUTO-02814,GST,18,516.71,710.0,38,Filters & Consumables,8421,8907903367594
Elofic Heavy Duty Engine Oil Filter - Spin-on,AUTO-02815,GST,18,198.88,296.0,48,Filters & Consumables,8421,8904865230804
Shell Heavy Duty Semi-Synthetic Engine Oil - 15W-40 (4L),AUTO-02816,GST,18,1089.73,1550.0,49,Lubricants & Fluids,2710,8902070002675
Servo Heavy Duty Coolant (Pre-mixed) - 3 Litre,AUTO-02817,GST,18,375.9,547.0,42,Lubricants & Fluids,2710,8904163825117
TRW Premium Wheel Bearing - Front,AUTO-02818,GST,28,810.14,1030.0,10,Brakes & Suspension,8708,8902172633080
Engine Scanning & Diagnostics - OBD2 Scan,AUTO-02819,GST,18,309.32,810.0,31,Repair Labor & Services,998714,8905804430657
Bosch Aftermarket Engine Oil Filter - Spin-on,AUTO-02820,GST,18,182.58,263.0,48,Filters & Consumables,8421,8901098176635
TVS Girling Genuine Shock Absorber - Gas Filled,AUTO-02821,GST,28,2346.54,2990.0,9,Brakes & Suspension,8708,8901107068686
Valvoline OEM Gear Oil - 75W-90 (1L),AUTO-02822,GST,18,398.71,589.0,37,Lubricants & Fluids,2710,8909468953742
Mobil 1 Brake Fluid DOT 4 - 500ml,AUTO-02823,GST,18,314.7,443.0,51,Lubricants & Fluids,2710,8907739516603
Denting & Painting (Per Panel) - Solid Color,AUTO-02824,GST,18,1161.8,2957.0,43,Repair Labor & Services,998714,8900950715199
Wix Heavy Duty Air Filter - Paper,AUTO-02825,GST,18,289.41,394.0,46,Filters & Consumables,8421,8902596115953
TRW OEM Tie Rod End - Right,AUTO-02826,GST,28,478.03,616.0,12,Brakes & Suspension,8708,8909062881566
Minda Premium Clutch Plate Assembly - SUV,AUTO-02827,GST,28,4855.59,5645.0,10,Engine & Transmission Parts,8708,8903434936356
Bosch Car Battery (DIN65) - SUV Specs,AUTO-02828,GST,28,9756.39,12328.0,5,Tyres & Batteries,8507,8904724416762
Hyundai Mobis Spark Plug Set - Iridium,AUTO-02829,GST,28,756.14,902.0,6,Engine & Transmission Parts,8708,8902932683487
LUK Genuine Fuel Injector - Diesel,AUTO-02830,GST,28,2988.6,3688.0,11,Engine & Transmission Parts,8708,8900845482627
Bosch Aftermarket Air Filter - Paper,AUTO-02831,GST,18,341.86,451.0,57,Filters & Consumables,8421,8908766340419
Wix Cabin/AC Filter - Active Carbon,AUTO-02832,GST,18,252.25,364.0,23,Filters & Consumables,8421,8904696851692
Hyundai Mobis Fuel Injector - Diesel,AUTO-02833,GST,28,2380.29,2870.0,12,Engine & Transmission Parts,8708,8902845470500
Liqui Moly Premium Brake Fluid DOT 4 - 500ml,AUTO-02834,GST,18,270.25,374.0,49,Lubricants & Fluids,2710,8907841383127
Purolator Heavy Duty Fuel Filter - Petrol In-line,AUTO-02835,GST,18,482.6,655.0,26,Filters & Consumables,8421,8902452488160
AC Gas Top-Up & Service - Standard,AUTO-02836,GST,18,429.86,1348.0,55,Repair Labor & Services,998714,8904614119101
Liqui Moly OEM Power Steering Fluid - 500ml,AUTO-02837,GST,18,309.08,453.0,47,Lubricants & Fluids,2710,8903584480127
Purolator Air Filter - Washable Cotton,AUTO-02838,GST,18,353.36,524.0,39,Filters & Consumables,8421,8908539091744
Elofic Premium Cabin/AC Filter - Standard,AUTO-02839,GST,18,307.1,401.0,49,Filters & Consumables,8421,8909229064199
Mahle Premium Wiper Blade Set - Standard Frame,AUTO-02840,GST,18,325.55,460.0,44,Filters & Consumables,8421,8906452658728
LUK Performance Radiator Assembly - Copper Core,AUTO-02841,GST,28,3600.02,4675.0,2,Engine & Transmission Parts,8708,8900805980188
MRF Premium Tubeless Tyre (14 inch) - 165/70 R14,AUTO-02842,GST,28,2076.71,2449.0,10,Tyres & Batteries,4011,8902868722030
Purolator Genuine Engine Oil Filter - Spin-on,AUTO-02843,GST,18,207.64,277.0,25,Filters & Consumables,8421,8903976621541
Motul Transmission Fluid (ATF) - 1 Litre,AUTO-02844,GST,18,368.2,536.0,23,Lubricants & Fluids,2710,8907292942863
Shell Genuine Brake Fluid DOT 4 - 250ml,AUTO-02845,GST,18,162.37,230.0,55,Lubricants & Fluids,2710,8908749559109
TRW Heavy Duty Wheel Bearing - Front,AUTO-02846,GST,28,871.32,1113.0,10,Brakes & Suspension,8708,8905728346389
Tata Genuine Performance Timing Belt - Standard,AUTO-02847,GST,28,927.29,1193.0,9,Engine & Transmission Parts,8708,8905302961499
Clutch Replacement Labor - Automatic,AUTO-02848,GST,18,1089.73,3650.0,90,Repair Labor & Services,998714,8902027989145
Motul OEM Power Steering Fluid - 500ml,AUTO-02849,GST,18,318.99,425.0,32,Lubricants & Fluids,2710,8905848749400
Bridgestone Aftermarket Tubeless Tyre (15 inch) - 185/60 R15,AUTO-02850,GST,28,4927.03,6048.0,8,Tyres & Batteries,4011,8905807200805
Purolator Standard Engine Oil Filter - Cartridge,AUTO-02851,GST,18,207.65,310.0,57,Filters & Consumables,8421,8905752925556
Bosch Genuine Car Battery (DIN65) - SUV Specs,AUTO-02852,GST,28,11143.13,12817.0,7,Tyres & Batteries,8507,8908123624249
AC Gas Top-Up & Service - Deep Clean,AUTO-02853,GST,18,322.76,1278.0,54,Repair Labor & Services,998714,8901906724460
Amaron Aftermarket Car Battery (DIN44) - Maintenance Free,AUTO-02854,GST,28,3743.48,4577.0,9,Tyres & Batteries,8507,8906308357289
Valeo Genuine Clutch Plate Assembly - Hatchback,AUTO-02855,GST,28,1892.24,2358.0,6,Engine & Transmission Parts,8708,8901804202230
Liqui Moly Heavy Duty Brake Fluid DOT 4 - 500ml,AUTO-02856,GST,18,227.42,331.0,42,Lubricants & Fluids,2710,8908287657555
Bosch Performance Tie Rod End - Right,AUTO-02857,GST,28,596.17,764.0,7,Brakes & Suspension,8708,8900664878264
MRF Premium Tubeless Tyre (14 inch) - 165/70 R14,AUTO-02858,GST,28,1782.76,2142.0,6,Tyres & Batteries,4011,8906453347985
Gabriel Standard Shock Absorber - Hydraulic,AUTO-02859,GST,28,2475.28,2953.0,3,Brakes & Suspension,8708,8904505633706
Bosch OEM Car Battery (DIN65) - 65 Ah,AUTO-02860,GST,28,5045.14,6100.0,3,Tyres & Batteries,8507,8903875955942
Gabriel Heavy Duty Tie Rod End - Left,AUTO-02861,GST,28,446.63,576.0,4,Brakes & Suspension,8708,8904199771180
Tata Genuine Standard Ignition Coil - Set of 4,AUTO-02862,GST,28,1619.95,1910.0,2,Engine & Transmission Parts,8708,8904890985927
Mahindra Genuine Standard Radiator Assembly - Copper Core,AUTO-02863,GST,28,3675.12,4777.0,5,Engine & Transmission Parts,8708,8904768893861
Wix Engine Oil Filter - Cartridge,AUTO-02864,GST,18,171.41,256.0,35,Filters & Consumables,8421,8908084319652
Denting & Painting (Per Panel) - Metallic/Pearl Color,AUTO-02865,GST,18,1119.4,2845.0,51,Repair Labor & Services,998714,8903126055740
Rane Performance Tie Rod End - Right,AUTO-02866,GST,28,550.92,678.0,9,Brakes & Suspension,8708,8906955912681
TVS Girling Suspension Bush Kit - Polyurethane,AUTO-02867,GST,28,903.65,1054.0,10,Brakes & Suspension,8708,8903594123459
Wheel Alignment & Balancing - 4 Wheels,AUTO-02868,GST,18,359.56,929.0,33,Repair Labor & Services,998714,8904557116274
Bosch Aftermarket Brake Pad Set - Rear,AUTO-02869,GST,28,1071.18,1298.0,4,Brakes & Suspension,8708,8907023174028
General Periodic Service - Sedan,AUTO-02870,GST,18,794.76,3004.0,59,Repair Labor & Services,998714,8903443346026
Brembo Genuine Wheel Bearing - Rear (with ABS),AUTO-02871,GST,28,853.13,1072.0,12,Brakes & Suspension,8708,8902987025215
General Periodic Service - Sedan,AUTO-02872,GST,18,843.54,3190.0,22,Repair Labor & Services,998714,8907236850448
Mobil 1 Aftermarket Coolant (Pre-mixed) - 1 Litre,AUTO-02873,GST,18,256.28,384.0,36,Lubricants & Fluids,2710,8904722405530
Purolator Premium Engine Oil Filter - Spin-on,AUTO-02874,GST,18,155.12,213.0,48,Filters & Consumables,8421,8909275234087
Maruti Genuine Alternator - 90 Amp,AUTO-02875,GST,28,5031.32,6503.0,8,Engine & Transmission Parts,8708,8903859818284
Gabriel Standard Tie Rod End - Right,AUTO-02876,GST,28,540.37,653.0,10,Brakes & Suspension,8708,8900055733807
MRF Genuine Tubeless Tyre (15 inch) - 185/60 R15,AUTO-02877,GST,28,4464.78,5328.0,6,Tyres & Batteries,4011,8904750175056
AC Gas Top-Up & Service - Deep Clean,AUTO-02878,GST,18,573.27,1711.0,60,Repair Labor & Services,998714,8909722324204
TVS Girling Heavy Duty Brake Pad Set - Rear,AUTO-02879,GST,28,1126.91,1393.0,2,Brakes & Suspension,8708,8906971363591
Clutch Replacement Labor - Automatic,AUTO-02880,GST,18,1081.77,4288.0,29,Repair Labor & Services,998714,8908612232861
Castrol Standard Gear Oil - 80W-90 (1L),AUTO-02881,GST,18,559.73,761.0,24,Lubricants & Fluids,2710,8904922430232
General Periodic Service - Hatchback,AUTO-02882,GST,18,516.49,1638.0,87,Repair Labor & Services,998714,8902824350979
Minda Aftermarket Fuel Injector - Diesel,AUTO-02883,GST,28,2770.11,3590.0,3,Engine & Transmission Parts,8708,8907629484676
Castrol Power Steering Fluid - 1 Litre,AUTO-02884,GST,18,226.58,311.0,39,Lubricants & Fluids,2710,8901408307090
Bosch Premium Air Filter - Washable Cotton,AUTO-02885,GST,18,274.56,409.0,22,Filters & Consumables,8421,8905672617362
Michelin Tubeless Tyre (16 inch) - 205/55 R16,AUTO-02886,GST,28,10928.31,12888.0,4,Tyres & Batteries,4011,8904382146292
Brembo Heavy Duty Brake Rotor/Disc - Vented,AUTO-02887,GST,28,1882.56,2387.0,5,Brakes & Suspension,8708,8908522359062
Wix Premium Engine Oil Filter - Cartridge,AUTO-02888,GST,18,216.35,311.0,32,Filters & Consumables,8421,8904124522924
Valvoline Heavy Duty Coolant (Pre-mixed) - 1 Litre,AUTO-02889,GST,18,259.41,349.0,59,Lubricants & Fluids,2710,8905046293374
Maruti Genuine Radiator Assembly - Copper Core,AUTO-02890,GST,28,3455.87,4245.0,10,Engine & Transmission Parts,8708,8909591905309
AC Gas Top-Up & Service - Deep Clean,AUTO-02891,GST,18,503.26,1519.0,75,Repair Labor & Services,998714,8902572323007
Tata Genuine Standard Timing Belt - Heavy Duty,AUTO-02892,GST,28,1081.45,1292.0,12,Engine & Transmission Parts,8708,8907475291483
Denting & Painting (Per Panel) - Metallic/Pearl Color,AUTO-02893,GST,18,628.28,2172.0,58,Repair Labor & Services,998714,8909227025254
Clutch Replacement Labor - Manual,AUTO-02894,GST,18,1149.19,4380.0,55,Repair Labor & Services,998714,8906241266768
Mahindra Genuine Performance Clutch Plate Assembly - SUV,AUTO-02895,GST,28,5180.15,6192.0,2,Engine & Transmission Parts,8708,8903364245320
Mahle Aftermarket Cabin/AC Filter - Standard,AUTO-02896,GST,18,316.8,452.0,33,Filters & Consumables,8421,8903403715243
Bosch Genuine Timing Belt - Heavy Duty,AUTO-02897,GST,28,1048.43,1308.0,2,Engine & Transmission Parts,8708,8909531225264
MRF Tubeless Tyre (16 inch) - 205/55 R16,AUTO-02898,GST,28,8716.88,10875.0,12,Tyres & Batteries,4011,8906442863070
Elofic OEM Engine Oil Filter - Spin-on,AUTO-02899,GST,18,223.18,295.0,33,Filters & Consumables,8421,8904805694211
Brake Overhaul Labor - Rear Axle,AUTO-02900,GST,18,358.5,1034.0,18,Repair Labor & Services,998714,8900072314920
Shell Standard Fully Synthetic Engine Oil - 5W-40 (4L),AUTO-02901,GST,18,3312.69,4482.0,23,Lubricants & Fluids,2710,8901070431055
Minda Timing Belt - Heavy Duty,AUTO-02902,GST,28,1139.44,1317.0,8,Engine & Transmission Parts,8708,8900675141483
Motul Premium Brake Fluid DOT 4 - 500ml,AUTO-02903,GST,18,292.28,387.0,23,Lubricants & Fluids,2710,8907702153861
Maruti Genuine Timing Belt - Standard,AUTO-02904,GST,28,1242.63,1510.0,9,Engine & Transmission Parts,8708,8901435934106
Tata Genuine Standard Fuel Injector - Diesel,AUTO-02905,GST,28,3195.19,4093.0,4,Engine & Transmission Parts,8708,8905531073712
TVS Girling Performance Suspension Bush Kit - Polyurethane,AUTO-02906,GST,28,814.22,1003.0,6,Brakes & Suspension,8708,8905240886096
Wheel Alignment & Balancing - 5 Wheels,AUTO-02907,GST,18,312.73,973.0,22,Repair Labor & Services,998714,8900999319140
Valeo OEM Water Pump - Aftermarket,AUTO-02908,GST,28,2619.37,3243.0,12,Engine & Transmission Parts,8708,8902887415949
TRW Heavy Duty Shock Absorber - Hydraulic,AUTO-02909,GST,28,2296.57,2755.0,2,Brakes & Suspension,8708,8902664273869
K&N OEM Cabin/AC Filter - Standard,AUTO-02910,GST,18,230.59,303.0,25,Filters & Consumables,8421,8909272430677
Elofic Genuine Wiper Blade Set - Frameless,AUTO-02911,GST,18,376.02,527.0,15,Filters & Consumables,8421,8907082408935
Minda Performance Radiator Assembly - Aluminium,AUTO-02912,GST,28,4032.25,4745.0,10,Engine & Transmission Parts,8708,8902366162017
Gabriel Aftermarket Shock Absorber - Gas Filled,AUTO-02913,GST,28,2241.46,2861.0,8,Brakes & Suspension,8708,8900869611084
Minda Aftermarket Clutch Plate Assembly - SUV,AUTO-02914,GST,28,5132.16,6419.0,9,Engine & Transmission Parts,8708,8906736086333
Amaron Premium Car Battery (DIN65) - SUV Specs,AUTO-02915,GST,28,9220.59,11163.0,9,Tyres & Batteries,8507,8906055080050
General Periodic Service - SUV,AUTO-02916,GST,18,1011.17,3477.0,33,Repair Labor & Services,998714,8905098055644
Mahindra Genuine Standard Timing Belt - Standard,AUTO-02917,GST,28,977.69,1134.0,2,Engine & Transmission Parts,8708,8905029990761
Bosch Standard Car Battery (DIN65) - 65 Ah,AUTO-02918,GST,28,7164.17,8465.0,9,Tyres & Batteries,8507,8908490321774
Amaron OEM Car Battery (DIN65) - 65 Ah,AUTO-02919,GST,28,5927.03,7112.0,2,Tyres & Batteries,8507,8900437531575
Clutch Replacement Labor - Manual,AUTO-02920,GST,18,1532.97,3953.0,78,Repair Labor & Services,998714,8903860390367
Valvoline Genuine Coolant (Pre-mixed) - 3 Litre,AUTO-02921,GST,18,348.03,478.0,28,Lubricants & Fluids,2710,8905153474392
Purolator Aftermarket Wiper Blade Set - Frameless,AUTO-02922,GST,18,310.83,438.0,60,Filters & Consumables,8421,8900378101032
LUK OEM Radiator Assembly - Copper Core,AUTO-02923,GST,28,4518.68,5471.0,11,Engine & Transmission Parts,8708,8909097578851
K&N Engine Oil Filter - Spin-on,AUTO-02924,GST,18,230.74,312.0,32,Filters & Consumables,8421,8909043946162
Rane Brake Rotor/Disc - Solid,AUTO-02925,GST,28,1716.57,2001.0,7,Brakes & Suspension,8708,8904026028465
Engine Scanning & Diagnostics - OBD2 Scan,AUTO-02926,GST,18,224.45,759.0,59,Repair Labor & Services,998714,8908864993397
Gulf Premium Semi-Synthetic Engine Oil - 10W-40 (3.5L),AUTO-02927,GST,18,1188.03,1673.0,50,Lubricants & Fluids,2710,8907614443373
Wix Performance Engine Oil Filter - Spin-on,AUTO-02928,GST,18,194.86,262.0,44,Filters & Consumables,8421,8909476318342
General Periodic Service - Hatchback,AUTO-02929,GST,18,504.95,1712.0,92,Repair Labor & Services,998714,8907852346151
TVS Girling Genuine Suspension Bush Kit - Rubber,AUTO-02930,GST,28,788.63,1004.0,11,Brakes & Suspension,8708,8906010665897
Apollo Aftermarket Tubeless Tyre (15 inch) - 185/60 R15,AUTO-02931,GST,28,4909.14,5911.0,4,Tyres & Batteries,4011,8909385404450
Engine Scanning & Diagnostics - Full System Scan,AUTO-02932,GST,18,183.27,707.0,42,Repair Labor & Services,998714,8906690814498
Purolator Performance Air Filter - Washable Cotton,AUTO-02933,GST,18,436.16,583.0,50,Filters & Consumables,8421,8903153070791
MRF Genuine Tubeless Tyre (16 inch) - 205/55 R16,AUTO-02934,GST,28,7930.53,9194.0,12,Tyres & Batteries,4011,8903345129829
AC Gas Top-Up & Service - Deep Clean,AUTO-02935,GST,18,546.92,1784.0,35,Repair Labor & Services,998714,8907881474250
Mahle Premium Air Filter - Paper,AUTO-02936,GST,18,386.9,549.0,58,Filters & Consumables,8421,8900078677550
Maruti Genuine Radiator Assembly - Copper Core,AUTO-02937,GST,28,4255.04,5436.0,12,Engine & Transmission Parts,8708,8906036733614
Bosch OEM Suspension Bush Kit - Rubber,AUTO-02938,GST,28,872.16,1103.0,3,Brakes & Suspension,8708,8906329566148
Denting & Painting (Per Panel) - Metallic/Pearl Color,AUTO-02939,GST,18,781.67,2594.0,19,Repair Labor & Services,998714,8907827577306
Mahindra Genuine OEM Alternator - 90 Amp,AUTO-02940,GST,28,5862.46,6966.0,3,Engine & Transmission Parts,8708,8909640009256
Clutch Replacement Labor - Manual,AUTO-02941,GST,18,1273.63,4435.0,64,Repair Labor & Services,998714,8902783877765
Castrol Standard Semi-Synthetic Engine Oil - 10W-40 (3.5L),AUTO-02942,GST,18,1643.21,2291.0,22,Lubricants & Fluids,2710,8904513740282
Mahle Aftermarket Fuel Filter - Diesel Cartridge,AUTO-02943,GST,18,484.95,719.0,39,Filters & Consumables,8421,8907562754540
TRW Shock Absorber - Gas Filled,AUTO-02944,GST,28,2355.23,2835.0,5,Brakes & Suspension,8708,8906422094705
Servo Performance Coolant (Pre-mixed) - 3 Litre,AUTO-02945,GST,18,336.4,485.0,27,Lubricants & Fluids,2710,8909018769270
Shell Aftermarket Transmission Fluid (ATF) - 5 Litre,AUTO-02946,GST,18,1271.46,1785.0,19,Lubricants & Fluids,2710,8905834430299
Brake Overhaul Labor - All 4 Wheels,AUTO-02947,GST,18,710.02,2106.0,32,Repair Labor & Services,998714,8904029480468
Amaron Car Battery (DIN65) - 65 Ah,AUTO-02948,GST,28,4974.42,6390.0,6,Tyres & Batteries,8507,8902724771157
Apollo OEM Tubeless Tyre (15 inch) - 185/60 R15,AUTO-02949,GST,28,5136.13,6001.0,8,Tyres & Batteries,4011,8902173671387
TVS Girling Heavy Duty Shock Absorber - Gas Filled,AUTO-02950,GST,28,2850.15,3521.0,3,Brakes & Suspension,8708,8906661624698
Amaron Car Battery (DIN55) - Heavy Duty,AUTO-02951,GST,28,4046.86,5101.0,10,Tyres & Batteries,8507,8902247922476
Brake Overhaul Labor - Rear Axle,AUTO-02952,GST,18,487.79,1553.0,60,Repair Labor & Services,998714,8907148957925
Elofic Heavy Duty Cabin/AC Filter - Standard,AUTO-02953,GST,18,298.8,448.0,53,Filters & Consumables,8421,8908009341373
Gulf Standard Brake Fluid DOT 4 - 250ml,AUTO-02954,GST,18,177.02,261.0,21,Lubricants & Fluids,2710,8901558221819
Motul Premium Coolant (Pre-mixed) - 1 Litre,AUTO-02955,GST,18,254.37,332.0,44,Lubricants & Fluids,2710,8907693131645
Gabriel Genuine Brake Rotor/Disc - Vented,AUTO-02956,GST,28,2342.87,2751.0,7,Brakes & Suspension,8708,8900353321012
Servo Gear Oil - 75W-90 (1L),AUTO-02957,GST,18,406.48,598.0,19,Lubricants & Fluids,2710,8904999597703
Hyundai Mobis Clutch Plate Assembly - Sedan,AUTO-02958,GST,28,3029.79,3814.0,7,Engine & Transmission Parts,8708,8908320143545
Bosch Heavy Duty Fuel Filter - Diesel Cartridge,AUTO-02959,GST,18,490.37,680.0,41,Filters & Consumables,8421,8904449810632
K&N Premium Air Filter - Paper,AUTO-02960,GST,18,318.32,459.0,16,Filters & Consumables,8421,8904294299211
Apollo Tubeless Tyre (15 inch) - 185/60 R15,AUTO-02961,GST,28,4932.02,6147.0,12,Tyres & Batteries,4011,8905069782099
Engine Scanning & Diagnostics - Full System Scan,AUTO-02962,GST,18,305.88,808.0,12,Repair Labor & Services,998714,8903829983990
Maruti Genuine Clutch Plate Assembly - SUV,AUTO-02963,GST,28,4900.72,6327.0,9,Engine & Transmission Parts,8708,8906168068030
Castrol Standard Fully Synthetic Engine Oil - 5W-40 (4L),AUTO-02964,GST,18,4527.26,6357.0,20,Lubricants & Fluids,2710,8903143360574
Brembo OEM Brake Pad Set - Ceramic,AUTO-02965,GST,28,835.99,1085.0,6,Brakes & Suspension,8708,8909599291791
Exide OEM Car Battery (DIN55) - 55 Ah,AUTO-02966,GST,28,4840.22,5614.0,12,Tyres & Batteries,8507,8906592059483
Purolator OEM Wiper Blade Set - Frameless,AUTO-02967,GST,18,370.38,520.0,21,Filters & Consumables,8421,8901536096439
Gulf Standard Gear Oil - 80W-90 (1L),AUTO-02968,GST,18,537.69,752.0,23,Lubricants & Fluids,2710,8900096015353
AC Gas Top-Up & Service - Standard,AUTO-02969,GST,18,600.5,1811.0,65,Repair Labor & Services,998714,8902488880497
Mahindra Genuine Performance Alternator - 120 Amp,AUTO-02970,GST,28,4986.75,6469.0,3,Engine & Transmission Parts,8708,8906932405741
Minda OEM Fuel Injector - Diesel,AUTO-02971,GST,28,3056.95,3623.0,12,Engine & Transmission Parts,8708,8909166770952
Maruti Genuine Alternator - 90 Amp,AUTO-02972,GST,28,6413.94,7558.0,6,Engine & Transmission Parts,8708,8902900889258
Brake Overhaul Labor - All 4 Wheels,AUTO-02973,GST,18,578.81,2158.0,79,Repair Labor & Services,998714,8900370377312
Maruti Genuine Alternator - 120 Amp,AUTO-02974,GST,28,5283.67,6125.0,6,Engine & Transmission Parts,8708,8908781340951
Castrol OEM Brake Fluid DOT 4 - 250ml,AUTO-02975,GST,18,199.47,269.0,60,Lubricants & Fluids,2710,8906170004854
General Periodic Service - SUV,AUTO-02976,GST,18,1322.98,4628.0,74,Repair Labor & Services,998714,8901094525539
Bosch Genuine Cabin/AC Filter - Active Carbon,AUTO-02977,GST,18,228.99,310.0,24,Filters & Consumables,8421,8909870109321
Mobil 1 OEM Transmission Fluid (ATF) - 5 Litre,AUTO-02978,GST,18,1115.23,1546.0,22,Lubricants & Fluids,2710,8901483240965
Rane Aftermarket Suspension Bush Kit - Polyurethane,AUTO-02979,GST,28,605.03,770.0,8,Brakes & Suspension,8708,8909481001123
Rane Genuine Brake Pad Set - Front,AUTO-02980,GST,28,993.85,1266.0,7,Brakes & Suspension,8708,8905673238368
Motul Standard Brake Fluid DOT 4 - 250ml,AUTO-02981,GST,18,161.68,239.0,26,Lubricants & Fluids,2710,8908074905389
AC Gas Top-Up & Service - Deep Clean,AUTO-02982,GST,18,438.35,1690.0,44,Repair Labor & Services,998714,8902816836257
Bosch Engine Oil Filter - Spin-on,AUTO-02983,GST,18,171.66,233.0,22,Filters & Consumables,8421,8900591579815
Gulf Performance Fully Synthetic Engine Oil - 5W-40 (4L),AUTO-02984,GST,18,4120.0,6007.0,25,Lubricants & Fluids,2710,8909643522173
Gabriel Standard Shock Absorber - Gas Filled,AUTO-02985,GST,28,2748.93,3359.0,12,Brakes & Suspension,8708,8902980202917
Monroe Heavy Duty Shock Absorber - Gas Filled,AUTO-02986,GST,28,2804.13,3286.0,6,Brakes & Suspension,8708,8905781314562
Wheel Alignment & Balancing - 4 Wheels,AUTO-02987,GST,18,259.26,702.0,18,Repair Labor & Services,998714,8903001131464
Mobil 1 Heavy Duty Fully Synthetic Engine Oil - 5W-40 (4L),AUTO-02988,GST,18,3885.71,5423.0,58,Lubricants & Fluids,2710,8900559227702
Purolator Genuine Cabin/AC Filter - Active Carbon,AUTO-02989,GST,18,276.9,396.0,54,Filters & Consumables,8421,8909872569641
Minda Fuel Injector - Diesel,AUTO-02990,GST,28,2929.95,3715.0,11,Engine & Transmission Parts,8708,8909672763396
MRF OEM Tubeless Tyre (14 inch) - 185/65 R14,AUTO-02991,GST,28,2316.33,2762.0,7,Tyres & Batteries,4011,8900522011270
Wheel Alignment & Balancing - 4 Wheels,AUTO-02992,GST,18,282.93,1015.0,40,Repair Labor & Services,998714,8902381433161
K&N Standard Wiper Blade Set - Standard Frame,AUTO-02993,GST,18,389.95,578.0,41,Filters & Consumables,8421,8909707119895
Valeo Timing Belt - Heavy Duty,AUTO-02994,GST,28,1078.78,1314.0,5,Engine & Transmission Parts,8708,8909037155860
Monroe Heavy Duty Shock Absorber - Gas Filled,AUTO-02995,GST,28,2454.4,2888.0,6,Brakes & Suspension,8708,8905884693714
Wix Performance Wiper Blade Set - Standard Frame,AUTO-02996,GST,18,440.94,619.0,16,Filters & Consumables,8421,8905711784440
LUK Standard Ignition Coil - Set of 4,AUTO-02997,GST,28,1162.18,1390.0,5,Engine & Transmission Parts,8708,8907936660448
Wix OEM Fuel Filter - Petrol In-line,AUTO-02998,GST,18,539.84,710.0,19,Filters & Consumables,8421,8908277347749
K&N Performance Wiper Blade Set - Standard Frame,AUTO-02999,GST,18,418.65,583.0,30,Filters & Consumables,8421,8903188156754
Minda Performance Fuel Injector - Petrol,AUTO-03000,GST,28,2644.51,3215.0,9,Engine & Transmission Parts,8708,8900790770455
TVS Girling Brake Pad Set - Front,AUTO-03001,GST,28,889.11,1126.0,6,Brakes & Suspension,8708,8901272592129
AC Gas Top-Up & Service - Deep Clean,AUTO-03002,GST,18,602.94,1741.0,56,Repair Labor & Services,998714,8905525177485
Mahle Standard Air Filter - Washable Cotton,AUTO-03003,GST,18,390.53,567.0,32,Filters & Consumables,8421,8903742822022
Mahindra Genuine Genuine Timing Belt - Standard,AUTO-03004,GST,28,953.36,1178.0,2,Engine & Transmission Parts,8708,8907265201487
Purolator Wiper Blade Set - Standard Frame,AUTO-03005,GST,18,460.43,639.0,38,Filters & Consumables,8421,8900093219569
TRW Performance Brake Rotor/Disc - Vented,AUTO-03006,GST,28,2138.67,2595.0,7,Brakes & Suspension,8708,8900696158844
Wheel Alignment & Balancing - 4 Wheels,AUTO-03007,GST,18,199.46,770.0,19,Repair Labor & Services,998714,8901002089676
AC Gas Top-Up & Service - Standard,AUTO-03008,GST,18,350.15,1372.0,22,Repair Labor & Services,998714,8905175196792
Apollo Genuine Tubeless Tyre (14 inch) - 185/65 R14,AUTO-03009,GST,28,1811.36,2341.0,12,Tyres & Batteries,4011,8903422070431
Brake Overhaul Labor - Rear Axle,AUTO-03010,GST,18,332.13,1110.0,42,Repair Labor & Services,998714,8909958936742
Amaron OEM Car Battery (DIN44) - 44 Ah,AUTO-03011,GST,28,3877.71,5032.0,12,Tyres & Batteries,8507,8907873880111
TVS Girling Aftermarket Wheel Bearing - Rear (with ABS),AUTO-03012,GST,28,1030.65,1275.0,5,Brakes & Suspension,8708,8908352237750
Servo Genuine Power Steering Fluid - 500ml,AUTO-03013,GST,18,321.21,458.0,31,Lubricants & Fluids,2710,8904896846041
Brake Overhaul Labor - Front Axle,AUTO-03014,GST,18,462.68,1411.0,90,Repair Labor & Services,998714,8904279339970
TVS Girling OEM Shock Absorber - Hydraulic,AUTO-03015,GST,28,2668.49,3314.0,2,Brakes & Suspension,8708,8904761029654
Motul Standard Transmission Fluid (ATF) - 1 Litre,AUTO-03016,GST,18,424.99,592.0,17,Lubricants & Fluids,2710,8902967050356
Brembo Standard Suspension Bush Kit - Polyurethane,AUTO-03017,GST,28,734.28,874.0,7,Brakes & Suspension,8708,8906048511990
Mahle Aftermarket Fuel Filter - Petrol In-line,AUTO-03018,GST,18,560.41,804.0,46,Filters & Consumables,8421,8909111785125
Bridgestone Aftermarket Tubeless Tyre (15 inch) - 185/60 R15,AUTO-03019,GST,28,3426.3,4247.0,4,Tyres & Batteries,4011,8902292538418
Mahle OEM Fuel Filter - Diesel Cartridge,AUTO-03020,GST,18,506.23,696.0,46,Filters & Consumables,8421,8902245883660
Elofic Heavy Duty Wiper Blade Set - Frameless,AUTO-03021,GST,18,478.43,649.0,47,Filters & Consumables,8421,8903378361592
K&N Genuine Wiper Blade Set - Standard Frame,AUTO-03022,GST,18,436.88,570.0,16,Filters & Consumables,8421,8907956530002
Monroe Heavy Duty Shock Absorber - Gas Filled,AUTO-03023,GST,28,2603.99,3252.0,2,Brakes & Suspension,8708,8904709280337
Mahindra Genuine Heavy Duty Water Pump - OEM Specs,AUTO-03024,GST,28,2539.17,3030.0,4,Engine & Transmission Parts,8708,8907939226894
Michelin Tubeless Tyre (16 inch) - 215/60 R16,AUTO-03025,GST,28,10531.32,12310.0,5,Tyres & Batteries,4011,8903698324072
Bosch OEM Car Battery (DIN55) - Heavy Duty,AUTO-03026,GST,28,5713.14,6927.0,3,Tyres & Batteries,8507,8908098098804
Minda Aftermarket Radiator Assembly - Copper Core,AUTO-03027,GST,28,3625.82,4711.0,6,Engine & Transmission Parts,8708,8905227594267
TRW Aftermarket Brake Rotor/Disc - Solid,AUTO-03028,GST,28,1752.33,2054.0,7,Brakes & Suspension,8708,8905325016993
Gabriel Performance Suspension Bush Kit - Rubber,AUTO-03029,GST,28,604.45,759.0,8,Brakes & Suspension,8708,8905160862495
Minda Genuine Radiator Assembly - Copper Core,AUTO-03030,GST,28,4755.37,5472.0,7,Engine & Transmission Parts,8708,8907529664711
Michelin Premium Tubeless Tyre (15 inch) - 195/60 R15,AUTO-03031,GST,28,3502.52,4415.0,3,Tyres & Batteries,4011,8909184655063
Elofic OEM Wiper Blade Set - Standard Frame,AUTO-03032,GST,18,462.05,643.0,41,Filters & Consumables,8421,8905599919669
K&N Aftermarket Engine Oil Filter - Spin-on,AUTO-03033,GST,18,173.44,235.0,34,Filters & Consumables,8421,8909951437043
Wheel Alignment & Balancing - 5 Wheels,AUTO-03034,GST,18,361.14,987.0,35,Repair Labor & Services,998714,8901777442221
Rane OEM Shock Absorber - Gas Filled,AUTO-03035,GST,28,2679.86,3401.0,9,Brakes & Suspension,8708,8903819034731
Mahle Aftermarket Engine Oil Filter - Spin-on,AUTO-03036,GST,18,203.19,279.0,30,Filters & Consumables,8421,8908508332710
Gulf OEM Semi-Synthetic Engine Oil - 15W-40 (4L),AUTO-03037,GST,18,1695.55,2312.0,42,Lubricants & Fluids,2710,8903431719163
TRW Shock Absorber - Hydraulic,AUTO-03038,GST,28,2527.01,3172.0,6,Brakes & Suspension,8708,8903382541768
Amaron Premium Car Battery (DIN65) - 65 Ah,AUTO-03039,GST,28,7355.06,8605.0,12,Tyres & Batteries,8507,8909458028457
Tata Genuine Genuine Timing Belt - Standard,AUTO-03040,GST,28,1179.72,1422.0,6,Engine & Transmission Parts,8708,8909931453651
Brembo OEM Tie Rod End - Right,AUTO-03041,GST,28,595.64,722.0,6,Brakes & Suspension,8708,8906161605433
Wix Heavy Duty Engine Oil Filter - Cartridge,AUTO-03042,GST,18,194.58,256.0,46,Filters & Consumables,8421,8904706953121
Elofic Premium Wiper Blade Set - Standard Frame,AUTO-03043,GST,18,416.67,574.0,43,Filters & Consumables,8421,8902967204186
Gabriel OEM Brake Rotor/Disc - Vented,AUTO-03044,GST,28,1954.29,2508.0,10,Brakes & Suspension,8708,8907586474019
Rane Heavy Duty Shock Absorber - Hydraulic,AUTO-03045,GST,28,2861.35,3485.0,7,Brakes & Suspension,8708,8905046161438
General Periodic Service - Hatchback,AUTO-03046,GST,18,516.96,1586.0,53,Repair Labor & Services,998714,8904576909414
Bosch Performance Wheel Bearing - Front,AUTO-03047,GST,28,932.05,1129.0,2,Brakes & Suspension,8708,8903855288231
Brembo Tie Rod End - Right,AUTO-03048,GST,28,504.63,648.0,6,Brakes & Suspension,8708,8903585991977
Bosch Genuine Wiper Blade Set - Standard Frame,AUTO-03049,GST,18,407.26,583.0,24,Filters & Consumables,8421,8902543763662
MRF Tubeless Tyre (14 inch) - 165/70 R14,AUTO-03050,GST,28,2588.06,3146.0,5,Tyres & Batteries,4011,8905955394506
Engine Scanning & Diagnostics - Full System Scan,AUTO-03051,GST,18,220.73,730.0,40,Repair Labor & Services,998714,8900997285541
Elofic Heavy Duty Air Filter - Washable Cotton,AUTO-03052,GST,18,270.38,400.0,60,Filters & Consumables,8421,8901421544096
K&N Aftermarket Air Filter - Washable Cotton,AUTO-03053,GST,18,331.45,494.0,46,Filters & Consumables,8421,8904040527703
Servo Genuine Coolant (Pre-mixed) - 3 Litre,AUTO-03054,GST,18,391.79,572.0,29,Lubricants & Fluids,2710,8900779975109
Tata Genuine Standard Fuel Injector - Diesel,AUTO-03055,GST,28,2342.11,2753.0,5,Engine & Transmission Parts,8708,8904615041170
Exide Aftermarket Car Battery (DIN55) - 55 Ah,AUTO-03056,GST,28,4812.95,6129.0,3,Tyres & Batteries,8507,8903900295011
Liqui Moly Aftermarket Brake Fluid DOT 4 - 500ml,AUTO-03057,GST,18,301.31,395.0,37,Lubricants & Fluids,2710,8905523783904
Apollo Standard Tubeless Tyre (16 inch) - 205/55 R16,AUTO-03058,GST,28,8608.93,10603.0,6,Tyres & Batteries,4011,8902633338846
Motul Heavy Duty Transmission Fluid (ATF) - 1 Litre,AUTO-03059,GST,18,522.56,738.0,18,Lubricants & Fluids,2710,8908241301606
Denting & Painting (Per Panel) - Metallic/Pearl Color,AUTO-03060,GST,18,680.12,2352.0,82,Repair Labor & Services,998714,8903417733430
General Periodic Service - SUV,AUTO-03061,GST,18,1848.44,4898.0,78,Repair Labor & Services,998714,8902160639231
Bosch OEM Car Battery (DIN44) - 44 Ah,AUTO-03062,GST,28,4413.0,5093.0,2,Tyres & Batteries,8507,8902388369702
Brake Overhaul Labor - All 4 Wheels,AUTO-03063,GST,18,605.62,1839.0,49,Repair Labor & Services,998714,8904119354728
Bosch Aftermarket Wiper Blade Set - Standard Frame,AUTO-03064,GST,18,379.03,494.0,25,Filters & Consumables,8421,8903849203175
Bridgestone Premium Tubeless Tyre (16 inch) - 205/55 R16,AUTO-03065,GST,28,7259.28,9048.0,12,Tyres & Batteries,4011,8903957286939
Shell Premium Transmission Fluid (ATF) - 1 Litre,AUTO-03066,GST,18,446.11,644.0,29,Lubricants & Fluids,2710,8903382765348
Clutch Replacement Labor - Manual,AUTO-03067,GST,18,1257.93,3883.0,88,Repair Labor & Services,998714,8909238585520
Bosch Standard Timing Belt - Heavy Duty,AUTO-03068,GST,28,988.94,1183.0,6,Engine & Transmission Parts,8708,8907920740518
Purolator Aftermarket Air Filter - Paper,AUTO-03069,GST,18,281.75,403.0,44,Filters & Consumables,8421,8905990254983
MRF Aftermarket Tubeless Tyre (14 inch) - 165/70 R14,AUTO-03070,GST,28,2439.37,2844.0,2,Tyres & Batteries,4011,8903728102972
Exide Performance Car Battery (DIN44) - Maintenance Free,AUTO-03071,GST,28,3268.51,3864.0,2,Tyres & Batteries,8507,8900796330225
Hyundai Mobis Alternator - 120 Amp,AUTO-03072,GST,28,6408.79,7969.0,4,Engine & Transmission Parts,8708,8901274621334
Gulf Performance Transmission Fluid (ATF) - 1 Litre,AUTO-03073,GST,18,543.25,808.0,40,Lubricants & Fluids,2710,8902192959099
Servo Fully Synthetic Engine Oil - 5W-40 (4L),AUTO-03074,GST,18,3869.98,5192.0,43,Lubricants & Fluids,2710,8906378256485
Michelin Genuine Tubeless Tyre (16 inch) - 205/55 R16,AUTO-03075,GST,28,9006.08,11571.0,7,Tyres & Batteries,4011,8907705186506
Elofic Standard Wiper Blade Set - Standard Frame,AUTO-03076,GST,18,471.32,619.0,38,Filters & Consumables,8421,8909059256870
Mobil 1 Genuine Coolant (Pre-mixed) - 3 Litre,AUTO-03077,GST,18,411.46,576.0,37,Lubricants & Fluids,2710,8900804660638
Engine Scanning & Diagnostics - Full System Scan,AUTO-03078,GST,18,287.19,762.0,28,Repair Labor & Services,998714,8907502092252
LUK Aftermarket Radiator Assembly - Aluminium,AUTO-03079,GST,28,3998.25,5001.0,6,Engine & Transmission Parts,8708,8904627635148
Mahle OEM Wiper Blade Set - Standard Frame,AUTO-03080,GST,18,375.9,496.0,58,Filters & Consumables,8421,8909545893853
AC Gas Top-Up & Service - Deep Clean,AUTO-03081,GST,18,518.67,1567.0,54,Repair Labor & Services,998714,8909522875120
Michelin OEM Tubeless Tyre (14 inch) - 165/70 R14,AUTO-03082,GST,28,2231.0,2818.0,9,Tyres & Batteries,4011,8903111496336
Valeo Premium Clutch Plate Assembly - Sedan,AUTO-03083,GST,28,2631.43,3419.0,7,Engine & Transmission Parts,8708,8909619740059
Mahle Standard Wiper Blade Set - Frameless,AUTO-03084,GST,18,420.44,630.0,37,Filters & Consumables,8421,8909421042084
LUK Standard Alternator - 120 Amp,AUTO-03085,GST,28,5641.68,7193.0,10,Engine & Transmission Parts,8708,8907255054151
Amaron Car Battery (DIN55) - 55 Ah,AUTO-03086,GST,28,5333.62,6741.0,2,Tyres & Batteries,8507,8907960616941
TRW Aftermarket Shock Absorber - Gas Filled,AUTO-03087,GST,28,2867.03,3410.0,10,Brakes & Suspension,8708,8903695595827
Wix Aftermarket Engine Oil Filter - Cartridge,AUTO-03088,GST,18,225.57,312.0,57,Filters & Consumables,8421,8901569490608
Brake Overhaul Labor - Rear Axle,AUTO-03089,GST,18,373.92,1030.0,38,Repair Labor & Services,998714,8905120945969
Maruti Genuine Ignition Coil - Single Pack,AUTO-03090,GST,28,1311.11,1681.0,10,Engine & Transmission Parts,8708,8905633759849
Wheel Alignment & Balancing - 5 Wheels,AUTO-03091,GST,18,371.98,993.0,76,Repair Labor & Services,998714,8901113379523
TVS Girling Aftermarket Shock Absorber - Gas Filled,AUTO-03092,GST,28,2191.37,2727.0,9,Brakes & Suspension,8708,8900712787963
Rane Premium Tie Rod End - Right,AUTO-03093,GST,28,585.53,737.0,5,Brakes & Suspension,8708,8902208220448
Shell OEM Power Steering Fluid - 1 Litre,AUTO-03094,GST,18,223.81,314.0,50,Lubricants & Fluids,2710,8901649571042
Engine Scanning & Diagnostics - OBD2 Scan,AUTO-03095,GST,18,199.56,758.0,33,Repair Labor & Services,998714,8908422417018
Clutch Replacement Labor - Manual,AUTO-03096,GST,18,1068.31,3754.0,36,Repair Labor & Services,998714,8904030579251
Bosch Performance Air Filter - Paper,AUTO-03097,GST,18,362.41,488.0,47,Filters & Consumables,8421,8902201529796
MRF Aftermarket Tubeless Tyre (16 inch) - 205/55 R16,AUTO-03098,GST,28,7171.14,9272.0,2,Tyres & Batteries,4011,8900620821240
Wix Standard Fuel Filter - Diesel Cartridge,AUTO-03099,GST,18,534.6,763.0,57,Filters & Consumables,8421,8903629213501
Minda Genuine Spark Plug Set - Platinum,AUTO-03100,GST,28,698.15,875.0,11,Engine & Transmission Parts,8708,8905092918489
Bridgestone Standard Tubeless Tyre (16 inch) - 205/55 R16,AUTO-03101,GST,28,9058.26,10895.0,9,Tyres & Batteries,4011,8902047442175
Bosch Premium Wiper Blade Set - Standard Frame,AUTO-03102,GST,18,435.51,637.0,35,Filters & Consumables,8421,8901444465748
Mahindra Genuine Performance Fuel Injector - Diesel,AUTO-03103,GST,28,2271.05,2914.0,10,Engine & Transmission Parts,8708,8908646508930
Shell Standard Fully Synthetic Engine Oil - 5W-40 (4L),AUTO-03104,GST,18,3495.31,4710.0,53,Lubricants & Fluids,2710,8901369975483
Exide Car Battery (DIN44) - Maintenance Free,AUTO-03105,GST,28,3835.4,4984.0,3,Tyres & Batteries,8507,8905422412503
CEAT OEM Tubeless Tyre (15 inch) - 185/60 R15,AUTO-03106,GST,28,4016.69,4702.0,5,Tyres & Batteries,4011,8907207419753
Purolator Heavy Duty Engine Oil Filter - Cartridge,AUTO-03107,GST,18,162.77,231.0,53,Filters & Consumables,8421,8908877335210
Amaron Car Battery (DIN55) - 55 Ah,AUTO-03108,GST,28,4310.0,5557.0,4,Tyres & Batteries,8507,8906321894510
MRF OEM Tubeless Tyre (16 inch) - 215/60 R16,AUTO-03109,GST,28,10142.34,12579.0,6,Tyres & Batteries,4011,8902817834206
Shell Performance Semi-Synthetic Engine Oil - 15W-40 (4L),AUTO-03110,GST,18,1235.18,1682.0,27,Lubricants & Fluids,2710,8904971972040
CEAT Standard Tubeless Tyre (15 inch) - 195/60 R15,AUTO-03111,GST,28,3966.44,4678.0,12,Tyres & Batteries,4011,8900091731633
Bosch Premium Wheel Bearing - Front,AUTO-03112,GST,28,1010.17,1261.0,12,Brakes & Suspension,8708,8907244783907
LUK Performance Timing Belt - Standard,AUTO-03113,GST,28,1012.84,1288.0,11,Engine & Transmission Parts,8708,8906910241982
Bosch Performance Cabin/AC Filter - Active Carbon,AUTO-03114,GST,18,248.57,325.0,39,Filters & Consumables,8421,8909915283119
K&N OEM Wiper Blade Set - Standard Frame,AUTO-03115,GST,18,379.83,521.0,18,Filters & Consumables,8421,8901800544027
K&N Aftermarket Engine Oil Filter - Spin-on,AUTO-03116,GST,18,172.74,238.0,36,Filters & Consumables,8421,8907510003668
Liqui Moly Heavy Duty Power Steering Fluid - 1 Litre,AUTO-03117,GST,18,209.92,312.0,45,Lubricants & Fluids,2710,8903847184581
Bosch OEM Engine Oil Filter - Spin-on,AUTO-03118,GST,18,158.8,232.0,49,Filters & Consumables,8421,8902363725112
Bosch Heavy Duty Car Battery (DIN55) - 55 Ah,AUTO-03119,GST,28,4167.47,4889.0,4,Tyres & Batteries,8507,8903705067482
Wheel Alignment & Balancing - 4 Wheels,AUTO-03120,GST,18,211.22,797.0,60,Repair Labor & Services,998714,8905476316914
Gulf Heavy Duty Transmission Fluid (ATF) - 1 Litre,AUTO-03121,GST,18,479.53,645.0,33,Lubricants & Fluids,2710,8902372466762
Monroe Genuine Wheel Bearing - Rear (with ABS),AUTO-03122,GST,28,812.97,972.0,9,Brakes & Suspension,8708,8909045522420
Valvoline Performance Brake Fluid DOT 4 - 250ml,AUTO-03123,GST,18,172.66,240.0,18,Lubricants & Fluids,2710,8906437196034
Exide OEM Car Battery (DIN44) - 44 Ah,AUTO-03124,GST,28,3747.77,4379.0,8,Tyres & Batteries,8507,8905399521154
Bosch Performance Brake Pad Set - Front,AUTO-03125,GST,28,818.27,1032.0,5,Brakes & Suspension,8708,8907908680883
Gulf Genuine Brake Fluid DOT 4 - 250ml,AUTO-03126,GST,18,175.22,237.0,50,Lubricants & Fluids,2710,8907597997425
Wheel Alignment & Balancing - 4 Wheels,AUTO-03127,GST,18,229.72,757.0,71,Repair Labor & Services,998714,8905684978507
Exide Car Battery (DIN65) - SUV Specs,AUTO-03128,GST,28,10957.18,12983.0,10,Tyres & Batteries,8507,8901580867894
Motul Aftermarket Fully Synthetic Engine Oil - 5W-30 (3.5L),AUTO-03129,GST,18,4486.65,6203.0,19,Lubricants & Fluids,2710,8909992752371
Bosch Genuine Water Pump - Aftermarket,AUTO-03130,GST,28,2014.54,2339.0,10,Engine & Transmission Parts,8708,8907570532093
Purolator OEM Air Filter - Paper,AUTO-03131,GST,18,301.77,441.0,32,Filters & Consumables,8421,8901972941036
Mahle Genuine Wiper Blade Set - Frameless,AUTO-03132,GST,18,382.96,553.0,24,Filters & Consumables,8421,8908940117130
Rane Suspension Bush Kit - Polyurethane,AUTO-03133,GST,28,639.67,761.0,9,Brakes & Suspension,8708,8909087737316
Bridgestone Performance Tubeless Tyre (15 inch) - 185/60 R15,AUTO-03134,GST,28,3716.06,4446.0,2,Tyres & Batteries,4011,8901006977400
Bosch OEM Car Battery (DIN44) - 44 Ah,AUTO-03135,GST,28,3298.88,3977.0,12,Tyres & Batteries,8507,8906618061085
TRW Premium Suspension Bush Kit - Polyurethane,AUTO-03136,GST,28,717.2,914.0,3,Brakes & Suspension,8708,8900222126839
Maruti Genuine Timing Belt - Standard,AUTO-03137,GST,28,1190.74,1518.0,10,Engine & Transmission Parts,8708,8901693491067
Elofic OEM Wiper Blade Set - Standard Frame,AUTO-03138,GST,18,290.08,434.0,33,Filters & Consumables,8421,8909411632822
Motul Standard Transmission Fluid (ATF) - 5 Litre,AUTO-03139,GST,18,1163.64,1725.0,52,Lubricants & Fluids,2710,8905861672117
LUK Standard Fuel Injector - Petrol,AUTO-03140,GST,28,3109.11,3853.0,7,Engine & Transmission Parts,8708,8905024218254
General Periodic Service - Sedan,AUTO-03141,GST,18,931.26,3191.0,52,Repair Labor & Services,998714,8900242426335
Brembo Brake Pad Set - Ceramic,AUTO-03142,GST,28,1139.87,1360.0,9,Brakes & Suspension,8708,8907132020613
Exide Premium Car Battery (DIN65) - 65 Ah,AUTO-03143,GST,28,4968.25,6104.0,9,Tyres & Batteries,8507,8906744822878
Hyundai Mobis Radiator Assembly - Aluminium,AUTO-03144,GST,28,4428.8,5690.0,11,Engine & Transmission Parts,8708,8906309666762
Apollo Genuine Tubeless Tyre (14 inch) - 165/70 R14,AUTO-03145,GST,28,2430.36,3013.0,12,Tyres & Batteries,4011,8900471649545
Clutch Replacement Labor - Automatic,AUTO-03146,GST,18,1461.08,4407.0,69,Repair Labor & Services,998714,8901371534278
Wheel Alignment & Balancing - 4 Wheels,AUTO-03147,GST,18,351.96,957.0,32,Repair Labor & Services,998714,8907665484274
Apollo Standard Tubeless Tyre (16 inch) - 205/55 R16,AUTO-03148,GST,28,9444.76,11779.0,5,Tyres & Batteries,4011,8900021436659
Gulf Heavy Duty Semi-Synthetic Engine Oil - 10W-40 (3.5L),AUTO-03149,GST,18,1215.76,1641.0,36,Lubricants & Fluids,2710,8903356682289
Clutch Replacement Labor - Automatic,AUTO-03150,GST,18,1364.51,4032.0,91,Repair Labor & Services,998714,8902039801337
General Periodic Service - SUV,AUTO-03151,GST,18,1431.02,5020.0,71,Repair Labor & Services,998714,8900141115816
Brembo Heavy Duty Brake Pad Set - Rear,AUTO-03152,GST,28,1149.0,1349.0,3,Brakes & Suspension,8708,8901587650916
Gabriel Premium Suspension Bush Kit - Rubber,AUTO-03153,GST,28,710.6,864.0,11,Brakes & Suspension,8708,8902151098100
Clutch Replacement Labor - Automatic,AUTO-03154,GST,18,1301.48,3323.0,68,Repair Labor & Services,998714,8907320656942
Wix Premium Fuel Filter - Petrol In-line,AUTO-03155,GST,18,567.17,797.0,39,Filters & Consumables,8421,8903267631143
Bosch Heavy Duty Ignition Coil - Set of 4,AUTO-03156,GST,28,1513.74,1855.0,9,Engine & Transmission Parts,8708,8901414264293
Tata Genuine Genuine Spark Plug Set - Copper,AUTO-03157,GST,28,838.79,1000.0,5,Engine & Transmission Parts,8708,8908381674289
Servo Performance Power Steering Fluid - 500ml,AUTO-03158,GST,18,304.61,436.0,31,Lubricants & Fluids,2710,8903894752897
Rane Shock Absorber - Hydraulic,AUTO-03159,GST,28,2862.06,3530.0,11,Brakes & Suspension,8708,8908224554042
Bosch Standard Clutch Plate Assembly - Hatchback,AUTO-03160,GST,28,2242.15,2784.0,3,Engine & Transmission Parts,8708,8901778545390
Brake Overhaul Labor - All 4 Wheels,AUTO-03161,GST,18,729.55,1964.0,65,Repair Labor & Services,998714,8909233953002
Denting & Painting (Per Panel) - Metallic/Pearl Color,AUTO-03162,GST,18,737.01,2794.0,33,Repair Labor & Services,998714,8905637731252
Gulf Premium Transmission Fluid (ATF) - 5 Litre,AUTO-03163,GST,18,869.35,1304.0,22,Lubricants & Fluids,2710,8901751733583
Bosch OEM Cabin/AC Filter - Standard,AUTO-03164,GST,18,256.59,351.0,52,Filters & Consumables,8421,8904438787171
Bosch Performance Wheel Bearing - Front,AUTO-03165,GST,28,1102.88,1379.0,12,Brakes & Suspension,8708,8909105482562
Wheel Alignment & Balancing - 5 Wheels,AUTO-03166,GST,18,205.01,752.0,25,Repair Labor & Services,998714,8906120992868
Denting & Painting (Per Panel) - Metallic/Pearl Color,AUTO-03167,GST,18,648.51,2297.0,71,Repair Labor & Services,998714,8905153672097
General Periodic Service - Sedan,AUTO-03168,GST,18,1061.09,2818.0,92,Repair Labor & Services,998714,8902856859441
Mahle Heavy Duty Wiper Blade Set - Frameless,AUTO-03169,GST,18,301.81,447.0,20,Filters & Consumables,8421,8905685402621
Amaron Heavy Duty Car Battery (DIN44) - 44 Ah,AUTO-03170,GST,28,3412.02,4042.0,7,Tyres & Batteries,8507,8901852291656
Minda Heavy Duty Clutch Plate Assembly - Sedan,AUTO-03171,GST,28,3449.75,4234.0,9,Engine & Transmission Parts,8708,8901484544300
Wix Cabin/AC Filter - Active Carbon,AUTO-03172,GST,18,297.03,414.0,33,Filters & Consumables,8421,8901465183163
TRW Heavy Duty Brake Rotor/Disc - Solid,AUTO-03173,GST,28,2104.83,2721.0,5,Brakes & Suspension,8708,8906305757866
Hyundai Mobis Clutch Plate Assembly - Hatchback,AUTO-03174,GST,28,1675.86,2108.0,8,Engine & Transmission Parts,8708,8906606950852
Purolator Genuine Engine Oil Filter - Cartridge,AUTO-03175,GST,18,172.57,254.0,28,Filters & Consumables,8421,8902647414124
Mahindra Genuine Standard Radiator Assembly - Copper Core,AUTO-03176,GST,28,4119.16,4867.0,11,Engine & Transmission Parts,8708,8906000182087
Tata Genuine Heavy Duty Radiator Assembly - Aluminium,AUTO-03177,GST,28,4255.37,5265.0,12,Engine & Transmission Parts,8708,8902719189938
Hyundai Mobis Water Pump - OEM Specs,AUTO-03178,GST,28,2145.8,2499.0,10,Engine & Transmission Parts,8708,8901757601808
Wix Aftermarket Fuel Filter - Diesel Cartridge,AUTO-03179,GST,18,444.11,589.0,53,Filters & Consumables,8421,8901528932816
Mahle Engine Oil Filter - Cartridge,AUTO-03180,GST,18,175.21,235.0,54,Filters & Consumables,8421,8907493135276
TRW Heavy Duty Shock Absorber - Hydraulic,AUTO-03181,GST,28,2950.24,3580.0,7,Brakes & Suspension,8708,8901182566516
Gabriel Aftermarket Brake Pad Set - Rear,AUTO-03182,GST,28,1006.25,1273.0,6,Brakes & Suspension,8708,8908362813413
Castrol Standard Semi-Synthetic Engine Oil - 10W-40 (3.5L),AUTO-03183,GST,18,1286.46,1856.0,34,Lubricants & Fluids,2710,8909687574465
Servo OEM Transmission Fluid (ATF) - 1 Litre,AUTO-03184,GST,18,461.51,682.0,46,Lubricants & Fluids,2710,8903982125588
K&N Performance Cabin/AC Filter - Standard,AUTO-03185,GST,18,211.16,307.0,36,Filters & Consumables,8421,8901346508656
Amaron Car Battery (DIN44) - 44 Ah,AUTO-03186,GST,28,3215.12,4124.0,3,Tyres & Batteries,8507,8903412538341
Tata Genuine Aftermarket Fuel Injector - Petrol,AUTO-03187,GST,28,2860.0,3600.0,11,Engine & Transmission Parts,8708,8907665620670
Gabriel Genuine Brake Rotor/Disc - Vented,AUTO-03188,GST,28,1841.83,2306.0,9,Brakes & Suspension,8708,8904410843971
Engine Scanning & Diagnostics - OBD2 Scan,AUTO-03189,GST,18,288.67,816.0,45,Repair Labor & Services,998714,8900935827173
Wheel Alignment & Balancing - 4 Wheels,AUTO-03190,GST,18,281.78,709.0,60,Repair Labor & Services,998714,8906465184788
Wix Standard Wiper Blade Set - Standard Frame,AUTO-03191,GST,18,359.97,504.0,60,Filters & Consumables,8421,8907957971149
Hyundai Mobis Spark Plug Set - Platinum,AUTO-03192,GST,28,735.21,913.0,8,Engine & Transmission Parts,8708,8909239510832
Wix Genuine Wiper Blade Set - Standard Frame,AUTO-03193,GST,18,391.3,542.0,57,Filters & Consumables,8421,8909984200326
Castrol Premium Gear Oil - 80W-90 (1L),AUTO-03194,GST,18,503.65,747.0,31,Lubricants & Fluids,2710,8901142076513
Bosch Performance Brake Rotor/Disc - Solid,AUTO-03195,GST,28,2022.53,2342.0,12,Brakes & Suspension,8708,8909610849297
Mahindra Genuine Genuine Fuel Injector - Diesel,AUTO-03196,GST,28,2894.78,3502.0,4,Engine & Transmission Parts,8708,8909767621354
Brake Overhaul Labor - Front Axle,AUTO-03197,GST,18,353.96,1409.0,25,Repair Labor & Services,998714,8905383489953
LUK Performance Clutch Plate Assembly - Hatchback,AUTO-03198,GST,28,2351.3,2719.0,2,Engine & Transmission Parts,8708,8900241703642
TRW Heavy Duty Suspension Bush Kit - Polyurethane,AUTO-03199,GST,28,629.37,752.0,12,Brakes & Suspension,8708,8902414718976
TRW Brake Pad Set - Rear,AUTO-03200,GST,28,1044.95,1347.0,6,Brakes & Suspension,8708,8902921017274
MRF Performance Tubeless Tyre (15 inch) - 195/60 R15,AUTO-03201,GST,28,4766.82,6030.0,2,Tyres & Batteries,4011,8907963132404
MRF Performance Tubeless Tyre (14 inch) - 185/65 R14,AUTO-03202,GST,28,2279.07,2755.0,9,Tyres & Batteries,4011,8901457065868
Bosch Performance Air Filter - Washable Cotton,AUTO-03203,GST,18,377.06,524.0,21,Filters & Consumables,8421,8907121999391
K&N Fuel Filter - Petrol In-line,AUTO-03204,GST,18,568.34,739.0,25,Filters & Consumables,8421,8907962445278
Shell Heavy Duty Fully Synthetic Engine Oil - 5W-30 (3.5L),AUTO-03205,GST,18,4108.2,5749.0,55,Lubricants & Fluids,2710,8900646594918
Elofic Standard Cabin/AC Filter - Active Carbon,AUTO-03206,GST,18,292.83,392.0,26,Filters & Consumables,8421,8900392268687
Minda Performance Ignition Coil - Set of 4,AUTO-03207,GST,28,1530.92,1930.0,9,Engine & Transmission Parts,8708,8908545765309
Bosch Standard Wheel Bearing - Rear (with ABS),AUTO-03208,GST,28,805.97,1037.0,3,Brakes & Suspension,8708,8903222575041
Brembo Standard Suspension Bush Kit - Rubber,AUTO-03209,GST,28,805.53,1010.0,7,Brakes & Suspension,8708,8900945573149
Rane Aftermarket Suspension Bush Kit - Rubber,AUTO-03210,GST,28,623.07,778.0,9,Brakes & Suspension,8708,8907603828071
Bosch Performance Water Pump - Aftermarket,AUTO-03211,GST,28,2127.16,2716.0,10,Engine & Transmission Parts,8708,8906417939969
Elofic Heavy Duty Air Filter - Paper,AUTO-03212,GST,18,322.6,432.0,27,Filters & Consumables,8421,8908768838689
CEAT Tubeless Tyre (16 inch) - 215/60 R16,AUTO-03213,GST,28,9100.25,11448.0,10,Tyres & Batteries,4011,8901652235079
Engine Scanning & Diagnostics - OBD2 Scan,AUTO-03214,GST,18,219.73,711.0,90,Repair Labor & Services,998714,8905219980684
Apollo Heavy Duty Tubeless Tyre (14 inch) - 165/70 R14,AUTO-03215,GST,28,1770.19,2277.0,11,Tyres & Batteries,4011,8905086722662
Michelin Genuine Tubeless Tyre (14 inch) - 185/65 R14,AUTO-03216,GST,28,1993.62,2586.0,10,Tyres & Batteries,4011,8906739718190
Liqui Moly Heavy Duty Brake Fluid DOT 4 - 500ml,AUTO-03217,GST,18,241.93,332.0,59,Lubricants & Fluids,2710,8907406242610
Wheel Alignment & Balancing - 4 Wheels,AUTO-03218,GST,18,292.14,1034.0,73,Repair Labor & Services,998714,8903651884919
Exide OEM Car Battery (DIN44) - Maintenance Free,AUTO-03219,GST,28,3210.42,3837.0,8,Tyres & Batteries,8507,8903572476398
Liqui Moly Genuine Power Steering Fluid - 500ml,AUTO-03220,GST,18,326.76,459.0,17,Lubricants & Fluids,2710,8900728438580
Tata Genuine Standard Alternator - 90 Amp,AUTO-03221,GST,28,5783.18,7411.0,7,Engine & Transmission Parts,8708,8900514904873
Liqui Moly Heavy Duty Brake Fluid DOT 4 - 500ml,AUTO-03222,GST,18,287.87,429.0,35,Lubricants & Fluids,2710,8903649961077
Engine Scanning & Diagnostics - Full System Scan,AUTO-03223,GST,18,216.7,594.0,99,Repair Labor & Services,998714,8906461533002
Purolator Performance Air Filter - Washable Cotton,AUTO-03224,GST,18,362.29,533.0,45,Filters & Consumables,8421,8906976938051
Gulf Premium Semi-Synthetic Engine Oil - 15W-40 (4L),AUTO-03225,GST,18,1171.62,1625.0,19,Lubricants & Fluids,2710,8902075000699
AC Gas Top-Up & Service - Deep Clean,AUTO-03226,GST,18,672.07,1901.0,84,Repair Labor & Services,998714,8902244556523
Brembo Standard Brake Pad Set - Rear,AUTO-03227,GST,28,1007.24,1171.0,11,Brakes & Suspension,8708,8909951769933
Minda Genuine Timing Belt - Heavy Duty,AUTO-03228,GST,28,1078.28,1335.0,2,Engine & Transmission Parts,8708,8907056951063
Purolator Engine Oil Filter - Spin-on,AUTO-03229,GST,18,170.02,245.0,47,Filters & Consumables,8421,8901173069938
TVS Girling Aftermarket Shock Absorber - Hydraulic,AUTO-03230,GST,28,2389.79,3067.0,10,Brakes & Suspension,8708,8909999628930
Engine Scanning & Diagnostics - Full System Scan,AUTO-03231,GST,18,251.91,658.0,55,Repair Labor & Services,998714,8900560831912
General Periodic Service - Sedan,AUTO-03232,GST,18,899.64,2962.0,63,Repair Labor & Services,998714,8905498184409
Gabriel Standard Suspension Bush Kit - Rubber,AUTO-03233,GST,28,722.25,898.0,4,Brakes & Suspension,8708,8907054874870
Valvoline Heavy Duty Coolant (Pre-mixed) - 1 Litre,AUTO-03234,GST,18,186.66,272.0,18,Lubricants & Fluids,2710,8905609446150
LUK Premium Radiator Assembly - Copper Core,AUTO-03235,GST,28,3753.25,4670.0,8,Engine & Transmission Parts,8708,8906050590855
Brake Overhaul Labor - Rear Axle,AUTO-03236,GST,18,389.68,1310.0,70,Repair Labor & Services,998714,8909391947437
Gabriel Heavy Duty Tie Rod End - Left,AUTO-03237,GST,28,509.86,598.0,11,Brakes & Suspension,8708,8906091027647
Mahindra Genuine Heavy Duty Water Pump - Aftermarket,AUTO-03238,GST,28,1986.08,2314.0,12,Engine & Transmission Parts,8708,8909026623773
General Periodic Service - Hatchback,AUTO-03239,GST,18,386.85,1493.0,78,Repair Labor & Services,998714,8903145237803
Valvoline Aftermarket Semi-Synthetic Engine Oil - 10W-40 (3.5L),AUTO-03240,GST,18,1439.18,1947.0,24,Lubricants & Fluids,2710,8905656866805
Bridgestone Performance Tubeless Tyre (14 inch) - 165/70 R14,AUTO-03241,GST,28,2259.55,2717.0,5,Tyres & Batteries,4011,8908157501543
Denting & Painting (Per Panel) - Metallic/Pearl Color,AUTO-03242,GST,18,818.33,2733.0,16,Repair Labor & Services,998714,8907794914881
Motul Genuine Brake Fluid DOT 4 - 500ml,AUTO-03243,GST,18,244.3,361.0,57,Lubricants & Fluids,2710,8909541710065
Bosch Genuine Fuel Filter - Diesel Cartridge,AUTO-03244,GST,18,516.61,709.0,35,Filters & Consumables,8421,8905363776659
Bosch Aftermarket Car Battery (DIN55) - 55 Ah,AUTO-03245,GST,28,4395.94,5241.0,4,Tyres & Batteries,8507,8903816226648
Motul OEM Transmission Fluid (ATF) - 5 Litre,AUTO-03246,GST,18,965.28,1426.0,50,Lubricants & Fluids,2710,8908363580533
Maruti Genuine Timing Belt - Standard,AUTO-03247,GST,28,1175.03,1386.0,8,Engine & Transmission Parts,8708,8901170278473
Servo Coolant (Pre-mixed) - 1 Litre,AUTO-03248,GST,18,218.7,292.0,54,Lubricants & Fluids,2710,8901761968225
MRF Heavy Duty Tubeless Tyre (16 inch) - 205/55 R16,AUTO-03249,GST,28,7842.17,9848.0,7,Tyres & Batteries,4011,8907408747407
Gabriel Genuine Suspension Bush Kit - Polyurethane,AUTO-03250,GST,28,623.02,762.0,8,Brakes & Suspension,8708,8905779906183
AC Gas Top-Up & Service - Standard,AUTO-03251,GST,18,416.99,1359.0,86,Repair Labor & Services,998714,8905455192415
Gabriel Standard Suspension Bush Kit - Polyurethane,AUTO-03252,GST,28,809.79,932.0,8,Brakes & Suspension,8708,8901706491445
Brembo Aftermarket Suspension Bush Kit - Rubber,AUTO-03253,GST,28,573.52,730.0,8,Brakes & Suspension,8708,8909146164157
Brembo Standard Suspension Bush Kit - Rubber,AUTO-03254,GST,28,583.33,725.0,5,Brakes & Suspension,8708,8904178109071
Amaron Standard Car Battery (DIN44) - 44 Ah,AUTO-03255,GST,28,3040.17,3762.0,3,Tyres & Batteries,8507,8904955838736
Amaron Genuine Car Battery (DIN44) - 44 Ah,AUTO-03256,GST,28,3871.59,4943.0,10,Tyres & Batteries,8507,8900843881684
Bosch Heavy Duty Car Battery (DIN44) - 44 Ah,AUTO-03257,GST,28,4117.07,5243.0,11,Tyres & Batteries,8507,8900704644503
Bosch Standard Alternator - 90 Amp,AUTO-03258,GST,28,5221.05,6571.0,12,Engine & Transmission Parts,8708,8909908187330
LUK Heavy Duty Ignition Coil - Set of 4,AUTO-03259,GST,28,1500.68,1757.0,9,Engine & Transmission Parts,8708,8902237369504
Brembo Premium Wheel Bearing - Rear (with ABS),AUTO-03260,GST,28,949.7,1099.0,9,Brakes & Suspension,8708,8903535226549
TVS Girling Shock Absorber - Gas Filled,AUTO-03261,GST,28,2766.08,3500.0,7,Brakes & Suspension,8708,8901359964260
Clutch Replacement Labor - Manual,AUTO-03262,GST,18,1146.44,3936.0,68,Repair Labor & Services,998714,8902740514316
Motul OEM Power Steering Fluid - 500ml,AUTO-03263,GST,18,336.02,466.0,41,Lubricants & Fluids,2710,8904025426006
Gabriel Aftermarket Wheel Bearing - Front,AUTO-03264,GST,28,865.46,1029.0,7,Brakes & Suspension,8708,8907993895945
MRF Performance Tubeless Tyre (15 inch) - 195/60 R15,AUTO-03265,GST,28,4584.63,5464.0,9,Tyres & Batteries,4011,8905294977565
Motul Genuine Semi-Synthetic Engine Oil - 15W-40 (4L),AUTO-03266,GST,18,1265.67,1693.0,46,Lubricants & Fluids,2710,8906657031012
Rane Heavy Duty Brake Pad Set - Front,AUTO-03267,GST,28,1060.53,1368.0,10,Brakes & Suspension,8708,8907534214483
Servo Gear Oil - 75W-90 (1L),AUTO-03268,GST,18,419.61,588.0,60,Lubricants & Fluids,2710,8903968382525
Shell Performance Fully Synthetic Engine Oil - 5W-30 (3.5L),AUTO-03269,GST,18,3996.25,5940.0,36,Lubricants & Fluids,2710,8902151734660
Elofic Standard Wiper Blade Set - Frameless,AUTO-03270,GST,18,355.78,531.0,45,Filters & Consumables,8421,8905610801030
Brembo Aftermarket Brake Pad Set - Ceramic,AUTO-03271,GST,28,943.59,1133.0,7,Brakes & Suspension,8708,8901216983232
CEAT Standard Tubeless Tyre (16 inch) - 215/60 R16,AUTO-03272,GST,28,10911.41,13218.0,5,Tyres & Batteries,4011,8902621445371
Castrol OEM Brake Fluid DOT 4 - 500ml,AUTO-03273,GST,18,311.2,429.0,49,Lubricants & Fluids,2710,8907788011591
Brembo Aftermarket Suspension Bush Kit - Rubber,AUTO-03274,GST,28,677.59,797.0,12,Brakes & Suspension,8708,8906355469033
Clutch Replacement Labor - Manual,AUTO-03275,GST,18,793.59,3030.0,53,Repair Labor & Services,998714,8907197323815
Gulf Brake Fluid DOT 4 - 250ml,AUTO-03276,GST,18,211.71,315.0,45,Lubricants & Fluids,2710,8906260235640
Wheel Alignment & Balancing - 4 Wheels,AUTO-03277,GST,18,217.53,863.0,86,Repair Labor & Services,998714,8905078679699
Bridgestone OEM Tubeless Tyre (15 inch) - 195/60 R15,AUTO-03278,GST,28,3633.33,4707.0,12,Tyres & Batteries,4011,8907461231900
Bosch Performance Brake Pad Set - Rear,AUTO-03279,GST,28,846.37,1081.0,7,Brakes & Suspension,8708,8908637353327
LUK Genuine Alternator - 120 Amp,AUTO-03280,GST,28,5499.48,6992.0,10,Engine & Transmission Parts,8708,8905843116210
Denting & Painting (Per Panel) - Metallic/Pearl Color,AUTO-03281,GST,18,852.47,3096.0,49,Repair Labor & Services,998714,8909473965431
Maruti Genuine Fuel Injector - Petrol,AUTO-03282,GST,28,2434.35,2816.0,5,Engine & Transmission Parts,8708,8900275960889
Valvoline Heavy Duty Transmission Fluid (ATF) - 5 Litre,AUTO-03283,GST,18,1265.67,1865.0,34,Lubricants & Fluids,2710,8903423149452
Wheel Alignment & Balancing - 5 Wheels,AUTO-03284,GST,18,256.98,696.0,10,Repair Labor & Services,998714,8909818040999
Maruti Genuine Timing Belt - Heavy Duty,AUTO-03285,GST,28,978.62,1178.0,2,Engine & Transmission Parts,8708,8908501347429
Wheel Alignment & Balancing - 5 Wheels,AUTO-03286,GST,18,254.51,706.0,62,Repair Labor & Services,998714,8904725439245
Gabriel Premium Wheel Bearing - Rear (with ABS),AUTO-03287,GST,28,1158.28,1354.0,2,Brakes & Suspension,8708,8908174425396
Michelin Tubeless Tyre (16 inch) - 215/60 R16,AUTO-03288,GST,28,9515.2,11195.0,11,Tyres & Batteries,4011,8901881224661
Mobil 1 Power Steering Fluid - 500ml,AUTO-03289,GST,18,261.22,340.0,44,Lubricants & Fluids,2710,8909096351591
Hyundai Mobis Fuel Injector - Diesel,AUTO-03290,GST,28,2494.32,2889.0,12,Engine & Transmission Parts,8708,8905337970860
Shell Performance Coolant (Pre-mixed) - 3 Litre,AUTO-03291,GST,18,369.76,494.0,38,Lubricants & Fluids,2710,8903717201533
TVS Girling Aftermarket Brake Pad Set - Front,AUTO-03292,GST,28,995.51,1202.0,8,Brakes & Suspension,8708,8904741331151
Bosch Standard Car Battery (DIN55) - 55 Ah,AUTO-03293,GST,28,5210.34,6533.0,4,Tyres & Batteries,8507,8902663154309
CEAT OEM Tubeless Tyre (15 inch) - 185/60 R15,AUTO-03294,GST,28,3333.48,4244.0,12,Tyres & Batteries,4011,8905366713646
AC Gas Top-Up & Service - Standard,AUTO-03295,GST,18,538.26,1494.0,91,Repair Labor & Services,998714,8902325348529
Elofic Standard Wiper Blade Set - Frameless,AUTO-03296,GST,18,404.7,559.0,43,Filters & Consumables,8421,8907583352197
Tata Genuine Genuine Spark Plug Set - Iridium,AUTO-03297,GST,28,669.2,784.0,12,Engine & Transmission Parts,8708,8901540244783
Hyundai Mobis Fuel Injector - Diesel,AUTO-03298,GST,28,2814.06,3296.0,12,Engine & Transmission Parts,8708,8900349141052
Elofic Genuine Fuel Filter - Petrol In-line,AUTO-03299,GST,18,619.46,826.0,24,Filters & Consumables,8421,8901264543676
Bosch Car Battery (DIN44) - Maintenance Free,AUTO-03300,GST,28,3394.71,4148.0,4,Tyres & Batteries,8507,8906986301333
Monroe OEM Tie Rod End - Left,AUTO-03301,GST,28,638.16,734.0,12,Brakes & Suspension,8708,8906719961494
Amaron OEM Car Battery (DIN55) - Heavy Duty,AUTO-03302,GST,28,5396.43,6493.0,3,Tyres & Batteries,8507,8906038495260
Elofic Air Filter - Paper,AUTO-03303,GST,18,344.63,497.0,19,Filters & Consumables,8421,8904109661592
Bridgestone Tubeless Tyre (15 inch) - 185/60 R15,AUTO-03304,GST,28,4176.69,5374.0,10,Tyres & Batteries,4011,8905069030347
Clutch Replacement Labor - Manual,AUTO-03305,GST,18,1206.59,3265.0,37,Repair Labor & Services,998714,8900238595129
General Periodic Service - Sedan,AUTO-03306,GST,18,891.94,2291.0,36,Repair Labor & Services,998714,8903582339895
Valeo Timing Belt - Standard,AUTO-03307,GST,28,1173.35,1432.0,5,Engine & Transmission Parts,8708,8908792787678
Brembo Standard Suspension Bush Kit - Polyurethane,AUTO-03308,GST,28,639.24,792.0,8,Brakes & Suspension,8708,8906514448657
Shell Aftermarket Fully Synthetic Engine Oil - 5W-40 (4L),AUTO-03309,GST,18,4534.21,6241.0,19,Lubricants & Fluids,2710,8904849919872
LUK Heavy Duty Timing Belt - Standard,AUTO-03310,GST,28,890.76,1025.0,6,Engine & Transmission Parts,8708,8903391419811
Brake Overhaul Labor - All 4 Wheels,AUTO-03311,GST,18,661.41,1847.0,90,Repair Labor & Services,998714,8905074950443
Monroe Aftermarket Brake Pad Set - Ceramic,AUTO-03312,GST,28,1035.05,1328.0,2,Brakes & Suspension,8708,8902844161693
Clutch Replacement Labor - Manual,AUTO-03313,GST,18,1306.32,4284.0,77,Repair Labor & Services,998714,8905163238137
Maruti Genuine Ignition Coil - Set of 4,AUTO-03314,GST,28,1064.37,1300.0,4,Engine & Transmission Parts,8708,8902659415258
Gabriel Genuine Shock Absorber - Gas Filled,AUTO-03315,GST,28,2185.53,2675.0,3,Brakes & Suspension,8708,8901644668471
Brembo OEM Wheel Bearing - Front,AUTO-03316,GST,28,1027.98,1319.0,11,Brakes & Suspension,8708,8901585118581
Bosch Genuine Timing Belt - Heavy Duty,AUTO-03317,GST,28,886.57,1045.0,7,Engine & Transmission Parts,8708,8903596828901
Castrol Aftermarket Transmission Fluid (ATF) - 1 Litre,AUTO-03318,GST,18,535.35,732.0,29,Lubricants & Fluids,2710,8901676602716
Michelin Standard Tubeless Tyre (15 inch) - 185/60 R15,AUTO-03319,GST,28,4139.79,5187.0,9,Tyres & Batteries,4011,8901819383477
AC Gas Top-Up & Service - Standard,AUTO-03320,GST,18,470.05,1713.0,42,Repair Labor & Services,998714,8907308028213
Valeo Aftermarket Spark Plug Set - Copper,AUTO-03321,GST,28,617.35,792.0,3,Engine & Transmission Parts,8708,8904304446978
AC Gas Top-Up & Service - Standard,AUTO-03322,GST,18,584.48,1655.0,84,Repair Labor & Services,998714,8900019768933
Gulf Standard Fully Synthetic Engine Oil - 5W-30 (3.5L),AUTO-03323,GST,18,3344.97,4592.0,57,Lubricants & Fluids,2710,8901303076617
Tata Genuine Genuine Timing Belt - Heavy Duty,AUTO-03324,GST,28,1109.11,1320.0,8,Engine & Transmission Parts,8708,8904820987284
Bridgestone Genuine Tubeless Tyre (14 inch) - 165/70 R14,AUTO-03325,GST,28,2148.68,2516.0,6,Tyres & Batteries,4011,8904405572477
TVS Girling Heavy Duty Brake Rotor/Disc - Solid,AUTO-03326,GST,28,2076.72,2514.0,2,Brakes & Suspension,8708,8909160494172
TVS Girling OEM Tie Rod End - Left,AUTO-03327,GST,28,500.47,628.0,8,Brakes & Suspension,8708,8906863721858
Apollo Premium Tubeless Tyre (16 inch) - 205/55 R16,AUTO-03328,GST,28,8756.35,11093.0,7,Tyres & Batteries,4011,8907126565641
AC Gas Top-Up & Service - Deep Clean,AUTO-03329,GST,18,589.55,1558.0,68,Repair Labor & Services,998714,8901112070180
Denting & Painting (Per Panel) - Solid Color,AUTO-03330,GST,18,854.81,2766.0,85,Repair Labor & Services,998714,8902625525761
Castrol Heavy Duty Gear Oil - 80W-90 (1L),AUTO-03331,GST,18,412.3,604.0,55,Lubricants & Fluids,2710,8908480861868
Clutch Replacement Labor - Manual,AUTO-03332,GST,18,838.8,3297.0,30,Repair Labor & Services,998714,8909978532101
Wheel Alignment & Balancing - 4 Wheels,AUTO-03333,GST,18,302.31,883.0,16,Repair Labor & Services,998714,8903765849014
Maruti Genuine Alternator - 120 Amp,AUTO-03334,GST,28,4953.48,5958.0,10,Engine & Transmission Parts,8708,8907090959027
Engine Scanning & Diagnostics - OBD2 Scan,AUTO-03335,GST,18,215.69,667.0,18,Repair Labor & Services,998714,8909918386488
Monroe Genuine Brake Rotor/Disc - Solid,AUTO-03336,GST,28,1552.9,1949.0,8,Brakes & Suspension,8708,8907717752969
Denting & Painting (Per Panel) - Solid Color,AUTO-03337,GST,18,930.75,2826.0,44,Repair Labor & Services,998714,8908978814124
Mobil 1 Power Steering Fluid - 1 Litre,AUTO-03338,GST,18,185.07,242.0,49,Lubricants & Fluids,2710,8907550562448
Tata Genuine Premium Ignition Coil - Set of 4,AUTO-03339,GST,28,1046.71,1343.0,3,Engine & Transmission Parts,8708,8909387074142
Valeo Standard Radiator Assembly - Copper Core,AUTO-03340,GST,28,3278.02,4254.0,4,Engine & Transmission Parts,8708,8908140462478
Wix Air Filter - Washable Cotton,AUTO-03341,GST,18,426.33,570.0,41,Filters & Consumables,8421,8902733089034
Servo Standard Brake Fluid DOT 4 - 500ml,AUTO-03342,GST,18,314.12,424.0,26,Lubricants & Fluids,2710,8901095496861
K&N Air Filter - Paper,AUTO-03343,GST,18,382.13,497.0,54,Filters & Consumables,8421,8901998467617
Maruti Genuine Timing Belt - Standard,AUTO-03344,GST,28,890.29,1136.0,8,Engine & Transmission Parts,8708,8902576210902
Apollo Performance Tubeless Tyre (16 inch) - 205/55 R16,AUTO-03345,GST,28,7043.01,8949.0,6,Tyres & Batteries,4011,8904415663057
Monroe Aftermarket Shock Absorber - Hydraulic,AUTO-03346,GST,28,2636.56,3390.0,4,Brakes & Suspension,8708,8900217589283
Michelin Heavy Duty Tubeless Tyre (14 inch) - 185/65 R14,AUTO-03347,GST,28,1676.39,2115.0,12,Tyres & Batteries,4011,8907607203248
Michelin Tubeless Tyre (15 inch) - 195/60 R15,AUTO-03348,GST,28,4995.6,6060.0,9,Tyres & Batteries,4011,8909466853241
Servo Premium Semi-Synthetic Engine Oil - 15W-40 (4L),AUTO-03349,GST,18,1620.01,2249.0,45,Lubricants & Fluids,2710,8904658578564
Motul Standard Power Steering Fluid - 500ml,AUTO-03350,GST,18,258.21,365.0,31,Lubricants & Fluids,2710,8906829851652
Rane Heavy Duty Tie Rod End - Right,AUTO-03351,GST,28,514.2,598.0,9,Brakes & Suspension,8708,8907863414487
Brake Overhaul Labor - Rear Axle,AUTO-03352,GST,18,416.77,1528.0,84,Repair Labor & Services,998714,8907103188727
Elofic Genuine Fuel Filter - Petrol In-line,AUTO-03353,GST,18,533.87,748.0,48,Filters & Consumables,8421,8906742050578
Valvoline OEM Semi-Synthetic Engine Oil - 10W-40 (3.5L),AUTO-03354,GST,18,1373.88,1858.0,41,Lubricants & Fluids,2710,8905186515312
Mahindra Genuine Aftermarket Timing Belt - Standard,AUTO-03355,GST,28,1109.14,1359.0,9,Engine & Transmission Parts,8708,8909086865146
Purolator Premium Engine Oil Filter - Cartridge,AUTO-03356,GST,18,208.62,302.0,51,Filters & Consumables,8421,8903967015522
Mahle Standard Engine Oil Filter - Spin-on,AUTO-03357,GST,18,217.25,324.0,38,Filters & Consumables,8421,8905295787351
Elofic Premium Air Filter - Paper,AUTO-03358,GST,18,428.9,573.0,44,Filters & Consumables,8421,8901131800214
Michelin Standard Tubeless Tyre (14 inch) - 165/70 R14,AUTO-03359,GST,28,2636.03,3156.0,7,Tyres & Batteries,4011,8905773432823
Bridgestone OEM Tubeless Tyre (15 inch) - 195/60 R15,AUTO-03360,GST,28,4650.71,5791.0,8,Tyres & Batteries,4011,8906949835980
Exide Heavy Duty Car Battery (DIN44) - Maintenance Free,AUTO-03361,GST,28,3678.86,4662.0,7,Tyres & Batteries,8507,8908456271370
AC Gas Top-Up & Service - Deep Clean,AUTO-03362,GST,18,562.07,1848.0,54,Repair Labor & Services,998714,8909890906609
Liqui Moly Premium Transmission Fluid (ATF) - 1 Litre,AUTO-03363,GST,18,576.95,767.0,42,Lubricants & Fluids,2710,8904658899872
Servo Genuine Power Steering Fluid - 1 Litre,AUTO-03364,GST,18,235.61,352.0,20,Lubricants & Fluids,2710,8902842092749
Rane OEM Tie Rod End - Left,AUTO-03365,GST,28,593.26,695.0,2,Brakes & Suspension,8708,8902151285136
MRF Standard Tubeless Tyre (14 inch) - 185/65 R14,AUTO-03366,GST,28,2296.1,2871.0,4,Tyres & Batteries,4011,8903700877751
CEAT Aftermarket Tubeless Tyre (14 inch) - 165/70 R14,AUTO-03367,GST,28,2589.25,3145.0,9,Tyres & Batteries,4011,8903478432674
Exide Heavy Duty Car Battery (DIN44) - Maintenance Free,AUTO-03368,GST,28,3958.18,5037.0,5,Tyres & Batteries,8507,8902338543767
TVS Girling Performance Wheel Bearing - Rear (with ABS),AUTO-03369,GST,28,1033.94,1201.0,8,Brakes & Suspension,8708,8904599682243
LUK Performance Timing Belt - Standard,AUTO-03370,GST,28,1273.18,1534.0,10,Engine & Transmission Parts,8708,8908983923078
Mahindra Genuine Performance Timing Belt - Standard,AUTO-03371,GST,28,1018.05,1272.0,9,Engine & Transmission Parts,8708,8900779244547
Liqui Moly Heavy Duty Fully Synthetic Engine Oil - 5W-30 (3.5L),AUTO-03372,GST,18,4573.12,6287.0,59,Lubricants & Fluids,2710,8906873102426
Gulf Heavy Duty Transmission Fluid (ATF) - 5 Litre,AUTO-03373,GST,18,1176.3,1595.0,42,Lubricants & Fluids,2710,8908458310903
Gulf Aftermarket Transmission Fluid (ATF) - 5 Litre,AUTO-03374,GST,18,1022.8,1469.0,59,Lubricants & Fluids,2710,8907502719264
TVS Girling Aftermarket Wheel Bearing - Front,AUTO-03375,GST,28,829.4,1051.0,4,Brakes & Suspension,8708,8908807366497
Tata Genuine OEM Fuel Injector - Diesel,AUTO-03376,GST,28,2916.49,3531.0,12,Engine & Transmission Parts,8708,8904335623950
TVS Girling Brake Pad Set - Front,AUTO-03377,GST,28,884.47,1023.0,2,Brakes & Suspension,8708,8900822205322
Minda Premium Fuel Injector - Petrol,AUTO-03378,GST,28,2832.62,3482.0,6,Engine & Transmission Parts,8708,8906617101478
Bosch OEM Suspension Bush Kit - Rubber,AUTO-03379,GST,28,791.02,1017.0,5,Brakes & Suspension,8708,8909066506888
Liqui Moly Premium Gear Oil - 75W-90 (1L),AUTO-03380,GST,18,375.26,559.0,27,Lubricants & Fluids,2710,8901603502450
Bosch Premium Air Filter - Washable Cotton,AUTO-03381,GST,18,396.8,571.0,37,Filters & Consumables,8421,8902416945646
Bosch Genuine Car Battery (DIN44) - Maintenance Free,AUTO-03382,GST,28,4232.4,5332.0,6,Tyres & Batteries,8507,8906914284000
Valeo Standard Radiator Assembly - Copper Core,AUTO-03383,GST,28,3434.73,4213.0,9,Engine & Transmission Parts,8708,8901073823225
Denting & Painting (Per Panel) - Solid Color,AUTO-03384,GST,18,726.31,2666.0,31,Repair Labor & Services,998714,8902334501541
K&N Fuel Filter - Diesel Cartridge,AUTO-03385,GST,18,512.89,710.0,42,Filters & Consumables,8421,8901000059118
Bosch Heavy Duty Cabin/AC Filter - Active Carbon,AUTO-03386,GST,18,277.88,396.0,28,Filters & Consumables,8421,8904891402696
TVS Girling Performance Shock Absorber - Hydraulic,AUTO-03387,GST,28,2793.01,3232.0,2,Brakes & Suspension,8708,8908757575131
Michelin Heavy Duty Tubeless Tyre (15 inch) - 195/60 R15,AUTO-03388,GST,28,3327.52,4197.0,6,Tyres & Batteries,4011,8904468501381
Gabriel OEM Shock Absorber - Hydraulic,AUTO-03389,GST,28,2567.91,3072.0,11,Brakes & Suspension,8708,8903264570177
Brembo OEM Suspension Bush Kit - Polyurethane,AUTO-03390,GST,28,615.34,741.0,8,Brakes & Suspension,8708,8900549712793
Bosch Aftermarket Water Pump - Aftermarket,AUTO-03391,GST,28,2334.56,2853.0,7,Engine & Transmission Parts,8708,8906999060418
Elofic Performance Fuel Filter - Petrol In-line,AUTO-03392,GST,18,451.53,665.0,21,Filters & Consumables,8421,8901828921075
Bridgestone Performance Tubeless Tyre (16 inch) - 215/60 R16,AUTO-03393,GST,28,10947.2,12626.0,9,Tyres & Batteries,4011,8905336314928
Brake Overhaul Labor - All 4 Wheels,AUTO-03394,GST,18,668.93,2078.0,94,Repair Labor & Services,998714,8907568634549
Mahle Premium Air Filter - Paper,AUTO-03395,GST,18,318.67,467.0,51,Filters & Consumables,8421,8909255830035
Amaron Performance Car Battery (DIN65) - SUV Specs,AUTO-03396,GST,28,9523.65,12315.0,6,Tyres & Batteries,8507,8904910885348
CEAT Tubeless Tyre (14 inch) - 165/70 R14,AUTO-03397,GST,28,2438.82,3114.0,9,Tyres & Batteries,4011,8908340793281
Amaron OEM Car Battery (DIN44) - Maintenance Free,AUTO-03398,GST,28,3800.46,4424.0,2,Tyres & Batteries,8507,8903402073617
Gulf OEM Coolant (Pre-mixed) - 3 Litre,AUTO-03399,GST,18,335.99,478.0,47,Lubricants & Fluids,2710,8904800000133
LUK Premium Timing Belt - Heavy Duty,AUTO-03400,GST,28,1005.9,1158.0,3,Engine & Transmission Parts,8708,8903921581927
Bosch Heavy Duty Cabin/AC Filter - Active Carbon,AUTO-03401,GST,18,276.67,399.0,33,Filters & Consumables,8421,8905618468915
Engine Scanning & Diagnostics - OBD2 Scan,AUTO-03402,GST,18,209.14,819.0,89,Repair Labor & Services,998714,8907470914871
Exide Heavy Duty Car Battery (DIN65) - 65 Ah,AUTO-03403,GST,28,6753.43,8666.0,8,Tyres & Batteries,8507,8905619789681
Monroe OEM Suspension Bush Kit - Rubber,AUTO-03404,GST,28,681.35,870.0,11,Brakes & Suspension,8708,8902770866574
Amaron Car Battery (DIN44) - Maintenance Free,AUTO-03405,GST,28,4026.84,4824.0,9,Tyres & Batteries,8507,8907673800750
Engine Scanning & Diagnostics - OBD2 Scan,AUTO-03406,GST,18,259.03,744.0,70,Repair Labor & Services,998714,8903393474126
Elofic Performance Wiper Blade Set - Standard Frame,AUTO-03407,GST,18,378.59,526.0,56,Filters & Consumables,8421,8908546052173
TVS Girling Premium Brake Rotor/Disc - Vented,AUTO-03408,GST,28,2038.96,2502.0,9,Brakes & Suspension,8708,8908928802295
Liqui Moly Premium Coolant (Pre-mixed) - 1 Litre,AUTO-03409,GST,18,241.56,340.0,46,Lubricants & Fluids,2710,8900799190623
Denting & Painting (Per Panel) - Solid Color,AUTO-03410,GST,18,1042.55,2958.0,49,Repair Labor & Services,998714,8904919747084
Exide OEM Car Battery (DIN44) - Maintenance Free,AUTO-03411,GST,28,3878.33,4899.0,4,Tyres & Batteries,8507,8904985963436
Castrol OEM Transmission Fluid (ATF) - 5 Litre,AUTO-03412,GST,18,1125.54,1495.0,59,Lubricants & Fluids,2710,8906724089628
General Periodic Service - Hatchback,AUTO-03413,GST,18,603.42,1600.0,60,Repair Labor & Services,998714,8906701918717
Bosch Aftermarket Spark Plug Set - Platinum,AUTO-03414,GST,28,810.89,938.0,3,Engine & Transmission Parts,8708,8908980221318
Exide Performance Car Battery (DIN44) - 44 Ah,AUTO-03415,GST,28,3284.41,3931.0,3,Tyres & Batteries,8507,8901734174146
Gulf OEM Brake Fluid DOT 4 - 500ml,AUTO-03416,GST,18,317.96,425.0,30,Lubricants & Fluids,2710,8903559164915
Brake Overhaul Labor - Front Axle,AUTO-03417,GST,18,453.34,1393.0,39,Repair Labor & Services,998714,8908648650074
Shell Performance Brake Fluid DOT 4 - 250ml,AUTO-03418,GST,18,232.26,302.0,51,Lubricants & Fluids,2710,8901653647066
Bosch Car Battery (DIN65) - SUV Specs,AUTO-03419,GST,28,9665.93,12308.0,5,Tyres & Batteries,8507,8904145244864
Amaron Heavy Duty Car Battery (DIN65) - SUV Specs,AUTO-03420,GST,28,11119.19,13739.0,12,Tyres & Batteries,8507,8904351840639
Gabriel Genuine Wheel Bearing - Rear (with ABS),AUTO-03421,GST,28,880.07,1115.0,5,Brakes & Suspension,8708,8902710049912
Mahle Air Filter - Washable Cotton,AUTO-03422,GST,18,364.31,527.0,50,Filters & Consumables,8421,8901920509163
Gabriel Heavy Duty Wheel Bearing - Front,AUTO-03423,GST,28,1055.03,1340.0,4,Brakes & Suspension,8708,8905932865711
Wheel Alignment & Balancing - 5 Wheels,AUTO-03424,GST,18,199.78,730.0,37,Repair Labor & Services,998714,8900062381839
Bosch Genuine Shock Absorber - Gas Filled,AUTO-03425,GST,28,2580.39,3002.0,9,Brakes & Suspension,8708,8906196079117
Gabriel Heavy Duty Brake Rotor/Disc - Vented,AUTO-03426,GST,28,2235.01,2806.0,11,Brakes & Suspension,8708,8901335315356
Rane Aftermarket Tie Rod End - Right,AUTO-03427,GST,28,542.69,704.0,12,Brakes & Suspension,8708,8900409414771
Elofic OEM Air Filter - Paper,AUTO-03428,GST,18,370.37,491.0,33,Filters & Consumables,8421,8906821636297
Minda Alternator - 120 Amp,AUTO-03429,GST,28,6910.7,8094.0,4,Engine & Transmission Parts,8708,8903224263783
Elofic Performance Engine Oil Filter - Spin-on,AUTO-03430,GST,18,177.37,241.0,23,Filters & Consumables,8421,8908784759044
Mahle Genuine Engine Oil Filter - Cartridge,AUTO-03431,GST,18,183.08,248.0,19,Filters & Consumables,8421,8900579406525
Brembo Aftermarket Tie Rod End - Left,AUTO-03432,GST,28,456.34,582.0,12,Brakes & Suspension,8708,8908345199550
Amaron Car Battery (DIN65) - SUV Specs,AUTO-03433,GST,28,11569.67,13763.0,4,Tyres & Batteries,8507,8908157066250
Tata Genuine Premium Water Pump - OEM Specs,AUTO-03434,GST,28,1972.12,2463.0,9,Engine & Transmission Parts,8708,8907149487248
Mobil 1 Performance Coolant (Pre-mixed) - 1 Litre,AUTO-03435,GST,18,208.01,292.0,58,Lubricants & Fluids,2710,8903056820808
TVS Girling Premium Wheel Bearing - Rear (with ABS),AUTO-03436,GST,28,1001.5,1229.0,4,Brakes & Suspension,8708,8902092521094
Brembo Standard Wheel Bearing - Rear (with ABS),AUTO-03437,GST,28,1013.51,1178.0,2,Brakes & Suspension,8708,8902792990251
Bosch Water Pump - OEM Specs,AUTO-03438,GST,28,2170.45,2797.0,4,Engine & Transmission Parts,8708,8905799883594
Brembo Heavy Duty Suspension Bush Kit - Polyurethane,AUTO-03439,GST,28,672.84,791.0,2,Brakes & Suspension,8708,8908077003781
Purolator Genuine Cabin/AC Filter - Standard,AUTO-03440,GST,18,288.04,383.0,39,Filters & Consumables,8421,8900888959208
Motul Aftermarket Brake Fluid DOT 4 - 250ml,AUTO-03441,GST,18,152.17,224.0,41,Lubricants & Fluids,2710,8906009997494
Valeo Performance Ignition Coil - Single Pack,AUTO-03442,GST,28,1513.96,1945.0,5,Engine & Transmission Parts,8708,8906487372590
LUK Standard Fuel Injector - Petrol,AUTO-03443,GST,28,2939.27,3470.0,5,Engine & Transmission Parts,8708,8902978671542
Denting & Painting (Per Panel) - Metallic/Pearl Color,AUTO-03444,GST,18,1154.97,3029.0,84,Repair Labor & Services,998714,8904770071910
Bosch Genuine Brake Rotor/Disc - Vented,AUTO-03445,GST,28,2082.6,2677.0,11,Brakes & Suspension,8708,8902172340515
Valvoline OEM Coolant (Pre-mixed) - 1 Litre,AUTO-03446,GST,18,284.65,407.0,57,Lubricants & Fluids,2710,8903870611542
Valeo OEM Fuel Injector - Petrol,AUTO-03447,GST,28,2875.0,3619.0,8,Engine & Transmission Parts,8708,8905951733666
Motul OEM Brake Fluid DOT 4 - 250ml,AUTO-03448,GST,18,166.89,232.0,31,Lubricants & Fluids,2710,8900019801106
Gabriel Standard Brake Rotor/Disc - Vented,AUTO-03449,GST,28,2277.1,2699.0,8,Brakes & Suspension,8708,8905495189819
Elofic OEM Cabin/AC Filter - Active Carbon,AUTO-03450,GST,18,319.8,454.0,37,Filters & Consumables,8421,8904369803459
Engine Scanning & Diagnostics - OBD2 Scan,AUTO-03451,GST,18,286.45,838.0,44,Repair Labor & Services,998714,8900809100695
Elofic Heavy Duty Wiper Blade Set - Frameless,AUTO-03452,GST,18,312.52,467.0,27,Filters & Consumables,8421,8901679266403
Brake Overhaul Labor - Rear Axle,AUTO-03453,GST,18,322.42,1202.0,82,Repair Labor & Services,998714,8900640810671
Valeo Performance Ignition Coil - Set of 4,AUTO-03454,GST,28,1055.34,1341.0,7,Engine & Transmission Parts,8708,8909208653749
Gulf Heavy Duty Gear Oil - 75W-90 (1L),AUTO-03455,GST,18,508.72,670.0,38,Lubricants & Fluids,2710,8906654934781
TRW Premium Suspension Bush Kit - Polyurethane,AUTO-03456,GST,28,700.11,902.0,12,Brakes & Suspension,8708,8908632019703
Hyundai Mobis Timing Belt - Heavy Duty,AUTO-03457,GST,28,841.11,1089.0,4,Engine & Transmission Parts,8708,8905588119127
K&N OEM Engine Oil Filter - Cartridge,AUTO-03458,GST,18,197.13,274.0,47,Filters & Consumables,8421,8904424676004
Clutch Replacement Labor - Automatic,AUTO-03459,GST,18,1467.7,4364.0,21,Repair Labor & Services,998714,8902544584795
Tata Genuine Premium Timing Belt - Heavy Duty,AUTO-03460,GST,28,1331.03,1544.0,12,Engine & Transmission Parts,8708,8904090544496
Rane Aftermarket Wheel Bearing - Rear (with ABS),AUTO-03461,GST,28,1108.68,1345.0,5,Brakes & Suspension,8708,8908973907666
Mahle Standard Air Filter - Washable Cotton,AUTO-03462,GST,18,280.55,419.0,30,Filters & Consumables,8421,8901579970658
Valeo Performance Water Pump - Aftermarket,AUTO-03463,GST,28,2345.28,2977.0,9,Engine & Transmission Parts,8708,8908363509680
LUK OEM Water Pump - Aftermarket,AUTO-03464,GST,28,2461.31,2985.0,4,Engine & Transmission Parts,8708,8903935260177
TRW Performance Suspension Bush Kit - Rubber,AUTO-03465,GST,28,718.05,916.0,5,Brakes & Suspension,8708,8902613542701
Wheel Alignment & Balancing - 4 Wheels,AUTO-03466,GST,18,242.06,913.0,92,Repair Labor & Services,998714,8900025304674
Hyundai Mobis Timing Belt - Heavy Duty,AUTO-03467,GST,28,906.63,1146.0,7,Engine & Transmission Parts,8708,8906483562875
Rane Standard Brake Pad Set - Ceramic,AUTO-03468,GST,28,1017.84,1313.0,5,Brakes & Suspension,8708,8903649215296
Gulf OEM Transmission Fluid (ATF) - 5 Litre,AUTO-03469,GST,18,1097.23,1469.0,54,Lubricants & Fluids,2710,8903032216880
Purolator OEM Engine Oil Filter - Spin-on,AUTO-03470,GST,18,208.91,306.0,36,Filters & Consumables,8421,8905741251218
Exide Standard Car Battery (DIN65) - 65 Ah,AUTO-03471,GST,28,7227.38,8396.0,11,Tyres & Batteries,8507,8901944557669
Wheel Alignment & Balancing - 5 Wheels,AUTO-03472,GST,18,220.8,828.0,23,Repair Labor & Services,998714,8907120345741
AC Gas Top-Up & Service - Deep Clean,AUTO-03473,GST,18,521.09,1936.0,32,Repair Labor & Services,998714,8903002242237
Tata Genuine Heavy Duty Alternator - 120 Amp,AUTO-03474,GST,28,6735.72,8415.0,5,Engine & Transmission Parts,8708,8905199972111
Mobil 1 Transmission Fluid (ATF) - 1 Litre,AUTO-03475,GST,18,575.38,749.0,54,Lubricants & Fluids,2710,8909306764201
Brake Overhaul Labor - All 4 Wheels,AUTO-03476,GST,18,648.53,1697.0,88,Repair Labor & Services,998714,8901046005204
Bosch Genuine Car Battery (DIN44) - Maintenance Free,AUTO-03477,GST,28,3663.94,4225.0,10,Tyres & Batteries,8507,8909537227839
Rane Aftermarket Tie Rod End - Left,AUTO-03478,GST,28,509.23,602.0,6,Brakes & Suspension,8708,8904888076965
K&N Standard Fuel Filter - Diesel Cartridge,AUTO-03479,GST,18,448.74,615.0,53,Filters & Consumables,8421,8902891463124
Shell Standard Brake Fluid DOT 4 - 500ml,AUTO-03480,GST,18,270.88,389.0,19,Lubricants & Fluids,2710,8901608478182
Brembo Standard Brake Rotor/Disc - Solid,AUTO-03481,GST,28,1967.32,2498.0,6,Brakes & Suspension,8708,8907484856944
Motul Aftermarket Gear Oil - 75W-90 (1L),AUTO-03482,GST,18,394.58,542.0,23,Lubricants & Fluids,2710,8909914260713
TRW Standard Tie Rod End - Left,AUTO-03483,GST,28,465.75,573.0,9,Brakes & Suspension,8708,8906461239554
Mobil 1 Heavy Duty Brake Fluid DOT 4 - 250ml,AUTO-03484,GST,18,175.1,257.0,15,Lubricants & Fluids,2710,8906773097803
Amaron Standard Car Battery (DIN65) - 65 Ah,AUTO-03485,GST,28,6380.02,7491.0,9,Tyres & Batteries,8507,8905391919382
Bosch Heavy Duty Car Battery (DIN55) - 55 Ah,AUTO-03486,GST,28,4495.37,5468.0,11,Tyres & Batteries,8507,8908485505068
Maruti Genuine Timing Belt - Standard,AUTO-03487,GST,28,1020.43,1244.0,10,Engine & Transmission Parts,8708,8905662176272
Shell Standard Power Steering Fluid - 500ml,AUTO-03488,GST,18,282.69,388.0,37,Lubricants & Fluids,2710,8901499753014
Valvoline Heavy Duty Gear Oil - 80W-90 (1L),AUTO-03489,GST,18,481.57,657.0,33,Lubricants & Fluids,2710,8905012221988
Motul Aftermarket Semi-Synthetic Engine Oil - 10W-40 (3.5L),AUTO-03490,GST,18,1553.02,2317.0,53,Lubricants & Fluids,2710,8903089893092
Wheel Alignment & Balancing - 4 Wheels,AUTO-03491,GST,18,241.5,938.0,18,Repair Labor & Services,998714,8907669706838
Gabriel Genuine Brake Rotor/Disc - Solid,AUTO-03492,GST,28,1996.45,2314.0,2,Brakes & Suspension,8708,8900977354962
Gulf OEM Transmission Fluid (ATF) - 1 Litre,AUTO-03493,GST,18,428.74,576.0,36,Lubricants & Fluids,2710,8903012534364
K&N Wiper Blade Set - Frameless,AUTO-03494,GST,18,314.67,439.0,36,Filters & Consumables,8421,8906440314822
Valeo Spark Plug Set - Platinum,AUTO-03495,GST,28,580.46,745.0,7,Engine & Transmission Parts,8708,8905532168555
LUK Performance Alternator - 120 Amp,AUTO-03496,GST,28,4297.13,5565.0,5,Engine & Transmission Parts,8708,8906072288499
Gabriel Genuine Brake Rotor/Disc - Solid,AUTO-03497,GST,28,1927.98,2370.0,3,Brakes & Suspension,8708,8900652854430
Mobil 1 Genuine Gear Oil - 80W-90 (1L),AUTO-03498,GST,18,398.25,538.0,21,Lubricants & Fluids,2710,8906370727420
Maruti Genuine Clutch Plate Assembly - Hatchback,AUTO-03499,GST,28,2580.17,2969.0,9,Engine & Transmission Parts,8708,8909939778810
Gulf Performance Transmission Fluid (ATF) - 1 Litre,AUTO-03500,GST,18,577.8,754.0,37,Lubricants & Fluids,2710,8904248784041
Liqui Moly Premium Fully Synthetic Engine Oil - 5W-40 (4L),AUTO-03501,GST,18,4020.63,5918.0,48,Lubricants & Fluids,2710,8907795156992
Gabriel Heavy Duty Brake Pad Set - Ceramic,AUTO-03502,GST,28,1000.64,1266.0,2,Brakes & Suspension,8708,8901688404763
TVS Girling Tie Rod End - Right,AUTO-03503,GST,28,580.09,719.0,6,Brakes & Suspension,8708,8901592842767
Mahle Performance Engine Oil Filter - Cartridge,AUTO-03504,GST,18,172.8,240.0,41,Filters & Consumables,8421,8906785637164
Monroe OEM Brake Pad Set - Ceramic,AUTO-03505,GST,28,884.6,1071.0,10,Brakes & Suspension,8708,8905952417168
Mahle Performance Fuel Filter - Petrol In-line,AUTO-03506,GST,18,497.18,671.0,28,Filters & Consumables,8421,8902510110288
Rane OEM Brake Pad Set - Rear,AUTO-03507,GST,28,1006.92,1166.0,3,Brakes & Suspension,8708,8902017474815
Engine Scanning & Diagnostics - Full System Scan,AUTO-03508,GST,18,221.57,843.0,45,Repair Labor & Services,998714,8902380212458
Bosch Premium Suspension Bush Kit - Polyurethane,AUTO-03509,GST,28,872.48,1009.0,4,Brakes & Suspension,8708,8907857436425
Mobil 1 Gear Oil - 75W-90 (1L),AUTO-03510,GST,18,394.17,526.0,54,Lubricants & Fluids,2710,8901546669207
Engine Scanning & Diagnostics - Full System Scan,AUTO-03511,GST,18,162.77,591.0,40,Repair Labor & Services,998714,8901870863344
Shell Performance Transmission Fluid (ATF) - 5 Litre,AUTO-03512,GST,18,1367.08,1790.0,26,Lubricants & Fluids,2710,8909038569802
Michelin Aftermarket Tubeless Tyre (16 inch) - 215/60 R16,AUTO-03513,GST,28,9284.54,11262.0,4,Tyres & Batteries,4011,8906849414790
Servo OEM Coolant (Pre-mixed) - 3 Litre,AUTO-03514,GST,18,306.26,453.0,55,Lubricants & Fluids,2710,8909260608238
TVS Girling Premium Wheel Bearing - Front,AUTO-03515,GST,28,1082.63,1273.0,9,Brakes & Suspension,8708,8908067824655
TVS Girling Aftermarket Tie Rod End - Left,AUTO-03516,GST,28,475.54,559.0,4,Brakes & Suspension,8708,8908816903583
Rane Aftermarket Brake Rotor/Disc - Vented,AUTO-03517,GST,28,1993.54,2360.0,6,Brakes & Suspension,8708,8902416083881
Servo Aftermarket Transmission Fluid (ATF) - 1 Litre,AUTO-03518,GST,18,399.7,596.0,23,Lubricants & Fluids,2710,8902846619997
Bosch Heavy Duty Timing Belt - Heavy Duty,AUTO-03519,GST,28,853.68,1099.0,3,Engine & Transmission Parts,8708,8903375214554
Liqui Moly Semi-Synthetic Engine Oil - 10W-40 (3.5L),AUTO-03520,GST,18,1185.27,1553.0,31,Lubricants & Fluids,2710,8908997442259
Wheel Alignment & Balancing - 4 Wheels,AUTO-03521,GST,18,261.87,857.0,56,Repair Labor & Services,998714,8900837432006
Clutch Replacement Labor - Manual,AUTO-03522,GST,18,1251.44,3982.0,41,Repair Labor & Services,998714,8906675859877
Maruti Genuine Ignition Coil - Single Pack,AUTO-03523,GST,28,1102.07,1432.0,10,Engine & Transmission Parts,8708,8903790238940
Valvoline Transmission Fluid (ATF) - 5 Litre,AUTO-03524,GST,18,1112.83,1470.0,54,Lubricants & Fluids,2710,8902781207962
Castrol Aftermarket Transmission Fluid (ATF) - 5 Litre,AUTO-03525,GST,18,927.76,1328.0,44,Lubricants & Fluids,2710,8905617372017
Clutch Replacement Labor - Manual,AUTO-03526,GST,18,1057.09,3152.0,52,Repair Labor & Services,998714,8905677473510
K&N Standard Cabin/AC Filter - Active Carbon,AUTO-03527,GST,18,278.48,406.0,47,Filters & Consumables,8421,8909071677880
TVS Girling Aftermarket Brake Rotor/Disc - Solid,AUTO-03528,GST,28,1667.66,2087.0,2,Brakes & Suspension,8708,8900833418715
Clutch Replacement Labor - Manual,AUTO-03529,GST,18,1414.1,3947.0,39,Repair Labor & Services,998714,8908035431373
LUK Standard Fuel Injector - Diesel,AUTO-03530,GST,28,2862.55,3513.0,10,Engine & Transmission Parts,8708,8901987599732
Denting & Painting (Per Panel) - Solid Color,AUTO-03531,GST,18,791.17,2716.0,28,Repair Labor & Services,998714,8908398639106
TVS Girling Shock Absorber - Hydraulic,AUTO-03532,GST,28,2400.13,3088.0,2,Brakes & Suspension,8708,8903816919486
Purolator Genuine Fuel Filter - Diesel Cartridge,AUTO-03533,GST,18,546.5,800.0,32,Filters & Consumables,8421,8904911851015
Mobil 1 Performance Coolant (Pre-mixed) - 1 Litre,AUTO-03534,GST,18,226.31,315.0,15,Lubricants & Fluids,2710,8901808725842
TVS Girling Brake Rotor/Disc - Vented,AUTO-03535,GST,28,2163.44,2788.0,4,Brakes & Suspension,8708,8907521527231
Mahindra Genuine OEM Radiator Assembly - Copper Core,AUTO-03536,GST,28,4389.03,5300.0,5,Engine & Transmission Parts,8708,8908267759727
K&N Genuine Engine Oil Filter - Cartridge,AUTO-03537,GST,18,160.72,215.0,34,Filters & Consumables,8421,8906574096834
Engine Scanning & Diagnostics - Full System Scan,AUTO-03538,GST,18,163.72,580.0,61,Repair Labor & Services,998714,8902929177360
Shell OEM Power Steering Fluid - 500ml,AUTO-03539,GST,18,272.54,355.0,17,Lubricants & Fluids,2710,8907783182637
General Periodic Service - SUV,AUTO-03540,GST,18,1797.4,4622.0,33,Repair Labor & Services,998714,8902508193392
Monroe Performance Shock Absorber - Hydraulic,AUTO-03541,GST,28,2164.21,2714.0,6,Brakes & Suspension,8708,8904727879244
Wix Fuel Filter - Petrol In-line,AUTO-03542,GST,18,466.12,644.0,40,Filters & Consumables,8421,8908679942061
Monroe Heavy Duty Suspension Bush Kit - Polyurethane,AUTO-03543,GST,28,770.55,896.0,10,Brakes & Suspension,8708,8902593087879
Valeo Aftermarket Water Pump - OEM Specs,AUTO-03544,GST,28,2470.21,3190.0,8,Engine & Transmission Parts,8708,8903581567102
Bosch OEM Air Filter - Washable Cotton,AUTO-03545,GST,18,378.06,506.0,41,Filters & Consumables,8421,8902844372828
Castrol Aftermarket Gear Oil - 80W-90 (1L),AUTO-03546,GST,18,421.0,606.0,18,Lubricants & Fluids,2710,8900432091828
Wheel Alignment & Balancing - 5 Wheels,AUTO-03547,GST,18,325.9,1009.0,63,Repair Labor & Services,998714,8906783031729
General Periodic Service - SUV,AUTO-03548,GST,18,1548.53,4976.0,20,Repair Labor & Services,998714,8903768481419
Brake Overhaul Labor - All 4 Wheels,AUTO-03549,GST,18,568.05,2113.0,18,Repair Labor & Services,998714,8909208496538
Motul Premium Transmission Fluid (ATF) - 5 Litre,AUTO-03550,GST,18,1061.84,1466.0,33,Lubricants & Fluids,2710,8905934010752
Exide Aftermarket Car Battery (DIN65) - SUV Specs,AUTO-03551,GST,28,10501.67,13477.0,9,Tyres & Batteries,8507,8905022593122
Bosch Standard Cabin/AC Filter - Active Carbon,AUTO-03552,GST,18,285.71,404.0,38,Filters & Consumables,8421,8905030795825
Valvoline Aftermarket Coolant (Pre-mixed) - 3 Litre,AUTO-03553,GST,18,313.45,431.0,57,Lubricants & Fluids,2710,8907839075163
Amaron Aftermarket Car Battery (DIN44) - Maintenance Free,AUTO-03554,GST,28,4019.38,4997.0,6,Tyres & Batteries,8507,8900990737229
Brake Overhaul Labor - Rear Axle,AUTO-03555,GST,18,462.8,1308.0,18,Repair Labor & Services,998714,8904544029195
Mahle Standard Engine Oil Filter - Cartridge,AUTO-03556,GST,18,210.02,276.0,55,Filters & Consumables,8421,8904922835602
TRW Performance Tie Rod End - Left,AUTO-03557,GST,28,648.71,754.0,9,Brakes & Suspension,8708,8904863693805
Exide Car Battery (DIN44) - 44 Ah,AUTO-03558,GST,28,3797.97,4820.0,6,Tyres & Batteries,8507,8903517593172
Purolator Performance Engine Oil Filter - Cartridge,AUTO-03559,GST,18,173.08,257.0,19,Filters & Consumables,8421,8904796126508
Amaron Performance Car Battery (DIN55) - Heavy Duty,AUTO-03560,GST,28,4946.56,5926.0,9,Tyres & Batteries,8507,8909978816680
Bridgestone OEM Tubeless Tyre (16 inch) - 215/60 R16,AUTO-03561,GST,28,9036.76,11410.0,10,Tyres & Batteries,4011,8908744732177
Michelin Performance Tubeless Tyre (16 inch) - 205/55 R16,AUTO-03562,GST,28,8329.57,10175.0,12,Tyres & Batteries,4011,8907060855883
Gulf Standard Power Steering Fluid - 1 Litre,AUTO-03563,GST,18,230.64,333.0,25,Lubricants & Fluids,2710,8907541156527
Purolator Genuine Engine Oil Filter - Cartridge,AUTO-03564,GST,18,167.37,231.0,54,Filters & Consumables,8421,8909818052792
Bosch Genuine Fuel Injector - Petrol,AUTO-03565,GST,28,2628.53,3063.0,6,Engine & Transmission Parts,8708,8906066493237
Gulf Heavy Duty Gear Oil - 80W-90 (1L),AUTO-03566,GST,18,524.92,706.0,56,Lubricants & Fluids,2710,8901493254859
Engine Scanning & Diagnostics - OBD2 Scan,AUTO-03567,GST,18,223.17,828.0,64,Repair Labor & Services,998714,8906534797109
Bosch Premium Water Pump - OEM Specs,AUTO-03568,GST,28,1836.92,2169.0,4,Engine & Transmission Parts,8708,8906661780886
Servo Genuine Gear Oil - 80W-90 (1L),AUTO-03569,GST,18,581.76,773.0,46,Lubricants & Fluids,2710,8907650294250
LUK Performance Water Pump - OEM Specs,AUTO-03570,GST,28,2655.85,3201.0,9,Engine & Transmission Parts,8708,8905927197661
Bosch Heavy Duty Cabin/AC Filter - Standard,AUTO-03571,GST,18,253.64,331.0,57,Filters & Consumables,8421,8900701774460
Bridgestone Standard Tubeless Tyre (16 inch) - 205/55 R16,AUTO-03572,GST,28,7441.91,9388.0,2,Tyres & Batteries,4011,8907831233153
Liqui Moly OEM Coolant (Pre-mixed) - 1 Litre,AUTO-03573,GST,18,284.38,386.0,55,Lubricants & Fluids,2710,8900375141648
Brake Overhaul Labor - All 4 Wheels,AUTO-03574,GST,18,620.22,2088.0,33,Repair Labor & Services,998714,8903973278602
Amaron Heavy Duty Car Battery (DIN65) - SUV Specs,AUTO-03575,GST,28,9175.9,11042.0,12,Tyres & Batteries,8507,8900121991499
Mobil 1 Performance Brake Fluid DOT 4 - 250ml,AUTO-03576,GST,18,201.88,272.0,15,Lubricants & Fluids,2710,8901965497059
Servo Standard Brake Fluid DOT 4 - 250ml,AUTO-03577,GST,18,167.11,243.0,19,Lubricants & Fluids,2710,8900203887071
TRW Premium Wheel Bearing - Rear (with ABS),AUTO-03578,GST,28,1049.28,1355.0,3,Brakes & Suspension,8708,8902100468797
Mobil 1 Premium Fully Synthetic Engine Oil - 5W-30 (3.5L),AUTO-03579,GST,18,3946.12,5565.0,35,Lubricants & Fluids,2710,8904255686222
Amaron Standard Car Battery (DIN65) - SUV Specs,AUTO-03580,GST,28,10825.28,13196.0,2,Tyres & Batteries,8507,8905673929369
Hyundai Mobis Clutch Plate Assembly - Sedan,AUTO-03581,GST,28,3244.0,4045.0,4,Engine & Transmission Parts,8708,8903583895175
General Periodic Service - Sedan,AUTO-03582,GST,18,1042.69,2669.0,76,Repair Labor & Services,998714,8903076273255
Gabriel Standard Brake Rotor/Disc - Solid,AUTO-03583,GST,28,1758.45,2084.0,8,Brakes & Suspension,8708,8902250634837
Rane Heavy Duty Wheel Bearing - Front,AUTO-03584,GST,28,1170.85,1359.0,8,Brakes & Suspension,8708,8904675038095
General Periodic Service - SUV,AUTO-03585,GST,18,1793.99,4651.0,84,Repair Labor & Services,998714,8907101044330
Castrol Heavy Duty Transmission Fluid (ATF) - 1 Litre,AUTO-03586,GST,18,587.06,768.0,52,Lubricants & Fluids,2710,8906008768486
Gulf Aftermarket Transmission Fluid (ATF) - 5 Litre,AUTO-03587,GST,18,994.01,1329.0,44,Lubricants & Fluids,2710,8907685755644
Gabriel Brake Rotor/Disc - Solid,AUTO-03588,GST,28,1898.6,2208.0,5,Brakes & Suspension,8708,8902526749422
TVS Girling Premium Suspension Bush Kit - Rubber,AUTO-03589,GST,28,745.5,957.0,4,Brakes & Suspension,8708,8903814987142
Denting & Painting (Per Panel) - Solid Color,AUTO-03590,GST,18,812.47,2639.0,89,Repair Labor & Services,998714,8903124049386
Brake Overhaul Labor - Front Axle,AUTO-03591,GST,18,401.31,1557.0,53,Repair Labor & Services,998714,8905337347763
Tata Genuine Aftermarket Fuel Injector - Petrol,AUTO-03592,GST,28,2655.48,3374.0,7,Engine & Transmission Parts,8708,8904699158973
Denting & Painting (Per Panel) - Solid Color,AUTO-03593,GST,18,763.96,2972.0,77,Repair Labor & Services,998714,8901442983687
Purolator Wiper Blade Set - Frameless,AUTO-03594,GST,18,363.07,495.0,20,Filters & Consumables,8421,8901555107498
Tata Genuine OEM Alternator - 90 Amp,AUTO-03595,GST,28,5380.9,6614.0,2,Engine & Transmission Parts,8708,8901718729701
Brake Overhaul Labor - All 4 Wheels,AUTO-03596,GST,18,720.46,2186.0,61,Repair Labor & Services,998714,8902420605116
Amaron Premium Car Battery (DIN44) - Maintenance Free,AUTO-03597,GST,28,3393.18,4072.0,4,Tyres & Batteries,8507,8906821947190
Denting & Painting (Per Panel) - Solid Color,AUTO-03598,GST,18,1009.76,2684.0,99,Repair Labor & Services,998714,8907325759212
TRW Standard Brake Pad Set - Front,AUTO-03599,GST,28,1048.96,1295.0,12,Brakes & Suspension,8708,8900564317210
AC Gas Top-Up & Service - Deep Clean,AUTO-03600,GST,18,690.38,1795.0,19,Repair Labor & Services,998714,8908670198783
Castrol Standard Gear Oil - 75W-90 (1L),AUTO-03601,GST,18,553.08,759.0,27,Lubricants & Fluids,2710,8901813125470
Exide Standard Car Battery (DIN44) - 44 Ah,AUTO-03602,GST,28,3218.74,4016.0,2,Tyres & Batteries,8507,8905407647186
Denting & Painting (Per Panel) - Metallic/Pearl Color,AUTO-03603,GST,18,731.27,2585.0,34,Repair Labor & Services,998714,8901453948072
Hyundai Mobis Spark Plug Set - Copper,AUTO-03604,GST,28,749.37,920.0,7,Engine & Transmission Parts,8708,8908402227760
TVS Girling Genuine Tie Rod End - Left,AUTO-03605,GST,28,558.1,715.0,4,Brakes & Suspension,8708,8905279344451
General Periodic Service - Sedan,AUTO-03606,GST,18,772.89,2675.0,18,Repair Labor & Services,998714,8900830634437
Bosch Performance Spark Plug Set - Iridium,AUTO-03607,GST,28,667.17,840.0,7,Engine & Transmission Parts,8708,8904237353497
Bosch Heavy Duty Tie Rod End - Right,AUTO-03608,GST,28,432.02,555.0,5,Brakes & Suspension,8708,8905022774690
Brembo Tie Rod End - Right,AUTO-03609,GST,28,630.62,746.0,9,Brakes & Suspension,8708,8900587752221
Denting & Painting (Per Panel) - Solid Color,AUTO-03610,GST,18,731.22,2163.0,91,Repair Labor & Services,998714,8902342033873
MRF Performance Tubeless Tyre (16 inch) - 215/60 R16,AUTO-03611,GST,28,10741.87,12555.0,7,Tyres & Batteries,4011,8906383666943
Mahle Standard Wiper Blade Set - Standard Frame,AUTO-03612,GST,18,396.86,564.0,45,Filters & Consumables,8421,8908513445532
Amaron Heavy Duty Car Battery (DIN44) - Maintenance Free,AUTO-03613,GST,28,4189.19,5183.0,4,Tyres & Batteries,8507,8908318886166
Bosch Aftermarket Air Filter - Washable Cotton,AUTO-03614,GST,18,371.39,543.0,53,Filters & Consumables,8421,8901154168249
K&N Standard Engine Oil Filter - Cartridge,AUTO-03615,GST,18,217.73,288.0,58,Filters & Consumables,8421,8904065476512
K&N Cabin/AC Filter - Standard,AUTO-03616,GST,18,263.17,354.0,21,Filters & Consumables,8421,8903834562933
Gulf OEM Coolant (Pre-mixed) - 3 Litre,AUTO-03617,GST,18,319.97,450.0,24,Lubricants & Fluids,2710,8903094760596
K&N OEM Cabin/AC Filter - Active Carbon,AUTO-03618,GST,18,229.31,324.0,50,Filters & Consumables,8421,8903344146796
Amaron Aftermarket Car Battery (DIN65) - 65 Ah,AUTO-03619,GST,28,6136.29,7837.0,3,Tyres & Batteries,8507,8904937352908
TVS Girling Genuine Wheel Bearing - Front,AUTO-03620,GST,28,1039.76,1276.0,9,Brakes & Suspension,8708,8904478687320
Purolator OEM Wiper Blade Set - Frameless,AUTO-03621,GST,18,382.04,516.0,22,Filters & Consumables,8421,8908269718701
Shell Standard Gear Oil - 75W-90 (1L),AUTO-03622,GST,18,588.1,767.0,32,Lubricants & Fluids,2710,8901919994985
Clutch Replacement Labor - Manual,AUTO-03623,GST,18,1111.57,3430.0,49,Repair Labor & Services,998714,8902274045122
MRF Tubeless Tyre (16 inch) - 215/60 R16,AUTO-03624,GST,28,9900.48,11459.0,5,Tyres & Batteries,4011,8905743189100
Mobil 1 Premium Brake Fluid DOT 4 - 500ml,AUTO-03625,GST,18,323.99,429.0,24,Lubricants & Fluids,2710,8908549972631
General Periodic Service - SUV,AUTO-03626,GST,18,1083.04,3414.0,66,Repair Labor & Services,998714,8900429579035
Castrol Standard Power Steering Fluid - 1 Litre,AUTO-03627,GST,18,179.64,257.0,25,Lubricants & Fluids,2710,8903598488769
Engine Scanning & Diagnostics - Full System Scan,AUTO-03628,GST,18,212.65,835.0,98,Repair Labor & Services,998714,8904121234960
Shell Premium Power Steering Fluid - 1 Litre,AUTO-03629,GST,18,246.0,327.0,24,Lubricants & Fluids,2710,8903526436113
Bosch Premium Car Battery (DIN55) - Heavy Duty,AUTO-03630,GST,28,4691.97,5468.0,8,Tyres & Batteries,8507,8902984754870
Engine Scanning & Diagnostics - Full System Scan,AUTO-03631,GST,18,232.04,673.0,83,Repair Labor & Services,998714,8909483856016
Elofic Cabin/AC Filter - Active Carbon,AUTO-03632,GST,18,325.67,452.0,53,Filters & Consumables,8421,8905324975393
Minda Heavy Duty Alternator - 90 Amp,AUTO-03633,GST,28,4677.99,5893.0,5,Engine & Transmission Parts,8708,8908615742368
Monroe Heavy Duty Wheel Bearing - Front,AUTO-03634,GST,28,949.93,1159.0,10,Brakes & Suspension,8708,8906588074612
Mahindra Genuine Standard Alternator - 120 Amp,AUTO-03635,GST,28,5410.7,6480.0,8,Engine & Transmission Parts,8708,8903636381392
Wheel Alignment & Balancing - 4 Wheels,AUTO-03636,GST,18,254.55,1006.0,33,Repair Labor & Services,998714,8901037998204
Brake Overhaul Labor - All 4 Wheels,AUTO-03637,GST,18,803.06,2063.0,21,Repair Labor & Services,998714,8902335793775
Bridgestone Aftermarket Tubeless Tyre (14 inch) - 165/70 R14,AUTO-03638,GST,28,2414.03,3001.0,11,Tyres & Batteries,4011,8902013370457
Castrol Premium Gear Oil - 75W-90 (1L),AUTO-03639,GST,18,510.29,759.0,60,Lubricants & Fluids,2710,8904911392823
Elofic Heavy Duty Fuel Filter - Diesel Cartridge,AUTO-03640,GST,18,535.52,712.0,42,Filters & Consumables,8421,8908313800338
TRW Brake Rotor/Disc - Solid,AUTO-03641,GST,28,2046.97,2610.0,5,Brakes & Suspension,8708,8906140476194
Valvoline OEM Fully Synthetic Engine Oil - 5W-40 (4L),AUTO-03642,GST,18,3859.93,5516.0,15,Lubricants & Fluids,2710,8906994292231
Brake Overhaul Labor - All 4 Wheels,AUTO-03643,GST,18,684.85,2249.0,84,Repair Labor & Services,998714,8903201089810
Bosch Aftermarket Air Filter - Paper,AUTO-03644,GST,18,348.83,515.0,58,Filters & Consumables,8421,8907478301944
Bosch Standard Radiator Assembly - Copper Core,AUTO-03645,GST,28,3607.31,4332.0,9,Engine & Transmission Parts,8708,8904249417858
Liqui Moly Premium Gear Oil - 75W-90 (1L),AUTO-03646,GST,18,389.62,552.0,47,Lubricants & Fluids,2710,8903109157191
Mahindra Genuine Aftermarket Radiator Assembly - Copper Core,AUTO-03647,GST,28,4811.23,5706.0,6,Engine & Transmission Parts,8708,8901024250596
TVS Girling Aftermarket Brake Pad Set - Rear,AUTO-03648,GST,28,1012.11,1249.0,6,Brakes & Suspension,8708,8901877689617
Wix Aftermarket Wiper Blade Set - Standard Frame,AUTO-03649,GST,18,399.01,552.0,16,Filters & Consumables,8421,8904297581014
Bosch Aftermarket Clutch Plate Assembly - SUV,AUTO-03650,GST,28,4542.13,5627.0,4,Engine & Transmission Parts,8708,8903065117682
Motul Premium Brake Fluid DOT 4 - 250ml,AUTO-03651,GST,18,232.75,317.0,41,Lubricants & Fluids,2710,8900546905084
Engine Scanning & Diagnostics - Full System Scan,AUTO-03652,GST,18,178.33,691.0,43,Repair Labor & Services,998714,8902047308788
Mahle Heavy Duty Air Filter - Washable Cotton,AUTO-03653,GST,18,281.48,415.0,48,Filters & Consumables,8421,8904413335802
General Periodic Service - Hatchback,AUTO-03654,GST,18,823.35,2077.0,28,Repair Labor & Services,998714,8903358235062
Mahle Engine Oil Filter - Cartridge,AUTO-03655,GST,18,211.66,313.0,48,Filters & Consumables,8421,8903286041614
Bosch Standard Shock Absorber - Gas Filled,AUTO-03656,GST,28,2671.31,3117.0,12,Brakes & Suspension,8708,8908924557464
Wheel Alignment & Balancing - 4 Wheels,AUTO-03657,GST,18,308.23,778.0,15,Repair Labor & Services,998714,8905818158535
Tata Genuine Performance Water Pump - OEM Specs,AUTO-03658,GST,28,2596.91,3195.0,2,Engine & Transmission Parts,8708,8909949194373
Brembo Heavy Duty Brake Pad Set - Front,AUTO-03659,GST,28,1156.44,1396.0,7,Brakes & Suspension,8708,8905685022080
Shell Transmission Fluid (ATF) - 5 Litre,AUTO-03660,GST,18,1283.77,1842.0,51,Lubricants & Fluids,2710,8902795132465
Minda Standard Fuel Injector - Diesel,AUTO-03661,GST,28,2688.82,3346.0,2,Engine & Transmission Parts,8708,8901407983400
K&N Premium Engine Oil Filter - Cartridge,AUTO-03662,GST,18,171.49,224.0,29,Filters & Consumables,8421,8901734996321
Gulf Semi-Synthetic Engine Oil - 10W-40 (3.5L),AUTO-03663,GST,18,1634.79,2230.0,21,Lubricants & Fluids,2710,8907528612240
General Periodic Service - Hatchback,AUTO-03664,GST,18,620.18,1734.0,100,Repair Labor & Services,998714,8905818350022
Bosch Premium Car Battery (DIN65) - SUV Specs,AUTO-03665,GST,28,9680.02,11845.0,12,Tyres & Batteries,8507,8907842351802
Mahle Standard Air Filter - Paper,AUTO-03666,GST,18,339.82,501.0,60,Filters & Consumables,8421,8908416344779
Monroe Heavy Duty Wheel Bearing - Rear (with ABS),AUTO-03667,GST,28,970.46,1241.0,4,Brakes & Suspension,8708,8900551570453
Wheel Alignment & Balancing - 4 Wheels,AUTO-03668,GST,18,220.94,759.0,81,Repair Labor & Services,998714,8901598826874
Shell Heavy Duty Semi-Synthetic Engine Oil - 15W-40 (4L),AUTO-03669,GST,18,1197.66,1620.0,15,Lubricants & Fluids,2710,8902903008103
MRF Standard Tubeless Tyre (14 inch) - 165/70 R14,AUTO-03670,GST,28,2175.69,2624.0,11,Tyres & Batteries,4011,8907862163484
AC Gas Top-Up & Service - Standard,AUTO-03671,GST,18,508.18,1500.0,43,Repair Labor & Services,998714,8907550823828
Engine Scanning & Diagnostics - OBD2 Scan,AUTO-03672,GST,18,146.89,576.0,93,Repair Labor & Services,998714,8901958807327
Mahindra Genuine Performance Alternator - 90 Amp,AUTO-03673,GST,28,5573.79,6529.0,6,Engine & Transmission Parts,8708,8906863872032
Gabriel Aftermarket Brake Rotor/Disc - Vented,AUTO-03674,GST,28,1961.02,2347.0,6,Brakes & Suspension,8708,8903274026558
Mobil 1 Premium Brake Fluid DOT 4 - 500ml,AUTO-03675,GST,18,224.34,324.0,30,Lubricants & Fluids,2710,8901081854805
Clutch Replacement Labor - Manual,AUTO-03676,GST,18,1021.9,3346.0,100,Repair Labor & Services,998714,8902737490994
Brake Overhaul Labor - Front Axle,AUTO-03677,GST,18,376.99,1410.0,28,Repair Labor & Services,998714,8904062146133
Servo Heavy Duty Coolant (Pre-mixed) - 1 Litre,AUTO-03678,GST,18,251.17,335.0,35,Lubricants & Fluids,2710,8905563481415
K&N Engine Oil Filter - Spin-on,AUTO-03679,GST,18,222.94,315.0,24,Filters & Consumables,8421,8903966528514
Bosch Standard Water Pump - Aftermarket,AUTO-03680,GST,28,2037.95,2482.0,7,Engine & Transmission Parts,8708,8906599250763
Monroe Genuine Wheel Bearing - Front,AUTO-03681,GST,28,851.42,1078.0,7,Brakes & Suspension,8708,8903712146307
Bosch Premium Fuel Injector - Diesel,AUTO-03682,GST,28,2442.08,3091.0,10,Engine & Transmission Parts,8708,8906323102655
Mahle Standard Fuel Filter - Diesel Cartridge,AUTO-03683,GST,18,528.58,729.0,46,Filters & Consumables,8421,8903521608340
TRW Standard Tie Rod End - Right,AUTO-03684,GST,28,580.21,721.0,12,Brakes & Suspension,8708,8909349647935
Gabriel Genuine Wheel Bearing - Rear (with ABS),AUTO-03685,GST,28,871.52,1016.0,7,Brakes & Suspension,8708,8904262671889
Brake Overhaul Labor - All 4 Wheels,AUTO-03686,GST,18,599.05,1685.0,18,Repair Labor & Services,998714,8909166732217
AC Gas Top-Up & Service - Deep Clean,AUTO-03687,GST,18,456.99,1476.0,32,Repair Labor & Services,998714,8900453376979
Tata Genuine Genuine Water Pump - Aftermarket,AUTO-03688,GST,28,1803.45,2294.0,5,Engine & Transmission Parts,8708,8909606300798
Brembo OEM Wheel Bearing - Front,AUTO-03689,GST,28,956.2,1170.0,5,Brakes & Suspension,8708,8905639211878
Tata Genuine Water Pump - Aftermarket,AUTO-03690,GST,28,2183.02,2618.0,12,Engine & Transmission Parts,8708,8901059734468
Castrol Fully Synthetic Engine Oil - 5W-40 (4L),AUTO-03691,GST,18,4269.31,5773.0,57,Lubricants & Fluids,2710,8909293616629
Hyundai Mobis Water Pump - Aftermarket,AUTO-03692,GST,28,1877.27,2386.0,8,Engine & Transmission Parts,8708,8907763966352
Bosch Premium Fuel Filter - Petrol In-line,AUTO-03693,GST,18,563.8,784.0,38,Filters & Consumables,8421,8900408413838
Apollo Tubeless Tyre (14 inch) - 165/70 R14,AUTO-03694,GST,28,2436.42,3092.0,12,Tyres & Batteries,4011,8902079077988
General Periodic Service - SUV,AUTO-03695,GST,18,1144.32,4073.0,63,Repair Labor & Services,998714,8906402802802
Brembo Standard Wheel Bearing - Rear (with ABS),AUTO-03696,GST,28,1111.96,1351.0,8,Brakes & Suspension,8708,8905175866626
Liqui Moly Standard Power Steering Fluid - 500ml,AUTO-03697,GST,18,357.02,503.0,48,Lubricants & Fluids,2710,8903392384099
Wheel Alignment & Balancing - 5 Wheels,AUTO-03698,GST,18,231.28,844.0,83,Repair Labor & Services,998714,8908577427359
Apollo Premium Tubeless Tyre (14 inch) - 185/65 R14,AUTO-03699,GST,28,2056.85,2413.0,11,Tyres & Batteries,4011,8902646529679
Liqui Moly Genuine Fully Synthetic Engine Oil - 5W-30 (3.5L),AUTO-03700,GST,18,4046.75,5296.0,29,Lubricants & Fluids,2710,8901001797766
General Periodic Service - Hatchback,AUTO-03701,GST,18,431.39,1498.0,41,Repair Labor & Services,998714,8906423822355
Brembo Standard Brake Pad Set - Ceramic,AUTO-03702,GST,28,827.66,1075.0,7,Brakes & Suspension,8708,8906212025409
Motul Genuine Fully Synthetic Engine Oil - 5W-30 (3.5L),AUTO-03703,GST,18,3738.24,5120.0,36,Lubricants & Fluids,2710,8905176569836
Gulf Genuine Fully Synthetic Engine Oil - 5W-30 (3.5L),AUTO-03704,GST,18,3158.45,4692.0,45,Lubricants & Fluids,2710,8905720314306
Mahindra Genuine Performance Radiator Assembly - Aluminium,AUTO-03705,GST,28,4634.39,5731.0,6,Engine & Transmission Parts,8708,8907099069981
MRF Tubeless Tyre (15 inch) - 195/60 R15,AUTO-03706,GST,28,3520.72,4209.0,2,Tyres & Batteries,4011,8907113646890
Wix Performance Wiper Blade Set - Standard Frame,AUTO-03707,GST,18,418.35,546.0,53,Filters & Consumables,8421,8901277905387
Motul Heavy Duty Gear Oil - 75W-90 (1L),AUTO-03708,GST,18,523.57,707.0,26,Lubricants & Fluids,2710,8909703977338
Bosch Standard Spark Plug Set - Iridium,AUTO-03709,GST,28,723.32,920.0,4,Engine & Transmission Parts,8708,8906944104232
Bosch Genuine Alternator - 120 Amp,AUTO-03710,GST,28,4691.32,6034.0,5,Engine & Transmission Parts,8708,8903487819342
Valeo Standard Spark Plug Set - Platinum,AUTO-03711,GST,28,687.42,823.0,9,Engine & Transmission Parts,8708,8903251415617
TRW Standard Brake Pad Set - Front,AUTO-03712,GST,28,978.27,1142.0,11,Brakes & Suspension,8708,8907924761740
Bosch Premium Wheel Bearing - Front,AUTO-03713,GST,28,795.12,954.0,8,Brakes & Suspension,8708,8908417273406
Exide Standard Car Battery (DIN44) - Maintenance Free,AUTO-03714,GST,28,3158.7,3999.0,8,Tyres & Batteries,8507,8903015089229
MRF Aftermarket Tubeless Tyre (14 inch) - 165/70 R14,AUTO-03715,GST,28,2477.49,2926.0,9,Tyres & Batteries,4011,8900450386072
CEAT Genuine Tubeless Tyre (15 inch) - 195/60 R15,AUTO-03716,GST,28,4386.5,5168.0,6,Tyres & Batteries,4011,8905129519728
AC Gas Top-Up & Service - Deep Clean,AUTO-03717,GST,18,592.73,1697.0,58,Repair Labor & Services,998714,8900278634876
Valvoline Aftermarket Gear Oil - 80W-90 (1L),AUTO-03718,GST,18,498.07,653.0,41,Lubricants & Fluids,2710,8909552110953
Tata Genuine Genuine Timing Belt - Heavy Duty,AUTO-03719,GST,28,1193.49,1457.0,10,Engine & Transmission Parts,8708,8905971341129
Rane Premium Tie Rod End - Left,AUTO-03720,GST,28,456.3,583.0,10,Brakes & Suspension,8708,8905247965545
Maruti Genuine Fuel Injector - Petrol,AUTO-03721,GST,28,2804.35,3585.0,12,Engine & Transmission Parts,8708,8900690439878
Amaron Standard Car Battery (DIN55) - Heavy Duty,AUTO-03722,GST,28,5594.78,6766.0,4,Tyres & Batteries,8507,8906909594052
Bosch Water Pump - OEM Specs,AUTO-03723,GST,28,2245.78,2648.0,10,Engine & Transmission Parts,8708,8908153029333
K&N Performance Fuel Filter - Petrol In-line,AUTO-03724,GST,18,424.7,594.0,23,Filters & Consumables,8421,8905384127913
Bosch Aftermarket Brake Rotor/Disc - Vented,AUTO-03725,GST,28,2089.56,2566.0,10,Brakes & Suspension,8708,8908404162742
TVS Girling OEM Brake Rotor/Disc - Vented,AUTO-03726,GST,28,2061.81,2607.0,7,Brakes & Suspension,8708,8904448502461
Valeo Premium Alternator - 90 Amp,AUTO-03727,GST,28,5873.53,6972.0,9,Engine & Transmission Parts,8708,8907973095146
Hyundai Mobis Radiator Assembly - Copper Core,AUTO-03728,GST,28,3408.43,3940.0,12,Engine & Transmission Parts,8708,8902404401217
Exide Standard Car Battery (DIN44) - 44 Ah,AUTO-03729,GST,28,3631.99,4326.0,7,Tyres & Batteries,8507,8900129043128
Elofic Fuel Filter - Diesel Cartridge,AUTO-03730,GST,18,494.67,681.0,40,Filters & Consumables,8421,8909836332094
CEAT Performance Tubeless Tyre (14 inch) - 185/65 R14,AUTO-03731,GST,28,1759.4,2177.0,11,Tyres & Batteries,4011,8909087014618
Purolator Heavy Duty Air Filter - Washable Cotton,AUTO-03732,GST,18,424.62,563.0,39,Filters & Consumables,8421,8907831464250
Exide Heavy Duty Car Battery (DIN55) - 55 Ah,AUTO-03733,GST,28,5293.78,6590.0,11,Tyres & Batteries,8507,8906964773237
Bosch Aftermarket Tie Rod End - Left,AUTO-03734,GST,28,577.06,685.0,4,Brakes & Suspension,8708,8904061869460
Valvoline Transmission Fluid (ATF) - 1 Litre,AUTO-03735,GST,18,441.72,607.0,38,Lubricants & Fluids,2710,8906958261691
Bosch Aftermarket Brake Rotor/Disc - Vented,AUTO-03736,GST,28,2128.75,2627.0,2,Brakes & Suspension,8708,8902562197476
Mahindra Genuine Standard Spark Plug Set - Iridium,AUTO-03737,GST,28,628.49,733.0,4,Engine & Transmission Parts,8708,8906562616046
Shell Fully Synthetic Engine Oil - 5W-30 (3.5L),AUTO-03738,GST,18,3390.04,4721.0,40,Lubricants & Fluids,2710,8906053139783
Mahle Genuine Fuel Filter - Diesel Cartridge,AUTO-03739,GST,18,552.56,785.0,29,Filters & Consumables,8421,8907772424278
Motul Genuine Semi-Synthetic Engine Oil - 15W-40 (4L),AUTO-03740,GST,18,1442.14,2154.0,21,Lubricants & Fluids,2710,8902826124998
K&N OEM Wiper Blade Set - Standard Frame,AUTO-03741,GST,18,386.49,556.0,17,Filters & Consumables,8421,8906812756104
Tata Genuine Aftermarket Ignition Coil - Single Pack,AUTO-03742,GST,28,1215.62,1493.0,8,Engine & Transmission Parts,8708,8908481062471
Mahle Genuine Fuel Filter - Petrol In-line,AUTO-03743,GST,18,619.52,814.0,26,Filters & Consumables,8421,8900541528078
Mahle Premium Fuel Filter - Diesel Cartridge,AUTO-03744,GST,18,393.51,586.0,39,Filters & Consumables,8421,8902023362706
Shell Heavy Duty Gear Oil - 80W-90 (1L),AUTO-03745,GST,18,517.75,729.0,36,Lubricants & Fluids,2710,8906235435129
Mahindra Genuine Heavy Duty Fuel Injector - Petrol,AUTO-03746,GST,28,3107.8,3739.0,11,Engine & Transmission Parts,8708,8905240500451
Denting & Painting (Per Panel) - Metallic/Pearl Color,AUTO-03747,GST,18,1184.98,2985.0,81,Repair Labor & Services,998714,8908095924398
Maruti Genuine Radiator Assembly - Aluminium,AUTO-03748,GST,28,4507.13,5742.0,2,Engine & Transmission Parts,8708,8902116866028
Amaron OEM Car Battery (DIN65) - 65 Ah,AUTO-03749,GST,28,6173.77,7661.0,7,Tyres & Batteries,8507,8906917815483
Purolator Heavy Duty Engine Oil Filter - Cartridge,AUTO-03750,GST,18,204.54,275.0,39,Filters & Consumables,8421,8906449347430
Bosch Genuine Wheel Bearing - Front,AUTO-03751,GST,28,1149.32,1402.0,6,Brakes & Suspension,8708,8905661155681
Purolator Standard Wiper Blade Set - Standard Frame,AUTO-03752,GST,18,419.21,576.0,47,Filters & Consumables,8421,8907660178296
Mahindra Genuine Premium Ignition Coil - Single Pack,AUTO-03753,GST,28,1226.57,1580.0,2,Engine & Transmission Parts,8708,8902797273019
Amaron Genuine Car Battery (DIN55) - Heavy Duty,AUTO-03754,GST,28,5227.43,6643.0,3,Tyres & Batteries,8507,8907456589884
TRW Standard Tie Rod End - Right,AUTO-03755,GST,28,574.28,733.0,10,Brakes & Suspension,8708,8900684145795
Liqui Moly Performance Semi-Synthetic Engine Oil - 10W-40 (3.5L),AUTO-03756,GST,18,1415.39,2043.0,51,Lubricants & Fluids,2710,8909728156130
TRW Aftermarket Wheel Bearing - Front,AUTO-03757,GST,28,1032.87,1323.0,8,Brakes & Suspension,8708,8903916949739
K&N Genuine Wiper Blade Set - Standard Frame,AUTO-03758,GST,18,342.22,507.0,33,Filters & Consumables,8421,8907181753409
Purolator Performance Wiper Blade Set - Standard Frame,AUTO-03759,GST,18,308.76,451.0,35,Filters & Consumables,8421,8906344060210
Bosch Genuine Car Battery (DIN44) - 44 Ah,AUTO-03760,GST,28,3364.99,4355.0,9,Tyres & Batteries,8507,8902783322637
TVS Girling Aftermarket Tie Rod End - Right,AUTO-03761,GST,28,488.02,592.0,10,Brakes & Suspension,8708,8901200678972
K&N Genuine Engine Oil Filter - Cartridge,AUTO-03762,GST,18,194.72,278.0,60,Filters & Consumables,8421,8907012983945
Motul Standard Power Steering Fluid - 1 Litre,AUTO-03763,GST,18,205.37,287.0,21,Lubricants & Fluids,2710,8905006652853
Bosch Performance Spark Plug Set - Platinum,AUTO-03764,GST,28,680.27,849.0,8,Engine & Transmission Parts,8708,8908592222006
Liqui Moly Standard Gear Oil - 75W-90 (1L),AUTO-03765,GST,18,502.43,683.0,23,Lubricants & Fluids,2710,8900180342068
Bosch Premium Engine Oil Filter - Cartridge,AUTO-03766,GST,18,168.87,244.0,41,Filters & Consumables,8421,8908708179621
Tata Genuine Aftermarket Ignition Coil - Single Pack,AUTO-03767,GST,28,1205.26,1434.0,7,Engine & Transmission Parts,8708,8908365998016
AC Gas Top-Up & Service - Standard,AUTO-03768,GST,18,501.36,1560.0,30,Repair Labor & Services,998714,8902208610213
Maruti Genuine Clutch Plate Assembly - SUV,AUTO-03769,GST,28,5524.28,6852.0,6,Engine & Transmission Parts,8708,8907834881460
Wheel Alignment & Balancing - 5 Wheels,AUTO-03770,GST,18,197.93,789.0,69,Repair Labor & Services,998714,8909434441756
K&N Aftermarket Engine Oil Filter - Cartridge,AUTO-03771,GST,18,166.41,222.0,30,Filters & Consumables,8421,8909295019761
Minda Genuine Water Pump - OEM Specs,AUTO-03772,GST,28,1972.84,2507.0,2,Engine & Transmission Parts,8708,8908726705119
TRW Premium Tie Rod End - Left,AUTO-03773,GST,28,565.27,673.0,12,Brakes & Suspension,8708,8908167291930
Mobil 1 OEM Power Steering Fluid - 500ml,AUTO-03774,GST,18,373.6,513.0,18,Lubricants & Fluids,2710,8905273118765
K&N Standard Air Filter - Paper,AUTO-03775,GST,18,288.13,404.0,36,Filters & Consumables,8421,8900384101959
Exide Aftermarket Car Battery (DIN65) - 65 Ah,AUTO-03776,GST,28,5600.29,6590.0,6,Tyres & Batteries,8507,8904406615922
TVS Girling Genuine Tie Rod End - Right,AUTO-03777,GST,28,586.6,699.0,10,Brakes & Suspension,8708,8906183825591
Shell OEM Semi-Synthetic Engine Oil - 10W-40 (3.5L),AUTO-03778,GST,18,1577.1,2104.0,37,Lubricants & Fluids,2710,8906051820808
Purolator Fuel Filter - Petrol In-line,AUTO-03779,GST,18,612.71,821.0,29,Filters & Consumables,8421,8908473242057
Minda Performance Alternator - 120 Amp,AUTO-03780,GST,28,6032.29,7223.0,2,Engine & Transmission Parts,8708,8907279290469
Engine Scanning & Diagnostics - OBD2 Scan,AUTO-03781,GST,18,282.13,766.0,20,Repair Labor & Services,998714,8903702616716
Wheel Alignment & Balancing - 5 Wheels,AUTO-03782,GST,18,204.12,734.0,20,Repair Labor & Services,998714,8900262108308
TRW OEM Brake Rotor/Disc - Vented,AUTO-03783,GST,28,1833.68,2171.0,3,Brakes & Suspension,8708,8909384153118
CEAT Tubeless Tyre (15 inch) - 195/60 R15,AUTO-03784,GST,28,3433.97,4252.0,4,Tyres & Batteries,4011,8909887287713
AC Gas Top-Up & Service - Standard,AUTO-03785,GST,18,461.51,1618.0,74,Repair Labor & Services,998714,8900900779642
Brake Overhaul Labor - All 4 Wheels,AUTO-03786,GST,18,675.06,2156.0,57,Repair Labor & Services,998714,8902539913854
Minda Standard Timing Belt - Heavy Duty,AUTO-03787,GST,28,923.34,1155.0,7,Engine & Transmission Parts,8708,8901954423344
LUK Performance Fuel Injector - Petrol,AUTO-03788,GST,28,3506.18,4037.0,10,Engine & Transmission Parts,8708,8909217108748
Shell Genuine Fully Synthetic Engine Oil - 5W-40 (4L),AUTO-03789,GST,18,3423.02,5014.0,59,Lubricants & Fluids,2710,8900872547775
Gabriel Tie Rod End - Left,AUTO-03790,GST,28,588.36,724.0,7,Brakes & Suspension,8708,8903247811016
TVS Girling Standard Tie Rod End - Right,AUTO-03791,GST,28,604.49,721.0,11,Brakes & Suspension,8708,8903168151649
Bosch Standard Ignition Coil - Single Pack,AUTO-03792,GST,28,1569.29,1885.0,11,Engine & Transmission Parts,8708,8906492306619
Valeo Standard Ignition Coil - Set of 4,AUTO-03793,GST,28,1156.91,1386.0,6,Engine & Transmission Parts,8708,8906719306473
General Periodic Service - SUV,AUTO-03794,GST,18,1340.41,4035.0,93,Repair Labor & Services,998714,8909832435951
Brembo Genuine Brake Rotor/Disc - Vented,AUTO-03795,GST,28,2160.2,2605.0,6,Brakes & Suspension,8708,8903232469355
Tata Genuine Ignition Coil - Single Pack,AUTO-03796,GST,28,1493.0,1823.0,4,Engine & Transmission Parts,8708,8900439718884
Monroe Genuine Brake Pad Set - Ceramic,AUTO-03797,GST,28,1162.45,1411.0,8,Brakes & Suspension,8708,8904553928403
Liqui Moly Standard Coolant (Pre-mixed) - 3 Litre,AUTO-03798,GST,18,370.46,533.0,34,Lubricants & Fluids,2710,8900668994253
Gabriel Heavy Duty Brake Rotor/Disc - Solid,AUTO-03799,GST,28,1507.39,1875.0,10,Brakes & Suspension,8708,8900118721398
Denting & Painting (Per Panel) - Solid Color,AUTO-03800,GST,18,851.1,2165.0,55,Repair Labor & Services,998714,8906572386160
Tata Genuine Heavy Duty Timing Belt - Standard,AUTO-03801,GST,28,1208.45,1529.0,8,Engine & Transmission Parts,8708,8904069580518
Castrol Brake Fluid DOT 4 - 500ml,AUTO-03802,GST,18,257.05,336.0,22,Lubricants & Fluids,2710,8908849741632
Gabriel Genuine Shock Absorber - Hydraulic,AUTO-03803,GST,28,2689.05,3460.0,5,Brakes & Suspension,8708,8906602352179
General Periodic Service - Hatchback,AUTO-03804,GST,18,667.08,2242.0,41,Repair Labor & Services,998714,8900510271905
General Periodic Service - Sedan,AUTO-03805,GST,18,944.8,3248.0,63,Repair Labor & Services,998714,8900562330947
Bosch Genuine Car Battery (DIN65) - SUV Specs,AUTO-03806,GST,28,9394.57,11827.0,5,Tyres & Batteries,8507,8904645829546
TRW Heavy Duty Suspension Bush Kit - Polyurethane,AUTO-03807,GST,28,700.84,807.0,5,Brakes & Suspension,8708,8900471662342
Shell OEM Gear Oil - 80W-90 (1L),AUTO-03808,GST,18,529.2,755.0,55,Lubricants & Fluids,2710,8901940011295
TVS Girling Suspension Bush Kit - Polyurethane,AUTO-03809,GST,28,840.17,1003.0,6,Brakes & Suspension,8708,8906566370704
Denting & Painting (Per Panel) - Metallic/Pearl Color,AUTO-03810,GST,18,937.84,2986.0,57,Repair Labor & Services,998714,8901435355462
Brembo Wheel Bearing - Rear (with ABS),AUTO-03811,GST,28,1084.51,1313.0,2,Brakes & Suspension,8708,8900974909126
Minda Performance Fuel Injector - Diesel,AUTO-03812,GST,28,2461.17,2866.0,7,Engine & Transmission Parts,8708,8909400489656
Mahindra Genuine Standard Alternator - 120 Amp,AUTO-03813,GST,28,6038.9,7486.0,7,Engine & Transmission Parts,8708,8906977556123
Castrol Performance Fully Synthetic Engine Oil - 5W-30 (3.5L),AUTO-03814,GST,18,3275.98,4660.0,33,Lubricants & Fluids,2710,8900150762942
Valeo Water Pump - OEM Specs,AUTO-03815,GST,28,1934.93,2279.0,11,Engine & Transmission Parts,8708,8904342208241
Engine Scanning & Diagnostics - Full System Scan,AUTO-03816,GST,18,209.91,686.0,37,Repair Labor & Services,998714,8904137230735
Purolator OEM Air Filter - Washable Cotton,AUTO-03817,GST,18,347.38,484.0,51,Filters & Consumables,8421,8907895352585
TRW Performance Shock Absorber - Hydraulic,AUTO-03818,GST,28,2125.93,2531.0,6,Brakes & Suspension,8708,8903604387243
Mahindra Genuine Genuine Alternator - 90 Amp,AUTO-03819,GST,28,6423.79,8014.0,6,Engine & Transmission Parts,8708,8904250969337
Liqui Moly OEM Transmission Fluid (ATF) - 1 Litre,AUTO-03820,GST,18,458.03,628.0,16,Lubricants & Fluids,2710,8908806395845
Gulf Aftermarket Fully Synthetic Engine Oil - 5W-40 (4L),AUTO-03821,GST,18,4635.33,6585.0,37,Lubricants & Fluids,2710,8903704768098
Valvoline Performance Transmission Fluid (ATF) - 1 Litre,AUTO-03822,GST,18,417.57,551.0,48,Lubricants & Fluids,2710,8903440275547
General Periodic Service - Sedan,AUTO-03823,GST,18,922.22,3121.0,12,Repair Labor & Services,998714,8903369368340
TVS Girling Standard Brake Pad Set - Front,AUTO-03824,GST,28,955.77,1207.0,10,Brakes & Suspension,8708,8900460653493
Tata Genuine Heavy Duty Alternator - 120 Amp,AUTO-03825,GST,28,5502.96,6431.0,8,Engine & Transmission Parts,8708,8900557739045
Servo Aftermarket Semi-Synthetic Engine Oil - 15W-40 (4L),AUTO-03826,GST,18,1630.07,2182.0,53,Lubricants & Fluids,2710,8903121081103
Exide Premium Car Battery (DIN44) - 44 Ah,AUTO-03827,GST,28,4250.22,5360.0,10,Tyres & Batteries,8507,8909819687066
Elofic Heavy Duty Wiper Blade Set - Standard Frame,AUTO-03828,GST,18,410.05,610.0,42,Filters & Consumables,8421,8905098338127
TRW OEM Shock Absorber - Gas Filled,AUTO-03829,GST,28,2893.11,3444.0,7,Brakes & Suspension,8708,8904393469898
Liqui Moly Standard Gear Oil - 80W-90 (1L),AUTO-03830,GST,18,423.23,577.0,28,Lubricants & Fluids,2710,8907258015358
Valvoline Premium Semi-Synthetic Engine Oil - 10W-40 (3.5L),AUTO-03831,GST,18,1155.32,1696.0,17,Lubricants & Fluids,2710,8902019268601
Bosch Performance Wiper Blade Set - Standard Frame,AUTO-03832,GST,18,422.53,580.0,18,Filters & Consumables,8421,8905181761426
Bosch Heavy Duty Cabin/AC Filter - Active Carbon,AUTO-03833,GST,18,259.41,362.0,60,Filters & Consumables,8421,8900411080026
Motul Semi-Synthetic Engine Oil - 15W-40 (4L),AUTO-03834,GST,18,1167.25,1740.0,48,Lubricants & Fluids,2710,8909564252753
Hyundai Mobis Ignition Coil - Single Pack,AUTO-03835,GST,28,1283.1,1520.0,4,Engine & Transmission Parts,8708,8905656337343
Motul Premium Transmission Fluid (ATF) - 1 Litre,AUTO-03836,GST,18,513.18,751.0,16,Lubricants & Fluids,2710,8900242012776
Tata Genuine Performance Alternator - 90 Amp,AUTO-03837,GST,28,6207.86,7484.0,9,Engine & Transmission Parts,8708,8908744112848
Mobil 1 Aftermarket Fully Synthetic Engine Oil - 5W-40 (4L),AUTO-03838,GST,18,4756.45,6646.0,55,Lubricants & Fluids,2710,8902194047891
Monroe Genuine Suspension Bush Kit - Polyurethane,AUTO-03839,GST,28,617.66,749.0,6,Brakes & Suspension,8708,8909899126382
Elofic Standard Cabin/AC Filter - Standard,AUTO-03840,GST,18,238.02,353.0,37,Filters & Consumables,8421,8900973330987
Minda Aftermarket Water Pump - Aftermarket,AUTO-03841,GST,28,2556.02,3149.0,4,Engine & Transmission Parts,8708,8907049734446
TRW Genuine Wheel Bearing - Rear (with ABS),AUTO-03842,GST,28,895.15,1064.0,8,Brakes & Suspension,8708,8905913110152
Rane OEM Brake Pad Set - Ceramic,AUTO-03843,GST,28,957.78,1210.0,7,Brakes & Suspension,8708,8908812368866
LUK Heavy Duty Radiator Assembly - Aluminium,AUTO-03844,GST,28,4914.31,5726.0,5,Engine & Transmission Parts,8708,8909522549457
Minda Genuine Timing Belt - Heavy Duty,AUTO-03845,GST,28,1128.36,1315.0,3,Engine & Transmission Parts,8708,8903247073081
Motul Heavy Duty Brake Fluid DOT 4 - 250ml,AUTO-03846,GST,18,185.21,257.0,32,Lubricants & Fluids,2710,8905451733016
Servo Genuine Power Steering Fluid - 1 Litre,AUTO-03847,GST,18,201.97,284.0,38,Lubricants & Fluids,2710,8909166551728
Mahle Heavy Duty Air Filter - Paper,AUTO-03848,GST,18,317.97,470.0,45,Filters & Consumables,8421,8901472229453
Tata Genuine Genuine Fuel Injector - Diesel,AUTO-03849,GST,28,2618.99,3126.0,3,Engine & Transmission Parts,8708,8908054008538
Denting & Painting (Per Panel) - Metallic/Pearl Color,AUTO-03850,GST,18,539.95,2146.0,69,Repair Labor & Services,998714,8909619909798
MRF Heavy Duty Tubeless Tyre (16 inch) - 215/60 R16,AUTO-03851,GST,28,7276.18,9333.0,2,Tyres & Batteries,4011,8908781574916
Purolator Genuine Fuel Filter - Diesel Cartridge,AUTO-03852,GST,18,481.5,691.0,48,Filters & Consumables,8421,8906678851682
Minda Performance Fuel Injector - Diesel,AUTO-03853,GST,28,2840.56,3394.0,2,Engine & Transmission Parts,8708,8901541506898
Motul OEM Fully Synthetic Engine Oil - 5W-30 (3.5L),AUTO-03854,GST,18,3589.65,5229.0,46,Lubricants & Fluids,2710,8908734808514
Amaron Performance Car Battery (DIN44) - Maintenance Free,AUTO-03855,GST,28,3838.57,4815.0,8,Tyres & Batteries,8507,8909540231342
Engine Scanning & Diagnostics - OBD2 Scan,AUTO-03856,GST,18,240.04,724.0,22,Repair Labor & Services,998714,8903957001684
Motul Aftermarket Gear Oil - 80W-90 (1L),AUTO-03857,GST,18,479.38,708.0,18,Lubricants & Fluids,2710,8902387893038
Mahindra Genuine Premium Ignition Coil - Set of 4,AUTO-03858,GST,28,1181.97,1461.0,4,Engine & Transmission Parts,8708,8906292259537
Bosch Performance Engine Oil Filter - Spin-on,AUTO-03859,GST,18,162.84,235.0,23,Filters & Consumables,8421,8907206675490
Liqui Moly Heavy Duty Semi-Synthetic Engine Oil - 10W-40 (3.5L),AUTO-03860,GST,18,1325.68,1900.0,45,Lubricants & Fluids,2710,8904508830682
Exide Car Battery (DIN55) - 55 Ah,AUTO-03861,GST,28,4336.86,5364.0,8,Tyres & Batteries,8507,8907294279191
Bosch Premium Fuel Filter - Petrol In-line,AUTO-03862,GST,18,425.76,631.0,24,Filters & Consumables,8421,8900288823979
Purolator Wiper Blade Set - Standard Frame,AUTO-03863,GST,18,330.33,434.0,57,Filters & Consumables,8421,8902424431029
CEAT Premium Tubeless Tyre (15 inch) - 195/60 R15,AUTO-03864,GST,28,5105.82,6233.0,6,Tyres & Batteries,4011,8900092542709
CEAT Premium Tubeless Tyre (14 inch) - 165/70 R14,AUTO-03865,GST,28,2493.61,2938.0,9,Tyres & Batteries,4011,8901488305450
Bosch Genuine Car Battery (DIN44) - Maintenance Free,AUTO-03866,GST,28,3460.23,4267.0,11,Tyres & Batteries,8507,8907488467482
Brembo Standard Brake Rotor/Disc - Solid,AUTO-03867,GST,28,1693.88,2033.0,6,Brakes & Suspension,8708,8906471742658
Michelin Genuine Tubeless Tyre (16 inch) - 215/60 R16,AUTO-03868,GST,28,9755.64,12554.0,6,Tyres & Batteries,4011,8905011601241
Michelin Premium Tubeless Tyre (14 inch) - 185/65 R14,AUTO-03869,GST,28,1998.38,2520.0,2,Tyres & Batteries,4011,8909692621684
Bosch Premium Engine Oil Filter - Spin-on,AUTO-03870,GST,18,194.08,255.0,34,Filters & Consumables,8421,8901092443295
General Periodic Service - SUV,AUTO-03871,GST,18,1276.47,4835.0,99,Repair Labor & Services,998714,8906429617247
TRW OEM Suspension Bush Kit - Polyurethane,AUTO-03872,GST,28,748.37,923.0,9,Brakes & Suspension,8708,8900604462037
Servo Gear Oil - 75W-90 (1L),AUTO-03873,GST,18,371.95,530.0,57,Lubricants & Fluids,2710,8906734214211
Castrol Heavy Duty Coolant (Pre-mixed) - 1 Litre,AUTO-03874,GST,18,282.68,405.0,34,Lubricants & Fluids,2710,8909290703839
Mobil 1 Heavy Duty Coolant (Pre-mixed) - 1 Litre,AUTO-03875,GST,18,279.24,371.0,46,Lubricants & Fluids,2710,8900649222571
Wix Premium Cabin/AC Filter - Standard,AUTO-03876,GST,18,244.25,342.0,60,Filters & Consumables,8421,8909524143456
Valvoline Coolant (Pre-mixed) - 1 Litre,AUTO-03877,GST,18,199.27,279.0,20,Lubricants & Fluids,2710,8902063357599
Engine Scanning & Diagnostics - Full System Scan,AUTO-03878,GST,18,207.59,645.0,55,Repair Labor & Services,998714,8906466766749
Wheel Alignment & Balancing - 5 Wheels,AUTO-03879,GST,18,243.16,821.0,45,Repair Labor & Services,998714,8900324221645
Rane Standard Brake Rotor/Disc - Solid,AUTO-03880,GST,28,2182.94,2554.0,6,Brakes & Suspension,8708,8906100498359
Bosch Heavy Duty Fuel Injector - Diesel,AUTO-03881,GST,28,2865.67,3328.0,6,Engine & Transmission Parts,8708,8906905918376
Shell Premium Transmission Fluid (ATF) - 5 Litre,AUTO-03882,GST,18,896.7,1248.0,49,Lubricants & Fluids,2710,8903410807509
Castrol Performance Gear Oil - 80W-90 (1L),AUTO-03883,GST,18,391.3,584.0,22,Lubricants & Fluids,2710,8903640294220
Engine Scanning & Diagnostics - Full System Scan,AUTO-03884,GST,18,198.44,553.0,22,Repair Labor & Services,998714,8902155959959
Bosch Brake Pad Set - Ceramic,AUTO-03885,GST,28,893.51,1080.0,7,Brakes & Suspension,8708,8903601811703
Gabriel Heavy Duty Brake Pad Set - Ceramic,AUTO-03886,GST,28,915.84,1102.0,10,Brakes & Suspension,8708,8903614491792
Tata Genuine Standard Fuel Injector - Diesel,AUTO-03887,GST,28,3020.65,3921.0,3,Engine & Transmission Parts,8708,8901146872611
Bosch Aftermarket Fuel Filter - Petrol In-line,AUTO-03888,GST,18,438.22,588.0,31,Filters & Consumables,8421,8905035599673
Minda OEM Timing Belt - Standard,AUTO-03889,GST,28,883.31,1130.0,3,Engine & Transmission Parts,8708,8902434666291
Rane OEM Suspension Bush Kit - Polyurethane,AUTO-03890,GST,28,686.11,850.0,6,Brakes & Suspension,8708,8900601461205
AC Gas Top-Up & Service - Deep Clean,AUTO-03891,GST,18,622.87,1905.0,89,Repair Labor & Services,998714,8903600748133
Shell Genuine Semi-Synthetic Engine Oil - 10W-40 (3.5L),AUTO-03892,GST,18,1672.25,2266.0,43,Lubricants & Fluids,2710,8905180075658
Bosch Heavy Duty Shock Absorber - Hydraulic,AUTO-03893,GST,28,2446.13,3018.0,8,Brakes & Suspension,8708,8901235879050
Bosch Engine Oil Filter - Spin-on,AUTO-03894,GST,18,219.37,310.0,58,Filters & Consumables,8421,8908563666731
TRW Aftermarket Tie Rod End - Right,AUTO-03895,GST,28,575.45,696.0,5,Brakes & Suspension,8708,8908975470112
Mahindra Genuine Heavy Duty Radiator Assembly - Copper Core,AUTO-03896,GST,28,4762.26,5639.0,6,Engine & Transmission Parts,8708,8902728288156
Valvoline Premium Fully Synthetic Engine Oil - 5W-40 (4L),AUTO-03897,GST,18,3322.98,4757.0,33,Lubricants & Fluids,2710,8904770648133
Liqui Moly Aftermarket Transmission Fluid (ATF) - 1 Litre,AUTO-03898,GST,18,422.3,612.0,23,Lubricants & Fluids,2710,8903506884393
Michelin Premium Tubeless Tyre (15 inch) - 185/60 R15,AUTO-03899,GST,28,4365.93,5592.0,5,Tyres & Batteries,4011,8908239192947
Engine Scanning & Diagnostics - Full System Scan,AUTO-03900,GST,18,227.41,656.0,56,Repair Labor & Services,998714,8906031868659
Monroe OEM Tie Rod End - Right,AUTO-03901,GST,28,621.34,731.0,12,Brakes & Suspension,8708,8906454827719
AC Gas Top-Up & Service - Standard,AUTO-03902,GST,18,501.62,1696.0,24,Repair Labor & Services,998714,8903644772911
MRF Premium Tubeless Tyre (16 inch) - 205/55 R16,AUTO-03903,GST,28,10329.66,12572.0,2,Tyres & Batteries,4011,8908231961725
Bosch Standard Car Battery (DIN55) - 55 Ah,AUTO-03904,GST,28,4225.4,5324.0,9,Tyres & Batteries,8507,8901804559128
MRF Aftermarket Tubeless Tyre (16 inch) - 215/60 R16,AUTO-03905,GST,28,9444.15,11816.0,9,Tyres & Batteries,4011,8904475636518
TRW Standard Suspension Bush Kit - Polyurethane,AUTO-03906,GST,28,714.76,898.0,5,Brakes & Suspension,8708,8907125068212
Minda Heavy Duty Fuel Injector - Diesel,AUTO-03907,GST,28,3197.61,4122.0,12,Engine & Transmission Parts,8708,8907951962452
Castrol Brake Fluid DOT 4 - 500ml,AUTO-03908,GST,18,221.98,325.0,38,Lubricants & Fluids,2710,8909199885522
Exide Car Battery (DIN55) - Heavy Duty,AUTO-03909,GST,28,4118.58,5126.0,10,Tyres & Batteries,8507,8904585542205
Liqui Moly Aftermarket Semi-Synthetic Engine Oil - 10W-40 (3.5L),AUTO-03910,GST,18,1408.44,2016.0,58,Lubricants & Fluids,2710,8909673353706
Wheel Alignment & Balancing - 4 Wheels,AUTO-03911,GST,18,260.78,681.0,20,Repair Labor & Services,998714,8909557632951
K&N Performance Air Filter - Paper,AUTO-03912,GST,18,365.79,522.0,45,Filters & Consumables,8421,8904863747030
Monroe Genuine Suspension Bush Kit - Polyurethane,AUTO-03913,GST,28,844.5,978.0,8,Brakes & Suspension,8708,8908717584053
Tata Genuine Aftermarket Fuel Injector - Petrol,AUTO-03914,GST,28,2434.94,2988.0,9,Engine & Transmission Parts,8708,8906172746003
Motul Aftermarket Fully Synthetic Engine Oil - 5W-40 (4L),AUTO-03915,GST,18,4463.41,6205.0,30,Lubricants & Fluids,2710,8905171994974
Castrol Power Steering Fluid - 500ml,AUTO-03916,GST,18,257.86,349.0,57,Lubricants & Fluids,2710,8904071253461
Maruti Genuine Fuel Injector - Petrol,AUTO-03917,GST,28,3298.48,3922.0,2,Engine & Transmission Parts,8708,8902782015811
TVS Girling Performance Tie Rod End - Left,AUTO-03918,GST,28,483.13,561.0,8,Brakes & Suspension,8708,8909515223450
Exide Car Battery (DIN44) - 44 Ah,AUTO-03919,GST,28,4127.88,5279.0,9,Tyres & Batteries,8507,8906670806060
Castrol Standard Gear Oil - 75W-90 (1L),AUTO-03920,GST,18,392.69,518.0,49,Lubricants & Fluids,2710,8903284014407
Apollo Heavy Duty Tubeless Tyre (16 inch) - 215/60 R16,AUTO-03921,GST,28,8121.97,9894.0,4,Tyres & Batteries,4011,8904615522411
Bosch OEM Brake Pad Set - Rear,AUTO-03922,GST,28,869.18,1095.0,11,Brakes & Suspension,8708,8902658352738
TRW Performance Wheel Bearing - Rear (with ABS),AUTO-03923,GST,28,904.26,1137.0,8,Brakes & Suspension,8708,8909456847093
Maruti Genuine Ignition Coil - Set of 4,AUTO-03924,GST,28,1407.74,1657.0,12,Engine & Transmission Parts,8708,8903944949307
Engine Scanning & Diagnostics - Full System Scan,AUTO-03925,GST,18,182.85,685.0,43,Repair Labor & Services,998714,8904902307714
Clutch Replacement Labor - Automatic,AUTO-03926,GST,18,1139.87,4004.0,29,Repair Labor & Services,998714,8908601183769
Bosch Heavy Duty Timing Belt - Standard,AUTO-03927,GST,28,1100.8,1275.0,3,Engine & Transmission Parts,8708,8900470844445
TRW Performance Wheel Bearing - Front,AUTO-03928,GST,28,970.87,1136.0,3,Brakes & Suspension,8708,8909511094526
Mobil 1 Performance Fully Synthetic Engine Oil - 5W-40 (4L),AUTO-03929,GST,18,3804.39,5174.0,42,Lubricants & Fluids,2710,8902000888876
Motul Brake Fluid DOT 4 - 250ml,AUTO-03930,GST,18,230.29,307.0,26,Lubricants & Fluids,2710,8908556931493
Servo Premium Transmission Fluid (ATF) - 1 Litre,AUTO-03931,GST,18,529.16,740.0,24,Lubricants & Fluids,2710,8907619903777
TVS Girling Aftermarket Brake Pad Set - Front,AUTO-03932,GST,28,1220.52,1462.0,5,Brakes & Suspension,8708,8907593358515
Denting & Painting (Per Panel) - Metallic/Pearl Color,AUTO-03933,GST,18,857.31,2169.0,43,Repair Labor & Services,998714,8906723979881
LUK Timing Belt - Standard,AUTO-03934,GST,28,966.91,1224.0,12,Engine & Transmission Parts,8708,8900595587042
Shell Gear Oil - 75W-90 (1L),AUTO-03935,GST,18,429.59,620.0,41,Lubricants & Fluids,2710,8907325496607
LUK Ignition Coil - Single Pack,AUTO-03936,GST,28,1558.33,1841.0,2,Engine & Transmission Parts,8708,8905712166296
Engine Scanning & Diagnostics - OBD2 Scan,AUTO-03937,GST,18,224.79,619.0,82,Repair Labor & Services,998714,8900426854460
Denting & Painting (Per Panel) - Metallic/Pearl Color,AUTO-03938,GST,18,803.54,3180.0,87,Repair Labor & Services,998714,8903219133044
TVS Girling Heavy Duty Suspension Bush Kit - Rubber,AUTO-03939,GST,28,667.64,837.0,7,Brakes & Suspension,8708,8906450446240
Servo Heavy Duty Fully Synthetic Engine Oil - 5W-40 (4L),AUTO-03940,GST,18,3157.88,4563.0,60,Lubricants & Fluids,2710,8906417000337
CEAT Standard Tubeless Tyre (16 inch) - 205/55 R16,AUTO-03941,GST,28,7435.74,9386.0,2,Tyres & Batteries,4011,8906605808569
LUK Premium Timing Belt - Heavy Duty,AUTO-03942,GST,28,1052.17,1290.0,2,Engine & Transmission Parts,8708,8907242075308
Clutch Replacement Labor - Automatic,AUTO-03943,GST,18,856.64,3214.0,64,Repair Labor & Services,998714,8906734958601
Denting & Painting (Per Panel) - Solid Color,AUTO-03944,GST,18,738.54,2720.0,51,Repair Labor & Services,998714,8904914651679
TVS Girling OEM Brake Rotor/Disc - Solid,AUTO-03945,GST,28,1996.52,2582.0,7,Brakes & Suspension,8708,8902617186709
Elofic Aftermarket Air Filter - Washable Cotton,AUTO-03946,GST,18,374.09,561.0,42,Filters & Consumables,8421,8904854713325
Amaron Heavy Duty Car Battery (DIN65) - SUV Specs,AUTO-03947,GST,28,10280.97,11962.0,2,Tyres & Batteries,8507,8900436256915
Rane Premium Wheel Bearing - Front,AUTO-03948,GST,28,871.31,1105.0,3,Brakes & Suspension,8708,8908762404661
Valeo OEM Clutch Plate Assembly - Sedan,AUTO-03949,GST,28,3073.34,3877.0,3,Engine & Transmission Parts,8708,8906189329865
Monroe Standard Suspension Bush Kit - Polyurethane,AUTO-03950,GST,28,686.92,859.0,10,Brakes & Suspension,8708,8901878503743
Wix Performance Engine Oil Filter - Spin-on,AUTO-03951,GST,18,165.02,220.0,57,Filters & Consumables,8421,8906189124152
LUK Heavy Duty Timing Belt - Standard,AUTO-03952,GST,28,1113.44,1315.0,2,Engine & Transmission Parts,8708,8906032897957
Monroe Performance Wheel Bearing - Rear (with ABS),AUTO-03953,GST,28,912.55,1151.0,12,Brakes & Suspension,8708,8904108945207
TRW Premium Shock Absorber - Hydraulic,AUTO-03954,GST,28,2171.74,2623.0,11,Brakes & Suspension,8708,8904133098455
Rane Performance Brake Rotor/Disc - Solid,AUTO-03955,GST,28,1685.3,2157.0,6,Brakes & Suspension,8708,8902285141363
Bosch OEM Shock Absorber - Hydraulic,AUTO-03956,GST,28,2123.51,2676.0,12,Brakes & Suspension,8708,8903056131113
Bosch Air Filter - Washable Cotton,AUTO-03957,GST,18,370.76,528.0,47,Filters & Consumables,8421,8902135221111
Bridgestone Premium Tubeless Tyre (14 inch) - 165/70 R14,AUTO-03958,GST,28,2115.75,2614.0,5,Tyres & Batteries,4011,8903091389198
Purolator Aftermarket Air Filter - Paper,AUTO-03959,GST,18,359.06,496.0,57,Filters & Consumables,8421,8908181433586
Gabriel Premium Brake Rotor/Disc - Solid,AUTO-03960,GST,28,1810.12,2229.0,9,Brakes & Suspension,8708,8907968076879
LUK Genuine Spark Plug Set - Platinum,AUTO-03961,GST,28,659.41,774.0,5,Engine & Transmission Parts,8708,8905986484092
General Periodic Service - Hatchback,AUTO-03962,GST,18,549.88,2123.0,42,Repair Labor & Services,998714,8902248980147
Elofic Genuine Wiper Blade Set - Frameless,AUTO-03963,GST,18,326.22,468.0,21,Filters & Consumables,8421,8905965866814
Minda Standard Spark Plug Set - Copper,AUTO-03964,GST,28,772.51,1000.0,7,Engine & Transmission Parts,8708,8903679326334
Liqui Moly OEM Fully Synthetic Engine Oil - 5W-30 (3.5L),AUTO-03965,GST,18,4719.83,6475.0,52,Lubricants & Fluids,2710,8906614466584
Exide Car Battery (DIN55) - Heavy Duty,AUTO-03966,GST,28,4147.9,4797.0,3,Tyres & Batteries,8507,8901402235960
Mahle Performance Wiper Blade Set - Standard Frame,AUTO-03967,GST,18,314.01,464.0,52,Filters & Consumables,8421,8905094436048
Bridgestone OEM Tubeless Tyre (16 inch) - 205/55 R16,AUTO-03968,GST,28,7841.47,9352.0,9,Tyres & Batteries,4011,8905768263690
Engine Scanning & Diagnostics - Full System Scan,AUTO-03969,GST,18,288.61,742.0,64,Repair Labor & Services,998714,8905907746743
Bosch Brake Pad Set - Ceramic,AUTO-03970,GST,28,873.66,1049.0,2,Brakes & Suspension,8708,8901333431727
Engine Scanning & Diagnostics - Full System Scan,AUTO-03971,GST,18,146.38,581.0,55,Repair Labor & Services,998714,8903402610158
Mobil 1 Aftermarket Coolant (Pre-mixed) - 1 Litre,AUTO-03972,GST,18,225.56,297.0,43,Lubricants & Fluids,2710,8908577884620
Servo OEM Semi-Synthetic Engine Oil - 10W-40 (3.5L),AUTO-03973,GST,18,1158.32,1603.0,47,Lubricants & Fluids,2710,8902726340188
Mahindra Genuine Standard Ignition Coil - Set of 4,AUTO-03974,GST,28,1047.69,1348.0,10,Engine & Transmission Parts,8708,8902715131948
Rane Tie Rod End - Left,AUTO-03975,GST,28,525.85,622.0,5,Brakes & Suspension,8708,8909463571886
Clutch Replacement Labor - Manual,AUTO-03976,GST,18,1413.62,4536.0,39,Repair Labor & Services,998714,8907457147274
Brake Overhaul Labor - All 4 Wheels,AUTO-03977,GST,18,492.35,1739.0,86,Repair Labor & Services,998714,8908071233678
LUK Performance Timing Belt - Heavy Duty,AUTO-03978,GST,28,918.36,1166.0,4,Engine & Transmission Parts,8708,8903739977041
Gulf OEM Transmission Fluid (ATF) - 5 Litre,AUTO-03979,GST,18,1007.38,1364.0,24,Lubricants & Fluids,2710,8903590632877
Gulf Premium Brake Fluid DOT 4 - 500ml,AUTO-03980,GST,18,316.98,430.0,19,Lubricants & Fluids,2710,8900997988576
General Periodic Service - SUV,AUTO-03981,GST,18,1211.65,4690.0,59,Repair Labor & Services,998714,8907939927836
General Periodic Service - SUV,AUTO-03982,GST,18,1309.5,4447.0,82,Repair Labor & Services,998714,8907892079833
Michelin Heavy Duty Tubeless Tyre (14 inch) - 165/70 R14,AUTO-03983,GST,28,2560.25,3052.0,10,Tyres & Batteries,4011,8903195264674
Gulf Aftermarket Coolant (Pre-mixed) - 1 Litre,AUTO-03984,GST,18,201.56,288.0,36,Lubricants & Fluids,2710,8900546788488
Maruti Genuine Fuel Injector - Petrol,AUTO-03985,GST,28,2721.73,3133.0,4,Engine & Transmission Parts,8708,8908923437142
Wheel Alignment & Balancing - 4 Wheels,AUTO-03986,GST,18,214.76,769.0,32,Repair Labor & Services,998714,8904928840969
Mahle Performance Fuel Filter - Petrol In-line,AUTO-03987,GST,18,445.77,621.0,21,Filters & Consumables,8421,8902207215980
Valvoline Aftermarket Fully Synthetic Engine Oil - 5W-30 (3.5L),AUTO-03988,GST,18,3357.63,4698.0,17,Lubricants & Fluids,2710,8903213378006
CEAT Standard Tubeless Tyre (14 inch) - 185/65 R14,AUTO-03989,GST,28,2291.03,2714.0,7,Tyres & Batteries,4011,8905507932008
Rane Standard Brake Rotor/Disc - Solid,AUTO-03990,GST,28,2023.41,2545.0,3,Brakes & Suspension,8708,8903061085570
Motul Genuine Transmission Fluid (ATF) - 1 Litre,AUTO-03991,GST,18,415.88,608.0,39,Lubricants & Fluids,2710,8904151182224
Minda Premium Water Pump - Aftermarket,AUTO-03992,GST,28,1892.95,2213.0,4,Engine & Transmission Parts,8708,8903213992858
Mahindra Genuine Heavy Duty Water Pump - Aftermarket,AUTO-03993,GST,28,2110.89,2482.0,3,Engine & Transmission Parts,8708,8904916101995
Rane Premium Brake Rotor/Disc - Vented,AUTO-03994,GST,28,1796.36,2195.0,12,Brakes & Suspension,8708,8904281435194
General Periodic Service - SUV,AUTO-03995,GST,18,1384.75,5099.0,21,Repair Labor & Services,998714,8907630191154
Rane Brake Pad Set - Rear,AUTO-03996,GST,28,1342.8,1560.0,6,Brakes & Suspension,8708,8901048820645
Bosch Heavy Duty Engine Oil Filter - Spin-on,AUTO-03997,GST,18,197.07,284.0,27,Filters & Consumables,8421,8906529397252
Maruti Genuine Alternator - 120 Amp,AUTO-03998,GST,28,6178.83,7536.0,3,Engine & Transmission Parts,8708,8906712794401
TVS Girling Aftermarket Shock Absorber - Hydraulic,AUTO-03999,GST,28,2359.53,2785.0,12,Brakes & Suspension,8708,8902497073068
Elofic Genuine Wiper Blade Set - Standard Frame,AUTO-04000,GST,18,431.84,611.0,18,Filters & Consumables,8421,8902285404026
Tata Genuine Performance Alternator - 120 Amp,AUTO-04001,GST,28,6465.0,7532.0,8,Engine & Transmission Parts,8708,8902258481906
Mahindra Genuine Fuel Injector - Diesel,AUTO-04002,GST,28,2944.28,3511.0,9,Engine & Transmission Parts,8708,8900564971729
LUK Performance Alternator - 90 Amp,AUTO-04003,GST,28,6704.28,7934.0,7,Engine & Transmission Parts,8708,8903384309269
Elofic Heavy Duty Wiper Blade Set - Frameless,AUTO-04004,GST,18,302.09,452.0,26,Filters & Consumables,8421,8900852056459
MRF Standard Tubeless Tyre (15 inch) - 185/60 R15,AUTO-04005,GST,28,3788.7,4816.0,8,Tyres & Batteries,4011,8905951974395
Mahindra Genuine Standard Spark Plug Set - Copper,AUTO-04006,GST,28,790.01,992.0,11,Engine & Transmission Parts,8708,8902095455491
TRW OEM Tie Rod End - Left,AUTO-04007,GST,28,578.32,735.0,11,Brakes & Suspension,8708,8904944228329
AC Gas Top-Up & Service - Deep Clean,AUTO-04008,GST,18,351.55,1380.0,86,Repair Labor & Services,998714,8906304955094
Elofic OEM Fuel Filter - Diesel Cartridge,AUTO-04009,GST,18,604.73,810.0,50,Filters & Consumables,8421,8902810592512
Valeo Aftermarket Spark Plug Set - Platinum,AUTO-04010,GST,28,658.78,768.0,3,Engine & Transmission Parts,8708,8906655636300
Clutch Replacement Labor - Manual,AUTO-04011,GST,18,920.52,3479.0,15,Repair Labor & Services,998714,8901564075569
Motul Brake Fluid DOT 4 - 500ml,AUTO-04012,GST,18,332.59,455.0,24,Lubricants & Fluids,2710,8908396257741
General Periodic Service - Sedan,AUTO-04013,GST,18,839.18,2593.0,50,Repair Labor & Services,998714,8907640633655
MRF OEM Tubeless Tyre (14 inch) - 185/65 R14,AUTO-04014,GST,28,1735.25,2144.0,8,Tyres & Batteries,4011,8907969392496
Brembo Heavy Duty Shock Absorber - Hydraulic,AUTO-04015,GST,28,2262.31,2913.0,10,Brakes & Suspension,8708,8905156283794
K&N Cabin/AC Filter - Standard,AUTO-04016,GST,18,307.88,414.0,30,Filters & Consumables,8421,8906010786760
Shell Premium Brake Fluid DOT 4 - 500ml,AUTO-04017,GST,18,222.05,330.0,59,Lubricants & Fluids,2710,8901654980618
Valvoline Genuine Brake Fluid DOT 4 - 500ml,AUTO-04018,GST,18,212.16,298.0,38,Lubricants & Fluids,2710,8907646036324
Gabriel Aftermarket Suspension Bush Kit - Rubber,AUTO-04019,GST,28,667.08,777.0,11,Brakes & Suspension,8708,8902173665667
Gabriel Premium Brake Pad Set - Rear,AUTO-04020,GST,28,1184.77,1523.0,9,Brakes & Suspension,8708,8907236576147
Brake Overhaul Labor - Rear Axle,AUTO-04021,GST,18,435.2,1360.0,13,Repair Labor & Services,998714,8902261234945
Wheel Alignment & Balancing - 5 Wheels,AUTO-04022,GST,18,339.79,894.0,65,Repair Labor & Services,998714,8904826148109
Bosch OEM Car Battery (DIN65) - SUV Specs,AUTO-04023,GST,28,8505.53,10444.0,2,Tyres & Batteries,8507,8907033156670
Shell Premium Power Steering Fluid - 500ml,AUTO-04024,GST,18,319.26,436.0,53,Lubricants & Fluids,2710,8908386069624
Bosch Genuine Car Battery (DIN55) - Heavy Duty,AUTO-04025,GST,28,5253.0,6091.0,5,Tyres & Batteries,8507,8900897586380
Castrol Standard Power Steering Fluid - 1 Litre,AUTO-04026,GST,18,181.46,250.0,40,Lubricants & Fluids,2710,8906130635485
Gabriel Premium Suspension Bush Kit - Polyurethane,AUTO-04027,GST,28,679.57,834.0,2,Brakes & Suspension,8708,8908805749875
Apollo Aftermarket Tubeless Tyre (16 inch) - 215/60 R16,AUTO-04028,GST,28,10460.37,12412.0,9,Tyres & Batteries,4011,8901389927935
Clutch Replacement Labor - Automatic,AUTO-04029,GST,18,904.51,3505.0,89,Repair Labor & Services,998714,8900573019952
Purolator Cabin/AC Filter - Active Carbon,AUTO-04030,GST,18,298.33,398.0,33,Filters & Consumables,8421,8905663630512
Bosch Car Battery (DIN44) - 44 Ah,AUTO-04031,GST,28,3948.37,4676.0,3,Tyres & Batteries,8507,8907333856836
Exide Car Battery (DIN65) - SUV Specs,AUTO-04032,GST,28,10305.98,12830.0,2,Tyres & Batteries,8507,8901503431629
Brembo Genuine Wheel Bearing - Rear (with ABS),AUTO-04033,GST,28,802.85,1026.0,6,Brakes & Suspension,8708,8903357120574
MRF Genuine Tubeless Tyre (14 inch) - 165/70 R14,AUTO-04034,GST,28,2123.01,2501.0,11,Tyres & Batteries,4011,8907287024564
Clutch Replacement Labor - Manual,AUTO-04035,GST,18,1568.44,4039.0,60,Repair Labor & Services,998714,8909070096089
K&N Heavy Duty Cabin/AC Filter - Active Carbon,AUTO-04036,GST,18,292.4,399.0,52,Filters & Consumables,8421,8903457161563
Monroe OEM Brake Pad Set - Rear,AUTO-04037,GST,28,820.28,1029.0,3,Brakes & Suspension,8708,8903231230367
Monroe Tie Rod End - Right,AUTO-04038,GST,28,440.75,572.0,10,Brakes & Suspension,8708,8901690350342
Tata Genuine Premium Water Pump - Aftermarket,AUTO-04039,GST,28,2038.9,2434.0,10,Engine & Transmission Parts,8708,8905116883921
Mahindra Genuine Radiator Assembly - Copper Core,AUTO-04040,GST,28,4018.83,4940.0,5,Engine & Transmission Parts,8708,8903466766829
TVS Girling Brake Pad Set - Ceramic,AUTO-04041,GST,28,983.34,1133.0,10,Brakes & Suspension,8708,8907746438508
MRF Tubeless Tyre (15 inch) - 185/60 R15,AUTO-04042,GST,28,3649.93,4690.0,7,Tyres & Batteries,4011,8905428358874
TVS Girling Standard Brake Pad Set - Ceramic,AUTO-04043,GST,28,930.5,1146.0,7,Brakes & Suspension,8708,8904794898301
Bosch Premium Car Battery (DIN44) - 44 Ah,AUTO-04044,GST,28,3512.54,4456.0,5,Tyres & Batteries,8507,8909398567600
Wheel Alignment & Balancing - 5 Wheels,AUTO-04045,GST,18,311.94,892.0,62,Repair Labor & Services,998714,8905489433805
Monroe Brake Rotor/Disc - Solid,AUTO-04046,GST,28,2130.85,2652.0,8,Brakes & Suspension,8708,8907804780544
Mobil 1 Performance Transmission Fluid (ATF) - 1 Litre,AUTO-04047,GST,18,457.39,681.0,52,Lubricants & Fluids,2710,8901480874592
Minda Performance Timing Belt - Standard,AUTO-04048,GST,28,1064.58,1301.0,10,Engine & Transmission Parts,8708,8906946184165
General Periodic Service - Sedan,AUTO-04049,GST,18,745.35,2870.0,96,Repair Labor & Services,998714,8907410566326
TRW Heavy Duty Shock Absorber - Hydraulic,AUTO-04050,GST,28,3077.64,3554.0,7,Brakes & Suspension,8708,8907865357866
K&N Premium Air Filter - Washable Cotton,AUTO-04051,GST,18,321.28,427.0,21,Filters & Consumables,8421,8901245861547
Bosch Standard Car Battery (DIN55) - Heavy Duty,AUTO-04052,GST,28,5222.77,6433.0,7,Tyres & Batteries,8507,8901996832762
Exide Aftermarket Car Battery (DIN65) - 65 Ah,AUTO-04053,GST,28,6293.84,7264.0,11,Tyres & Batteries,8507,8906023398047
Wheel Alignment & Balancing - 5 Wheels,AUTO-04054,GST,18,260.67,726.0,72,Repair Labor & Services,998714,8905811625969
General Periodic Service - SUV,AUTO-04055,GST,18,1215.11,3527.0,66,Repair Labor & Services,998714,8907716315938
Tata Genuine Genuine Water Pump - Aftermarket,AUTO-04056,GST,28,2670.8,3116.0,10,Engine & Transmission Parts,8708,8909192834402
Wix Performance Engine Oil Filter - Spin-on,AUTO-04057,GST,18,193.98,287.0,49,Filters & Consumables,8421,8909743540858
Mobil 1 Standard Power Steering Fluid - 500ml,AUTO-04058,GST,18,327.87,450.0,31,Lubricants & Fluids,2710,8909287675675
TRW Genuine Tie Rod End - Right,AUTO-04059,GST,28,569.13,661.0,7,Brakes & Suspension,8708,8903924133733
Monroe Premium Wheel Bearing - Rear (with ABS),AUTO-04060,GST,28,962.01,1193.0,6,Brakes & Suspension,8708,8904489020842
Bosch Aftermarket Cabin/AC Filter - Standard,AUTO-04061,GST,18,223.61,312.0,57,Filters & Consumables,8421,8908644829612
Maruti Genuine Water Pump - Aftermarket,AUTO-04062,GST,28,1751.29,2165.0,8,Engine & Transmission Parts,8708,8902465212256
Bosch Shock Absorber - Gas Filled,AUTO-04063,GST,28,2474.86,2903.0,11,Brakes & Suspension,8708,8902066545667
Minda Ignition Coil - Single Pack,AUTO-04064,GST,28,1026.08,1307.0,11,Engine & Transmission Parts,8708,8905575388257
Exide Car Battery (DIN65) - 65 Ah,AUTO-04065,GST,28,7176.57,8765.0,3,Tyres & Batteries,8507,8908569117818
Bridgestone Performance Tubeless Tyre (16 inch) - 215/60 R16,AUTO-04066,GST,28,9931.2,11599.0,12,Tyres & Batteries,4011,8906239378408
General Periodic Service - SUV,AUTO-04067,GST,18,1411.32,4258.0,61,Repair Labor & Services,998714,8902100047194
Tata Genuine Performance Fuel Injector - Petrol,AUTO-04068,GST,28,3354.48,3877.0,2,Engine & Transmission Parts,8708,8903708614639
Bosch Standard Water Pump - Aftermarket,AUTO-04069,GST,28,1900.66,2320.0,10,Engine & Transmission Parts,8708,8903762314701
Monroe Performance Wheel Bearing - Front,AUTO-04070,GST,28,1067.21,1372.0,4,Brakes & Suspension,8708,8909266923620
Minda OEM Spark Plug Set - Iridium,AUTO-04071,GST,28,628.66,771.0,9,Engine & Transmission Parts,8708,8906302986281
Bosch Genuine Radiator Assembly - Aluminium,AUTO-04072,GST,28,4236.34,5217.0,5,Engine & Transmission Parts,8708,8905913582637
Brake Overhaul Labor - All 4 Wheels,AUTO-04073,GST,18,535.38,1889.0,25,Repair Labor & Services,998714,8909878133917
Brembo Heavy Duty Brake Rotor/Disc - Vented,AUTO-04074,GST,28,1977.63,2483.0,9,Brakes & Suspension,8708,8905413870554
Castrol Standard Power Steering Fluid - 1 Litre,AUTO-04075,GST,18,218.19,299.0,26,Lubricants & Fluids,2710,8904136907024
MRF OEM Tubeless Tyre (14 inch) - 185/65 R14,AUTO-04076,GST,28,2221.54,2843.0,9,Tyres & Batteries,4011,8908789675360
Mahindra Genuine Performance Fuel Injector - Petrol,AUTO-04077,GST,28,2882.68,3437.0,9,Engine & Transmission Parts,8708,8905373732695
Monroe Standard Brake Rotor/Disc - Solid,AUTO-04078,GST,28,1656.6,2141.0,3,Brakes & Suspension,8708,8902269514369
TVS Girling OEM Brake Pad Set - Ceramic,AUTO-04079,GST,28,1108.04,1439.0,10,Brakes & Suspension,8708,8905340297089
Shell Premium Transmission Fluid (ATF) - 5 Litre,AUTO-04080,GST,18,1278.7,1832.0,17,Lubricants & Fluids,2710,8901374896782
Bosch Aftermarket Fuel Filter - Diesel Cartridge,AUTO-04081,GST,18,478.75,629.0,36,Filters & Consumables,8421,8909931804479
Castrol Performance Brake Fluid DOT 4 - 250ml,AUTO-04082,GST,18,215.85,295.0,32,Lubricants & Fluids,2710,8909060356270
Purolator Premium Engine Oil Filter - Cartridge,AUTO-04083,GST,18,150.6,219.0,21,Filters & Consumables,8421,8907195372817
Wix Standard Cabin/AC Filter - Standard,AUTO-04084,GST,18,267.96,372.0,57,Filters & Consumables,8421,8903115451643
Denting & Painting (Per Panel) - Solid Color,AUTO-04085,GST,18,694.47,2559.0,69,Repair Labor & Services,998714,8900097418868
TRW Performance Tie Rod End - Right,AUTO-04086,GST,28,551.36,642.0,12,Brakes & Suspension,8708,8908872307557
Amaron Genuine Car Battery (DIN65) - 65 Ah,AUTO-04087,GST,28,7081.01,8411.0,5,Tyres & Batteries,8507,8900093220646
TVS Girling Suspension Bush Kit - Rubber,AUTO-04088,GST,28,608.07,788.0,5,Brakes & Suspension,8708,8906194102829
Bosch Aftermarket Wiper Blade Set - Frameless,AUTO-04089,GST,18,360.31,523.0,56,Filters & Consumables,8421,8902803151226
Motul Gear Oil - 75W-90 (1L),AUTO-04090,GST,18,373.47,557.0,56,Lubricants & Fluids,2710,8902578363681
Brembo Heavy Duty Brake Pad Set - Rear,AUTO-04091,GST,28,917.36,1100.0,8,Brakes & Suspension,8708,8900011812307
Gabriel OEM Tie Rod End - Left,AUTO-04092,GST,28,578.74,680.0,4,Brakes & Suspension,8708,8904365210107
AC Gas Top-Up & Service - Standard,AUTO-04093,GST,18,496.37,1765.0,14,Repair Labor & Services,998714,8909911971580
MRF OEM Tubeless Tyre (16 inch) - 215/60 R16,AUTO-04094,GST,28,9984.08,12758.0,7,Tyres & Batteries,4011,8900412250112
Michelin Aftermarket Tubeless Tyre (16 inch) - 215/60 R16,AUTO-04095,GST,28,9537.88,11028.0,11,Tyres & Batteries,4011,8900973807991
Shell OEM Coolant (Pre-mixed) - 1 Litre,AUTO-04096,GST,18,197.97,272.0,34,Lubricants & Fluids,2710,8901468817561
Maruti Genuine Radiator Assembly - Copper Core,AUTO-04097,GST,28,3640.41,4512.0,4,Engine & Transmission Parts,8708,8907536247990
Mobil 1 Heavy Duty Power Steering Fluid - 500ml,AUTO-04098,GST,18,355.42,509.0,34,Lubricants & Fluids,2710,8907509178356
Rane Premium Suspension Bush Kit - Rubber,AUTO-04099,GST,28,851.71,1099.0,12,Brakes & Suspension,8708,8905858811855
K&N Premium Engine Oil Filter - Cartridge,AUTO-04100,GST,18,188.45,262.0,45,Filters & Consumables,8421,8906627106104
TRW Premium Brake Pad Set - Front,AUTO-04101,GST,28,989.79,1275.0,7,Brakes & Suspension,8708,8903868281597
MRF Genuine Tubeless Tyre (14 inch) - 185/65 R14,AUTO-04102,GST,28,2549.55,3096.0,2,Tyres & Batteries,4011,8900853475507
Motul Standard Brake Fluid DOT 4 - 500ml,AUTO-04103,GST,18,236.22,335.0,32,Lubricants & Fluids,2710,8906926626395
Valeo Heavy Duty Radiator Assembly - Aluminium,AUTO-04104,GST,28,3498.56,4391.0,11,Engine & Transmission Parts,8708,8904155299277
Wix Heavy Duty Fuel Filter - Petrol In-line,AUTO-04105,GST,18,464.35,661.0,56,Filters & Consumables,8421,8906160013113
Brake Overhaul Labor - All 4 Wheels,AUTO-04106,GST,18,431.67,1690.0,70,Repair Labor & Services,998714,8909789293090
K&N Standard Air Filter - Washable Cotton,AUTO-04107,GST,18,268.81,392.0,53,Filters & Consumables,8421,8900625094666
Maruti Genuine Clutch Plate Assembly - Sedan,AUTO-04108,GST,28,3463.78,4450.0,7,Engine & Transmission Parts,8708,8905288973784
Hyundai Mobis Clutch Plate Assembly - Sedan,AUTO-04109,GST,28,3308.66,3891.0,6,Engine & Transmission Parts,8708,8901617723797
TVS Girling Performance Tie Rod End - Left,AUTO-04110,GST,28,592.22,753.0,5,Brakes & Suspension,8708,8900192518647
Mahindra Genuine Premium Fuel Injector - Petrol,AUTO-04111,GST,28,2551.71,2966.0,9,Engine & Transmission Parts,8708,8904471565037
Maruti Genuine Clutch Plate Assembly - Hatchback,AUTO-04112,GST,28,1927.09,2365.0,10,Engine & Transmission Parts,8708,8902682012021
Mobil 1 Premium Coolant (Pre-mixed) - 1 Litre,AUTO-04113,GST,18,226.33,336.0,42,Lubricants & Fluids,2710,8907957571869
Bosch Premium Cabin/AC Filter - Standard,AUTO-04114,GST,18,257.92,366.0,30,Filters & Consumables,8421,8906587949231
General Periodic Service - Hatchback,AUTO-04115,GST,18,545.18,2178.0,81,Repair Labor & Services,998714,8901783135719
Minda OEM Alternator - 120 Amp,AUTO-04116,GST,28,5729.61,6941.0,10,Engine & Transmission Parts,8708,8908188376061
Brake Overhaul Labor - Front Axle,AUTO-04117,GST,18,509.3,1534.0,17,Repair Labor & Services,998714,8907584939178
TRW Premium Suspension Bush Kit - Rubber,AUTO-04118,GST,28,790.11,1022.0,6,Brakes & Suspension,8708,8904434028855
Michelin Tubeless Tyre (14 inch) - 165/70 R14,AUTO-04119,GST,28,1839.49,2202.0,8,Tyres & Batteries,4011,8906357903818
Elofic Premium Air Filter - Paper,AUTO-04120,GST,18,257.32,384.0,28,Filters & Consumables,8421,8908654370112
Elofic Wiper Blade Set - Frameless,AUTO-04121,GST,18,430.4,571.0,51,Filters & Consumables,8421,8907619348776
Valeo Premium Radiator Assembly - Aluminium,AUTO-04122,GST,28,4284.6,5270.0,8,Engine & Transmission Parts,8708,8902453115718
TRW Aftermarket Suspension Bush Kit - Rubber,AUTO-04123,GST,28,649.21,791.0,2,Brakes & Suspension,8708,8906846665658
Castrol OEM Brake Fluid DOT 4 - 250ml,AUTO-04124,GST,18,207.74,279.0,43,Lubricants & Fluids,2710,8904973645671
TRW Aftermarket Brake Pad Set - Ceramic,AUTO-04125,GST,28,958.76,1182.0,9,Brakes & Suspension,8708,8906415572131
General Periodic Service - Hatchback,AUTO-04126,GST,18,664.08,1901.0,85,Repair Labor & Services,998714,8900282976722
Hyundai Mobis Timing Belt - Standard,AUTO-04127,GST,28,1326.51,1531.0,12,Engine & Transmission Parts,8708,8903366894949
Monroe Genuine Tie Rod End - Left,AUTO-04128,GST,28,535.29,638.0,9,Brakes & Suspension,8708,8903245719554
Exide Car Battery (DIN44) - Maintenance Free,AUTO-04129,GST,28,4343.84,5443.0,2,Tyres & Batteries,8507,8904128177171
Elofic Standard Wiper Blade Set - Standard Frame,AUTO-04130,GST,18,346.34,495.0,50,Filters & Consumables,8421,8903963247004
Gabriel Performance Wheel Bearing - Rear (with ABS),AUTO-04131,GST,28,1112.42,1400.0,6,Brakes & Suspension,8708,8907120073168
Bosch Standard Alternator - 90 Amp,AUTO-04132,GST,28,4777.11,5937.0,11,Engine & Transmission Parts,8708,8907767532999
Bosch Car Battery (DIN55) - 55 Ah,AUTO-04133,GST,28,5720.8,7100.0,2,Tyres & Batteries,8507,8905884194824
Mahle Premium Engine Oil Filter - Spin-on,AUTO-04134,GST,18,212.45,307.0,40,Filters & Consumables,8421,8907006169384
Bosch Premium Wiper Blade Set - Frameless,AUTO-04135,GST,18,432.11,596.0,46,Filters & Consumables,8421,8900721850822
Purolator Standard Fuel Filter - Petrol In-line,AUTO-04136,GST,18,417.29,566.0,33,Filters & Consumables,8421,8909859017524
Bosch Performance Timing Belt - Heavy Duty,AUTO-04137,GST,28,1018.48,1216.0,12,Engine & Transmission Parts,8708,8903578141277
Valeo Heavy Duty Fuel Injector - Diesel,AUTO-04138,GST,28,3339.22,4101.0,11,Engine & Transmission Parts,8708,8902839291238
Denting & Painting (Per Panel) - Solid Color,AUTO-04139,GST,18,700.76,2438.0,15,Repair Labor & Services,998714,8900743262843
Brembo Genuine Wheel Bearing - Rear (with ABS),AUTO-04140,GST,28,759.32,956.0,5,Brakes & Suspension,8708,8905672944247
TRW Genuine Brake Rotor/Disc - Vented,AUTO-04141,GST,28,1762.93,2154.0,10,Brakes & Suspension,8708,8903334326032
Brembo Performance Wheel Bearing - Rear (with ABS),AUTO-04142,GST,28,915.23,1121.0,7,Brakes & Suspension,8708,8908344173098
Denting & Painting (Per Panel) - Solid Color,AUTO-04143,GST,18,633.87,2450.0,94,Repair Labor & Services,998714,8902412963597
Mobil 1 Aftermarket Semi-Synthetic Engine Oil - 10W-40 (3.5L),AUTO-04144,GST,18,1092.06,1555.0,52,Lubricants & Fluids,2710,8907498009293
K&N OEM Fuel Filter - Diesel Cartridge,AUTO-04145,GST,18,462.08,633.0,32,Filters & Consumables,8421,8909444429737
Monroe Aftermarket Tie Rod End - Left,AUTO-04146,GST,28,613.23,724.0,6,Brakes & Suspension,8708,8908337557378
Motul OEM Semi-Synthetic Engine Oil - 10W-40 (3.5L),AUTO-04147,GST,18,1091.31,1617.0,39,Lubricants & Fluids,2710,8905312645696
Mahle Performance Fuel Filter - Petrol In-line,AUTO-04148,GST,18,472.61,692.0,45,Filters & Consumables,8421,8901591833335
Bosch Premium Cabin/AC Filter - Active Carbon,AUTO-04149,GST,18,231.89,317.0,50,Filters & Consumables,8421,8904103411373
General Periodic Service - SUV,AUTO-04150,GST,18,1386.15,3638.0,68,Repair Labor & Services,998714,8903822606868
Denting & Painting (Per Panel) - Metallic/Pearl Color,AUTO-04151,GST,18,657.64,2384.0,12,Repair Labor & Services,998714,8909964886399
Bosch Genuine Car Battery (DIN44) - Maintenance Free,AUTO-04152,GST,28,4334.27,5359.0,11,Tyres & Batteries,8507,8909591102984
MRF Performance Tubeless Tyre (15 inch) - 195/60 R15,AUTO-04153,GST,28,4922.8,5842.0,9,Tyres & Batteries,4011,8905329694863
Wheel Alignment & Balancing - 4 Wheels,AUTO-04154,GST,18,274.2,984.0,11,Repair Labor & Services,998714,8906533239691
Tata Genuine OEM Alternator - 120 Amp,AUTO-04155,GST,28,6990.09,8394.0,8,Engine & Transmission Parts,8708,8904465923965
Bosch Genuine Car Battery (DIN55) - 55 Ah,AUTO-04156,GST,28,3841.97,4722.0,2,Tyres & Batteries,8507,8904703226008
Bosch Heavy Duty Car Battery (DIN55) - Heavy Duty,AUTO-04157,GST,28,3887.17,4875.0,6,Tyres & Batteries,8507,8909731053888
Engine Scanning & Diagnostics - OBD2 Scan,AUTO-04158,GST,18,225.93,776.0,11,Repair Labor & Services,998714,8904428236160
Bosch Heavy Duty Ignition Coil - Single Pack,AUTO-04159,GST,28,1493.56,1756.0,4,Engine & Transmission Parts,8708,8901015106097
Amaron Premium Car Battery (DIN55) - Heavy Duty,AUTO-04160,GST,28,5615.52,6997.0,2,Tyres & Batteries,8507,8909776631009
Gulf Standard Semi-Synthetic Engine Oil - 10W-40 (3.5L),AUTO-04161,GST,18,1107.92,1643.0,39,Lubricants & Fluids,2710,8905327147250
K&N Heavy Duty Air Filter - Paper,AUTO-04162,GST,18,366.51,548.0,44,Filters & Consumables,8421,8905094448317
Denting & Painting (Per Panel) - Solid Color,AUTO-04163,GST,18,535.85,2135.0,60,Repair Labor & Services,998714,8901687630737
Brembo Wheel Bearing - Rear (with ABS),AUTO-04164,GST,28,940.97,1119.0,5,Brakes & Suspension,8708,8906391701389
Bridgestone Aftermarket Tubeless Tyre (14 inch) - 165/70 R14,AUTO-04165,GST,28,2003.7,2437.0,10,Tyres & Batteries,4011,8902233586234
Rane Standard Brake Rotor/Disc - Vented,AUTO-04166,GST,28,2367.34,2769.0,8,Brakes & Suspension,8708,8904101442305
K&N Cabin/AC Filter - Active Carbon,AUTO-04167,GST,18,251.8,364.0,40,Filters & Consumables,8421,8901251743421
Mahindra Genuine Premium Radiator Assembly - Aluminium,AUTO-04168,GST,28,3715.75,4329.0,11,Engine & Transmission Parts,8708,8906466802687
Gulf Fully Synthetic Engine Oil - 5W-30 (3.5L),AUTO-04169,GST,18,4518.22,6257.0,60,Lubricants & Fluids,2710,8906124768597
K&N Aftermarket Cabin/AC Filter - Active Carbon,AUTO-04170,GST,18,321.8,442.0,58,Filters & Consumables,8421,8900282774694
Wheel Alignment & Balancing - 5 Wheels,AUTO-04171,GST,18,302.65,969.0,41,Repair Labor & Services,998714,8904478200137
Engine Scanning & Diagnostics - OBD2 Scan,AUTO-04172,GST,18,216.86,823.0,96,Repair Labor & Services,998714,8908137242046
Wheel Alignment & Balancing - 5 Wheels,AUTO-04173,GST,18,217.37,704.0,17,Repair Labor & Services,998714,8905726779830
LUK Premium Clutch Plate Assembly - Hatchback,AUTO-04174,GST,28,2015.06,2378.0,9,Engine & Transmission Parts,8708,8907900121532
Gabriel Premium Tie Rod End - Right,AUTO-04175,GST,28,596.72,741.0,7,Brakes & Suspension,8708,8905062718106
TVS Girling Standard Tie Rod End - Right,AUTO-04176,GST,28,474.22,584.0,8,Brakes & Suspension,8708,8906764629065
Tata Genuine Aftermarket Fuel Injector - Diesel,AUTO-04177,GST,28,3467.79,4154.0,6,Engine & Transmission Parts,8708,8907370421415
Brembo Tie Rod End - Right,AUTO-04178,GST,28,605.08,764.0,9,Brakes & Suspension,8708,8900009854506
Wheel Alignment & Balancing - 5 Wheels,AUTO-04179,GST,18,234.98,823.0,75,Repair Labor & Services,998714,8901235433606
TVS Girling Genuine Brake Rotor/Disc - Solid,AUTO-04180,GST,28,1546.13,1926.0,2,Brakes & Suspension,8708,8907073736680
TVS Girling Genuine Suspension Bush Kit - Rubber,AUTO-04181,GST,28,579.86,729.0,2,Brakes & Suspension,8708,8904660055931
Apollo Standard Tubeless Tyre (16 inch) - 215/60 R16,AUTO-04182,GST,28,9434.8,11710.0,12,Tyres & Batteries,4011,8906159028798
Monroe Aftermarket Wheel Bearing - Front,AUTO-04183,GST,28,1167.9,1402.0,7,Brakes & Suspension,8708,8907419450890
K&N Genuine Engine Oil Filter - Spin-on,AUTO-04184,GST,18,183.47,239.0,56,Filters & Consumables,8421,8901616931333
Bosch Aftermarket Cabin/AC Filter - Active Carbon,AUTO-04185,GST,18,282.18,382.0,29,Filters & Consumables,8421,8903264445816
Servo Performance Coolant (Pre-mixed) - 1 Litre,AUTO-04186,GST,18,274.68,392.0,41,Lubricants & Fluids,2710,8908159156740
Denting & Painting (Per Panel) - Metallic/Pearl Color,AUTO-04187,GST,18,739.56,2619.0,88,Repair Labor & Services,998714,8900608125706
LUK Standard Water Pump - OEM Specs,AUTO-04188,GST,28,2546.71,3152.0,9,Engine & Transmission Parts,8708,8901470675965
Bosch OEM Clutch Plate Assembly - Hatchback,AUTO-04189,GST,28,2244.53,2832.0,11,Engine & Transmission Parts,8708,8907647048601
Mahle Aftermarket Fuel Filter - Petrol In-line,AUTO-04190,GST,18,465.15,643.0,36,Filters & Consumables,8421,8906951251628
General Periodic Service - Hatchback,AUTO-04191,GST,18,598.35,2202.0,45,Repair Labor & Services,998714,8902284746978
Motul OEM Semi-Synthetic Engine Oil - 15W-40 (4L),AUTO-04192,GST,18,1366.31,2022.0,49,Lubricants & Fluids,2710,8900446358002
Bosch Wiper Blade Set - Frameless,AUTO-04193,GST,18,338.14,448.0,23,Filters & Consumables,8421,8901290588841
Bosch Genuine Car Battery (DIN44) - 44 Ah,AUTO-04194,GST,28,4134.09,5186.0,3,Tyres & Batteries,8507,8903494607818
Gabriel OEM Shock Absorber - Gas Filled,AUTO-04195,GST,28,2870.34,3586.0,10,Brakes & Suspension,8708,8905222931142
TVS Girling Standard Brake Pad Set - Rear,AUTO-04196,GST,28,997.86,1281.0,9,Brakes & Suspension,8708,8900499883120
Wix Heavy Duty Engine Oil Filter - Cartridge,AUTO-04197,GST,18,188.55,278.0,34,Filters & Consumables,8421,8903284512993
Exide Heavy Duty Car Battery (DIN65) - SUV Specs,AUTO-04198,GST,28,7759.5,9264.0,3,Tyres & Batteries,8507,8904876427300
MRF Tubeless Tyre (14 inch) - 165/70 R14,AUTO-04199,GST,28,2519.09,3055.0,11,Tyres & Batteries,4011,8908329240116
TRW OEM Tie Rod End - Left,AUTO-04200,GST,28,584.84,720.0,2,Brakes & Suspension,8708,8907328197507
Bosch Genuine Engine Oil Filter - Spin-on,AUTO-04201,GST,18,175.73,260.0,56,Filters & Consumables,8421,8900565534002
Wix Genuine Fuel Filter - Petrol In-line,AUTO-04202,GST,18,431.81,573.0,44,Filters & Consumables,8421,8907539954316
Valeo Standard Alternator - 90 Amp,AUTO-04203,GST,28,6068.07,7798.0,12,Engine & Transmission Parts,8708,8901859293004
Engine Scanning & Diagnostics - OBD2 Scan,AUTO-04204,GST,18,281.74,817.0,80,Repair Labor & Services,998714,8909761661185
Purolator Premium Engine Oil Filter - Spin-on,AUTO-04205,GST,18,231.34,308.0,45,Filters & Consumables,8421,8903786655719
Gulf Premium Coolant (Pre-mixed) - 1 Litre,AUTO-04206,GST,18,224.53,295.0,29,Lubricants & Fluids,2710,8908651767372
Bosch Genuine Cabin/AC Filter - Standard,AUTO-04207,GST,18,325.82,446.0,59,Filters & Consumables,8421,8903121510099
Bridgestone Standard Tubeless Tyre (15 inch) - 195/60 R15,AUTO-04208,GST,28,5006.25,6082.0,5,Tyres & Batteries,4011,8901103580771
Valeo Standard Water Pump - OEM Specs,AUTO-04209,GST,28,2298.22,2933.0,11,Engine & Transmission Parts,8708,8903879596384
Shell Genuine Brake Fluid DOT 4 - 500ml,AUTO-04210,GST,18,290.32,384.0,41,Lubricants & Fluids,2710,8906230037363
Wix Premium Cabin/AC Filter - Active Carbon,AUTO-04211,GST,18,277.4,379.0,59,Filters & Consumables,8421,8908077833682
Purolator Genuine Cabin/AC Filter - Active Carbon,AUTO-04212,GST,18,232.99,339.0,37,Filters & Consumables,8421,8905753100266
Exide Standard Car Battery (DIN65) - SUV Specs,AUTO-04213,GST,28,9510.37,11571.0,3,Tyres & Batteries,8507,8904891255291
AC Gas Top-Up & Service - Standard,AUTO-04214,GST,18,569.1,1658.0,42,Repair Labor & Services,998714,8900158668492
Bosch Performance Cabin/AC Filter - Active Carbon,AUTO-04215,GST,18,323.13,431.0,48,Filters & Consumables,8421,8903240230891
Brembo Heavy Duty Wheel Bearing - Rear (with ABS),AUTO-04216,GST,28,1063.67,1240.0,7,Brakes & Suspension,8708,8900102394142
Engine Scanning & Diagnostics - OBD2 Scan,AUTO-04217,GST,18,273.87,809.0,25,Repair Labor & Services,998714,8907749192832
Gulf OEM Power Steering Fluid - 500ml,AUTO-04218,GST,18,236.29,341.0,59,Lubricants & Fluids,2710,8907024911699
TRW Shock Absorber - Hydraulic,AUTO-04219,GST,28,2530.19,2964.0,9,Brakes & Suspension,8708,8904679307217
Bridgestone Tubeless Tyre (14 inch) - 165/70 R14,AUTO-04220,GST,28,2345.84,2949.0,2,Tyres & Batteries,4011,8906846428734
Liqui Moly Performance Coolant (Pre-mixed) - 1 Litre,AUTO-04221,GST,18,235.15,340.0,27,Lubricants & Fluids,2710,8901113549258
K&N Genuine Cabin/AC Filter - Active Carbon,AUTO-04222,GST,18,284.49,422.0,34,Filters & Consumables,8421,8903132815613
Elofic Heavy Duty Air Filter - Paper,AUTO-04223,GST,18,402.08,581.0,54,Filters & Consumables,8421,8900460846740
Bosch OEM Cabin/AC Filter - Standard,AUTO-04224,GST,18,265.3,378.0,53,Filters & Consumables,8421,8907179084815
Brake Overhaul Labor - Rear Axle,AUTO-04225,GST,18,293.98,1059.0,30,Repair Labor & Services,998714,8907507361320
Castrol Heavy Duty Power Steering Fluid - 1 Litre,AUTO-04226,GST,18,228.89,336.0,27,Lubricants & Fluids,2710,8906281979911
Minda Heavy Duty Clutch Plate Assembly - Sedan,AUTO-04227,GST,28,3753.73,4535.0,11,Engine & Transmission Parts,8708,8906719796978
Tata Genuine Genuine Water Pump - Aftermarket,AUTO-04228,GST,28,2117.67,2676.0,3,Engine & Transmission Parts,8708,8906826597007
Brembo Brake Pad Set - Front,AUTO-04229,GST,28,841.95,1060.0,4,Brakes & Suspension,8708,8901519709627
TVS Girling Heavy Duty Suspension Bush Kit - Rubber,AUTO-04230,GST,28,804.14,1041.0,11,Brakes & Suspension,8708,8902842678617
Apollo Performance Tubeless Tyre (16 inch) - 215/60 R16,AUTO-04231,GST,28,8827.27,11376.0,12,Tyres & Batteries,4011,8901206126873
Purolator Standard Engine Oil Filter - Cartridge,AUTO-04232,GST,18,191.8,282.0,47,Filters & Consumables,8421,8907715892781
Denting & Painting (Per Panel) - Metallic/Pearl Color,AUTO-04233,GST,18,595.36,2367.0,97,Repair Labor & Services,998714,8909197936864
TVS Girling OEM Shock Absorber - Gas Filled,AUTO-04234,GST,28,3013.56,3526.0,8,Brakes & Suspension,8708,8901091282775
Wix Heavy Duty Cabin/AC Filter - Standard,AUTO-04235,GST,18,325.5,451.0,55,Filters & Consumables,8421,8907326426677
TVS Girling Aftermarket Brake Pad Set - Rear,AUTO-04236,GST,28,1218.11,1463.0,4,Brakes & Suspension,8708,8907943407162
Brake Overhaul Labor - Rear Axle,AUTO-04237,GST,18,358.48,1280.0,99,Repair Labor & Services,998714,8904860564131
Brake Overhaul Labor - Rear Axle,AUTO-04238,GST,18,589.12,1512.0,29,Repair Labor & Services,998714,8909729451356
Bosch Premium Timing Belt - Heavy Duty,AUTO-04239,GST,28,1065.68,1237.0,8,Engine & Transmission Parts,8708,8905950363262
Monroe Performance Shock Absorber - Gas Filled,AUTO-04240,GST,28,2849.85,3636.0,6,Brakes & Suspension,8708,8903226027846
AC Gas Top-Up & Service - Standard,AUTO-04241,GST,18,574.96,1883.0,67,Repair Labor & Services,998714,8905945870230
Wix Performance Engine Oil Filter - Spin-on,AUTO-04242,GST,18,194.91,255.0,16,Filters & Consumables,8421,8906741586795
AC Gas Top-Up & Service - Standard,AUTO-04243,GST,18,465.84,1749.0,50,Repair Labor & Services,998714,8905075764496
Clutch Replacement Labor - Manual,AUTO-04244,GST,18,934.36,3454.0,82,Repair Labor & Services,998714,8906424043654
General Periodic Service - SUV,AUTO-04245,GST,18,1243.11,4682.0,16,Repair Labor & Services,998714,8900222656799
Monroe Standard Suspension Bush Kit - Polyurethane,AUTO-04246,GST,28,679.7,810.0,3,Brakes & Suspension,8708,8907814808965
Engine Scanning & Diagnostics - Full System Scan,AUTO-04247,GST,18,187.17,640.0,94,Repair Labor & Services,998714,8901193687574
LUK Genuine Water Pump - Aftermarket,AUTO-04248,GST,28,2133.82,2671.0,6,Engine & Transmission Parts,8708,8904718694139
Mahindra Genuine Premium Clutch Plate Assembly - SUV,AUTO-04249,GST,28,4986.07,6039.0,10,Engine & Transmission Parts,8708,8903557142709
TVS Girling Aftermarket Tie Rod End - Left,AUTO-04250,GST,28,656.27,761.0,7,Brakes & Suspension,8708,8909535324126
K&N Genuine Air Filter - Paper,AUTO-04251,GST,18,363.29,496.0,41,Filters & Consumables,8421,8900902885411
Valeo OEM Water Pump - OEM Specs,AUTO-04252,GST,28,2155.63,2529.0,8,Engine & Transmission Parts,8708,8901554277141
Mahindra Genuine Fuel Injector - Diesel,AUTO-04253,GST,28,2623.71,3305.0,10,Engine & Transmission Parts,8708,8908090495260
Motul Standard Gear Oil - 75W-90 (1L),AUTO-04254,GST,18,514.2,708.0,21,Lubricants & Fluids,2710,8903728112231
Servo Heavy Duty Transmission Fluid (ATF) - 5 Litre,AUTO-04255,GST,18,1065.79,1493.0,26,Lubricants & Fluids,2710,8909554859975
TRW Suspension Bush Kit - Rubber,AUTO-04256,GST,28,636.16,737.0,8,Brakes & Suspension,8708,8902844329081
Brake Overhaul Labor - Front Axle,AUTO-04257,GST,18,316.29,1116.0,82,Repair Labor & Services,998714,8905613615100
Monroe OEM Shock Absorber - Gas Filled,AUTO-04258,GST,28,2606.1,3386.0,11,Brakes & Suspension,8708,8906986007757
Maruti Genuine Fuel Injector - Petrol,AUTO-04259,GST,28,2328.61,2919.0,11,Engine & Transmission Parts,8708,8904764691457
MRF Performance Tubeless Tyre (16 inch) - 215/60 R16,AUTO-04260,GST,28,9458.74,11659.0,2,Tyres & Batteries,4011,8909599056032
K&N OEM Air Filter - Washable Cotton,AUTO-04261,GST,18,298.62,394.0,30,Filters & Consumables,8421,8900870330246
K&N Fuel Filter - Diesel Cartridge,AUTO-04262,GST,18,553.8,767.0,33,Filters & Consumables,8421,8901080910729
Exide Aftermarket Car Battery (DIN44) - Maintenance Free,AUTO-04263,GST,28,3162.32,4106.0,7,Tyres & Batteries,8507,8905157034349
Hyundai Mobis Timing Belt - Standard,AUTO-04264,GST,28,921.22,1146.0,7,Engine & Transmission Parts,8708,8907058334943
AC Gas Top-Up & Service - Deep Clean,AUTO-04265,GST,18,467.61,1315.0,81,Repair Labor & Services,998714,8905399286369
Wheel Alignment & Balancing - 5 Wheels,AUTO-04266,GST,18,277.54,1030.0,27,Repair Labor & Services,998714,8905641650643
Clutch Replacement Labor - Manual,AUTO-04267,GST,18,948.5,3440.0,61,Repair Labor & Services,998714,8909651482682
Bosch Heavy Duty Cabin/AC Filter - Active Carbon,AUTO-04268,GST,18,327.52,442.0,18,Filters & Consumables,8421,8909224117715
Shell Heavy Duty Coolant (Pre-mixed) - 3 Litre,AUTO-04269,GST,18,289.97,405.0,33,Lubricants & Fluids,2710,8902115219269
Monroe Brake Pad Set - Ceramic,AUTO-04270,GST,28,883.31,1041.0,11,Brakes & Suspension,8708,8909551310398
Elofic Heavy Duty Wiper Blade Set - Standard Frame,AUTO-04271,GST,18,367.92,500.0,24,Filters & Consumables,8421,8903075674537
General Periodic Service - SUV,AUTO-04272,GST,18,1410.68,3856.0,56,Repair Labor & Services,998714,8906385160312
Valeo Aftermarket Spark Plug Set - Platinum,AUTO-04273,GST,28,768.38,946.0,3,Engine & Transmission Parts,8708,8904540327415
Valvoline Aftermarket Brake Fluid DOT 4 - 250ml,AUTO-04274,GST,18,175.43,248.0,23,Lubricants & Fluids,2710,8907192074411
Valvoline Heavy Duty Semi-Synthetic Engine Oil - 15W-40 (4L),AUTO-04275,GST,18,1630.1,2327.0,33,Lubricants & Fluids,2710,8905381291660
Castrol Heavy Duty Gear Oil - 80W-90 (1L),AUTO-04276,GST,18,502.7,708.0,43,Lubricants & Fluids,2710,8900172151847
Servo Premium Power Steering Fluid - 500ml,AUTO-04277,GST,18,259.86,351.0,30,Lubricants & Fluids,2710,8901222649232
Bosch Performance Cabin/AC Filter - Active Carbon,AUTO-04278,GST,18,294.75,435.0,29,Filters & Consumables,8421,8908934764995
Rane Performance Brake Rotor/Disc - Vented,AUTO-04279,GST,28,1692.96,2067.0,12,Brakes & Suspension,8708,8904226716484
TRW Standard Shock Absorber - Gas Filled,AUTO-04280,GST,28,2374.72,2833.0,12,Brakes & Suspension,8708,8906260553855
Gulf Premium Transmission Fluid (ATF) - 1 Litre,AUTO-04281,GST,18,441.8,598.0,44,Lubricants & Fluids,2710,8904499585391
Valeo Heavy Duty Radiator Assembly - Aluminium,AUTO-04282,GST,28,3228.76,4118.0,3,Engine & Transmission Parts,8708,8902161762519
Bosch Aftermarket Engine Oil Filter - Spin-on,AUTO-04283,GST,18,210.83,302.0,48,Filters & Consumables,8421,8903312652810
Hyundai Mobis Spark Plug Set - Copper,AUTO-04284,GST,28,614.02,707.0,6,Engine & Transmission Parts,8708,8908404380086
K&N Performance Cabin/AC Filter - Standard,AUTO-04285,GST,18,302.58,431.0,39,Filters & Consumables,8421,8902233936469
Servo Genuine Transmission Fluid (ATF) - 5 Litre,AUTO-04286,GST,18,1268.17,1825.0,51,Lubricants & Fluids,2710,8902054888507
Brembo OEM Shock Absorber - Hydraulic,AUTO-04287,GST,28,2317.52,2895.0,11,Brakes & Suspension,8708,8900772692523
TVS Girling Genuine Tie Rod End - Right,AUTO-04288,GST,28,423.85,550.0,4,Brakes & Suspension,8708,8905070120084
Hyundai Mobis Fuel Injector - Diesel,AUTO-04289,GST,28,2506.3,2930.0,6,Engine & Transmission Parts,8708,8908599317858
Elofic Standard Fuel Filter - Petrol In-line,AUTO-04290,GST,18,414.52,568.0,49,Filters & Consumables,8421,8906767703737
Bosch Aftermarket Car Battery (DIN44) - Maintenance Free,AUTO-04291,GST,28,4353.48,5139.0,9,Tyres & Batteries,8507,8901999465012
Bosch Aftermarket Suspension Bush Kit - Polyurethane,AUTO-04292,GST,28,642.29,798.0,11,Brakes & Suspension,8708,8907083406262
Amaron Genuine Car Battery (DIN65) - 65 Ah,AUTO-04293,GST,28,5648.05,6725.0,9,Tyres & Batteries,8507,8907745994188
Monroe Premium Tie Rod End - Left,AUTO-04294,GST,28,566.6,668.0,2,Brakes & Suspension,8708,8907964481755
TRW OEM Shock Absorber - Gas Filled,AUTO-04295,GST,28,2505.9,3169.0,7,Brakes & Suspension,8708,8905250030897
Rane Premium Suspension Bush Kit - Rubber,AUTO-04296,GST,28,799.63,976.0,10,Brakes & Suspension,8708,8907033215836
TVS Girling Performance Brake Rotor/Disc - Vented,AUTO-04297,GST,28,1867.49,2390.0,9,Brakes & Suspension,8708,8904360489883
Monroe Brake Rotor/Disc - Vented,AUTO-04298,GST,28,2167.02,2595.0,8,Brakes & Suspension,8708,8900947188806
Denting & Painting (Per Panel) - Metallic/Pearl Color,AUTO-04299,GST,18,1080.16,3077.0,84,Repair Labor & Services,998714,8901429673074
Elofic Genuine Fuel Filter - Petrol In-line,AUTO-04300,GST,18,435.41,639.0,18,Filters & Consumables,8421,8907812779491
K&N Aftermarket Cabin/AC Filter - Active Carbon,AUTO-04301,GST,18,233.82,332.0,41,Filters & Consumables,8421,8902704914185
Bosch Heavy Duty Air Filter - Paper,AUTO-04302,GST,18,331.12,490.0,30,Filters & Consumables,8421,8901672900372
Denting & Painting (Per Panel) - Metallic/Pearl Color,AUTO-04303,GST,18,875.36,2956.0,42,Repair Labor & Services,998714,8901951307455
Gabriel Premium Brake Pad Set - Ceramic,AUTO-04304,GST,28,907.33,1127.0,4,Brakes & Suspension,8708,8900570839226
TRW Heavy Duty Wheel Bearing - Front,AUTO-04305,GST,28,784.84,962.0,5,Brakes & Suspension,8708,8907164294612
Denting & Painting (Per Panel) - Metallic/Pearl Color,AUTO-04306,GST,18,1118.64,3075.0,34,Repair Labor & Services,998714,8901603089925
Bosch Standard Engine Oil Filter - Spin-on,AUTO-04307,GST,18,213.35,314.0,21,Filters & Consumables,8421,8905308040276
Hyundai Mobis Ignition Coil - Single Pack,AUTO-04308,GST,28,1420.31,1833.0,11,Engine & Transmission Parts,8708,8903323454223
General Periodic Service - SUV,AUTO-04309,GST,18,1412.07,4625.0,59,Repair Labor & Services,998714,8902142765657
Hyundai Mobis Alternator - 90 Amp,AUTO-04310,GST,28,5879.97,7540.0,8,Engine & Transmission Parts,8708,8903502142106
General Periodic Service - Sedan,AUTO-04311,GST,18,891.64,3229.0,59,Repair Labor & Services,998714,8904558200941
Clutch Replacement Labor - Automatic,AUTO-04312,GST,18,1156.06,3541.0,86,Repair Labor & Services,998714,8904653709238
Engine Scanning & Diagnostics - OBD2 Scan,AUTO-04313,GST,18,266.86,735.0,41,Repair Labor & Services,998714,8906770989534
Bosch Wheel Bearing - Front,AUTO-04314,GST,28,818.61,965.0,7,Brakes & Suspension,8708,8908812155524
Bosch Premium Car Battery (DIN55) - 55 Ah,AUTO-04315,GST,28,4950.83,5845.0,3,Tyres & Batteries,8507,8906188041121
Brake Overhaul Labor - Front Axle,AUTO-04316,GST,18,377.42,1339.0,10,Repair Labor & Services,998714,8906102967469
K&N Heavy Duty Wiper Blade Set - Frameless,AUTO-04317,GST,18,335.74,489.0,21,Filters & Consumables,8421,8906393483557
Castrol Transmission Fluid (ATF) - 5 Litre,AUTO-04318,GST,18,959.68,1418.0,20,Lubricants & Fluids,2710,8907715564896
Shell Standard Semi-Synthetic Engine Oil - 10W-40 (3.5L),AUTO-04319,GST,18,1524.57,2161.0,29,Lubricants & Fluids,2710,8901815899609
Exide Genuine Car Battery (DIN65) - 65 Ah,AUTO-04320,GST,28,5657.26,6550.0,4,Tyres & Batteries,8507,8906204824015
TVS Girling OEM Suspension Bush Kit - Polyurethane,AUTO-04321,GST,28,594.17,742.0,11,Brakes & Suspension,8708,8907332471525
Exide Car Battery (DIN55) - Heavy Duty,AUTO-04322,GST,28,5257.58,6196.0,8,Tyres & Batteries,8507,8909728188584
Hyundai Mobis Radiator Assembly - Copper Core,AUTO-04323,GST,28,3462.95,3993.0,12,Engine & Transmission Parts,8708,8908573469867
Liqui Moly Performance Fully Synthetic Engine Oil - 5W-30 (3.5L),AUTO-04324,GST,18,4150.36,6001.0,24,Lubricants & Fluids,2710,8902709557720
Maruti Genuine Radiator Assembly - Copper Core,AUTO-04325,GST,28,4072.21,4947.0,5,Engine & Transmission Parts,8708,8905382018776
Wix Standard Engine Oil Filter - Spin-on,AUTO-04326,GST,18,211.23,316.0,19,Filters & Consumables,8421,8901530912707
Monroe Premium Suspension Bush Kit - Polyurethane,AUTO-04327,GST,28,903.9,1095.0,4,Brakes & Suspension,8708,8907244709967
Gulf OEM Fully Synthetic Engine Oil - 5W-40 (4L),AUTO-04328,GST,18,3970.81,5347.0,24,Lubricants & Fluids,2710,8905265557576
General Periodic Service - Hatchback,AUTO-04329,GST,18,572.05,2148.0,14,Repair Labor & Services,998714,8905655530407
Wheel Alignment & Balancing - 4 Wheels,AUTO-04330,GST,18,211.01,737.0,11,Repair Labor & Services,998714,8907593359242
Gabriel Aftermarket Shock Absorber - Hydraulic,AUTO-04331,GST,28,2294.98,2691.0,11,Brakes & Suspension,8708,8900171063781
Engine Scanning & Diagnostics - Full System Scan,AUTO-04332,GST,18,210.59,711.0,100,Repair Labor & Services,998714,8905434571284
Minda Performance Spark Plug Set - Iridium,AUTO-04333,GST,28,714.94,879.0,2,Engine & Transmission Parts,8708,8904919318732
Rane OEM Brake Rotor/Disc - Solid,AUTO-04334,GST,28,2027.03,2431.0,11,Brakes & Suspension,8708,8906233440593
Exide Heavy Duty Car Battery (DIN55) - 55 Ah,AUTO-04335,GST,28,4149.6,5195.0,9,Tyres & Batteries,8507,8903358058299
Amaron OEM Car Battery (DIN65) - SUV Specs,AUTO-04336,GST,28,11312.23,13919.0,7,Tyres & Batteries,8507,8909515567464
TRW Heavy Duty Brake Rotor/Disc - Solid,AUTO-04337,GST,28,1585.47,1922.0,8,Brakes & Suspension,8708,8904704870428
AC Gas Top-Up & Service - Standard,AUTO-04338,GST,18,439.39,1694.0,44,Repair Labor & Services,998714,8907633779938
Mahindra Genuine OEM Ignition Coil - Single Pack,AUTO-04339,GST,28,1250.73,1440.0,9,Engine & Transmission Parts,8708,8906049191799
Purolator Cabin/AC Filter - Active Carbon,AUTO-04340,GST,18,254.58,332.0,18,Filters & Consumables,8421,8902713622557
CEAT Heavy Duty Tubeless Tyre (14 inch) - 165/70 R14,AUTO-04341,GST,28,1915.39,2224.0,5,Tyres & Batteries,4011,8908869186607
Mahindra Genuine Timing Belt - Heavy Duty,AUTO-04342,GST,28,931.05,1106.0,8,Engine & Transmission Parts,8708,8908584536981
AC Gas Top-Up & Service - Standard,AUTO-04343,GST,18,452.17,1281.0,73,Repair Labor & Services,998714,8904923081079
Michelin Performance Tubeless Tyre (15 inch) - 185/60 R15,AUTO-04344,GST,28,3790.42,4853.0,11,Tyres & Batteries,4011,8900726745339
Bosch Cabin/AC Filter - Standard,AUTO-04345,GST,18,296.22,435.0,56,Filters & Consumables,8421,8902715227372
Brake Overhaul Labor - Front Axle,AUTO-04346,GST,18,270.06,1080.0,24,Repair Labor & Services,998714,8906813835817
Apollo Aftermarket Tubeless Tyre (14 inch) - 185/65 R14,AUTO-04347,GST,28,2330.35,2792.0,5,Tyres & Batteries,4011,8905783542113
AC Gas Top-Up & Service - Deep Clean,AUTO-04348,GST,18,339.11,1337.0,47,Repair Labor & Services,998714,8900057997984
TVS Girling Aftermarket Shock Absorber - Gas Filled,AUTO-04349,GST,28,2311.97,2991.0,3,Brakes & Suspension,8708,8901074655065
TVS Girling Premium Brake Rotor/Disc - Vented,AUTO-04350,GST,28,1813.29,2289.0,7,Brakes & Suspension,8708,8902320420422
Liqui Moly Standard Power Steering Fluid - 500ml,AUTO-04351,GST,18,247.37,368.0,33,Lubricants & Fluids,2710,8908501367245
Minda Premium Water Pump - OEM Specs,AUTO-04352,GST,28,2117.22,2719.0,10,Engine & Transmission Parts,8708,8907521932694
Valvoline OEM Brake Fluid DOT 4 - 250ml,AUTO-04353,GST,18,148.13,210.0,23,Lubricants & Fluids,2710,8900976583571
Brake Overhaul Labor - All 4 Wheels,AUTO-04354,GST,18,533.32,1750.0,86,Repair Labor & Services,998714,8902799793483
Gabriel Shock Absorber - Gas Filled,AUTO-04355,GST,28,2242.39,2714.0,11,Brakes & Suspension,8708,8900175017754
Mahle OEM Engine Oil Filter - Spin-on,AUTO-04356,GST,18,220.05,325.0,59,Filters & Consumables,8421,8908157366409
Engine Scanning & Diagnostics - OBD2 Scan,AUTO-04357,GST,18,238.89,604.0,82,Repair Labor & Services,998714,8900819704765
Bridgestone Premium Tubeless Tyre (16 inch) - 205/55 R16,AUTO-04358,GST,28,9280.07,11369.0,2,Tyres & Batteries,4011,8903721930418
Mahindra Genuine Premium Water Pump - Aftermarket,AUTO-04359,GST,28,2453.99,2927.0,4,Engine & Transmission Parts,8708,8900873843221
Valvoline Heavy Duty Semi-Synthetic Engine Oil - 15W-40 (4L),AUTO-04360,GST,18,1575.61,2326.0,46,Lubricants & Fluids,2710,8906825238154
Mahle Performance Air Filter - Paper,AUTO-04361,GST,18,394.79,577.0,37,Filters & Consumables,8421,8905383506541
TRW Tie Rod End - Left,AUTO-04362,GST,28,573.41,683.0,6,Brakes & Suspension,8708,8903297920222
LUK Premium Radiator Assembly - Copper Core,AUTO-04363,GST,28,4394.01,5156.0,12,Engine & Transmission Parts,8708,8902888970260
Maruti Genuine Water Pump - OEM Specs,AUTO-04364,GST,28,2636.23,3077.0,10,Engine & Transmission Parts,8708,8904106977753
Brembo Heavy Duty Tie Rod End - Right,AUTO-04365,GST,28,563.53,689.0,5,Brakes & Suspension,8708,8906421785722
Bosch Standard Car Battery (DIN65) - 65 Ah,AUTO-04366,GST,28,6540.43,7910.0,3,Tyres & Batteries,8507,8907423808691
Amaron OEM Car Battery (DIN55) - 55 Ah,AUTO-04367,GST,28,4515.71,5416.0,4,Tyres & Batteries,8507,8907537004102
Wheel Alignment & Balancing - 5 Wheels,AUTO-04368,GST,18,301.06,882.0,20,Repair Labor & Services,998714,8901692770389
Rane Heavy Duty Wheel Bearing - Front,AUTO-04369,GST,28,1125.66,1406.0,8,Brakes & Suspension,8708,8904903657168
Exide Heavy Duty Car Battery (DIN44) - 44 Ah,AUTO-04370,GST,28,4052.33,4706.0,3,Tyres & Batteries,8507,8908554057448
Purolator Air Filter - Paper,AUTO-04371,GST,18,274.74,402.0,45,Filters & Consumables,8421,8904907923285
Brembo Genuine Suspension Bush Kit - Polyurethane,AUTO-04372,GST,28,675.22,779.0,7,Brakes & Suspension,8708,8907620726693
Maruti Genuine Fuel Injector - Diesel,AUTO-04373,GST,28,3352.23,4074.0,7,Engine & Transmission Parts,8708,8903956394874
Brembo Standard Shock Absorber - Gas Filled,AUTO-04374,GST,28,2517.54,3118.0,5,Brakes & Suspension,8708,8904269263444
MRF OEM Tubeless Tyre (14 inch) - 185/65 R14,AUTO-04375,GST,28,2321.01,3016.0,7,Tyres & Batteries,4011,8908960193772
Amaron Genuine Car Battery (DIN44) - Maintenance Free,AUTO-04376,GST,28,3821.61,4968.0,9,Tyres & Batteries,8507,8903457107178
Tata Genuine Premium Fuel Injector - Petrol,AUTO-04377,GST,28,2482.64,2968.0,4,Engine & Transmission Parts,8708,8902314642020
K&N Genuine Cabin/AC Filter - Active Carbon,AUTO-04378,GST,18,308.71,448.0,37,Filters & Consumables,8421,8908134344776
Wheel Alignment & Balancing - 5 Wheels,AUTO-04379,GST,18,287.99,827.0,80,Repair Labor & Services,998714,8906120459776
Wix Standard Cabin/AC Filter - Standard,AUTO-04380,GST,18,266.35,395.0,16,Filters & Consumables,8421,8906925191155
Mahle Air Filter - Paper,AUTO-04381,GST,18,390.98,518.0,27,Filters & Consumables,8421,8906248046779
Brembo Performance Tie Rod End - Left,AUTO-04382,GST,28,624.32,723.0,12,Brakes & Suspension,8708,8907862631413
Castrol Performance Semi-Synthetic Engine Oil - 15W-40 (4L),AUTO-04383,GST,18,1090.45,1596.0,26,Lubricants & Fluids,2710,8900119067736
Apollo Tubeless Tyre (15 inch) - 195/60 R15,AUTO-04384,GST,28,4987.58,6083.0,3,Tyres & Batteries,4011,8901558497384
Bosch Premium Timing Belt - Standard,AUTO-04385,GST,28,1034.85,1212.0,4,Engine & Transmission Parts,8708,8904076678619
Exide Performance Car Battery (DIN44) - Maintenance Free,AUTO-04386,GST,28,3415.5,4030.0,5,Tyres & Batteries,8507,8903107476031
Hyundai Mobis Ignition Coil - Set of 4,AUTO-04387,GST,28,1441.48,1711.0,11,Engine & Transmission Parts,8708,8906414412757
Amaron Aftermarket Car Battery (DIN55) - 55 Ah,AUTO-04388,GST,28,5644.91,6540.0,11,Tyres & Batteries,8507,8903525120987
Gulf Brake Fluid DOT 4 - 500ml,AUTO-04389,GST,18,331.74,435.0,33,Lubricants & Fluids,2710,8907587012808
Purolator OEM Air Filter - Washable Cotton,AUTO-04390,GST,18,386.18,570.0,40,Filters & Consumables,8421,8903861010830
Maruti Genuine Radiator Assembly - Copper Core,AUTO-04391,GST,28,4581.3,5577.0,10,Engine & Transmission Parts,8708,8900056088638
General Periodic Service - SUV,AUTO-04392,GST,18,1101.4,3653.0,23,Repair Labor & Services,998714,8909447469057
Bridgestone OEM Tubeless Tyre (15 inch) - 195/60 R15,AUTO-04393,GST,28,3760.89,4507.0,8,Tyres & Batteries,4011,8908538933562
General Periodic Service - SUV,AUTO-04394,GST,18,920.5,3549.0,81,Repair Labor & Services,998714,8906318927869
Bridgestone Tubeless Tyre (16 inch) - 205/55 R16,AUTO-04395,GST,28,8483.62,10639.0,5,Tyres & Batteries,4011,8907995688085
Engine Scanning & Diagnostics - Full System Scan,AUTO-04396,GST,18,244.61,655.0,58,Repair Labor & Services,998714,8903487864801
Maruti Genuine Timing Belt - Standard,AUTO-04397,GST,28,1240.17,1452.0,8,Engine & Transmission Parts,8708,8904102205835
Bridgestone Premium Tubeless Tyre (16 inch) - 205/55 R16,AUTO-04398,GST,28,8447.92,9885.0,4,Tyres & Batteries,4011,8907382760670
Bosch OEM Cabin/AC Filter - Standard,AUTO-04399,GST,18,311.99,435.0,56,Filters & Consumables,8421,8909261198095
Wix Heavy Duty Engine Oil Filter - Cartridge,AUTO-04400,GST,18,217.94,294.0,27,Filters & Consumables,8421,8906736540197
TVS Girling Aftermarket Brake Pad Set - Front,AUTO-04401,GST,28,819.17,1032.0,9,Brakes & Suspension,8708,8902216317419
CEAT Tubeless Tyre (15 inch) - 195/60 R15,AUTO-04402,GST,28,3829.26,4564.0,2,Tyres & Batteries,4011,8909586354692
TRW Genuine Brake Rotor/Disc - Solid,AUTO-04403,GST,28,1712.09,2008.0,11,Brakes & Suspension,8708,8906639074266
Brembo Aftermarket Tie Rod End - Left,AUTO-04404,GST,28,429.15,550.0,2,Brakes & Suspension,8708,8900237060931
Motul Heavy Duty Coolant (Pre-mixed) - 1 Litre,AUTO-04405,GST,18,242.49,323.0,52,Lubricants & Fluids,2710,8903381894549
Mahle Aftermarket Engine Oil Filter - Cartridge,AUTO-04406,GST,18,170.7,240.0,36,Filters & Consumables,8421,8908972506713
Brembo Wheel Bearing - Front,AUTO-04407,GST,28,1067.21,1340.0,2,Brakes & Suspension,8708,8909031346443
Bosch Performance Car Battery (DIN65) - 65 Ah,AUTO-04408,GST,28,7083.97,8382.0,7,Tyres & Batteries,8507,8908332650901
Gabriel Standard Brake Pad Set - Ceramic,AUTO-04409,GST,28,1115.45,1372.0,5,Brakes & Suspension,8708,8906459030067
Michelin Standard Tubeless Tyre (14 inch) - 165/70 R14,AUTO-04410,GST,28,2334.94,2699.0,12,Tyres & Batteries,4011,8900656121747
Monroe Heavy Duty Suspension Bush Kit - Polyurethane,AUTO-04411,GST,28,725.91,839.0,8,Brakes & Suspension,8708,8908877275386
Elofic Premium Wiper Blade Set - Standard Frame,AUTO-04412,GST,18,482.25,647.0,34,Filters & Consumables,8421,8902180893169
CEAT Performance Tubeless Tyre (15 inch) - 185/60 R15,AUTO-04413,GST,28,5164.77,6173.0,12,Tyres & Batteries,4011,8900566807352
K&N Performance Cabin/AC Filter - Active Carbon,AUTO-04414,GST,18,306.12,436.0,58,Filters & Consumables,8421,8908053036100
Valvoline Performance Gear Oil - 80W-90 (1L),AUTO-04415,GST,18,362.2,539.0,21,Lubricants & Fluids,2710,8909950098726
Valvoline OEM Semi-Synthetic Engine Oil - 15W-40 (4L),AUTO-04416,GST,18,1342.81,1868.0,23,Lubricants & Fluids,2710,8900593541572
Gabriel Aftermarket Suspension Bush Kit - Rubber,AUTO-04417,GST,28,671.58,819.0,6,Brakes & Suspension,8708,8902589199597
Valvoline Standard Brake Fluid DOT 4 - 250ml,AUTO-04418,GST,18,174.09,255.0,39,Lubricants & Fluids,2710,8903160328889
Liqui Moly OEM Transmission Fluid (ATF) - 5 Litre,AUTO-04419,GST,18,1129.02,1674.0,23,Lubricants & Fluids,2710,8906352882808
TRW Standard Brake Rotor/Disc - Vented,AUTO-04420,GST,28,1649.69,2061.0,2,Brakes & Suspension,8708,8902520029890
Mobil 1 Premium Gear Oil - 75W-90 (1L),AUTO-04421,GST,18,465.69,656.0,35,Lubricants & Fluids,2710,8903467099785
Clutch Replacement Labor - Automatic,AUTO-04422,GST,18,1245.03,3578.0,93,Repair Labor & Services,998714,8902178888162
K&N Standard Fuel Filter - Diesel Cartridge,AUTO-04423,GST,18,582.84,774.0,30,Filters & Consumables,8421,8903844461179
AC Gas Top-Up & Service - Deep Clean,AUTO-04424,GST,18,518.65,1826.0,20,Repair Labor & Services,998714,8907049441536
Mahindra Genuine Heavy Duty Fuel Injector - Diesel,AUTO-04425,GST,28,2218.54,2827.0,4,Engine & Transmission Parts,8708,8901816704915
Purolator Engine Oil Filter - Spin-on,AUTO-04426,GST,18,172.97,227.0,39,Filters & Consumables,8421,8908516406400
Servo OEM Brake Fluid DOT 4 - 500ml,AUTO-04427,GST,18,309.75,411.0,25,Lubricants & Fluids,2710,8907294289811
K&N Aftermarket Cabin/AC Filter - Active Carbon,AUTO-04428,GST,18,286.84,403.0,30,Filters & Consumables,8421,8902595748591
Brembo Heavy Duty Suspension Bush Kit - Rubber,AUTO-04429,GST,28,670.5,808.0,10,Brakes & Suspension,8708,8902388187169
Valvoline Performance Gear Oil - 75W-90 (1L),AUTO-04430,GST,18,424.42,627.0,54,Lubricants & Fluids,2710,8902924768072
Liqui Moly Performance Gear Oil - 75W-90 (1L),AUTO-04431,GST,18,560.64,737.0,20,Lubricants & Fluids,2710,8905463676213
Clutch Replacement Labor - Manual,AUTO-04432,GST,18,1095.39,3207.0,100,Repair Labor & Services,998714,8909447272455
Brake Overhaul Labor - All 4 Wheels,AUTO-04433,GST,18,715.84,1902.0,46,Repair Labor & Services,998714,8908933363996
Valeo Spark Plug Set - Platinum,AUTO-04434,GST,28,557.62,721.0,11,Engine & Transmission Parts,8708,8909771944595
Brake Overhaul Labor - Front Axle,AUTO-04435,GST,18,304.38,1041.0,68,Repair Labor & Services,998714,8907418412640
Shell Heavy Duty Brake Fluid DOT 4 - 250ml,AUTO-04436,GST,18,226.83,301.0,44,Lubricants & Fluids,2710,8906973057218
Mahle Aftermarket Cabin/AC Filter - Standard,AUTO-04437,GST,18,304.14,401.0,40,Filters & Consumables,8421,8909174993945
Wheel Alignment & Balancing - 5 Wheels,AUTO-04438,GST,18,344.17,866.0,50,Repair Labor & Services,998714,8904700688730
Clutch Replacement Labor - Automatic,AUTO-04439,GST,18,998.68,3014.0,62,Repair Labor & Services,998714,8903364097628
Monroe Aftermarket Brake Pad Set - Ceramic,AUTO-04440,GST,28,1153.47,1423.0,4,Brakes & Suspension,8708,8906310968725
Castrol Standard Coolant (Pre-mixed) - 3 Litre,AUTO-04441,GST,18,334.76,492.0,48,Lubricants & Fluids,2710,8901682043281
Monroe OEM Suspension Bush Kit - Polyurethane,AUTO-04442,GST,28,801.03,1012.0,6,Brakes & Suspension,8708,8902789437887
Bosch Performance Brake Rotor/Disc - Solid,AUTO-04443,GST,28,2035.92,2366.0,2,Brakes & Suspension,8708,8906505809531
Mahle Performance Fuel Filter - Petrol In-line,AUTO-04444,GST,18,512.39,731.0,50,Filters & Consumables,8421,8908753407328
AC Gas Top-Up & Service - Deep Clean,AUTO-04445,GST,18,364.52,1372.0,77,Repair Labor & Services,998714,8901710822819
Castrol Standard Semi-Synthetic Engine Oil - 10W-40 (3.5L),AUTO-04446,GST,18,1426.22,1991.0,37,Lubricants & Fluids,2710,8909336783588
Gulf Genuine Brake Fluid DOT 4 - 250ml,AUTO-04447,GST,18,177.89,262.0,21,Lubricants & Fluids,2710,8903823119676
Brake Overhaul Labor - Rear Axle,AUTO-04448,GST,18,494.37,1500.0,58,Repair Labor & Services,998714,8903882822706
Engine Scanning & Diagnostics - Full System Scan,AUTO-04449,GST,18,240.34,686.0,78,Repair Labor & Services,998714,8904298507702
Monroe Premium Tie Rod End - Left,AUTO-04450,GST,28,592.15,704.0,8,Brakes & Suspension,8708,8903632015461
TVS Girling Aftermarket Shock Absorber - Gas Filled,AUTO-04451,GST,28,2589.22,3186.0,12,Brakes & Suspension,8708,8906731941949
Rane OEM Suspension Bush Kit - Rubber,AUTO-04452,GST,28,640.18,768.0,10,Brakes & Suspension,8708,8900202315218
Tata Genuine Standard Timing Belt - Standard,AUTO-04453,GST,28,1294.8,1519.0,3,Engine & Transmission Parts,8708,8908435973098
Tata Genuine Aftermarket Fuel Injector - Petrol,AUTO-04454,GST,28,2898.29,3415.0,2,Engine & Transmission Parts,8708,8901658456324
Servo Performance Gear Oil - 80W-90 (1L),AUTO-04455,GST,18,439.18,571.0,35,Lubricants & Fluids,2710,8906815409852
Hyundai Mobis Ignition Coil - Single Pack,AUTO-04456,GST,28,1162.62,1363.0,4,Engine & Transmission Parts,8708,8903467184461
Wheel Alignment & Balancing - 4 Wheels,AUTO-04457,GST,18,310.09,787.0,66,Repair Labor & Services,998714,8906674001847
Brake Overhaul Labor - Rear Axle,AUTO-04458,GST,18,334.45,1123.0,13,Repair Labor & Services,998714,8907124084765
General Periodic Service - SUV,AUTO-04459,GST,18,1471.93,4087.0,48,Repair Labor & Services,998714,8907180388143
Purolator Performance Engine Oil Filter - Cartridge,AUTO-04460,GST,18,213.1,285.0,18,Filters & Consumables,8421,8909600750797
Mobil 1 Semi-Synthetic Engine Oil - 10W-40 (3.5L),AUTO-04461,GST,18,1403.21,1940.0,46,Lubricants & Fluids,2710,8907481893016
Rane Standard Wheel Bearing - Rear (with ABS),AUTO-04462,GST,28,781.0,997.0,8,Brakes & Suspension,8708,8903361891355
Amaron Performance Car Battery (DIN65) - SUV Specs,AUTO-04463,GST,28,8570.39,10042.0,9,Tyres & Batteries,8507,8908184147623
MRF Tubeless Tyre (15 inch) - 185/60 R15,AUTO-04464,GST,28,4658.08,5772.0,8,Tyres & Batteries,4011,8901867716418
Mahindra Genuine Standard Alternator - 90 Amp,AUTO-04465,GST,28,6482.92,8110.0,11,Engine & Transmission Parts,8708,8901293632280
Wheel Alignment & Balancing - 5 Wheels,AUTO-04466,GST,18,256.65,962.0,37,Repair Labor & Services,998714,8904720967386
K&N Genuine Cabin/AC Filter - Standard,AUTO-04467,GST,18,256.35,356.0,39,Filters & Consumables,8421,8907039274991
Shell Transmission Fluid (ATF) - 1 Litre,AUTO-04468,GST,18,496.67,727.0,36,Lubricants & Fluids,2710,8903083360146
Purolator OEM Cabin/AC Filter - Standard,AUTO-04469,GST,18,318.19,448.0,50,Filters & Consumables,8421,8908827032248
Apollo Premium Tubeless Tyre (15 inch) - 185/60 R15,AUTO-04470,GST,28,4926.18,5997.0,7,Tyres & Batteries,4011,8905766394081
Bosch Standard Car Battery (DIN44) - Maintenance Free,AUTO-04471,GST,28,3881.34,4555.0,9,Tyres & Batteries,8507,8905947922701
Apollo Tubeless Tyre (16 inch) - 205/55 R16,AUTO-04472,GST,28,9573.74,11705.0,11,Tyres & Batteries,4011,8906337119351
Purolator OEM Wiper Blade Set - Standard Frame,AUTO-04473,GST,18,396.01,519.0,22,Filters & Consumables,8421,8907037613524
Gabriel Standard Brake Pad Set - Rear,AUTO-04474,GST,28,942.97,1198.0,10,Brakes & Suspension,8708,8904554272447
Shell Aftermarket Power Steering Fluid - 1 Litre,AUTO-04475,GST,18,243.56,321.0,48,Lubricants & Fluids,2710,8902923792599
Elofic Premium Fuel Filter - Diesel Cartridge,AUTO-04476,GST,18,508.77,664.0,20,Filters & Consumables,8421,8906558651150
Bosch OEM Shock Absorber - Hydraulic,AUTO-04477,GST,28,2752.57,3390.0,2,Brakes & Suspension,8708,8900660567721
Monroe Standard Brake Pad Set - Front,AUTO-04478,GST,28,1107.55,1416.0,10,Brakes & Suspension,8708,8900063993782
Monroe Premium Tie Rod End - Left,AUTO-04479,GST,28,541.42,673.0,9,Brakes & Suspension,8708,8908721916309
Tata Genuine Genuine Fuel Injector - Diesel,AUTO-04480,GST,28,3033.74,3503.0,9,Engine & Transmission Parts,8708,8902153570093
Liqui Moly Premium Fully Synthetic Engine Oil - 5W-40 (4L),AUTO-04481,GST,18,4934.8,6425.0,57,Lubricants & Fluids,2710,8905550187890
Maruti Genuine Water Pump - Aftermarket,AUTO-04482,GST,28,1976.25,2378.0,12,Engine & Transmission Parts,8708,8904334923212
Wheel Alignment & Balancing - 4 Wheels,AUTO-04483,GST,18,229.18,799.0,35,Repair Labor & Services,998714,8903036132276
General Periodic Service - Sedan,AUTO-04484,GST,18,1102.07,3191.0,73,Repair Labor & Services,998714,8903098110780
Brake Overhaul Labor - Rear Axle,AUTO-04485,GST,18,432.47,1279.0,36,Repair Labor & Services,998714,8903433578437
Valeo Heavy Duty Timing Belt - Standard,AUTO-04486,GST,28,868.59,1127.0,3,Engine & Transmission Parts,8708,8903637506050
Brembo OEM Wheel Bearing - Rear (with ABS),AUTO-04487,GST,28,1088.31,1380.0,3,Brakes & Suspension,8708,8906378457362
Shell Standard Fully Synthetic Engine Oil - 5W-30 (3.5L),AUTO-04488,GST,18,4435.78,5878.0,42,Lubricants & Fluids,2710,8900273226992
Bosch Premium Wiper Blade Set - Standard Frame,AUTO-04489,GST,18,319.53,454.0,15,Filters & Consumables,8421,8900975110293
Bosch Premium Car Battery (DIN65) - SUV Specs,AUTO-04490,GST,28,10562.98,13059.0,7,Tyres & Batteries,8507,8906789564598
Clutch Replacement Labor - Automatic,AUTO-04491,GST,18,862.67,3307.0,38,Repair Labor & Services,998714,8902928442213
Exide Heavy Duty Car Battery (DIN65) - 65 Ah,AUTO-04492,GST,28,5112.81,6066.0,5,Tyres & Batteries,8507,8900004295603
LUK Performance Radiator Assembly - Aluminium,AUTO-04493,GST,28,4567.02,5588.0,4,Engine & Transmission Parts,8708,8900207520025
Valvoline OEM Transmission Fluid (ATF) - 1 Litre,AUTO-04494,GST,18,490.46,680.0,42,Lubricants & Fluids,2710,8902314387443
Bosch Heavy Duty Engine Oil Filter - Cartridge,AUTO-04495,GST,18,226.26,322.0,23,Filters & Consumables,8421,8907630097632
Mobil 1 Coolant (Pre-mixed) - 1 Litre,AUTO-04496,GST,18,283.43,396.0,31,Lubricants & Fluids,2710,8908813914203
Mahle OEM Fuel Filter - Diesel Cartridge,AUTO-04497,GST,18,581.64,785.0,34,Filters & Consumables,8421,8900139887842
MRF Tubeless Tyre (15 inch) - 195/60 R15,AUTO-04498,GST,28,4193.3,5191.0,4,Tyres & Batteries,4011,8908408885638
LUK OEM Fuel Injector - Diesel,AUTO-04499,GST,28,2538.74,2939.0,6,Engine & Transmission Parts,8708,8901648515596
Liqui Moly Heavy Duty Power Steering Fluid - 500ml,AUTO-04500,GST,18,374.5,497.0,22,Lubricants & Fluids,2710,8908703950888
Bridgestone Performance Tubeless Tyre (15 inch) - 195/60 R15,AUTO-04501,GST,28,3975.97,4653.0,3,Tyres & Batteries,4011,8906980681356
Rane Aftermarket Wheel Bearing - Rear (with ABS),AUTO-04502,GST,28,803.03,1006.0,8,Brakes & Suspension,8708,8902655615772
Bosch OEM Wheel Bearing - Rear (with ABS),AUTO-04503,GST,28,1212.16,1418.0,6,Brakes & Suspension,8708,8908479270599
Servo Coolant (Pre-mixed) - 1 Litre,AUTO-04504,GST,18,222.25,299.0,18,Lubricants & Fluids,2710,8906844706740
MRF Genuine Tubeless Tyre (14 inch) - 165/70 R14,AUTO-04505,GST,28,1836.74,2252.0,12,Tyres & Batteries,4011,8900071106480
TRW Performance Brake Rotor/Disc - Vented,AUTO-04506,GST,28,2068.09,2536.0,11,Brakes & Suspension,8708,8909800881484
Bosch Genuine Car Battery (DIN55) - Heavy Duty,AUTO-04507,GST,28,5834.85,6998.0,3,Tyres & Batteries,8507,8901242296069
Minda Water Pump - OEM Specs,AUTO-04508,GST,28,2319.87,2926.0,11,Engine & Transmission Parts,8708,8905218667823
Brake Overhaul Labor - Rear Axle,AUTO-04509,GST,18,393.56,1252.0,100,Repair Labor & Services,998714,8905948637878
Gulf OEM Transmission Fluid (ATF) - 5 Litre,AUTO-04510,GST,18,1216.17,1802.0,48,Lubricants & Fluids,2710,8909724818706
Brembo Standard Suspension Bush Kit - Rubber,AUTO-04511,GST,28,925.9,1086.0,8,Brakes & Suspension,8708,8907326813615
Engine Scanning & Diagnostics - OBD2 Scan,AUTO-04512,GST,18,199.4,643.0,60,Repair Labor & Services,998714,8902028207495
Brake Overhaul Labor - Front Axle,AUTO-04513,GST,18,372.27,1068.0,28,Repair Labor & Services,998714,8904591231414
TVS Girling Performance Shock Absorber - Gas Filled,AUTO-04514,GST,28,2904.19,3451.0,7,Brakes & Suspension,8708,8901434382500
Amaron Premium Car Battery (DIN44) - 44 Ah,AUTO-04515,GST,28,3139.12,3701.0,3,Tyres & Batteries,8507,8905949283494
Gabriel Aftermarket Brake Rotor/Disc - Solid,AUTO-04516,GST,28,1902.88,2308.0,9,Brakes & Suspension,8708,8907149764236
Exide Heavy Duty Car Battery (DIN44) - 44 Ah,AUTO-04517,GST,28,3534.27,4161.0,6,Tyres & Batteries,8507,8901779211700
Mobil 1 Genuine Brake Fluid DOT 4 - 500ml,AUTO-04518,GST,18,229.92,300.0,25,Lubricants & Fluids,2710,8907172098402
Purolator Heavy Duty Wiper Blade Set - Standard Frame,AUTO-04519,GST,18,472.9,648.0,22,Filters & Consumables,8421,8901997178625
Denting & Painting (Per Panel) - Solid Color,AUTO-04520,GST,18,824.47,2584.0,79,Repair Labor & Services,998714,8906465045696
Tata Genuine Heavy Duty Water Pump - Aftermarket,AUTO-04521,GST,28,2010.61,2559.0,12,Engine & Transmission Parts,8708,8907492818711
Denting & Painting (Per Panel) - Metallic/Pearl Color,AUTO-04522,GST,18,859.08,2520.0,25,Repair Labor & Services,998714,8903311270645
Liqui Moly Premium Transmission Fluid (ATF) - 1 Litre,AUTO-04523,GST,18,434.41,615.0,53,Lubricants & Fluids,2710,8901030337991
Purolator Premium Wiper Blade Set - Standard Frame,AUTO-04524,GST,18,331.04,461.0,43,Filters & Consumables,8421,8900644093057
K&N Premium Engine Oil Filter - Cartridge,AUTO-04525,GST,18,176.77,256.0,40,Filters & Consumables,8421,8900054286357
Castrol OEM Power Steering Fluid - 1 Litre,AUTO-04526,GST,18,217.28,294.0,33,Lubricants & Fluids,2710,8901388258235
Mobil 1 Coolant (Pre-mixed) - 1 Litre,AUTO-04527,GST,18,211.08,297.0,18,Lubricants & Fluids,2710,8906177998904
Gabriel Premium Wheel Bearing - Front,AUTO-04528,GST,28,795.02,940.0,2,Brakes & Suspension,8708,8905950761404
Bosch OEM Car Battery (DIN55) - Heavy Duty,AUTO-04529,GST,28,4959.84,5748.0,5,Tyres & Batteries,8507,8903821092009
Valeo Aftermarket Spark Plug Set - Copper,AUTO-04530,GST,28,598.04,722.0,7,Engine & Transmission Parts,8708,8900989479398
Denting & Painting (Per Panel) - Metallic/Pearl Color,AUTO-04531,GST,18,923.31,3142.0,90,Repair Labor & Services,998714,8906109603382
Rane Aftermarket Brake Rotor/Disc - Vented,AUTO-04532,GST,28,1782.9,2107.0,7,Brakes & Suspension,8708,8905727059250
Engine Scanning & Diagnostics - Full System Scan,AUTO-04533,GST,18,165.25,566.0,56,Repair Labor & Services,998714,8907767788713
Mahindra Genuine Aftermarket Radiator Assembly - Copper Core,AUTO-04534,GST,28,3311.67,3828.0,8,Engine & Transmission Parts,8708,8903295689865
Mahle Genuine Wiper Blade Set - Frameless,AUTO-04535,GST,18,362.32,530.0,16,Filters & Consumables,8421,8906197500381
Denting & Painting (Per Panel) - Solid Color,AUTO-04536,GST,18,705.92,2356.0,10,Repair Labor & Services,998714,8901531500583
Shell Standard Brake Fluid DOT 4 - 500ml,AUTO-04537,GST,18,308.18,421.0,40,Lubricants & Fluids,2710,8901417843760
Minda Water Pump - Aftermarket,AUTO-04538,GST,28,2355.05,2889.0,3,Engine & Transmission Parts,8708,8906953524693
General Periodic Service - Sedan,AUTO-04539,GST,18,639.59,2494.0,12,Repair Labor & Services,998714,8904019395898
Mahindra Genuine Standard Radiator Assembly - Aluminium,AUTO-04540,GST,28,4578.11,5476.0,7,Engine & Transmission Parts,8708,8907434259512
Gabriel Aftermarket Suspension Bush Kit - Rubber,AUTO-04541,GST,28,752.76,946.0,12,Brakes & Suspension,8708,8908210628685
TVS Girling Premium Wheel Bearing - Front,AUTO-04542,GST,28,1083.97,1283.0,11,Brakes & Suspension,8708,8900132570441
Mobil 1 Heavy Duty Semi-Synthetic Engine Oil - 15W-40 (4L),AUTO-04543,GST,18,1667.61,2174.0,36,Lubricants & Fluids,2710,8909588855739
Gabriel Aftermarket Suspension Bush Kit - Rubber,AUTO-04544,GST,28,799.31,967.0,10,Brakes & Suspension,8708,8905502625991
Shell Heavy Duty Power Steering Fluid - 1 Litre,AUTO-04545,GST,18,230.24,337.0,53,Lubricants & Fluids,2710,8905691720703
Wix Fuel Filter - Petrol In-line,AUTO-04546,GST,18,453.12,609.0,18,Filters & Consumables,8421,8901527737481
Mahindra Genuine Spark Plug Set - Copper,AUTO-04547,GST,28,682.44,872.0,7,Engine & Transmission Parts,8708,8902918440900
Bosch Aftermarket Shock Absorber - Hydraulic,AUTO-04548,GST,28,2286.13,2788.0,3,Brakes & Suspension,8708,8903022037354
Maruti Genuine Radiator Assembly - Aluminium,AUTO-04549,GST,28,4695.55,5400.0,3,Engine & Transmission Parts,8708,8906478506093
Monroe Genuine Brake Pad Set - Ceramic,AUTO-04550,GST,28,940.12,1211.0,3,Brakes & Suspension,8708,8900214654819
Wheel Alignment & Balancing - 4 Wheels,AUTO-04551,GST,18,312.59,965.0,18,Repair Labor & Services,998714,8905250191779
Amaron Premium Car Battery (DIN44) - Maintenance Free,AUTO-04552,GST,28,3546.19,4451.0,2,Tyres & Batteries,8507,8906225017759
Hyundai Mobis Spark Plug Set - Copper,AUTO-04553,GST,28,800.44,1032.0,5,Engine & Transmission Parts,8708,8909360447070
K&N Engine Oil Filter - Cartridge,AUTO-04554,GST,18,190.65,282.0,23,Filters & Consumables,8421,8907398311259
Bridgestone OEM Tubeless Tyre (15 inch) - 195/60 R15,AUTO-04555,GST,28,4556.3,5606.0,2,Tyres & Batteries,4011,8901624445169
Purolator Premium Air Filter - Washable Cotton,AUTO-04556,GST,18,330.8,432.0,49,Filters & Consumables,8421,8904978531502
Denting & Painting (Per Panel) - Metallic/Pearl Color,AUTO-04557,GST,18,706.2,2759.0,24,Repair Labor & Services,998714,8909165459480
Bosch Aftermarket Engine Oil Filter - Cartridge,AUTO-04558,GST,18,210.87,295.0,36,Filters & Consumables,8421,8908607250933
Denting & Painting (Per Panel) - Solid Color,AUTO-04559,GST,18,616.64,2292.0,80,Repair Labor & Services,998714,8902205384528
Minda Spark Plug Set - Copper,AUTO-04560,GST,28,679.25,865.0,9,Engine & Transmission Parts,8708,8905232661038
TVS Girling Genuine Brake Pad Set - Ceramic,AUTO-04561,GST,28,880.08,1113.0,2,Brakes & Suspension,8708,8902551309996
Gabriel Genuine Shock Absorber - Gas Filled,AUTO-04562,GST,28,2211.1,2746.0,9,Brakes & Suspension,8708,8900703456215
Gulf Standard Semi-Synthetic Engine Oil - 15W-40 (4L),AUTO-04563,GST,18,1124.75,1654.0,40,Lubricants & Fluids,2710,8909195759419
AC Gas Top-Up & Service - Deep Clean,AUTO-04564,GST,18,716.88,1845.0,51,Repair Labor & Services,998714,8904782924098
Bosch OEM Car Battery (DIN44) - Maintenance Free,AUTO-04565,GST,28,3070.26,3774.0,9,Tyres & Batteries,8507,8900074989006
Bosch Heavy Duty Water Pump - OEM Specs,AUTO-04566,GST,28,1869.85,2254.0,9,Engine & Transmission Parts,8708,8907521635924
AC Gas Top-Up & Service - Deep Clean,AUTO-04567,GST,18,397.24,1579.0,49,Repair Labor & Services,998714,8907889155939
Bosch Performance Car Battery (DIN44) - Maintenance Free,AUTO-04568,GST,28,4507.42,5263.0,6,Tyres & Batteries,8507,8902580742212
Minda Genuine Ignition Coil - Single Pack,AUTO-04569,GST,28,1100.41,1283.0,7,Engine & Transmission Parts,8708,8902323291420
Motul Performance Coolant (Pre-mixed) - 1 Litre,AUTO-04570,GST,18,220.12,299.0,15,Lubricants & Fluids,2710,8907184660903
General Periodic Service - SUV,AUTO-04571,GST,18,1285.46,4475.0,37,Repair Labor & Services,998714,8903139360572
Denting & Painting (Per Panel) - Metallic/Pearl Color,AUTO-04572,GST,18,731.47,2225.0,96,Repair Labor & Services,998714,8906762386582
Bosch Genuine Engine Oil Filter - Spin-on,AUTO-04573,GST,18,221.31,310.0,27,Filters & Consumables,8421,8900387942634
Maruti Genuine Spark Plug Set - Platinum,AUTO-04574,GST,28,678.39,814.0,12,Engine & Transmission Parts,8708,8906983229918
LUK OEM Clutch Plate Assembly - SUV,AUTO-04575,GST,28,5506.52,6798.0,3,Engine & Transmission Parts,8708,8907701982771
Elofic Cabin/AC Filter - Active Carbon,AUTO-04576,GST,18,254.21,379.0,50,Filters & Consumables,8421,8907661217744
Motul Performance Brake Fluid DOT 4 - 500ml,AUTO-04577,GST,18,274.04,368.0,45,Lubricants & Fluids,2710,8905982481328
Bosch Performance Timing Belt - Standard,AUTO-04578,GST,28,1016.03,1210.0,6,Engine & Transmission Parts,8708,8905735264071
AC Gas Top-Up & Service - Standard,AUTO-04579,GST,18,465.3,1348.0,57,Repair Labor & Services,998714,8902740456454
TVS Girling Premium Wheel Bearing - Front,AUTO-04580,GST,28,827.8,1053.0,8,Brakes & Suspension,8708,8905129472992
Bosch Premium Air Filter - Washable Cotton,AUTO-04581,GST,18,378.75,565.0,17,Filters & Consumables,8421,8909511391222
Wix Performance Fuel Filter - Petrol In-line,AUTO-04582,GST,18,490.47,714.0,37,Filters & Consumables,8421,8901187422318
Shell Aftermarket Fully Synthetic Engine Oil - 5W-30 (3.5L),AUTO-04583,GST,18,4224.41,5788.0,16,Lubricants & Fluids,2710,8903409718148
Servo Aftermarket Semi-Synthetic Engine Oil - 15W-40 (4L),AUTO-04584,GST,18,1474.85,2047.0,56,Lubricants & Fluids,2710,8904818731785
Gabriel Standard Suspension Bush Kit - Rubber,AUTO-04585,GST,28,609.15,785.0,6,Brakes & Suspension,8708,8906851926175
Clutch Replacement Labor - Automatic,AUTO-04586,GST,18,1032.97,3685.0,30,Repair Labor & Services,998714,8909003916102
Michelin OEM Tubeless Tyre (14 inch) - 165/70 R14,AUTO-04587,GST,28,1838.58,2120.0,9,Tyres & Batteries,4011,8908737480521
Brake Overhaul Labor - All 4 Wheels,AUTO-04588,GST,18,536.41,1743.0,40,Repair Labor & Services,998714,8909701631629
Motul Fully Synthetic Engine Oil - 5W-40 (4L),AUTO-04589,GST,18,3342.72,4610.0,46,Lubricants & Fluids,2710,8906741660648
Servo Standard Power Steering Fluid - 1 Litre,AUTO-04590,GST,18,237.22,322.0,18,Lubricants & Fluids,2710,8904988645386
CEAT OEM Tubeless Tyre (16 inch) - 205/55 R16,AUTO-04591,GST,28,8412.9,10791.0,9,Tyres & Batteries,4011,8906673155254
Hyundai Mobis Radiator Assembly - Aluminium,AUTO-04592,GST,28,3300.81,3984.0,10,Engine & Transmission Parts,8708,8901868506345
Michelin Tubeless Tyre (16 inch) - 205/55 R16,AUTO-04593,GST,28,7656.66,9137.0,12,Tyres & Batteries,4011,8906882634242
Bosch Tie Rod End - Left,AUTO-04594,GST,28,445.13,513.0,4,Brakes & Suspension,8708,8905136272586
LUK Standard Timing Belt - Standard,AUTO-04595,GST,28,832.6,1026.0,10,Engine & Transmission Parts,8708,8907426154712
Tata Genuine Performance Water Pump - Aftermarket,AUTO-04596,GST,28,2237.14,2637.0,4,Engine & Transmission Parts,8708,8900061193689
Mobil 1 Standard Transmission Fluid (ATF) - 5 Litre,AUTO-04597,GST,18,1277.65,1860.0,15,Lubricants & Fluids,2710,8902335235845
Michelin Standard Tubeless Tyre (15 inch) - 195/60 R15,AUTO-04598,GST,28,3532.34,4215.0,3,Tyres & Batteries,4011,8906981555613
Amaron Standard Car Battery (DIN65) - 65 Ah,AUTO-04599,GST,28,6028.64,7757.0,3,Tyres & Batteries,8507,8900424258465
Exide Heavy Duty Car Battery (DIN55) - 55 Ah,AUTO-04600,GST,28,5525.38,6635.0,3,Tyres & Batteries,8507,8907685384994
Mahindra Genuine Aftermarket Ignition Coil - Set of 4,AUTO-04601,GST,28,1232.56,1591.0,4,Engine & Transmission Parts,8708,8908092771400
Clutch Replacement Labor - Automatic,AUTO-04602,GST,18,942.13,3058.0,79,Repair Labor & Services,998714,8901736188575
Bosch OEM Shock Absorber - Gas Filled,AUTO-04603,GST,28,2235.21,2872.0,12,Brakes & Suspension,8708,8900118082954
Denting & Painting (Per Panel) - Metallic/Pearl Color,AUTO-04604,GST,18,567.17,2219.0,20,Repair Labor & Services,998714,8902159463338
Hyundai Mobis Spark Plug Set - Iridium,AUTO-04605,GST,28,802.39,1032.0,2,Engine & Transmission Parts,8708,8901770690533
Purolator Genuine Engine Oil Filter - Spin-on,AUTO-04606,GST,18,163.76,238.0,54,Filters & Consumables,8421,8908651436462
Amaron Performance Car Battery (DIN65) - 65 Ah,AUTO-04607,GST,28,6777.26,7977.0,11,Tyres & Batteries,8507,8900926712584
Mahindra Genuine Premium Ignition Coil - Set of 4,AUTO-04608,GST,28,1295.06,1617.0,2,Engine & Transmission Parts,8708,8907354600797
General Periodic Service - SUV,AUTO-04609,GST,18,1527.45,4820.0,54,Repair Labor & Services,998714,8906449255933
Valvoline Standard Transmission Fluid (ATF) - 5 Litre,AUTO-04610,GST,18,1133.33,1487.0,23,Lubricants & Fluids,2710,8902097646531
Brake Overhaul Labor - All 4 Wheels,AUTO-04611,GST,18,650.04,2226.0,82,Repair Labor & Services,998714,8906274233412
Michelin Heavy Duty Tubeless Tyre (15 inch) - 185/60 R15,AUTO-04612,GST,28,3388.31,4131.0,4,Tyres & Batteries,4011,8906968575391
Wix Heavy Duty Wiper Blade Set - Frameless,AUTO-04613,GST,18,410.62,565.0,53,Filters & Consumables,8421,8903327661639
Amaron OEM Car Battery (DIN55) - 55 Ah,AUTO-04614,GST,28,3985.95,5050.0,7,Tyres & Batteries,8507,8901257481532
Valvoline Genuine Gear Oil - 80W-90 (1L),AUTO-04615,GST,18,521.44,741.0,21,Lubricants & Fluids,2710,8908085542060
Exide Genuine Car Battery (DIN55) - 55 Ah,AUTO-04616,GST,28,3934.3,4811.0,11,Tyres & Batteries,8507,8904935061772
Gabriel Brake Rotor/Disc - Vented,AUTO-04617,GST,28,1900.65,2218.0,6,Brakes & Suspension,8708,8908657968103
TVS Girling Standard Brake Rotor/Disc - Vented,AUTO-04618,GST,28,1531.46,1873.0,12,Brakes & Suspension,8708,8902815954312
Valvoline Premium Coolant (Pre-mixed) - 3 Litre,AUTO-04619,GST,18,355.89,524.0,33,Lubricants & Fluids,2710,8900437814119
Liqui Moly Genuine Gear Oil - 80W-90 (1L),AUTO-04620,GST,18,509.67,752.0,41,Lubricants & Fluids,2710,8903405130057
Brembo Heavy Duty Tie Rod End - Right,AUTO-04621,GST,28,432.73,561.0,3,Brakes & Suspension,8708,8908233167162
Amaron Car Battery (DIN44) - 44 Ah,AUTO-04622,GST,28,3204.49,4152.0,6,Tyres & Batteries,8507,8904233521560
Brembo Standard Wheel Bearing - Front,AUTO-04623,GST,28,1064.32,1372.0,9,Brakes & Suspension,8708,8904687927185
Motul Premium Semi-Synthetic Engine Oil - 15W-40 (4L),AUTO-04624,GST,18,1239.88,1699.0,52,Lubricants & Fluids,2710,8907978087841
Elofic Heavy Duty Fuel Filter - Diesel Cartridge,AUTO-04625,GST,18,495.67,733.0,42,Filters & Consumables,8421,8909394995720
TVS Girling Aftermarket Brake Rotor/Disc - Solid,AUTO-04626,GST,28,1664.79,1990.0,3,Brakes & Suspension,8708,8901468138933
Minda Standard Alternator - 90 Amp,AUTO-04627,GST,28,6095.01,7206.0,7,Engine & Transmission Parts,8708,8902493710417
Bosch OEM Wiper Blade Set - Standard Frame,AUTO-04628,GST,18,460.74,622.0,15,Filters & Consumables,8421,8901640403976
TVS Girling Premium Brake Pad Set - Ceramic,AUTO-04629,GST,28,1086.93,1256.0,5,Brakes & Suspension,8708,8908911482199
LUK Aftermarket Clutch Plate Assembly - Sedan,AUTO-04630,GST,28,3581.45,4255.0,6,Engine & Transmission Parts,8708,8901850166415
Maruti Genuine Ignition Coil - Set of 4,AUTO-04631,GST,28,1402.41,1631.0,12,Engine & Transmission Parts,8708,8903431532931
Shell Aftermarket Transmission Fluid (ATF) - 1 Litre,AUTO-04632,GST,18,563.52,756.0,60,Lubricants & Fluids,2710,8909634726247
Minda Performance Timing Belt - Heavy Duty,AUTO-04633,GST,28,1278.34,1502.0,12,Engine & Transmission Parts,8708,8907308724036
Castrol Performance Fully Synthetic Engine Oil - 5W-30 (3.5L),AUTO-04634,GST,18,4362.79,6249.0,15,Lubricants & Fluids,2710,8906467651727
Denting & Painting (Per Panel) - Metallic/Pearl Color,AUTO-04635,GST,18,862.36,2302.0,26,Repair Labor & Services,998714,8903655644149
TVS Girling Performance Brake Pad Set - Front,AUTO-04636,GST,28,1143.88,1353.0,10,Brakes & Suspension,8708,8902403092283
Shell Standard Coolant (Pre-mixed) - 3 Litre,AUTO-04637,GST,18,329.98,457.0,16,Lubricants & Fluids,2710,8909066958049
Castrol Standard Coolant (Pre-mixed) - 3 Litre,AUTO-04638,GST,18,303.37,446.0,19,Lubricants & Fluids,2710,8905717923002
Bridgestone Aftermarket Tubeless Tyre (15 inch) - 185/60 R15,AUTO-04639,GST,28,3897.84,4656.0,7,Tyres & Batteries,4011,8900742982803
Engine Scanning & Diagnostics - Full System Scan,AUTO-04640,GST,18,217.56,561.0,18,Repair Labor & Services,998714,8900568977903
Clutch Replacement Labor - Automatic,AUTO-04641,GST,18,1278.54,3454.0,95,Repair Labor & Services,998714,8902169689286
Amaron Heavy Duty Car Battery (DIN55) - Heavy Duty,AUTO-04642,GST,28,4581.77,5913.0,11,Tyres & Batteries,8507,8906357223152
General Periodic Service - Sedan,AUTO-04643,GST,18,841.16,2793.0,50,Repair Labor & Services,998714,8907581001544
Mahle Standard Engine Oil Filter - Spin-on,AUTO-04644,GST,18,231.04,323.0,45,Filters & Consumables,8421,8909848002032
Bosch Car Battery (DIN65) - 65 Ah,AUTO-04645,GST,28,6373.24,8149.0,3,Tyres & Batteries,8507,8907832250915
Brake Overhaul Labor - Front Axle,AUTO-04646,GST,18,410.56,1116.0,41,Repair Labor & Services,998714,8902601754269
Engine Scanning & Diagnostics - OBD2 Scan,AUTO-04647,GST,18,147.8,570.0,83,Repair Labor & Services,998714,8901242348390
General Periodic Service - SUV,AUTO-04648,GST,18,1539.77,4786.0,100,Repair Labor & Services,998714,8907278573023
Engine Scanning & Diagnostics - Full System Scan,AUTO-04649,GST,18,219.11,693.0,44,Repair Labor & Services,998714,8906733909213
General Periodic Service - Hatchback,AUTO-04650,GST,18,662.18,2138.0,11,Repair Labor & Services,998714,8903169474341
Michelin Tubeless Tyre (14 inch) - 185/65 R14,AUTO-04651,GST,28,2373.3,3001.0,7,Tyres & Batteries,4011,8901502186459
Apollo OEM Tubeless Tyre (14 inch) - 185/65 R14,AUTO-04652,GST,28,1796.52,2176.0,5,Tyres & Batteries,4011,8908618908540
General Periodic Service - Hatchback,AUTO-04653,GST,18,796.71,2257.0,51,Repair Labor & Services,998714,8905995397205
Purolator Standard Engine Oil Filter - Cartridge,AUTO-04654,GST,18,236.84,308.0,26,Filters & Consumables,8421,8902597396707
Bosch OEM Alternator - 90 Amp,AUTO-04655,GST,28,6621.02,7699.0,5,Engine & Transmission Parts,8708,8900322323543
Rane Performance Suspension Bush Kit - Rubber,AUTO-04656,GST,28,660.38,802.0,7,Brakes & Suspension,8708,8906026741216
Gabriel Performance Brake Rotor/Disc - Solid,AUTO-04657,GST,28,2027.48,2448.0,4,Brakes & Suspension,8708,8902397248439
Wix Premium Engine Oil Filter - Cartridge,AUTO-04658,GST,18,213.21,302.0,52,Filters & Consumables,8421,8901051507108
Tata Genuine Performance Fuel Injector - Diesel,AUTO-04659,GST,28,2840.42,3548.0,7,Engine & Transmission Parts,8708,8901532092835
Bosch Performance Brake Rotor/Disc - Solid,AUTO-04660,GST,28,1617.03,1879.0,4,Brakes & Suspension,8708,8908006486157
Clutch Replacement Labor - Manual,AUTO-04661,GST,18,953.37,3397.0,93,Repair Labor & Services,998714,8906492896389
Engine Scanning & Diagnostics - Full System Scan,AUTO-04662,GST,18,163.5,583.0,58,Repair Labor & Services,998714,8909930054764
Rane Standard Shock Absorber - Hydraulic,AUTO-04663,GST,28,2073.15,2559.0,10,Brakes & Suspension,8708,8901832551266
General Periodic Service - Sedan,AUTO-04664,GST,18,1122.88,3072.0,68,Repair Labor & Services,998714,8902136908660
Brembo Heavy Duty Tie Rod End - Right,AUTO-04665,GST,28,440.44,530.0,2,Brakes & Suspension,8708,8901240403417
Purolator OEM Wiper Blade Set - Standard Frame,AUTO-04666,GST,18,335.72,470.0,45,Filters & Consumables,8421,8909386404704
TVS Girling Genuine Wheel Bearing - Rear (with ABS),AUTO-04667,GST,28,1055.52,1292.0,10,Brakes & Suspension,8708,8906359430122
Elofic Performance Cabin/AC Filter - Standard,AUTO-04668,GST,18,246.21,336.0,27,Filters & Consumables,8421,8901870509822
Tata Genuine Heavy Duty Water Pump - Aftermarket,AUTO-04669,GST,28,1970.91,2320.0,2,Engine & Transmission Parts,8708,8908407493834
Tata Genuine Aftermarket Water Pump - OEM Specs,AUTO-04670,GST,28,1967.35,2485.0,10,Engine & Transmission Parts,8708,8907440291332
Monroe Heavy Duty Suspension Bush Kit - Polyurethane,AUTO-04671,GST,28,804.56,947.0,3,Brakes & Suspension,8708,8909165806438
Gulf Aftermarket Gear Oil - 80W-90 (1L),AUTO-04672,GST,18,482.37,676.0,40,Lubricants & Fluids,2710,8903180583097
Elofic Genuine Engine Oil Filter - Cartridge,AUTO-04673,GST,18,172.39,235.0,46,Filters & Consumables,8421,8907318859377
Shell Standard Semi-Synthetic Engine Oil - 15W-40 (4L),AUTO-04674,GST,18,1446.95,2046.0,35,Lubricants & Fluids,2710,8903324335069
CEAT Heavy Duty Tubeless Tyre (16 inch) - 205/55 R16,AUTO-04675,GST,28,9866.63,12263.0,4,Tyres & Batteries,4011,8905471278066
Servo Genuine Transmission Fluid (ATF) - 5 Litre,AUTO-04676,GST,18,1199.27,1749.0,59,Lubricants & Fluids,2710,8906892685512
Purolator Heavy Duty Engine Oil Filter - Spin-on,AUTO-04677,GST,18,188.53,260.0,29,Filters & Consumables,8421,8907055456515
Motul Aftermarket Power Steering Fluid - 1 Litre,AUTO-04678,GST,18,245.89,354.0,49,Lubricants & Fluids,2710,8906145094138
Brembo Standard Shock Absorber - Gas Filled,AUTO-04679,GST,28,2817.55,3276.0,2,Brakes & Suspension,8708,8901190504428
Tata Genuine Premium Spark Plug Set - Platinum,AUTO-04680,GST,28,743.59,914.0,2,Engine & Transmission Parts,8708,8906355197263
Servo Genuine Brake Fluid DOT 4 - 500ml,AUTO-04681,GST,18,252.42,356.0,33,Lubricants & Fluids,2710,8907682584597
Brembo Premium Brake Pad Set - Rear,AUTO-04682,GST,28,933.03,1085.0,2,Brakes & Suspension,8708,8900268496777
Wix Premium Engine Oil Filter - Spin-on,AUTO-04683,GST,18,155.13,227.0,40,Filters & Consumables,8421,8903775557943
Minda Alternator - 120 Amp,AUTO-04684,GST,28,6958.6,8098.0,4,Engine & Transmission Parts,8708,8905352293862
Michelin Heavy Duty Tubeless Tyre (14 inch) - 185/65 R14,AUTO-04685,GST,28,1941.15,2457.0,12,Tyres & Batteries,4011,8907275131586
TRW OEM Brake Pad Set - Rear,AUTO-04686,GST,28,1210.41,1547.0,11,Brakes & Suspension,8708,8904778540794
Shell Standard Transmission Fluid (ATF) - 1 Litre,AUTO-04687,GST,18,418.87,560.0,28,Lubricants & Fluids,2710,8906462850696
Wix Genuine Air Filter - Paper,AUTO-04688,GST,18,392.09,576.0,44,Filters & Consumables,8421,8904055037501
General Periodic Service - Sedan,AUTO-04689,GST,18,1042.86,2675.0,71,Repair Labor & Services,998714,8908712372873
Liqui Moly Genuine Coolant (Pre-mixed) - 3 Litre,AUTO-04690,GST,18,304.62,434.0,37,Lubricants & Fluids,2710,8903999095471
Wix OEM Fuel Filter - Diesel Cartridge,AUTO-04691,GST,18,488.27,676.0,33,Filters & Consumables,8421,8904899615160
Bosch Heavy Duty Spark Plug Set - Platinum,AUTO-04692,GST,28,659.16,811.0,7,Engine & Transmission Parts,8708,8901006707603
AC Gas Top-Up & Service - Deep Clean,AUTO-04693,GST,18,369.87,1288.0,99,Repair Labor & Services,998714,8907341527421
Gabriel Heavy Duty Brake Pad Set - Front,AUTO-04694,GST,28,1238.15,1537.0,6,Brakes & Suspension,8708,8903801808753
Mahle Genuine Engine Oil Filter - Spin-on,AUTO-04695,GST,18,144.71,215.0,42,Filters & Consumables,8421,8907458618942
Tata Genuine Water Pump - Aftermarket,AUTO-04696,GST,28,2096.45,2690.0,2,Engine & Transmission Parts,8708,8902825365522
Maruti Genuine Radiator Assembly - Copper Core,AUTO-04697,GST,28,3654.42,4298.0,7,Engine & Transmission Parts,8708,8901571619546
Bosch Standard Air Filter - Paper,AUTO-04698,GST,18,435.95,576.0,38,Filters & Consumables,8421,8900711383514
Bosch Cabin/AC Filter - Active Carbon,AUTO-04699,GST,18,255.83,360.0,49,Filters & Consumables,8421,8908547620693
AC Gas Top-Up & Service - Deep Clean,AUTO-04700,GST,18,561.48,1418.0,96,Repair Labor & Services,998714,8902197617432
Mahle Aftermarket Engine Oil Filter - Cartridge,AUTO-04701,GST,18,226.62,303.0,38,Filters & Consumables,8421,8901458850182
Exide OEM Car Battery (DIN55) - 55 Ah,AUTO-04702,GST,28,6024.64,6979.0,8,Tyres & Batteries,8507,8903900199073
Exide Standard Car Battery (DIN55) - 55 Ah,AUTO-04703,GST,28,5489.82,6808.0,8,Tyres & Batteries,8507,8900771872970
Bosch Performance Shock Absorber - Gas Filled,AUTO-04704,GST,28,2402.56,3067.0,12,Brakes & Suspension,8708,8908202446943
Exide Aftermarket Car Battery (DIN44) - Maintenance Free,AUTO-04705,GST,28,3418.15,4183.0,10,Tyres & Batteries,8507,8903042145382
Brembo Heavy Duty Brake Rotor/Disc - Vented,AUTO-04706,GST,28,2233.72,2581.0,11,Brakes & Suspension,8708,8903868226723
Valvoline Standard Fully Synthetic Engine Oil - 5W-30 (3.5L),AUTO-04707,GST,18,3632.83,4794.0,46,Lubricants & Fluids,2710,8905629788235
Shell Standard Fully Synthetic Engine Oil - 5W-40 (4L),AUTO-04708,GST,18,4416.28,6365.0,39,Lubricants & Fluids,2710,8909048835634
Purolator OEM Fuel Filter - Petrol In-line,AUTO-04709,GST,18,576.59,804.0,20,Filters & Consumables,8421,8900869654065
Bosch Performance Water Pump - OEM Specs,AUTO-04710,GST,28,2156.52,2578.0,3,Engine & Transmission Parts,8708,8904077142105
Shell Heavy Duty Brake Fluid DOT 4 - 250ml,AUTO-04711,GST,18,183.39,257.0,60,Lubricants & Fluids,2710,8904979922910
Clutch Replacement Labor - Manual,AUTO-04712,GST,18,967.48,3678.0,95,Repair Labor & Services,998714,8908599192892
Hyundai Mobis Alternator - 120 Amp,AUTO-04713,GST,28,6981.73,8267.0,10,Engine & Transmission Parts,8708,8903478626461
General Periodic Service - Sedan,AUTO-04714,GST,18,705.75,2200.0,53,Repair Labor & Services,998714,8900350907861
Mahindra Genuine Clutch Plate Assembly - SUV,AUTO-04715,GST,28,5070.05,5846.0,6,Engine & Transmission Parts,8708,8907008263746
Valvoline Performance Semi-Synthetic Engine Oil - 10W-40 (3.5L),AUTO-04716,GST,18,1126.27,1565.0,44,Lubricants & Fluids,2710,8906219893835
Bridgestone Genuine Tubeless Tyre (14 inch) - 165/70 R14,AUTO-04717,GST,28,2385.83,2946.0,2,Tyres & Batteries,4011,8907199257511
Purolator Premium Cabin/AC Filter - Active Carbon,AUTO-04718,GST,18,320.54,435.0,49,Filters & Consumables,8421,8907567311017
K&N Engine Oil Filter - Spin-on,AUTO-04719,GST,18,195.64,281.0,41,Filters & Consumables,8421,8901540985691
Minda OEM Radiator Assembly - Copper Core,AUTO-04720,GST,28,3322.78,3942.0,6,Engine & Transmission Parts,8708,8905393174221
Mahle OEM Wiper Blade Set - Frameless,AUTO-04721,GST,18,349.47,506.0,45,Filters & Consumables,8421,8909136789537
Exide Genuine Car Battery (DIN55) - 55 Ah,AUTO-04722,GST,28,5139.47,6205.0,10,Tyres & Batteries,8507,8902481729713
Valeo Performance Fuel Injector - Diesel,AUTO-04723,GST,28,2338.87,2792.0,5,Engine & Transmission Parts,8708,8904211218288
Engine Scanning & Diagnostics - OBD2 Scan,AUTO-04724,GST,18,171.44,655.0,69,Repair Labor & Services,998714,8900543321259
Denting & Painting (Per Panel) - Metallic/Pearl Color,AUTO-04725,GST,18,644.15,2283.0,47,Repair Labor & Services,998714,8903922078105
Clutch Replacement Labor - Automatic,AUTO-04726,GST,18,1174.16,4147.0,20,Repair Labor & Services,998714,8906723369351
Brake Overhaul Labor - Front Axle,AUTO-04727,GST,18,283.75,1054.0,37,Repair Labor & Services,998714,8904356794154
Engine Scanning & Diagnostics - Full System Scan,AUTO-04728,GST,18,198.95,580.0,50,Repair Labor & Services,998714,8906378018715
Minda Genuine Clutch Plate Assembly - Hatchback,AUTO-04729,GST,28,1983.01,2291.0,8,Engine & Transmission Parts,8708,8901299262361
Bridgestone Tubeless Tyre (14 inch) - 185/65 R14,AUTO-04730,GST,28,2144.53,2597.0,6,Tyres & Batteries,4011,8902378850790
AC Gas Top-Up & Service - Deep Clean,AUTO-04731,GST,18,540.13,1510.0,11,Repair Labor & Services,998714,8903350123290
Valeo Standard Timing Belt - Standard,AUTO-04732,GST,28,1134.21,1352.0,12,Engine & Transmission Parts,8708,8905822121511
Bosch Genuine Fuel Injector - Diesel,AUTO-04733,GST,28,2741.53,3306.0,5,Engine & Transmission Parts,8708,8905614008145
Rane Premium Tie Rod End - Right,AUTO-04734,GST,28,499.64,619.0,3,Brakes & Suspension,8708,8907447074952
Bosch Tie Rod End - Right,AUTO-04735,GST,28,521.79,618.0,3,Brakes & Suspension,8708,8906007694165
Brake Overhaul Labor - Front Axle,AUTO-04736,GST,18,310.61,1208.0,54,Repair Labor & Services,998714,8900635416785
TVS Girling Performance Shock Absorber - Hydraulic,AUTO-04737,GST,28,2264.26,2868.0,7,Brakes & Suspension,8708,8909818632433
Castrol OEM Transmission Fluid (ATF) - 5 Litre,AUTO-04738,GST,18,1349.01,1788.0,44,Lubricants & Fluids,2710,8904816269852
Maruti Genuine Alternator - 120 Amp,AUTO-04739,GST,28,5257.45,6500.0,11,Engine & Transmission Parts,8708,8903219746563
Wheel Alignment & Balancing - 5 Wheels,AUTO-04740,GST,18,327.47,896.0,77,Repair Labor & Services,998714,8907619768138
MRF Aftermarket Tubeless Tyre (14 inch) - 165/70 R14,AUTO-04741,GST,28,2133.82,2683.0,2,Tyres & Batteries,4011,8902899365003
Bosch Aftermarket Fuel Injector - Petrol,AUTO-04742,GST,28,2667.42,3176.0,4,Engine & Transmission Parts,8708,8902086520774
Michelin Performance Tubeless Tyre (14 inch) - 165/70 R14,AUTO-04743,GST,28,2512.16,3068.0,10,Tyres & Batteries,4011,8901169097273
Rane Performance Tie Rod End - Right,AUTO-04744,GST,28,602.21,737.0,9,Brakes & Suspension,8708,8909748408522
CEAT Tubeless Tyre (14 inch) - 165/70 R14,AUTO-04745,GST,28,1988.01,2533.0,2,Tyres & Batteries,4011,8906576829967
Gabriel OEM Brake Rotor/Disc - Solid,AUTO-04746,GST,28,2073.81,2680.0,11,Brakes & Suspension,8708,8907868042887
Bosch Performance Car Battery (DIN55) - 55 Ah,AUTO-04747,GST,28,4655.58,5974.0,4,Tyres & Batteries,8507,8904195415717
Bosch Fuel Filter - Diesel Cartridge,AUTO-04748,GST,18,546.08,798.0,51,Filters & Consumables,8421,8902576555146
Shell Heavy Duty Fully Synthetic Engine Oil - 5W-40 (4L),AUTO-04749,GST,18,4672.5,6630.0,53,Lubricants & Fluids,2710,8905321893153
Maruti Genuine Alternator - 120 Amp,AUTO-04750,GST,28,5594.73,7116.0,12,Engine & Transmission Parts,8708,8908806719174
Bosch Genuine Brake Pad Set - Ceramic,AUTO-04751,GST,28,1075.45,1357.0,12,Brakes & Suspension,8708,8906671752409
Wix OEM Cabin/AC Filter - Active Carbon,AUTO-04752,GST,18,332.02,448.0,51,Filters & Consumables,8421,8903474950044
Maruti Genuine Clutch Plate Assembly - Hatchback,AUTO-04753,GST,28,1844.19,2123.0,9,Engine & Transmission Parts,8708,8909843634861
Valvoline Heavy Duty Brake Fluid DOT 4 - 500ml,AUTO-04754,GST,18,262.59,343.0,55,Lubricants & Fluids,2710,8904869384137
Hyundai Mobis Ignition Coil - Single Pack,AUTO-04755,GST,28,1577.42,1859.0,2,Engine & Transmission Parts,8708,8901411826060
Elofic Air Filter - Paper,AUTO-04756,GST,18,343.35,508.0,32,Filters & Consumables,8421,8906705742050
Engine Scanning & Diagnostics - OBD2 Scan,AUTO-04757,GST,18,320.74,832.0,93,Repair Labor & Services,998714,8902606201199
Tata Genuine Premium Ignition Coil - Single Pack,AUTO-04758,GST,28,1313.86,1668.0,4,Engine & Transmission Parts,8708,8903266345645
Mahindra Genuine Clutch Plate Assembly - SUV,AUTO-04759,GST,28,5235.2,6251.0,4,Engine & Transmission Parts,8708,8905922021395
TVS Girling Standard Suspension Bush Kit - Rubber,AUTO-04760,GST,28,848.67,1087.0,7,Brakes & Suspension,8708,8909325618370
Maruti Genuine Ignition Coil - Set of 4,AUTO-04761,GST,28,1191.97,1485.0,8,Engine & Transmission Parts,8708,8902145984847
Brake Overhaul Labor - All 4 Wheels,AUTO-04762,GST,18,555.52,1996.0,73,Repair Labor & Services,998714,8905682681415
Castrol Performance Fully Synthetic Engine Oil - 5W-40 (4L),AUTO-04763,GST,18,4887.26,6367.0,33,Lubricants & Fluids,2710,8900173375911
Engine Scanning & Diagnostics - Full System Scan,AUTO-04764,GST,18,169.92,619.0,76,Repair Labor & Services,998714,8908395570160
Tata Genuine Standard Timing Belt - Heavy Duty,AUTO-04765,GST,28,1273.58,1531.0,5,Engine & Transmission Parts,8708,8905253709420
AC Gas Top-Up & Service - Deep Clean,AUTO-04766,GST,18,767.52,1923.0,11,Repair Labor & Services,998714,8909958928215
Valvoline Heavy Duty Semi-Synthetic Engine Oil - 10W-40 (3.5L),AUTO-04767,GST,18,1405.82,2023.0,45,Lubricants & Fluids,2710,8902518833895
Bosch Premium Tie Rod End - Left,AUTO-04768,GST,28,461.81,558.0,11,Brakes & Suspension,8708,8908649354499
General Periodic Service - Sedan,AUTO-04769,GST,18,1054.65,3096.0,34,Repair Labor & Services,998714,8908822340917
Maruti Genuine Ignition Coil - Set of 4,AUTO-04770,GST,28,1657.52,1942.0,9,Engine & Transmission Parts,8708,8908282759876
Amaron Premium Car Battery (DIN44) - 44 Ah,AUTO-04771,GST,28,3207.68,3800.0,6,Tyres & Batteries,8507,8906929933863
Gulf Aftermarket Transmission Fluid (ATF) - 5 Litre,AUTO-04772,GST,18,939.34,1369.0,56,Lubricants & Fluids,2710,8906285849811
Clutch Replacement Labor - Automatic,AUTO-04773,GST,18,990.24,3544.0,38,Repair Labor & Services,998714,8908688050745
Valeo Standard Fuel Injector - Diesel,AUTO-04774,GST,28,2916.07,3386.0,10,Engine & Transmission Parts,8708,8907100030035
Clutch Replacement Labor - Automatic,AUTO-04775,GST,18,1409.71,4505.0,32,Repair Labor & Services,998714,8908632494878
Monroe Premium Brake Pad Set - Ceramic,AUTO-04776,GST,28,1211.78,1504.0,6,Brakes & Suspension,8708,8905582814617
Clutch Replacement Labor - Automatic,AUTO-04777,GST,18,925.86,3106.0,36,Repair Labor & Services,998714,8908872172836
Tata Genuine Standard Alternator - 120 Amp,AUTO-04778,GST,28,6339.37,7809.0,11,Engine & Transmission Parts,8708,8904931733220
Bosch Cabin/AC Filter - Standard,AUTO-04779,GST,18,305.73,451.0,33,Filters & Consumables,8421,8903585693287
Denting & Painting (Per Panel) - Solid Color,AUTO-04780,GST,18,569.98,2279.0,52,Repair Labor & Services,998714,8900240905083
AC Gas Top-Up & Service - Deep Clean,AUTO-04781,GST,18,375.14,1407.0,39,Repair Labor & Services,998714,8905092692526
Hyundai Mobis Fuel Injector - Diesel,AUTO-04782,GST,28,3389.42,3942.0,10,Engine & Transmission Parts,8708,8902287002136
Wheel Alignment & Balancing - 4 Wheels,AUTO-04783,GST,18,260.58,736.0,97,Repair Labor & Services,998714,8908744512276
Denting & Painting (Per Panel) - Solid Color,AUTO-04784,GST,18,971.41,3039.0,10,Repair Labor & Services,998714,8907644207077
Minda Heavy Duty Fuel Injector - Diesel,AUTO-04785,GST,28,3462.85,4028.0,10,Engine & Transmission Parts,8708,8909985118605
Mobil 1 OEM Semi-Synthetic Engine Oil - 10W-40 (3.5L),AUTO-04786,GST,18,1497.72,2060.0,23,Lubricants & Fluids,2710,8905748946674
Wix Premium Cabin/AC Filter - Active Carbon,AUTO-04787,GST,18,260.52,355.0,19,Filters & Consumables,8421,8909434254825
Engine Scanning & Diagnostics - Full System Scan,AUTO-04788,GST,18,194.63,576.0,83,Repair Labor & Services,998714,8904750465342
Servo Aftermarket Gear Oil - 80W-90 (1L),AUTO-04789,GST,18,506.26,715.0,56,Lubricants & Fluids,2710,8903260297480
Liqui Moly Transmission Fluid (ATF) - 5 Litre,AUTO-04790,GST,18,1237.75,1658.0,28,Lubricants & Fluids,2710,8905201889761
Bosch Heavy Duty Ignition Coil - Set of 4,AUTO-04791,GST,28,1655.13,1944.0,10,Engine & Transmission Parts,8708,8906653581898
Liqui Moly Transmission Fluid (ATF) - 1 Litre,AUTO-04792,GST,18,428.64,580.0,40,Lubricants & Fluids,2710,8908823855151
Minda Genuine Spark Plug Set - Platinum,AUTO-04793,GST,28,724.08,838.0,10,Engine & Transmission Parts,8708,8900480812727
Brake Overhaul Labor - Front Axle,AUTO-04794,GST,18,396.22,1063.0,56,Repair Labor & Services,998714,8906631108485
Liqui Moly Heavy Duty Gear Oil - 80W-90 (1L),AUTO-04795,GST,18,523.67,735.0,24,Lubricants & Fluids,2710,8904014766964
Bosch Performance Car Battery (DIN44) - 44 Ah,AUTO-04796,GST,28,3231.07,3771.0,7,Tyres & Batteries,8507,8902971730431
Minda Premium Ignition Coil - Set of 4,AUTO-04797,GST,28,1601.83,1888.0,12,Engine & Transmission Parts,8708,8900617355997
Hyundai Mobis Ignition Coil - Set of 4,AUTO-04798,GST,28,1530.08,1858.0,6,Engine & Transmission Parts,8708,8900162595345
Liqui Moly Aftermarket Transmission Fluid (ATF) - 5 Litre,AUTO-04799,GST,18,1083.17,1570.0,16,Lubricants & Fluids,2710,8908937259561
Wix Wiper Blade Set - Frameless,AUTO-04800,GST,18,441.89,576.0,34,Filters & Consumables,8421,8908102703646
Liqui Moly Premium Coolant (Pre-mixed) - 1 Litre,AUTO-04801,GST,18,240.21,319.0,46,Lubricants & Fluids,2710,8902375435477
CEAT Performance Tubeless Tyre (14 inch) - 165/70 R14,AUTO-04802,GST,28,2048.81,2558.0,9,Tyres & Batteries,4011,8904869935883
Bosch Car Battery (DIN65) - SUV Specs,AUTO-04803,GST,28,7587.63,9797.0,12,Tyres & Batteries,8507,8906659144450
Brembo OEM Wheel Bearing - Front,AUTO-04804,GST,28,810.33,1009.0,12,Brakes & Suspension,8708,8909142742589
Maruti Genuine Alternator - 120 Amp,AUTO-04805,GST,28,5185.76,6492.0,4,Engine & Transmission Parts,8708,8907372041689
Gabriel Aftermarket Wheel Bearing - Rear (with ABS),AUTO-04806,GST,28,868.49,1067.0,7,Brakes & Suspension,8708,8900489006067
Hyundai Mobis Alternator - 90 Amp,AUTO-04807,GST,28,4319.77,5615.0,10,Engine & Transmission Parts,8708,8903300927338
Mobil 1 Performance Transmission Fluid (ATF) - 1 Litre,AUTO-04808,GST,18,461.38,676.0,60,Lubricants & Fluids,2710,8906721825715
K&N Air Filter - Paper,AUTO-04809,GST,18,307.81,449.0,29,Filters & Consumables,8421,8909786903618
Shell Aftermarket Transmission Fluid (ATF) - 5 Litre,AUTO-04810,GST,18,937.2,1328.0,56,Lubricants & Fluids,2710,8903369195717
MRF Heavy Duty Tubeless Tyre (14 inch) - 165/70 R14,AUTO-04811,GST,28,2300.22,2776.0,6,Tyres & Batteries,4011,8901589689748
Rane Performance Tie Rod End - Right,AUTO-04812,GST,28,612.8,754.0,5,Brakes & Suspension,8708,8903183902157
TRW Premium Wheel Bearing - Front,AUTO-04813,GST,28,1015.78,1200.0,8,Brakes & Suspension,8708,8901622879473
Valeo Aftermarket Clutch Plate Assembly - SUV,AUTO-04814,GST,28,4109.95,4908.0,3,Engine & Transmission Parts,8708,8906113362885
Wix Performance Engine Oil Filter - Spin-on,AUTO-04815,GST,18,185.59,274.0,41,Filters & Consumables,8421,8907196526302
Brake Overhaul Labor - All 4 Wheels,AUTO-04816,GST,18,855.24,2316.0,96,Repair Labor & Services,998714,8907399666290
MRF Standard Tubeless Tyre (15 inch) - 185/60 R15,AUTO-04817,GST,28,4780.11,5888.0,5,Tyres & Batteries,4011,8909175673508
Brembo Standard Wheel Bearing - Front,AUTO-04818,GST,28,942.22,1179.0,5,Brakes & Suspension,8708,8900192490748
CEAT Heavy Duty Tubeless Tyre (16 inch) - 215/60 R16,AUTO-04819,GST,28,8597.7,10490.0,2,Tyres & Batteries,4011,8907190147342
Bosch Performance Air Filter - Paper,AUTO-04820,GST,18,377.1,491.0,16,Filters & Consumables,8421,8901517489862
TVS Girling Suspension Bush Kit - Rubber,AUTO-04821,GST,28,627.96,816.0,5,Brakes & Suspension,8708,8908941523598
Rane Premium Brake Pad Set - Front,AUTO-04822,GST,28,875.01,1058.0,8,Brakes & Suspension,8708,8905151747723
Wheel Alignment & Balancing - 5 Wheels,AUTO-04823,GST,18,309.54,905.0,89,Repair Labor & Services,998714,8908465033504
Elofic Performance Engine Oil Filter - Spin-on,AUTO-04824,GST,18,208.69,290.0,40,Filters & Consumables,8421,8905096030758
Valvoline Genuine Transmission Fluid (ATF) - 1 Litre,AUTO-04825,GST,18,535.39,791.0,23,Lubricants & Fluids,2710,8902991945763
Wheel Alignment & Balancing - 4 Wheels,AUTO-04826,GST,18,245.9,705.0,38,Repair Labor & Services,998714,8900619377061
Bosch OEM Car Battery (DIN44) - 44 Ah,AUTO-04827,GST,28,3556.32,4450.0,8,Tyres & Batteries,8507,8906993410556
Wix Aftermarket Air Filter - Washable Cotton,AUTO-04828,GST,18,396.0,579.0,23,Filters & Consumables,8421,8900784271713
Mahle Genuine Fuel Filter - Diesel Cartridge,AUTO-04829,GST,18,547.87,794.0,22,Filters & Consumables,8421,8904364893617
Castrol Premium Transmission Fluid (ATF) - 5 Litre,AUTO-04830,GST,18,948.83,1263.0,21,Lubricants & Fluids,2710,8908828160253
Bosch OEM Shock Absorber - Gas Filled,AUTO-04831,GST,28,3051.65,3588.0,2,Brakes & Suspension,8708,8901392160922
Exide Car Battery (DIN55) - 55 Ah,AUTO-04832,GST,28,5251.93,6510.0,11,Tyres & Batteries,8507,8907263329330
LUK Performance Radiator Assembly - Aluminium,AUTO-04833,GST,28,3547.59,4155.0,2,Engine & Transmission Parts,8708,8900622417486
Bosch Aftermarket Alternator - 120 Amp,AUTO-04834,GST,28,4991.94,6258.0,11,Engine & Transmission Parts,8708,8900290276999
Mahindra Genuine Aftermarket Fuel Injector - Diesel,AUTO-04835,GST,28,2203.27,2744.0,4,Engine & Transmission Parts,8708,8906927829725
Gabriel Tie Rod End - Left,AUTO-04836,GST,28,496.69,588.0,6,Brakes & Suspension,8708,8900126849085
Mahle Premium Air Filter - Paper,AUTO-04837,GST,18,313.31,466.0,54,Filters & Consumables,8421,8903124838279
Tata Genuine Performance Fuel Injector - Petrol,AUTO-04838,GST,28,2833.05,3370.0,10,Engine & Transmission Parts,8708,8905413236616
TRW Heavy Duty Shock Absorber - Gas Filled,AUTO-04839,GST,28,1937.23,2420.0,12,Brakes & Suspension,8708,8908197334945
TRW Performance Brake Pad Set - Rear,AUTO-04840,GST,28,1208.02,1440.0,12,Brakes & Suspension,8708,8900526738890
Clutch Replacement Labor - Automatic,AUTO-04841,GST,18,976.36,3367.0,80,Repair Labor & Services,998714,8907639540022
LUK Genuine Alternator - 120 Amp,AUTO-04842,GST,28,6209.1,7236.0,9,Engine & Transmission Parts,8708,8900570273038
TVS Girling Premium Brake Pad Set - Front,AUTO-04843,GST,28,988.04,1138.0,3,Brakes & Suspension,8708,8901080092821
Minda Performance Ignition Coil - Single Pack,AUTO-04844,GST,28,1132.76,1352.0,9,Engine & Transmission Parts,8708,8908926540162
Clutch Replacement Labor - Manual,AUTO-04845,GST,18,1151.59,4428.0,57,Repair Labor & Services,998714,8903870979154
Brembo Performance Wheel Bearing - Front,AUTO-04846,GST,28,1022.98,1207.0,4,Brakes & Suspension,8708,8908371587544
CEAT Standard Tubeless Tyre (15 inch) - 195/60 R15,AUTO-04847,GST,28,4838.92,6235.0,8,Tyres & Batteries,4011,8906047294842
TVS Girling Premium Tie Rod End - Left,AUTO-04848,GST,28,451.5,539.0,3,Brakes & Suspension,8708,8900160970670
Shell Standard Fully Synthetic Engine Oil - 5W-30 (3.5L),AUTO-04849,GST,18,3086.21,4604.0,54,Lubricants & Fluids,2710,8903508054233
Liqui Moly Performance Brake Fluid DOT 4 - 250ml,AUTO-04850,GST,18,157.45,222.0,22,Lubricants & Fluids,2710,8903428815147
Engine Scanning & Diagnostics - OBD2 Scan,AUTO-04851,GST,18,183.38,618.0,93,Repair Labor & Services,998714,8909915572876
Amaron OEM Car Battery (DIN65) - 65 Ah,AUTO-04852,GST,28,5002.87,6170.0,8,Tyres & Batteries,8507,8901362434191
Wix Heavy Duty Air Filter - Washable Cotton,AUTO-04853,GST,18,301.0,413.0,34,Filters & Consumables,8421,8904055463218
Monroe Genuine Brake Pad Set - Front,AUTO-04854,GST,28,1109.95,1439.0,4,Brakes & Suspension,8708,8906861084476
Hyundai Mobis Ignition Coil - Set of 4,AUTO-04855,GST,28,1327.62,1626.0,6,Engine & Transmission Parts,8708,8903339898525
CEAT Genuine Tubeless Tyre (14 inch) - 185/65 R14,AUTO-04856,GST,28,2057.05,2475.0,7,Tyres & Batteries,4011,8908031539531
General Periodic Service - Hatchback,AUTO-04857,GST,18,828.84,2155.0,74,Repair Labor & Services,998714,8905751743192
Wheel Alignment & Balancing - 4 Wheels,AUTO-04858,GST,18,249.93,959.0,23,Repair Labor & Services,998714,8904572654258
Denting & Painting (Per Panel) - Metallic/Pearl Color,AUTO-04859,GST,18,908.17,3047.0,43,Repair Labor & Services,998714,8906116081074
Wheel Alignment & Balancing - 5 Wheels,AUTO-04860,GST,18,274.22,910.0,61,Repair Labor & Services,998714,8901508551108
Minda OEM Clutch Plate Assembly - Sedan,AUTO-04861,GST,28,2881.9,3521.0,2,Engine & Transmission Parts,8708,8905787037131
Mahindra Genuine OEM Water Pump - Aftermarket,AUTO-04862,GST,28,1843.74,2175.0,8,Engine & Transmission Parts,8708,8906063287988
Maruti Genuine Spark Plug Set - Copper,AUTO-04863,GST,28,644.11,834.0,2,Engine & Transmission Parts,8708,8906955991524
Monroe Premium Wheel Bearing - Rear (with ABS),AUTO-04864,GST,28,1060.71,1236.0,12,Brakes & Suspension,8708,8901536443162
TVS Girling Premium Brake Pad Set - Front,AUTO-04865,GST,28,828.04,1036.0,12,Brakes & Suspension,8708,8902082350968
Exide OEM Car Battery (DIN55) - 55 Ah,AUTO-04866,GST,28,4452.1,5391.0,10,Tyres & Batteries,8507,8906768444121
Michelin Premium Tubeless Tyre (14 inch) - 185/65 R14,AUTO-04867,GST,28,1916.14,2245.0,3,Tyres & Batteries,4011,8907894260320
Minda OEM Clutch Plate Assembly - Hatchback,AUTO-04868,GST,28,2094.04,2451.0,11,Engine & Transmission Parts,8708,8904283981121
Maruti Genuine Ignition Coil - Single Pack,AUTO-04869,GST,28,1178.15,1401.0,6,Engine & Transmission Parts,8708,8902360256732
Engine Scanning & Diagnostics - OBD2 Scan,AUTO-04870,GST,18,202.83,583.0,33,Repair Labor & Services,998714,8900955409343
Wix OEM Wiper Blade Set - Standard Frame,AUTO-04871,GST,18,372.21,488.0,16,Filters & Consumables,8421,8906656930090
Gabriel Performance Wheel Bearing - Rear (with ABS),AUTO-04872,GST,28,1032.77,1252.0,9,Brakes & Suspension,8708,8906134282334
Shell Standard Power Steering Fluid - 500ml,AUTO-04873,GST,18,312.14,425.0,46,Lubricants & Fluids,2710,8902051395414
MRF OEM Tubeless Tyre (14 inch) - 185/65 R14,AUTO-04874,GST,28,1765.37,2170.0,4,Tyres & Batteries,4011,8905619623268
Bosch Heavy Duty Cabin/AC Filter - Standard,AUTO-04875,GST,18,279.25,371.0,40,Filters & Consumables,8421,8909055590848
TVS Girling Standard Brake Pad Set - Front,AUTO-04876,GST,28,957.85,1187.0,5,Brakes & Suspension,8708,8900749820976
MRF Premium Tubeless Tyre (15 inch) - 185/60 R15,AUTO-04877,GST,28,4664.5,5467.0,11,Tyres & Batteries,4011,8909519062944
TVS Girling Premium Shock Absorber - Gas Filled,AUTO-04878,GST,28,2953.43,3413.0,7,Brakes & Suspension,8708,8907128753348
Bosch Genuine Timing Belt - Standard,AUTO-04879,GST,28,1140.72,1452.0,6,Engine & Transmission Parts,8708,8909474214254
Clutch Replacement Labor - Manual,AUTO-04880,GST,18,852.55,3131.0,81,Repair Labor & Services,998714,8900457692296
Bosch Tie Rod End - Right,AUTO-04881,GST,28,587.61,762.0,9,Brakes & Suspension,8708,8902176999590
Shell Standard Fully Synthetic Engine Oil - 5W-40 (4L),AUTO-04882,GST,18,4254.72,6186.0,20,Lubricants & Fluids,2710,8909740639590
Purolator Standard Engine Oil Filter - Cartridge,AUTO-04883,GST,18,148.38,219.0,30,Filters & Consumables,8421,8909735109093
General Periodic Service - SUV,AUTO-04884,GST,18,1234.42,4646.0,95,Repair Labor & Services,998714,8909859146936
Wix OEM Fuel Filter - Petrol In-line,AUTO-04885,GST,18,530.77,751.0,17,Filters & Consumables,8421,8909180732189
General Periodic Service - Sedan,AUTO-04886,GST,18,795.74,2815.0,45,Repair Labor & Services,998714,8908607177545
Hyundai Mobis Fuel Injector - Petrol,AUTO-04887,GST,28,2939.16,3510.0,9,Engine & Transmission Parts,8708,8907900138859
Wix OEM Wiper Blade Set - Standard Frame,AUTO-04888,GST,18,377.23,555.0,20,Filters & Consumables,8421,8903921170594
K&N OEM Wiper Blade Set - Standard Frame,AUTO-04889,GST,18,476.44,644.0,57,Filters & Consumables,8421,8907979389269
Motul Performance Semi-Synthetic Engine Oil - 10W-40 (3.5L),AUTO-04890,GST,18,1624.21,2303.0,37,Lubricants & Fluids,2710,8904005453042
Mahindra Genuine Genuine Radiator Assembly - Aluminium,AUTO-04891,GST,28,4440.43,5339.0,10,Engine & Transmission Parts,8708,8909994036402
Bridgestone Tubeless Tyre (14 inch) - 185/65 R14,AUTO-04892,GST,28,2358.2,2787.0,8,Tyres & Batteries,4011,8902100385894
Bosch Performance Wiper Blade Set - Frameless,AUTO-04893,GST,18,372.37,508.0,26,Filters & Consumables,8421,8901983623081
Wheel Alignment & Balancing - 5 Wheels,AUTO-04894,GST,18,315.96,1018.0,21,Repair Labor & Services,998714,8902420441568
Clutch Replacement Labor - Manual,AUTO-04895,GST,18,914.45,3218.0,86,Repair Labor & Services,998714,8909994994018
Amaron Genuine Car Battery (DIN55) - 55 Ah,AUTO-04896,GST,28,3981.37,5125.0,11,Tyres & Batteries,8507,8903674086560
LUK Water Pump - Aftermarket,AUTO-04897,GST,28,1802.01,2153.0,5,Engine & Transmission Parts,8708,8905534176079
Brake Overhaul Labor - Rear Axle,AUTO-04898,GST,18,468.15,1341.0,63,Repair Labor & Services,998714,8908919520984
Wix Air Filter - Washable Cotton,AUTO-04899,GST,18,349.98,473.0,37,Filters & Consumables,8421,8904633441901
Gabriel OEM Brake Pad Set - Front,AUTO-04900,GST,28,929.15,1184.0,6,Brakes & Suspension,8708,8902074801559
Bosch Genuine Engine Oil Filter - Cartridge,AUTO-04901,GST,18,185.88,248.0,20,Filters & Consumables,8421,8909268075009
K&N Heavy Duty Engine Oil Filter - Spin-on,AUTO-04902,GST,18,222.7,313.0,60,Filters & Consumables,8421,8908069733828
Elofic Wiper Blade Set - Frameless,AUTO-04903,GST,18,308.42,459.0,36,Filters & Consumables,8421,8902881513699
Gabriel Premium Suspension Bush Kit - Polyurethane,AUTO-04904,GST,28,618.69,731.0,11,Brakes & Suspension,8708,8907704313455
Tata Genuine Aftermarket Radiator Assembly - Aluminium,AUTO-04905,GST,28,3737.91,4846.0,9,Engine & Transmission Parts,8708,8901057549811
Bosch Genuine Timing Belt - Heavy Duty,AUTO-04906,GST,28,1141.02,1462.0,10,Engine & Transmission Parts,8708,8909891128147
Mahindra Genuine Premium Radiator Assembly - Copper Core,AUTO-04907,GST,28,3116.14,4042.0,7,Engine & Transmission Parts,8708,8904033596900
Purolator Heavy Duty Cabin/AC Filter - Active Carbon,AUTO-04908,GST,18,216.5,300.0,23,Filters & Consumables,8421,8907718698683
Valeo Genuine Ignition Coil - Set of 4,AUTO-04909,GST,28,1203.8,1394.0,12,Engine & Transmission Parts,8708,8904927453795
Engine Scanning & Diagnostics - Full System Scan,AUTO-04910,GST,18,171.8,668.0,17,Repair Labor & Services,998714,8906928041795
Exide Premium Car Battery (DIN65) - 65 Ah,AUTO-04911,GST,28,5586.25,6467.0,5,Tyres & Batteries,8507,8907660028550
Gabriel OEM Shock Absorber - Hydraulic,AUTO-04912,GST,28,1968.74,2388.0,12,Brakes & Suspension,8708,8909731736723
General Periodic Service - SUV,AUTO-04913,GST,18,1363.13,4682.0,55,Repair Labor & Services,998714,8909751301207
TVS Girling Genuine Tie Rod End - Left,AUTO-04914,GST,28,472.62,564.0,3,Brakes & Suspension,8708,8901050272577
Monroe Performance Brake Pad Set - Ceramic,AUTO-04915,GST,28,1092.44,1307.0,5,Brakes & Suspension,8708,8906127358582
Shell Aftermarket Brake Fluid DOT 4 - 250ml,AUTO-04916,GST,18,181.6,266.0,47,Lubricants & Fluids,2710,8905762362391
Wix Performance Engine Oil Filter - Spin-on,AUTO-04917,GST,18,227.31,302.0,49,Filters & Consumables,8421,8905525687088
Tata Genuine Radiator Assembly - Copper Core,AUTO-04918,GST,28,4264.85,5414.0,10,Engine & Transmission Parts,8708,8909820541372
Amaron Aftermarket Car Battery (DIN55) - 55 Ah,AUTO-04919,GST,28,3787.03,4882.0,5,Tyres & Batteries,8507,8901695800684
Valeo Aftermarket Alternator - 90 Amp,AUTO-04920,GST,28,5756.95,7365.0,3,Engine & Transmission Parts,8708,8902212584723
Michelin Heavy Duty Tubeless Tyre (16 inch) - 205/55 R16,AUTO-04921,GST,28,9388.23,11509.0,4,Tyres & Batteries,4011,8902509135781
Monroe Aftermarket Wheel Bearing - Rear (with ABS),AUTO-04922,GST,28,1145.03,1335.0,3,Brakes & Suspension,8708,8905709952104
Purolator Genuine Cabin/AC Filter - Standard,AUTO-04923,GST,18,242.17,316.0,34,Filters & Consumables,8421,8904761494340
Castrol Genuine Fully Synthetic Engine Oil - 5W-30 (3.5L),AUTO-04924,GST,18,4922.79,6499.0,53,Lubricants & Fluids,2710,8904575452355
Amaron Performance Car Battery (DIN44) - 44 Ah,AUTO-04925,GST,28,2809.23,3576.0,4,Tyres & Batteries,8507,8904110871540
Apollo Heavy Duty Tubeless Tyre (15 inch) - 195/60 R15,AUTO-04926,GST,28,4224.01,4964.0,9,Tyres & Batteries,4011,8902548354599
Liqui Moly Heavy Duty Semi-Synthetic Engine Oil - 15W-40 (4L),AUTO-04927,GST,18,1224.52,1774.0,36,Lubricants & Fluids,2710,8900023097296
Clutch Replacement Labor - Manual,AUTO-04928,GST,18,1063.06,3571.0,27,Repair Labor & Services,998714,8908590406209
Clutch Replacement Labor - Manual,AUTO-04929,GST,18,815.28,3156.0,39,Repair Labor & Services,998714,8900130113263
Gabriel Standard Tie Rod End - Right,AUTO-04930,GST,28,551.94,670.0,10,Brakes & Suspension,8708,8906734815391
Brembo Premium Brake Pad Set - Ceramic,AUTO-04931,GST,28,922.03,1157.0,12,Brakes & Suspension,8708,8906056904364
AC Gas Top-Up & Service - Deep Clean,AUTO-04932,GST,18,616.85,1783.0,27,Repair Labor & Services,998714,8901106709905
Rane Aftermarket Brake Pad Set - Front,AUTO-04933,GST,28,967.07,1241.0,12,Brakes & Suspension,8708,8901518710404
Valvoline Heavy Duty Brake Fluid DOT 4 - 500ml,AUTO-04934,GST,18,269.85,381.0,24,Lubricants & Fluids,2710,8902840144979
Maruti Genuine Ignition Coil - Single Pack,AUTO-04935,GST,28,1347.67,1617.0,6,Engine & Transmission Parts,8708,8901631892750
Tata Genuine Performance Water Pump - OEM Specs,AUTO-04936,GST,28,1873.14,2338.0,12,Engine & Transmission Parts,8708,8900506748179
Bosch Heavy Duty Car Battery (DIN55) - 55 Ah,AUTO-04937,GST,28,4836.13,6238.0,5,Tyres & Batteries,8507,8909375813012
Hyundai Mobis Clutch Plate Assembly - SUV,AUTO-04938,GST,28,4567.48,5474.0,9,Engine & Transmission Parts,8708,8901813410290
Purolator Performance Fuel Filter - Petrol In-line,AUTO-04939,GST,18,410.19,615.0,18,Filters & Consumables,8421,8906707696702
Motul Power Steering Fluid - 500ml,AUTO-04940,GST,18,347.91,485.0,30,Lubricants & Fluids,2710,8902685781052
Bridgestone Genuine Tubeless Tyre (16 inch) - 215/60 R16,AUTO-04941,GST,28,9919.25,12594.0,3,Tyres & Batteries,4011,8908552567678
Elofic Standard Engine Oil Filter - Cartridge,AUTO-04942,GST,18,238.57,316.0,20,Filters & Consumables,8421,8906691153405
TRW Genuine Shock Absorber - Gas Filled,AUTO-04943,GST,28,2768.84,3591.0,11,Brakes & Suspension,8708,8906969768699
Bosch OEM Ignition Coil - Single Pack,AUTO-04944,GST,28,1192.23,1545.0,6,Engine & Transmission Parts,8708,8901379640497
Minda OEM Radiator Assembly - Copper Core,AUTO-04945,GST,28,3301.07,3831.0,3,Engine & Transmission Parts,8708,8901557701830
Brake Overhaul Labor - All 4 Wheels,AUTO-04946,GST,18,854.05,2161.0,33,Repair Labor & Services,998714,8904560943201
TVS Girling Heavy Duty Brake Rotor/Disc - Vented,AUTO-04947,GST,28,1953.69,2434.0,12,Brakes & Suspension,8708,8905403571338
Servo Coolant (Pre-mixed) - 1 Litre,AUTO-04948,GST,18,260.9,346.0,22,Lubricants & Fluids,2710,8909657351549
Purolator Premium Fuel Filter - Diesel Cartridge,AUTO-04949,GST,18,455.86,683.0,41,Filters & Consumables,8421,8904712434683
Gulf Performance Brake Fluid DOT 4 - 500ml,AUTO-04950,GST,18,229.92,314.0,46,Lubricants & Fluids,2710,8909800583269
Wix Premium Air Filter - Washable Cotton,AUTO-04951,GST,18,316.29,470.0,18,Filters & Consumables,8421,8901798210959
Monroe Heavy Duty Tie Rod End - Left,AUTO-04952,GST,28,465.89,559.0,8,Brakes & Suspension,8708,8908345116106
Motul Heavy Duty Brake Fluid DOT 4 - 250ml,AUTO-04953,GST,18,178.27,265.0,25,Lubricants & Fluids,2710,8902629365883
Valvoline Performance Power Steering Fluid - 500ml,AUTO-04954,GST,18,280.87,367.0,34,Lubricants & Fluids,2710,8908825267913
Bridgestone Performance Tubeless Tyre (16 inch) - 215/60 R16,AUTO-04955,GST,28,8985.91,10718.0,2,Tyres & Batteries,4011,8909487188299
Hyundai Mobis Clutch Plate Assembly - Sedan,AUTO-04956,GST,28,2819.89,3635.0,6,Engine & Transmission Parts,8708,8905806187001
Monroe Aftermarket Shock Absorber - Gas Filled,AUTO-04957,GST,28,2253.53,2613.0,5,Brakes & Suspension,8708,8905769136472
Engine Scanning & Diagnostics - Full System Scan,AUTO-04958,GST,18,257.48,712.0,22,Repair Labor & Services,998714,8902289853541
Shell Standard Fully Synthetic Engine Oil - 5W-30 (3.5L),AUTO-04959,GST,18,3225.99,4764.0,44,Lubricants & Fluids,2710,8903632515310
Denting & Painting (Per Panel) - Solid Color,AUTO-04960,GST,18,931.32,2735.0,38,Repair Labor & Services,998714,8901002590475
Liqui Moly Coolant (Pre-mixed) - 1 Litre,AUTO-04961,GST,18,210.57,283.0,51,Lubricants & Fluids,2710,8905184691728
Liqui Moly Aftermarket Power Steering Fluid - 500ml,AUTO-04962,GST,18,296.08,421.0,53,Lubricants & Fluids,2710,8902724198783
Brembo Genuine Brake Rotor/Disc - Vented,AUTO-04963,GST,28,1722.32,2230.0,11,Brakes & Suspension,8708,8907613552202
TRW OEM Suspension Bush Kit - Rubber,AUTO-04964,GST,28,799.31,974.0,12,Brakes & Suspension,8708,8900012808551
Bosch Heavy Duty Wiper Blade Set - Standard Frame,AUTO-04965,GST,18,330.05,475.0,20,Filters & Consumables,8421,8909896835405
Rane Standard Shock Absorber - Hydraulic,AUTO-04966,GST,28,1876.43,2406.0,2,Brakes & Suspension,8708,8905643290088
Michelin Performance Tubeless Tyre (14 inch) - 165/70 R14,AUTO-04967,GST,28,2316.2,2837.0,7,Tyres & Batteries,4011,8900636229822
Castrol Genuine Brake Fluid DOT 4 - 250ml,AUTO-04968,GST,18,182.35,244.0,23,Lubricants & Fluids,2710,8903584842094
Mahindra Genuine Genuine Spark Plug Set - Platinum,AUTO-04969,GST,28,797.63,936.0,2,Engine & Transmission Parts,8708,8904245797273
Minda OEM Water Pump - OEM Specs,AUTO-04970,GST,28,2465.73,2848.0,12,Engine & Transmission Parts,8708,8902938074385
Clutch Replacement Labor - Manual,AUTO-04971,GST,18,1236.04,3342.0,20,Repair Labor & Services,998714,8906515567337
Purolator Aftermarket Engine Oil Filter - Cartridge,AUTO-04972,GST,18,216.71,302.0,50,Filters & Consumables,8421,8907659732460
Liqui Moly Performance Power Steering Fluid - 500ml,AUTO-04973,GST,18,258.44,343.0,20,Lubricants & Fluids,2710,8901925058368
Bosch Premium Brake Pad Set - Rear,AUTO-04974,GST,28,1144.34,1364.0,12,Brakes & Suspension,8708,8905526746934
Shell Aftermarket Semi-Synthetic Engine Oil - 10W-40 (3.5L),AUTO-04975,GST,18,1422.52,1976.0,25,Lubricants & Fluids,2710,8901302732204
Servo Premium Fully Synthetic Engine Oil - 5W-30 (3.5L),AUTO-04976,GST,18,3708.62,4982.0,33,Lubricants & Fluids,2710,8904622792817
Monroe Heavy Duty Brake Rotor/Disc - Solid,AUTO-04977,GST,28,1692.42,2065.0,4,Brakes & Suspension,8708,8900484437628
Bosch Standard Wheel Bearing - Rear (with ABS),AUTO-04978,GST,28,1114.61,1330.0,4,Brakes & Suspension,8708,8907596559876
Clutch Replacement Labor - Automatic,AUTO-04979,GST,18,1151.28,4495.0,10,Repair Labor & Services,998714,8908710623591
Elofic Aftermarket Air Filter - Paper,AUTO-04980,GST,18,382.91,518.0,32,Filters & Consumables,8421,8906495665660
Rane Genuine Brake Pad Set - Rear,AUTO-04981,GST,28,1148.53,1369.0,7,Brakes & Suspension,8708,8901309612734
Clutch Replacement Labor - Automatic,AUTO-04982,GST,18,1161.88,4243.0,49,Repair Labor & Services,998714,8909418442654
MRF Tubeless Tyre (16 inch) - 215/60 R16,AUTO-04983,GST,28,8241.78,10563.0,7,Tyres & Batteries,4011,8904941587449
Maruti Genuine Clutch Plate Assembly - Hatchback,AUTO-04984,GST,28,1820.16,2256.0,3,Engine & Transmission Parts,8708,8908589768116
AC Gas Top-Up & Service - Standard,AUTO-04985,GST,18,572.47,1484.0,77,Repair Labor & Services,998714,8907699157480
Mahindra Genuine Premium Alternator - 90 Amp,AUTO-04986,GST,28,6865.42,8055.0,9,Engine & Transmission Parts,8708,8908224909342
Mahle Standard Wiper Blade Set - Standard Frame,AUTO-04987,GST,18,395.76,528.0,47,Filters & Consumables,8421,8901551562499
Rane Performance Suspension Bush Kit - Polyurethane,AUTO-04988,GST,28,818.14,1030.0,4,Brakes & Suspension,8708,8900430160426
Rane Suspension Bush Kit - Rubber,AUTO-04989,GST,28,838.25,987.0,11,Brakes & Suspension,8708,8908468585760
Castrol Gear Oil - 75W-90 (1L),AUTO-04990,GST,18,418.61,608.0,51,Lubricants & Fluids,2710,8907539291881
Bridgestone Standard Tubeless Tyre (14 inch) - 185/65 R14,AUTO-04991,GST,28,2671.56,3173.0,7,Tyres & Batteries,4011,8902918935805
Bridgestone Genuine Tubeless Tyre (14 inch) - 185/65 R14,AUTO-04992,GST,28,1754.04,2233.0,7,Tyres & Batteries,4011,8904260244211
Wix Genuine Air Filter - Washable Cotton,AUTO-04993,GST,18,297.81,414.0,30,Filters & Consumables,8421,8906848507013
Wheel Alignment & Balancing - 4 Wheels,AUTO-04994,GST,18,267.87,797.0,13,Repair Labor & Services,998714,8904405710620
MRF Premium Tubeless Tyre (14 inch) - 165/70 R14,AUTO-04995,GST,28,2180.34,2799.0,6,Tyres & Batteries,4011,8901258860496
LUK Premium Water Pump - Aftermarket,AUTO-04996,GST,28,2185.68,2825.0,2,Engine & Transmission Parts,8708,8901198855261
Bosch Wiper Blade Set - Frameless,AUTO-04997,GST,18,300.71,434.0,22,Filters & Consumables,8421,8902592797604
LUK Heavy Duty Ignition Coil - Single Pack,AUTO-04998,GST,28,1419.34,1801.0,2,Engine & Transmission Parts,8708,8900849525400
Wheel Alignment & Balancing - 5 Wheels,AUTO-04999,GST,18,266.44,958.0,75,Repair Labor & Services,998714,8909345764947
Amaron Aftermarket Car Battery (DIN55) - Heavy Duty,AUTO-05000,GST,28,5124.47,6406.0,11,Tyres & Batteries,8507,8901161646663
