name,sku,tax_type,gst_rate,purchase_rate,selling_rate,opening_stock,category,hsn,barcode
Freshly Baked Assorted Truffles - Box of 6,CAFE-00001,GST,18,178.69,438.0,21,Chocolates & Confectionery,1806,8908196001338
Deluxe Veg Grilled Sandwich - Standard,CAFE-00002,GST,5,51.19,154.0,10,Prepared Snacks & Sandwiches (Cafe Service),9963,8900265423511
House Special Cappuccino - Large,CAFE-00003,GST,5,95.82,350.0,16,Prepared Beverages (Cafe Service),9963,8908161849593
Signature Assorted Truffles - Box of 6,CAFE-00004,GST,18,128.1,509.0,29,Chocolates & Confectionery,1806,8901647525534
Deluxe Assorted Truffles - Box of 6,CAFE-00005,GST,18,201.67,503.0,39,Chocolates & Confectionery,1806,8904835030564
Signature Red Velvet Cake - 1kg,CAFE-00006,GST,18,643.86,1875.0,16,Fresh Pastries & Cakes,1905,8902423884969
Classic Mocha Frappe - Regular,CAFE-00007,GST,5,107.04,253.0,3,Prepared Beverages (Cafe Service),9963,8901226916697
Premium Aloo Puff / Patties - 1 Pc,CAFE-00008,GST,5,13.9,44.0,10,Prepared Snacks & Sandwiches (Cafe Service),9963,8905146270482
Deluxe Chicken Tikka Sandwich - Standard,CAFE-00009,GST,5,91.71,227.0,7,Prepared Snacks & Sandwiches (Cafe Service),9963,8908809570154
Premium Milk Bread - 400g Pack,CAFE-00010,GST,5,25.06,59.0,46,Breads & Savory (Retail),1905,8901822782489
Freshly Baked Hot Chocolate - Regular,CAFE-00011,GST,5,65.71,224.0,13,Prepared Beverages (Cafe Service),9963,8907871331509
Artisan Egg & Cheese Croissant - Standard,CAFE-00012,GST,5,66.25,221.0,9,Prepared Snacks & Sandwiches (Cafe Service),9963,8901051834738
Pav Buns - Pack of 6,CAFE-00013,GST,5,44.83,114.0,21,Breads & Savory (Retail),1905,8906566701065
Signature Red Velvet Cake - 500g,CAFE-00014,GST,18,411.04,1008.0,7,Fresh Pastries & Cakes,1905,8904731781080
Gourmet Red Velvet Cake - 500g,CAFE-00015,GST,18,384.18,993.0,14,Fresh Pastries & Cakes,1905,8900260647468
Signature Hazelnut Pralines - Box of 9,CAFE-00016,GST,18,137.94,544.0,52,Chocolates & Confectionery,1806,8908050097882
Premium Pineapple Pastry - 1 Slice,CAFE-00017,GST,18,31.62,108.0,9,Fresh Pastries & Cakes,1905,8906193990916
Freshly Baked Fruit & Nut Chocolate - 100g Bar,CAFE-00018,GST,18,77.1,269.0,30,Chocolates & Confectionery,1806,8904624751079
Deluxe Chicken Tikka Sandwich - Standard,CAFE-00019,GST,5,75.45,202.0,13,Prepared Snacks & Sandwiches (Cafe Service),9963,8901354278498
Classic Blueberry Cheesecake Slice - 1 Slice,CAFE-00020,GST,18,56.56,215.0,19,Fresh Pastries & Cakes,1905,8902449353487
Gourmet Butter Cookies - 250g Box,CAFE-00021,GST,18,90.82,207.0,36,Packaged Biscuits & Cookies,1905,8902427868011
House Special Dark Chocolate Bar (70%) - 100g Bar,CAFE-00022,GST,18,109.06,269.0,23,Chocolates & Confectionery,1806,8900450533158
Classic Cafe Latte - Regular,CAFE-00023,GST,5,62.03,227.0,15,Prepared Beverages (Cafe Service),9963,8900256342160
Handcrafted Hot Chocolate - Regular,CAFE-00024,GST,5,60.1,221.0,9,Prepared Beverages (Cafe Service),9963,8903036541458
Artisan Mango Smoothie - Regular,CAFE-00025,GST,5,49.66,196.0,7,Prepared Beverages (Cafe Service),9963,8909401965569
Chicken Tikka Sandwich - Standard,CAFE-00026,GST,5,88.16,201.0,15,Prepared Snacks & Sandwiches (Cafe Service),9963,8900883561595
Deluxe Assorted Truffles - Box of 12,CAFE-00027,GST,18,273.93,804.0,40,Chocolates & Confectionery,1806,8904823662994
Freshly Baked Mango Smoothie - Regular,CAFE-00028,GST,5,69.61,207.0,20,Prepared Beverages (Cafe Service),9963,8909577738721
Premium Nankhatai - 250g Box,CAFE-00029,GST,18,51.52,183.0,58,Packaged Biscuits & Cookies,1905,8904332003791
Gourmet Green Tea - Cup,CAFE-00030,GST,5,43.57,115.0,2,Prepared Beverages (Cafe Service),9963,8901632870831
Deluxe Cafe Latte - Large,CAFE-00031,GST,5,125.01,409.0,16,Prepared Beverages (Cafe Service),9963,8909868727743
Signature Milk Chocolate Bar - 100g Bar,CAFE-00032,GST,18,83.78,196.0,33,Chocolates & Confectionery,1806,8903455812236
Premium Dark Chocolate Bar (70%) - 100g Bar,CAFE-00033,GST,18,91.57,256.0,44,Chocolates & Confectionery,1806,8906036690967
Gourmet Mango Mousse Cup - Standard,CAFE-00034,GST,18,44.18,173.0,15,Fresh Pastries & Cakes,1905,8908893734670
Classic Mocha Frappe - Large,CAFE-00035,GST,5,129.18,498.0,19,Prepared Beverages (Cafe Service),9963,8900699016272
House Special Blueberry Cheesecake Slice - 1 Slice,CAFE-00036,GST,18,76.03,212.0,14,Fresh Pastries & Cakes,1905,8904641708053
Artisan Assorted Truffles - Box of 6,CAFE-00037,GST,18,208.3,533.0,16,Chocolates & Confectionery,1806,8909232719374
Classic Choco Chip Cookies - 250g Box,CAFE-00038,GST,18,109.41,262.0,16,Packaged Biscuits & Cookies,1905,8904966319314
Fruit & Nut Chocolate - 100g Bar,CAFE-00039,GST,18,112.57,318.0,42,Chocolates & Confectionery,1806,8905185067165
Gourmet Hazelnut Pralines - Box of 9,CAFE-00040,GST,18,166.92,524.0,56,Chocolates & Confectionery,1806,8904987769453
Signature Blueberry Cheesecake Slice - 1 Slice,CAFE-00041,GST,18,76.88,248.0,14,Fresh Pastries & Cakes,1905,8905075273545
Deluxe Nankhatai - 250g Box,CAFE-00042,GST,18,36.86,144.0,20,Packaged Biscuits & Cookies,1905,8903678377701
Signature Choco Chip Cookies - 500g Box,CAFE-00043,GST,18,121.04,393.0,45,Packaged Biscuits & Cookies,1905,8908856855744
Signature Choco Chip Cookies - 250g Box,CAFE-00044,GST,18,61.91,219.0,59,Packaged Biscuits & Cookies,1905,8902337498941
Pizza Base - Pack of 2,CAFE-00045,GST,5,19.32,43.0,49,Breads & Savory (Retail),1905,8902400842710
Handcrafted Aloo Puff / Patties - 2 Pcs,CAFE-00046,GST,5,16.19,41.0,3,Prepared Snacks & Sandwiches (Cafe Service),9963,8904711671902
Pizza Base - Pack of 2,CAFE-00047,GST,5,11.74,42.0,53,Breads & Savory (Retail),1905,8909938677496
Nankhatai - 250g Box,CAFE-00048,GST,18,79.88,190.0,28,Packaged Biscuits & Cookies,1905,8903412328120
Freshly Baked Peach Iced Tea - Large,CAFE-00049,GST,5,96.37,262.0,11,Prepared Beverages (Cafe Service),9963,8907134936183
Classic Dark Chocolate Bar (70%) - 100g Bar,CAFE-00050,GST,18,92.05,230.0,34,Chocolates & Confectionery,1806,8909947174648
Premium Cheese Croissant - 1 Pc,CAFE-00051,GST,5,45.51,173.0,12,Prepared Snacks & Sandwiches (Cafe Service),9963,8909401399049
Deluxe Chocolate Truffle Cake - 1kg,CAFE-00052,GST,18,409.72,1577.0,7,Fresh Pastries & Cakes,1905,8909671756551
Suji Rusk - 400g Pack,CAFE-00053,GST,5,22.81,89.0,50,Breads & Savory (Retail),1905,8900715451680
Gourmet Fruit & Nut Chocolate - 100g Bar,CAFE-00054,GST,18,82.03,257.0,54,Chocolates & Confectionery,1806,8907703482477
Classic Black Forest Pastry - 1 Slice,CAFE-00055,GST,18,53.49,119.0,15,Fresh Pastries & Cakes,1905,8901317127484
Signature Peach Iced Tea - Large,CAFE-00056,GST,5,121.53,299.0,8,Prepared Beverages (Cafe Service),9963,8909821465840
Almond Biscotti - 200g Box,CAFE-00057,GST,18,101.54,344.0,24,Packaged Biscuits & Cookies,1905,8907875588675
Garlic Bread Loaf - 1 Pc,CAFE-00058,GST,5,43.21,127.0,35,Breads & Savory (Retail),1905,8907662702895
Deluxe Chocolate Brownie - 1 Pc,CAFE-00059,GST,18,73.62,164.0,6,Fresh Pastries & Cakes,1905,8906217459615
House Special Fruit & Nut Chocolate - 100g Bar,CAFE-00060,GST,18,80.32,305.0,46,Chocolates & Confectionery,1806,8908091343161
Classic Assorted Truffles - Box of 12,CAFE-00061,GST,18,234.7,898.0,17,Chocolates & Confectionery,1806,8905045562386
Classic Paneer Tikka Wrap - Standard,CAFE-00062,GST,5,44.06,166.0,9,Prepared Snacks & Sandwiches (Cafe Service),9963,8907923747407
Premium Almond Biscotti - 200g Box,CAFE-00063,GST,18,116.94,330.0,52,Packaged Biscuits & Cookies,1905,8904647436713
Freshly Baked Mocha Frappe - Large,CAFE-00064,GST,5,106.12,392.0,14,Prepared Beverages (Cafe Service),9963,8904090974395
Garlic Bread Loaf - 1 Pc,CAFE-00065,GST,5,31.36,120.0,56,Breads & Savory (Retail),1905,8900470952145
Signature Hazelnut Pralines - Box of 9,CAFE-00066,GST,18,163.04,517.0,38,Chocolates & Confectionery,1806,8908842474517
Gourmet Chocolate Truffle Cake - 500g,CAFE-00067,GST,18,260.95,952.0,13,Fresh Pastries & Cakes,1905,8901604817549
Signature Mocha Frappe - Regular,CAFE-00068,GST,5,75.41,250.0,19,Prepared Beverages (Cafe Service),9963,8905931746120
Premium Blueberry Cheesecake Slice - 1 Slice,CAFE-00069,GST,18,53.73,204.0,6,Fresh Pastries & Cakes,1905,8906758692617
Artisan Chicken Puff - 1 Pc,CAFE-00070,GST,5,34.35,89.0,16,Prepared Snacks & Sandwiches (Cafe Service),9963,8903515850643
Signature Chocolate Brownie - 1 Pc,CAFE-00071,GST,18,46.72,153.0,2,Fresh Pastries & Cakes,1905,8900532931839
Garlic Bread Loaf - 1 Pc,CAFE-00072,GST,5,38.19,125.0,32,Breads & Savory (Retail),1905,8902284210205
Suji Rusk - 400g Pack,CAFE-00073,GST,5,36.24,88.0,41,Breads & Savory (Retail),1905,8908117758917
Deluxe Egg & Cheese Croissant - Standard,CAFE-00074,GST,5,70.88,238.0,2,Prepared Snacks & Sandwiches (Cafe Service),9963,8900766177115
Classic Paneer Tikka Wrap - Standard,CAFE-00075,GST,5,53.0,177.0,19,Prepared Snacks & Sandwiches (Cafe Service),9963,8905698478961
Gourmet Assorted Truffles - Box of 6,CAFE-00076,GST,18,178.46,466.0,36,Chocolates & Confectionery,1806,8907661565452
Premium Hazelnut Pralines - Box of 9,CAFE-00077,GST,18,266.91,632.0,21,Chocolates & Confectionery,1806,8905280988516
Artisan Almond Biscotti - 200g Box,CAFE-00078,GST,18,116.13,381.0,37,Packaged Biscuits & Cookies,1905,8901983273158
Butter Cookies - 500g Box,CAFE-00079,GST,18,105.64,314.0,50,Packaged Biscuits & Cookies,1905,8909980940244
Classic Oatmeal & Raisin Cookies - 250g Box,CAFE-00080,GST,18,90.08,290.0,40,Packaged Biscuits & Cookies,1905,8901201836675
Suji Rusk - 400g Pack,CAFE-00081,GST,5,31.66,102.0,20,Breads & Savory (Retail),1905,8900229014767
Freshly Baked Cheese Croissant - 1 Pc,CAFE-00082,GST,5,49.32,154.0,13,Prepared Snacks & Sandwiches (Cafe Service),9963,8906149784036
Signature Veg Grilled Sandwich - Standard,CAFE-00083,GST,5,57.75,149.0,6,Prepared Snacks & Sandwiches (Cafe Service),9963,8904451076226
Premium Egg & Cheese Croissant - Standard,CAFE-00084,GST,5,69.29,245.0,15,Prepared Snacks & Sandwiches (Cafe Service),9963,8900715969664
House Special Vanilla Cupcake - 1 Pc,CAFE-00085,GST,18,19.46,76.0,16,Fresh Pastries & Cakes,1905,8905161369681
Signature Cold Coffee Classic - Large,CAFE-00086,GST,5,122.27,306.0,18,Prepared Beverages (Cafe Service),9963,8901883552312
Choco Chip Cookies - 250g Box,CAFE-00087,GST,18,58.32,208.0,19,Packaged Biscuits & Cookies,1905,8902779979955
Pav Buns - Pack of 6,CAFE-00088,GST,5,37.52,103.0,32,Breads & Savory (Retail),1905,8909058147700
Premium Oatmeal & Raisin Cookies - 250g Box,CAFE-00089,GST,18,87.06,271.0,44,Packaged Biscuits & Cookies,1905,8909807935978
Premium Milk Bread - 400g Pack,CAFE-00090,GST,5,15.38,57.0,60,Breads & Savory (Retail),1905,8901820377889
Suji Rusk - 400g Pack,CAFE-00091,GST,5,25.32,91.0,58,Breads & Savory (Retail),1905,8909051518644
House Special Fruit & Nut Chocolate - 100g Bar,CAFE-00092,GST,18,76.3,259.0,37,Chocolates & Confectionery,1806,8904629148652
Gourmet Fruit & Nut Chocolate - 100g Bar,CAFE-00093,GST,18,132.12,295.0,34,Chocolates & Confectionery,1806,8902357332214
Black Forest Pastry - 2 Slices,CAFE-00094,GST,18,70.53,203.0,7,Fresh Pastries & Cakes,1905,8902927065379
Signature Almond Biscotti - 200g Box,CAFE-00095,GST,18,122.96,339.0,45,Packaged Biscuits & Cookies,1905,8903597746886
Garlic Bread Loaf - 1 Pc,CAFE-00096,GST,5,32.95,101.0,38,Breads & Savory (Retail),1905,8908181412478
Cake Rusk - 300g Pack,CAFE-00097,GST,5,42.19,160.0,16,Breads & Savory (Retail),1905,8906068536153
House Special Mango Mousse Cup - Standard,CAFE-00098,GST,18,69.86,171.0,11,Fresh Pastries & Cakes,1905,8907277901043
Cake Rusk - 300g Pack,CAFE-00099,GST,5,56.21,136.0,30,Breads & Savory (Retail),1905,8906971179808
Freshly Baked Egg & Cheese Croissant - Standard,CAFE-00100,GST,5,74.7,247.0,9,Prepared Snacks & Sandwiches (Cafe Service),9963,8909621851888
Handcrafted Veg Grilled Sandwich - Cheese Burst,CAFE-00101,GST,5,47.3,137.0,13,Prepared Snacks & Sandwiches (Cafe Service),9963,8904051531952
Classic Mango Mousse Cup - Standard,CAFE-00102,GST,18,50.11,172.0,17,Fresh Pastries & Cakes,1905,8902217043030
Deluxe Oatmeal & Raisin Cookies - 250g Box,CAFE-00103,GST,18,115.19,261.0,56,Packaged Biscuits & Cookies,1905,8903450541566
House Special Hazelnut Pralines - Box of 9,CAFE-00104,GST,18,212.08,656.0,46,Chocolates & Confectionery,1806,8905841616928
Premium Oatmeal & Raisin Cookies - 250g Box,CAFE-00105,GST,18,91.5,250.0,43,Packaged Biscuits & Cookies,1905,8909627570596
Premium Almond Biscotti - 200g Box,CAFE-00106,GST,18,120.09,352.0,47,Packaged Biscuits & Cookies,1905,8902029702135
Jeera Biscuits - 250g Box,CAFE-00107,GST,18,47.18,142.0,38,Packaged Biscuits & Cookies,1905,8905719285654
Whole Wheat Bread - 400g Pack,CAFE-00108,GST,5,21.75,63.0,50,Breads & Savory (Retail),1905,8901447394731
Whole Wheat Bread - 400g Pack,CAFE-00109,GST,5,23.32,70.0,20,Breads & Savory (Retail),1905,8905518844225
Signature Egg & Cheese Croissant - Standard,CAFE-00110,GST,5,103.96,273.0,17,Prepared Snacks & Sandwiches (Cafe Service),9963,8900589578291
Handcrafted Blueberry Cheesecake Slice - 1 Slice,CAFE-00111,GST,18,65.0,233.0,20,Fresh Pastries & Cakes,1905,8901251778528
Classic Fruit & Nut Chocolate - 100g Bar,CAFE-00112,GST,18,75.01,288.0,18,Chocolates & Confectionery,1806,8901824225358
Signature Butter Cookies - 500g Box,CAFE-00113,GST,18,110.61,353.0,23,Packaged Biscuits & Cookies,1905,8904981829922
Fruit & Nut Chocolate - 100g Bar,CAFE-00114,GST,18,67.91,255.0,20,Chocolates & Confectionery,1806,8900943969078
Handcrafted Almond Biscotti - 200g Box,CAFE-00115,GST,18,85.4,312.0,40,Packaged Biscuits & Cookies,1905,8904710276773
House Special Nankhatai - 250g Box,CAFE-00116,GST,18,66.67,185.0,37,Packaged Biscuits & Cookies,1905,8906258815371
Classic Jeera Biscuits - 250g Box,CAFE-00117,GST,18,51.06,139.0,39,Packaged Biscuits & Cookies,1905,8909632595327
Freshly Baked Cheese Croissant - 1 Pc,CAFE-00118,GST,5,71.12,168.0,14,Prepared Snacks & Sandwiches (Cafe Service),9963,8908733950047
Deluxe Cheese Croissant - 1 Pc,CAFE-00119,GST,5,60.16,144.0,6,Prepared Snacks & Sandwiches (Cafe Service),9963,8904565060983
Premium Nankhatai - 250g Box,CAFE-00120,GST,18,54.14,163.0,50,Packaged Biscuits & Cookies,1905,8904991216558
Choco Chip Cookies - 250g Box,CAFE-00121,GST,18,74.84,232.0,17,Packaged Biscuits & Cookies,1905,8900257872982
Classic Nankhatai - 250g Box,CAFE-00122,GST,18,49.25,163.0,34,Packaged Biscuits & Cookies,1905,8909588879470
Gourmet Oatmeal & Raisin Cookies - 250g Box,CAFE-00123,GST,18,74.02,269.0,59,Packaged Biscuits & Cookies,1905,8900974993097
Cake Rusk - 300g Pack,CAFE-00124,GST,5,32.51,127.0,22,Breads & Savory (Retail),1905,8903075626368
Classic Cheese Croissant - 1 Pc,CAFE-00125,GST,5,52.65,169.0,17,Prepared Snacks & Sandwiches (Cafe Service),9963,8908652785854
Signature Cheese Croissant - 1 Pc,CAFE-00126,GST,5,57.36,157.0,11,Prepared Snacks & Sandwiches (Cafe Service),9963,8904375758441
House Special Chicken Puff - 1 Pc,CAFE-00127,GST,5,26.04,95.0,11,Prepared Snacks & Sandwiches (Cafe Service),9963,8900415747338
Classic Nankhatai - 250g Box,CAFE-00128,GST,18,42.17,149.0,30,Packaged Biscuits & Cookies,1905,8903083301657
Deluxe Chocolate Truffle Cake - 500g,CAFE-00129,GST,18,384.42,955.0,17,Fresh Pastries & Cakes,1905,8907345401938
Gourmet Assorted Truffles - Box of 6,CAFE-00130,GST,18,208.23,524.0,17,Chocolates & Confectionery,1806,8906724004991
Deluxe Oatmeal & Raisin Cookies - 250g Box,CAFE-00131,GST,18,69.46,264.0,23,Packaged Biscuits & Cookies,1905,8908743152742
Mango Mousse Cup - Standard,CAFE-00132,GST,18,64.76,165.0,14,Fresh Pastries & Cakes,1905,8906851612275
Premium Milk Bread - 400g Pack,CAFE-00133,GST,5,13.78,49.0,36,Breads & Savory (Retail),1905,8904990453017
Deluxe Choco Chip Cookies - 500g Box,CAFE-00134,GST,18,122.69,466.0,34,Packaged Biscuits & Cookies,1905,8901459332727
Gourmet Fruit & Nut Chocolate - 100g Bar,CAFE-00135,GST,18,80.93,311.0,49,Chocolates & Confectionery,1806,8903391878519
Black Forest Pastry - 1 Slice,CAFE-00136,GST,18,50.88,127.0,18,Fresh Pastries & Cakes,1905,8907139718707
Cake Rusk - 300g Pack,CAFE-00137,GST,5,42.21,128.0,34,Breads & Savory (Retail),1905,8900640391065
Premium Assorted Truffles - Box of 6,CAFE-00138,GST,18,176.41,538.0,33,Chocolates & Confectionery,1806,8906226567661
House Special Fruit & Nut Chocolate - 100g Bar,CAFE-00139,GST,18,65.71,262.0,40,Chocolates & Confectionery,1806,8908230047868
Handcrafted Hot Chocolate - Regular,CAFE-00140,GST,5,81.97,221.0,5,Prepared Beverages (Cafe Service),9963,8900690331190
Artisan Espresso - Single Shot,CAFE-00141,GST,5,46.53,122.0,8,Prepared Beverages (Cafe Service),9963,8900284395995
Pizza Base - Pack of 2,CAFE-00142,GST,5,15.69,43.0,18,Breads & Savory (Retail),1905,8908926870568
Gourmet Almond Biscotti - 200g Box,CAFE-00143,GST,18,104.95,302.0,49,Packaged Biscuits & Cookies,1905,8907334270866
Signature Paneer Tikka Wrap - Standard,CAFE-00144,GST,5,62.98,176.0,4,Prepared Snacks & Sandwiches (Cafe Service),9963,8907518304699
Pineapple Pastry - 1 Slice,CAFE-00145,GST,18,34.94,112.0,17,Fresh Pastries & Cakes,1905,8903540331739
Signature Dark Chocolate Bar (70%) - 100g Bar,CAFE-00146,GST,18,73.97,266.0,39,Chocolates & Confectionery,1806,8907854458771
Signature Hazelnut Pralines - Box of 9,CAFE-00147,GST,18,188.79,556.0,51,Chocolates & Confectionery,1806,8903204899642
Suji Rusk - 400g Pack,CAFE-00148,GST,5,36.33,96.0,50,Breads & Savory (Retail),1905,8905477725228
Artisan Cafe Latte - Iced,CAFE-00149,GST,5,54.17,201.0,4,Prepared Beverages (Cafe Service),9963,8900062312038
Mocha Frappe - Regular,CAFE-00150,GST,5,67.51,262.0,17,Prepared Beverages (Cafe Service),9963,8907008860084
Deluxe Aloo Puff / Patties - 1 Pc,CAFE-00151,GST,5,13.48,46.0,7,Prepared Snacks & Sandwiches (Cafe Service),9963,8901182339845
House Special Jeera Biscuits - 250g Box,CAFE-00152,GST,18,58.82,178.0,30,Packaged Biscuits & Cookies,1905,8903410166687
Premium Black Forest Pastry - 1 Slice,CAFE-00153,GST,18,42.27,126.0,12,Fresh Pastries & Cakes,1905,8909180339740
Classic Blueberry Cheesecake Slice - 1 Slice,CAFE-00154,GST,18,93.63,259.0,8,Fresh Pastries & Cakes,1905,8909261429396
Gourmet Fruit & Nut Chocolate - 100g Bar,CAFE-00155,GST,18,128.47,315.0,59,Chocolates & Confectionery,1806,8901850163159
Artisan Chicken Puff - 1 Pc,CAFE-00156,GST,5,24.1,87.0,16,Prepared Snacks & Sandwiches (Cafe Service),9963,8907358662961
Premium Aloo Puff / Patties - 1 Pc,CAFE-00157,GST,5,14.93,37.0,6,Prepared Snacks & Sandwiches (Cafe Service),9963,8906551104754
Classic Chocolate Truffle Cake - 500g,CAFE-00158,GST,18,256.98,823.0,18,Fresh Pastries & Cakes,1905,8906101581995
Gourmet Espresso - Double Shot,CAFE-00159,GST,5,93.52,220.0,19,Prepared Beverages (Cafe Service),9963,8903982622444
Classic Cafe Latte - Regular,CAFE-00160,GST,5,66.26,196.0,17,Prepared Beverages (Cafe Service),9963,8901543799371
Pizza Base - Pack of 2,CAFE-00161,GST,5,13.57,45.0,36,Breads & Savory (Retail),1905,8907569245937
House Special Choco Chip Cookies - 500g Box,CAFE-00162,GST,18,113.3,391.0,46,Packaged Biscuits & Cookies,1905,8909356465193
Handcrafted Paneer Tikka Wrap - Standard,CAFE-00163,GST,5,82.64,213.0,11,Prepared Snacks & Sandwiches (Cafe Service),9963,8901672434266
Handcrafted Chocolate Brownie - Fudge,CAFE-00164,GST,18,47.44,150.0,15,Fresh Pastries & Cakes,1905,8908058911352
Fruit & Nut Chocolate - 100g Bar,CAFE-00165,GST,18,97.97,335.0,40,Chocolates & Confectionery,1806,8905610143888
House Special Egg & Cheese Croissant - Standard,CAFE-00166,GST,5,67.96,244.0,20,Prepared Snacks & Sandwiches (Cafe Service),9963,8908250714611
Freshly Baked Dark Chocolate Bar (70%) - 100g Bar,CAFE-00167,GST,18,69.5,251.0,48,Chocolates & Confectionery,1806,8907571775140
House Special Assorted Truffles - Box of 6,CAFE-00168,GST,18,143.91,492.0,25,Chocolates & Confectionery,1806,8903828258673
Gourmet Cafe Latte - Regular,CAFE-00169,GST,5,55.0,194.0,8,Prepared Beverages (Cafe Service),9963,8907966033419
House Special Chocolate Truffle Cake - 1kg,CAFE-00170,GST,18,574.19,1381.0,17,Fresh Pastries & Cakes,1905,8908596969155
Freshly Baked Cafe Latte - Iced,CAFE-00171,GST,5,68.36,223.0,6,Prepared Beverages (Cafe Service),9963,8905134125286
Gourmet Cafe Latte - Iced,CAFE-00172,GST,5,63.39,195.0,19,Prepared Beverages (Cafe Service),9963,8902827422579
Handcrafted Mango Mousse Cup - Standard,CAFE-00173,GST,18,38.45,141.0,19,Fresh Pastries & Cakes,1905,8908767677219
Artisan Red Velvet Cake - 1kg,CAFE-00174,GST,18,530.35,1680.0,7,Fresh Pastries & Cakes,1905,8907978819148
Handcrafted Nankhatai - 250g Box,CAFE-00175,GST,18,42.7,170.0,21,Packaged Biscuits & Cookies,1905,8903407451713
Suji Rusk - 400g Pack,CAFE-00176,GST,5,27.13,98.0,28,Breads & Savory (Retail),1905,8900958498254
Deluxe Nankhatai - 250g Box,CAFE-00177,GST,18,55.8,191.0,21,Packaged Biscuits & Cookies,1905,8902604223253
Classic Hazelnut Pralines - Box of 9,CAFE-00178,GST,18,219.85,590.0,41,Chocolates & Confectionery,1806,8906711684577
Premium Nankhatai - 250g Box,CAFE-00179,GST,18,59.17,179.0,57,Packaged Biscuits & Cookies,1905,8905186363745
Oatmeal & Raisin Cookies - 250g Box,CAFE-00180,GST,18,79.86,289.0,58,Packaged Biscuits & Cookies,1905,8900017012770
Freshly Baked Hot Chocolate - Regular,CAFE-00181,GST,5,53.62,208.0,10,Prepared Beverages (Cafe Service),9963,8901541520643
Artisan Cappuccino - Regular,CAFE-00182,GST,5,74.35,174.0,20,Prepared Beverages (Cafe Service),9963,8903870051627
Premium Red Velvet Cake - 1kg,CAFE-00183,GST,18,802.73,1914.0,12,Fresh Pastries & Cakes,1905,8905426221890
House Special Paneer Tikka Wrap - Standard,CAFE-00184,GST,5,60.35,201.0,6,Prepared Snacks & Sandwiches (Cafe Service),9963,8906973112196
Classic Jeera Biscuits - 500g Box,CAFE-00185,GST,18,78.27,263.0,30,Packaged Biscuits & Cookies,1905,8908999404389
Freshly Baked Egg & Cheese Croissant - Standard,CAFE-00186,GST,5,72.84,263.0,9,Prepared Snacks & Sandwiches (Cafe Service),9963,8907613791805
Choco Chip Cookies - 500g Box,CAFE-00187,GST,18,127.53,406.0,26,Packaged Biscuits & Cookies,1905,8907109104300
Deluxe Mango Smoothie - Regular,CAFE-00188,GST,5,80.0,237.0,14,Prepared Beverages (Cafe Service),9963,8901889241418
Multigrain Bread - 400g Pack,CAFE-00189,GST,5,24.06,86.0,56,Breads & Savory (Retail),1905,8901463031617
Classic Veg Grilled Sandwich - Cheese Burst,CAFE-00190,GST,5,40.3,140.0,2,Prepared Snacks & Sandwiches (Cafe Service),9963,8902758842524
House Special Assorted Truffles - Box of 6,CAFE-00191,GST,18,191.11,514.0,19,Chocolates & Confectionery,1806,8904917785079
Suji Rusk - 400g Pack,CAFE-00192,GST,5,26.77,102.0,58,Breads & Savory (Retail),1905,8901380003075
Artisan Cafe Latte - Regular,CAFE-00193,GST,5,52.79,203.0,15,Prepared Beverages (Cafe Service),9963,8903536541951
Signature Veg Grilled Sandwich - Standard,CAFE-00194,GST,5,43.11,171.0,14,Prepared Snacks & Sandwiches (Cafe Service),9963,8901744518705
Pizza Base - Pack of 4,CAFE-00195,GST,5,38.07,109.0,46,Breads & Savory (Retail),1905,8903832060385
Artisan Assorted Truffles - Box of 12,CAFE-00196,GST,18,317.31,913.0,34,Chocolates & Confectionery,1806,8901383670241
House Special Red Velvet Cake - 1kg,CAFE-00197,GST,18,500.25,1774.0,20,Fresh Pastries & Cakes,1905,8901826199062
Pizza Base - Pack of 4,CAFE-00198,GST,5,45.75,133.0,35,Breads & Savory (Retail),1905,8905743132912
Handcrafted Chocolate Truffle Cake - 1kg,CAFE-00199,GST,18,592.39,1432.0,13,Fresh Pastries & Cakes,1905,8903747411249
Classic Red Velvet Cake - 1kg,CAFE-00200,GST,18,599.22,1586.0,13,Fresh Pastries & Cakes,1905,8906804420678
Premium Fruit & Nut Chocolate - 100g Bar,CAFE-00201,GST,18,79.79,291.0,23,Chocolates & Confectionery,1806,8901003236519
Artisan Aloo Puff / Patties - 1 Pc,CAFE-00202,GST,5,18.78,48.0,16,Prepared Snacks & Sandwiches (Cafe Service),9963,8902151070296
Artisan Hazelnut Pralines - Box of 9,CAFE-00203,GST,18,188.01,558.0,37,Chocolates & Confectionery,1806,8903244720999
Pizza Base - Pack of 4,CAFE-00204,GST,5,42.78,131.0,20,Breads & Savory (Retail),1905,8904626383806
Deluxe Milk Chocolate Bar - 100g Bar,CAFE-00205,GST,18,80.52,227.0,51,Chocolates & Confectionery,1806,8908564205930
Deluxe Butter Cookies - 500g Box,CAFE-00206,GST,18,100.27,326.0,29,Packaged Biscuits & Cookies,1905,8902133480396
Signature Choco Chip Cookies - 250g Box,CAFE-00207,GST,18,64.91,237.0,59,Packaged Biscuits & Cookies,1905,8905905992937
Handcrafted Aloo Puff / Patties - 1 Pc,CAFE-00208,GST,5,15.64,36.0,9,Prepared Snacks & Sandwiches (Cafe Service),9963,8900870593252
Classic Butter Cookies - 250g Box,CAFE-00209,GST,18,50.38,194.0,22,Packaged Biscuits & Cookies,1905,8908515691545
Multigrain Bread - 400g Pack,CAFE-00210,GST,5,35.01,88.0,50,Breads & Savory (Retail),1905,8909539264422
Assorted Truffles - Box of 12,CAFE-00211,GST,18,224.4,737.0,54,Chocolates & Confectionery,1806,8903917251355
Whole Wheat Bread - 400g Pack,CAFE-00212,GST,5,20.95,54.0,59,Breads & Savory (Retail),1905,8901541006762
House Special Peach Iced Tea - Large,CAFE-00213,GST,5,128.43,306.0,17,Prepared Beverages (Cafe Service),9963,8909327104054
Classic Pineapple Pastry - 2 Slices,CAFE-00214,GST,18,84.35,210.0,4,Fresh Pastries & Cakes,1905,8908159970629
Premium Cafe Latte - Regular,CAFE-00215,GST,5,48.05,190.0,15,Prepared Beverages (Cafe Service),9963,8908844431069
Artisan Cheese Croissant - 1 Pc,CAFE-00216,GST,5,54.21,161.0,11,Prepared Snacks & Sandwiches (Cafe Service),9963,8909731032417
Handcrafted Blueberry Cheesecake Slice - 1 Slice,CAFE-00217,GST,18,67.85,230.0,4,Fresh Pastries & Cakes,1905,8908625652704
Signature Peach Iced Tea - Large,CAFE-00218,GST,5,103.25,332.0,6,Prepared Beverages (Cafe Service),9963,8901158693806
Chicken Puff - 1 Pc,CAFE-00219,GST,5,30.42,93.0,4,Prepared Snacks & Sandwiches (Cafe Service),9963,8906089899217
Multigrain Bread - 400g Pack,CAFE-00220,GST,5,25.32,75.0,58,Breads & Savory (Retail),1905,8906329451168
Freshly Baked Mango Smoothie - Regular,CAFE-00221,GST,5,57.65,222.0,2,Prepared Beverages (Cafe Service),9963,8909986162299
Chicken Tikka Sandwich - Standard,CAFE-00222,GST,5,65.85,238.0,19,Prepared Snacks & Sandwiches (Cafe Service),9963,8905646799702
Jeera Biscuits - 250g Box,CAFE-00223,GST,18,46.98,162.0,17,Packaged Biscuits & Cookies,1905,8906530745054
Premium Oatmeal & Raisin Cookies - 250g Box,CAFE-00224,GST,18,114.16,298.0,34,Packaged Biscuits & Cookies,1905,8907546913736
Artisan Hazelnut Pralines - Box of 9,CAFE-00225,GST,18,233.29,580.0,34,Chocolates & Confectionery,1806,8908628902330
Premium Milk Bread - 400g Pack,CAFE-00226,GST,5,17.01,59.0,32,Breads & Savory (Retail),1905,8905786103579
Cafe Latte - Large,CAFE-00227,GST,5,129.09,364.0,10,Prepared Beverages (Cafe Service),9963,8901406029333
Gourmet Dark Chocolate Bar (70%) - 100g Bar,CAFE-00228,GST,18,70.02,263.0,58,Chocolates & Confectionery,1806,8900722903494
Gourmet Milk Chocolate Bar - 100g Bar,CAFE-00229,GST,18,76.33,231.0,28,Chocolates & Confectionery,1806,8907489691085
Premium Aloo Puff / Patties - 2 Pcs,CAFE-00230,GST,5,14.97,42.0,10,Prepared Snacks & Sandwiches (Cafe Service),9963,8905444328309
Artisan Mocha Frappe - Regular,CAFE-00231,GST,5,65.82,263.0,10,Prepared Beverages (Cafe Service),9963,8906660993538
Deluxe Hazelnut Pralines - Box of 9,CAFE-00232,GST,18,217.48,545.0,57,Chocolates & Confectionery,1806,8908241724825
House Special Assorted Truffles - Box of 6,CAFE-00233,GST,18,115.43,435.0,41,Chocolates & Confectionery,1806,8905549471709
Signature Chicken Tikka Sandwich - Standard,CAFE-00234,GST,5,58.75,221.0,14,Prepared Snacks & Sandwiches (Cafe Service),9963,8908460223569
Classic Cafe Latte - Large,CAFE-00235,GST,5,126.07,388.0,7,Prepared Beverages (Cafe Service),9963,8905007432927
Gourmet Chocolate Truffle Cake - 2kg,CAFE-00236,GST,18,1043.02,3052.0,17,Fresh Pastries & Cakes,1905,8906008350583
Signature Black Forest Pastry - 1 Slice,CAFE-00237,GST,18,47.17,133.0,6,Fresh Pastries & Cakes,1905,8901689421044
Gourmet Mango Smoothie - Regular,CAFE-00238,GST,5,61.38,245.0,12,Prepared Beverages (Cafe Service),9963,8907532603323
Premium Assorted Truffles - Box of 6,CAFE-00239,GST,18,134.68,454.0,17,Chocolates & Confectionery,1806,8906489090100
Handcrafted Assorted Truffles - Box of 12,CAFE-00240,GST,18,257.76,821.0,45,Chocolates & Confectionery,1806,8902304618499
Premium Dark Chocolate Bar (70%) - 100g Bar,CAFE-00241,GST,18,79.41,263.0,33,Chocolates & Confectionery,1806,8901173934835
Classic Hazelnut Pralines - Box of 9,CAFE-00242,GST,18,162.28,502.0,28,Chocolates & Confectionery,1806,8907530011972
Freshly Baked Pineapple Pastry - 1 Slice,CAFE-00243,GST,18,36.07,109.0,11,Fresh Pastries & Cakes,1905,8904701204556
Artisan Assorted Truffles - Box of 6,CAFE-00244,GST,18,165.77,406.0,56,Chocolates & Confectionery,1806,8902557941552
Handcrafted Vanilla Cupcake - Box of 4,CAFE-00245,GST,18,67.72,196.0,17,Fresh Pastries & Cakes,1905,8906212021697
Cheese Croissant - 1 Pc,CAFE-00246,GST,5,56.93,162.0,2,Prepared Snacks & Sandwiches (Cafe Service),9963,8902771670145
Deluxe Red Velvet Cake - 1kg,CAFE-00247,GST,18,522.1,1807.0,5,Fresh Pastries & Cakes,1905,8906375628900
Handcrafted Dark Chocolate Bar (70%) - 100g Bar,CAFE-00248,GST,18,124.21,290.0,46,Chocolates & Confectionery,1806,8905354083866
Whole Wheat Bread - 400g Pack,CAFE-00249,GST,5,22.62,68.0,46,Breads & Savory (Retail),1905,8907517016608
Veg Grilled Sandwich - Standard,CAFE-00250,GST,5,53.17,178.0,18,Prepared Snacks & Sandwiches (Cafe Service),9963,8908375503758
Handcrafted Cheese Croissant - 1 Pc,CAFE-00251,GST,5,41.77,149.0,9,Prepared Snacks & Sandwiches (Cafe Service),9963,8900554885102
Gourmet Cafe Latte - Iced,CAFE-00252,GST,5,53.64,177.0,8,Prepared Beverages (Cafe Service),9963,8901637351609
Chocolate Brownie - With Walnut,CAFE-00253,GST,18,67.97,166.0,17,Fresh Pastries & Cakes,1905,8900808697829
Multigrain Bread - 400g Pack,CAFE-00254,GST,5,26.74,88.0,35,Breads & Savory (Retail),1905,8908669346547
Multigrain Bread - 400g Pack,CAFE-00255,GST,5,25.09,89.0,34,Breads & Savory (Retail),1905,8908583339452
Premium Dark Chocolate Bar (70%) - 100g Bar,CAFE-00256,GST,18,87.79,282.0,52,Chocolates & Confectionery,1806,8909684608106
Premium Milk Bread - 400g Pack,CAFE-00257,GST,5,13.56,49.0,33,Breads & Savory (Retail),1905,8904204380571
Signature Egg & Cheese Croissant - Standard,CAFE-00258,GST,5,69.61,253.0,11,Prepared Snacks & Sandwiches (Cafe Service),9963,8900666580043
House Special Cheese Croissant - 1 Pc,CAFE-00259,GST,5,56.53,180.0,8,Prepared Snacks & Sandwiches (Cafe Service),9963,8903472122816
Deluxe Vanilla Cupcake - Box of 4,CAFE-00260,GST,18,78.73,196.0,10,Fresh Pastries & Cakes,1905,8900572025909
Milk Chocolate Bar - 100g Bar,CAFE-00261,GST,18,91.37,213.0,60,Chocolates & Confectionery,1806,8905832818268
House Special Chicken Puff - 1 Pc,CAFE-00262,GST,5,29.8,77.0,12,Prepared Snacks & Sandwiches (Cafe Service),9963,8905543987801
Signature Milk Chocolate Bar - 100g Bar,CAFE-00263,GST,18,70.81,234.0,54,Chocolates & Confectionery,1806,8903056164840
Handcrafted Paneer Puff - 1 Pc,CAFE-00264,GST,5,14.41,55.0,8,Prepared Snacks & Sandwiches (Cafe Service),9963,8905811288013
Premium Dark Chocolate Bar (70%) - 100g Bar,CAFE-00265,GST,18,65.01,240.0,42,Chocolates & Confectionery,1806,8901207501102
Nankhatai - 250g Box,CAFE-00266,GST,18,47.66,183.0,41,Packaged Biscuits & Cookies,1905,8906766506180
Fruit & Nut Chocolate - 100g Bar,CAFE-00267,GST,18,68.69,256.0,37,Chocolates & Confectionery,1806,8908144914766
Classic Assorted Truffles - Box of 12,CAFE-00268,GST,18,351.26,859.0,40,Chocolates & Confectionery,1806,8908424508821
Deluxe Black Forest Pastry - 2 Slices,CAFE-00269,GST,18,97.74,230.0,8,Fresh Pastries & Cakes,1905,8905368222394
Whole Wheat Bread - 400g Pack,CAFE-00270,GST,5,18.49,69.0,50,Breads & Savory (Retail),1905,8907814141397
Signature Oatmeal & Raisin Cookies - 250g Box,CAFE-00271,GST,18,70.28,233.0,27,Packaged Biscuits & Cookies,1905,8905775949299
Classic Oatmeal & Raisin Cookies - 250g Box,CAFE-00272,GST,18,85.13,225.0,29,Packaged Biscuits & Cookies,1905,8906452577754
Classic Mango Smoothie - Regular,CAFE-00273,GST,5,97.97,230.0,10,Prepared Beverages (Cafe Service),9963,8902834110809
Artisan Chicken Puff - 1 Pc,CAFE-00274,GST,5,26.74,85.0,19,Prepared Snacks & Sandwiches (Cafe Service),9963,8907256394278
House Special Chicken Tikka Sandwich - Standard,CAFE-00275,GST,5,65.14,221.0,7,Prepared Snacks & Sandwiches (Cafe Service),9963,8908272299275
Signature Red Velvet Cake - 1kg,CAFE-00276,GST,18,548.35,1571.0,3,Fresh Pastries & Cakes,1905,8903856770051
Freshly Baked Fruit & Nut Chocolate - 100g Bar,CAFE-00277,GST,18,93.3,301.0,39,Chocolates & Confectionery,1806,8906591846386
Handcrafted Oatmeal & Raisin Cookies - 250g Box,CAFE-00278,GST,18,132.01,292.0,23,Packaged Biscuits & Cookies,1905,8907231843222
Signature Nankhatai - 250g Box,CAFE-00279,GST,18,58.69,164.0,22,Packaged Biscuits & Cookies,1905,8907773926030
Multigrain Bread - 400g Pack,CAFE-00280,GST,5,22.6,73.0,18,Breads & Savory (Retail),1905,8902428699041
Pav Buns - Pack of 6,CAFE-00281,GST,5,25.71,95.0,53,Breads & Savory (Retail),1905,8902929842579
Gourmet Chicken Tikka Sandwich - Standard,CAFE-00282,GST,5,88.92,213.0,8,Prepared Snacks & Sandwiches (Cafe Service),9963,8908862912799
Handcrafted Pineapple Pastry - 1 Slice,CAFE-00283,GST,18,28.77,110.0,19,Fresh Pastries & Cakes,1905,8900686508637
Gourmet Mocha Frappe - Regular,CAFE-00284,GST,5,73.88,226.0,9,Prepared Beverages (Cafe Service),9963,8901498643009
Gourmet Chicken Tikka Sandwich - Standard,CAFE-00285,GST,5,66.9,230.0,12,Prepared Snacks & Sandwiches (Cafe Service),9963,8906512694486
Gourmet Paneer Puff - 1 Pc,CAFE-00286,GST,5,23.1,68.0,19,Prepared Snacks & Sandwiches (Cafe Service),9963,8907258874495
Premium Hazelnut Pralines - Box of 9,CAFE-00287,GST,18,205.73,618.0,59,Chocolates & Confectionery,1806,8902138658902
Classic Espresso - Single Shot,CAFE-00288,GST,5,38.1,125.0,4,Prepared Beverages (Cafe Service),9963,8901435190669
Fruit & Nut Chocolate - 100g Bar,CAFE-00289,GST,18,71.54,257.0,26,Chocolates & Confectionery,1806,8907703843098
Artisan Egg & Cheese Croissant - Standard,CAFE-00290,GST,5,71.62,242.0,7,Prepared Snacks & Sandwiches (Cafe Service),9963,8901465669380
Deluxe Assorted Truffles - Box of 6,CAFE-00291,GST,18,119.94,443.0,52,Chocolates & Confectionery,1806,8905543937690
Deluxe Choco Chip Cookies - 500g Box,CAFE-00292,GST,18,158.35,369.0,33,Packaged Biscuits & Cookies,1905,8905184894769
Handcrafted Hot Chocolate - With Marshmallows,CAFE-00293,GST,5,63.72,243.0,2,Prepared Beverages (Cafe Service),9963,8907141633565
Signature Veg Grilled Sandwich - Cheese Burst,CAFE-00294,GST,5,50.72,148.0,12,Prepared Snacks & Sandwiches (Cafe Service),9963,8901827553942
Signature Dark Chocolate Bar (70%) - 100g Bar,CAFE-00295,GST,18,92.2,243.0,31,Chocolates & Confectionery,1806,8903333952111
Deluxe Hazelnut Pralines - Box of 9,CAFE-00296,GST,18,175.24,653.0,38,Chocolates & Confectionery,1806,8909579472846
Multigrain Bread - 400g Pack,CAFE-00297,GST,5,29.73,91.0,49,Breads & Savory (Retail),1905,8900856271875
Signature Assorted Truffles - Box of 6,CAFE-00298,GST,18,191.49,456.0,38,Chocolates & Confectionery,1806,8909428434795
Gourmet Choco Chip Cookies - 500g Box,CAFE-00299,GST,18,110.07,381.0,38,Packaged Biscuits & Cookies,1905,8905647292931
Deluxe Milk Chocolate Bar - 100g Bar,CAFE-00300,GST,18,71.39,206.0,24,Chocolates & Confectionery,1806,8902702672885
Deluxe Cold Coffee Classic - Large,CAFE-00301,GST,5,154.86,354.0,5,Prepared Beverages (Cafe Service),9963,8902034717545
House Special Nankhatai - 250g Box,CAFE-00302,GST,18,59.96,145.0,58,Packaged Biscuits & Cookies,1905,8909399824558
Gourmet Peach Iced Tea - Regular,CAFE-00303,GST,5,57.01,173.0,6,Prepared Beverages (Cafe Service),9963,8902569961125
Suji Rusk - 400g Pack,CAFE-00304,GST,5,30.4,100.0,40,Breads & Savory (Retail),1905,8904759876220
Garlic Bread Loaf - 1 Pc,CAFE-00305,GST,5,36.37,106.0,21,Breads & Savory (Retail),1905,8901780068114
Gourmet Paneer Tikka Wrap - Standard,CAFE-00306,GST,5,67.67,179.0,11,Prepared Snacks & Sandwiches (Cafe Service),9963,8907228200557
Deluxe Mango Smoothie - Regular,CAFE-00307,GST,5,55.0,217.0,19,Prepared Beverages (Cafe Service),9963,8902997968845
Premium Mango Smoothie - Regular,CAFE-00308,GST,5,75.92,217.0,10,Prepared Beverages (Cafe Service),9963,8902400825478
Freshly Baked Chocolate Brownie - With Walnut,CAFE-00309,GST,18,42.36,126.0,11,Fresh Pastries & Cakes,1905,8909308536866
Multigrain Bread - 400g Pack,CAFE-00310,GST,5,32.87,77.0,55,Breads & Savory (Retail),1905,8903894484631
Multigrain Bread - 400g Pack,CAFE-00311,GST,5,26.27,87.0,32,Breads & Savory (Retail),1905,8909735020802
Classic Blueberry Cheesecake Slice - 1 Slice,CAFE-00312,GST,18,69.82,245.0,9,Fresh Pastries & Cakes,1905,8901207356475
Premium Espresso - Double Shot,CAFE-00313,GST,5,63.63,249.0,3,Prepared Beverages (Cafe Service),9963,8904618723460
Handcrafted Red Velvet Cake - 1kg,CAFE-00314,GST,18,417.53,1666.0,8,Fresh Pastries & Cakes,1905,8907183764520
Freshly Baked Fruit & Nut Chocolate - 100g Bar,CAFE-00315,GST,18,106.65,292.0,38,Chocolates & Confectionery,1806,8900313650249
Artisan Vanilla Cupcake - 1 Pc,CAFE-00316,GST,18,29.27,95.0,17,Fresh Pastries & Cakes,1905,8909251327195
House Special Assorted Truffles - Box of 6,CAFE-00317,GST,18,142.1,492.0,21,Chocolates & Confectionery,1806,8902735857306
Freshly Baked Almond Biscotti - 200g Box,CAFE-00318,GST,18,121.68,374.0,43,Packaged Biscuits & Cookies,1905,8908487392855
Hazelnut Pralines - Box of 9,CAFE-00319,GST,18,201.99,646.0,19,Chocolates & Confectionery,1806,8908274485708
Cafe Latte - Regular,CAFE-00320,GST,5,61.16,220.0,9,Prepared Beverages (Cafe Service),9963,8905186387829
House Special Oatmeal & Raisin Cookies - 250g Box,CAFE-00321,GST,18,74.16,233.0,19,Packaged Biscuits & Cookies,1905,8900220317310
Deluxe Chicken Puff - 1 Pc,CAFE-00322,GST,5,26.67,87.0,3,Prepared Snacks & Sandwiches (Cafe Service),9963,8905391037170
House Special Nankhatai - 250g Box,CAFE-00323,GST,18,78.96,182.0,54,Packaged Biscuits & Cookies,1905,8904801413811
Signature Dark Chocolate Bar (70%) - 100g Bar,CAFE-00324,GST,18,70.66,239.0,51,Chocolates & Confectionery,1806,8902886195761
Multigrain Bread - 400g Pack,CAFE-00325,GST,5,32.2,80.0,53,Breads & Savory (Retail),1905,8907558556659
Garlic Bread Loaf - 1 Pc,CAFE-00326,GST,5,48.92,130.0,43,Breads & Savory (Retail),1905,8907600490824
Signature Blueberry Cheesecake Slice - 1 Slice,CAFE-00327,GST,18,113.44,254.0,10,Fresh Pastries & Cakes,1905,8908889921075
Multigrain Bread - 400g Pack,CAFE-00328,GST,5,35.1,93.0,31,Breads & Savory (Retail),1905,8904196931572
Artisan Cappuccino - Large,CAFE-00329,GST,5,112.13,363.0,4,Prepared Beverages (Cafe Service),9963,8900556613906
House Special Blueberry Cheesecake Slice - 1 Slice,CAFE-00330,GST,18,94.77,234.0,18,Fresh Pastries & Cakes,1905,8903206799813
Classic Cold Coffee Classic - Large,CAFE-00331,GST,5,122.63,288.0,20,Prepared Beverages (Cafe Service),9963,8900864168622
Handcrafted Mango Smoothie - Regular,CAFE-00332,GST,5,66.29,214.0,19,Prepared Beverages (Cafe Service),9963,8909833146591
House Special Vanilla Cupcake - Box of 4,CAFE-00333,GST,18,72.37,201.0,2,Fresh Pastries & Cakes,1905,8904259792703
Suji Rusk - 400g Pack,CAFE-00334,GST,5,36.55,84.0,54,Breads & Savory (Retail),1905,8902405147705
Garlic Bread Loaf - 1 Pc,CAFE-00335,GST,5,43.52,116.0,45,Breads & Savory (Retail),1905,8909206980420
Artisan Choco Chip Cookies - 500g Box,CAFE-00336,GST,18,105.61,412.0,19,Packaged Biscuits & Cookies,1905,8906451046368
Handcrafted Assorted Truffles - Box of 12,CAFE-00337,GST,18,297.77,940.0,26,Chocolates & Confectionery,1806,8903878003845
Artisan Green Tea - Cup,CAFE-00338,GST,5,38.82,110.0,11,Prepared Beverages (Cafe Service),9963,8903840460843
Suji Rusk - 400g Pack,CAFE-00339,GST,5,28.74,83.0,58,Breads & Savory (Retail),1905,8909363926495
Signature Mango Smoothie - Regular,CAFE-00340,GST,5,70.86,230.0,8,Prepared Beverages (Cafe Service),9963,8902482629251
House Special Chicken Tikka Sandwich - Standard,CAFE-00341,GST,5,98.3,242.0,2,Prepared Snacks & Sandwiches (Cafe Service),9963,8905664742312
Premium Milk Bread - 400g Pack,CAFE-00342,GST,5,20.65,54.0,29,Breads & Savory (Retail),1905,8903051728975
Cake Rusk - 300g Pack,CAFE-00343,GST,5,51.81,132.0,17,Breads & Savory (Retail),1905,8906046333127
Handcrafted Cheese Croissant - 1 Pc,CAFE-00344,GST,5,62.97,187.0,3,Prepared Snacks & Sandwiches (Cafe Service),9963,8909656999880
Handcrafted Chicken Tikka Sandwich - Standard,CAFE-00345,GST,5,105.87,241.0,9,Prepared Snacks & Sandwiches (Cafe Service),9963,8908860868034
Freshly Baked Green Tea - Pot,CAFE-00346,GST,5,69.58,206.0,3,Prepared Beverages (Cafe Service),9963,8908277181298
Cake Rusk - 300g Pack,CAFE-00347,GST,5,57.49,145.0,52,Breads & Savory (Retail),1905,8903714521117
Deluxe Milk Chocolate Bar - 100g Bar,CAFE-00348,GST,18,63.28,222.0,47,Chocolates & Confectionery,1806,8909268602592
Multigrain Bread - 400g Pack,CAFE-00349,GST,5,29.74,82.0,43,Breads & Savory (Retail),1905,8904212309407
Peach Iced Tea - Regular,CAFE-00350,GST,5,70.77,186.0,20,Prepared Beverages (Cafe Service),9963,8907767199038
Artisan Nankhatai - 250g Box,CAFE-00351,GST,18,66.55,153.0,37,Packaged Biscuits & Cookies,1905,8900209945101
Freshly Baked Cafe Latte - Regular,CAFE-00352,GST,5,59.8,206.0,20,Prepared Beverages (Cafe Service),9963,8908279501455
Deluxe Cappuccino - Large,CAFE-00353,GST,5,97.79,298.0,5,Prepared Beverages (Cafe Service),9963,8904586833901
Chicken Tikka Sandwich - Standard,CAFE-00354,GST,5,62.39,248.0,11,Prepared Snacks & Sandwiches (Cafe Service),9963,8906954899529
Handcrafted Cheese Croissant - 1 Pc,CAFE-00355,GST,5,48.28,183.0,9,Prepared Snacks & Sandwiches (Cafe Service),9963,8904301071396
House Special Espresso - Double Shot,CAFE-00356,GST,5,69.01,231.0,2,Prepared Beverages (Cafe Service),9963,8903441448850
Gourmet Mango Mousse Cup - Standard,CAFE-00357,GST,18,50.77,168.0,2,Fresh Pastries & Cakes,1905,8902355770272
Handcrafted Hazelnut Pralines - Box of 9,CAFE-00358,GST,18,211.88,624.0,18,Chocolates & Confectionery,1806,8908495880395
Freshly Baked Butter Cookies - 250g Box,CAFE-00359,GST,18,73.65,207.0,39,Packaged Biscuits & Cookies,1905,8908299629145
Gourmet Assorted Truffles - Box of 12,CAFE-00360,GST,18,198.48,750.0,38,Chocolates & Confectionery,1806,8907438421503
Artisan Chocolate Brownie - Fudge,CAFE-00361,GST,18,41.79,160.0,6,Fresh Pastries & Cakes,1905,8903578452182
Premium Milk Bread - 400g Pack,CAFE-00362,GST,5,17.83,56.0,15,Breads & Savory (Retail),1905,8904091570184
House Special Blueberry Cheesecake Slice - 1 Slice,CAFE-00363,GST,18,77.69,211.0,19,Fresh Pastries & Cakes,1905,8905714224109
Deluxe Chicken Tikka Sandwich - Standard,CAFE-00364,GST,5,76.08,211.0,6,Prepared Snacks & Sandwiches (Cafe Service),9963,8904932149587
Handcrafted Chocolate Truffle Cake - 500g,CAFE-00365,GST,18,409.02,937.0,14,Fresh Pastries & Cakes,1905,8900166299795
Deluxe Oatmeal & Raisin Cookies - 250g Box,CAFE-00366,GST,18,59.83,231.0,44,Packaged Biscuits & Cookies,1905,8909217174773
Multigrain Bread - 400g Pack,CAFE-00367,GST,5,23.42,81.0,57,Breads & Savory (Retail),1905,8905577017157
House Special Cafe Latte - Large,CAFE-00368,GST,5,152.31,370.0,5,Prepared Beverages (Cafe Service),9963,8906158148769
Deluxe Hot Chocolate - Regular,CAFE-00369,GST,5,67.79,208.0,4,Prepared Beverages (Cafe Service),9963,8905396695832
Premium Assorted Truffles - Box of 12,CAFE-00370,GST,18,287.81,873.0,50,Chocolates & Confectionery,1806,8901724619196
Premium Jeera Biscuits - 250g Box,CAFE-00371,GST,18,59.18,145.0,52,Packaged Biscuits & Cookies,1905,8900227846997
Garlic Bread Loaf - 1 Pc,CAFE-00372,GST,5,30.7,118.0,34,Breads & Savory (Retail),1905,8906519098624
Artisan Mango Mousse Cup - Standard,CAFE-00373,GST,18,45.41,167.0,13,Fresh Pastries & Cakes,1905,8901403696566
Classic Green Tea - Cup,CAFE-00374,GST,5,45.3,115.0,14,Prepared Beverages (Cafe Service),9963,8905624220102
Classic Hazelnut Pralines - Box of 9,CAFE-00375,GST,18,151.67,509.0,41,Chocolates & Confectionery,1806,8907969278687
Classic Mocha Frappe - Regular,CAFE-00376,GST,5,111.59,247.0,17,Prepared Beverages (Cafe Service),9963,8903846895009
Mocha Frappe - Regular,CAFE-00377,GST,5,72.9,251.0,6,Prepared Beverages (Cafe Service),9963,8908478189137
Assorted Truffles - Box of 12,CAFE-00378,GST,18,263.27,742.0,15,Chocolates & Confectionery,1806,8907787956544
Premium Milk Bread - 400g Pack,CAFE-00379,GST,5,14.7,49.0,52,Breads & Savory (Retail),1905,8902904904712
Freshly Baked Chicken Tikka Sandwich - Standard,CAFE-00380,GST,5,72.81,197.0,10,Prepared Snacks & Sandwiches (Cafe Service),9963,8900192927524
Classic Dark Chocolate Bar (70%) - 100g Bar,CAFE-00381,GST,18,75.97,285.0,36,Chocolates & Confectionery,1806,8901292766372
Suji Rusk - 400g Pack,CAFE-00382,GST,5,41.93,101.0,25,Breads & Savory (Retail),1905,8907674783667
Artisan Choco Chip Cookies - 500g Box,CAFE-00383,GST,18,107.56,391.0,39,Packaged Biscuits & Cookies,1905,8905801856945
Freshly Baked Oatmeal & Raisin Cookies - 250g Box,CAFE-00384,GST,18,94.35,274.0,58,Packaged Biscuits & Cookies,1905,8903938525800
Premium Black Forest Pastry - 2 Slices,CAFE-00385,GST,18,66.4,228.0,13,Fresh Pastries & Cakes,1905,8903443009109
Premium Dark Chocolate Bar (70%) - 100g Bar,CAFE-00386,GST,18,70.25,231.0,39,Chocolates & Confectionery,1806,8909212447174
Classic Mocha Frappe - Large,CAFE-00387,GST,5,181.54,490.0,3,Prepared Beverages (Cafe Service),9963,8906650442717
Cake Rusk - 300g Pack,CAFE-00388,GST,5,41.28,131.0,42,Breads & Savory (Retail),1905,8903917410119
Artisan Milk Chocolate Bar - 100g Bar,CAFE-00389,GST,18,94.82,234.0,55,Chocolates & Confectionery,1806,8900064256908
Gourmet Hazelnut Pralines - Box of 9,CAFE-00390,GST,18,160.11,562.0,19,Chocolates & Confectionery,1806,8908306719855
Artisan Milk Chocolate Bar - 100g Bar,CAFE-00391,GST,18,55.53,218.0,20,Chocolates & Confectionery,1806,8905851743280
Gourmet Hot Chocolate - With Marshmallows,CAFE-00392,GST,5,77.06,257.0,13,Prepared Beverages (Cafe Service),9963,8907173203093
Deluxe Green Tea - Cup,CAFE-00393,GST,5,38.72,120.0,16,Prepared Beverages (Cafe Service),9963,8900050506138
Mango Smoothie - Regular,CAFE-00394,GST,5,87.57,204.0,6,Prepared Beverages (Cafe Service),9963,8907079032020
Butter Cookies - 500g Box,CAFE-00395,GST,18,94.37,308.0,21,Packaged Biscuits & Cookies,1905,8901799313656
House Special Butter Cookies - 250g Box,CAFE-00396,GST,18,57.06,207.0,17,Packaged Biscuits & Cookies,1905,8909251142625
Signature Paneer Tikka Wrap - Standard,CAFE-00397,GST,5,93.26,212.0,5,Prepared Snacks & Sandwiches (Cafe Service),9963,8909620710021
Gourmet Fruit & Nut Chocolate - 100g Bar,CAFE-00398,GST,18,85.49,310.0,45,Chocolates & Confectionery,1806,8902324876329
Handcrafted Assorted Truffles - Box of 6,CAFE-00399,GST,18,206.92,488.0,34,Chocolates & Confectionery,1806,8905608331819
Handcrafted Nankhatai - 250g Box,CAFE-00400,GST,18,53.44,181.0,32,Packaged Biscuits & Cookies,1905,8900312772200
Signature Milk Chocolate Bar - 100g Bar,CAFE-00401,GST,18,73.53,206.0,44,Chocolates & Confectionery,1806,8900108220781
Red Velvet Cake - 1kg,CAFE-00402,GST,18,621.46,1836.0,12,Fresh Pastries & Cakes,1905,8903153136363
Handcrafted Chocolate Brownie - Fudge,CAFE-00403,GST,18,42.89,128.0,8,Fresh Pastries & Cakes,1905,8909726527354
Suji Rusk - 400g Pack,CAFE-00404,GST,5,43.34,100.0,23,Breads & Savory (Retail),1905,8901776253492
Fruit & Nut Chocolate - 100g Bar,CAFE-00405,GST,18,89.06,333.0,20,Chocolates & Confectionery,1806,8906873977406
House Special Dark Chocolate Bar (70%) - 100g Bar,CAFE-00406,GST,18,99.22,258.0,52,Chocolates & Confectionery,1806,8902906007806
Premium Chicken Puff - 1 Pc,CAFE-00407,GST,5,31.52,83.0,19,Prepared Snacks & Sandwiches (Cafe Service),9963,8900632543107
Handcrafted Milk Chocolate Bar - 100g Bar,CAFE-00408,GST,18,65.16,231.0,16,Chocolates & Confectionery,1806,8907726257016
Freshly Baked Milk Chocolate Bar - 100g Bar,CAFE-00409,GST,18,76.7,206.0,54,Chocolates & Confectionery,1806,8908931950850
Handcrafted Vanilla Cupcake - Box of 4,CAFE-00410,GST,18,75.93,217.0,7,Fresh Pastries & Cakes,1905,8908183253817
Signature Fruit & Nut Chocolate - 100g Bar,CAFE-00411,GST,18,73.11,279.0,47,Chocolates & Confectionery,1806,8906401557788
Deluxe Chocolate Brownie - Fudge,CAFE-00412,GST,18,48.75,154.0,11,Fresh Pastries & Cakes,1905,8907951371162
Classic Butter Cookies - 250g Box,CAFE-00413,GST,18,51.23,177.0,46,Packaged Biscuits & Cookies,1905,8902380468275
Freshly Baked Peach Iced Tea - Regular,CAFE-00414,GST,5,68.31,153.0,9,Prepared Beverages (Cafe Service),9963,8908569557988
Peach Iced Tea - Large,CAFE-00415,GST,5,74.84,271.0,7,Prepared Beverages (Cafe Service),9963,8904375402547
Multigrain Bread - 400g Pack,CAFE-00416,GST,5,25.6,95.0,59,Breads & Savory (Retail),1905,8902231059274
Deluxe Choco Chip Cookies - 250g Box,CAFE-00417,GST,18,72.1,245.0,37,Packaged Biscuits & Cookies,1905,8902578284106
House Special Cafe Latte - Large,CAFE-00418,GST,5,82.1,324.0,19,Prepared Beverages (Cafe Service),9963,8908547492975
Artisan Assorted Truffles - Box of 12,CAFE-00419,GST,18,239.06,763.0,34,Chocolates & Confectionery,1806,8900693751509
Freshly Baked Dark Chocolate Bar (70%) - 100g Bar,CAFE-00420,GST,18,102.11,240.0,43,Chocolates & Confectionery,1806,8901863759980
Classic Milk Chocolate Bar - 100g Bar,CAFE-00421,GST,18,75.09,223.0,39,Chocolates & Confectionery,1806,8905045547813
Handcrafted Hazelnut Pralines - Box of 9,CAFE-00422,GST,18,148.76,543.0,42,Chocolates & Confectionery,1806,8906299123478
Premium Butter Cookies - 500g Box,CAFE-00423,GST,18,87.17,292.0,32,Packaged Biscuits & Cookies,1905,8906287923264
Freshly Baked Cheese Croissant - 1 Pc,CAFE-00424,GST,5,66.98,184.0,19,Prepared Snacks & Sandwiches (Cafe Service),9963,8907300244714
Signature Cafe Latte - Large,CAFE-00425,GST,5,86.96,311.0,17,Prepared Beverages (Cafe Service),9963,8901959796471
Freshly Baked Nankhatai - 250g Box,CAFE-00426,GST,18,65.93,152.0,35,Packaged Biscuits & Cookies,1905,8907252045650
Deluxe Oatmeal & Raisin Cookies - 250g Box,CAFE-00427,GST,18,72.06,240.0,21,Packaged Biscuits & Cookies,1905,8909285544518
Artisan Paneer Puff - 1 Pc,CAFE-00428,GST,5,20.69,56.0,17,Prepared Snacks & Sandwiches (Cafe Service),9963,8906521328338
Handcrafted Chicken Tikka Sandwich - Standard,CAFE-00429,GST,5,102.5,247.0,6,Prepared Snacks & Sandwiches (Cafe Service),9963,8900754527985
Pizza Base - Pack of 2,CAFE-00430,GST,5,11.76,44.0,24,Breads & Savory (Retail),1905,8903423216110
Signature Green Tea - Cup,CAFE-00431,GST,5,28.39,103.0,18,Prepared Beverages (Cafe Service),9963,8909071401401
Classic Red Velvet Cake - 500g,CAFE-00432,GST,18,464.34,1046.0,6,Fresh Pastries & Cakes,1905,8904955289389
Deluxe Pineapple Pastry - 1 Slice,CAFE-00433,GST,18,38.12,97.0,11,Fresh Pastries & Cakes,1905,8902801387592
House Special Cappuccino - Regular,CAFE-00434,GST,5,72.55,215.0,18,Prepared Beverages (Cafe Service),9963,8903615171827
Deluxe Almond Biscotti - 200g Box,CAFE-00435,GST,18,152.04,357.0,46,Packaged Biscuits & Cookies,1905,8901647947386
Premium Jeera Biscuits - 250g Box,CAFE-00436,GST,18,48.02,175.0,58,Packaged Biscuits & Cookies,1905,8905207167811
Cake Rusk - 300g Pack,CAFE-00437,GST,5,47.25,167.0,25,Breads & Savory (Retail),1905,8901535396136
Hazelnut Pralines - Box of 9,CAFE-00438,GST,18,166.51,593.0,56,Chocolates & Confectionery,1806,8906579678427
Handcrafted Pineapple Pastry - 2 Slices,CAFE-00439,GST,18,56.74,189.0,6,Fresh Pastries & Cakes,1905,8900101702695
Pizza Base - Pack of 2,CAFE-00440,GST,5,15.63,49.0,46,Breads & Savory (Retail),1905,8907347784858
Gourmet Veg Grilled Sandwich - Standard,CAFE-00441,GST,5,72.48,175.0,16,Prepared Snacks & Sandwiches (Cafe Service),9963,8905677002842
Freshly Baked Green Tea - Cup,CAFE-00442,GST,5,39.97,123.0,5,Prepared Beverages (Cafe Service),9963,8909788977828
Handcrafted Vanilla Cupcake - Box of 4,CAFE-00443,GST,18,74.65,215.0,13,Fresh Pastries & Cakes,1905,8904500902559
Premium Mango Mousse Cup - Standard,CAFE-00444,GST,18,38.64,154.0,15,Fresh Pastries & Cakes,1905,8905033349114
Artisan Mango Mousse Cup - Standard,CAFE-00445,GST,18,70.13,159.0,15,Fresh Pastries & Cakes,1905,8909864079056
Chicken Puff - 1 Pc,CAFE-00446,GST,5,24.03,74.0,8,Prepared Snacks & Sandwiches (Cafe Service),9963,8905785294563
Freshly Baked Cappuccino - Regular,CAFE-00447,GST,5,64.35,176.0,20,Prepared Beverages (Cafe Service),9963,8906391919541
Signature Cheese Croissant - 1 Pc,CAFE-00448,GST,5,68.86,161.0,11,Prepared Snacks & Sandwiches (Cafe Service),9963,8908468536649
Artisan Cheese Croissant - 1 Pc,CAFE-00449,GST,5,55.61,174.0,7,Prepared Snacks & Sandwiches (Cafe Service),9963,8909737489690
Handcrafted Egg & Cheese Croissant - Standard,CAFE-00450,GST,5,91.87,227.0,11,Prepared Snacks & Sandwiches (Cafe Service),9963,8906651364424
Gourmet Fruit & Nut Chocolate - 100g Bar,CAFE-00451,GST,18,110.12,272.0,16,Chocolates & Confectionery,1806,8903477866032
Freshly Baked Choco Chip Cookies - 250g Box,CAFE-00452,GST,18,92.59,250.0,50,Packaged Biscuits & Cookies,1905,8902070015941
Gourmet Mocha Frappe - Regular,CAFE-00453,GST,5,81.06,284.0,6,Prepared Beverages (Cafe Service),9963,8903198189847
House Special Red Velvet Cake - 500g,CAFE-00454,GST,18,291.84,949.0,14,Fresh Pastries & Cakes,1905,8903632123476
Handcrafted Nankhatai - 250g Box,CAFE-00455,GST,18,49.14,170.0,22,Packaged Biscuits & Cookies,1905,8905867342575
Artisan Butter Cookies - 250g Box,CAFE-00456,GST,18,54.97,199.0,30,Packaged Biscuits & Cookies,1905,8904864518376
Freshly Baked Vanilla Cupcake - Box of 4,CAFE-00457,GST,18,50.26,185.0,9,Fresh Pastries & Cakes,1905,8904327560417
Gourmet Green Tea - Pot,CAFE-00458,GST,5,62.56,230.0,7,Prepared Beverages (Cafe Service),9963,8904815698570
Handcrafted Chocolate Truffle Cake - 2kg,CAFE-00459,GST,18,1302.27,3184.0,14,Fresh Pastries & Cakes,1905,8903459112382
Handcrafted Chicken Puff - 1 Pc,CAFE-00460,GST,5,23.56,83.0,10,Prepared Snacks & Sandwiches (Cafe Service),9963,8902954316526
Artisan Hot Chocolate - Regular,CAFE-00461,GST,5,76.97,259.0,9,Prepared Beverages (Cafe Service),9963,8901734206969
House Special Choco Chip Cookies - 250g Box,CAFE-00462,GST,18,64.89,209.0,15,Packaged Biscuits & Cookies,1905,8908677133344
Classic Hazelnut Pralines - Box of 9,CAFE-00463,GST,18,220.07,566.0,28,Chocolates & Confectionery,1806,8904362620443
House Special Cheese Croissant - 1 Pc,CAFE-00464,GST,5,51.11,172.0,4,Prepared Snacks & Sandwiches (Cafe Service),9963,8900725636694
Artisan Pineapple Pastry - 1 Slice,CAFE-00465,GST,18,38.13,100.0,13,Fresh Pastries & Cakes,1905,8909900489646
Deluxe Milk Chocolate Bar - 100g Bar,CAFE-00466,GST,18,72.14,182.0,25,Chocolates & Confectionery,1806,8908757215862
Artisan Butter Cookies - 500g Box,CAFE-00467,GST,18,124.9,387.0,32,Packaged Biscuits & Cookies,1905,8905644948562
Classic Almond Biscotti - 200g Box,CAFE-00468,GST,18,88.32,341.0,55,Packaged Biscuits & Cookies,1905,8907032032074
Pav Buns - Pack of 6,CAFE-00469,GST,5,31.02,120.0,17,Breads & Savory (Retail),1905,8907587771215
Classic Red Velvet Cake - 1kg,CAFE-00470,GST,18,554.1,1967.0,10,Fresh Pastries & Cakes,1905,8909939089261
Pav Buns - Pack of 6,CAFE-00471,GST,5,26.56,91.0,58,Breads & Savory (Retail),1905,8901659152017
Freshly Baked Hazelnut Pralines - Box of 9,CAFE-00472,GST,18,268.27,593.0,17,Chocolates & Confectionery,1806,8909759230450
Premium Assorted Truffles - Box of 12,CAFE-00473,GST,18,327.72,826.0,40,Chocolates & Confectionery,1806,8901032664214
Green Tea - Pot,CAFE-00474,GST,5,54.74,186.0,13,Prepared Beverages (Cafe Service),9963,8908377674996
Vanilla Cupcake - Box of 4,CAFE-00475,GST,18,57.27,191.0,4,Fresh Pastries & Cakes,1905,8900857327881
Premium Jeera Biscuits - 500g Box,CAFE-00476,GST,18,103.28,316.0,24,Packaged Biscuits & Cookies,1905,8902438649081
Gourmet Pineapple Pastry - 2 Slices,CAFE-00477,GST,18,49.27,167.0,20,Fresh Pastries & Cakes,1905,8904549180172
Cake Rusk - 300g Pack,CAFE-00478,GST,5,41.24,143.0,35,Breads & Savory (Retail),1905,8909779452321
Premium Fruit & Nut Chocolate - 100g Bar,CAFE-00479,GST,18,129.02,288.0,40,Chocolates & Confectionery,1806,8901027769749
Freshly Baked Paneer Puff - 1 Pc,CAFE-00480,GST,5,22.92,56.0,8,Prepared Snacks & Sandwiches (Cafe Service),9963,8901030372368
Whole Wheat Bread - 400g Pack,CAFE-00481,GST,5,19.26,57.0,22,Breads & Savory (Retail),1905,8902277707933
Artisan Nankhatai - 250g Box,CAFE-00482,GST,18,67.09,160.0,60,Packaged Biscuits & Cookies,1905,8906679984076
Signature Mango Smoothie - Regular,CAFE-00483,GST,5,74.26,234.0,15,Prepared Beverages (Cafe Service),9963,8909581467179
Gourmet Milk Chocolate Bar - 100g Bar,CAFE-00484,GST,18,66.58,181.0,27,Chocolates & Confectionery,1806,8907573839597
Pizza Base - Pack of 4,CAFE-00485,GST,5,37.81,129.0,38,Breads & Savory (Retail),1905,8907293417223
Pav Buns - Pack of 6,CAFE-00486,GST,5,38.2,118.0,30,Breads & Savory (Retail),1905,8903800545228
Gourmet Pineapple Pastry - 2 Slices,CAFE-00487,GST,18,64.42,168.0,19,Fresh Pastries & Cakes,1905,8903745508428
Handcrafted Chicken Tikka Sandwich - Standard,CAFE-00488,GST,5,60.77,239.0,5,Prepared Snacks & Sandwiches (Cafe Service),9963,8901991808121
Suji Rusk - 400g Pack,CAFE-00489,GST,5,28.0,100.0,46,Breads & Savory (Retail),1905,8901255213760
Pav Buns - Pack of 6,CAFE-00490,GST,5,44.62,105.0,38,Breads & Savory (Retail),1905,8906532863266
Artisan Peach Iced Tea - Large,CAFE-00491,GST,5,82.82,297.0,18,Prepared Beverages (Cafe Service),9963,8901155626060
Deluxe Dark Chocolate Bar (70%) - 100g Bar,CAFE-00492,GST,18,100.85,298.0,58,Chocolates & Confectionery,1806,8908455048926
House Special Hot Chocolate - With Marshmallows,CAFE-00493,GST,5,71.25,257.0,14,Prepared Beverages (Cafe Service),9963,8903410856288
Deluxe Choco Chip Cookies - 250g Box,CAFE-00494,GST,18,74.56,234.0,55,Packaged Biscuits & Cookies,1905,8902008943468
Freshly Baked Black Forest Pastry - 2 Slices,CAFE-00495,GST,18,82.8,235.0,3,Fresh Pastries & Cakes,1905,8901749075399
House Special Fruit & Nut Chocolate - 100g Bar,CAFE-00496,GST,18,81.46,277.0,60,Chocolates & Confectionery,1806,8909268315893
Classic Jeera Biscuits - 250g Box,CAFE-00497,GST,18,45.24,167.0,20,Packaged Biscuits & Cookies,1905,8901062737158
Freshly Baked Mango Smoothie - Regular,CAFE-00498,GST,5,67.55,226.0,16,Prepared Beverages (Cafe Service),9963,8907622827728
Handcrafted Chicken Tikka Sandwich - Standard,CAFE-00499,GST,5,61.8,219.0,19,Prepared Snacks & Sandwiches (Cafe Service),9963,8905196115940
House Special Paneer Tikka Wrap - Standard,CAFE-00500,GST,5,61.93,178.0,11,Prepared Snacks & Sandwiches (Cafe Service),9963,8907022960443
Pav Buns - Pack of 6,CAFE-00501,GST,5,45.66,106.0,17,Breads & Savory (Retail),1905,8906794975679
Multigrain Bread - 400g Pack,CAFE-00502,GST,5,35.65,88.0,35,Breads & Savory (Retail),1905,8901996636580
Premium Hazelnut Pralines - Box of 9,CAFE-00503,GST,18,183.7,638.0,51,Chocolates & Confectionery,1806,8904818139890
Deluxe Egg & Cheese Croissant - Standard,CAFE-00504,GST,5,116.28,281.0,19,Prepared Snacks & Sandwiches (Cafe Service),9963,8902043397189
Handcrafted Jeera Biscuits - 250g Box,CAFE-00505,GST,18,77.61,174.0,42,Packaged Biscuits & Cookies,1905,8902608564111
Classic Paneer Tikka Wrap - Standard,CAFE-00506,GST,5,48.01,172.0,6,Prepared Snacks & Sandwiches (Cafe Service),9963,8904620952004
Classic Cappuccino - Large,CAFE-00507,GST,5,119.27,332.0,14,Prepared Beverages (Cafe Service),9963,8901033993788
Artisan Cappuccino - Large,CAFE-00508,GST,5,101.08,323.0,4,Prepared Beverages (Cafe Service),9963,8907063048913
Paneer Tikka Wrap - Standard,CAFE-00509,GST,5,78.26,184.0,18,Prepared Snacks & Sandwiches (Cafe Service),9963,8903258238687
Black Forest Pastry - 2 Slices,CAFE-00510,GST,18,53.93,213.0,2,Fresh Pastries & Cakes,1905,8900749465398
Deluxe Butter Cookies - 250g Box,CAFE-00511,GST,18,70.04,192.0,40,Packaged Biscuits & Cookies,1905,8901284639855
Freshly Baked Milk Chocolate Bar - 100g Bar,CAFE-00512,GST,18,49.13,195.0,36,Chocolates & Confectionery,1806,8903795020970
Deluxe Chocolate Truffle Cake - 1kg,CAFE-00513,GST,18,485.58,1683.0,14,Fresh Pastries & Cakes,1905,8908118071569
Artisan Jeera Biscuits - 250g Box,CAFE-00514,GST,18,49.18,141.0,27,Packaged Biscuits & Cookies,1905,8907030453194
Handcrafted Dark Chocolate Bar (70%) - 100g Bar,CAFE-00515,GST,18,131.5,298.0,46,Chocolates & Confectionery,1806,8909303614987
Garlic Bread Loaf - 1 Pc,CAFE-00516,GST,5,33.31,118.0,23,Breads & Savory (Retail),1905,8904938430894
Artisan Fruit & Nut Chocolate - 100g Bar,CAFE-00517,GST,18,98.7,331.0,56,Chocolates & Confectionery,1806,8900566418775
Artisan Veg Grilled Sandwich - Standard,CAFE-00518,GST,5,50.07,148.0,16,Prepared Snacks & Sandwiches (Cafe Service),9963,8905063519036
Classic Red Velvet Cake - 500g,CAFE-00519,GST,18,410.27,949.0,5,Fresh Pastries & Cakes,1905,8900760954317
Suji Rusk - 400g Pack,CAFE-00520,GST,5,36.17,95.0,19,Breads & Savory (Retail),1905,8909971791100
Classic Mocha Frappe - Regular,CAFE-00521,GST,5,60.37,220.0,3,Prepared Beverages (Cafe Service),9963,8904961108046
Signature Cappuccino - Large,CAFE-00522,GST,5,103.94,376.0,2,Prepared Beverages (Cafe Service),9963,8907676991507
Premium Paneer Puff - 1 Pc,CAFE-00523,GST,5,17.12,56.0,4,Prepared Snacks & Sandwiches (Cafe Service),9963,8909392845679
Classic Cafe Latte - Regular,CAFE-00524,GST,5,93.55,216.0,11,Prepared Beverages (Cafe Service),9963,8909685498227
Freshly Baked Nankhatai - 250g Box,CAFE-00525,GST,18,73.15,162.0,52,Packaged Biscuits & Cookies,1905,8902038806533
House Special Dark Chocolate Bar (70%) - 100g Bar,CAFE-00526,GST,18,78.2,239.0,59,Chocolates & Confectionery,1806,8907959959465
Whole Wheat Bread - 400g Pack,CAFE-00527,GST,5,16.34,63.0,55,Breads & Savory (Retail),1905,8903379337563
House Special Cafe Latte - Regular,CAFE-00528,GST,5,60.47,172.0,19,Prepared Beverages (Cafe Service),9963,8901247395003
Pizza Base - Pack of 2,CAFE-00529,GST,5,14.88,52.0,36,Breads & Savory (Retail),1905,8908323024102
Signature Cappuccino - Large,CAFE-00530,GST,5,121.95,321.0,13,Prepared Beverages (Cafe Service),9963,8902896112233
House Special Chicken Puff - 1 Pc,CAFE-00531,GST,5,21.73,86.0,9,Prepared Snacks & Sandwiches (Cafe Service),9963,8900993842530
Deluxe Milk Chocolate Bar - 100g Bar,CAFE-00532,GST,18,62.72,238.0,28,Chocolates & Confectionery,1806,8901791286857
House Special Cheese Croissant - 1 Pc,CAFE-00533,GST,5,56.58,178.0,17,Prepared Snacks & Sandwiches (Cafe Service),9963,8907749690333
Signature Hot Chocolate - With Marshmallows,CAFE-00534,GST,5,57.37,218.0,20,Prepared Beverages (Cafe Service),9963,8902548121478
Handcrafted Choco Chip Cookies - 250g Box,CAFE-00535,GST,18,82.7,232.0,43,Packaged Biscuits & Cookies,1905,8907665754602
Premium Hot Chocolate - With Marshmallows,CAFE-00536,GST,5,94.53,222.0,18,Prepared Beverages (Cafe Service),9963,8908814311150
Signature Egg & Cheese Croissant - Standard,CAFE-00537,GST,5,100.0,265.0,10,Prepared Snacks & Sandwiches (Cafe Service),9963,8903928404456
Deluxe Espresso - Double Shot,CAFE-00538,GST,5,66.2,259.0,14,Prepared Beverages (Cafe Service),9963,8903337389877
Signature Butter Cookies - 500g Box,CAFE-00539,GST,18,85.48,333.0,41,Packaged Biscuits & Cookies,1905,8903778052924
House Special Assorted Truffles - Box of 12,CAFE-00540,GST,18,274.84,812.0,58,Chocolates & Confectionery,1806,8906845909022
Gourmet Nankhatai - 250g Box,CAFE-00541,GST,18,53.05,154.0,49,Packaged Biscuits & Cookies,1905,8906371597412
Chocolate Truffle Cake - 500g,CAFE-00542,GST,18,330.04,837.0,4,Fresh Pastries & Cakes,1905,8906433481705
House Special Veg Grilled Sandwich - Standard,CAFE-00543,GST,5,59.19,174.0,7,Prepared Snacks & Sandwiches (Cafe Service),9963,8901286716323
Classic Jeera Biscuits - 500g Box,CAFE-00544,GST,18,75.06,292.0,52,Packaged Biscuits & Cookies,1905,8903874302716
Egg & Cheese Croissant - Standard,CAFE-00545,GST,5,92.13,279.0,20,Prepared Snacks & Sandwiches (Cafe Service),9963,8900147546926
Multigrain Bread - 400g Pack,CAFE-00546,GST,5,23.92,81.0,59,Breads & Savory (Retail),1905,8909160324841
Gourmet Dark Chocolate Bar (70%) - 100g Bar,CAFE-00547,GST,18,93.58,299.0,38,Chocolates & Confectionery,1806,8901185672438
Premium Chocolate Brownie - 1 Pc,CAFE-00548,GST,18,44.79,153.0,16,Fresh Pastries & Cakes,1905,8906563600412
Handcrafted Almond Biscotti - 200g Box,CAFE-00549,GST,18,141.36,332.0,57,Packaged Biscuits & Cookies,1905,8903727422091
Pizza Base - Pack of 2,CAFE-00550,GST,5,20.37,51.0,57,Breads & Savory (Retail),1905,8900427523083
Gourmet Espresso - Single Shot,CAFE-00551,GST,5,44.35,133.0,2,Prepared Beverages (Cafe Service),9963,8900633533106
Signature Black Forest Pastry - 2 Slices,CAFE-00552,GST,18,102.87,238.0,5,Fresh Pastries & Cakes,1905,8902206815583
Gourmet Egg & Cheese Croissant - Standard,CAFE-00553,GST,5,87.05,225.0,13,Prepared Snacks & Sandwiches (Cafe Service),9963,8905206506373
Artisan Blueberry Cheesecake Slice - 1 Slice,CAFE-00554,GST,18,77.89,202.0,11,Fresh Pastries & Cakes,1905,8909718924195
House Special Hazelnut Pralines - Box of 9,CAFE-00555,GST,18,146.73,524.0,59,Chocolates & Confectionery,1806,8905715099768
Signature Dark Chocolate Bar (70%) - 100g Bar,CAFE-00556,GST,18,63.66,227.0,22,Chocolates & Confectionery,1806,8904363910257
Gourmet Choco Chip Cookies - 250g Box,CAFE-00557,GST,18,93.02,211.0,53,Packaged Biscuits & Cookies,1905,8907524508640
Suji Rusk - 400g Pack,CAFE-00558,GST,5,37.87,87.0,57,Breads & Savory (Retail),1905,8903396852701
Artisan Cappuccino - Regular,CAFE-00559,GST,5,79.84,196.0,8,Prepared Beverages (Cafe Service),9963,8902129833816
Classic Hazelnut Pralines - Box of 9,CAFE-00560,GST,18,232.5,614.0,26,Chocolates & Confectionery,1806,8909344973471
Classic Jeera Biscuits - 500g Box,CAFE-00561,GST,18,94.91,281.0,54,Packaged Biscuits & Cookies,1905,8906270661498
Multigrain Bread - 400g Pack,CAFE-00562,GST,5,27.52,83.0,39,Breads & Savory (Retail),1905,8908971527323
Handcrafted Black Forest Pastry - 2 Slices,CAFE-00563,GST,18,74.95,221.0,14,Fresh Pastries & Cakes,1905,8905674916016
Gourmet Paneer Tikka Wrap - Standard,CAFE-00564,GST,5,59.64,214.0,13,Prepared Snacks & Sandwiches (Cafe Service),9963,8908750663370
Classic Almond Biscotti - 200g Box,CAFE-00565,GST,18,103.65,313.0,58,Packaged Biscuits & Cookies,1905,8902439920116
Gourmet Cappuccino - Regular,CAFE-00566,GST,5,57.61,171.0,11,Prepared Beverages (Cafe Service),9963,8908869461195
Pizza Base - Pack of 2,CAFE-00567,GST,5,22.61,50.0,25,Breads & Savory (Retail),1905,8907011686462
Suji Rusk - 400g Pack,CAFE-00568,GST,5,34.02,86.0,22,Breads & Savory (Retail),1905,8907932302346
Premium Cappuccino - Regular,CAFE-00569,GST,5,61.81,178.0,10,Prepared Beverages (Cafe Service),9963,8901509377100
Premium Butter Cookies - 250g Box,CAFE-00570,GST,18,47.72,173.0,39,Packaged Biscuits & Cookies,1905,8909847759655
Signature Milk Chocolate Bar - 100g Bar,CAFE-00571,GST,18,69.47,236.0,39,Chocolates & Confectionery,1806,8909055107620
Signature Chicken Tikka Sandwich - Standard,CAFE-00572,GST,5,63.99,212.0,17,Prepared Snacks & Sandwiches (Cafe Service),9963,8908630505057
Pav Buns - Pack of 6,CAFE-00573,GST,5,40.33,114.0,45,Breads & Savory (Retail),1905,8901649328980
Pav Buns - Pack of 6,CAFE-00574,GST,5,28.8,115.0,44,Breads & Savory (Retail),1905,8902717833321
Artisan Vanilla Cupcake - Box of 6,CAFE-00575,GST,18,19.63,76.0,14,Fresh Pastries & Cakes,1905,8904347128715
Whole Wheat Bread - 400g Pack,CAFE-00576,GST,5,19.79,70.0,39,Breads & Savory (Retail),1905,8908633414111
Premium Almond Biscotti - 200g Box,CAFE-00577,GST,18,141.19,343.0,35,Packaged Biscuits & Cookies,1905,8906904098366
Deluxe Oatmeal & Raisin Cookies - 250g Box,CAFE-00578,GST,18,84.27,275.0,21,Packaged Biscuits & Cookies,1905,8906087524377
Pizza Base - Pack of 2,CAFE-00579,GST,5,17.78,49.0,59,Breads & Savory (Retail),1905,8901497374605
Garlic Bread Loaf - 1 Pc,CAFE-00580,GST,5,35.86,129.0,46,Breads & Savory (Retail),1905,8906420865675
Deluxe Green Tea - Cup,CAFE-00581,GST,5,45.42,123.0,8,Prepared Beverages (Cafe Service),9963,8908612590472
Handcrafted Paneer Tikka Wrap - Standard,CAFE-00582,GST,5,72.34,178.0,8,Prepared Snacks & Sandwiches (Cafe Service),9963,8903059126620
Classic Mango Mousse Cup - Standard,CAFE-00583,GST,18,73.82,178.0,18,Fresh Pastries & Cakes,1905,8905962630136
Gourmet Cold Coffee Classic - Regular,CAFE-00584,GST,5,48.44,193.0,4,Prepared Beverages (Cafe Service),9963,8907647501111
Artisan Mango Smoothie - Regular,CAFE-00585,GST,5,56.82,226.0,17,Prepared Beverages (Cafe Service),9963,8904192676492
Deluxe Mango Mousse Cup - Standard,CAFE-00586,GST,18,39.04,143.0,2,Fresh Pastries & Cakes,1905,8906888718981
Whole Wheat Bread - 400g Pack,CAFE-00587,GST,5,30.32,67.0,43,Breads & Savory (Retail),1905,8905102932184
Deluxe Pineapple Pastry - 1 Slice,CAFE-00588,GST,18,25.13,99.0,7,Fresh Pastries & Cakes,1905,8906034084872
Deluxe Cheese Croissant - 1 Pc,CAFE-00589,GST,5,47.07,188.0,19,Prepared Snacks & Sandwiches (Cafe Service),9963,8908310303243
Garlic Bread Loaf - 1 Pc,CAFE-00590,GST,5,31.02,103.0,19,Breads & Savory (Retail),1905,8908446267146
Premium Dark Chocolate Bar (70%) - 100g Bar,CAFE-00591,GST,18,101.31,272.0,55,Chocolates & Confectionery,1806,8903598926256
Premium Espresso - Single Shot,CAFE-00592,GST,5,37.38,118.0,19,Prepared Beverages (Cafe Service),9963,8906151554234
Signature Pineapple Pastry - 2 Slices,CAFE-00593,GST,18,76.18,182.0,5,Fresh Pastries & Cakes,1905,8902849718594
Artisan Aloo Puff / Patties - 1 Pc,CAFE-00594,GST,5,13.9,38.0,13,Prepared Snacks & Sandwiches (Cafe Service),9963,8908896792408
Classic Dark Chocolate Bar (70%) - 100g Bar,CAFE-00595,GST,18,71.8,253.0,18,Chocolates & Confectionery,1806,8905396727578
Deluxe Oatmeal & Raisin Cookies - 250g Box,CAFE-00596,GST,18,78.17,296.0,29,Packaged Biscuits & Cookies,1905,8904146511131
Premium Milk Bread - 400g Pack,CAFE-00597,GST,5,17.17,53.0,15,Breads & Savory (Retail),1905,8906827788160
Gourmet Egg & Cheese Croissant - Standard,CAFE-00598,GST,5,75.22,267.0,9,Prepared Snacks & Sandwiches (Cafe Service),9963,8908909728321
Artisan Choco Chip Cookies - 500g Box,CAFE-00599,GST,18,141.2,407.0,38,Packaged Biscuits & Cookies,1905,8901538144744
Premium Milk Bread - 400g Pack,CAFE-00600,GST,5,15.24,59.0,56,Breads & Savory (Retail),1905,8908079705097
Premium Oatmeal & Raisin Cookies - 250g Box,CAFE-00601,GST,18,59.17,225.0,26,Packaged Biscuits & Cookies,1905,8906501673188
Cake Rusk - 300g Pack,CAFE-00602,GST,5,35.15,126.0,31,Breads & Savory (Retail),1905,8903765456284
Handcrafted Chocolate Brownie - Fudge,CAFE-00603,GST,18,46.89,133.0,15,Fresh Pastries & Cakes,1905,8900531340266
Classic Milk Chocolate Bar - 100g Bar,CAFE-00604,GST,18,56.31,220.0,57,Chocolates & Confectionery,1806,8904167872568
Premium Hazelnut Pralines - Box of 9,CAFE-00605,GST,18,180.04,653.0,23,Chocolates & Confectionery,1806,8902580305690
Freshly Baked Peach Iced Tea - Large,CAFE-00606,GST,5,84.32,301.0,9,Prepared Beverages (Cafe Service),9963,8909282341436
Pav Buns - Pack of 6,CAFE-00607,GST,5,42.53,108.0,52,Breads & Savory (Retail),1905,8902312604326
Artisan Red Velvet Cake - 500g,CAFE-00608,GST,18,306.21,963.0,9,Fresh Pastries & Cakes,1905,8903567086041
House Special Oatmeal & Raisin Cookies - 250g Box,CAFE-00609,GST,18,105.12,278.0,18,Packaged Biscuits & Cookies,1905,8902000534749
Freshly Baked Vanilla Cupcake - 1 Pc,CAFE-00610,GST,18,33.28,95.0,11,Fresh Pastries & Cakes,1905,8901108255598
Freshly Baked Paneer Puff - 1 Pc,CAFE-00611,GST,5,20.06,58.0,5,Prepared Snacks & Sandwiches (Cafe Service),9963,8902910933711
Handcrafted Paneer Puff - 1 Pc,CAFE-00612,GST,5,28.09,72.0,6,Prepared Snacks & Sandwiches (Cafe Service),9963,8900236848557
Premium Assorted Truffles - Box of 12,CAFE-00613,GST,18,269.19,846.0,47,Chocolates & Confectionery,1806,8900294240903
Deluxe Hazelnut Pralines - Box of 9,CAFE-00614,GST,18,161.82,639.0,25,Chocolates & Confectionery,1806,8907868669432
Signature Chocolate Truffle Cake - 2kg,CAFE-00615,GST,18,1361.49,3017.0,18,Fresh Pastries & Cakes,1905,8907884434481
Garlic Bread Loaf - 1 Pc,CAFE-00616,GST,5,47.13,107.0,24,Breads & Savory (Retail),1905,8904240338105
House Special Fruit & Nut Chocolate - 100g Bar,CAFE-00617,GST,18,74.64,259.0,50,Chocolates & Confectionery,1806,8904269450053
Freshly Baked Milk Chocolate Bar - 100g Bar,CAFE-00618,GST,18,75.14,238.0,52,Chocolates & Confectionery,1806,8901649837354
Cake Rusk - 300g Pack,CAFE-00619,GST,5,38.78,136.0,38,Breads & Savory (Retail),1905,8902717272239
Freshly Baked Cafe Latte - Iced,CAFE-00620,GST,5,68.99,172.0,7,Prepared Beverages (Cafe Service),9963,8906931216376
Artisan Chocolate Truffle Cake - 2kg,CAFE-00621,GST,18,1050.98,3027.0,2,Fresh Pastries & Cakes,1905,8901002314290
Premium Pineapple Pastry - 2 Slices,CAFE-00622,GST,18,56.45,173.0,20,Fresh Pastries & Cakes,1905,8907245723084
Artisan Fruit & Nut Chocolate - 100g Bar,CAFE-00623,GST,18,134.59,321.0,33,Chocolates & Confectionery,1806,8901862030366
Suji Rusk - 400g Pack,CAFE-00624,GST,5,30.89,106.0,58,Breads & Savory (Retail),1905,8901721314519
Premium Butter Cookies - 500g Box,CAFE-00625,GST,18,115.26,379.0,26,Packaged Biscuits & Cookies,1905,8906859262494
Handcrafted Butter Cookies - 500g Box,CAFE-00626,GST,18,91.77,356.0,60,Packaged Biscuits & Cookies,1905,8901022526771
Freshly Baked Vanilla Cupcake - Box of 6,CAFE-00627,GST,18,26.96,75.0,6,Fresh Pastries & Cakes,1905,8902655767695
Garlic Bread Loaf - 1 Pc,CAFE-00628,GST,5,36.91,117.0,46,Breads & Savory (Retail),1905,8908836196893
House Special Assorted Truffles - Box of 6,CAFE-00629,GST,18,101.53,405.0,16,Chocolates & Confectionery,1806,8905872105524
Gourmet Cafe Latte - Iced,CAFE-00630,GST,5,50.13,185.0,3,Prepared Beverages (Cafe Service),9963,8902126065019
Classic Chocolate Brownie - Fudge,CAFE-00631,GST,18,44.45,127.0,4,Fresh Pastries & Cakes,1905,8903109622728
Gourmet Milk Chocolate Bar - 100g Bar,CAFE-00632,GST,18,74.35,223.0,56,Chocolates & Confectionery,1806,8900412009282
Handcrafted Vanilla Cupcake - Box of 4,CAFE-00633,GST,18,57.67,213.0,20,Fresh Pastries & Cakes,1905,8908436241862
Dark Chocolate Bar (70%) - 100g Bar,CAFE-00634,GST,18,78.8,229.0,50,Chocolates & Confectionery,1806,8909177566205
Freshly Baked Hazelnut Pralines - Box of 9,CAFE-00635,GST,18,219.23,513.0,53,Chocolates & Confectionery,1806,8905034281139
Deluxe Blueberry Cheesecake Slice - 1 Slice,CAFE-00636,GST,18,54.49,211.0,9,Fresh Pastries & Cakes,1905,8904199097005
House Special Blueberry Cheesecake Slice - 1 Slice,CAFE-00637,GST,18,63.17,248.0,18,Fresh Pastries & Cakes,1905,8903565215681
Paneer Tikka Wrap - Standard,CAFE-00638,GST,5,67.03,205.0,3,Prepared Snacks & Sandwiches (Cafe Service),9963,8904227113322
Classic Paneer Puff - 1 Pc,CAFE-00639,GST,5,21.06,60.0,15,Prepared Snacks & Sandwiches (Cafe Service),9963,8900633991297
Freshly Baked Black Forest Pastry - 1 Slice,CAFE-00640,GST,18,32.45,128.0,4,Fresh Pastries & Cakes,1905,8907175242149
Premium Oatmeal & Raisin Cookies - 250g Box,CAFE-00641,GST,18,66.3,238.0,31,Packaged Biscuits & Cookies,1905,8907472197054
Handcrafted Green Tea - Cup,CAFE-00642,GST,5,29.83,111.0,12,Prepared Beverages (Cafe Service),9963,8905168740903
Classic Fruit & Nut Chocolate - 100g Bar,CAFE-00643,GST,18,118.98,324.0,25,Chocolates & Confectionery,1806,8909613671577
Premium Fruit & Nut Chocolate - 100g Bar,CAFE-00644,GST,18,73.64,259.0,40,Chocolates & Confectionery,1806,8906365155973
Freshly Baked Hazelnut Pralines - Box of 9,CAFE-00645,GST,18,179.18,570.0,45,Chocolates & Confectionery,1806,8902359096056
Signature Hot Chocolate - Regular,CAFE-00646,GST,5,65.14,255.0,15,Prepared Beverages (Cafe Service),9963,8904421214614
Deluxe Hazelnut Pralines - Box of 9,CAFE-00647,GST,18,139.2,530.0,26,Chocolates & Confectionery,1806,8900165423567
Gourmet Mango Smoothie - Regular,CAFE-00648,GST,5,61.21,211.0,14,Prepared Beverages (Cafe Service),9963,8900893199255
Classic Chocolate Truffle Cake - 1kg,CAFE-00649,GST,18,545.94,1512.0,15,Fresh Pastries & Cakes,1905,8904807279103
Deluxe Dark Chocolate Bar (70%) - 100g Bar,CAFE-00650,GST,18,86.24,283.0,28,Chocolates & Confectionery,1806,8905339055044
Handcrafted Chicken Tikka Sandwich - Standard,CAFE-00651,GST,5,75.89,215.0,19,Prepared Snacks & Sandwiches (Cafe Service),9963,8906851276528
Gourmet Paneer Tikka Wrap - Standard,CAFE-00652,GST,5,52.25,177.0,15,Prepared Snacks & Sandwiches (Cafe Service),9963,8904911110961
Handcrafted Mango Smoothie - Regular,CAFE-00653,GST,5,60.54,221.0,11,Prepared Beverages (Cafe Service),9963,8906337861371
Gourmet Jeera Biscuits - 500g Box,CAFE-00654,GST,18,84.89,244.0,29,Packaged Biscuits & Cookies,1905,8908444463060
House Special Black Forest Pastry - 1 Slice,CAFE-00655,GST,18,44.03,138.0,12,Fresh Pastries & Cakes,1905,8905296386396
Gourmet Vanilla Cupcake - 1 Pc,CAFE-00656,GST,18,37.81,95.0,12,Fresh Pastries & Cakes,1905,8908263128196
House Special Milk Chocolate Bar - 100g Bar,CAFE-00657,GST,18,81.09,192.0,42,Chocolates & Confectionery,1806,8900920981960
House Special Dark Chocolate Bar (70%) - 100g Bar,CAFE-00658,GST,18,70.82,239.0,29,Chocolates & Confectionery,1806,8904383640412
Premium Assorted Truffles - Box of 6,CAFE-00659,GST,18,142.7,467.0,21,Chocolates & Confectionery,1806,8902442117536
Gourmet Chocolate Brownie - 1 Pc,CAFE-00660,GST,18,32.85,129.0,4,Fresh Pastries & Cakes,1905,8903665722402
Premium Fruit & Nut Chocolate - 100g Bar,CAFE-00661,GST,18,83.74,334.0,45,Chocolates & Confectionery,1806,8909980284139
Signature Black Forest Pastry - 1 Slice,CAFE-00662,GST,18,57.76,139.0,8,Fresh Pastries & Cakes,1905,8900523124473
Handcrafted Mango Mousse Cup - Standard,CAFE-00663,GST,18,54.65,169.0,18,Fresh Pastries & Cakes,1905,8906342346199
Handcrafted Choco Chip Cookies - 250g Box,CAFE-00664,GST,18,75.59,227.0,53,Packaged Biscuits & Cookies,1905,8904591966395
Handcrafted Almond Biscotti - 200g Box,CAFE-00665,GST,18,134.47,304.0,47,Packaged Biscuits & Cookies,1905,8904964985601
Suji Rusk - 400g Pack,CAFE-00666,GST,5,39.04,91.0,57,Breads & Savory (Retail),1905,8905525105053
Deluxe Mocha Frappe - Regular,CAFE-00667,GST,5,81.53,221.0,8,Prepared Beverages (Cafe Service),9963,8908318491966
Signature Oatmeal & Raisin Cookies - 250g Box,CAFE-00668,GST,18,74.13,229.0,17,Packaged Biscuits & Cookies,1905,8904611729596
Premium Milk Bread - 400g Pack,CAFE-00669,GST,5,14.7,55.0,15,Breads & Savory (Retail),1905,8907426088050
Gourmet Chocolate Brownie - 1 Pc,CAFE-00670,GST,18,57.9,156.0,13,Fresh Pastries & Cakes,1905,8906185790647
Cappuccino - Large,CAFE-00671,GST,5,116.01,302.0,2,Prepared Beverages (Cafe Service),9963,8902156321358
Artisan Black Forest Pastry - 2 Slices,CAFE-00672,GST,18,51.73,202.0,4,Fresh Pastries & Cakes,1905,8904596422971
Suji Rusk - 400g Pack,CAFE-00673,GST,5,26.66,105.0,41,Breads & Savory (Retail),1905,8907188397745
Premium Hazelnut Pralines - Box of 9,CAFE-00674,GST,18,197.2,539.0,20,Chocolates & Confectionery,1806,8905833117030
Gourmet Dark Chocolate Bar (70%) - 100g Bar,CAFE-00675,GST,18,100.08,239.0,28,Chocolates & Confectionery,1806,8909885472812
Suji Rusk - 400g Pack,CAFE-00676,GST,5,33.29,104.0,40,Breads & Savory (Retail),1905,8903146249127
Artisan Pineapple Pastry - 1 Slice,CAFE-00677,GST,18,46.12,117.0,2,Fresh Pastries & Cakes,1905,8907875418156
Multigrain Bread - 400g Pack,CAFE-00678,GST,5,29.28,82.0,43,Breads & Savory (Retail),1905,8904510663436
Pizza Base - Pack of 4,CAFE-00679,GST,5,33.86,116.0,56,Breads & Savory (Retail),1905,8903131009431
Signature Chicken Tikka Sandwich - Standard,CAFE-00680,GST,5,70.83,245.0,14,Prepared Snacks & Sandwiches (Cafe Service),9963,8906613473235
Artisan Milk Chocolate Bar - 100g Bar,CAFE-00681,GST,18,59.89,186.0,59,Chocolates & Confectionery,1806,8909743251225
Handcrafted Cafe Latte - Regular,CAFE-00682,GST,5,87.15,195.0,10,Prepared Beverages (Cafe Service),9963,8901209579073
Artisan Cappuccino - Regular,CAFE-00683,GST,5,48.46,193.0,9,Prepared Beverages (Cafe Service),9963,8908822114577
Handcrafted Milk Chocolate Bar - 100g Bar,CAFE-00684,GST,18,64.45,195.0,37,Chocolates & Confectionery,1806,8904589714802
House Special Hot Chocolate - Regular,CAFE-00685,GST,5,87.5,231.0,15,Prepared Beverages (Cafe Service),9963,8905313614878
Pizza Base - Pack of 4,CAFE-00686,GST,5,38.63,114.0,32,Breads & Savory (Retail),1905,8904309859167
Premium Paneer Puff - 1 Pc,CAFE-00687,GST,5,22.92,71.0,6,Prepared Snacks & Sandwiches (Cafe Service),9963,8907284982474
Handcrafted Blueberry Cheesecake Slice - 1 Slice,CAFE-00688,GST,18,74.19,201.0,20,Fresh Pastries & Cakes,1905,8901074065004
Suji Rusk - 400g Pack,CAFE-00689,GST,5,27.62,99.0,24,Breads & Savory (Retail),1905,8901423691430
Gourmet Mocha Frappe - Regular,CAFE-00690,GST,5,62.43,246.0,5,Prepared Beverages (Cafe Service),9963,8904494296592
Classic Dark Chocolate Bar (70%) - 100g Bar,CAFE-00691,GST,18,100.03,256.0,34,Chocolates & Confectionery,1806,8901497826612
Deluxe Cheese Croissant - 1 Pc,CAFE-00692,GST,5,54.27,189.0,16,Prepared Snacks & Sandwiches (Cafe Service),9963,8905676670806
Freshly Baked Chocolate Truffle Cake - 2kg,CAFE-00693,GST,18,980.4,3181.0,13,Fresh Pastries & Cakes,1905,8902989406260
Artisan Mango Smoothie - Regular,CAFE-00694,GST,5,72.22,194.0,5,Prepared Beverages (Cafe Service),9963,8905914975019
Signature Fruit & Nut Chocolate - 100g Bar,CAFE-00695,GST,18,91.85,295.0,46,Chocolates & Confectionery,1806,8902324407931
Black Forest Pastry - 1 Slice,CAFE-00696,GST,18,44.65,140.0,9,Fresh Pastries & Cakes,1905,8903170876014
Signature Peach Iced Tea - Regular,CAFE-00697,GST,5,57.79,184.0,16,Prepared Beverages (Cafe Service),9963,8909162022328
Handcrafted Fruit & Nut Chocolate - 100g Bar,CAFE-00698,GST,18,107.31,292.0,21,Chocolates & Confectionery,1806,8909754661766
Premium Milk Bread - 400g Pack,CAFE-00699,GST,5,16.2,47.0,52,Breads & Savory (Retail),1905,8904097052774
Deluxe Chocolate Truffle Cake - 1kg,CAFE-00700,GST,18,536.42,1666.0,13,Fresh Pastries & Cakes,1905,8908681225957
Freshly Baked Dark Chocolate Bar (70%) - 100g Bar,CAFE-00701,GST,18,126.57,294.0,56,Chocolates & Confectionery,1806,8907679298842
Milk Chocolate Bar - 100g Bar,CAFE-00702,GST,18,74.14,217.0,17,Chocolates & Confectionery,1806,8900231177533
Gourmet Chocolate Truffle Cake - 2kg,CAFE-00703,GST,18,1067.28,3155.0,4,Fresh Pastries & Cakes,1905,8900941017590
Suji Rusk - 400g Pack,CAFE-00704,GST,5,22.86,91.0,51,Breads & Savory (Retail),1905,8908334774332
Premium Mango Smoothie - Regular,CAFE-00705,GST,5,67.82,226.0,5,Prepared Beverages (Cafe Service),9963,8903020569815
Pav Buns - Pack of 6,CAFE-00706,GST,5,35.05,107.0,37,Breads & Savory (Retail),1905,8905982176619
Freshly Baked Chocolate Truffle Cake - 2kg,CAFE-00707,GST,18,840.95,2605.0,3,Fresh Pastries & Cakes,1905,8909850344651
Pizza Base - Pack of 2,CAFE-00708,GST,5,12.85,48.0,54,Breads & Savory (Retail),1905,8908469081974
House Special Assorted Truffles - Box of 6,CAFE-00709,GST,18,180.4,462.0,18,Chocolates & Confectionery,1806,8902385037199
Premium Assorted Truffles - Box of 12,CAFE-00710,GST,18,292.98,960.0,54,Chocolates & Confectionery,1806,8901872401078
Suji Rusk - 400g Pack,CAFE-00711,GST,5,23.86,89.0,29,Breads & Savory (Retail),1905,8900003896087
Classic Vanilla Cupcake - Box of 4,CAFE-00712,GST,18,69.4,206.0,6,Fresh Pastries & Cakes,1905,8901719553560
Garlic Bread Loaf - 1 Pc,CAFE-00713,GST,5,33.63,99.0,49,Breads & Savory (Retail),1905,8909003010272
House Special Butter Cookies - 500g Box,CAFE-00714,GST,18,92.04,350.0,33,Packaged Biscuits & Cookies,1905,8902967111483
Handcrafted Mocha Frappe - Regular,CAFE-00715,GST,5,68.56,267.0,19,Prepared Beverages (Cafe Service),9963,8904384588105
Premium Peach Iced Tea - Large,CAFE-00716,GST,5,113.21,277.0,18,Prepared Beverages (Cafe Service),9963,8903483152037
Artisan Hazelnut Pralines - Box of 9,CAFE-00717,GST,18,255.22,577.0,32,Chocolates & Confectionery,1806,8909641049670
Artisan Green Tea - Pot,CAFE-00718,GST,5,66.6,192.0,15,Prepared Beverages (Cafe Service),9963,8908040850954
House Special Egg & Cheese Croissant - Standard,CAFE-00719,GST,5,80.75,268.0,15,Prepared Snacks & Sandwiches (Cafe Service),9963,8900186487699
Gourmet Aloo Puff / Patties - 1 Pc,CAFE-00720,GST,5,10.54,42.0,9,Prepared Snacks & Sandwiches (Cafe Service),9963,8902044138459
House Special Espresso - Double Shot,CAFE-00721,GST,5,79.97,212.0,2,Prepared Beverages (Cafe Service),9963,8901495427707
House Special Chocolate Brownie - 1 Pc,CAFE-00722,GST,18,39.25,146.0,8,Fresh Pastries & Cakes,1905,8906091498517
Pizza Base - Pack of 4,CAFE-00723,GST,5,53.93,131.0,55,Breads & Savory (Retail),1905,8902290310287
Deluxe Paneer Puff - 1 Pc,CAFE-00724,GST,5,29.01,67.0,10,Prepared Snacks & Sandwiches (Cafe Service),9963,8904058093511
Deluxe Cheese Croissant - 1 Pc,CAFE-00725,GST,5,57.65,148.0,20,Prepared Snacks & Sandwiches (Cafe Service),9963,8905616420595
Handcrafted Jeera Biscuits - 500g Box,CAFE-00726,GST,18,116.88,319.0,16,Packaged Biscuits & Cookies,1905,8902504290193
Signature Nankhatai - 250g Box,CAFE-00727,GST,18,49.86,162.0,57,Packaged Biscuits & Cookies,1905,8902611398986
Chicken Tikka Sandwich - Standard,CAFE-00728,GST,5,69.66,219.0,16,Prepared Snacks & Sandwiches (Cafe Service),9963,8905439435353
Signature Mocha Frappe - Regular,CAFE-00729,GST,5,63.21,248.0,15,Prepared Beverages (Cafe Service),9963,8905158815793
Green Tea - Cup,CAFE-00730,GST,5,31.69,126.0,19,Prepared Beverages (Cafe Service),9963,8903692944551
Deluxe Vanilla Cupcake - Box of 4,CAFE-00731,GST,18,73.84,239.0,8,Fresh Pastries & Cakes,1905,8902702164871
Premium Milk Bread - 400g Pack,CAFE-00732,GST,5,13.81,55.0,23,Breads & Savory (Retail),1905,8908866526834
Mango Mousse Cup - Standard,CAFE-00733,GST,18,67.67,162.0,3,Fresh Pastries & Cakes,1905,8901576764722
Classic Fruit & Nut Chocolate - 100g Bar,CAFE-00734,GST,18,100.05,327.0,38,Chocolates & Confectionery,1806,8907657289413
Artisan Jeera Biscuits - 500g Box,CAFE-00735,GST,18,75.75,289.0,52,Packaged Biscuits & Cookies,1905,8908645652203
Mango Smoothie - Regular,CAFE-00736,GST,5,88.22,244.0,13,Prepared Beverages (Cafe Service),9963,8904214477324
Signature Nankhatai - 250g Box,CAFE-00737,GST,18,71.73,176.0,28,Packaged Biscuits & Cookies,1905,8908820908830
Signature Espresso - Double Shot,CAFE-00738,GST,5,54.53,213.0,15,Prepared Beverages (Cafe Service),9963,8907827411767
Freshly Baked Butter Cookies - 250g Box,CAFE-00739,GST,18,83.83,202.0,37,Packaged Biscuits & Cookies,1905,8901315285478
Artisan Assorted Truffles - Box of 12,CAFE-00740,GST,18,215.04,834.0,48,Chocolates & Confectionery,1806,8905380032963
Handcrafted Dark Chocolate Bar (70%) - 100g Bar,CAFE-00741,GST,18,64.39,236.0,46,Chocolates & Confectionery,1806,8904231830617
Artisan Egg & Cheese Croissant - Standard,CAFE-00742,GST,5,92.01,246.0,14,Prepared Snacks & Sandwiches (Cafe Service),9963,8909357824347
Deluxe Green Tea - Pot,CAFE-00743,GST,5,87.2,207.0,5,Prepared Beverages (Cafe Service),9963,8904675361275
Gourmet Assorted Truffles - Box of 12,CAFE-00744,GST,18,250.51,900.0,45,Chocolates & Confectionery,1806,8907963044836
House Special Mango Mousse Cup - Standard,CAFE-00745,GST,18,42.12,154.0,15,Fresh Pastries & Cakes,1905,8906404735047
Deluxe Hot Chocolate - Regular,CAFE-00746,GST,5,63.75,212.0,12,Prepared Beverages (Cafe Service),9963,8902980061558
House Special Black Forest Pastry - 1 Slice,CAFE-00747,GST,18,31.96,127.0,19,Fresh Pastries & Cakes,1905,8906342556383
Deluxe Black Forest Pastry - 1 Slice,CAFE-00748,GST,18,38.4,112.0,17,Fresh Pastries & Cakes,1905,8900244033041
Freshly Baked Green Tea - Cup,CAFE-00749,GST,5,54.33,127.0,18,Prepared Beverages (Cafe Service),9963,8906008921963
Gourmet Aloo Puff / Patties - 2 Pcs,CAFE-00750,GST,5,18.73,42.0,10,Prepared Snacks & Sandwiches (Cafe Service),9963,8907314976461
Cake Rusk - 300g Pack,CAFE-00751,GST,5,39.82,138.0,47,Breads & Savory (Retail),1905,8903607658173
Signature Veg Grilled Sandwich - Cheese Burst,CAFE-00752,GST,5,50.68,155.0,5,Prepared Snacks & Sandwiches (Cafe Service),9963,8904521182379
Whole Wheat Bread - 400g Pack,CAFE-00753,GST,5,21.3,65.0,51,Breads & Savory (Retail),1905,8903074645205
Artisan Fruit & Nut Chocolate - 100g Bar,CAFE-00754,GST,18,106.73,275.0,50,Chocolates & Confectionery,1806,8907875357788
Gourmet Assorted Truffles - Box of 6,CAFE-00755,GST,18,173.49,499.0,15,Chocolates & Confectionery,1806,8902812371067
Pav Buns - Pack of 6,CAFE-00756,GST,5,46.47,103.0,22,Breads & Savory (Retail),1905,8906448595922
Nankhatai - 250g Box,CAFE-00757,GST,18,66.24,190.0,53,Packaged Biscuits & Cookies,1905,8904773522870
Classic Jeera Biscuits - 250g Box,CAFE-00758,GST,18,39.12,156.0,15,Packaged Biscuits & Cookies,1905,8904331875109
House Special Cafe Latte - Regular,CAFE-00759,GST,5,54.62,207.0,13,Prepared Beverages (Cafe Service),9963,8900344694596
Premium Nankhatai - 250g Box,CAFE-00760,GST,18,72.11,172.0,28,Packaged Biscuits & Cookies,1905,8904249128965
Signature Aloo Puff / Patties - 2 Pcs,CAFE-00761,GST,5,10.53,38.0,8,Prepared Snacks & Sandwiches (Cafe Service),9963,8901922270510
Pav Buns - Pack of 6,CAFE-00762,GST,5,32.25,100.0,22,Breads & Savory (Retail),1905,8903866675485
Classic Chicken Tikka Sandwich - Standard,CAFE-00763,GST,5,67.29,249.0,6,Prepared Snacks & Sandwiches (Cafe Service),9963,8906877418652
House Special Mango Mousse Cup - Standard,CAFE-00764,GST,18,65.0,168.0,19,Fresh Pastries & Cakes,1905,8903652037583
Premium Blueberry Cheesecake Slice - 1 Slice,CAFE-00765,GST,18,67.04,258.0,18,Fresh Pastries & Cakes,1905,8900940476044
Handcrafted Assorted Truffles - Box of 6,CAFE-00766,GST,18,161.77,540.0,46,Chocolates & Confectionery,1806,8902781050922
Whole Wheat Bread - 400g Pack,CAFE-00767,GST,5,16.43,55.0,18,Breads & Savory (Retail),1905,8905184390552
Gourmet Paneer Puff - 1 Pc,CAFE-00768,GST,5,17.93,61.0,3,Prepared Snacks & Sandwiches (Cafe Service),9963,8901382412704
Classic Egg & Cheese Croissant - Standard,CAFE-00769,GST,5,70.51,262.0,2,Prepared Snacks & Sandwiches (Cafe Service),9963,8904485157919
Premium Cappuccino - Regular,CAFE-00770,GST,5,73.02,172.0,12,Prepared Beverages (Cafe Service),9963,8909020357134
Freshly Baked Dark Chocolate Bar (70%) - 100g Bar,CAFE-00771,GST,18,65.98,229.0,26,Chocolates & Confectionery,1806,8904295633432
Freshly Baked Oatmeal & Raisin Cookies - 250g Box,CAFE-00772,GST,18,81.71,232.0,38,Packaged Biscuits & Cookies,1905,8905872096289
Cake Rusk - 300g Pack,CAFE-00773,GST,5,39.02,135.0,47,Breads & Savory (Retail),1905,8908418343740
Classic Chocolate Truffle Cake - 1kg,CAFE-00774,GST,18,538.58,1498.0,20,Fresh Pastries & Cakes,1905,8906905150267
Classic Oatmeal & Raisin Cookies - 250g Box,CAFE-00775,GST,18,106.5,293.0,44,Packaged Biscuits & Cookies,1905,8908207979966
House Special Hot Chocolate - With Marshmallows,CAFE-00776,GST,5,77.56,238.0,14,Prepared Beverages (Cafe Service),9963,8904038166496
Deluxe Veg Grilled Sandwich - Standard,CAFE-00777,GST,5,51.8,142.0,18,Prepared Snacks & Sandwiches (Cafe Service),9963,8903922501425
Handcrafted Green Tea - Cup,CAFE-00778,GST,5,40.15,99.0,7,Prepared Beverages (Cafe Service),9963,8904412336132
Artisan Fruit & Nut Chocolate - 100g Bar,CAFE-00779,GST,18,103.53,292.0,45,Chocolates & Confectionery,1806,8908637673162
House Special Choco Chip Cookies - 500g Box,CAFE-00780,GST,18,125.97,463.0,42,Packaged Biscuits & Cookies,1905,8909681579039
Garlic Bread Loaf - 1 Pc,CAFE-00781,GST,5,29.88,110.0,54,Breads & Savory (Retail),1905,8909613273034
Gourmet Cappuccino - Large,CAFE-00782,GST,5,119.68,355.0,11,Prepared Beverages (Cafe Service),9963,8904670462268
House Special Chocolate Brownie - 1 Pc,CAFE-00783,GST,18,65.06,155.0,14,Fresh Pastries & Cakes,1905,8900252986707
Artisan Hazelnut Pralines - Box of 9,CAFE-00784,GST,18,204.46,545.0,55,Chocolates & Confectionery,1806,8901978575851
Cake Rusk - 300g Pack,CAFE-00785,GST,5,47.03,132.0,60,Breads & Savory (Retail),1905,8909438976074
Handcrafted Pineapple Pastry - 2 Slices,CAFE-00786,GST,18,47.89,182.0,13,Fresh Pastries & Cakes,1905,8904654084245
House Special Espresso - Double Shot,CAFE-00787,GST,5,94.52,214.0,5,Prepared Beverages (Cafe Service),9963,8905086321812
Gourmet Dark Chocolate Bar (70%) - 100g Bar,CAFE-00788,GST,18,103.48,292.0,44,Chocolates & Confectionery,1806,8909389701550
Whole Wheat Bread - 400g Pack,CAFE-00789,GST,5,30.75,72.0,55,Breads & Savory (Retail),1905,8904660241613
Aloo Puff / Patties - 2 Pcs,CAFE-00790,GST,5,11.24,42.0,9,Prepared Snacks & Sandwiches (Cafe Service),9963,8900597364248
Classic Assorted Truffles - Box of 12,CAFE-00791,GST,18,332.24,894.0,41,Chocolates & Confectionery,1806,8903062447951
Garlic Bread Loaf - 1 Pc,CAFE-00792,GST,5,32.12,106.0,60,Breads & Savory (Retail),1905,8909796958678
House Special Mango Mousse Cup - Standard,CAFE-00793,GST,18,50.34,151.0,16,Fresh Pastries & Cakes,1905,8907382646091
Premium Hazelnut Pralines - Box of 9,CAFE-00794,GST,18,133.16,529.0,38,Chocolates & Confectionery,1806,8904457702992
Gourmet Paneer Puff - 1 Pc,CAFE-00795,GST,5,32.11,72.0,11,Prepared Snacks & Sandwiches (Cafe Service),9963,8908736826911
Premium Hot Chocolate - Regular,CAFE-00796,GST,5,93.59,236.0,7,Prepared Beverages (Cafe Service),9963,8906865369455
Deluxe Assorted Truffles - Box of 12,CAFE-00797,GST,18,295.6,859.0,40,Chocolates & Confectionery,1806,8907747226408
Premium Jeera Biscuits - 250g Box,CAFE-00798,GST,18,45.03,152.0,41,Packaged Biscuits & Cookies,1905,8906309329981
House Special Chicken Puff - 1 Pc,CAFE-00799,GST,5,34.81,87.0,17,Prepared Snacks & Sandwiches (Cafe Service),9963,8901509688327
Classic Almond Biscotti - 200g Box,CAFE-00800,GST,18,95.61,333.0,27,Packaged Biscuits & Cookies,1905,8905241039773
Signature Fruit & Nut Chocolate - 100g Bar,CAFE-00801,GST,18,80.74,319.0,47,Chocolates & Confectionery,1806,8901952371006
Premium Cheese Croissant - 1 Pc,CAFE-00802,GST,5,46.39,182.0,19,Prepared Snacks & Sandwiches (Cafe Service),9963,8901980770460
Gourmet Jeera Biscuits - 500g Box,CAFE-00803,GST,18,128.64,307.0,31,Packaged Biscuits & Cookies,1905,8909125652373
Premium Butter Cookies - 500g Box,CAFE-00804,GST,18,96.65,336.0,30,Packaged Biscuits & Cookies,1905,8904547574949
Deluxe Chocolate Truffle Cake - 500g,CAFE-00805,GST,18,303.71,789.0,13,Fresh Pastries & Cakes,1905,8909544294774
Multigrain Bread - 400g Pack,CAFE-00806,GST,5,27.32,79.0,55,Breads & Savory (Retail),1905,8903039429045
Handcrafted Fruit & Nut Chocolate - 100g Bar,CAFE-00807,GST,18,121.27,304.0,37,Chocolates & Confectionery,1806,8902985856728
Gourmet Cafe Latte - Large,CAFE-00808,GST,5,79.14,309.0,12,Prepared Beverages (Cafe Service),9963,8903433249135
Deluxe Peach Iced Tea - Regular,CAFE-00809,GST,5,52.91,187.0,13,Prepared Beverages (Cafe Service),9963,8900615814888
Black Forest Pastry - 2 Slices,CAFE-00810,GST,18,86.35,228.0,7,Fresh Pastries & Cakes,1905,8903372094841
Classic Dark Chocolate Bar (70%) - 100g Bar,CAFE-00811,GST,18,114.31,264.0,29,Chocolates & Confectionery,1806,8903997718051
Pav Buns - Pack of 6,CAFE-00812,GST,5,36.39,93.0,49,Breads & Savory (Retail),1905,8909397490961
Hazelnut Pralines - Box of 9,CAFE-00813,GST,18,189.96,628.0,44,Chocolates & Confectionery,1806,8900469472587
Freshly Baked Aloo Puff / Patties - 2 Pcs,CAFE-00814,GST,5,17.37,46.0,10,Prepared Snacks & Sandwiches (Cafe Service),9963,8908847127058
Classic Peach Iced Tea - Regular,CAFE-00815,GST,5,49.37,147.0,11,Prepared Beverages (Cafe Service),9963,8901758231334
Deluxe Aloo Puff / Patties - 2 Pcs,CAFE-00816,GST,5,12.24,42.0,8,Prepared Snacks & Sandwiches (Cafe Service),9963,8909252362292
Nankhatai - 250g Box,CAFE-00817,GST,18,50.51,182.0,32,Packaged Biscuits & Cookies,1905,8903474524555
Cold Coffee Classic - Large,CAFE-00818,GST,5,105.73,312.0,14,Prepared Beverages (Cafe Service),9963,8900652740334
House Special Oatmeal & Raisin Cookies - 250g Box,CAFE-00819,GST,18,88.98,257.0,50,Packaged Biscuits & Cookies,1905,8908339874113
Suji Rusk - 400g Pack,CAFE-00820,GST,5,23.81,94.0,17,Breads & Savory (Retail),1905,8906734996010
Deluxe Milk Chocolate Bar - 100g Bar,CAFE-00821,GST,18,52.3,202.0,22,Chocolates & Confectionery,1806,8907215622949
Whole Wheat Bread - 400g Pack,CAFE-00822,GST,5,18.85,60.0,57,Breads & Savory (Retail),1905,8904884021557
House Special Dark Chocolate Bar (70%) - 100g Bar,CAFE-00823,GST,18,85.82,260.0,36,Chocolates & Confectionery,1806,8903449021666
Deluxe Espresso - Single Shot,CAFE-00824,GST,5,37.6,121.0,3,Prepared Beverages (Cafe Service),9963,8908587495119
Deluxe Pineapple Pastry - 1 Slice,CAFE-00825,GST,18,48.77,115.0,16,Fresh Pastries & Cakes,1905,8909316477251
Suji Rusk - 400g Pack,CAFE-00826,GST,5,28.89,102.0,42,Breads & Savory (Retail),1905,8900694096003
Freshly Baked Jeera Biscuits - 250g Box,CAFE-00827,GST,18,53.51,174.0,35,Packaged Biscuits & Cookies,1905,8908739592323
Artisan Choco Chip Cookies - 250g Box,CAFE-00828,GST,18,59.74,233.0,17,Packaged Biscuits & Cookies,1905,8902851553334
Cake Rusk - 300g Pack,CAFE-00829,GST,5,63.68,165.0,37,Breads & Savory (Retail),1905,8900271607360
Signature Peach Iced Tea - Large,CAFE-00830,GST,5,96.02,277.0,5,Prepared Beverages (Cafe Service),9963,8901289812317
House Special Fruit & Nut Chocolate - 100g Bar,CAFE-00831,GST,18,111.3,287.0,20,Chocolates & Confectionery,1806,8908574817006
House Special Green Tea - Cup,CAFE-00832,GST,5,40.25,111.0,4,Prepared Beverages (Cafe Service),9963,8906431670450
Garlic Bread Loaf - 1 Pc,CAFE-00833,GST,5,31.59,99.0,23,Breads & Savory (Retail),1905,8907009345962
Deluxe Cafe Latte - Regular,CAFE-00834,GST,5,63.92,226.0,7,Prepared Beverages (Cafe Service),9963,8905120734654
Artisan Paneer Puff - 1 Pc,CAFE-00835,GST,5,15.79,60.0,3,Prepared Snacks & Sandwiches (Cafe Service),9963,8902608698221
Premium Mango Mousse Cup - Standard,CAFE-00836,GST,18,66.4,154.0,17,Fresh Pastries & Cakes,1905,8907687290477
Deluxe Choco Chip Cookies - 500g Box,CAFE-00837,GST,18,121.05,400.0,60,Packaged Biscuits & Cookies,1905,8901779323822
Whole Wheat Bread - 400g Pack,CAFE-00838,GST,5,17.84,59.0,30,Breads & Savory (Retail),1905,8903424579889
Gourmet Choco Chip Cookies - 500g Box,CAFE-00839,GST,18,162.92,401.0,17,Packaged Biscuits & Cookies,1905,8906032020326
Handcrafted Butter Cookies - 500g Box,CAFE-00840,GST,18,147.76,375.0,51,Packaged Biscuits & Cookies,1905,8906737948714
House Special Fruit & Nut Chocolate - 100g Bar,CAFE-00841,GST,18,132.52,336.0,36,Chocolates & Confectionery,1806,8907871584156
Premium Assorted Truffles - Box of 6,CAFE-00842,GST,18,144.21,436.0,22,Chocolates & Confectionery,1806,8901842547681
Deluxe Paneer Tikka Wrap - Standard,CAFE-00843,GST,5,46.61,173.0,9,Prepared Snacks & Sandwiches (Cafe Service),9963,8900358929880
Deluxe Paneer Puff - 1 Pc,CAFE-00844,GST,5,22.93,57.0,7,Prepared Snacks & Sandwiches (Cafe Service),9963,8909328963406
Handcrafted Jeera Biscuits - 500g Box,CAFE-00845,GST,18,114.93,281.0,34,Packaged Biscuits & Cookies,1905,8900148439910
Handcrafted Cafe Latte - Regular,CAFE-00846,GST,5,60.96,218.0,9,Prepared Beverages (Cafe Service),9963,8906266933513
Premium Choco Chip Cookies - 500g Box,CAFE-00847,GST,18,136.11,443.0,58,Packaged Biscuits & Cookies,1905,8902372450184
Signature Chicken Tikka Sandwich - Standard,CAFE-00848,GST,5,84.37,231.0,5,Prepared Snacks & Sandwiches (Cafe Service),9963,8908972154064
Chocolate Brownie - With Walnut,CAFE-00849,GST,18,38.25,133.0,17,Fresh Pastries & Cakes,1905,8904381199537
Artisan Hazelnut Pralines - Box of 9,CAFE-00850,GST,18,159.69,600.0,32,Chocolates & Confectionery,1806,8904485645101
Hazelnut Pralines - Box of 9,CAFE-00851,GST,18,176.78,577.0,57,Chocolates & Confectionery,1806,8904178996986
Pineapple Pastry - 1 Slice,CAFE-00852,GST,18,23.6,93.0,9,Fresh Pastries & Cakes,1905,8905996605779
Gourmet Veg Grilled Sandwich - Cheese Burst,CAFE-00853,GST,5,73.46,165.0,20,Prepared Snacks & Sandwiches (Cafe Service),9963,8902051460745
Signature Milk Chocolate Bar - 100g Bar,CAFE-00854,GST,18,54.56,197.0,35,Chocolates & Confectionery,1806,8907423885652
House Special Cappuccino - Large,CAFE-00855,GST,5,99.67,352.0,9,Prepared Beverages (Cafe Service),9963,8905411659726
Pizza Base - Pack of 4,CAFE-00856,GST,5,37.82,113.0,38,Breads & Savory (Retail),1905,8902250139488
Gourmet Nankhatai - 250g Box,CAFE-00857,GST,18,74.46,174.0,20,Packaged Biscuits & Cookies,1905,8901964258562
Cappuccino - Large,CAFE-00858,GST,5,147.79,347.0,9,Prepared Beverages (Cafe Service),9963,8907038240733
Garlic Bread Loaf - 1 Pc,CAFE-00859,GST,5,38.04,104.0,16,Breads & Savory (Retail),1905,8909776889362
Freshly Baked Chicken Puff - 1 Pc,CAFE-00860,GST,5,22.43,89.0,10,Prepared Snacks & Sandwiches (Cafe Service),9963,8906553585125
Premium Dark Chocolate Bar (70%) - 100g Bar,CAFE-00861,GST,18,82.79,299.0,47,Chocolates & Confectionery,1806,8907851935837
Handcrafted Nankhatai - 250g Box,CAFE-00862,GST,18,56.22,174.0,42,Packaged Biscuits & Cookies,1905,8901208780572
Freshly Baked Mango Mousse Cup - Standard,CAFE-00863,GST,18,41.23,161.0,2,Fresh Pastries & Cakes,1905,8909762637484
Classic Choco Chip Cookies - 500g Box,CAFE-00864,GST,18,112.76,447.0,52,Packaged Biscuits & Cookies,1905,8905090591191
Signature Chicken Puff - 1 Pc,CAFE-00865,GST,5,23.76,78.0,7,Prepared Snacks & Sandwiches (Cafe Service),9963,8902071511696
Classic Green Tea - Pot,CAFE-00866,GST,5,90.54,229.0,11,Prepared Beverages (Cafe Service),9963,8905264712463
Suji Rusk - 400g Pack,CAFE-00867,GST,5,39.25,93.0,31,Breads & Savory (Retail),1905,8900908051208
Gourmet Black Forest Pastry - 2 Slices,CAFE-00868,GST,18,58.79,214.0,20,Fresh Pastries & Cakes,1905,8909512397283
Butter Cookies - 250g Box,CAFE-00869,GST,18,72.27,182.0,43,Packaged Biscuits & Cookies,1905,8902827090814
Classic Butter Cookies - 500g Box,CAFE-00870,GST,18,139.53,349.0,21,Packaged Biscuits & Cookies,1905,8907392957867
Signature Pineapple Pastry - 2 Slices,CAFE-00871,GST,18,69.17,182.0,17,Fresh Pastries & Cakes,1905,8903605079181
Deluxe Milk Chocolate Bar - 100g Bar,CAFE-00872,GST,18,80.85,219.0,23,Chocolates & Confectionery,1806,8907346666170
Deluxe Cappuccino - Large,CAFE-00873,GST,5,116.9,339.0,17,Prepared Beverages (Cafe Service),9963,8904080314998
Suji Rusk - 400g Pack,CAFE-00874,GST,5,20.81,82.0,39,Breads & Savory (Retail),1905,8903580688285
Premium Assorted Truffles - Box of 6,CAFE-00875,GST,18,184.27,467.0,29,Chocolates & Confectionery,1806,8905137399006
Whole Wheat Bread - 400g Pack,CAFE-00876,GST,5,20.67,70.0,36,Breads & Savory (Retail),1905,8902635602293
Aloo Puff / Patties - 2 Pcs,CAFE-00877,GST,5,11.77,45.0,11,Prepared Snacks & Sandwiches (Cafe Service),9963,8903460666437
Gourmet Nankhatai - 250g Box,CAFE-00878,GST,18,40.77,146.0,23,Packaged Biscuits & Cookies,1905,8903111271285
Pizza Base - Pack of 4,CAFE-00879,GST,5,43.87,119.0,51,Breads & Savory (Retail),1905,8904116318732
Handcrafted Veg Grilled Sandwich - Cheese Burst,CAFE-00880,GST,5,53.61,140.0,14,Prepared Snacks & Sandwiches (Cafe Service),9963,8902113695727
Signature Veg Grilled Sandwich - Standard,CAFE-00881,GST,5,73.72,168.0,2,Prepared Snacks & Sandwiches (Cafe Service),9963,8902542573066
Pizza Base - Pack of 2,CAFE-00882,GST,5,16.86,43.0,57,Breads & Savory (Retail),1905,8907071398482
Suji Rusk - 400g Pack,CAFE-00883,GST,5,33.7,99.0,49,Breads & Savory (Retail),1905,8900925502130
Gourmet Espresso - Single Shot,CAFE-00884,GST,5,56.31,136.0,9,Prepared Beverages (Cafe Service),9963,8900981079649
Handcrafted Peach Iced Tea - Regular,CAFE-00885,GST,5,61.32,173.0,16,Prepared Beverages (Cafe Service),9963,8907278532426
Artisan Choco Chip Cookies - 500g Box,CAFE-00886,GST,18,148.92,408.0,17,Packaged Biscuits & Cookies,1905,8907683625366
Handcrafted Peach Iced Tea - Large,CAFE-00887,GST,5,112.38,341.0,12,Prepared Beverages (Cafe Service),9963,8905628333393
Handcrafted Fruit & Nut Chocolate - 100g Bar,CAFE-00888,GST,18,83.35,298.0,41,Chocolates & Confectionery,1806,8905436271874
Signature Chicken Puff - 1 Pc,CAFE-00889,GST,5,24.11,77.0,7,Prepared Snacks & Sandwiches (Cafe Service),9963,8906862703692
Gourmet Almond Biscotti - 200g Box,CAFE-00890,GST,18,94.19,343.0,24,Packaged Biscuits & Cookies,1905,8906573275998
Premium Assorted Truffles - Box of 6,CAFE-00891,GST,18,188.21,417.0,18,Chocolates & Confectionery,1806,8905155323415
Handcrafted Paneer Puff - 1 Pc,CAFE-00892,GST,5,23.85,60.0,11,Prepared Snacks & Sandwiches (Cafe Service),9963,8901822261896
Pav Buns - Pack of 6,CAFE-00893,GST,5,35.05,119.0,24,Breads & Savory (Retail),1905,8907102676720
Paneer Puff - 1 Pc,CAFE-00894,GST,5,21.3,64.0,2,Prepared Snacks & Sandwiches (Cafe Service),9963,8907955151229
Classic Almond Biscotti - 200g Box,CAFE-00895,GST,18,77.0,299.0,57,Packaged Biscuits & Cookies,1905,8903541597099
Freshly Baked Cafe Latte - Large,CAFE-00896,GST,5,121.28,328.0,18,Prepared Beverages (Cafe Service),9963,8900752034476
Handcrafted Butter Cookies - 500g Box,CAFE-00897,GST,18,127.18,356.0,17,Packaged Biscuits & Cookies,1905,8902909046376
Gourmet Espresso - Double Shot,CAFE-00898,GST,5,59.25,216.0,15,Prepared Beverages (Cafe Service),9963,8906525483744
Premium Chocolate Brownie - Fudge,CAFE-00899,GST,18,41.62,160.0,18,Fresh Pastries & Cakes,1905,8901021312512
Premium Egg & Cheese Croissant - Standard,CAFE-00900,GST,5,97.56,217.0,12,Prepared Snacks & Sandwiches (Cafe Service),9963,8909129751910
Premium Dark Chocolate Bar (70%) - 100g Bar,CAFE-00901,GST,18,68.43,239.0,20,Chocolates & Confectionery,1806,8900633016583
Hot Chocolate - With Marshmallows,CAFE-00902,GST,5,80.47,245.0,20,Prepared Beverages (Cafe Service),9963,8900728012342
Premium Egg & Cheese Croissant - Standard,CAFE-00903,GST,5,61.7,230.0,9,Prepared Snacks & Sandwiches (Cafe Service),9963,8902694968436
Deluxe Oatmeal & Raisin Cookies - 250g Box,CAFE-00904,GST,18,59.43,226.0,58,Packaged Biscuits & Cookies,1905,8904421017509
Artisan Cappuccino - Large,CAFE-00905,GST,5,113.35,387.0,12,Prepared Beverages (Cafe Service),9963,8909591945757
Handcrafted Jeera Biscuits - 500g Box,CAFE-00906,GST,18,67.03,268.0,27,Packaged Biscuits & Cookies,1905,8903920567756
Classic Peach Iced Tea - Large,CAFE-00907,GST,5,76.32,271.0,15,Prepared Beverages (Cafe Service),9963,8900256265062
Multigrain Bread - 400g Pack,CAFE-00908,GST,5,23.61,72.0,32,Breads & Savory (Retail),1905,8905307624843
Pav Buns - Pack of 6,CAFE-00909,GST,5,27.59,103.0,46,Breads & Savory (Retail),1905,8900511579423
Gourmet Cheese Croissant - 1 Pc,CAFE-00910,GST,5,42.83,168.0,7,Prepared Snacks & Sandwiches (Cafe Service),9963,8905496919284
Classic Almond Biscotti - 200g Box,CAFE-00911,GST,18,81.84,323.0,19,Packaged Biscuits & Cookies,1905,8900756335357
Nankhatai - 250g Box,CAFE-00912,GST,18,52.65,182.0,23,Packaged Biscuits & Cookies,1905,8905939933797
Gourmet Mango Mousse Cup - Standard,CAFE-00913,GST,18,50.87,169.0,4,Fresh Pastries & Cakes,1905,8908779417634
Artisan Dark Chocolate Bar (70%) - 100g Bar,CAFE-00914,GST,18,100.31,261.0,15,Chocolates & Confectionery,1806,8905597824575
Egg & Cheese Croissant - Standard,CAFE-00915,GST,5,95.16,260.0,3,Prepared Snacks & Sandwiches (Cafe Service),9963,8903884366044
Multigrain Bread - 400g Pack,CAFE-00916,GST,5,21.73,73.0,41,Breads & Savory (Retail),1905,8901572768297
Handcrafted Butter Cookies - 500g Box,CAFE-00917,GST,18,91.61,318.0,44,Packaged Biscuits & Cookies,1905,8904292501058
House Special Mocha Frappe - Regular,CAFE-00918,GST,5,96.0,276.0,2,Prepared Beverages (Cafe Service),9963,8906562590459
Classic Veg Grilled Sandwich - Standard,CAFE-00919,GST,5,40.58,157.0,6,Prepared Snacks & Sandwiches (Cafe Service),9963,8902182315551
Handcrafted Mocha Frappe - Regular,CAFE-00920,GST,5,105.97,245.0,15,Prepared Beverages (Cafe Service),9963,8906281372143
Premium Milk Bread - 400g Pack,CAFE-00921,GST,5,15.92,55.0,45,Breads & Savory (Retail),1905,8900033228556
Deluxe Hazelnut Pralines - Box of 9,CAFE-00922,GST,18,201.23,621.0,57,Chocolates & Confectionery,1806,8906810390339
Premium Espresso - Double Shot,CAFE-00923,GST,5,81.04,232.0,7,Prepared Beverages (Cafe Service),9963,8906328094485
Signature Chicken Puff - 1 Pc,CAFE-00924,GST,5,33.82,90.0,8,Prepared Snacks & Sandwiches (Cafe Service),9963,8905461470798
Premium Hot Chocolate - Regular,CAFE-00925,GST,5,55.09,201.0,8,Prepared Beverages (Cafe Service),9963,8903943945703
Deluxe Aloo Puff / Patties - 1 Pc,CAFE-00926,GST,5,16.2,36.0,7,Prepared Snacks & Sandwiches (Cafe Service),9963,8905376576927
Signature Mango Smoothie - Regular,CAFE-00927,GST,5,81.07,194.0,2,Prepared Beverages (Cafe Service),9963,8900900404769
Whole Wheat Bread - 400g Pack,CAFE-00928,GST,5,22.8,58.0,42,Breads & Savory (Retail),1905,8905146040142
Premium Jeera Biscuits - 250g Box,CAFE-00929,GST,18,49.72,176.0,58,Packaged Biscuits & Cookies,1905,8900720113798
Oatmeal & Raisin Cookies - 250g Box,CAFE-00930,GST,18,74.22,261.0,24,Packaged Biscuits & Cookies,1905,8903166007676
Premium Milk Bread - 400g Pack,CAFE-00931,GST,5,15.62,59.0,60,Breads & Savory (Retail),1905,8904734043370
Deluxe Assorted Truffles - Box of 12,CAFE-00932,GST,18,311.75,960.0,29,Chocolates & Confectionery,1806,8900451957782
Deluxe Almond Biscotti - 200g Box,CAFE-00933,GST,18,122.42,340.0,55,Packaged Biscuits & Cookies,1905,8905629657542
House Special Hazelnut Pralines - Box of 9,CAFE-00934,GST,18,277.64,654.0,31,Chocolates & Confectionery,1806,8902557782058
Deluxe Dark Chocolate Bar (70%) - 100g Bar,CAFE-00935,GST,18,76.82,272.0,51,Chocolates & Confectionery,1806,8902361618808
Deluxe Black Forest Pastry - 2 Slices,CAFE-00936,GST,18,94.93,237.0,9,Fresh Pastries & Cakes,1905,8905715586863
Premium Paneer Puff - 1 Pc,CAFE-00937,GST,5,17.27,58.0,6,Prepared Snacks & Sandwiches (Cafe Service),9963,8903081721436
Signature Choco Chip Cookies - 250g Box,CAFE-00938,GST,18,88.65,200.0,22,Packaged Biscuits & Cookies,1905,8903211471656
Gourmet Blueberry Cheesecake Slice - 1 Slice,CAFE-00939,GST,18,81.18,223.0,20,Fresh Pastries & Cakes,1905,8907990707550
Gourmet Almond Biscotti - 200g Box,CAFE-00940,GST,18,100.4,360.0,42,Packaged Biscuits & Cookies,1905,8909957060717
Premium Nankhatai - 250g Box,CAFE-00941,GST,18,42.22,156.0,55,Packaged Biscuits & Cookies,1905,8901765397054
Cheese Croissant - 1 Pc,CAFE-00942,GST,5,73.92,164.0,6,Prepared Snacks & Sandwiches (Cafe Service),9963,8909087182749
Freshly Baked Mango Smoothie - Regular,CAFE-00943,GST,5,65.38,226.0,17,Prepared Beverages (Cafe Service),9963,8902742049561
Signature Dark Chocolate Bar (70%) - 100g Bar,CAFE-00944,GST,18,98.55,261.0,39,Chocolates & Confectionery,1806,8902604235973
Premium Hazelnut Pralines - Box of 9,CAFE-00945,GST,18,214.15,522.0,53,Chocolates & Confectionery,1806,8909077560858
Artisan Vanilla Cupcake - Box of 4,CAFE-00946,GST,18,61.5,197.0,15,Fresh Pastries & Cakes,1905,8901114576832
Premium Black Forest Pastry - 1 Slice,CAFE-00947,GST,18,37.98,129.0,16,Fresh Pastries & Cakes,1905,8908584712961
Signature Veg Grilled Sandwich - Standard,CAFE-00948,GST,5,58.2,142.0,14,Prepared Snacks & Sandwiches (Cafe Service),9963,8900508018498
House Special Blueberry Cheesecake Slice - 1 Slice,CAFE-00949,GST,18,69.08,259.0,8,Fresh Pastries & Cakes,1905,8903777312688
Classic Chocolate Truffle Cake - 2kg,CAFE-00950,GST,18,1316.56,3241.0,4,Fresh Pastries & Cakes,1905,8907819236534
Artisan Espresso - Double Shot,CAFE-00951,GST,5,69.62,251.0,2,Prepared Beverages (Cafe Service),9963,8903567932798
Cafe Latte - Regular,CAFE-00952,GST,5,64.95,201.0,4,Prepared Beverages (Cafe Service),9963,8906906181205
Handcrafted Jeera Biscuits - 500g Box,CAFE-00953,GST,18,74.45,296.0,36,Packaged Biscuits & Cookies,1905,8904895478769
Handcrafted Fruit & Nut Chocolate - 100g Bar,CAFE-00954,GST,18,81.29,280.0,36,Chocolates & Confectionery,1806,8908891444498
Suji Rusk - 400g Pack,CAFE-00955,GST,5,33.95,96.0,34,Breads & Savory (Retail),1905,8903586449639
Pizza Base - Pack of 2,CAFE-00956,GST,5,15.65,50.0,28,Breads & Savory (Retail),1905,8907982143395
Pav Buns - Pack of 6,CAFE-00957,GST,5,29.22,102.0,51,Breads & Savory (Retail),1905,8907852491416
Premium Chicken Puff - 1 Pc,CAFE-00958,GST,5,19.84,77.0,17,Prepared Snacks & Sandwiches (Cafe Service),9963,8907894896340
Handcrafted Peach Iced Tea - Regular,CAFE-00959,GST,5,59.7,165.0,6,Prepared Beverages (Cafe Service),9963,8902150014188
Gourmet Choco Chip Cookies - 250g Box,CAFE-00960,GST,18,55.73,212.0,51,Packaged Biscuits & Cookies,1905,8900015944633
Pizza Base - Pack of 4,CAFE-00961,GST,5,33.16,106.0,35,Breads & Savory (Retail),1905,8903263890219
Handcrafted Fruit & Nut Chocolate - 100g Bar,CAFE-00962,GST,18,99.12,262.0,41,Chocolates & Confectionery,1806,8903379223410
Pizza Base - Pack of 4,CAFE-00963,GST,5,34.86,130.0,43,Breads & Savory (Retail),1905,8903311677269
Signature Espresso - Double Shot,CAFE-00964,GST,5,81.69,252.0,18,Prepared Beverages (Cafe Service),9963,8905507896793
Choco Chip Cookies - 250g Box,CAFE-00965,GST,18,73.76,253.0,25,Packaged Biscuits & Cookies,1905,8906335564343
Peach Iced Tea - Regular,CAFE-00966,GST,5,45.14,156.0,16,Prepared Beverages (Cafe Service),9963,8900695560767
Freshly Baked Cappuccino - Large,CAFE-00967,GST,5,121.07,325.0,10,Prepared Beverages (Cafe Service),9963,8907223989830
Signature Mocha Frappe - Regular,CAFE-00968,GST,5,57.68,222.0,4,Prepared Beverages (Cafe Service),9963,8909804184724
Cake Rusk - 300g Pack,CAFE-00969,GST,5,49.26,136.0,48,Breads & Savory (Retail),1905,8901319092487
Artisan Cafe Latte - Regular,CAFE-00970,GST,5,85.04,217.0,4,Prepared Beverages (Cafe Service),9963,8901142817852
Multigrain Bread - 400g Pack,CAFE-00971,GST,5,31.88,80.0,32,Breads & Savory (Retail),1905,8908088062207
Multigrain Bread - 400g Pack,CAFE-00972,GST,5,28.46,92.0,32,Breads & Savory (Retail),1905,8907372132901
Freshly Baked Cafe Latte - Regular,CAFE-00973,GST,5,54.15,197.0,14,Prepared Beverages (Cafe Service),9963,8908868785996
Classic Nankhatai - 250g Box,CAFE-00974,GST,18,54.2,168.0,17,Packaged Biscuits & Cookies,1905,8903195419666
House Special Oatmeal & Raisin Cookies - 250g Box,CAFE-00975,GST,18,73.79,262.0,28,Packaged Biscuits & Cookies,1905,8906279246320
Pav Buns - Pack of 6,CAFE-00976,GST,5,29.28,102.0,38,Breads & Savory (Retail),1905,8903726032145
Gourmet Mango Mousse Cup - Standard,CAFE-00977,GST,18,46.42,175.0,4,Fresh Pastries & Cakes,1905,8909458870715
Deluxe Choco Chip Cookies - 500g Box,CAFE-00978,GST,18,94.34,376.0,24,Packaged Biscuits & Cookies,1905,8908400838507
House Special Mocha Frappe - Large,CAFE-00979,GST,5,172.88,469.0,3,Prepared Beverages (Cafe Service),9963,8908917768089
Gourmet Chicken Tikka Sandwich - Standard,CAFE-00980,GST,5,60.25,210.0,10,Prepared Snacks & Sandwiches (Cafe Service),9963,8902231964630
Classic Blueberry Cheesecake Slice - 1 Slice,CAFE-00981,GST,18,65.43,211.0,15,Fresh Pastries & Cakes,1905,8902689430120
Premium Almond Biscotti - 200g Box,CAFE-00982,GST,18,80.32,309.0,25,Packaged Biscuits & Cookies,1905,8907117595749
Deluxe Paneer Puff - 1 Pc,CAFE-00983,GST,5,16.63,57.0,20,Prepared Snacks & Sandwiches (Cafe Service),9963,8908493306745
Gourmet Aloo Puff / Patties - 2 Pcs,CAFE-00984,GST,5,11.33,37.0,10,Prepared Snacks & Sandwiches (Cafe Service),9963,8901283337218
Gourmet Paneer Puff - 1 Pc,CAFE-00985,GST,5,22.17,62.0,4,Prepared Snacks & Sandwiches (Cafe Service),9963,8903297150666
Cake Rusk - 300g Pack,CAFE-00986,GST,5,48.84,140.0,34,Breads & Savory (Retail),1905,8903776936634
Multigrain Bread - 400g Pack,CAFE-00987,GST,5,26.31,86.0,20,Breads & Savory (Retail),1905,8901110286712
Classic Black Forest Pastry - 2 Slices,CAFE-00988,GST,18,72.31,197.0,13,Fresh Pastries & Cakes,1905,8905910245109
Signature Black Forest Pastry - 1 Slice,CAFE-00989,GST,18,35.65,136.0,17,Fresh Pastries & Cakes,1905,8901494981942
Freshly Baked Chocolate Brownie - Fudge,CAFE-00990,GST,18,36.98,133.0,18,Fresh Pastries & Cakes,1905,8901793406527
Freshly Baked Mocha Frappe - Large,CAFE-00991,GST,5,129.01,473.0,15,Prepared Beverages (Cafe Service),9963,8903453372201
Premium Pineapple Pastry - 1 Slice,CAFE-00992,GST,18,49.44,120.0,4,Fresh Pastries & Cakes,1905,8904559376618
Signature Fruit & Nut Chocolate - 100g Bar,CAFE-00993,GST,18,96.71,327.0,38,Chocolates & Confectionery,1806,8902635100462
House Special Peach Iced Tea - Large,CAFE-00994,GST,5,81.23,298.0,15,Prepared Beverages (Cafe Service),9963,8905920246175
Premium Milk Bread - 400g Pack,CAFE-00995,GST,5,17.14,53.0,32,Breads & Savory (Retail),1905,8903260055955
Deluxe Pineapple Pastry - 2 Slices,CAFE-00996,GST,18,70.15,173.0,18,Fresh Pastries & Cakes,1905,8904868999360
Deluxe Mango Smoothie - Regular,CAFE-00997,GST,5,83.4,252.0,11,Prepared Beverages (Cafe Service),9963,8905069176799
Suji Rusk - 400g Pack,CAFE-00998,GST,5,23.13,88.0,17,Breads & Savory (Retail),1905,8903946408303
Artisan Hot Chocolate - With Marshmallows,CAFE-00999,GST,5,57.57,226.0,10,Prepared Beverages (Cafe Service),9963,8908860849079
Pizza Base - Pack of 2,CAFE-01000,GST,5,18.27,53.0,36,Breads & Savory (Retail),1905,8902830615370
Freshly Baked Chocolate Truffle Cake - 2kg,CAFE-01001,GST,18,976.46,2662.0,10,Fresh Pastries & Cakes,1905,8906263251448
Premium Fruit & Nut Chocolate - 100g Bar,CAFE-01002,GST,18,88.82,335.0,15,Chocolates & Confectionery,1806,8903142175188
Handcrafted Mango Smoothie - Regular,CAFE-01003,GST,5,85.53,231.0,4,Prepared Beverages (Cafe Service),9963,8905152638409
Classic Pineapple Pastry - 1 Slice,CAFE-01004,GST,18,31.85,100.0,19,Fresh Pastries & Cakes,1905,8903750566186
Multigrain Bread - 400g Pack,CAFE-01005,GST,5,24.22,87.0,59,Breads & Savory (Retail),1905,8901378765530
Artisan Chocolate Brownie - 1 Pc,CAFE-01006,GST,18,67.24,150.0,13,Fresh Pastries & Cakes,1905,8905605712198
Handcrafted Chicken Tikka Sandwich - Standard,CAFE-01007,GST,5,55.1,220.0,12,Prepared Snacks & Sandwiches (Cafe Service),9963,8901905348640
Classic Black Forest Pastry - 2 Slices,CAFE-01008,GST,18,65.15,239.0,6,Fresh Pastries & Cakes,1905,8904561851744
Freshly Baked Espresso - Single Shot,CAFE-01009,GST,5,34.47,120.0,6,Prepared Beverages (Cafe Service),9963,8908991511455
Signature Chocolate Truffle Cake - 2kg,CAFE-01010,GST,18,1284.85,3009.0,3,Fresh Pastries & Cakes,1905,8904488189848
Gourmet Milk Chocolate Bar - 100g Bar,CAFE-01011,GST,18,98.97,225.0,41,Chocolates & Confectionery,1806,8901540211901
House Special Espresso - Double Shot,CAFE-01012,GST,5,92.38,221.0,7,Prepared Beverages (Cafe Service),9963,8909831522910
Classic Hot Chocolate - Regular,CAFE-01013,GST,5,67.12,247.0,18,Prepared Beverages (Cafe Service),9963,8903608493783
Vanilla Cupcake - 1 Pc,CAFE-01014,GST,18,34.56,88.0,18,Fresh Pastries & Cakes,1905,8904526969443
Freshly Baked Chicken Tikka Sandwich - Standard,CAFE-01015,GST,5,74.29,230.0,5,Prepared Snacks & Sandwiches (Cafe Service),9963,8906934292913
Premium Milk Bread - 400g Pack,CAFE-01016,GST,5,15.93,56.0,58,Breads & Savory (Retail),1905,8906234190310
Signature Cappuccino - Large,CAFE-01017,GST,5,135.93,335.0,5,Prepared Beverages (Cafe Service),9963,8905566847323
Signature Mocha Frappe - Regular,CAFE-01018,GST,5,64.22,251.0,15,Prepared Beverages (Cafe Service),9963,8900406720078
Premium Choco Chip Cookies - 500g Box,CAFE-01019,GST,18,187.91,461.0,32,Packaged Biscuits & Cookies,1905,8902607819754
Signature Dark Chocolate Bar (70%) - 100g Bar,CAFE-01020,GST,18,102.74,277.0,45,Chocolates & Confectionery,1806,8906427372037
Premium Hot Chocolate - Regular,CAFE-01021,GST,5,75.33,216.0,10,Prepared Beverages (Cafe Service),9963,8901484601913
Deluxe Oatmeal & Raisin Cookies - 250g Box,CAFE-01022,GST,18,89.36,289.0,48,Packaged Biscuits & Cookies,1905,8902780205869
Signature Butter Cookies - 500g Box,CAFE-01023,GST,18,88.1,310.0,42,Packaged Biscuits & Cookies,1905,8904493699951
Signature Peach Iced Tea - Regular,CAFE-01024,GST,5,42.73,160.0,13,Prepared Beverages (Cafe Service),9963,8907385736801
Gourmet Chocolate Truffle Cake - 500g,CAFE-01025,GST,18,361.24,928.0,15,Fresh Pastries & Cakes,1905,8908118723335
Artisan Black Forest Pastry - 2 Slices,CAFE-01026,GST,18,86.5,254.0,10,Fresh Pastries & Cakes,1905,8909731539114
Handcrafted Egg & Cheese Croissant - Standard,CAFE-01027,GST,5,83.81,266.0,2,Prepared Snacks & Sandwiches (Cafe Service),9963,8907365118939
House Special Butter Cookies - 500g Box,CAFE-01028,GST,18,107.42,382.0,50,Packaged Biscuits & Cookies,1905,8902019043223
Signature Assorted Truffles - Box of 6,CAFE-01029,GST,18,202.29,517.0,33,Chocolates & Confectionery,1806,8907073920135
Classic Milk Chocolate Bar - 100g Bar,CAFE-01030,GST,18,59.72,221.0,25,Chocolates & Confectionery,1806,8907602508261
Premium Chocolate Truffle Cake - 500g,CAFE-01031,GST,18,316.05,757.0,9,Fresh Pastries & Cakes,1905,8902488899572
Gourmet Egg & Cheese Croissant - Standard,CAFE-01032,GST,5,61.52,228.0,16,Prepared Snacks & Sandwiches (Cafe Service),9963,8904549303646
Cheese Croissant - 1 Pc,CAFE-01033,GST,5,43.48,150.0,3,Prepared Snacks & Sandwiches (Cafe Service),9963,8903818769208
Garlic Bread Loaf - 1 Pc,CAFE-01034,GST,5,41.41,129.0,53,Breads & Savory (Retail),1905,8908138815881
Deluxe Oatmeal & Raisin Cookies - 250g Box,CAFE-01035,GST,18,93.22,235.0,42,Packaged Biscuits & Cookies,1905,8907323182971
House Special Mango Smoothie - Regular,CAFE-01036,GST,5,63.62,218.0,12,Prepared Beverages (Cafe Service),9963,8900000001529
Handcrafted Pineapple Pastry - 1 Slice,CAFE-01037,GST,18,50.07,119.0,19,Fresh Pastries & Cakes,1905,8905090255618
Freshly Baked Milk Chocolate Bar - 100g Bar,CAFE-01038,GST,18,59.7,190.0,24,Chocolates & Confectionery,1806,8909987478122
House Special Nankhatai - 250g Box,CAFE-01039,GST,18,71.28,162.0,42,Packaged Biscuits & Cookies,1905,8907009004365
House Special Milk Chocolate Bar - 100g Bar,CAFE-01040,GST,18,82.74,223.0,24,Chocolates & Confectionery,1806,8906691362483
House Special Oatmeal & Raisin Cookies - 250g Box,CAFE-01041,GST,18,98.95,248.0,51,Packaged Biscuits & Cookies,1905,8906080706336
Artisan Cheese Croissant - 1 Pc,CAFE-01042,GST,5,50.26,181.0,18,Prepared Snacks & Sandwiches (Cafe Service),9963,8902210401648
Freshly Baked Black Forest Pastry - 2 Slices,CAFE-01043,GST,18,76.52,257.0,19,Fresh Pastries & Cakes,1905,8907738363816
Premium Choco Chip Cookies - 250g Box,CAFE-01044,GST,18,70.89,207.0,58,Packaged Biscuits & Cookies,1905,8904289464203
Deluxe Cafe Latte - Large,CAFE-01045,GST,5,147.44,352.0,10,Prepared Beverages (Cafe Service),9963,8901706462554
Signature Chocolate Truffle Cake - 1kg,CAFE-01046,GST,18,561.4,1608.0,19,Fresh Pastries & Cakes,1905,8902430176464
Signature Nankhatai - 250g Box,CAFE-01047,GST,18,62.52,179.0,50,Packaged Biscuits & Cookies,1905,8908824527905
Freshly Baked Blueberry Cheesecake Slice - 1 Slice,CAFE-01048,GST,18,55.59,214.0,8,Fresh Pastries & Cakes,1905,8905384951632
Pineapple Pastry - 1 Slice,CAFE-01049,GST,18,34.21,104.0,5,Fresh Pastries & Cakes,1905,8908093391373
Cake Rusk - 300g Pack,CAFE-01050,GST,5,43.66,128.0,17,Breads & Savory (Retail),1905,8901198756178
Artisan Mango Smoothie - Regular,CAFE-01051,GST,5,95.51,246.0,2,Prepared Beverages (Cafe Service),9963,8900915618298
House Special Red Velvet Cake - 1kg,CAFE-01052,GST,18,513.98,1781.0,10,Fresh Pastries & Cakes,1905,8904916093659
Premium Choco Chip Cookies - 250g Box,CAFE-01053,GST,18,94.09,219.0,22,Packaged Biscuits & Cookies,1905,8908941843368
Mocha Frappe - Regular,CAFE-01054,GST,5,56.58,226.0,8,Prepared Beverages (Cafe Service),9963,8902239982137
Gourmet Oatmeal & Raisin Cookies - 250g Box,CAFE-01055,GST,18,86.87,231.0,17,Packaged Biscuits & Cookies,1905,8904288605053
Gourmet Green Tea - Pot,CAFE-01056,GST,5,66.69,236.0,18,Prepared Beverages (Cafe Service),9963,8901126003083
Jeera Biscuits - 500g Box,CAFE-01057,GST,18,66.34,250.0,16,Packaged Biscuits & Cookies,1905,8906271531234
Gourmet Oatmeal & Raisin Cookies - 250g Box,CAFE-01058,GST,18,103.95,263.0,51,Packaged Biscuits & Cookies,1905,8901776829384
Premium Almond Biscotti - 200g Box,CAFE-01059,GST,18,81.55,311.0,15,Packaged Biscuits & Cookies,1905,8908735437882
Signature Espresso - Single Shot,CAFE-01060,GST,5,39.62,131.0,5,Prepared Beverages (Cafe Service),9963,8900157090859
Freshly Baked Chicken Tikka Sandwich - Standard,CAFE-01061,GST,5,57.95,225.0,16,Prepared Snacks & Sandwiches (Cafe Service),9963,8904926999699
Premium Cold Coffee Classic - Large,CAFE-01062,GST,5,130.67,357.0,19,Prepared Beverages (Cafe Service),9963,8905969325914
Classic Blueberry Cheesecake Slice - 1 Slice,CAFE-01063,GST,18,107.31,257.0,9,Fresh Pastries & Cakes,1905,8904266980690
Gourmet Cheese Croissant - 1 Pc,CAFE-01064,GST,5,57.89,175.0,15,Prepared Snacks & Sandwiches (Cafe Service),9963,8900723483893
Signature Almond Biscotti - 200g Box,CAFE-01065,GST,18,119.25,374.0,57,Packaged Biscuits & Cookies,1905,8908040561299
Deluxe Mocha Frappe - Regular,CAFE-01066,GST,5,75.87,274.0,14,Prepared Beverages (Cafe Service),9963,8909582641869
Premium Mocha Frappe - Large,CAFE-01067,GST,5,196.14,508.0,19,Prepared Beverages (Cafe Service),9963,8907612385951
Gourmet Choco Chip Cookies - 500g Box,CAFE-01068,GST,18,159.89,421.0,34,Packaged Biscuits & Cookies,1905,8908400273008
Premium Green Tea - Pot,CAFE-01069,GST,5,98.75,238.0,14,Prepared Beverages (Cafe Service),9963,8908311395001
Mango Smoothie - Regular,CAFE-01070,GST,5,98.11,230.0,4,Prepared Beverages (Cafe Service),9963,8905076283976
House Special Dark Chocolate Bar (70%) - 100g Bar,CAFE-01071,GST,18,89.51,242.0,16,Chocolates & Confectionery,1806,8907779462072
Classic Hazelnut Pralines - Box of 9,CAFE-01072,GST,18,210.27,593.0,50,Chocolates & Confectionery,1806,8901776029914
Deluxe Vanilla Cupcake - Box of 6,CAFE-01073,GST,18,19.76,78.0,8,Fresh Pastries & Cakes,1905,8903731255235
Deluxe Cappuccino - Large,CAFE-01074,GST,5,125.84,382.0,8,Prepared Beverages (Cafe Service),9963,8902119206136
Suji Rusk - 400g Pack,CAFE-01075,GST,5,29.08,94.0,37,Breads & Savory (Retail),1905,8906133718444
Veg Grilled Sandwich - Standard,CAFE-01076,GST,5,61.14,150.0,14,Prepared Snacks & Sandwiches (Cafe Service),9963,8904801644037
Pizza Base - Pack of 2,CAFE-01077,GST,5,19.62,47.0,24,Breads & Savory (Retail),1905,8907782210217
Signature Paneer Tikka Wrap - Standard,CAFE-01078,GST,5,45.42,176.0,15,Prepared Snacks & Sandwiches (Cafe Service),9963,8902985797363
Deluxe Egg & Cheese Croissant - Standard,CAFE-01079,GST,5,66.83,229.0,12,Prepared Snacks & Sandwiches (Cafe Service),9963,8906053970798
Premium Hazelnut Pralines - Box of 9,CAFE-01080,GST,18,164.73,570.0,40,Chocolates & Confectionery,1806,8907368205068
Whole Wheat Bread - 400g Pack,CAFE-01081,GST,5,20.5,58.0,58,Breads & Savory (Retail),1905,8902165058714
Premium Cafe Latte - Iced,CAFE-01082,GST,5,56.05,201.0,7,Prepared Beverages (Cafe Service),9963,8901925967908
Gourmet Aloo Puff / Patties - 1 Pc,CAFE-01083,GST,5,13.54,43.0,19,Prepared Snacks & Sandwiches (Cafe Service),9963,8900220509386
Deluxe Fruit & Nut Chocolate - 100g Bar,CAFE-01084,GST,18,98.9,333.0,34,Chocolates & Confectionery,1806,8909598811457
Artisan Fruit & Nut Chocolate - 100g Bar,CAFE-01085,GST,18,103.52,310.0,37,Chocolates & Confectionery,1806,8902386767382
Gourmet Chocolate Brownie - With Walnut,CAFE-01086,GST,18,40.41,159.0,4,Fresh Pastries & Cakes,1905,8907798768299
Classic Mango Smoothie - Regular,CAFE-01087,GST,5,99.46,242.0,18,Prepared Beverages (Cafe Service),9963,8909370858062
Artisan Dark Chocolate Bar (70%) - 100g Bar,CAFE-01088,GST,18,73.1,277.0,57,Chocolates & Confectionery,1806,8905669579001
Pizza Base - Pack of 2,CAFE-01089,GST,5,19.38,52.0,26,Breads & Savory (Retail),1905,8908679632594
Garlic Bread Loaf - 1 Pc,CAFE-01090,GST,5,33.03,123.0,40,Breads & Savory (Retail),1905,8903389156241
Deluxe Milk Chocolate Bar - 100g Bar,CAFE-01091,GST,18,64.56,226.0,45,Chocolates & Confectionery,1806,8902562926933
Premium Nankhatai - 250g Box,CAFE-01092,GST,18,38.9,155.0,47,Packaged Biscuits & Cookies,1905,8901865507846
Paneer Puff - 1 Pc,CAFE-01093,GST,5,19.49,60.0,11,Prepared Snacks & Sandwiches (Cafe Service),9963,8904303491891
Handcrafted Chocolate Brownie - Fudge,CAFE-01094,GST,18,51.98,133.0,12,Fresh Pastries & Cakes,1905,8909340153641
Premium Oatmeal & Raisin Cookies - 250g Box,CAFE-01095,GST,18,89.61,250.0,21,Packaged Biscuits & Cookies,1905,8903259367813
Artisan Peach Iced Tea - Large,CAFE-01096,GST,5,78.68,261.0,6,Prepared Beverages (Cafe Service),9963,8901410527698
Artisan Chocolate Brownie - Fudge,CAFE-01097,GST,18,40.78,151.0,17,Fresh Pastries & Cakes,1905,8900452388856
Multigrain Bread - 400g Pack,CAFE-01098,GST,5,24.88,91.0,42,Breads & Savory (Retail),1905,8906059867874
Handcrafted Choco Chip Cookies - 250g Box,CAFE-01099,GST,18,78.57,245.0,57,Packaged Biscuits & Cookies,1905,8904859655942
Paneer Tikka Wrap - Standard,CAFE-01100,GST,5,53.53,211.0,15,Prepared Snacks & Sandwiches (Cafe Service),9963,8905020002453
Signature Egg & Cheese Croissant - Standard,CAFE-01101,GST,5,59.54,225.0,5,Prepared Snacks & Sandwiches (Cafe Service),9963,8905513055708
Cake Rusk - 300g Pack,CAFE-01102,GST,5,50.89,138.0,48,Breads & Savory (Retail),1905,8908966997273
Freshly Baked Peach Iced Tea - Large,CAFE-01103,GST,5,127.56,315.0,2,Prepared Beverages (Cafe Service),9963,8902582543183
Whole Wheat Bread - 400g Pack,CAFE-01104,GST,5,28.43,69.0,53,Breads & Savory (Retail),1905,8902049106018
Cake Rusk - 300g Pack,CAFE-01105,GST,5,38.09,133.0,44,Breads & Savory (Retail),1905,8905082768172
Suji Rusk - 400g Pack,CAFE-01106,GST,5,25.39,90.0,38,Breads & Savory (Retail),1905,8908472629052
Gourmet Chicken Tikka Sandwich - Standard,CAFE-01107,GST,5,76.95,246.0,5,Prepared Snacks & Sandwiches (Cafe Service),9963,8906082717217
Handcrafted Dark Chocolate Bar (70%) - 100g Bar,CAFE-01108,GST,18,80.89,284.0,51,Chocolates & Confectionery,1806,8909205222999
Cake Rusk - 300g Pack,CAFE-01109,GST,5,43.14,157.0,57,Breads & Savory (Retail),1905,8909143882325
Milk Chocolate Bar - 100g Bar,CAFE-01110,GST,18,72.82,231.0,35,Chocolates & Confectionery,1806,8908446177732
Artisan Cold Coffee Classic - Regular,CAFE-01111,GST,5,68.17,182.0,10,Prepared Beverages (Cafe Service),9963,8909791279970
Multigrain Bread - 400g Pack,CAFE-01112,GST,5,27.18,76.0,57,Breads & Savory (Retail),1905,8909787137529
Classic Egg & Cheese Croissant - Standard,CAFE-01113,GST,5,63.83,218.0,5,Prepared Snacks & Sandwiches (Cafe Service),9963,8902560832004
Deluxe Cheese Croissant - 1 Pc,CAFE-01114,GST,5,44.75,168.0,16,Prepared Snacks & Sandwiches (Cafe Service),9963,8905358523860
Freshly Baked Red Velvet Cake - 500g,CAFE-01115,GST,18,431.95,1134.0,14,Fresh Pastries & Cakes,1905,8901995171523
Artisan Fruit & Nut Chocolate - 100g Bar,CAFE-01116,GST,18,94.42,317.0,25,Chocolates & Confectionery,1806,8909501437483
Red Velvet Cake - 500g,CAFE-01117,GST,18,319.42,973.0,8,Fresh Pastries & Cakes,1905,8909719126022
Premium Red Velvet Cake - 500g,CAFE-01118,GST,18,285.26,1102.0,16,Fresh Pastries & Cakes,1905,8906720191116
Classic Cappuccino - Regular,CAFE-01119,GST,5,49.52,164.0,3,Prepared Beverages (Cafe Service),9963,8907258733930
Gourmet Nankhatai - 250g Box,CAFE-01120,GST,18,62.91,162.0,15,Packaged Biscuits & Cookies,1905,8902748124211
Deluxe Butter Cookies - 500g Box,CAFE-01121,GST,18,108.66,305.0,15,Packaged Biscuits & Cookies,1905,8909522946209
Suji Rusk - 400g Pack,CAFE-01122,GST,5,44.85,104.0,56,Breads & Savory (Retail),1905,8900399529701
Pav Buns - Pack of 6,CAFE-01123,GST,5,33.08,98.0,37,Breads & Savory (Retail),1905,8908585642304
Classic Chocolate Truffle Cake - 500g,CAFE-01124,GST,18,247.27,958.0,15,Fresh Pastries & Cakes,1905,8901592738740
Premium Milk Bread - 400g Pack,CAFE-01125,GST,5,13.59,51.0,16,Breads & Savory (Retail),1905,8906322481554
Premium Milk Bread - 400g Pack,CAFE-01126,GST,5,19.52,45.0,16,Breads & Savory (Retail),1905,8909567975649
Mango Mousse Cup - Standard,CAFE-01127,GST,18,41.29,165.0,13,Fresh Pastries & Cakes,1905,8904623471247
Artisan Espresso - Single Shot,CAFE-01128,GST,5,35.71,128.0,18,Prepared Beverages (Cafe Service),9963,8901030683176
Classic Butter Cookies - 500g Box,CAFE-01129,GST,18,146.26,333.0,15,Packaged Biscuits & Cookies,1905,8908157129015
Premium Assorted Truffles - Box of 12,CAFE-01130,GST,18,341.33,777.0,43,Chocolates & Confectionery,1806,8901307351045
Freshly Baked Aloo Puff / Patties - 2 Pcs,CAFE-01131,GST,5,13.01,38.0,5,Prepared Snacks & Sandwiches (Cafe Service),9963,8903009625885
Green Tea - Pot,CAFE-01132,GST,5,85.65,193.0,5,Prepared Beverages (Cafe Service),9963,8908053396274
Classic Green Tea - Pot,CAFE-01133,GST,5,56.25,183.0,18,Prepared Beverages (Cafe Service),9963,8903270004666
Blueberry Cheesecake Slice - 1 Slice,CAFE-01134,GST,18,86.13,200.0,5,Fresh Pastries & Cakes,1905,8900797714004
Egg & Cheese Croissant - Standard,CAFE-01135,GST,5,72.38,271.0,10,Prepared Snacks & Sandwiches (Cafe Service),9963,8909053152049
Veg Grilled Sandwich - Cheese Burst,CAFE-01136,GST,5,44.41,172.0,14,Prepared Snacks & Sandwiches (Cafe Service),9963,8909873137971
Premium Green Tea - Pot,CAFE-01137,GST,5,70.3,203.0,5,Prepared Beverages (Cafe Service),9963,8902374077943
Multigrain Bread - 400g Pack,CAFE-01138,GST,5,21.55,76.0,47,Breads & Savory (Retail),1905,8909949919701
Gourmet Milk Chocolate Bar - 100g Bar,CAFE-01139,GST,18,58.92,231.0,23,Chocolates & Confectionery,1806,8900370878211
Artisan Espresso - Single Shot,CAFE-01140,GST,5,38.66,131.0,10,Prepared Beverages (Cafe Service),9963,8901813599898
Premium Cheese Croissant - 1 Pc,CAFE-01141,GST,5,49.33,148.0,2,Prepared Snacks & Sandwiches (Cafe Service),9963,8908894801864
Classic Nankhatai - 250g Box,CAFE-01142,GST,18,59.75,180.0,37,Packaged Biscuits & Cookies,1905,8908839785708
Premium Milk Bread - 400g Pack,CAFE-01143,GST,5,17.94,53.0,35,Breads & Savory (Retail),1905,8907123691496
Deluxe Pineapple Pastry - 1 Slice,CAFE-01144,GST,18,34.27,117.0,20,Fresh Pastries & Cakes,1905,8904296882769
Freshly Baked Hazelnut Pralines - Box of 9,CAFE-01145,GST,18,176.86,502.0,60,Chocolates & Confectionery,1806,8901419615607
Handcrafted Egg & Cheese Croissant - Standard,CAFE-01146,GST,5,61.96,236.0,19,Prepared Snacks & Sandwiches (Cafe Service),9963,8908356517962
Almond Biscotti - 200g Box,CAFE-01147,GST,18,108.85,377.0,33,Packaged Biscuits & Cookies,1905,8909668349604
Classic Mango Smoothie - Regular,CAFE-01148,GST,5,86.9,193.0,19,Prepared Beverages (Cafe Service),9963,8905162259364
Deluxe Paneer Tikka Wrap - Standard,CAFE-01149,GST,5,54.48,214.0,9,Prepared Snacks & Sandwiches (Cafe Service),9963,8904868839062
Classic Jeera Biscuits - 500g Box,CAFE-01150,GST,18,90.85,323.0,43,Packaged Biscuits & Cookies,1905,8909916091141
Whole Wheat Bread - 400g Pack,CAFE-01151,GST,5,16.6,66.0,55,Breads & Savory (Retail),1905,8902361337605
Garlic Bread Loaf - 1 Pc,CAFE-01152,GST,5,35.26,110.0,40,Breads & Savory (Retail),1905,8905025447241
House Special Chicken Tikka Sandwich - Standard,CAFE-01153,GST,5,60.98,230.0,11,Prepared Snacks & Sandwiches (Cafe Service),9963,8904096617718
Pizza Base - Pack of 2,CAFE-01154,GST,5,12.52,48.0,15,Breads & Savory (Retail),1905,8906782141746
House Special Chicken Tikka Sandwich - Standard,CAFE-01155,GST,5,59.15,228.0,14,Prepared Snacks & Sandwiches (Cafe Service),9963,8904869893969
Deluxe Cheese Croissant - 1 Pc,CAFE-01156,GST,5,58.65,162.0,4,Prepared Snacks & Sandwiches (Cafe Service),9963,8905594501192
Artisan Fruit & Nut Chocolate - 100g Bar,CAFE-01157,GST,18,89.58,323.0,38,Chocolates & Confectionery,1806,8903605117160
Cake Rusk - 300g Pack,CAFE-01158,GST,5,47.29,139.0,60,Breads & Savory (Retail),1905,8902189455906
Artisan Espresso - Single Shot,CAFE-01159,GST,5,38.25,129.0,11,Prepared Beverages (Cafe Service),9963,8902489420466
Gourmet Milk Chocolate Bar - 100g Bar,CAFE-01160,GST,18,91.7,210.0,42,Chocolates & Confectionery,1806,8904204565775
Freshly Baked Veg Grilled Sandwich - Cheese Burst,CAFE-01161,GST,5,43.18,170.0,8,Prepared Snacks & Sandwiches (Cafe Service),9963,8908906235466
Multigrain Bread - 400g Pack,CAFE-01162,GST,5,38.74,89.0,40,Breads & Savory (Retail),1905,8905995300622
Freshly Baked Chocolate Truffle Cake - 500g,CAFE-01163,GST,18,213.63,763.0,16,Fresh Pastries & Cakes,1905,8906774625916
Classic Pineapple Pastry - 1 Slice,CAFE-01164,GST,18,24.68,98.0,4,Fresh Pastries & Cakes,1905,8905848860080
Deluxe Chocolate Brownie - Fudge,CAFE-01165,GST,18,54.47,167.0,17,Fresh Pastries & Cakes,1905,8908231299570
Gourmet Jeera Biscuits - 250g Box,CAFE-01166,GST,18,45.78,171.0,55,Packaged Biscuits & Cookies,1905,8906121203843
Signature Hazelnut Pralines - Box of 9,CAFE-01167,GST,18,163.89,566.0,39,Chocolates & Confectionery,1806,8908078525482
Deluxe Choco Chip Cookies - 250g Box,CAFE-01168,GST,18,93.18,244.0,35,Packaged Biscuits & Cookies,1905,8904540064454
Classic Hazelnut Pralines - Box of 9,CAFE-01169,GST,18,171.69,639.0,19,Chocolates & Confectionery,1806,8901232748979
Handcrafted Assorted Truffles - Box of 12,CAFE-01170,GST,18,325.03,948.0,28,Chocolates & Confectionery,1806,8903427203886
Handcrafted Dark Chocolate Bar (70%) - 100g Bar,CAFE-01171,GST,18,113.38,252.0,49,Chocolates & Confectionery,1806,8900196304530
Deluxe Hot Chocolate - With Marshmallows,CAFE-01172,GST,5,93.88,231.0,9,Prepared Beverages (Cafe Service),9963,8905340018167
Deluxe Mango Smoothie - Regular,CAFE-01173,GST,5,66.19,246.0,13,Prepared Beverages (Cafe Service),9963,8902444544608
Suji Rusk - 400g Pack,CAFE-01174,GST,5,37.43,97.0,60,Breads & Savory (Retail),1905,8908105391287
Aloo Puff / Patties - 2 Pcs,CAFE-01175,GST,5,14.5,43.0,20,Prepared Snacks & Sandwiches (Cafe Service),9963,8908829045792
Handcrafted Cappuccino - Large,CAFE-01176,GST,5,134.75,358.0,9,Prepared Beverages (Cafe Service),9963,8900198642423
Classic Egg & Cheese Croissant - Standard,CAFE-01177,GST,5,96.62,254.0,5,Prepared Snacks & Sandwiches (Cafe Service),9963,8902187062932
Classic Veg Grilled Sandwich - Standard,CAFE-01178,GST,5,62.26,142.0,5,Prepared Snacks & Sandwiches (Cafe Service),9963,8900232001867
Artisan Green Tea - Cup,CAFE-01179,GST,5,41.42,129.0,19,Prepared Beverages (Cafe Service),9963,8907610814356
Signature Blueberry Cheesecake Slice - 1 Slice,CAFE-01180,GST,18,94.46,257.0,12,Fresh Pastries & Cakes,1905,8903198074682
Suji Rusk - 400g Pack,CAFE-01181,GST,5,31.91,104.0,58,Breads & Savory (Retail),1905,8901003076205
Handcrafted Oatmeal & Raisin Cookies - 250g Box,CAFE-01182,GST,18,102.98,288.0,59,Packaged Biscuits & Cookies,1905,8900666641106
Premium Oatmeal & Raisin Cookies - 250g Box,CAFE-01183,GST,18,73.06,278.0,29,Packaged Biscuits & Cookies,1905,8904078516994
Deluxe Cheese Croissant - 1 Pc,CAFE-01184,GST,5,60.82,174.0,19,Prepared Snacks & Sandwiches (Cafe Service),9963,8903668348268
Classic Fruit & Nut Chocolate - 100g Bar,CAFE-01185,GST,18,94.17,285.0,15,Chocolates & Confectionery,1806,8908386888917
House Special Cheese Croissant - 1 Pc,CAFE-01186,GST,5,39.78,145.0,15,Prepared Snacks & Sandwiches (Cafe Service),9963,8902571976093
Premium Milk Bread - 400g Pack,CAFE-01187,GST,5,14.73,51.0,37,Breads & Savory (Retail),1905,8907898260418
Premium Mango Mousse Cup - Standard,CAFE-01188,GST,18,59.65,170.0,18,Fresh Pastries & Cakes,1905,8905177741274
Premium Cafe Latte - Regular,CAFE-01189,GST,5,55.57,202.0,19,Prepared Beverages (Cafe Service),9963,8902419962642
Multigrain Bread - 400g Pack,CAFE-01190,GST,5,35.99,84.0,18,Breads & Savory (Retail),1905,8904542185457
Deluxe Mango Mousse Cup - Standard,CAFE-01191,GST,18,37.89,141.0,6,Fresh Pastries & Cakes,1905,8902570900163
Freshly Baked Milk Chocolate Bar - 100g Bar,CAFE-01192,GST,18,78.3,237.0,28,Chocolates & Confectionery,1806,8902472828954
Handcrafted Black Forest Pastry - 1 Slice,CAFE-01193,GST,18,32.55,127.0,18,Fresh Pastries & Cakes,1905,8902247312616
Handcrafted Paneer Puff - 1 Pc,CAFE-01194,GST,5,15.21,55.0,19,Prepared Snacks & Sandwiches (Cafe Service),9963,8900119509271
Classic Assorted Truffles - Box of 12,CAFE-01195,GST,18,234.94,833.0,17,Chocolates & Confectionery,1806,8905370923007
House Special Vanilla Cupcake - Box of 6,CAFE-01196,GST,18,39.85,88.0,17,Fresh Pastries & Cakes,1905,8904189485432
Cheese Croissant - 1 Pc,CAFE-01197,GST,5,66.18,171.0,15,Prepared Snacks & Sandwiches (Cafe Service),9963,8905294471619
Handcrafted Fruit & Nut Chocolate - 100g Bar,CAFE-01198,GST,18,97.48,269.0,49,Chocolates & Confectionery,1806,8901310450258
Signature Fruit & Nut Chocolate - 100g Bar,CAFE-01199,GST,18,133.41,310.0,33,Chocolates & Confectionery,1806,8903574835268
Deluxe Vanilla Cupcake - Box of 4,CAFE-01200,GST,18,58.17,206.0,16,Fresh Pastries & Cakes,1905,8903983448838
Signature Choco Chip Cookies - 500g Box,CAFE-01201,GST,18,101.35,402.0,55,Packaged Biscuits & Cookies,1905,8904628055077
Gourmet Almond Biscotti - 200g Box,CAFE-01202,GST,18,97.41,323.0,37,Packaged Biscuits & Cookies,1905,8901562392090
Premium Paneer Puff - 1 Pc,CAFE-01203,GST,5,16.51,55.0,11,Prepared Snacks & Sandwiches (Cafe Service),9963,8900913111786
House Special Black Forest Pastry - 1 Slice,CAFE-01204,GST,18,39.51,137.0,16,Fresh Pastries & Cakes,1905,8906022069535
Classic Almond Biscotti - 200g Box,CAFE-01205,GST,18,100.86,384.0,57,Packaged Biscuits & Cookies,1905,8902275950026
House Special Assorted Truffles - Box of 6,CAFE-01206,GST,18,162.4,420.0,26,Chocolates & Confectionery,1806,8905947950740
Signature Cappuccino - Large,CAFE-01207,GST,5,123.24,374.0,19,Prepared Beverages (Cafe Service),9963,8900595031006
Freshly Baked Almond Biscotti - 200g Box,CAFE-01208,GST,18,162.92,362.0,59,Packaged Biscuits & Cookies,1905,8909104520360
Premium Aloo Puff / Patties - 1 Pc,CAFE-01209,GST,5,12.92,43.0,5,Prepared Snacks & Sandwiches (Cafe Service),9963,8903599285535
Classic Fruit & Nut Chocolate - 100g Bar,CAFE-01210,GST,18,88.33,256.0,17,Chocolates & Confectionery,1806,8900679900696
Deluxe Veg Grilled Sandwich - Standard,CAFE-01211,GST,5,50.83,152.0,10,Prepared Snacks & Sandwiches (Cafe Service),9963,8900378423394
Signature Nankhatai - 250g Box,CAFE-01212,GST,18,49.88,145.0,44,Packaged Biscuits & Cookies,1905,8906255032501
House Special Hot Chocolate - With Marshmallows,CAFE-01213,GST,5,56.31,215.0,7,Prepared Beverages (Cafe Service),9963,8904178429029
Signature Dark Chocolate Bar (70%) - 100g Bar,CAFE-01214,GST,18,66.3,248.0,19,Chocolates & Confectionery,1806,8900090605308
Signature Chicken Puff - 1 Pc,CAFE-01215,GST,5,18.97,72.0,5,Prepared Snacks & Sandwiches (Cafe Service),9963,8901667329045
House Special Mocha Frappe - Large,CAFE-01216,GST,5,133.36,500.0,4,Prepared Beverages (Cafe Service),9963,8902996426033
Classic Cafe Latte - Regular,CAFE-01217,GST,5,69.45,197.0,7,Prepared Beverages (Cafe Service),9963,8901477092071
Signature Mango Mousse Cup - Standard,CAFE-01218,GST,18,52.33,167.0,7,Fresh Pastries & Cakes,1905,8903621921581
House Special Cheese Croissant - 1 Pc,CAFE-01219,GST,5,57.37,171.0,5,Prepared Snacks & Sandwiches (Cafe Service),9963,8908638558819
Handcrafted Nankhatai - 250g Box,CAFE-01220,GST,18,44.14,152.0,39,Packaged Biscuits & Cookies,1905,8908800537893
Classic Vanilla Cupcake - Box of 6,CAFE-01221,GST,18,25.87,84.0,7,Fresh Pastries & Cakes,1905,8908454018227
Premium Milk Bread - 400g Pack,CAFE-01222,GST,5,16.03,53.0,49,Breads & Savory (Retail),1905,8902322041447
Classic Almond Biscotti - 200g Box,CAFE-01223,GST,18,100.57,377.0,22,Packaged Biscuits & Cookies,1905,8901659930202
Freshly Baked Red Velvet Cake - 500g,CAFE-01224,GST,18,324.97,1122.0,9,Fresh Pastries & Cakes,1905,8902277521353
Premium Chocolate Truffle Cake - 2kg,CAFE-01225,GST,18,756.44,2871.0,15,Fresh Pastries & Cakes,1905,8904630059377
Mocha Frappe - Large,CAFE-01226,GST,5,126.61,401.0,6,Prepared Beverages (Cafe Service),9963,8901029161746
Veg Grilled Sandwich - Standard,CAFE-01227,GST,5,53.56,169.0,5,Prepared Snacks & Sandwiches (Cafe Service),9963,8900438419662
Whole Wheat Bread - 400g Pack,CAFE-01228,GST,5,27.86,62.0,18,Breads & Savory (Retail),1905,8905685667063
Premium Hazelnut Pralines - Box of 9,CAFE-01229,GST,18,161.48,589.0,38,Chocolates & Confectionery,1806,8905049444076
Hot Chocolate - With Marshmallows,CAFE-01230,GST,5,71.32,249.0,20,Prepared Beverages (Cafe Service),9963,8906504962732
Cake Rusk - 300g Pack,CAFE-01231,GST,5,67.59,163.0,33,Breads & Savory (Retail),1905,8902436258542
Black Forest Pastry - 2 Slices,CAFE-01232,GST,18,77.3,256.0,15,Fresh Pastries & Cakes,1905,8902341996433
Classic Paneer Puff - 1 Pc,CAFE-01233,GST,5,17.04,67.0,11,Prepared Snacks & Sandwiches (Cafe Service),9963,8907250583334
Premium Milk Bread - 400g Pack,CAFE-01234,GST,5,12.43,46.0,57,Breads & Savory (Retail),1905,8908760545769
House Special Milk Chocolate Bar - 100g Bar,CAFE-01235,GST,18,78.02,228.0,60,Chocolates & Confectionery,1806,8904535365974
Premium Green Tea - Pot,CAFE-01236,GST,5,53.25,204.0,6,Prepared Beverages (Cafe Service),9963,8901254508095
House Special Aloo Puff / Patties - 1 Pc,CAFE-01237,GST,5,13.02,38.0,6,Prepared Snacks & Sandwiches (Cafe Service),9963,8905596647213
Classic Chocolate Brownie - With Walnut,CAFE-01238,GST,18,37.79,136.0,20,Fresh Pastries & Cakes,1905,8901426140489
Garlic Bread Loaf - 1 Pc,CAFE-01239,GST,5,45.96,126.0,35,Breads & Savory (Retail),1905,8904307963731
Deluxe Assorted Truffles - Box of 6,CAFE-01240,GST,18,139.95,492.0,46,Chocolates & Confectionery,1806,8908522115871
Classic Aloo Puff / Patties - 2 Pcs,CAFE-01241,GST,5,10.63,39.0,10,Prepared Snacks & Sandwiches (Cafe Service),9963,8902687447017
Multigrain Bread - 400g Pack,CAFE-01242,GST,5,29.13,82.0,24,Breads & Savory (Retail),1905,8903777296656
Garlic Bread Loaf - 1 Pc,CAFE-01243,GST,5,26.82,103.0,56,Breads & Savory (Retail),1905,8900527810558
Artisan Assorted Truffles - Box of 6,CAFE-01244,GST,18,172.26,529.0,58,Chocolates & Confectionery,1806,8902214257316
Blueberry Cheesecake Slice - 1 Slice,CAFE-01245,GST,18,100.74,244.0,8,Fresh Pastries & Cakes,1905,8906817203136
Classic Paneer Puff - 1 Pc,CAFE-01246,GST,5,21.7,63.0,2,Prepared Snacks & Sandwiches (Cafe Service),9963,8909297352595
Classic Dark Chocolate Bar (70%) - 100g Bar,CAFE-01247,GST,18,71.0,238.0,43,Chocolates & Confectionery,1806,8903938992045
Signature Hot Chocolate - With Marshmallows,CAFE-01248,GST,5,69.89,207.0,4,Prepared Beverages (Cafe Service),9963,8908507610870
Paneer Tikka Wrap - Standard,CAFE-01249,GST,5,48.12,189.0,18,Prepared Snacks & Sandwiches (Cafe Service),9963,8902360107126
Deluxe Mango Mousse Cup - Standard,CAFE-01250,GST,18,49.43,165.0,7,Fresh Pastries & Cakes,1905,8901764846735
Classic Cold Coffee Classic - Regular,CAFE-01251,GST,5,41.56,164.0,8,Prepared Beverages (Cafe Service),9963,8902228019442
Classic Nankhatai - 250g Box,CAFE-01252,GST,18,38.98,153.0,40,Packaged Biscuits & Cookies,1905,8900629535063
Premium Hazelnut Pralines - Box of 9,CAFE-01253,GST,18,264.28,636.0,18,Chocolates & Confectionery,1806,8904674130753
Deluxe Aloo Puff / Patties - 1 Pc,CAFE-01254,GST,5,17.98,40.0,4,Prepared Snacks & Sandwiches (Cafe Service),9963,8903626084639
Gourmet Hazelnut Pralines - Box of 9,CAFE-01255,GST,18,143.67,505.0,45,Chocolates & Confectionery,1806,8900554912151
Premium Cold Coffee Classic - Regular,CAFE-01256,GST,5,47.24,182.0,12,Prepared Beverages (Cafe Service),9963,8905640919693
Deluxe Paneer Puff - 1 Pc,CAFE-01257,GST,5,17.27,63.0,3,Prepared Snacks & Sandwiches (Cafe Service),9963,8907020426201
Classic Cheese Croissant - 1 Pc,CAFE-01258,GST,5,75.79,179.0,11,Prepared Snacks & Sandwiches (Cafe Service),9963,8901393696789
Artisan Hazelnut Pralines - Box of 9,CAFE-01259,GST,18,187.15,588.0,28,Chocolates & Confectionery,1806,8901267731922
Handcrafted Green Tea - Cup,CAFE-01260,GST,5,37.95,131.0,18,Prepared Beverages (Cafe Service),9963,8908978653394
Whole Wheat Bread - 400g Pack,CAFE-01261,GST,5,23.63,60.0,47,Breads & Savory (Retail),1905,8909523120219
House Special Mango Mousse Cup - Standard,CAFE-01262,GST,18,54.5,157.0,11,Fresh Pastries & Cakes,1905,8909747000268
Freshly Baked Green Tea - Pot,CAFE-01263,GST,5,59.06,211.0,17,Prepared Beverages (Cafe Service),9963,8906497974163
Artisan Mocha Frappe - Large,CAFE-01264,GST,5,150.98,422.0,2,Prepared Beverages (Cafe Service),9963,8906355373096
Nankhatai - 250g Box,CAFE-01265,GST,18,50.4,153.0,20,Packaged Biscuits & Cookies,1905,8901952963530
Artisan Milk Chocolate Bar - 100g Bar,CAFE-01266,GST,18,67.5,191.0,25,Chocolates & Confectionery,1806,8908276364315
Aloo Puff / Patties - 2 Pcs,CAFE-01267,GST,5,10.62,41.0,15,Prepared Snacks & Sandwiches (Cafe Service),9963,8906345443441
Gourmet Nankhatai - 250g Box,CAFE-01268,GST,18,52.03,171.0,30,Packaged Biscuits & Cookies,1905,8909344974394
Deluxe Cold Coffee Classic - Regular,CAFE-01269,GST,5,51.81,192.0,19,Prepared Beverages (Cafe Service),9963,8902230958629
Hazelnut Pralines - Box of 9,CAFE-01270,GST,18,191.47,605.0,48,Chocolates & Confectionery,1806,8909413210972
Handcrafted Chocolate Truffle Cake - 500g,CAFE-01271,GST,18,294.9,903.0,11,Fresh Pastries & Cakes,1905,8908534655792
Premium Milk Bread - 400g Pack,CAFE-01272,GST,5,17.03,46.0,42,Breads & Savory (Retail),1905,8904612939002
Classic Milk Chocolate Bar - 100g Bar,CAFE-01273,GST,18,88.42,227.0,44,Chocolates & Confectionery,1806,8905658963595
Deluxe Hazelnut Pralines - Box of 9,CAFE-01274,GST,18,164.66,650.0,20,Chocolates & Confectionery,1806,8909931458434
Gourmet Milk Chocolate Bar - 100g Bar,CAFE-01275,GST,18,82.82,193.0,49,Chocolates & Confectionery,1806,8908503423622
Freshly Baked Red Velvet Cake - 500g,CAFE-01276,GST,18,389.39,985.0,15,Fresh Pastries & Cakes,1905,8903104379686
Deluxe Veg Grilled Sandwich - Standard,CAFE-01277,GST,5,42.97,171.0,12,Prepared Snacks & Sandwiches (Cafe Service),9963,8902946902177
Freshly Baked Butter Cookies - 500g Box,CAFE-01278,GST,18,136.71,310.0,28,Packaged Biscuits & Cookies,1905,8905023850228
Gourmet Aloo Puff / Patties - 2 Pcs,CAFE-01279,GST,5,13.3,40.0,12,Prepared Snacks & Sandwiches (Cafe Service),9963,8902332829302
Gourmet Chocolate Truffle Cake - 1kg,CAFE-01280,GST,18,644.93,1544.0,8,Fresh Pastries & Cakes,1905,8900303346771
Handcrafted Assorted Truffles - Box of 12,CAFE-01281,GST,18,222.98,818.0,43,Chocolates & Confectionery,1806,8906279955302
Signature Almond Biscotti - 200g Box,CAFE-01282,GST,18,75.23,293.0,26,Packaged Biscuits & Cookies,1905,8903984723034
Classic Dark Chocolate Bar (70%) - 100g Bar,CAFE-01283,GST,18,87.93,266.0,52,Chocolates & Confectionery,1806,8900172224050
Deluxe Green Tea - Pot,CAFE-01284,GST,5,57.27,206.0,5,Prepared Beverages (Cafe Service),9963,8907754619924
Deluxe Vanilla Cupcake - Box of 4,CAFE-01285,GST,18,51.45,194.0,16,Fresh Pastries & Cakes,1905,8902725812259
Gourmet Mango Mousse Cup - Standard,CAFE-01286,GST,18,62.43,169.0,10,Fresh Pastries & Cakes,1905,8908237337912
Premium Chocolate Truffle Cake - 500g,CAFE-01287,GST,18,395.51,955.0,16,Fresh Pastries & Cakes,1905,8908035869017
Artisan Chocolate Brownie - With Walnut,CAFE-01288,GST,18,41.25,160.0,6,Fresh Pastries & Cakes,1905,8905199945295
Premium Assorted Truffles - Box of 12,CAFE-01289,GST,18,313.95,771.0,46,Chocolates & Confectionery,1806,8906433872205
Premium Choco Chip Cookies - 250g Box,CAFE-01290,GST,18,77.47,223.0,35,Packaged Biscuits & Cookies,1905,8904963308334
Artisan Oatmeal & Raisin Cookies - 250g Box,CAFE-01291,GST,18,66.79,248.0,46,Packaged Biscuits & Cookies,1905,8908995047020
Deluxe Nankhatai - 250g Box,CAFE-01292,GST,18,76.02,177.0,35,Packaged Biscuits & Cookies,1905,8903774926632
Signature Paneer Puff - 1 Pc,CAFE-01293,GST,5,19.57,59.0,17,Prepared Snacks & Sandwiches (Cafe Service),9963,8907522592061
Classic Mocha Frappe - Regular,CAFE-01294,GST,5,112.25,274.0,13,Prepared Beverages (Cafe Service),9963,8909229411563
House Special Chocolate Truffle Cake - 2kg,CAFE-01295,GST,18,819.91,2785.0,20,Fresh Pastries & Cakes,1905,8906363726294
Gourmet Dark Chocolate Bar (70%) - 100g Bar,CAFE-01296,GST,18,90.25,253.0,31,Chocolates & Confectionery,1806,8909808513313
Artisan Fruit & Nut Chocolate - 100g Bar,CAFE-01297,GST,18,86.97,275.0,29,Chocolates & Confectionery,1806,8902112212154
Deluxe Chicken Tikka Sandwich - Standard,CAFE-01298,GST,5,66.69,199.0,15,Prepared Snacks & Sandwiches (Cafe Service),9963,8908764019185
Gourmet Nankhatai - 250g Box,CAFE-01299,GST,18,57.82,159.0,23,Packaged Biscuits & Cookies,1905,8900062987787
Suji Rusk - 400g Pack,CAFE-01300,GST,5,36.2,98.0,40,Breads & Savory (Retail),1905,8904196234219
Cake Rusk - 300g Pack,CAFE-01301,GST,5,51.0,129.0,34,Breads & Savory (Retail),1905,8901042948314
Premium Hazelnut Pralines - Box of 9,CAFE-01302,GST,18,173.27,573.0,24,Chocolates & Confectionery,1806,8906999949812
Deluxe Egg & Cheese Croissant - Standard,CAFE-01303,GST,5,83.63,217.0,15,Prepared Snacks & Sandwiches (Cafe Service),9963,8906602000532
Deluxe Paneer Puff - 1 Pc,CAFE-01304,GST,5,16.17,61.0,2,Prepared Snacks & Sandwiches (Cafe Service),9963,8905052438380
Gourmet Nankhatai - 250g Box,CAFE-01305,GST,18,55.61,184.0,57,Packaged Biscuits & Cookies,1905,8909900768627
Classic Hot Chocolate - Regular,CAFE-01306,GST,5,63.7,254.0,8,Prepared Beverages (Cafe Service),9963,8908963376185
Classic Assorted Truffles - Box of 12,CAFE-01307,GST,18,345.82,826.0,42,Chocolates & Confectionery,1806,8908410132823
Multigrain Bread - 400g Pack,CAFE-01308,GST,5,26.17,92.0,29,Breads & Savory (Retail),1905,8905279187506
Premium Peach Iced Tea - Large,CAFE-01309,GST,5,106.4,315.0,13,Prepared Beverages (Cafe Service),9963,8909208814319
Pav Buns - Pack of 6,CAFE-01310,GST,5,24.4,94.0,59,Breads & Savory (Retail),1905,8901596983845
Artisan Hazelnut Pralines - Box of 9,CAFE-01311,GST,18,178.83,658.0,24,Chocolates & Confectionery,1806,8906656862959
Handcrafted Chocolate Truffle Cake - 1kg,CAFE-01312,GST,18,418.11,1384.0,20,Fresh Pastries & Cakes,1905,8909255394607
Milk Chocolate Bar - 100g Bar,CAFE-01313,GST,18,103.55,232.0,32,Chocolates & Confectionery,1806,8907296694179
Artisan Chicken Puff - 1 Pc,CAFE-01314,GST,5,26.6,85.0,16,Prepared Snacks & Sandwiches (Cafe Service),9963,8904748599464
Premium Red Velvet Cake - 1kg,CAFE-01315,GST,18,663.74,1750.0,16,Fresh Pastries & Cakes,1905,8908536988164
Freshly Baked Veg Grilled Sandwich - Cheese Burst,CAFE-01316,GST,5,41.09,149.0,7,Prepared Snacks & Sandwiches (Cafe Service),9963,8908605210262
Gourmet Espresso - Double Shot,CAFE-01317,GST,5,64.87,213.0,3,Prepared Beverages (Cafe Service),9963,8900824845813
House Special Red Velvet Cake - 500g,CAFE-01318,GST,18,292.04,993.0,19,Fresh Pastries & Cakes,1905,8908399741856
Premium Milk Bread - 400g Pack,CAFE-01319,GST,5,14.82,57.0,18,Breads & Savory (Retail),1905,8900305661995
House Special Dark Chocolate Bar (70%) - 100g Bar,CAFE-01320,GST,18,106.96,254.0,31,Chocolates & Confectionery,1806,8909378467908
Deluxe Espresso - Single Shot,CAFE-01321,GST,5,42.43,125.0,3,Prepared Beverages (Cafe Service),9963,8900136510344
Oatmeal & Raisin Cookies - 250g Box,CAFE-01322,GST,18,118.53,270.0,45,Packaged Biscuits & Cookies,1905,8904568652406
Multigrain Bread - 400g Pack,CAFE-01323,GST,5,28.48,94.0,42,Breads & Savory (Retail),1905,8907256222190
Freshly Baked Choco Chip Cookies - 250g Box,CAFE-01324,GST,18,100.76,227.0,46,Packaged Biscuits & Cookies,1905,8904764845593
Classic Chicken Puff - 1 Pc,CAFE-01325,GST,5,20.09,74.0,9,Prepared Snacks & Sandwiches (Cafe Service),9963,8908350712455
Whole Wheat Bread - 400g Pack,CAFE-01326,GST,5,15.56,55.0,40,Breads & Savory (Retail),1905,8902211732772
Cold Coffee Classic - Regular,CAFE-01327,GST,5,61.56,171.0,12,Prepared Beverages (Cafe Service),9963,8908522942525
Deluxe Vanilla Cupcake - 1 Pc,CAFE-01328,GST,18,27.94,80.0,4,Fresh Pastries & Cakes,1905,8907105080549
Handcrafted Blueberry Cheesecake Slice - 1 Slice,CAFE-01329,GST,18,71.5,218.0,13,Fresh Pastries & Cakes,1905,8903524784171
Nankhatai - 250g Box,CAFE-01330,GST,18,62.22,166.0,53,Packaged Biscuits & Cookies,1905,8903053788033
Premium Red Velvet Cake - 1kg,CAFE-01331,GST,18,855.15,1987.0,8,Fresh Pastries & Cakes,1905,8903892608788
Whole Wheat Bread - 400g Pack,CAFE-01332,GST,5,20.62,63.0,15,Breads & Savory (Retail),1905,8904862515217
House Special Milk Chocolate Bar - 100g Bar,CAFE-01333,GST,18,89.05,230.0,35,Chocolates & Confectionery,1806,8903780189156
Freshly Baked Hazelnut Pralines - Box of 9,CAFE-01334,GST,18,187.41,541.0,20,Chocolates & Confectionery,1806,8907762969143
Cake Rusk - 300g Pack,CAFE-01335,GST,5,56.71,151.0,39,Breads & Savory (Retail),1905,8906450999900
Handcrafted Black Forest Pastry - 2 Slices,CAFE-01336,GST,18,93.7,209.0,9,Fresh Pastries & Cakes,1905,8905211896844
Pizza Base - Pack of 4,CAFE-01337,GST,5,40.3,126.0,48,Breads & Savory (Retail),1905,8904997957285
Deluxe Mocha Frappe - Large,CAFE-01338,GST,5,129.27,405.0,5,Prepared Beverages (Cafe Service),9963,8909022179789
Freshly Baked Assorted Truffles - Box of 6,CAFE-01339,GST,18,187.58,476.0,53,Chocolates & Confectionery,1806,8907170598445
Gourmet Blueberry Cheesecake Slice - 1 Slice,CAFE-01340,GST,18,61.23,231.0,18,Fresh Pastries & Cakes,1905,8906811230388
Premium Jeera Biscuits - 250g Box,CAFE-01341,GST,18,48.82,161.0,46,Packaged Biscuits & Cookies,1905,8908145900992
Chocolate Brownie - With Walnut,CAFE-01342,GST,18,46.24,128.0,19,Fresh Pastries & Cakes,1905,8906693351588
Artisan Chocolate Brownie - Fudge,CAFE-01343,GST,18,46.41,158.0,8,Fresh Pastries & Cakes,1905,8902601193910
Multigrain Bread - 400g Pack,CAFE-01344,GST,5,19.95,75.0,37,Breads & Savory (Retail),1905,8901360908581
Freshly Baked Chicken Tikka Sandwich - Standard,CAFE-01345,GST,5,55.51,210.0,11,Prepared Snacks & Sandwiches (Cafe Service),9963,8903736158736
Premium Cafe Latte - Large,CAFE-01346,GST,5,116.71,330.0,14,Prepared Beverages (Cafe Service),9963,8909335390058
House Special Jeera Biscuits - 250g Box,CAFE-01347,GST,18,59.81,163.0,57,Packaged Biscuits & Cookies,1905,8903156639792
Premium Oatmeal & Raisin Cookies - 250g Box,CAFE-01348,GST,18,95.73,253.0,58,Packaged Biscuits & Cookies,1905,8909028377270
Cake Rusk - 300g Pack,CAFE-01349,GST,5,32.77,126.0,33,Breads & Savory (Retail),1905,8902816441610
Signature Chocolate Brownie - With Walnut,CAFE-01350,GST,18,37.14,140.0,11,Fresh Pastries & Cakes,1905,8906405103880
Pav Buns - Pack of 6,CAFE-01351,GST,5,31.86,98.0,28,Breads & Savory (Retail),1905,8906281444718
Signature Egg & Cheese Croissant - Standard,CAFE-01352,GST,5,87.46,283.0,20,Prepared Snacks & Sandwiches (Cafe Service),9963,8900676490922
Freshly Baked Aloo Puff / Patties - 2 Pcs,CAFE-01353,GST,5,12.93,46.0,13,Prepared Snacks & Sandwiches (Cafe Service),9963,8901358727174
Premium Milk Bread - 400g Pack,CAFE-01354,GST,5,14.85,59.0,21,Breads & Savory (Retail),1905,8906403439881
Deluxe Cheese Croissant - 1 Pc,CAFE-01355,GST,5,49.5,167.0,13,Prepared Snacks & Sandwiches (Cafe Service),9963,8908333647704
Red Velvet Cake - 500g,CAFE-01356,GST,18,223.48,859.0,13,Fresh Pastries & Cakes,1905,8903860282625
Freshly Baked Choco Chip Cookies - 250g Box,CAFE-01357,GST,18,54.22,202.0,29,Packaged Biscuits & Cookies,1905,8901905772044
Handcrafted Black Forest Pastry - 1 Slice,CAFE-01358,GST,18,35.85,133.0,10,Fresh Pastries & Cakes,1905,8901932453810
Premium Cheese Croissant - 1 Pc,CAFE-01359,GST,5,49.19,190.0,6,Prepared Snacks & Sandwiches (Cafe Service),9963,8904870987264
Classic Chicken Puff - 1 Pc,CAFE-01360,GST,5,32.47,76.0,17,Prepared Snacks & Sandwiches (Cafe Service),9963,8904224043261
Signature Black Forest Pastry - 1 Slice,CAFE-01361,GST,18,37.82,119.0,5,Fresh Pastries & Cakes,1905,8906307028672
Artisan Chocolate Truffle Cake - 500g,CAFE-01362,GST,18,239.52,863.0,9,Fresh Pastries & Cakes,1905,8906621953689
Handcrafted Black Forest Pastry - 2 Slices,CAFE-01363,GST,18,81.42,225.0,3,Fresh Pastries & Cakes,1905,8901732590073
Signature Cheese Croissant - 1 Pc,CAFE-01364,GST,5,79.57,180.0,16,Prepared Snacks & Sandwiches (Cafe Service),9963,8902211386908
Handcrafted Cappuccino - Large,CAFE-01365,GST,5,126.25,305.0,10,Prepared Beverages (Cafe Service),9963,8905461719281
Freshly Baked Espresso - Double Shot,CAFE-01366,GST,5,72.97,214.0,6,Prepared Beverages (Cafe Service),9963,8903442252160
Suji Rusk - 400g Pack,CAFE-01367,GST,5,39.47,106.0,20,Breads & Savory (Retail),1905,8902094477269
Gourmet Red Velvet Cake - 500g,CAFE-01368,GST,18,366.06,1038.0,5,Fresh Pastries & Cakes,1905,8903276179480
House Special Dark Chocolate Bar (70%) - 100g Bar,CAFE-01369,GST,18,100.83,287.0,49,Chocolates & Confectionery,1806,8905160211915
Gourmet Chicken Tikka Sandwich - Standard,CAFE-01370,GST,5,76.15,223.0,11,Prepared Snacks & Sandwiches (Cafe Service),9963,8909864786862
Pav Buns - Pack of 6,CAFE-01371,GST,5,37.74,117.0,32,Breads & Savory (Retail),1905,8904740837819
Freshly Baked Black Forest Pastry - 2 Slices,CAFE-01372,GST,18,72.96,235.0,4,Fresh Pastries & Cakes,1905,8906400698369
House Special Dark Chocolate Bar (70%) - 100g Bar,CAFE-01373,GST,18,110.31,298.0,32,Chocolates & Confectionery,1806,8908647082139
Freshly Baked Chicken Puff - 1 Pc,CAFE-01374,GST,5,33.25,82.0,2,Prepared Snacks & Sandwiches (Cafe Service),9963,8902123720550
Garlic Bread Loaf - 1 Pc,CAFE-01375,GST,5,31.37,100.0,39,Breads & Savory (Retail),1905,8903467391900
Freshly Baked Chicken Tikka Sandwich - Standard,CAFE-01376,GST,5,54.17,197.0,2,Prepared Snacks & Sandwiches (Cafe Service),9963,8909169232737
Fruit & Nut Chocolate - 100g Bar,CAFE-01377,GST,18,115.52,256.0,36,Chocolates & Confectionery,1806,8904818674630
Signature Black Forest Pastry - 2 Slices,CAFE-01378,GST,18,87.42,211.0,5,Fresh Pastries & Cakes,1905,8903711815198
House Special Milk Chocolate Bar - 100g Bar,CAFE-01379,GST,18,58.88,210.0,34,Chocolates & Confectionery,1806,8902034015353
Artisan Jeera Biscuits - 500g Box,CAFE-01380,GST,18,97.04,279.0,51,Packaged Biscuits & Cookies,1905,8909944946672
Artisan Assorted Truffles - Box of 6,CAFE-01381,GST,18,178.69,479.0,56,Chocolates & Confectionery,1806,8900281822387
Classic Aloo Puff / Patties - 1 Pc,CAFE-01382,GST,5,16.53,48.0,3,Prepared Snacks & Sandwiches (Cafe Service),9963,8908581745273
Gourmet Almond Biscotti - 200g Box,CAFE-01383,GST,18,81.29,318.0,29,Packaged Biscuits & Cookies,1905,8905700412918
Suji Rusk - 400g Pack,CAFE-01384,GST,5,28.44,84.0,19,Breads & Savory (Retail),1905,8902559046100
Artisan Cafe Latte - Regular,CAFE-01385,GST,5,63.37,186.0,3,Prepared Beverages (Cafe Service),9963,8901283827101
Classic Dark Chocolate Bar (70%) - 100g Bar,CAFE-01386,GST,18,67.3,268.0,55,Chocolates & Confectionery,1806,8906151204850
House Special Green Tea - Pot,CAFE-01387,GST,5,52.36,192.0,10,Prepared Beverages (Cafe Service),9963,8904604227634
Espresso - Single Shot,CAFE-01388,GST,5,42.27,111.0,13,Prepared Beverages (Cafe Service),9963,8907347243586
Deluxe Chocolate Brownie - With Walnut,CAFE-01389,GST,18,34.17,133.0,5,Fresh Pastries & Cakes,1905,8902726708666
Classic Almond Biscotti - 200g Box,CAFE-01390,GST,18,137.19,370.0,19,Packaged Biscuits & Cookies,1905,8909768784947
Cappuccino - Regular,CAFE-01391,GST,5,64.11,165.0,2,Prepared Beverages (Cafe Service),9963,8900618489742
Garlic Bread Loaf - 1 Pc,CAFE-01392,GST,5,45.76,126.0,34,Breads & Savory (Retail),1905,8906682121564
House Special Paneer Puff - 1 Pc,CAFE-01393,GST,5,16.32,59.0,2,Prepared Snacks & Sandwiches (Cafe Service),9963,8906441119738
Handcrafted Chicken Tikka Sandwich - Standard,CAFE-01394,GST,5,54.77,205.0,15,Prepared Snacks & Sandwiches (Cafe Service),9963,8903435948821
Deluxe Aloo Puff / Patties - 2 Pcs,CAFE-01395,GST,5,12.29,36.0,10,Prepared Snacks & Sandwiches (Cafe Service),9963,8900511021254
Pizza Base - Pack of 2,CAFE-01396,GST,5,19.53,44.0,60,Breads & Savory (Retail),1905,8906049860372
Artisan Vanilla Cupcake - 1 Pc,CAFE-01397,GST,18,33.3,77.0,8,Fresh Pastries & Cakes,1905,8901978999011
Signature Butter Cookies - 250g Box,CAFE-01398,GST,18,45.8,178.0,22,Packaged Biscuits & Cookies,1905,8903171978601
House Special Hazelnut Pralines - Box of 9,CAFE-01399,GST,18,183.67,608.0,18,Chocolates & Confectionery,1806,8908419478550
Signature Assorted Truffles - Box of 6,CAFE-01400,GST,18,189.81,534.0,36,Chocolates & Confectionery,1806,8908210728878
Classic Assorted Truffles - Box of 12,CAFE-01401,GST,18,280.07,918.0,18,Chocolates & Confectionery,1806,8903716160881
Classic Cheese Croissant - 1 Pc,CAFE-01402,GST,5,54.71,187.0,20,Prepared Snacks & Sandwiches (Cafe Service),9963,8906477183753
Deluxe Chocolate Brownie - With Walnut,CAFE-01403,GST,18,42.41,162.0,2,Fresh Pastries & Cakes,1905,8902480855780
Freshly Baked Chocolate Truffle Cake - 2kg,CAFE-01404,GST,18,1129.89,3082.0,6,Fresh Pastries & Cakes,1905,8903622169069
Handcrafted Hazelnut Pralines - Box of 9,CAFE-01405,GST,18,158.26,538.0,16,Chocolates & Confectionery,1806,8906751691395
House Special Dark Chocolate Bar (70%) - 100g Bar,CAFE-01406,GST,18,95.11,229.0,41,Chocolates & Confectionery,1806,8904261070335
Freshly Baked Blueberry Cheesecake Slice - 1 Slice,CAFE-01407,GST,18,73.3,254.0,5,Fresh Pastries & Cakes,1905,8909839248481
Premium Milk Bread - 400g Pack,CAFE-01408,GST,5,16.72,59.0,53,Breads & Savory (Retail),1905,8901053021516
Freshly Baked Mocha Frappe - Large,CAFE-01409,GST,5,121.5,441.0,9,Prepared Beverages (Cafe Service),9963,8909534811050
Gourmet Blueberry Cheesecake Slice - 1 Slice,CAFE-01410,GST,18,53.9,215.0,17,Fresh Pastries & Cakes,1905,8908961573855
Deluxe Assorted Truffles - Box of 6,CAFE-01411,GST,18,132.88,509.0,46,Chocolates & Confectionery,1806,8905123959781
Classic Oatmeal & Raisin Cookies - 250g Box,CAFE-01412,GST,18,65.04,253.0,17,Packaged Biscuits & Cookies,1905,8909723602446
Gourmet Milk Chocolate Bar - 100g Bar,CAFE-01413,GST,18,74.26,226.0,17,Chocolates & Confectionery,1806,8905171073087
Freshly Baked Mango Mousse Cup - Standard,CAFE-01414,GST,18,55.13,169.0,9,Fresh Pastries & Cakes,1905,8907031754380
Pav Buns - Pack of 6,CAFE-01415,GST,5,37.03,115.0,35,Breads & Savory (Retail),1905,8907260292546
Classic Fruit & Nut Chocolate - 100g Bar,CAFE-01416,GST,18,129.01,327.0,48,Chocolates & Confectionery,1806,8904076642076
Handcrafted Dark Chocolate Bar (70%) - 100g Bar,CAFE-01417,GST,18,78.99,296.0,60,Chocolates & Confectionery,1806,8903538676259
Garlic Bread Loaf - 1 Pc,CAFE-01418,GST,5,38.56,127.0,41,Breads & Savory (Retail),1905,8900488693205
Artisan Choco Chip Cookies - 500g Box,CAFE-01419,GST,18,177.23,398.0,48,Packaged Biscuits & Cookies,1905,8909273961597
House Special Cold Coffee Classic - Regular,CAFE-01420,GST,5,48.21,163.0,12,Prepared Beverages (Cafe Service),9963,8906707897755
Premium Choco Chip Cookies - 500g Box,CAFE-01421,GST,18,113.52,426.0,30,Packaged Biscuits & Cookies,1905,8908422736273
Premium Milk Bread - 400g Pack,CAFE-01422,GST,5,23.94,59.0,21,Breads & Savory (Retail),1905,8901175769171
Freshly Baked Cafe Latte - Regular,CAFE-01423,GST,5,47.5,180.0,13,Prepared Beverages (Cafe Service),9963,8901448698305
Whole Wheat Bread - 400g Pack,CAFE-01424,GST,5,16.6,54.0,26,Breads & Savory (Retail),1905,8902026980142
Handcrafted Hazelnut Pralines - Box of 9,CAFE-01425,GST,18,273.71,632.0,49,Chocolates & Confectionery,1806,8900177031637
Artisan Mango Mousse Cup - Standard,CAFE-01426,GST,18,57.88,148.0,7,Fresh Pastries & Cakes,1905,8906724469317
Pizza Base - Pack of 4,CAFE-01427,GST,5,34.82,134.0,15,Breads & Savory (Retail),1905,8908390654025
Paneer Puff - 1 Pc,CAFE-01428,GST,5,17.64,58.0,6,Prepared Snacks & Sandwiches (Cafe Service),9963,8907272812916
Suji Rusk - 400g Pack,CAFE-01429,GST,5,33.29,107.0,42,Breads & Savory (Retail),1905,8900266765272
Signature Aloo Puff / Patties - 2 Pcs,CAFE-01430,GST,5,16.07,43.0,20,Prepared Snacks & Sandwiches (Cafe Service),9963,8905070886406
Gourmet Hazelnut Pralines - Box of 9,CAFE-01431,GST,18,283.6,635.0,17,Chocolates & Confectionery,1806,8908019290221
Oatmeal & Raisin Cookies - 250g Box,CAFE-01432,GST,18,85.14,227.0,51,Packaged Biscuits & Cookies,1905,8900932253332
House Special Chocolate Truffle Cake - 500g,CAFE-01433,GST,18,297.12,736.0,13,Fresh Pastries & Cakes,1905,8905501935450
Cake Rusk - 300g Pack,CAFE-01434,GST,5,42.71,152.0,30,Breads & Savory (Retail),1905,8903243629620
Veg Grilled Sandwich - Cheese Burst,CAFE-01435,GST,5,53.33,169.0,9,Prepared Snacks & Sandwiches (Cafe Service),9963,8901244129075
Chicken Puff - 1 Pc,CAFE-01436,GST,5,35.23,86.0,3,Prepared Snacks & Sandwiches (Cafe Service),9963,8901237631774
Classic Paneer Puff - 1 Pc,CAFE-01437,GST,5,24.7,55.0,7,Prepared Snacks & Sandwiches (Cafe Service),9963,8909419375919
Multigrain Bread - 400g Pack,CAFE-01438,GST,5,28.33,74.0,45,Breads & Savory (Retail),1905,8905362647528
Gourmet Hazelnut Pralines - Box of 9,CAFE-01439,GST,18,133.67,512.0,59,Chocolates & Confectionery,1806,8900961730099
Pizza Base - Pack of 4,CAFE-01440,GST,5,43.24,110.0,60,Breads & Savory (Retail),1905,8901153550514
Multigrain Bread - 400g Pack,CAFE-01441,GST,5,31.76,87.0,57,Breads & Savory (Retail),1905,8900877972479
Suji Rusk - 400g Pack,CAFE-01442,GST,5,35.89,85.0,49,Breads & Savory (Retail),1905,8903458192048
Gourmet Peach Iced Tea - Regular,CAFE-01443,GST,5,58.17,168.0,20,Prepared Beverages (Cafe Service),9963,8903332998651
Classic Nankhatai - 250g Box,CAFE-01444,GST,18,45.85,160.0,57,Packaged Biscuits & Cookies,1905,8904640858588
Multigrain Bread - 400g Pack,CAFE-01445,GST,5,29.08,89.0,40,Breads & Savory (Retail),1905,8902084672925
House Special Choco Chip Cookies - 500g Box,CAFE-01446,GST,18,112.47,366.0,25,Packaged Biscuits & Cookies,1905,8908222501825
Freshly Baked Hazelnut Pralines - Box of 9,CAFE-01447,GST,18,178.12,569.0,27,Chocolates & Confectionery,1806,8909420122341
Nankhatai - 250g Box,CAFE-01448,GST,18,65.19,145.0,59,Packaged Biscuits & Cookies,1905,8906627026604
Gourmet Butter Cookies - 500g Box,CAFE-01449,GST,18,133.61,310.0,33,Packaged Biscuits & Cookies,1905,8900039101933
Classic Choco Chip Cookies - 250g Box,CAFE-01450,GST,18,56.4,209.0,20,Packaged Biscuits & Cookies,1905,8901936006082
House Special Peach Iced Tea - Regular,CAFE-01451,GST,5,55.81,163.0,15,Prepared Beverages (Cafe Service),9963,8900762643850
Handcrafted Mango Mousse Cup - Standard,CAFE-01452,GST,18,53.19,143.0,4,Fresh Pastries & Cakes,1905,8907623133610
Freshly Baked Fruit & Nut Chocolate - 100g Bar,CAFE-01453,GST,18,79.25,312.0,34,Chocolates & Confectionery,1806,8902316544137
Pav Buns - Pack of 6,CAFE-01454,GST,5,34.66,106.0,41,Breads & Savory (Retail),1905,8900634942904
House Special Cappuccino - Large,CAFE-01455,GST,5,157.55,375.0,19,Prepared Beverages (Cafe Service),9963,8907017999324
Classic Dark Chocolate Bar (70%) - 100g Bar,CAFE-01456,GST,18,95.2,247.0,34,Chocolates & Confectionery,1806,8904417234565
Cake Rusk - 300g Pack,CAFE-01457,GST,5,37.54,150.0,25,Breads & Savory (Retail),1905,8905485362689
Classic Blueberry Cheesecake Slice - 1 Slice,CAFE-01458,GST,18,70.78,211.0,10,Fresh Pastries & Cakes,1905,8901009538557
Premium Milk Chocolate Bar - 100g Bar,CAFE-01459,GST,18,75.15,203.0,35,Chocolates & Confectionery,1806,8909900937814
Freshly Baked Hazelnut Pralines - Box of 9,CAFE-01460,GST,18,171.14,576.0,41,Chocolates & Confectionery,1806,8901437884437
Gourmet Vanilla Cupcake - Box of 6,CAFE-01461,GST,18,20.82,74.0,13,Fresh Pastries & Cakes,1905,8906467263681
Premium Almond Biscotti - 200g Box,CAFE-01462,GST,18,92.11,338.0,53,Packaged Biscuits & Cookies,1905,8909002772910
Artisan Aloo Puff / Patties - 2 Pcs,CAFE-01463,GST,5,13.06,44.0,19,Prepared Snacks & Sandwiches (Cafe Service),9963,8906043566050
Garlic Bread Loaf - 1 Pc,CAFE-01464,GST,5,39.5,129.0,30,Breads & Savory (Retail),1905,8903067730671
Classic Paneer Tikka Wrap - Standard,CAFE-01465,GST,5,48.71,185.0,17,Prepared Snacks & Sandwiches (Cafe Service),9963,8909419087886
Choco Chip Cookies - 500g Box,CAFE-01466,GST,18,197.89,452.0,45,Packaged Biscuits & Cookies,1905,8903963428987
House Special Espresso - Double Shot,CAFE-01467,GST,5,66.95,249.0,11,Prepared Beverages (Cafe Service),9963,8909221704861
Artisan Chicken Puff - 1 Pc,CAFE-01468,GST,5,31.9,82.0,3,Prepared Snacks & Sandwiches (Cafe Service),9963,8901629073992
Handcrafted Chicken Tikka Sandwich - Standard,CAFE-01469,GST,5,79.53,197.0,12,Prepared Snacks & Sandwiches (Cafe Service),9963,8903371708649
Choco Chip Cookies - 500g Box,CAFE-01470,GST,18,173.44,391.0,60,Packaged Biscuits & Cookies,1905,8909831354901
Handcrafted Oatmeal & Raisin Cookies - 250g Box,CAFE-01471,GST,18,78.69,227.0,26,Packaged Biscuits & Cookies,1905,8901958730549
Signature Paneer Tikka Wrap - Standard,CAFE-01472,GST,5,61.48,192.0,10,Prepared Snacks & Sandwiches (Cafe Service),9963,8903021781678
Gourmet Vanilla Cupcake - Box of 6,CAFE-01473,GST,18,35.34,95.0,9,Fresh Pastries & Cakes,1905,8901589016492
House Special Fruit & Nut Chocolate - 100g Bar,CAFE-01474,GST,18,64.76,252.0,17,Chocolates & Confectionery,1806,8901709264070
Premium Milk Bread - 400g Pack,CAFE-01475,GST,5,14.63,55.0,19,Breads & Savory (Retail),1905,8907262829682
Deluxe Milk Chocolate Bar - 100g Bar,CAFE-01476,GST,18,51.23,200.0,57,Chocolates & Confectionery,1806,8900728895927
Premium Milk Chocolate Bar - 100g Bar,CAFE-01477,GST,18,93.02,205.0,52,Chocolates & Confectionery,1806,8901961276620
Artisan Veg Grilled Sandwich - Standard,CAFE-01478,GST,5,60.43,146.0,3,Prepared Snacks & Sandwiches (Cafe Service),9963,8902634443596
House Special Dark Chocolate Bar (70%) - 100g Bar,CAFE-01479,GST,18,87.6,300.0,46,Chocolates & Confectionery,1806,8900120424253
Classic Espresso - Single Shot,CAFE-01480,GST,5,46.94,142.0,9,Prepared Beverages (Cafe Service),9963,8900284976039
Classic Peach Iced Tea - Regular,CAFE-01481,GST,5,68.9,188.0,14,Prepared Beverages (Cafe Service),9963,8905240553648
Freshly Baked Chocolate Brownie - With Walnut,CAFE-01482,GST,18,39.26,155.0,14,Fresh Pastries & Cakes,1905,8904882159773
Gourmet Paneer Puff - 1 Pc,CAFE-01483,GST,5,15.26,61.0,6,Prepared Snacks & Sandwiches (Cafe Service),9963,8903606679986
Classic Nankhatai - 250g Box,CAFE-01484,GST,18,58.72,162.0,46,Packaged Biscuits & Cookies,1905,8902204298622
Gourmet Cafe Latte - Regular,CAFE-01485,GST,5,83.66,195.0,16,Prepared Beverages (Cafe Service),9963,8909962356999
Signature Dark Chocolate Bar (70%) - 100g Bar,CAFE-01486,GST,18,77.93,249.0,45,Chocolates & Confectionery,1806,8906887779256
Signature Blueberry Cheesecake Slice - 1 Slice,CAFE-01487,GST,18,85.63,215.0,18,Fresh Pastries & Cakes,1905,8904931539839
Gourmet Chocolate Truffle Cake - 500g,CAFE-01488,GST,18,327.0,722.0,4,Fresh Pastries & Cakes,1905,8904407629143
Signature Blueberry Cheesecake Slice - 1 Slice,CAFE-01489,GST,18,97.76,218.0,18,Fresh Pastries & Cakes,1905,8909752872099
Gourmet Chicken Puff - 1 Pc,CAFE-01490,GST,5,22.34,79.0,6,Prepared Snacks & Sandwiches (Cafe Service),9963,8904059208235
Premium Milk Bread - 400g Pack,CAFE-01491,GST,5,13.09,51.0,21,Breads & Savory (Retail),1905,8909489629805
Artisan Mango Smoothie - Regular,CAFE-01492,GST,5,57.29,194.0,9,Prepared Beverages (Cafe Service),9963,8900796618695
Freshly Baked Cafe Latte - Iced,CAFE-01493,GST,5,99.0,219.0,9,Prepared Beverages (Cafe Service),9963,8904741253137
Gourmet Fruit & Nut Chocolate - 100g Bar,CAFE-01494,GST,18,113.37,260.0,46,Chocolates & Confectionery,1806,8907321750361
Classic Paneer Tikka Wrap - Standard,CAFE-01495,GST,5,54.05,200.0,20,Prepared Snacks & Sandwiches (Cafe Service),9963,8909193873370
Pizza Base - Pack of 2,CAFE-01496,GST,5,18.85,52.0,43,Breads & Savory (Retail),1905,8904890476078
House Special Cafe Latte - Regular,CAFE-01497,GST,5,58.79,227.0,2,Prepared Beverages (Cafe Service),9963,8907651917085
Signature Chocolate Brownie - Fudge,CAFE-01498,GST,18,66.41,166.0,19,Fresh Pastries & Cakes,1905,8909514563409
House Special Mango Mousse Cup - Standard,CAFE-01499,GST,18,42.71,151.0,5,Fresh Pastries & Cakes,1905,8905744965391
Handcrafted Espresso - Double Shot,CAFE-01500,GST,5,71.87,195.0,20,Prepared Beverages (Cafe Service),9963,8903045418403
Premium Paneer Tikka Wrap - Standard,CAFE-01501,GST,5,91.38,205.0,8,Prepared Snacks & Sandwiches (Cafe Service),9963,8909662038588
Handcrafted Cold Coffee Classic - Regular,CAFE-01502,GST,5,80.99,180.0,14,Prepared Beverages (Cafe Service),9963,8905295164693
Garlic Bread Loaf - 1 Pc,CAFE-01503,GST,5,44.78,103.0,27,Breads & Savory (Retail),1905,8909744088067
Chocolate Brownie - 1 Pc,CAFE-01504,GST,18,33.57,133.0,5,Fresh Pastries & Cakes,1905,8909918431132
Premium Green Tea - Cup,CAFE-01505,GST,5,40.8,110.0,12,Prepared Beverages (Cafe Service),9963,8908052632119
Freshly Baked Hazelnut Pralines - Box of 9,CAFE-01506,GST,18,181.16,659.0,58,Chocolates & Confectionery,1806,8902205397077
Freshly Baked Oatmeal & Raisin Cookies - 250g Box,CAFE-01507,GST,18,75.5,261.0,18,Packaged Biscuits & Cookies,1905,8908231714619
Paneer Puff - 1 Pc,CAFE-01508,GST,5,15.62,59.0,17,Prepared Snacks & Sandwiches (Cafe Service),9963,8906626235960
Classic Choco Chip Cookies - 250g Box,CAFE-01509,GST,18,105.89,247.0,49,Packaged Biscuits & Cookies,1905,8904025787036
House Special Chicken Puff - 1 Pc,CAFE-01510,GST,5,40.99,94.0,9,Prepared Snacks & Sandwiches (Cafe Service),9963,8900663605028
Freshly Baked Assorted Truffles - Box of 12,CAFE-01511,GST,18,280.48,932.0,52,Chocolates & Confectionery,1806,8901039091203
House Special Assorted Truffles - Box of 6,CAFE-01512,GST,18,128.38,423.0,36,Chocolates & Confectionery,1806,8902375979531
Artisan Paneer Tikka Wrap - Standard,CAFE-01513,GST,5,47.28,165.0,15,Prepared Snacks & Sandwiches (Cafe Service),9963,8900275745449
Premium Milk Bread - 400g Pack,CAFE-01514,GST,5,14.24,56.0,33,Breads & Savory (Retail),1905,8904538118081
House Special Fruit & Nut Chocolate - 100g Bar,CAFE-01515,GST,18,96.74,305.0,33,Chocolates & Confectionery,1806,8904566229521
House Special Peach Iced Tea - Regular,CAFE-01516,GST,5,61.72,178.0,9,Prepared Beverages (Cafe Service),9963,8906162486070
Gourmet Jeera Biscuits - 250g Box,CAFE-01517,GST,18,60.05,176.0,23,Packaged Biscuits & Cookies,1905,8903515850153
Handcrafted Assorted Truffles - Box of 6,CAFE-01518,GST,18,124.34,436.0,20,Chocolates & Confectionery,1806,8906715605879
Classic Mango Mousse Cup - Standard,CAFE-01519,GST,18,62.95,147.0,9,Fresh Pastries & Cakes,1905,8909547940645
Whole Wheat Bread - 400g Pack,CAFE-01520,GST,5,23.43,65.0,44,Breads & Savory (Retail),1905,8901918986646
House Special Egg & Cheese Croissant - Standard,CAFE-01521,GST,5,100.76,244.0,9,Prepared Snacks & Sandwiches (Cafe Service),9963,8903597487680
Artisan Almond Biscotti - 200g Box,CAFE-01522,GST,18,91.71,362.0,59,Packaged Biscuits & Cookies,1905,8907718430192
Premium Milk Bread - 400g Pack,CAFE-01523,GST,5,20.07,52.0,24,Breads & Savory (Retail),1905,8909732396440
Multigrain Bread - 400g Pack,CAFE-01524,GST,5,24.54,90.0,44,Breads & Savory (Retail),1905,8906992427739
Deluxe Dark Chocolate Bar (70%) - 100g Bar,CAFE-01525,GST,18,85.98,290.0,17,Chocolates & Confectionery,1806,8902320914016
Classic Egg & Cheese Croissant - Standard,CAFE-01526,GST,5,92.74,253.0,8,Prepared Snacks & Sandwiches (Cafe Service),9963,8904719982907
House Special Oatmeal & Raisin Cookies - 250g Box,CAFE-01527,GST,18,83.67,288.0,23,Packaged Biscuits & Cookies,1905,8906075699913
Artisan Egg & Cheese Croissant - Standard,CAFE-01528,GST,5,58.41,216.0,11,Prepared Snacks & Sandwiches (Cafe Service),9963,8903322622777
Premium Hot Chocolate - Regular,CAFE-01529,GST,5,64.16,225.0,3,Prepared Beverages (Cafe Service),9963,8906647070385
Artisan Red Velvet Cake - 1kg,CAFE-01530,GST,18,619.09,1711.0,18,Fresh Pastries & Cakes,1905,8904241074027
Handcrafted Butter Cookies - 500g Box,CAFE-01531,GST,18,128.66,368.0,25,Packaged Biscuits & Cookies,1905,8906762590620
Signature Red Velvet Cake - 1kg,CAFE-01532,GST,18,575.43,1952.0,13,Fresh Pastries & Cakes,1905,8906461497459
Deluxe Hot Chocolate - Regular,CAFE-01533,GST,5,65.31,259.0,20,Prepared Beverages (Cafe Service),9963,8907984914986
Artisan Mango Mousse Cup - Standard,CAFE-01534,GST,18,53.13,174.0,8,Fresh Pastries & Cakes,1905,8902664322394
Premium Cappuccino - Regular,CAFE-01535,GST,5,53.35,170.0,19,Prepared Beverages (Cafe Service),9963,8901159485340
Handcrafted Pineapple Pastry - 1 Slice,CAFE-01536,GST,18,29.78,103.0,7,Fresh Pastries & Cakes,1905,8902398474225
Premium Peach Iced Tea - Large,CAFE-01537,GST,5,92.38,332.0,18,Prepared Beverages (Cafe Service),9963,8902237887058
Deluxe Butter Cookies - 500g Box,CAFE-01538,GST,18,85.66,296.0,27,Packaged Biscuits & Cookies,1905,8904956479984
Deluxe Espresso - Double Shot,CAFE-01539,GST,5,74.03,222.0,10,Prepared Beverages (Cafe Service),9963,8909638309723
Deluxe Cappuccino - Regular,CAFE-01540,GST,5,43.6,165.0,15,Prepared Beverages (Cafe Service),9963,8901662016555
Freshly Baked Hazelnut Pralines - Box of 9,CAFE-01541,GST,18,161.86,550.0,48,Chocolates & Confectionery,1806,8906555751247
Artisan Cold Coffee Classic - Regular,CAFE-01542,GST,5,49.64,156.0,12,Prepared Beverages (Cafe Service),9963,8908682405166
Premium Oatmeal & Raisin Cookies - 250g Box,CAFE-01543,GST,18,62.28,237.0,34,Packaged Biscuits & Cookies,1905,8904189974023
Cake Rusk - 300g Pack,CAFE-01544,GST,5,56.49,148.0,35,Breads & Savory (Retail),1905,8907017036309
Signature Oatmeal & Raisin Cookies - 250g Box,CAFE-01545,GST,18,89.45,263.0,26,Packaged Biscuits & Cookies,1905,8900508983094
Freshly Baked Assorted Truffles - Box of 6,CAFE-01546,GST,18,222.79,495.0,42,Chocolates & Confectionery,1806,8901979797245
Pizza Base - Pack of 2,CAFE-01547,GST,5,13.65,45.0,48,Breads & Savory (Retail),1905,8900450735674
Handcrafted Veg Grilled Sandwich - Cheese Burst,CAFE-01548,GST,5,41.88,164.0,20,Prepared Snacks & Sandwiches (Cafe Service),9963,8904059802602
Freshly Baked Fruit & Nut Chocolate - 100g Bar,CAFE-01549,GST,18,70.04,264.0,17,Chocolates & Confectionery,1806,8903158925849
Freshly Baked Chocolate Brownie - 1 Pc,CAFE-01550,GST,18,50.59,132.0,20,Fresh Pastries & Cakes,1905,8907774867595
Deluxe Blueberry Cheesecake Slice - 1 Slice,CAFE-01551,GST,18,72.84,257.0,18,Fresh Pastries & Cakes,1905,8902308829586
Premium Fruit & Nut Chocolate - 100g Bar,CAFE-01552,GST,18,120.65,300.0,56,Chocolates & Confectionery,1806,8903260586942
Freshly Baked Green Tea - Pot,CAFE-01553,GST,5,90.39,233.0,16,Prepared Beverages (Cafe Service),9963,8903066293151
Deluxe Chicken Tikka Sandwich - Standard,CAFE-01554,GST,5,80.93,221.0,6,Prepared Snacks & Sandwiches (Cafe Service),9963,8906559469890
Classic Cafe Latte - Regular,CAFE-01555,GST,5,80.08,197.0,17,Prepared Beverages (Cafe Service),9963,8901798902237
Artisan Fruit & Nut Chocolate - 100g Bar,CAFE-01556,GST,18,85.86,312.0,42,Chocolates & Confectionery,1806,8905487084779
Premium Almond Biscotti - 200g Box,CAFE-01557,GST,18,115.95,348.0,46,Packaged Biscuits & Cookies,1905,8905539818890
Deluxe Hot Chocolate - With Marshmallows,CAFE-01558,GST,5,62.16,202.0,12,Prepared Beverages (Cafe Service),9963,8907908945896
Cake Rusk - 300g Pack,CAFE-01559,GST,5,43.89,137.0,41,Breads & Savory (Retail),1905,8903802076123
Classic Chicken Puff - 1 Pc,CAFE-01560,GST,5,22.48,75.0,2,Prepared Snacks & Sandwiches (Cafe Service),9963,8905188129886
Artisan Assorted Truffles - Box of 6,CAFE-01561,GST,18,160.11,493.0,40,Chocolates & Confectionery,1806,8906901079237
Multigrain Bread - 400g Pack,CAFE-01562,GST,5,33.26,87.0,32,Breads & Savory (Retail),1905,8908649703506
Deluxe Mocha Frappe - Large,CAFE-01563,GST,5,124.73,468.0,9,Prepared Beverages (Cafe Service),9963,8903557077312
House Special Dark Chocolate Bar (70%) - 100g Bar,CAFE-01564,GST,18,74.9,250.0,58,Chocolates & Confectionery,1806,8905705218799
Freshly Baked Dark Chocolate Bar (70%) - 100g Bar,CAFE-01565,GST,18,88.76,245.0,47,Chocolates & Confectionery,1806,8908311414701
Garlic Bread Loaf - 1 Pc,CAFE-01566,GST,5,33.5,106.0,43,Breads & Savory (Retail),1905,8901568910977
Classic Cheese Croissant - 1 Pc,CAFE-01567,GST,5,39.22,155.0,10,Prepared Snacks & Sandwiches (Cafe Service),9963,8905684467940
Cake Rusk - 300g Pack,CAFE-01568,GST,5,68.98,160.0,28,Breads & Savory (Retail),1905,8902957378315
Handcrafted Cheese Croissant - 1 Pc,CAFE-01569,GST,5,71.53,178.0,6,Prepared Snacks & Sandwiches (Cafe Service),9963,8907318683029
Freshly Baked Mango Mousse Cup - Standard,CAFE-01570,GST,18,41.08,164.0,9,Fresh Pastries & Cakes,1905,8903241651854
Gourmet Egg & Cheese Croissant - Standard,CAFE-01571,GST,5,71.71,218.0,8,Prepared Snacks & Sandwiches (Cafe Service),9963,8904467462159
Premium Nankhatai - 250g Box,CAFE-01572,GST,18,61.1,188.0,54,Packaged Biscuits & Cookies,1905,8901617050221
Chicken Tikka Sandwich - Standard,CAFE-01573,GST,5,66.63,224.0,11,Prepared Snacks & Sandwiches (Cafe Service),9963,8901344760948
Pav Buns - Pack of 6,CAFE-01574,GST,5,22.79,91.0,52,Breads & Savory (Retail),1905,8902864330265
Classic Assorted Truffles - Box of 12,CAFE-01575,GST,18,199.04,757.0,41,Chocolates & Confectionery,1806,8906771966661
Gourmet Chocolate Truffle Cake - 1kg,CAFE-01576,GST,18,626.25,1691.0,3,Fresh Pastries & Cakes,1905,8902223499801
Pav Buns - Pack of 6,CAFE-01577,GST,5,32.8,97.0,37,Breads & Savory (Retail),1905,8909017791524
Freshly Baked Jeera Biscuits - 250g Box,CAFE-01578,GST,18,44.71,148.0,28,Packaged Biscuits & Cookies,1905,8903517465642
Deluxe Espresso - Single Shot,CAFE-01579,GST,5,39.59,122.0,6,Prepared Beverages (Cafe Service),9963,8906319956955
Handcrafted Paneer Tikka Wrap - Standard,CAFE-01580,GST,5,69.19,199.0,10,Prepared Snacks & Sandwiches (Cafe Service),9963,8901490038502
Premium Milk Chocolate Bar - 100g Bar,CAFE-01581,GST,18,56.54,224.0,32,Chocolates & Confectionery,1806,8904486722883
Handcrafted Veg Grilled Sandwich - Cheese Burst,CAFE-01582,GST,5,43.09,169.0,4,Prepared Snacks & Sandwiches (Cafe Service),9963,8904546157493
Suji Rusk - 400g Pack,CAFE-01583,GST,5,24.4,88.0,44,Breads & Savory (Retail),1905,8908879531204
Signature Mango Mousse Cup - Standard,CAFE-01584,GST,18,45.98,155.0,15,Fresh Pastries & Cakes,1905,8901830858001
Signature Fruit & Nut Chocolate - 100g Bar,CAFE-01585,GST,18,100.74,259.0,20,Chocolates & Confectionery,1806,8905114367862
Handcrafted Assorted Truffles - Box of 6,CAFE-01586,GST,18,219.26,513.0,44,Chocolates & Confectionery,1806,8901096856425
Deluxe Espresso - Double Shot,CAFE-01587,GST,5,107.52,237.0,15,Prepared Beverages (Cafe Service),9963,8909331542306
Signature Black Forest Pastry - 1 Slice,CAFE-01588,GST,18,28.02,110.0,15,Fresh Pastries & Cakes,1905,8905505224114
Premium Milk Bread - 400g Pack,CAFE-01589,GST,5,21.8,52.0,19,Breads & Savory (Retail),1905,8904599201663
Multigrain Bread - 400g Pack,CAFE-01590,GST,5,34.07,92.0,17,Breads & Savory (Retail),1905,8905392220562
Assorted Truffles - Box of 6,CAFE-01591,GST,18,135.9,507.0,22,Chocolates & Confectionery,1806,8903484339133
Classic Dark Chocolate Bar (70%) - 100g Bar,CAFE-01592,GST,18,67.35,264.0,22,Chocolates & Confectionery,1806,8903239456452
Pizza Base - Pack of 2,CAFE-01593,GST,5,12.81,46.0,34,Breads & Savory (Retail),1905,8909760249866
Pizza Base - Pack of 2,CAFE-01594,GST,5,15.38,50.0,37,Breads & Savory (Retail),1905,8903677349852
House Special Cheese Croissant - 1 Pc,CAFE-01595,GST,5,45.35,163.0,12,Prepared Snacks & Sandwiches (Cafe Service),9963,8902665591476
Suji Rusk - 400g Pack,CAFE-01596,GST,5,21.56,83.0,41,Breads & Savory (Retail),1905,8904147533695
Pizza Base - Pack of 4,CAFE-01597,GST,5,45.38,132.0,35,Breads & Savory (Retail),1905,8903538962985
Freshly Baked Dark Chocolate Bar (70%) - 100g Bar,CAFE-01598,GST,18,62.51,240.0,39,Chocolates & Confectionery,1806,8907924157127
Deluxe Hazelnut Pralines - Box of 9,CAFE-01599,GST,18,233.19,649.0,28,Chocolates & Confectionery,1806,8904685863906
Deluxe Vanilla Cupcake - Box of 6,CAFE-01600,GST,18,23.62,76.0,20,Fresh Pastries & Cakes,1905,8903998161538
Deluxe Pineapple Pastry - 2 Slices,CAFE-01601,GST,18,57.1,197.0,4,Fresh Pastries & Cakes,1905,8900307372607
Premium Dark Chocolate Bar (70%) - 100g Bar,CAFE-01602,GST,18,74.45,246.0,45,Chocolates & Confectionery,1806,8908082649312
Signature Blueberry Cheesecake Slice - 1 Slice,CAFE-01603,GST,18,86.62,237.0,16,Fresh Pastries & Cakes,1905,8906254292645
Hot Chocolate - Regular,CAFE-01604,GST,5,83.69,205.0,20,Prepared Beverages (Cafe Service),9963,8909403694811
Cake Rusk - 300g Pack,CAFE-01605,GST,5,63.58,150.0,41,Breads & Savory (Retail),1905,8907068335391
Premium Pineapple Pastry - 2 Slices,CAFE-01606,GST,18,47.32,171.0,20,Fresh Pastries & Cakes,1905,8900163994901
Garlic Bread Loaf - 1 Pc,CAFE-01607,GST,5,50.62,131.0,57,Breads & Savory (Retail),1905,8906734814098
Artisan Milk Chocolate Bar - 100g Bar,CAFE-01608,GST,18,63.08,237.0,46,Chocolates & Confectionery,1806,8909301481160
Artisan Nankhatai - 250g Box,CAFE-01609,GST,18,52.88,146.0,25,Packaged Biscuits & Cookies,1905,8900288661680
Signature Assorted Truffles - Box of 6,CAFE-01610,GST,18,183.5,444.0,27,Chocolates & Confectionery,1806,8904854842035
Whole Wheat Bread - 400g Pack,CAFE-01611,GST,5,20.82,67.0,57,Breads & Savory (Retail),1905,8901791386015
Handcrafted Cappuccino - Regular,CAFE-01612,GST,5,44.46,168.0,5,Prepared Beverages (Cafe Service),9963,8909402470288
Premium Assorted Truffles - Box of 12,CAFE-01613,GST,18,204.16,758.0,44,Chocolates & Confectionery,1806,8904527193678
Freshly Baked Jeera Biscuits - 500g Box,CAFE-01614,GST,18,123.35,313.0,19,Packaged Biscuits & Cookies,1905,8903810749161
Signature Aloo Puff / Patties - 1 Pc,CAFE-01615,GST,5,18.23,44.0,11,Prepared Snacks & Sandwiches (Cafe Service),9963,8900131535069
Gourmet Hazelnut Pralines - Box of 9,CAFE-01616,GST,18,158.81,506.0,37,Chocolates & Confectionery,1806,8905252741025
Handcrafted Jeera Biscuits - 250g Box,CAFE-01617,GST,18,49.16,161.0,54,Packaged Biscuits & Cookies,1905,8904885669489
Artisan Egg & Cheese Croissant - Standard,CAFE-01618,GST,5,74.46,243.0,12,Prepared Snacks & Sandwiches (Cafe Service),9963,8906756355842
Pav Buns - Pack of 6,CAFE-01619,GST,5,32.45,95.0,56,Breads & Savory (Retail),1905,8905650460700
Premium Blueberry Cheesecake Slice - 1 Slice,CAFE-01620,GST,18,114.52,253.0,14,Fresh Pastries & Cakes,1905,8908624087100
Deluxe Hazelnut Pralines - Box of 9,CAFE-01621,GST,18,174.18,594.0,21,Chocolates & Confectionery,1806,8907282076238
House Special Assorted Truffles - Box of 6,CAFE-01622,GST,18,154.11,522.0,23,Chocolates & Confectionery,1806,8903282228240
House Special Aloo Puff / Patties - 2 Pcs,CAFE-01623,GST,5,14.62,46.0,13,Prepared Snacks & Sandwiches (Cafe Service),9963,8909994004108
Signature Jeera Biscuits - 250g Box,CAFE-01624,GST,18,42.14,152.0,60,Packaged Biscuits & Cookies,1905,8901350535722
Artisan Fruit & Nut Chocolate - 100g Bar,CAFE-01625,GST,18,106.5,318.0,22,Chocolates & Confectionery,1806,8905780978302
Artisan Veg Grilled Sandwich - Standard,CAFE-01626,GST,5,73.4,175.0,11,Prepared Snacks & Sandwiches (Cafe Service),9963,8905341952814
Handcrafted Jeera Biscuits - 500g Box,CAFE-01627,GST,18,70.17,266.0,23,Packaged Biscuits & Cookies,1905,8908021889306
Suji Rusk - 400g Pack,CAFE-01628,GST,5,24.86,98.0,58,Breads & Savory (Retail),1905,8903789121397
Choco Chip Cookies - 500g Box,CAFE-01629,GST,18,153.2,425.0,36,Packaged Biscuits & Cookies,1905,8908557599408
Gourmet Choco Chip Cookies - 250g Box,CAFE-01630,GST,18,80.03,238.0,55,Packaged Biscuits & Cookies,1905,8900452898606
House Special Black Forest Pastry - 2 Slices,CAFE-01631,GST,18,84.31,222.0,16,Fresh Pastries & Cakes,1905,8904570165276
Deluxe Red Velvet Cake - 1kg,CAFE-01632,GST,18,483.13,1574.0,19,Fresh Pastries & Cakes,1905,8900253084376
Freshly Baked Paneer Tikka Wrap - Standard,CAFE-01633,GST,5,58.46,177.0,17,Prepared Snacks & Sandwiches (Cafe Service),9963,8902508423242
Pizza Base - Pack of 2,CAFE-01634,GST,5,14.58,44.0,23,Breads & Savory (Retail),1905,8904155369158
Freshly Baked Oatmeal & Raisin Cookies - 250g Box,CAFE-01635,GST,18,88.54,288.0,16,Packaged Biscuits & Cookies,1905,8906279602425
Signature Espresso - Single Shot,CAFE-01636,GST,5,47.16,116.0,12,Prepared Beverages (Cafe Service),9963,8909452315828
Freshly Baked Hot Chocolate - Regular,CAFE-01637,GST,5,53.92,199.0,15,Prepared Beverages (Cafe Service),9963,8906299172174
Multigrain Bread - 400g Pack,CAFE-01638,GST,5,26.93,79.0,49,Breads & Savory (Retail),1905,8902153926693
Signature Espresso - Double Shot,CAFE-01639,GST,5,70.21,258.0,3,Prepared Beverages (Cafe Service),9963,8903139280485
Artisan Chocolate Truffle Cake - 500g,CAFE-01640,GST,18,240.57,820.0,3,Fresh Pastries & Cakes,1905,8901933359379
Artisan Cappuccino - Regular,CAFE-01641,GST,5,73.69,165.0,20,Prepared Beverages (Cafe Service),9963,8905616225647
Mango Mousse Cup - Standard,CAFE-01642,GST,18,42.47,149.0,20,Fresh Pastries & Cakes,1905,8909230453231
Deluxe Peach Iced Tea - Large,CAFE-01643,GST,5,120.17,326.0,14,Prepared Beverages (Cafe Service),9963,8904743701945
Whole Wheat Bread - 400g Pack,CAFE-01644,GST,5,24.24,72.0,41,Breads & Savory (Retail),1905,8906505276120
House Special Paneer Tikka Wrap - Standard,CAFE-01645,GST,5,81.78,188.0,4,Prepared Snacks & Sandwiches (Cafe Service),9963,8909022311678
Gourmet Hazelnut Pralines - Box of 9,CAFE-01646,GST,18,195.75,599.0,42,Chocolates & Confectionery,1806,8903532237185
Classic Paneer Tikka Wrap - Standard,CAFE-01647,GST,5,54.42,182.0,11,Prepared Snacks & Sandwiches (Cafe Service),9963,8908563711429
Artisan Choco Chip Cookies - 250g Box,CAFE-01648,GST,18,56.44,200.0,44,Packaged Biscuits & Cookies,1905,8905398923132
Jeera Biscuits - 500g Box,CAFE-01649,GST,18,95.36,296.0,39,Packaged Biscuits & Cookies,1905,8906932784178
Pav Buns - Pack of 6,CAFE-01650,GST,5,28.24,107.0,36,Breads & Savory (Retail),1905,8903820114065
Cake Rusk - 300g Pack,CAFE-01651,GST,5,44.65,134.0,29,Breads & Savory (Retail),1905,8905127245533
House Special Mocha Frappe - Large,CAFE-01652,GST,5,175.84,509.0,17,Prepared Beverages (Cafe Service),9963,8906487849622
House Special Nankhatai - 250g Box,CAFE-01653,GST,18,82.18,184.0,41,Packaged Biscuits & Cookies,1905,8902506929656
Classic Paneer Puff - 1 Pc,CAFE-01654,GST,5,30.03,69.0,15,Prepared Snacks & Sandwiches (Cafe Service),9963,8902767293509
Freshly Baked Hot Chocolate - With Marshmallows,CAFE-01655,GST,5,109.38,255.0,20,Prepared Beverages (Cafe Service),9963,8901465022347
Freshly Baked Mango Smoothie - Regular,CAFE-01656,GST,5,62.27,246.0,20,Prepared Beverages (Cafe Service),9963,8907251840703
Multigrain Bread - 400g Pack,CAFE-01657,GST,5,24.23,83.0,24,Breads & Savory (Retail),1905,8903372094516
Artisan Green Tea - Pot,CAFE-01658,GST,5,68.88,202.0,9,Prepared Beverages (Cafe Service),9963,8902863011220
Classic Blueberry Cheesecake Slice - 1 Slice,CAFE-01659,GST,18,84.35,224.0,19,Fresh Pastries & Cakes,1905,8903336796082
Handcrafted Fruit & Nut Chocolate - 100g Bar,CAFE-01660,GST,18,93.47,313.0,59,Chocolates & Confectionery,1806,8903605494692
Freshly Baked Mango Mousse Cup - Standard,CAFE-01661,GST,18,43.5,161.0,5,Fresh Pastries & Cakes,1905,8903249519350
Premium Assorted Truffles - Box of 6,CAFE-01662,GST,18,193.01,526.0,22,Chocolates & Confectionery,1806,8907580803889
Freshly Baked Assorted Truffles - Box of 12,CAFE-01663,GST,18,382.64,884.0,18,Chocolates & Confectionery,1806,8904315668513
Freshly Baked Choco Chip Cookies - 250g Box,CAFE-01664,GST,18,89.54,232.0,34,Packaged Biscuits & Cookies,1905,8907558030901
Gourmet Mango Smoothie - Regular,CAFE-01665,GST,5,86.32,207.0,16,Prepared Beverages (Cafe Service),9963,8908401902716
Premium Egg & Cheese Croissant - Standard,CAFE-01666,GST,5,103.26,247.0,18,Prepared Snacks & Sandwiches (Cafe Service),9963,8906686119976
Signature Mocha Frappe - Regular,CAFE-01667,GST,5,98.35,228.0,3,Prepared Beverages (Cafe Service),9963,8905058353458
House Special Mango Mousse Cup - Standard,CAFE-01668,GST,18,62.76,155.0,13,Fresh Pastries & Cakes,1905,8903533998242
Premium Green Tea - Cup,CAFE-01669,GST,5,31.68,114.0,17,Prepared Beverages (Cafe Service),9963,8905801584668
Signature Hot Chocolate - Regular,CAFE-01670,GST,5,54.7,198.0,12,Prepared Beverages (Cafe Service),9963,8903272766983
House Special Oatmeal & Raisin Cookies - 250g Box,CAFE-01671,GST,18,82.23,286.0,25,Packaged Biscuits & Cookies,1905,8905285461308
Deluxe Hot Chocolate - Regular,CAFE-01672,GST,5,66.79,258.0,6,Prepared Beverages (Cafe Service),9963,8900738277771
House Special Blueberry Cheesecake Slice - 1 Slice,CAFE-01673,GST,18,58.55,206.0,18,Fresh Pastries & Cakes,1905,8906309007121
Freshly Baked Chocolate Truffle Cake - 2kg,CAFE-01674,GST,18,965.82,2638.0,11,Fresh Pastries & Cakes,1905,8907305777196
Gourmet Chocolate Brownie - 1 Pc,CAFE-01675,GST,18,42.76,141.0,13,Fresh Pastries & Cakes,1905,8906676409968
Garlic Bread Loaf - 1 Pc,CAFE-01676,GST,5,30.24,100.0,38,Breads & Savory (Retail),1905,8902242653793
Premium Dark Chocolate Bar (70%) - 100g Bar,CAFE-01677,GST,18,75.1,268.0,30,Chocolates & Confectionery,1806,8909070547360
Mango Mousse Cup - Standard,CAFE-01678,GST,18,36.51,140.0,12,Fresh Pastries & Cakes,1905,8900101626008
House Special Chocolate Truffle Cake - 1kg,CAFE-01679,GST,18,440.44,1538.0,10,Fresh Pastries & Cakes,1905,8907597833548
Handcrafted Egg & Cheese Croissant - Standard,CAFE-01680,GST,5,85.36,280.0,5,Prepared Snacks & Sandwiches (Cafe Service),9963,8904967914638
Signature Green Tea - Pot,CAFE-01681,GST,5,100.83,226.0,8,Prepared Beverages (Cafe Service),9963,8901726652824
Freshly Baked Mango Smoothie - Regular,CAFE-01682,GST,5,74.4,243.0,7,Prepared Beverages (Cafe Service),9963,8907240002086
Freshly Baked Assorted Truffles - Box of 6,CAFE-01683,GST,18,171.96,495.0,16,Chocolates & Confectionery,1806,8905190854327
Signature Vanilla Cupcake - Box of 6,CAFE-01684,GST,18,23.79,90.0,8,Fresh Pastries & Cakes,1905,8903563693010
Deluxe Black Forest Pastry - 1 Slice,CAFE-01685,GST,18,42.34,138.0,4,Fresh Pastries & Cakes,1905,8908781048028
Freshly Baked Dark Chocolate Bar (70%) - 100g Bar,CAFE-01686,GST,18,72.36,230.0,53,Chocolates & Confectionery,1806,8902909304376
Gourmet Cappuccino - Regular,CAFE-01687,GST,5,57.9,183.0,2,Prepared Beverages (Cafe Service),9963,8908122681594
Artisan Cold Coffee Classic - Large,CAFE-01688,GST,5,92.44,355.0,9,Prepared Beverages (Cafe Service),9963,8901105833096
Hot Chocolate - With Marshmallows,CAFE-01689,GST,5,58.31,231.0,5,Prepared Beverages (Cafe Service),9963,8908914269376
Premium Milk Chocolate Bar - 100g Bar,CAFE-01690,GST,18,66.35,204.0,45,Chocolates & Confectionery,1806,8901877628836
Cake Rusk - 300g Pack,CAFE-01691,GST,5,38.48,130.0,55,Breads & Savory (Retail),1905,8902762922666
Mango Smoothie - Regular,CAFE-01692,GST,5,91.36,233.0,14,Prepared Beverages (Cafe Service),9963,8901652289890
House Special Cold Coffee Classic - Regular,CAFE-01693,GST,5,76.12,182.0,12,Prepared Beverages (Cafe Service),9963,8905977726597
Deluxe Cold Coffee Classic - Regular,CAFE-01694,GST,5,51.02,196.0,13,Prepared Beverages (Cafe Service),9963,8908050141716
Jeera Biscuits - 250g Box,CAFE-01695,GST,18,37.49,138.0,52,Packaged Biscuits & Cookies,1905,8905651887114
Artisan Chicken Puff - 1 Pc,CAFE-01696,GST,5,32.63,93.0,3,Prepared Snacks & Sandwiches (Cafe Service),9963,8900924492878
Artisan Mocha Frappe - Large,CAFE-01697,GST,5,140.02,470.0,6,Prepared Beverages (Cafe Service),9963,8909301125018
Freshly Baked Espresso - Double Shot,CAFE-01698,GST,5,57.62,205.0,2,Prepared Beverages (Cafe Service),9963,8906952223369
Whole Wheat Bread - 400g Pack,CAFE-01699,GST,5,25.05,57.0,46,Breads & Savory (Retail),1905,8903024266249
Handcrafted Mocha Frappe - Regular,CAFE-01700,GST,5,80.62,284.0,11,Prepared Beverages (Cafe Service),9963,8900571446956
Artisan Hazelnut Pralines - Box of 9,CAFE-01701,GST,18,193.27,614.0,46,Chocolates & Confectionery,1806,8903544534514
House Special Green Tea - Pot,CAFE-01702,GST,5,74.55,233.0,10,Prepared Beverages (Cafe Service),9963,8908348358626
Gourmet Hot Chocolate - With Marshmallows,CAFE-01703,GST,5,80.79,253.0,9,Prepared Beverages (Cafe Service),9963,8902077587089
Gourmet Choco Chip Cookies - 250g Box,CAFE-01704,GST,18,75.5,249.0,28,Packaged Biscuits & Cookies,1905,8904436958050
Artisan Milk Chocolate Bar - 100g Bar,CAFE-01705,GST,18,57.76,202.0,53,Chocolates & Confectionery,1806,8902846720073
Choco Chip Cookies - 250g Box,CAFE-01706,GST,18,66.09,201.0,29,Packaged Biscuits & Cookies,1905,8907295450380
House Special Vanilla Cupcake - 1 Pc,CAFE-01707,GST,18,30.01,85.0,13,Fresh Pastries & Cakes,1905,8900204502814
Suji Rusk - 400g Pack,CAFE-01708,GST,5,28.0,85.0,31,Breads & Savory (Retail),1905,8903379531112
Suji Rusk - 400g Pack,CAFE-01709,GST,5,43.19,108.0,37,Breads & Savory (Retail),1905,8902742866251
Handcrafted Assorted Truffles - Box of 12,CAFE-01710,GST,18,307.49,783.0,60,Chocolates & Confectionery,1806,8905545146091
Premium Egg & Cheese Croissant - Standard,CAFE-01711,GST,5,65.33,222.0,11,Prepared Snacks & Sandwiches (Cafe Service),9963,8905553706272
Handcrafted Chicken Tikka Sandwich - Standard,CAFE-01712,GST,5,67.42,202.0,14,Prepared Snacks & Sandwiches (Cafe Service),9963,8901215756264
Artisan Chocolate Truffle Cake - 1kg,CAFE-01713,GST,18,482.47,1518.0,18,Fresh Pastries & Cakes,1905,8907620990693
Artisan Vanilla Cupcake - 1 Pc,CAFE-01714,GST,18,34.7,91.0,12,Fresh Pastries & Cakes,1905,8901670450599
Gourmet Paneer Tikka Wrap - Standard,CAFE-01715,GST,5,54.42,186.0,5,Prepared Snacks & Sandwiches (Cafe Service),9963,8902343888048
Classic Butter Cookies - 500g Box,CAFE-01716,GST,18,103.67,297.0,30,Packaged Biscuits & Cookies,1905,8906450282313
House Special Choco Chip Cookies - 500g Box,CAFE-01717,GST,18,149.59,448.0,44,Packaged Biscuits & Cookies,1905,8902991154904
Premium Milk Chocolate Bar - 100g Bar,CAFE-01718,GST,18,60.75,211.0,56,Chocolates & Confectionery,1806,8904369531029
Premium Peach Iced Tea - Regular,CAFE-01719,GST,5,54.18,159.0,20,Prepared Beverages (Cafe Service),9963,8901792651732
Classic Chicken Tikka Sandwich - Standard,CAFE-01720,GST,5,98.72,232.0,3,Prepared Snacks & Sandwiches (Cafe Service),9963,8908739221983
Handcrafted Cappuccino - Large,CAFE-01721,GST,5,103.34,313.0,17,Prepared Beverages (Cafe Service),9963,8901052987707
Milk Chocolate Bar - 100g Bar,CAFE-01722,GST,18,60.33,224.0,20,Chocolates & Confectionery,1806,8905304450020
Cake Rusk - 300g Pack,CAFE-01723,GST,5,44.5,147.0,28,Breads & Savory (Retail),1905,8904502958676
Freshly Baked Red Velvet Cake - 500g,CAFE-01724,GST,18,237.69,857.0,8,Fresh Pastries & Cakes,1905,8904675418236
Premium Chicken Tikka Sandwich - Standard,CAFE-01725,GST,5,66.32,245.0,6,Prepared Snacks & Sandwiches (Cafe Service),9963,8907210513346
Classic Pineapple Pastry - 2 Slices,CAFE-01726,GST,18,71.51,170.0,19,Fresh Pastries & Cakes,1905,8908253208316
Signature Chicken Tikka Sandwich - Standard,CAFE-01727,GST,5,97.01,215.0,19,Prepared Snacks & Sandwiches (Cafe Service),9963,8909173690789
Gourmet Milk Chocolate Bar - 100g Bar,CAFE-01728,GST,18,91.54,209.0,16,Chocolates & Confectionery,1806,8905214107071
Deluxe Hot Chocolate - With Marshmallows,CAFE-01729,GST,5,61.16,222.0,19,Prepared Beverages (Cafe Service),9963,8909512370851
Freshly Baked Pineapple Pastry - 2 Slices,CAFE-01730,GST,18,46.88,182.0,15,Fresh Pastries & Cakes,1905,8909729655619
Pav Buns - Pack of 6,CAFE-01731,GST,5,30.76,92.0,58,Breads & Savory (Retail),1905,8901886263956
Gourmet Chocolate Truffle Cake - 2kg,CAFE-01732,GST,18,1095.59,3163.0,16,Fresh Pastries & Cakes,1905,8908305573713
Artisan Cheese Croissant - 1 Pc,CAFE-01733,GST,5,62.0,152.0,11,Prepared Snacks & Sandwiches (Cafe Service),9963,8906144662763
Freshly Baked Dark Chocolate Bar (70%) - 100g Bar,CAFE-01734,GST,18,123.39,296.0,44,Chocolates & Confectionery,1806,8906142152483
Gourmet Vanilla Cupcake - Box of 6,CAFE-01735,GST,18,19.94,77.0,10,Fresh Pastries & Cakes,1905,8907046568969
Signature Cheese Croissant - 1 Pc,CAFE-01736,GST,5,50.53,162.0,9,Prepared Snacks & Sandwiches (Cafe Service),9963,8900048379363
Assorted Truffles - Box of 12,CAFE-01737,GST,18,272.55,966.0,24,Chocolates & Confectionery,1806,8909127065934
Artisan Black Forest Pastry - 2 Slices,CAFE-01738,GST,18,56.36,219.0,6,Fresh Pastries & Cakes,1905,8909118722824
Artisan Cappuccino - Regular,CAFE-01739,GST,5,69.42,167.0,20,Prepared Beverages (Cafe Service),9963,8906075789849
Cold Coffee Classic - Large,CAFE-01740,GST,5,119.57,331.0,6,Prepared Beverages (Cafe Service),9963,8901711486565
Artisan Chicken Tikka Sandwich - Standard,CAFE-01741,GST,5,69.98,216.0,12,Prepared Snacks & Sandwiches (Cafe Service),9963,8906316312975
Gourmet Jeera Biscuits - 250g Box,CAFE-01742,GST,18,42.76,140.0,53,Packaged Biscuits & Cookies,1905,8906378811938
Gourmet Fruit & Nut Chocolate - 100g Bar,CAFE-01743,GST,18,76.04,297.0,59,Chocolates & Confectionery,1806,8900130716753
Gourmet Dark Chocolate Bar (70%) - 100g Bar,CAFE-01744,GST,18,60.95,242.0,27,Chocolates & Confectionery,1806,8906131798549
Black Forest Pastry - 2 Slices,CAFE-01745,GST,18,94.05,248.0,7,Fresh Pastries & Cakes,1905,8909545858356
Whole Wheat Bread - 400g Pack,CAFE-01746,GST,5,17.26,69.0,28,Breads & Savory (Retail),1905,8909225517419
Deluxe Dark Chocolate Bar (70%) - 100g Bar,CAFE-01747,GST,18,125.42,291.0,31,Chocolates & Confectionery,1806,8907621236018
House Special Hot Chocolate - With Marshmallows,CAFE-01748,GST,5,58.35,215.0,19,Prepared Beverages (Cafe Service),9963,8904531563093
Gourmet Chocolate Brownie - Fudge,CAFE-01749,GST,18,41.97,148.0,3,Fresh Pastries & Cakes,1905,8909645987240
Handcrafted Paneer Tikka Wrap - Standard,CAFE-01750,GST,5,52.26,188.0,8,Prepared Snacks & Sandwiches (Cafe Service),9963,8905166811339
Handcrafted Hot Chocolate - With Marshmallows,CAFE-01751,GST,5,58.03,200.0,5,Prepared Beverages (Cafe Service),9963,8907340242224
Gourmet Red Velvet Cake - 500g,CAFE-01752,GST,18,396.27,1047.0,9,Fresh Pastries & Cakes,1905,8906540181444
Pizza Base - Pack of 4,CAFE-01753,GST,5,36.44,124.0,25,Breads & Savory (Retail),1905,8904350947651
Premium Vanilla Cupcake - Box of 6,CAFE-01754,GST,18,32.55,96.0,10,Fresh Pastries & Cakes,1905,8900994147539
Handcrafted Chicken Tikka Sandwich - Standard,CAFE-01755,GST,5,69.21,191.0,6,Prepared Snacks & Sandwiches (Cafe Service),9963,8904519082611
Gourmet Red Velvet Cake - 1kg,CAFE-01756,GST,18,635.23,1703.0,20,Fresh Pastries & Cakes,1905,8909202376669
Classic Hazelnut Pralines - Box of 9,CAFE-01757,GST,18,224.75,589.0,49,Chocolates & Confectionery,1806,8906194118390
Classic Egg & Cheese Croissant - Standard,CAFE-01758,GST,5,70.75,236.0,6,Prepared Snacks & Sandwiches (Cafe Service),9963,8904066283463
Pizza Base - Pack of 2,CAFE-01759,GST,5,14.42,44.0,21,Breads & Savory (Retail),1905,8908669408654
Pizza Base - Pack of 2,CAFE-01760,GST,5,11.03,43.0,23,Breads & Savory (Retail),1905,8908550743509
Choco Chip Cookies - 500g Box,CAFE-01761,GST,18,97.89,389.0,45,Packaged Biscuits & Cookies,1905,8900396964535
Gourmet Chicken Tikka Sandwich - Standard,CAFE-01762,GST,5,78.78,210.0,5,Prepared Snacks & Sandwiches (Cafe Service),9963,8908830099542
Freshly Baked Cheese Croissant - 1 Pc,CAFE-01763,GST,5,54.09,191.0,14,Prepared Snacks & Sandwiches (Cafe Service),9963,8906866798994
Premium Espresso - Double Shot,CAFE-01764,GST,5,59.96,224.0,2,Prepared Beverages (Cafe Service),9963,8906901497110
Pizza Base - Pack of 4,CAFE-01765,GST,5,36.87,113.0,37,Breads & Savory (Retail),1905,8906650518860
Handcrafted Assorted Truffles - Box of 12,CAFE-01766,GST,18,333.41,890.0,58,Chocolates & Confectionery,1806,8902343596985
Artisan Blueberry Cheesecake Slice - 1 Slice,CAFE-01767,GST,18,66.82,241.0,15,Fresh Pastries & Cakes,1905,8909375402428
Deluxe Cappuccino - Large,CAFE-01768,GST,5,91.38,349.0,16,Prepared Beverages (Cafe Service),9963,8901402503857
Freshly Baked Cafe Latte - Large,CAFE-01769,GST,5,99.69,361.0,15,Prepared Beverages (Cafe Service),9963,8903849368063
Signature Nankhatai - 250g Box,CAFE-01770,GST,18,39.06,145.0,16,Packaged Biscuits & Cookies,1905,8901278969519
Freshly Baked Dark Chocolate Bar (70%) - 100g Bar,CAFE-01771,GST,18,87.87,273.0,38,Chocolates & Confectionery,1806,8902775867036
Artisan Jeera Biscuits - 250g Box,CAFE-01772,GST,18,50.21,178.0,28,Packaged Biscuits & Cookies,1905,8904443946896
Premium Dark Chocolate Bar (70%) - 100g Bar,CAFE-01773,GST,18,77.63,265.0,24,Chocolates & Confectionery,1806,8903357617073
Freshly Baked Chocolate Brownie - With Walnut,CAFE-01774,GST,18,53.47,162.0,15,Fresh Pastries & Cakes,1905,8902626367850
Freshly Baked Cheese Croissant - 1 Pc,CAFE-01775,GST,5,46.2,182.0,13,Prepared Snacks & Sandwiches (Cafe Service),9963,8909443485295
Pav Buns - Pack of 6,CAFE-01776,GST,5,30.81,116.0,30,Breads & Savory (Retail),1905,8907676874042
Handcrafted Chocolate Brownie - With Walnut,CAFE-01777,GST,18,51.19,141.0,16,Fresh Pastries & Cakes,1905,8905341157330
Artisan Veg Grilled Sandwich - Standard,CAFE-01778,GST,5,59.63,161.0,3,Prepared Snacks & Sandwiches (Cafe Service),9963,8906565823445
Suji Rusk - 400g Pack,CAFE-01779,GST,5,22.47,88.0,27,Breads & Savory (Retail),1905,8902660004709
Artisan Assorted Truffles - Box of 6,CAFE-01780,GST,18,137.45,504.0,52,Chocolates & Confectionery,1806,8905611998996
Deluxe Butter Cookies - 250g Box,CAFE-01781,GST,18,43.99,167.0,47,Packaged Biscuits & Cookies,1905,8903746614477
Deluxe Cappuccino - Large,CAFE-01782,GST,5,154.08,339.0,16,Prepared Beverages (Cafe Service),9963,8909666829052
Jeera Biscuits - 500g Box,CAFE-01783,GST,18,130.03,290.0,56,Packaged Biscuits & Cookies,1905,8909142330292
Artisan Green Tea - Pot,CAFE-01784,GST,5,53.12,197.0,9,Prepared Beverages (Cafe Service),9963,8909862214051
Whole Wheat Bread - 400g Pack,CAFE-01785,GST,5,17.9,55.0,43,Breads & Savory (Retail),1905,8903389147852
Freshly Baked Jeera Biscuits - 500g Box,CAFE-01786,GST,18,140.6,310.0,35,Packaged Biscuits & Cookies,1905,8909441023873
Gourmet Butter Cookies - 500g Box,CAFE-01787,GST,18,85.62,322.0,46,Packaged Biscuits & Cookies,1905,8907413135183
Deluxe Chocolate Truffle Cake - 1kg,CAFE-01788,GST,18,543.71,1458.0,15,Fresh Pastries & Cakes,1905,8905815398852
Deluxe Assorted Truffles - Box of 12,CAFE-01789,GST,18,310.43,875.0,54,Chocolates & Confectionery,1806,8909098412865
Gourmet Nankhatai - 250g Box,CAFE-01790,GST,18,46.57,166.0,26,Packaged Biscuits & Cookies,1905,8903831934891
Signature Veg Grilled Sandwich - Standard,CAFE-01791,GST,5,76.82,178.0,10,Prepared Snacks & Sandwiches (Cafe Service),9963,8906342924219
Signature Nankhatai - 250g Box,CAFE-01792,GST,18,51.28,191.0,52,Packaged Biscuits & Cookies,1905,8901218527341
Premium Blueberry Cheesecake Slice - 1 Slice,CAFE-01793,GST,18,89.75,211.0,13,Fresh Pastries & Cakes,1905,8905301530304
Handcrafted Butter Cookies - 500g Box,CAFE-01794,GST,18,100.61,343.0,21,Packaged Biscuits & Cookies,1905,8900965984557
Freshly Baked Green Tea - Cup,CAFE-01795,GST,5,28.98,110.0,5,Prepared Beverages (Cafe Service),9963,8908299126994
Gourmet Choco Chip Cookies - 250g Box,CAFE-01796,GST,18,92.86,218.0,54,Packaged Biscuits & Cookies,1905,8901061669100
Classic Fruit & Nut Chocolate - 100g Bar,CAFE-01797,GST,18,126.17,308.0,22,Chocolates & Confectionery,1806,8906826822175
Gourmet Hazelnut Pralines - Box of 9,CAFE-01798,GST,18,196.38,633.0,39,Chocolates & Confectionery,1806,8902083479100
Classic Nankhatai - 250g Box,CAFE-01799,GST,18,52.67,176.0,55,Packaged Biscuits & Cookies,1905,8905722870322
Freshly Baked Black Forest Pastry - 2 Slices,CAFE-01800,GST,18,69.83,231.0,6,Fresh Pastries & Cakes,1905,8904387129514
House Special Choco Chip Cookies - 250g Box,CAFE-01801,GST,18,77.86,243.0,56,Packaged Biscuits & Cookies,1905,8900286060480
Multigrain Bread - 400g Pack,CAFE-01802,GST,5,28.82,82.0,34,Breads & Savory (Retail),1905,8907476950904
Gourmet Mango Mousse Cup - Standard,CAFE-01803,GST,18,66.74,178.0,3,Fresh Pastries & Cakes,1905,8901655623887
House Special Cheese Croissant - 1 Pc,CAFE-01804,GST,5,41.32,164.0,9,Prepared Snacks & Sandwiches (Cafe Service),9963,8901360622901
Artisan Red Velvet Cake - 1kg,CAFE-01805,GST,18,655.89,2012.0,20,Fresh Pastries & Cakes,1905,8904719903803
Deluxe Butter Cookies - 500g Box,CAFE-01806,GST,18,87.63,349.0,35,Packaged Biscuits & Cookies,1905,8903829441914
Signature Espresso - Double Shot,CAFE-01807,GST,5,88.04,214.0,9,Prepared Beverages (Cafe Service),9963,8909516730953
Cake Rusk - 300g Pack,CAFE-01808,GST,5,60.14,160.0,47,Breads & Savory (Retail),1905,8908686562925
Classic Fruit & Nut Chocolate - 100g Bar,CAFE-01809,GST,18,118.56,296.0,49,Chocolates & Confectionery,1806,8900183235306
Deluxe Paneer Puff - 1 Pc,CAFE-01810,GST,5,19.55,67.0,15,Prepared Snacks & Sandwiches (Cafe Service),9963,8907678096458
Pav Buns - Pack of 6,CAFE-01811,GST,5,28.95,107.0,45,Breads & Savory (Retail),1905,8905213531755
Deluxe Milk Chocolate Bar - 100g Bar,CAFE-01812,GST,18,72.09,222.0,49,Chocolates & Confectionery,1806,8907411486267
Butter Cookies - 250g Box,CAFE-01813,GST,18,65.79,195.0,36,Packaged Biscuits & Cookies,1905,8903496551564
Deluxe Vanilla Cupcake - Box of 4,CAFE-01814,GST,18,82.2,216.0,2,Fresh Pastries & Cakes,1905,8900935820163
Pineapple Pastry - 2 Slices,CAFE-01815,GST,18,56.11,188.0,7,Fresh Pastries & Cakes,1905,8904228483492
Deluxe Green Tea - Pot,CAFE-01816,GST,5,54.34,181.0,10,Prepared Beverages (Cafe Service),9963,8906018040334
House Special Veg Grilled Sandwich - Standard,CAFE-01817,GST,5,58.2,174.0,9,Prepared Snacks & Sandwiches (Cafe Service),9963,8905866715544
Signature Espresso - Double Shot,CAFE-01818,GST,5,60.95,232.0,3,Prepared Beverages (Cafe Service),9963,8909674627205
Freshly Baked Dark Chocolate Bar (70%) - 100g Bar,CAFE-01819,GST,18,117.58,272.0,53,Chocolates & Confectionery,1806,8902856728502
Signature Mango Mousse Cup - Standard,CAFE-01820,GST,18,42.67,160.0,17,Fresh Pastries & Cakes,1905,8907558212626
Gourmet Choco Chip Cookies - 500g Box,CAFE-01821,GST,18,132.3,413.0,33,Packaged Biscuits & Cookies,1905,8906078907519
Fruit & Nut Chocolate - 100g Bar,CAFE-01822,GST,18,97.32,294.0,38,Chocolates & Confectionery,1806,8905129441492
Gourmet Choco Chip Cookies - 250g Box,CAFE-01823,GST,18,78.11,259.0,26,Packaged Biscuits & Cookies,1905,8908385974776
Jeera Biscuits - 500g Box,CAFE-01824,GST,18,103.05,316.0,38,Packaged Biscuits & Cookies,1905,8905494343687
House Special Hazelnut Pralines - Box of 9,CAFE-01825,GST,18,174.94,637.0,26,Chocolates & Confectionery,1806,8902094907634
House Special Mango Mousse Cup - Standard,CAFE-01826,GST,18,53.29,162.0,3,Fresh Pastries & Cakes,1905,8900115477349
Freshly Baked Choco Chip Cookies - 250g Box,CAFE-01827,GST,18,79.46,244.0,26,Packaged Biscuits & Cookies,1905,8905578564135
Freshly Baked Almond Biscotti - 200g Box,CAFE-01828,GST,18,93.95,297.0,56,Packaged Biscuits & Cookies,1905,8905739523285
Oatmeal & Raisin Cookies - 250g Box,CAFE-01829,GST,18,76.63,284.0,46,Packaged Biscuits & Cookies,1905,8909475816602
Signature Aloo Puff / Patties - 1 Pc,CAFE-01830,GST,5,15.6,41.0,11,Prepared Snacks & Sandwiches (Cafe Service),9963,8907040714697
Handcrafted Assorted Truffles - Box of 12,CAFE-01831,GST,18,289.57,892.0,59,Chocolates & Confectionery,1806,8903418559508
Freshly Baked Dark Chocolate Bar (70%) - 100g Bar,CAFE-01832,GST,18,70.67,253.0,17,Chocolates & Confectionery,1806,8901703961017
Artisan Nankhatai - 250g Box,CAFE-01833,GST,18,60.22,180.0,17,Packaged Biscuits & Cookies,1905,8906794907869
Suji Rusk - 400g Pack,CAFE-01834,GST,5,26.54,92.0,22,Breads & Savory (Retail),1905,8905938967635
Cake Rusk - 300g Pack,CAFE-01835,GST,5,41.31,141.0,37,Breads & Savory (Retail),1905,8908960707228
Premium Egg & Cheese Croissant - Standard,CAFE-01836,GST,5,109.37,286.0,13,Prepared Snacks & Sandwiches (Cafe Service),9963,8901390143097
Freshly Baked Choco Chip Cookies - 500g Box,CAFE-01837,GST,18,180.98,472.0,40,Packaged Biscuits & Cookies,1905,8903579671480
Premium Milk Bread - 400g Pack,CAFE-01838,GST,5,21.06,55.0,38,Breads & Savory (Retail),1905,8906582608252
Handcrafted Hazelnut Pralines - Box of 9,CAFE-01839,GST,18,161.17,629.0,60,Chocolates & Confectionery,1806,8901288669112
Classic Dark Chocolate Bar (70%) - 100g Bar,CAFE-01840,GST,18,69.41,231.0,25,Chocolates & Confectionery,1806,8905261197892
Gourmet Nankhatai - 250g Box,CAFE-01841,GST,18,53.56,191.0,43,Packaged Biscuits & Cookies,1905,8904465325544
Deluxe Pineapple Pastry - 1 Slice,CAFE-01842,GST,18,30.76,110.0,12,Fresh Pastries & Cakes,1905,8901367380520
Whole Wheat Bread - 400g Pack,CAFE-01843,GST,5,19.71,69.0,47,Breads & Savory (Retail),1905,8904184714622
Deluxe Pineapple Pastry - 2 Slices,CAFE-01844,GST,18,66.36,175.0,10,Fresh Pastries & Cakes,1905,8900112728360
Premium Milk Bread - 400g Pack,CAFE-01845,GST,5,19.38,59.0,45,Breads & Savory (Retail),1905,8900906761837
Cafe Latte - Iced,CAFE-01846,GST,5,62.55,192.0,17,Prepared Beverages (Cafe Service),9963,8901621720488
Freshly Baked Chicken Puff - 1 Pc,CAFE-01847,GST,5,25.5,74.0,20,Prepared Snacks & Sandwiches (Cafe Service),9963,8903032645649
Premium Peach Iced Tea - Large,CAFE-01848,GST,5,131.92,310.0,3,Prepared Beverages (Cafe Service),9963,8905390649097
Freshly Baked Assorted Truffles - Box of 6,CAFE-01849,GST,18,115.39,423.0,22,Chocolates & Confectionery,1806,8909701815891
Cake Rusk - 300g Pack,CAFE-01850,GST,5,36.24,142.0,44,Breads & Savory (Retail),1905,8904215319362
Artisan Choco Chip Cookies - 500g Box,CAFE-01851,GST,18,155.19,373.0,51,Packaged Biscuits & Cookies,1905,8900887548029
Garlic Bread Loaf - 1 Pc,CAFE-01852,GST,5,34.45,107.0,34,Breads & Savory (Retail),1905,8903910657351
Freshly Baked Cold Coffee Classic - Large,CAFE-01853,GST,5,119.61,310.0,13,Prepared Beverages (Cafe Service),9963,8901021401283
Whole Wheat Bread - 400g Pack,CAFE-01854,GST,5,18.85,63.0,60,Breads & Savory (Retail),1905,8907990359717
Artisan Cappuccino - Large,CAFE-01855,GST,5,109.86,310.0,18,Prepared Beverages (Cafe Service),9963,8907094124605
Deluxe Vanilla Cupcake - Box of 4,CAFE-01856,GST,18,64.16,229.0,19,Fresh Pastries & Cakes,1905,8909533768418
Handcrafted Green Tea - Pot,CAFE-01857,GST,5,77.08,230.0,3,Prepared Beverages (Cafe Service),9963,8900643459731
Artisan Hazelnut Pralines - Box of 9,CAFE-01858,GST,18,211.62,533.0,52,Chocolates & Confectionery,1806,8906757451048
Nankhatai - 250g Box,CAFE-01859,GST,18,42.15,159.0,43,Packaged Biscuits & Cookies,1905,8903181560542
Espresso - Double Shot,CAFE-01860,GST,5,75.37,245.0,13,Prepared Beverages (Cafe Service),9963,8909476111079
Handcrafted Green Tea - Pot,CAFE-01861,GST,5,58.61,200.0,13,Prepared Beverages (Cafe Service),9963,8906572897226
Freshly Baked Fruit & Nut Chocolate - 100g Bar,CAFE-01862,GST,18,109.95,295.0,58,Chocolates & Confectionery,1806,8900390984685
Gourmet Hazelnut Pralines - Box of 9,CAFE-01863,GST,18,171.05,558.0,53,Chocolates & Confectionery,1806,8902613826870
Handcrafted Cheese Croissant - 1 Pc,CAFE-01864,GST,5,57.41,165.0,3,Prepared Snacks & Sandwiches (Cafe Service),9963,8903996263779
Pav Buns - Pack of 6,CAFE-01865,GST,5,30.79,92.0,30,Breads & Savory (Retail),1905,8905128962206
Signature Paneer Tikka Wrap - Standard,CAFE-01866,GST,5,67.15,171.0,9,Prepared Snacks & Sandwiches (Cafe Service),9963,8900239934460
Espresso - Double Shot,CAFE-01867,GST,5,96.79,258.0,9,Prepared Beverages (Cafe Service),9963,8900695235786
Premium Choco Chip Cookies - 500g Box,CAFE-01868,GST,18,132.34,373.0,45,Packaged Biscuits & Cookies,1905,8900064488548
Premium Mocha Frappe - Regular,CAFE-01869,GST,5,69.1,224.0,18,Prepared Beverages (Cafe Service),9963,8900425542805
Pav Buns - Pack of 6,CAFE-01870,GST,5,41.65,119.0,16,Breads & Savory (Retail),1905,8907868878602
Classic Red Velvet Cake - 500g,CAFE-01871,GST,18,234.34,890.0,17,Fresh Pastries & Cakes,1905,8900195866399
Dark Chocolate Bar (70%) - 100g Bar,CAFE-01872,GST,18,85.96,264.0,48,Chocolates & Confectionery,1806,8907314249562
Chicken Tikka Sandwich - Standard,CAFE-01873,GST,5,78.08,214.0,15,Prepared Snacks & Sandwiches (Cafe Service),9963,8900332888070
Artisan Mango Mousse Cup - Standard,CAFE-01874,GST,18,46.46,143.0,12,Fresh Pastries & Cakes,1905,8901202201754
Gourmet Oatmeal & Raisin Cookies - 250g Box,CAFE-01875,GST,18,79.43,246.0,23,Packaged Biscuits & Cookies,1905,8901046627501
Choco Chip Cookies - 500g Box,CAFE-01876,GST,18,152.05,410.0,18,Packaged Biscuits & Cookies,1905,8903607854833
Classic Mango Mousse Cup - Standard,CAFE-01877,GST,18,51.17,176.0,8,Fresh Pastries & Cakes,1905,8906806014579
Garlic Bread Loaf - 1 Pc,CAFE-01878,GST,5,42.88,115.0,57,Breads & Savory (Retail),1905,8908581970150
Handcrafted Assorted Truffles - Box of 12,CAFE-01879,GST,18,235.46,877.0,45,Chocolates & Confectionery,1806,8902092519201
Classic Paneer Tikka Wrap - Standard,CAFE-01880,GST,5,50.45,175.0,20,Prepared Snacks & Sandwiches (Cafe Service),9963,8907049379582
Deluxe Chicken Tikka Sandwich - Standard,CAFE-01881,GST,5,74.92,250.0,13,Prepared Snacks & Sandwiches (Cafe Service),9963,8905116397149
Premium Milk Bread - 400g Pack,CAFE-01882,GST,5,18.83,57.0,59,Breads & Savory (Retail),1905,8901424873962
Cafe Latte - Large,CAFE-01883,GST,5,81.73,316.0,9,Prepared Beverages (Cafe Service),9963,8901249773677
Pizza Base - Pack of 4,CAFE-01884,GST,5,48.13,123.0,36,Breads & Savory (Retail),1905,8904978729657
Freshly Baked Mango Mousse Cup - Standard,CAFE-01885,GST,18,46.28,145.0,3,Fresh Pastries & Cakes,1905,8902990348042
Artisan Jeera Biscuits - 500g Box,CAFE-01886,GST,18,84.05,294.0,51,Packaged Biscuits & Cookies,1905,8904091657376
Pizza Base - Pack of 2,CAFE-01887,GST,5,12.77,46.0,59,Breads & Savory (Retail),1905,8902254920369
Premium Milk Bread - 400g Pack,CAFE-01888,GST,5,17.7,59.0,18,Breads & Savory (Retail),1905,8901527311722
Freshly Baked Cold Coffee Classic - Regular,CAFE-01889,GST,5,47.35,178.0,15,Prepared Beverages (Cafe Service),9963,8909001842933
Handcrafted Nankhatai - 250g Box,CAFE-01890,GST,18,72.96,182.0,51,Packaged Biscuits & Cookies,1905,8908359667715
Premium Milk Bread - 400g Pack,CAFE-01891,GST,5,13.27,51.0,34,Breads & Savory (Retail),1905,8907365003299
Gourmet Black Forest Pastry - 1 Slice,CAFE-01892,GST,18,39.46,119.0,4,Fresh Pastries & Cakes,1905,8904427873554
Classic Assorted Truffles - Box of 12,CAFE-01893,GST,18,364.96,885.0,54,Chocolates & Confectionery,1806,8907920675493
Signature Egg & Cheese Croissant - Standard,CAFE-01894,GST,5,90.74,265.0,2,Prepared Snacks & Sandwiches (Cafe Service),9963,8904539252878
Handcrafted Dark Chocolate Bar (70%) - 100g Bar,CAFE-01895,GST,18,65.06,240.0,47,Chocolates & Confectionery,1806,8901330734533
Gourmet Chocolate Truffle Cake - 500g,CAFE-01896,GST,18,213.37,794.0,6,Fresh Pastries & Cakes,1905,8904740985372
House Special Red Velvet Cake - 500g,CAFE-01897,GST,18,225.54,868.0,14,Fresh Pastries & Cakes,1905,8900232510715
Artisan Oatmeal & Raisin Cookies - 250g Box,CAFE-01898,GST,18,72.69,285.0,32,Packaged Biscuits & Cookies,1905,8900422456411
House Special Paneer Tikka Wrap - Standard,CAFE-01899,GST,5,85.36,208.0,9,Prepared Snacks & Sandwiches (Cafe Service),9963,8908078191350
Freshly Baked Almond Biscotti - 200g Box,CAFE-01900,GST,18,130.59,347.0,19,Packaged Biscuits & Cookies,1905,8909715755716
Deluxe Hot Chocolate - Regular,CAFE-01901,GST,5,98.5,240.0,10,Prepared Beverages (Cafe Service),9963,8906306162185
House Special Hazelnut Pralines - Box of 9,CAFE-01902,GST,18,137.02,517.0,15,Chocolates & Confectionery,1806,8907615042059
Gourmet Chicken Puff - 1 Pc,CAFE-01903,GST,5,28.39,86.0,4,Prepared Snacks & Sandwiches (Cafe Service),9963,8904336080901
Gourmet Pineapple Pastry - 2 Slices,CAFE-01904,GST,18,54.17,202.0,8,Fresh Pastries & Cakes,1905,8909278888189
Premium Milk Bread - 400g Pack,CAFE-01905,GST,5,19.0,55.0,30,Breads & Savory (Retail),1905,8908816878518
Milk Chocolate Bar - 100g Bar,CAFE-01906,GST,18,64.64,183.0,17,Chocolates & Confectionery,1806,8909656882672
Handcrafted Veg Grilled Sandwich - Standard,CAFE-01907,GST,5,51.06,178.0,7,Prepared Snacks & Sandwiches (Cafe Service),9963,8900814723735
Handcrafted Cold Coffee Classic - Regular,CAFE-01908,GST,5,51.01,179.0,2,Prepared Beverages (Cafe Service),9963,8908306978999
House Special Butter Cookies - 500g Box,CAFE-01909,GST,18,117.5,387.0,28,Packaged Biscuits & Cookies,1905,8906714674906
Handcrafted Mango Smoothie - Regular,CAFE-01910,GST,5,56.34,212.0,12,Prepared Beverages (Cafe Service),9963,8907116456059
Freshly Baked Jeera Biscuits - 250g Box,CAFE-01911,GST,18,41.12,146.0,47,Packaged Biscuits & Cookies,1905,8900739200258
Signature Jeera Biscuits - 500g Box,CAFE-01912,GST,18,86.03,262.0,45,Packaged Biscuits & Cookies,1905,8907303167871
Premium Paneer Tikka Wrap - Standard,CAFE-01913,GST,5,57.13,182.0,6,Prepared Snacks & Sandwiches (Cafe Service),9963,8900124025455
Freshly Baked Black Forest Pastry - 2 Slices,CAFE-01914,GST,18,103.26,233.0,3,Fresh Pastries & Cakes,1905,8909983976738
Freshly Baked Cheese Croissant - 1 Pc,CAFE-01915,GST,5,55.76,162.0,2,Prepared Snacks & Sandwiches (Cafe Service),9963,8903438300091
Classic Choco Chip Cookies - 500g Box,CAFE-01916,GST,18,129.48,429.0,29,Packaged Biscuits & Cookies,1905,8900741799654
Deluxe Green Tea - Cup,CAFE-01917,GST,5,34.52,119.0,13,Prepared Beverages (Cafe Service),9963,8901896225275
Artisan Hazelnut Pralines - Box of 9,CAFE-01918,GST,18,197.01,522.0,23,Chocolates & Confectionery,1806,8903405677125
Freshly Baked Mango Mousse Cup - Standard,CAFE-01919,GST,18,44.73,140.0,7,Fresh Pastries & Cakes,1905,8908051666081
Garlic Bread Loaf - 1 Pc,CAFE-01920,GST,5,42.51,116.0,32,Breads & Savory (Retail),1905,8907909863615
Pav Buns - Pack of 6,CAFE-01921,GST,5,31.32,100.0,33,Breads & Savory (Retail),1905,8904420224824
Premium Chicken Puff - 1 Pc,CAFE-01922,GST,5,25.74,78.0,16,Prepared Snacks & Sandwiches (Cafe Service),9963,8901450311802
Freshly Baked Green Tea - Cup,CAFE-01923,GST,5,38.02,125.0,9,Prepared Beverages (Cafe Service),9963,8909606104718
Chicken Tikka Sandwich - Standard,CAFE-01924,GST,5,72.55,240.0,12,Prepared Snacks & Sandwiches (Cafe Service),9963,8906924768834
Freshly Baked Black Forest Pastry - 1 Slice,CAFE-01925,GST,18,46.88,111.0,4,Fresh Pastries & Cakes,1905,8908118140513
Suji Rusk - 400g Pack,CAFE-01926,GST,5,30.85,105.0,34,Breads & Savory (Retail),1905,8904708560940
Freshly Baked Peach Iced Tea - Regular,CAFE-01927,GST,5,56.66,176.0,18,Prepared Beverages (Cafe Service),9963,8903103145645
Handcrafted Cafe Latte - Regular,CAFE-01928,GST,5,48.0,190.0,10,Prepared Beverages (Cafe Service),9963,8900740337449
Artisan Fruit & Nut Chocolate - 100g Bar,CAFE-01929,GST,18,115.94,303.0,53,Chocolates & Confectionery,1806,8901369412641
Signature Vanilla Cupcake - 1 Pc,CAFE-01930,GST,18,21.31,76.0,16,Fresh Pastries & Cakes,1905,8905318057631
Artisan Assorted Truffles - Box of 6,CAFE-01931,GST,18,164.4,540.0,56,Chocolates & Confectionery,1806,8905461253606
Freshly Baked Butter Cookies - 250g Box,CAFE-01932,GST,18,47.56,186.0,40,Packaged Biscuits & Cookies,1905,8907948698948
Handcrafted Nankhatai - 250g Box,CAFE-01933,GST,18,43.04,145.0,40,Packaged Biscuits & Cookies,1905,8901007701773
Hazelnut Pralines - Box of 9,CAFE-01934,GST,18,197.13,645.0,27,Chocolates & Confectionery,1806,8900781117196
Black Forest Pastry - 2 Slices,CAFE-01935,GST,18,50.78,196.0,10,Fresh Pastries & Cakes,1905,8904415596743
Garlic Bread Loaf - 1 Pc,CAFE-01936,GST,5,30.96,123.0,36,Breads & Savory (Retail),1905,8905239170335
Premium Milk Bread - 400g Pack,CAFE-01937,GST,5,14.86,54.0,52,Breads & Savory (Retail),1905,8902665361977
Whole Wheat Bread - 400g Pack,CAFE-01938,GST,5,18.86,71.0,42,Breads & Savory (Retail),1905,8902487238586
Almond Biscotti - 200g Box,CAFE-01939,GST,18,98.94,303.0,39,Packaged Biscuits & Cookies,1905,8908714134931
Artisan Green Tea - Pot,CAFE-01940,GST,5,71.39,204.0,19,Prepared Beverages (Cafe Service),9963,8901735792116
Suji Rusk - 400g Pack,CAFE-01941,GST,5,30.7,100.0,54,Breads & Savory (Retail),1905,8903546463989
Freshly Baked Espresso - Single Shot,CAFE-01942,GST,5,39.63,132.0,12,Prepared Beverages (Cafe Service),9963,8905703934271
Gourmet Fruit & Nut Chocolate - 100g Bar,CAFE-01943,GST,18,102.16,332.0,24,Chocolates & Confectionery,1806,8905529050926
Premium Black Forest Pastry - 1 Slice,CAFE-01944,GST,18,37.43,136.0,5,Fresh Pastries & Cakes,1905,8900156161973
Aloo Puff / Patties - 2 Pcs,CAFE-01945,GST,5,18.74,44.0,4,Prepared Snacks & Sandwiches (Cafe Service),9963,8903008823846
Handcrafted Veg Grilled Sandwich - Cheese Burst,CAFE-01946,GST,5,41.31,141.0,8,Prepared Snacks & Sandwiches (Cafe Service),9963,8901044817736
Premium Oatmeal & Raisin Cookies - 250g Box,CAFE-01947,GST,18,111.22,270.0,19,Packaged Biscuits & Cookies,1905,8908822063186
Gourmet Butter Cookies - 500g Box,CAFE-01948,GST,18,89.4,298.0,60,Packaged Biscuits & Cookies,1905,8903023641693
House Special Mango Smoothie - Regular,CAFE-01949,GST,5,74.91,247.0,4,Prepared Beverages (Cafe Service),9963,8906764032391
Classic Fruit & Nut Chocolate - 100g Bar,CAFE-01950,GST,18,136.22,334.0,49,Chocolates & Confectionery,1806,8902671269379
Classic Nankhatai - 250g Box,CAFE-01951,GST,18,68.39,189.0,54,Packaged Biscuits & Cookies,1905,8906444843686
Premium Chicken Tikka Sandwich - Standard,CAFE-01952,GST,5,52.69,208.0,9,Prepared Snacks & Sandwiches (Cafe Service),9963,8900640980587
House Special Cappuccino - Large,CAFE-01953,GST,5,110.13,360.0,3,Prepared Beverages (Cafe Service),9963,8906278790259
Freshly Baked Chocolate Truffle Cake - 500g,CAFE-01954,GST,18,242.3,949.0,16,Fresh Pastries & Cakes,1905,8902162660323
Premium Nankhatai - 250g Box,CAFE-01955,GST,18,76.85,170.0,54,Packaged Biscuits & Cookies,1905,8905599977379
Suji Rusk - 400g Pack,CAFE-01956,GST,5,31.88,90.0,51,Breads & Savory (Retail),1905,8902474111736
Deluxe Espresso - Single Shot,CAFE-01957,GST,5,31.29,123.0,14,Prepared Beverages (Cafe Service),9963,8907611258423
Premium Milk Bread - 400g Pack,CAFE-01958,GST,5,15.77,46.0,30,Breads & Savory (Retail),1905,8900829248287
Multigrain Bread - 400g Pack,CAFE-01959,GST,5,27.12,93.0,48,Breads & Savory (Retail),1905,8908312736548
Artisan Choco Chip Cookies - 250g Box,CAFE-01960,GST,18,103.53,229.0,54,Packaged Biscuits & Cookies,1905,8907084287416
Dark Chocolate Bar (70%) - 100g Bar,CAFE-01961,GST,18,77.56,277.0,28,Chocolates & Confectionery,1806,8906512955510
Artisan Mango Mousse Cup - Standard,CAFE-01962,GST,18,47.69,158.0,19,Fresh Pastries & Cakes,1905,8904226230036
Classic Chocolate Brownie - 1 Pc,CAFE-01963,GST,18,59.94,136.0,18,Fresh Pastries & Cakes,1905,8903034243753
Chicken Tikka Sandwich - Standard,CAFE-01964,GST,5,50.48,198.0,2,Prepared Snacks & Sandwiches (Cafe Service),9963,8909166316696
Artisan Cheese Croissant - 1 Pc,CAFE-01965,GST,5,41.66,156.0,10,Prepared Snacks & Sandwiches (Cafe Service),9963,8905441061664
Artisan Cheese Croissant - 1 Pc,CAFE-01966,GST,5,65.14,177.0,12,Prepared Snacks & Sandwiches (Cafe Service),9963,8908015176429
Artisan Cafe Latte - Iced,CAFE-01967,GST,5,74.66,204.0,5,Prepared Beverages (Cafe Service),9963,8905050969961
House Special Dark Chocolate Bar (70%) - 100g Bar,CAFE-01968,GST,18,82.88,288.0,38,Chocolates & Confectionery,1806,8902322805883
Signature Peach Iced Tea - Large,CAFE-01969,GST,5,107.52,289.0,3,Prepared Beverages (Cafe Service),9963,8904762539501
Classic Pineapple Pastry - 2 Slices,CAFE-01970,GST,18,74.24,206.0,15,Fresh Pastries & Cakes,1905,8902778882603
Deluxe Chocolate Brownie - With Walnut,CAFE-01971,GST,18,38.28,151.0,2,Fresh Pastries & Cakes,1905,8904588097186
Classic Blueberry Cheesecake Slice - 1 Slice,CAFE-01972,GST,18,62.51,238.0,13,Fresh Pastries & Cakes,1905,8905459205596
Handcrafted Mocha Frappe - Large,CAFE-01973,GST,5,117.67,467.0,4,Prepared Beverages (Cafe Service),9963,8901379830457
Freshly Baked Cafe Latte - Large,CAFE-01974,GST,5,90.63,341.0,5,Prepared Beverages (Cafe Service),9963,8901608958970
Classic Mango Mousse Cup - Standard,CAFE-01975,GST,18,54.49,140.0,14,Fresh Pastries & Cakes,1905,8908960083476
Deluxe Assorted Truffles - Box of 6,CAFE-01976,GST,18,129.26,491.0,52,Chocolates & Confectionery,1806,8909307461139
Handcrafted Cheese Croissant - 1 Pc,CAFE-01977,GST,5,38.89,149.0,12,Prepared Snacks & Sandwiches (Cafe Service),9963,8906033878852
Deluxe Paneer Puff - 1 Pc,CAFE-01978,GST,5,20.74,66.0,10,Prepared Snacks & Sandwiches (Cafe Service),9963,8903976309007
Pav Buns - Pack of 6,CAFE-01979,GST,5,32.41,107.0,56,Breads & Savory (Retail),1905,8904457444107
Gourmet Cafe Latte - Iced,CAFE-01980,GST,5,53.39,179.0,12,Prepared Beverages (Cafe Service),9963,8904347591604
Suji Rusk - 400g Pack,CAFE-01981,GST,5,24.24,95.0,55,Breads & Savory (Retail),1905,8909079965857
House Special Egg & Cheese Croissant - Standard,CAFE-01982,GST,5,61.88,246.0,19,Prepared Snacks & Sandwiches (Cafe Service),9963,8901678434073
Premium Chocolate Brownie - Fudge,CAFE-01983,GST,18,43.1,160.0,16,Fresh Pastries & Cakes,1905,8906135007883
Signature Cafe Latte - Regular,CAFE-01984,GST,5,52.29,182.0,12,Prepared Beverages (Cafe Service),9963,8904033699952
Classic Paneer Puff - 1 Pc,CAFE-01985,GST,5,16.21,58.0,6,Prepared Snacks & Sandwiches (Cafe Service),9963,8906532735514
Freshly Baked Cheese Croissant - 1 Pc,CAFE-01986,GST,5,75.33,173.0,6,Prepared Snacks & Sandwiches (Cafe Service),9963,8902347714695
House Special Red Velvet Cake - 1kg,CAFE-01987,GST,18,500.76,1728.0,3,Fresh Pastries & Cakes,1905,8902006174136
Oatmeal & Raisin Cookies - 250g Box,CAFE-01988,GST,18,80.76,246.0,40,Packaged Biscuits & Cookies,1905,8901218939127
House Special Assorted Truffles - Box of 12,CAFE-01989,GST,18,208.92,736.0,21,Chocolates & Confectionery,1806,8902228305644
Signature Mango Smoothie - Regular,CAFE-01990,GST,5,59.44,231.0,13,Prepared Beverages (Cafe Service),9963,8905559502635
Handcrafted Espresso - Double Shot,CAFE-01991,GST,5,71.29,226.0,11,Prepared Beverages (Cafe Service),9963,8903327639904
Artisan Hazelnut Pralines - Box of 9,CAFE-01992,GST,18,168.42,581.0,30,Chocolates & Confectionery,1806,8906962690222
House Special Chocolate Brownie - With Walnut,CAFE-01993,GST,18,52.73,154.0,16,Fresh Pastries & Cakes,1905,8909067015120
Freshly Baked Red Velvet Cake - 500g,CAFE-01994,GST,18,417.31,943.0,15,Fresh Pastries & Cakes,1905,8909721621833
Dark Chocolate Bar (70%) - 100g Bar,CAFE-01995,GST,18,61.47,237.0,56,Chocolates & Confectionery,1806,8909210530712
Cake Rusk - 300g Pack,CAFE-01996,GST,5,67.58,164.0,24,Breads & Savory (Retail),1905,8908377427054
Deluxe Paneer Puff - 1 Pc,CAFE-01997,GST,5,21.33,64.0,7,Prepared Snacks & Sandwiches (Cafe Service),9963,8908206322801
Cake Rusk - 300g Pack,CAFE-01998,GST,5,39.52,137.0,38,Breads & Savory (Retail),1905,8908952476096
Freshly Baked Assorted Truffles - Box of 12,CAFE-01999,GST,18,242.28,836.0,31,Chocolates & Confectionery,1806,8905257378747
Artisan Mango Smoothie - Regular,CAFE-02000,GST,5,59.31,217.0,10,Prepared Beverages (Cafe Service),9963,8906577706129
Deluxe Cheese Croissant - 1 Pc,CAFE-02001,GST,5,54.49,159.0,3,Prepared Snacks & Sandwiches (Cafe Service),9963,8909282616417
Signature Black Forest Pastry - 2 Slices,CAFE-02002,GST,18,107.11,250.0,18,Fresh Pastries & Cakes,1905,8906056688031
Freshly Baked Hazelnut Pralines - Box of 9,CAFE-02003,GST,18,167.3,660.0,51,Chocolates & Confectionery,1806,8905127983124
Suji Rusk - 400g Pack,CAFE-02004,GST,5,36.86,99.0,40,Breads & Savory (Retail),1905,8900199198480
Premium Cheese Croissant - 1 Pc,CAFE-02005,GST,5,48.46,167.0,14,Prepared Snacks & Sandwiches (Cafe Service),9963,8907152077107
Signature Butter Cookies - 500g Box,CAFE-02006,GST,18,79.14,313.0,52,Packaged Biscuits & Cookies,1905,8905796724610
Artisan Butter Cookies - 250g Box,CAFE-02007,GST,18,65.69,212.0,15,Packaged Biscuits & Cookies,1905,8900701785020
House Special Butter Cookies - 250g Box,CAFE-02008,GST,18,61.54,198.0,25,Packaged Biscuits & Cookies,1905,8903920102975
Handcrafted Cheese Croissant - 1 Pc,CAFE-02009,GST,5,52.12,176.0,12,Prepared Snacks & Sandwiches (Cafe Service),9963,8903965974425
Cake Rusk - 300g Pack,CAFE-02010,GST,5,54.47,128.0,33,Breads & Savory (Retail),1905,8901537405133
Gourmet Hot Chocolate - With Marshmallows,CAFE-02011,GST,5,86.2,251.0,20,Prepared Beverages (Cafe Service),9963,8909768160855
Freshly Baked Cappuccino - Large,CAFE-02012,GST,5,153.27,350.0,13,Prepared Beverages (Cafe Service),9963,8908496881449
Signature Veg Grilled Sandwich - Standard,CAFE-02013,GST,5,48.97,178.0,18,Prepared Snacks & Sandwiches (Cafe Service),9963,8906240574450
Classic Chicken Puff - 1 Pc,CAFE-02014,GST,5,21.81,78.0,12,Prepared Snacks & Sandwiches (Cafe Service),9963,8902791111085
Gourmet Assorted Truffles - Box of 12,CAFE-02015,GST,18,234.36,894.0,54,Chocolates & Confectionery,1806,8908593213596
Handcrafted Red Velvet Cake - 500g,CAFE-02016,GST,18,414.87,1061.0,10,Fresh Pastries & Cakes,1905,8908002264259
House Special Cafe Latte - Regular,CAFE-02017,GST,5,80.48,220.0,7,Prepared Beverages (Cafe Service),9963,8909878192147
Handcrafted Milk Chocolate Bar - 100g Bar,CAFE-02018,GST,18,89.64,198.0,26,Chocolates & Confectionery,1806,8909371784721
Handcrafted Jeera Biscuits - 250g Box,CAFE-02019,GST,18,50.99,143.0,18,Packaged Biscuits & Cookies,1905,8904529267698
Handcrafted Cheese Croissant - 1 Pc,CAFE-02020,GST,5,59.22,160.0,18,Prepared Snacks & Sandwiches (Cafe Service),9963,8904741340192
Gourmet Fruit & Nut Chocolate - 100g Bar,CAFE-02021,GST,18,87.26,336.0,59,Chocolates & Confectionery,1806,8905962751934
Premium Hot Chocolate - Regular,CAFE-02022,GST,5,76.98,208.0,18,Prepared Beverages (Cafe Service),9963,8904479365611
Classic Jeera Biscuits - 500g Box,CAFE-02023,GST,18,86.65,300.0,30,Packaged Biscuits & Cookies,1905,8900706594805
Whole Wheat Bread - 400g Pack,CAFE-02024,GST,5,23.0,56.0,55,Breads & Savory (Retail),1905,8904330372718
Freshly Baked Cafe Latte - Large,CAFE-02025,GST,5,94.07,355.0,15,Prepared Beverages (Cafe Service),9963,8903112138078
Pav Buns - Pack of 6,CAFE-02026,GST,5,36.77,102.0,34,Breads & Savory (Retail),1905,8905985866356
Premium Almond Biscotti - 200g Box,CAFE-02027,GST,18,150.11,338.0,55,Packaged Biscuits & Cookies,1905,8908825212886
Espresso - Double Shot,CAFE-02028,GST,5,65.01,212.0,18,Prepared Beverages (Cafe Service),9963,8904288284705
Premium Milk Bread - 400g Pack,CAFE-02029,GST,5,14.82,55.0,25,Breads & Savory (Retail),1905,8909887123203
Freshly Baked Green Tea - Pot,CAFE-02030,GST,5,62.07,186.0,17,Prepared Beverages (Cafe Service),9963,8908626852728
Signature Green Tea - Cup,CAFE-02031,GST,5,33.44,104.0,17,Prepared Beverages (Cafe Service),9963,8907834710628
Garlic Bread Loaf - 1 Pc,CAFE-02032,GST,5,35.41,126.0,55,Breads & Savory (Retail),1905,8905735623277
Freshly Baked Assorted Truffles - Box of 6,CAFE-02033,GST,18,160.06,450.0,37,Chocolates & Confectionery,1806,8909730273228
Freshly Baked Jeera Biscuits - 250g Box,CAFE-02034,GST,18,46.14,167.0,17,Packaged Biscuits & Cookies,1905,8902555468939
Freshly Baked Peach Iced Tea - Regular,CAFE-02035,GST,5,50.54,149.0,19,Prepared Beverages (Cafe Service),9963,8908159646738
Mocha Frappe - Large,CAFE-02036,GST,5,99.11,390.0,10,Prepared Beverages (Cafe Service),9963,8908467332291
Deluxe Dark Chocolate Bar (70%) - 100g Bar,CAFE-02037,GST,18,95.27,270.0,44,Chocolates & Confectionery,1806,8907006239459
Gourmet Aloo Puff / Patties - 1 Pc,CAFE-02038,GST,5,12.67,39.0,2,Prepared Snacks & Sandwiches (Cafe Service),9963,8908953012033
Signature Veg Grilled Sandwich - Standard,CAFE-02039,GST,5,53.73,167.0,4,Prepared Snacks & Sandwiches (Cafe Service),9963,8906283356890
Artisan Nankhatai - 250g Box,CAFE-02040,GST,18,76.22,170.0,22,Packaged Biscuits & Cookies,1905,8905337435670
Pav Buns - Pack of 6,CAFE-02041,GST,5,34.66,105.0,35,Breads & Savory (Retail),1905,8906596957945
Mocha Frappe - Large,CAFE-02042,GST,5,117.0,463.0,2,Prepared Beverages (Cafe Service),9963,8905536291714
Premium Paneer Puff - 1 Pc,CAFE-02043,GST,5,19.26,64.0,7,Prepared Snacks & Sandwiches (Cafe Service),9963,8905252078821
Premium Mocha Frappe - Regular,CAFE-02044,GST,5,74.76,260.0,4,Prepared Beverages (Cafe Service),9963,8904574452030
Gourmet Dark Chocolate Bar (70%) - 100g Bar,CAFE-02045,GST,18,74.46,282.0,44,Chocolates & Confectionery,1806,8903088240353
Whole Wheat Bread - 400g Pack,CAFE-02046,GST,5,25.79,70.0,59,Breads & Savory (Retail),1905,8902936340941
Whole Wheat Bread - 400g Pack,CAFE-02047,GST,5,19.78,67.0,37,Breads & Savory (Retail),1905,8907959900479
Signature Butter Cookies - 250g Box,CAFE-02048,GST,18,75.77,211.0,41,Packaged Biscuits & Cookies,1905,8900189113434
Premium Paneer Puff - 1 Pc,CAFE-02049,GST,5,17.67,58.0,15,Prepared Snacks & Sandwiches (Cafe Service),9963,8902768612734
Whole Wheat Bread - 400g Pack,CAFE-02050,GST,5,21.62,54.0,20,Breads & Savory (Retail),1905,8903813014948
Deluxe Chocolate Truffle Cake - 2kg,CAFE-02051,GST,18,1448.5,3319.0,19,Fresh Pastries & Cakes,1905,8908196645231
Deluxe Chicken Tikka Sandwich - Standard,CAFE-02052,GST,5,58.4,199.0,8,Prepared Snacks & Sandwiches (Cafe Service),9963,8905683172366
Premium Espresso - Double Shot,CAFE-02053,GST,5,107.52,253.0,8,Prepared Beverages (Cafe Service),9963,8908919187405
Signature Pineapple Pastry - 1 Slice,CAFE-02054,GST,18,50.42,113.0,9,Fresh Pastries & Cakes,1905,8904495607148
Artisan Green Tea - Pot,CAFE-02055,GST,5,73.4,227.0,13,Prepared Beverages (Cafe Service),9963,8902572316316
Deluxe Red Velvet Cake - 1kg,CAFE-02056,GST,18,808.17,1913.0,3,Fresh Pastries & Cakes,1905,8905703996306
Artisan Peach Iced Tea - Regular,CAFE-02057,GST,5,48.88,161.0,14,Prepared Beverages (Cafe Service),9963,8909669323370
House Special Chocolate Brownie - 1 Pc,CAFE-02058,GST,18,66.79,148.0,2,Fresh Pastries & Cakes,1905,8909714086332
Pizza Base - Pack of 2,CAFE-02059,GST,5,17.4,51.0,49,Breads & Savory (Retail),1905,8907448883923
Mocha Frappe - Regular,CAFE-02060,GST,5,102.2,251.0,12,Prepared Beverages (Cafe Service),9963,8908258545513
Artisan Chicken Tikka Sandwich - Standard,CAFE-02061,GST,5,64.85,250.0,18,Prepared Snacks & Sandwiches (Cafe Service),9963,8902367883873
Signature Hot Chocolate - Regular,CAFE-02062,GST,5,103.16,233.0,9,Prepared Beverages (Cafe Service),9963,8906475846648
Premium Peach Iced Tea - Large,CAFE-02063,GST,5,95.01,293.0,4,Prepared Beverages (Cafe Service),9963,8902063175529
Artisan Peach Iced Tea - Large,CAFE-02064,GST,5,94.9,270.0,11,Prepared Beverages (Cafe Service),9963,8900811441572
Signature Chicken Tikka Sandwich - Standard,CAFE-02065,GST,5,61.24,233.0,4,Prepared Snacks & Sandwiches (Cafe Service),9963,8906861146036
Gourmet Pineapple Pastry - 1 Slice,CAFE-02066,GST,18,50.0,112.0,12,Fresh Pastries & Cakes,1905,8905546542683
Signature Mango Smoothie - Regular,CAFE-02067,GST,5,93.18,220.0,10,Prepared Beverages (Cafe Service),9963,8900344545956
Signature Espresso - Single Shot,CAFE-02068,GST,5,38.58,144.0,4,Prepared Beverages (Cafe Service),9963,8909622723869
Premium Cold Coffee Classic - Regular,CAFE-02069,GST,5,53.02,186.0,16,Prepared Beverages (Cafe Service),9963,8903683850957
Artisan Red Velvet Cake - 1kg,CAFE-02070,GST,18,589.99,1940.0,4,Fresh Pastries & Cakes,1905,8906508113640
Pizza Base - Pack of 4,CAFE-02071,GST,5,29.19,110.0,45,Breads & Savory (Retail),1905,8907006279595
Classic Assorted Truffles - Box of 12,CAFE-02072,GST,18,307.42,873.0,33,Chocolates & Confectionery,1806,8909669542175
House Special Cafe Latte - Large,CAFE-02073,GST,5,146.8,325.0,2,Prepared Beverages (Cafe Service),9963,8901617344794
Signature Milk Chocolate Bar - 100g Bar,CAFE-02074,GST,18,82.52,199.0,41,Chocolates & Confectionery,1806,8903832648971
Premium Assorted Truffles - Box of 6,CAFE-02075,GST,18,153.1,465.0,21,Chocolates & Confectionery,1806,8902945761304
Premium Aloo Puff / Patties - 2 Pcs,CAFE-02076,GST,5,11.78,44.0,7,Prepared Snacks & Sandwiches (Cafe Service),9963,8903552833728
Handcrafted Mocha Frappe - Large,CAFE-02077,GST,5,144.75,463.0,8,Prepared Beverages (Cafe Service),9963,8900265647711
Premium Nankhatai - 250g Box,CAFE-02078,GST,18,48.97,184.0,44,Packaged Biscuits & Cookies,1905,8900894107911
Freshly Baked Cappuccino - Regular,CAFE-02079,GST,5,79.58,212.0,14,Prepared Beverages (Cafe Service),9963,8901198309754
Pizza Base - Pack of 4,CAFE-02080,GST,5,36.57,134.0,57,Breads & Savory (Retail),1905,8908852377487
Handcrafted Espresso - Single Shot,CAFE-02081,GST,5,33.71,128.0,6,Prepared Beverages (Cafe Service),9963,8905325121808
Multigrain Bread - 400g Pack,CAFE-02082,GST,5,26.43,86.0,54,Breads & Savory (Retail),1905,8906660286538
Suji Rusk - 400g Pack,CAFE-02083,GST,5,31.46,92.0,57,Breads & Savory (Retail),1905,8908210037090
Handcrafted Espresso - Single Shot,CAFE-02084,GST,5,54.99,127.0,18,Prepared Beverages (Cafe Service),9963,8906693207098
Pizza Base - Pack of 4,CAFE-02085,GST,5,30.71,106.0,42,Breads & Savory (Retail),1905,8907487629650
House Special Cold Coffee Classic - Large,CAFE-02086,GST,5,104.18,312.0,15,Prepared Beverages (Cafe Service),9963,8907654198281
Handcrafted Cold Coffee Classic - Large,CAFE-02087,GST,5,148.67,328.0,3,Prepared Beverages (Cafe Service),9963,8903452202626
Signature Egg & Cheese Croissant - Standard,CAFE-02088,GST,5,63.6,225.0,10,Prepared Snacks & Sandwiches (Cafe Service),9963,8905257330907
Signature Butter Cookies - 500g Box,CAFE-02089,GST,18,108.77,324.0,36,Packaged Biscuits & Cookies,1905,8902247675125
Handcrafted Fruit & Nut Chocolate - 100g Bar,CAFE-02090,GST,18,97.69,316.0,16,Chocolates & Confectionery,1806,8900536693327
Freshly Baked Hot Chocolate - Regular,CAFE-02091,GST,5,65.53,207.0,13,Prepared Beverages (Cafe Service),9963,8906283723722
Premium Nankhatai - 250g Box,CAFE-02092,GST,18,39.91,146.0,60,Packaged Biscuits & Cookies,1905,8907008942340
Pav Buns - Pack of 6,CAFE-02093,GST,5,36.64,96.0,27,Breads & Savory (Retail),1905,8901883845612
Deluxe Almond Biscotti - 200g Box,CAFE-02094,GST,18,156.56,348.0,44,Packaged Biscuits & Cookies,1905,8903719851769
Gourmet Hazelnut Pralines - Box of 9,CAFE-02095,GST,18,146.26,544.0,37,Chocolates & Confectionery,1806,8904421578379
Freshly Baked Dark Chocolate Bar (70%) - 100g Bar,CAFE-02096,GST,18,88.28,227.0,24,Chocolates & Confectionery,1806,8907396885934
Dark Chocolate Bar (70%) - 100g Bar,CAFE-02097,GST,18,69.39,228.0,54,Chocolates & Confectionery,1806,8909783315032
House Special Mango Mousse Cup - Standard,CAFE-02098,GST,18,47.46,171.0,2,Fresh Pastries & Cakes,1905,8902506668606
Freshly Baked Hazelnut Pralines - Box of 9,CAFE-02099,GST,18,189.31,577.0,34,Chocolates & Confectionery,1806,8909986328959
Deluxe Black Forest Pastry - 1 Slice,CAFE-02100,GST,18,43.5,120.0,17,Fresh Pastries & Cakes,1905,8906221559637
Signature Choco Chip Cookies - 500g Box,CAFE-02101,GST,18,160.35,427.0,36,Packaged Biscuits & Cookies,1905,8909403895546
Signature Jeera Biscuits - 500g Box,CAFE-02102,GST,18,108.04,249.0,46,Packaged Biscuits & Cookies,1905,8903002102736
Classic Hazelnut Pralines - Box of 9,CAFE-02103,GST,18,190.5,553.0,44,Chocolates & Confectionery,1806,8903223487493
Gourmet Chicken Tikka Sandwich - Standard,CAFE-02104,GST,5,79.65,189.0,5,Prepared Snacks & Sandwiches (Cafe Service),9963,8900904886607
Multigrain Bread - 400g Pack,CAFE-02105,GST,5,22.19,79.0,50,Breads & Savory (Retail),1905,8909378595417
Espresso - Single Shot,CAFE-02106,GST,5,48.44,115.0,15,Prepared Beverages (Cafe Service),9963,8904581045734
Freshly Baked Green Tea - Pot,CAFE-02107,GST,5,64.24,233.0,9,Prepared Beverages (Cafe Service),9963,8908780528905
Premium Green Tea - Pot,CAFE-02108,GST,5,70.42,211.0,11,Prepared Beverages (Cafe Service),9963,8907719888374
Pizza Base - Pack of 4,CAFE-02109,GST,5,41.7,122.0,35,Breads & Savory (Retail),1905,8909380625023
Gourmet Vanilla Cupcake - Box of 4,CAFE-02110,GST,18,58.25,228.0,7,Fresh Pastries & Cakes,1905,8904343548695
Whole Wheat Bread - 400g Pack,CAFE-02111,GST,5,22.76,66.0,30,Breads & Savory (Retail),1905,8908710880354
Gourmet Cold Coffee Classic - Large,CAFE-02112,GST,5,100.39,275.0,3,Prepared Beverages (Cafe Service),9963,8903764747691
Premium Assorted Truffles - Box of 12,CAFE-02113,GST,18,321.37,774.0,36,Chocolates & Confectionery,1806,8900396558681
Artisan Fruit & Nut Chocolate - 100g Bar,CAFE-02114,GST,18,115.85,318.0,35,Chocolates & Confectionery,1806,8908933352866
Deluxe Pineapple Pastry - 1 Slice,CAFE-02115,GST,18,27.9,99.0,2,Fresh Pastries & Cakes,1905,8902957380101
Pizza Base - Pack of 4,CAFE-02116,GST,5,32.75,104.0,38,Breads & Savory (Retail),1905,8908061949991
Cake Rusk - 300g Pack,CAFE-02117,GST,5,58.11,163.0,51,Breads & Savory (Retail),1905,8901939687186
Handcrafted Hazelnut Pralines - Box of 9,CAFE-02118,GST,18,223.36,496.0,34,Chocolates & Confectionery,1806,8909293285071
Classic Chicken Puff - 1 Pc,CAFE-02119,GST,5,36.59,95.0,6,Prepared Snacks & Sandwiches (Cafe Service),9963,8901349522094
Handcrafted Black Forest Pastry - 1 Slice,CAFE-02120,GST,18,59.62,139.0,17,Fresh Pastries & Cakes,1905,8907588562748
Premium Vanilla Cupcake - Box of 4,CAFE-02121,GST,18,47.76,184.0,7,Fresh Pastries & Cakes,1905,8906203069516
Classic Jeera Biscuits - 250g Box,CAFE-02122,GST,18,43.78,140.0,18,Packaged Biscuits & Cookies,1905,8901811239933
House Special Chocolate Truffle Cake - 1kg,CAFE-02123,GST,18,437.04,1548.0,17,Fresh Pastries & Cakes,1905,8909206231459
Artisan Mango Smoothie - Regular,CAFE-02124,GST,5,70.67,245.0,5,Prepared Beverages (Cafe Service),9963,8909680450521
Signature Chocolate Truffle Cake - 500g,CAFE-02125,GST,18,411.65,910.0,5,Fresh Pastries & Cakes,1905,8906418044608
Premium Assorted Truffles - Box of 12,CAFE-02126,GST,18,216.83,791.0,50,Chocolates & Confectionery,1806,8903469544950
Deluxe Espresso - Double Shot,CAFE-02127,GST,5,53.39,197.0,16,Prepared Beverages (Cafe Service),9963,8904566983985
Freshly Baked Veg Grilled Sandwich - Cheese Burst,CAFE-02128,GST,5,35.52,141.0,4,Prepared Snacks & Sandwiches (Cafe Service),9963,8904290495776
Suji Rusk - 400g Pack,CAFE-02129,GST,5,30.36,89.0,39,Breads & Savory (Retail),1905,8909195301647
Cake Rusk - 300g Pack,CAFE-02130,GST,5,49.26,168.0,39,Breads & Savory (Retail),1905,8908590262976
Gourmet Pineapple Pastry - 2 Slices,CAFE-02131,GST,18,48.36,169.0,14,Fresh Pastries & Cakes,1905,8906034982468
Artisan Chicken Puff - 1 Pc,CAFE-02132,GST,5,26.18,75.0,7,Prepared Snacks & Sandwiches (Cafe Service),9963,8907740215723
Classic Chocolate Truffle Cake - 1kg,CAFE-02133,GST,18,359.81,1414.0,12,Fresh Pastries & Cakes,1905,8902560085894
Handcrafted Chicken Puff - 1 Pc,CAFE-02134,GST,5,26.65,76.0,3,Prepared Snacks & Sandwiches (Cafe Service),9963,8905205353131
Gourmet Aloo Puff / Patties - 2 Pcs,CAFE-02135,GST,5,10.9,36.0,9,Prepared Snacks & Sandwiches (Cafe Service),9963,8904232210912
Signature Aloo Puff / Patties - 2 Pcs,CAFE-02136,GST,5,12.41,45.0,10,Prepared Snacks & Sandwiches (Cafe Service),9963,8901408783437
Freshly Baked Mango Smoothie - Regular,CAFE-02137,GST,5,77.81,192.0,5,Prepared Beverages (Cafe Service),9963,8906823137998
Artisan Pineapple Pastry - 1 Slice,CAFE-02138,GST,18,35.4,114.0,6,Fresh Pastries & Cakes,1905,8904265789635
Handcrafted Nankhatai - 250g Box,CAFE-02139,GST,18,53.09,191.0,37,Packaged Biscuits & Cookies,1905,8902634888237
Freshly Baked Dark Chocolate Bar (70%) - 100g Bar,CAFE-02140,GST,18,97.47,247.0,55,Chocolates & Confectionery,1806,8905351178828
Signature Mango Mousse Cup - Standard,CAFE-02141,GST,18,51.09,146.0,19,Fresh Pastries & Cakes,1905,8908287204767
Artisan Green Tea - Pot,CAFE-02142,GST,5,66.19,210.0,17,Prepared Beverages (Cafe Service),9963,8904587120753
Deluxe Red Velvet Cake - 1kg,CAFE-02143,GST,18,678.41,1724.0,13,Fresh Pastries & Cakes,1905,8902621074144
Premium Milk Bread - 400g Pack,CAFE-02144,GST,5,24.29,57.0,33,Breads & Savory (Retail),1905,8905299645744
Garlic Bread Loaf - 1 Pc,CAFE-02145,GST,5,33.51,125.0,21,Breads & Savory (Retail),1905,8901533349729
Premium Peach Iced Tea - Regular,CAFE-02146,GST,5,63.53,145.0,8,Prepared Beverages (Cafe Service),9963,8904344997585
Deluxe Chicken Puff - 1 Pc,CAFE-02147,GST,5,35.92,85.0,17,Prepared Snacks & Sandwiches (Cafe Service),9963,8908602159927
Handcrafted Aloo Puff / Patties - 1 Pc,CAFE-02148,GST,5,10.64,41.0,18,Prepared Snacks & Sandwiches (Cafe Service),9963,8902749033122
Garlic Bread Loaf - 1 Pc,CAFE-02149,GST,5,30.21,117.0,43,Breads & Savory (Retail),1905,8900473148368
Handcrafted Cold Coffee Classic - Large,CAFE-02150,GST,5,110.56,342.0,2,Prepared Beverages (Cafe Service),9963,8907036665600
Classic Hazelnut Pralines - Box of 9,CAFE-02151,GST,18,130.94,522.0,24,Chocolates & Confectionery,1806,8901282193868
Pav Buns - Pack of 6,CAFE-02152,GST,5,35.2,94.0,28,Breads & Savory (Retail),1905,8909330459692
Gourmet Assorted Truffles - Box of 12,CAFE-02153,GST,18,305.0,889.0,32,Chocolates & Confectionery,1806,8908531234435
Premium Aloo Puff / Patties - 1 Pc,CAFE-02154,GST,5,14.18,48.0,15,Prepared Snacks & Sandwiches (Cafe Service),9963,8905124210637
Artisan Chicken Tikka Sandwich - Standard,CAFE-02155,GST,5,59.79,208.0,9,Prepared Snacks & Sandwiches (Cafe Service),9963,8906481165955
Fruit & Nut Chocolate - 100g Bar,CAFE-02156,GST,18,131.98,330.0,54,Chocolates & Confectionery,1806,8903793136365
Handcrafted Cheese Croissant - 1 Pc,CAFE-02157,GST,5,54.89,163.0,17,Prepared Snacks & Sandwiches (Cafe Service),9963,8907759358613
Freshly Baked Butter Cookies - 500g Box,CAFE-02158,GST,18,166.86,389.0,37,Packaged Biscuits & Cookies,1905,8903808842672
Garlic Bread Loaf - 1 Pc,CAFE-02159,GST,5,52.76,127.0,16,Breads & Savory (Retail),1905,8900111391548
Classic Blueberry Cheesecake Slice - 1 Slice,CAFE-02160,GST,18,83.93,247.0,10,Fresh Pastries & Cakes,1905,8907921499010
Premium Fruit & Nut Chocolate - 100g Bar,CAFE-02161,GST,18,110.3,319.0,31,Chocolates & Confectionery,1806,8907904991573
Handcrafted Veg Grilled Sandwich - Cheese Burst,CAFE-02162,GST,5,50.46,163.0,16,Prepared Snacks & Sandwiches (Cafe Service),9963,8903672096102
Pav Buns - Pack of 6,CAFE-02163,GST,5,29.0,99.0,18,Breads & Savory (Retail),1905,8905869972459
House Special Cappuccino - Large,CAFE-02164,GST,5,127.04,381.0,8,Prepared Beverages (Cafe Service),9963,8902770115491
Classic Peach Iced Tea - Regular,CAFE-02165,GST,5,47.99,179.0,2,Prepared Beverages (Cafe Service),9963,8909685688886
Black Forest Pastry - 2 Slices,CAFE-02166,GST,18,57.76,225.0,18,Fresh Pastries & Cakes,1905,8906794336447
Signature Chocolate Truffle Cake - 1kg,CAFE-02167,GST,18,467.36,1361.0,17,Fresh Pastries & Cakes,1905,8906596458766
Handcrafted Aloo Puff / Patties - 2 Pcs,CAFE-02168,GST,5,15.91,45.0,9,Prepared Snacks & Sandwiches (Cafe Service),9963,8904745024053
Peach Iced Tea - Regular,CAFE-02169,GST,5,54.58,175.0,10,Prepared Beverages (Cafe Service),9963,8908965394503
Deluxe Mocha Frappe - Large,CAFE-02170,GST,5,221.82,501.0,17,Prepared Beverages (Cafe Service),9963,8908053833856
Egg & Cheese Croissant - Standard,CAFE-02171,GST,5,76.72,225.0,14,Prepared Snacks & Sandwiches (Cafe Service),9963,8904804073730
Artisan Butter Cookies - 500g Box,CAFE-02172,GST,18,125.03,362.0,26,Packaged Biscuits & Cookies,1905,8904051026583
Signature Cheese Croissant - 1 Pc,CAFE-02173,GST,5,56.53,154.0,14,Prepared Snacks & Sandwiches (Cafe Service),9963,8907464660332
Freshly Baked Hot Chocolate - With Marshmallows,CAFE-02174,GST,5,62.68,205.0,3,Prepared Beverages (Cafe Service),9963,8909410102760
Mango Smoothie - Regular,CAFE-02175,GST,5,72.29,210.0,18,Prepared Beverages (Cafe Service),9963,8904977973833
Freshly Baked Vanilla Cupcake - 1 Pc,CAFE-02176,GST,18,20.52,78.0,16,Fresh Pastries & Cakes,1905,8905478935052
Handcrafted Espresso - Single Shot,CAFE-02177,GST,5,37.25,109.0,18,Prepared Beverages (Cafe Service),9963,8907567071812
Gourmet Paneer Tikka Wrap - Standard,CAFE-02178,GST,5,56.49,212.0,20,Prepared Snacks & Sandwiches (Cafe Service),9963,8901237745998
Signature Almond Biscotti - 200g Box,CAFE-02179,GST,18,141.66,375.0,41,Packaged Biscuits & Cookies,1905,8908705807910
Premium Hazelnut Pralines - Box of 9,CAFE-02180,GST,18,174.49,641.0,32,Chocolates & Confectionery,1806,8900707838478
Artisan Milk Chocolate Bar - 100g Bar,CAFE-02181,GST,18,61.95,194.0,37,Chocolates & Confectionery,1806,8907365404492
Artisan Cafe Latte - Iced,CAFE-02182,GST,5,81.09,206.0,16,Prepared Beverages (Cafe Service),9963,8908836431678
Freshly Baked Almond Biscotti - 200g Box,CAFE-02183,GST,18,100.8,383.0,50,Packaged Biscuits & Cookies,1905,8908959303207
Artisan Milk Chocolate Bar - 100g Bar,CAFE-02184,GST,18,62.69,231.0,24,Chocolates & Confectionery,1806,8906990152302
Signature Chicken Puff - 1 Pc,CAFE-02185,GST,5,19.61,77.0,7,Prepared Snacks & Sandwiches (Cafe Service),9963,8903565403079
House Special Fruit & Nut Chocolate - 100g Bar,CAFE-02186,GST,18,75.74,275.0,18,Chocolates & Confectionery,1806,8902732012953
Artisan Mango Mousse Cup - Standard,CAFE-02187,GST,18,57.79,148.0,19,Fresh Pastries & Cakes,1905,8902068204810
House Special Egg & Cheese Croissant - Standard,CAFE-02188,GST,5,87.19,237.0,16,Prepared Snacks & Sandwiches (Cafe Service),9963,8903857797398
House Special Dark Chocolate Bar (70%) - 100g Bar,CAFE-02189,GST,18,97.87,273.0,48,Chocolates & Confectionery,1806,8901518272382
Cold Coffee Classic - Regular,CAFE-02190,GST,5,43.6,171.0,18,Prepared Beverages (Cafe Service),9963,8905255768815
Signature Nankhatai - 250g Box,CAFE-02191,GST,18,47.06,147.0,51,Packaged Biscuits & Cookies,1905,8906954487615
Blueberry Cheesecake Slice - 1 Slice,CAFE-02192,GST,18,65.13,247.0,12,Fresh Pastries & Cakes,1905,8900892446403
Gourmet Butter Cookies - 500g Box,CAFE-02193,GST,18,122.46,349.0,37,Packaged Biscuits & Cookies,1905,8909355881082
Handcrafted Dark Chocolate Bar (70%) - 100g Bar,CAFE-02194,GST,18,103.28,283.0,43,Chocolates & Confectionery,1806,8907745925412
Pav Buns - Pack of 6,CAFE-02195,GST,5,30.58,112.0,30,Breads & Savory (Retail),1905,8907979007045
Deluxe Nankhatai - 250g Box,CAFE-02196,GST,18,57.06,184.0,41,Packaged Biscuits & Cookies,1905,8907416623956
Classic Hazelnut Pralines - Box of 9,CAFE-02197,GST,18,168.66,549.0,36,Chocolates & Confectionery,1806,8900276749064
Handcrafted Chocolate Truffle Cake - 500g,CAFE-02198,GST,18,246.02,755.0,13,Fresh Pastries & Cakes,1905,8903145134170
House Special Mango Mousse Cup - Standard,CAFE-02199,GST,18,56.97,150.0,11,Fresh Pastries & Cakes,1905,8905595562168
House Special Dark Chocolate Bar (70%) - 100g Bar,CAFE-02200,GST,18,73.64,285.0,45,Chocolates & Confectionery,1806,8906680895049
Artisan Black Forest Pastry - 2 Slices,CAFE-02201,GST,18,90.91,213.0,4,Fresh Pastries & Cakes,1905,8905578521979
Garlic Bread Loaf - 1 Pc,CAFE-02202,GST,5,49.05,112.0,54,Breads & Savory (Retail),1905,8903160898885
Artisan Assorted Truffles - Box of 6,CAFE-02203,GST,18,125.62,455.0,50,Chocolates & Confectionery,1806,8903911153202
Artisan Cold Coffee Classic - Regular,CAFE-02204,GST,5,72.39,184.0,9,Prepared Beverages (Cafe Service),9963,8903963790203
Premium Cheese Croissant - 1 Pc,CAFE-02205,GST,5,51.71,171.0,18,Prepared Snacks & Sandwiches (Cafe Service),9963,8904478167663
Artisan Milk Chocolate Bar - 100g Bar,CAFE-02206,GST,18,77.79,213.0,59,Chocolates & Confectionery,1806,8901242664742
Freshly Baked Hazelnut Pralines - Box of 9,CAFE-02207,GST,18,238.38,635.0,56,Chocolates & Confectionery,1806,8908327966379
Deluxe Milk Chocolate Bar - 100g Bar,CAFE-02208,GST,18,56.45,208.0,34,Chocolates & Confectionery,1806,8904992468714
Jeera Biscuits - 250g Box,CAFE-02209,GST,18,58.15,163.0,20,Packaged Biscuits & Cookies,1905,8905566423940
Cake Rusk - 300g Pack,CAFE-02210,GST,5,45.21,165.0,32,Breads & Savory (Retail),1905,8909666811822
Classic Paneer Tikka Wrap - Standard,CAFE-02211,GST,5,54.86,176.0,6,Prepared Snacks & Sandwiches (Cafe Service),9963,8902037337840
Deluxe Cappuccino - Regular,CAFE-02212,GST,5,47.72,184.0,18,Prepared Beverages (Cafe Service),9963,8905783045596
Gourmet Milk Chocolate Bar - 100g Bar,CAFE-02213,GST,18,64.43,219.0,38,Chocolates & Confectionery,1806,8907868005512
Freshly Baked Peach Iced Tea - Large,CAFE-02214,GST,5,80.65,314.0,10,Prepared Beverages (Cafe Service),9963,8903632705614
Freshly Baked Mocha Frappe - Regular,CAFE-02215,GST,5,108.75,274.0,3,Prepared Beverages (Cafe Service),9963,8904218674715
Premium Milk Bread - 400g Pack,CAFE-02216,GST,5,14.22,46.0,51,Breads & Savory (Retail),1905,8908505651335
Deluxe Paneer Puff - 1 Pc,CAFE-02217,GST,5,20.95,56.0,8,Prepared Snacks & Sandwiches (Cafe Service),9963,8902298766327
Freshly Baked Fruit & Nut Chocolate - 100g Bar,CAFE-02218,GST,18,102.41,263.0,21,Chocolates & Confectionery,1806,8900608917005
Multigrain Bread - 400g Pack,CAFE-02219,GST,5,25.77,78.0,56,Breads & Savory (Retail),1905,8904965990527
Chocolate Truffle Cake - 1kg,CAFE-02220,GST,18,659.3,1564.0,5,Fresh Pastries & Cakes,1905,8904358304077
Signature Milk Chocolate Bar - 100g Bar,CAFE-02221,GST,18,77.84,182.0,53,Chocolates & Confectionery,1806,8902216897453
Handcrafted Cappuccino - Large,CAFE-02222,GST,5,85.09,315.0,3,Prepared Beverages (Cafe Service),9963,8904319274312
House Special Green Tea - Pot,CAFE-02223,GST,5,88.68,202.0,9,Prepared Beverages (Cafe Service),9963,8903616558062
House Special Jeera Biscuits - 500g Box,CAFE-02224,GST,18,91.28,270.0,23,Packaged Biscuits & Cookies,1905,8900367027510
Deluxe Mango Mousse Cup - Standard,CAFE-02225,GST,18,52.91,157.0,2,Fresh Pastries & Cakes,1905,8905711218167
Classic Fruit & Nut Chocolate - 100g Bar,CAFE-02226,GST,18,116.91,334.0,27,Chocolates & Confectionery,1806,8909330548495
Handcrafted Vanilla Cupcake - Box of 4,CAFE-02227,GST,18,60.05,229.0,20,Fresh Pastries & Cakes,1905,8904321830242
Deluxe Cold Coffee Classic - Large,CAFE-02228,GST,5,104.19,347.0,12,Prepared Beverages (Cafe Service),9963,8901902041154
Premium Veg Grilled Sandwich - Cheese Burst,CAFE-02229,GST,5,52.72,137.0,11,Prepared Snacks & Sandwiches (Cafe Service),9963,8906533633057
Signature Milk Chocolate Bar - 100g Bar,CAFE-02230,GST,18,55.22,208.0,15,Chocolates & Confectionery,1806,8909841643770
Handcrafted Dark Chocolate Bar (70%) - 100g Bar,CAFE-02231,GST,18,57.36,226.0,32,Chocolates & Confectionery,1806,8907012592833
Premium Fruit & Nut Chocolate - 100g Bar,CAFE-02232,GST,18,78.1,290.0,49,Chocolates & Confectionery,1806,8905681769750
Handcrafted Nankhatai - 250g Box,CAFE-02233,GST,18,72.35,190.0,59,Packaged Biscuits & Cookies,1905,8909301055916
Premium Egg & Cheese Croissant - Standard,CAFE-02234,GST,5,97.23,251.0,14,Prepared Snacks & Sandwiches (Cafe Service),9963,8904708944065
Classic Milk Chocolate Bar - 100g Bar,CAFE-02235,GST,18,85.32,239.0,27,Chocolates & Confectionery,1806,8905707650946
Premium Milk Bread - 400g Pack,CAFE-02236,GST,5,20.89,58.0,24,Breads & Savory (Retail),1905,8902719260261
Artisan Vanilla Cupcake - Box of 6,CAFE-02237,GST,18,40.04,90.0,9,Fresh Pastries & Cakes,1905,8906091949081
Artisan Hazelnut Pralines - Box of 9,CAFE-02238,GST,18,160.13,639.0,46,Chocolates & Confectionery,1806,8906280587777
Pineapple Pastry - 2 Slices,CAFE-02239,GST,18,54.11,187.0,18,Fresh Pastries & Cakes,1905,8902119569646
Signature Chocolate Brownie - With Walnut,CAFE-02240,GST,18,38.92,153.0,13,Fresh Pastries & Cakes,1905,8906919220513
Jeera Biscuits - 250g Box,CAFE-02241,GST,18,52.16,177.0,33,Packaged Biscuits & Cookies,1905,8908925007516
Handcrafted Cold Coffee Classic - Large,CAFE-02242,GST,5,92.3,293.0,19,Prepared Beverages (Cafe Service),9963,8902177487477
Egg & Cheese Croissant - Standard,CAFE-02243,GST,5,83.24,283.0,12,Prepared Snacks & Sandwiches (Cafe Service),9963,8908438356999
House Special Cappuccino - Regular,CAFE-02244,GST,5,75.06,170.0,4,Prepared Beverages (Cafe Service),9963,8909306469126
Cappuccino - Regular,CAFE-02245,GST,5,56.86,185.0,8,Prepared Beverages (Cafe Service),9963,8903530313878
Premium Milk Bread - 400g Pack,CAFE-02246,GST,5,16.94,53.0,45,Breads & Savory (Retail),1905,8905335526202
Freshly Baked Aloo Puff / Patties - 2 Pcs,CAFE-02247,GST,5,17.33,42.0,7,Prepared Snacks & Sandwiches (Cafe Service),9963,8908269934517
Multigrain Bread - 400g Pack,CAFE-02248,GST,5,36.61,86.0,56,Breads & Savory (Retail),1905,8907865039475
House Special Assorted Truffles - Box of 12,CAFE-02249,GST,18,279.67,964.0,46,Chocolates & Confectionery,1806,8907917431243
Signature Almond Biscotti - 200g Box,CAFE-02250,GST,18,103.7,322.0,59,Packaged Biscuits & Cookies,1905,8901157509272
Signature Blueberry Cheesecake Slice - 1 Slice,CAFE-02251,GST,18,64.39,223.0,13,Fresh Pastries & Cakes,1905,8907562943391
Handcrafted Mango Smoothie - Regular,CAFE-02252,GST,5,68.73,251.0,19,Prepared Beverages (Cafe Service),9963,8905506943944
Artisan Black Forest Pastry - 1 Slice,CAFE-02253,GST,18,31.78,119.0,20,Fresh Pastries & Cakes,1905,8907493549210
Pineapple Pastry - 2 Slices,CAFE-02254,GST,18,63.25,210.0,5,Fresh Pastries & Cakes,1905,8903293575384
Premium Chicken Tikka Sandwich - Standard,CAFE-02255,GST,5,67.44,209.0,8,Prepared Snacks & Sandwiches (Cafe Service),9963,8904756016426
Pizza Base - Pack of 4,CAFE-02256,GST,5,27.89,111.0,15,Breads & Savory (Retail),1905,8902135469223
Handcrafted Aloo Puff / Patties - 1 Pc,CAFE-02257,GST,5,19.57,46.0,16,Prepared Snacks & Sandwiches (Cafe Service),9963,8903434660954
Gourmet Espresso - Single Shot,CAFE-02258,GST,5,30.35,110.0,20,Prepared Beverages (Cafe Service),9963,8908107951635
Whole Wheat Bread - 400g Pack,CAFE-02259,GST,5,30.44,67.0,25,Breads & Savory (Retail),1905,8902417561680
Freshly Baked Paneer Puff - 1 Pc,CAFE-02260,GST,5,28.03,66.0,12,Prepared Snacks & Sandwiches (Cafe Service),9963,8904133366502
House Special Paneer Puff - 1 Pc,CAFE-02261,GST,5,20.27,70.0,12,Prepared Snacks & Sandwiches (Cafe Service),9963,8908179157829
Freshly Baked Mango Mousse Cup - Standard,CAFE-02262,GST,18,64.64,162.0,20,Fresh Pastries & Cakes,1905,8901142999481
Artisan Butter Cookies - 500g Box,CAFE-02263,GST,18,140.95,365.0,47,Packaged Biscuits & Cookies,1905,8905699391426
Premium Choco Chip Cookies - 250g Box,CAFE-02264,GST,18,68.8,253.0,16,Packaged Biscuits & Cookies,1905,8901740209844
Gourmet Mango Smoothie - Regular,CAFE-02265,GST,5,77.51,212.0,4,Prepared Beverages (Cafe Service),9963,8908272913675
Freshly Baked Chicken Tikka Sandwich - Standard,CAFE-02266,GST,5,72.2,249.0,20,Prepared Snacks & Sandwiches (Cafe Service),9963,8901532180113
Signature Mango Mousse Cup - Standard,CAFE-02267,GST,18,47.87,140.0,19,Fresh Pastries & Cakes,1905,8902342840224
Handcrafted Cafe Latte - Large,CAFE-02268,GST,5,117.89,393.0,7,Prepared Beverages (Cafe Service),9963,8900253423867
Gourmet Chocolate Brownie - With Walnut,CAFE-02269,GST,18,35.37,127.0,8,Fresh Pastries & Cakes,1905,8909876674087
Artisan Cafe Latte - Regular,CAFE-02270,GST,5,70.14,197.0,11,Prepared Beverages (Cafe Service),9963,8900033051097
Pizza Base - Pack of 4,CAFE-02271,GST,5,44.68,113.0,37,Breads & Savory (Retail),1905,8904168939276
Classic Dark Chocolate Bar (70%) - 100g Bar,CAFE-02272,GST,18,71.23,241.0,50,Chocolates & Confectionery,1806,8902893632786
Artisan Veg Grilled Sandwich - Cheese Burst,CAFE-02273,GST,5,43.6,147.0,9,Prepared Snacks & Sandwiches (Cafe Service),9963,8905731899593
Pineapple Pastry - 2 Slices,CAFE-02274,GST,18,56.82,194.0,8,Fresh Pastries & Cakes,1905,8905347050707
Deluxe Mocha Frappe - Regular,CAFE-02275,GST,5,71.23,256.0,11,Prepared Beverages (Cafe Service),9963,8909499963576
Classic Chicken Puff - 1 Pc,CAFE-02276,GST,5,34.25,90.0,2,Prepared Snacks & Sandwiches (Cafe Service),9963,8905951948454
House Special Dark Chocolate Bar (70%) - 100g Bar,CAFE-02277,GST,18,95.87,269.0,27,Chocolates & Confectionery,1806,8903059154196
Suji Rusk - 400g Pack,CAFE-02278,GST,5,27.9,82.0,34,Breads & Savory (Retail),1905,8905136365905
Premium Assorted Truffles - Box of 12,CAFE-02279,GST,18,274.09,848.0,24,Chocolates & Confectionery,1806,8902342678703
Deluxe Dark Chocolate Bar (70%) - 100g Bar,CAFE-02280,GST,18,74.47,233.0,43,Chocolates & Confectionery,1806,8901899354752
Handcrafted Pineapple Pastry - 1 Slice,CAFE-02281,GST,18,28.67,112.0,15,Fresh Pastries & Cakes,1905,8903731149331
Signature Vanilla Cupcake - 1 Pc,CAFE-02282,GST,18,24.52,73.0,12,Fresh Pastries & Cakes,1905,8909400381803
Deluxe Hazelnut Pralines - Box of 9,CAFE-02283,GST,18,186.95,652.0,58,Chocolates & Confectionery,1806,8900021824140
Artisan Chicken Tikka Sandwich - Standard,CAFE-02284,GST,5,73.75,197.0,15,Prepared Snacks & Sandwiches (Cafe Service),9963,8901687873214
Signature Cheese Croissant - 1 Pc,CAFE-02285,GST,5,44.75,176.0,10,Prepared Snacks & Sandwiches (Cafe Service),9963,8903474334421
Premium Vanilla Cupcake - Box of 4,CAFE-02286,GST,18,63.59,232.0,11,Fresh Pastries & Cakes,1905,8906010413135
Oatmeal & Raisin Cookies - 250g Box,CAFE-02287,GST,18,108.53,248.0,45,Packaged Biscuits & Cookies,1905,8902239567217
Deluxe Cappuccino - Large,CAFE-02288,GST,5,103.21,380.0,17,Prepared Beverages (Cafe Service),9963,8906775138771
Garlic Bread Loaf - 1 Pc,CAFE-02289,GST,5,50.35,131.0,44,Breads & Savory (Retail),1905,8902048730451
House Special Aloo Puff / Patties - 2 Pcs,CAFE-02290,GST,5,15.32,45.0,18,Prepared Snacks & Sandwiches (Cafe Service),9963,8901734188079
Artisan Hazelnut Pralines - Box of 9,CAFE-02291,GST,18,160.45,536.0,21,Chocolates & Confectionery,1806,8905758593918
Gourmet Milk Chocolate Bar - 100g Bar,CAFE-02292,GST,18,98.7,223.0,32,Chocolates & Confectionery,1806,8904933927195
Signature Butter Cookies - 500g Box,CAFE-02293,GST,18,91.8,342.0,44,Packaged Biscuits & Cookies,1905,8900207153784
Premium Milk Bread - 400g Pack,CAFE-02294,GST,5,19.46,55.0,36,Breads & Savory (Retail),1905,8903544078967
Classic Mango Smoothie - Regular,CAFE-02295,GST,5,68.71,250.0,3,Prepared Beverages (Cafe Service),9963,8900720409471
Gourmet Chocolate Truffle Cake - 1kg,CAFE-02296,GST,18,447.56,1342.0,17,Fresh Pastries & Cakes,1905,8908041048667
Freshly Baked Vanilla Cupcake - Box of 4,CAFE-02297,GST,18,63.42,189.0,11,Fresh Pastries & Cakes,1905,8904704986711
Handcrafted Pineapple Pastry - 2 Slices,CAFE-02298,GST,18,77.99,204.0,7,Fresh Pastries & Cakes,1905,8905704430732
Deluxe Jeera Biscuits - 500g Box,CAFE-02299,GST,18,87.46,289.0,45,Packaged Biscuits & Cookies,1905,8904903043817
Freshly Baked Mango Smoothie - Regular,CAFE-02300,GST,5,66.2,214.0,11,Prepared Beverages (Cafe Service),9963,8907048113018
Classic Cold Coffee Classic - Regular,CAFE-02301,GST,5,45.29,166.0,13,Prepared Beverages (Cafe Service),9963,8906518127591
Signature Espresso - Single Shot,CAFE-02302,GST,5,30.84,118.0,16,Prepared Beverages (Cafe Service),9963,8904325674053
Premium Cafe Latte - Large,CAFE-02303,GST,5,116.74,398.0,8,Prepared Beverages (Cafe Service),9963,8901154111902
Handcrafted Vanilla Cupcake - 1 Pc,CAFE-02304,GST,18,20.98,74.0,20,Fresh Pastries & Cakes,1905,8903005221442
Signature Hazelnut Pralines - Box of 9,CAFE-02305,GST,18,216.24,618.0,27,Chocolates & Confectionery,1806,8908425611615
Freshly Baked Fruit & Nut Chocolate - 100g Bar,CAFE-02306,GST,18,106.67,314.0,59,Chocolates & Confectionery,1806,8901845537582
Mango Smoothie - Regular,CAFE-02307,GST,5,67.07,212.0,10,Prepared Beverages (Cafe Service),9963,8909940232358
House Special Nankhatai - 250g Box,CAFE-02308,GST,18,49.01,169.0,57,Packaged Biscuits & Cookies,1905,8905288050750
Mango Smoothie - Regular,CAFE-02309,GST,5,60.97,232.0,16,Prepared Beverages (Cafe Service),9963,8903544252477
Freshly Baked Peach Iced Tea - Large,CAFE-02310,GST,5,121.09,326.0,14,Prepared Beverages (Cafe Service),9963,8904930464006
Deluxe Vanilla Cupcake - Box of 6,CAFE-02311,GST,18,24.07,93.0,14,Fresh Pastries & Cakes,1905,8904862755377
Freshly Baked Egg & Cheese Croissant - Standard,CAFE-02312,GST,5,91.2,263.0,20,Prepared Snacks & Sandwiches (Cafe Service),9963,8901210407254
Almond Biscotti - 200g Box,CAFE-02313,GST,18,139.44,330.0,42,Packaged Biscuits & Cookies,1905,8900993247079
Cake Rusk - 300g Pack,CAFE-02314,GST,5,40.45,154.0,21,Breads & Savory (Retail),1905,8907431603250
Signature Dark Chocolate Bar (70%) - 100g Bar,CAFE-02315,GST,18,84.26,276.0,48,Chocolates & Confectionery,1806,8904427895236
Freshly Baked Chocolate Brownie - Fudge,CAFE-02316,GST,18,42.78,150.0,12,Fresh Pastries & Cakes,1905,8904959578127
Handcrafted Dark Chocolate Bar (70%) - 100g Bar,CAFE-02317,GST,18,102.27,278.0,57,Chocolates & Confectionery,1806,8902718322402
Garlic Bread Loaf - 1 Pc,CAFE-02318,GST,5,48.23,115.0,41,Breads & Savory (Retail),1905,8904040465511
Cake Rusk - 300g Pack,CAFE-02319,GST,5,53.28,129.0,16,Breads & Savory (Retail),1905,8905022892074
Classic Milk Chocolate Bar - 100g Bar,CAFE-02320,GST,18,58.8,228.0,60,Chocolates & Confectionery,1806,8902767742393
Signature Almond Biscotti - 200g Box,CAFE-02321,GST,18,143.53,375.0,55,Packaged Biscuits & Cookies,1905,8907327839692
Artisan Mango Mousse Cup - Standard,CAFE-02322,GST,18,47.18,136.0,17,Fresh Pastries & Cakes,1905,8907214348696
Premium Choco Chip Cookies - 500g Box,CAFE-02323,GST,18,140.41,399.0,30,Packaged Biscuits & Cookies,1905,8901052089831
Artisan Cheese Croissant - 1 Pc,CAFE-02324,GST,5,54.61,176.0,13,Prepared Snacks & Sandwiches (Cafe Service),9963,8900793377312
Freshly Baked Cheese Croissant - 1 Pc,CAFE-02325,GST,5,53.45,189.0,18,Prepared Snacks & Sandwiches (Cafe Service),9963,8905027590826
Veg Grilled Sandwich - Standard,CAFE-02326,GST,5,55.84,138.0,2,Prepared Snacks & Sandwiches (Cafe Service),9963,8908712189452
Suji Rusk - 400g Pack,CAFE-02327,GST,5,32.98,85.0,35,Breads & Savory (Retail),1905,8909987517579
Signature Red Velvet Cake - 500g,CAFE-02328,GST,18,221.12,859.0,18,Fresh Pastries & Cakes,1905,8908060941750
Pizza Base - Pack of 2,CAFE-02329,GST,5,23.2,53.0,47,Breads & Savory (Retail),1905,8908675875585
Freshly Baked Mango Mousse Cup - Standard,CAFE-02330,GST,18,54.86,150.0,16,Fresh Pastries & Cakes,1905,8902366946272
Premium Chicken Puff - 1 Pc,CAFE-02331,GST,5,35.06,85.0,6,Prepared Snacks & Sandwiches (Cafe Service),9963,8900438450462
Freshly Baked Chocolate Brownie - With Walnut,CAFE-02332,GST,18,39.77,154.0,8,Fresh Pastries & Cakes,1905,8909416674078
Fruit & Nut Chocolate - 100g Bar,CAFE-02333,GST,18,79.71,295.0,59,Chocolates & Confectionery,1806,8905857491106
Classic Hazelnut Pralines - Box of 9,CAFE-02334,GST,18,241.05,656.0,20,Chocolates & Confectionery,1806,8908793978953
Premium Peach Iced Tea - Regular,CAFE-02335,GST,5,70.33,190.0,8,Prepared Beverages (Cafe Service),9963,8901645982437
Handcrafted Veg Grilled Sandwich - Cheese Burst,CAFE-02336,GST,5,59.45,135.0,20,Prepared Snacks & Sandwiches (Cafe Service),9963,8903651875692
Signature Cafe Latte - Regular,CAFE-02337,GST,5,53.49,209.0,7,Prepared Beverages (Cafe Service),9963,8907357125672
Artisan Chocolate Truffle Cake - 500g,CAFE-02338,GST,18,201.4,726.0,16,Fresh Pastries & Cakes,1905,8908959153242
Artisan Jeera Biscuits - 500g Box,CAFE-02339,GST,18,76.94,244.0,15,Packaged Biscuits & Cookies,1905,8905783690303
Gourmet Butter Cookies - 250g Box,CAFE-02340,GST,18,70.86,180.0,52,Packaged Biscuits & Cookies,1905,8908568499770
Gourmet Hazelnut Pralines - Box of 9,CAFE-02341,GST,18,162.06,502.0,39,Chocolates & Confectionery,1806,8901433700491
Freshly Baked Hazelnut Pralines - Box of 9,CAFE-02342,GST,18,164.61,528.0,20,Chocolates & Confectionery,1806,8906387621577
Freshly Baked Butter Cookies - 500g Box,CAFE-02343,GST,18,104.32,386.0,42,Packaged Biscuits & Cookies,1905,8906182487414
Pav Buns - Pack of 6,CAFE-02344,GST,5,41.11,109.0,53,Breads & Savory (Retail),1905,8908872634921
Signature Dark Chocolate Bar (70%) - 100g Bar,CAFE-02345,GST,18,86.18,279.0,52,Chocolates & Confectionery,1806,8908215900713
Premium Milk Bread - 400g Pack,CAFE-02346,GST,5,22.14,59.0,37,Breads & Savory (Retail),1905,8906771541766
Gourmet Blueberry Cheesecake Slice - 1 Slice,CAFE-02347,GST,18,63.11,234.0,20,Fresh Pastries & Cakes,1905,8901164576776
Gourmet Jeera Biscuits - 500g Box,CAFE-02348,GST,18,103.65,275.0,40,Packaged Biscuits & Cookies,1905,8900852085296
Classic Oatmeal & Raisin Cookies - 250g Box,CAFE-02349,GST,18,80.57,230.0,33,Packaged Biscuits & Cookies,1905,8909988782988
House Special Cafe Latte - Large,CAFE-02350,GST,5,125.34,338.0,7,Prepared Beverages (Cafe Service),9963,8900618506929
Deluxe Cheese Croissant - 1 Pc,CAFE-02351,GST,5,48.05,165.0,3,Prepared Snacks & Sandwiches (Cafe Service),9963,8900672466390
Multigrain Bread - 400g Pack,CAFE-02352,GST,5,30.6,78.0,49,Breads & Savory (Retail),1905,8903933011184
House Special Assorted Truffles - Box of 12,CAFE-02353,GST,18,250.22,790.0,36,Chocolates & Confectionery,1806,8908755245296
Freshly Baked Mango Mousse Cup - Standard,CAFE-02354,GST,18,43.7,144.0,10,Fresh Pastries & Cakes,1905,8905783517983
Premium Fruit & Nut Chocolate - 100g Bar,CAFE-02355,GST,18,110.01,307.0,40,Chocolates & Confectionery,1806,8906963389586
Handcrafted Milk Chocolate Bar - 100g Bar,CAFE-02356,GST,18,56.7,219.0,35,Chocolates & Confectionery,1806,8906019991624
Gourmet Cold Coffee Classic - Large,CAFE-02357,GST,5,135.86,340.0,8,Prepared Beverages (Cafe Service),9963,8906842685179
Handcrafted Hot Chocolate - With Marshmallows,CAFE-02358,GST,5,63.36,235.0,3,Prepared Beverages (Cafe Service),9963,8901027190952
Classic Red Velvet Cake - 1kg,CAFE-02359,GST,18,654.33,1591.0,13,Fresh Pastries & Cakes,1905,8901904562446
Artisan Dark Chocolate Bar (70%) - 100g Bar,CAFE-02360,GST,18,82.68,232.0,41,Chocolates & Confectionery,1806,8903393508243
Classic Dark Chocolate Bar (70%) - 100g Bar,CAFE-02361,GST,18,72.97,249.0,20,Chocolates & Confectionery,1806,8904030755984
Artisan Blueberry Cheesecake Slice - 1 Slice,CAFE-02362,GST,18,76.4,207.0,11,Fresh Pastries & Cakes,1905,8903507450933
Premium Milk Bread - 400g Pack,CAFE-02363,GST,5,17.5,47.0,34,Breads & Savory (Retail),1905,8903109077182
Suji Rusk - 400g Pack,CAFE-02364,GST,5,32.79,101.0,55,Breads & Savory (Retail),1905,8903765547617
Pav Buns - Pack of 6,CAFE-02365,GST,5,42.03,118.0,34,Breads & Savory (Retail),1905,8908147126661
Almond Biscotti - 200g Box,CAFE-02366,GST,18,86.09,309.0,23,Packaged Biscuits & Cookies,1905,8909427021501
Pizza Base - Pack of 2,CAFE-02367,GST,5,16.08,48.0,45,Breads & Savory (Retail),1905,8909895824773
Whole Wheat Bread - 400g Pack,CAFE-02368,GST,5,18.64,70.0,29,Breads & Savory (Retail),1905,8907191275939
Handcrafted Milk Chocolate Bar - 100g Bar,CAFE-02369,GST,18,93.32,220.0,33,Chocolates & Confectionery,1806,8902116220659
Freshly Baked Black Forest Pastry - 1 Slice,CAFE-02370,GST,18,54.3,138.0,10,Fresh Pastries & Cakes,1905,8903644432969
Classic Blueberry Cheesecake Slice - 1 Slice,CAFE-02371,GST,18,61.54,244.0,2,Fresh Pastries & Cakes,1905,8900722768352
Deluxe Mango Smoothie - Regular,CAFE-02372,GST,5,63.79,246.0,19,Prepared Beverages (Cafe Service),9963,8905710933853
Black Forest Pastry - 1 Slice,CAFE-02373,GST,18,47.66,110.0,15,Fresh Pastries & Cakes,1905,8903258677546
Premium Nankhatai - 250g Box,CAFE-02374,GST,18,52.27,167.0,34,Packaged Biscuits & Cookies,1905,8907034463324
Deluxe Mocha Frappe - Large,CAFE-02375,GST,5,115.76,426.0,4,Prepared Beverages (Cafe Service),9963,8905463517573
Premium Butter Cookies - 500g Box,CAFE-02376,GST,18,98.99,368.0,46,Packaged Biscuits & Cookies,1905,8906965959656
Signature Black Forest Pastry - 1 Slice,CAFE-02377,GST,18,44.82,124.0,7,Fresh Pastries & Cakes,1905,8909648421092
Multigrain Bread - 400g Pack,CAFE-02378,GST,5,32.04,90.0,45,Breads & Savory (Retail),1905,8909537237660
Classic Butter Cookies - 500g Box,CAFE-02379,GST,18,139.15,383.0,18,Packaged Biscuits & Cookies,1905,8902970813722
Artisan Paneer Tikka Wrap - Standard,CAFE-02380,GST,5,76.15,195.0,6,Prepared Snacks & Sandwiches (Cafe Service),9963,8904392295014
Deluxe Chicken Puff - 1 Pc,CAFE-02381,GST,5,25.75,78.0,15,Prepared Snacks & Sandwiches (Cafe Service),9963,8909539087834
Green Tea - Pot,CAFE-02382,GST,5,46.02,180.0,16,Prepared Beverages (Cafe Service),9963,8908244666694
Gourmet Fruit & Nut Chocolate - 100g Bar,CAFE-02383,GST,18,89.79,330.0,58,Chocolates & Confectionery,1806,8909438682508
House Special Oatmeal & Raisin Cookies - 250g Box,CAFE-02384,GST,18,95.66,284.0,51,Packaged Biscuits & Cookies,1905,8907266923257
Signature Dark Chocolate Bar (70%) - 100g Bar,CAFE-02385,GST,18,99.0,272.0,41,Chocolates & Confectionery,1806,8908927047233
Gourmet Almond Biscotti - 200g Box,CAFE-02386,GST,18,137.26,328.0,37,Packaged Biscuits & Cookies,1905,8901496180686
Cake Rusk - 300g Pack,CAFE-02387,GST,5,62.1,167.0,31,Breads & Savory (Retail),1905,8909403951869
Premium Milk Chocolate Bar - 100g Bar,CAFE-02388,GST,18,70.82,194.0,18,Chocolates & Confectionery,1806,8908833183801
Handcrafted Hot Chocolate - With Marshmallows,CAFE-02389,GST,5,97.3,226.0,6,Prepared Beverages (Cafe Service),9963,8903779398012
Premium Milk Bread - 400g Pack,CAFE-02390,GST,5,15.47,48.0,38,Breads & Savory (Retail),1905,8902002391523
Gourmet Red Velvet Cake - 500g,CAFE-02391,GST,18,301.95,1037.0,4,Fresh Pastries & Cakes,1905,8904098212702
Whole Wheat Bread - 400g Pack,CAFE-02392,GST,5,15.4,57.0,26,Breads & Savory (Retail),1905,8909590317756
Artisan Veg Grilled Sandwich - Standard,CAFE-02393,GST,5,49.1,166.0,4,Prepared Snacks & Sandwiches (Cafe Service),9963,8907653244834
Pav Buns - Pack of 6,CAFE-02394,GST,5,42.35,117.0,46,Breads & Savory (Retail),1905,8904691170870
Pav Buns - Pack of 6,CAFE-02395,GST,5,31.06,119.0,31,Breads & Savory (Retail),1905,8900093808349
Signature Assorted Truffles - Box of 6,CAFE-02396,GST,18,148.36,428.0,58,Chocolates & Confectionery,1806,8900059324183
Suji Rusk - 400g Pack,CAFE-02397,GST,5,31.93,91.0,56,Breads & Savory (Retail),1905,8900213116795
Deluxe Milk Chocolate Bar - 100g Bar,CAFE-02398,GST,18,66.93,237.0,25,Chocolates & Confectionery,1806,8906701167811
Classic Peach Iced Tea - Large,CAFE-02399,GST,5,154.56,342.0,12,Prepared Beverages (Cafe Service),9963,8901538642673
Artisan Chocolate Truffle Cake - 500g,CAFE-02400,GST,18,317.02,868.0,17,Fresh Pastries & Cakes,1905,8905304053198
House Special Butter Cookies - 250g Box,CAFE-02401,GST,18,58.63,163.0,35,Packaged Biscuits & Cookies,1905,8900848528467
Handcrafted Espresso - Single Shot,CAFE-02402,GST,5,42.21,126.0,17,Prepared Beverages (Cafe Service),9963,8900083076440
House Special Nankhatai - 250g Box,CAFE-02403,GST,18,41.97,160.0,20,Packaged Biscuits & Cookies,1905,8907272797328
Premium Milk Bread - 400g Pack,CAFE-02404,GST,5,24.23,59.0,38,Breads & Savory (Retail),1905,8901121340636
Veg Grilled Sandwich - Standard,CAFE-02405,GST,5,56.74,162.0,7,Prepared Snacks & Sandwiches (Cafe Service),9963,8904065117471
Artisan Assorted Truffles - Box of 12,CAFE-02406,GST,18,331.38,891.0,37,Chocolates & Confectionery,1806,8907968863124
Chocolate Brownie - Fudge,CAFE-02407,GST,18,38.0,127.0,19,Fresh Pastries & Cakes,1905,8901388190114
Handcrafted Almond Biscotti - 200g Box,CAFE-02408,GST,18,124.5,364.0,43,Packaged Biscuits & Cookies,1905,8906195249601
Premium Espresso - Single Shot,CAFE-02409,GST,5,45.07,124.0,4,Prepared Beverages (Cafe Service),9963,8907702238045
Pizza Base - Pack of 4,CAFE-02410,GST,5,43.77,131.0,57,Breads & Savory (Retail),1905,8902532095928
Signature Nankhatai - 250g Box,CAFE-02411,GST,18,51.87,161.0,26,Packaged Biscuits & Cookies,1905,8907299335702
Milk Chocolate Bar - 100g Bar,CAFE-02412,GST,18,62.79,195.0,57,Chocolates & Confectionery,1806,8906398464844
Pav Buns - Pack of 6,CAFE-02413,GST,5,38.57,107.0,40,Breads & Savory (Retail),1905,8905239188676
Multigrain Bread - 400g Pack,CAFE-02414,GST,5,20.18,80.0,29,Breads & Savory (Retail),1905,8903406201663
Pizza Base - Pack of 2,CAFE-02415,GST,5,11.64,44.0,20,Breads & Savory (Retail),1905,8905634526362
Signature Chicken Puff - 1 Pc,CAFE-02416,GST,5,25.44,77.0,11,Prepared Snacks & Sandwiches (Cafe Service),9963,8904455143442
Handcrafted Pineapple Pastry - 1 Slice,CAFE-02417,GST,18,26.31,100.0,10,Fresh Pastries & Cakes,1905,8904957421884
Pizza Base - Pack of 4,CAFE-02418,GST,5,30.9,118.0,19,Breads & Savory (Retail),1905,8902911647924
Classic Hazelnut Pralines - Box of 9,CAFE-02419,GST,18,156.56,592.0,43,Chocolates & Confectionery,1806,8902473539987
House Special Almond Biscotti - 200g Box,CAFE-02420,GST,18,141.12,311.0,44,Packaged Biscuits & Cookies,1905,8905145183479
Garlic Bread Loaf - 1 Pc,CAFE-02421,GST,5,35.76,131.0,50,Breads & Savory (Retail),1905,8902453108124
Handcrafted Cold Coffee Classic - Regular,CAFE-02422,GST,5,52.55,180.0,14,Prepared Beverages (Cafe Service),9963,8902430146066
Premium Fruit & Nut Chocolate - 100g Bar,CAFE-02423,GST,18,108.69,313.0,53,Chocolates & Confectionery,1806,8906374912187
House Special Veg Grilled Sandwich - Cheese Burst,CAFE-02424,GST,5,57.7,135.0,10,Prepared Snacks & Sandwiches (Cafe Service),9963,8907159011250
Garlic Bread Loaf - 1 Pc,CAFE-02425,GST,5,26.06,100.0,18,Breads & Savory (Retail),1905,8902728986832
Deluxe Chocolate Truffle Cake - 500g,CAFE-02426,GST,18,347.28,814.0,19,Fresh Pastries & Cakes,1905,8904250796699
Classic Hazelnut Pralines - Box of 9,CAFE-02427,GST,18,216.36,500.0,19,Chocolates & Confectionery,1806,8904144246073
Deluxe Cafe Latte - Regular,CAFE-02428,GST,5,96.04,223.0,13,Prepared Beverages (Cafe Service),9963,8909528599475
Signature Hazelnut Pralines - Box of 9,CAFE-02429,GST,18,168.51,643.0,59,Chocolates & Confectionery,1806,8909829305577
Gourmet Cheese Croissant - 1 Pc,CAFE-02430,GST,5,74.04,165.0,11,Prepared Snacks & Sandwiches (Cafe Service),9963,8901059394815
Blueberry Cheesecake Slice - 1 Slice,CAFE-02431,GST,18,76.94,202.0,15,Fresh Pastries & Cakes,1905,8900285869660
House Special Chicken Puff - 1 Pc,CAFE-02432,GST,5,25.97,79.0,14,Prepared Snacks & Sandwiches (Cafe Service),9963,8900751210184
Cake Rusk - 300g Pack,CAFE-02433,GST,5,38.28,142.0,33,Breads & Savory (Retail),1905,8901802459408
House Special Nankhatai - 250g Box,CAFE-02434,GST,18,61.91,163.0,25,Packaged Biscuits & Cookies,1905,8904377950765
Handcrafted Jeera Biscuits - 250g Box,CAFE-02435,GST,18,65.57,174.0,37,Packaged Biscuits & Cookies,1905,8902512258467
Handcrafted Veg Grilled Sandwich - Standard,CAFE-02436,GST,5,47.62,171.0,7,Prepared Snacks & Sandwiches (Cafe Service),9963,8907929496523
Freshly Baked Chicken Puff - 1 Pc,CAFE-02437,GST,5,27.05,88.0,20,Prepared Snacks & Sandwiches (Cafe Service),9963,8909020385407
Premium Black Forest Pastry - 2 Slices,CAFE-02438,GST,18,62.25,217.0,6,Fresh Pastries & Cakes,1905,8904269575385
Gourmet Red Velvet Cake - 1kg,CAFE-02439,GST,18,678.76,1901.0,11,Fresh Pastries & Cakes,1905,8906142620408
Gourmet Choco Chip Cookies - 250g Box,CAFE-02440,GST,18,97.35,250.0,41,Packaged Biscuits & Cookies,1905,8901189787372
House Special Paneer Tikka Wrap - Standard,CAFE-02441,GST,5,56.73,216.0,8,Prepared Snacks & Sandwiches (Cafe Service),9963,8903804191716
Signature Red Velvet Cake - 500g,CAFE-02442,GST,18,237.77,872.0,11,Fresh Pastries & Cakes,1905,8904184366020
Premium Fruit & Nut Chocolate - 100g Bar,CAFE-02443,GST,18,70.59,271.0,49,Chocolates & Confectionery,1806,8900210936767
Signature Peach Iced Tea - Large,CAFE-02444,GST,5,118.26,333.0,16,Prepared Beverages (Cafe Service),9963,8906455459034
Freshly Baked Chicken Tikka Sandwich - Standard,CAFE-02445,GST,5,56.29,202.0,5,Prepared Snacks & Sandwiches (Cafe Service),9963,8901026939553
Premium Milk Bread - 400g Pack,CAFE-02446,GST,5,21.66,55.0,20,Breads & Savory (Retail),1905,8903514855070
Cake Rusk - 300g Pack,CAFE-02447,GST,5,39.55,144.0,42,Breads & Savory (Retail),1905,8900674151448
Premium Green Tea - Cup,CAFE-02448,GST,5,33.96,130.0,15,Prepared Beverages (Cafe Service),9963,8904834279730
Pizza Base - Pack of 2,CAFE-02449,GST,5,13.03,48.0,25,Breads & Savory (Retail),1905,8905202358937
House Special Cappuccino - Regular,CAFE-02450,GST,5,60.32,191.0,18,Prepared Beverages (Cafe Service),9963,8908919949516
Milk Chocolate Bar - 100g Bar,CAFE-02451,GST,18,53.17,197.0,40,Chocolates & Confectionery,1806,8904464523900
Classic Butter Cookies - 500g Box,CAFE-02452,GST,18,129.37,321.0,48,Packaged Biscuits & Cookies,1905,8906785547018
Cheese Croissant - 1 Pc,CAFE-02453,GST,5,49.5,177.0,5,Prepared Snacks & Sandwiches (Cafe Service),9963,8904670936725
Artisan Chocolate Truffle Cake - 2kg,CAFE-02454,GST,18,745.61,2568.0,4,Fresh Pastries & Cakes,1905,8907707346031
Freshly Baked Cappuccino - Regular,CAFE-02455,GST,5,52.97,163.0,6,Prepared Beverages (Cafe Service),9963,8901645752754
Classic Dark Chocolate Bar (70%) - 100g Bar,CAFE-02456,GST,18,79.26,282.0,46,Chocolates & Confectionery,1806,8908515066881
Premium Oatmeal & Raisin Cookies - 250g Box,CAFE-02457,GST,18,96.97,277.0,41,Packaged Biscuits & Cookies,1905,8906166894093
Freshly Baked Hot Chocolate - With Marshmallows,CAFE-02458,GST,5,101.1,225.0,20,Prepared Beverages (Cafe Service),9963,8905516113395
Classic Hot Chocolate - Regular,CAFE-02459,GST,5,74.95,215.0,4,Prepared Beverages (Cafe Service),9963,8908256961921
Cake Rusk - 300g Pack,CAFE-02460,GST,5,41.76,149.0,39,Breads & Savory (Retail),1905,8909784879896
Dark Chocolate Bar (70%) - 100g Bar,CAFE-02461,GST,18,98.69,257.0,37,Chocolates & Confectionery,1806,8902704369225
Freshly Baked Chicken Tikka Sandwich - Standard,CAFE-02462,GST,5,89.23,197.0,5,Prepared Snacks & Sandwiches (Cafe Service),9963,8902746901763
Signature Pineapple Pastry - 2 Slices,CAFE-02463,GST,18,54.55,187.0,2,Fresh Pastries & Cakes,1905,8908553606223
House Special Vanilla Cupcake - 1 Pc,CAFE-02464,GST,18,31.89,82.0,13,Fresh Pastries & Cakes,1905,8907756942984
Artisan Black Forest Pastry - 2 Slices,CAFE-02465,GST,18,71.6,249.0,8,Fresh Pastries & Cakes,1905,8902730324827
Signature Almond Biscotti - 200g Box,CAFE-02466,GST,18,129.27,360.0,58,Packaged Biscuits & Cookies,1905,8903561188203
Veg Grilled Sandwich - Cheese Burst,CAFE-02467,GST,5,44.13,150.0,15,Prepared Snacks & Sandwiches (Cafe Service),9963,8902185311128
Chocolate Brownie - With Walnut,CAFE-02468,GST,18,32.64,127.0,14,Fresh Pastries & Cakes,1905,8906663694728
Gourmet Red Velvet Cake - 500g,CAFE-02469,GST,18,403.95,1126.0,18,Fresh Pastries & Cakes,1905,8904503379029
Handcrafted Butter Cookies - 250g Box,CAFE-02470,GST,18,64.51,182.0,59,Packaged Biscuits & Cookies,1905,8903132452756
Artisan Cappuccino - Large,CAFE-02471,GST,5,100.51,371.0,9,Prepared Beverages (Cafe Service),9963,8900568780712
Classic Hazelnut Pralines - Box of 9,CAFE-02472,GST,18,145.01,542.0,33,Chocolates & Confectionery,1806,8908918529838
Premium Paneer Tikka Wrap - Standard,CAFE-02473,GST,5,66.72,180.0,16,Prepared Snacks & Sandwiches (Cafe Service),9963,8907764913616
House Special Jeera Biscuits - 500g Box,CAFE-02474,GST,18,66.42,254.0,25,Packaged Biscuits & Cookies,1905,8902619549029
Nankhatai - 250g Box,CAFE-02475,GST,18,71.22,181.0,31,Packaged Biscuits & Cookies,1905,8905776613886
Artisan Almond Biscotti - 200g Box,CAFE-02476,GST,18,92.56,363.0,17,Packaged Biscuits & Cookies,1905,8909159567832
Suji Rusk - 400g Pack,CAFE-02477,GST,5,26.67,103.0,52,Breads & Savory (Retail),1905,8904127066185
Artisan Dark Chocolate Bar (70%) - 100g Bar,CAFE-02478,GST,18,90.06,278.0,17,Chocolates & Confectionery,1806,8907202033881
Chocolate Truffle Cake - 500g,CAFE-02479,GST,18,297.99,868.0,17,Fresh Pastries & Cakes,1905,8906372037344
House Special Egg & Cheese Croissant - Standard,CAFE-02480,GST,5,111.73,246.0,5,Prepared Snacks & Sandwiches (Cafe Service),9963,8909056574396
House Special Peach Iced Tea - Regular,CAFE-02481,GST,5,42.74,157.0,8,Prepared Beverages (Cafe Service),9963,8909316490954
Signature Mango Smoothie - Regular,CAFE-02482,GST,5,102.18,234.0,13,Prepared Beverages (Cafe Service),9963,8908868102531
Multigrain Bread - 400g Pack,CAFE-02483,GST,5,27.88,75.0,46,Breads & Savory (Retail),1905,8908009580401
House Special Jeera Biscuits - 250g Box,CAFE-02484,GST,18,53.28,162.0,15,Packaged Biscuits & Cookies,1905,8900019007388
Handcrafted Oatmeal & Raisin Cookies - 250g Box,CAFE-02485,GST,18,84.57,294.0,55,Packaged Biscuits & Cookies,1905,8904743693908
Signature Aloo Puff / Patties - 1 Pc,CAFE-02486,GST,5,11.72,37.0,20,Prepared Snacks & Sandwiches (Cafe Service),9963,8906718321305
Classic Choco Chip Cookies - 500g Box,CAFE-02487,GST,18,171.84,399.0,20,Packaged Biscuits & Cookies,1905,8909035940942
Premium Fruit & Nut Chocolate - 100g Bar,CAFE-02488,GST,18,116.12,321.0,43,Chocolates & Confectionery,1806,8909990323887
Gourmet Hazelnut Pralines - Box of 9,CAFE-02489,GST,18,280.76,636.0,55,Chocolates & Confectionery,1806,8906289513403
Deluxe Cheese Croissant - 1 Pc,CAFE-02490,GST,5,60.98,166.0,8,Prepared Snacks & Sandwiches (Cafe Service),9963,8900818363293
Artisan Fruit & Nut Chocolate - 100g Bar,CAFE-02491,GST,18,75.13,267.0,30,Chocolates & Confectionery,1806,8908207154818
Signature Butter Cookies - 250g Box,CAFE-02492,GST,18,86.62,207.0,45,Packaged Biscuits & Cookies,1905,8908605776771
Artisan Paneer Tikka Wrap - Standard,CAFE-02493,GST,5,90.62,209.0,6,Prepared Snacks & Sandwiches (Cafe Service),9963,8908757405892
Premium Milk Bread - 400g Pack,CAFE-02494,GST,5,15.06,45.0,48,Breads & Savory (Retail),1905,8907192497265
Signature Jeera Biscuits - 250g Box,CAFE-02495,GST,18,65.38,177.0,41,Packaged Biscuits & Cookies,1905,8907451453752
Freshly Baked Jeera Biscuits - 500g Box,CAFE-02496,GST,18,76.25,298.0,48,Packaged Biscuits & Cookies,1905,8908252699018
Premium Butter Cookies - 250g Box,CAFE-02497,GST,18,60.09,179.0,30,Packaged Biscuits & Cookies,1905,8903851576467
Gourmet Mango Mousse Cup - Standard,CAFE-02498,GST,18,45.39,169.0,19,Fresh Pastries & Cakes,1905,8900983831934
Classic Mocha Frappe - Regular,CAFE-02499,GST,5,97.62,271.0,15,Prepared Beverages (Cafe Service),9963,8900345633389
Garlic Bread Loaf - 1 Pc,CAFE-02500,GST,5,46.01,131.0,32,Breads & Savory (Retail),1905,8905705155782
Signature Hot Chocolate - Regular,CAFE-02501,GST,5,63.86,251.0,6,Prepared Beverages (Cafe Service),9963,8907161862869
Gourmet Cold Coffee Classic - Large,CAFE-02502,GST,5,135.51,342.0,8,Prepared Beverages (Cafe Service),9963,8907038547872
Mango Smoothie - Regular,CAFE-02503,GST,5,98.8,251.0,5,Prepared Beverages (Cafe Service),9963,8909229412328
Classic Assorted Truffles - Box of 12,CAFE-02504,GST,18,237.09,814.0,31,Chocolates & Confectionery,1806,8901854554189
Suji Rusk - 400g Pack,CAFE-02505,GST,5,39.88,88.0,29,Breads & Savory (Retail),1905,8905630328267
Suji Rusk - 400g Pack,CAFE-02506,GST,5,20.4,81.0,52,Breads & Savory (Retail),1905,8908657168962
House Special Red Velvet Cake - 500g,CAFE-02507,GST,18,295.38,872.0,19,Fresh Pastries & Cakes,1905,8906856434760
Signature Fruit & Nut Chocolate - 100g Bar,CAFE-02508,GST,18,101.36,254.0,38,Chocolates & Confectionery,1806,8908728946736
Whole Wheat Bread - 400g Pack,CAFE-02509,GST,5,15.54,58.0,33,Breads & Savory (Retail),1905,8906017262803
Cake Rusk - 300g Pack,CAFE-02510,GST,5,34.73,128.0,33,Breads & Savory (Retail),1905,8907491163430
Whole Wheat Bread - 400g Pack,CAFE-02511,GST,5,23.26,61.0,39,Breads & Savory (Retail),1905,8906228455414
Mango Mousse Cup - Standard,CAFE-02512,GST,18,47.1,176.0,14,Fresh Pastries & Cakes,1905,8902295110848
Gourmet Cappuccino - Regular,CAFE-02513,GST,5,55.94,201.0,3,Prepared Beverages (Cafe Service),9963,8900260469017
Signature Nankhatai - 250g Box,CAFE-02514,GST,18,50.58,169.0,21,Packaged Biscuits & Cookies,1905,8906244106678
Handcrafted Aloo Puff / Patties - 2 Pcs,CAFE-02515,GST,5,17.71,46.0,6,Prepared Snacks & Sandwiches (Cafe Service),9963,8901650242389
Suji Rusk - 400g Pack,CAFE-02516,GST,5,46.74,104.0,19,Breads & Savory (Retail),1905,8901072985023
Artisan Assorted Truffles - Box of 12,CAFE-02517,GST,18,313.01,933.0,21,Chocolates & Confectionery,1806,8904853331714
Freshly Baked Mocha Frappe - Large,CAFE-02518,GST,5,208.73,484.0,20,Prepared Beverages (Cafe Service),9963,8908249220288
Artisan Mango Mousse Cup - Standard,CAFE-02519,GST,18,42.17,158.0,13,Fresh Pastries & Cakes,1905,8902176801269
Artisan Cafe Latte - Large,CAFE-02520,GST,5,110.75,395.0,17,Prepared Beverages (Cafe Service),9963,8903249139430
Multigrain Bread - 400g Pack,CAFE-02521,GST,5,35.96,90.0,31,Breads & Savory (Retail),1905,8909623838440
Gourmet Dark Chocolate Bar (70%) - 100g Bar,CAFE-02522,GST,18,97.72,252.0,52,Chocolates & Confectionery,1806,8909428580330
Premium Chicken Puff - 1 Pc,CAFE-02523,GST,5,26.86,79.0,9,Prepared Snacks & Sandwiches (Cafe Service),9963,8902908505048
Cappuccino - Large,CAFE-02524,GST,5,106.26,294.0,19,Prepared Beverages (Cafe Service),9963,8902377210907
Handcrafted Oatmeal & Raisin Cookies - 250g Box,CAFE-02525,GST,18,102.42,268.0,21,Packaged Biscuits & Cookies,1905,8901717400345
Deluxe Mango Smoothie - Regular,CAFE-02526,GST,5,62.69,214.0,17,Prepared Beverages (Cafe Service),9963,8903744966607
Garlic Bread Loaf - 1 Pc,CAFE-02527,GST,5,34.34,123.0,45,Breads & Savory (Retail),1905,8904120818036
House Special Egg & Cheese Croissant - Standard,CAFE-02528,GST,5,113.16,276.0,19,Prepared Snacks & Sandwiches (Cafe Service),9963,8909404393516
Chocolate Truffle Cake - 1kg,CAFE-02529,GST,18,583.92,1630.0,16,Fresh Pastries & Cakes,1905,8905266848031
Handcrafted Hot Chocolate - With Marshmallows,CAFE-02530,GST,5,76.95,233.0,6,Prepared Beverages (Cafe Service),9963,8904813537642
Artisan Egg & Cheese Croissant - Standard,CAFE-02531,GST,5,69.51,231.0,13,Prepared Snacks & Sandwiches (Cafe Service),9963,8903952608853
Pav Buns - Pack of 6,CAFE-02532,GST,5,49.24,111.0,20,Breads & Savory (Retail),1905,8904997475473
Artisan Hazelnut Pralines - Box of 9,CAFE-02533,GST,18,165.68,540.0,54,Chocolates & Confectionery,1806,8900967819456
Handcrafted Nankhatai - 250g Box,CAFE-02534,GST,18,53.58,155.0,17,Packaged Biscuits & Cookies,1905,8903405736891
Premium Black Forest Pastry - 2 Slices,CAFE-02535,GST,18,77.56,240.0,12,Fresh Pastries & Cakes,1905,8906943072188
Gourmet Peach Iced Tea - Regular,CAFE-02536,GST,5,58.69,190.0,5,Prepared Beverages (Cafe Service),9963,8906587236341
Deluxe Black Forest Pastry - 2 Slices,CAFE-02537,GST,18,83.57,250.0,19,Fresh Pastries & Cakes,1905,8906712657281
Classic Paneer Tikka Wrap - Standard,CAFE-02538,GST,5,58.35,208.0,19,Prepared Snacks & Sandwiches (Cafe Service),9963,8908524991960
Premium Fruit & Nut Chocolate - 100g Bar,CAFE-02539,GST,18,110.41,312.0,50,Chocolates & Confectionery,1806,8905537304376
Whole Wheat Bread - 400g Pack,CAFE-02540,GST,5,16.21,64.0,16,Breads & Savory (Retail),1905,8907169448144
Freshly Baked Black Forest Pastry - 1 Slice,CAFE-02541,GST,18,36.33,109.0,15,Fresh Pastries & Cakes,1905,8900231064079
Gourmet Cafe Latte - Iced,CAFE-02542,GST,5,80.71,201.0,19,Prepared Beverages (Cafe Service),9963,8908542734497
Premium Paneer Tikka Wrap - Standard,CAFE-02543,GST,5,61.09,205.0,17,Prepared Snacks & Sandwiches (Cafe Service),9963,8903665475878
Premium Dark Chocolate Bar (70%) - 100g Bar,CAFE-02544,GST,18,78.95,293.0,35,Chocolates & Confectionery,1806,8903925906771
Gourmet Paneer Puff - 1 Pc,CAFE-02545,GST,5,16.15,54.0,17,Prepared Snacks & Sandwiches (Cafe Service),9963,8904304025600
Premium Butter Cookies - 250g Box,CAFE-02546,GST,18,63.14,184.0,46,Packaged Biscuits & Cookies,1905,8907527071279
Handcrafted Hazelnut Pralines - Box of 9,CAFE-02547,GST,18,160.14,566.0,35,Chocolates & Confectionery,1806,8900642729904
Whole Wheat Bread - 400g Pack,CAFE-02548,GST,5,25.37,62.0,25,Breads & Savory (Retail),1905,8907025431639
Gourmet Mango Mousse Cup - Standard,CAFE-02549,GST,18,47.91,147.0,12,Fresh Pastries & Cakes,1905,8906046782036
Premium Veg Grilled Sandwich - Cheese Burst,CAFE-02550,GST,5,41.02,149.0,13,Prepared Snacks & Sandwiches (Cafe Service),9963,8900261340973
Artisan Chocolate Truffle Cake - 500g,CAFE-02551,GST,18,263.07,916.0,14,Fresh Pastries & Cakes,1905,8907665405324
Whole Wheat Bread - 400g Pack,CAFE-02552,GST,5,21.05,59.0,59,Breads & Savory (Retail),1905,8902861780581
Premium Milk Bread - 400g Pack,CAFE-02553,GST,5,19.93,48.0,39,Breads & Savory (Retail),1905,8907886455526
Artisan Mango Mousse Cup - Standard,CAFE-02554,GST,18,38.87,155.0,13,Fresh Pastries & Cakes,1905,8905705295086
Freshly Baked Cheese Croissant - 1 Pc,CAFE-02555,GST,5,41.22,148.0,12,Prepared Snacks & Sandwiches (Cafe Service),9963,8909989625869
Cake Rusk - 300g Pack,CAFE-02556,GST,5,63.63,144.0,56,Breads & Savory (Retail),1905,8902551517975
Deluxe Red Velvet Cake - 1kg,CAFE-02557,GST,18,594.88,1667.0,4,Fresh Pastries & Cakes,1905,8902734458019
Premium Green Tea - Cup,CAFE-02558,GST,5,39.49,106.0,4,Prepared Beverages (Cafe Service),9963,8906461526532
Multigrain Bread - 400g Pack,CAFE-02559,GST,5,21.36,73.0,21,Breads & Savory (Retail),1905,8900148129719
Deluxe Aloo Puff / Patties - 1 Pc,CAFE-02560,GST,5,10.91,43.0,10,Prepared Snacks & Sandwiches (Cafe Service),9963,8903748126817
Artisan Egg & Cheese Croissant - Standard,CAFE-02561,GST,5,113.77,254.0,18,Prepared Snacks & Sandwiches (Cafe Service),9963,8908990580814
Freshly Baked Red Velvet Cake - 500g,CAFE-02562,GST,18,471.21,1058.0,3,Fresh Pastries & Cakes,1905,8908105635869
Premium Veg Grilled Sandwich - Standard,CAFE-02563,GST,5,42.51,170.0,5,Prepared Snacks & Sandwiches (Cafe Service),9963,8906694602124
Freshly Baked Peach Iced Tea - Large,CAFE-02564,GST,5,113.02,272.0,13,Prepared Beverages (Cafe Service),9963,8909836207498
Aloo Puff / Patties - 2 Pcs,CAFE-02565,GST,5,14.74,37.0,2,Prepared Snacks & Sandwiches (Cafe Service),9963,8909203314656
Premium Milk Chocolate Bar - 100g Bar,CAFE-02566,GST,18,77.84,226.0,46,Chocolates & Confectionery,1806,8908130499504
Cake Rusk - 300g Pack,CAFE-02567,GST,5,50.48,143.0,48,Breads & Savory (Retail),1905,8906295322307
Pizza Base - Pack of 4,CAFE-02568,GST,5,28.57,110.0,41,Breads & Savory (Retail),1905,8901395574586
Deluxe Black Forest Pastry - 2 Slices,CAFE-02569,GST,18,78.36,207.0,3,Fresh Pastries & Cakes,1905,8908354427885
Artisan Chicken Tikka Sandwich - Standard,CAFE-02570,GST,5,74.75,216.0,14,Prepared Snacks & Sandwiches (Cafe Service),9963,8909325962762
Garlic Bread Loaf - 1 Pc,CAFE-02571,GST,5,29.31,107.0,45,Breads & Savory (Retail),1905,8905341839955
Classic Hazelnut Pralines - Box of 9,CAFE-02572,GST,18,178.39,644.0,23,Chocolates & Confectionery,1806,8908017710629
Classic Oatmeal & Raisin Cookies - 250g Box,CAFE-02573,GST,18,82.92,281.0,51,Packaged Biscuits & Cookies,1905,8904473534143
Signature Chicken Tikka Sandwich - Standard,CAFE-02574,GST,5,76.45,201.0,5,Prepared Snacks & Sandwiches (Cafe Service),9963,8908667906674
Artisan Peach Iced Tea - Regular,CAFE-02575,GST,5,74.93,178.0,3,Prepared Beverages (Cafe Service),9963,8904083843782
Deluxe Espresso - Single Shot,CAFE-02576,GST,5,35.62,124.0,13,Prepared Beverages (Cafe Service),9963,8903342253939
Multigrain Bread - 400g Pack,CAFE-02577,GST,5,22.65,81.0,45,Breads & Savory (Retail),1905,8907277457502
Premium Mango Mousse Cup - Standard,CAFE-02578,GST,18,35.95,139.0,18,Fresh Pastries & Cakes,1905,8904603638396
Deluxe Fruit & Nut Chocolate - 100g Bar,CAFE-02579,GST,18,85.37,322.0,26,Chocolates & Confectionery,1806,8900475983589
Artisan Jeera Biscuits - 500g Box,CAFE-02580,GST,18,97.0,314.0,30,Packaged Biscuits & Cookies,1905,8909285320254
Handcrafted Cappuccino - Large,CAFE-02581,GST,5,128.23,349.0,16,Prepared Beverages (Cafe Service),9963,8907818986361
Suji Rusk - 400g Pack,CAFE-02582,GST,5,32.88,107.0,60,Breads & Savory (Retail),1905,8901185723501
Signature Aloo Puff / Patties - 2 Pcs,CAFE-02583,GST,5,13.01,42.0,6,Prepared Snacks & Sandwiches (Cafe Service),9963,8906389654997
Handcrafted Hazelnut Pralines - Box of 9,CAFE-02584,GST,18,175.61,586.0,23,Chocolates & Confectionery,1806,8900081001428
Gourmet Green Tea - Cup,CAFE-02585,GST,5,44.6,105.0,17,Prepared Beverages (Cafe Service),9963,8905951490967
Artisan Black Forest Pastry - 1 Slice,CAFE-02586,GST,18,40.17,134.0,13,Fresh Pastries & Cakes,1905,8908724227496
Mocha Frappe - Regular,CAFE-02587,GST,5,75.74,237.0,3,Prepared Beverages (Cafe Service),9963,8905171972512
Signature Dark Chocolate Bar (70%) - 100g Bar,CAFE-02588,GST,18,107.51,282.0,29,Chocolates & Confectionery,1806,8906757777342
House Special Mocha Frappe - Large,CAFE-02589,GST,5,116.24,395.0,2,Prepared Beverages (Cafe Service),9963,8904979140771
Gourmet Dark Chocolate Bar (70%) - 100g Bar,CAFE-02590,GST,18,68.17,231.0,51,Chocolates & Confectionery,1806,8909074666974
Premium Cafe Latte - Iced,CAFE-02591,GST,5,55.47,197.0,7,Prepared Beverages (Cafe Service),9963,8904356683032
Choco Chip Cookies - 500g Box,CAFE-02592,GST,18,163.01,401.0,38,Packaged Biscuits & Cookies,1905,8905876735078
Classic Black Forest Pastry - 2 Slices,CAFE-02593,GST,18,87.58,228.0,11,Fresh Pastries & Cakes,1905,8907646126149
Gourmet Fruit & Nut Chocolate - 100g Bar,CAFE-02594,GST,18,117.3,308.0,51,Chocolates & Confectionery,1806,8906275644390
Paneer Puff - 1 Pc,CAFE-02595,GST,5,23.73,69.0,14,Prepared Snacks & Sandwiches (Cafe Service),9963,8903006362105
Freshly Baked Assorted Truffles - Box of 12,CAFE-02596,GST,18,238.24,743.0,60,Chocolates & Confectionery,1806,8900481135373
Classic Chicken Puff - 1 Pc,CAFE-02597,GST,5,25.21,84.0,7,Prepared Snacks & Sandwiches (Cafe Service),9963,8909598677705
Handcrafted Oatmeal & Raisin Cookies - 250g Box,CAFE-02598,GST,18,91.78,232.0,52,Packaged Biscuits & Cookies,1905,8909699154827
Black Forest Pastry - 1 Slice,CAFE-02599,GST,18,32.53,117.0,5,Fresh Pastries & Cakes,1905,8903268937460
Whole Wheat Bread - 400g Pack,CAFE-02600,GST,5,18.28,68.0,33,Breads & Savory (Retail),1905,8901577129184
Suji Rusk - 400g Pack,CAFE-02601,GST,5,30.9,91.0,20,Breads & Savory (Retail),1905,8907655892235
Deluxe Choco Chip Cookies - 500g Box,CAFE-02602,GST,18,184.73,415.0,42,Packaged Biscuits & Cookies,1905,8903022829335
Pav Buns - Pack of 6,CAFE-02603,GST,5,26.52,101.0,37,Breads & Savory (Retail),1905,8909647268474
House Special Cold Coffee Classic - Large,CAFE-02604,GST,5,81.29,279.0,18,Prepared Beverages (Cafe Service),9963,8903101850880
Gourmet Cheese Croissant - 1 Pc,CAFE-02605,GST,5,48.99,180.0,13,Prepared Snacks & Sandwiches (Cafe Service),9963,8900581058010
Chicken Puff - 1 Pc,CAFE-02606,GST,5,21.32,84.0,10,Prepared Snacks & Sandwiches (Cafe Service),9963,8907619378866
Cake Rusk - 300g Pack,CAFE-02607,GST,5,59.94,158.0,29,Breads & Savory (Retail),1905,8903477496337
Gourmet Paneer Tikka Wrap - Standard,CAFE-02608,GST,5,84.58,212.0,5,Prepared Snacks & Sandwiches (Cafe Service),9963,8909150237438
Freshly Baked Hazelnut Pralines - Box of 9,CAFE-02609,GST,18,287.27,658.0,25,Chocolates & Confectionery,1806,8901940504726
Chocolate Brownie - Fudge,CAFE-02610,GST,18,44.02,144.0,10,Fresh Pastries & Cakes,1905,8905977366098
Milk Chocolate Bar - 100g Bar,CAFE-02611,GST,18,71.23,213.0,34,Chocolates & Confectionery,1806,8907366539788
Freshly Baked Nankhatai - 250g Box,CAFE-02612,GST,18,51.34,168.0,58,Packaged Biscuits & Cookies,1905,8905571319844
Premium Almond Biscotti - 200g Box,CAFE-02613,GST,18,142.55,376.0,51,Packaged Biscuits & Cookies,1905,8905257477743
Classic Cafe Latte - Regular,CAFE-02614,GST,5,68.31,184.0,16,Prepared Beverages (Cafe Service),9963,8907561918987
Oatmeal & Raisin Cookies - 250g Box,CAFE-02615,GST,18,91.54,290.0,29,Packaged Biscuits & Cookies,1905,8902290005905
Handcrafted Oatmeal & Raisin Cookies - 250g Box,CAFE-02616,GST,18,87.06,242.0,38,Packaged Biscuits & Cookies,1905,8904059193442
Handcrafted Jeera Biscuits - 250g Box,CAFE-02617,GST,18,57.32,140.0,54,Packaged Biscuits & Cookies,1905,8903306533535
Cheese Croissant - 1 Pc,CAFE-02618,GST,5,78.7,176.0,14,Prepared Snacks & Sandwiches (Cafe Service),9963,8902821960878
Deluxe Mocha Frappe - Large,CAFE-02619,GST,5,148.11,473.0,17,Prepared Beverages (Cafe Service),9963,8903763097739
Gourmet Fruit & Nut Chocolate - 100g Bar,CAFE-02620,GST,18,109.81,323.0,51,Chocolates & Confectionery,1806,8907978550044
Handcrafted Almond Biscotti - 200g Box,CAFE-02621,GST,18,108.5,356.0,25,Packaged Biscuits & Cookies,1905,8909010793226
Deluxe Choco Chip Cookies - 500g Box,CAFE-02622,GST,18,137.8,375.0,30,Packaged Biscuits & Cookies,1905,8900594156711
Signature Peach Iced Tea - Large,CAFE-02623,GST,5,83.51,310.0,16,Prepared Beverages (Cafe Service),9963,8902458198708
Artisan Fruit & Nut Chocolate - 100g Bar,CAFE-02624,GST,18,84.45,294.0,27,Chocolates & Confectionery,1806,8908053659726
Artisan Egg & Cheese Croissant - Standard,CAFE-02625,GST,5,76.7,271.0,2,Prepared Snacks & Sandwiches (Cafe Service),9963,8905130696721
Whole Wheat Bread - 400g Pack,CAFE-02626,GST,5,20.03,64.0,16,Breads & Savory (Retail),1905,8902785379821
Freshly Baked Almond Biscotti - 200g Box,CAFE-02627,GST,18,97.0,296.0,45,Packaged Biscuits & Cookies,1905,8903063908583
Freshly Baked Vanilla Cupcake - Box of 6,CAFE-02628,GST,18,28.36,88.0,15,Fresh Pastries & Cakes,1905,8908167238665
Gourmet Hazelnut Pralines - Box of 9,CAFE-02629,GST,18,199.76,573.0,37,Chocolates & Confectionery,1806,8909573541057
Artisan Cafe Latte - Large,CAFE-02630,GST,5,134.03,338.0,19,Prepared Beverages (Cafe Service),9963,8909881085587
Garlic Bread Loaf - 1 Pc,CAFE-02631,GST,5,32.58,116.0,45,Breads & Savory (Retail),1905,8902080241041
Freshly Baked Butter Cookies - 500g Box,CAFE-02632,GST,18,144.37,348.0,39,Packaged Biscuits & Cookies,1905,8900816115566
Artisan Red Velvet Cake - 1kg,CAFE-02633,GST,18,634.85,1900.0,13,Fresh Pastries & Cakes,1905,8900004584089
Multigrain Bread - 400g Pack,CAFE-02634,GST,5,21.55,82.0,54,Breads & Savory (Retail),1905,8900649493565
Signature Fruit & Nut Chocolate - 100g Bar,CAFE-02635,GST,18,109.33,318.0,50,Chocolates & Confectionery,1806,8903647224558
Artisan Assorted Truffles - Box of 12,CAFE-02636,GST,18,329.53,856.0,37,Chocolates & Confectionery,1806,8901424496639
Freshly Baked Black Forest Pastry - 1 Slice,CAFE-02637,GST,18,37.06,121.0,19,Fresh Pastries & Cakes,1905,8900488672514
Handcrafted Vanilla Cupcake - 1 Pc,CAFE-02638,GST,18,22.51,73.0,16,Fresh Pastries & Cakes,1905,8903170981668
Artisan Chicken Tikka Sandwich - Standard,CAFE-02639,GST,5,61.0,203.0,11,Prepared Snacks & Sandwiches (Cafe Service),9963,8906912815016
Gourmet Oatmeal & Raisin Cookies - 250g Box,CAFE-02640,GST,18,102.58,254.0,43,Packaged Biscuits & Cookies,1905,8903125361276
Classic Cheese Croissant - 1 Pc,CAFE-02641,GST,5,72.65,181.0,20,Prepared Snacks & Sandwiches (Cafe Service),9963,8905794745080
Premium Fruit & Nut Chocolate - 100g Bar,CAFE-02642,GST,18,111.21,291.0,29,Chocolates & Confectionery,1806,8901571604261
Premium Oatmeal & Raisin Cookies - 250g Box,CAFE-02643,GST,18,104.31,292.0,31,Packaged Biscuits & Cookies,1905,8904152644582
House Special Chicken Puff - 1 Pc,CAFE-02644,GST,5,23.02,78.0,20,Prepared Snacks & Sandwiches (Cafe Service),9963,8901378049876
Premium Milk Bread - 400g Pack,CAFE-02645,GST,5,19.0,57.0,53,Breads & Savory (Retail),1905,8906524276074
Gourmet Assorted Truffles - Box of 12,CAFE-02646,GST,18,221.93,793.0,32,Chocolates & Confectionery,1806,8900261353425
Premium Oatmeal & Raisin Cookies - 250g Box,CAFE-02647,GST,18,108.62,267.0,42,Packaged Biscuits & Cookies,1905,8902138415510
Classic Paneer Puff - 1 Pc,CAFE-02648,GST,5,21.01,70.0,6,Prepared Snacks & Sandwiches (Cafe Service),9963,8907505688084
Artisan Fruit & Nut Chocolate - 100g Bar,CAFE-02649,GST,18,94.83,289.0,24,Chocolates & Confectionery,1806,8906334029378
Gourmet Red Velvet Cake - 500g,CAFE-02650,GST,18,328.32,989.0,9,Fresh Pastries & Cakes,1905,8902627767469
Nankhatai - 250g Box,CAFE-02651,GST,18,63.8,174.0,39,Packaged Biscuits & Cookies,1905,8908774929449
Signature Egg & Cheese Croissant - Standard,CAFE-02652,GST,5,87.12,246.0,17,Prepared Snacks & Sandwiches (Cafe Service),9963,8902668490536
Deluxe Hazelnut Pralines - Box of 9,CAFE-02653,GST,18,208.98,530.0,27,Chocolates & Confectionery,1806,8901613177905
Pizza Base - Pack of 2,CAFE-02654,GST,5,15.18,48.0,27,Breads & Savory (Retail),1905,8903151801664
Signature Veg Grilled Sandwich - Standard,CAFE-02655,GST,5,48.61,154.0,5,Prepared Snacks & Sandwiches (Cafe Service),9963,8909388953115
Almond Biscotti - 200g Box,CAFE-02656,GST,18,87.06,334.0,38,Packaged Biscuits & Cookies,1905,8907341591066
Signature Vanilla Cupcake - 1 Pc,CAFE-02657,GST,18,31.38,89.0,11,Fresh Pastries & Cakes,1905,8906026224789
Multigrain Bread - 400g Pack,CAFE-02658,GST,5,27.27,87.0,59,Breads & Savory (Retail),1905,8902613506210
Premium Aloo Puff / Patties - 1 Pc,CAFE-02659,GST,5,13.05,40.0,20,Prepared Snacks & Sandwiches (Cafe Service),9963,8907062981099
Gourmet Mocha Frappe - Regular,CAFE-02660,GST,5,86.01,254.0,13,Prepared Beverages (Cafe Service),9963,8900836816821
Signature Butter Cookies - 500g Box,CAFE-02661,GST,18,132.02,337.0,48,Packaged Biscuits & Cookies,1905,8907143903909
Premium Milk Bread - 400g Pack,CAFE-02662,GST,5,16.43,58.0,40,Breads & Savory (Retail),1905,8902607024748
Almond Biscotti - 200g Box,CAFE-02663,GST,18,106.91,338.0,48,Packaged Biscuits & Cookies,1905,8909213273815
Multigrain Bread - 400g Pack,CAFE-02664,GST,5,24.86,75.0,58,Breads & Savory (Retail),1905,8902540149384
Signature Mocha Frappe - Large,CAFE-02665,GST,5,151.74,472.0,14,Prepared Beverages (Cafe Service),9963,8904594780079
Pizza Base - Pack of 4,CAFE-02666,GST,5,28.92,115.0,48,Breads & Savory (Retail),1905,8903755504583
Artisan Cheese Croissant - 1 Pc,CAFE-02667,GST,5,41.02,145.0,16,Prepared Snacks & Sandwiches (Cafe Service),9963,8900990317211
Suji Rusk - 400g Pack,CAFE-02668,GST,5,32.75,86.0,38,Breads & Savory (Retail),1905,8906964010146
Signature Pineapple Pastry - 1 Slice,CAFE-02669,GST,18,45.19,100.0,15,Fresh Pastries & Cakes,1905,8902260931642
Signature Green Tea - Cup,CAFE-02670,GST,5,43.46,103.0,3,Prepared Beverages (Cafe Service),9963,8908231017171
Handcrafted Aloo Puff / Patties - 2 Pcs,CAFE-02671,GST,5,17.74,47.0,12,Prepared Snacks & Sandwiches (Cafe Service),9963,8901995081900
Signature Jeera Biscuits - 500g Box,CAFE-02672,GST,18,118.8,295.0,41,Packaged Biscuits & Cookies,1905,8903595176352
Artisan Butter Cookies - 250g Box,CAFE-02673,GST,18,67.08,170.0,48,Packaged Biscuits & Cookies,1905,8906710665602
Signature Nankhatai - 250g Box,CAFE-02674,GST,18,53.96,162.0,43,Packaged Biscuits & Cookies,1905,8904149057175
Multigrain Bread - 400g Pack,CAFE-02675,GST,5,27.98,93.0,54,Breads & Savory (Retail),1905,8907526158789
Gourmet Fruit & Nut Chocolate - 100g Bar,CAFE-02676,GST,18,100.41,321.0,30,Chocolates & Confectionery,1806,8901715111424
Deluxe Chocolate Truffle Cake - 1kg,CAFE-02677,GST,18,501.11,1431.0,11,Fresh Pastries & Cakes,1905,8906731371741
Gourmet Veg Grilled Sandwich - Cheese Burst,CAFE-02678,GST,5,58.73,162.0,12,Prepared Snacks & Sandwiches (Cafe Service),9963,8900857034011
Handcrafted Green Tea - Cup,CAFE-02679,GST,5,41.88,100.0,3,Prepared Beverages (Cafe Service),9963,8901127383181
Signature Cafe Latte - Regular,CAFE-02680,GST,5,74.19,226.0,14,Prepared Beverages (Cafe Service),9963,8905640019154
Cake Rusk - 300g Pack,CAFE-02681,GST,5,37.95,149.0,33,Breads & Savory (Retail),1905,8901164342411
Freshly Baked Jeera Biscuits - 500g Box,CAFE-02682,GST,18,75.96,296.0,24,Packaged Biscuits & Cookies,1905,8904822306421
Freshly Baked Vanilla Cupcake - Box of 6,CAFE-02683,GST,18,31.49,82.0,13,Fresh Pastries & Cakes,1905,8901592346652
Gourmet Chocolate Brownie - With Walnut,CAFE-02684,GST,18,53.96,137.0,9,Fresh Pastries & Cakes,1905,8901649506054
Handcrafted Pineapple Pastry - 1 Slice,CAFE-02685,GST,18,30.74,119.0,5,Fresh Pastries & Cakes,1905,8903463107890
Hazelnut Pralines - Box of 9,CAFE-02686,GST,18,178.36,633.0,43,Chocolates & Confectionery,1806,8906018830415
Handcrafted Milk Chocolate Bar - 100g Bar,CAFE-02687,GST,18,63.93,198.0,30,Chocolates & Confectionery,1806,8904359736970
House Special Vanilla Cupcake - Box of 6,CAFE-02688,GST,18,19.43,76.0,9,Fresh Pastries & Cakes,1905,8901750409370
Pineapple Pastry - 2 Slices,CAFE-02689,GST,18,56.65,183.0,16,Fresh Pastries & Cakes,1905,8904095290550
Paneer Puff - 1 Pc,CAFE-02690,GST,5,24.55,57.0,10,Prepared Snacks & Sandwiches (Cafe Service),9963,8907266806399
Premium Dark Chocolate Bar (70%) - 100g Bar,CAFE-02691,GST,18,76.86,257.0,20,Chocolates & Confectionery,1806,8909540627890
Deluxe Veg Grilled Sandwich - Cheese Burst,CAFE-02692,GST,5,72.45,171.0,5,Prepared Snacks & Sandwiches (Cafe Service),9963,8902179592822
Garlic Bread Loaf - 1 Pc,CAFE-02693,GST,5,35.77,110.0,23,Breads & Savory (Retail),1905,8905038561627
Premium Assorted Truffles - Box of 12,CAFE-02694,GST,18,213.85,775.0,46,Chocolates & Confectionery,1806,8907323573742
Artisan Blueberry Cheesecake Slice - 1 Slice,CAFE-02695,GST,18,93.95,238.0,16,Fresh Pastries & Cakes,1905,8909374158719
Classic Fruit & Nut Chocolate - 100g Bar,CAFE-02696,GST,18,70.97,281.0,57,Chocolates & Confectionery,1806,8905925309558
Gourmet Peach Iced Tea - Regular,CAFE-02697,GST,5,43.76,158.0,17,Prepared Beverages (Cafe Service),9963,8903795723816
Assorted Truffles - Box of 6,CAFE-02698,GST,18,161.55,425.0,21,Chocolates & Confectionery,1806,8901133010753
Classic Almond Biscotti - 200g Box,CAFE-02699,GST,18,126.66,371.0,51,Packaged Biscuits & Cookies,1905,8904841232223
Premium Milk Bread - 400g Pack,CAFE-02700,GST,5,19.07,53.0,60,Breads & Savory (Retail),1905,8907094391370
Deluxe Paneer Puff - 1 Pc,CAFE-02701,GST,5,17.51,58.0,5,Prepared Snacks & Sandwiches (Cafe Service),9963,8903168226080
Premium Egg & Cheese Croissant - Standard,CAFE-02702,GST,5,73.1,243.0,4,Prepared Snacks & Sandwiches (Cafe Service),9963,8907844988380
Pav Buns - Pack of 6,CAFE-02703,GST,5,32.08,117.0,49,Breads & Savory (Retail),1905,8901133704946
Pizza Base - Pack of 4,CAFE-02704,GST,5,37.44,112.0,46,Breads & Savory (Retail),1905,8900053558823
Premium Nankhatai - 250g Box,CAFE-02705,GST,18,80.47,181.0,50,Packaged Biscuits & Cookies,1905,8902938502847
House Special Mango Smoothie - Regular,CAFE-02706,GST,5,62.69,221.0,9,Prepared Beverages (Cafe Service),9963,8907156415330
Gourmet Espresso - Double Shot,CAFE-02707,GST,5,58.08,221.0,3,Prepared Beverages (Cafe Service),9963,8906331191611
Signature Paneer Puff - 1 Pc,CAFE-02708,GST,5,20.45,54.0,8,Prepared Snacks & Sandwiches (Cafe Service),9963,8901340377917
Red Velvet Cake - 1kg,CAFE-02709,GST,18,722.04,1863.0,15,Fresh Pastries & Cakes,1905,8901892004582
Premium Chocolate Brownie - 1 Pc,CAFE-02710,GST,18,38.48,142.0,16,Fresh Pastries & Cakes,1905,8904246847325
House Special Butter Cookies - 500g Box,CAFE-02711,GST,18,115.27,373.0,53,Packaged Biscuits & Cookies,1905,8900536791207
Premium Milk Bread - 400g Pack,CAFE-02712,GST,5,15.63,53.0,53,Breads & Savory (Retail),1905,8900355081996
House Special Aloo Puff / Patties - 2 Pcs,CAFE-02713,GST,5,10.48,41.0,16,Prepared Snacks & Sandwiches (Cafe Service),9963,8908174420540
House Special Milk Chocolate Bar - 100g Bar,CAFE-02714,GST,18,69.14,235.0,41,Chocolates & Confectionery,1806,8907409201675
Artisan Egg & Cheese Croissant - Standard,CAFE-02715,GST,5,58.29,221.0,4,Prepared Snacks & Sandwiches (Cafe Service),9963,8904058067091
House Special Oatmeal & Raisin Cookies - 250g Box,CAFE-02716,GST,18,93.12,248.0,18,Packaged Biscuits & Cookies,1905,8900040046454
Deluxe Cheese Croissant - 1 Pc,CAFE-02717,GST,5,66.61,182.0,19,Prepared Snacks & Sandwiches (Cafe Service),9963,8907525604899
Pizza Base - Pack of 4,CAFE-02718,GST,5,35.35,106.0,18,Breads & Savory (Retail),1905,8901380795118
Premium Chocolate Truffle Cake - 2kg,CAFE-02719,GST,18,1101.93,3186.0,7,Fresh Pastries & Cakes,1905,8905081595904
Whole Wheat Bread - 400g Pack,CAFE-02720,GST,5,16.72,62.0,19,Breads & Savory (Retail),1905,8907416477631
Classic Assorted Truffles - Box of 6,CAFE-02721,GST,18,206.7,500.0,44,Chocolates & Confectionery,1806,8906702546168
Gourmet Oatmeal & Raisin Cookies - 250g Box,CAFE-02722,GST,18,99.66,270.0,56,Packaged Biscuits & Cookies,1905,8908924418328
Handcrafted Pineapple Pastry - 1 Slice,CAFE-02723,GST,18,40.53,109.0,10,Fresh Pastries & Cakes,1905,8907929759144
Artisan Aloo Puff / Patties - 1 Pc,CAFE-02724,GST,5,15.6,43.0,12,Prepared Snacks & Sandwiches (Cafe Service),9963,8908463924887
Signature Veg Grilled Sandwich - Cheese Burst,CAFE-02725,GST,5,46.19,157.0,17,Prepared Snacks & Sandwiches (Cafe Service),9963,8906497378053
Premium Choco Chip Cookies - 500g Box,CAFE-02726,GST,18,113.13,423.0,44,Packaged Biscuits & Cookies,1905,8901628974767
Artisan Green Tea - Pot,CAFE-02727,GST,5,93.31,219.0,5,Prepared Beverages (Cafe Service),9963,8909352642599
Whole Wheat Bread - 400g Pack,CAFE-02728,GST,5,22.63,70.0,15,Breads & Savory (Retail),1905,8908567591056
Handcrafted Dark Chocolate Bar (70%) - 100g Bar,CAFE-02729,GST,18,83.05,228.0,32,Chocolates & Confectionery,1806,8907771405770
Suji Rusk - 400g Pack,CAFE-02730,GST,5,23.14,91.0,31,Breads & Savory (Retail),1905,8909409985752
Handcrafted Jeera Biscuits - 250g Box,CAFE-02731,GST,18,38.37,147.0,50,Packaged Biscuits & Cookies,1905,8904555766335
Artisan Milk Chocolate Bar - 100g Bar,CAFE-02732,GST,18,56.18,223.0,16,Chocolates & Confectionery,1806,8909530727728
Gourmet Dark Chocolate Bar (70%) - 100g Bar,CAFE-02733,GST,18,78.59,268.0,50,Chocolates & Confectionery,1806,8907089426603
Classic Green Tea - Cup,CAFE-02734,GST,5,41.9,125.0,11,Prepared Beverages (Cafe Service),9963,8904829435007
Gourmet Chicken Puff - 1 Pc,CAFE-02735,GST,5,26.46,81.0,16,Prepared Snacks & Sandwiches (Cafe Service),9963,8908424716491
Signature Chicken Tikka Sandwich - Standard,CAFE-02736,GST,5,83.81,249.0,12,Prepared Snacks & Sandwiches (Cafe Service),9963,8900725925016
Gourmet Chicken Tikka Sandwich - Standard,CAFE-02737,GST,5,72.28,228.0,17,Prepared Snacks & Sandwiches (Cafe Service),9963,8909823070081
Garlic Bread Loaf - 1 Pc,CAFE-02738,GST,5,38.83,100.0,45,Breads & Savory (Retail),1905,8904326924941
Gourmet Veg Grilled Sandwich - Standard,CAFE-02739,GST,5,49.26,165.0,5,Prepared Snacks & Sandwiches (Cafe Service),9963,8901294640311
Paneer Tikka Wrap - Standard,CAFE-02740,GST,5,78.92,211.0,13,Prepared Snacks & Sandwiches (Cafe Service),9963,8909511203390
Gourmet Nankhatai - 250g Box,CAFE-02741,GST,18,52.63,177.0,31,Packaged Biscuits & Cookies,1905,8902394383754
Pizza Base - Pack of 4,CAFE-02742,GST,5,38.2,117.0,34,Breads & Savory (Retail),1905,8908503027721
Gourmet Hot Chocolate - Regular,CAFE-02743,GST,5,91.07,208.0,12,Prepared Beverages (Cafe Service),9963,8905326799244
Handcrafted Fruit & Nut Chocolate - 100g Bar,CAFE-02744,GST,18,67.39,264.0,60,Chocolates & Confectionery,1806,8907793889491
Cake Rusk - 300g Pack,CAFE-02745,GST,5,47.97,147.0,46,Breads & Savory (Retail),1905,8908691040762
House Special Chicken Puff - 1 Pc,CAFE-02746,GST,5,21.42,76.0,5,Prepared Snacks & Sandwiches (Cafe Service),9963,8905731802040
Handcrafted Butter Cookies - 250g Box,CAFE-02747,GST,18,63.97,206.0,23,Packaged Biscuits & Cookies,1905,8909433702657
Chicken Tikka Sandwich - Standard,CAFE-02748,GST,5,58.78,214.0,12,Prepared Snacks & Sandwiches (Cafe Service),9963,8900193531101
House Special Milk Chocolate Bar - 100g Bar,CAFE-02749,GST,18,54.87,204.0,20,Chocolates & Confectionery,1806,8903700174931
Artisan Mocha Frappe - Large,CAFE-02750,GST,5,123.31,493.0,2,Prepared Beverages (Cafe Service),9963,8902173733970
Freshly Baked Black Forest Pastry - 1 Slice,CAFE-02751,GST,18,43.47,128.0,4,Fresh Pastries & Cakes,1905,8908922400613
Freshly Baked Chicken Puff - 1 Pc,CAFE-02752,GST,5,28.15,92.0,14,Prepared Snacks & Sandwiches (Cafe Service),9963,8900251435804
Deluxe Cappuccino - Regular,CAFE-02753,GST,5,88.66,200.0,3,Prepared Beverages (Cafe Service),9963,8904501531195
Classic Chicken Puff - 1 Pc,CAFE-02754,GST,5,25.6,84.0,8,Prepared Snacks & Sandwiches (Cafe Service),9963,8904779660548
House Special Jeera Biscuits - 250g Box,CAFE-02755,GST,18,70.43,156.0,32,Packaged Biscuits & Cookies,1905,8902246406948
House Special Cappuccino - Large,CAFE-02756,GST,5,98.85,374.0,18,Prepared Beverages (Cafe Service),9963,8902771148816
Premium Mango Mousse Cup - Standard,CAFE-02757,GST,18,47.24,161.0,12,Fresh Pastries & Cakes,1905,8905708267865
Freshly Baked Blueberry Cheesecake Slice - 1 Slice,CAFE-02758,GST,18,74.5,204.0,10,Fresh Pastries & Cakes,1905,8902942670880
Premium Milk Chocolate Bar - 100g Bar,CAFE-02759,GST,18,82.54,200.0,43,Chocolates & Confectionery,1806,8908626849704
Pizza Base - Pack of 2,CAFE-02760,GST,5,14.72,50.0,22,Breads & Savory (Retail),1905,8904207681700
Freshly Baked Mango Smoothie - Regular,CAFE-02761,GST,5,71.28,203.0,17,Prepared Beverages (Cafe Service),9963,8902397661054
House Special Chocolate Brownie - 1 Pc,CAFE-02762,GST,18,35.23,128.0,15,Fresh Pastries & Cakes,1905,8900175180077
Deluxe Aloo Puff / Patties - 1 Pc,CAFE-02763,GST,5,13.63,39.0,16,Prepared Snacks & Sandwiches (Cafe Service),9963,8906186770667
Whole Wheat Bread - 400g Pack,CAFE-02764,GST,5,24.44,64.0,52,Breads & Savory (Retail),1905,8901430921527
Suji Rusk - 400g Pack,CAFE-02765,GST,5,29.38,87.0,44,Breads & Savory (Retail),1905,8904089120599
Gourmet Oatmeal & Raisin Cookies - 250g Box,CAFE-02766,GST,18,72.21,269.0,49,Packaged Biscuits & Cookies,1905,8900122562083
Deluxe Cappuccino - Regular,CAFE-02767,GST,5,77.4,191.0,17,Prepared Beverages (Cafe Service),9963,8900162063703
Oatmeal & Raisin Cookies - 250g Box,CAFE-02768,GST,18,96.21,233.0,43,Packaged Biscuits & Cookies,1905,8906166296586
Artisan Dark Chocolate Bar (70%) - 100g Bar,CAFE-02769,GST,18,82.53,235.0,39,Chocolates & Confectionery,1806,8908732092254
Gourmet Butter Cookies - 250g Box,CAFE-02770,GST,18,87.33,195.0,43,Packaged Biscuits & Cookies,1905,8908738718341
Gourmet Black Forest Pastry - 1 Slice,CAFE-02771,GST,18,38.46,122.0,18,Fresh Pastries & Cakes,1905,8904393004603
Artisan Milk Chocolate Bar - 100g Bar,CAFE-02772,GST,18,67.65,223.0,55,Chocolates & Confectionery,1806,8907064937590
Oatmeal & Raisin Cookies - 250g Box,CAFE-02773,GST,18,89.12,298.0,35,Packaged Biscuits & Cookies,1905,8908304702789
Gourmet Chocolate Truffle Cake - 1kg,CAFE-02774,GST,18,586.41,1410.0,8,Fresh Pastries & Cakes,1905,8900050198575
Deluxe Jeera Biscuits - 250g Box,CAFE-02775,GST,18,71.8,158.0,33,Packaged Biscuits & Cookies,1905,8902740628285
House Special Chocolate Brownie - 1 Pc,CAFE-02776,GST,18,54.92,139.0,13,Fresh Pastries & Cakes,1905,8902851550135
Pizza Base - Pack of 4,CAFE-02777,GST,5,34.81,104.0,47,Breads & Savory (Retail),1905,8907505139184
Premium Black Forest Pastry - 2 Slices,CAFE-02778,GST,18,104.06,248.0,2,Fresh Pastries & Cakes,1905,8900740451569
Classic Egg & Cheese Croissant - Standard,CAFE-02779,GST,5,72.25,250.0,6,Prepared Snacks & Sandwiches (Cafe Service),9963,8906899473879
Premium Milk Bread - 400g Pack,CAFE-02780,GST,5,18.7,48.0,18,Breads & Savory (Retail),1905,8906056360712
Handcrafted Butter Cookies - 250g Box,CAFE-02781,GST,18,46.49,173.0,54,Packaged Biscuits & Cookies,1905,8901258193669
Freshly Baked Choco Chip Cookies - 500g Box,CAFE-02782,GST,18,128.3,381.0,58,Packaged Biscuits & Cookies,1905,8903145945681
Premium Butter Cookies - 500g Box,CAFE-02783,GST,18,131.99,381.0,29,Packaged Biscuits & Cookies,1905,8901879897633
Signature Assorted Truffles - Box of 6,CAFE-02784,GST,18,163.7,406.0,28,Chocolates & Confectionery,1806,8903388319602
Handcrafted Butter Cookies - 250g Box,CAFE-02785,GST,18,73.74,163.0,34,Packaged Biscuits & Cookies,1905,8903866684707
Artisan Dark Chocolate Bar (70%) - 100g Bar,CAFE-02786,GST,18,92.24,280.0,45,Chocolates & Confectionery,1806,8908966368053
Deluxe Hot Chocolate - Regular,CAFE-02787,GST,5,62.93,249.0,6,Prepared Beverages (Cafe Service),9963,8903309701998
Pizza Base - Pack of 4,CAFE-02788,GST,5,29.96,103.0,38,Breads & Savory (Retail),1905,8901862109863
Deluxe Peach Iced Tea - Regular,CAFE-02789,GST,5,75.35,175.0,15,Prepared Beverages (Cafe Service),9963,8908960066881
Pav Buns - Pack of 6,CAFE-02790,GST,5,44.9,112.0,25,Breads & Savory (Retail),1905,8908465806817
Freshly Baked Paneer Tikka Wrap - Standard,CAFE-02791,GST,5,50.61,167.0,16,Prepared Snacks & Sandwiches (Cafe Service),9963,8909703108083
Nankhatai - 250g Box,CAFE-02792,GST,18,45.57,170.0,31,Packaged Biscuits & Cookies,1905,8904878904833
Deluxe Jeera Biscuits - 500g Box,CAFE-02793,GST,18,79.52,274.0,55,Packaged Biscuits & Cookies,1905,8902602131806
Freshly Baked Hazelnut Pralines - Box of 9,CAFE-02794,GST,18,130.59,504.0,53,Chocolates & Confectionery,1806,8909743087803
House Special Mango Smoothie - Regular,CAFE-02795,GST,5,62.74,233.0,16,Prepared Beverages (Cafe Service),9963,8901268870415
Signature Jeera Biscuits - 250g Box,CAFE-02796,GST,18,54.49,163.0,60,Packaged Biscuits & Cookies,1905,8901421756247
Signature Aloo Puff / Patties - 2 Pcs,CAFE-02797,GST,5,15.83,38.0,19,Prepared Snacks & Sandwiches (Cafe Service),9963,8902730597662
Handcrafted Blueberry Cheesecake Slice - 1 Slice,CAFE-02798,GST,18,66.53,232.0,14,Fresh Pastries & Cakes,1905,8904015774662
House Special Chocolate Brownie - Fudge,CAFE-02799,GST,18,57.15,161.0,6,Fresh Pastries & Cakes,1905,8905542458667
Multigrain Bread - 400g Pack,CAFE-02800,GST,5,19.15,76.0,41,Breads & Savory (Retail),1905,8907940601541
Multigrain Bread - 400g Pack,CAFE-02801,GST,5,24.94,85.0,48,Breads & Savory (Retail),1905,8903392389862
Suji Rusk - 400g Pack,CAFE-02802,GST,5,28.03,99.0,26,Breads & Savory (Retail),1905,8909661035657
Deluxe Almond Biscotti - 200g Box,CAFE-02803,GST,18,146.8,376.0,56,Packaged Biscuits & Cookies,1905,8901492627350
Artisan Hazelnut Pralines - Box of 9,CAFE-02804,GST,18,249.23,615.0,42,Chocolates & Confectionery,1806,8906460961490
Artisan Chicken Tikka Sandwich - Standard,CAFE-02805,GST,5,76.34,227.0,13,Prepared Snacks & Sandwiches (Cafe Service),9963,8909545430017
Classic Aloo Puff / Patties - 2 Pcs,CAFE-02806,GST,5,11.69,44.0,11,Prepared Snacks & Sandwiches (Cafe Service),9963,8902052258987
Handcrafted Dark Chocolate Bar (70%) - 100g Bar,CAFE-02807,GST,18,110.68,283.0,21,Chocolates & Confectionery,1806,8906656910708
Premium Hazelnut Pralines - Box of 9,CAFE-02808,GST,18,265.65,629.0,57,Chocolates & Confectionery,1806,8904025006422
Signature Green Tea - Pot,CAFE-02809,GST,5,60.89,197.0,11,Prepared Beverages (Cafe Service),9963,8906526505347
Premium Cold Coffee Classic - Regular,CAFE-02810,GST,5,91.61,204.0,18,Prepared Beverages (Cafe Service),9963,8905953887559
House Special Fruit & Nut Chocolate - 100g Bar,CAFE-02811,GST,18,84.71,299.0,18,Chocolates & Confectionery,1806,8904155282301
Artisan Cold Coffee Classic - Regular,CAFE-02812,GST,5,75.29,199.0,6,Prepared Beverages (Cafe Service),9963,8909774443329
Handcrafted Milk Chocolate Bar - 100g Bar,CAFE-02813,GST,18,54.25,212.0,46,Chocolates & Confectionery,1806,8904047724649
Deluxe Cafe Latte - Iced,CAFE-02814,GST,5,50.94,183.0,5,Prepared Beverages (Cafe Service),9963,8909067100997
Classic Aloo Puff / Patties - 2 Pcs,CAFE-02815,GST,5,17.22,43.0,20,Prepared Snacks & Sandwiches (Cafe Service),9963,8903164212826
Nankhatai - 250g Box,CAFE-02816,GST,18,46.46,167.0,26,Packaged Biscuits & Cookies,1905,8904891055799
Deluxe Chicken Tikka Sandwich - Standard,CAFE-02817,GST,5,90.37,236.0,13,Prepared Snacks & Sandwiches (Cafe Service),9963,8906512343440
Deluxe Hazelnut Pralines - Box of 9,CAFE-02818,GST,18,211.14,622.0,56,Chocolates & Confectionery,1806,8903139594357
Aloo Puff / Patties - 2 Pcs,CAFE-02819,GST,5,11.8,36.0,5,Prepared Snacks & Sandwiches (Cafe Service),9963,8902821112642
Freshly Baked Pineapple Pastry - 2 Slices,CAFE-02820,GST,18,56.91,176.0,19,Fresh Pastries & Cakes,1905,8908937707050
Artisan Espresso - Double Shot,CAFE-02821,GST,5,60.84,236.0,14,Prepared Beverages (Cafe Service),9963,8903276243265
Handcrafted Cafe Latte - Regular,CAFE-02822,GST,5,89.77,206.0,17,Prepared Beverages (Cafe Service),9963,8900789379877
Signature Milk Chocolate Bar - 100g Bar,CAFE-02823,GST,18,65.38,217.0,27,Chocolates & Confectionery,1806,8906918454419
Handcrafted Egg & Cheese Croissant - Standard,CAFE-02824,GST,5,75.21,286.0,6,Prepared Snacks & Sandwiches (Cafe Service),9963,8908262901651
Classic Nankhatai - 250g Box,CAFE-02825,GST,18,61.59,167.0,49,Packaged Biscuits & Cookies,1905,8907155333179
Whole Wheat Bread - 400g Pack,CAFE-02826,GST,5,24.7,69.0,39,Breads & Savory (Retail),1905,8901961765021
Classic Black Forest Pastry - 1 Slice,CAFE-02827,GST,18,42.52,126.0,20,Fresh Pastries & Cakes,1905,8905870051253
Signature Veg Grilled Sandwich - Cheese Burst,CAFE-02828,GST,5,40.17,139.0,12,Prepared Snacks & Sandwiches (Cafe Service),9963,8903769328792
Gourmet Hazelnut Pralines - Box of 9,CAFE-02829,GST,18,247.01,623.0,47,Chocolates & Confectionery,1806,8909753115243
Artisan Cheese Croissant - 1 Pc,CAFE-02830,GST,5,54.95,165.0,8,Prepared Snacks & Sandwiches (Cafe Service),9963,8901444941996
Milk Chocolate Bar - 100g Bar,CAFE-02831,GST,18,66.71,238.0,56,Chocolates & Confectionery,1806,8906243840927
Handcrafted Cappuccino - Large,CAFE-02832,GST,5,143.6,375.0,15,Prepared Beverages (Cafe Service),9963,8908507051825
Signature Pineapple Pastry - 1 Slice,CAFE-02833,GST,18,29.47,93.0,16,Fresh Pastries & Cakes,1905,8902075914456
Gourmet Cappuccino - Large,CAFE-02834,GST,5,105.38,362.0,2,Prepared Beverages (Cafe Service),9963,8901504340102
Handcrafted Mocha Frappe - Large,CAFE-02835,GST,5,159.42,438.0,13,Prepared Beverages (Cafe Service),9963,8906657329774
Artisan Black Forest Pastry - 2 Slices,CAFE-02836,GST,18,79.74,222.0,2,Fresh Pastries & Cakes,1905,8902330946214
Gourmet Hazelnut Pralines - Box of 9,CAFE-02837,GST,18,170.72,633.0,36,Chocolates & Confectionery,1806,8903730534289
Deluxe Chocolate Brownie - Fudge,CAFE-02838,GST,18,33.91,129.0,15,Fresh Pastries & Cakes,1905,8902930961507
Gourmet Black Forest Pastry - 2 Slices,CAFE-02839,GST,18,61.45,202.0,9,Fresh Pastries & Cakes,1905,8906705904117
Handcrafted Fruit & Nut Chocolate - 100g Bar,CAFE-02840,GST,18,88.74,303.0,21,Chocolates & Confectionery,1806,8909946709960
Cheese Croissant - 1 Pc,CAFE-02841,GST,5,70.55,164.0,6,Prepared Snacks & Sandwiches (Cafe Service),9963,8902983087884
Hazelnut Pralines - Box of 9,CAFE-02842,GST,18,152.43,584.0,24,Chocolates & Confectionery,1806,8904375968686
Pav Buns - Pack of 6,CAFE-02843,GST,5,27.8,96.0,15,Breads & Savory (Retail),1905,8900971547595
Signature Pineapple Pastry - 1 Slice,CAFE-02844,GST,18,27.24,102.0,4,Fresh Pastries & Cakes,1905,8901567814082
Gourmet Paneer Tikka Wrap - Standard,CAFE-02845,GST,5,54.3,179.0,5,Prepared Snacks & Sandwiches (Cafe Service),9963,8903716509423
Assorted Truffles - Box of 12,CAFE-02846,GST,18,315.49,828.0,49,Chocolates & Confectionery,1806,8901319151813
Freshly Baked Espresso - Single Shot,CAFE-02847,GST,5,42.82,140.0,11,Prepared Beverages (Cafe Service),9963,8906449405815
Classic Red Velvet Cake - 1kg,CAFE-02848,GST,18,557.47,1793.0,4,Fresh Pastries & Cakes,1905,8901926890098
Deluxe Espresso - Double Shot,CAFE-02849,GST,5,50.63,199.0,11,Prepared Beverages (Cafe Service),9963,8904166611772
Artisan Aloo Puff / Patties - 1 Pc,CAFE-02850,GST,5,10.91,41.0,3,Prepared Snacks & Sandwiches (Cafe Service),9963,8908058582404
Cheese Croissant - 1 Pc,CAFE-02851,GST,5,68.7,191.0,17,Prepared Snacks & Sandwiches (Cafe Service),9963,8902400303151
Premium Fruit & Nut Chocolate - 100g Bar,CAFE-02852,GST,18,88.93,290.0,53,Chocolates & Confectionery,1806,8906224947641
Deluxe Aloo Puff / Patties - 2 Pcs,CAFE-02853,GST,5,18.61,47.0,13,Prepared Snacks & Sandwiches (Cafe Service),9963,8901990102633
Classic Nankhatai - 250g Box,CAFE-02854,GST,18,46.43,165.0,59,Packaged Biscuits & Cookies,1905,8907085942682
Suji Rusk - 400g Pack,CAFE-02855,GST,5,31.84,86.0,49,Breads & Savory (Retail),1905,8902138011557
House Special Cold Coffee Classic - Regular,CAFE-02856,GST,5,82.61,197.0,19,Prepared Beverages (Cafe Service),9963,8905532375083
Premium Cheese Croissant - 1 Pc,CAFE-02857,GST,5,43.51,166.0,12,Prepared Snacks & Sandwiches (Cafe Service),9963,8902324342139
Almond Biscotti - 200g Box,CAFE-02858,GST,18,133.85,373.0,42,Packaged Biscuits & Cookies,1905,8902807335006
House Special Milk Chocolate Bar - 100g Bar,CAFE-02859,GST,18,97.82,223.0,34,Chocolates & Confectionery,1806,8908294078286
Suji Rusk - 400g Pack,CAFE-02860,GST,5,36.85,93.0,27,Breads & Savory (Retail),1905,8907062587360
House Special Veg Grilled Sandwich - Cheese Burst,CAFE-02861,GST,5,43.12,159.0,6,Prepared Snacks & Sandwiches (Cafe Service),9963,8906231675011
Handcrafted Choco Chip Cookies - 250g Box,CAFE-02862,GST,18,62.08,247.0,28,Packaged Biscuits & Cookies,1905,8904147756886
Pav Buns - Pack of 6,CAFE-02863,GST,5,30.17,120.0,52,Breads & Savory (Retail),1905,8908708053828
Classic Chicken Tikka Sandwich - Standard,CAFE-02864,GST,5,63.93,230.0,14,Prepared Snacks & Sandwiches (Cafe Service),9963,8905753764451
Suji Rusk - 400g Pack,CAFE-02865,GST,5,42.82,106.0,49,Breads & Savory (Retail),1905,8903464429961
Premium Milk Bread - 400g Pack,CAFE-02866,GST,5,13.99,53.0,39,Breads & Savory (Retail),1905,8900699399451
Deluxe Vanilla Cupcake - Box of 6,CAFE-02867,GST,18,22.02,77.0,6,Fresh Pastries & Cakes,1905,8901629860427
Premium Paneer Puff - 1 Pc,CAFE-02868,GST,5,25.74,68.0,8,Prepared Snacks & Sandwiches (Cafe Service),9963,8900569562509
Classic Cold Coffee Classic - Regular,CAFE-02869,GST,5,65.53,164.0,18,Prepared Beverages (Cafe Service),9963,8908990888608
Handcrafted Pineapple Pastry - 1 Slice,CAFE-02870,GST,18,28.42,93.0,7,Fresh Pastries & Cakes,1905,8903603680858
Freshly Baked Fruit & Nut Chocolate - 100g Bar,CAFE-02871,GST,18,118.23,318.0,46,Chocolates & Confectionery,1806,8902132677638
Whole Wheat Bread - 400g Pack,CAFE-02872,GST,5,20.01,55.0,47,Breads & Savory (Retail),1905,8904309797568
Premium Milk Chocolate Bar - 100g Bar,CAFE-02873,GST,18,66.54,213.0,17,Chocolates & Confectionery,1806,8901874729131
House Special Chocolate Truffle Cake - 1kg,CAFE-02874,GST,18,522.15,1563.0,14,Fresh Pastries & Cakes,1905,8900302312178
Freshly Baked Chocolate Brownie - 1 Pc,CAFE-02875,GST,18,50.38,133.0,6,Fresh Pastries & Cakes,1905,8907588811859
Premium Milk Bread - 400g Pack,CAFE-02876,GST,5,16.85,45.0,39,Breads & Savory (Retail),1905,8905272618910
Premium Paneer Puff - 1 Pc,CAFE-02877,GST,5,31.79,71.0,4,Prepared Snacks & Sandwiches (Cafe Service),9963,8907925136223
Signature Veg Grilled Sandwich - Standard,CAFE-02878,GST,5,42.1,165.0,7,Prepared Snacks & Sandwiches (Cafe Service),9963,8900981940146
Signature Chicken Puff - 1 Pc,CAFE-02879,GST,5,40.63,92.0,16,Prepared Snacks & Sandwiches (Cafe Service),9963,8907272045098
Signature Vanilla Cupcake - Box of 6,CAFE-02880,GST,18,23.44,89.0,13,Fresh Pastries & Cakes,1905,8903335016262
Freshly Baked Butter Cookies - 250g Box,CAFE-02881,GST,18,64.25,208.0,39,Packaged Biscuits & Cookies,1905,8901730515133
Dark Chocolate Bar (70%) - 100g Bar,CAFE-02882,GST,18,99.4,255.0,52,Chocolates & Confectionery,1806,8902407413596
Signature Mocha Frappe - Regular,CAFE-02883,GST,5,98.84,257.0,14,Prepared Beverages (Cafe Service),9963,8903857433919
Artisan Nankhatai - 250g Box,CAFE-02884,GST,18,45.39,145.0,21,Packaged Biscuits & Cookies,1905,8906267501468
Whole Wheat Bread - 400g Pack,CAFE-02885,GST,5,15.49,61.0,16,Breads & Savory (Retail),1905,8903945584642
Pineapple Pastry - 1 Slice,CAFE-02886,GST,18,35.21,91.0,2,Fresh Pastries & Cakes,1905,8901651988906
Handcrafted Assorted Truffles - Box of 6,CAFE-02887,GST,18,224.96,508.0,36,Chocolates & Confectionery,1806,8901926775046
Classic Vanilla Cupcake - Box of 6,CAFE-02888,GST,18,25.79,88.0,18,Fresh Pastries & Cakes,1905,8904396568872
Freshly Baked Chocolate Truffle Cake - 500g,CAFE-02889,GST,18,236.53,923.0,17,Fresh Pastries & Cakes,1905,8901036534764
Classic Blueberry Cheesecake Slice - 1 Slice,CAFE-02890,GST,18,70.7,246.0,17,Fresh Pastries & Cakes,1905,8901974531459
Deluxe Oatmeal & Raisin Cookies - 250g Box,CAFE-02891,GST,18,129.72,297.0,55,Packaged Biscuits & Cookies,1905,8909069547356
Classic Choco Chip Cookies - 500g Box,CAFE-02892,GST,18,166.43,427.0,55,Packaged Biscuits & Cookies,1905,8901090982450
Freshly Baked Fruit & Nut Chocolate - 100g Bar,CAFE-02893,GST,18,91.85,312.0,43,Chocolates & Confectionery,1806,8900236074170
Classic Espresso - Single Shot,CAFE-02894,GST,5,43.15,121.0,8,Prepared Beverages (Cafe Service),9963,8901341762280
Premium Paneer Puff - 1 Pc,CAFE-02895,GST,5,23.52,63.0,3,Prepared Snacks & Sandwiches (Cafe Service),9963,8901637905848
Whole Wheat Bread - 400g Pack,CAFE-02896,GST,5,25.19,65.0,54,Breads & Savory (Retail),1905,8906910829656
Gourmet Chocolate Truffle Cake - 500g,CAFE-02897,GST,18,291.85,788.0,15,Fresh Pastries & Cakes,1905,8907647856250
Artisan Aloo Puff / Patties - 2 Pcs,CAFE-02898,GST,5,19.23,45.0,11,Prepared Snacks & Sandwiches (Cafe Service),9963,8903999257099
Cake Rusk - 300g Pack,CAFE-02899,GST,5,46.81,132.0,36,Breads & Savory (Retail),1905,8901438255203
Cake Rusk - 300g Pack,CAFE-02900,GST,5,36.67,131.0,22,Breads & Savory (Retail),1905,8909805283905
Premium Milk Bread - 400g Pack,CAFE-02901,GST,5,21.55,48.0,57,Breads & Savory (Retail),1905,8908303884016
Gourmet Hazelnut Pralines - Box of 9,CAFE-02902,GST,18,171.74,593.0,19,Chocolates & Confectionery,1806,8909105071970
Freshly Baked Paneer Puff - 1 Pc,CAFE-02903,GST,5,19.9,71.0,13,Prepared Snacks & Sandwiches (Cafe Service),9963,8904069143876
Signature Hot Chocolate - With Marshmallows,CAFE-02904,GST,5,59.79,206.0,12,Prepared Beverages (Cafe Service),9963,8905676959792
Gourmet Chicken Puff - 1 Pc,CAFE-02905,GST,5,22.07,77.0,8,Prepared Snacks & Sandwiches (Cafe Service),9963,8902437039190
House Special Jeera Biscuits - 500g Box,CAFE-02906,GST,18,75.33,298.0,31,Packaged Biscuits & Cookies,1905,8901343076832
Deluxe Cheese Croissant - 1 Pc,CAFE-02907,GST,5,44.32,148.0,15,Prepared Snacks & Sandwiches (Cafe Service),9963,8900519170242
Cake Rusk - 300g Pack,CAFE-02908,GST,5,40.4,137.0,44,Breads & Savory (Retail),1905,8903801318434
Handcrafted Red Velvet Cake - 1kg,CAFE-02909,GST,18,522.39,1906.0,19,Fresh Pastries & Cakes,1905,8902611147620
Handcrafted Hot Chocolate - With Marshmallows,CAFE-02910,GST,5,61.67,234.0,9,Prepared Beverages (Cafe Service),9963,8905414556473
Deluxe Pineapple Pastry - 2 Slices,CAFE-02911,GST,18,58.47,191.0,14,Fresh Pastries & Cakes,1905,8906370088943
Premium Egg & Cheese Croissant - Standard,CAFE-02912,GST,5,69.66,237.0,17,Prepared Snacks & Sandwiches (Cafe Service),9963,8908165608804
Freshly Baked Black Forest Pastry - 1 Slice,CAFE-02913,GST,18,40.36,118.0,7,Fresh Pastries & Cakes,1905,8908826173460
Gourmet Cheese Croissant - 1 Pc,CAFE-02914,GST,5,78.61,184.0,20,Prepared Snacks & Sandwiches (Cafe Service),9963,8903181372293
House Special Veg Grilled Sandwich - Cheese Burst,CAFE-02915,GST,5,51.67,135.0,18,Prepared Snacks & Sandwiches (Cafe Service),9963,8903491164764
Signature Paneer Tikka Wrap - Standard,CAFE-02916,GST,5,48.57,192.0,19,Prepared Snacks & Sandwiches (Cafe Service),9963,8901337227818
Signature Mango Mousse Cup - Standard,CAFE-02917,GST,18,65.12,165.0,18,Fresh Pastries & Cakes,1905,8908302136716
Deluxe Red Velvet Cake - 500g,CAFE-02918,GST,18,245.52,944.0,17,Fresh Pastries & Cakes,1905,8908760287490
Freshly Baked Cafe Latte - Large,CAFE-02919,GST,5,155.52,362.0,12,Prepared Beverages (Cafe Service),9963,8900391678128
Egg & Cheese Croissant - Standard,CAFE-02920,GST,5,79.8,262.0,19,Prepared Snacks & Sandwiches (Cafe Service),9963,8905930822781
Signature Jeera Biscuits - 500g Box,CAFE-02921,GST,18,110.18,291.0,41,Packaged Biscuits & Cookies,1905,8909823207248
House Special Cappuccino - Regular,CAFE-02922,GST,5,48.67,185.0,7,Prepared Beverages (Cafe Service),9963,8903067801946
Freshly Baked Espresso - Single Shot,CAFE-02923,GST,5,56.85,133.0,6,Prepared Beverages (Cafe Service),9963,8908044712083
Deluxe Cafe Latte - Large,CAFE-02924,GST,5,113.94,354.0,14,Prepared Beverages (Cafe Service),9963,8902378861732
Artisan Peach Iced Tea - Large,CAFE-02925,GST,5,80.94,320.0,8,Prepared Beverages (Cafe Service),9963,8909513689906
Premium Jeera Biscuits - 500g Box,CAFE-02926,GST,18,91.78,300.0,31,Packaged Biscuits & Cookies,1905,8903663375618
House Special Oatmeal & Raisin Cookies - 250g Box,CAFE-02927,GST,18,85.1,261.0,46,Packaged Biscuits & Cookies,1905,8908592945836
Freshly Baked Red Velvet Cake - 1kg,CAFE-02928,GST,18,449.81,1699.0,7,Fresh Pastries & Cakes,1905,8903960424450
Suji Rusk - 400g Pack,CAFE-02929,GST,5,39.52,98.0,45,Breads & Savory (Retail),1905,8908295988161
Handcrafted Assorted Truffles - Box of 6,CAFE-02930,GST,18,194.95,502.0,25,Chocolates & Confectionery,1806,8909403804374
Chocolate Truffle Cake - 1kg,CAFE-02931,GST,18,527.28,1681.0,2,Fresh Pastries & Cakes,1905,8908655108619
Handcrafted Cheese Croissant - 1 Pc,CAFE-02932,GST,5,52.21,185.0,8,Prepared Snacks & Sandwiches (Cafe Service),9963,8909313294027
Classic Nankhatai - 250g Box,CAFE-02933,GST,18,70.71,161.0,40,Packaged Biscuits & Cookies,1905,8905755574863
Artisan Dark Chocolate Bar (70%) - 100g Bar,CAFE-02934,GST,18,81.19,276.0,57,Chocolates & Confectionery,1806,8900560557384
Artisan Black Forest Pastry - 2 Slices,CAFE-02935,GST,18,69.14,245.0,14,Fresh Pastries & Cakes,1905,8901615317660
Freshly Baked Dark Chocolate Bar (70%) - 100g Bar,CAFE-02936,GST,18,96.25,277.0,44,Chocolates & Confectionery,1806,8909181433697
House Special Jeera Biscuits - 500g Box,CAFE-02937,GST,18,73.06,264.0,39,Packaged Biscuits & Cookies,1905,8908342605338
Paneer Tikka Wrap - Standard,CAFE-02938,GST,5,51.09,200.0,20,Prepared Snacks & Sandwiches (Cafe Service),9963,8906608187588
Freshly Baked Blueberry Cheesecake Slice - 1 Slice,CAFE-02939,GST,18,94.22,240.0,9,Fresh Pastries & Cakes,1905,8904874512619
Pav Buns - Pack of 6,CAFE-02940,GST,5,26.86,95.0,53,Breads & Savory (Retail),1905,8903094431213
House Special Almond Biscotti - 200g Box,CAFE-02941,GST,18,111.79,368.0,53,Packaged Biscuits & Cookies,1905,8900072566872
Premium Milk Bread - 400g Pack,CAFE-02942,GST,5,20.87,59.0,48,Breads & Savory (Retail),1905,8903715104136
Gourmet Peach Iced Tea - Large,CAFE-02943,GST,5,104.83,345.0,20,Prepared Beverages (Cafe Service),9963,8903224967371
House Special Chicken Puff - 1 Pc,CAFE-02944,GST,5,26.55,80.0,5,Prepared Snacks & Sandwiches (Cafe Service),9963,8902094540289
Signature Milk Chocolate Bar - 100g Bar,CAFE-02945,GST,18,60.69,214.0,23,Chocolates & Confectionery,1806,8906976941366
Deluxe Cold Coffee Classic - Large,CAFE-02946,GST,5,101.86,331.0,2,Prepared Beverages (Cafe Service),9963,8908786391418
Dark Chocolate Bar (70%) - 100g Bar,CAFE-02947,GST,18,65.06,228.0,54,Chocolates & Confectionery,1806,8904904447427
House Special Chocolate Brownie - 1 Pc,CAFE-02948,GST,18,49.32,139.0,6,Fresh Pastries & Cakes,1905,8907861095472
Artisan Cheese Croissant - 1 Pc,CAFE-02949,GST,5,41.87,166.0,9,Prepared Snacks & Sandwiches (Cafe Service),9963,8909146037828
Gourmet Red Velvet Cake - 1kg,CAFE-02950,GST,18,551.42,1807.0,5,Fresh Pastries & Cakes,1905,8900858777075
Pineapple Pastry - 1 Slice,CAFE-02951,GST,18,33.1,110.0,7,Fresh Pastries & Cakes,1905,8905679746317
Classic Cappuccino - Large,CAFE-02952,GST,5,94.14,331.0,18,Prepared Beverages (Cafe Service),9963,8906163386381
Premium Milk Bread - 400g Pack,CAFE-02953,GST,5,19.06,56.0,34,Breads & Savory (Retail),1905,8909864094665
Handcrafted Nankhatai - 250g Box,CAFE-02954,GST,18,52.48,145.0,40,Packaged Biscuits & Cookies,1905,8904434954121
Classic Hazelnut Pralines - Box of 9,CAFE-02955,GST,18,158.5,503.0,17,Chocolates & Confectionery,1806,8901289348280
House Special Chocolate Truffle Cake - 500g,CAFE-02956,GST,18,269.22,779.0,2,Fresh Pastries & Cakes,1905,8904568696900
Signature Chocolate Truffle Cake - 500g,CAFE-02957,GST,18,193.42,741.0,6,Fresh Pastries & Cakes,1905,8904041575842
Premium Green Tea - Pot,CAFE-02958,GST,5,86.31,217.0,16,Prepared Beverages (Cafe Service),9963,8909333356942
Freshly Baked Pineapple Pastry - 2 Slices,CAFE-02959,GST,18,68.2,205.0,14,Fresh Pastries & Cakes,1905,8901629506410
Whole Wheat Bread - 400g Pack,CAFE-02960,GST,5,16.72,65.0,46,Breads & Savory (Retail),1905,8903265234655
Classic Jeera Biscuits - 250g Box,CAFE-02961,GST,18,47.25,172.0,29,Packaged Biscuits & Cookies,1905,8908467264401
Freshly Baked Paneer Tikka Wrap - Standard,CAFE-02962,GST,5,53.94,199.0,8,Prepared Snacks & Sandwiches (Cafe Service),9963,8905425628607
Signature Fruit & Nut Chocolate - 100g Bar,CAFE-02963,GST,18,79.53,318.0,33,Chocolates & Confectionery,1806,8907513407491
House Special Paneer Puff - 1 Pc,CAFE-02964,GST,5,21.17,67.0,6,Prepared Snacks & Sandwiches (Cafe Service),9963,8904055465120
Premium Espresso - Double Shot,CAFE-02965,GST,5,51.48,201.0,13,Prepared Beverages (Cafe Service),9963,8909737253031
Gourmet Nankhatai - 250g Box,CAFE-02966,GST,18,40.37,159.0,53,Packaged Biscuits & Cookies,1905,8904428054009
Garlic Bread Loaf - 1 Pc,CAFE-02967,GST,5,28.72,111.0,45,Breads & Savory (Retail),1905,8908730539003
Classic Almond Biscotti - 200g Box,CAFE-02968,GST,18,144.79,360.0,39,Packaged Biscuits & Cookies,1905,8902055556284
Gourmet Cheese Croissant - 1 Pc,CAFE-02969,GST,5,51.71,182.0,16,Prepared Snacks & Sandwiches (Cafe Service),9963,8908339399431
Deluxe Mango Mousse Cup - Standard,CAFE-02970,GST,18,55.71,158.0,16,Fresh Pastries & Cakes,1905,8908782809572
Fruit & Nut Chocolate - 100g Bar,CAFE-02971,GST,18,113.0,289.0,58,Chocolates & Confectionery,1806,8901898659846
Freshly Baked Assorted Truffles - Box of 12,CAFE-02972,GST,18,274.77,812.0,57,Chocolates & Confectionery,1806,8905670327188
House Special Mocha Frappe - Large,CAFE-02973,GST,5,122.09,396.0,3,Prepared Beverages (Cafe Service),9963,8902075204690
Cold Coffee Classic - Regular,CAFE-02974,GST,5,52.78,154.0,10,Prepared Beverages (Cafe Service),9963,8908477392024
Artisan Milk Chocolate Bar - 100g Bar,CAFE-02975,GST,18,84.22,221.0,21,Chocolates & Confectionery,1806,8909718901120
Cake Rusk - 300g Pack,CAFE-02976,GST,5,38.51,152.0,19,Breads & Savory (Retail),1905,8906942616664
Handcrafted Cappuccino - Regular,CAFE-02977,GST,5,76.66,199.0,7,Prepared Beverages (Cafe Service),9963,8907565208313
Gourmet Black Forest Pastry - 1 Slice,CAFE-02978,GST,18,29.53,111.0,9,Fresh Pastries & Cakes,1905,8902152900741
Freshly Baked Hazelnut Pralines - Box of 9,CAFE-02979,GST,18,233.7,530.0,39,Chocolates & Confectionery,1806,8900428316723
Pizza Base - Pack of 4,CAFE-02980,GST,5,44.21,135.0,17,Breads & Savory (Retail),1905,8906060673778
Freshly Baked Paneer Tikka Wrap - Standard,CAFE-02981,GST,5,70.06,169.0,3,Prepared Snacks & Sandwiches (Cafe Service),9963,8907290847980
Handcrafted Assorted Truffles - Box of 6,CAFE-02982,GST,18,146.42,413.0,40,Chocolates & Confectionery,1806,8904765857579
Gourmet Red Velvet Cake - 500g,CAFE-02983,GST,18,274.47,1034.0,12,Fresh Pastries & Cakes,1905,8909479109999
Deluxe Dark Chocolate Bar (70%) - 100g Bar,CAFE-02984,GST,18,70.5,246.0,40,Chocolates & Confectionery,1806,8905230804533
Freshly Baked Choco Chip Cookies - 250g Box,CAFE-02985,GST,18,74.84,238.0,16,Packaged Biscuits & Cookies,1905,8907000267554
Mocha Frappe - Regular,CAFE-02986,GST,5,90.71,247.0,4,Prepared Beverages (Cafe Service),9963,8906382511723
Deluxe Red Velvet Cake - 1kg,CAFE-02987,GST,18,531.35,1623.0,7,Fresh Pastries & Cakes,1905,8906330804808
Premium Fruit & Nut Chocolate - 100g Bar,CAFE-02988,GST,18,72.72,261.0,47,Chocolates & Confectionery,1806,8900443065772
Handcrafted Pineapple Pastry - 1 Slice,CAFE-02989,GST,18,31.76,93.0,5,Fresh Pastries & Cakes,1905,8900981766352
Gourmet Mango Mousse Cup - Standard,CAFE-02990,GST,18,42.54,157.0,16,Fresh Pastries & Cakes,1905,8901107068686
Premium Jeera Biscuits - 500g Box,CAFE-02991,GST,18,70.35,267.0,37,Packaged Biscuits & Cookies,1905,8909468953742
Handcrafted Choco Chip Cookies - 500g Box,CAFE-02992,GST,18,141.83,409.0,52,Packaged Biscuits & Cookies,1905,8909773951660
Multigrain Bread - 400g Pack,CAFE-02993,GST,5,39.92,90.0,31,Breads & Savory (Retail),1905,8900950715199
Signature Hot Chocolate - Regular,CAFE-02994,GST,5,73.39,202.0,17,Prepared Beverages (Cafe Service),9963,8902596115953
Pizza Base - Pack of 2,CAFE-02995,GST,5,11.79,42.0,58,Breads & Savory (Retail),1905,8909062881566
Red Velvet Cake - 500g,CAFE-02996,GST,18,355.88,1008.0,4,Fresh Pastries & Cakes,1905,8908343493635
Deluxe Mango Smoothie - Regular,CAFE-02997,GST,5,66.51,220.0,9,Prepared Beverages (Cafe Service),9963,8904724416762
Freshly Baked Chocolate Brownie - Fudge,CAFE-02998,GST,18,41.07,136.0,11,Fresh Pastries & Cakes,1905,8907429326834
Cheese Croissant - 1 Pc,CAFE-02999,GST,5,53.45,179.0,20,Prepared Snacks & Sandwiches (Cafe Service),9963,8905162890845
Gourmet Nankhatai - 250g Box,CAFE-03000,GST,18,49.38,151.0,28,Packaged Biscuits & Cookies,1905,8903125812876
Artisan Hot Chocolate - With Marshmallows,CAFE-03001,GST,5,90.04,215.0,16,Prepared Beverages (Cafe Service),9963,8904476522469
Premium Mango Smoothie - Regular,CAFE-03002,GST,5,85.31,215.0,17,Prepared Beverages (Cafe Service),9963,8905171352845
Artisan Almond Biscotti - 200g Box,CAFE-03003,GST,18,96.18,356.0,15,Packaged Biscuits & Cookies,1905,8900574580766
Deluxe Nankhatai - 250g Box,CAFE-03004,GST,18,60.62,158.0,57,Packaged Biscuits & Cookies,1905,8903127607833
Deluxe Nankhatai - 250g Box,CAFE-03005,GST,18,39.47,152.0,23,Packaged Biscuits & Cookies,1905,8904524881603
Premium Choco Chip Cookies - 500g Box,CAFE-03006,GST,18,119.64,414.0,37,Packaged Biscuits & Cookies,1905,8904614119101
Signature Almond Biscotti - 200g Box,CAFE-03007,GST,18,101.22,343.0,20,Packaged Biscuits & Cookies,1905,8902983584480
Handcrafted Assorted Truffles - Box of 6,CAFE-03008,GST,18,191.91,469.0,43,Chocolates & Confectionery,1806,8907156853909
Freshly Baked Chocolate Brownie - With Walnut,CAFE-03009,GST,18,38.04,146.0,10,Fresh Pastries & Cakes,1905,8900803089229
Freshly Baked Assorted Truffles - Box of 12,CAFE-03010,GST,18,282.76,930.0,39,Chocolates & Confectionery,1806,8905840293764
House Special Choco Chip Cookies - 500g Box,CAFE-03011,GST,18,107.13,422.0,48,Packaged Biscuits & Cookies,1905,8900238656260
Black Forest Pastry - 2 Slices,CAFE-03012,GST,18,67.56,230.0,5,Fresh Pastries & Cakes,1905,8908880030053
Deluxe Mango Smoothie - Regular,CAFE-03013,GST,5,66.53,250.0,17,Prepared Beverages (Cafe Service),9963,8902203071081
Signature Cafe Latte - Regular,CAFE-03014,GST,5,67.74,221.0,14,Prepared Beverages (Cafe Service),9963,8906215415198
Classic Chocolate Brownie - 1 Pc,CAFE-03015,GST,18,59.39,145.0,7,Fresh Pastries & Cakes,1905,8909428635834
Signature Paneer Tikka Wrap - Standard,CAFE-03016,GST,5,53.51,192.0,19,Prepared Snacks & Sandwiches (Cafe Service),9963,8907495591092
House Special Dark Chocolate Bar (70%) - 100g Bar,CAFE-03017,GST,18,80.15,252.0,37,Chocolates & Confectionery,1806,8907283463891
House Special Cappuccino - Regular,CAFE-03018,GST,5,46.63,179.0,17,Prepared Beverages (Cafe Service),9963,8905302961499
Premium Assorted Truffles - Box of 12,CAFE-03019,GST,18,258.75,833.0,55,Chocolates & Confectionery,1806,8902027989145
Premium Nankhatai - 250g Box,CAFE-03020,GST,18,51.68,171.0,22,Packaged Biscuits & Cookies,1905,8907284584874
Artisan Aloo Puff / Patties - 1 Pc,CAFE-03021,GST,5,17.11,43.0,7,Prepared Snacks & Sandwiches (Cafe Service),9963,8908865807200
Handcrafted Veg Grilled Sandwich - Cheese Burst,CAFE-03022,GST,5,72.93,171.0,17,Prepared Snacks & Sandwiches (Cafe Service),9963,8904357529255
Deluxe Milk Chocolate Bar - 100g Bar,CAFE-03023,GST,18,52.65,181.0,32,Chocolates & Confectionery,1806,8906900158123
Classic Cafe Latte - Large,CAFE-03024,GST,5,100.54,338.0,11,Prepared Beverages (Cafe Service),9963,8907002519067
Pizza Base - Pack of 4,CAFE-03025,GST,5,26.48,103.0,45,Breads & Savory (Retail),1905,8907248774763
Handcrafted Red Velvet Cake - 1kg,CAFE-03026,GST,18,507.6,1607.0,2,Fresh Pastries & Cakes,1905,8909100634741
Classic Veg Grilled Sandwich - Cheese Burst,CAFE-03027,GST,5,55.31,137.0,8,Prepared Snacks & Sandwiches (Cafe Service),9963,8900597573368
Gourmet Dark Chocolate Bar (70%) - 100g Bar,CAFE-03028,GST,18,83.42,251.0,37,Chocolates & Confectionery,1806,8905258685685
Freshly Baked Vanilla Cupcake - Box of 4,CAFE-03029,GST,18,77.05,239.0,18,Fresh Pastries & Cakes,1905,8902648713000
Suji Rusk - 400g Pack,CAFE-03030,GST,5,34.37,92.0,30,Breads & Savory (Retail),1905,8903479852948
Artisan Oatmeal & Raisin Cookies - 250g Box,CAFE-03031,GST,18,101.95,246.0,59,Packaged Biscuits & Cookies,1905,8904505633706
Premium Paneer Puff - 1 Pc,CAFE-03032,GST,5,19.31,63.0,5,Prepared Snacks & Sandwiches (Cafe Service),9963,8903875955942
Whole Wheat Bread - 400g Pack,CAFE-03033,GST,5,20.8,70.0,33,Breads & Savory (Retail),1905,8901997711801
Handcrafted Hazelnut Pralines - Box of 9,CAFE-03034,GST,18,148.14,544.0,39,Chocolates & Confectionery,1806,8900489098592
Signature Cappuccino - Large,CAFE-03035,GST,5,110.76,358.0,10,Prepared Beverages (Cafe Service),9963,8907493476889
Cake Rusk - 300g Pack,CAFE-03036,GST,5,64.74,153.0,48,Breads & Savory (Retail),1905,8907764580843
House Special Vanilla Cupcake - Box of 6,CAFE-03037,GST,18,32.74,76.0,16,Fresh Pastries & Cakes,1905,8909005312605
Freshly Baked Almond Biscotti - 200g Box,CAFE-03038,GST,18,76.72,294.0,49,Packaged Biscuits & Cookies,1905,8904595876955
Gourmet Chicken Tikka Sandwich - Standard,CAFE-03039,GST,5,84.71,221.0,17,Prepared Snacks & Sandwiches (Cafe Service),9963,8908373183594
Signature Chocolate Truffle Cake - 2kg,CAFE-03040,GST,18,794.66,3163.0,12,Fresh Pastries & Cakes,1905,8909232580245
Premium Jeera Biscuits - 250g Box,CAFE-03041,GST,18,42.37,169.0,59,Packaged Biscuits & Cookies,1905,8907435149286
Multigrain Bread - 400g Pack,CAFE-03042,GST,5,31.94,76.0,31,Breads & Savory (Retail),1905,8900281060763
Signature Oatmeal & Raisin Cookies - 250g Box,CAFE-03043,GST,18,83.47,246.0,26,Packaged Biscuits & Cookies,1905,8906335641629
Classic Cheese Croissant - 1 Pc,CAFE-03044,GST,5,67.5,160.0,4,Prepared Snacks & Sandwiches (Cafe Service),9963,8904351723685
Deluxe Blueberry Cheesecake Slice - 1 Slice,CAFE-03045,GST,18,76.57,222.0,6,Fresh Pastries & Cakes,1905,8903547224055
Premium Milk Bread - 400g Pack,CAFE-03046,GST,5,14.79,59.0,54,Breads & Savory (Retail),1905,8900045892752
Pizza Base - Pack of 2,CAFE-03047,GST,5,13.23,47.0,41,Breads & Savory (Retail),1905,8908335556385
Deluxe Chicken Tikka Sandwich - Standard,CAFE-03048,GST,5,79.52,205.0,20,Prepared Snacks & Sandwiches (Cafe Service),9963,8907486980055
Deluxe Hot Chocolate - Regular,CAFE-03049,GST,5,59.59,198.0,6,Prepared Beverages (Cafe Service),9963,8906609404475
House Special Pineapple Pastry - 2 Slices,CAFE-03050,GST,18,55.4,163.0,14,Fresh Pastries & Cakes,1905,8905589906586
Classic Cheese Croissant - 1 Pc,CAFE-03051,GST,5,56.6,154.0,3,Prepared Snacks & Sandwiches (Cafe Service),9963,8904300631910
Signature Peach Iced Tea - Regular,CAFE-03052,GST,5,61.46,162.0,20,Prepared Beverages (Cafe Service),9963,8901142028612
Garlic Bread Loaf - 1 Pc,CAFE-03053,GST,5,30.2,113.0,22,Breads & Savory (Retail),1905,8904024542249
Multigrain Bread - 400g Pack,CAFE-03054,GST,5,27.9,73.0,23,Breads & Savory (Retail),1905,8900001327892
Signature Paneer Tikka Wrap - Standard,CAFE-03055,GST,5,53.68,180.0,17,Prepared Snacks & Sandwiches (Cafe Service),9963,8909135329561
Classic Hazelnut Pralines - Box of 9,CAFE-03056,GST,18,155.39,592.0,59,Chocolates & Confectionery,1806,8908467640897
Gourmet Mocha Frappe - Regular,CAFE-03057,GST,5,82.0,221.0,19,Prepared Beverages (Cafe Service),9963,8903070906336
Signature Chocolate Truffle Cake - 1kg,CAFE-03058,GST,18,482.8,1689.0,12,Fresh Pastries & Cakes,1905,8906726173629
Pizza Base - Pack of 4,CAFE-03059,GST,5,38.39,124.0,60,Breads & Savory (Retail),1905,8907738243821
Jeera Biscuits - 250g Box,CAFE-03060,GST,18,56.02,142.0,25,Packaged Biscuits & Cookies,1905,8908338138522
Suji Rusk - 400g Pack,CAFE-03061,GST,5,24.8,85.0,52,Breads & Savory (Retail),1905,8904014412452
Multigrain Bread - 400g Pack,CAFE-03062,GST,5,23.71,81.0,48,Breads & Savory (Retail),1905,8909393504629
Handcrafted Dark Chocolate Bar (70%) - 100g Bar,CAFE-03063,GST,18,86.79,246.0,27,Chocolates & Confectionery,1806,8905833878959
Signature Black Forest Pastry - 2 Slices,CAFE-03064,GST,18,75.24,244.0,10,Fresh Pastries & Cakes,1905,8905875950825
Classic Cafe Latte - Regular,CAFE-03065,GST,5,62.18,213.0,2,Prepared Beverages (Cafe Service),9963,8900708618694
Handcrafted Aloo Puff / Patties - 2 Pcs,CAFE-03066,GST,5,11.16,39.0,13,Prepared Snacks & Sandwiches (Cafe Service),9963,8902914835650
Classic Chicken Puff - 1 Pc,CAFE-03067,GST,5,21.34,83.0,2,Prepared Snacks & Sandwiches (Cafe Service),9963,8902525411055
Freshly Baked Hazelnut Pralines - Box of 9,CAFE-03068,GST,18,266.98,656.0,57,Chocolates & Confectionery,1806,8906768094059
Artisan Cold Coffee Classic - Large,CAFE-03069,GST,5,100.55,298.0,10,Prepared Beverages (Cafe Service),9963,8902453206543
Cake Rusk - 300g Pack,CAFE-03070,GST,5,61.38,168.0,18,Breads & Savory (Retail),1905,8903715243109
Deluxe Mango Mousse Cup - Standard,CAFE-03071,GST,18,38.03,146.0,13,Fresh Pastries & Cakes,1905,8903122526497
Artisan Jeera Biscuits - 500g Box,CAFE-03072,GST,18,82.47,278.0,57,Packaged Biscuits & Cookies,1905,8906442863070
Artisan Mango Smoothie - Regular,CAFE-03073,GST,5,66.77,235.0,5,Prepared Beverages (Cafe Service),9963,8902448056942
Freshly Baked Pineapple Pastry - 2 Slices,CAFE-03074,GST,18,59.55,201.0,2,Fresh Pastries & Cakes,1905,8904491007231
Artisan Milk Chocolate Bar - 100g Bar,CAFE-03075,GST,18,60.03,197.0,16,Chocolates & Confectionery,1806,8906404121070
Premium Milk Chocolate Bar - 100g Bar,CAFE-03076,GST,18,64.39,182.0,15,Chocolates & Confectionery,1806,8903158878506
Handcrafted Espresso - Double Shot,CAFE-03077,GST,5,90.37,257.0,5,Prepared Beverages (Cafe Service),9963,8904148351560
Freshly Baked Paneer Puff - 1 Pc,CAFE-03078,GST,5,17.28,67.0,17,Prepared Snacks & Sandwiches (Cafe Service),9963,8900215386115
Gourmet Pineapple Pastry - 1 Slice,CAFE-03079,GST,18,27.11,95.0,5,Fresh Pastries & Cakes,1905,8904359341061
Artisan Hazelnut Pralines - Box of 9,CAFE-03080,GST,18,152.93,599.0,46,Chocolates & Confectionery,1806,8902553107371
Multigrain Bread - 400g Pack,CAFE-03081,GST,5,21.3,75.0,49,Breads & Savory (Retail),1905,8904524088609
Signature Cafe Latte - Large,CAFE-03082,GST,5,133.29,391.0,5,Prepared Beverages (Cafe Service),9963,8900999319140
Pineapple Pastry - 1 Slice,CAFE-03083,GST,18,29.94,104.0,20,Fresh Pastries & Cakes,1905,8902288741594
Freshly Baked Paneer Tikka Wrap - Standard,CAFE-03084,GST,5,71.63,196.0,12,Prepared Snacks & Sandwiches (Cafe Service),9963,8900266427386
Gourmet Fruit & Nut Chocolate - 100g Bar,CAFE-03085,GST,18,102.58,327.0,20,Chocolates & Confectionery,1806,8900512927243
Handcrafted Vanilla Cupcake - Box of 4,CAFE-03086,GST,18,67.09,210.0,14,Fresh Pastries & Cakes,1905,8907781070824
Premium Red Velvet Cake - 1kg,CAFE-03087,GST,18,508.24,1906.0,9,Fresh Pastries & Cakes,1905,8903157920823
Gourmet Green Tea - Cup,CAFE-03088,GST,5,53.83,120.0,16,Prepared Beverages (Cafe Service),9963,8902951266086
Premium Chicken Puff - 1 Pc,CAFE-03089,GST,5,41.15,92.0,10,Prepared Snacks & Sandwiches (Cafe Service),9963,8900390927673
Signature Espresso - Double Shot,CAFE-03090,GST,5,97.97,252.0,20,Prepared Beverages (Cafe Service),9963,8909506667605
Artisan Butter Cookies - 250g Box,CAFE-03091,GST,18,46.65,180.0,58,Packaged Biscuits & Cookies,1905,8909083069250
House Special Fruit & Nut Chocolate - 100g Bar,CAFE-03092,GST,18,85.15,335.0,42,Chocolates & Confectionery,1806,8904419941243
Artisan Cappuccino - Large,CAFE-03093,GST,5,94.84,328.0,20,Prepared Beverages (Cafe Service),9963,8909076191814
Handcrafted Egg & Cheese Croissant - Standard,CAFE-03094,GST,5,77.02,254.0,9,Prepared Snacks & Sandwiches (Cafe Service),9963,8902177491176
Artisan Mocha Frappe - Large,CAFE-03095,GST,5,128.68,514.0,3,Prepared Beverages (Cafe Service),9963,8904375315752
Suji Rusk - 400g Pack,CAFE-03096,GST,5,27.45,88.0,17,Breads & Savory (Retail),1905,8903903674867
House Special Jeera Biscuits - 500g Box,CAFE-03097,GST,18,86.92,312.0,35,Packaged Biscuits & Cookies,1905,8901534743927
Artisan Pineapple Pastry - 1 Slice,CAFE-03098,GST,18,45.6,104.0,2,Fresh Pastries & Cakes,1905,8903781010320
Freshly Baked Paneer Tikka Wrap - Standard,CAFE-03099,GST,5,57.6,211.0,14,Prepared Snacks & Sandwiches (Cafe Service),9963,8900990975788
Gourmet Butter Cookies - 500g Box,CAFE-03100,GST,18,134.33,300.0,40,Packaged Biscuits & Cookies,1905,8904449043946
Classic Assorted Truffles - Box of 12,CAFE-03101,GST,18,303.11,759.0,44,Chocolates & Confectionery,1806,8907261054026
Freshly Baked Chocolate Truffle Cake - 2kg,CAFE-03102,GST,18,1099.56,3235.0,12,Fresh Pastries & Cakes,1905,8909218956886
Signature Nankhatai - 250g Box,CAFE-03103,GST,18,58.48,176.0,32,Packaged Biscuits & Cookies,1905,8905391802384
Premium Cheese Croissant - 1 Pc,CAFE-03104,GST,5,66.26,182.0,10,Prepared Snacks & Sandwiches (Cafe Service),9963,8903373609085
Handcrafted Mocha Frappe - Regular,CAFE-03105,GST,5,86.42,259.0,8,Prepared Beverages (Cafe Service),9963,8901834290024
Deluxe Paneer Tikka Wrap - Standard,CAFE-03106,GST,5,75.66,213.0,8,Prepared Snacks & Sandwiches (Cafe Service),9963,8904615121676
Artisan Assorted Truffles - Box of 12,CAFE-03107,GST,18,260.71,751.0,42,Chocolates & Confectionery,1806,8905897824256
Nankhatai - 250g Box,CAFE-03108,GST,18,41.93,154.0,31,Packaged Biscuits & Cookies,1905,8900445039863
Gourmet Egg & Cheese Croissant - Standard,CAFE-03109,GST,5,72.07,287.0,2,Prepared Snacks & Sandwiches (Cafe Service),9963,8908144986029
Signature Hazelnut Pralines - Box of 9,CAFE-03110,GST,18,164.03,525.0,29,Chocolates & Confectionery,1806,8901530707919
Deluxe Blueberry Cheesecake Slice - 1 Slice,CAFE-03111,GST,18,100.84,226.0,13,Fresh Pastries & Cakes,1905,8900833451298
Pizza Base - Pack of 4,CAFE-03112,GST,5,40.78,127.0,27,Breads & Savory (Retail),1905,8907881474250
Deluxe Cold Coffee Classic - Regular,CAFE-03113,GST,5,85.87,196.0,8,Prepared Beverages (Cafe Service),9963,8909500786775
House Special Butter Cookies - 250g Box,CAFE-03114,GST,18,48.45,172.0,45,Packaged Biscuits & Cookies,1905,8906036733614
Pizza Base - Pack of 4,CAFE-03115,GST,5,36.6,104.0,20,Breads & Savory (Retail),1905,8906329566148
Signature Dark Chocolate Bar (70%) - 100g Bar,CAFE-03116,GST,18,80.45,256.0,19,Chocolates & Confectionery,1806,8907827577306
Artisan Blueberry Cheesecake Slice - 1 Slice,CAFE-03117,GST,18,59.61,203.0,4,Fresh Pastries & Cakes,1905,8909640009256
House Special Fruit & Nut Chocolate - 100g Bar,CAFE-03118,GST,18,97.67,330.0,42,Chocolates & Confectionery,1806,8902783877765
Signature Butter Cookies - 250g Box,CAFE-03119,GST,18,44.55,178.0,22,Packaged Biscuits & Cookies,1905,8904513740282
House Special Mocha Frappe - Large,CAFE-03120,GST,5,158.4,412.0,14,Prepared Beverages (Cafe Service),9963,8907562754540
Pizza Base - Pack of 2,CAFE-03121,GST,5,14.17,47.0,36,Breads & Savory (Retail),1905,8903642209470
Handcrafted Oatmeal & Raisin Cookies - 250g Box,CAFE-03122,GST,18,101.95,290.0,60,Packaged Biscuits & Cookies,1905,8903901876927
Deluxe Blueberry Cheesecake Slice - 1 Slice,CAFE-03123,GST,18,61.12,234.0,6,Fresh Pastries & Cakes,1905,8908715834430
Pav Buns - Pack of 6,CAFE-03124,GST,5,37.22,100.0,26,Breads & Savory (Retail),1905,8904029480468
Deluxe Chicken Puff - 1 Pc,CAFE-03125,GST,5,30.47,89.0,10,Prepared Snacks & Sandwiches (Cafe Service),9963,8902724771157
Handcrafted Cheese Croissant - 1 Pc,CAFE-03126,GST,5,57.47,182.0,12,Prepared Snacks & Sandwiches (Cafe Service),9963,8906162173671
Pav Buns - Pack of 6,CAFE-03127,GST,5,28.63,99.0,28,Breads & Savory (Retail),1905,8901916661624
Handcrafted Hazelnut Pralines - Box of 9,CAFE-03128,GST,18,220.09,640.0,19,Chocolates & Confectionery,1806,8908224792247
Handcrafted Mango Smoothie - Regular,CAFE-03129,GST,5,55.87,192.0,5,Prepared Beverages (Cafe Service),9963,8906714895792
Classic Jeera Biscuits - 500g Box,CAFE-03130,GST,18,93.58,259.0,24,Packaged Biscuits & Cookies,1905,8909800934137
Pizza Base - Pack of 4,CAFE-03131,GST,5,39.05,106.0,21,Breads & Savory (Retail),1905,8901558221819
Premium Butter Cookies - 500g Box,CAFE-03132,GST,18,93.35,368.0,43,Packaged Biscuits & Cookies,1905,8900677693131
Signature Cold Coffee Classic - Large,CAFE-03133,GST,5,127.96,326.0,11,Prepared Beverages (Cafe Service),9963,8902550353321
House Special Pineapple Pastry - 1 Slice,CAFE-03134,GST,18,34.14,118.0,16,Fresh Pastries & Cakes,1905,8905914999597
Premium Espresso - Single Shot,CAFE-03135,GST,5,43.41,133.0,13,Prepared Beverages (Cafe Service),9963,8906825832014
Suji Rusk - 400g Pack,CAFE-03136,GST,5,23.66,91.0,27,Breads & Savory (Retail),1905,8906798836863
Freshly Baked Cold Coffee Classic - Large,CAFE-03137,GST,5,114.97,358.0,5,Prepared Beverages (Cafe Service),9963,8900632673920
Classic Espresso - Double Shot,CAFE-03138,GST,5,77.35,251.0,6,Prepared Beverages (Cafe Service),9963,8909921192474
Suji Rusk - 400g Pack,CAFE-03139,GST,5,31.6,97.0,25,Breads & Savory (Retail),1905,8900993872112
Red Velvet Cake - 500g,CAFE-03140,GST,18,404.63,1030.0,3,Fresh Pastries & Cakes,1905,8901505954761
Gourmet Mango Smoothie - Regular,CAFE-03141,GST,5,56.52,221.0,3,Prepared Beverages (Cafe Service),9963,8904005468013
Signature Blueberry Cheesecake Slice - 1 Slice,CAFE-03142,GST,18,58.47,225.0,17,Fresh Pastries & Cakes,1905,8904321115495
Handcrafted Paneer Tikka Wrap - Standard,CAFE-03143,GST,5,49.19,194.0,14,Prepared Snacks & Sandwiches (Cafe Service),9963,8909091364176
Artisan Almond Biscotti - 200g Box,CAFE-03144,GST,18,101.68,375.0,51,Packaged Biscuits & Cookies,1905,8904836090168
House Special Pineapple Pastry - 1 Slice,CAFE-03145,GST,18,31.76,117.0,8,Fresh Pastries & Cakes,1905,8906096439453
Signature Milk Chocolate Bar - 100g Bar,CAFE-03146,GST,18,85.25,188.0,52,Chocolates & Confectionery,1806,8906015353053
Suji Rusk - 400g Pack,CAFE-03147,GST,5,31.0,106.0,50,Breads & Savory (Retail),1905,8908880497046
House Special Nankhatai - 250g Box,CAFE-03148,GST,18,40.42,161.0,58,Packaged Biscuits & Cookies,1905,8906932405741
Signature Red Velvet Cake - 1kg,CAFE-03149,GST,18,549.85,1830.0,9,Fresh Pastries & Cakes,1905,8908916677095
Whole Wheat Bread - 400g Pack,CAFE-03150,GST,5,23.94,69.0,60,Breads & Savory (Retail),1905,8900439429008
House Special Fruit & Nut Chocolate - 100g Bar,CAFE-03151,GST,18,87.62,317.0,55,Chocolates & Confectionery,1806,8905783980370
Pav Buns - Pack of 6,CAFE-03152,GST,5,45.64,113.0,38,Breads & Savory (Retail),1905,8908869485307
Deluxe Nankhatai - 250g Box,CAFE-03153,GST,18,58.27,148.0,16,Packaged Biscuits & Cookies,1905,8909514050181
Cake Rusk - 300g Pack,CAFE-03154,GST,5,73.95,163.0,32,Breads & Savory (Retail),1905,8908541234810
House Special Fruit & Nut Chocolate - 100g Bar,CAFE-03155,GST,18,95.4,266.0,30,Chocolates & Confectionery,1806,8909625561441
Pav Buns - Pack of 6,CAFE-03156,GST,5,50.75,117.0,27,Breads & Savory (Retail),1905,8902152941761
Deluxe Pineapple Pastry - 2 Slices,CAFE-03157,GST,18,86.17,214.0,3,Fresh Pastries & Cakes,1905,8909652612166
Deluxe Fruit & Nut Chocolate - 100g Bar,CAFE-03158,GST,18,74.75,259.0,55,Chocolates & Confectionery,1806,8900011233016
House Special Green Tea - Pot,CAFE-03159,GST,5,74.08,215.0,16,Prepared Beverages (Cafe Service),9963,8903238368414
Pizza Base - Pack of 4,CAFE-03160,GST,5,52.08,131.0,47,Breads & Savory (Retail),1905,8900749053890
Artisan Almond Biscotti - 200g Box,CAFE-03161,GST,18,90.69,347.0,32,Packaged Biscuits & Cookies,1905,8902816836257
Artisan Cafe Latte - Regular,CAFE-03162,GST,5,68.44,211.0,16,Prepared Beverages (Cafe Service),9963,8904105915798
House Special Assorted Truffles - Box of 12,CAFE-03163,GST,18,253.97,811.0,52,Chocolates & Confectionery,1806,8905529643522
Classic Chocolate Brownie - 1 Pc,CAFE-03164,GST,18,60.7,149.0,18,Fresh Pastries & Cakes,1905,8907298020291
Gourmet Hazelnut Pralines - Box of 9,CAFE-03165,GST,18,228.73,547.0,56,Chocolates & Confectionery,1806,8903420457813
Gourmet Blueberry Cheesecake Slice - 1 Slice,CAFE-03166,GST,18,72.1,207.0,3,Fresh Pastries & Cakes,1905,8903024130011
Whole Wheat Bread - 400g Pack,CAFE-03167,GST,5,21.43,59.0,20,Breads & Savory (Retail),1905,8904377805592
Handcrafted Dark Chocolate Bar (70%) - 100g Bar,CAFE-03168,GST,18,66.98,227.0,42,Chocolates & Confectionery,1806,8900497697998
Gourmet Cafe Latte - Large,CAFE-03169,GST,5,126.3,377.0,11,Prepared Beverages (Cafe Service),9963,8901135076499
Handcrafted Peach Iced Tea - Regular,CAFE-03170,GST,5,70.02,178.0,20,Prepared Beverages (Cafe Service),9963,8906800711947
Classic Butter Cookies - 500g Box,CAFE-03171,GST,18,128.2,304.0,24,Packaged Biscuits & Cookies,1905,8907042259332
Whole Wheat Bread - 400g Pack,CAFE-03172,GST,5,19.79,58.0,19,Breads & Savory (Retail),1905,8906697446970
Cappuccino - Regular,CAFE-03173,GST,5,59.13,216.0,20,Prepared Beverages (Cafe Service),9963,8905111578723
Handcrafted Veg Grilled Sandwich - Standard,CAFE-03174,GST,5,41.61,140.0,18,Prepared Snacks & Sandwiches (Cafe Service),9963,8906026423624
Gourmet Nankhatai - 250g Box,CAFE-03175,GST,18,48.24,180.0,43,Packaged Biscuits & Cookies,1905,8901478750805
Premium Hazelnut Pralines - Box of 9,CAFE-03176,GST,18,174.72,642.0,46,Chocolates & Confectionery,1806,8908444002748
Freshly Baked Aloo Puff / Patties - 1 Pc,CAFE-03177,GST,5,15.29,40.0,8,Prepared Snacks & Sandwiches (Cafe Service),9963,8906660448671
Premium Pineapple Pastry - 2 Slices,CAFE-03178,GST,18,53.8,190.0,16,Fresh Pastries & Cakes,1905,8903477496784
Handcrafted Almond Biscotti - 200g Box,CAFE-03179,GST,18,108.57,374.0,30,Packaged Biscuits & Cookies,1905,8901881567541
Suji Rusk - 400g Pack,CAFE-03180,GST,5,30.11,90.0,44,Breads & Savory (Retail),1905,8900790770455
Premium Milk Bread - 400g Pack,CAFE-03181,GST,5,21.78,52.0,31,Breads & Savory (Retail),1905,8901272592129
Gourmet Fruit & Nut Chocolate - 100g Bar,CAFE-03182,GST,18,119.39,290.0,18,Chocolates & Confectionery,1806,8905552517748
Classic Jeera Biscuits - 500g Box,CAFE-03183,GST,18,108.67,318.0,24,Packaged Biscuits & Cookies,1905,8904374282202
Premium Milk Bread - 400g Pack,CAFE-03184,GST,5,16.5,45.0,51,Breads & Savory (Retail),1905,8906072652014
Artisan Cheese Croissant - 1 Pc,CAFE-03185,GST,5,57.76,174.0,9,Prepared Snacks & Sandwiches (Cafe Service),9963,8907250093219
Classic Jeera Biscuits - 250g Box,CAFE-03186,GST,18,39.22,138.0,42,Packaged Biscuits & Cookies,1905,8905069615884
Classic Almond Biscotti - 200g Box,CAFE-03187,GST,18,116.6,309.0,31,Packaged Biscuits & Cookies,1905,8901100208967
Artisan Espresso - Double Shot,CAFE-03188,GST,5,87.03,256.0,9,Prepared Beverages (Cafe Service),9963,8902151751967
Artisan Paneer Tikka Wrap - Standard,CAFE-03189,GST,5,60.51,180.0,9,Prepared Snacks & Sandwiches (Cafe Service),9963,8901434220704
Whole Wheat Bread - 400g Pack,CAFE-03190,GST,5,24.81,62.0,50,Breads & Savory (Retail),1905,8907499589367
Artisan Choco Chip Cookies - 500g Box,CAFE-03191,GST,18,101.87,366.0,59,Packaged Biscuits & Cookies,1905,8907873880111
Premium Milk Bread - 400g Pack,CAFE-03192,GST,5,16.95,55.0,28,Breads & Savory (Retail),1905,8908352237750
Gourmet Oatmeal & Raisin Cookies - 250g Box,CAFE-03193,GST,18,82.22,274.0,31,Packaged Biscuits & Cookies,1905,8904896846041
Premium Dark Chocolate Bar (70%) - 100g Bar,CAFE-03194,GST,18,72.07,255.0,35,Chocolates & Confectionery,1806,8904279339970
Whole Wheat Bread - 400g Pack,CAFE-03195,GST,5,19.01,55.0,17,Breads & Savory (Retail),1905,8904761029654
Freshly Baked Butter Cookies - 250g Box,CAFE-03196,GST,18,56.97,173.0,17,Packaged Biscuits & Cookies,1905,8902967050356
Garlic Bread Loaf - 1 Pc,CAFE-03197,GST,5,48.63,131.0,57,Breads & Savory (Retail),1905,8904560485119
House Special Veg Grilled Sandwich - Cheese Burst,CAFE-03198,GST,5,48.04,169.0,7,Prepared Snacks & Sandwiches (Cafe Service),9963,8902679111785
Chocolate Truffle Cake - 1kg,CAFE-03199,GST,18,467.78,1603.0,7,Fresh Pastries & Cakes,1905,8909169422292
Premium Choco Chip Cookies - 500g Box,CAFE-03200,GST,18,151.0,422.0,45,Packaged Biscuits & Cookies,1905,8906176572245
Gourmet Egg & Cheese Croissant - Standard,CAFE-03201,GST,5,66.7,217.0,8,Prepared Snacks & Sandwiches (Cafe Service),9963,8903408337836
Assorted Truffles - Box of 12,CAFE-03202,GST,18,266.52,773.0,48,Chocolates & Confectionery,1806,8906680807956
Artisan Choco Chip Cookies - 250g Box,CAFE-03203,GST,18,54.91,201.0,46,Packaged Biscuits & Cookies,1905,8905093604709
Premium Milk Bread - 400g Pack,CAFE-03204,GST,5,22.07,52.0,24,Breads & Savory (Retail),1905,8901374727939
Multigrain Bread - 400g Pack,CAFE-03205,GST,5,23.06,87.0,35,Breads & Savory (Retail),1905,8904276293369
Freshly Baked Egg & Cheese Croissant - Standard,CAFE-03206,GST,5,71.51,218.0,18,Prepared Snacks & Sandwiches (Cafe Service),9963,8901959816180
Freshly Baked Veg Grilled Sandwich - Standard,CAFE-03207,GST,5,52.83,136.0,14,Prepared Snacks & Sandwiches (Cafe Service),9963,8902724452275
Gourmet Aloo Puff / Patties - 1 Pc,CAFE-03208,GST,5,11.55,42.0,17,Prepared Snacks & Sandwiches (Cafe Service),9963,8902221553250
Vanilla Cupcake - Box of 6,CAFE-03209,GST,18,20.41,77.0,20,Fresh Pastries & Cakes,1905,8907451165160
Freshly Baked Chicken Puff - 1 Pc,CAFE-03210,GST,5,25.49,92.0,5,Prepared Snacks & Sandwiches (Cafe Service),9963,8903396605752
Gourmet Fruit & Nut Chocolate - 100g Bar,CAFE-03211,GST,18,81.94,314.0,45,Chocolates & Confectionery,1806,8901181320723
Fruit & Nut Chocolate - 100g Bar,CAFE-03212,GST,18,98.51,312.0,40,Chocolates & Confectionery,1806,8905506369851
House Special Peach Iced Tea - Large,CAFE-03213,GST,5,87.52,290.0,20,Prepared Beverages (Cafe Service),9963,8901966976022
Cake Rusk - 300g Pack,CAFE-03214,GST,5,46.41,150.0,37,Breads & Savory (Retail),1905,8901437043424
Classic Chicken Tikka Sandwich - Standard,CAFE-03215,GST,5,89.43,216.0,16,Prepared Snacks & Sandwiches (Cafe Service),9963,8907442221242
Signature Assorted Truffles - Box of 12,CAFE-03216,GST,18,408.15,966.0,58,Chocolates & Confectionery,1806,8909034731751
House Special Chocolate Truffle Cake - 2kg,CAFE-03217,GST,18,846.87,2974.0,12,Fresh Pastries & Cakes,1905,8900833271045
Suji Rusk - 400g Pack,CAFE-03218,GST,5,30.33,90.0,27,Breads & Savory (Retail),1905,8904317191633
Premium Oatmeal & Raisin Cookies - 250g Box,CAFE-03219,GST,18,73.76,278.0,28,Packaged Biscuits & Cookies,1905,8903825417689
Multigrain Bread - 400g Pack,CAFE-03220,GST,5,38.54,94.0,56,Breads & Savory (Retail),1905,8909458028457
Premium Vanilla Cupcake - Box of 6,CAFE-03221,GST,18,26.51,90.0,18,Fresh Pastries & Cakes,1905,8901625499314
House Special Choco Chip Cookies - 500g Box,CAFE-03222,GST,18,142.05,368.0,48,Packaged Biscuits & Cookies,1905,8906136746161
Freshly Baked Espresso - Double Shot,CAFE-03223,GST,5,69.66,210.0,2,Prepared Beverages (Cafe Service),9963,8907367127470
Premium Mocha Frappe - Regular,CAFE-03224,GST,5,75.92,229.0,18,Prepared Beverages (Cafe Service),9963,8909406972967
Premium Milk Bread - 400g Pack,CAFE-03225,GST,5,21.15,53.0,27,Breads & Savory (Retail),1905,8901916787586
Freshly Baked Milk Chocolate Bar - 100g Bar,CAFE-03226,GST,18,50.24,181.0,22,Chocolates & Confectionery,1806,8909255317550
Gourmet Jeera Biscuits - 250g Box,CAFE-03227,GST,18,40.34,140.0,49,Packaged Biscuits & Cookies,1905,8904039726754
Jeera Biscuits - 500g Box,CAFE-03228,GST,18,90.53,294.0,20,Packaged Biscuits & Cookies,1905,8904250956360
Suji Rusk - 400g Pack,CAFE-03229,GST,5,30.24,95.0,27,Breads & Savory (Retail),1905,8901329967834
Suji Rusk - 400g Pack,CAFE-03230,GST,5,25.74,97.0,44,Breads & Savory (Retail),1905,8907638586922
Signature Almond Biscotti - 200g Box,CAFE-03231,GST,18,114.23,335.0,41,Packaged Biscuits & Cookies,1905,8906287117165
Suji Rusk - 400g Pack,CAFE-03232,GST,5,32.52,107.0,38,Breads & Savory (Retail),1905,8900698958294
Artisan Chicken Puff - 1 Pc,CAFE-03233,GST,5,24.75,87.0,6,Prepared Snacks & Sandwiches (Cafe Service),9963,8908554179394
Whole Wheat Bread - 400g Pack,CAFE-03234,GST,5,25.06,67.0,19,Breads & Savory (Retail),1905,8905440967624
Suji Rusk - 400g Pack,CAFE-03235,GST,5,36.6,82.0,38,Breads & Savory (Retail),1905,8902770354766
Premium Milk Bread - 400g Pack,CAFE-03236,GST,5,16.39,54.0,35,Breads & Savory (Retail),1905,8901090651940
Freshly Baked Cafe Latte - Regular,CAFE-03237,GST,5,76.67,225.0,13,Prepared Beverages (Cafe Service),9963,8900411708292
Premium Milk Bread - 400g Pack,CAFE-03238,GST,5,13.29,46.0,54,Breads & Savory (Retail),1905,8900029501147
Classic Almond Biscotti - 200g Box,CAFE-03239,GST,18,150.96,347.0,37,Packaged Biscuits & Cookies,1905,8905523783904
Handcrafted Cheese Croissant - 1 Pc,CAFE-03240,GST,5,65.27,178.0,14,Prepared Snacks & Sandwiches (Cafe Service),9963,8908442633338
House Special Aloo Puff / Patties - 2 Pcs,CAFE-03241,GST,5,12.07,37.0,11,Prepared Snacks & Sandwiches (Cafe Service),9963,8908308241301
Freshly Baked Espresso - Double Shot,CAFE-03242,GST,5,67.12,237.0,20,Prepared Beverages (Cafe Service),9963,8900359341773
Pizza Base - Pack of 2,CAFE-03243,GST,5,15.29,53.0,44,Breads & Savory (Retail),1905,8901821821606
Signature Dark Chocolate Bar (70%) - 100g Bar,CAFE-03244,GST,18,59.41,230.0,44,Chocolates & Confectionery,1806,8908110802388
Cake Rusk - 300g Pack,CAFE-03245,GST,5,64.42,158.0,57,Breads & Savory (Retail),1905,8905795356441
Freshly Baked Red Velvet Cake - 1kg,CAFE-03246,GST,18,665.9,2006.0,7,Fresh Pastries & Cakes,1905,8908639962402
Pizza Base - Pack of 2,CAFE-03247,GST,5,14.4,44.0,37,Breads & Savory (Retail),1905,8909145090903
Classic Paneer Puff - 1 Pc,CAFE-03248,GST,5,21.9,63.0,9,Prepared Snacks & Sandwiches (Cafe Service),9963,8909539106733
Multigrain Bread - 400g Pack,CAFE-03249,GST,5,34.22,95.0,28,Breads & Savory (Retail),1905,8904802496689
Deluxe Paneer Tikka Wrap - Standard,CAFE-03250,GST,5,64.51,182.0,12,Prepared Snacks & Sandwiches (Cafe Service),9963,8902010154448
Artisan Jeera Biscuits - 250g Box,CAFE-03251,GST,18,67.32,155.0,21,Packaged Biscuits & Cookies,1905,8908703221775
House Special Veg Grilled Sandwich - Standard,CAFE-03252,GST,5,47.93,170.0,18,Prepared Snacks & Sandwiches (Cafe Service),9963,8903910320410
Pav Buns - Pack of 6,CAFE-03253,GST,5,49.16,113.0,24,Breads & Savory (Retail),1905,8909729575512
Artisan Hot Chocolate - With Marshmallows,CAFE-03254,GST,5,77.7,240.0,15,Prepared Beverages (Cafe Service),9963,8903302251766
Premium Mango Smoothie - Regular,CAFE-03255,GST,5,79.86,246.0,15,Prepared Beverages (Cafe Service),9963,8902133459582
Gourmet Fruit & Nut Chocolate - 100g Bar,CAFE-03256,GST,18,113.51,331.0,19,Chocolates & Confectionery,1806,8909295909944
House Special Blueberry Cheesecake Slice - 1 Slice,CAFE-03257,GST,18,72.55,259.0,15,Fresh Pastries & Cakes,1905,8903782564858
Gourmet Cold Coffee Classic - Large,CAFE-03258,GST,5,110.39,314.0,12,Prepared Beverages (Cafe Service),9963,8907705186506
House Special Green Tea - Pot,CAFE-03259,GST,5,63.34,182.0,2,Prepared Beverages (Cafe Service),9963,8905925687042
Cold Coffee Classic - Large,CAFE-03260,GST,5,112.92,321.0,19,Prepared Beverages (Cafe Service),9963,8900466063828
Premium Butter Cookies - 500g Box,CAFE-03261,GST,18,92.91,332.0,36,Packaged Biscuits & Cookies,1905,8900209225212
Premium Milk Bread - 400g Pack,CAFE-03262,GST,5,16.29,57.0,31,Breads & Savory (Retail),1905,8906276351487
Premium Nankhatai - 250g Box,CAFE-03263,GST,18,66.93,159.0,58,Packaged Biscuits & Cookies,1905,8909545893853
Deluxe Dark Chocolate Bar (70%) - 100g Bar,CAFE-03264,GST,18,106.31,290.0,53,Chocolates & Confectionery,1806,8909916953595
Multigrain Bread - 400g Pack,CAFE-03265,GST,5,18.57,74.0,51,Breads & Savory (Retail),1905,8900181749731
Pineapple Pastry - 2 Slices,CAFE-03266,GST,18,71.76,185.0,2,Fresh Pastries & Cakes,1905,8909891050459
Freshly Baked Cappuccino - Large,CAFE-03267,GST,5,80.01,298.0,13,Prepared Beverages (Cafe Service),9963,8909758344594
Whole Wheat Bread - 400g Pack,CAFE-03268,GST,5,16.68,57.0,33,Breads & Savory (Retail),1905,8901828654907
House Special Cheese Croissant - 1 Pc,CAFE-03269,GST,5,46.1,160.0,11,Prepared Snacks & Sandwiches (Cafe Service),9963,8901519093757
Espresso - Double Shot,CAFE-03270,GST,5,76.55,259.0,2,Prepared Beverages (Cafe Service),9963,8906169413512
Gourmet Aloo Puff / Patties - 1 Pc,CAFE-03271,GST,5,16.64,46.0,13,Prepared Snacks & Sandwiches (Cafe Service),9963,8909582770699
Multigrain Bread - 400g Pack,CAFE-03272,GST,5,38.35,92.0,38,Breads & Savory (Retail),1905,8906949060827
Artisan Cappuccino - Regular,CAFE-03273,GST,5,65.63,171.0,4,Prepared Beverages (Cafe Service),9963,8902094596915
Hot Chocolate - With Marshmallows,CAFE-03274,GST,5,84.3,215.0,13,Prepared Beverages (Cafe Service),9963,8906337598491
Pav Buns - Pack of 6,CAFE-03275,GST,5,29.73,93.0,55,Breads & Savory (Retail),1905,8901133795233
Classic Blueberry Cheesecake Slice - 1 Slice,CAFE-03276,GST,18,64.8,216.0,16,Fresh Pastries & Cakes,1905,8900712787963
Pav Buns - Pack of 6,CAFE-03277,GST,5,44.0,112.0,26,Breads & Savory (Retail),1905,8902082204484
Premium Dark Chocolate Bar (70%) - 100g Bar,CAFE-03278,GST,18,86.35,270.0,50,Chocolates & Confectionery,1806,8901649571042
Artisan Milk Chocolate Bar - 100g Bar,CAFE-03279,GST,18,59.07,222.0,26,Chocolates & Confectionery,1806,8908422417018
Signature Dark Chocolate Bar (70%) - 100g Bar,CAFE-03280,GST,18,76.68,262.0,28,Chocolates & Confectionery,1806,8904030579251
Signature Hot Chocolate - Regular,CAFE-03281,GST,5,82.56,259.0,9,Prepared Beverages (Cafe Service),9963,8906822015297
Freshly Baked Chicken Puff - 1 Pc,CAFE-03282,GST,5,34.95,82.0,14,Prepared Snacks & Sandwiches (Cafe Service),9963,8907006208212
Gourmet Butter Cookies - 500g Box,CAFE-03283,GST,18,95.59,334.0,55,Packaged Biscuits & Cookies,1905,8905362921350
Signature Assorted Truffles - Box of 6,CAFE-03284,GST,18,114.41,442.0,39,Chocolates & Confectionery,1806,8908950929184
Freshly Baked Aloo Puff / Patties - 2 Pcs,CAFE-03285,GST,5,12.58,44.0,10,Prepared Snacks & Sandwiches (Cafe Service),9963,8909725472047
Premium Oatmeal & Raisin Cookies - 250g Box,CAFE-03286,GST,18,90.9,259.0,29,Packaged Biscuits & Cookies,1905,8909490465144
House Special Oatmeal & Raisin Cookies - 250g Box,CAFE-03287,GST,18,83.38,261.0,33,Packaged Biscuits & Cookies,1905,8905252888646
Artisan Butter Cookies - 250g Box,CAFE-03288,GST,18,44.38,176.0,45,Packaged Biscuits & Cookies,1905,8908421391369
Freshly Baked Cheese Croissant - 1 Pc,CAFE-03289,GST,5,51.1,169.0,17,Prepared Snacks & Sandwiches (Cafe Service),9963,8907727154224
Artisan Chocolate Truffle Cake - 1kg,CAFE-03290,GST,18,430.19,1606.0,8,Fresh Pastries & Cakes,1905,8904124722372
Premium Chocolate Brownie - With Walnut,CAFE-03291,GST,18,53.51,151.0,17,Fresh Pastries & Cakes,1905,8900063239988
Signature Peach Iced Tea - Regular,CAFE-03292,GST,5,76.41,190.0,2,Prepared Beverages (Cafe Service),9963,8908583755826
Multigrain Bread - 400g Pack,CAFE-03293,GST,5,23.63,86.0,38,Breads & Savory (Retail),1905,8901088589981
Chicken Tikka Sandwich - Standard,CAFE-03294,GST,5,90.25,228.0,5,Prepared Snacks & Sandwiches (Cafe Service),9963,8907834206433
House Special Fruit & Nut Chocolate - 100g Bar,CAFE-03295,GST,18,97.25,268.0,27,Chocolates & Confectionery,1806,8904971972040
Freshly Baked Egg & Cheese Croissant - Standard,CAFE-03296,GST,5,63.14,227.0,3,Prepared Snacks & Sandwiches (Cafe Service),9963,8900917316332
Artisan Almond Biscotti - 200g Box,CAFE-03297,GST,18,103.86,351.0,57,Packaged Biscuits & Cookies,1905,8907244783907
Classic Chocolate Truffle Cake - 500g,CAFE-03298,GST,18,243.74,808.0,19,Fresh Pastries & Cakes,1905,8909691024198
Classic Dark Chocolate Bar (70%) - 100g Bar,CAFE-03299,GST,18,110.15,300.0,54,Chocolates & Confectionery,1806,8905207699152
Premium Egg & Cheese Croissant - Standard,CAFE-03300,GST,5,87.95,283.0,17,Prepared Snacks & Sandwiches (Cafe Service),9963,8908951665018
Freshly Baked Black Forest Pastry - 2 Slices,CAFE-03301,GST,18,95.64,214.0,6,Fresh Pastries & Cakes,1905,8907760123162
Premium Jeera Biscuits - 500g Box,CAFE-03302,GST,18,108.38,245.0,28,Packaged Biscuits & Cookies,1905,8906685743973
Premium Aloo Puff / Patties - 2 Pcs,CAFE-03303,GST,5,14.13,45.0,13,Prepared Snacks & Sandwiches (Cafe Service),9963,8908163021291
Gourmet Paneer Tikka Wrap - Standard,CAFE-03304,GST,5,46.04,172.0,6,Prepared Snacks & Sandwiches (Cafe Service),9963,8905112980310
Cake Rusk - 300g Pack,CAFE-03305,GST,5,50.82,145.0,39,Breads & Savory (Retail),1905,8907482522925
Freshly Baked Jeera Biscuits - 500g Box,CAFE-03306,GST,18,108.82,283.0,19,Packaged Biscuits & Cookies,1905,8906914559036
Freshly Baked Choco Chip Cookies - 500g Box,CAFE-03307,GST,18,96.74,375.0,43,Packaged Biscuits & Cookies,1905,8902466762267
Freshly Baked Cappuccino - Large,CAFE-03308,GST,5,108.64,354.0,10,Prepared Beverages (Cafe Service),9963,8905522420596
Freshly Baked Choco Chip Cookies - 500g Box,CAFE-03309,GST,18,135.52,428.0,39,Packaged Biscuits & Cookies,1905,8904371960348
Premium Cheese Croissant - 1 Pc,CAFE-03310,GST,5,65.25,149.0,13,Prepared Snacks & Sandwiches (Cafe Service),9963,8906539952115
Artisan Choco Chip Cookies - 500g Box,CAFE-03311,GST,18,163.75,367.0,31,Packaged Biscuits & Cookies,1905,8903790868088
Suji Rusk - 400g Pack,CAFE-03312,GST,5,32.14,108.0,29,Breads & Savory (Retail),1905,8906454875979
Classic Cheese Croissant - 1 Pc,CAFE-03313,GST,5,59.05,161.0,7,Prepared Snacks & Sandwiches (Cafe Service),9963,8909043682756
Deluxe Aloo Puff / Patties - 2 Pcs,CAFE-03314,GST,5,10.95,40.0,16,Prepared Snacks & Sandwiches (Cafe Service),9963,8908672530815
Handcrafted Veg Grilled Sandwich - Cheese Burst,CAFE-03315,GST,5,44.17,159.0,10,Prepared Snacks & Sandwiches (Cafe Service),9963,8905119324671
Handcrafted Fruit & Nut Chocolate - 100g Bar,CAFE-03316,GST,18,108.13,280.0,21,Chocolates & Confectionery,1806,8900029596351
Handcrafted Cheese Croissant - 1 Pc,CAFE-03317,GST,5,57.26,147.0,7,Prepared Snacks & Sandwiches (Cafe Service),9963,8900936130144
Cold Coffee Classic - Regular,CAFE-03318,GST,5,81.32,202.0,20,Prepared Beverages (Cafe Service),9963,8904103675806
Deluxe Egg & Cheese Croissant - Standard,CAFE-03319,GST,5,104.51,280.0,4,Prepared Snacks & Sandwiches (Cafe Service),9963,8901713037097
Handcrafted Blueberry Cheesecake Slice - 1 Slice,CAFE-03320,GST,18,74.22,237.0,17,Fresh Pastries & Cakes,1905,8903731692759
Pav Buns - Pack of 6,CAFE-03321,GST,5,50.17,118.0,16,Breads & Savory (Retail),1905,8906977400970
House Special Red Velvet Cake - 500g,CAFE-03322,GST,18,300.55,1034.0,14,Fresh Pastries & Cakes,1905,8906180610853
Handcrafted Espresso - Single Shot,CAFE-03323,GST,5,49.17,110.0,2,Prepared Beverages (Cafe Service),9963,8902221268390
Premium Butter Cookies - 250g Box,CAFE-03324,GST,18,57.33,212.0,49,Packaged Biscuits & Cookies,1905,8901693491067
Premium Mango Smoothie - Regular,CAFE-03325,GST,5,48.17,191.0,11,Prepared Beverages (Cafe Service),9963,8909411632822
Freshly Baked Butter Cookies - 500g Box,CAFE-03326,GST,18,95.53,367.0,52,Packaged Biscuits & Cookies,1905,8905861672117
Freshly Baked Chocolate Truffle Cake - 1kg,CAFE-03327,GST,18,460.45,1665.0,14,Fresh Pastries & Cakes,1905,8905502421825
House Special Almond Biscotti - 200g Box,CAFE-03328,GST,18,90.9,355.0,54,Packaged Biscuits & Cookies,1905,8905024242633
Premium Choco Chip Cookies - 250g Box,CAFE-03329,GST,18,72.61,242.0,33,Packaged Biscuits & Cookies,1905,8908771320206
Artisan Red Velvet Cake - 500g,CAFE-03330,GST,18,256.06,922.0,15,Fresh Pastries & Cakes,1905,8907674482287
Signature Veg Grilled Sandwich - Cheese Burst,CAFE-03331,GST,5,71.52,163.0,11,Prepared Snacks & Sandwiches (Cafe Service),9963,8909630966676
Cake Rusk - 300g Pack,CAFE-03332,GST,5,47.75,166.0,42,Breads & Savory (Retail),1905,8904991047164
House Special Paneer Puff - 1 Pc,CAFE-03333,GST,5,17.44,65.0,11,Prepared Snacks & Sandwiches (Cafe Service),9963,8906577137153
Deluxe Choco Chip Cookies - 500g Box,CAFE-03334,GST,18,172.39,445.0,26,Packaged Biscuits & Cookies,1905,8908732276654
Classic Fruit & Nut Chocolate - 100g Bar,CAFE-03335,GST,18,106.94,294.0,53,Chocolates & Confectionery,1806,8904645403002
Signature Assorted Truffles - Box of 12,CAFE-03336,GST,18,294.89,822.0,51,Chocolates & Confectionery,1806,8904538823234
Signature Almond Biscotti - 200g Box,CAFE-03337,GST,18,109.11,322.0,25,Packaged Biscuits & Cookies,1905,8902896575492
Assorted Truffles - Box of 6,CAFE-03338,GST,18,199.29,479.0,29,Chocolates & Confectionery,1806,8907619157701
Premium Butter Cookies - 250g Box,CAFE-03339,GST,18,50.42,181.0,21,Packaged Biscuits & Cookies,1905,8906231539428
Deluxe Pineapple Pastry - 2 Slices,CAFE-03340,GST,18,53.42,187.0,14,Fresh Pastries & Cakes,1905,8905091639750
Premium Jeera Biscuits - 250g Box,CAFE-03341,GST,18,60.69,174.0,17,Packaged Biscuits & Cookies,1905,8909810094430
Handcrafted Chocolate Truffle Cake - 1kg,CAFE-03342,GST,18,392.39,1393.0,14,Fresh Pastries & Cakes,1905,8905694276380
Gourmet Fruit & Nut Chocolate - 100g Bar,CAFE-03343,GST,18,83.73,325.0,40,Chocolates & Confectionery,1806,8907631143107
Premium Choco Chip Cookies - 500g Box,CAFE-03344,GST,18,145.2,389.0,26,Packaged Biscuits & Cookies,1905,8906429306461
Deluxe Choco Chip Cookies - 250g Box,CAFE-03345,GST,18,110.64,256.0,46,Packaged Biscuits & Cookies,1905,8904289540584
Signature Hazelnut Pralines - Box of 9,CAFE-03346,GST,18,180.55,587.0,46,Chocolates & Confectionery,1806,8905289724597
Freshly Baked Paneer Tikka Wrap - Standard,CAFE-03347,GST,5,52.24,180.0,2,Prepared Snacks & Sandwiches (Cafe Service),9963,8904210014996
Handcrafted Pineapple Pastry - 2 Slices,CAFE-03348,GST,18,52.19,190.0,13,Fresh Pastries & Cakes,1905,8903905798662
Signature Hazelnut Pralines - Box of 9,CAFE-03349,GST,18,190.09,534.0,30,Chocolates & Confectionery,1806,8900025539525
Handcrafted Hot Chocolate - With Marshmallows,CAFE-03350,GST,5,93.34,242.0,7,Prepared Beverages (Cafe Service),9963,8905245870131
Handcrafted Assorted Truffles - Box of 6,CAFE-03351,GST,18,146.61,452.0,57,Chocolates & Confectionery,1806,8903583624921
Gourmet Butter Cookies - 500g Box,CAFE-03352,GST,18,126.06,348.0,50,Packaged Biscuits & Cookies,1905,8907871713593
Artisan Almond Biscotti - 200g Box,CAFE-03353,GST,18,104.15,376.0,32,Packaged Biscuits & Cookies,1905,8908256273964
Garlic Bread Loaf - 1 Pc,CAFE-03354,GST,5,41.17,102.0,56,Breads & Savory (Retail),1905,8909928687842
House Special Hazelnut Pralines - Box of 9,CAFE-03355,GST,18,196.92,512.0,57,Chocolates & Confectionery,1806,8907209750669
Deluxe Chicken Tikka Sandwich - Standard,CAFE-03356,GST,5,55.89,209.0,14,Prepared Snacks & Sandwiches (Cafe Service),9963,8908594416493
Whole Wheat Bread - 400g Pack,CAFE-03357,GST,5,16.84,60.0,60,Breads & Savory (Retail),1905,8908540262180
Gourmet Espresso - Single Shot,CAFE-03358,GST,5,44.73,117.0,13,Prepared Beverages (Cafe Service),9963,8901852291656
Handcrafted Red Velvet Cake - 500g,CAFE-03359,GST,18,404.13,1064.0,18,Fresh Pastries & Cakes,1905,8907148454430
Freshly Baked Chocolate Brownie - Fudge,CAFE-03360,GST,18,43.36,159.0,16,Fresh Pastries & Cakes,1905,8907741465183
Signature Vanilla Cupcake - 1 Pc,CAFE-03361,GST,18,23.72,90.0,9,Fresh Pastries & Cakes,1905,8903630575786
Artisan Espresso - Double Shot,CAFE-03362,GST,5,54.03,207.0,12,Prepared Beverages (Cafe Service),9963,8900766606950
Gourmet Paneer Puff - 1 Pc,CAFE-03363,GST,5,24.07,55.0,18,Prepared Snacks & Sandwiches (Cafe Service),9963,8909655326474
Classic Blueberry Cheesecake Slice - 1 Slice,CAFE-03364,GST,18,108.75,242.0,10,Fresh Pastries & Cakes,1905,8903968483596
Premium Black Forest Pastry - 1 Slice,CAFE-03365,GST,18,37.26,128.0,2,Fresh Pastries & Cakes,1905,8908716388193
Handcrafted Fruit & Nut Chocolate - 100g Bar,CAFE-03366,GST,18,109.23,259.0,52,Chocolates & Confectionery,1806,8909381987921
Premium Mocha Frappe - Regular,CAFE-03367,GST,5,70.68,277.0,16,Prepared Beverages (Cafe Service),9963,8905760180867
Classic Milk Chocolate Bar - 100g Bar,CAFE-03368,GST,18,74.51,205.0,20,Chocolates & Confectionery,1806,8905289328166
Handcrafted Almond Biscotti - 200g Box,CAFE-03369,GST,18,147.95,379.0,28,Packaged Biscuits & Cookies,1905,8901974931352
Classic Hazelnut Pralines - Box of 9,CAFE-03370,GST,18,221.25,624.0,54,Chocolates & Confectionery,1806,8903765118256
Gourmet Mocha Frappe - Regular,CAFE-03371,GST,5,96.35,231.0,7,Prepared Beverages (Cafe Service),9963,8907154836281
Premium Dark Chocolate Bar (70%) - 100g Bar,CAFE-03372,GST,18,86.76,243.0,27,Chocolates & Confectionery,1806,8903460749687
Freshly Baked Jeera Biscuits - 500g Box,CAFE-03373,GST,18,100.45,278.0,60,Packaged Biscuits & Cookies,1905,8904821873982
House Special Chocolate Truffle Cake - 1kg,CAFE-03374,GST,18,389.62,1516.0,17,Fresh Pastries & Cakes,1905,8904050315134
Artisan Hazelnut Pralines - Box of 9,CAFE-03375,GST,18,172.42,585.0,35,Chocolates & Confectionery,1806,8906996387447
Freshly Baked Cappuccino - Regular,CAFE-03376,GST,5,59.41,167.0,9,Prepared Beverages (Cafe Service),9963,8908341065729
Gourmet Fruit & Nut Chocolate - 100g Bar,CAFE-03377,GST,18,112.59,322.0,25,Chocolates & Confectionery,1806,8900670393367
Freshly Baked Hazelnut Pralines - Box of 9,CAFE-03378,GST,18,230.29,546.0,58,Chocolates & Confectionery,1806,8908439711820
Artisan Red Velvet Cake - 1kg,CAFE-03379,GST,18,703.28,1858.0,18,Fresh Pastries & Cakes,1905,8902717320310
Freshly Baked Green Tea - Pot,CAFE-03380,GST,5,66.97,232.0,5,Prepared Beverages (Cafe Service),9963,8908478879788
Deluxe Aloo Puff / Patties - 2 Pcs,CAFE-03381,GST,5,12.55,44.0,13,Prepared Snacks & Sandwiches (Cafe Service),9963,8907971149179
Jeera Biscuits - 250g Box,CAFE-03382,GST,18,47.64,137.0,60,Packaged Biscuits & Cookies,1905,8902395108327
Gourmet Fruit & Nut Chocolate - 100g Bar,CAFE-03383,GST,18,99.79,296.0,57,Chocolates & Confectionery,1806,8909984200326
Artisan Butter Cookies - 250g Box,CAFE-03384,GST,18,54.31,209.0,31,Packaged Biscuits & Cookies,1905,8901142076513
Suji Rusk - 400g Pack,CAFE-03385,GST,5,30.98,89.0,42,Breads & Savory (Retail),1905,8900396108492
Artisan Fruit & Nut Chocolate - 100g Bar,CAFE-03386,GST,18,99.96,277.0,48,Chocolates & Confectionery,1806,8906876129767
Signature Cafe Latte - Regular,CAFE-03387,GST,5,56.96,190.0,14,Prepared Beverages (Cafe Service),9963,8901431538348
Signature Fruit & Nut Chocolate - 100g Bar,CAFE-03388,GST,18,144.0,334.0,18,Chocolates & Confectionery,1806,8900859040024
Signature Chocolate Brownie - 1 Pc,CAFE-03389,GST,18,53.91,143.0,9,Fresh Pastries & Cakes,1905,8907331342414
Deluxe Hazelnut Pralines - Box of 9,CAFE-03390,GST,18,191.97,589.0,40,Chocolates & Confectionery,1806,8902177942921
Classic Pineapple Pastry - 2 Slices,CAFE-03391,GST,18,70.48,189.0,6,Fresh Pastries & Cakes,1905,8901517507963
Freshly Baked Red Velvet Cake - 500g,CAFE-03392,GST,18,309.81,1051.0,10,Fresh Pastries & Cakes,1905,8909619651966
Pav Buns - Pack of 6,CAFE-03393,GST,5,44.05,101.0,42,Breads & Savory (Retail),1905,8905868623785
Premium Hazelnut Pralines - Box of 9,CAFE-03394,GST,18,153.67,607.0,22,Chocolates & Confectionery,1806,8902199939176
Handcrafted Hazelnut Pralines - Box of 9,CAFE-03395,GST,18,272.41,600.0,25,Chocolates & Confectionery,1806,8907962445278
Artisan Choco Chip Cookies - 250g Box,CAFE-03396,GST,18,66.64,212.0,47,Packaged Biscuits & Cookies,1905,8900646594918
Mango Smoothie - Regular,CAFE-03397,GST,5,74.78,230.0,10,Prepared Beverages (Cafe Service),9963,8909320392268
Artisan Mango Smoothie - Regular,CAFE-03398,GST,5,89.4,230.0,13,Prepared Beverages (Cafe Service),9963,8905785457653
Gourmet Chocolate Truffle Cake - 1kg,CAFE-03399,GST,18,636.05,1420.0,18,Fresh Pastries & Cakes,1905,8901322257504
Gourmet Chocolate Truffle Cake - 500g,CAFE-03400,GST,18,229.01,814.0,13,Fresh Pastries & Cakes,1905,8900945573149
Cake Rusk - 300g Pack,CAFE-03401,GST,5,39.01,132.0,46,Breads & Savory (Retail),1905,8907603828071
Freshly Baked Black Forest Pastry - 1 Slice,CAFE-03402,GST,18,33.14,119.0,18,Fresh Pastries & Cakes,1905,8906417939969
Hot Chocolate - Regular,CAFE-03403,GST,5,94.23,249.0,8,Prepared Beverages (Cafe Service),9963,8903876883868
Deluxe Paneer Tikka Wrap - Standard,CAFE-03404,GST,5,56.23,169.0,19,Prepared Snacks & Sandwiches (Cafe Service),9963,8906816522350
Deluxe Hot Chocolate - With Marshmallows,CAFE-03405,GST,5,100.03,262.0,13,Prepared Beverages (Cafe Service),9963,8902199806849
Signature Espresso - Single Shot,CAFE-03406,GST,5,56.0,141.0,13,Prepared Beverages (Cafe Service),9963,8900867226628
Gourmet Black Forest Pastry - 2 Slices,CAFE-03407,GST,18,63.1,223.0,16,Fresh Pastries & Cakes,1905,8908673971819
Freshly Baked Mango Mousse Cup - Standard,CAFE-03408,GST,18,56.73,176.0,20,Fresh Pastries & Cakes,1905,8909330537406
Pizza Base - Pack of 2,CAFE-03409,GST,5,12.08,42.0,30,Breads & Savory (Retail),1905,8902487736518
Aloo Puff / Patties - 1 Pc,CAFE-03410,GST,5,14.31,42.0,14,Prepared Snacks & Sandwiches (Cafe Service),9963,8901329406357
Pizza Base - Pack of 4,CAFE-03411,GST,5,39.65,130.0,37,Breads & Savory (Retail),1905,8907268500728
Deluxe Milk Chocolate Bar - 100g Bar,CAFE-03412,GST,18,63.47,219.0,48,Chocolates & Confectionery,1806,8900099986692
Artisan Milk Chocolate Bar - 100g Bar,CAFE-03413,GST,18,101.87,236.0,32,Chocolates & Confectionery,1806,8909048735975
House Special Choco Chip Cookies - 500g Box,CAFE-03414,GST,18,133.01,384.0,33,Packaged Biscuits & Cookies,1905,8909961077997
Classic Cafe Latte - Regular,CAFE-03415,GST,5,60.21,179.0,14,Prepared Beverages (Cafe Service),9963,8901533002702
Handcrafted Mocha Frappe - Regular,CAFE-03416,GST,5,75.91,277.0,17,Prepared Beverages (Cafe Service),9963,8906938051453
Premium Chicken Puff - 1 Pc,CAFE-03417,GST,5,30.05,94.0,4,Prepared Snacks & Sandwiches (Cafe Service),9963,8902075000699
House Special Assorted Truffles - Box of 12,CAFE-03418,GST,18,221.75,858.0,51,Chocolates & Confectionery,1806,8903922445565
Garlic Bread Loaf - 1 Pc,CAFE-03419,GST,5,28.83,102.0,49,Breads & Savory (Retail),1905,8909441399951
Signature Green Tea - Cup,CAFE-03420,GST,5,49.44,130.0,4,Prepared Beverages (Cafe Service),9963,8905695907056
Artisan Paneer Puff - 1 Pc,CAFE-03421,GST,5,18.75,69.0,8,Prepared Snacks & Sandwiches (Cafe Service),9963,8906112874081
Artisan Chocolate Brownie - 1 Pc,CAFE-03422,GST,18,47.84,155.0,9,Fresh Pastries & Cakes,1905,8908214528789
Deluxe Chicken Puff - 1 Pc,CAFE-03423,GST,5,22.11,86.0,2,Prepared Snacks & Sandwiches (Cafe Service),9963,8902840521850
Deluxe Jeera Biscuits - 250g Box,CAFE-03424,GST,18,50.01,177.0,51,Packaged Biscuits & Cookies,1905,8901260485896
Deluxe Oatmeal & Raisin Cookies - 250g Box,CAFE-03425,GST,18,110.77,298.0,15,Packaged Biscuits & Cookies,1905,8909386547192
Freshly Baked Espresso - Double Shot,CAFE-03426,GST,5,82.52,227.0,17,Prepared Beverages (Cafe Service),9963,8900566230056
Gourmet Blueberry Cheesecake Slice - 1 Slice,CAFE-03427,GST,18,89.85,256.0,5,Fresh Pastries & Cakes,1905,8902350665660
Butter Cookies - 500g Box,CAFE-03428,GST,18,94.22,294.0,38,Packaged Biscuits & Cookies,1905,8905765789379
Dark Chocolate Bar (70%) - 100g Bar,CAFE-03429,GST,18,92.54,248.0,44,Chocolates & Confectionery,1806,8902990352196
Classic Pineapple Pastry - 1 Slice,CAFE-03430,GST,18,27.14,104.0,10,Fresh Pastries & Cakes,1905,8907142432111
Classic Fruit & Nut Chocolate - 100g Bar,CAFE-03431,GST,18,97.97,289.0,58,Chocolates & Confectionery,1806,8902377381330
Freshly Baked Egg & Cheese Croissant - Standard,CAFE-03432,GST,5,97.49,243.0,17,Prepared Snacks & Sandwiches (Cafe Service),9963,8908034633287
House Special Almond Biscotti - 200g Box,CAFE-03433,GST,18,112.09,328.0,50,Packaged Biscuits & Cookies,1905,8906680580005
Deluxe Paneer Puff - 1 Pc,CAFE-03434,GST,5,18.39,56.0,13,Prepared Snacks & Sandwiches (Cafe Service),9963,8900154385781
Handcrafted Veg Grilled Sandwich - Cheese Burst,CAFE-03435,GST,5,42.45,163.0,10,Prepared Snacks & Sandwiches (Cafe Service),9963,8909148815144
Green Tea - Cup,CAFE-03436,GST,5,43.0,121.0,5,Prepared Beverages (Cafe Service),9963,8907100656266
Freshly Baked Mango Smoothie - Regular,CAFE-03437,GST,5,87.89,243.0,12,Prepared Beverages (Cafe Service),9963,8903637766599
Classic Nankhatai - 250g Box,CAFE-03438,GST,18,65.28,176.0,23,Packaged Biscuits & Cookies,1905,8903816226648
Deluxe Nankhatai - 250g Box,CAFE-03439,GST,18,73.71,175.0,39,Packaged Biscuits & Cookies,1905,8902883635805
Garlic Bread Loaf - 1 Pc,CAFE-03440,GST,5,39.85,102.0,58,Breads & Savory (Retail),1905,8903561170278
Freshly Baked Jeera Biscuits - 250g Box,CAFE-03441,GST,18,37.62,149.0,51,Packaged Biscuits & Cookies,1905,8903722391761
Classic Chicken Puff - 1 Pc,CAFE-03442,GST,5,25.13,80.0,18,Prepared Snacks & Sandwiches (Cafe Service),9963,8904313574087
Artisan Jeera Biscuits - 500g Box,CAFE-03443,GST,18,122.67,313.0,45,Packaged Biscuits & Cookies,1905,8902961756577
Premium Veg Grilled Sandwich - Cheese Burst,CAFE-03444,GST,5,59.91,158.0,11,Prepared Snacks & Sandwiches (Cafe Service),9963,8904251180954
Oatmeal & Raisin Cookies - 250g Box,CAFE-03445,GST,18,86.07,292.0,33,Packaged Biscuits & Cookies,1905,8901528634840
Handcrafted Vanilla Cupcake - 1 Pc,CAFE-03446,GST,18,19.74,73.0,14,Fresh Pastries & Cakes,1905,8904914453375
Premium Milk Bread - 400g Pack,CAFE-03447,GST,5,21.5,51.0,42,Breads & Savory (Retail),1905,8901641573376
Aloo Puff / Patties - 1 Pc,CAFE-03448,GST,5,13.8,37.0,17,Prepared Snacks & Sandwiches (Cafe Service),9963,8908109071957
House Special Assorted Truffles - Box of 12,CAFE-03449,GST,18,232.06,754.0,21,Chocolates & Confectionery,1806,8904955838736
Classic Veg Grilled Sandwich - Cheese Burst,CAFE-03450,GST,5,54.59,162.0,4,Prepared Snacks & Sandwiches (Cafe Service),9963,8908084388168
Handcrafted Nankhatai - 250g Box,CAFE-03451,GST,18,44.92,178.0,56,Packaged Biscuits & Cookies,1905,8900990704644
Artisan Butter Cookies - 250g Box,CAFE-03452,GST,18,68.76,198.0,15,Packaged Biscuits & Cookies,1905,8904519908187
Garlic Bread Loaf - 1 Pc,CAFE-03453,GST,5,31.36,105.0,39,Breads & Savory (Retail),1905,8903272237369
Signature Butter Cookies - 500g Box,CAFE-03454,GST,18,90.85,306.0,17,Packaged Biscuits & Cookies,1905,8905904735352
Cake Rusk - 300g Pack,CAFE-03455,GST,5,65.81,151.0,37,Breads & Savory (Retail),1905,8903973451359
Classic Chicken Puff - 1 Pc,CAFE-03456,GST,5,24.55,82.0,3,Prepared Snacks & Sandwiches (Cafe Service),9963,8900989727405
Premium Blueberry Cheesecake Slice - 1 Slice,CAFE-03457,GST,18,89.43,259.0,4,Fresh Pastries & Cakes,1905,8901991365640
Freshly Baked Dark Chocolate Bar (70%) - 100g Bar,CAFE-03458,GST,18,115.84,291.0,17,Chocolates & Confectionery,1806,8900628922384
Suji Rusk - 400g Pack,CAFE-03459,GST,5,41.77,106.0,56,Breads & Savory (Retail),1905,8909594589225
Handcrafted Chocolate Brownie - With Walnut,CAFE-03460,GST,18,42.77,140.0,16,Fresh Pastries & Cakes,1905,8907565512889
Signature Milk Chocolate Bar - 100g Bar,CAFE-03461,GST,18,71.36,212.0,41,Chocolates & Confectionery,1806,8906570310122
Signature Assorted Truffles - Box of 6,CAFE-03462,GST,18,126.84,492.0,48,Chocolates & Confectionery,1806,8907534214483
Handcrafted Oatmeal & Raisin Cookies - 250g Box,CAFE-03463,GST,18,79.38,247.0,60,Packaged Biscuits & Cookies,1905,8903968382525
Choco Chip Cookies - 250g Box,CAFE-03464,GST,18,65.57,255.0,59,Packaged Biscuits & Cookies,1905,8903521517346
Deluxe Espresso - Double Shot,CAFE-03465,GST,5,71.89,241.0,6,Prepared Beverages (Cafe Service),9963,8904715756108
Signature Pineapple Pastry - 1 Slice,CAFE-03466,GST,18,46.14,115.0,5,Fresh Pastries & Cakes,1905,8902395512169
Signature Egg & Cheese Croissant - Standard,CAFE-03467,GST,5,79.95,227.0,10,Prepared Snacks & Sandwiches (Cafe Service),9963,8901422632621
Signature Oatmeal & Raisin Cookies - 250g Box,CAFE-03468,GST,18,122.52,293.0,56,Packaged Biscuits & Cookies,1905,8900451967877
Premium Veg Grilled Sandwich - Standard,CAFE-03469,GST,5,45.93,164.0,5,Prepared Snacks & Sandwiches (Cafe Service),9963,8903268423263
Gourmet Oatmeal & Raisin Cookies - 250g Box,CAFE-03470,GST,18,119.22,271.0,27,Packaged Biscuits & Cookies,1905,8906931057197
Multigrain Bread - 400g Pack,CAFE-03471,GST,5,27.13,74.0,36,Breads & Savory (Retail),1905,8902787626023
Artisan Jeera Biscuits - 500g Box,CAFE-03472,GST,18,99.39,323.0,15,Packaged Biscuits & Cookies,1905,8909998689195
Deluxe Chocolate Brownie - Fudge,CAFE-03473,GST,18,37.03,144.0,14,Fresh Pastries & Cakes,1905,8909999381919
Freshly Baked Nankhatai - 250g Box,CAFE-03474,GST,18,64.89,163.0,57,Packaged Biscuits & Cookies,1905,8901900241551
Signature Mocha Frappe - Large,CAFE-03475,GST,5,130.88,505.0,8,Prepared Beverages (Cafe Service),9963,8905332702899
Deluxe Green Tea - Pot,CAFE-03476,GST,5,53.72,204.0,19,Prepared Beverages (Cafe Service),9963,8905843116210
Premium Hazelnut Pralines - Box of 9,CAFE-03477,GST,18,164.73,545.0,44,Chocolates & Confectionery,1806,8903965431055
Artisan Peach Iced Tea - Regular,CAFE-03478,GST,5,55.19,189.0,6,Prepared Beverages (Cafe Service),9963,8907596088958
House Special Peach Iced Tea - Regular,CAFE-03479,GST,5,67.91,186.0,10,Prepared Beverages (Cafe Service),9963,8902314945212
Artisan Almond Biscotti - 200g Box,CAFE-03480,GST,18,98.01,329.0,15,Packaged Biscuits & Cookies,1905,8909818040999
Freshly Baked Mango Mousse Cup - Standard,CAFE-03481,GST,18,62.01,169.0,13,Fresh Pastries & Cakes,1905,8900850134742
Gourmet Chicken Puff - 1 Pc,CAFE-03482,GST,5,20.53,78.0,7,Prepared Snacks & Sandwiches (Cafe Service),9963,8906472543924
Artisan Choco Chip Cookies - 500g Box,CAFE-03483,GST,18,188.24,457.0,16,Packaged Biscuits & Cookies,1905,8908174425396
Handcrafted Paneer Puff - 1 Pc,CAFE-03484,GST,5,17.41,68.0,15,Prepared Snacks & Sandwiches (Cafe Service),9963,8908209188122
Premium Jeera Biscuits - 500g Box,CAFE-03485,GST,18,84.15,319.0,49,Packaged Biscuits & Cookies,1905,8900970209790
House Special Chicken Puff - 1 Pc,CAFE-03486,GST,5,39.03,93.0,12,Prepared Snacks & Sandwiches (Cafe Service),9963,8909117533170
Suji Rusk - 400g Pack,CAFE-03487,GST,5,30.79,94.0,49,Breads & Savory (Retail),1905,8906043775872
Premium Choco Chip Cookies - 500g Box,CAFE-03488,GST,18,183.32,415.0,22,Packaged Biscuits & Cookies,1905,8905333003256
Handcrafted Chicken Puff - 1 Pc,CAFE-03489,GST,5,23.38,90.0,4,Prepared Snacks & Sandwiches (Cafe Service),9963,8903311519683
Classic Aloo Puff / Patties - 2 Pcs,CAFE-03490,GST,5,11.24,38.0,8,Prepared Snacks & Sandwiches (Cafe Service),9963,8901543099034
Signature Fruit & Nut Chocolate - 100g Bar,CAFE-03491,GST,18,70.15,258.0,55,Chocolates & Confectionery,1806,8905366713646
Premium Dark Chocolate Bar (70%) - 100g Bar,CAFE-03492,GST,18,102.46,281.0,25,Chocolates & Confectionery,1806,8902823253485
Dark Chocolate Bar (70%) - 100g Bar,CAFE-03493,GST,18,76.97,268.0,53,Chocolates & Confectionery,1806,8906577583352
Gourmet Chocolate Brownie - 1 Pc,CAFE-03494,GST,18,35.22,138.0,11,Fresh Pastries & Cakes,1905,8901231540244
Artisan Mango Smoothie - Regular,CAFE-03495,GST,5,81.27,245.0,12,Prepared Beverages (Cafe Service),9963,8900163270349
Artisan Blueberry Cheesecake Slice - 1 Slice,CAFE-03496,GST,18,100.18,243.0,14,Fresh Pastries & Cakes,1905,8903642721264
Signature Milk Chocolate Bar - 100g Bar,CAFE-03497,GST,18,68.75,203.0,56,Chocolates & Confectionery,1806,8907967467269
Artisan Chicken Puff - 1 Pc,CAFE-03498,GST,5,39.4,93.0,9,Prepared Snacks & Sandwiches (Cafe Service),9963,8903327988217
Gourmet Chocolate Truffle Cake - 2kg,CAFE-03499,GST,18,1002.89,3080.0,20,Fresh Pastries & Cakes,1905,8906149491851
House Special Almond Biscotti - 200g Box,CAFE-03500,GST,18,135.85,329.0,41,Packaged Biscuits & Cookies,1905,8900384952606
Deluxe Paneer Tikka Wrap - Standard,CAFE-03501,GST,5,67.65,187.0,14,Prepared Snacks & Sandwiches (Cafe Service),9963,8901410966159
Garlic Bread Loaf - 1 Pc,CAFE-03502,GST,5,43.14,130.0,53,Breads & Savory (Retail),1905,8900885069030
Handcrafted Dark Chocolate Bar (70%) - 100g Bar,CAFE-03503,GST,18,76.24,280.0,19,Chocolates & Confectionery,1806,8901202730238
Premium Milk Chocolate Bar - 100g Bar,CAFE-03504,GST,18,90.59,222.0,55,Chocolates & Confectionery,1806,8902072230335
Signature Fruit & Nut Chocolate - 100g Bar,CAFE-03505,GST,18,85.39,271.0,58,Chocolates & Confectionery,1806,8905111399773
Handcrafted Cheese Croissant - 1 Pc,CAFE-03506,GST,5,55.88,170.0,16,Prepared Snacks & Sandwiches (Cafe Service),9963,8908236084229
Premium Green Tea - Pot,CAFE-03507,GST,5,57.05,196.0,18,Prepared Beverages (Cafe Service),9963,8906574306206
Deluxe Chicken Tikka Sandwich - Standard,CAFE-03508,GST,5,62.62,229.0,5,Prepared Snacks & Sandwiches (Cafe Service),9963,8909872029811
Premium Milk Bread - 400g Pack,CAFE-03509,GST,5,12.7,49.0,28,Breads & Savory (Retail),1905,8909141981179
Artisan Hot Chocolate - Regular,CAFE-03510,GST,5,59.87,239.0,16,Prepared Beverages (Cafe Service),9963,8904950443271
Classic Paneer Tikka Wrap - Standard,CAFE-03511,GST,5,73.92,200.0,10,Prepared Snacks & Sandwiches (Cafe Service),9963,8901616936240
Gourmet Paneer Puff - 1 Pc,CAFE-03512,GST,5,22.03,58.0,5,Prepared Snacks & Sandwiches (Cafe Service),9963,8903705741037
Gourmet Cafe Latte - Regular,CAFE-03513,GST,5,78.51,220.0,10,Prepared Beverages (Cafe Service),9963,8901525838516
Suji Rusk - 400g Pack,CAFE-03514,GST,5,22.81,83.0,41,Breads & Savory (Retail),1905,8904466847132
Premium Fruit & Nut Chocolate - 100g Bar,CAFE-03515,GST,18,83.48,317.0,53,Chocolates & Confectionery,1806,8901585118581
Freshly Baked Black Forest Pastry - 1 Slice,CAFE-03516,GST,18,50.06,122.0,13,Fresh Pastries & Cakes,1905,8903596828901
Classic Butter Cookies - 250g Box,CAFE-03517,GST,18,70.92,199.0,29,Packaged Biscuits & Cookies,1905,8901676602716
Deluxe Paneer Tikka Wrap - Standard,CAFE-03518,GST,5,65.65,210.0,10,Prepared Snacks & Sandwiches (Cafe Service),9963,8907871819383
Artisan Jeera Biscuits - 500g Box,CAFE-03519,GST,18,114.85,271.0,56,Packaged Biscuits & Cookies,1905,8904730802821
Whole Wheat Bread - 400g Pack,CAFE-03520,GST,5,27.48,69.0,55,Breads & Savory (Retail),1905,8901430444697
House Special Aloo Puff / Patties - 1 Pc,CAFE-03521,GST,5,16.55,43.0,20,Prepared Snacks & Sandwiches (Cafe Service),9963,8900019768933
Artisan Oatmeal & Raisin Cookies - 250g Box,CAFE-03522,GST,18,73.64,244.0,20,Packaged Biscuits & Cookies,1905,8901303076617
Premium Vanilla Cupcake - Box of 6,CAFE-03523,GST,18,23.13,81.0,19,Fresh Pastries & Cakes,1905,8904648209872
Deluxe Aloo Puff / Patties - 1 Pc,CAFE-03524,GST,5,12.76,37.0,14,Prepared Snacks & Sandwiches (Cafe Service),9963,8909234440557
Pizza Base - Pack of 4,CAFE-03525,GST,5,29.53,107.0,51,Breads & Savory (Retail),1905,8906362091604
Handcrafted Aloo Puff / Patties - 1 Pc,CAFE-03526,GST,5,18.12,45.0,8,Prepared Snacks & Sandwiches (Cafe Service),9963,8901901706686
Pav Buns - Pack of 6,CAFE-03527,GST,5,30.59,111.0,50,Breads & Savory (Retail),1905,8909358404705
Classic Hazelnut Pralines - Box of 9,CAFE-03528,GST,18,228.02,632.0,37,Chocolates & Confectionery,1806,8906416566671
Premium Jeera Biscuits - 250g Box,CAFE-03529,GST,18,70.13,172.0,46,Packaged Biscuits & Cookies,1905,8900180589359
Gourmet Peach Iced Tea - Regular,CAFE-03530,GST,5,43.73,153.0,12,Prepared Beverages (Cafe Service),9963,8902576150335
Deluxe Aloo Puff / Patties - 1 Pc,CAFE-03531,GST,5,13.2,41.0,18,Prepared Snacks & Sandwiches (Cafe Service),9963,8903043422997
Classic Paneer Puff - 1 Pc,CAFE-03532,GST,5,28.48,69.0,2,Prepared Snacks & Sandwiches (Cafe Service),9963,8901339893090
Signature Butter Cookies - 250g Box,CAFE-03533,GST,18,51.31,188.0,41,Packaged Biscuits & Cookies,1905,8905849014056
Classic Almond Biscotti - 200g Box,CAFE-03534,GST,18,122.25,368.0,46,Packaged Biscuits & Cookies,1905,8900909590279
Gourmet Veg Grilled Sandwich - Cheese Burst,CAFE-03535,GST,5,43.79,144.0,4,Prepared Snacks & Sandwiches (Cafe Service),9963,8909918386488
Cake Rusk - 300g Pack,CAFE-03536,GST,5,38.64,151.0,20,Breads & Savory (Retail),1905,8906367717752
Classic Chicken Puff - 1 Pc,CAFE-03537,GST,5,26.8,89.0,13,Prepared Snacks & Sandwiches (Cafe Service),9963,8904897881412
Handcrafted Oatmeal & Raisin Cookies - 250g Box,CAFE-03538,GST,18,92.13,281.0,38,Packaged Biscuits & Cookies,1905,8900875505624
Deluxe Nankhatai - 250g Box,CAFE-03539,GST,18,49.49,180.0,49,Packaged Biscuits & Cookies,1905,8908678950139
Artisan Red Velvet Cake - 1kg,CAFE-03540,GST,18,653.07,1764.0,4,Fresh Pastries & Cakes,1905,8904201349843
Freshly Baked Paneer Tikka Wrap - Standard,CAFE-03541,GST,5,56.15,163.0,11,Prepared Snacks & Sandwiches (Cafe Service),9963,8907863572362
Artisan Hot Chocolate - Regular,CAFE-03542,GST,5,71.59,231.0,9,Prepared Beverages (Cafe Service),9963,8904544684321
Freshly Baked Assorted Truffles - Box of 12,CAFE-03543,GST,18,332.11,962.0,41,Chocolates & Confectionery,1806,8901773079099
Handcrafted Blueberry Cheesecake Slice - 1 Slice,CAFE-03544,GST,18,74.4,226.0,20,Fresh Pastries & Cakes,1905,8905110356257
Premium Hazelnut Pralines - Box of 9,CAFE-03545,GST,18,126.25,504.0,55,Chocolates & Confectionery,1806,8909028057955
Freshly Baked Black Forest Pastry - 1 Slice,CAFE-03546,GST,18,51.01,119.0,15,Fresh Pastries & Cakes,1905,8906305727562
Premium Milk Bread - 400g Pack,CAFE-03547,GST,5,16.39,52.0,26,Breads & Savory (Retail),1905,8908390537013
Artisan Hazelnut Pralines - Box of 9,CAFE-03548,GST,18,192.52,654.0,26,Chocolates & Confectionery,1806,8900324893237
Handcrafted Mocha Frappe - Large,CAFE-03549,GST,5,116.48,450.0,14,Prepared Beverages (Cafe Service),9963,8906853241484
Cake Rusk - 300g Pack,CAFE-03550,GST,5,47.43,145.0,55,Breads & Savory (Retail),1905,8904658578564
Freshly Baked Butter Cookies - 250g Box,CAFE-03551,GST,18,52.45,169.0,31,Packaged Biscuits & Cookies,1905,8906829851652
Pav Buns - Pack of 6,CAFE-03552,GST,5,29.14,93.0,45,Breads & Savory (Retail),1905,8908634144877
Gourmet Cold Coffee Classic - Large,CAFE-03553,GST,5,106.72,347.0,4,Prepared Beverages (Cafe Service),9963,8900318872779
Deluxe Espresso - Double Shot,CAFE-03554,GST,5,72.3,227.0,14,Prepared Beverages (Cafe Service),9963,8907420505784
Premium Cafe Latte - Regular,CAFE-03555,GST,5,72.62,194.0,15,Prepared Beverages (Cafe Service),9963,8905186515312
Signature Blueberry Cheesecake Slice - 1 Slice,CAFE-03556,GST,18,101.0,245.0,18,Fresh Pastries & Cakes,1905,8907908686514
Premium Green Tea - Cup,CAFE-03557,GST,5,31.6,115.0,13,Prepared Beverages (Cafe Service),9963,8909396701552
Cake Rusk - 300g Pack,CAFE-03558,GST,5,58.73,157.0,39,Breads & Savory (Retail),1905,8905529578735
Signature Vanilla Cupcake - Box of 6,CAFE-03559,GST,18,19.26,75.0,7,Fresh Pastries & Cakes,1905,8902711318002
Artisan Blueberry Cheesecake Slice - 1 Slice,CAFE-03560,GST,18,62.19,246.0,10,Fresh Pastries & Cakes,1905,8907555773432
Paneer Tikka Wrap - Standard,CAFE-03561,GST,5,68.33,166.0,4,Prepared Snacks & Sandwiches (Cafe Service),9963,8908366949835
Gourmet Veg Grilled Sandwich - Cheese Burst,CAFE-03562,GST,5,44.22,162.0,17,Prepared Snacks & Sandwiches (Cafe Service),9963,8903297584562
Handcrafted Cappuccino - Regular,CAFE-03563,GST,5,67.11,165.0,11,Prepared Beverages (Cafe Service),9963,8906984598909
Artisan Vanilla Cupcake - Box of 4,CAFE-03564,GST,18,70.37,214.0,8,Fresh Pastries & Cakes,1905,8900626465889
Freshly Baked Cheese Croissant - 1 Pc,CAFE-03565,GST,5,57.28,157.0,9,Prepared Snacks & Sandwiches (Cafe Service),9963,8901284209274
Egg & Cheese Croissant - Standard,CAFE-03566,GST,5,73.68,253.0,6,Prepared Snacks & Sandwiches (Cafe Service),9963,8902021512851
Cake Rusk - 300g Pack,CAFE-03567,GST,5,37.71,140.0,60,Breads & Savory (Retail),1905,8906523700877
Mocha Frappe - Regular,CAFE-03568,GST,5,96.35,220.0,7,Prepared Beverages (Cafe Service),9963,8902607347843
Cake Rusk - 300g Pack,CAFE-03569,GST,5,59.12,163.0,32,Breads & Savory (Retail),1905,8903103233854
Pav Buns - Pack of 6,CAFE-03570,GST,5,27.37,97.0,50,Breads & Savory (Retail),1905,8905821964599
Classic Mango Smoothie - Regular,CAFE-03571,GST,5,87.0,206.0,6,Prepared Beverages (Cafe Service),9963,8901255889839
Garlic Bread Loaf - 1 Pc,CAFE-03572,GST,5,43.64,117.0,23,Breads & Savory (Retail),1905,8905706707792
Freshly Baked Oatmeal & Raisin Cookies - 250g Box,CAFE-03573,GST,18,71.63,280.0,35,Packaged Biscuits & Cookies,1905,8909711315687
Whole Wheat Bread - 400g Pack,CAFE-03574,GST,5,20.37,59.0,33,Breads & Savory (Retail),1905,8905963946845
Artisan Egg & Cheese Croissant - Standard,CAFE-03575,GST,5,123.08,274.0,13,Prepared Snacks & Sandwiches (Cafe Service),9963,8908587263275
Premium Chocolate Truffle Cake - 1kg,CAFE-03576,GST,18,537.25,1558.0,7,Fresh Pastries & Cakes,1905,8901023872880
Gourmet Hot Chocolate - With Marshmallows,CAFE-03577,GST,5,68.36,260.0,11,Prepared Beverages (Cafe Service),9963,8909706959901
Signature Chicken Puff - 1 Pc,CAFE-03578,GST,5,22.55,90.0,9,Prepared Snacks & Sandwiches (Cafe Service),9963,8905623950211
Artisan Chocolate Brownie - 1 Pc,CAFE-03579,GST,18,73.06,166.0,6,Fresh Pastries & Cakes,1905,8902205322089
Suji Rusk - 400g Pack,CAFE-03580,GST,5,30.15,95.0,33,Breads & Savory (Retail),1905,8906617101478
Pizza Base - Pack of 4,CAFE-03581,GST,5,39.94,132.0,21,Breads & Savory (Retail),1905,8901739066506
Gourmet Paneer Puff - 1 Pc,CAFE-03582,GST,5,26.89,68.0,8,Prepared Snacks & Sandwiches (Cafe Service),9963,8901603502450
Handcrafted Hot Chocolate - Regular,CAFE-03583,GST,5,63.9,250.0,13,Prepared Beverages (Cafe Service),9963,8902416945646
Handcrafted Chicken Puff - 1 Pc,CAFE-03584,GST,5,24.52,82.0,10,Prepared Snacks & Sandwiches (Cafe Service),9963,8906914284000
Handcrafted Pineapple Pastry - 1 Slice,CAFE-03585,GST,18,32.61,98.0,10,Fresh Pastries & Cakes,1905,8907107382322
Signature Almond Biscotti - 200g Box,CAFE-03586,GST,18,92.66,334.0,25,Packaged Biscuits & Cookies,1905,8902334501541
House Special Peach Iced Tea - Large,CAFE-03587,GST,5,74.78,299.0,15,Prepared Beverages (Cafe Service),9963,8901000059118
Freshly Baked Cafe Latte - Iced,CAFE-03588,GST,5,56.0,199.0,8,Prepared Beverages (Cafe Service),9963,8903489140269
Premium Hazelnut Pralines - Box of 9,CAFE-03589,GST,18,165.47,653.0,37,Chocolates & Confectionery,1806,8905800875757
Premium Butter Cookies - 250g Box,CAFE-03590,GST,18,52.91,189.0,50,Packaged Biscuits & Cookies,1905,8902370844468
Premium Milk Chocolate Bar - 100g Bar,CAFE-03591,GST,18,65.95,220.0,20,Chocolates & Confectionery,1806,8903854184293
Cake Rusk - 300g Pack,CAFE-03592,GST,5,62.55,145.0,43,Breads & Savory (Retail),1905,8903370106536
Mango Mousse Cup - Standard,CAFE-03593,GST,18,62.03,157.0,20,Fresh Pastries & Cakes,1905,8903108262775
Artisan Espresso - Double Shot,CAFE-03594,GST,5,68.82,214.0,14,Prepared Beverages (Cafe Service),9963,8900956611828
Artisan Paneer Tikka Wrap - Standard,CAFE-03595,GST,5,77.79,215.0,15,Prepared Snacks & Sandwiches (Cafe Service),9963,8904358309753
Cake Rusk - 300g Pack,CAFE-03596,GST,5,51.22,166.0,23,Breads & Savory (Retail),1905,8908969186175
Signature Hazelnut Pralines - Box of 9,CAFE-03597,GST,18,193.44,536.0,32,Chocolates & Confectionery,1806,8909642206992
Artisan Oatmeal & Raisin Cookies - 250g Box,CAFE-03598,GST,18,62.1,226.0,37,Packaged Biscuits & Cookies,1905,8908087563449
Signature Black Forest Pastry - 2 Slices,CAFE-03599,GST,18,66.49,213.0,19,Fresh Pastries & Cakes,1905,8903192727783
Butter Cookies - 500g Box,CAFE-03600,GST,18,112.1,373.0,27,Packaged Biscuits & Cookies,1905,8902818167177
Artisan Assorted Truffles - Box of 6,CAFE-03601,GST,18,190.94,435.0,18,Chocolates & Confectionery,1806,8907361745741
Deluxe Cappuccino - Large,CAFE-03602,GST,5,80.52,292.0,2,Prepared Beverages (Cafe Service),9963,8900133021489
Premium Blueberry Cheesecake Slice - 1 Slice,CAFE-03603,GST,18,55.47,204.0,9,Fresh Pastries & Cakes,1905,8909215819277
Pizza Base - Pack of 4,CAFE-03604,GST,5,35.35,123.0,33,Breads & Savory (Retail),1905,8905618468915
Signature Fruit & Nut Chocolate - 100g Bar,CAFE-03605,GST,18,84.38,329.0,54,Chocolates & Confectionery,1806,8907470914871
Deluxe Paneer Tikka Wrap - Standard,CAFE-03606,GST,5,78.82,205.0,18,Prepared Snacks & Sandwiches (Cafe Service),9963,8902656197896
Gourmet Chicken Tikka Sandwich - Standard,CAFE-03607,GST,5,62.38,214.0,20,Prepared Snacks & Sandwiches (Cafe Service),9963,8901699277086
Handcrafted Hazelnut Pralines - Box of 9,CAFE-03608,GST,18,178.52,647.0,49,Chocolates & Confectionery,1806,8906597759776
Artisan Hot Chocolate - Regular,CAFE-03609,GST,5,93.05,258.0,15,Prepared Beverages (Cafe Service),9963,8908233733934
Classic Cold Coffee Classic - Regular,CAFE-03610,GST,5,54.48,175.0,14,Prepared Beverages (Cafe Service),9963,8905707385460
Premium Milk Chocolate Bar - 100g Bar,CAFE-03611,GST,18,59.63,238.0,28,Chocolates & Confectionery,1806,8902133058789
Premium Milk Bread - 400g Pack,CAFE-03612,GST,5,14.71,54.0,36,Breads & Savory (Retail),1905,8907693088837
Assorted Truffles - Box of 12,CAFE-03613,GST,18,258.69,907.0,59,Chocolates & Confectionery,1806,8909062315434
Nankhatai - 250g Box,CAFE-03614,GST,18,66.7,184.0,44,Packaged Biscuits & Cookies,1905,8900848671172
Nankhatai - 250g Box,CAFE-03615,GST,18,60.88,162.0,42,Packaged Biscuits & Cookies,1905,8905094162672
Classic Butter Cookies - 500g Box,CAFE-03616,GST,18,112.1,346.0,20,Packaged Biscuits & Cookies,1905,8903215667019
Handcrafted Chocolate Brownie - 1 Pc,CAFE-03617,GST,18,48.84,131.0,12,Fresh Pastries & Cakes,1905,8909992071898
Classic Assorted Truffles - Box of 6,CAFE-03618,GST,18,174.18,416.0,50,Chocolates & Confectionery,1806,8909605034611
Premium Hot Chocolate - With Marshmallows,CAFE-03619,GST,5,84.73,260.0,10,Prepared Beverages (Cafe Service),9963,8901465545123
Suji Rusk - 400g Pack,CAFE-03620,GST,5,22.87,83.0,34,Breads & Savory (Retail),1905,8909156630363
Cake Rusk - 300g Pack,CAFE-03621,GST,5,64.0,143.0,43,Breads & Savory (Retail),1905,8904435250191
Gourmet Mocha Frappe - Regular,CAFE-03622,GST,5,105.13,235.0,14,Prepared Beverages (Cafe Service),9963,8906967781341
Freshly Baked Oatmeal & Raisin Cookies - 250g Box,CAFE-03623,GST,18,109.8,296.0,42,Packaged Biscuits & Cookies,1905,8904915350904
Suji Rusk - 400g Pack,CAFE-03624,GST,5,22.53,88.0,39,Breads & Savory (Retail),1905,8903929465132
Artisan Cappuccino - Regular,CAFE-03625,GST,5,52.66,178.0,5,Prepared Beverages (Cafe Service),9963,8902643847098
Artisan Chocolate Truffle Cake - 2kg,CAFE-03626,GST,18,729.02,2824.0,5,Fresh Pastries & Cakes,1905,8906339236259
Multigrain Bread - 400g Pack,CAFE-03627,GST,5,23.25,84.0,22,Breads & Savory (Retail),1905,8909249128300
Deluxe Cafe Latte - Regular,CAFE-03628,GST,5,68.57,177.0,7,Prepared Beverages (Cafe Service),9963,8904516791776
Handcrafted Vanilla Cupcake - 1 Pc,CAFE-03629,GST,18,36.96,87.0,17,Fresh Pastries & Cakes,1905,8902923359133
House Special Choco Chip Cookies - 250g Box,CAFE-03630,GST,18,71.88,214.0,60,Packaged Biscuits & Cookies,1905,8908724504094
Handcrafted Blueberry Cheesecake Slice - 1 Slice,CAFE-03631,GST,18,55.15,204.0,19,Fresh Pastries & Cakes,1905,8902898218244
Premium Mango Smoothie - Regular,CAFE-03632,GST,5,74.42,214.0,17,Prepared Beverages (Cafe Service),9963,8900386473223
Multigrain Bread - 400g Pack,CAFE-03633,GST,5,36.33,93.0,50,Breads & Savory (Retail),1905,8903681254145
Pav Buns - Pack of 6,CAFE-03634,GST,5,45.18,100.0,31,Breads & Savory (Retail),1905,8907417643441
Mango Mousse Cup - Standard,CAFE-03635,GST,18,42.07,148.0,14,Fresh Pastries & Cakes,1905,8905253293244
Freshly Baked Almond Biscotti - 200g Box,CAFE-03636,GST,18,148.32,358.0,52,Packaged Biscuits & Cookies,1905,8905508977547
Whole Wheat Bread - 400g Pack,CAFE-03637,GST,5,18.18,54.0,26,Breads & Savory (Retail),1905,8905016220437
Cappuccino - Large,CAFE-03638,GST,5,118.01,376.0,17,Prepared Beverages (Cafe Service),9963,8902484926152
House Special Egg & Cheese Croissant - Standard,CAFE-03639,GST,5,84.66,270.0,3,Prepared Snacks & Sandwiches (Cafe Service),9963,8908082078098
Artisan Paneer Tikka Wrap - Standard,CAFE-03640,GST,5,79.33,193.0,7,Prepared Snacks & Sandwiches (Cafe Service),9963,8901094235479
Classic Red Velvet Cake - 500g,CAFE-03641,GST,18,276.28,995.0,6,Fresh Pastries & Cakes,1905,8909902510022
House Special Mango Smoothie - Regular,CAFE-03642,GST,5,74.92,242.0,20,Prepared Beverages (Cafe Service),9963,8908835943260
Multigrain Bread - 400g Pack,CAFE-03643,GST,5,33.06,73.0,56,Breads & Savory (Retail),1905,8907700378171
Deluxe Butter Cookies - 500g Box,CAFE-03644,GST,18,118.37,323.0,15,Packaged Biscuits & Cookies,1905,8908889592085
Classic Mango Mousse Cup - Standard,CAFE-03645,GST,18,37.62,141.0,15,Fresh Pastries & Cakes,1905,8906009997494
Premium Pineapple Pastry - 2 Slices,CAFE-03646,GST,18,56.02,182.0,3,Fresh Pastries & Cakes,1905,8903648737259
Classic Assorted Truffles - Box of 6,CAFE-03647,GST,18,138.42,448.0,47,Chocolates & Confectionery,1806,8904834329786
House Special Hazelnut Pralines - Box of 9,CAFE-03648,GST,18,140.57,547.0,57,Chocolates & Confectionery,1806,8902959957194
Artisan Peach Iced Tea - Regular,CAFE-03649,GST,5,70.37,166.0,4,Prepared Beverages (Cafe Service),9963,8900353363592
Signature Chocolate Brownie - 1 Pc,CAFE-03650,GST,18,34.92,137.0,4,Fresh Pastries & Cakes,1905,8905588663143
Gourmet Cheese Croissant - 1 Pc,CAFE-03651,GST,5,52.89,149.0,6,Prepared Snacks & Sandwiches (Cafe Service),9963,8901188959491
House Special Paneer Tikka Wrap - Standard,CAFE-03652,GST,5,70.6,198.0,17,Prepared Snacks & Sandwiches (Cafe Service),9963,8903366648143
Freshly Baked Red Velvet Cake - 1kg,CAFE-03653,GST,18,433.71,1551.0,2,Fresh Pastries & Cakes,1905,8901980110638
Multigrain Bread - 400g Pack,CAFE-03654,GST,5,26.97,78.0,31,Breads & Savory (Retail),1905,8909518981978
Premium Milk Chocolate Bar - 100g Bar,CAFE-03655,GST,18,72.94,239.0,37,Chocolates & Confectionery,1806,8904369803459
Artisan Milk Chocolate Bar - 100g Bar,CAFE-03656,GST,18,87.81,238.0,32,Chocolates & Confectionery,1806,8900809100695
Mango Smoothie - Regular,CAFE-03657,GST,5,86.14,223.0,8,Prepared Beverages (Cafe Service),9963,8901679266403
House Special Assorted Truffles - Box of 12,CAFE-03658,GST,18,227.06,730.0,51,Chocolates & Confectionery,1806,8909064081067
Handcrafted Black Forest Pastry - 1 Slice,CAFE-03659,GST,18,45.37,130.0,2,Fresh Pastries & Cakes,1905,8905920865374
House Special Aloo Puff / Patties - 2 Pcs,CAFE-03660,GST,5,17.63,45.0,8,Prepared Snacks & Sandwiches (Cafe Service),9963,8901856654934
Classic Mango Smoothie - Regular,CAFE-03661,GST,5,80.65,237.0,19,Prepared Beverages (Cafe Service),9963,8908107863201
Signature Cheese Croissant - 1 Pc,CAFE-03662,GST,5,43.55,145.0,18,Prepared Snacks & Sandwiches (Cafe Service),9963,8901762325588
Classic Pineapple Pastry - 1 Slice,CAFE-03663,GST,18,36.91,112.0,5,Fresh Pastries & Cakes,1905,8905180784424
Artisan Peach Iced Tea - Large,CAFE-03664,GST,5,70.11,264.0,6,Prepared Beverages (Cafe Service),9963,8905976571254
Handcrafted Oatmeal & Raisin Cookies - 250g Box,CAFE-03665,GST,18,67.66,268.0,37,Packaged Biscuits & Cookies,1905,8901961499014
Freshly Baked Black Forest Pastry - 2 Slices,CAFE-03666,GST,18,93.02,255.0,20,Fresh Pastries & Cakes,1905,8906252165389
Handcrafted Hot Chocolate - Regular,CAFE-03667,GST,5,88.54,257.0,14,Prepared Beverages (Cafe Service),9963,8907524420315
Gourmet Peach Iced Tea - Regular,CAFE-03668,GST,5,66.55,188.0,19,Prepared Beverages (Cafe Service),9963,8901124507783
Artisan Hot Chocolate - With Marshmallows,CAFE-03669,GST,5,73.12,243.0,18,Prepared Beverages (Cafe Service),9963,8900192271662
Garlic Bread Loaf - 1 Pc,CAFE-03670,GST,5,58.58,129.0,44,Breads & Savory (Retail),1905,8907265581326
Freshly Baked Red Velvet Cake - 1kg,CAFE-03671,GST,18,548.15,2020.0,2,Fresh Pastries & Cakes,1905,8901823320025
Freshly Baked Dark Chocolate Bar (70%) - 100g Bar,CAFE-03672,GST,18,76.23,287.0,40,Chocolates & Confectionery,1806,8907407185331
Freshly Baked Mango Mousse Cup - Standard,CAFE-03673,GST,18,63.95,166.0,15,Fresh Pastries & Cakes,1905,8902875318483
Cake Rusk - 300g Pack,CAFE-03674,GST,5,46.8,132.0,60,Breads & Savory (Retail),1905,8909645871663
Artisan Fruit & Nut Chocolate - 100g Bar,CAFE-03675,GST,18,110.31,269.0,21,Chocolates & Confectionery,1806,8906880701821
Handcrafted Milk Chocolate Bar - 100g Bar,CAFE-03676,GST,18,53.52,196.0,58,Chocolates & Confectionery,1806,8901251218833
Handcrafted Butter Cookies - 250g Box,CAFE-03677,GST,18,82.82,193.0,34,Packaged Biscuits & Cookies,1905,8904557669625
Cake Rusk - 300g Pack,CAFE-03678,GST,5,53.69,130.0,23,Breads & Savory (Retail),1905,8900345741756
Signature Nankhatai - 250g Box,CAFE-03679,GST,18,84.02,192.0,23,Packaged Biscuits & Cookies,1905,8902422371664
Garlic Bread Loaf - 1 Pc,CAFE-03680,GST,5,35.25,129.0,54,Breads & Savory (Retail),1905,8909721115292
Artisan Espresso - Single Shot,CAFE-03681,GST,5,40.35,123.0,10,Prepared Beverages (Cafe Service),9963,8902011731010
Freshly Baked Chicken Tikka Sandwich - Standard,CAFE-03682,GST,5,93.59,214.0,12,Prepared Snacks & Sandwiches (Cafe Service),9963,8902049566865
Deluxe Black Forest Pastry - 1 Slice,CAFE-03683,GST,18,48.51,138.0,17,Fresh Pastries & Cakes,1905,8902278392902
Freshly Baked Choco Chip Cookies - 250g Box,CAFE-03684,GST,18,67.95,216.0,16,Packaged Biscuits & Cookies,1905,8907696577654
Suji Rusk - 400g Pack,CAFE-03685,GST,5,36.07,96.0,30,Breads & Savory (Retail),1905,8901245347491
Deluxe Vanilla Cupcake - 1 Pc,CAFE-03686,GST,18,21.36,78.0,19,Fresh Pastries & Cakes,1905,8901822234494
Deluxe Jeera Biscuits - 500g Box,CAFE-03687,GST,18,94.39,268.0,57,Packaged Biscuits & Cookies,1905,8906944514215
Cafe Latte - Iced,CAFE-03688,GST,5,72.18,176.0,3,Prepared Beverages (Cafe Service),9963,8907133914382
Gourmet Green Tea - Pot,CAFE-03689,GST,5,51.69,185.0,8,Prepared Beverages (Cafe Service),9963,8909554525913
Gourmet Cafe Latte - Regular,CAFE-03690,GST,5,72.13,216.0,8,Prepared Beverages (Cafe Service),9963,8900978039934
Classic Mango Smoothie - Regular,CAFE-03691,GST,5,62.7,192.0,8,Prepared Beverages (Cafe Service),9963,8909191938289
Artisan Red Velvet Cake - 1kg,CAFE-03692,GST,18,531.87,1766.0,11,Fresh Pastries & Cakes,1905,8908550506815
Gourmet Pineapple Pastry - 2 Slices,CAFE-03693,GST,18,42.84,169.0,12,Fresh Pastries & Cakes,1905,8906621762724
Whole Wheat Bread - 400g Pack,CAFE-03694,GST,5,23.83,70.0,37,Breads & Savory (Retail),1905,8901499753014
Signature Jeera Biscuits - 250g Box,CAFE-03695,GST,18,57.22,159.0,33,Packaged Biscuits & Cookies,1905,8905012221988
Signature Nankhatai - 250g Box,CAFE-03696,GST,18,37.47,148.0,37,Packaged Biscuits & Cookies,1905,8909308989309
Classic Dark Chocolate Bar (70%) - 100g Bar,CAFE-03697,GST,18,111.34,278.0,34,Chocolates & Confectionery,1806,8901766970683
Deluxe Fruit & Nut Chocolate - 100g Bar,CAFE-03698,GST,18,76.58,266.0,43,Chocolates & Confectionery,1806,8904000977354
House Special Chicken Puff - 1 Pc,CAFE-03699,GST,5,26.86,88.0,20,Prepared Snacks & Sandwiches (Cafe Service),9963,8900121355301
Suji Rusk - 400g Pack,CAFE-03700,GST,5,38.71,99.0,31,Breads & Savory (Retail),1905,8906693706756
Signature Oatmeal & Raisin Cookies - 250g Box,CAFE-03701,GST,18,101.41,272.0,26,Packaged Biscuits & Cookies,1905,8902119457205
Classic Oatmeal & Raisin Cookies - 250g Box,CAFE-03702,GST,18,63.68,233.0,56,Packaged Biscuits & Cookies,1905,8908555026945
Gourmet Mango Mousse Cup - Standard,CAFE-03703,GST,18,55.11,137.0,19,Fresh Pastries & Cakes,1905,8908499392886
Premium Mango Smoothie - Regular,CAFE-03704,GST,5,57.21,191.0,12,Prepared Beverages (Cafe Service),9963,8902854430523
Freshly Baked Hazelnut Pralines - Box of 9,CAFE-03705,GST,18,178.33,638.0,42,Chocolates & Confectionery,1806,8903707274200
Classic Milk Chocolate Bar - 100g Bar,CAFE-03706,GST,18,80.25,219.0,15,Chocolates & Confectionery,1806,8907993977881
Blueberry Cheesecake Slice - 1 Slice,CAFE-03707,GST,18,72.53,205.0,2,Fresh Pastries & Cakes,1905,8905424878404
Premium Blueberry Cheesecake Slice - 1 Slice,CAFE-03708,GST,18,62.8,215.0,18,Fresh Pastries & Cakes,1905,8907795156992
Whole Wheat Bread - 400g Pack,CAFE-03709,GST,5,20.01,65.0,55,Breads & Savory (Retail),1905,8901688404763
Premium Milk Bread - 400g Pack,CAFE-03710,GST,5,17.41,57.0,34,Breads & Savory (Retail),1905,8901592842767
Gourmet Cold Coffee Classic - Regular,CAFE-03711,GST,5,47.2,170.0,10,Prepared Beverages (Cafe Service),9963,8906678563716
Premium Choco Chip Cookies - 500g Box,CAFE-03712,GST,18,125.05,434.0,21,Packaged Biscuits & Cookies,1905,8906859524171
Freshly Baked Mango Smoothie - Regular,CAFE-03713,GST,5,88.17,220.0,15,Prepared Beverages (Cafe Service),9963,8903432510110
Garlic Bread Loaf - 1 Pc,CAFE-03714,GST,5,32.85,118.0,32,Breads & Savory (Retail),1905,8901011201747
House Special Almond Biscotti - 200g Box,CAFE-03715,GST,18,109.82,354.0,21,Packaged Biscuits & Cookies,1905,8909423802124
Freshly Baked Almond Biscotti - 200g Box,CAFE-03716,GST,18,120.91,370.0,15,Packaged Biscuits & Cookies,1905,8908070927857
Gourmet Almond Biscotti - 200g Box,CAFE-03717,GST,18,142.32,355.0,32,Packaged Biscuits & Cookies,1905,8902470269154
Green Tea - Pot,CAFE-03718,GST,5,55.71,215.0,2,Prepared Beverages (Cafe Service),9963,8907297223187
Signature Vanilla Cupcake - Box of 6,CAFE-03719,GST,18,19.48,77.0,10,Fresh Pastries & Cakes,1905,8905397508290
Gourmet Dark Chocolate Bar (70%) - 100g Bar,CAFE-03720,GST,18,84.98,278.0,17,Chocolates & Confectionery,1806,8902844027836
Deluxe Dark Chocolate Bar (70%) - 100g Bar,CAFE-03721,GST,18,85.35,298.0,32,Chocolates & Confectionery,1806,8909414790447
Signature Butter Cookies - 500g Box,CAFE-03722,GST,18,113.49,379.0,25,Packaged Biscuits & Cookies,1905,8906060823820
Classic Assorted Truffles - Box of 6,CAFE-03723,GST,18,153.22,485.0,41,Chocolates & Confectionery,1806,8907824655309
Multigrain Bread - 400g Pack,CAFE-03724,GST,5,24.0,75.0,21,Breads & Savory (Retail),1905,8906903583223
Pav Buns - Pack of 6,CAFE-03725,GST,5,40.43,99.0,19,Breads & Savory (Retail),1905,8906083881489
Deluxe Fruit & Nut Chocolate - 100g Bar,CAFE-03726,GST,18,132.39,331.0,57,Chocolates & Confectionery,1806,8902332284661
Artisan Cheese Croissant - 1 Pc,CAFE-03727,GST,5,70.92,168.0,18,Prepared Snacks & Sandwiches (Cafe Service),9963,8906321337521
Freshly Baked Oatmeal & Raisin Cookies - 250g Box,CAFE-03728,GST,18,100.16,244.0,45,Packaged Biscuits & Cookies,1905,8900048997442
Suji Rusk - 400g Pack,CAFE-03729,GST,5,26.58,82.0,47,Breads & Savory (Retail),1905,8905083743200
Artisan Espresso - Single Shot,CAFE-03730,GST,5,43.4,131.0,9,Prepared Beverages (Cafe Service),9963,8906675859877
Signature Mango Mousse Cup - Standard,CAFE-03731,GST,18,51.82,145.0,9,Fresh Pastries & Cakes,1905,8908379023894
Gourmet Assorted Truffles - Box of 12,CAFE-03732,GST,18,320.84,873.0,44,Chocolates & Confectionery,1806,8906192781207
Freshly Baked Chicken Puff - 1 Pc,CAFE-03733,GST,5,22.47,85.0,13,Prepared Snacks & Sandwiches (Cafe Service),9963,8902242756173
Premium Cafe Latte - Regular,CAFE-03734,GST,5,56.44,198.0,2,Prepared Beverages (Cafe Service),9963,8901175556774
Premium Hot Chocolate - With Marshmallows,CAFE-03735,GST,5,68.05,201.0,11,Prepared Beverages (Cafe Service),9963,8904499890716
Signature Peach Iced Tea - Regular,CAFE-03736,GST,5,58.04,145.0,11,Prepared Beverages (Cafe Service),9963,8909230083341
House Special Cheese Croissant - 1 Pc,CAFE-03737,GST,5,49.14,178.0,2,Prepared Snacks & Sandwiches (Cafe Service),9963,8903930380354
Whole Wheat Bread - 400g Pack,CAFE-03738,GST,5,27.95,67.0,60,Breads & Savory (Retail),1905,8909504888198
Signature Mocha Frappe - Large,CAFE-03739,GST,5,161.55,407.0,20,Prepared Beverages (Cafe Service),9963,8902780992839
Chicken Puff - 1 Pc,CAFE-03740,GST,5,32.6,74.0,7,Prepared Snacks & Sandwiches (Cafe Service),9963,8900467863038
Premium Vanilla Cupcake - Box of 6,CAFE-03741,GST,18,26.42,94.0,19,Fresh Pastries & Cakes,1905,8906707698644
Premium Nankhatai - 250g Box,CAFE-03742,GST,18,72.42,170.0,21,Packaged Biscuits & Cookies,1905,8905427255730
Deluxe Assorted Truffles - Box of 6,CAFE-03743,GST,18,168.13,472.0,34,Chocolates & Confectionery,1806,8902302272752
Handcrafted Mango Mousse Cup - Standard,CAFE-03744,GST,18,48.39,170.0,6,Fresh Pastries & Cakes,1905,8903114341663
Handcrafted Paneer Tikka Wrap - Standard,CAFE-03745,GST,5,65.09,186.0,20,Prepared Snacks & Sandwiches (Cafe Service),9963,8907277719846
Freshly Baked Mango Mousse Cup - Standard,CAFE-03746,GST,18,46.19,178.0,12,Fresh Pastries & Cakes,1905,8907409683486
Premium Fruit & Nut Chocolate - 100g Bar,CAFE-03747,GST,18,105.78,288.0,40,Chocolates & Confectionery,1806,8902929177360
Deluxe Choco Chip Cookies - 250g Box,CAFE-03748,GST,18,109.61,258.0,15,Packaged Biscuits & Cookies,1905,8900077831826
Pav Buns - Pack of 6,CAFE-03749,GST,5,35.15,108.0,18,Breads & Savory (Retail),1905,8903225081933
Handcrafted Paneer Tikka Wrap - Standard,CAFE-03750,GST,5,80.68,215.0,11,Prepared Snacks & Sandwiches (Cafe Service),9963,8905454472787
Freshly Baked Fruit & Nut Chocolate - 100g Bar,CAFE-03751,GST,18,92.36,276.0,58,Chocolates & Confectionery,1806,8907174066867
Artisan Aloo Puff / Patties - 1 Pc,CAFE-03752,GST,5,15.3,44.0,8,Prepared Snacks & Sandwiches (Cafe Service),9963,8907698237618
Suji Rusk - 400g Pack,CAFE-03753,GST,5,30.65,96.0,46,Breads & Savory (Retail),1905,8909091281212
Deluxe Hot Chocolate - With Marshmallows,CAFE-03754,GST,5,68.75,205.0,4,Prepared Beverages (Cafe Service),9963,8900262251933
Deluxe Jeera Biscuits - 250g Box,CAFE-03755,GST,18,63.9,174.0,46,Packaged Biscuits & Cookies,1905,8902828401252
Signature Black Forest Pastry - 2 Slices,CAFE-03756,GST,18,64.12,206.0,4,Fresh Pastries & Cakes,1905,8908281247966
Artisan Peach Iced Tea - Regular,CAFE-03757,GST,5,64.41,153.0,7,Prepared Beverages (Cafe Service),9963,8909409937513
Deluxe Green Tea - Pot,CAFE-03758,GST,5,52.46,185.0,5,Prepared Beverages (Cafe Service),9963,8909679918451
Deluxe Paneer Tikka Wrap - Standard,CAFE-03759,GST,5,74.74,201.0,15,Prepared Snacks & Sandwiches (Cafe Service),9963,8905385194056
Aloo Puff / Patties - 2 Pcs,CAFE-03760,GST,5,13.34,46.0,3,Prepared Snacks & Sandwiches (Cafe Service),9963,8901075287997
Multigrain Bread - 400g Pack,CAFE-03761,GST,5,26.88,91.0,35,Breads & Savory (Retail),1905,8900225931227
Suji Rusk - 400g Pack,CAFE-03762,GST,5,30.69,99.0,38,Breads & Savory (Retail),1905,8905030795825
Handcrafted Jeera Biscuits - 500g Box,CAFE-03763,GST,18,76.95,255.0,43,Packaged Biscuits & Cookies,1905,8907839075163
Gourmet Veg Grilled Sandwich - Cheese Burst,CAFE-03764,GST,5,40.18,143.0,11,Prepared Snacks & Sandwiches (Cafe Service),9963,8900990737229
Gourmet Assorted Truffles - Box of 12,CAFE-03765,GST,18,357.43,796.0,40,Chocolates & Confectionery,1806,8901454402919
Artisan Jeera Biscuits - 500g Box,CAFE-03766,GST,18,106.65,297.0,48,Packaged Biscuits & Cookies,1905,8904841492283
Artisan Almond Biscotti - 200g Box,CAFE-03767,GST,18,145.74,356.0,52,Packaged Biscuits & Cookies,1905,8903511748636
House Special Egg & Cheese Croissant - Standard,CAFE-03768,GST,5,87.78,255.0,3,Prepared Snacks & Sandwiches (Cafe Service),9963,8907043517593
Gourmet Chocolate Brownie - 1 Pc,CAFE-03769,GST,18,71.19,165.0,3,Fresh Pastries & Cakes,1905,8908456314796
House Special Chocolate Truffle Cake - 1kg,CAFE-03770,GST,18,416.59,1318.0,17,Fresh Pastries & Cakes,1905,8905585379978
Gourmet Chicken Tikka Sandwich - Standard,CAFE-03771,GST,5,97.03,221.0,14,Prepared Snacks & Sandwiches (Cafe Service),9963,8905119888744
Classic Hazelnut Pralines - Box of 9,CAFE-03772,GST,18,151.81,509.0,47,Chocolates & Confectionery,1806,8905457477060
Deluxe Paneer Puff - 1 Pc,CAFE-03773,GST,5,19.67,67.0,11,Prepared Snacks & Sandwiches (Cafe Service),9963,8908564327541
House Special Mango Mousse Cup - Standard,CAFE-03774,GST,18,47.07,142.0,4,Fresh Pastries & Cakes,1905,8905626699818
Handcrafted Mango Mousse Cup - Standard,CAFE-03775,GST,18,54.94,179.0,2,Fresh Pastries & Cakes,1905,8900854631646
Gourmet Vanilla Cupcake - Box of 6,CAFE-03776,GST,18,27.06,87.0,8,Fresh Pastries & Cakes,1905,8902375583883
Premium Dark Chocolate Bar (70%) - 100g Bar,CAFE-03777,GST,18,92.52,245.0,24,Chocolates & Confectionery,1806,8905485928206
Signature Green Tea - Pot,CAFE-03778,GST,5,58.81,194.0,4,Prepared Beverages (Cafe Service),9963,8900900281000
Multigrain Bread - 400g Pack,CAFE-03779,GST,5,34.72,82.0,50,Breads & Savory (Retail),1905,8900886449916
Pav Buns - Pack of 6,CAFE-03780,GST,5,40.55,100.0,53,Breads & Savory (Retail),1905,8904250122915
Suji Rusk - 400g Pack,CAFE-03781,GST,5,27.66,90.0,25,Breads & Savory (Retail),1905,8907197661624
Garlic Bread Loaf - 1 Pc,CAFE-03782,GST,5,27.2,100.0,18,Breads & Savory (Retail),1905,8907017744608
Pizza Base - Pack of 4,CAFE-03783,GST,5,39.32,121.0,35,Breads & Savory (Retail),1905,8900783123315
Dark Chocolate Bar (70%) - 100g Bar,CAFE-03784,GST,18,104.32,262.0,46,Chocolates & Confectionery,1806,8904103751416
Gourmet Nankhatai - 250g Box,CAFE-03785,GST,18,52.16,169.0,26,Packaged Biscuits & Cookies,1905,8903973278602
Signature Aloo Puff / Patties - 2 Pcs,CAFE-03786,GST,5,16.44,47.0,13,Prepared Snacks & Sandwiches (Cafe Service),9963,8900121991499
Signature Choco Chip Cookies - 500g Box,CAFE-03787,GST,18,164.62,462.0,38,Packaged Biscuits & Cookies,1905,8903019654970
Freshly Baked Nankhatai - 250g Box,CAFE-03788,GST,18,47.46,161.0,51,Packaged Biscuits & Cookies,1905,8901452102038
Handcrafted Cheese Croissant - 1 Pc,CAFE-03789,GST,5,39.65,147.0,15,Prepared Snacks & Sandwiches (Cafe Service),9963,8900421210046
House Special Cheese Croissant - 1 Pc,CAFE-03790,GST,5,66.44,151.0,3,Prepared Snacks & Sandwiches (Cafe Service),9963,8908486542556
Classic Fruit & Nut Chocolate - 100g Bar,CAFE-03791,GST,18,80.64,267.0,56,Chocolates & Confectionery,1806,8905441710567
Multigrain Bread - 400g Pack,CAFE-03792,GST,5,24.3,90.0,44,Breads & Savory (Retail),1905,8900648723583
Handcrafted Paneer Puff - 1 Pc,CAFE-03793,GST,5,20.93,70.0,3,Prepared Snacks & Sandwiches (Cafe Service),9963,8904770048307
Signature Cafe Latte - Large,CAFE-03794,GST,5,139.58,398.0,8,Prepared Beverages (Cafe Service),9963,8908274383262
Suji Rusk - 400g Pack,CAFE-03795,GST,5,40.78,105.0,48,Breads & Savory (Retail),1905,8903732301464
Artisan Peach Iced Tea - Large,CAFE-03796,GST,5,122.11,281.0,12,Prepared Beverages (Cafe Service),9963,8904185203971
Freshly Baked Pineapple Pastry - 1 Slice,CAFE-03797,GST,18,43.64,113.0,3,Fresh Pastries & Cakes,1905,8905098099340
Artisan Fruit & Nut Chocolate - 100g Bar,CAFE-03798,GST,18,81.53,257.0,45,Chocolates & Confectionery,1806,8906848655842
Suji Rusk - 400g Pack,CAFE-03799,GST,5,29.61,93.0,44,Breads & Savory (Retail),1905,8905564429277
Butter Cookies - 250g Box,CAFE-03800,GST,18,47.44,173.0,23,Packaged Biscuits & Cookies,1905,8906749422216
Classic Espresso - Double Shot,CAFE-03801,GST,5,57.09,207.0,10,Prepared Beverages (Cafe Service),9963,8909871420357
Premium Peach Iced Tea - Regular,CAFE-03802,GST,5,66.34,152.0,20,Prepared Beverages (Cafe Service),9963,8903863623175
Signature Milk Chocolate Bar - 100g Bar,CAFE-03803,GST,18,87.49,224.0,34,Chocolates & Confectionery,1806,8907763065858
Pav Buns - Pack of 6,CAFE-03804,GST,5,27.06,99.0,39,Breads & Savory (Retail),1905,8909915897303
Deluxe Hazelnut Pralines - Box of 9,CAFE-03805,GST,18,168.33,649.0,57,Chocolates & Confectionery,1806,8904298368761
House Special Veg Grilled Sandwich - Cheese Burst,CAFE-03806,GST,5,46.7,136.0,5,Prepared Snacks & Sandwiches (Cafe Service),9963,8905551074981
Premium Chicken Puff - 1 Pc,CAFE-03807,GST,5,23.13,74.0,2,Prepared Snacks & Sandwiches (Cafe Service),9963,8901718729701
Deluxe Dark Chocolate Bar (70%) - 100g Bar,CAFE-03808,GST,18,99.98,241.0,40,Chocolates & Confectionery,1806,8902420605116
Cheese Croissant - 1 Pc,CAFE-03809,GST,5,54.14,145.0,12,Prepared Snacks & Sandwiches (Cafe Service),9963,8902682194719
Signature Assorted Truffles - Box of 6,CAFE-03810,GST,18,123.3,428.0,17,Chocolates & Confectionery,1806,8907325759212
Premium Milk Bread - 400g Pack,CAFE-03811,GST,5,16.49,53.0,55,Breads & Savory (Retail),1905,8900564317210
Signature Milk Chocolate Bar - 100g Bar,CAFE-03812,GST,18,97.41,226.0,19,Chocolates & Confectionery,1806,8908670198783
Freshly Baked Butter Cookies - 500g Box,CAFE-03813,GST,18,133.64,381.0,27,Packaged Biscuits & Cookies,1905,8901813125470
Freshly Baked Cheese Croissant - 1 Pc,CAFE-03814,GST,5,70.1,184.0,2,Prepared Snacks & Sandwiches (Cafe Service),9963,8905407647186
Signature Dark Chocolate Bar (70%) - 100g Bar,CAFE-03815,GST,18,74.38,256.0,27,Chocolates & Confectionery,1806,8901453948072
Freshly Baked Chocolate Brownie - Fudge,CAFE-03816,GST,18,55.59,157.0,18,Fresh Pastries & Cakes,1905,8904584022277
Premium Espresso - Single Shot,CAFE-03817,GST,5,55.7,128.0,15,Prepared Beverages (Cafe Service),9963,8907252793444
Gourmet Butter Cookies - 250g Box,CAFE-03818,GST,18,68.01,186.0,24,Packaged Biscuits & Cookies,1905,8901083063443
Artisan Hazelnut Pralines - Box of 9,CAFE-03819,GST,18,194.01,608.0,25,Chocolates & Confectionery,1806,8905754237353
Classic Milk Chocolate Bar - 100g Bar,CAFE-03820,GST,18,60.14,239.0,41,Chocolates & Confectionery,1806,8908983225350
Multigrain Bread - 400g Pack,CAFE-03821,GST,5,26.79,78.0,52,Breads & Savory (Retail),1905,8900338471370
Handcrafted Nankhatai - 250g Box,CAFE-03822,GST,18,72.98,179.0,26,Packaged Biscuits & Cookies,1905,8901200402342
Deluxe Red Velvet Cake - 500g,CAFE-03823,GST,18,384.19,991.0,11,Fresh Pastries & Cakes,1905,8905350021563
Gourmet Egg & Cheese Croissant - Standard,CAFE-03824,GST,5,90.99,246.0,8,Prepared Snacks & Sandwiches (Cafe Service),9963,8906586949199
Premium Mango Smoothie - Regular,CAFE-03825,GST,5,69.59,242.0,11,Prepared Beverages (Cafe Service),9963,8904553296773
Classic Mocha Frappe - Large,CAFE-03826,GST,5,194.51,459.0,19,Prepared Beverages (Cafe Service),9963,8908616663342
Premium Veg Grilled Sandwich - Standard,CAFE-03827,GST,5,42.65,150.0,14,Prepared Snacks & Sandwiches (Cafe Service),9963,8908249770549
Artisan Pineapple Pastry - 2 Slices,CAFE-03828,GST,18,71.68,213.0,10,Fresh Pastries & Cakes,1905,8907651267490
House Special Mocha Frappe - Regular,CAFE-03829,GST,5,71.38,223.0,10,Prepared Beverages (Cafe Service),9963,8905629334956
Deluxe Butter Cookies - 500g Box,CAFE-03830,GST,18,88.5,307.0,28,Packaged Biscuits & Cookies,1905,8900947605967
Premium Mocha Frappe - Large,CAFE-03831,GST,5,127.79,411.0,19,Prepared Beverages (Cafe Service),9963,8903344146796
House Special Egg & Cheese Croissant - Standard,CAFE-03832,GST,5,70.86,264.0,5,Prepared Snacks & Sandwiches (Cafe Service),9963,8904937352908
Whole Wheat Bread - 400g Pack,CAFE-03833,GST,5,21.11,66.0,43,Breads & Savory (Retail),1905,8904478687320
Premium Cappuccino - Regular,CAFE-03834,GST,5,69.28,184.0,5,Prepared Beverages (Cafe Service),9963,8908269718701
Freshly Baked Choco Chip Cookies - 500g Box,CAFE-03835,GST,18,210.04,470.0,32,Packaged Biscuits & Cookies,1905,8901919994985
Handcrafted Assorted Truffles - Box of 6,CAFE-03836,GST,18,152.95,444.0,34,Chocolates & Confectionery,1806,8902274045122
Handcrafted Paneer Puff - 1 Pc,CAFE-03837,GST,5,22.85,55.0,9,Prepared Snacks & Sandwiches (Cafe Service),9963,8905743189100
Freshly Baked Almond Biscotti - 200g Box,CAFE-03838,GST,18,88.34,327.0,22,Packaged Biscuits & Cookies,1905,8902854997263
Deluxe Mango Mousse Cup - Standard,CAFE-03839,GST,18,43.17,138.0,15,Fresh Pastries & Cakes,1905,8907042957903
Gourmet Oatmeal & Raisin Cookies - 250g Box,CAFE-03840,GST,18,69.17,245.0,48,Packaged Biscuits & Cookies,1905,8902359848876
Freshly Baked Chicken Tikka Sandwich - Standard,CAFE-03841,GST,5,63.91,250.0,11,Prepared Snacks & Sandwiches (Cafe Service),9963,8901212349605
Artisan Egg & Cheese Croissant - Standard,CAFE-03842,GST,5,108.4,267.0,6,Prepared Snacks & Sandwiches (Cafe Service),9963,8903526436113
House Special Cheese Croissant - 1 Pc,CAFE-03843,GST,5,43.81,167.0,15,Prepared Snacks & Sandwiches (Cafe Service),9963,8902984754870
Freshly Baked Assorted Truffles - Box of 12,CAFE-03844,GST,18,309.28,829.0,51,Chocolates & Confectionery,1806,8909483856016
Deluxe Mango Smoothie - Regular,CAFE-03845,GST,5,83.88,247.0,16,Prepared Beverages (Cafe Service),9963,8908953249753
Signature Egg & Cheese Croissant - Standard,CAFE-03846,GST,5,67.56,262.0,20,Prepared Snacks & Sandwiches (Cafe Service),9963,8909326038615
Classic Hazelnut Pralines - Box of 9,CAFE-03847,GST,18,171.9,638.0,27,Chocolates & Confectionery,1806,8906837803717
Deluxe Vanilla Cupcake - Box of 4,CAFE-03848,GST,18,104.09,233.0,11,Fresh Pastries & Cakes,1905,8906120465456
Signature Jeera Biscuits - 500g Box,CAFE-03849,GST,18,84.26,299.0,28,Packaged Biscuits & Cookies,1905,8906381392223
Premium Blueberry Cheesecake Slice - 1 Slice,CAFE-03850,GST,18,65.46,202.0,20,Fresh Pastries & Cakes,1905,8908204879370
Signature Chocolate Truffle Cake - 500g,CAFE-03851,GST,18,266.2,800.0,20,Fresh Pastries & Cakes,1905,8903775901292
Artisan Paneer Tikka Wrap - Standard,CAFE-03852,GST,5,64.43,166.0,2,Prepared Snacks & Sandwiches (Cafe Service),9963,8904574085074
Signature Chicken Tikka Sandwich - Standard,CAFE-03853,GST,5,71.62,227.0,8,Prepared Snacks & Sandwiches (Cafe Service),9963,8906964938268
Whole Wheat Bread - 400g Pack,CAFE-03854,GST,5,24.16,54.0,58,Breads & Savory (Retail),1905,8903383367361
Freshly Baked Almond Biscotti - 200g Box,CAFE-03855,GST,18,114.08,336.0,53,Packaged Biscuits & Cookies,1905,8904561581811
Vanilla Cupcake - Box of 6,CAFE-03856,GST,18,25.36,86.0,6,Fresh Pastries & Cakes,1905,8909223197895
Classic Fruit & Nut Chocolate - 100g Bar,CAFE-03857,GST,18,66.81,256.0,17,Chocolates & Confectionery,1806,8908981072322
Handcrafted Hazelnut Pralines - Box of 9,CAFE-03858,GST,18,159.54,581.0,20,Chocolates & Confectionery,1806,8909441088344
Signature Choco Chip Cookies - 500g Box,CAFE-03859,GST,18,169.01,414.0,53,Packaged Biscuits & Cookies,1905,8904178584770
Garlic Bread Loaf - 1 Pc,CAFE-03860,GST,5,47.61,121.0,18,Breads & Savory (Retail),1905,8909157191043
Fruit & Nut Chocolate - 100g Bar,CAFE-03861,GST,18,123.66,311.0,30,Chocolates & Confectionery,1806,8904102425059
Premium Hazelnut Pralines - Box of 9,CAFE-03862,GST,18,175.13,504.0,25,Chocolates & Confectionery,1806,8906844187768
Handcrafted Chicken Puff - 1 Pc,CAFE-03863,GST,5,28.14,94.0,16,Prepared Snacks & Sandwiches (Cafe Service),9963,8902962042975
Artisan Fruit & Nut Chocolate - 100g Bar,CAFE-03864,GST,18,96.53,332.0,34,Chocolates & Confectionery,1806,8901008259230
Premium Mocha Frappe - Regular,CAFE-03865,GST,5,78.04,250.0,12,Prepared Beverages (Cafe Service),9963,8901528800496
Gourmet Mango Mousse Cup - Standard,CAFE-03866,GST,18,55.71,160.0,3,Fresh Pastries & Cakes,1905,8908495170420
Artisan Jeera Biscuits - 250g Box,CAFE-03867,GST,18,47.4,175.0,50,Packaged Biscuits & Cookies,1905,8908752632284
Signature Butter Cookies - 250g Box,CAFE-03868,GST,18,71.61,199.0,56,Packaged Biscuits & Cookies,1905,8900210377002
Garlic Bread Loaf - 1 Pc,CAFE-03869,GST,5,37.21,104.0,16,Breads & Savory (Retail),1905,8906274157088
Multigrain Bread - 400g Pack,CAFE-03870,GST,5,27.04,78.0,34,Breads & Savory (Retail),1905,8903543491892
Handcrafted Oatmeal & Raisin Cookies - 250g Box,CAFE-03871,GST,18,83.04,280.0,55,Packaged Biscuits & Cookies,1905,8904333040305
House Special Chicken Tikka Sandwich - Standard,CAFE-03872,GST,5,58.13,231.0,9,Prepared Snacks & Sandwiches (Cafe Service),9963,8905062925809
Aloo Puff / Patties - 1 Pc,CAFE-03873,GST,5,12.29,44.0,9,Prepared Snacks & Sandwiches (Cafe Service),9963,8907333129386
Gourmet Milk Chocolate Bar - 100g Bar,CAFE-03874,GST,18,80.67,227.0,57,Chocolates & Confectionery,1806,8900220805384
Cafe Latte - Large,CAFE-03875,GST,5,133.99,346.0,7,Prepared Beverages (Cafe Service),9963,8904651835914
Artisan Cappuccino - Regular,CAFE-03876,GST,5,62.74,168.0,16,Prepared Beverages (Cafe Service),9963,8909834007716
Artisan Assorted Truffles - Box of 6,CAFE-03877,GST,18,131.85,481.0,29,Chocolates & Confectionery,1806,8901734996321
Signature Oatmeal & Raisin Cookies - 250g Box,CAFE-03878,GST,18,79.94,289.0,35,Packaged Biscuits & Cookies,1905,8903175286122
Artisan Butter Cookies - 250g Box,CAFE-03879,GST,18,52.27,169.0,46,Packaged Biscuits & Cookies,1905,8905818350022
Artisan Cheese Croissant - 1 Pc,CAFE-03880,GST,5,60.54,191.0,17,Prepared Snacks & Sandwiches (Cafe Service),9963,8905784235180
Freshly Baked Dark Chocolate Bar (70%) - 100g Bar,CAFE-03881,GST,18,71.46,239.0,52,Chocolates & Confectionery,1806,8902884163447
Cafe Latte - Large,CAFE-03882,GST,5,96.79,350.0,8,Prepared Beverages (Cafe Service),9963,8909205515704
Signature Almond Biscotti - 200g Box,CAFE-03883,GST,18,111.39,289.0,54,Packaged Biscuits & Cookies,1905,8904815988268
Signature Cold Coffee Classic - Large,CAFE-03884,GST,5,96.23,297.0,8,Prepared Beverages (Cafe Service),9963,8901402903008
Black Forest Pastry - 1 Slice,CAFE-03885,GST,18,46.08,111.0,11,Fresh Pastries & Cakes,1905,8900755978621
Deluxe Hot Chocolate - With Marshmallows,CAFE-03886,GST,5,61.84,218.0,11,Prepared Beverages (Cafe Service),9963,8903053447550
Deluxe Paneer Tikka Wrap - Standard,CAFE-03887,GST,5,50.85,170.0,19,Prepared Snacks & Sandwiches (Cafe Service),9963,8901613719588
Classic Chocolate Brownie - 1 Pc,CAFE-03888,GST,18,67.78,164.0,14,Fresh Pastries & Cakes,1905,8903554284686
Pav Buns - Pack of 6,CAFE-03889,GST,5,25.54,96.0,27,Breads & Savory (Retail),1905,8908322704943
Pav Buns - Pack of 6,CAFE-03890,GST,5,33.51,95.0,50,Breads & Savory (Retail),1905,8905924580233
Deluxe Black Forest Pastry - 1 Slice,CAFE-03891,GST,18,44.77,121.0,19,Fresh Pastries & Cakes,1905,8900514388273
Cold Coffee Classic - Regular,CAFE-03892,GST,5,53.81,182.0,17,Prepared Beverages (Cafe Service),9963,8901813240621
Premium Milk Chocolate Bar - 100g Bar,CAFE-03893,GST,18,68.5,194.0,43,Chocolates & Confectionery,1806,8903370255563
Freshly Baked Almond Biscotti - 200g Box,CAFE-03894,GST,18,79.07,299.0,37,Packaged Biscuits & Cookies,1905,8907718074922
Gourmet Dark Chocolate Bar (70%) - 100g Bar,CAFE-03895,GST,18,79.79,252.0,38,Chocolates & Confectionery,1806,8901419082745
House Special Hazelnut Pralines - Box of 9,CAFE-03896,GST,18,150.46,563.0,52,Chocolates & Confectionery,1806,8909250763373
House Special Cold Coffee Classic - Regular,CAFE-03897,GST,5,73.42,192.0,5,Prepared Beverages (Cafe Service),9963,8902146307009
Artisan Nankhatai - 250g Box,CAFE-03898,GST,18,43.47,156.0,49,Packaged Biscuits & Cookies,1905,8906323102655
Freshly Baked Cold Coffee Classic - Large,CAFE-03899,GST,5,102.87,338.0,14,Prepared Beverages (Cafe Service),9963,8906735216083
Deluxe Butter Cookies - 250g Box,CAFE-03900,GST,18,53.17,194.0,15,Packaged Biscuits & Cookies,1905,8909393496479
Suji Rusk - 400g Pack,CAFE-03901,GST,5,26.59,100.0,39,Breads & Savory (Retail),1905,8902154262671
Handcrafted Paneer Tikka Wrap - Standard,CAFE-03902,GST,5,64.07,165.0,4,Prepared Snacks & Sandwiches (Cafe Service),9963,8909166732217
Hazelnut Pralines - Box of 9,CAFE-03903,GST,18,233.13,541.0,31,Chocolates & Confectionery,1806,8907720453376
Gourmet Cheese Croissant - 1 Pc,CAFE-03904,GST,5,51.75,151.0,10,Prepared Snacks & Sandwiches (Cafe Service),9963,8903960630079
Signature Paneer Tikka Wrap - Standard,CAFE-03905,GST,5,53.49,197.0,19,Prepared Snacks & Sandwiches (Cafe Service),9963,8909178735639
Whole Wheat Bread - 400g Pack,CAFE-03906,GST,5,22.21,71.0,21,Breads & Savory (Retail),1905,8906269877351
Signature Mango Mousse Cup - Standard,CAFE-03907,GST,18,41.05,148.0,15,Fresh Pastries & Cakes,1905,8908500947947
Fruit & Nut Chocolate - 100g Bar,CAFE-03908,GST,18,80.82,272.0,56,Chocolates & Confectionery,1806,8901662908792
Signature Chicken Puff - 1 Pc,CAFE-03909,GST,5,23.23,88.0,17,Prepared Snacks & Sandwiches (Cafe Service),9963,8907639663527
Cake Rusk - 300g Pack,CAFE-03910,GST,5,52.73,159.0,38,Breads & Savory (Retail),1905,8900408413838
Premium Veg Grilled Sandwich - Standard,CAFE-03911,GST,5,40.53,156.0,19,Prepared Snacks & Sandwiches (Cafe Service),9963,8902079077988
Deluxe Hazelnut Pralines - Box of 9,CAFE-03912,GST,18,177.89,524.0,19,Chocolates & Confectionery,1806,8906640280280
Multigrain Bread - 400g Pack,CAFE-03913,GST,5,27.26,79.0,20,Breads & Savory (Retail),1905,8906517586662
Artisan Mocha Frappe - Large,CAFE-03914,GST,5,165.05,428.0,18,Prepared Beverages (Cafe Service),9963,8903392384099
Gourmet Assorted Truffles - Box of 6,CAFE-03915,GST,18,224.38,525.0,40,Chocolates & Confectionery,1806,8904985774273
Artisan Nankhatai - 250g Box,CAFE-03916,GST,18,51.69,177.0,44,Packaged Biscuits & Cookies,1905,8900547209264
Mocha Frappe - Regular,CAFE-03917,GST,5,93.83,284.0,10,Prepared Beverages (Cafe Service),9963,8907189166807
Whole Wheat Bread - 400g Pack,CAFE-03918,GST,5,18.43,71.0,51,Breads & Savory (Retail),1905,8907766002200
Freshly Baked Dark Chocolate Bar (70%) - 100g Bar,CAFE-03919,GST,18,109.23,283.0,25,Chocolates & Confectionery,1806,8902355220941
Pizza Base - Pack of 4,CAFE-03920,GST,5,32.47,108.0,24,Breads & Savory (Retail),1905,8900254094113
Freshly Baked Chicken Puff - 1 Pc,CAFE-03921,GST,5,28.64,80.0,12,Prepared Snacks & Sandwiches (Cafe Service),9963,8901765698364
Paneer Puff - 1 Pc,CAFE-03922,GST,5,26.21,66.0,6,Prepared Snacks & Sandwiches (Cafe Service),9963,8908975720314
Gourmet Dark Chocolate Bar (70%) - 100g Bar,CAFE-03923,GST,18,88.75,233.0,26,Chocolates & Confectionery,1806,8908858994709
Gourmet Fruit & Nut Chocolate - 100g Bar,CAFE-03924,GST,18,85.98,302.0,50,Chocolates & Confectionery,1806,8901892371044
Premium Veg Grilled Sandwich - Cheese Burst,CAFE-03925,GST,5,63.4,165.0,15,Prepared Snacks & Sandwiches (Cafe Service),9963,8904689068878
Signature Nankhatai - 250g Box,CAFE-03926,GST,18,70.44,173.0,44,Packaged Biscuits & Cookies,1905,8907905387518
Signature Fruit & Nut Chocolate - 100g Bar,CAFE-03927,GST,18,117.98,313.0,26,Chocolates & Confectionery,1806,8909703977338
Premium Black Forest Pastry - 2 Slices,CAFE-03928,GST,18,53.86,211.0,8,Fresh Pastries & Cakes,1905,8902694410423
Premium Milk Bread - 400g Pack,CAFE-03929,GST,5,21.01,60.0,39,Breads & Savory (Retail),1905,8902334878193
Premium Choco Chip Cookies - 250g Box,CAFE-03930,GST,18,86.0,257.0,33,Packaged Biscuits & Cookies,1905,8906757325141
Handcrafted Jeera Biscuits - 250g Box,CAFE-03931,GST,18,47.12,177.0,26,Packaged Biscuits & Cookies,1905,8904321979247
Handcrafted Hazelnut Pralines - Box of 9,CAFE-03932,GST,18,206.8,540.0,55,Chocolates & Confectionery,1806,8903005684172
Artisan Hot Chocolate - With Marshmallows,CAFE-03933,GST,5,60.45,224.0,17,Prepared Beverages (Cafe Service),9963,8905413263015
Chocolate Truffle Cake - 500g,CAFE-03934,GST,18,368.75,841.0,6,Fresh Pastries & Cakes,1905,8902133704503
Artisan Fruit & Nut Chocolate - 100g Bar,CAFE-03935,GST,18,88.69,294.0,27,Chocolates & Confectionery,1806,8900628734512
Paneer Puff - 1 Pc,CAFE-03936,GST,5,18.07,62.0,6,Prepared Snacks & Sandwiches (Cafe Service),9963,8908558679316
Deluxe Chocolate Truffle Cake - 1kg,CAFE-03937,GST,18,375.13,1480.0,11,Fresh Pastries & Cakes,1905,8908765612806
Classic Paneer Puff - 1 Pc,CAFE-03938,GST,5,29.29,70.0,12,Prepared Snacks & Sandwiches (Cafe Service),9963,8903161566785
Signature Cheese Croissant - 1 Pc,CAFE-03939,GST,5,65.3,157.0,6,Prepared Snacks & Sandwiches (Cafe Service),9963,8909288104238
Freshly Baked Milk Chocolate Bar - 100g Bar,CAFE-03940,GST,18,70.87,207.0,59,Chocolates & Confectionery,1806,8905450855488
Gourmet Nankhatai - 250g Box,CAFE-03941,GST,18,62.53,172.0,52,Packaged Biscuits & Cookies,1905,8908788899949
Freshly Baked Fruit & Nut Chocolate - 100g Bar,CAFE-03942,GST,18,110.92,323.0,24,Chocolates & Confectionery,1806,8906909594052
Artisan Black Forest Pastry - 1 Slice,CAFE-03943,GST,18,44.27,137.0,17,Fresh Pastries & Cakes,1905,8903088153029
Garlic Bread Loaf - 1 Pc,CAFE-03944,GST,5,41.16,125.0,18,Breads & Savory (Retail),1905,8905297925384
Handcrafted Chocolate Truffle Cake - 2kg,CAFE-03945,GST,18,1262.61,3014.0,9,Fresh Pastries & Cakes,1905,8902533258884
Premium Assorted Truffles - Box of 12,CAFE-03946,GST,18,270.55,832.0,26,Chocolates & Confectionery,1806,8902121154448
Freshly Baked Butter Cookies - 250g Box,CAFE-03947,GST,18,58.73,203.0,16,Packaged Biscuits & Cookies,1905,8901681071377
Signature Fruit & Nut Chocolate - 100g Bar,CAFE-03948,GST,18,76.3,253.0,55,Chocolates & Confectionery,1806,8905146073720
Classic Butter Cookies - 250g Box,CAFE-03949,GST,18,58.85,213.0,15,Packaged Biscuits & Cookies,1905,8904401217856
Signature Dark Chocolate Bar (70%) - 100g Bar,CAFE-03950,GST,18,94.69,255.0,38,Chocolates & Confectionery,1806,8900129043128
Gourmet Mango Smoothie - Regular,CAFE-03951,GST,5,77.27,218.0,11,Prepared Beverages (Cafe Service),9963,8906983633209
Gourmet Nankhatai - 250g Box,CAFE-03952,GST,18,59.19,168.0,20,Packaged Biscuits & Cookies,1905,8909990870146
Classic Chocolate Brownie - 1 Pc,CAFE-03953,GST,18,39.68,146.0,6,Fresh Pastries & Cakes,1905,8904678314642
Signature Butter Cookies - 250g Box,CAFE-03954,GST,18,63.51,170.0,27,Packaged Biscuits & Cookies,1905,8909696477323
Cafe Latte - Large,CAFE-03955,GST,5,152.62,381.0,7,Prepared Beverages (Cafe Service),9963,8901332406186
Gourmet Fruit & Nut Chocolate - 100g Bar,CAFE-03956,GST,18,87.19,254.0,24,Chocolates & Confectionery,1806,8907450569582
Cappuccino - Large,CAFE-03957,GST,5,111.57,301.0,9,Prepared Beverages (Cafe Service),9963,8908125802562
Handcrafted Chocolate Brownie - With Walnut,CAFE-03958,GST,18,52.56,144.0,11,Fresh Pastries & Cakes,1905,8900424142656
Cake Rusk - 300g Pack,CAFE-03959,GST,5,43.73,128.0,30,Breads & Savory (Retail),1905,8900072476605
Signature Dark Chocolate Bar (70%) - 100g Bar,CAFE-03960,GST,18,88.41,271.0,48,Chocolates & Confectionery,1806,8903747669377
Freshly Baked Hazelnut Pralines - Box of 9,CAFE-03961,GST,18,247.1,622.0,31,Chocolates & Confectionery,1806,8902784128761
Multigrain Bread - 400g Pack,CAFE-03962,GST,5,20.53,76.0,52,Breads & Savory (Retail),1905,8909877999481
Gourmet Aloo Puff / Patties - 1 Pc,CAFE-03963,GST,5,18.19,44.0,16,Prepared Snacks & Sandwiches (Cafe Service),9963,8905610408673
Suji Rusk - 400g Pack,CAFE-03964,GST,5,34.11,107.0,16,Breads & Savory (Retail),1905,8906247165693
House Special Fruit & Nut Chocolate - 100g Bar,CAFE-03965,GST,18,102.05,258.0,36,Chocolates & Confectionery,1806,8904152807864
Premium Peach Iced Tea - Regular,CAFE-03966,GST,5,50.52,164.0,6,Prepared Beverages (Cafe Service),9963,8900233627065
Whole Wheat Bread - 400g Pack,CAFE-03967,GST,5,22.89,64.0,39,Breads & Savory (Retail),1905,8902354351290
Signature Oatmeal & Raisin Cookies - 250g Box,CAFE-03968,GST,18,97.98,278.0,53,Packaged Biscuits & Cookies,1905,8905240500451
Gourmet Assorted Truffles - Box of 12,CAFE-03969,GST,18,411.64,915.0,50,Chocolates & Confectionery,1806,8908095924398
Classic Mango Mousse Cup - Standard,CAFE-03970,GST,18,49.4,142.0,17,Fresh Pastries & Cakes,1905,8900211686602
Freshly Baked Paneer Tikka Wrap - Standard,CAFE-03971,GST,5,59.26,195.0,13,Prepared Snacks & Sandwiches (Cafe Service),9963,8906917815483
House Special Cappuccino - Regular,CAFE-03972,GST,5,67.39,175.0,14,Prepared Beverages (Cafe Service),9963,8906449347430
Pizza Base - Pack of 2,CAFE-03973,GST,5,17.44,53.0,32,Breads & Savory (Retail),1905,8905661155681
Freshly Baked Espresso - Double Shot,CAFE-03974,GST,5,83.04,238.0,18,Prepared Beverages (Cafe Service),9963,8907660178296
Signature Blueberry Cheesecake Slice - 1 Slice,CAFE-03975,GST,18,72.99,199.0,19,Fresh Pastries & Cakes,1905,8900279727301
Gourmet Chicken Puff - 1 Pc,CAFE-03976,GST,5,25.34,92.0,6,Prepared Snacks & Sandwiches (Cafe Service),9963,8901745658988
Deluxe Choco Chip Cookies - 500g Box,CAFE-03977,GST,18,142.75,392.0,29,Packaged Biscuits & Cookies,1905,8908068414579
Signature Oatmeal & Raisin Cookies - 250g Box,CAFE-03978,GST,18,114.75,266.0,55,Packaged Biscuits & Cookies,1905,8906799728156
Classic Red Velvet Cake - 500g,CAFE-03979,GST,18,341.56,1137.0,7,Fresh Pastries & Cakes,1905,8907639169497
Pav Buns - Pack of 6,CAFE-03980,GST,5,30.15,104.0,38,Breads & Savory (Retail),1905,8909647181753
Premium Butter Cookies - 500g Box,CAFE-03981,GST,18,119.68,387.0,55,Packaged Biscuits & Cookies,1905,8909751175634
Artisan Butter Cookies - 500g Box,CAFE-03982,GST,18,135.24,306.0,21,Packaged Biscuits & Cookies,1905,8906269696727
Classic Egg & Cheese Croissant - Standard,CAFE-03983,GST,5,108.73,274.0,8,Prepared Snacks & Sandwiches (Cafe Service),9963,8907319682436
Artisan Chicken Tikka Sandwich - Standard,CAFE-03984,GST,5,62.93,192.0,16,Prepared Snacks & Sandwiches (Cafe Service),9963,8902671569147
Pineapple Pastry - 1 Slice,CAFE-03985,GST,18,36.19,115.0,20,Fresh Pastries & Cakes,1905,8904541646071
Gourmet Butter Cookies - 250g Box,CAFE-03986,GST,18,57.6,197.0,37,Packaged Biscuits & Cookies,1905,8902853004557
Deluxe Fruit & Nut Chocolate - 100g Bar,CAFE-03987,GST,18,115.55,324.0,26,Chocolates & Confectionery,1806,8902220065977
Freshly Baked Almond Biscotti - 200g Box,CAFE-03988,GST,18,93.75,314.0,20,Packaged Biscuits & Cookies,1905,8908034206872
Freshly Baked Chocolate Brownie - 1 Pc,CAFE-03989,GST,18,54.17,161.0,18,Fresh Pastries & Cakes,1905,8907081796211
Classic Peach Iced Tea - Regular,CAFE-03990,GST,5,57.89,155.0,12,Prepared Beverages (Cafe Service),9963,8908365998016
Deluxe Hazelnut Pralines - Box of 9,CAFE-03991,GST,18,264.35,630.0,29,Chocolates & Confectionery,1806,8906622208610
Whole Wheat Bread - 400g Pack,CAFE-03992,GST,5,23.47,67.0,51,Breads & Savory (Retail),1905,8906399478348
Gourmet Chicken Tikka Sandwich - Standard,CAFE-03993,GST,5,55.43,189.0,19,Prepared Snacks & Sandwiches (Cafe Service),9963,8902474079434
Handcrafted Oatmeal & Raisin Cookies - 250g Box,CAFE-03994,GST,18,99.72,287.0,39,Packaged Biscuits & Cookies,1905,8901962132392
Premium Paneer Puff - 1 Pc,CAFE-03995,GST,5,18.15,71.0,20,Prepared Snacks & Sandwiches (Cafe Service),9963,8907610321658
Classic Assorted Truffles - Box of 12,CAFE-03996,GST,18,268.58,821.0,17,Chocolates & Confectionery,1806,8905119388309
Deluxe Blueberry Cheesecake Slice - 1 Slice,CAFE-03997,GST,18,60.04,204.0,17,Fresh Pastries & Cakes,1905,8902919304201
House Special Paneer Puff - 1 Pc,CAFE-03998,GST,5,21.85,57.0,4,Prepared Snacks & Sandwiches (Cafe Service),9963,8908765672241
Cake Rusk - 300g Pack,CAFE-03999,GST,5,39.45,155.0,48,Breads & Savory (Retail),1905,8904101959922
Pizza Base - Pack of 2,CAFE-04000,GST,5,11.76,44.0,16,Breads & Savory (Retail),1905,8906615922209
Deluxe Green Tea - Pot,CAFE-04001,GST,5,62.95,201.0,19,Prepared Beverages (Cafe Service),9963,8902559143211
Freshly Baked Hazelnut Pralines - Box of 9,CAFE-04002,GST,18,156.89,553.0,37,Chocolates & Confectionery,1806,8901820808617
Premium Veg Grilled Sandwich - Cheese Burst,CAFE-04003,GST,5,55.32,144.0,18,Prepared Snacks & Sandwiches (Cafe Service),9963,8904732420570
House Special Dark Chocolate Bar (70%) - 100g Bar,CAFE-04004,GST,18,93.27,268.0,26,Chocolates & Confectionery,1806,8905707279290
Milk Chocolate Bar - 100g Bar,CAFE-04005,GST,18,71.65,237.0,19,Chocolates & Confectionery,1806,8901721370261
Gourmet Peach Iced Tea - Regular,CAFE-04006,GST,5,61.54,188.0,17,Prepared Beverages (Cafe Service),9963,8900224102621
Deluxe Red Velvet Cake - 500g,CAFE-04007,GST,18,360.42,914.0,20,Fresh Pastries & Cakes,1905,8901431938415
Whole Wheat Bread - 400g Pack,CAFE-04008,GST,5,24.87,65.0,45,Breads & Savory (Retail),1905,8903139729887
Pav Buns - Pack of 6,CAFE-04009,GST,5,24.64,96.0,17,Breads & Savory (Retail),1905,8904238768090
Handcrafted Chocolate Brownie - Fudge,CAFE-04010,GST,18,56.15,152.0,16,Fresh Pastries & Cakes,1905,8907097852539
Deluxe Chicken Tikka Sandwich - Standard,CAFE-04011,GST,5,75.86,209.0,4,Prepared Snacks & Sandwiches (Cafe Service),9963,8903174485195
Signature Oatmeal & Raisin Cookies - 250g Box,CAFE-04012,GST,18,90.23,240.0,26,Packaged Biscuits & Cookies,1905,8905885510889
Whole Wheat Bread - 400g Pack,CAFE-04013,GST,5,18.92,72.0,57,Breads & Savory (Retail),1905,8907485315996
Artisan Almond Biscotti - 200g Box,CAFE-04014,GST,18,113.72,342.0,23,Packaged Biscuits & Cookies,1905,8905477753881
Deluxe Hazelnut Pralines - Box of 9,CAFE-04015,GST,18,209.3,532.0,32,Chocolates & Confectionery,1806,8907811016219
Freshly Baked Cheese Croissant - 1 Pc,CAFE-04016,GST,5,45.77,164.0,8,Prepared Snacks & Sandwiches (Cafe Service),9963,8901681516491
Handcrafted Fruit & Nut Chocolate - 100g Bar,CAFE-04017,GST,18,95.25,256.0,32,Chocolates & Confectionery,1806,8905196492306
Hazelnut Pralines - Box of 9,CAFE-04018,GST,18,162.32,497.0,32,Chocolates & Confectionery,1806,8908425246719
Premium Milk Bread - 400g Pack,CAFE-04019,GST,5,18.52,57.0,27,Breads & Savory (Retail),1905,8909087535898
Multigrain Bread - 400g Pack,CAFE-04020,GST,5,24.36,80.0,38,Breads & Savory (Retail),1905,8901333169543
Garlic Bread Loaf - 1 Pc,CAFE-04021,GST,5,43.55,113.0,37,Breads & Savory (Retail),1905,8901697883777
Premium Milk Bread - 400g Pack,CAFE-04022,GST,5,14.77,59.0,22,Breads & Savory (Retail),1905,8908884271696
House Special Jeera Biscuits - 500g Box,CAFE-04023,GST,18,104.92,272.0,53,Packaged Biscuits & Cookies,1905,8902840347696
Freshly Baked Almond Biscotti - 200g Box,CAFE-04024,GST,18,137.03,377.0,41,Packaged Biscuits & Cookies,1905,8906899425328
Cake Rusk - 300g Pack,CAFE-04025,GST,5,41.45,162.0,16,Breads & Savory (Retail),1905,8901187213983
Artisan Assorted Truffles - Box of 6,CAFE-04026,GST,18,136.39,499.0,42,Chocolates & Confectionery,1806,8905723861601
Chicken Puff - 1 Pc,CAFE-04027,GST,5,20.08,75.0,15,Prepared Snacks & Sandwiches (Cafe Service),9963,8904069580518
Handcrafted Butter Cookies - 500g Box,CAFE-04028,GST,18,144.25,380.0,17,Packaged Biscuits & Cookies,1905,8903188497416
Multigrain Bread - 400g Pack,CAFE-04029,GST,5,27.29,80.0,29,Breads & Savory (Retail),1905,8903660235217
Premium Fruit & Nut Chocolate - 100g Bar,CAFE-04030,GST,18,81.76,262.0,49,Chocolates & Confectionery,1806,8909130510271
Deluxe Veg Grilled Sandwich - Cheese Burst,CAFE-04031,GST,5,45.91,139.0,20,Prepared Snacks & Sandwiches (Cafe Service),9963,8906056233094
Deluxe Peach Iced Tea - Large,CAFE-04032,GST,5,86.97,305.0,8,Prepared Beverages (Cafe Service),9963,8904645829546
Pav Buns - Pack of 6,CAFE-04033,GST,5,43.74,97.0,29,Breads & Savory (Retail),1905,8900471662342
Premium Choco Chip Cookies - 250g Box,CAFE-04034,GST,18,77.24,258.0,55,Packaged Biscuits & Cookies,1905,8901940011295
Premium Milk Bread - 400g Pack,CAFE-04035,GST,5,15.21,47.0,57,Breads & Savory (Retail),1905,8904146566370
Signature Espresso - Double Shot,CAFE-04036,GST,5,77.26,236.0,16,Prepared Beverages (Cafe Service),9963,8905143535546
Classic Dark Chocolate Bar (70%) - 100g Bar,CAFE-04037,GST,18,72.78,276.0,34,Chocolates & Confectionery,1806,8907660097490
Gourmet Chicken Tikka Sandwich - Standard,CAFE-04038,GST,5,75.17,196.0,19,Prepared Snacks & Sandwiches (Cafe Service),9963,8901514185940
House Special Blueberry Cheesecake Slice - 1 Slice,CAFE-04039,GST,18,71.08,227.0,14,Fresh Pastries & Cakes,1905,8909544956977
Premium Oatmeal & Raisin Cookies - 250g Box,CAFE-04040,GST,18,86.97,237.0,17,Packaged Biscuits & Cookies,1905,8901522904015
Classic Chocolate Brownie - With Walnut,CAFE-04041,GST,18,41.27,151.0,7,Fresh Pastries & Cakes,1905,8900121722094
Pizza Base - Pack of 2,CAFE-04042,GST,5,10.61,41.0,34,Breads & Savory (Retail),1905,8901985778734
Classic Red Velvet Cake - 1kg,CAFE-04043,GST,18,471.43,1646.0,16,Fresh Pastries & Cakes,1905,8903571361877
Deluxe Nankhatai - 250g Box,CAFE-04044,GST,18,57.56,188.0,28,Packaged Biscuits & Cookies,1905,8905258535599
Freshly Baked Butter Cookies - 500g Box,CAFE-04045,GST,18,110.84,302.0,41,Packaged Biscuits & Cookies,1905,8900438724308
Artisan Aloo Puff / Patties - 2 Pcs,CAFE-04046,GST,5,15.33,41.0,5,Prepared Snacks & Sandwiches (Cafe Service),9963,8904425096933
Mocha Frappe - Large,CAFE-04047,GST,5,200.28,477.0,13,Prepared Beverages (Cafe Service),9963,8900880639584
Artisan Oatmeal & Raisin Cookies - 250g Box,CAFE-04048,GST,18,71.3,272.0,57,Packaged Biscuits & Cookies,1905,8902965370476
Fruit & Nut Chocolate - 100g Bar,CAFE-04049,GST,18,76.31,298.0,40,Chocolates & Confectionery,1806,8908350518344
House Special Chocolate Truffle Cake - 1kg,CAFE-04050,GST,18,434.76,1453.0,3,Fresh Pastries & Cakes,1905,8901429503369
Cake Rusk - 300g Pack,CAFE-04051,GST,5,33.62,127.0,22,Breads & Savory (Retail),1905,8900454980460
Freshly Baked Mocha Frappe - Regular,CAFE-04052,GST,5,101.42,262.0,15,Prepared Beverages (Cafe Service),9963,8906634916605
Handcrafted Milk Chocolate Bar - 100g Bar,CAFE-04053,GST,18,63.81,238.0,51,Chocolates & Confectionery,1806,8900455436233
Classic Red Velvet Cake - 500g,CAFE-04054,GST,18,300.87,1051.0,19,Fresh Pastries & Cakes,1905,8901103877380
Handcrafted Chocolate Brownie - Fudge,CAFE-04055,GST,18,49.59,159.0,18,Fresh Pastries & Cakes,1905,8901968706668
Signature Fruit & Nut Chocolate - 100g Bar,CAFE-04056,GST,18,82.55,321.0,42,Chocolates & Confectionery,1806,8905098338127
Pizza Base - Pack of 2,CAFE-04057,GST,5,19.37,52.0,38,Breads & Savory (Retail),1905,8904393469898
Deluxe Jeera Biscuits - 250g Box,CAFE-04058,GST,18,65.74,174.0,35,Packaged Biscuits & Cookies,1905,8903725801535
Classic Aloo Puff / Patties - 2 Pcs,CAFE-04059,GST,5,20.32,46.0,7,Prepared Snacks & Sandwiches (Cafe Service),9963,8903020192686
Signature Pineapple Pastry - 2 Slices,CAFE-04060,GST,18,67.94,189.0,13,Fresh Pastries & Cakes,1905,8905505181761
Gourmet Choco Chip Cookies - 500g Box,CAFE-04061,GST,18,135.63,373.0,41,Packaged Biscuits & Cookies,1905,8907704110800
Freshly Baked Dark Chocolate Bar (70%) - 100g Bar,CAFE-04062,GST,18,105.64,271.0,35,Chocolates & Confectionery,1806,8909748956425
Pav Buns - Pack of 6,CAFE-04063,GST,5,30.2,93.0,52,Breads & Savory (Retail),1905,8901053725656
Garlic Bread Loaf - 1 Pc,CAFE-04064,GST,5,51.48,131.0,34,Breads & Savory (Retail),1905,8908891900002
Premium Choco Chip Cookies - 250g Box,CAFE-04065,GST,18,83.43,251.0,39,Packaged Biscuits & Cookies,1905,8900662595787
Premium Oatmeal & Raisin Cookies - 250g Box,CAFE-04066,GST,18,75.68,235.0,47,Packaged Biscuits & Cookies,1905,8904217274219
Handcrafted Butter Cookies - 500g Box,CAFE-04067,GST,18,107.65,346.0,57,Packaged Biscuits & Cookies,1905,8901367161684
Gourmet Chicken Tikka Sandwich - Standard,CAFE-04068,GST,5,70.89,244.0,6,Prepared Snacks & Sandwiches (Cafe Service),9963,8907941455097
Garlic Bread Loaf - 1 Pc,CAFE-04069,GST,5,37.92,119.0,17,Breads & Savory (Retail),1905,8903824298527
Signature Blueberry Cheesecake Slice - 1 Slice,CAFE-04070,GST,18,56.29,216.0,14,Fresh Pastries & Cakes,1905,8903464749659
Premium Red Velvet Cake - 500g,CAFE-04071,GST,18,219.8,859.0,13,Fresh Pastries & Cakes,1905,8902218159588
Gourmet Chocolate Truffle Cake - 500g,CAFE-04072,GST,18,259.49,911.0,18,Fresh Pastries & Cakes,1905,8906608823235
Pineapple Pastry - 1 Slice,CAFE-04073,GST,18,40.05,100.0,12,Fresh Pastries & Cakes,1905,8904945703176
Premium Chicken Tikka Sandwich - Standard,CAFE-04074,GST,5,74.63,252.0,7,Prepared Snacks & Sandwiches (Cafe Service),9963,8904707308141
Handcrafted Choco Chip Cookies - 250g Box,CAFE-04075,GST,18,56.78,222.0,60,Packaged Biscuits & Cookies,1905,8905451733016
Deluxe Almond Biscotti - 200g Box,CAFE-04076,GST,18,115.92,332.0,48,Packaged Biscuits & Cookies,1905,8901591665517
Cake Rusk - 300g Pack,CAFE-04077,GST,5,49.81,129.0,18,Breads & Savory (Retail),1905,8901714722294
Choco Chip Cookies - 250g Box,CAFE-04078,GST,18,61.63,225.0,20,Packaged Biscuits & Cookies,1905,8906441805400
Deluxe Paneer Puff - 1 Pc,CAFE-04079,GST,5,18.36,67.0,10,Prepared Snacks & Sandwiches (Cafe Service),9963,8902079619909
House Special Mango Smoothie - Regular,CAFE-04080,GST,5,68.37,236.0,9,Prepared Beverages (Cafe Service),9963,8901187087815
Gourmet Cold Coffee Classic - Regular,CAFE-04081,GST,5,84.44,196.0,12,Prepared Beverages (Cafe Service),9963,8906709866788
Deluxe Butter Cookies - 500g Box,CAFE-04082,GST,18,120.59,309.0,50,Packaged Biscuits & Cookies,1905,8905285794015
House Special Almond Biscotti - 200g Box,CAFE-04083,GST,18,129.53,378.0,52,Packaged Biscuits & Cookies,1905,8908511881167
Freshly Baked Cheese Croissant - 1 Pc,CAFE-04084,GST,5,73.47,169.0,12,Prepared Snacks & Sandwiches (Cafe Service),9963,8901496675716
Artisan Paneer Puff - 1 Pc,CAFE-04085,GST,5,24.06,57.0,8,Prepared Snacks & Sandwiches (Cafe Service),9963,8904268396995
Cappuccino - Regular,CAFE-04086,GST,5,67.87,206.0,3,Prepared Beverages (Cafe Service),9963,8901684512240
Garlic Bread Loaf - 1 Pc,CAFE-04087,GST,5,30.35,119.0,17,Breads & Savory (Retail),1905,8903814760409
Gourmet Cafe Latte - Iced,CAFE-04088,GST,5,55.7,179.0,7,Prepared Beverages (Cafe Service),9963,8902595376210
Signature Fruit & Nut Chocolate - 100g Bar,CAFE-04089,GST,18,88.98,267.0,43,Chocolates & Confectionery,1806,8902066754905
Artisan Cheese Croissant - 1 Pc,CAFE-04090,GST,5,56.06,156.0,9,Prepared Snacks & Sandwiches (Cafe Service),9963,8907450883068
Pizza Base - Pack of 2,CAFE-04091,GST,5,23.12,53.0,52,Breads & Savory (Retail),1905,8906729427919
Handcrafted Vanilla Cupcake - 1 Pc,CAFE-04092,GST,18,28.33,89.0,2,Fresh Pastries & Cakes,1905,8900472028882
Pav Buns - Pack of 6,CAFE-04093,GST,5,29.02,113.0,43,Breads & Savory (Retail),1905,8907015242443
Black Forest Pastry - 1 Slice,CAFE-04094,GST,18,35.24,129.0,5,Fresh Pastries & Cakes,1905,8900367400925
Handcrafted Milk Chocolate Bar - 100g Bar,CAFE-04095,GST,18,55.51,181.0,28,Chocolates & Confectionery,1806,8901818034307
Artisan Blueberry Cheesecake Slice - 1 Slice,CAFE-04096,GST,18,73.36,260.0,11,Fresh Pastries & Cakes,1905,8905082759868
Nankhatai - 250g Box,CAFE-04097,GST,18,70.26,190.0,50,Packaged Biscuits & Cookies,1905,8904674822328
House Special Cold Coffee Classic - Regular,CAFE-04098,GST,5,52.15,153.0,16,Prepared Beverages (Cafe Service),9963,8901742658840
Classic Green Tea - Cup,CAFE-04099,GST,5,48.09,108.0,4,Prepared Beverages (Cafe Service),9963,8906012418116
Classic Chocolate Brownie - With Walnut,CAFE-04100,GST,18,70.05,157.0,14,Fresh Pastries & Cakes,1905,8909262168472
Artisan Assorted Truffles - Box of 6,CAFE-04101,GST,18,196.13,456.0,34,Chocolates & Confectionery,1806,8901092443295
House Special Milk Chocolate Bar - 100g Bar,CAFE-04102,GST,18,60.88,228.0,59,Chocolates & Confectionery,1806,8906429617247
Pav Buns - Pack of 6,CAFE-04103,GST,5,33.12,106.0,46,Breads & Savory (Retail),1905,8900604462037
Handcrafted Oatmeal & Raisin Cookies - 250g Box,CAFE-04104,GST,18,69.19,230.0,57,Packaged Biscuits & Cookies,1905,8906734214211
Deluxe Butter Cookies - 500g Box,CAFE-04105,GST,18,97.76,367.0,42,Packaged Biscuits & Cookies,1905,8906492907038
Pizza Base - Pack of 2,CAFE-04106,GST,5,11.85,42.0,31,Breads & Savory (Retail),1905,8902470649222
Premium Almond Biscotti - 200g Box,CAFE-04107,GST,18,86.53,328.0,18,Packaged Biscuits & Cookies,1905,8900489524143
Gourmet Milk Chocolate Bar - 100g Bar,CAFE-04108,GST,18,51.43,198.0,28,Chocolates & Confectionery,1806,8909718012063
Suji Rusk - 400g Pack,CAFE-04109,GST,5,29.68,98.0,45,Breads & Savory (Retail),1905,8909497567564
Gourmet Green Tea - Pot,CAFE-04110,GST,5,67.47,202.0,10,Prepared Beverages (Cafe Service),9963,8909134816940
Multigrain Bread - 400g Pack,CAFE-04111,GST,5,25.66,76.0,59,Breads & Savory (Retail),1905,8904532442146
Freshly Baked Black Forest Pastry - 1 Slice,CAFE-04112,GST,18,50.69,129.0,3,Fresh Pastries & Cakes,1905,8900581983651
House Special Jeera Biscuits - 250g Box,CAFE-04113,GST,18,68.82,162.0,29,Packaged Biscuits & Cookies,1905,8907653979005
Freshly Baked Mango Smoothie - Regular,CAFE-04114,GST,5,61.37,195.0,17,Prepared Beverages (Cafe Service),9963,8905095035451
Cake Rusk - 300g Pack,CAFE-04115,GST,5,37.89,131.0,34,Breads & Savory (Retail),1905,8902208595031
Whole Wheat Bread - 400g Pack,CAFE-04116,GST,5,24.63,70.0,54,Breads & Savory (Retail),1905,8905924197166
Gourmet Oatmeal & Raisin Cookies - 250g Box,CAFE-04117,GST,18,118.55,286.0,20,Packaged Biscuits & Cookies,1905,8901703280325
Garlic Bread Loaf - 1 Pc,CAFE-04118,GST,5,47.73,128.0,59,Breads & Savory (Retail),1905,8909179216514
Premium Chicken Tikka Sandwich - Standard,CAFE-04119,GST,5,64.85,243.0,15,Prepared Snacks & Sandwiches (Cafe Service),9963,8908726117370
Whole Wheat Bread - 400g Pack,CAFE-04120,GST,5,17.9,64.0,31,Breads & Savory (Retail),1905,8905035599673
Classic Red Velvet Cake - 500g,CAFE-04121,GST,18,243.56,888.0,4,Fresh Pastries & Cakes,1905,8902434666291
Cake Rusk - 300g Pack,CAFE-04122,GST,5,42.86,140.0,31,Breads & Savory (Retail),1905,8900601461205
Fruit & Nut Chocolate - 100g Bar,CAFE-04123,GST,18,112.24,299.0,43,Chocolates & Confectionery,1806,8905393600748
House Special Red Velvet Cake - 500g,CAFE-04124,GST,18,234.65,922.0,9,Fresh Pastries & Cakes,1905,8906941751800
House Special Mocha Frappe - Large,CAFE-04125,GST,5,163.28,458.0,12,Prepared Beverages (Cafe Service),9963,8904838686123
Milk Chocolate Bar - 100g Bar,CAFE-04126,GST,18,64.09,180.0,45,Chocolates & Confectionery,1806,8903090729485
Gourmet Hot Chocolate - With Marshmallows,CAFE-04127,GST,5,88.28,225.0,8,Prepared Beverages (Cafe Service),9963,8909628633897
Artisan Oatmeal & Raisin Cookies - 250g Box,CAFE-04128,GST,18,99.87,234.0,20,Packaged Biscuits & Cookies,1905,8904359393942
Classic Cafe Latte - Iced,CAFE-04129,GST,5,70.6,223.0,18,Prepared Beverages (Cafe Service),9963,8901565960402
Freshly Baked Cheese Croissant - 1 Pc,CAFE-04130,GST,5,43.16,166.0,14,Prepared Snacks & Sandwiches (Cafe Service),9963,8904813357829
Freshly Baked Paneer Tikka Wrap - Standard,CAFE-04131,GST,5,81.0,212.0,12,Prepared Snacks & Sandwiches (Cafe Service),9963,8900688439393
Artisan Fruit & Nut Chocolate - 100g Bar,CAFE-04132,GST,18,115.81,285.0,42,Chocolates & Confectionery,1806,8903823919294
Freshly Baked Mango Smoothie - Regular,CAFE-04133,GST,5,79.28,211.0,13,Prepared Beverages (Cafe Service),9963,8906031868659
Pav Buns - Pack of 6,CAFE-04134,GST,5,27.88,93.0,53,Breads & Savory (Retail),1905,8906454827719
Premium Milk Chocolate Bar - 100g Bar,CAFE-04135,GST,18,66.62,217.0,22,Chocolates & Confectionery,1806,8903644772911
Artisan Aloo Puff / Patties - 2 Pcs,CAFE-04136,GST,5,18.68,45.0,10,Prepared Snacks & Sandwiches (Cafe Service),9963,8907082319617
Deluxe Dark Chocolate Bar (70%) - 100g Bar,CAFE-04137,GST,18,118.42,289.0,57,Chocolates & Confectionery,1806,8908442718045
Classic Nankhatai - 250g Box,CAFE-04138,GST,18,49.99,188.0,53,Packaged Biscuits & Cookies,1905,8909512174475
House Special Hot Chocolate - With Marshmallows,CAFE-04139,GST,5,66.31,206.0,17,Prepared Beverages (Cafe Service),9963,8900470237125
Classic Vanilla Cupcake - Box of 6,CAFE-04140,GST,18,19.12,75.0,2,Fresh Pastries & Cakes,1905,8903581397951
Freshly Baked Chicken Puff - 1 Pc,CAFE-04141,GST,5,30.27,81.0,13,Prepared Snacks & Sandwiches (Cafe Service),9963,8905897235919
House Special Fruit & Nut Chocolate - 100g Bar,CAFE-04142,GST,18,105.78,265.0,24,Chocolates & Confectionery,1806,8909770259845
Freshly Baked Paneer Puff - 1 Pc,CAFE-04143,GST,5,15.08,56.0,12,Prepared Snacks & Sandwiches (Cafe Service),9963,8904872912989
Signature Peach Iced Tea - Regular,CAFE-04144,GST,5,51.21,175.0,9,Prepared Beverages (Cafe Service),9963,8907063230017
Handcrafted Mango Mousse Cup - Standard,CAFE-04145,GST,18,67.32,171.0,13,Fresh Pastries & Cakes,1905,8901662156748
Handcrafted Hazelnut Pralines - Box of 9,CAFE-04146,GST,18,175.72,542.0,30,Chocolates & Confectionery,1806,8900366386026
Premium Fruit & Nut Chocolate - 100g Bar,CAFE-04147,GST,18,110.34,309.0,47,Chocolates & Confectionery,1806,8904053188658
Deluxe Choco Chip Cookies - 250g Box,CAFE-04148,GST,18,76.21,232.0,22,Packaged Biscuits & Cookies,1905,8907274600341
Deluxe Mango Mousse Cup - Standard,CAFE-04149,GST,18,41.75,155.0,13,Fresh Pastries & Cakes,1905,8901719949745
Artisan Black Forest Pastry - 2 Slices,CAFE-04150,GST,18,56.81,222.0,10,Fresh Pastries & Cakes,1905,8900712534611
Classic Oatmeal & Raisin Cookies - 250g Box,CAFE-04151,GST,18,107.93,288.0,16,Packaged Biscuits & Cookies,1905,8902782015811
Premium Milk Bread - 400g Pack,CAFE-04152,GST,5,20.83,50.0,42,Breads & Savory (Retail),1905,8909515223450
Handcrafted Chicken Puff - 1 Pc,CAFE-04153,GST,5,23.78,91.0,8,Prepared Snacks & Sandwiches (Cafe Service),9963,8907667080606
Gourmet Mango Mousse Cup - Standard,CAFE-04154,GST,18,52.14,148.0,4,Fresh Pastries & Cakes,1905,8908328401440
Signature Espresso - Double Shot,CAFE-04155,GST,5,63.71,254.0,8,Prepared Beverages (Cafe Service),9963,8905317324615
Classic Milk Chocolate Bar - 100g Bar,CAFE-04156,GST,18,56.66,197.0,19,Chocolates & Confectionery,1806,8903414812689
Cake Rusk - 300g Pack,CAFE-04157,GST,5,55.55,155.0,55,Breads & Savory (Retail),1905,8902738396885
Espresso - Double Shot,CAFE-04158,GST,5,59.55,212.0,18,Prepared Beverages (Cafe Service),9963,8904709319579
House Special Fruit & Nut Chocolate - 100g Bar,CAFE-04159,GST,18,118.43,299.0,55,Chocolates & Confectionery,1806,8903944949307
House Special Fruit & Nut Chocolate - 100g Bar,CAFE-04160,GST,18,78.48,290.0,31,Chocolates & Confectionery,1806,8904902307714
Artisan Hazelnut Pralines - Box of 9,CAFE-04161,GST,18,176.56,603.0,24,Chocolates & Confectionery,1806,8908601183769
Deluxe Black Forest Pastry - 1 Slice,CAFE-04162,GST,18,42.25,134.0,9,Fresh Pastries & Cakes,1905,8907801104708
Freshly Baked Milk Chocolate Bar - 100g Bar,CAFE-04163,GST,18,52.1,195.0,29,Chocolates & Confectionery,1806,8902567211951
House Special Black Forest Pastry - 2 Slices,CAFE-04164,GST,18,70.42,241.0,6,Fresh Pastries & Cakes,1905,8906582165514
Artisan Cafe Latte - Iced,CAFE-04165,GST,5,98.99,219.0,18,Prepared Beverages (Cafe Service),9963,8908876414377
Multigrain Bread - 400g Pack,CAFE-04166,GST,5,20.79,81.0,42,Breads & Savory (Retail),1905,8909314935488
Signature Black Forest Pastry - 2 Slices,CAFE-04167,GST,18,69.17,204.0,4,Fresh Pastries & Cakes,1905,8909903777311
Signature Chocolate Truffle Cake - 1kg,CAFE-04168,GST,18,411.51,1634.0,12,Fresh Pastries & Cakes,1905,8909335851514
Artisan Aloo Puff / Patties - 1 Pc,CAFE-04169,GST,5,10.88,42.0,15,Prepared Snacks & Sandwiches (Cafe Service),9963,8907239798811
Artisan Paneer Tikka Wrap - Standard,CAFE-04170,GST,5,49.74,186.0,3,Prepared Snacks & Sandwiches (Cafe Service),9963,8905955870425
Pav Buns - Pack of 6,CAFE-04171,GST,5,27.03,108.0,45,Breads & Savory (Retail),1905,8903254966070
Pav Buns - Pack of 6,CAFE-04172,GST,5,44.63,115.0,16,Breads & Savory (Retail),1905,8905712166296
Handcrafted Hazelnut Pralines - Box of 9,CAFE-04173,GST,18,212.83,533.0,51,Chocolates & Confectionery,1806,8900426854460
Deluxe Hazelnut Pralines - Box of 9,CAFE-04174,GST,18,198.77,655.0,30,Chocolates & Confectionery,1806,8902191330442
House Special Chocolate Brownie - Fudge,CAFE-04175,GST,18,61.33,168.0,19,Fresh Pastries & Cakes,1905,8905645044624
Premium Blueberry Cheesecake Slice - 1 Slice,CAFE-04176,GST,18,86.93,225.0,15,Fresh Pastries & Cakes,1905,8906417000337
Handcrafted Veg Grilled Sandwich - Cheese Burst,CAFE-04177,GST,5,60.62,147.0,6,Prepared Snacks & Sandwiches (Cafe Service),9963,8900660580856
Deluxe Veg Grilled Sandwich - Standard,CAFE-04178,GST,5,69.5,165.0,17,Prepared Snacks & Sandwiches (Cafe Service),9963,8900888072420
Artisan Mocha Frappe - Regular,CAFE-04179,GST,5,88.77,285.0,16,Prepared Beverages (Cafe Service),9963,8907226966734
Artisan Paneer Puff - 1 Pc,CAFE-04180,GST,5,20.11,56.0,3,Prepared Snacks & Sandwiches (Cafe Service),9963,8900858549146
Handcrafted Butter Cookies - 500g Box,CAFE-04181,GST,18,113.15,368.0,22,Packaged Biscuits & Cookies,1905,8902719526171
Artisan Chicken Puff - 1 Pc,CAFE-04182,GST,5,29.58,88.0,9,Prepared Snacks & Sandwiches (Cafe Service),9963,8907201648547
Classic Red Velvet Cake - 500g,CAFE-04183,GST,18,326.86,1045.0,20,Fresh Pastries & Cakes,1905,8906348130043
Gourmet Cafe Latte - Large,CAFE-04184,GST,5,107.56,366.0,9,Prepared Beverages (Cafe Service),9963,8909305818762
Gourmet Butter Cookies - 500g Box,CAFE-04185,GST,18,145.78,328.0,19,Packaged Biscuits & Cookies,1905,8900619581618
Egg & Cheese Croissant - Standard,CAFE-04186,GST,5,89.39,266.0,8,Prepared Snacks & Sandwiches (Cafe Service),9963,8906614501818
Artisan Mango Smoothie - Regular,CAFE-04187,GST,5,68.19,250.0,11,Prepared Beverages (Cafe Service),9963,8903612514261
Freshly Baked Chicken Tikka Sandwich - Standard,CAFE-04188,GST,5,52.64,193.0,7,Prepared Snacks & Sandwiches (Cafe Service),9963,8901219338730
Signature Vanilla Cupcake - 1 Pc,CAFE-04189,GST,18,23.98,88.0,18,Fresh Pastries & Cakes,1905,8909795737756
Artisan Milk Chocolate Bar - 100g Bar,CAFE-04190,GST,18,56.9,213.0,38,Chocolates & Confectionery,1806,8902072594037
Premium Cold Coffee Classic - Large,CAFE-04191,GST,5,111.58,293.0,2,Prepared Beverages (Cafe Service),9963,8909845522554
Classic Aloo Puff / Patties - 1 Pc,CAFE-04192,GST,5,10.51,42.0,4,Prepared Snacks & Sandwiches (Cafe Service),9963,8904136325586
Signature Red Velvet Cake - 500g,CAFE-04193,GST,18,432.98,1119.0,13,Fresh Pastries & Cakes,1905,8906131113723
Hazelnut Pralines - Box of 9,CAFE-04194,GST,18,199.62,504.0,22,Chocolates & Confectionery,1806,8903522111189
Deluxe Red Velvet Cake - 500g,CAFE-04195,GST,18,307.51,992.0,9,Fresh Pastries & Cakes,1905,8903091389198
Artisan Espresso - Single Shot,CAFE-04196,GST,5,37.76,139.0,18,Prepared Beverages (Cafe Service),9963,8902896818143
Suji Rusk - 400g Pack,CAFE-04197,GST,5,40.81,108.0,38,Breads & Savory (Retail),1905,8908805887796
Gourmet Veg Grilled Sandwich - Cheese Burst,CAFE-04198,GST,5,49.63,160.0,7,Prepared Snacks & Sandwiches (Cafe Service),9963,8904464423598
Deluxe Hazelnut Pralines - Box of 9,CAFE-04199,GST,18,156.84,540.0,52,Chocolates & Confectionery,1806,8902702907542
Pizza Base - Pack of 2,CAFE-04200,GST,5,15.54,45.0,51,Breads & Savory (Retail),1905,8908363915965
Deluxe Chicken Puff - 1 Pc,CAFE-04201,GST,5,37.21,89.0,3,Prepared Snacks & Sandwiches (Cafe Service),9963,8903484545367
Gourmet Egg & Cheese Croissant - Standard,CAFE-04202,GST,5,86.17,230.0,16,Prepared Snacks & Sandwiches (Cafe Service),9963,8900811759661
Gourmet Milk Chocolate Bar - 100g Bar,CAFE-04203,GST,18,64.75,203.0,32,Chocolates & Confectionery,1806,8909089571070
Freshly Baked Cappuccino - Regular,CAFE-04204,GST,5,53.73,209.0,7,Prepared Beverages (Cafe Service),9963,8903596065855
Multigrain Bread - 400g Pack,CAFE-04205,GST,5,31.37,86.0,28,Breads & Savory (Retail),1905,8906048848618
House Special Chocolate Brownie - With Walnut,CAFE-04206,GST,18,52.0,144.0,14,Fresh Pastries & Cakes,1905,8908263690089
Artisan Hazelnut Pralines - Box of 9,CAFE-04207,GST,18,187.02,531.0,54,Chocolates & Confectionery,1806,8900774674334
House Special Chocolate Brownie - 1 Pc,CAFE-04208,GST,18,38.66,140.0,5,Fresh Pastries & Cakes,1905,8903334317274
Premium Chicken Puff - 1 Pc,CAFE-04209,GST,5,26.99,84.0,9,Prepared Snacks & Sandwiches (Cafe Service),9963,8904026101585
Cake Rusk - 300g Pack,CAFE-04210,GST,5,57.43,135.0,43,Breads & Savory (Retail),1905,8908577884620
Artisan Oatmeal & Raisin Cookies - 250g Box,CAFE-04211,GST,18,119.18,281.0,48,Packaged Biscuits & Cookies,1905,8906682726340
Pineapple Pastry - 2 Slices,CAFE-04212,GST,18,53.29,186.0,10,Fresh Pastries & Cakes,1905,8901818271513
Deluxe Blueberry Cheesecake Slice - 1 Slice,CAFE-04213,GST,18,95.83,235.0,15,Fresh Pastries & Cakes,1905,8903439463571
House Special Chicken Puff - 1 Pc,CAFE-04214,GST,5,31.47,96.0,9,Prepared Snacks & Sandwiches (Cafe Service),9963,8907457147274
Premium Hazelnut Pralines - Box of 9,CAFE-04215,GST,18,189.86,640.0,53,Chocolates & Confectionery,1806,8908071233678
Premium Chocolate Truffle Cake - 2kg,CAFE-04216,GST,18,1041.82,2799.0,7,Fresh Pastries & Cakes,1905,8903739977041
Deluxe Almond Biscotti - 200g Box,CAFE-04217,GST,18,115.13,339.0,28,Packaged Biscuits & Cookies,1905,8906432359063
Pav Buns - Pack of 6,CAFE-04218,GST,5,29.0,113.0,47,Breads & Savory (Retail),1905,8904004210997
Gourmet Paneer Puff - 1 Pc,CAFE-04219,GST,5,28.83,67.0,20,Prepared Snacks & Sandwiches (Cafe Service),9963,8906667939927
Artisan Egg & Cheese Croissant - Standard,CAFE-04220,GST,5,80.18,278.0,17,Prepared Snacks & Sandwiches (Cafe Service),9963,8909890978920
Signature Mango Smoothie - Regular,CAFE-04221,GST,5,58.68,222.0,5,Prepared Beverages (Cafe Service),9963,8903624083195
Freshly Baked Dark Chocolate Bar (70%) - 100g Bar,CAFE-04222,GST,18,92.27,283.0,31,Chocolates & Confectionery,1806,8905632250546
Deluxe Mango Smoothie - Regular,CAFE-04223,GST,5,65.65,244.0,2,Prepared Beverages (Cafe Service),9963,8905954742002
Freshly Baked Paneer Tikka Wrap - Standard,CAFE-04224,GST,5,78.92,205.0,16,Prepared Snacks & Sandwiches (Cafe Service),9963,8901424388013
Freshly Baked Hazelnut Pralines - Box of 9,CAFE-04225,GST,18,188.07,595.0,33,Chocolates & Confectionery,1806,8900969657385
Pav Buns - Pack of 6,CAFE-04226,GST,5,38.43,95.0,46,Breads & Savory (Retail),1905,8902159805602
Multigrain Bread - 400g Pack,CAFE-04227,GST,5,33.64,88.0,56,Breads & Savory (Retail),1905,8901337800684
Classic Vanilla Cupcake - Box of 4,CAFE-04228,GST,18,81.82,214.0,13,Fresh Pastries & Cakes,1905,8905507932008
Multigrain Bread - 400g Pack,CAFE-04229,GST,5,25.19,88.0,22,Breads & Savory (Retail),1905,8903061085570
Gourmet Butter Cookies - 250g Box,CAFE-04230,GST,18,48.12,176.0,39,Packaged Biscuits & Cookies,1905,8904151182224
Red Velvet Cake - 500g,CAFE-04231,GST,18,410.64,961.0,6,Fresh Pastries & Cakes,1905,8903232139928
Freshly Baked Nankhatai - 250g Box,CAFE-04232,GST,18,61.8,191.0,35,Packaged Biscuits & Cookies,1905,8900221491610
Signature Assorted Truffles - Box of 12,CAFE-04233,GST,18,227.44,895.0,15,Chocolates & Confectionery,1806,8905978428143
Milk Chocolate Bar - 100g Bar,CAFE-04234,GST,18,63.7,219.0,22,Chocolates & Confectionery,1806,8909979817630
Premium Assorted Truffles - Box of 6,CAFE-04235,GST,18,124.06,452.0,28,Chocolates & Confectionery,1806,8901670141048
Gourmet Paneer Tikka Wrap - Standard,CAFE-04236,GST,5,62.27,176.0,6,Prepared Snacks & Sandwiches (Cafe Service),9963,8900098327365
Garlic Bread Loaf - 1 Pc,CAFE-04237,GST,5,33.15,111.0,59,Breads & Savory (Retail),1905,8902056567916
Handcrafted Cappuccino - Regular,CAFE-04238,GST,5,52.6,206.0,11,Prepared Beverages (Cafe Service),9963,8904013059725
Garlic Bread Loaf - 1 Pc,CAFE-04239,GST,5,38.15,124.0,17,Breads & Savory (Retail),1905,8907306868878
Artisan Cappuccino - Regular,CAFE-04240,GST,5,51.08,200.0,6,Prepared Beverages (Cafe Service),9963,8902854040261
House Special Green Tea - Pot,CAFE-04241,GST,5,92.0,219.0,15,Prepared Beverages (Cafe Service),9963,8902258481906
Blueberry Cheesecake Slice - 1 Slice,CAFE-04242,GST,18,67.4,234.0,19,Fresh Pastries & Cakes,1905,8901470564971
Premium Cafe Latte - Iced,CAFE-04243,GST,5,56.31,181.0,5,Prepared Beverages (Cafe Service),9963,8905334533843
Chocolate Truffle Cake - 1kg,CAFE-04244,GST,18,478.54,1492.0,8,Fresh Pastries & Cakes,1905,8903102085205
Cold Coffee Classic - Large,CAFE-04245,GST,5,81.4,323.0,10,Prepared Beverages (Cafe Service),9963,8904058565951
Signature Cheese Croissant - 1 Pc,CAFE-04246,GST,5,50.46,181.0,3,Prepared Snacks & Sandwiches (Cafe Service),9963,8904449209545
Classic Oatmeal & Raisin Cookies - 250g Box,CAFE-04247,GST,18,109.33,282.0,21,Packaged Biscuits & Cookies,1905,8907949442283
Suji Rusk - 400g Pack,CAFE-04248,GST,5,21.74,85.0,53,Breads & Savory (Retail),1905,8906304955094
Freshly Baked Mango Smoothie - Regular,CAFE-04249,GST,5,64.73,193.0,19,Prepared Beverages (Cafe Service),9963,8908281059251
Whole Wheat Bread - 400g Pack,CAFE-04250,GST,5,17.21,65.0,39,Breads & Savory (Retail),1905,8902311665563
Artisan Hazelnut Pralines - Box of 9,CAFE-04251,GST,18,146.91,503.0,58,Chocolates & Confectionery,1806,8903359015640
Gourmet Mocha Frappe - Large,CAFE-04252,GST,5,123.9,462.0,10,Prepared Beverages (Cafe Service),9963,8906735928396
Suji Rusk - 400g Pack,CAFE-04253,GST,5,36.93,88.0,40,Breads & Savory (Retail),1905,8901656657640
Gourmet Hot Chocolate - Regular,CAFE-04254,GST,5,71.25,222.0,5,Prepared Beverages (Cafe Service),9963,8907110696796
Freshly Baked Egg & Cheese Croissant - Standard,CAFE-04255,GST,5,83.42,280.0,6,Prepared Snacks & Sandwiches (Cafe Service),9963,8903443692851
Deluxe Jeera Biscuits - 250g Box,CAFE-04256,GST,18,46.54,144.0,33,Packaged Biscuits & Cookies,1905,8907741733360
Deluxe Black Forest Pastry - 2 Slices,CAFE-04257,GST,18,83.66,256.0,3,Fresh Pastries & Cakes,1905,8905345035816
Milk Chocolate Bar - 100g Bar,CAFE-04258,GST,18,70.3,223.0,55,Chocolates & Confectionery,1806,8900618464876
Gourmet Mango Mousse Cup - Standard,CAFE-04259,GST,18,40.95,149.0,2,Fresh Pastries & Cakes,1905,8903632428662
Pav Buns - Pack of 6,CAFE-04260,GST,5,48.47,119.0,44,Breads & Savory (Retail),1905,8903665667390
Classic Espresso - Double Shot,CAFE-04261,GST,5,73.45,227.0,7,Prepared Beverages (Cafe Service),9963,8903657614766
Premium Almond Biscotti - 200g Box,CAFE-04262,GST,18,145.75,328.0,25,Packaged Biscuits & Cookies,1905,8902612349457
Pizza Base - Pack of 4,CAFE-04263,GST,5,44.37,134.0,32,Breads & Savory (Retail),1905,8908261481099
Deluxe Almond Biscotti - 200g Box,CAFE-04264,GST,18,92.76,365.0,30,Packaged Biscuits & Cookies,1905,8903807033156
House Special Peach Iced Tea - Regular,CAFE-04265,GST,5,57.8,153.0,3,Prepared Beverages (Cafe Service),9963,8908519838606
Freshly Baked Chicken Puff - 1 Pc,CAFE-04266,GST,5,30.14,96.0,13,Prepared Snacks & Sandwiches (Cafe Service),9963,8906911030897
Signature Nankhatai - 250g Box,CAFE-04267,GST,18,50.58,171.0,16,Packaged Biscuits & Cookies,1905,8904044161661
Premium Milk Bread - 400g Pack,CAFE-04268,GST,5,15.89,50.0,27,Breads & Savory (Retail),1905,8909610480880
Freshly Baked Almond Biscotti - 200g Box,CAFE-04269,GST,18,112.15,384.0,48,Packaged Biscuits & Cookies,1905,8907584024938
Deluxe Cappuccino - Regular,CAFE-04270,GST,5,54.42,194.0,16,Prepared Beverages (Cafe Service),9963,8909354445890
Signature Almond Biscotti - 200g Box,CAFE-04271,GST,18,89.3,351.0,52,Packaged Biscuits & Cookies,1905,8909526145782
Gourmet Oatmeal & Raisin Cookies - 250g Box,CAFE-04272,GST,18,93.59,242.0,37,Packaged Biscuits & Cookies,1905,8901281637996
Whole Wheat Bread - 400g Pack,CAFE-04273,GST,5,15.0,58.0,50,Breads & Savory (Retail),1905,8905683695700
Signature Mango Mousse Cup - Standard,CAFE-04274,GST,18,60.87,147.0,15,Fresh Pastries & Cakes,1905,8902923562134
Garlic Bread Loaf - 1 Pc,CAFE-04275,GST,5,28.07,102.0,16,Breads & Savory (Retail),1905,8905749213860
Deluxe Mango Smoothie - Regular,CAFE-04276,GST,5,63.69,228.0,18,Prepared Beverages (Cafe Service),9963,8907024564531
Gourmet Assorted Truffles - Box of 12,CAFE-04277,GST,18,255.25,884.0,45,Chocolates & Confectionery,1806,8900096089674
Choco Chip Cookies - 500g Box,CAFE-04278,GST,18,165.93,448.0,56,Packaged Biscuits & Cookies,1905,8907161563360
Premium Cappuccino - Regular,CAFE-04279,GST,5,60.58,208.0,8,Prepared Beverages (Cafe Service),9963,8901230367268
Artisan Jeera Biscuits - 250g Box,CAFE-04280,GST,18,54.08,159.0,17,Packaged Biscuits & Cookies,1905,8903503420628
Deluxe Fruit & Nut Chocolate - 100g Bar,CAFE-04281,GST,18,116.92,315.0,33,Chocolates & Confectionery,1806,8908511688392
Signature Pineapple Pastry - 2 Slices,CAFE-04282,GST,18,63.39,196.0,13,Fresh Pastries & Cakes,1905,8908733466766
Artisan Paneer Tikka Wrap - Standard,CAFE-04283,GST,5,61.16,216.0,8,Prepared Snacks & Sandwiches (Cafe Service),9963,8907038774643
Deluxe Paneer Puff - 1 Pc,CAFE-04284,GST,5,25.19,63.0,16,Prepared Snacks & Sandwiches (Cafe Service),9963,8900445542835
Freshly Baked Fruit & Nut Chocolate - 100g Bar,CAFE-04285,GST,18,116.43,266.0,32,Chocolates & Confectionery,1806,8903805479489
Premium Egg & Cheese Croissant - Standard,CAFE-04286,GST,5,68.76,254.0,3,Prepared Snacks & Sandwiches (Cafe Service),9963,8908075393985
Artisan Peach Iced Tea - Large,CAFE-04287,GST,5,91.17,342.0,10,Prepared Beverages (Cafe Service),9963,8902709839654
Signature Fruit & Nut Chocolate - 100g Bar,CAFE-04288,GST,18,119.34,309.0,47,Chocolates & Confectionery,1806,8900536347167
Handcrafted Veg Grilled Sandwich - Cheese Burst,CAFE-04289,GST,5,44.98,164.0,19,Prepared Snacks & Sandwiches (Cafe Service),9963,8900544529258
Pizza Base - Pack of 2,CAFE-04290,GST,5,14.98,48.0,31,Breads & Savory (Retail),1905,8905921893105
Deluxe Cheese Croissant - 1 Pc,CAFE-04291,GST,5,49.66,163.0,10,Prepared Snacks & Sandwiches (Cafe Service),9963,8906184165714
Handcrafted Chocolate Brownie - Fudge,CAFE-04292,GST,18,40.13,158.0,5,Fresh Pastries & Cakes,1905,8900566326246
Premium Milk Bread - 400g Pack,CAFE-04293,GST,5,16.75,59.0,55,Breads & Savory (Retail),1905,8907865357866
Gourmet Peach Iced Tea - Regular,CAFE-04294,GST,5,81.76,184.0,6,Prepared Beverages (Cafe Service),9963,8901124586154
Freshly Baked Mango Smoothie - Regular,CAFE-04295,GST,5,97.38,232.0,13,Prepared Beverages (Cafe Service),9963,8901996832762
Signature Veg Grilled Sandwich - Standard,CAFE-04296,GST,5,69.79,157.0,20,Prepared Snacks & Sandwiches (Cafe Service),9963,8906023398047
Handcrafted Dark Chocolate Bar (70%) - 100g Bar,CAFE-04297,GST,18,112.24,284.0,32,Chocolates & Confectionery,1806,8903758116259
Deluxe Peach Iced Tea - Regular,CAFE-04298,GST,5,67.1,162.0,16,Prepared Beverages (Cafe Service),9963,8907716315938
Handcrafted Vanilla Cupcake - 1 Pc,CAFE-04299,GST,18,28.87,84.0,5,Fresh Pastries & Cakes,1905,8901891928344
Artisan Chocolate Truffle Cake - 1kg,CAFE-04300,GST,18,417.5,1585.0,9,Fresh Pastries & Cakes,1905,8905889743540
Classic Paneer Puff - 1 Pc,CAFE-04301,GST,5,25.19,69.0,13,Prepared Snacks & Sandwiches (Cafe Service),9963,8904928767567
Gourmet Choco Chip Cookies - 500g Box,CAFE-04302,GST,18,180.99,423.0,36,Packaged Biscuits & Cookies,1905,8903924133733
Cake Rusk - 300g Pack,CAFE-04303,GST,5,45.1,148.0,34,Breads & Savory (Retail),1905,8904489020842
Hot Chocolate - With Marshmallows,CAFE-04304,GST,5,73.09,236.0,6,Prepared Beverages (Cafe Service),9963,8901578644829
Artisan Cappuccino - Regular,CAFE-04305,GST,5,74.18,205.0,18,Prepared Beverages (Cafe Service),9963,8907001906246
Classic Choco Chip Cookies - 250g Box,CAFE-04306,GST,18,90.3,256.0,24,Packaged Biscuits & Cookies,1905,8904437629206
House Special Mocha Frappe - Large,CAFE-04307,GST,5,134.16,508.0,15,Prepared Beverages (Cafe Service),9963,8907037070109
Handcrafted Almond Biscotti - 200g Box,CAFE-04308,GST,18,128.0,363.0,47,Packaged Biscuits & Cookies,1905,8908257843711
Gourmet Cappuccino - Large,CAFE-04309,GST,5,102.37,352.0,17,Prepared Beverages (Cafe Service),9963,8908188758158
Classic Chicken Tikka Sandwich - Standard,CAFE-04310,GST,5,79.39,204.0,18,Prepared Snacks & Sandwiches (Cafe Service),9963,8904087195715
Artisan Cafe Latte - Regular,CAFE-04311,GST,5,60.95,225.0,10,Prepared Beverages (Cafe Service),9963,8907194065685
Signature Veg Grilled Sandwich - Standard,CAFE-04312,GST,5,45.61,176.0,19,Prepared Snacks & Sandwiches (Cafe Service),9963,8906146391027
Signature Milk Chocolate Bar - 100g Bar,CAFE-04313,GST,18,52.84,208.0,27,Chocolates & Confectionery,1806,8907623147012
Gourmet Espresso - Double Shot,CAFE-04314,GST,5,73.06,253.0,7,Prepared Beverages (Cafe Service),9963,8909266923620
Classic Red Velvet Cake - 1kg,CAFE-04315,GST,18,748.31,1985.0,18,Fresh Pastries & Cakes,1905,8907630298628
Signature Pineapple Pastry - 1 Slice,CAFE-04316,GST,18,32.38,94.0,18,Fresh Pastries & Cakes,1905,8908535913582
Handcrafted Hazelnut Pralines - Box of 9,CAFE-04317,GST,18,183.2,645.0,43,Chocolates & Confectionery,1806,8908882459198
Signature Mango Smoothie - Regular,CAFE-04318,GST,5,83.58,202.0,17,Prepared Beverages (Cafe Service),9963,8902328823927
Signature Oatmeal & Raisin Cookies - 250g Box,CAFE-04319,GST,18,95.41,291.0,38,Packaged Biscuits & Cookies,1905,8905440547553
Pizza Base - Pack of 2,CAFE-04320,GST,5,12.43,46.0,17,Breads & Savory (Retail),1905,8907024991410
Handcrafted Hazelnut Pralines - Box of 9,CAFE-04321,GST,18,208.17,630.0,51,Chocolates & Confectionery,1806,8906753600454
Classic Jeera Biscuits - 500g Box,CAFE-04322,GST,18,98.76,283.0,44,Packaged Biscuits & Cookies,1905,8903732695372
Oatmeal & Raisin Cookies - 250g Box,CAFE-04323,GST,18,84.51,296.0,22,Packaged Biscuits & Cookies,1905,8902269514369
Premium Milk Bread - 400g Pack,CAFE-04324,GST,5,18.71,46.0,37,Breads & Savory (Retail),1905,8908534029708
Deluxe Paneer Puff - 1 Pc,CAFE-04325,GST,5,20.74,72.0,17,Prepared Snacks & Sandwiches (Cafe Service),9963,8900640137489
Gourmet Peach Iced Tea - Regular,CAFE-04326,GST,5,48.05,184.0,14,Prepared Beverages (Cafe Service),9963,8909246105993
Freshly Baked Black Forest Pastry - 2 Slices,CAFE-04327,GST,18,74.32,245.0,2,Fresh Pastries & Cakes,1905,8905051594906
Gourmet Red Velvet Cake - 1kg,CAFE-04328,GST,18,466.77,1864.0,16,Fresh Pastries & Cakes,1905,8900610500917
Handcrafted Mango Mousse Cup - Standard,CAFE-04329,GST,18,37.41,142.0,16,Fresh Pastries & Cakes,1905,8907408988479
Premium Mocha Frappe - Regular,CAFE-04330,GST,5,77.83,272.0,13,Prepared Beverages (Cafe Service),9963,8904516433982
Handcrafted Egg & Cheese Croissant - Standard,CAFE-04331,GST,5,125.83,286.0,16,Prepared Snacks & Sandwiches (Cafe Service),9963,8904188682875
Classic Cappuccino - Large,CAFE-04332,GST,5,102.79,353.0,3,Prepared Beverages (Cafe Service),9963,8907557861658
Artisan Butter Cookies - 250g Box,CAFE-04333,GST,18,44.03,164.0,28,Packaged Biscuits & Cookies,1905,8902206462066
Deluxe Cafe Latte - Iced,CAFE-04334,GST,5,51.33,185.0,20,Prepared Beverages (Cafe Service),9963,8904102829638
Gourmet Assorted Truffles - Box of 6,CAFE-04335,GST,18,136.56,447.0,56,Chocolates & Confectionery,1806,8902803151226
Handcrafted Almond Biscotti - 200g Box,CAFE-04336,GST,18,102.25,332.0,56,Packaged Biscuits & Cookies,1905,8902578363681
Garlic Bread Loaf - 1 Pc,CAFE-04337,GST,5,49.45,122.0,35,Breads & Savory (Retail),1905,8902600118123
Deluxe Chocolate Brownie - 1 Pc,CAFE-04338,GST,18,40.17,148.0,19,Fresh Pastries & Cakes,1905,8900122124365
Whole Wheat Bread - 400g Pack,CAFE-04339,GST,5,15.09,55.0,32,Breads & Savory (Retail),1905,8905205009911
House Special Cheese Croissant - 1 Pc,CAFE-04340,GST,5,53.86,168.0,13,Prepared Snacks & Sandwiches (Cafe Service),9963,8901115041225
Classic Pineapple Pastry - 1 Slice,CAFE-04341,GST,18,38.74,117.0,12,Fresh Pastries & Cakes,1905,8900826703909
Handcrafted Hot Chocolate - Regular,CAFE-04342,GST,5,100.82,239.0,9,Prepared Beverages (Cafe Service),9963,8907191045141
Handcrafted Jeera Biscuits - 250g Box,CAFE-04343,GST,18,50.73,149.0,17,Packaged Biscuits & Cookies,1905,8909583483591
Pav Buns - Pack of 6,CAFE-04344,GST,5,33.61,119.0,34,Breads & Savory (Retail),1905,8907990523347
Handcrafted Butter Cookies - 250g Box,CAFE-04345,GST,18,67.58,192.0,41,Packaged Biscuits & Cookies,1905,8903640585881
Handcrafted Mango Mousse Cup - Standard,CAFE-04346,GST,18,51.19,156.0,2,Fresh Pastries & Cakes,1905,8907757662710
Artisan Hazelnut Pralines - Box of 9,CAFE-04347,GST,18,150.53,542.0,17,Chocolates & Confectionery,1806,8903073538682
Chicken Tikka Sandwich - Standard,CAFE-04348,GST,5,79.27,241.0,2,Prepared Snacks & Sandwiches (Cafe Service),9963,8900786169008
Handcrafted Choco Chip Cookies - 500g Box,CAFE-04349,GST,18,171.04,395.0,43,Packaged Biscuits & Cookies,1905,8904814443944
Gourmet Cafe Latte - Large,CAFE-04350,GST,5,90.85,326.0,13,Prepared Beverages (Cafe Service),9963,8901981383349
House Special Milk Chocolate Bar - 100g Bar,CAFE-04351,GST,18,61.47,235.0,51,Chocolates & Confectionery,1806,8909277771358
Gourmet Chicken Puff - 1 Pc,CAFE-04352,GST,5,31.12,73.0,5,Prepared Snacks & Sandwiches (Cafe Service),9963,8901378718797
Fruit & Nut Chocolate - 100g Bar,CAFE-04353,GST,18,140.55,324.0,18,Chocolates & Confectionery,1806,8907725840090
House Special Cafe Latte - Iced,CAFE-04354,GST,5,43.06,172.0,10,Prepared Beverages (Cafe Service),9963,8906660506890
Suji Rusk - 400g Pack,CAFE-04355,GST,5,33.15,104.0,53,Breads & Savory (Retail),1905,8907378407041
Freshly Baked Veg Grilled Sandwich - Standard,CAFE-04356,GST,5,58.53,172.0,5,Prepared Snacks & Sandwiches (Cafe Service),9963,8907723797309
Signature Mango Mousse Cup - Standard,CAFE-04357,GST,18,70.16,169.0,20,Fresh Pastries & Cakes,1905,8902518647048
Artisan Almond Biscotti - 200g Box,CAFE-04358,GST,18,129.46,304.0,43,Packaged Biscuits & Cookies,1905,8904471565037
Artisan Mango Mousse Cup - Standard,CAFE-04359,GST,18,49.08,157.0,9,Fresh Pastries & Cakes,1905,8908268201202
Classic Assorted Truffles - Box of 12,CAFE-04360,GST,18,221.06,827.0,18,Chocolates & Confectionery,1806,8907679575718
House Special Peach Iced Tea - Regular,CAFE-04361,GST,5,64.48,145.0,16,Prepared Beverages (Cafe Service),9963,8903658794923
Premium Mango Mousse Cup - Standard,CAFE-04362,GST,18,34.94,135.0,19,Fresh Pastries & Cakes,1905,8901783135719
Gourmet Red Velvet Cake - 1kg,CAFE-04363,GST,18,621.27,1908.0,15,Fresh Pastries & Cakes,1905,8905881883760
Premium Cappuccino - Large,CAFE-04364,GST,5,107.06,304.0,3,Prepared Beverages (Cafe Service),9963,8907584939178
Cake Rusk - 300g Pack,CAFE-04365,GST,5,40.54,159.0,32,Breads & Savory (Retail),1905,8904434028855
Deluxe Chicken Tikka Sandwich - Standard,CAFE-04366,GST,5,91.03,218.0,12,Prepared Snacks & Sandwiches (Cafe Service),9963,8906635790381
Classic Chicken Puff - 1 Pc,CAFE-04367,GST,5,24.0,73.0,8,Prepared Snacks & Sandwiches (Cafe Service),9963,8908654370112
Cafe Latte - Iced,CAFE-04368,GST,5,80.56,197.0,10,Prepared Beverages (Cafe Service),9963,8909761934877
Premium Hazelnut Pralines - Box of 9,CAFE-04369,GST,18,237.49,532.0,54,Chocolates & Confectionery,1806,8908624531157
House Special Chocolate Truffle Cake - 1kg,CAFE-04370,GST,18,360.17,1354.0,5,Fresh Pastries & Cakes,1905,8900684666565
Freshly Baked Aloo Puff / Patties - 1 Pc,CAFE-04371,GST,5,10.9,38.0,20,Prepared Snacks & Sandwiches (Cafe Service),9963,8901037497364
Premium Jeera Biscuits - 500g Box,CAFE-04372,GST,18,109.32,256.0,25,Packaged Biscuits & Cookies,1905,8904987641557
Signature Dark Chocolate Bar (70%) - 100g Bar,CAFE-04373,GST,18,75.05,297.0,59,Chocolates & Confectionery,1806,8909139683902
Gourmet Paneer Tikka Wrap - Standard,CAFE-04374,GST,5,74.67,188.0,2,Prepared Snacks & Sandwiches (Cafe Service),9963,8907113503366
Aloo Puff / Patties - 2 Pcs,CAFE-04375,GST,5,11.84,38.0,15,Prepared Snacks & Sandwiches (Cafe Service),9963,8907744732457
Freshly Baked Mango Mousse Cup - Standard,CAFE-04376,GST,18,41.13,160.0,19,Fresh Pastries & Cakes,1905,8904727604128
Premium Chocolate Brownie - With Walnut,CAFE-04377,GST,18,50.46,146.0,20,Fresh Pastries & Cakes,1905,8909444283963
Pizza Base - Pack of 4,CAFE-04378,GST,5,47.85,132.0,52,Breads & Savory (Retail),1905,8905547120073
Artisan Vanilla Cupcake - Box of 6,CAFE-04379,GST,18,29.46,85.0,19,Fresh Pastries & Cakes,1905,8902423997767
Choco Chip Cookies - 250g Box,CAFE-04380,GST,18,74.24,235.0,51,Packaged Biscuits & Cookies,1905,8901875990588
Deluxe Butter Cookies - 500g Box,CAFE-04381,GST,18,104.7,309.0,33,Packaged Biscuits & Cookies,1905,8901188034670
Premium Assorted Truffles - Box of 12,CAFE-04382,GST,18,277.75,912.0,49,Chocolates & Confectionery,1806,8904738106370
Premium Hazelnut Pralines - Box of 9,CAFE-04383,GST,18,259.5,588.0,23,Chocolates & Confectionery,1806,8902616340546
Nankhatai - 250g Box,CAFE-04384,GST,18,60.38,145.0,37,Packaged Biscuits & Cookies,1905,8902400175504
Handcrafted Egg & Cheese Croissant - Standard,CAFE-04385,GST,5,93.77,255.0,6,Prepared Snacks & Sandwiches (Cafe Service),9963,8907701533879
Garlic Bread Loaf - 1 Pc,CAFE-04386,GST,5,41.58,103.0,30,Breads & Savory (Retail),1905,8908118740074
Multigrain Bread - 400g Pack,CAFE-04387,GST,5,24.23,85.0,31,Breads & Savory (Retail),1905,8903237603567
Pizza Base - Pack of 4,CAFE-04388,GST,5,36.2,111.0,23,Breads & Savory (Retail),1905,8902647283334
Gourmet Dark Chocolate Bar (70%) - 100g Bar,CAFE-04389,GST,18,60.09,228.0,58,Chocolates & Confectionery,1806,8903222756175
Freshly Baked Egg & Cheese Croissant - Standard,CAFE-04390,GST,5,113.36,264.0,16,Prepared Snacks & Sandwiches (Cafe Service),9963,8903098181924
Premium Dark Chocolate Bar (70%) - 100g Bar,CAFE-04391,GST,18,114.08,286.0,42,Chocolates & Confectionery,1806,8903597522883
Premium Milk Bread - 400g Pack,CAFE-04392,GST,5,19.47,52.0,50,Breads & Savory (Retail),1905,8900092936778
House Special Butter Cookies - 500g Box,CAFE-04393,GST,18,90.63,325.0,53,Packaged Biscuits & Cookies,1905,8904444297372
Classic Mango Smoothie - Regular,CAFE-04394,GST,5,93.08,239.0,10,Prepared Beverages (Cafe Service),9963,8908337557378
Butter Cookies - 250g Box,CAFE-04395,GST,18,45.26,173.0,21,Packaged Biscuits & Cookies,1905,8906531264569
Handcrafted Peach Iced Tea - Large,CAFE-04396,GST,5,85.63,262.0,17,Prepared Beverages (Cafe Service),9963,8901591833335
House Special Cafe Latte - Iced,CAFE-04397,GST,5,78.5,190.0,12,Prepared Beverages (Cafe Service),9963,8908410341137
Multigrain Bread - 400g Pack,CAFE-04398,GST,5,31.92,75.0,44,Breads & Savory (Retail),1905,8903822606868
Signature Hazelnut Pralines - Box of 9,CAFE-04399,GST,18,161.5,495.0,54,Chocolates & Confectionery,1806,8909648863998
Deluxe Mocha Frappe - Large,CAFE-04400,GST,5,158.17,512.0,20,Prepared Beverages (Cafe Service),9963,8905911029849
House Special Dark Chocolate Bar (70%) - 100g Bar,CAFE-04401,GST,18,70.11,226.0,24,Chocolates & Confectionery,1806,8907532969486
Multigrain Bread - 400g Pack,CAFE-04402,GST,5,26.24,92.0,15,Breads & Savory (Retail),1905,8906533239691
Freshly Baked Vanilla Cupcake - Box of 4,CAFE-04403,GST,18,65.15,233.0,4,Fresh Pastries & Cakes,1905,8905164465923
Chicken Puff - 1 Pc,CAFE-04404,GST,5,33.57,83.0,20,Prepared Snacks & Sandwiches (Cafe Service),9963,8900080047032
Cake Rusk - 300g Pack,CAFE-04405,GST,5,51.82,161.0,49,Breads & Savory (Retail),1905,8904391349731
Deluxe Mango Mousse Cup - Standard,CAFE-04406,GST,18,47.0,158.0,9,Fresh Pastries & Cakes,1905,8901290442823
Gourmet Hazelnut Pralines - Box of 9,CAFE-04407,GST,18,212.42,500.0,57,Chocolates & Confectionery,1806,8909728938212
Premium Assorted Truffles - Box of 6,CAFE-04408,GST,18,150.45,536.0,15,Chocolates & Confectionery,1806,8906097849704
Dark Chocolate Bar (70%) - 100g Bar,CAFE-04409,GST,18,68.98,258.0,44,Chocolates & Confectionery,1806,8906631009453
Classic Blueberry Cheesecake Slice - 1 Slice,CAFE-04410,GST,18,89.26,258.0,9,Fresh Pastries & Cakes,1905,8902714725076
Garlic Bread Loaf - 1 Pc,CAFE-04411,GST,5,43.31,131.0,38,Breads & Savory (Retail),1905,8900944483174
Gourmet Fruit & Nut Chocolate - 100g Bar,CAFE-04412,GST,18,63.55,253.0,40,Chocolates & Confectionery,1806,8901687630737
Multigrain Bread - 400g Pack,CAFE-04413,GST,5,30.33,81.0,30,Breads & Savory (Retail),1905,8906391701389
Classic Chicken Tikka Sandwich - Standard,CAFE-04414,GST,5,61.1,225.0,19,Prepared Snacks & Sandwiches (Cafe Service),9963,8908223358623
Signature Choco Chip Cookies - 250g Box,CAFE-04415,GST,18,65.7,252.0,23,Packaged Biscuits & Cookies,1905,8902641014423
Gourmet Mango Mousse Cup - Standard,CAFE-04416,GST,18,47.77,170.0,16,Fresh Pastries & Cakes,1905,8906061251743
Artisan Choco Chip Cookies - 250g Box,CAFE-04417,GST,18,89.24,234.0,54,Packaged Biscuits & Cookies,1905,8908893903169
Gourmet Cold Coffee Classic - Large,CAFE-04418,GST,5,163.16,362.0,6,Prepared Beverages (Cafe Service),9963,8906874851176
Classic Hazelnut Pralines - Box of 9,CAFE-04419,GST,18,137.94,541.0,58,Chocolates & Confectionery,1806,8906859766469
Cake Rusk - 300g Pack,CAFE-04420,GST,5,45.98,154.0,17,Breads & Savory (Retail),1905,8902827746948
Suji Rusk - 400g Pack,CAFE-04421,GST,5,35.64,94.0,33,Breads & Savory (Retail),1905,8907820013768
Suji Rusk - 400g Pack,CAFE-04422,GST,5,27.01,83.0,58,Breads & Savory (Retail),1905,8904204653521
House Special Hazelnut Pralines - Box of 9,CAFE-04423,GST,18,170.65,629.0,23,Chocolates & Confectionery,1806,8906779830020
Premium Milk Bread - 400g Pack,CAFE-04424,GST,5,12.45,48.0,46,Breads & Savory (Retail),1905,8907900121532
Pizza Base - Pack of 2,CAFE-04425,GST,5,17.09,49.0,15,Breads & Savory (Retail),1905,8906271810631
Freshly Baked Paneer Puff - 1 Pc,CAFE-04426,GST,5,29.17,67.0,14,Prepared Snacks & Sandwiches (Cafe Service),9963,8907646290651
Classic Mocha Frappe - Regular,CAFE-04427,GST,5,103.8,288.0,10,Prepared Beverages (Cafe Service),9963,8907370421415
Garlic Bread Loaf - 1 Pc,CAFE-04428,GST,5,36.6,130.0,46,Breads & Savory (Retail),1905,8900009854506
House Special Fruit & Nut Chocolate - 100g Bar,CAFE-04429,GST,18,104.55,305.0,57,Chocolates & Confectionery,1806,8903812354336
Artisan Vanilla Cupcake - 1 Pc,CAFE-04430,GST,18,19.45,77.0,3,Fresh Pastries & Cakes,1905,8902070737366
Premium Veg Grilled Sandwich - Standard,CAFE-04431,GST,5,47.03,155.0,16,Prepared Snacks & Sandwiches (Cafe Service),9963,8906079046600
Premium Oatmeal & Raisin Cookies - 250g Box,CAFE-04432,GST,18,99.58,269.0,27,Packaged Biscuits & Cookies,1905,8904499161590
Pav Buns - Pack of 6,CAFE-04433,GST,5,44.88,110.0,35,Breads & Savory (Retail),1905,8905574194508
Gourmet Fruit & Nut Chocolate - 100g Bar,CAFE-04434,GST,18,108.49,284.0,29,Chocolates & Confectionery,1806,8904091616931
Garlic Bread Loaf - 1 Pc,CAFE-04435,GST,5,38.11,106.0,26,Breads & Savory (Retail),1905,8908043326444
Gourmet Nankhatai - 250g Box,CAFE-04436,GST,18,39.97,158.0,41,Packaged Biscuits & Cookies,1905,8901528681591
Freshly Baked Jeera Biscuits - 500g Box,CAFE-04437,GST,18,132.57,296.0,46,Packaged Biscuits & Cookies,1905,8909491790608
Handcrafted Chocolate Truffle Cake - 1kg,CAFE-04438,GST,18,573.05,1666.0,6,Fresh Pastries & Cakes,1905,8909822489714
Handcrafted Espresso - Double Shot,CAFE-04439,GST,5,74.66,217.0,12,Prepared Beverages (Cafe Service),9963,8900002197976
Artisan Almond Biscotti - 200g Box,CAFE-04440,GST,18,102.0,351.0,41,Packaged Biscuits & Cookies,1905,8900165612466
Suji Rusk - 400g Pack,CAFE-04441,GST,5,36.69,90.0,38,Breads & Savory (Retail),1905,8901628026142
Pizza Base - Pack of 4,CAFE-04442,GST,5,37.06,114.0,37,Breads & Savory (Retail),1905,8901368194804
Signature Almond Biscotti - 200g Box,CAFE-04443,GST,18,109.19,375.0,17,Packaged Biscuits & Cookies,1905,8900272917141
Classic Chocolate Truffle Cake - 500g,CAFE-04444,GST,18,218.66,866.0,13,Fresh Pastries & Cakes,1905,8908884193626
Signature Dark Chocolate Bar (70%) - 100g Bar,CAFE-04445,GST,18,109.02,299.0,31,Chocolates & Confectionery,1806,8906078182952
Classic Red Velvet Cake - 1kg,CAFE-04446,GST,18,416.2,1608.0,8,Fresh Pastries & Cakes,1905,8901142311547
Freshly Baked Cheese Croissant - 1 Pc,CAFE-04447,GST,5,52.87,186.0,20,Prepared Snacks & Sandwiches (Cafe Service),9963,8908831206053
Signature Paneer Puff - 1 Pc,CAFE-04448,GST,5,27.19,68.0,18,Prepared Snacks & Sandwiches (Cafe Service),9963,8904512993878
Premium Aloo Puff / Patties - 1 Pc,CAFE-04449,GST,5,13.2,36.0,4,Prepared Snacks & Sandwiches (Cafe Service),9963,8904876427300
Premium Paneer Tikka Wrap - Standard,CAFE-04450,GST,5,50.53,191.0,3,Prepared Snacks & Sandwiches (Cafe Service),9963,8906983292401
Deluxe Vanilla Cupcake - 1 Pc,CAFE-04451,GST,18,39.86,94.0,15,Fresh Pastries & Cakes,1905,8908073281975
Handcrafted Assorted Truffles - Box of 12,CAFE-04452,GST,18,246.58,766.0,50,Chocolates & Confectionery,1806,8909066505655
Pizza Base - Pack of 2,CAFE-04453,GST,5,17.09,51.0,46,Breads & Savory (Retail),1905,8901617277539
Signature Paneer Puff - 1 Pc,CAFE-04454,GST,5,19.09,66.0,15,Prepared Snacks & Sandwiches (Cafe Service),9963,8901186981421
Paneer Puff - 1 Pc,CAFE-04455,GST,5,30.97,71.0,2,Prepared Snacks & Sandwiches (Cafe Service),9963,8904492294689
Gourmet Green Tea - Cup,CAFE-04456,GST,5,35.03,126.0,5,Prepared Beverages (Cafe Service),9963,8908570010920
Deluxe Hot Chocolate - With Marshmallows,CAFE-04457,GST,5,86.4,258.0,12,Prepared Beverages (Cafe Service),9963,8905719557290
Pizza Base - Pack of 2,CAFE-04458,GST,5,13.11,48.0,19,Breads & Savory (Retail),1905,8907673727259
Signature Assorted Truffles - Box of 12,CAFE-04459,GST,18,235.7,813.0,22,Chocolates & Confectionery,1806,8902151009991
Multigrain Bread - 400g Pack,CAFE-04460,GST,5,31.56,94.0,28,Breads & Savory (Retail),1905,8901103580771
Artisan Pineapple Pastry - 1 Slice,CAFE-04461,GST,18,44.41,118.0,12,Fresh Pastries & Cakes,1905,8909387959638
Signature Milk Chocolate Bar - 100g Bar,CAFE-04462,GST,18,74.18,200.0,40,Chocolates & Confectionery,1806,8908196623003
Signature Hot Chocolate - With Marshmallows,CAFE-04463,GST,5,60.8,229.0,13,Prepared Beverages (Cafe Service),9963,8907081518077
Gourmet Egg & Cheese Croissant - Standard,CAFE-04464,GST,5,86.43,254.0,11,Prepared Snacks & Sandwiches (Cafe Service),9963,8904645575310
Gourmet Chocolate Truffle Cake - 1kg,CAFE-04465,GST,18,518.45,1709.0,16,Fresh Pastries & Cakes,1905,8904275714891
Suji Rusk - 400g Pack,CAFE-04466,GST,5,28.63,98.0,37,Breads & Savory (Retail),1905,8903979447401
Gourmet Milk Chocolate Bar - 100g Bar,CAFE-04467,GST,18,56.66,212.0,51,Chocolates & Confectionery,1806,8902725452832
Signature Butter Cookies - 250g Box,CAFE-04468,GST,18,52.25,164.0,52,Packaged Biscuits & Cookies,1905,8901229439715
Classic Pineapple Pastry - 1 Slice,CAFE-04469,GST,18,33.73,115.0,20,Fresh Pastries & Cakes,1905,8904142900940
Freshly Baked Chocolate Brownie - With Walnut,CAFE-04470,GST,18,39.65,152.0,20,Fresh Pastries & Cakes,1905,8902832495110
Artisan Chicken Puff - 1 Pc,CAFE-04471,GST,5,34.94,88.0,11,Prepared Snacks & Sandwiches (Cafe Service),9963,8909116993478
Classic Peach Iced Tea - Large,CAFE-04472,GST,5,102.3,312.0,14,Prepared Beverages (Cafe Service),9963,8907930721782
Chocolate Truffle Cake - 1kg,CAFE-04473,GST,18,469.09,1635.0,3,Fresh Pastries & Cakes,1905,8906846428734
Gourmet Almond Biscotti - 200g Box,CAFE-04474,GST,18,77.18,306.0,47,Packaged Biscuits & Cookies,1905,8907311135492
Handcrafted Nankhatai - 250g Box,CAFE-04475,GST,18,53.51,157.0,33,Packaged Biscuits & Cookies,1905,8904313281561
Cake Rusk - 300g Pack,CAFE-04476,GST,5,41.16,163.0,24,Breads & Savory (Retail),1905,8909046084674
Freshly Baked Chocolate Brownie - 1 Pc,CAFE-04477,GST,18,50.77,160.0,3,Fresh Pastries & Cakes,1905,8901879997179
House Special Blueberry Cheesecake Slice - 1 Slice,CAFE-04478,GST,18,65.33,260.0,17,Fresh Pastries & Cakes,1905,8907115275073
Classic Cappuccino - Regular,CAFE-04479,GST,5,71.24,164.0,14,Prepared Beverages (Cafe Service),9963,8903223628197
Premium Chicken Tikka Sandwich - Standard,CAFE-04480,GST,5,66.13,202.0,15,Prepared Snacks & Sandwiches (Cafe Service),9963,8906196719796
Gourmet Cheese Croissant - 1 Pc,CAFE-04481,GST,5,52.72,152.0,5,Prepared Snacks & Sandwiches (Cafe Service),9963,8904168265970
Classic Chocolate Brownie - 1 Pc,CAFE-04482,GST,18,43.76,168.0,6,Fresh Pastries & Cakes,1905,8907121519709
Signature Cafe Latte - Large,CAFE-04483,GST,5,107.34,319.0,8,Prepared Beverages (Cafe Service),9963,8904992842678
Deluxe Cappuccino - Large,CAFE-04484,GST,5,168.71,374.0,11,Prepared Beverages (Cafe Service),9963,8908512061268
Artisan Hot Chocolate - With Marshmallows,CAFE-04485,GST,5,76.52,205.0,18,Prepared Beverages (Cafe Service),9963,8907715892781
Dark Chocolate Bar (70%) - 100g Bar,CAFE-04486,GST,18,101.67,263.0,51,Chocolates & Confectionery,1806,8909197936864
Whole Wheat Bread - 400g Pack,CAFE-04487,GST,5,15.66,55.0,60,Breads & Savory (Retail),1905,8906109128277
Signature Jeera Biscuits - 500g Box,CAFE-04488,GST,18,80.33,292.0,59,Packaged Biscuits & Cookies,1905,8903767326426
Handcrafted Hazelnut Pralines - Box of 9,CAFE-04489,GST,18,224.9,530.0,23,Chocolates & Confectionery,1806,8903527943407
Handcrafted Vanilla Cupcake - 1 Pc,CAFE-04490,GST,18,30.75,82.0,18,Fresh Pastries & Cakes,1905,8904860564131
Gourmet Assorted Truffles - Box of 12,CAFE-04491,GST,18,229.09,825.0,24,Chocolates & Confectionery,1806,8909729451356
Freshly Baked Black Forest Pastry - 1 Slice,CAFE-04492,GST,18,61.56,137.0,19,Fresh Pastries & Cakes,1905,8901065950363
Classic Dark Chocolate Bar (70%) - 100g Bar,CAFE-04493,GST,18,97.55,298.0,16,Chocolates & Confectionery,1806,8905432260278
Freshly Baked Jeera Biscuits - 250g Box,CAFE-04494,GST,18,60.5,174.0,59,Packaged Biscuits & Cookies,1905,8908375945870
Garlic Bread Loaf - 1 Pc,CAFE-04495,GST,5,51.78,120.0,36,Breads & Savory (Retail),1905,8906400674158
Classic Peach Iced Tea - Large,CAFE-04496,GST,5,126.75,284.0,19,Prepared Beverages (Cafe Service),9963,8907415507576
Signature Oatmeal & Raisin Cookies - 250g Box,CAFE-04497,GST,18,89.78,290.0,21,Packaged Biscuits & Cookies,1905,8904819642404
Cake Rusk - 300g Pack,CAFE-04498,GST,5,67.02,157.0,19,Breads & Savory (Retail),1905,8906002226567
Gourmet Paneer Tikka Wrap - Standard,CAFE-04499,GST,5,64.68,169.0,10,Prepared Snacks & Sandwiches (Cafe Service),9963,8901781480896
Premium Almond Biscotti - 200g Box,CAFE-04500,GST,18,95.96,317.0,57,Packaged Biscuits & Cookies,1905,8901193687574
Deluxe Chocolate Truffle Cake - 500g,CAFE-04501,GST,18,271.29,834.0,10,Fresh Pastries & Cakes,1905,8904471869413
Artisan Veg Grilled Sandwich - Cheese Burst,CAFE-04502,GST,5,51.07,159.0,15,Prepared Snacks & Sandwiches (Cafe Service),9963,8902835571427
Red Velvet Cake - 500g,CAFE-04503,GST,18,347.58,879.0,4,Fresh Pastries & Cakes,1905,8902595353241
Cake Rusk - 300g Pack,CAFE-04504,GST,5,39.53,155.0,17,Breads & Savory (Retail),1905,8906856609028
Premium Paneer Puff - 1 Pc,CAFE-04505,GST,5,23.52,55.0,5,Prepared Snacks & Sandwiches (Cafe Service),9963,8902015026155
Handcrafted Almond Biscotti - 200g Box,CAFE-04506,GST,18,110.92,382.0,57,Packaged Biscuits & Cookies,1905,8901410452887
Deluxe Cold Coffee Classic - Large,CAFE-04507,GST,5,161.72,362.0,2,Prepared Beverages (Cafe Service),9963,8904952605185
Freshly Baked Almond Biscotti - 200g Box,CAFE-04508,GST,18,101.86,383.0,46,Packaged Biscuits & Cookies,1905,8902811223144
Gourmet Chicken Puff - 1 Pc,CAFE-04509,GST,5,36.29,82.0,12,Prepared Snacks & Sandwiches (Cafe Service),9963,8905485997526
Artisan Jeera Biscuits - 250g Box,CAFE-04510,GST,18,61.6,151.0,59,Packaged Biscuits & Cookies,1905,8904432908116
Vanilla Cupcake - 1 Pc,CAFE-04511,GST,18,27.35,88.0,12,Fresh Pastries & Cakes,1905,8906136151003
Premium Cold Coffee Classic - Regular,CAFE-04512,GST,5,48.61,194.0,15,Prepared Beverages (Cafe Service),9963,8909860077571
Gourmet Oatmeal & Raisin Cookies - 250g Box,CAFE-04513,GST,18,68.26,235.0,51,Packaged Biscuits & Cookies,1905,8904764691457
Paneer Puff - 1 Pc,CAFE-04514,GST,5,18.27,60.0,19,Prepared Snacks & Sandwiches (Cafe Service),9963,8900959905603
Cake Rusk - 300g Pack,CAFE-04515,GST,5,55.83,157.0,21,Breads & Savory (Retail),1905,8900315308703
Premium Milk Bread - 400g Pack,CAFE-04516,GST,5,13.2,51.0,41,Breads & Savory (Retail),1905,8909688706410
Artisan Veg Grilled Sandwich - Standard,CAFE-04517,GST,5,62.88,156.0,20,Prepared Snacks & Sandwiches (Cafe Service),9963,8909672248551
Artisan Almond Biscotti - 200g Box,CAFE-04518,GST,18,141.85,378.0,33,Packaged Biscuits & Cookies,1905,8909171003570
Signature Nankhatai - 250g Box,CAFE-04519,GST,18,56.45,190.0,34,Packaged Biscuits & Cookies,1905,8909437475063
Signature Mango Smoothie - Regular,CAFE-04520,GST,5,60.05,225.0,7,Prepared Beverages (Cafe Service),9963,8908636934115
Suji Rusk - 400g Pack,CAFE-04521,GST,5,30.27,102.0,37,Breads & Savory (Retail),1905,8900643305406
Premium Chicken Puff - 1 Pc,CAFE-04522,GST,5,32.2,79.0,19,Prepared Snacks & Sandwiches (Cafe Service),9963,8902725639300
Freshly Baked Paneer Tikka Wrap - Standard,CAFE-04523,GST,5,89.67,209.0,17,Prepared Snacks & Sandwiches (Cafe Service),9963,8907155367317
Premium Choco Chip Cookies - 250g Box,CAFE-04524,GST,18,92.7,221.0,59,Packaged Biscuits & Cookies,1905,8909269360997
Chocolate Brownie - 1 Pc,CAFE-04525,GST,18,53.24,152.0,9,Fresh Pastries & Cakes,1905,8901039868863
Premium Nankhatai - 250g Box,CAFE-04526,GST,18,68.1,151.0,45,Packaged Biscuits & Cookies,1905,8905674537709
Classic Cold Coffee Classic - Regular,CAFE-04527,GST,5,66.79,172.0,13,Prepared Beverages (Cafe Service),9963,8901603121914
Deluxe Choco Chip Cookies - 250g Box,CAFE-04528,GST,18,93.81,259.0,32,Packaged Biscuits & Cookies,1905,8900327415464
Multigrain Bread - 400g Pack,CAFE-04529,GST,5,22.82,86.0,46,Breads & Savory (Retail),1905,8901920744114
Classic Fruit & Nut Chocolate - 100g Bar,CAFE-04530,GST,18,88.98,303.0,46,Chocolates & Confectionery,1806,8908328453812
Gourmet Chicken Tikka Sandwich - Standard,CAFE-04531,GST,5,64.09,240.0,2,Prepared Snacks & Sandwiches (Cafe Service),9963,8900989368701
House Special Cafe Latte - Regular,CAFE-04532,GST,5,66.78,211.0,10,Prepared Beverages (Cafe Service),9963,8907440005431
Classic Dark Chocolate Bar (70%) - 100g Bar,CAFE-04533,GST,18,94.19,278.0,52,Chocolates & Confectionery,1806,8902327244503
Handcrafted Egg & Cheese Croissant - Standard,CAFE-04534,GST,5,91.35,247.0,20,Prepared Snacks & Sandwiches (Cafe Service),9963,8905232537742
Cake Rusk - 300g Pack,CAFE-04535,GST,5,44.55,142.0,30,Breads & Savory (Retail),1905,8905145462605
House Special Choco Chip Cookies - 500g Box,CAFE-04536,GST,18,128.37,398.0,51,Packaged Biscuits & Cookies,1905,8909189034774
Deluxe Almond Biscotti - 200g Box,CAFE-04537,GST,18,92.28,320.0,21,Packaged Biscuits & Cookies,1905,8901130832121
Gourmet Cappuccino - Large,CAFE-04538,GST,5,78.16,305.0,20,Prepared Beverages (Cafe Service),9963,8907310298331
Cake Rusk - 300g Pack,CAFE-04539,GST,5,64.51,153.0,18,Breads & Savory (Retail),1905,8907498887105
Artisan Nankhatai - 250g Box,CAFE-04540,GST,18,59.41,157.0,50,Packaged Biscuits & Cookies,1905,8900086665815
Garlic Bread Loaf - 1 Pc,CAFE-04541,GST,5,27.54,104.0,30,Breads & Savory (Retail),1905,8909364695494
Artisan Mocha Frappe - Regular,CAFE-04542,GST,5,77.04,242.0,18,Prepared Beverages (Cafe Service),9963,8905073257916
Premium Milk Bread - 400g Pack,CAFE-04543,GST,5,14.28,47.0,38,Breads & Savory (Retail),1905,8902320996627
Suji Rusk - 400g Pack,CAFE-04544,GST,5,33.15,81.0,17,Breads & Savory (Retail),1905,8900840758822
Pav Buns - Pack of 6,CAFE-04545,GST,5,32.14,105.0,29,Breads & Savory (Retail),1905,8901785878734
Deluxe Mango Mousse Cup - Standard,CAFE-04546,GST,18,49.95,153.0,14,Fresh Pastries & Cakes,1905,8907703737967
Premium Milk Bread - 400g Pack,CAFE-04547,GST,5,21.48,52.0,51,Breads & Savory (Retail),1905,8909946501235
Classic Mango Smoothie - Regular,CAFE-04548,GST,5,60.74,201.0,16,Prepared Beverages (Cafe Service),9963,8900834062629
Gourmet Almond Biscotti - 200g Box,CAFE-04549,GST,18,136.37,318.0,49,Packaged Biscuits & Cookies,1905,8907774599418
Deluxe Egg & Cheese Croissant - Standard,CAFE-04550,GST,5,122.65,271.0,20,Prepared Snacks & Sandwiches (Cafe Service),9963,8908809320796
Handcrafted Oatmeal & Raisin Cookies - 250g Box,CAFE-04551,GST,18,73.37,287.0,37,Packaged Biscuits & Cookies,1905,8902539125525
Artisan Black Forest Pastry - 1 Slice,CAFE-04552,GST,18,37.21,128.0,16,Fresh Pastries & Cakes,1905,8903760278703
Multigrain Bread - 400g Pack,CAFE-04553,GST,5,29.98,93.0,28,Breads & Savory (Retail),1905,8906303928586
Gourmet Cold Coffee Classic - Regular,CAFE-04554,GST,5,49.57,154.0,18,Prepared Beverages (Cafe Service),9963,8908336281750
Handcrafted Espresso - Double Shot,CAFE-04555,GST,5,111.34,258.0,18,Prepared Beverages (Cafe Service),9963,8908069513191
Handcrafted Choco Chip Cookies - 500g Box,CAFE-04556,GST,18,131.89,475.0,43,Packaged Biscuits & Cookies,1905,8904686386461
Premium Chocolate Brownie - Fudge,CAFE-04557,GST,18,44.0,133.0,10,Fresh Pastries & Cakes,1905,8909176558988
Garlic Bread Loaf - 1 Pc,CAFE-04558,GST,5,40.08,123.0,33,Breads & Savory (Retail),1905,8909141856233
Garlic Bread Loaf - 1 Pc,CAFE-04559,GST,5,35.43,115.0,17,Breads & Savory (Retail),1905,8903724709419
Artisan Butter Cookies - 250g Box,CAFE-04560,GST,18,67.41,188.0,24,Packaged Biscuits & Cookies,1905,8909003592057
Assorted Truffles - Box of 6,CAFE-04561,GST,18,134.78,497.0,24,Chocolates & Confectionery,1806,8906303078371
Classic Hazelnut Pralines - Box of 9,CAFE-04562,GST,18,228.13,615.0,40,Chocolates & Confectionery,1806,8901257981233
Signature Vanilla Cupcake - 1 Pc,CAFE-04563,GST,18,20.96,73.0,7,Fresh Pastries & Cakes,1905,8905631140215
Premium Milk Bread - 400g Pack,CAFE-04564,GST,5,15.2,46.0,41,Breads & Savory (Retail),1905,8901778128933
Garlic Bread Loaf - 1 Pc,CAFE-04565,GST,5,31.56,107.0,28,Breads & Savory (Retail),1905,8901778162142
Gourmet Green Tea - Pot,CAFE-04566,GST,5,53.56,198.0,17,Prepared Beverages (Cafe Service),9963,8906214163502
Premium Blueberry Cheesecake Slice - 1 Slice,CAFE-04567,GST,18,89.61,258.0,5,Fresh Pastries & Cakes,1905,8901410645582
Premium Black Forest Pastry - 2 Slices,CAFE-04568,GST,18,66.1,239.0,10,Fresh Pastries & Cakes,1905,8905161946537
Deluxe Chocolate Truffle Cake - 500g,CAFE-04569,GST,18,267.11,880.0,18,Fresh Pastries & Cakes,1905,8903232367709
Freshly Baked Paneer Puff - 1 Pc,CAFE-04570,GST,5,25.38,72.0,4,Prepared Snacks & Sandwiches (Cafe Service),9963,8907013588121
Classic Oatmeal & Raisin Cookies - 250g Box,CAFE-04571,GST,18,75.68,245.0,30,Packaged Biscuits & Cookies,1905,8900871301618
Premium Veg Grilled Sandwich - Cheese Burst,CAFE-04572,GST,5,35.02,140.0,4,Prepared Snacks & Sandwiches (Cafe Service),9963,8902610906102
Handcrafted Fruit & Nut Chocolate - 100g Bar,CAFE-04573,GST,18,92.78,274.0,60,Chocolates & Confectionery,1806,8909778034931
Freshly Baked Hot Chocolate - Regular,CAFE-04574,GST,5,81.83,234.0,16,Prepared Beverages (Cafe Service),9963,8904908574717
House Special Cappuccino - Large,CAFE-04575,GST,5,105.45,331.0,14,Prepared Beverages (Cafe Service),9963,8904322469631
Deluxe Chicken Tikka Sandwich - Standard,CAFE-04576,GST,5,76.77,227.0,20,Prepared Snacks & Sandwiches (Cafe Service),9963,8909326343092
Freshly Baked Cafe Latte - Regular,CAFE-04577,GST,5,75.39,200.0,5,Prepared Beverages (Cafe Service),9963,8905217381018
Signature Cheese Croissant - 1 Pc,CAFE-04578,GST,5,69.99,177.0,17,Prepared Snacks & Sandwiches (Cafe Service),9963,8901525899967
Premium Milk Bread - 400g Pack,CAFE-04579,GST,5,17.37,56.0,26,Breads & Savory (Retail),1905,8908188584073
Choco Chip Cookies - 250g Box,CAFE-04580,GST,18,51.34,199.0,58,Packaged Biscuits & Cookies,1905,8908573469867
Artisan Almond Biscotti - 200g Box,CAFE-04581,GST,18,106.32,297.0,59,Packaged Biscuits & Cookies,1905,8904227095577
Artisan Dark Chocolate Bar (70%) - 100g Bar,CAFE-04582,GST,18,80.85,279.0,41,Chocolates & Confectionery,1806,8908890896435
Artisan Dark Chocolate Bar (70%) - 100g Bar,CAFE-04583,GST,18,76.54,233.0,41,Chocolates & Confectionery,1806,8907129441153
Classic Assorted Truffles - Box of 6,CAFE-04584,GST,18,142.65,500.0,43,Chocolates & Confectionery,1806,8903662062724
Jeera Biscuits - 250g Box,CAFE-04585,GST,18,45.05,161.0,42,Packaged Biscuits & Cookies,1905,8907450716239
Suji Rusk - 400g Pack,CAFE-04586,GST,5,29.0,99.0,38,Breads & Savory (Retail),1905,8905757681120
House Special Mango Mousse Cup - Standard,CAFE-04587,GST,18,58.81,166.0,9,Fresh Pastries & Cakes,1905,8900407439387
Pav Buns - Pack of 6,CAFE-04588,GST,5,38.59,110.0,60,Breads & Savory (Retail),1905,8903359242384
Signature Nankhatai - 250g Box,CAFE-04589,GST,18,55.65,177.0,15,Packaged Biscuits & Cookies,1905,8901710637811
Deluxe Chicken Puff - 1 Pc,CAFE-04590,GST,5,22.43,77.0,12,Prepared Snacks & Sandwiches (Cafe Service),9963,8904345712840
Pizza Base - Pack of 2,CAFE-04591,GST,5,15.22,48.0,15,Breads & Savory (Retail),1905,8904919318732
Garlic Bread Loaf - 1 Pc,CAFE-04592,GST,5,42.27,118.0,54,Breads & Savory (Retail),1905,8906233440593
Signature Egg & Cheese Croissant - Standard,CAFE-04593,GST,5,67.48,231.0,17,Prepared Snacks & Sandwiches (Cafe Service),9963,8903358058299
Freshly Baked Paneer Puff - 1 Pc,CAFE-04594,GST,5,22.43,71.0,12,Prepared Snacks & Sandwiches (Cafe Service),9963,8909515567464
Multigrain Bread - 400g Pack,CAFE-04595,GST,5,24.77,73.0,40,Breads & Savory (Retail),1905,8904704870428
Deluxe Assorted Truffles - Box of 12,CAFE-04596,GST,18,287.23,947.0,53,Chocolates & Confectionery,1806,8902944763377
Freshly Baked Egg & Cheese Croissant - Standard,CAFE-04597,GST,5,75.31,272.0,5,Prepared Snacks & Sandwiches (Cafe Service),9963,8903037604919
Chocolate Brownie - Fudge,CAFE-04598,GST,18,40.39,146.0,16,Fresh Pastries & Cakes,1905,8909731080271
Cake Rusk - 300g Pack,CAFE-04599,GST,5,57.31,164.0,48,Breads & Savory (Retail),1905,8904190322211
Cake Rusk - 300g Pack,CAFE-04600,GST,5,38.06,143.0,45,Breads & Savory (Retail),1905,8900941957241
Deluxe Mango Smoothie - Regular,CAFE-04601,GST,5,74.41,249.0,13,Prepared Beverages (Cafe Service),9963,8903698105340
Handcrafted Choco Chip Cookies - 500g Box,CAFE-04602,GST,18,141.35,456.0,55,Packaged Biscuits & Cookies,1905,8903081079934
Premium Jeera Biscuits - 500g Box,CAFE-04603,GST,18,95.97,313.0,16,Packaged Biscuits & Cookies,1905,8907267453396
Suji Rusk - 400g Pack,CAFE-04604,GST,5,28.25,105.0,56,Breads & Savory (Retail),1905,8902715227372
Signature Dark Chocolate Bar (70%) - 100g Bar,CAFE-04605,GST,18,75.18,293.0,42,Chocolates & Confectionery,1806,8901716813835
Deluxe Chicken Tikka Sandwich - Standard,CAFE-04606,GST,5,54.16,195.0,6,Prepared Snacks & Sandwiches (Cafe Service),9963,8904503578354
Whole Wheat Bread - 400g Pack,CAFE-04607,GST,5,20.75,70.0,55,Breads & Savory (Retail),1905,8905796144400
Jeera Biscuits - 500g Box,CAFE-04608,GST,18,110.51,287.0,36,Packaged Biscuits & Cookies,1905,8902279110746
Gourmet Oatmeal & Raisin Cookies - 250g Box,CAFE-04609,GST,18,68.57,253.0,15,Packaged Biscuits & Cookies,1905,8902006865232
Artisan Blueberry Cheesecake Slice - 1 Slice,CAFE-04610,GST,18,96.48,240.0,10,Fresh Pastries & Cakes,1905,8907042848501
Cake Rusk - 300g Pack,CAFE-04611,GST,5,61.72,138.0,54,Breads & Savory (Retail),1905,8903200858752
Gourmet Red Velvet Cake - 500g,CAFE-04612,GST,18,381.01,1028.0,14,Fresh Pastries & Cakes,1905,8904310291209
Deluxe Green Tea - Pot,CAFE-04613,GST,5,67.11,191.0,5,Prepared Beverages (Cafe Service),9963,8907862089279
Freshly Baked Cheese Croissant - 1 Pc,CAFE-04614,GST,5,68.03,171.0,10,Prepared Snacks & Sandwiches (Cafe Service),9963,8908074268901
Premium Mocha Frappe - Regular,CAFE-04615,GST,5,88.44,250.0,16,Prepared Beverages (Cafe Service),9963,8905031681573
Artisan Green Tea - Pot,CAFE-04616,GST,5,66.14,218.0,15,Prepared Beverages (Cafe Service),9963,8908012003908
Artisan Assorted Truffles - Box of 12,CAFE-04617,GST,18,297.58,892.0,36,Chocolates & Confectionery,1806,8909544088885
Classic Red Velvet Cake - 1kg,CAFE-04618,GST,18,432.7,1574.0,8,Fresh Pastries & Cakes,1905,8900418084829
Gourmet Espresso - Double Shot,CAFE-04619,GST,5,55.98,205.0,19,Prepared Beverages (Cafe Service),9963,8907384322156
Pizza Base - Pack of 2,CAFE-04620,GST,5,16.91,52.0,47,Breads & Savory (Retail),1905,8902523815474
Multigrain Bread - 400g Pack,CAFE-04621,GST,5,32.08,91.0,30,Breads & Savory (Retail),1905,8908350654139
Freshly Baked Chocolate Brownie - Fudge,CAFE-04622,GST,18,61.58,163.0,20,Fresh Pastries & Cakes,1905,8907920222123
Signature Hazelnut Pralines - Box of 9,CAFE-04623,GST,18,142.09,521.0,59,Chocolates & Confectionery,1806,8902888970260
Artisan Mango Mousse Cup - Standard,CAFE-04624,GST,18,43.14,154.0,2,Fresh Pastries & Cakes,1905,8908410697775
Multigrain Bread - 400g Pack,CAFE-04625,GST,5,23.85,81.0,45,Breads & Savory (Retail),1905,8907364217857
Multigrain Bread - 400g Pack,CAFE-04626,GST,5,34.2,89.0,53,Breads & Savory (Retail),1905,8901742380869
Pineapple Pastry - 1 Slice,CAFE-04627,GST,18,48.59,116.0,17,Fresh Pastries & Cakes,1905,8904552753700
Classic Butter Cookies - 250g Box,CAFE-04628,GST,18,77.85,202.0,39,Packaged Biscuits & Cookies,1905,8902864116927
Deluxe Espresso - Single Shot,CAFE-04629,GST,5,37.72,129.0,4,Prepared Beverages (Cafe Service),9963,8903649036571
Classic Mango Smoothie - Regular,CAFE-04630,GST,5,86.96,226.0,2,Prepared Beverages (Cafe Service),9963,8901018554057
Artisan Oatmeal & Raisin Cookies - 250g Box,CAFE-04631,GST,18,76.33,291.0,20,Packaged Biscuits & Cookies,1905,8907174749079
Garlic Bread Loaf - 1 Pc,CAFE-04632,GST,5,42.33,111.0,45,Breads & Savory (Retail),1905,8903623057620
Gourmet Hazelnut Pralines - Box of 9,CAFE-04633,GST,18,175.88,646.0,53,Chocolates & Confectionery,1806,8903185852186
Suji Rusk - 400g Pack,CAFE-04634,GST,5,31.36,91.0,52,Breads & Savory (Retail),1905,8904874224349
Classic Red Velvet Cake - 1kg,CAFE-04635,GST,18,485.02,1737.0,7,Fresh Pastries & Cakes,1905,8906344483041
House Special Mango Mousse Cup - Standard,CAFE-04636,GST,18,42.1,165.0,18,Fresh Pastries & Cakes,1905,8909601937728
Gourmet Peach Iced Tea - Large,CAFE-04637,GST,5,92.83,294.0,2,Prepared Beverages (Cafe Service),9963,8907345710717
House Special Veg Grilled Sandwich - Cheese Burst,CAFE-04638,GST,5,66.15,150.0,15,Prepared Snacks & Sandwiches (Cafe Service),9963,8904722314642
Handcrafted Chocolate Truffle Cake - 500g,CAFE-04639,GST,18,204.72,815.0,20,Fresh Pastries & Cakes,1905,8906675813434
Handcrafted Milk Chocolate Bar - 100g Bar,CAFE-04640,GST,18,79.74,230.0,25,Chocolates & Confectionery,1806,8903696637861
Premium Milk Bread - 400g Pack,CAFE-04641,GST,5,19.43,60.0,41,Breads & Savory (Retail),1905,8907404950692
Premium Butter Cookies - 250g Box,CAFE-04642,GST,18,63.03,181.0,36,Packaged Biscuits & Cookies,1905,8902927813624
Freshly Baked Fruit & Nut Chocolate - 100g Bar,CAFE-04643,GST,18,94.57,288.0,53,Chocolates & Confectionery,1806,8903383950278
Gourmet Cafe Latte - Iced,CAFE-04644,GST,5,53.26,182.0,5,Prepared Beverages (Cafe Service),9963,8904135039785
Classic Blueberry Cheesecake Slice - 1 Slice,CAFE-04645,GST,18,52.07,199.0,4,Fresh Pastries & Cakes,1905,8909067736852
Freshly Baked Dark Chocolate Bar (70%) - 100g Bar,CAFE-04646,GST,18,97.18,295.0,22,Chocolates & Confectionery,1806,8901558497384
Premium Black Forest Pastry - 1 Slice,CAFE-04647,GST,18,48.56,138.0,6,Fresh Pastries & Cakes,1905,8901240766786
Gourmet Assorted Truffles - Box of 12,CAFE-04648,GST,18,311.75,799.0,48,Chocolates & Confectionery,1806,8903733107476
Artisan Red Velvet Cake - 500g,CAFE-04649,GST,18,327.04,989.0,13,Fresh Pastries & Cakes,1905,8903396414412
Mocha Frappe - Large,CAFE-04650,GST,5,205.85,458.0,16,Prepared Beverages (Cafe Service),9963,8902099352512
House Special Chocolate Brownie - With Walnut,CAFE-04651,GST,18,39.21,139.0,17,Fresh Pastries & Cakes,1905,8900047587012
Deluxe Fruit & Nut Chocolate - 100g Bar,CAFE-04652,GST,18,114.35,291.0,21,Chocolates & Confectionery,1806,8901638610108
Premium Milk Bread - 400g Pack,CAFE-04653,GST,5,13.5,48.0,58,Breads & Savory (Retail),1905,8902780056088
Premium Hot Chocolate - With Marshmallows,CAFE-04654,GST,5,82.29,238.0,19,Prepared Beverages (Cafe Service),9963,8904194474690
Milk Chocolate Bar - 100g Bar,CAFE-04655,GST,18,75.93,190.0,19,Chocolates & Confectionery,1806,8908395768538
House Special Egg & Cheese Croissant - Standard,CAFE-04656,GST,5,70.26,243.0,5,Prepared Snacks & Sandwiches (Cafe Service),9963,8909517863189
Pav Buns - Pack of 6,CAFE-04657,GST,5,33.62,113.0,41,Breads & Savory (Retail),1905,8908796737995
Deluxe Mango Smoothie - Regular,CAFE-04658,GST,5,60.78,209.0,15,Prepared Beverages (Cafe Service),9963,8906521634878
Premium Cold Coffee Classic - Regular,CAFE-04659,GST,5,40.31,156.0,4,Prepared Beverages (Cafe Service),9963,8908426410220
House Special Nankhatai - 250g Box,CAFE-04660,GST,18,43.3,172.0,55,Packaged Biscuits & Cookies,1905,8907880835262
Deluxe Hazelnut Pralines - Box of 9,CAFE-04661,GST,18,180.19,525.0,16,Chocolates & Confectionery,1806,8906706250917
Gourmet Fruit & Nut Chocolate - 100g Bar,CAFE-04662,GST,18,140.96,334.0,60,Chocolates & Confectionery,1806,8908095606993
Classic Dark Chocolate Bar (70%) - 100g Bar,CAFE-04663,GST,18,94.08,280.0,59,Chocolates & Confectionery,1806,8903654019731
Artisan Pineapple Pastry - 1 Slice,CAFE-04664,GST,18,46.84,115.0,16,Fresh Pastries & Cakes,1905,8902216317419
Handcrafted Egg & Cheese Croissant - Standard,CAFE-04665,GST,5,58.61,233.0,2,Prepared Snacks & Sandwiches (Cafe Service),9963,8909586354692
Multigrain Bread - 400g Pack,CAFE-04666,GST,5,30.31,75.0,52,Breads & Savory (Retail),1905,8906639074266
Garlic Bread Loaf - 1 Pc,CAFE-04667,GST,5,27.52,104.0,16,Breads & Savory (Retail),1905,8900237060931
Signature Butter Cookies - 500g Box,CAFE-04668,GST,18,135.57,359.0,22,Packaged Biscuits & Cookies,1905,8902393381894
Almond Biscotti - 200g Box,CAFE-04669,GST,18,133.11,377.0,20,Packaged Biscuits & Cookies,1905,8905238589725
Premium Vanilla Cupcake - Box of 4,CAFE-04670,GST,18,79.12,193.0,9,Fresh Pastries & Cakes,1905,8907090313464
Premium Choco Chip Cookies - 250g Box,CAFE-04671,GST,18,58.97,220.0,29,Packaged Biscuits & Cookies,1905,8909583326509
Deluxe Pineapple Pastry - 1 Slice,CAFE-04672,GST,18,33.39,92.0,19,Fresh Pastries & Cakes,1905,8909364590300
Signature Peach Iced Tea - Regular,CAFE-04673,GST,5,49.28,158.0,3,Prepared Beverages (Cafe Service),9963,8906065612174
Handcrafted Cafe Latte - Large,CAFE-04674,GST,5,118.68,326.0,3,Prepared Beverages (Cafe Service),9963,8906887727538
Artisan Green Tea - Pot,CAFE-04675,GST,5,92.05,237.0,11,Prepared Beverages (Cafe Service),9963,8902180893169
Handcrafted Paneer Tikka Wrap - Standard,CAFE-04676,GST,5,53.76,193.0,13,Prepared Snacks & Sandwiches (Cafe Service),9963,8903420566807
Suji Rusk - 400g Pack,CAFE-04677,GST,5,23.66,93.0,37,Breads & Savory (Retail),1905,8902980530361
Gourmet Black Forest Pastry - 2 Slices,CAFE-04678,GST,18,65.77,255.0,12,Fresh Pastries & Cakes,1905,8901001995009
Gourmet Cheese Croissant - 1 Pc,CAFE-04679,GST,5,53.16,157.0,16,Prepared Snacks & Sandwiches (Cafe Service),9963,8901675205935
Handcrafted Butter Cookies - 500g Box,CAFE-04680,GST,18,138.39,363.0,46,Packaged Biscuits & Cookies,1905,8904247425891
Freshly Baked Paneer Puff - 1 Pc,CAFE-04681,GST,5,22.25,62.0,20,Prepared Snacks & Sandwiches (Cafe Service),9963,8908465631603
Pizza Base - Pack of 4,CAFE-04682,GST,5,39.08,129.0,21,Breads & Savory (Retail),1905,8907263528828
Premium Chocolate Truffle Cake - 500g,CAFE-04683,GST,18,199.42,795.0,3,Fresh Pastries & Cakes,1905,8902520029890
Choco Chip Cookies - 500g Box,CAFE-04684,GST,18,192.4,439.0,45,Packaged Biscuits & Cookies,1905,8908253467099
Artisan Mango Smoothie - Regular,CAFE-04685,GST,5,101.84,237.0,4,Prepared Beverages (Cafe Service),9963,8903121788881
Gourmet Cafe Latte - Large,CAFE-04686,GST,5,122.41,404.0,17,Prepared Beverages (Cafe Service),9963,8904223384446
Pineapple Pastry - 2 Slices,CAFE-04687,GST,18,51.21,201.0,11,Fresh Pastries & Cakes,1905,8909571170494
House Special Milk Chocolate Bar - 100g Bar,CAFE-04688,GST,18,81.52,236.0,22,Chocolates & Confectionery,1806,8904518313218
Artisan Vanilla Cupcake - Box of 4,CAFE-04689,GST,18,60.93,198.0,13,Fresh Pastries & Cakes,1905,8906100726076
Gourmet Paneer Puff - 1 Pc,CAFE-04690,GST,5,25.7,70.0,3,Prepared Snacks & Sandwiches (Cafe Service),9963,8906400584451
Handcrafted Dark Chocolate Bar (70%) - 100g Bar,CAFE-04691,GST,18,115.81,284.0,31,Chocolates & Confectionery,1806,8902898116649
Freshly Baked Cafe Latte - Iced,CAFE-04692,GST,5,76.04,201.0,6,Prepared Beverages (Cafe Service),9963,8905957485913
Pav Buns - Pack of 6,CAFE-04693,GST,5,41.85,107.0,31,Breads & Savory (Retail),1905,8905823881871
Handcrafted Cold Coffee Classic - Large,CAFE-04694,GST,5,116.17,346.0,6,Prepared Beverages (Cafe Service),9963,8909247680725
Premium Peach Iced Tea - Large,CAFE-04695,GST,5,99.18,276.0,10,Prepared Beverages (Cafe Service),9963,8906367621360
Freshly Baked Cafe Latte - Iced,CAFE-04696,GST,5,66.83,218.0,10,Prepared Beverages (Cafe Service),9963,8907272455769
Premium Cheese Croissant - 1 Pc,CAFE-04697,GST,5,54.91,149.0,20,Prepared Snacks & Sandwiches (Cafe Service),9963,8903336399601
Premium Oatmeal & Raisin Cookies - 250g Box,CAFE-04698,GST,18,73.4,252.0,51,Packaged Biscuits & Cookies,1905,8909771944595
Premium Fruit & Nut Chocolate - 100g Bar,CAFE-04699,GST,18,72.52,274.0,44,Chocolates & Confectionery,1806,8907418412640
Classic Choco Chip Cookies - 500g Box,CAFE-04700,GST,18,182.07,473.0,26,Packaged Biscuits & Cookies,1905,8902769730572
House Special Vanilla Cupcake - Box of 4,CAFE-04701,GST,18,60.45,229.0,9,Fresh Pastries & Cakes,1905,8902616917499
Pizza Base - Pack of 4,CAFE-04702,GST,5,30.77,107.0,52,Breads & Savory (Retail),1905,8901805547006
Artisan Cheese Croissant - 1 Pc,CAFE-04703,GST,5,47.55,174.0,15,Prepared Snacks & Sandwiches (Cafe Service),9963,8902056336409
Deluxe Green Tea - Cup,CAFE-04704,GST,5,42.7,128.0,7,Prepared Beverages (Cafe Service),9963,8908826310968
Freshly Baked Cafe Latte - Large,CAFE-04705,GST,5,101.39,313.0,10,Prepared Beverages (Cafe Service),9963,8908816820432
Handcrafted Chicken Tikka Sandwich - Standard,CAFE-04706,GST,5,91.53,220.0,16,Prepared Snacks & Sandwiches (Cafe Service),9963,8907427894378
Classic Fruit & Nut Chocolate - 100g Bar,CAFE-04707,GST,18,90.75,275.0,47,Chocolates & Confectionery,1806,8901406505809
Premium Milk Chocolate Bar - 100g Bar,CAFE-04708,GST,18,75.29,206.0,18,Chocolates & Confectionery,1806,8905948875340
Deluxe Hot Chocolate - Regular,CAFE-04709,GST,5,85.08,240.0,19,Prepared Beverages (Cafe Service),9963,8908932281710
Deluxe Paneer Tikka Wrap - Standard,CAFE-04710,GST,5,62.63,168.0,8,Prepared Snacks & Sandwiches (Cafe Service),9963,8903497759336
House Special Mango Smoothie - Regular,CAFE-04711,GST,5,59.25,221.0,12,Prepared Beverages (Cafe Service),9963,8904908678138
Premium Dark Chocolate Bar (70%) - 100g Bar,CAFE-04712,GST,18,82.62,290.0,54,Chocolates & Confectionery,1806,8906764758335
Deluxe Green Tea - Cup,CAFE-04713,GST,5,30.37,116.0,7,Prepared Beverages (Cafe Service),9963,8908227069777
Deluxe Hot Chocolate - Regular,CAFE-04714,GST,5,63.64,252.0,20,Prepared Beverages (Cafe Service),9963,8908507702368
Gourmet Black Forest Pastry - 2 Slices,CAFE-04715,GST,18,84.57,245.0,9,Fresh Pastries & Cakes,1905,8902015461214
Classic Fruit & Nut Chocolate - 100g Bar,CAFE-04716,GST,18,96.66,306.0,56,Chocolates & Confectionery,1806,8906731941949
Cake Rusk - 300g Pack,CAFE-04717,GST,5,46.85,131.0,47,Breads & Savory (Retail),1905,8900202315218
Classic Vanilla Cupcake - 1 Pc,CAFE-04718,GST,18,23.94,79.0,3,Fresh Pastries & Cakes,1905,8901843597309
House Special Veg Grilled Sandwich - Cheese Burst,CAFE-04719,GST,5,50.83,156.0,8,Prepared Snacks & Sandwiches (Cafe Service),9963,8908016584563
Pizza Base - Pack of 4,CAFE-04720,GST,5,35.71,126.0,29,Breads & Savory (Retail),1905,8906065681540
Premium Paneer Puff - 1 Pc,CAFE-04721,GST,5,20.33,62.0,20,Prepared Snacks & Sandwiches (Cafe Service),9963,8906229234671
Gourmet Aloo Puff / Patties - 2 Pcs,CAFE-04722,GST,5,12.37,37.0,6,Prepared Snacks & Sandwiches (Cafe Service),9963,8907430766740
Handcrafted Pineapple Pastry - 2 Slices,CAFE-04723,GST,18,54.37,205.0,15,Fresh Pastries & Cakes,1905,8906995359607
Artisan Chocolate Truffle Cake - 1kg,CAFE-04724,GST,18,578.36,1534.0,17,Fresh Pastries & Cakes,1905,8906520562247
Deluxe Black Forest Pastry - 1 Slice,CAFE-04725,GST,18,54.59,127.0,11,Fresh Pastries & Cakes,1905,8903710458260
Artisan Chicken Puff - 1 Pc,CAFE-04726,GST,5,32.16,89.0,16,Prepared Snacks & Sandwiches (Cafe Service),9963,8909752217806
Freshly Baked Peach Iced Tea - Large,CAFE-04727,GST,5,143.14,333.0,20,Prepared Beverages (Cafe Service),9963,8903016368426
Garlic Bread Loaf - 1 Pc,CAFE-04728,GST,5,35.94,117.0,30,Breads & Savory (Retail),1905,8905596572728
Deluxe Mango Smoothie - Regular,CAFE-04729,GST,5,89.85,239.0,5,Prepared Beverages (Cafe Service),9963,8904762380267
Premium Blueberry Cheesecake Slice - 1 Slice,CAFE-04730,GST,18,77.51,235.0,17,Fresh Pastries & Cakes,1905,8901641814604
Classic Fruit & Nut Chocolate - 100g Bar,CAFE-04731,GST,18,78.48,301.0,42,Chocolates & Confectionery,1806,8903228029798
Freshly Baked Pineapple Pastry - 1 Slice,CAFE-04732,GST,18,29.61,105.0,3,Fresh Pastries & Cakes,1905,8909673866751
Signature Chicken Puff - 1 Pc,CAFE-04733,GST,5,28.64,83.0,16,Prepared Snacks & Sandwiches (Cafe Service),9963,8900392749914
Garlic Bread Loaf - 1 Pc,CAFE-04734,GST,5,44.73,126.0,29,Breads & Savory (Retail),1905,8900833601467
Premium Mango Mousse Cup - Standard,CAFE-04735,GST,18,56.12,178.0,19,Fresh Pastries & Cakes,1905,8908827032248
Gourmet Chicken Tikka Sandwich - Standard,CAFE-04736,GST,5,50.29,191.0,16,Prepared Snacks & Sandwiches (Cafe Service),9963,8904557663940
Handcrafted Chicken Tikka Sandwich - Standard,CAFE-04737,GST,5,67.47,210.0,10,Prepared Snacks & Sandwiches (Cafe Service),9963,8908277594792
Pav Buns - Pack of 6,CAFE-04738,GST,5,48.15,119.0,56,Breads & Savory (Retail),1905,8906759579633
Cappuccino - Regular,CAFE-04739,GST,5,71.7,173.0,16,Prepared Beverages (Cafe Service),9963,8900871650817
Gourmet Red Velvet Cake - 1kg,CAFE-04740,GST,18,564.39,1574.0,11,Fresh Pastries & Cakes,1905,8902816945384
Classic Oatmeal & Raisin Cookies - 250g Box,CAFE-04741,GST,18,74.58,273.0,44,Packaged Biscuits & Cookies,1905,8902447539879
Premium Dark Chocolate Bar (70%) - 100g Bar,CAFE-04742,GST,18,62.26,246.0,24,Chocolates & Confectionery,1806,8909237925996
Artisan Chicken Puff - 1 Pc,CAFE-04743,GST,5,36.06,81.0,4,Prepared Snacks & Sandwiches (Cafe Service),9963,8906558651150
Suji Rusk - 400g Pack,CAFE-04744,GST,5,26.35,96.0,49,Breads & Savory (Retail),1905,8900066056772
Gourmet Assorted Truffles - Box of 6,CAFE-04745,GST,18,128.49,407.0,32,Chocolates & Confectionery,1806,8903800639937
Gourmet Paneer Tikka Wrap - Standard,CAFE-04746,GST,5,49.6,194.0,2,Prepared Snacks & Sandwiches (Cafe Service),9963,8909978721916
Premium Milk Bread - 400g Pack,CAFE-04747,GST,5,16.93,50.0,17,Breads & Savory (Retail),1905,8900472153570
Deluxe Red Velvet Cake - 1kg,CAFE-04748,GST,18,754.88,1770.0,3,Fresh Pastries & Cakes,1905,8902005550187
House Special Veg Grilled Sandwich - Standard,CAFE-04749,GST,5,54.28,177.0,10,Prepared Snacks & Sandwiches (Cafe Service),9963,8902325543349
Garlic Bread Loaf - 1 Pc,CAFE-04750,GST,5,37.73,129.0,27,Breads & Savory (Retail),1905,8900258330361
Multigrain Bread - 400g Pack,CAFE-04751,GST,5,26.41,93.0,15,Breads & Savory (Retail),1905,8904744730981
Deluxe Black Forest Pastry - 2 Slices,CAFE-04752,GST,18,55.55,195.0,19,Fresh Pastries & Cakes,1905,8907667845334
House Special Dark Chocolate Bar (70%) - 100g Bar,CAFE-04753,GST,18,91.15,276.0,34,Chocolates & Confectionery,1806,8903701180336
Signature Red Velvet Cake - 1kg,CAFE-04754,GST,18,447.52,1786.0,2,Fresh Pastries & Cakes,1905,8906050335116
Pav Buns - Pack of 6,CAFE-04755,GST,5,36.52,110.0,30,Breads & Savory (Retail),1905,8906253034260
Pav Buns - Pack of 6,CAFE-04756,GST,5,40.37,118.0,54,Breads & Savory (Retail),1905,8909272870229
Artisan Almond Biscotti - 200g Box,CAFE-04757,GST,18,111.67,344.0,20,Packaged Biscuits & Cookies,1905,8901029394099
Handcrafted Mocha Frappe - Large,CAFE-04758,GST,5,155.76,499.0,13,Prepared Beverages (Cafe Service),9963,8906459817130
Multigrain Bread - 400g Pack,CAFE-04759,GST,5,31.44,79.0,25,Breads & Savory (Retail),1905,8901384332133
Freshly Baked Black Forest Pastry - 1 Slice,CAFE-04760,GST,18,53.64,134.0,12,Fresh Pastries & Cakes,1905,8906030293095
Artisan Cheese Croissant - 1 Pc,CAFE-04761,GST,5,42.39,152.0,13,Prepared Snacks & Sandwiches (Cafe Service),9963,8902002556931
Gourmet Chicken Puff - 1 Pc,CAFE-04762,GST,5,34.22,89.0,5,Prepared Snacks & Sandwiches (Cafe Service),9963,8904387443730
Choco Chip Cookies - 500g Box,CAFE-04763,GST,18,104.13,406.0,41,Packaged Biscuits & Cookies,1905,8903009763252
Gourmet Hot Chocolate - With Marshmallows,CAFE-04764,GST,5,64.12,230.0,19,Prepared Beverages (Cafe Service),9963,8908139142037
Premium Jeera Biscuits - 500g Box,CAFE-04765,GST,18,115.99,307.0,34,Packaged Biscuits & Cookies,1905,8900139887842
Signature Paneer Puff - 1 Pc,CAFE-04766,GST,5,22.1,67.0,18,Prepared Snacks & Sandwiches (Cafe Service),9963,8909428408885
Classic Hot Chocolate - Regular,CAFE-04767,GST,5,66.94,241.0,6,Prepared Beverages (Cafe Service),9963,8901200416485
House Special Assorted Truffles - Box of 12,CAFE-04768,GST,18,295.95,867.0,49,Chocolates & Confectionery,1806,8907032187039
Deluxe Almond Biscotti - 200g Box,CAFE-04769,GST,18,113.75,363.0,48,Packaged Biscuits & Cookies,1905,8904235940216
Deluxe Veg Grilled Sandwich - Cheese Burst,CAFE-04770,GST,5,49.0,138.0,14,Prepared Snacks & Sandwiches (Cafe Service),9963,8903622446265
House Special Jeera Biscuits - 250g Box,CAFE-04771,GST,18,48.78,165.0,23,Packaged Biscuits & Cookies,1905,8903551727484
Artisan Cafe Latte - Large,CAFE-04772,GST,5,123.06,399.0,10,Prepared Beverages (Cafe Service),9963,8904617353606
Freshly Baked Fruit & Nut Chocolate - 100g Bar,CAFE-04773,GST,18,85.82,294.0,42,Chocolates & Confectionery,1806,8907409126028
Handcrafted Espresso - Single Shot,CAFE-04774,GST,5,56.4,135.0,15,Prepared Beverages (Cafe Service),9963,8904802325869
Deluxe Veg Grilled Sandwich - Standard,CAFE-04775,GST,5,42.76,159.0,5,Prepared Snacks & Sandwiches (Cafe Service),9963,8904848946541
Freshly Baked Assorted Truffles - Box of 6,CAFE-04776,GST,18,214.39,539.0,24,Chocolates & Confectionery,1806,8909606913821
Cafe Latte - Iced,CAFE-04777,GST,5,76.84,189.0,4,Prepared Beverages (Cafe Service),9963,8908667823967
Gourmet Jeera Biscuits - 500g Box,CAFE-04778,GST,18,92.23,300.0,58,Packaged Biscuits & Cookies,1905,8908637878559
Premium Hazelnut Pralines - Box of 9,CAFE-04779,GST,18,187.54,622.0,45,Chocolates & Confectionery,1806,8902481870633
Freshly Baked Mango Smoothie - Regular,CAFE-04780,GST,5,100.61,249.0,15,Prepared Beverages (Cafe Service),9963,8907326813615
Gourmet Fruit & Nut Chocolate - 100g Bar,CAFE-04781,GST,18,90.56,278.0,40,Chocolates & Confectionery,1806,8902028207495
Classic Fruit & Nut Chocolate - 100g Bar,CAFE-04782,GST,18,116.23,314.0,56,Chocolates & Confectionery,1806,8903245912314
Classic Assorted Truffles - Box of 12,CAFE-04783,GST,18,264.41,749.0,24,Chocolates & Confectionery,1806,8905451434382
Deluxe Butter Cookies - 250g Box,CAFE-04784,GST,18,73.41,212.0,58,Packaged Biscuits & Cookies,1905,8909920510341
Nankhatai - 250g Box,CAFE-04785,GST,18,53.49,181.0,23,Packaged Biscuits & Cookies,1905,8908349428352
Artisan Espresso - Double Shot,CAFE-04786,GST,5,66.28,223.0,4,Prepared Beverages (Cafe Service),9963,8904976423691
Classic Espresso - Single Shot,CAFE-04787,GST,5,47.07,119.0,11,Prepared Beverages (Cafe Service),9963,8901779211700
House Special Choco Chip Cookies - 500g Box,CAFE-04788,GST,18,157.83,459.0,54,Packaged Biscuits & Cookies,1905,8900127172098
Handcrafted Butter Cookies - 250g Box,CAFE-04789,GST,18,60.76,204.0,51,Packaged Biscuits & Cookies,1905,8904315211997
Gourmet Chocolate Brownie - Fudge,CAFE-04790,GST,18,55.3,156.0,14,Fresh Pastries & Cakes,1905,8901563688646
Freshly Baked Milk Chocolate Bar - 100g Bar,CAFE-04791,GST,18,78.58,226.0,39,Chocolates & Confectionery,1806,8900628536749
Whole Wheat Bread - 400g Pack,CAFE-04792,GST,5,29.58,69.0,59,Breads & Savory (Retail),1905,8903635431331
Handcrafted Chocolate Truffle Cake - 2kg,CAFE-04793,GST,18,1053.5,3146.0,11,Fresh Pastries & Cakes,1905,8905478399049
Signature Cappuccino - Regular,CAFE-04794,GST,5,63.63,164.0,17,Prepared Beverages (Cafe Service),9963,8909916185029
Artisan Green Tea - Pot,CAFE-04795,GST,5,84.48,225.0,2,Prepared Beverages (Cafe Service),9963,8909305776140
Artisan Cafe Latte - Large,CAFE-04796,GST,5,115.06,312.0,19,Prepared Beverages (Cafe Service),9963,8906357408851
Freshly Baked Cold Coffee Classic - Large,CAFE-04797,GST,5,129.37,302.0,18,Prepared Beverages (Cafe Service),9963,8908258235526
Pav Buns - Pack of 6,CAFE-04798,GST,5,45.96,106.0,39,Breads & Savory (Retail),1905,8901779989043
Artisan Chicken Tikka Sandwich - Standard,CAFE-04799,GST,5,89.4,214.0,12,Prepared Snacks & Sandwiches (Cafe Service),9963,8909507614048
Premium Mango Smoothie - Regular,CAFE-04800,GST,5,81.53,243.0,3,Prepared Beverages (Cafe Service),9963,8907338210920
Freshly Baked Pineapple Pastry - 1 Slice,CAFE-04801,GST,18,34.33,108.0,6,Fresh Pastries & Cakes,1905,8901685098947
Gourmet Egg & Cheese Croissant - Standard,CAFE-04802,GST,5,105.91,282.0,14,Prepared Snacks & Sandwiches (Cafe Service),9963,8909061096033
Signature Paneer Tikka Wrap - Standard,CAFE-04803,GST,5,55.29,192.0,7,Prepared Snacks & Sandwiches (Cafe Service),9963,8903537557270
House Special Nankhatai - 250g Box,CAFE-04804,GST,18,62.6,145.0,49,Packaged Biscuits & Cookies,1905,8908720696577
Deluxe Peach Iced Tea - Large,CAFE-04805,GST,5,108.75,338.0,5,Prepared Beverages (Cafe Service),9963,8903084839720
Gourmet Vanilla Cupcake - Box of 6,CAFE-04806,GST,18,23.26,77.0,15,Fresh Pastries & Cakes,1905,8908986574893
Gourmet Peach Iced Tea - Regular,CAFE-04807,GST,5,55.88,180.0,17,Prepared Beverages (Cafe Service),9963,8905003814043
House Special Veg Grilled Sandwich - Standard,CAFE-04808,GST,5,74.37,173.0,2,Prepared Snacks & Sandwiches (Cafe Service),9963,8900583534858
House Special Choco Chip Cookies - 500g Box,CAFE-04809,GST,18,149.87,404.0,19,Packaged Biscuits & Cookies,1905,8907843760183
Suji Rusk - 400g Pack,CAFE-04810,GST,5,39.39,95.0,59,Breads & Savory (Retail),1905,8906953524693
Freshly Baked Hazelnut Pralines - Box of 9,CAFE-04811,GST,18,244.99,620.0,51,Chocolates & Confectionery,1806,8909040193958
Signature Chicken Tikka Sandwich - Standard,CAFE-04812,GST,5,86.57,234.0,11,Prepared Snacks & Sandwiches (Cafe Service),9963,8905743425951
Multigrain Bread - 400g Pack,CAFE-04813,GST,5,24.6,80.0,60,Breads & Savory (Retail),1905,8903821062868
Artisan Choco Chip Cookies - 250g Box,CAFE-04814,GST,18,66.49,201.0,36,Packaged Biscuits & Cookies,1905,8909013257044
Classic Blueberry Cheesecake Slice - 1 Slice,CAFE-04815,GST,18,83.82,216.0,2,Fresh Pastries & Cakes,1905,8902595888557
Garlic Bread Loaf - 1 Pc,CAFE-04816,GST,5,26.43,105.0,15,Breads & Savory (Retail),1905,8908550262599
House Special Blueberry Cheesecake Slice - 1 Slice,CAFE-04817,GST,18,65.66,212.0,13,Fresh Pastries & Cakes,1905,8909569172070
Cake Rusk - 300g Pack,CAFE-04818,GST,5,41.25,149.0,53,Breads & Savory (Retail),1905,8903736301527
Freshly Baked Hot Chocolate - With Marshmallows,CAFE-04819,GST,5,67.56,245.0,4,Prepared Beverages (Cafe Service),9963,8901844878905
Whole Wheat Bread - 400g Pack,CAFE-04820,GST,5,24.55,55.0,25,Breads & Savory (Retail),1905,8905587825731
Premium Milk Bread - 400g Pack,CAFE-04821,GST,5,25.71,58.0,29,Breads & Savory (Retail),1905,8907354053340
Handcrafted Vanilla Cupcake - Box of 4,CAFE-04822,GST,18,74.74,213.0,3,Fresh Pastries & Cakes,1905,8906093371986
Premium Nankhatai - 250g Box,CAFE-04823,GST,18,41.69,145.0,59,Packaged Biscuits & Cookies,1905,8901465481932
Premium Milk Bread - 400g Pack,CAFE-04824,GST,5,14.57,50.0,16,Breads & Savory (Retail),1905,8901917798795
Artisan Blueberry Cheesecake Slice - 1 Slice,CAFE-04825,GST,18,49.92,199.0,7,Fresh Pastries & Cakes,1905,8902501775917
Milk Chocolate Bar - 100g Bar,CAFE-04826,GST,18,92.24,236.0,51,Chocolates & Confectionery,1806,8903604470706
Handcrafted Espresso - Double Shot,CAFE-04827,GST,5,61.38,234.0,6,Prepared Beverages (Cafe Service),9963,8907398311259
Premium Paneer Tikka Wrap - Standard,CAFE-04828,GST,5,58.0,190.0,16,Prepared Snacks & Sandwiches (Cafe Service),9963,8900162444516
Signature Chicken Puff - 1 Pc,CAFE-04829,GST,5,31.84,84.0,2,Prepared Snacks & Sandwiches (Cafe Service),9963,8908497853150
Pav Buns - Pack of 6,CAFE-04830,GST,5,27.52,107.0,60,Breads & Savory (Retail),1905,8901916545948
Artisan Vanilla Cupcake - 1 Pc,CAFE-04831,GST,18,31.06,86.0,6,Fresh Pastries & Cakes,1905,8907958607250
Signature Egg & Cheese Croissant - Standard,CAFE-04832,GST,5,121.94,273.0,3,Prepared Snacks & Sandwiches (Cafe Service),9963,8906822053845
Whole Wheat Bread - 400g Pack,CAFE-04833,GST,5,20.47,64.0,43,Breads & Savory (Retail),1905,8905232661038
Whole Wheat Bread - 400g Pack,CAFE-04834,GST,5,27.56,61.0,35,Breads & Savory (Retail),1905,8900255130999
Freshly Baked Cafe Latte - Iced,CAFE-04835,GST,5,50.01,181.0,15,Prepared Beverages (Cafe Service),9963,8904977070345
House Special Cafe Latte - Regular,CAFE-04836,GST,5,78.09,191.0,10,Prepared Beverages (Cafe Service),9963,8902169195759
Freshly Baked Butter Cookies - 250g Box,CAFE-04837,GST,18,48.12,179.0,18,Packaged Biscuits & Cookies,1905,8906547829240
Gourmet Fruit & Nut Chocolate - 100g Bar,CAFE-04838,GST,18,73.9,286.0,57,Chocolates & Confectionery,1806,8901870074989
Premium Black Forest Pastry - 2 Slices,CAFE-04839,GST,18,92.92,230.0,3,Fresh Pastries & Cakes,1905,8903155677521
Hot Chocolate - With Marshmallows,CAFE-04840,GST,5,101.08,251.0,10,Prepared Beverages (Cafe Service),9963,8904450765478
House Special Chicken Tikka Sandwich - Standard,CAFE-04841,GST,5,68.66,228.0,20,Prepared Snacks & Sandwiches (Cafe Service),9963,8907751425807
Classic Milk Chocolate Bar - 100g Bar,CAFE-04842,GST,18,84.91,187.0,27,Chocolates & Confectionery,1806,8907360014523
Garlic Bread Loaf - 1 Pc,CAFE-04843,GST,5,37.89,103.0,55,Breads & Savory (Retail),1905,8900417939538
Handcrafted Choco Chip Cookies - 250g Box,CAFE-04844,GST,18,65.08,203.0,41,Packaged Biscuits & Cookies,1905,8906090351490
Signature Dark Chocolate Bar (70%) - 100g Bar,CAFE-04845,GST,18,113.05,299.0,27,Chocolates & Confectionery,1806,8906057207311
Handcrafted Almond Biscotti - 200g Box,CAFE-04846,GST,18,126.08,371.0,26,Packaged Biscuits & Cookies,1905,8903865826301
Deluxe Hazelnut Pralines - Box of 9,CAFE-04847,GST,18,222.82,504.0,57,Chocolates & Confectionery,1806,8903879426340
Handcrafted Milk Chocolate Bar - 100g Bar,CAFE-04848,GST,18,86.23,201.0,57,Chocolates & Confectionery,1806,8906983229918
Artisan Chocolate Truffle Cake - 2kg,CAFE-04849,GST,18,1304.99,3031.0,20,Fresh Pastries & Cakes,1905,8901770198277
Assorted Truffles - Box of 12,CAFE-04850,GST,18,262.17,811.0,36,Chocolates & Confectionery,1806,8908766121774
Premium Milk Chocolate Bar - 100g Bar,CAFE-04851,GST,18,69.8,201.0,43,Chocolates & Confectionery,1806,8904375982481
Multigrain Bread - 400g Pack,CAFE-04852,GST,5,26.31,95.0,26,Breads & Savory (Retail),1905,8909558445735
Cake Rusk - 300g Pack,CAFE-04853,GST,5,66.82,160.0,34,Breads & Savory (Retail),1905,8909131046527
House Special Butter Cookies - 500g Box,CAFE-04854,GST,18,120.24,334.0,28,Packaged Biscuits & Cookies,1905,8901290382651
Pizza Base - Pack of 4,CAFE-04855,GST,5,49.66,121.0,29,Breads & Savory (Retail),1905,8903700951139
Classic Chocolate Truffle Cake - 500g,CAFE-04856,GST,18,211.2,826.0,15,Fresh Pastries & Cakes,1905,8901584251187
Classic Milk Chocolate Bar - 100g Bar,CAFE-04857,GST,18,60.46,194.0,47,Chocolates & Confectionery,1806,8903132975703
Premium Butter Cookies - 500g Box,CAFE-04858,GST,18,96.48,362.0,20,Packaged Biscuits & Cookies,1905,8904854362748
Signature Assorted Truffles - Box of 12,CAFE-04859,GST,18,216.0,757.0,35,Chocolates & Confectionery,1806,8902976428468
Gourmet Butter Cookies - 250g Box,CAFE-04860,GST,18,48.22,166.0,57,Packaged Biscuits & Cookies,1905,8905869274290
Assorted Truffles - Box of 6,CAFE-04861,GST,18,178.93,520.0,17,Chocolates & Confectionery,1806,8902811117040
Deluxe Almond Biscotti - 200g Box,CAFE-04862,GST,18,88.03,351.0,45,Packaged Biscuits & Cookies,1905,8903748052170
Premium Milk Bread - 400g Pack,CAFE-04863,GST,5,17.27,53.0,18,Breads & Savory (Retail),1905,8901631629581
Premium Chocolate Brownie - With Walnut,CAFE-04864,GST,18,44.35,150.0,17,Fresh Pastries & Cakes,1905,8906741660648
Freshly Baked Nankhatai - 250g Box,CAFE-04865,GST,18,64.21,157.0,36,Packaged Biscuits & Cookies,1905,8900498864538
House Special Mango Smoothie - Regular,CAFE-04866,GST,5,66.43,196.0,7,Prepared Beverages (Cafe Service),9963,8907667315525
Deluxe Butter Cookies - 500g Box,CAFE-04867,GST,18,101.11,388.0,20,Packaged Biscuits & Cookies,1905,8901268186850
House Special Hot Chocolate - With Marshmallows,CAFE-04868,GST,5,83.2,262.0,12,Prepared Beverages (Cafe Service),9963,8906977104568
Gourmet Fruit & Nut Chocolate - 100g Bar,CAFE-04869,GST,18,125.32,329.0,26,Chocolates & Confectionery,1806,8904235928870
House Special Mango Mousse Cup - Standard,CAFE-04870,GST,18,53.93,139.0,7,Fresh Pastries & Cakes,1905,8907258618211
Deluxe Milk Chocolate Bar - 100g Bar,CAFE-04871,GST,18,50.28,196.0,47,Chocolates & Confectionery,1806,8907426154712
Handcrafted Vanilla Cupcake - 1 Pc,CAFE-04872,GST,18,24.29,81.0,9,Fresh Pastries & Cakes,1905,8902006119368
Paneer Puff - 1 Pc,CAFE-04873,GST,5,18.42,67.0,11,Prepared Snacks & Sandwiches (Cafe Service),9963,8908023352358
Milk Chocolate Bar - 100g Bar,CAFE-04874,GST,18,56.54,206.0,28,Chocolates & Confectionery,1806,8908460749169
House Special Chicken Tikka Sandwich - Standard,CAFE-04875,GST,5,87.69,209.0,15,Prepared Snacks & Sandwiches (Cafe Service),9963,8900475104242
Gourmet Nankhatai - 250g Box,CAFE-04876,GST,18,41.49,162.0,52,Packaged Biscuits & Cookies,1905,8903335717685
Pizza Base - Pack of 4,CAFE-04877,GST,5,31.72,119.0,43,Breads & Savory (Retail),1905,8907279728092
Freshly Baked Peach Iced Tea - Regular,CAFE-04878,GST,5,64.18,144.0,11,Prepared Beverages (Cafe Service),9963,8906408798173
Handcrafted Cappuccino - Large,CAFE-04879,GST,5,147.49,364.0,13,Prepared Beverages (Cafe Service),9963,8902164201180
Freshly Baked Paneer Tikka Wrap - Standard,CAFE-04880,GST,5,50.37,196.0,12,Prepared Snacks & Sandwiches (Cafe Service),9963,8902112159463
Garlic Bread Loaf - 1 Pc,CAFE-04881,GST,5,38.46,131.0,31,Breads & Savory (Retail),1905,8902769017706
Signature Veg Grilled Sandwich - Cheese Burst,CAFE-04882,GST,5,57.87,176.0,5,Prepared Snacks & Sandwiches (Cafe Service),9963,8909363998651
Gourmet Almond Biscotti - 200g Box,CAFE-04883,GST,18,123.28,312.0,39,Packaged Biscuits & Cookies,1905,8909054521909
Cake Rusk - 300g Pack,CAFE-04884,GST,5,48.3,134.0,32,Breads & Savory (Retail),1905,8900476083073
Artisan Oatmeal & Raisin Cookies - 250g Box,CAFE-04885,GST,18,73.42,226.0,44,Packaged Biscuits & Cookies,1905,8904076856449
House Special Dark Chocolate Bar (70%) - 100g Bar,CAFE-04886,GST,18,113.94,298.0,31,Chocolates & Confectionery,1806,8908869546800
Multigrain Bread - 400g Pack,CAFE-04887,GST,5,30.81,83.0,38,Breads & Savory (Retail),1905,8903175959627
Signature Choco Chip Cookies - 250g Box,CAFE-04888,GST,18,64.38,218.0,24,Packaged Biscuits & Cookies,1905,8908343703752
Handcrafted Green Tea - Pot,CAFE-04889,GST,5,51.14,199.0,4,Prepared Beverages (Cafe Service),9963,8906913946893
Multigrain Bread - 400g Pack,CAFE-04890,GST,5,22.34,82.0,39,Breads & Savory (Retail),1905,8903984811722
House Special Butter Cookies - 250g Box,CAFE-04891,GST,18,60.01,188.0,37,Packaged Biscuits & Cookies,1905,8903246063981
Deluxe Fruit & Nut Chocolate - 100g Bar,CAFE-04892,GST,18,104.12,280.0,17,Chocolates & Confectionery,1806,8906099396007
House Special Aloo Puff / Patties - 1 Pc,CAFE-04893,GST,5,20.35,45.0,5,Prepared Snacks & Sandwiches (Cafe Service),9963,8907723820751
Deluxe Red Velvet Cake - 1kg,CAFE-04894,GST,18,689.06,1937.0,16,Fresh Pastries & Cakes,1905,8909681032022
Handcrafted Butter Cookies - 250g Box,CAFE-04895,GST,18,69.93,174.0,20,Packaged Biscuits & Cookies,1905,8905954312467
Butter Cookies - 250g Box,CAFE-04896,GST,18,44.81,178.0,30,Packaged Biscuits & Cookies,1905,8907814119587
Artisan Dark Chocolate Bar (70%) - 100g Bar,CAFE-04897,GST,18,98.91,291.0,29,Chocolates & Confectionery,1806,8904051300572
Suji Rusk - 400g Pack,CAFE-04898,GST,5,28.91,93.0,47,Breads & Savory (Retail),1905,8902331671629
Handcrafted Chicken Puff - 1 Pc,CAFE-04899,GST,5,33.04,91.0,4,Prepared Snacks & Sandwiches (Cafe Service),9963,8904423352156
Classic Chocolate Truffle Cake - 500g,CAFE-04900,GST,18,216.64,792.0,17,Fresh Pastries & Cakes,1905,8904687927185
Signature Almond Biscotti - 200g Box,CAFE-04901,GST,18,129.29,333.0,37,Packaged Biscuits & Cookies,1905,8909797808784
Gourmet Chocolate Brownie - Fudge,CAFE-04902,GST,18,55.11,168.0,9,Fresh Pastries & Cakes,1905,8909369394995
Classic Cafe Latte - Regular,CAFE-04903,GST,5,45.67,174.0,7,Prepared Beverages (Cafe Service),9963,8901048114681
Garlic Bread Loaf - 1 Pc,CAFE-04904,GST,5,35.63,106.0,58,Breads & Savory (Retail),1905,8904923524937
Freshly Baked Assorted Truffles - Box of 6,CAFE-04905,GST,18,143.33,418.0,50,Chocolates & Confectionery,1806,8905103016404
Gourmet Red Velvet Cake - 1kg,CAFE-04906,GST,18,669.03,1605.0,19,Fresh Pastries & Cakes,1905,8900690438911
Premium Almond Biscotti - 200g Box,CAFE-04907,GST,18,106.87,346.0,22,Packaged Biscuits & Cookies,1905,8902062441850
Freshly Baked Vanilla Cupcake - Box of 4,CAFE-04908,GST,18,102.04,239.0,2,Fresh Pastries & Cakes,1905,8909957568113
House Special Choco Chip Cookies - 250g Box,CAFE-04909,GST,18,84.16,213.0,29,Packaged Biscuits & Cookies,1905,8901493928223
Signature Almond Biscotti - 200g Box,CAFE-04910,GST,18,90.52,315.0,25,Packaged Biscuits & Cookies,1905,8906247193916
Handcrafted Choco Chip Cookies - 500g Box,CAFE-04911,GST,18,118.24,458.0,15,Packaged Biscuits & Cookies,1905,8908724036480
House Special Chocolate Truffle Cake - 2kg,CAFE-04912,GST,18,947.2,3212.0,2,Fresh Pastries & Cakes,1905,8906467651727
Signature Hazelnut Pralines - Box of 9,CAFE-04913,GST,18,216.79,521.0,23,Chocolates & Confectionery,1806,8903655644149
Premium Milk Bread - 400g Pack,CAFE-04914,GST,5,19.56,56.0,15,Breads & Savory (Retail),1905,8903824030922
Freshly Baked Fruit & Nut Chocolate - 100g Bar,CAFE-04915,GST,18,100.03,269.0,34,Chocolates & Confectionery,1806,8905663090669
Freshly Baked Nankhatai - 250g Box,CAFE-04916,GST,18,67.35,181.0,40,Packaged Biscuits & Cookies,1905,8906446515717
Signature Fruit & Nut Chocolate - 100g Bar,CAFE-04917,GST,18,150.71,335.0,23,Chocolates & Confectionery,1806,8908834928445
Freshly Baked Butter Cookies - 500g Box,CAFE-04918,GST,18,101.74,373.0,54,Packaged Biscuits & Cookies,1905,8908280379440
Artisan Black Forest Pastry - 1 Slice,CAFE-04919,GST,18,50.14,140.0,18,Fresh Pastries & Cakes,1905,8909779036496
Classic Oatmeal & Raisin Cookies - 250g Box,CAFE-04920,GST,18,119.65,288.0,40,Packaged Biscuits & Cookies,1905,8909689286979
Deluxe Hot Chocolate - With Marshmallows,CAFE-04921,GST,5,91.87,255.0,15,Prepared Beverages (Cafe Service),9963,8903572231526
Mango Mousse Cup - Standard,CAFE-04922,GST,18,63.69,148.0,16,Fresh Pastries & Cakes,1905,8905810015447
Freshly Baked Butter Cookies - 250g Box,CAFE-04923,GST,18,69.75,215.0,45,Packaged Biscuits & Cookies,1905,8909848002032
Handcrafted Cheese Croissant - 1 Pc,CAFE-04924,GST,5,52.59,189.0,14,Prepared Snacks & Sandwiches (Cafe Service),9963,8901783225091
Handcrafted Almond Biscotti - 200g Box,CAFE-04925,GST,18,123.02,310.0,24,Packaged Biscuits & Cookies,1905,8902326017542
Classic Mango Smoothie - Regular,CAFE-04926,GST,5,50.42,193.0,20,Prepared Beverages (Cafe Service),9963,8901242348390
Deluxe Hazelnut Pralines - Box of 9,CAFE-04927,GST,18,193.05,540.0,59,Chocolates & Confectionery,1806,8907278573023
Deluxe Fruit & Nut Chocolate - 100g Bar,CAFE-04928,GST,18,79.88,276.0,20,Chocolates & Confectionery,1806,8904673390921
Pav Buns - Pack of 6,CAFE-04929,GST,5,28.75,106.0,46,Breads & Savory (Retail),1905,8904031694743
House Special Butter Cookies - 250g Box,CAFE-04930,GST,18,69.57,209.0,42,Packaged Biscuits & Cookies,1905,8905150218645
Paneer Tikka Wrap - Standard,CAFE-04931,GST,5,62.31,178.0,17,Prepared Snacks & Sandwiches (Cafe Service),9963,8906386189085
Artisan Butter Cookies - 250g Box,CAFE-04932,GST,18,43.71,173.0,29,Packaged Biscuits & Cookies,1905,8905559953972
Artisan Mango Mousse Cup - Standard,CAFE-04933,GST,18,45.74,135.0,11,Fresh Pastries & Cakes,1905,8902092259739
Handcrafted Peach Iced Tea - Regular,CAFE-04934,GST,5,48.87,183.0,4,Prepared Beverages (Cafe Service),9963,8900601130322
Multigrain Bread - 400g Pack,CAFE-04935,GST,5,34.19,89.0,59,Breads & Savory (Retail),1905,8907453656026
Classic Cold Coffee Classic - Regular,CAFE-04936,GST,5,53.92,157.0,18,Prepared Beverages (Cafe Service),9963,8902459622397
Pizza Base - Pack of 4,CAFE-04937,GST,5,34.55,121.0,59,Breads & Savory (Retail),1905,8900996079391
House Special Mango Mousse Cup - Standard,CAFE-04938,GST,18,46.12,163.0,4,Fresh Pastries & Cakes,1905,8900816535985
Signature Assorted Truffles - Box of 12,CAFE-04939,GST,18,355.41,881.0,60,Chocolates & Confectionery,1806,8909283534249
House Special Butter Cookies - 250g Box,CAFE-04940,GST,18,85.37,214.0,58,Packaged Biscuits & Cookies,1905,8908006486157
Classic Hazelnut Pralines - Box of 9,CAFE-04941,GST,18,155.07,539.0,56,Chocolates & Confectionery,1806,8906492896389
Deluxe Fruit & Nut Chocolate - 100g Bar,CAFE-04942,GST,18,99.9,253.0,41,Chocolates & Confectionery,1806,8906993005476
Choco Chip Cookies - 500g Box,CAFE-04943,GST,18,158.42,389.0,50,Packaged Biscuits & Cookies,1905,8902818325512
Handcrafted Green Tea - Cup,CAFE-04944,GST,5,47.48,120.0,16,Prepared Beverages (Cafe Service),9963,8902972136908
Classic Green Tea - Cup,CAFE-04945,GST,5,40.55,132.0,9,Prepared Beverages (Cafe Service),9963,8901650124040
Premium Dark Chocolate Bar (70%) - 100g Bar,CAFE-04946,GST,18,98.92,292.0,57,Chocolates & Confectionery,1806,8909713777938
Freshly Baked Cold Coffee Classic - Regular,CAFE-04947,GST,5,78.49,177.0,6,Prepared Beverages (Cafe Service),9963,8900866478635
Signature Fruit & Nut Chocolate - 100g Bar,CAFE-04948,GST,18,73.26,253.0,24,Chocolates & Confectionery,1806,8902694153543
House Special Chocolate Brownie - 1 Pc,CAFE-04949,GST,18,47.62,158.0,7,Fresh Pastries & Cakes,1905,8902162593224
Handcrafted Blueberry Cheesecake Slice - 1 Slice,CAFE-04950,GST,18,84.82,217.0,9,Fresh Pastries & Cakes,1905,8904162325287
Classic Oatmeal & Raisin Cookies - 250g Box,CAFE-04951,GST,18,68.6,268.0,28,Packaged Biscuits & Cookies,1905,8902276039219
Deluxe Vanilla Cupcake - Box of 4,CAFE-04952,GST,18,77.61,225.0,8,Fresh Pastries & Cakes,1905,8908551299866
Deluxe Dark Chocolate Bar (70%) - 100g Bar,CAFE-04953,GST,18,99.23,276.0,30,Chocolates & Confectionery,1806,8900976904635
Signature Chocolate Brownie - With Walnut,CAFE-04954,GST,18,69.26,166.0,19,Fresh Pastries & Cakes,1905,8905937753359
Milk Chocolate Bar - 100g Bar,CAFE-04955,GST,18,65.43,239.0,56,Chocolates & Confectionery,1806,8903324335069
Signature Aloo Puff / Patties - 2 Pcs,CAFE-04956,GST,5,12.45,39.0,2,Prepared Snacks & Sandwiches (Cafe Service),9963,8902547127806
Deluxe Cold Coffee Classic - Large,CAFE-04957,GST,5,92.08,309.0,15,Prepared Beverages (Cafe Service),9963,8907868926855
Artisan Chocolate Truffle Cake - 1kg,CAFE-04958,GST,18,677.38,1616.0,8,Fresh Pastries & Cakes,1905,8906063705545
House Special Mocha Frappe - Regular,CAFE-04959,GST,5,99.97,236.0,10,Prepared Beverages (Cafe Service),9963,8902386145094
Classic Red Velvet Cake - 500g,CAFE-04960,GST,18,301.68,1083.0,4,Fresh Pastries & Cakes,1905,8904010119050
Classic Milk Chocolate Bar - 100g Bar,CAFE-04961,GST,18,92.31,220.0,34,Chocolates & Confectionery,1806,8905808106355
Gourmet Chocolate Brownie - 1 Pc,CAFE-04962,GST,18,38.55,134.0,13,Fresh Pastries & Cakes,1905,8905658247682
House Special Milk Chocolate Bar - 100g Bar,CAFE-04963,GST,18,88.14,215.0,18,Chocolates & Confectionery,1806,8905011600268
Handcrafted Almond Biscotti - 200g Box,CAFE-04964,GST,18,107.46,332.0,22,Packaged Biscuits & Cookies,1905,8909202976377
Handcrafted Oatmeal & Raisin Cookies - 250g Box,CAFE-04965,GST,18,99.46,272.0,29,Packaged Biscuits & Cookies,1905,8901936671162
Classic Choco Chip Cookies - 500g Box,CAFE-04966,GST,18,113.0,372.0,29,Packaged Biscuits & Cookies,1905,8908629187937
Handcrafted Nankhatai - 250g Box,CAFE-04967,GST,18,56.85,174.0,21,Packaged Biscuits & Cookies,1905,8903158620713
Handcrafted Aloo Puff / Patties - 2 Pcs,CAFE-04968,GST,5,15.01,48.0,11,Prepared Snacks & Sandwiches (Cafe Service),9963,8900794539341
Gourmet Chocolate Truffle Cake - 500g,CAFE-04969,GST,18,270.14,792.0,7,Fresh Pastries & Cakes,1905,8908506967206
Artisan Jeera Biscuits - 500g Box,CAFE-04970,GST,18,104.99,301.0,16,Packaged Biscuits & Cookies,1905,8903750160557
Handcrafted Assorted Truffles - Box of 12,CAFE-04971,GST,18,284.1,853.0,19,Chocolates & Confectionery,1806,8902372873576
Freshly Baked Paneer Puff - 1 Pc,CAFE-04972,GST,5,19.36,57.0,8,Prepared Snacks & Sandwiches (Cafe Service),9963,8909990954717
Premium Hazelnut Pralines - Box of 9,CAFE-04973,GST,18,190.85,565.0,33,Chocolates & Confectionery,1806,8904899615160
Freshly Baked Black Forest Pastry - 2 Slices,CAFE-04974,GST,18,89.68,256.0,19,Fresh Pastries & Cakes,1905,8903510067076
House Special Red Velvet Cake - 1kg,CAFE-04975,GST,18,732.48,1653.0,16,Fresh Pastries & Cakes,1905,8903415274212
Signature Chicken Tikka Sandwich - Standard,CAFE-04976,GST,5,75.54,249.0,11,Prepared Snacks & Sandwiches (Cafe Service),9963,8903801808753
Classic Cold Coffee Classic - Regular,CAFE-04977,GST,5,85.12,190.0,7,Prepared Beverages (Cafe Service),9963,8906745861894
Premium Milk Bread - 400g Pack,CAFE-04978,GST,5,21.25,58.0,49,Breads & Savory (Retail),1905,8907820282536
Classic Oatmeal & Raisin Cookies - 250g Box,CAFE-04979,GST,18,89.34,227.0,49,Packaged Biscuits & Cookies,1905,8904803025157
Vanilla Cupcake - 1 Pc,CAFE-04980,GST,18,29.24,80.0,16,Fresh Pastries & Cakes,1905,8902390441850
Signature Cappuccino - Regular,CAFE-04981,GST,5,73.84,189.0,13,Prepared Beverages (Cafe Service),9963,8901463547658
Freshly Baked Nankhatai - 250g Box,CAFE-04982,GST,18,51.58,181.0,41,Packaged Biscuits & Cookies,1905,8902069348673
Premium Espresso - Single Shot,CAFE-04983,GST,5,43.47,133.0,5,Prepared Beverages (Cafe Service),9963,8907432641722
Freshly Baked Oatmeal & Raisin Cookies - 250g Box,CAFE-04984,GST,18,68.64,251.0,47,Packaged Biscuits & Cookies,1905,8905018299909
Artisan Black Forest Pastry - 1 Slice,CAFE-04985,GST,18,43.16,114.0,20,Fresh Pastries & Cakes,1905,8900019907394
Artisan Egg & Cheese Croissant - Standard,CAFE-04986,GST,5,84.72,278.0,15,Prepared Snacks & Sandwiches (Cafe Service),9963,8900771872970
Pizza Base - Pack of 4,CAFE-04987,GST,5,38.98,124.0,55,Breads & Savory (Retail),1905,8908202446943
Classic Cheese Croissant - 1 Pc,CAFE-04988,GST,5,48.98,151.0,20,Prepared Snacks & Sandwiches (Cafe Service),9963,8908304214538
Garlic Bread Loaf - 1 Pc,CAFE-04989,GST,5,29.2,102.0,17,Breads & Savory (Retail),1905,8901938682267
Garlic Bread Loaf - 1 Pc,CAFE-04990,GST,5,31.14,102.0,33,Breads & Savory (Retail),1905,8903614756297
House Special Paneer Tikka Wrap - Standard,CAFE-04991,GST,5,45.63,180.0,4,Prepared Snacks & Sandwiches (Cafe Service),9963,8908444690488
Suji Rusk - 400g Pack,CAFE-04992,GST,5,34.74,107.0,42,Breads & Savory (Retail),1905,8908801771086
Freshly Baked Chicken Puff - 1 Pc,CAFE-04993,GST,5,25.6,73.0,2,Prepared Snacks & Sandwiches (Cafe Service),9963,8900235641407
Classic Cappuccino - Large,CAFE-04994,GST,5,75.29,300.0,12,Prepared Beverages (Cafe Service),9963,8904351371834
Classic Cheese Croissant - 1 Pc,CAFE-04995,GST,5,75.04,173.0,19,Prepared Snacks & Sandwiches (Cafe Service),9963,8900778585991
Deluxe Fruit & Nut Chocolate - 100g Bar,CAFE-04996,GST,18,88.09,301.0,22,Chocolates & Confectionery,1806,8907696038347
Gourmet Chicken Puff - 1 Pc,CAFE-04997,GST,5,21.86,79.0,14,Prepared Snacks & Sandwiches (Cafe Service),9963,8901501860503
Handcrafted Butter Cookies - 250g Box,CAFE-04998,GST,18,65.17,191.0,21,Packaged Biscuits & Cookies,1905,8904076703470
Signature Chocolate Truffle Cake - 1kg,CAFE-04999,GST,18,549.21,1505.0,15,Fresh Pastries & Cakes,1905,8904622507476
Whole Wheat Bread - 400g Pack,CAFE-05000,GST,5,18.93,67.0,35,Breads & Savory (Retail),1905,8909301684970
