product_name,product_code,barcode,category,hsn_code,gst_rate,tax_type,purchase_rate,selling_rate,opening_stock
Supreme Silpaulin 6X4 70GSM Blue,SUSP6470,,Tarpaulin & Nets,39269099,18,,44.52,57.31,5
Supreme Silpaulin 6X4 70GSM Yellow,SUSP64709,,Tarpaulin & Nets,39269099,18,,46.86,59.15,41
Supreme Silpaulin 6X4 70GSM Black,SUSP64701,,Tarpaulin & Nets,39269099,18,,43.57,50.41,56
Supreme Silpaulin 6X4 70GSM Silver/Black,SUSP64707,,Tarpaulin & Nets,39269099,18,,44.64,52.47,44
Supreme Silpaulin 6X4 70GSM Green,SUSP64704,,Tarpaulin & Nets,39269099,18,,43.97,50.81,74
Supreme Silpaulin 8X6 70GSM Blue,SUSP8670,,Tarpaulin & Nets,39269099,18,,93.15,116.08,47
Supreme Silpaulin 8X6 70GSM Yellow,SUSP86707,,Tarpaulin & Nets,39269099,18,,87.3,105.3,95
Supreme Silpaulin 8X6 70GSM Black,SUSP867070,,Tarpaulin & Nets,39269099,18,,104.5,132.26,95
Supreme Silpaulin 8X6 70GSM Silver/Black,SUSP86702,,Tarpaulin & Nets,39269099,18,,91.39,113.97,41
Supreme Silpaulin 8X6 70GSM Green,SUSP86701,,Tarpaulin & Nets,39269099,18,,90.06,106.16,99
Supreme Silpaulin 9X6 70GSM Blue,SUSP9670,,Tarpaulin & Nets,39269099,18,,110.6,135.15,46
Supreme Silpaulin 9X6 70GSM Yellow,SUSP96701,,Tarpaulin & Nets,39269099,18,,99.18,117.95,87
Supreme Silpaulin 9X6 70GSM Black,SUSP96706,,Tarpaulin & Nets,39269099,18,,110.86,138.91,4
Supreme Silpaulin 9X6 70GSM Silver/Black,SUSP96703,,Tarpaulin & Nets,39269099,18,,109.68,136.67,28
Supreme Silpaulin 9X6 70GSM Green,SUSP96707,,Tarpaulin & Nets,39269099,18,,102.1,124.4,27
Supreme Silpaulin 12X9 70GSM Blue,SUSP12970,,Tarpaulin & Nets,39269099,18,,235.75,284.96,28
Supreme Silpaulin 12X9 70GSM Yellow,SUSP129708,,Tarpaulin & Nets,39269099,18,,218.86,282.75,15
Supreme Silpaulin 12X9 70GSM Black,SUSP129709,,Tarpaulin & Nets,39269099,18,,234.04,291.66,35
Supreme Silpaulin 12X9 70GSM Silver/Black,SUSP129700,,Tarpaulin & Nets,39269099,18,,207.76,241.87,21
Supreme Silpaulin 12X9 70GSM Green,SUSP1297087,,Tarpaulin & Nets,39269099,18,,210.53,251.88,56
Supreme Silpaulin 12X10 70GSM Blue,SUSP121070,,Tarpaulin & Nets,39269099,18,,259.06,299.02,24
Supreme Silpaulin 12X10 70GSM Yellow,SUSP1210701,,Tarpaulin & Nets,39269099,18,,240.64,308.22,71
Supreme Silpaulin 12X10 70GSM Black,SUSP1210707,,Tarpaulin & Nets,39269099,18,,245.44,294.54,61
Supreme Silpaulin 12X10 70GSM Silver/Black,SUSP1210709,,Tarpaulin & Nets,39269099,18,,219.37,278.57,19
Supreme Silpaulin 12X10 70GSM Green,SUSP12107014,,Tarpaulin & Nets,39269099,18,,246.81,300.64,15
Supreme Silpaulin 15X12 70GSM Blue,SUSP151270,,Tarpaulin & Nets,39269099,18,,356.71,428.01,74
Supreme Silpaulin 15X12 70GSM Yellow,SUSP1512701,,Tarpaulin & Nets,39269099,18,,331.41,390.53,70
Supreme Silpaulin 15X12 70GSM Black,SUSP1512703,,Tarpaulin & Nets,39269099,18,,359.82,424.41,31
Supreme Silpaulin 15X12 70GSM Silver/Black,SUSP1512707,,Tarpaulin & Nets,39269099,18,,391.41,458.56,41
Supreme Silpaulin 15X12 70GSM Green,SUSP15127013,,Tarpaulin & Nets,39269099,18,,379.76,445.4,37
Supreme Silpaulin 18X12 70GSM Blue,SUSP181270,,Tarpaulin & Nets,39269099,18,,443.67,565.66,86
Supreme Silpaulin 18X12 70GSM Yellow,SUSP1812708,,Tarpaulin & Nets,39269099,18,,434.01,546.5,66
Supreme Silpaulin 18X12 70GSM Black,SUSP1812704,,Tarpaulin & Nets,39269099,18,,447.89,546.61,45
Supreme Silpaulin 18X12 70GSM Silver/Black,SUSP1812701,,Tarpaulin & Nets,39269099,18,,430.25,534.74,98
Supreme Silpaulin 18X12 70GSM Green,SUSP1812705,,Tarpaulin & Nets,39269099,18,,403.98,521.38,37
Supreme Silpaulin 18X15 70GSM Blue,SUSP181570,,Tarpaulin & Nets,39269099,18,,492.92,584.62,7
Supreme Silpaulin 18X15 70GSM Yellow,SUSP1815705,,Tarpaulin & Nets,39269099,18,,503.48,624.79,72
Supreme Silpaulin 18X15 70GSM Black,SUSP18157050,,Tarpaulin & Nets,39269099,18,,499.22,590.41,41
Supreme Silpaulin 18X15 70GSM Silver/Black,SUSP1815702,,Tarpaulin & Nets,39269099,18,,515.28,636.21,45
Supreme Silpaulin 18X15 70GSM Green,SUSP1815707,,Tarpaulin & Nets,39269099,18,,507.69,631.3,28
Supreme Silpaulin 21X15 70GSM Blue,SUSP211570,,Tarpaulin & Nets,39269099,18,,660.74,799.77,12
Supreme Silpaulin 21X15 70GSM Yellow,SUSP2115708,,Tarpaulin & Nets,39269099,18,,690.5,824.58,89
Supreme Silpaulin 21X15 70GSM Black,SUSP2115709,,Tarpaulin & Nets,39269099,18,,578.17,710.59,68
Supreme Silpaulin 21X15 70GSM Silver/Black,SUSP2115704,,Tarpaulin & Nets,39269099,18,,652.04,803.34,3
Supreme Silpaulin 21X15 70GSM Green,SUSP2115703,,Tarpaulin & Nets,39269099,18,,633.66,801.56,7
Supreme Silpaulin 24X18 70GSM Blue,SUSP241870,,Tarpaulin & Nets,39269099,18,,927.58,1084.69,92
Supreme Silpaulin 24X18 70GSM Yellow,SUSP2418702,,Tarpaulin & Nets,39269099,18,,881.25,1027.06,67
Supreme Silpaulin 24X18 70GSM Black,SUSP2418705,,Tarpaulin & Nets,39269099,18,,881.69,1069.56,36
Supreme Silpaulin 24X18 70GSM Silver/Black,SUSP2418706,,Tarpaulin & Nets,39269099,18,,905.25,1149.18,72
Supreme Silpaulin 24X18 70GSM Green,SUSP2418709,,Tarpaulin & Nets,39269099,18,,937.14,1140.89,66
Supreme Silpaulin 30X20 70GSM Blue,SUSP302070,,Tarpaulin & Nets,39269099,18,,1177.43,1394.87,97
Supreme Silpaulin 30X20 70GSM Yellow,SUSP3020709,,Tarpaulin & Nets,39269099,18,,1092.15,1369.14,5
Supreme Silpaulin 30X20 70GSM Black,SUSP30207094,,Tarpaulin & Nets,39269099,18,,1224.11,1511.19,13
Supreme Silpaulin 30X20 70GSM Silver/Black,SUSP3020700,,Tarpaulin & Nets,39269099,18,,1216.37,1488.13,93
Supreme Silpaulin 30X20 70GSM Green,SUSP30207003,,Tarpaulin & Nets,39269099,18,,1319.5,1687.81,86
Supreme Silpaulin 30X24 70GSM Blue,SUSP302470,,Tarpaulin & Nets,39269099,18,,1390.97,1629.09,28
Supreme Silpaulin 30X24 70GSM Yellow,SUSP3024700,,Tarpaulin & Nets,39269099,18,,1400.45,1694.54,30
Supreme Silpaulin 30X24 70GSM Black,SUSP30247005,,Tarpaulin & Nets,39269099,18,,1543.67,1833.11,84
Supreme Silpaulin 30X24 70GSM Silver/Black,SUSP3024705,,Tarpaulin & Nets,39269099,18,,1514.31,1756.36,13
Supreme Silpaulin 30X24 70GSM Green,SUSP3024708,,Tarpaulin & Nets,39269099,18,,1383.26,1633.72,16
Supreme Silpaulin 36X24 70GSM Blue,SUSP362470,,Tarpaulin & Nets,39269099,18,,1558.7,1801.45,93
Supreme Silpaulin 36X24 70GSM Yellow,SUSP3624705,,Tarpaulin & Nets,39269099,18,,1607.8,2054.64,28
Supreme Silpaulin 36X24 70GSM Black,SUSP3624700,,Tarpaulin & Nets,39269099,18,,1853.17,2359.59,80
Supreme Silpaulin 36X24 70GSM Silver/Black,SUSP3624708,,Tarpaulin & Nets,39269099,18,,1712.67,2199.77,83
Supreme Silpaulin 36X24 70GSM Green,SUSP36247054,,Tarpaulin & Nets,39269099,18,,1878.45,2275.94,94
Supreme Silpaulin 40X30 70GSM Blue,SUSP403070,,Tarpaulin & Nets,39269099,18,,2535.05,3280.51,100
Supreme Silpaulin 40X30 70GSM Yellow,SUSP4030700,,Tarpaulin & Nets,39269099,18,,2188.53,2784.87,35
Supreme Silpaulin 40X30 70GSM Black,SUSP4030703,,Tarpaulin & Nets,39269099,18,,2464.78,3202.62,94
Supreme Silpaulin 40X30 70GSM Silver/Black,SUSP4030706,,Tarpaulin & Nets,39269099,18,,2411.42,3129.72,16
Supreme Silpaulin 40X30 70GSM Green,SUSP4030702,,Tarpaulin & Nets,39269099,18,,2386.44,2784.64,68
Supreme Silpaulin 40X40 70GSM Blue,SUSP404070,,Tarpaulin & Nets,39269099,18,,3201.75,4045.14,42
Supreme Silpaulin 40X40 70GSM Yellow,SUSP4040700,,Tarpaulin & Nets,39269099,18,,2931.21,3719.26,6
Supreme Silpaulin 40X40 70GSM Black,SUSP4040702,,Tarpaulin & Nets,39269099,18,,3063.58,3640.74,3
Supreme Silpaulin 40X40 70GSM Silver/Black,SUSP40407001,,Tarpaulin & Nets,39269099,18,,2952.6,3738.78,2
Supreme Silpaulin 40X40 70GSM Green,SUSP4040707,,Tarpaulin & Nets,39269099,18,,3139.87,3979.44,89
Supreme Silpaulin 50X40 70GSM Blue,SUSP504070,,Tarpaulin & Nets,39269099,18,,4150.13,5247.06,40
Supreme Silpaulin 50X40 70GSM Yellow,SUSP5040704,,Tarpaulin & Nets,39269099,18,,4395.59,5454.19,97
Supreme Silpaulin 50X40 70GSM Black,SUSP5040702,,Tarpaulin & Nets,39269099,18,,4129.26,5132.09,72
Supreme Silpaulin 50X40 70GSM Silver/Black,SUSP5040707,,Tarpaulin & Nets,39269099,18,,4289.39,5365.04,67
Supreme Silpaulin 50X40 70GSM Green,SUSP5040709,,Tarpaulin & Nets,39269099,18,,4295.22,5169.44,6
Supreme Silpaulin 60X40 70GSM Blue,SUSP604070,,Tarpaulin & Nets,39269099,18,,4814.36,5803.01,24
Supreme Silpaulin 60X40 70GSM Yellow,SUSP6040702,,Tarpaulin & Nets,39269099,18,,5249.57,6681.41,21
Supreme Silpaulin 60X40 70GSM Black,SUSP6040708,,Tarpaulin & Nets,39269099,18,,4869.09,5946.63,67
Supreme Silpaulin 60X40 70GSM Silver/Black,SUSP60407085,,Tarpaulin & Nets,39269099,18,,4901.14,5949.05,29
Supreme Silpaulin 60X40 70GSM Green,SUSP6040706,,Tarpaulin & Nets,39269099,18,,5231.58,6060.06,10
Supreme Silpaulin 60X60 70GSM Blue,SUSP606070,,Tarpaulin & Nets,39269099,18,,6595.69,7954.37,60
Supreme Silpaulin 60X60 70GSM Yellow,SUSP6060704,,Tarpaulin & Nets,39269099,18,,6705.83,8644.25,6
Supreme Silpaulin 60X60 70GSM Black,SUSP6060701,,Tarpaulin & Nets,39269099,18,,6515.35,8351.36,77
Supreme Silpaulin 60X60 70GSM Silver/Black,SUSP6060709,,Tarpaulin & Nets,39269099,18,,6948.65,8092.8,73
Supreme Silpaulin 60X60 70GSM Green,SUSP6060705,,Tarpaulin & Nets,39269099,18,,7299.37,8584.27,59
Supreme Silpaulin 80X60 70GSM Blue,SUSP806070,,Tarpaulin & Nets,39269099,18,,9063.45,10515.92,78
Supreme Silpaulin 80X60 70GSM Yellow,SUSP8060705,,Tarpaulin & Nets,39269099,18,,9863.43,11964.7,92
Supreme Silpaulin 80X60 70GSM Black,SUSP8060706,,Tarpaulin & Nets,39269099,18,,8716.37,10343.3,46
Supreme Silpaulin 80X60 70GSM Silver/Black,SUSP8060707,,Tarpaulin & Nets,39269099,18,,9960.41,12738.49,89
Supreme Silpaulin 80X60 70GSM Green,SUSP80607058,,Tarpaulin & Nets,39269099,18,,10162.65,12544.96,15
Supreme Silpaulin 100X100 70GSM Blue,SUSP10010070,,Tarpaulin & Nets,39269099,18,,18808.78,22857.27,52
Supreme Silpaulin 100X100 70GSM Yellow,SUSP100100705,,Tarpaulin & Nets,39269099,18,,20019.4,24162.87,9
Supreme Silpaulin 100X100 70GSM Black,SUSP100100703,,Tarpaulin & Nets,39269099,18,,19005.76,23751.61,6
Supreme Silpaulin 100X100 70GSM Silver/Black,SUSP100100709,,Tarpaulin & Nets,39269099,18,,19805.8,23900.24,93
Supreme Silpaulin 100X100 70GSM Green,SUSP100100702,,Tarpaulin & Nets,39269099,18,,18889.34,21901.5,53
Supreme Silpaulin 6X4 90GSM Blue,SUSP6490,,Tarpaulin & Nets,39269099,18,,72.52,83.6,53
Supreme Silpaulin 6X4 90GSM Yellow,SUSP64903,,Tarpaulin & Nets,39269099,18,,69.19,85.27,81
Supreme Silpaulin 6X4 90GSM Black,SUSP64901,,Tarpaulin & Nets,39269099,18,,72.49,92.17,42
Supreme Silpaulin 6X4 90GSM Silver/Black,SUSP64904,,Tarpaulin & Nets,39269099,18,,67.6,87.0,77
Supreme Silpaulin 6X4 90GSM Green,SUSP64902,,Tarpaulin & Nets,39269099,18,,67.9,86.82,13
Supreme Silpaulin 8X6 90GSM Blue,SUSP8690,,Tarpaulin & Nets,39269099,18,,121.36,144.14,20
Supreme Silpaulin 8X6 90GSM Yellow,SUSP86903,,Tarpaulin & Nets,39269099,18,,132.71,158.19,34
Supreme Silpaulin 8X6 90GSM Black,SUSP86905,,Tarpaulin & Nets,39269099,18,,139.47,160.53,2
Supreme Silpaulin 8X6 90GSM Silver/Black,SUSP86900,,Tarpaulin & Nets,39269099,18,,135.07,160.88,48
Supreme Silpaulin 8X6 90GSM Green,SUSP86908,,Tarpaulin & Nets,39269099,18,,129.82,162.78,85
Supreme Silpaulin 9X6 90GSM Blue,SUSP9690,,Tarpaulin & Nets,39269099,18,,136.92,163.16,33
Supreme Silpaulin 9X6 90GSM Yellow,SUSP96902,,Tarpaulin & Nets,39269099,18,,153.32,187.92,21
Supreme Silpaulin 9X6 90GSM Black,SUSP96905,,Tarpaulin & Nets,39269099,18,,153.61,195.15,81
Supreme Silpaulin 9X6 90GSM Silver/Black,SUSP96906,,Tarpaulin & Nets,39269099,18,,162.1,207.09,84
Supreme Silpaulin 9X6 90GSM Green,SUSP96908,,Tarpaulin & Nets,39269099,18,,137.53,168.98,77
Supreme Silpaulin 12X9 90GSM Blue,SUSP12990,,Tarpaulin & Nets,39269099,18,,301.57,368.24,93
Supreme Silpaulin 12X9 90GSM Yellow,SUSP129909,,Tarpaulin & Nets,39269099,18,,316.45,408.13,37
Supreme Silpaulin 12X9 90GSM Black,SUSP1299099,,Tarpaulin & Nets,39269099,18,,296.04,356.38,87
Supreme Silpaulin 12X9 90GSM Silver/Black,SUSP129900,,Tarpaulin & Nets,39269099,18,,293.52,339.28,13
Supreme Silpaulin 12X9 90GSM Green,SUSP129902,,Tarpaulin & Nets,39269099,18,,307.83,381.49,5
Supreme Silpaulin 12X10 90GSM Blue,SUSP121090,,Tarpaulin & Nets,39269099,18,,361.46,420.56,86
Supreme Silpaulin 12X10 90GSM Yellow,SUSP1210902,,Tarpaulin & Nets,39269099,18,,321.34,388.21,61
Supreme Silpaulin 12X10 90GSM Black,SUSP1210900,,Tarpaulin & Nets,39269099,18,,355.33,435.48,29
Supreme Silpaulin 12X10 90GSM Silver/Black,SUSP1210906,,Tarpaulin & Nets,39269099,18,,367.27,428.23,7
Supreme Silpaulin 12X10 90GSM Green,SUSP1210908,,Tarpaulin & Nets,39269099,18,,306.37,370.6,50
Supreme Silpaulin 15X12 90GSM Blue,SUSP151290,,Tarpaulin & Nets,39269099,18,,537.31,639.2,96
Supreme Silpaulin 15X12 90GSM Yellow,SUSP1512905,,Tarpaulin & Nets,39269099,18,,515.16,646.94,27
Supreme Silpaulin 15X12 90GSM Black,SUSP1512900,,Tarpaulin & Nets,39269099,18,,546.49,709.23,94
Supreme Silpaulin 15X12 90GSM Silver/Black,SUSP1512902,,Tarpaulin & Nets,39269099,18,,548.24,680.68,72
Supreme Silpaulin 15X12 90GSM Green,SUSP1512904,,Tarpaulin & Nets,39269099,18,,517.43,666.97,47
Supreme Silpaulin 18X12 90GSM Blue,SUSP181290,,Tarpaulin & Nets,39269099,18,,605.12,779.95,80
Supreme Silpaulin 18X12 90GSM Yellow,SUSP1812907,,Tarpaulin & Nets,39269099,18,,591.17,687.24,55
Supreme Silpaulin 18X12 90GSM Black,SUSP1812908,,Tarpaulin & Nets,39269099,18,,555.9,683.53,100
Supreme Silpaulin 18X12 90GSM Silver/Black,SUSP1812900,,Tarpaulin & Nets,39269099,18,,630.94,746.3,84
Supreme Silpaulin 18X12 90GSM Green,SUSP1812902,,Tarpaulin & Nets,39269099,18,,644.78,760.3,13
Supreme Silpaulin 18X15 90GSM Blue,SUSP181590,,Tarpaulin & Nets,39269099,18,,828.93,987.52,82
Supreme Silpaulin 18X15 90GSM Yellow,SUSP1815901,,Tarpaulin & Nets,39269099,18,,700.13,867.88,35
Supreme Silpaulin 18X15 90GSM Black,SUSP18159010,,Tarpaulin & Nets,39269099,18,,762.41,990.29,67
Supreme Silpaulin 18X15 90GSM Silver/Black,SUSP18159015,,Tarpaulin & Nets,39269099,18,,696.19,863.55,54
Supreme Silpaulin 18X15 90GSM Green,SUSP1815900,,Tarpaulin & Nets,39269099,18,,757.23,982.25,99
Supreme Silpaulin 21X15 90GSM Blue,SUSP211590,,Tarpaulin & Nets,39269099,18,,814.68,962.89,56
Supreme Silpaulin 21X15 90GSM Yellow,SUSP2115900,,Tarpaulin & Nets,39269099,18,,951.86,1182.47,6
Supreme Silpaulin 21X15 90GSM Black,SUSP2115907,,Tarpaulin & Nets,39269099,18,,912.26,1102.31,19
Supreme Silpaulin 21X15 90GSM Silver/Black,SUSP2115903,,Tarpaulin & Nets,39269099,18,,847.87,979.22,46
Supreme Silpaulin 21X15 90GSM Green,SUSP2115908,,Tarpaulin & Nets,39269099,18,,927.85,1073.99,9
Supreme Silpaulin 24X18 90GSM Blue,SUSP241890,,Tarpaulin & Nets,39269099,18,,1143.79,1380.09,27
Supreme Silpaulin 24X18 90GSM Yellow,SUSP2418907,,Tarpaulin & Nets,39269099,18,,1166.71,1343.81,20
Supreme Silpaulin 24X18 90GSM Black,SUSP2418904,,Tarpaulin & Nets,39269099,18,,1190.53,1543.37,43
Supreme Silpaulin 24X18 90GSM Silver/Black,SUSP2418908,,Tarpaulin & Nets,39269099,18,,1167.45,1429.27,22
Supreme Silpaulin 24X18 90GSM Green,SUSP2418906,,Tarpaulin & Nets,39269099,18,,1271.71,1492.23,1
Supreme Silpaulin 30X20 90GSM Blue,SUSP302090,,Tarpaulin & Nets,39269099,18,,1529.03,1899.35,73
Supreme Silpaulin 30X20 90GSM Yellow,SUSP3020906,,Tarpaulin & Nets,39269099,18,,1706.52,2186.96,50
Supreme Silpaulin 30X20 90GSM Black,SUSP3020908,,Tarpaulin & Nets,39269099,18,,1736.5,2065.87,47
Supreme Silpaulin 30X20 90GSM Silver/Black,SUSP3020900,,Tarpaulin & Nets,39269099,18,,1703.17,2187.88,94
Supreme Silpaulin 30X20 90GSM Green,SUSP3020907,,Tarpaulin & Nets,39269099,18,,1592.14,1860.86,63
Supreme Silpaulin 30X24 90GSM Blue,SUSP302490,,Tarpaulin & Nets,39269099,18,,2195.82,2620.01,54
Supreme Silpaulin 30X24 90GSM Yellow,SUSP3024906,,Tarpaulin & Nets,39269099,18,,2142.64,2668.43,41
Supreme Silpaulin 30X24 90GSM Black,SUSP3024902,,Tarpaulin & Nets,39269099,18,,2030.47,2423.51,8
Supreme Silpaulin 30X24 90GSM Silver/Black,SUSP3024905,,Tarpaulin & Nets,39269099,18,,2135.28,2657.49,13
Supreme Silpaulin 30X24 90GSM Green,SUSP3024903,,Tarpaulin & Nets,39269099,18,,1884.4,2356.49,7
Supreme Silpaulin 36X24 90GSM Blue,SUSP362490,,Tarpaulin & Nets,39269099,18,,2526.78,3179.49,93
Supreme Silpaulin 36X24 90GSM Yellow,SUSP3624909,,Tarpaulin & Nets,39269099,18,,2465.24,3142.63,67
Supreme Silpaulin 36X24 90GSM Black,SUSP36249094,,Tarpaulin & Nets,39269099,18,,2472.81,2878.93,81
Supreme Silpaulin 36X24 90GSM Silver/Black,SUSP3624907,,Tarpaulin & Nets,39269099,18,,2478.32,2952.29,18
Supreme Silpaulin 36X24 90GSM Green,SUSP3624908,,Tarpaulin & Nets,39269099,18,,2351.63,2796.27,56
Supreme Silpaulin 40X30 90GSM Blue,SUSP403090,,Tarpaulin & Nets,39269099,18,,3343.42,4182.19,92
Supreme Silpaulin 40X30 90GSM Yellow,SUSP4030906,,Tarpaulin & Nets,39269099,18,,3410.67,4164.69,32
Supreme Silpaulin 40X30 90GSM Black,SUSP4030909,,Tarpaulin & Nets,39269099,18,,3208.2,4092.21,90
Supreme Silpaulin 40X30 90GSM Silver/Black,SUSP40309066,,Tarpaulin & Nets,39269099,18,,3358.83,4043.09,24
Supreme Silpaulin 40X30 90GSM Green,SUSP4030903,,Tarpaulin & Nets,39269099,18,,3243.64,4033.81,30
Supreme Silpaulin 40X40 90GSM Blue,SUSP404090,,Tarpaulin & Nets,39269099,18,,4490.46,5224.65,60
Supreme Silpaulin 40X40 90GSM Yellow,SUSP4040901,,Tarpaulin & Nets,39269099,18,,4774.56,5962.35,52
Supreme Silpaulin 40X40 90GSM Black,SUSP4040900,,Tarpaulin & Nets,39269099,18,,4824.18,5589.83,88
Supreme Silpaulin 40X40 90GSM Silver/Black,SUSP4040904,,Tarpaulin & Nets,39269099,18,,4186.63,5001.68,54
Supreme Silpaulin 40X40 90GSM Green,SUSP4040908,,Tarpaulin & Nets,39269099,18,,4455.0,5272.56,39
Supreme Silpaulin 50X40 90GSM Blue,SUSP504090,,Tarpaulin & Nets,39269099,18,,5120.84,6438.33,58
Supreme Silpaulin 50X40 90GSM Yellow,SUSP5040902,,Tarpaulin & Nets,39269099,18,,5523.29,7095.39,45
Supreme Silpaulin 50X40 90GSM Black,SUSP5040901,,Tarpaulin & Nets,39269099,18,,5121.72,6651.29,23
Supreme Silpaulin 50X40 90GSM Silver/Black,SUSP5040904,,Tarpaulin & Nets,39269099,18,,5124.51,6374.83,76
Supreme Silpaulin 50X40 90GSM Green,SUSP50409025,,Tarpaulin & Nets,39269099,18,,5755.43,7364.66,52
Supreme Silpaulin 60X40 90GSM Blue,SUSP604090,,Tarpaulin & Nets,39269099,18,,6892.74,8383.87,53
Supreme Silpaulin 60X40 90GSM Yellow,SUSP6040902,,Tarpaulin & Nets,39269099,18,,6498.07,8348.88,59
Supreme Silpaulin 60X40 90GSM Black,SUSP6040900,,Tarpaulin & Nets,39269099,18,,6667.63,8518.17,80
Supreme Silpaulin 60X40 90GSM Silver/Black,SUSP6040901,,Tarpaulin & Nets,39269099,18,,6541.58,7962.41,60
Supreme Silpaulin 60X40 90GSM Green,SUSP6040909,,Tarpaulin & Nets,39269099,18,,6569.54,8279.95,99
Supreme Silpaulin 60X60 90GSM Blue,SUSP606090,,Tarpaulin & Nets,39269099,18,,9334.85,11652.23,62
Supreme Silpaulin 60X60 90GSM Yellow,SUSP6060901,,Tarpaulin & Nets,39269099,18,,9306.41,11875.65,87
Supreme Silpaulin 60X60 90GSM Black,SUSP60609012,,Tarpaulin & Nets,39269099,18,,11039.42,13487.63,8
Supreme Silpaulin 60X60 90GSM Silver/Black,SUSP6060904,,Tarpaulin & Nets,39269099,18,,10955.95,13604.88,87
Supreme Silpaulin 60X60 90GSM Green,SUSP6060908,,Tarpaulin & Nets,39269099,18,,10052.07,12837.91,65
Supreme Silpaulin 80X60 90GSM Blue,SUSP806090,,Tarpaulin & Nets,39269099,18,,13146.55,16548.52,6
Supreme Silpaulin 80X60 90GSM Yellow,SUSP8060903,,Tarpaulin & Nets,39269099,18,,12576.91,15410.25,52
Supreme Silpaulin 80X60 90GSM Black,SUSP8060900,,Tarpaulin & Nets,39269099,18,,12604.14,14752.07,89
Supreme Silpaulin 80X60 90GSM Silver/Black,SUSP8060906,,Tarpaulin & Nets,39269099,18,,13972.05,16271.25,97
Supreme Silpaulin 80X60 90GSM Green,SUSP80609000,,Tarpaulin & Nets,39269099,18,,12415.15,15540.82,86
Supreme Silpaulin 100X100 90GSM Blue,SUSP10010090,,Tarpaulin & Nets,39269099,18,,27973.79,36035.6,93
Supreme Silpaulin 100X100 90GSM Yellow,SUSP100100908,,Tarpaulin & Nets,39269099,18,,29608.63,37672.86,99
Supreme Silpaulin 100X100 90GSM Black,SUSP100100905,,Tarpaulin & Nets,39269099,18,,28707.09,34660.51,24
Supreme Silpaulin 100X100 90GSM Silver/Black,SUSP100100907,,Tarpaulin & Nets,39269099,18,,27606.88,31915.41,97
Supreme Silpaulin 100X100 90GSM Green,SUSP100100900,,Tarpaulin & Nets,39269099,18,,28557.89,33910.12,41
Supreme Silpaulin 6X4 120GSM Blue,SUSP64120,,Tarpaulin & Nets,39269099,18,,79.61,91.8,12
Supreme Silpaulin 6X4 120GSM Yellow,SUSP641209,,Tarpaulin & Nets,39269099,18,,90.01,110.49,13
Supreme Silpaulin 6X4 120GSM Black,SUSP641202,,Tarpaulin & Nets,39269099,18,,90.16,104.33,54
Supreme Silpaulin 6X4 120GSM Silver/Black,SUSP6412090,,Tarpaulin & Nets,39269099,18,,87.64,108.97,22
Supreme Silpaulin 6X4 120GSM Green,SUSP641203,,Tarpaulin & Nets,39269099,18,,80.59,100.46,88
Supreme Silpaulin 8X6 120GSM Blue,SUSP86120,,Tarpaulin & Nets,39269099,18,,157.85,189.43,66
Supreme Silpaulin 8X6 120GSM Yellow,SUSP861203,,Tarpaulin & Nets,39269099,18,,165.17,214.63,61
Supreme Silpaulin 8X6 120GSM Black,SUSP8612036,,Tarpaulin & Nets,39269099,18,,158.11,185.1,64
Supreme Silpaulin 8X6 120GSM Silver/Black,SUSP8612035,,Tarpaulin & Nets,39269099,18,,169.48,212.89,21
Supreme Silpaulin 8X6 120GSM Green,SUSP861200,,Tarpaulin & Nets,39269099,18,,181.65,232.51,86
Supreme Silpaulin 9X6 120GSM Blue,SUSP96120,,Tarpaulin & Nets,39269099,18,,206.69,267.99,0
Supreme Silpaulin 9X6 120GSM Yellow,SUSP961203,,Tarpaulin & Nets,39269099,18,,180.69,231.62,38
Supreme Silpaulin 9X6 120GSM Black,SUSP961206,,Tarpaulin & Nets,39269099,18,,191.76,223.8,15
Supreme Silpaulin 9X6 120GSM Silver/Black,SUSP961209,,Tarpaulin & Nets,39269099,18,,190.74,240.95,89
Supreme Silpaulin 9X6 120GSM Green,SUSP9612098,,Tarpaulin & Nets,39269099,18,,201.12,240.35,0
Supreme Silpaulin 12X9 120GSM Blue,SUSP129120,,Tarpaulin & Nets,39269099,18,,414.76,494.23,90
Supreme Silpaulin 12X9 120GSM Yellow,SUSP1291206,,Tarpaulin & Nets,39269099,18,,385.25,488.85,28
Supreme Silpaulin 12X9 120GSM Black,SUSP1291207,,Tarpaulin & Nets,39269099,18,,356.16,425.94,24
Supreme Silpaulin 12X9 120GSM Silver/Black,SUSP1291205,,Tarpaulin & Nets,39269099,18,,400.99,462.4,22
Supreme Silpaulin 12X9 120GSM Green,SUSP1291203,,Tarpaulin & Nets,39269099,18,,374.35,485.01,13
Supreme Silpaulin 12X10 120GSM Blue,SUSP1210120,,Tarpaulin & Nets,39269099,18,,407.23,511.72,81
Supreme Silpaulin 12X10 120GSM Yellow,SUSP12101208,,Tarpaulin & Nets,39269099,18,,445.2,527.11,73
Supreme Silpaulin 12X10 120GSM Black,SUSP12101202,,Tarpaulin & Nets,39269099,18,,409.38,479.93,89
Supreme Silpaulin 12X10 120GSM Silver/Black,SUSP12101201,,Tarpaulin & Nets,39269099,18,,416.77,514.38,27
Supreme Silpaulin 12X10 120GSM Green,SUSP12101205,,Tarpaulin & Nets,39269099,18,,427.97,524.31,63
Supreme Silpaulin 15X12 120GSM Blue,SUSP1512120,,Tarpaulin & Nets,39269099,18,,574.57,715.22,30
Supreme Silpaulin 15X12 120GSM Yellow,SUSP15121209,,Tarpaulin & Nets,39269099,18,,599.58,726.97,25
Supreme Silpaulin 15X12 120GSM Black,SUSP15121200,,Tarpaulin & Nets,39269099,18,,586.25,696.79,80
Supreme Silpaulin 15X12 120GSM Silver/Black,SUSP15121207,,Tarpaulin & Nets,39269099,18,,616.7,780.31,97
Supreme Silpaulin 15X12 120GSM Green,SUSP15121205,,Tarpaulin & Nets,39269099,18,,634.98,781.75,17
Supreme Silpaulin 18X12 120GSM Blue,SUSP1812120,,Tarpaulin & Nets,39269099,18,,704.71,827.29,67
Supreme Silpaulin 18X12 120GSM Yellow,SUSP18121205,,Tarpaulin & Nets,39269099,18,,754.8,937.08,19
Supreme Silpaulin 18X12 120GSM Black,SUSP181212055,,Tarpaulin & Nets,39269099,18,,681.21,795.5,50
Supreme Silpaulin 18X12 120GSM Silver/Black,SUSP18121204,,Tarpaulin & Nets,39269099,18,,760.8,958.4,100
Supreme Silpaulin 18X12 120GSM Green,SUSP181212045,,Tarpaulin & Nets,39269099,18,,788.11,1017.33,100
Supreme Silpaulin 18X15 120GSM Blue,SUSP1815120,,Tarpaulin & Nets,39269099,18,,908.94,1127.04,90
Supreme Silpaulin 18X15 120GSM Yellow,SUSP18151201,,Tarpaulin & Nets,39269099,18,,942.76,1189.47,61
Supreme Silpaulin 18X15 120GSM Black,SUSP18151209,,Tarpaulin & Nets,39269099,18,,919.56,1140.94,43
Supreme Silpaulin 18X15 120GSM Silver/Black,SUSP18151203,,Tarpaulin & Nets,39269099,18,,1038.49,1338.41,4
Supreme Silpaulin 18X15 120GSM Green,SUSP181512030,,Tarpaulin & Nets,39269099,18,,961.95,1112.46,100
Supreme Silpaulin 21X15 120GSM Blue,SUSP2115120,,Tarpaulin & Nets,39269099,18,,1046.6,1260.01,37
Supreme Silpaulin 21X15 120GSM Yellow,SUSP21151209,,Tarpaulin & Nets,39269099,18,,1198.85,1541.58,81
Supreme Silpaulin 21X15 120GSM Black,SUSP21151203,,Tarpaulin & Nets,39269099,18,,1105.04,1353.8,81
Supreme Silpaulin 21X15 120GSM Silver/Black,SUSP21151202,,Tarpaulin & Nets,39269099,18,,1039.84,1304.95,97
Supreme Silpaulin 21X15 120GSM Green,SUSP21151201,,Tarpaulin & Nets,39269099,18,,1088.09,1331.77,58
Supreme Silpaulin 24X18 120GSM Blue,SUSP2418120,,Tarpaulin & Nets,39269099,18,,1404.8,1748.1,99
Supreme Silpaulin 24X18 120GSM Yellow,SUSP24181203,,Tarpaulin & Nets,39269099,18,,1593.51,2053.56,93
Supreme Silpaulin 24X18 120GSM Black,SUSP24181204,,Tarpaulin & Nets,39269099,18,,1599.91,2057.46,43
Supreme Silpaulin 24X18 120GSM Silver/Black,SUSP24181202,,Tarpaulin & Nets,39269099,18,,1376.7,1752.65,52
Supreme Silpaulin 24X18 120GSM Green,SUSP24181205,,Tarpaulin & Nets,39269099,18,,1658.02,1930.25,45
Supreme Silpaulin 30X20 120GSM Blue,SUSP3020120,,Tarpaulin & Nets,39269099,18,,1957.59,2523.71,93
Supreme Silpaulin 30X20 120GSM Yellow,SUSP30201204,,Tarpaulin & Nets,39269099,18,,2209.33,2597.48,54
Supreme Silpaulin 30X20 120GSM Black,SUSP30201200,,Tarpaulin & Nets,39269099,18,,2303.34,2992.19,21
Supreme Silpaulin 30X20 120GSM Silver/Black,SUSP302012042,,Tarpaulin & Nets,39269099,18,,2211.77,2621.21,77
Supreme Silpaulin 30X20 120GSM Green,SUSP30201209,,Tarpaulin & Nets,39269099,18,,2137.85,2705.95,41
Supreme Silpaulin 30X24 120GSM Blue,SUSP3024120,,Tarpaulin & Nets,39269099,18,,2307.32,2757.15,51
Supreme Silpaulin 30X24 120GSM Yellow,SUSP30241207,,Tarpaulin & Nets,39269099,18,,2542.08,3119.04,26
Supreme Silpaulin 30X24 120GSM Black,SUSP30241201,,Tarpaulin & Nets,39269099,18,,2664.18,3305.12,42
Supreme Silpaulin 30X24 120GSM Silver/Black,SUSP30241208,,Tarpaulin & Nets,39269099,18,,2473.27,2992.78,30
Supreme Silpaulin 30X24 120GSM Green,SUSP30241203,,Tarpaulin & Nets,39269099,18,,2313.94,2680.41,98
Supreme Silpaulin 36X24 120GSM Blue,SUSP3624120,,Tarpaulin & Nets,39269099,18,,3291.16,3962.48,6
Supreme Silpaulin 36X24 120GSM Yellow,SUSP36241209,,Tarpaulin & Nets,39269099,18,,2854.59,3455.08,71
Supreme Silpaulin 36X24 120GSM Black,SUSP36241208,,Tarpaulin & Nets,39269099,18,,3081.44,3721.88,11
Supreme Silpaulin 36X24 120GSM Silver/Black,SUSP362412099,,Tarpaulin & Nets,39269099,18,,2824.81,3559.94,44
Supreme Silpaulin 36X24 120GSM Green,SUSP36241207,,Tarpaulin & Nets,39269099,18,,2836.04,3636.68,18
Supreme Silpaulin 40X30 120GSM Blue,SUSP4030120,,Tarpaulin & Nets,39269099,18,,4043.83,5005.98,50
Supreme Silpaulin 40X30 120GSM Yellow,SUSP40301203,,Tarpaulin & Nets,39269099,18,,4420.15,5419.44,42
Supreme Silpaulin 40X30 120GSM Black,SUSP40301200,,Tarpaulin & Nets,39269099,18,,4179.71,5194.46,97
Supreme Silpaulin 40X30 120GSM Silver/Black,SUSP403012009,,Tarpaulin & Nets,39269099,18,,4246.34,5313.47,61
Supreme Silpaulin 40X30 120GSM Green,SUSP40301205,,Tarpaulin & Nets,39269099,18,,3867.94,4512.6,71
Supreme Silpaulin 40X40 120GSM Blue,SUSP4040120,,Tarpaulin & Nets,39269099,18,,5135.64,5965.15,32
Supreme Silpaulin 40X40 120GSM Yellow,SUSP40401200,,Tarpaulin & Nets,39269099,18,,5099.77,6438.89,88
Supreme Silpaulin 40X40 120GSM Black,SUSP40401202,,Tarpaulin & Nets,39269099,18,,5592.83,6732.51,18
Supreme Silpaulin 40X40 120GSM Silver/Black,SUSP40401208,,Tarpaulin & Nets,39269099,18,,6147.43,7582.97,30
Supreme Silpaulin 40X40 120GSM Green,SUSP40401203,,Tarpaulin & Nets,39269099,18,,6006.13,7186.72,40
Supreme Silpaulin 50X40 120GSM Blue,SUSP5040120,,Tarpaulin & Nets,39269099,18,,7173.74,8953.7,51
Supreme Silpaulin 50X40 120GSM Yellow,SUSP50401205,,Tarpaulin & Nets,39269099,18,,7151.39,8258.62,54
Supreme Silpaulin 50X40 120GSM Black,SUSP50401201,,Tarpaulin & Nets,39269099,18,,6773.45,7956.64,68
Supreme Silpaulin 50X40 120GSM Silver/Black,SUSP50401207,,Tarpaulin & Nets,39269099,18,,6309.76,7396.26,98
Supreme Silpaulin 50X40 120GSM Green,SUSP504012015,,Tarpaulin & Nets,39269099,18,,6964.45,8974.86,18
Supreme Silpaulin 60X40 120GSM Blue,SUSP6040120,,Tarpaulin & Nets,39269099,18,,8381.08,10893.93,33
Supreme Silpaulin 60X40 120GSM Yellow,SUSP60401204,,Tarpaulin & Nets,39269099,18,,7699.44,9080.53,76
Supreme Silpaulin 60X40 120GSM Black,SUSP60401200,,Tarpaulin & Nets,39269099,18,,8473.09,10231.65,26
Supreme Silpaulin 60X40 120GSM Silver/Black,SUSP604012005,,Tarpaulin & Nets,39269099,18,,8190.22,9563.36,12
Supreme Silpaulin 60X40 120GSM Green,SUSP60401208,,Tarpaulin & Nets,39269099,18,,8611.1,11181.45,38
Supreme Silpaulin 60X60 120GSM Blue,SUSP6060120,,Tarpaulin & Nets,39269099,18,,13076.55,15871.87,9
Supreme Silpaulin 60X60 120GSM Yellow,SUSP60601208,,Tarpaulin & Nets,39269099,18,,12306.32,14728.63,3
Supreme Silpaulin 60X60 120GSM Black,SUSP60601203,,Tarpaulin & Nets,39269099,18,,12650.17,15664.86,33
Supreme Silpaulin 60X60 120GSM Silver/Black,SUSP60601200,,Tarpaulin & Nets,39269099,18,,12579.9,16167.69,7
Supreme Silpaulin 60X60 120GSM Green,SUSP606012004,,Tarpaulin & Nets,39269099,18,,12379.67,14552.26,57
Supreme Silpaulin 80X60 120GSM Blue,SUSP8060120,,Tarpaulin & Nets,39269099,18,,16574.11,21140.58,3
Supreme Silpaulin 80X60 120GSM Yellow,SUSP80601202,,Tarpaulin & Nets,39269099,18,,15544.27,19091.79,20
Supreme Silpaulin 80X60 120GSM Black,SUSP80601207,,Tarpaulin & Nets,39269099,18,,15479.31,19528.98,53
Supreme Silpaulin 80X60 120GSM Silver/Black,SUSP80601203,,Tarpaulin & Nets,39269099,18,,16335.89,19808.08,83
Supreme Silpaulin 80X60 120GSM Green,SUSP80601205,,Tarpaulin & Nets,39269099,18,,17224.66,20804.31,71
Supreme Silpaulin 100X100 120GSM Blue,SUSP100100120,,Tarpaulin & Nets,39269099,18,,36379.77,41984.73,96
Supreme Silpaulin 100X100 120GSM Yellow,SUSP1001001203,,Tarpaulin & Nets,39269099,18,,38467.51,49249.87,63
Supreme Silpaulin 100X100 120GSM Black,SUSP1001001201,,Tarpaulin & Nets,39269099,18,,32251.42,39732.66,21
Supreme Silpaulin 100X100 120GSM Silver/Black,SUSP1001001209,,Tarpaulin & Nets,39269099,18,,36826.33,45635.24,38
Supreme Silpaulin 100X100 120GSM Green,SUSP1001001208,,Tarpaulin & Nets,39269099,18,,33395.41,43389.71,19
Supreme Silpaulin 6X4 150GSM Blue,SUSP64150,,Tarpaulin & Nets,39269099,18,,114.72,147.54,70
Supreme Silpaulin 6X4 150GSM Yellow,SUSP641509,,Tarpaulin & Nets,39269099,18,,106.49,124.56,58
Supreme Silpaulin 6X4 150GSM Black,SUSP641505,,Tarpaulin & Nets,39269099,18,,114.36,140.85,85
Supreme Silpaulin 6X4 150GSM Silver/Black,SUSP641502,,Tarpaulin & Nets,39269099,18,,113.28,145.75,99
Supreme Silpaulin 6X4 150GSM Green,SUSP641508,,Tarpaulin & Nets,39269099,18,,102.56,128.06,14
Supreme Silpaulin 8X6 150GSM Blue,SUSP86150,,Tarpaulin & Nets,39269099,18,,197.58,239.6,93
Supreme Silpaulin 8X6 150GSM Yellow,SUSP861502,,Tarpaulin & Nets,39269099,18,,222.99,285.14,49
Supreme Silpaulin 8X6 150GSM Black,SUSP861507,,Tarpaulin & Nets,39269099,18,,235.72,281.9,84
Supreme Silpaulin 8X6 150GSM Silver/Black,SUSP8615075,,Tarpaulin & Nets,39269099,18,,212.92,248.12,8
Supreme Silpaulin 8X6 150GSM Green,SUSP861505,,Tarpaulin & Nets,39269099,18,,199.85,251.85,21
Supreme Silpaulin 9X6 150GSM Blue,SUSP96150,,Tarpaulin & Nets,39269099,18,,219.85,264.02,49
Supreme Silpaulin 9X6 150GSM Yellow,SUSP961507,,Tarpaulin & Nets,39269099,18,,224.63,259.5,69
Supreme Silpaulin 9X6 150GSM Black,SUSP961506,,Tarpaulin & Nets,39269099,18,,242.1,284.82,59
Supreme Silpaulin 9X6 150GSM Silver/Black,SUSP9615064,,Tarpaulin & Nets,39269099,18,,249.49,319.47,63
Supreme Silpaulin 9X6 150GSM Green,SUSP9615071,,Tarpaulin & Nets,39269099,18,,237.34,280.05,40
Supreme Silpaulin 12X9 150GSM Blue,SUSP129150,,Tarpaulin & Nets,39269099,18,,455.7,551.94,56
Supreme Silpaulin 12X9 150GSM Yellow,SUSP1291509,,Tarpaulin & Nets,39269099,18,,512.41,595.5,47
Supreme Silpaulin 12X9 150GSM Black,SUSP1291504,,Tarpaulin & Nets,39269099,18,,515.86,658.84,14
Supreme Silpaulin 12X9 150GSM Silver/Black,SUSP12915043,,Tarpaulin & Nets,39269099,18,,506.43,656.99,63
Supreme Silpaulin 12X9 150GSM Green,SUSP1291508,,Tarpaulin & Nets,39269099,18,,522.94,665.05,94
Supreme Silpaulin 12X10 150GSM Blue,SUSP1210150,,Tarpaulin & Nets,39269099,18,,589.85,732.45,74
Supreme Silpaulin 12X10 150GSM Yellow,SUSP12101502,,Tarpaulin & Nets,39269099,18,,573.84,681.93,37
Supreme Silpaulin 12X10 150GSM Black,SUSP12101508,,Tarpaulin & Nets,39269099,18,,494.04,623.31,74
Supreme Silpaulin 12X10 150GSM Silver/Black,SUSP12101506,,Tarpaulin & Nets,39269099,18,,580.6,689.83,82
Supreme Silpaulin 12X10 150GSM Green,SUSP12101504,,Tarpaulin & Nets,39269099,18,,514.76,628.05,81
Supreme Silpaulin 15X12 150GSM Blue,SUSP1512150,,Tarpaulin & Nets,39269099,18,,833.69,1035.01,66
Supreme Silpaulin 15X12 150GSM Yellow,SUSP15121509,,Tarpaulin & Nets,39269099,18,,866.21,1033.94,45
Supreme Silpaulin 15X12 150GSM Black,SUSP15121506,,Tarpaulin & Nets,39269099,18,,860.71,1083.79,1
Supreme Silpaulin 15X12 150GSM Silver/Black,SUSP15121507,,Tarpaulin & Nets,39269099,18,,811.6,969.2,98
Supreme Silpaulin 15X12 150GSM Green,SUSP15121501,,Tarpaulin & Nets,39269099,18,,820.27,975.18,88
Supreme Silpaulin 18X12 150GSM Blue,SUSP1812150,,Tarpaulin & Nets,39269099,18,,975.62,1232.35,94
Supreme Silpaulin 18X12 150GSM Yellow,SUSP18121504,,Tarpaulin & Nets,39269099,18,,1045.99,1268.05,23
Supreme Silpaulin 18X12 150GSM Black,SUSP18121500,,Tarpaulin & Nets,39269099,18,,1022.29,1235.06,98
Supreme Silpaulin 18X12 150GSM Silver/Black,SUSP18121505,,Tarpaulin & Nets,39269099,18,,1045.08,1246.67,20
Supreme Silpaulin 18X12 150GSM Green,SUSP18121507,,Tarpaulin & Nets,39269099,18,,1015.52,1260.16,77
Supreme Silpaulin 18X15 150GSM Blue,SUSP1815150,,Tarpaulin & Nets,39269099,18,,1280.1,1551.4,62
Supreme Silpaulin 18X15 150GSM Yellow,SUSP18151501,,Tarpaulin & Nets,39269099,18,,1199.87,1433.8,41
Supreme Silpaulin 18X15 150GSM Black,SUSP181515010,,Tarpaulin & Nets,39269099,18,,1097.92,1357.59,13
Supreme Silpaulin 18X15 150GSM Silver/Black,SUSP18151507,,Tarpaulin & Nets,39269099,18,,1225.05,1450.08,72
Supreme Silpaulin 18X15 150GSM Green,SUSP18151500,,Tarpaulin & Nets,39269099,18,,1321.09,1698.82,54
Supreme Silpaulin 21X15 150GSM Blue,SUSP2115150,,Tarpaulin & Nets,39269099,18,,1407.99,1661.72,33
Supreme Silpaulin 21X15 150GSM Yellow,SUSP21151507,,Tarpaulin & Nets,39269099,18,,1394.6,1730.42,27
Supreme Silpaulin 21X15 150GSM Black,SUSP21151508,,Tarpaulin & Nets,39269099,18,,1299.48,1642.44,86
Supreme Silpaulin 21X15 150GSM Silver/Black,SUSP21151503,,Tarpaulin & Nets,39269099,18,,1445.3,1859.81,32
Supreme Silpaulin 21X15 150GSM Green,SUSP211515036,,Tarpaulin & Nets,39269099,18,,1396.24,1764.92,42
Supreme Silpaulin 24X18 150GSM Blue,SUSP2418150,,Tarpaulin & Nets,39269099,18,,1805.41,2314.27,2
Supreme Silpaulin 24X18 150GSM Yellow,SUSP24181508,,Tarpaulin & Nets,39269099,18,,1883.31,2323.07,28
Supreme Silpaulin 24X18 150GSM Black,SUSP24181507,,Tarpaulin & Nets,39269099,18,,1844.12,2235.72,29
Supreme Silpaulin 24X18 150GSM Silver/Black,SUSP241815074,,Tarpaulin & Nets,39269099,18,,1826.87,2230.62,9
Supreme Silpaulin 24X18 150GSM Green,SUSP24181500,,Tarpaulin & Nets,39269099,18,,2064.16,2563.17,56
Supreme Silpaulin 30X20 150GSM Blue,SUSP3020150,,Tarpaulin & Nets,39269099,18,,2464.48,2908.02,78
Supreme Silpaulin 30X20 150GSM Yellow,SUSP30201509,,Tarpaulin & Nets,39269099,18,,2469.93,3159.97,54
Supreme Silpaulin 30X20 150GSM Black,SUSP30201508,,Tarpaulin & Nets,39269099,18,,2433.55,2989.6,58
Supreme Silpaulin 30X20 150GSM Silver/Black,SUSP30201503,,Tarpaulin & Nets,39269099,18,,2856.12,3483.93,61
Supreme Silpaulin 30X20 150GSM Green,SUSP302015031,,Tarpaulin & Nets,39269099,18,,2857.04,3461.77,68
Supreme Silpaulin 30X24 150GSM Blue,SUSP3024150,,Tarpaulin & Nets,39269099,18,,3504.65,4154.83,15
Supreme Silpaulin 30X24 150GSM Yellow,SUSP30241503,,Tarpaulin & Nets,39269099,18,,3089.33,3850.47,47
Supreme Silpaulin 30X24 150GSM Black,SUSP30241501,,Tarpaulin & Nets,39269099,18,,3345.03,3900.98,51
Supreme Silpaulin 30X24 150GSM Silver/Black,SUSP30241507,,Tarpaulin & Nets,39269099,18,,3456.43,4471.43,85
Supreme Silpaulin 30X24 150GSM Green,SUSP30241506,,Tarpaulin & Nets,39269099,18,,2941.03,3641.13,91
Supreme Silpaulin 36X24 150GSM Blue,SUSP3624150,,Tarpaulin & Nets,39269099,18,,4016.15,4819.27,25
Supreme Silpaulin 36X24 150GSM Yellow,SUSP36241503,,Tarpaulin & Nets,39269099,18,,3868.55,4689.42,3
Supreme Silpaulin 36X24 150GSM Black,SUSP36241509,,Tarpaulin & Nets,39269099,18,,4014.83,5049.26,3
Supreme Silpaulin 36X24 150GSM Silver/Black,SUSP36241506,,Tarpaulin & Nets,39269099,18,,4221.9,5143.88,74
Supreme Silpaulin 36X24 150GSM Green,SUSP36241504,,Tarpaulin & Nets,39269099,18,,3744.65,4535.62,26
Supreme Silpaulin 40X30 150GSM Blue,SUSP4030150,,Tarpaulin & Nets,39269099,18,,4905.84,5998.34,56
Supreme Silpaulin 40X30 150GSM Yellow,SUSP40301509,,Tarpaulin & Nets,39269099,18,,5294.08,6089.14,12
Supreme Silpaulin 40X30 150GSM Black,SUSP40301503,,Tarpaulin & Nets,39269099,18,,5124.03,5899.09,88
Supreme Silpaulin 40X30 150GSM Silver/Black,SUSP40301508,,Tarpaulin & Nets,39269099,18,,5765.98,7155.8,66
Supreme Silpaulin 40X30 150GSM Green,SUSP40301504,,Tarpaulin & Nets,39269099,18,,5552.57,6454.95,14
Supreme Silpaulin 40X40 150GSM Blue,SUSP4040150,,Tarpaulin & Nets,39269099,18,,7275.63,8846.23,81
Supreme Silpaulin 40X40 150GSM Yellow,SUSP40401509,,Tarpaulin & Nets,39269099,18,,7078.56,8231.65,46
Supreme Silpaulin 40X40 150GSM Black,SUSP40401502,,Tarpaulin & Nets,39269099,18,,7403.89,9163.22,98
Supreme Silpaulin 40X40 150GSM Silver/Black,SUSP40401508,,Tarpaulin & Nets,39269099,18,,7622.34,9702.46,1
Supreme Silpaulin 40X40 150GSM Green,SUSP40401505,,Tarpaulin & Nets,39269099,18,,6975.98,9063.53,71
Supreme Silpaulin 50X40 150GSM Blue,SUSP5040150,,Tarpaulin & Nets,39269099,18,,9724.57,11229.08,37
Supreme Silpaulin 50X40 150GSM Yellow,SUSP50401504,,Tarpaulin & Nets,39269099,18,,8958.73,11555.17,51
Supreme Silpaulin 50X40 150GSM Black,SUSP50401505,,Tarpaulin & Nets,39269099,18,,8307.84,10766.6,65
Supreme Silpaulin 50X40 150GSM Silver/Black,SUSP50401503,,Tarpaulin & Nets,39269099,18,,9892.35,11827.07,56
Supreme Silpaulin 50X40 150GSM Green,SUSP504015031,,Tarpaulin & Nets,39269099,18,,8733.45,10947.62,9
Supreme Silpaulin 60X40 150GSM Blue,SUSP6040150,,Tarpaulin & Nets,39269099,18,,11072.39,14286.01,50
Supreme Silpaulin 60X40 150GSM Yellow,SUSP60401505,,Tarpaulin & Nets,39269099,18,,9910.64,11455.97,29
Supreme Silpaulin 60X40 150GSM Black,SUSP604015059,,Tarpaulin & Nets,39269099,18,,10370.07,13424.09,99
Supreme Silpaulin 60X40 150GSM Silver/Black,SUSP60401501,,Tarpaulin & Nets,39269099,18,,10150.62,11742.6,41
Supreme Silpaulin 60X40 150GSM Green,SUSP60401506,,Tarpaulin & Nets,39269099,18,,10658.66,13587.26,49
Supreme Silpaulin 60X60 150GSM Blue,SUSP6060150,,Tarpaulin & Nets,39269099,18,,15299.35,17798.37,23
Supreme Silpaulin 60X60 150GSM Yellow,SUSP60601507,,Tarpaulin & Nets,39269099,18,,14868.36,18467.07,94
Supreme Silpaulin 60X60 150GSM Black,SUSP60601505,,Tarpaulin & Nets,39269099,18,,15819.82,19657.61,18
Supreme Silpaulin 60X60 150GSM Silver/Black,SUSP606015075,,Tarpaulin & Nets,39269099,18,,17330.24,21946.27,29
Supreme Silpaulin 60X60 150GSM Green,SUSP60601502,,Tarpaulin & Nets,39269099,18,,17072.16,19869.56,24
Supreme Silpaulin 80X60 150GSM Blue,SUSP8060150,,Tarpaulin & Nets,39269099,18,,20565.26,25419.77,33
Supreme Silpaulin 80X60 150GSM Yellow,SUSP80601501,,Tarpaulin & Nets,39269099,18,,21831.33,25255.17,81
Supreme Silpaulin 80X60 150GSM Black,SUSP80601505,,Tarpaulin & Nets,39269099,18,,22730.96,28793.94,40
Supreme Silpaulin 80X60 150GSM Silver/Black,SUSP80601500,,Tarpaulin & Nets,39269099,18,,22645.68,27850.66,71
Supreme Silpaulin 80X60 150GSM Green,SUSP806015002,,Tarpaulin & Nets,39269099,18,,20631.24,23887.6,66
Supreme Silpaulin 100X100 150GSM Blue,SUSP100100150,,Tarpaulin & Nets,39269099,18,,46658.08,58554.83,28
Supreme Silpaulin 100X100 150GSM Yellow,SUSP1001001502,,Tarpaulin & Nets,39269099,18,,47785.54,57845.01,86
Supreme Silpaulin 100X100 150GSM Black,SUSP1001001509,,Tarpaulin & Nets,39269099,18,,45920.29,55464.07,69
Supreme Silpaulin 100X100 150GSM Silver/Black,SUSP1001001508,,Tarpaulin & Nets,39269099,18,,45712.97,54699.32,23
Supreme Silpaulin 100X100 150GSM Green,SUSP1001001504,,Tarpaulin & Nets,39269099,18,,46161.43,53386.97,46
Supreme Silpaulin 6X4 200GSM Blue,SUSP64200,,Tarpaulin & Nets,39269099,18,,155.02,183.36,41
Supreme Silpaulin 6X4 200GSM Yellow,SUSP642007,,Tarpaulin & Nets,39269099,18,,140.5,178.18,80
Supreme Silpaulin 6X4 200GSM Black,SUSP642004,,Tarpaulin & Nets,39269099,18,,147.37,179.95,9
Supreme Silpaulin 6X4 200GSM Silver/Black,SUSP642008,,Tarpaulin & Nets,39269099,18,,154.48,191.58,36
Supreme Silpaulin 6X4 200GSM Green,SUSP642006,,Tarpaulin & Nets,39269099,18,,155.93,189.17,19
Supreme Silpaulin 8X6 200GSM Blue,SUSP86200,,Tarpaulin & Nets,39269099,18,,296.5,373.7,17
Supreme Silpaulin 8X6 200GSM Yellow,SUSP862009,,Tarpaulin & Nets,39269099,18,,266.52,309.1,88
Supreme Silpaulin 8X6 200GSM Black,SUSP862002,,Tarpaulin & Nets,39269099,18,,283.82,362.4,76
Supreme Silpaulin 8X6 200GSM Silver/Black,SUSP8620098,,Tarpaulin & Nets,39269099,18,,266.58,332.59,23
Supreme Silpaulin 8X6 200GSM Green,SUSP862006,,Tarpaulin & Nets,39269099,18,,291.41,362.35,47
Supreme Silpaulin 9X6 200GSM Blue,SUSP96200,,Tarpaulin & Nets,39269099,18,,308.02,364.15,1
Supreme Silpaulin 9X6 200GSM Yellow,SUSP962004,,Tarpaulin & Nets,39269099,18,,319.27,384.06,73
Supreme Silpaulin 9X6 200GSM Black,SUSP962000,,Tarpaulin & Nets,39269099,18,,340.23,434.21,86
Supreme Silpaulin 9X6 200GSM Silver/Black,SUSP962005,,Tarpaulin & Nets,39269099,18,,340.72,436.12,55
Supreme Silpaulin 9X6 200GSM Green,SUSP962008,,Tarpaulin & Nets,39269099,18,,336.49,432.04,15
Supreme Silpaulin 12X9 200GSM Blue,SUSP129200,,Tarpaulin & Nets,39269099,18,,668.58,857.67,65
Supreme Silpaulin 12X9 200GSM Yellow,SUSP1292004,,Tarpaulin & Nets,39269099,18,,663.52,803.42,65
Supreme Silpaulin 12X9 200GSM Black,SUSP1292005,,Tarpaulin & Nets,39269099,18,,584.8,696.86,19
Supreme Silpaulin 12X9 200GSM Silver/Black,SUSP1292000,,Tarpaulin & Nets,39269099,18,,599.54,761.16,63
Supreme Silpaulin 12X9 200GSM Green,SUSP1292009,,Tarpaulin & Nets,39269099,18,,685.55,809.29,55
Supreme Silpaulin 12X10 200GSM Blue,SUSP1210200,,Tarpaulin & Nets,39269099,18,,671.37,826.87,26
Supreme Silpaulin 12X10 200GSM Yellow,SUSP12102000,,Tarpaulin & Nets,39269099,18,,767.23,995.91,8
Supreme Silpaulin 12X10 200GSM Black,SUSP12102001,,Tarpaulin & Nets,39269099,18,,753.79,877.16,64
Supreme Silpaulin 12X10 200GSM Silver/Black,SUSP12102009,,Tarpaulin & Nets,39269099,18,,787.58,959.56,86
Supreme Silpaulin 12X10 200GSM Green,SUSP12102005,,Tarpaulin & Nets,39269099,18,,675.83,862.21,68
Supreme Silpaulin 15X12 200GSM Blue,SUSP1512200,,Tarpaulin & Nets,39269099,18,,1121.55,1297.29,51
Supreme Silpaulin 15X12 200GSM Yellow,SUSP15122002,,Tarpaulin & Nets,39269099,18,,1133.74,1397.2,61
Supreme Silpaulin 15X12 200GSM Black,SUSP15122008,,Tarpaulin & Nets,39269099,18,,1004.12,1298.55,7
Supreme Silpaulin 15X12 200GSM Silver/Black,SUSP15122007,,Tarpaulin & Nets,39269099,18,,1131.67,1355.77,18
Supreme Silpaulin 15X12 200GSM Green,SUSP15122001,,Tarpaulin & Nets,39269099,18,,1168.28,1408.41,100
Supreme Silpaulin 18X12 200GSM Blue,SUSP1812200,,Tarpaulin & Nets,39269099,18,,1376.81,1629.6,21
Supreme Silpaulin 18X12 200GSM Yellow,SUSP18122009,,Tarpaulin & Nets,39269099,18,,1221.13,1430.46,16
Supreme Silpaulin 18X12 200GSM Black,SUSP18122008,,Tarpaulin & Nets,39269099,18,,1339.33,1682.48,0
Supreme Silpaulin 18X12 200GSM Silver/Black,SUSP18122006,,Tarpaulin & Nets,39269099,18,,1186.8,1413.05,71
Supreme Silpaulin 18X12 200GSM Green,SUSP181220097,,Tarpaulin & Nets,39269099,18,,1319.13,1533.6,56
Supreme Silpaulin 18X15 200GSM Blue,SUSP1815200,,Tarpaulin & Nets,39269099,18,,1536.2,1809.22,60
Supreme Silpaulin 18X15 200GSM Yellow,SUSP18152007,,Tarpaulin & Nets,39269099,18,,1671.59,1969.96,97
Supreme Silpaulin 18X15 200GSM Black,SUSP18152006,,Tarpaulin & Nets,39269099,18,,1511.32,1758.63,19
Supreme Silpaulin 18X15 200GSM Silver/Black,SUSP18152004,,Tarpaulin & Nets,39269099,18,,1641.85,1966.62,21
Supreme Silpaulin 18X15 200GSM Green,SUSP18152003,,Tarpaulin & Nets,39269099,18,,1718.44,2179.43,36
Supreme Silpaulin 21X15 200GSM Blue,SUSP2115200,,Tarpaulin & Nets,39269099,18,,1786.06,2229.6,16
Supreme Silpaulin 21X15 200GSM Yellow,SUSP21152004,,Tarpaulin & Nets,39269099,18,,1911.28,2341.83,70
Supreme Silpaulin 21X15 200GSM Black,SUSP21152006,,Tarpaulin & Nets,39269099,18,,1740.49,2040.15,29
Supreme Silpaulin 21X15 200GSM Silver/Black,SUSP21152005,,Tarpaulin & Nets,39269099,18,,2009.05,2417.43,50
Supreme Silpaulin 21X15 200GSM Green,SUSP21152009,,Tarpaulin & Nets,39269099,18,,2050.45,2630.18,19
Supreme Silpaulin 24X18 200GSM Blue,SUSP2418200,,Tarpaulin & Nets,39269099,18,,2377.23,3067.7,82
Supreme Silpaulin 24X18 200GSM Yellow,SUSP24182003,,Tarpaulin & Nets,39269099,18,,2556.33,3241.78,71
Supreme Silpaulin 24X18 200GSM Black,SUSP24182000,,Tarpaulin & Nets,39269099,18,,2386.26,2977.6,43
Supreme Silpaulin 24X18 200GSM Silver/Black,SUSP24182009,,Tarpaulin & Nets,39269099,18,,2439.87,3004.26,39
Supreme Silpaulin 24X18 200GSM Green,SUSP24182002,,Tarpaulin & Nets,39269099,18,,2536.18,2995.34,82
Supreme Silpaulin 30X20 200GSM Blue,SUSP3020200,,Tarpaulin & Nets,39269099,18,,3416.93,4410.23,27
Supreme Silpaulin 30X20 200GSM Yellow,SUSP30202003,,Tarpaulin & Nets,39269099,18,,3243.49,3827.8,10
Supreme Silpaulin 30X20 200GSM Black,SUSP30202004,,Tarpaulin & Nets,39269099,18,,3903.4,4746.05,9
Supreme Silpaulin 30X20 200GSM Silver/Black,SUSP30202008,,Tarpaulin & Nets,39269099,18,,3693.53,4774.0,39
Supreme Silpaulin 30X20 200GSM Green,SUSP30202002,,Tarpaulin & Nets,39269099,18,,3255.97,4221.64,52
Supreme Silpaulin 30X24 200GSM Blue,SUSP3024200,,Tarpaulin & Nets,39269099,18,,4136.73,4936.87,87
Supreme Silpaulin 30X24 200GSM Yellow,SUSP30242004,,Tarpaulin & Nets,39269099,18,,4698.9,5938.29,75
Supreme Silpaulin 30X24 200GSM Black,SUSP30242000,,Tarpaulin & Nets,39269099,18,,4489.81,5472.74,100
Supreme Silpaulin 30X24 200GSM Silver/Black,SUSP30242002,,Tarpaulin & Nets,39269099,18,,4346.14,5147.17,4
Supreme Silpaulin 30X24 200GSM Green,SUSP30242007,,Tarpaulin & Nets,39269099,18,,4271.36,5341.54,36
Supreme Silpaulin 36X24 200GSM Blue,SUSP3624200,,Tarpaulin & Nets,39269099,18,,5234.4,6064.03,27
Supreme Silpaulin 36X24 200GSM Yellow,SUSP36242009,,Tarpaulin & Nets,39269099,18,,5243.24,6239.59,4
Supreme Silpaulin 36X24 200GSM Black,SUSP36242002,,Tarpaulin & Nets,39269099,18,,5102.64,5961.22,72
Supreme Silpaulin 36X24 200GSM Silver/Black,SUSP36242001,,Tarpaulin & Nets,39269099,18,,4802.17,6083.12,24
Supreme Silpaulin 36X24 200GSM Green,SUSP36242003,,Tarpaulin & Nets,39269099,18,,5299.31,6129.27,88
Supreme Silpaulin 40X30 200GSM Blue,SUSP4030200,,Tarpaulin & Nets,39269099,18,,7106.62,8400.63,43
Supreme Silpaulin 40X30 200GSM Yellow,SUSP40302004,,Tarpaulin & Nets,39269099,18,,7907.6,9903.19,8
Supreme Silpaulin 40X30 200GSM Black,SUSP40302009,,Tarpaulin & Nets,39269099,18,,6687.84,8416.24,2
Supreme Silpaulin 40X30 200GSM Silver/Black,SUSP40302000,,Tarpaulin & Nets,39269099,18,,7515.01,8788.05,73
Supreme Silpaulin 40X30 200GSM Green,SUSP40302005,,Tarpaulin & Nets,39269099,18,,6961.01,8979.78,22
Supreme Silpaulin 40X40 200GSM Blue,SUSP4040200,,Tarpaulin & Nets,39269099,18,,9229.58,11376.08,8
Supreme Silpaulin 40X40 200GSM Yellow,SUSP40402006,,Tarpaulin & Nets,39269099,18,,10148.34,11688.08,90
Supreme Silpaulin 40X40 200GSM Black,SUSP40402007,,Tarpaulin & Nets,39269099,18,,9443.8,11415.09,83
Supreme Silpaulin 40X40 200GSM Silver/Black,SUSP40402005,,Tarpaulin & Nets,39269099,18,,9474.84,11356.23,43
Supreme Silpaulin 40X40 200GSM Green,SUSP40402008,,Tarpaulin & Nets,39269099,18,,10503.89,13092.99,48
Supreme Silpaulin 50X40 200GSM Blue,SUSP5040200,,Tarpaulin & Nets,39269099,18,,12149.38,14201.53,15
Supreme Silpaulin 50X40 200GSM Yellow,SUSP50402005,,Tarpaulin & Nets,39269099,18,,11584.62,14911.83,90
Supreme Silpaulin 50X40 200GSM Black,SUSP50402008,,Tarpaulin & Nets,39269099,18,,10907.32,13088.05,12
Supreme Silpaulin 50X40 200GSM Silver/Black,SUSP50402004,,Tarpaulin & Nets,39269099,18,,11214.16,13793.92,27
Supreme Silpaulin 50X40 200GSM Green,SUSP50402006,,Tarpaulin & Nets,39269099,18,,13128.36,16340.36,17
Supreme Silpaulin 60X40 200GSM Blue,SUSP6040200,,Tarpaulin & Nets,39269099,18,,13500.65,15823.98,91
Supreme Silpaulin 60X40 200GSM Yellow,SUSP60402009,,Tarpaulin & Nets,39269099,18,,13632.11,16350.05,98
Supreme Silpaulin 60X40 200GSM Black,SUSP60402000,,Tarpaulin & Nets,39269099,18,,15388.34,17924.23,87
Supreme Silpaulin 60X40 200GSM Silver/Black,SUSP60402004,,Tarpaulin & Nets,39269099,18,,15219.71,19586.37,9
Supreme Silpaulin 60X40 200GSM Green,SUSP60402001,,Tarpaulin & Nets,39269099,18,,14350.03,16844.52,28
Supreme Silpaulin 60X60 200GSM Blue,SUSP6060200,,Tarpaulin & Nets,39269099,18,,20401.25,26142.3,93
Supreme Silpaulin 60X60 200GSM Yellow,SUSP60602000,,Tarpaulin & Nets,39269099,18,,23309.49,29207.01,53
Supreme Silpaulin 60X60 200GSM Black,SUSP60602002,,Tarpaulin & Nets,39269099,18,,22767.33,26704.27,65
Supreme Silpaulin 60X60 200GSM Silver/Black,SUSP60602009,,Tarpaulin & Nets,39269099,18,,19590.52,23100.52,6
Supreme Silpaulin 60X60 200GSM Green,SUSP606020022,,Tarpaulin & Nets,39269099,18,,19826.8,23470.46,89
Supreme Silpaulin 80X60 200GSM Blue,SUSP8060200,,Tarpaulin & Nets,39269099,18,,28365.99,35849.1,93
Supreme Silpaulin 80X60 200GSM Yellow,SUSP80602004,,Tarpaulin & Nets,39269099,18,,26603.43,32151.79,58
Supreme Silpaulin 80X60 200GSM Black,SUSP80602001,,Tarpaulin & Nets,39269099,18,,30953.25,36331.7,60
Supreme Silpaulin 80X60 200GSM Silver/Black,SUSP80602007,,Tarpaulin & Nets,39269099,18,,31349.32,38062.89,59
Supreme Silpaulin 80X60 200GSM Green,SUSP806020010,,Tarpaulin & Nets,39269099,18,,30319.02,35568.0,38
Supreme Silpaulin 100X100 200GSM Blue,SUSP100100200,,Tarpaulin & Nets,39269099,18,,60285.88,77688.89,95
Supreme Silpaulin 100X100 200GSM Yellow,SUSP1001002007,,Tarpaulin & Nets,39269099,18,,65311.26,84482.57,94
Supreme Silpaulin 100X100 200GSM Black,SUSP1001002001,,Tarpaulin & Nets,39269099,18,,62645.62,73779.76,78
Supreme Silpaulin 100X100 200GSM Silver/Black,SUSP1001002006,,Tarpaulin & Nets,39269099,18,,54909.32,71360.79,68
Supreme Silpaulin 100X100 200GSM Green,SUSP10010020015,,Tarpaulin & Nets,39269099,18,,55065.85,64107.14,8
Supreme Silpaulin 6X4 250GSM Blue,SUSP64250,,Tarpaulin & Nets,39269099,18,,179.7,232.09,71
Supreme Silpaulin 6X4 250GSM Yellow,SUSP642509,,Tarpaulin & Nets,39269099,18,,178.2,224.29,98
Supreme Silpaulin 6X4 250GSM Black,SUSP642503,,Tarpaulin & Nets,39269099,18,,178.51,217.08,8
Supreme Silpaulin 6X4 250GSM Silver/Black,SUSP642506,,Tarpaulin & Nets,39269099,18,,194.36,245.45,78
Supreme Silpaulin 6X4 250GSM Green,SUSP642507,,Tarpaulin & Nets,39269099,18,,182.96,219.33,98
Supreme Silpaulin 8X6 250GSM Blue,SUSP86250,,Tarpaulin & Nets,39269099,18,,354.63,427.85,70
Supreme Silpaulin 8X6 250GSM Yellow,SUSP862502,,Tarpaulin & Nets,39269099,18,,367.47,443.41,23
Supreme Silpaulin 8X6 250GSM Black,SUSP862500,,Tarpaulin & Nets,39269099,18,,363.01,447.1,96
Supreme Silpaulin 8X6 250GSM Silver/Black,SUSP862509,,Tarpaulin & Nets,39269099,18,,357.41,443.48,13
Supreme Silpaulin 8X6 250GSM Green,SUSP8625005,,Tarpaulin & Nets,39269099,18,,348.29,425.02,2
Supreme Silpaulin 9X6 250GSM Blue,SUSP96250,,Tarpaulin & Nets,39269099,18,,417.62,525.08,77
Supreme Silpaulin 9X6 250GSM Yellow,SUSP962506,,Tarpaulin & Nets,39269099,18,,444.34,528.84,46
Supreme Silpaulin 9X6 250GSM Black,SUSP962501,,Tarpaulin & Nets,39269099,18,,388.86,457.85,84
Supreme Silpaulin 9X6 250GSM Silver/Black,SUSP962507,,Tarpaulin & Nets,39269099,18,,411.93,524.08,14
Supreme Silpaulin 9X6 250GSM Green,SUSP962503,,Tarpaulin & Nets,39269099,18,,383.83,474.71,41
Supreme Silpaulin 12X9 250GSM Blue,SUSP129250,,Tarpaulin & Nets,39269099,18,,789.37,1005.35,78
Supreme Silpaulin 12X9 250GSM Yellow,SUSP1292502,,Tarpaulin & Nets,39269099,18,,865.27,1043.37,92
Supreme Silpaulin 12X9 250GSM Black,SUSP1292500,,Tarpaulin & Nets,39269099,18,,825.92,966.61,98
Supreme Silpaulin 12X9 250GSM Silver/Black,SUSP1292506,,Tarpaulin & Nets,39269099,18,,790.58,925.01,60
Supreme Silpaulin 12X9 250GSM Green,SUSP1292503,,Tarpaulin & Nets,39269099,18,,830.9,1012.74,25
Supreme Silpaulin 12X10 250GSM Blue,SUSP1210250,,Tarpaulin & Nets,39269099,18,,854.3,1095.14,90
Supreme Silpaulin 12X10 250GSM Yellow,SUSP12102505,,Tarpaulin & Nets,39269099,18,,935.96,1198.75,17
Supreme Silpaulin 12X10 250GSM Black,SUSP12102507,,Tarpaulin & Nets,39269099,18,,974.72,1162.41,91
Supreme Silpaulin 12X10 250GSM Silver/Black,SUSP12102509,,Tarpaulin & Nets,39269099,18,,927.34,1139.46,4
Supreme Silpaulin 12X10 250GSM Green,SUSP121025071,,Tarpaulin & Nets,39269099,18,,844.52,1022.39,64
Supreme Silpaulin 15X12 250GSM Blue,SUSP1512250,,Tarpaulin & Nets,39269099,18,,1306.8,1588.98,78
Supreme Silpaulin 15X12 250GSM Yellow,SUSP15122501,,Tarpaulin & Nets,39269099,18,,1360.97,1666.2,61
Supreme Silpaulin 15X12 250GSM Black,SUSP15122506,,Tarpaulin & Nets,39269099,18,,1233.72,1573.42,34
Supreme Silpaulin 15X12 250GSM Silver/Black,SUSP15122505,,Tarpaulin & Nets,39269099,18,,1278.21,1613.44,4
Supreme Silpaulin 15X12 250GSM Green,SUSP151225067,,Tarpaulin & Nets,39269099,18,,1357.03,1636.24,3
Supreme Silpaulin 18X12 250GSM Blue,SUSP1812250,,Tarpaulin & Nets,39269099,18,,1743.73,2006.07,30
Supreme Silpaulin 18X12 250GSM Yellow,SUSP18122506,,Tarpaulin & Nets,39269099,18,,1696.07,2068.18,6
Supreme Silpaulin 18X12 250GSM Black,SUSP18122507,,Tarpaulin & Nets,39269099,18,,1702.57,2122.96,24
Supreme Silpaulin 18X12 250GSM Silver/Black,SUSP18122508,,Tarpaulin & Nets,39269099,18,,1474.54,1914.24,11
Supreme Silpaulin 18X12 250GSM Green,SUSP18122509,,Tarpaulin & Nets,39269099,18,,1769.77,2190.4,62
Supreme Silpaulin 18X15 250GSM Blue,SUSP1815250,,Tarpaulin & Nets,39269099,18,,2113.25,2541.69,82
Supreme Silpaulin 18X15 250GSM Yellow,SUSP18152507,,Tarpaulin & Nets,39269099,18,,2110.52,2447.19,7
Supreme Silpaulin 18X15 250GSM Black,SUSP18152503,,Tarpaulin & Nets,39269099,18,,2076.99,2396.82,39
Supreme Silpaulin 18X15 250GSM Silver/Black,SUSP18152509,,Tarpaulin & Nets,39269099,18,,1944.87,2401.1,60
Supreme Silpaulin 18X15 250GSM Green,SUSP18152502,,Tarpaulin & Nets,39269099,18,,2092.94,2425.66,19
Supreme Silpaulin 21X15 250GSM Blue,SUSP2115250,,Tarpaulin & Nets,39269099,18,,2137.29,2603.94,65
Supreme Silpaulin 21X15 250GSM Yellow,SUSP21152507,,Tarpaulin & Nets,39269099,18,,2364.82,2793.61,13
Supreme Silpaulin 21X15 250GSM Black,SUSP21152501,,Tarpaulin & Nets,39269099,18,,2357.19,3051.56,16
Supreme Silpaulin 21X15 250GSM Silver/Black,SUSP21152502,,Tarpaulin & Nets,39269099,18,,2272.58,2631.44,67
Supreme Silpaulin 21X15 250GSM Green,SUSP211525017,,Tarpaulin & Nets,39269099,18,,2310.17,2888.5,16
Supreme Silpaulin 24X18 250GSM Blue,SUSP2418250,,Tarpaulin & Nets,39269099,18,,3040.96,3894.11,47
Supreme Silpaulin 24X18 250GSM Yellow,SUSP24182502,,Tarpaulin & Nets,39269099,18,,3075.01,3899.61,81
Supreme Silpaulin 24X18 250GSM Black,SUSP24182509,,Tarpaulin & Nets,39269099,18,,3114.17,3704.72,48
Supreme Silpaulin 24X18 250GSM Silver/Black,SUSP24182501,,Tarpaulin & Nets,39269099,18,,3550.19,4559.29,37
Supreme Silpaulin 24X18 250GSM Green,SUSP241825019,,Tarpaulin & Nets,39269099,18,,3161.92,3863.89,0
Supreme Silpaulin 30X20 250GSM Blue,SUSP3020250,,Tarpaulin & Nets,39269099,18,,4782.43,5526.61,14
Supreme Silpaulin 30X20 250GSM Yellow,SUSP30202507,,Tarpaulin & Nets,39269099,18,,4065.73,4838.59,51
Supreme Silpaulin 30X20 250GSM Black,SUSP30202508,,Tarpaulin & Nets,39269099,18,,4689.37,5959.08,98
Supreme Silpaulin 30X20 250GSM Silver/Black,SUSP30202509,,Tarpaulin & Nets,39269099,18,,4729.97,5886.54,74
Supreme Silpaulin 30X20 250GSM Green,SUSP30202501,,Tarpaulin & Nets,39269099,18,,4528.27,5332.83,67
Supreme Silpaulin 30X24 250GSM Blue,SUSP3024250,,Tarpaulin & Nets,39269099,18,,5497.93,6871.25,81
Supreme Silpaulin 30X24 250GSM Yellow,SUSP30242503,,Tarpaulin & Nets,39269099,18,,5321.01,6370.57,95
Supreme Silpaulin 30X24 250GSM Black,SUSP30242501,,Tarpaulin & Nets,39269099,18,,4958.62,6108.65,79
Supreme Silpaulin 30X24 250GSM Silver/Black,SUSP30242507,,Tarpaulin & Nets,39269099,18,,4887.07,6253.13,22
Supreme Silpaulin 30X24 250GSM Green,SUSP30242508,,Tarpaulin & Nets,39269099,18,,5056.56,6463.26,18
Supreme Silpaulin 36X24 250GSM Blue,SUSP3624250,,Tarpaulin & Nets,39269099,18,,6237.22,8092.6,80
Supreme Silpaulin 36X24 250GSM Yellow,SUSP36242506,,Tarpaulin & Nets,39269099,18,,5915.87,7686.9,89
Supreme Silpaulin 36X24 250GSM Black,SUSP36242504,,Tarpaulin & Nets,39269099,18,,6225.19,7428.54,81
Supreme Silpaulin 36X24 250GSM Silver/Black,SUSP36242507,,Tarpaulin & Nets,39269099,18,,6911.37,8230.64,12
Supreme Silpaulin 36X24 250GSM Green,SUSP36242503,,Tarpaulin & Nets,39269099,18,,6000.06,7263.12,93
Supreme Silpaulin 40X30 250GSM Blue,SUSP4030250,,Tarpaulin & Nets,39269099,18,,9741.23,11773.35,90
Supreme Silpaulin 40X30 250GSM Yellow,SUSP40302508,,Tarpaulin & Nets,39269099,18,,8806.45,11446.27,0
Supreme Silpaulin 40X30 250GSM Black,SUSP40302502,,Tarpaulin & Nets,39269099,18,,8338.03,10754.26,80
Supreme Silpaulin 40X30 250GSM Silver/Black,SUSP40302503,,Tarpaulin & Nets,39269099,18,,9454.28,11421.96,42
Supreme Silpaulin 40X30 250GSM Green,SUSP40302507,,Tarpaulin & Nets,39269099,18,,8499.92,10914.34,43
Supreme Silpaulin 40X40 250GSM Blue,SUSP4040250,,Tarpaulin & Nets,39269099,18,,12176.0,15715.66,52
Supreme Silpaulin 40X40 250GSM Yellow,SUSP40402508,,Tarpaulin & Nets,39269099,18,,12330.14,15948.77,88
Supreme Silpaulin 40X40 250GSM Black,SUSP40402509,,Tarpaulin & Nets,39269099,18,,12935.18,16225.22,60
Supreme Silpaulin 40X40 250GSM Silver/Black,SUSP40402502,,Tarpaulin & Nets,39269099,18,,12203.16,14639.35,49
Supreme Silpaulin 40X40 250GSM Green,SUSP404025022,,Tarpaulin & Nets,39269099,18,,13181.58,16241.72,75
Supreme Silpaulin 50X40 250GSM Blue,SUSP5040250,,Tarpaulin & Nets,39269099,18,,14664.57,17346.98,14
Supreme Silpaulin 50X40 250GSM Yellow,SUSP50402507,,Tarpaulin & Nets,39269099,18,,14319.26,16794.08,31
Supreme Silpaulin 50X40 250GSM Black,SUSP50402504,,Tarpaulin & Nets,39269099,18,,15496.69,18428.74,15
Supreme Silpaulin 50X40 250GSM Silver/Black,SUSP504025077,,Tarpaulin & Nets,39269099,18,,14609.84,17138.78,1
Supreme Silpaulin 50X40 250GSM Green,SUSP504025044,,Tarpaulin & Nets,39269099,18,,15481.82,18665.18,63
Supreme Silpaulin 60X40 250GSM Blue,SUSP6040250,,Tarpaulin & Nets,39269099,18,,18461.93,21935.74,56
Supreme Silpaulin 60X40 250GSM Yellow,SUSP60402505,,Tarpaulin & Nets,39269099,18,,16414.4,19242.64,23
Supreme Silpaulin 60X40 250GSM Black,SUSP60402508,,Tarpaulin & Nets,39269099,18,,18081.18,22003.4,5
Supreme Silpaulin 60X40 250GSM Silver/Black,SUSP60402504,,Tarpaulin & Nets,39269099,18,,18298.14,22082.21,45
Supreme Silpaulin 60X40 250GSM Green,SUSP60402502,,Tarpaulin & Nets,39269099,18,,16907.76,20416.62,4
Supreme Silpaulin 60X60 250GSM Blue,SUSP6060250,,Tarpaulin & Nets,39269099,18,,26638.94,33550.7,11
Supreme Silpaulin 60X60 250GSM Yellow,SUSP60602505,,Tarpaulin & Nets,39269099,18,,27818.01,35369.28,70
Supreme Silpaulin 60X60 250GSM Black,SUSP60602503,,Tarpaulin & Nets,39269099,18,,28159.49,35731.52,68
Supreme Silpaulin 60X60 250GSM Silver/Black,SUSP60602502,,Tarpaulin & Nets,39269099,18,,26243.32,32586.24,64
Supreme Silpaulin 60X60 250GSM Green,SUSP60602500,,Tarpaulin & Nets,39269099,18,,26945.43,31052.19,82
Supreme Silpaulin 80X60 250GSM Blue,SUSP8060250,,Tarpaulin & Nets,39269099,18,,39196.4,47336.64,82
Supreme Silpaulin 80X60 250GSM Yellow,SUSP80602509,,Tarpaulin & Nets,39269099,18,,33700.92,40679.41,89
Supreme Silpaulin 80X60 250GSM Black,SUSP80602500,,Tarpaulin & Nets,39269099,18,,38169.85,44739.28,23
Supreme Silpaulin 80X60 250GSM Silver/Black,SUSP80602501,,Tarpaulin & Nets,39269099,18,,37692.89,47102.14,43
Supreme Silpaulin 80X60 250GSM Green,SUSP80602508,,Tarpaulin & Nets,39269099,18,,35215.71,44439.48,52
Supreme Silpaulin 100X100 250GSM Blue,SUSP100100250,,Tarpaulin & Nets,39269099,18,,77022.56,97727.48,84
Supreme Silpaulin 100X100 250GSM Yellow,SUSP1001002509,,Tarpaulin & Nets,39269099,18,,71143.75,86443.38,94
Supreme Silpaulin 100X100 250GSM Black,SUSP1001002500,,Tarpaulin & Nets,39269099,18,,81892.9,101391.32,83
Supreme Silpaulin 100X100 250GSM Silver/Black,SUSP1001002506,,Tarpaulin & Nets,39269099,18,,69809.79,87261.01,9
Supreme Silpaulin 100X100 250GSM Green,SUSP10010025069,,Tarpaulin & Nets,39269099,18,,70155.8,82712.23,22
Supreme Silpaulin 6X4 300GSM Blue,SUSP64300,,Tarpaulin & Nets,39269099,18,,196.62,239.13,28
Supreme Silpaulin 6X4 300GSM Yellow,SUSP643000,,Tarpaulin & Nets,39269099,18,,231.94,297.83,100
Supreme Silpaulin 6X4 300GSM Black,SUSP643003,,Tarpaulin & Nets,39269099,18,,230.28,284.39,78
Supreme Silpaulin 6X4 300GSM Silver/Black,SUSP6430006,,Tarpaulin & Nets,39269099,18,,215.19,271.58,20
Supreme Silpaulin 6X4 300GSM Green,SUSP643007,,Tarpaulin & Nets,39269099,18,,235.53,295.08,5
Supreme Silpaulin 8X6 300GSM Blue,SUSP86300,,Tarpaulin & Nets,39269099,18,,425.32,520.6,79
Supreme Silpaulin 8X6 300GSM Yellow,SUSP863009,,Tarpaulin & Nets,39269099,18,,444.1,546.85,51
Supreme Silpaulin 8X6 300GSM Black,SUSP863004,,Tarpaulin & Nets,39269099,18,,434.63,514.74,7
Supreme Silpaulin 8X6 300GSM Silver/Black,SUSP863007,,Tarpaulin & Nets,39269099,18,,445.52,525.71,87
Supreme Silpaulin 8X6 300GSM Green,SUSP8630043,,Tarpaulin & Nets,39269099,18,,392.1,479.69,25
Supreme Silpaulin 9X6 300GSM Blue,SUSP96300,,Tarpaulin & Nets,39269099,18,,480.89,609.39,82
Supreme Silpaulin 9X6 300GSM Yellow,SUSP963002,,Tarpaulin & Nets,39269099,18,,518.13,610.65,3
Supreme Silpaulin 9X6 300GSM Black,SUSP963006,,Tarpaulin & Nets,39269099,18,,467.81,571.26,96
Supreme Silpaulin 9X6 300GSM Silver/Black,SUSP9630062,,Tarpaulin & Nets,39269099,18,,488.66,579.99,1
Supreme Silpaulin 9X6 300GSM Green,SUSP963000,,Tarpaulin & Nets,39269099,18,,453.28,557.48,45
Supreme Silpaulin 12X9 300GSM Blue,SUSP129300,,Tarpaulin & Nets,39269099,18,,997.47,1245.15,6
Supreme Silpaulin 12X9 300GSM Yellow,SUSP1293006,,Tarpaulin & Nets,39269099,18,,1065.22,1349.08,73
Supreme Silpaulin 12X9 300GSM Black,SUSP1293003,,Tarpaulin & Nets,39269099,18,,966.47,1154.18,75
Supreme Silpaulin 12X9 300GSM Silver/Black,SUSP1293000,,Tarpaulin & Nets,39269099,18,,939.94,1147.26,56
Supreme Silpaulin 12X9 300GSM Green,SUSP1293004,,Tarpaulin & Nets,39269099,18,,990.07,1190.27,99
Supreme Silpaulin 12X10 300GSM Blue,SUSP1210300,,Tarpaulin & Nets,39269099,18,,1089.65,1316.96,50
Supreme Silpaulin 12X10 300GSM Yellow,SUSP12103001,,Tarpaulin & Nets,39269099,18,,1179.06,1379.94,12
Supreme Silpaulin 12X10 300GSM Black,SUSP12103008,,Tarpaulin & Nets,39269099,18,,1169.38,1399.33,18
Supreme Silpaulin 12X10 300GSM Silver/Black,SUSP12103000,,Tarpaulin & Nets,39269099,18,,1100.2,1428.99,63
Supreme Silpaulin 12X10 300GSM Green,SUSP121030003,,Tarpaulin & Nets,39269099,18,,1030.34,1314.51,37
Supreme Silpaulin 15X12 300GSM Blue,SUSP1512300,,Tarpaulin & Nets,39269099,18,,1762.23,2068.54,38
Supreme Silpaulin 15X12 300GSM Yellow,SUSP15123001,,Tarpaulin & Nets,39269099,18,,1697.65,2164.28,33
Supreme Silpaulin 15X12 300GSM Black,SUSP15123003,,Tarpaulin & Nets,39269099,18,,1693.6,2132.68,75
Supreme Silpaulin 15X12 300GSM Silver/Black,SUSP15123009,,Tarpaulin & Nets,39269099,18,,1739.76,2226.98,97
Supreme Silpaulin 15X12 300GSM Green,SUSP15123002,,Tarpaulin & Nets,39269099,18,,1603.63,1885.75,58
Supreme Silpaulin 18X12 300GSM Blue,SUSP1812300,,Tarpaulin & Nets,39269099,18,,2059.79,2509.72,83
Supreme Silpaulin 18X12 300GSM Yellow,SUSP18123004,,Tarpaulin & Nets,39269099,18,,2112.3,2742.6,60
Supreme Silpaulin 18X12 300GSM Black,SUSP18123005,,Tarpaulin & Nets,39269099,18,,1906.19,2282.46,76
Supreme Silpaulin 18X12 300GSM Silver/Black,SUSP18123001,,Tarpaulin & Nets,39269099,18,,2011.26,2508.66,97
Supreme Silpaulin 18X12 300GSM Green,SUSP18123009,,Tarpaulin & Nets,39269099,18,,1913.94,2299.13,76
Supreme Silpaulin 18X15 300GSM Blue,SUSP1815300,,Tarpaulin & Nets,39269099,18,,2631.52,3118.01,81
Supreme Silpaulin 18X15 300GSM Yellow,SUSP18153000,,Tarpaulin & Nets,39269099,18,,2644.69,3216.63,65
Supreme Silpaulin 18X15 300GSM Black,SUSP18153006,,Tarpaulin & Nets,39269099,18,,2291.21,2846.29,47
Supreme Silpaulin 18X15 300GSM Silver/Black,SUSP18153005,,Tarpaulin & Nets,39269099,18,,2234.79,2812.96,85
Supreme Silpaulin 18X15 300GSM Green,SUSP181530067,,Tarpaulin & Nets,39269099,18,,2613.53,3072.44,36
Supreme Silpaulin 21X15 300GSM Blue,SUSP2115300,,Tarpaulin & Nets,39269099,18,,2916.58,3747.5,75
Supreme Silpaulin 21X15 300GSM Yellow,SUSP21153001,,Tarpaulin & Nets,39269099,18,,3118.47,3917.65,39
Supreme Silpaulin 21X15 300GSM Black,SUSP211530014,,Tarpaulin & Nets,39269099,18,,2608.08,3233.56,81
Supreme Silpaulin 21X15 300GSM Silver/Black,SUSP21153004,,Tarpaulin & Nets,39269099,18,,2635.7,3303.06,26
Supreme Silpaulin 21X15 300GSM Green,SUSP211530048,,Tarpaulin & Nets,39269099,18,,2824.56,3643.21,77
Supreme Silpaulin 24X18 300GSM Blue,SUSP2418300,,Tarpaulin & Nets,39269099,18,,4220.1,5324.08,80
Supreme Silpaulin 24X18 300GSM Yellow,SUSP24183005,,Tarpaulin & Nets,39269099,18,,3712.65,4418.69,64
Supreme Silpaulin 24X18 300GSM Black,SUSP24183008,,Tarpaulin & Nets,39269099,18,,3776.41,4601.86,92
Supreme Silpaulin 24X18 300GSM Silver/Black,SUSP24183003,,Tarpaulin & Nets,39269099,18,,3514.42,4428.96,69
Supreme Silpaulin 24X18 300GSM Green,SUSP24183004,,Tarpaulin & Nets,39269099,18,,3848.01,4742.16,22
Supreme Silpaulin 30X20 300GSM Blue,SUSP3020300,,Tarpaulin & Nets,39269099,18,,4914.45,5884.0,31
Supreme Silpaulin 30X20 300GSM Yellow,SUSP30203002,,Tarpaulin & Nets,39269099,18,,5432.55,6590.26,16
Supreme Silpaulin 30X20 300GSM Black,SUSP30203008,,Tarpaulin & Nets,39269099,18,,5788.06,6885.01,77
Supreme Silpaulin 30X20 300GSM Silver/Black,SUSP30203005,,Tarpaulin & Nets,39269099,18,,5000.96,6240.45,67
Supreme Silpaulin 30X20 300GSM Green,SUSP30203007,,Tarpaulin & Nets,39269099,18,,5104.21,6053.83,65
Supreme Silpaulin 30X24 300GSM Blue,SUSP3024300,,Tarpaulin & Nets,39269099,18,,6401.99,7944.46,90
Supreme Silpaulin 30X24 300GSM Yellow,SUSP30243004,,Tarpaulin & Nets,39269099,18,,6626.47,8202.12,97
Supreme Silpaulin 30X24 300GSM Black,SUSP30243003,,Tarpaulin & Nets,39269099,18,,6525.87,8071.5,12
Supreme Silpaulin 30X24 300GSM Silver/Black,SUSP30243009,,Tarpaulin & Nets,39269099,18,,6931.15,8146.36,30
Supreme Silpaulin 30X24 300GSM Green,SUSP30243005,,Tarpaulin & Nets,39269099,18,,6214.11,8063.84,67
Supreme Silpaulin 36X24 300GSM Blue,SUSP3624300,,Tarpaulin & Nets,39269099,18,,7027.51,8386.29,17
Supreme Silpaulin 36X24 300GSM Yellow,SUSP36243007,,Tarpaulin & Nets,39269099,18,,8189.71,10265.26,41
Supreme Silpaulin 36X24 300GSM Black,SUSP36243009,,Tarpaulin & Nets,39269099,18,,7770.87,9553.04,51
Supreme Silpaulin 36X24 300GSM Silver/Black,SUSP36243002,,Tarpaulin & Nets,39269099,18,,7774.82,9669.41,13
Supreme Silpaulin 36X24 300GSM Green,SUSP36243005,,Tarpaulin & Nets,39269099,18,,8387.7,10853.48,52
Supreme Silpaulin 40X30 300GSM Blue,SUSP4030300,,Tarpaulin & Nets,39269099,18,,11722.49,15158.62,4
Supreme Silpaulin 40X30 300GSM Yellow,SUSP40303004,,Tarpaulin & Nets,39269099,18,,11044.81,13239.68,55
Supreme Silpaulin 40X30 300GSM Black,SUSP40303002,,Tarpaulin & Nets,39269099,18,,10648.15,13452.74,79
Supreme Silpaulin 40X30 300GSM Silver/Black,SUSP40303006,,Tarpaulin & Nets,39269099,18,,11073.18,12763.08,88
Supreme Silpaulin 40X30 300GSM Green,SUSP40303005,,Tarpaulin & Nets,39269099,18,,11376.09,13710.06,12
Supreme Silpaulin 40X40 300GSM Blue,SUSP4040300,,Tarpaulin & Nets,39269099,18,,13188.02,15852.56,34
Supreme Silpaulin 40X40 300GSM Yellow,SUSP40403009,,Tarpaulin & Nets,39269099,18,,15809.46,18676.19,16
Supreme Silpaulin 40X40 300GSM Black,SUSP40403008,,Tarpaulin & Nets,39269099,18,,13067.14,16010.04,34
Supreme Silpaulin 40X40 300GSM Silver/Black,SUSP40403002,,Tarpaulin & Nets,39269099,18,,14587.01,17260.11,24
Supreme Silpaulin 40X40 300GSM Green,SUSP40403007,,Tarpaulin & Nets,39269099,18,,14139.6,18325.17,36
Supreme Silpaulin 50X40 300GSM Blue,SUSP5040300,,Tarpaulin & Nets,39269099,18,,19635.68,24499.14,64
Supreme Silpaulin 50X40 300GSM Yellow,SUSP50403007,,Tarpaulin & Nets,39269099,18,,19605.55,24693.68,12
Supreme Silpaulin 50X40 300GSM Black,SUSP50403000,,Tarpaulin & Nets,39269099,18,,16575.55,21446.33,46
Supreme Silpaulin 50X40 300GSM Silver/Black,SUSP50403003,,Tarpaulin & Nets,39269099,18,,18989.8,24426.26,3
Supreme Silpaulin 50X40 300GSM Green,SUSP504030079,,Tarpaulin & Nets,39269099,18,,18494.32,23364.65,4
Supreme Silpaulin 60X40 300GSM Blue,SUSP6040300,,Tarpaulin & Nets,39269099,18,,23471.04,28641.16,94
Supreme Silpaulin 60X40 300GSM Yellow,SUSP60403002,,Tarpaulin & Nets,39269099,18,,23630.41,29410.92,14
Supreme Silpaulin 60X40 300GSM Black,SUSP60403000,,Tarpaulin & Nets,39269099,18,,22964.42,29196.95,59
Supreme Silpaulin 60X40 300GSM Silver/Black,SUSP604030028,,Tarpaulin & Nets,39269099,18,,22650.45,29394.91,27
Supreme Silpaulin 60X40 300GSM Green,SUSP60403008,,Tarpaulin & Nets,39269099,18,,20324.51,23886.41,13
Supreme Silpaulin 60X60 300GSM Blue,SUSP6060300,,Tarpaulin & Nets,39269099,18,,32621.22,38533.77,24
Supreme Silpaulin 60X60 300GSM Yellow,SUSP60603009,,Tarpaulin & Nets,39269099,18,,31730.91,37673.39,4
Supreme Silpaulin 60X60 300GSM Black,SUSP60603008,,Tarpaulin & Nets,39269099,18,,33871.79,39949.24,79
Supreme Silpaulin 60X60 300GSM Silver/Black,SUSP60603003,,Tarpaulin & Nets,39269099,18,,35011.6,41360.27,94
Supreme Silpaulin 60X60 300GSM Green,SUSP60603002,,Tarpaulin & Nets,39269099,18,,34482.82,43147.67,11
Supreme Silpaulin 80X60 300GSM Blue,SUSP8060300,,Tarpaulin & Nets,39269099,18,,43845.63,53489.25,43
Supreme Silpaulin 80X60 300GSM Yellow,SUSP80603008,,Tarpaulin & Nets,39269099,18,,39617.64,50521.09,4
Supreme Silpaulin 80X60 300GSM Black,SUSP80603001,,Tarpaulin & Nets,39269099,18,,39907.74,51643.87,69
Supreme Silpaulin 80X60 300GSM Silver/Black,SUSP80603007,,Tarpaulin & Nets,39269099,18,,42229.73,49036.57,79
Supreme Silpaulin 80X60 300GSM Green,SUSP80603009,,Tarpaulin & Nets,39269099,18,,46353.4,56656.19,59
Supreme Silpaulin 100X100 300GSM Blue,SUSP100100300,,Tarpaulin & Nets,39269099,18,,81174.48,104237.83,26
Supreme Silpaulin 100X100 300GSM Yellow,SUSP1001003002,,Tarpaulin & Nets,39269099,18,,82726.18,101892.61,96
Supreme Silpaulin 100X100 300GSM Black,SUSP1001003001,,Tarpaulin & Nets,39269099,18,,96073.71,117142.12,91
Supreme Silpaulin 100X100 300GSM Silver/Black,SUSP1001003003,,Tarpaulin & Nets,39269099,18,,86011.9,110775.51,92
Supreme Silpaulin 100X100 300GSM Green,SUSP1001003007,,Tarpaulin & Nets,39269099,18,,90454.17,105930.92,95
Ecopaulin 6X4 70GSM Blue,ECSP6470,,Tarpaulin & Nets,39269099,18,,46.33,53.3,67
Ecopaulin 6X4 70GSM Yellow,ECSP64707,,Tarpaulin & Nets,39269099,18,,52.27,64.15,15
Ecopaulin 6X4 70GSM Black,ECSP64703,,Tarpaulin & Nets,39269099,18,,52.16,62.2,1
Ecopaulin 6X4 70GSM Silver/Black,ECSP64700,,Tarpaulin & Nets,39269099,18,,52.59,67.39,95
Ecopaulin 6X4 70GSM Green,ECSP64705,,Tarpaulin & Nets,39269099,18,,51.78,66.89,22
Ecopaulin 8X6 70GSM Blue,ECSP8670,,Tarpaulin & Nets,39269099,18,,103.71,126.32,57
Ecopaulin 8X6 70GSM Yellow,ECSP86700,,Tarpaulin & Nets,39269099,18,,99.99,117.21,9
Ecopaulin 8X6 70GSM Black,ECSP86705,,Tarpaulin & Nets,39269099,18,,89.56,110.5,8
Ecopaulin 8X6 70GSM Silver/Black,ECSP867055,,Tarpaulin & Nets,39269099,18,,101.25,125.69,85
Ecopaulin 8X6 70GSM Green,ECSP86706,,Tarpaulin & Nets,39269099,18,,103.02,127.63,98
Ecopaulin 9X6 70GSM Blue,ECSP9670,,Tarpaulin & Nets,39269099,18,,105.43,129.86,89
Ecopaulin 9X6 70GSM Yellow,ECSP96702,,Tarpaulin & Nets,39269099,18,,99.54,114.79,8
Ecopaulin 9X6 70GSM Black,ECSP96708,,Tarpaulin & Nets,39269099,18,,98.9,118.35,73
Ecopaulin 9X6 70GSM Silver/Black,ECSP96700,,Tarpaulin & Nets,39269099,18,,117.09,144.53,57
Ecopaulin 9X6 70GSM Green,ECSP96705,,Tarpaulin & Nets,39269099,18,,103.32,131.44,44
Ecopaulin 12X9 70GSM Blue,ECSP12970,,Tarpaulin & Nets,39269099,18,,217.91,270.8,66
Ecopaulin 12X9 70GSM Yellow,ECSP129703,,Tarpaulin & Nets,39269099,18,,237.51,282.13,40
Ecopaulin 12X9 70GSM Black,ECSP1297031,,Tarpaulin & Nets,39269099,18,,227.16,265.21,87
Ecopaulin 12X9 70GSM Silver/Black,ECSP129709,,Tarpaulin & Nets,39269099,18,,196.95,246.57,0
Ecopaulin 12X9 70GSM Green,ECSP129705,,Tarpaulin & Nets,39269099,18,,211.19,243.16,21
Ecopaulin 12X10 70GSM Blue,ECSP121070,,Tarpaulin & Nets,39269099,18,,256.23,315.74,19
Ecopaulin 12X10 70GSM Yellow,ECSP1210701,,Tarpaulin & Nets,39269099,18,,244.04,298.9,52
Ecopaulin 12X10 70GSM Black,ECSP12107018,,Tarpaulin & Nets,39269099,18,,261.5,331.39,67
Ecopaulin 12X10 70GSM Silver/Black,ECSP1210702,,Tarpaulin & Nets,39269099,18,,258.43,332.6,78
Ecopaulin 12X10 70GSM Green,ECSP1210703,,Tarpaulin & Nets,39269099,18,,241.8,306.57,53
Ecopaulin 15X12 70GSM Blue,ECSP151270,,Tarpaulin & Nets,39269099,18,,377.68,481.83,11
Ecopaulin 15X12 70GSM Yellow,ECSP1512700,,Tarpaulin & Nets,39269099,18,,379.97,453.21,23
Ecopaulin 15X12 70GSM Black,ECSP1512709,,Tarpaulin & Nets,39269099,18,,355.75,457.98,95
Ecopaulin 15X12 70GSM Silver/Black,ECSP1512707,,Tarpaulin & Nets,39269099,18,,342.34,434.55,97
Ecopaulin 15X12 70GSM Green,ECSP1512702,,Tarpaulin & Nets,39269099,18,,356.28,428.1,36
Ecopaulin 18X12 70GSM Blue,ECSP181270,,Tarpaulin & Nets,39269099,18,,395.33,492.72,16
Ecopaulin 18X12 70GSM Yellow,ECSP1812708,,Tarpaulin & Nets,39269099,18,,465.01,599.36,18
Ecopaulin 18X12 70GSM Black,ECSP18127086,,Tarpaulin & Nets,39269099,18,,443.73,529.06,50
Ecopaulin 18X12 70GSM Silver/Black,ECSP1812701,,Tarpaulin & Nets,39269099,18,,425.46,528.24,10
Ecopaulin 18X12 70GSM Green,ECSP1812700,,Tarpaulin & Nets,39269099,18,,445.1,527.81,45
Ecopaulin 18X15 70GSM Blue,ECSP181570,,Tarpaulin & Nets,39269099,18,,513.43,653.25,66
Ecopaulin 18X15 70GSM Yellow,ECSP1815707,,Tarpaulin & Nets,39269099,18,,561.57,718.7,44
Ecopaulin 18X15 70GSM Black,ECSP1815709,,Tarpaulin & Nets,39269099,18,,566.52,653.1,35
Ecopaulin 18X15 70GSM Silver/Black,ECSP1815700,,Tarpaulin & Nets,39269099,18,,585.28,711.9,32
Ecopaulin 18X15 70GSM Green,ECSP1815703,,Tarpaulin & Nets,39269099,18,,585.14,706.02,19
Ecopaulin 21X15 70GSM Blue,ECSP211570,,Tarpaulin & Nets,39269099,18,,603.64,763.64,27
Ecopaulin 21X15 70GSM Yellow,ECSP2115706,,Tarpaulin & Nets,39269099,18,,637.72,746.29,7
Ecopaulin 21X15 70GSM Black,ECSP2115700,,Tarpaulin & Nets,39269099,18,,639.95,773.01,63
Ecopaulin 21X15 70GSM Silver/Black,ECSP2115702,,Tarpaulin & Nets,39269099,18,,637.7,774.34,88
Ecopaulin 21X15 70GSM Green,ECSP21157002,,Tarpaulin & Nets,39269099,18,,647.06,800.71,88
Ecopaulin 24X18 70GSM Blue,ECSP241870,,Tarpaulin & Nets,39269099,18,,890.89,1100.82,4
Ecopaulin 24X18 70GSM Yellow,ECSP2418703,,Tarpaulin & Nets,39269099,18,,898.6,1102.1,17
Ecopaulin 24X18 70GSM Black,ECSP2418702,,Tarpaulin & Nets,39269099,18,,875.64,1115.6,85
Ecopaulin 24X18 70GSM Silver/Black,ECSP2418709,,Tarpaulin & Nets,39269099,18,,895.18,1046.79,10
Ecopaulin 24X18 70GSM Green,ECSP2418707,,Tarpaulin & Nets,39269099,18,,886.39,1069.5,25
Ecopaulin 30X20 70GSM Blue,ECSP302070,,Tarpaulin & Nets,39269099,18,,1262.99,1539.73,35
Ecopaulin 30X20 70GSM Yellow,ECSP3020705,,Tarpaulin & Nets,39269099,18,,1314.8,1653.58,35
Ecopaulin 30X20 70GSM Black,ECSP3020701,,Tarpaulin & Nets,39269099,18,,1110.33,1362.97,90
Ecopaulin 30X20 70GSM Silver/Black,ECSP3020700,,Tarpaulin & Nets,39269099,18,,1183.99,1465.33,78
Ecopaulin 30X20 70GSM Green,ECSP3020709,,Tarpaulin & Nets,39269099,18,,1133.14,1400.59,8
Ecopaulin 30X24 70GSM Blue,ECSP302470,,Tarpaulin & Nets,39269099,18,,1538.22,1921.45,4
Ecopaulin 30X24 70GSM Yellow,ECSP3024702,,Tarpaulin & Nets,39269099,18,,1404.41,1681.98,61
Ecopaulin 30X24 70GSM Black,ECSP3024709,,Tarpaulin & Nets,39269099,18,,1542.16,1887.74,73
Ecopaulin 30X24 70GSM Silver/Black,ECSP30247093,,Tarpaulin & Nets,39269099,18,,1299.6,1523.29,74
Ecopaulin 30X24 70GSM Green,ECSP3024703,,Tarpaulin & Nets,39269099,18,,1498.27,1886.68,4
Ecopaulin 36X24 70GSM Blue,ECSP362470,,Tarpaulin & Nets,39269099,18,,1792.16,2170.37,1
Ecopaulin 36X24 70GSM Yellow,ECSP3624701,,Tarpaulin & Nets,39269099,18,,1882.91,2338.99,5
Ecopaulin 36X24 70GSM Black,ECSP3624706,,Tarpaulin & Nets,39269099,18,,1585.92,1913.91,68
Ecopaulin 36X24 70GSM Silver/Black,ECSP36247060,,Tarpaulin & Nets,39269099,18,,1852.72,2293.68,87
Ecopaulin 36X24 70GSM Green,ECSP36247011,,Tarpaulin & Nets,39269099,18,,1585.48,1826.21,31
Ecopaulin 40X30 70GSM Blue,ECSP403070,,Tarpaulin & Nets,39269099,18,,2246.75,2651.23,42
Ecopaulin 40X30 70GSM Yellow,ECSP4030708,,Tarpaulin & Nets,39269099,18,,2445.26,3133.63,4
Ecopaulin 40X30 70GSM Black,ECSP40307087,,Tarpaulin & Nets,39269099,18,,2589.36,3163.66,17
Ecopaulin 40X30 70GSM Silver/Black,ECSP4030703,,Tarpaulin & Nets,39269099,18,,2186.0,2751.39,44
Ecopaulin 40X30 70GSM Green,ECSP4030704,,Tarpaulin & Nets,39269099,18,,2208.1,2559.74,98
Ecopaulin 40X40 70GSM Blue,ECSP404070,,Tarpaulin & Nets,39269099,18,,3101.41,3612.42,29
Ecopaulin 40X40 70GSM Yellow,ECSP4040705,,Tarpaulin & Nets,39269099,18,,3492.98,4197.28,74
Ecopaulin 40X40 70GSM Black,ECSP4040703,,Tarpaulin & Nets,39269099,18,,2970.93,3812.12,27
Ecopaulin 40X40 70GSM Silver/Black,ECSP4040702,,Tarpaulin & Nets,39269099,18,,3402.17,4326.73,88
Ecopaulin 40X40 70GSM Green,ECSP4040704,,Tarpaulin & Nets,39269099,18,,3223.08,3868.31,49
Ecopaulin 50X40 70GSM Blue,ECSP504070,,Tarpaulin & Nets,39269099,18,,4098.38,5006.24,10
Ecopaulin 50X40 70GSM Yellow,ECSP5040703,,Tarpaulin & Nets,39269099,18,,4085.49,5235.02,24
Ecopaulin 50X40 70GSM Black,ECSP5040702,,Tarpaulin & Nets,39269099,18,,3827.88,4872.66,41
Ecopaulin 50X40 70GSM Silver/Black,ECSP50407035,,Tarpaulin & Nets,39269099,18,,3731.42,4445.12,87
Ecopaulin 50X40 70GSM Green,ECSP5040707,,Tarpaulin & Nets,39269099,18,,4019.23,5056.18,39
Ecopaulin 60X40 70GSM Blue,ECSP604070,,Tarpaulin & Nets,39269099,18,,4435.29,5296.47,55
Ecopaulin 60X40 70GSM Yellow,ECSP6040705,,Tarpaulin & Nets,39269099,18,,4825.18,5765.51,32
Ecopaulin 60X40 70GSM Black,ECSP6040703,,Tarpaulin & Nets,39269099,18,,4912.67,5693.87,54
Ecopaulin 60X40 70GSM Silver/Black,ECSP6040708,,Tarpaulin & Nets,39269099,18,,4983.94,6211.26,9
Ecopaulin 60X40 70GSM Green,ECSP60407089,,Tarpaulin & Nets,39269099,18,,4659.69,5710.88,22
Ecopaulin 60X60 70GSM Blue,ECSP606070,,Tarpaulin & Nets,39269099,18,,6727.69,8699.47,99
Ecopaulin 60X60 70GSM Yellow,ECSP6060706,,Tarpaulin & Nets,39269099,18,,7473.11,9484.17,80
Ecopaulin 60X60 70GSM Black,ECSP6060703,,Tarpaulin & Nets,39269099,18,,7531.77,9003.29,75
Ecopaulin 60X60 70GSM Silver/Black,ECSP6060709,,Tarpaulin & Nets,39269099,18,,6830.34,7929.21,96
Ecopaulin 60X60 70GSM Green,ECSP6060700,,Tarpaulin & Nets,39269099,18,,7015.52,8626.54,77
Ecopaulin 80X60 70GSM Blue,ECSP806070,,Tarpaulin & Nets,39269099,18,,10068.79,12206.88,92
Ecopaulin 80X60 70GSM Yellow,ECSP8060708,,Tarpaulin & Nets,39269099,18,,9115.96,11075.28,20
Ecopaulin 80X60 70GSM Black,ECSP8060704,,Tarpaulin & Nets,39269099,18,,10291.26,12251.36,100
Ecopaulin 80X60 70GSM Silver/Black,ECSP8060701,,Tarpaulin & Nets,39269099,18,,9332.31,12038.96,83
Ecopaulin 80X60 70GSM Green,ECSP80607046,,Tarpaulin & Nets,39269099,18,,9827.79,12299.26,73
Ecopaulin 100X100 70GSM Blue,ECSP10010070,,Tarpaulin & Nets,39269099,18,,21010.04,25754.95,1
Ecopaulin 100X100 70GSM Yellow,ECSP100100708,,Tarpaulin & Nets,39269099,18,,21839.4,27479.07,96
Ecopaulin 100X100 70GSM Black,ECSP100100703,,Tarpaulin & Nets,39269099,18,,19765.18,23088.19,91
Ecopaulin 100X100 70GSM Silver/Black,ECSP1001007036,,Tarpaulin & Nets,39269099,18,,18154.21,21928.77,66
Ecopaulin 100X100 70GSM Green,ECSP100100706,,Tarpaulin & Nets,39269099,18,,21334.79,24824.0,76
Ecopaulin 6X4 90GSM Blue,ECSP6490,,Tarpaulin & Nets,39269099,18,,62.2,75.0,79
Ecopaulin 6X4 90GSM Yellow,ECSP64900,,Tarpaulin & Nets,39269099,18,,62.29,78.06,64
Ecopaulin 6X4 90GSM Black,ECSP64908,,Tarpaulin & Nets,39269099,18,,67.48,86.36,4
Ecopaulin 6X4 90GSM Silver/Black,ECSP64902,,Tarpaulin & Nets,39269099,18,,62.56,72.84,68
Ecopaulin 6X4 90GSM Green,ECSP64909,,Tarpaulin & Nets,39269099,18,,63.43,78.41,81
Ecopaulin 8X6 90GSM Blue,ECSP8690,,Tarpaulin & Nets,39269099,18,,125.83,156.81,80
Ecopaulin 8X6 90GSM Yellow,ECSP86902,,Tarpaulin & Nets,39269099,18,,128.76,148.61,91
Ecopaulin 8X6 90GSM Black,ECSP86908,,Tarpaulin & Nets,39269099,18,,140.37,180.24,22
Ecopaulin 8X6 90GSM Silver/Black,ECSP86904,,Tarpaulin & Nets,39269099,18,,136.51,160.62,31
Ecopaulin 8X6 90GSM Green,ECSP86907,,Tarpaulin & Nets,39269099,18,,137.81,171.67,80
Ecopaulin 9X6 90GSM Blue,ECSP9690,,Tarpaulin & Nets,39269099,18,,164.84,212.52,24
Ecopaulin 9X6 90GSM Yellow,ECSP96903,,Tarpaulin & Nets,39269099,18,,158.53,198.0,72
Ecopaulin 9X6 90GSM Black,ECSP96908,,Tarpaulin & Nets,39269099,18,,161.21,203.73,2
Ecopaulin 9X6 90GSM Silver/Black,ECSP96909,,Tarpaulin & Nets,39269099,18,,145.77,184.83,74
Ecopaulin 9X6 90GSM Green,ECSP96902,,Tarpaulin & Nets,39269099,18,,160.21,195.64,23
Ecopaulin 12X9 90GSM Blue,ECSP12990,,Tarpaulin & Nets,39269099,18,,322.37,395.8,37
Ecopaulin 12X9 90GSM Yellow,ECSP129906,,Tarpaulin & Nets,39269099,18,,276.34,328.53,26
Ecopaulin 12X9 90GSM Black,ECSP129905,,Tarpaulin & Nets,39269099,18,,301.16,368.49,14
Ecopaulin 12X9 90GSM Silver/Black,ECSP1299068,,Tarpaulin & Nets,39269099,18,,288.49,340.9,2
Ecopaulin 12X9 90GSM Green,ECSP129908,,Tarpaulin & Nets,39269099,18,,272.43,338.31,40
Ecopaulin 12X10 90GSM Blue,ECSP121090,,Tarpaulin & Nets,39269099,18,,369.06,474.7,60
Ecopaulin 12X10 90GSM Yellow,ECSP1210908,,Tarpaulin & Nets,39269099,18,,321.77,406.91,64
Ecopaulin 12X10 90GSM Black,ECSP1210903,,Tarpaulin & Nets,39269099,18,,337.76,425.71,91
Ecopaulin 12X10 90GSM Silver/Black,ECSP1210901,,Tarpaulin & Nets,39269099,18,,336.01,407.15,96
Ecopaulin 12X10 90GSM Green,ECSP1210909,,Tarpaulin & Nets,39269099,18,,330.01,381.22,34
Ecopaulin 15X12 90GSM Blue,ECSP151290,,Tarpaulin & Nets,39269099,18,,487.62,607.61,69
Ecopaulin 15X12 90GSM Yellow,ECSP1512904,,Tarpaulin & Nets,39269099,18,,547.44,639.89,68
Ecopaulin 15X12 90GSM Black,ECSP1512901,,Tarpaulin & Nets,39269099,18,,521.04,600.81,54
Ecopaulin 15X12 90GSM Silver/Black,ECSP1512903,,Tarpaulin & Nets,39269099,18,,479.4,565.37,55
Ecopaulin 15X12 90GSM Green,ECSP1512908,,Tarpaulin & Nets,39269099,18,,554.19,677.83,98
Ecopaulin 18X12 90GSM Blue,ECSP181290,,Tarpaulin & Nets,39269099,18,,592.32,718.91,76
Ecopaulin 18X12 90GSM Yellow,ECSP1812907,,Tarpaulin & Nets,39269099,18,,593.24,708.0,7
Ecopaulin 18X12 90GSM Black,ECSP18129073,,Tarpaulin & Nets,39269099,18,,571.87,667.38,35
Ecopaulin 18X12 90GSM Silver/Black,ECSP1812900,,Tarpaulin & Nets,39269099,18,,589.75,722.59,29
Ecopaulin 18X12 90GSM Green,ECSP1812905,,Tarpaulin & Nets,39269099,18,,602.74,734.77,81
Ecopaulin 18X15 90GSM Blue,ECSP181590,,Tarpaulin & Nets,39269099,18,,714.21,895.02,30
Ecopaulin 18X15 90GSM Yellow,ECSP1815900,,Tarpaulin & Nets,39269099,18,,708.44,834.59,86
Ecopaulin 18X15 90GSM Black,ECSP1815901,,Tarpaulin & Nets,39269099,18,,740.97,895.45,84
Ecopaulin 18X15 90GSM Silver/Black,ECSP1815902,,Tarpaulin & Nets,39269099,18,,799.11,928.82,69
Ecopaulin 18X15 90GSM Green,ECSP18159020,,Tarpaulin & Nets,39269099,18,,799.01,1007.86,67
Ecopaulin 21X15 90GSM Blue,ECSP211590,,Tarpaulin & Nets,39269099,18,,887.14,1043.19,12
Ecopaulin 21X15 90GSM Yellow,ECSP2115909,,Tarpaulin & Nets,39269099,18,,952.68,1116.23,21
Ecopaulin 21X15 90GSM Black,ECSP2115903,,Tarpaulin & Nets,39269099,18,,928.7,1145.8,7
Ecopaulin 21X15 90GSM Silver/Black,ECSP2115902,,Tarpaulin & Nets,39269099,18,,864.17,1113.33,38
Ecopaulin 21X15 90GSM Green,ECSP2115901,,Tarpaulin & Nets,39269099,18,,966.49,1198.86,37
Ecopaulin 24X18 90GSM Blue,ECSP241890,,Tarpaulin & Nets,39269099,18,,1229.95,1499.26,11
Ecopaulin 24X18 90GSM Yellow,ECSP2418909,,Tarpaulin & Nets,39269099,18,,1186.19,1514.4,40
Ecopaulin 24X18 90GSM Black,ECSP2418900,,Tarpaulin & Nets,39269099,18,,1279.53,1610.55,70
Ecopaulin 24X18 90GSM Silver/Black,ECSP2418904,,Tarpaulin & Nets,39269099,18,,1267.96,1580.73,24
Ecopaulin 24X18 90GSM Green,ECSP2418908,,Tarpaulin & Nets,39269099,18,,1250.98,1612.89,80
Ecopaulin 30X20 90GSM Blue,ECSP302090,,Tarpaulin & Nets,39269099,18,,1674.11,2022.23,2
Ecopaulin 30X20 90GSM Yellow,ECSP3020901,,Tarpaulin & Nets,39269099,18,,1709.06,2148.21,91
Ecopaulin 30X20 90GSM Black,ECSP3020903,,Tarpaulin & Nets,39269099,18,,1747.27,2024.57,49
Ecopaulin 30X20 90GSM Silver/Black,ECSP3020902,,Tarpaulin & Nets,39269099,18,,1548.32,1874.32,39
Ecopaulin 30X20 90GSM Green,ECSP30209013,,Tarpaulin & Nets,39269099,18,,1716.04,2012.73,34
Ecopaulin 30X24 90GSM Blue,ECSP302490,,Tarpaulin & Nets,39269099,18,,1895.72,2385.94,10
Ecopaulin 30X24 90GSM Yellow,ECSP3024903,,Tarpaulin & Nets,39269099,18,,2196.46,2670.94,64
Ecopaulin 30X24 90GSM Black,ECSP3024901,,Tarpaulin & Nets,39269099,18,,1988.58,2419.98,35
Ecopaulin 30X24 90GSM Silver/Black,ECSP3024909,,Tarpaulin & Nets,39269099,18,,1908.24,2430.74,36
Ecopaulin 30X24 90GSM Green,ECSP3024906,,Tarpaulin & Nets,39269099,18,,2118.99,2563.67,22
Ecopaulin 36X24 90GSM Blue,ECSP362490,,Tarpaulin & Nets,39269099,18,,2502.16,3178.75,96
Ecopaulin 36X24 90GSM Yellow,ECSP3624906,,Tarpaulin & Nets,39269099,18,,2316.81,2798.33,26
Ecopaulin 36X24 90GSM Black,ECSP3624904,,Tarpaulin & Nets,39269099,18,,2438.63,2899.16,95
Ecopaulin 36X24 90GSM Silver/Black,ECSP3624903,,Tarpaulin & Nets,39269099,18,,2547.36,3179.54,91
Ecopaulin 36X24 90GSM Green,ECSP36249042,,Tarpaulin & Nets,39269099,18,,2324.43,2726.64,68
Ecopaulin 40X30 90GSM Blue,ECSP403090,,Tarpaulin & Nets,39269099,18,,3297.71,4182.89,37
Ecopaulin 40X30 90GSM Yellow,ECSP4030902,,Tarpaulin & Nets,39269099,18,,3188.53,3858.68,61
Ecopaulin 40X30 90GSM Black,ECSP4030901,,Tarpaulin & Nets,39269099,18,,3583.55,4282.88,19
Ecopaulin 40X30 90GSM Silver/Black,ECSP4030905,,Tarpaulin & Nets,39269099,18,,3532.41,4259.07,8
Ecopaulin 40X30 90GSM Green,ECSP40309022,,Tarpaulin & Nets,39269099,18,,3316.41,4021.98,20
Ecopaulin 40X40 90GSM Blue,ECSP404090,,Tarpaulin & Nets,39269099,18,,4892.36,5632.76,73
Ecopaulin 40X40 90GSM Yellow,ECSP4040909,,Tarpaulin & Nets,39269099,18,,4836.54,5997.58,41
Ecopaulin 40X40 90GSM Black,ECSP40409095,,Tarpaulin & Nets,39269099,18,,4111.05,4963.3,60
Ecopaulin 40X40 90GSM Silver/Black,ECSP4040905,,Tarpaulin & Nets,39269099,18,,4526.89,5761.46,4
Ecopaulin 40X40 90GSM Green,ECSP4040908,,Tarpaulin & Nets,39269099,18,,4581.41,5470.6,39
Ecopaulin 50X40 90GSM Blue,ECSP504090,,Tarpaulin & Nets,39269099,18,,5996.25,7205.96,93
Ecopaulin 50X40 90GSM Yellow,ECSP5040903,,Tarpaulin & Nets,39269099,18,,5271.46,6800.91,88
Ecopaulin 50X40 90GSM Black,ECSP5040907,,Tarpaulin & Nets,39269099,18,,5217.83,6098.67,27
Ecopaulin 50X40 90GSM Silver/Black,ECSP50409030,,Tarpaulin & Nets,39269099,18,,5951.12,7485.58,6
Ecopaulin 50X40 90GSM Green,ECSP5040909,,Tarpaulin & Nets,39269099,18,,5943.55,6969.83,61
Ecopaulin 60X40 90GSM Blue,ECSP604090,,Tarpaulin & Nets,39269099,18,,6347.84,7970.64,16
Ecopaulin 60X40 90GSM Yellow,ECSP6040900,,Tarpaulin & Nets,39269099,18,,7170.94,8570.54,11
Ecopaulin 60X40 90GSM Black,ECSP6040909,,Tarpaulin & Nets,39269099,18,,6087.46,7716.99,1
Ecopaulin 60X40 90GSM Silver/Black,ECSP60409004,,Tarpaulin & Nets,39269099,18,,7357.1,8749.58,24
Ecopaulin 60X40 90GSM Green,ECSP6040901,,Tarpaulin & Nets,39269099,18,,7056.58,8640.11,3
Ecopaulin 60X60 90GSM Blue,ECSP606090,,Tarpaulin & Nets,39269099,18,,10255.89,12917.45,100
Ecopaulin 60X60 90GSM Yellow,ECSP6060903,,Tarpaulin & Nets,39269099,18,,9396.36,12196.28,38
Ecopaulin 60X60 90GSM Black,ECSP6060900,,Tarpaulin & Nets,39269099,18,,9497.93,12319.94,90
Ecopaulin 60X60 90GSM Silver/Black,ECSP6060905,,Tarpaulin & Nets,39269099,18,,10986.15,13829.46,55
Ecopaulin 60X60 90GSM Green,ECSP6060901,,Tarpaulin & Nets,39269099,18,,10137.85,11742.25,30
Ecopaulin 80X60 90GSM Blue,ECSP806090,,Tarpaulin & Nets,39269099,18,,12215.7,14119.25,12
Ecopaulin 80X60 90GSM Yellow,ECSP8060900,,Tarpaulin & Nets,39269099,18,,12626.91,15978.82,94
Ecopaulin 80X60 90GSM Black,ECSP8060904,,Tarpaulin & Nets,39269099,18,,13353.76,15847.34,21
Ecopaulin 80X60 90GSM Silver/Black,ECSP80609042,,Tarpaulin & Nets,39269099,18,,13696.34,16296.48,66
Ecopaulin 80X60 90GSM Green,ECSP80609048,,Tarpaulin & Nets,39269099,18,,12348.13,15806.21,7
Ecopaulin 100X100 90GSM Blue,ECSP10010090,,Tarpaulin & Nets,39269099,18,,30111.87,38852.03,45
Ecopaulin 100X100 90GSM Yellow,ECSP100100903,,Tarpaulin & Nets,39269099,18,,27424.42,34772.9,6
Ecopaulin 100X100 90GSM Black,ECSP100100908,,Tarpaulin & Nets,39269099,18,,26306.55,30471.34,55
Ecopaulin 100X100 90GSM Silver/Black,ECSP100100902,,Tarpaulin & Nets,39269099,18,,29110.09,34684.92,50
Ecopaulin 100X100 90GSM Green,ECSP100100904,,Tarpaulin & Nets,39269099,18,,26792.74,33341.36,81
Ecopaulin 6X4 120GSM Blue,ECSP64120,,Tarpaulin & Nets,39269099,18,,77.15,89.4,57
Ecopaulin 6X4 120GSM Yellow,ECSP641204,,Tarpaulin & Nets,39269099,18,,82.88,97.67,100
Ecopaulin 6X4 120GSM Black,ECSP641208,,Tarpaulin & Nets,39269099,18,,85.98,103.04,58
Ecopaulin 6X4 120GSM Silver/Black,ECSP641201,,Tarpaulin & Nets,39269099,18,,81.08,102.5,10
Ecopaulin 6X4 120GSM Green,ECSP641200,,Tarpaulin & Nets,39269099,18,,85.22,109.37,2
Ecopaulin 8X6 120GSM Blue,ECSP86120,,Tarpaulin & Nets,39269099,18,,183.09,211.81,2
Ecopaulin 8X6 120GSM Yellow,ECSP861202,,Tarpaulin & Nets,39269099,18,,151.65,196.04,58
Ecopaulin 8X6 120GSM Black,ECSP861204,,Tarpaulin & Nets,39269099,18,,158.96,193.56,51
Ecopaulin 8X6 120GSM Silver/Black,ECSP861203,,Tarpaulin & Nets,39269099,18,,155.05,199.66,35
Ecopaulin 8X6 120GSM Green,ECSP861208,,Tarpaulin & Nets,39269099,18,,169.08,211.25,21
Ecopaulin 9X6 120GSM Blue,ECSP96120,,Tarpaulin & Nets,39269099,18,,200.08,259.72,21
Ecopaulin 9X6 120GSM Yellow,ECSP961200,,Tarpaulin & Nets,39269099,18,,202.31,239.62,86
Ecopaulin 9X6 120GSM Black,ECSP961208,,Tarpaulin & Nets,39269099,18,,182.98,210.52,44
Ecopaulin 9X6 120GSM Silver/Black,ECSP961204,,Tarpaulin & Nets,39269099,18,,179.36,209.72,44
Ecopaulin 9X6 120GSM Green,ECSP961205,,Tarpaulin & Nets,39269099,18,,189.77,231.56,45
Ecopaulin 12X9 120GSM Blue,ECSP129120,,Tarpaulin & Nets,39269099,18,,402.85,478.0,96
Ecopaulin 12X9 120GSM Yellow,ECSP1291209,,Tarpaulin & Nets,39269099,18,,400.08,480.52,7
Ecopaulin 12X9 120GSM Black,ECSP1291205,,Tarpaulin & Nets,39269099,18,,345.83,448.73,92
Ecopaulin 12X9 120GSM Silver/Black,ECSP1291204,,Tarpaulin & Nets,39269099,18,,404.28,501.96,53
Ecopaulin 12X9 120GSM Green,ECSP12912093,,Tarpaulin & Nets,39269099,18,,363.89,453.49,3
Ecopaulin 12X10 120GSM Blue,ECSP1210120,,Tarpaulin & Nets,39269099,18,,461.76,553.12,23
Ecopaulin 12X10 120GSM Yellow,ECSP12101203,,Tarpaulin & Nets,39269099,18,,381.48,455.95,71
Ecopaulin 12X10 120GSM Black,ECSP12101209,,Tarpaulin & Nets,39269099,18,,406.83,478.14,56
Ecopaulin 12X10 120GSM Silver/Black,ECSP121012035,,Tarpaulin & Nets,39269099,18,,419.46,531.79,90
Ecopaulin 12X10 120GSM Green,ECSP12101207,,Tarpaulin & Nets,39269099,18,,460.52,533.7,23
Ecopaulin 15X12 120GSM Blue,ECSP1512120,,Tarpaulin & Nets,39269099,18,,646.19,753.63,38
Ecopaulin 15X12 120GSM Yellow,ECSP15121202,,Tarpaulin & Nets,39269099,18,,668.08,865.11,63
Ecopaulin 15X12 120GSM Black,ECSP15121207,,Tarpaulin & Nets,39269099,18,,685.62,800.64,6
Ecopaulin 15X12 120GSM Silver/Black,ECSP151212077,,Tarpaulin & Nets,39269099,18,,645.06,831.11,65
Ecopaulin 15X12 120GSM Green,ECSP151212075,,Tarpaulin & Nets,39269099,18,,619.0,732.68,81
Ecopaulin 18X12 120GSM Blue,ECSP1812120,,Tarpaulin & Nets,39269099,18,,798.24,924.96,92
Ecopaulin 18X12 120GSM Yellow,ECSP18121208,,Tarpaulin & Nets,39269099,18,,770.63,886.8,95
Ecopaulin 18X12 120GSM Black,ECSP18121205,,Tarpaulin & Nets,39269099,18,,725.84,914.95,23
Ecopaulin 18X12 120GSM Silver/Black,ECSP181212081,,Tarpaulin & Nets,39269099,18,,769.03,922.24,70
Ecopaulin 18X12 120GSM Green,ECSP18121201,,Tarpaulin & Nets,39269099,18,,822.08,986.91,27
Ecopaulin 18X15 120GSM Blue,ECSP1815120,,Tarpaulin & Nets,39269099,18,,898.03,1081.73,85
Ecopaulin 18X15 120GSM Yellow,ECSP18151200,,Tarpaulin & Nets,39269099,18,,971.01,1200.73,58
Ecopaulin 18X15 120GSM Black,ECSP18151208,,Tarpaulin & Nets,39269099,18,,1026.57,1311.07,92
Ecopaulin 18X15 120GSM Silver/Black,ECSP18151203,,Tarpaulin & Nets,39269099,18,,876.91,1030.35,19
Ecopaulin 18X15 120GSM Green,ECSP181512039,,Tarpaulin & Nets,39269099,18,,899.83,1137.88,57
Ecopaulin 21X15 120GSM Blue,ECSP2115120,,Tarpaulin & Nets,39269099,18,,1012.51,1313.59,4
Ecopaulin 21X15 120GSM Yellow,ECSP21151204,,Tarpaulin & Nets,39269099,18,,1109.92,1284.14,54
Ecopaulin 21X15 120GSM Black,ECSP21151200,,Tarpaulin & Nets,39269099,18,,1043.95,1247.94,99
Ecopaulin 21X15 120GSM Silver/Black,ECSP21151203,,Tarpaulin & Nets,39269099,18,,1116.61,1293.15,87
Ecopaulin 21X15 120GSM Green,ECSP21151209,,Tarpaulin & Nets,39269099,18,,1167.9,1428.21,95
Ecopaulin 24X18 120GSM Blue,ECSP2418120,,Tarpaulin & Nets,39269099,18,,1508.56,1833.27,80
Ecopaulin 24X18 120GSM Yellow,ECSP24181207,,Tarpaulin & Nets,39269099,18,,1574.01,1992.61,12
Ecopaulin 24X18 120GSM Black,ECSP24181204,,Tarpaulin & Nets,39269099,18,,1513.33,1930.57,38
Ecopaulin 24X18 120GSM Silver/Black,ECSP24181208,,Tarpaulin & Nets,39269099,18,,1469.84,1692.61,83
Ecopaulin 24X18 120GSM Green,ECSP24181206,,Tarpaulin & Nets,39269099,18,,1434.77,1818.97,29
Ecopaulin 30X20 120GSM Blue,ECSP3020120,,Tarpaulin & Nets,39269099,18,,2031.15,2345.18,5
Ecopaulin 30X20 120GSM Yellow,ECSP30201202,,Tarpaulin & Nets,39269099,18,,2207.51,2726.77,47
Ecopaulin 30X20 120GSM Black,ECSP30201200,,Tarpaulin & Nets,39269099,18,,2003.52,2507.87,47
Ecopaulin 30X20 120GSM Silver/Black,ECSP302012001,,Tarpaulin & Nets,39269099,18,,1949.64,2261.62,6
Ecopaulin 30X20 120GSM Green,ECSP30201205,,Tarpaulin & Nets,39269099,18,,1944.43,2443.66,10
Ecopaulin 30X24 120GSM Blue,ECSP3024120,,Tarpaulin & Nets,39269099,18,,2517.19,3099.59,20
Ecopaulin 30X24 120GSM Yellow,ECSP30241208,,Tarpaulin & Nets,39269099,18,,2652.02,3107.87,45
Ecopaulin 30X24 120GSM Black,ECSP30241204,,Tarpaulin & Nets,39269099,18,,2634.48,3233.54,40
Ecopaulin 30X24 120GSM Silver/Black,ECSP302412045,,Tarpaulin & Nets,39269099,18,,2378.04,2864.29,43
Ecopaulin 30X24 120GSM Green,ECSP30241209,,Tarpaulin & Nets,39269099,18,,2282.22,2953.25,50
Ecopaulin 36X24 120GSM Blue,ECSP3624120,,Tarpaulin & Nets,39269099,18,,3076.31,3937.66,19
Ecopaulin 36X24 120GSM Yellow,ECSP36241204,,Tarpaulin & Nets,39269099,18,,2843.21,3466.53,50
Ecopaulin 36X24 120GSM Black,ECSP36241202,,Tarpaulin & Nets,39269099,18,,2836.98,3527.45,12
Ecopaulin 36X24 120GSM Silver/Black,ECSP36241209,,Tarpaulin & Nets,39269099,18,,2902.17,3464.73,23
Ecopaulin 36X24 120GSM Green,ECSP362412041,,Tarpaulin & Nets,39269099,18,,2904.67,3749.98,87
Ecopaulin 40X30 120GSM Blue,ECSP4030120,,Tarpaulin & Nets,39269099,18,,4281.97,5105.23,44
Ecopaulin 40X30 120GSM Yellow,ECSP40301209,,Tarpaulin & Nets,39269099,18,,3892.47,4855.9,72
Ecopaulin 40X30 120GSM Black,ECSP40301205,,Tarpaulin & Nets,39269099,18,,4451.32,5668.6,21
Ecopaulin 40X30 120GSM Silver/Black,ECSP40301201,,Tarpaulin & Nets,39269099,18,,4259.19,5346.63,41
Ecopaulin 40X30 120GSM Green,ECSP403012053,,Tarpaulin & Nets,39269099,18,,4549.26,5856.56,97
Ecopaulin 40X40 120GSM Blue,ECSP4040120,,Tarpaulin & Nets,39269099,18,,5857.76,7272.17,11
Ecopaulin 40X40 120GSM Yellow,ECSP40401204,,Tarpaulin & Nets,39269099,18,,5993.92,7292.74,76
Ecopaulin 40X40 120GSM Black,ECSP40401200,,Tarpaulin & Nets,39269099,18,,5866.79,7365.15,17
Ecopaulin 40X40 120GSM Silver/Black,ECSP40401203,,Tarpaulin & Nets,39269099,18,,5325.36,6818.96,35
Ecopaulin 40X40 120GSM Green,ECSP40401207,,Tarpaulin & Nets,39269099,18,,5976.01,7327.42,15
Ecopaulin 50X40 120GSM Blue,ECSP5040120,,Tarpaulin & Nets,39269099,18,,7205.37,8377.56,31
Ecopaulin 50X40 120GSM Yellow,ECSP50401200,,Tarpaulin & Nets,39269099,18,,7266.67,8493.35,94
Ecopaulin 50X40 120GSM Black,ECSP50401201,,Tarpaulin & Nets,39269099,18,,6979.3,8556.32,34
Ecopaulin 50X40 120GSM Silver/Black,ECSP50401207,,Tarpaulin & Nets,39269099,18,,6976.46,8285.44,40
Ecopaulin 50X40 120GSM Green,ECSP504012001,,Tarpaulin & Nets,39269099,18,,7539.05,8770.86,82
Ecopaulin 60X40 120GSM Blue,ECSP6040120,,Tarpaulin & Nets,39269099,18,,8223.53,10220.46,83
Ecopaulin 60X40 120GSM Yellow,ECSP60401202,,Tarpaulin & Nets,39269099,18,,8004.32,9676.32,75
Ecopaulin 60X40 120GSM Black,ECSP60401203,,Tarpaulin & Nets,39269099,18,,8092.16,9920.25,5
Ecopaulin 60X40 120GSM Silver/Black,ECSP60401200,,Tarpaulin & Nets,39269099,18,,8487.53,10294.44,25
Ecopaulin 60X40 120GSM Green,ECSP604012024,,Tarpaulin & Nets,39269099,18,,9182.27,10910.52,37
Ecopaulin 60X60 120GSM Blue,ECSP6060120,,Tarpaulin & Nets,39269099,18,,12709.99,14888.51,2
Ecopaulin 60X60 120GSM Yellow,ECSP60601204,,Tarpaulin & Nets,39269099,18,,13201.59,15270.3,53
Ecopaulin 60X60 120GSM Black,ECSP60601208,,Tarpaulin & Nets,39269099,18,,11671.49,14031.32,7
Ecopaulin 60X60 120GSM Silver/Black,ECSP606012085,,Tarpaulin & Nets,39269099,18,,12447.09,16070.81,61
Ecopaulin 60X60 120GSM Green,ECSP606012084,,Tarpaulin & Nets,39269099,18,,11478.74,14153.8,41
Ecopaulin 80X60 120GSM Blue,ECSP8060120,,Tarpaulin & Nets,39269099,18,,17044.56,20241.59,46
Ecopaulin 80X60 120GSM Yellow,ECSP80601207,,Tarpaulin & Nets,39269099,18,,18154.0,23110.5,93
Ecopaulin 80X60 120GSM Black,ECSP80601205,,Tarpaulin & Nets,39269099,18,,17359.77,20368.1,81
Ecopaulin 80X60 120GSM Silver/Black,ECSP806012054,,Tarpaulin & Nets,39269099,18,,15205.45,19760.4,67
Ecopaulin 80X60 120GSM Green,ECSP80601206,,Tarpaulin & Nets,39269099,18,,15550.26,19587.07,77
Ecopaulin 100X100 120GSM Blue,ECSP100100120,,Tarpaulin & Nets,39269099,18,,32180.77,38906.84,10
Ecopaulin 100X100 120GSM Yellow,ECSP1001001202,,Tarpaulin & Nets,39269099,18,,36865.37,47054.08,42
Ecopaulin 100X100 120GSM Black,ECSP1001001206,,Tarpaulin & Nets,39269099,18,,35269.45,41021.77,74
Ecopaulin 100X100 120GSM Silver/Black,ECSP1001001205,,Tarpaulin & Nets,39269099,18,,34671.45,42972.51,80
Ecopaulin 100X100 120GSM Green,ECSP1001001204,,Tarpaulin & Nets,39269099,18,,34511.26,42329.3,6
Ecopaulin 6X4 150GSM Blue,ECSP64150,,Tarpaulin & Nets,39269099,18,,97.26,122.86,21
Ecopaulin 6X4 150GSM Yellow,ECSP641504,,Tarpaulin & Nets,39269099,18,,99.63,126.95,86
Ecopaulin 6X4 150GSM Black,ECSP6415040,,Tarpaulin & Nets,39269099,18,,104.84,133.35,96
Ecopaulin 6X4 150GSM Silver/Black,ECSP641507,,Tarpaulin & Nets,39269099,18,,118.02,141.94,45
Ecopaulin 6X4 150GSM Green,ECSP641503,,Tarpaulin & Nets,39269099,18,,100.41,118.05,0
Ecopaulin 8X6 150GSM Blue,ECSP86150,,Tarpaulin & Nets,39269099,18,,234.68,290.45,54
Ecopaulin 8X6 150GSM Yellow,ECSP861500,,Tarpaulin & Nets,39269099,18,,215.89,268.23,10
Ecopaulin 8X6 150GSM Black,ECSP861501,,Tarpaulin & Nets,39269099,18,,230.76,275.8,66
Ecopaulin 8X6 150GSM Silver/Black,ECSP8615008,,Tarpaulin & Nets,39269099,18,,227.37,264.11,5
Ecopaulin 8X6 150GSM Green,ECSP861508,,Tarpaulin & Nets,39269099,18,,197.61,232.95,16
Ecopaulin 9X6 150GSM Blue,ECSP96150,,Tarpaulin & Nets,39269099,18,,239.11,284.91,62
Ecopaulin 9X6 150GSM Yellow,ECSP961503,,Tarpaulin & Nets,39269099,18,,250.31,303.94,17
Ecopaulin 9X6 150GSM Black,ECSP961502,,Tarpaulin & Nets,39269099,18,,265.64,321.25,56
Ecopaulin 9X6 150GSM Silver/Black,ECSP961501,,Tarpaulin & Nets,39269099,18,,232.58,275.77,49
Ecopaulin 9X6 150GSM Green,ECSP961500,,Tarpaulin & Nets,39269099,18,,225.78,284.39,39
Ecopaulin 12X9 150GSM Blue,ECSP129150,,Tarpaulin & Nets,39269099,18,,475.37,588.04,92
Ecopaulin 12X9 150GSM Yellow,ECSP1291506,,Tarpaulin & Nets,39269099,18,,474.5,603.5,96
Ecopaulin 12X9 150GSM Black,ECSP1291503,,Tarpaulin & Nets,39269099,18,,464.53,590.21,14
Ecopaulin 12X9 150GSM Silver/Black,ECSP12915032,,Tarpaulin & Nets,39269099,18,,445.85,554.05,4
Ecopaulin 12X9 150GSM Green,ECSP1291507,,Tarpaulin & Nets,39269099,18,,519.44,638.95,83
Ecopaulin 12X10 150GSM Blue,ECSP1210150,,Tarpaulin & Nets,39269099,18,,579.42,752.76,5
Ecopaulin 12X10 150GSM Yellow,ECSP12101507,,Tarpaulin & Nets,39269099,18,,586.0,741.12,21
Ecopaulin 12X10 150GSM Black,ECSP12101504,,Tarpaulin & Nets,39269099,18,,541.14,680.35,74
Ecopaulin 12X10 150GSM Silver/Black,ECSP121015073,,Tarpaulin & Nets,39269099,18,,529.6,675.94,75
Ecopaulin 12X10 150GSM Green,ECSP1210150731,,Tarpaulin & Nets,39269099,18,,489.41,563.42,4
Ecopaulin 15X12 150GSM Blue,ECSP1512150,,Tarpaulin & Nets,39269099,18,,819.99,1012.8,10
Ecopaulin 15X12 150GSM Yellow,ECSP15121502,,Tarpaulin & Nets,39269099,18,,836.02,1032.61,92
Ecopaulin 15X12 150GSM Black,ECSP15121505,,Tarpaulin & Nets,39269099,18,,785.84,957.1,88
Ecopaulin 15X12 150GSM Silver/Black,ECSP15121504,,Tarpaulin & Nets,39269099,18,,831.8,969.55,70
Ecopaulin 15X12 150GSM Green,ECSP151215024,,Tarpaulin & Nets,39269099,18,,765.61,910.32,29
Ecopaulin 18X12 150GSM Blue,ECSP1812150,,Tarpaulin & Nets,39269099,18,,883.69,1111.46,66
Ecopaulin 18X12 150GSM Yellow,ECSP18121508,,Tarpaulin & Nets,39269099,18,,933.4,1119.91,29
Ecopaulin 18X12 150GSM Black,ECSP18121502,,Tarpaulin & Nets,39269099,18,,936.07,1085.19,11
Ecopaulin 18X12 150GSM Silver/Black,ECSP18121507,,Tarpaulin & Nets,39269099,18,,922.08,1077.3,99
Ecopaulin 18X12 150GSM Green,ECSP18121509,,Tarpaulin & Nets,39269099,18,,977.56,1220.09,86
Ecopaulin 18X15 150GSM Blue,ECSP1815150,,Tarpaulin & Nets,39269099,18,,1121.81,1366.18,100
Ecopaulin 18X15 150GSM Yellow,ECSP18151502,,Tarpaulin & Nets,39269099,18,,1093.84,1290.11,72
Ecopaulin 18X15 150GSM Black,ECSP18151507,,Tarpaulin & Nets,39269099,18,,1236.61,1485.38,36
Ecopaulin 18X15 150GSM Silver/Black,ECSP18151508,,Tarpaulin & Nets,39269099,18,,1173.78,1457.03,3
Ecopaulin 18X15 150GSM Green,ECSP18151501,,Tarpaulin & Nets,39269099,18,,1164.07,1376.04,15
Ecopaulin 21X15 150GSM Blue,ECSP2115150,,Tarpaulin & Nets,39269099,18,,1412.32,1690.16,77
Ecopaulin 21X15 150GSM Yellow,ECSP21151501,,Tarpaulin & Nets,39269099,18,,1496.66,1754.22,30
Ecopaulin 21X15 150GSM Black,ECSP21151504,,Tarpaulin & Nets,39269099,18,,1307.57,1511.41,29
Ecopaulin 21X15 150GSM Silver/Black,ECSP21151502,,Tarpaulin & Nets,39269099,18,,1537.98,1854.62,56
Ecopaulin 21X15 150GSM Green,ECSP211515049,,Tarpaulin & Nets,39269099,18,,1306.19,1543.37,61
Ecopaulin 24X18 150GSM Blue,ECSP2418150,,Tarpaulin & Nets,39269099,18,,2105.17,2673.77,65
Ecopaulin 24X18 150GSM Yellow,ECSP24181503,,Tarpaulin & Nets,39269099,18,,1891.96,2215.92,2
Ecopaulin 24X18 150GSM Black,ECSP24181500,,Tarpaulin & Nets,39269099,18,,1992.82,2359.35,88
Ecopaulin 24X18 150GSM Silver/Black,ECSP24181506,,Tarpaulin & Nets,39269099,18,,1938.2,2397.47,64
Ecopaulin 24X18 150GSM Green,ECSP24181507,,Tarpaulin & Nets,39269099,18,,2048.3,2662.65,66
Ecopaulin 30X20 150GSM Blue,ECSP3020150,,Tarpaulin & Nets,39269099,18,,2954.87,3570.31,64
Ecopaulin 30X20 150GSM Yellow,ECSP30201501,,Tarpaulin & Nets,39269099,18,,2817.85,3563.76,28
Ecopaulin 30X20 150GSM Black,ECSP302015010,,Tarpaulin & Nets,39269099,18,,2702.46,3157.41,86
Ecopaulin 30X20 150GSM Silver/Black,ECSP30201504,,Tarpaulin & Nets,39269099,18,,2720.1,3174.39,63
Ecopaulin 30X20 150GSM Green,ECSP30201502,,Tarpaulin & Nets,39269099,18,,2792.2,3269.01,12
Ecopaulin 30X24 150GSM Blue,ECSP3024150,,Tarpaulin & Nets,39269099,18,,3061.28,3638.69,18
Ecopaulin 30X24 150GSM Yellow,ECSP30241509,,Tarpaulin & Nets,39269099,18,,3293.92,4066.0,100
Ecopaulin 30X24 150GSM Black,ECSP30241504,,Tarpaulin & Nets,39269099,18,,2950.42,3584.99,44
Ecopaulin 30X24 150GSM Silver/Black,ECSP30241507,,Tarpaulin & Nets,39269099,18,,3074.26,3640.24,32
Ecopaulin 30X24 150GSM Green,ECSP30241501,,Tarpaulin & Nets,39269099,18,,3290.42,3787.15,19
Ecopaulin 36X24 150GSM Blue,ECSP3624150,,Tarpaulin & Nets,39269099,18,,3543.25,4093.94,20
Ecopaulin 36X24 150GSM Yellow,ECSP36241503,,Tarpaulin & Nets,39269099,18,,3889.05,5009.5,3
Ecopaulin 36X24 150GSM Black,ECSP36241501,,Tarpaulin & Nets,39269099,18,,3820.27,4824.74,1
Ecopaulin 36X24 150GSM Silver/Black,ECSP36241505,,Tarpaulin & Nets,39269099,18,,4097.91,4830.17,47
Ecopaulin 36X24 150GSM Green,ECSP36241507,,Tarpaulin & Nets,39269099,18,,3871.28,4959.91,84
Ecopaulin 40X30 150GSM Blue,ECSP4030150,,Tarpaulin & Nets,39269099,18,,4920.83,6161.85,10
Ecopaulin 40X30 150GSM Yellow,ECSP40301508,,Tarpaulin & Nets,39269099,18,,4899.91,5848.14,57
Ecopaulin 40X30 150GSM Black,ECSP40301506,,Tarpaulin & Nets,39269099,18,,5788.54,6809.15,93
Ecopaulin 40X30 150GSM Silver/Black,ECSP40301503,,Tarpaulin & Nets,39269099,18,,5521.46,6571.77,98
Ecopaulin 40X30 150GSM Green,ECSP40301502,,Tarpaulin & Nets,39269099,18,,5255.71,6560.3,29
Ecopaulin 40X40 150GSM Blue,ECSP4040150,,Tarpaulin & Nets,39269099,18,,6943.92,8320.32,25
Ecopaulin 40X40 150GSM Yellow,ECSP40401509,,Tarpaulin & Nets,39269099,18,,7876.23,9392.2,37
Ecopaulin 40X40 150GSM Black,ECSP40401500,,Tarpaulin & Nets,39269099,18,,7868.21,9784.67,15
Ecopaulin 40X40 150GSM Silver/Black,ECSP40401501,,Tarpaulin & Nets,39269099,18,,6588.05,8528.2,96
Ecopaulin 40X40 150GSM Green,ECSP40401502,,Tarpaulin & Nets,39269099,18,,7422.04,9496.42,29
Ecopaulin 50X40 150GSM Blue,ECSP5040150,,Tarpaulin & Nets,39269099,18,,9114.25,11383.19,6
Ecopaulin 50X40 150GSM Yellow,ECSP50401508,,Tarpaulin & Nets,39269099,18,,9747.08,11534.12,83
Ecopaulin 50X40 150GSM Black,ECSP50401503,,Tarpaulin & Nets,39269099,18,,9851.01,12145.4,31
Ecopaulin 50X40 150GSM Silver/Black,ECSP50401507,,Tarpaulin & Nets,39269099,18,,9756.13,11303.6,35
Ecopaulin 50X40 150GSM Green,ECSP50401509,,Tarpaulin & Nets,39269099,18,,8490.29,10749.73,73
Ecopaulin 60X40 150GSM Blue,ECSP6040150,,Tarpaulin & Nets,39269099,18,,11742.32,14067.2,28
Ecopaulin 60X40 150GSM Yellow,ECSP60401506,,Tarpaulin & Nets,39269099,18,,10954.35,13530.11,56
Ecopaulin 60X40 150GSM Black,ECSP60401502,,Tarpaulin & Nets,39269099,18,,10653.48,12982.93,34
Ecopaulin 60X40 150GSM Silver/Black,ECSP60401503,,Tarpaulin & Nets,39269099,18,,10668.41,12306.52,52
Ecopaulin 60X40 150GSM Green,ECSP604015038,,Tarpaulin & Nets,39269099,18,,10224.3,12823.46,4
Ecopaulin 60X60 150GSM Blue,ECSP6060150,,Tarpaulin & Nets,39269099,18,,14927.01,19097.89,96
Ecopaulin 60X60 150GSM Yellow,ECSP60601503,,Tarpaulin & Nets,39269099,18,,15302.02,17608.1,65
Ecopaulin 60X60 150GSM Black,ECSP60601508,,Tarpaulin & Nets,39269099,18,,15911.23,19070.71,26
Ecopaulin 60X60 150GSM Silver/Black,ECSP606015089,,Tarpaulin & Nets,39269099,18,,15710.4,18778.55,8
Ecopaulin 60X60 150GSM Green,ECSP60601502,,Tarpaulin & Nets,39269099,18,,16790.97,21531.98,74
Ecopaulin 80X60 150GSM Blue,ECSP8060150,,Tarpaulin & Nets,39269099,18,,20293.15,23578.02,33
Ecopaulin 80X60 150GSM Yellow,ECSP80601501,,Tarpaulin & Nets,39269099,18,,22673.01,28240.62,13
Ecopaulin 80X60 150GSM Black,ECSP80601508,,Tarpaulin & Nets,39269099,18,,19526.7,22724.08,76
Ecopaulin 80X60 150GSM Silver/Black,ECSP80601506,,Tarpaulin & Nets,39269099,18,,21521.31,26664.03,22
Ecopaulin 80X60 150GSM Green,ECSP806015069,,Tarpaulin & Nets,39269099,18,,19716.85,24282.14,26
Ecopaulin 100X100 150GSM Blue,ECSP100100150,,Tarpaulin & Nets,39269099,18,,42554.67,52687.6,5
Ecopaulin 100X100 150GSM Yellow,ECSP1001001509,,Tarpaulin & Nets,39269099,18,,49323.44,62743.09,86
Ecopaulin 100X100 150GSM Black,ECSP1001001500,,Tarpaulin & Nets,39269099,18,,47302.01,60918.67,88
Ecopaulin 100X100 150GSM Silver/Black,ECSP1001001505,,Tarpaulin & Nets,39269099,18,,43365.0,52559.08,94
Ecopaulin 100X100 150GSM Green,ECSP1001001503,,Tarpaulin & Nets,39269099,18,,42921.11,54108.45,80
Ecopaulin 6X4 200GSM Blue,ECSP64200,,Tarpaulin & Nets,39269099,18,,137.83,174.56,29
Ecopaulin 6X4 200GSM Yellow,ECSP642006,,Tarpaulin & Nets,39269099,18,,149.58,181.51,44
Ecopaulin 6X4 200GSM Black,ECSP642002,,Tarpaulin & Nets,39269099,18,,151.76,182.82,79
Ecopaulin 6X4 200GSM Silver/Black,ECSP642005,,Tarpaulin & Nets,39269099,18,,141.08,179.33,55
Ecopaulin 6X4 200GSM Green,ECSP642009,,Tarpaulin & Nets,39269099,18,,141.6,171.78,42
Ecopaulin 8X6 200GSM Blue,ECSP86200,,Tarpaulin & Nets,39269099,18,,278.09,352.69,26
Ecopaulin 8X6 200GSM Yellow,ECSP862005,,Tarpaulin & Nets,39269099,18,,310.47,392.77,29
Ecopaulin 8X6 200GSM Black,ECSP862003,,Tarpaulin & Nets,39269099,18,,282.79,330.16,54
Ecopaulin 8X6 200GSM Silver/Black,ECSP862006,,Tarpaulin & Nets,39269099,18,,263.41,336.15,32
Ecopaulin 8X6 200GSM Green,ECSP862001,,Tarpaulin & Nets,39269099,18,,307.97,377.22,51
Ecopaulin 9X6 200GSM Blue,ECSP96200,,Tarpaulin & Nets,39269099,18,,323.25,394.25,52
Ecopaulin 9X6 200GSM Yellow,ECSP962001,,Tarpaulin & Nets,39269099,18,,353.01,428.8,60
Ecopaulin 9X6 200GSM Black,ECSP962009,,Tarpaulin & Nets,39269099,18,,316.76,388.69,50
Ecopaulin 9X6 200GSM Silver/Black,ECSP962008,,Tarpaulin & Nets,39269099,18,,340.85,420.4,41
Ecopaulin 9X6 200GSM Green,ECSP962004,,Tarpaulin & Nets,39269099,18,,343.95,424.46,59
Ecopaulin 12X9 200GSM Blue,ECSP129200,,Tarpaulin & Nets,39269099,18,,634.09,743.08,56
Ecopaulin 12X9 200GSM Yellow,ECSP1292008,,Tarpaulin & Nets,39269099,18,,695.04,832.42,94
Ecopaulin 12X9 200GSM Black,ECSP1292005,,Tarpaulin & Nets,39269099,18,,591.56,712.05,48
Ecopaulin 12X9 200GSM Silver/Black,ECSP12920057,,Tarpaulin & Nets,39269099,18,,614.44,714.09,18
Ecopaulin 12X9 200GSM Green,ECSP1292000,,Tarpaulin & Nets,39269099,18,,608.62,742.2,18
Ecopaulin 12X10 200GSM Blue,ECSP1210200,,Tarpaulin & Nets,39269099,18,,687.86,819.53,3
Ecopaulin 12X10 200GSM Yellow,ECSP12102001,,Tarpaulin & Nets,39269099,18,,741.59,879.93,11
Ecopaulin 12X10 200GSM Black,ECSP12102003,,Tarpaulin & Nets,39269099,18,,777.19,968.01,36
Ecopaulin 12X10 200GSM Silver/Black,ECSP12102000,,Tarpaulin & Nets,39269099,18,,720.67,866.26,6
Ecopaulin 12X10 200GSM Green,ECSP12102008,,Tarpaulin & Nets,39269099,18,,695.09,878.46,47
Ecopaulin 15X12 200GSM Blue,ECSP1512200,,Tarpaulin & Nets,39269099,18,,1040.3,1307.76,94
Ecopaulin 15X12 200GSM Yellow,ECSP15122002,,Tarpaulin & Nets,39269099,18,,1110.63,1352.9,48
Ecopaulin 15X12 200GSM Black,ECSP15122000,,Tarpaulin & Nets,39269099,18,,1162.09,1506.43,46
Ecopaulin 15X12 200GSM Silver/Black,ECSP15122005,,Tarpaulin & Nets,39269099,18,,1090.29,1345.4,67
Ecopaulin 15X12 200GSM Green,ECSP15122009,,Tarpaulin & Nets,39269099,18,,1028.61,1278.79,38
Ecopaulin 18X12 200GSM Blue,ECSP1812200,,Tarpaulin & Nets,39269099,18,,1280.96,1542.08,96
Ecopaulin 18X12 200GSM Yellow,ECSP18122007,,Tarpaulin & Nets,39269099,18,,1196.94,1481.11,99
Ecopaulin 18X12 200GSM Black,ECSP18122008,,Tarpaulin & Nets,39269099,18,,1408.5,1680.62,35
Ecopaulin 18X12 200GSM Silver/Black,ECSP18122002,,Tarpaulin & Nets,39269099,18,,1388.33,1797.77,50
Ecopaulin 18X12 200GSM Green,ECSP18122009,,Tarpaulin & Nets,39269099,18,,1415.37,1690.69,7
Ecopaulin 18X15 200GSM Blue,ECSP1815200,,Tarpaulin & Nets,39269099,18,,1481.11,1895.14,96
Ecopaulin 18X15 200GSM Yellow,ECSP18152009,,Tarpaulin & Nets,39269099,18,,1699.97,2036.15,54
Ecopaulin 18X15 200GSM Black,ECSP18152006,,Tarpaulin & Nets,39269099,18,,1464.4,1840.85,21
Ecopaulin 18X15 200GSM Silver/Black,ECSP18152003,,Tarpaulin & Nets,39269099,18,,1722.25,1983.53,40
Ecopaulin 18X15 200GSM Green,ECSP181520062,,Tarpaulin & Nets,39269099,18,,1630.71,2118.8,30
Ecopaulin 21X15 200GSM Blue,ECSP2115200,,Tarpaulin & Nets,39269099,18,,1988.57,2344.03,14
Ecopaulin 21X15 200GSM Yellow,ECSP21152009,,Tarpaulin & Nets,39269099,18,,1905.24,2468.27,39
Ecopaulin 21X15 200GSM Black,ECSP21152000,,Tarpaulin & Nets,39269099,18,,1825.19,2104.2,77
Ecopaulin 21X15 200GSM Silver/Black,ECSP21152004,,Tarpaulin & Nets,39269099,18,,1797.95,2103.94,4
Ecopaulin 21X15 200GSM Green,ECSP21152007,,Tarpaulin & Nets,39269099,18,,1849.63,2147.3,19
Ecopaulin 24X18 200GSM Blue,ECSP2418200,,Tarpaulin & Nets,39269099,18,,2632.57,3183.51,34
Ecopaulin 24X18 200GSM Yellow,ECSP24182002,,Tarpaulin & Nets,39269099,18,,2790.85,3270.28,32
Ecopaulin 24X18 200GSM Black,ECSP24182008,,Tarpaulin & Nets,39269099,18,,2375.1,2932.93,76
Ecopaulin 24X18 200GSM Silver/Black,ECSP241820022,,Tarpaulin & Nets,39269099,18,,2693.35,3490.25,65
Ecopaulin 24X18 200GSM Green,ECSP24182007,,Tarpaulin & Nets,39269099,18,,2344.56,2788.65,16
Ecopaulin 30X20 200GSM Blue,ECSP3020200,,Tarpaulin & Nets,39269099,18,,3413.1,4206.49,18
Ecopaulin 30X20 200GSM Yellow,ECSP30202007,,Tarpaulin & Nets,39269099,18,,3890.65,4861.0,7
Ecopaulin 30X20 200GSM Black,ECSP30202004,,Tarpaulin & Nets,39269099,18,,3437.21,4077.77,100
Ecopaulin 30X20 200GSM Silver/Black,ECSP302020070,,Tarpaulin & Nets,39269099,18,,3657.82,4717.68,82
Ecopaulin 30X20 200GSM Green,ECSP30202006,,Tarpaulin & Nets,39269099,18,,3548.48,4370.14,16
Ecopaulin 30X24 200GSM Blue,ECSP3024200,,Tarpaulin & Nets,39269099,18,,4032.31,5009.99,96
Ecopaulin 30X24 200GSM Yellow,ECSP30242003,,Tarpaulin & Nets,39269099,18,,4336.19,5242.07,49
Ecopaulin 30X24 200GSM Black,ECSP30242008,,Tarpaulin & Nets,39269099,18,,4643.6,5983.3,31
Ecopaulin 30X24 200GSM Silver/Black,ECSP302420038,,Tarpaulin & Nets,39269099,18,,4394.0,5530.27,96
Ecopaulin 30X24 200GSM Green,ECSP30242000,,Tarpaulin & Nets,39269099,18,,4092.81,5279.16,98
Ecopaulin 36X24 200GSM Blue,ECSP3624200,,Tarpaulin & Nets,39269099,18,,5634.83,6849.54,18
Ecopaulin 36X24 200GSM Yellow,ECSP36242008,,Tarpaulin & Nets,39269099,18,,5048.93,5883.35,61
Ecopaulin 36X24 200GSM Black,ECSP36242001,,Tarpaulin & Nets,39269099,18,,5043.68,6388.8,26
Ecopaulin 36X24 200GSM Silver/Black,ECSP36242005,,Tarpaulin & Nets,39269099,18,,5181.27,6432.98,29
Ecopaulin 36X24 200GSM Green,ECSP36242002,,Tarpaulin & Nets,39269099,18,,5060.8,6041.9,100
Ecopaulin 40X30 200GSM Blue,ECSP4030200,,Tarpaulin & Nets,39269099,18,,7085.59,8383.66,89
Ecopaulin 40X30 200GSM Yellow,ECSP40302009,,Tarpaulin & Nets,39269099,18,,6908.69,8807.77,54
Ecopaulin 40X30 200GSM Black,ECSP403020099,,Tarpaulin & Nets,39269099,18,,6968.24,8361.13,93
Ecopaulin 40X30 200GSM Silver/Black,ECSP40302000,,Tarpaulin & Nets,39269099,18,,7453.2,9654.9,43
Ecopaulin 40X30 200GSM Green,ECSP40302002,,Tarpaulin & Nets,39269099,18,,7373.32,9234.98,2
Ecopaulin 40X40 200GSM Blue,ECSP4040200,,Tarpaulin & Nets,39269099,18,,10397.81,13181.52,33
Ecopaulin 40X40 200GSM Yellow,ECSP40402005,,Tarpaulin & Nets,39269099,18,,9827.7,12233.38,93
Ecopaulin 40X40 200GSM Black,ECSP40402000,,Tarpaulin & Nets,39269099,18,,10184.8,13122.47,57
Ecopaulin 40X40 200GSM Silver/Black,ECSP40402004,,Tarpaulin & Nets,39269099,18,,9689.07,12201.13,11
Ecopaulin 40X40 200GSM Green,ECSP40402009,,Tarpaulin & Nets,39269099,18,,9188.24,10801.1,93
Ecopaulin 50X40 200GSM Blue,ECSP5040200,,Tarpaulin & Nets,39269099,18,,12198.24,15853.0,45
Ecopaulin 50X40 200GSM Yellow,ECSP50402006,,Tarpaulin & Nets,39269099,18,,12458.3,15112.97,70
Ecopaulin 50X40 200GSM Black,ECSP50402007,,Tarpaulin & Nets,39269099,18,,13102.45,16743.84,92
Ecopaulin 50X40 200GSM Silver/Black,ECSP50402003,,Tarpaulin & Nets,39269099,18,,11267.07,13320.05,24
Ecopaulin 50X40 200GSM Green,ECSP504020073,,Tarpaulin & Nets,39269099,18,,11296.99,14439.94,90
Ecopaulin 60X40 200GSM Blue,ECSP6040200,,Tarpaulin & Nets,39269099,18,,15038.44,17759.48,1
Ecopaulin 60X40 200GSM Yellow,ECSP60402001,,Tarpaulin & Nets,39269099,18,,14444.0,17755.24,77
Ecopaulin 60X40 200GSM Black,ECSP60402009,,Tarpaulin & Nets,39269099,18,,14311.66,17943.0,26
Ecopaulin 60X40 200GSM Silver/Black,ECSP60402006,,Tarpaulin & Nets,39269099,18,,13434.73,16812.29,47
Ecopaulin 60X40 200GSM Green,ECSP60402003,,Tarpaulin & Nets,39269099,18,,13097.14,15107.08,84
Ecopaulin 60X60 200GSM Blue,ECSP6060200,,Tarpaulin & Nets,39269099,18,,23210.9,29726.26,19
Ecopaulin 60X60 200GSM Yellow,ECSP60602005,,Tarpaulin & Nets,39269099,18,,21267.79,25530.23,61
Ecopaulin 60X60 200GSM Black,ECSP60602001,,Tarpaulin & Nets,39269099,18,,20256.48,24544.91,59
Ecopaulin 60X60 200GSM Silver/Black,ECSP60602006,,Tarpaulin & Nets,39269099,18,,23072.9,28584.41,44
Ecopaulin 60X60 200GSM Green,ECSP60602003,,Tarpaulin & Nets,39269099,18,,20999.77,24322.75,15
Ecopaulin 80X60 200GSM Blue,ECSP8060200,,Tarpaulin & Nets,39269099,18,,29424.61,36199.94,91
Ecopaulin 80X60 200GSM Yellow,ECSP80602002,,Tarpaulin & Nets,39269099,18,,29304.72,34216.67,21
Ecopaulin 80X60 200GSM Black,ECSP806020022,,Tarpaulin & Nets,39269099,18,,28160.76,35577.99,51
Ecopaulin 80X60 200GSM Silver/Black,ECSP80602000,,Tarpaulin & Nets,39269099,18,,26484.87,34125.18,15
Ecopaulin 80X60 200GSM Green,ECSP80602003,,Tarpaulin & Nets,39269099,18,,31293.93,39896.92,71
Ecopaulin 100X100 200GSM Blue,ECSP100100200,,Tarpaulin & Nets,39269099,18,,64981.95,82088.83,26
Ecopaulin 100X100 200GSM Yellow,ECSP1001002000,,Tarpaulin & Nets,39269099,18,,62358.6,73456.37,72
Ecopaulin 100X100 200GSM Black,ECSP10010020008,,Tarpaulin & Nets,39269099,18,,56089.63,72073.15,33
Ecopaulin 100X100 200GSM Silver/Black,ECSP1001002002,,Tarpaulin & Nets,39269099,18,,57092.73,73677.13,40
Ecopaulin 100X100 200GSM Green,ECSP1001002008,,Tarpaulin & Nets,39269099,18,,62005.46,78250.47,25
Ecopaulin 6X4 250GSM Blue,ECSP64250,,Tarpaulin & Nets,39269099,18,,184.56,212.76,58
Ecopaulin 6X4 250GSM Yellow,ECSP642500,,Tarpaulin & Nets,39269099,18,,182.7,231.83,60
Ecopaulin 6X4 250GSM Black,ECSP642507,,Tarpaulin & Nets,39269099,18,,166.46,205.99,93
Ecopaulin 6X4 250GSM Silver/Black,ECSP6425074,,Tarpaulin & Nets,39269099,18,,175.64,213.79,87
Ecopaulin 6X4 250GSM Green,ECSP642504,,Tarpaulin & Nets,39269099,18,,173.19,206.35,77
Ecopaulin 8X6 250GSM Blue,ECSP86250,,Tarpaulin & Nets,39269099,18,,352.31,455.21,7
Ecopaulin 8X6 250GSM Yellow,ECSP862504,,Tarpaulin & Nets,39269099,18,,366.49,437.61,23
Ecopaulin 8X6 250GSM Black,ECSP862500,,Tarpaulin & Nets,39269099,18,,366.51,455.15,47
Ecopaulin 8X6 250GSM Silver/Black,ECSP862509,,Tarpaulin & Nets,39269099,18,,356.26,442.79,52
Ecopaulin 8X6 250GSM Green,ECSP8625092,,Tarpaulin & Nets,39269099,18,,342.03,419.63,21
Ecopaulin 9X6 250GSM Blue,ECSP96250,,Tarpaulin & Nets,39269099,18,,430.81,547.02,31
Ecopaulin 9X6 250GSM Yellow,ECSP962501,,Tarpaulin & Nets,39269099,18,,441.79,529.48,34
Ecopaulin 9X6 250GSM Black,ECSP9625011,,Tarpaulin & Nets,39269099,18,,423.98,491.76,28
Ecopaulin 9X6 250GSM Silver/Black,ECSP962502,,Tarpaulin & Nets,39269099,18,,411.8,521.41,34
Ecopaulin 9X6 250GSM Green,ECSP962509,,Tarpaulin & Nets,39269099,18,,399.6,512.13,12
Ecopaulin 12X9 250GSM Blue,ECSP129250,,Tarpaulin & Nets,39269099,18,,792.06,976.11,87
Ecopaulin 12X9 250GSM Yellow,ECSP1292509,,Tarpaulin & Nets,39269099,18,,787.07,997.54,95
Ecopaulin 12X9 250GSM Black,ECSP1292504,,Tarpaulin & Nets,39269099,18,,812.68,989.27,10
Ecopaulin 12X9 250GSM Silver/Black,ECSP1292503,,Tarpaulin & Nets,39269099,18,,818.53,1057.67,2
Ecopaulin 12X9 250GSM Green,ECSP1292507,,Tarpaulin & Nets,39269099,18,,754.18,911.79,56
Ecopaulin 12X10 250GSM Blue,ECSP1210250,,Tarpaulin & Nets,39269099,18,,842.96,1005.56,83
Ecopaulin 12X10 250GSM Yellow,ECSP12102509,,Tarpaulin & Nets,39269099,18,,814.87,963.7,6
Ecopaulin 12X10 250GSM Black,ECSP12102503,,Tarpaulin & Nets,39269099,18,,847.05,1083.38,51
Ecopaulin 12X10 250GSM Silver/Black,ECSP12102508,,Tarpaulin & Nets,39269099,18,,907.84,1052.47,27
Ecopaulin 12X10 250GSM Green,ECSP12102501,,Tarpaulin & Nets,39269099,18,,944.83,1174.74,29
Ecopaulin 15X12 250GSM Blue,ECSP1512250,,Tarpaulin & Nets,39269099,18,,1300.19,1676.75,87
Ecopaulin 15X12 250GSM Yellow,ECSP15122503,,Tarpaulin & Nets,39269099,18,,1381.18,1788.64,58
Ecopaulin 15X12 250GSM Black,ECSP151225034,,Tarpaulin & Nets,39269099,18,,1241.59,1433.48,7
Ecopaulin 15X12 250GSM Silver/Black,ECSP15122501,,Tarpaulin & Nets,39269099,18,,1482.16,1734.39,44
Ecopaulin 15X12 250GSM Green,ECSP151225039,,Tarpaulin & Nets,39269099,18,,1350.27,1555.33,93
Ecopaulin 18X12 250GSM Blue,ECSP1812250,,Tarpaulin & Nets,39269099,18,,1553.52,1843.78,7
Ecopaulin 18X12 250GSM Yellow,ECSP18122505,,Tarpaulin & Nets,39269099,18,,1775.79,2152.15,36
Ecopaulin 18X12 250GSM Black,ECSP18122501,,Tarpaulin & Nets,39269099,18,,1520.19,1780.13,91
Ecopaulin 18X12 250GSM Silver/Black,ECSP181225058,,Tarpaulin & Nets,39269099,18,,1650.16,1972.92,17
Ecopaulin 18X12 250GSM Green,ECSP181225052,,Tarpaulin & Nets,39269099,18,,1659.84,1962.69,60
Ecopaulin 18X15 250GSM Blue,ECSP1815250,,Tarpaulin & Nets,39269099,18,,2158.81,2602.94,77
Ecopaulin 18X15 250GSM Yellow,ECSP18152500,,Tarpaulin & Nets,39269099,18,,1906.66,2395.11,53
Ecopaulin 18X15 250GSM Black,ECSP18152505,,Tarpaulin & Nets,39269099,18,,1905.17,2377.93,100
Ecopaulin 18X15 250GSM Silver/Black,ECSP18152507,,Tarpaulin & Nets,39269099,18,,2066.84,2433.85,31
Ecopaulin 18X15 250GSM Green,ECSP18152504,,Tarpaulin & Nets,39269099,18,,2194.77,2819.45,26
Ecopaulin 21X15 250GSM Blue,ECSP2115250,,Tarpaulin & Nets,39269099,18,,2449.4,2885.24,28
Ecopaulin 21X15 250GSM Yellow,ECSP21152508,,Tarpaulin & Nets,39269099,18,,2592.48,3087.85,61
Ecopaulin 21X15 250GSM Black,ECSP21152507,,Tarpaulin & Nets,39269099,18,,2221.46,2886.08,41
Ecopaulin 21X15 250GSM Silver/Black,ECSP211525086,,Tarpaulin & Nets,39269099,18,,2563.43,3250.34,43
Ecopaulin 21X15 250GSM Green,ECSP21152504,,Tarpaulin & Nets,39269099,18,,2264.62,2769.32,26
Ecopaulin 24X18 250GSM Blue,ECSP2418250,,Tarpaulin & Nets,39269099,18,,3289.06,3859.0,81
Ecopaulin 24X18 250GSM Yellow,ECSP24182504,,Tarpaulin & Nets,39269099,18,,3262.22,3971.95,33
Ecopaulin 24X18 250GSM Black,ECSP24182509,,Tarpaulin & Nets,39269099,18,,3269.9,4157.07,23
Ecopaulin 24X18 250GSM Silver/Black,ECSP241825095,,Tarpaulin & Nets,39269099,18,,3490.94,4019.98,97
Ecopaulin 24X18 250GSM Green,ECSP24182508,,Tarpaulin & Nets,39269099,18,,3540.26,4308.53,55
Ecopaulin 30X20 250GSM Blue,ECSP3020250,,Tarpaulin & Nets,39269099,18,,4750.22,5817.66,82
Ecopaulin 30X20 250GSM Yellow,ECSP30202504,,Tarpaulin & Nets,39269099,18,,4064.43,5057.1,59
Ecopaulin 30X20 250GSM Black,ECSP30202509,,Tarpaulin & Nets,39269099,18,,4425.22,5568.48,20
Ecopaulin 30X20 250GSM Silver/Black,ECSP30202500,,Tarpaulin & Nets,39269099,18,,4759.64,6109.82,67
Ecopaulin 30X20 250GSM Green,ECSP302025049,,Tarpaulin & Nets,39269099,18,,4064.04,5182.57,30
Ecopaulin 30X24 250GSM Blue,ECSP3024250,,Tarpaulin & Nets,39269099,18,,5456.2,6901.27,91
Ecopaulin 30X24 250GSM Yellow,ECSP30242500,,Tarpaulin & Nets,39269099,18,,5538.17,6683.22,63
Ecopaulin 30X24 250GSM Black,ECSP30242502,,Tarpaulin & Nets,39269099,18,,5610.64,7143.03,18
Ecopaulin 30X24 250GSM Silver/Black,ECSP30242501,,Tarpaulin & Nets,39269099,18,,5068.21,5895.61,55
Ecopaulin 30X24 250GSM Green,ECSP302425018,,Tarpaulin & Nets,39269099,18,,5751.74,6887.02,8
Ecopaulin 36X24 250GSM Blue,ECSP3624250,,Tarpaulin & Nets,39269099,18,,5979.65,7230.96,11
Ecopaulin 36X24 250GSM Yellow,ECSP36242505,,Tarpaulin & Nets,39269099,18,,6888.48,8054.24,13
Ecopaulin 36X24 250GSM Black,ECSP36242501,,Tarpaulin & Nets,39269099,18,,6359.4,7945.56,61
Ecopaulin 36X24 250GSM Silver/Black,ECSP36242503,,Tarpaulin & Nets,39269099,18,,6754.47,8562.03,12
Ecopaulin 36X24 250GSM Green,ECSP362425039,,Tarpaulin & Nets,39269099,18,,6971.37,8736.81,69
Ecopaulin 40X30 250GSM Blue,ECSP4030250,,Tarpaulin & Nets,39269099,18,,9462.58,11725.86,83
Ecopaulin 40X30 250GSM Yellow,ECSP40302501,,Tarpaulin & Nets,39269099,18,,9094.66,10621.48,62
Ecopaulin 40X30 250GSM Black,ECSP40302506,,Tarpaulin & Nets,39269099,18,,9556.48,11744.22,90
Ecopaulin 40X30 250GSM Silver/Black,ECSP403025064,,Tarpaulin & Nets,39269099,18,,8717.39,10609.76,44
Ecopaulin 40X30 250GSM Green,ECSP40302504,,Tarpaulin & Nets,39269099,18,,8334.05,9781.31,33
Ecopaulin 40X40 250GSM Blue,ECSP4040250,,Tarpaulin & Nets,39269099,18,,11605.25,14509.16,70
Ecopaulin 40X40 250GSM Yellow,ECSP40402509,,Tarpaulin & Nets,39269099,18,,11039.37,12899.22,88
Ecopaulin 40X40 250GSM Black,ECSP40402505,,Tarpaulin & Nets,39269099,18,,11564.77,14255.38,24
Ecopaulin 40X40 250GSM Silver/Black,ECSP40402504,,Tarpaulin & Nets,39269099,18,,11574.21,13519.89,4
Ecopaulin 40X40 250GSM Green,ECSP40402507,,Tarpaulin & Nets,39269099,18,,12761.43,15035.63,2
Ecopaulin 50X40 250GSM Blue,ECSP5040250,,Tarpaulin & Nets,39269099,18,,15901.43,19716.3,93
Ecopaulin 50X40 250GSM Yellow,ECSP50402508,,Tarpaulin & Nets,39269099,18,,13885.73,16932.39,17
Ecopaulin 50X40 250GSM Black,ECSP50402506,,Tarpaulin & Nets,39269099,18,,16161.05,20471.43,59
Ecopaulin 50X40 250GSM Silver/Black,ECSP50402509,,Tarpaulin & Nets,39269099,18,,14018.82,17514.27,49
Ecopaulin 50X40 250GSM Green,ECSP50402501,,Tarpaulin & Nets,39269099,18,,15645.79,19522.58,26
Ecopaulin 60X40 250GSM Blue,ECSP6040250,,Tarpaulin & Nets,39269099,18,,19048.36,22374.39,29
Ecopaulin 60X40 250GSM Yellow,ECSP60402508,,Tarpaulin & Nets,39269099,18,,18499.41,22244.27,95
Ecopaulin 60X40 250GSM Black,ECSP60402504,,Tarpaulin & Nets,39269099,18,,16651.27,19709.62,6
Ecopaulin 60X40 250GSM Silver/Black,ECSP60402505,,Tarpaulin & Nets,39269099,18,,17096.03,21809.54,52
Ecopaulin 60X40 250GSM Green,ECSP60402500,,Tarpaulin & Nets,39269099,18,,19092.32,23613.8,80
Ecopaulin 60X60 250GSM Blue,ECSP6060250,,Tarpaulin & Nets,39269099,18,,27994.62,35324.82,81
Ecopaulin 60X60 250GSM Yellow,ECSP60602508,,Tarpaulin & Nets,39269099,18,,26926.39,32944.53,16
Ecopaulin 60X60 250GSM Black,ECSP606025087,,Tarpaulin & Nets,39269099,18,,25407.69,31633.23,42
Ecopaulin 60X60 250GSM Silver/Black,ECSP60602509,,Tarpaulin & Nets,39269099,18,,24617.24,31639.92,9
Ecopaulin 60X60 250GSM Green,ECSP606025093,,Tarpaulin & Nets,39269099,18,,28324.4,33884.09,38
Ecopaulin 80X60 250GSM Blue,ECSP8060250,,Tarpaulin & Nets,39269099,18,,36420.42,47042.2,86
Ecopaulin 80X60 250GSM Yellow,ECSP80602509,,Tarpaulin & Nets,39269099,18,,35606.17,42508.77,35
Ecopaulin 80X60 250GSM Black,ECSP806025091,,Tarpaulin & Nets,39269099,18,,39289.23,48733.24,72
Ecopaulin 80X60 250GSM Silver/Black,ECSP80602507,,Tarpaulin & Nets,39269099,18,,38385.39,49636.08,31
Ecopaulin 80X60 250GSM Green,ECSP80602500,,Tarpaulin & Nets,39269099,18,,37636.16,48535.51,61
Ecopaulin 100X100 250GSM Blue,ECSP100100250,,Tarpaulin & Nets,39269099,18,,71961.9,86194.92,27
Ecopaulin 100X100 250GSM Yellow,ECSP1001002508,,Tarpaulin & Nets,39269099,18,,71343.62,85830.32,64
Ecopaulin 100X100 250GSM Black,ECSP1001002507,,Tarpaulin & Nets,39269099,18,,74169.94,87869.97,10
Ecopaulin 100X100 250GSM Silver/Black,ECSP1001002506,,Tarpaulin & Nets,39269099,18,,69697.1,80437.76,28
Ecopaulin 100X100 250GSM Green,ECSP1001002504,,Tarpaulin & Nets,39269099,18,,77923.45,94453.96,85
Ecopaulin 6X4 300GSM Blue,ECSP64300,,Tarpaulin & Nets,39269099,18,,224.77,283.96,80
Ecopaulin 6X4 300GSM Yellow,ECSP643006,,Tarpaulin & Nets,39269099,18,,218.82,259.22,16
Ecopaulin 6X4 300GSM Black,ECSP643001,,Tarpaulin & Nets,39269099,18,,223.85,260.93,1
Ecopaulin 6X4 300GSM Silver/Black,ECSP643005,,Tarpaulin & Nets,39269099,18,,236.29,274.47,45
Ecopaulin 6X4 300GSM Green,ECSP6430050,,Tarpaulin & Nets,39269099,18,,204.13,251.46,37
Ecopaulin 8X6 300GSM Blue,ECSP86300,,Tarpaulin & Nets,39269099,18,,392.49,480.87,100
Ecopaulin 8X6 300GSM Yellow,ECSP863006,,Tarpaulin & Nets,39269099,18,,454.18,572.19,50
Ecopaulin 8X6 300GSM Black,ECSP863001,,Tarpaulin & Nets,39269099,18,,422.49,535.78,2
Ecopaulin 8X6 300GSM Silver/Black,ECSP8630060,,Tarpaulin & Nets,39269099,18,,402.19,489.71,29
Ecopaulin 8X6 300GSM Green,ECSP863009,,Tarpaulin & Nets,39269099,18,,394.88,464.44,42
Ecopaulin 9X6 300GSM Blue,ECSP96300,,Tarpaulin & Nets,39269099,18,,522.81,623.55,22
Ecopaulin 9X6 300GSM Yellow,ECSP963007,,Tarpaulin & Nets,39269099,18,,504.28,652.33,23
Ecopaulin 9X6 300GSM Black,ECSP963002,,Tarpaulin & Nets,39269099,18,,525.74,630.69,88
Ecopaulin 9X6 300GSM Silver/Black,ECSP963001,,Tarpaulin & Nets,39269099,18,,476.15,599.2,33
Ecopaulin 9X6 300GSM Green,ECSP963008,,Tarpaulin & Nets,39269099,18,,504.73,649.05,54
Ecopaulin 12X9 300GSM Blue,ECSP129300,,Tarpaulin & Nets,39269099,18,,947.47,1136.48,52
Ecopaulin 12X9 300GSM Yellow,ECSP1293003,,Tarpaulin & Nets,39269099,18,,942.54,1181.13,55
Ecopaulin 12X9 300GSM Black,ECSP1293000,,Tarpaulin & Nets,39269099,18,,913.42,1075.33,5
Ecopaulin 12X9 300GSM Silver/Black,ECSP1293002,,Tarpaulin & Nets,39269099,18,,1047.77,1223.3,74
Ecopaulin 12X9 300GSM Green,ECSP12930037,,Tarpaulin & Nets,39269099,18,,1023.16,1257.89,75
Ecopaulin 12X10 300GSM Blue,ECSP1210300,,Tarpaulin & Nets,39269099,18,,1044.93,1226.08,28
Ecopaulin 12X10 300GSM Yellow,ECSP12103009,,Tarpaulin & Nets,39269099,18,,1089.65,1290.11,52
Ecopaulin 12X10 300GSM Black,ECSP12103005,,Tarpaulin & Nets,39269099,18,,1153.74,1410.06,77
Ecopaulin 12X10 300GSM Silver/Black,ECSP12103000,,Tarpaulin & Nets,39269099,18,,1043.53,1337.14,68
Ecopaulin 12X10 300GSM Green,ECSP12103004,,Tarpaulin & Nets,39269099,18,,999.42,1175.41,70
Ecopaulin 15X12 300GSM Blue,ECSP1512300,,Tarpaulin & Nets,39269099,18,,1760.12,2247.0,73
Ecopaulin 15X12 300GSM Yellow,ECSP15123005,,Tarpaulin & Nets,39269099,18,,1711.59,2019.18,38
Ecopaulin 15X12 300GSM Black,ECSP15123006,,Tarpaulin & Nets,39269099,18,,1747.59,2176.12,75
Ecopaulin 15X12 300GSM Silver/Black,ECSP15123008,,Tarpaulin & Nets,39269099,18,,1750.08,2245.11,13
Ecopaulin 15X12 300GSM Green,ECSP151230067,,Tarpaulin & Nets,39269099,18,,1619.88,2025.22,11
Ecopaulin 18X12 300GSM Blue,ECSP1812300,,Tarpaulin & Nets,39269099,18,,1816.11,2106.25,45
Ecopaulin 18X12 300GSM Yellow,ECSP18123001,,Tarpaulin & Nets,39269099,18,,1876.05,2213.15,89
Ecopaulin 18X12 300GSM Black,ECSP18123006,,Tarpaulin & Nets,39269099,18,,2108.34,2558.8,59
Ecopaulin 18X12 300GSM Silver/Black,ECSP18123002,,Tarpaulin & Nets,39269099,18,,1883.26,2260.08,98
Ecopaulin 18X12 300GSM Green,ECSP18123009,,Tarpaulin & Nets,39269099,18,,1949.8,2361.35,9
Ecopaulin 18X15 300GSM Blue,ECSP1815300,,Tarpaulin & Nets,39269099,18,,2465.97,3067.87,73
Ecopaulin 18X15 300GSM Yellow,ECSP18153000,,Tarpaulin & Nets,39269099,18,,2342.0,2865.48,12
Ecopaulin 18X15 300GSM Black,ECSP18153005,,Tarpaulin & Nets,39269099,18,,2211.82,2636.04,99
Ecopaulin 18X15 300GSM Silver/Black,ECSP18153001,,Tarpaulin & Nets,39269099,18,,2456.92,2833.85,64
Ecopaulin 18X15 300GSM Green,ECSP18153008,,Tarpaulin & Nets,39269099,18,,2317.74,2712.13,63
Ecopaulin 21X15 300GSM Blue,ECSP2115300,,Tarpaulin & Nets,39269099,18,,2891.93,3565.78,18
Ecopaulin 21X15 300GSM Yellow,ECSP21153008,,Tarpaulin & Nets,39269099,18,,2869.14,3649.13,6
Ecopaulin 21X15 300GSM Black,ECSP211530087,,Tarpaulin & Nets,39269099,18,,2628.71,3328.49,1
Ecopaulin 21X15 300GSM Silver/Black,ECSP21153000,,Tarpaulin & Nets,39269099,18,,2913.49,3374.85,21
Ecopaulin 21X15 300GSM Green,ECSP21153004,,Tarpaulin & Nets,39269099,18,,2857.06,3667.0,90
Ecopaulin 24X18 300GSM Blue,ECSP2418300,,Tarpaulin & Nets,39269099,18,,4142.34,5064.67,14
Ecopaulin 24X18 300GSM Yellow,ECSP24183007,,Tarpaulin & Nets,39269099,18,,4270.79,5105.88,28
Ecopaulin 24X18 300GSM Black,ECSP24183003,,Tarpaulin & Nets,39269099,18,,4023.55,4958.62,22
Ecopaulin 24X18 300GSM Silver/Black,ECSP24183004,,Tarpaulin & Nets,39269099,18,,3960.17,4754.58,53
Ecopaulin 24X18 300GSM Green,ECSP24183001,,Tarpaulin & Nets,39269099,18,,4276.57,5190.47,98
Ecopaulin 30X20 300GSM Blue,ECSP3020300,,Tarpaulin & Nets,39269099,18,,5319.44,6901.06,51
Ecopaulin 30X20 300GSM Yellow,ECSP30203007,,Tarpaulin & Nets,39269099,18,,5166.55,6655.85,65
Ecopaulin 30X20 300GSM Black,ECSP30203006,,Tarpaulin & Nets,39269099,18,,5127.18,6323.39,42
Ecopaulin 30X20 300GSM Silver/Black,ECSP30203005,,Tarpaulin & Nets,39269099,18,,5851.84,7230.8,75
Ecopaulin 30X20 300GSM Green,ECSP30203002,,Tarpaulin & Nets,39269099,18,,5779.83,7101.48,94
Ecopaulin 30X24 300GSM Blue,ECSP3024300,,Tarpaulin & Nets,39269099,18,,6917.4,8676.8,51
Ecopaulin 30X24 300GSM Yellow,ECSP30243008,,Tarpaulin & Nets,39269099,18,,6566.27,7740.21,79
Ecopaulin 30X24 300GSM Black,ECSP30243006,,Tarpaulin & Nets,39269099,18,,6663.34,7979.66,47
Ecopaulin 30X24 300GSM Silver/Black,ECSP302430086,,Tarpaulin & Nets,39269099,18,,6488.34,7604.96,23
Ecopaulin 30X24 300GSM Green,ECSP30243004,,Tarpaulin & Nets,39269099,18,,6421.1,7900.87,20
Ecopaulin 36X24 300GSM Blue,ECSP3624300,,Tarpaulin & Nets,39269099,18,,8013.23,10094.46,28
Ecopaulin 36X24 300GSM Yellow,ECSP36243003,,Tarpaulin & Nets,39269099,18,,7595.53,8770.98,15
Ecopaulin 36X24 300GSM Black,ECSP36243008,,Tarpaulin & Nets,39269099,18,,8051.44,9560.33,93
Ecopaulin 36X24 300GSM Silver/Black,ECSP36243001,,Tarpaulin & Nets,39269099,18,,8303.06,9997.98,34
Ecopaulin 36X24 300GSM Green,ECSP36243000,,Tarpaulin & Nets,39269099,18,,8124.33,10420.55,23
Ecopaulin 40X30 300GSM Blue,ECSP4030300,,Tarpaulin & Nets,39269099,18,,10224.49,12738.47,99
Ecopaulin 40X30 300GSM Yellow,ECSP40303002,,Tarpaulin & Nets,39269099,18,,10387.74,12337.1,37
Ecopaulin 40X30 300GSM Black,ECSP40303007,,Tarpaulin & Nets,39269099,18,,10243.0,12619.76,85
Ecopaulin 40X30 300GSM Silver/Black,ECSP40303001,,Tarpaulin & Nets,39269099,18,,11414.37,14348.73,44
Ecopaulin 40X30 300GSM Green,ECSP40303008,,Tarpaulin & Nets,39269099,18,,10730.21,13260.66,10
Ecopaulin 40X40 300GSM Blue,ECSP4040300,,Tarpaulin & Nets,39269099,18,,14741.34,18971.92,100
Ecopaulin 40X40 300GSM Yellow,ECSP40403004,,Tarpaulin & Nets,39269099,18,,15753.76,18779.62,53
Ecopaulin 40X40 300GSM Black,ECSP40403002,,Tarpaulin & Nets,39269099,18,,13298.97,16066.91,8
Ecopaulin 40X40 300GSM Silver/Black,ECSP40403005,,Tarpaulin & Nets,39269099,18,,13939.21,17218.26,6
Ecopaulin 40X40 300GSM Green,ECSP40403009,,Tarpaulin & Nets,39269099,18,,15051.94,19307.38,48
Ecopaulin 50X40 300GSM Blue,ECSP5040300,,Tarpaulin & Nets,39269099,18,,19177.46,24643.08,15
Ecopaulin 50X40 300GSM Yellow,ECSP50403003,,Tarpaulin & Nets,39269099,18,,19736.24,22813.94,66
Ecopaulin 50X40 300GSM Black,ECSP50403008,,Tarpaulin & Nets,39269099,18,,18924.36,21994.73,82
Ecopaulin 50X40 300GSM Silver/Black,ECSP504030035,,Tarpaulin & Nets,39269099,18,,16740.16,21660.24,41
Ecopaulin 50X40 300GSM Green,ECSP50403009,,Tarpaulin & Nets,39269099,18,,19119.92,22102.69,62
Ecopaulin 60X40 300GSM Blue,ECSP6040300,,Tarpaulin & Nets,39269099,18,,22337.42,25787.58,53
Ecopaulin 60X40 300GSM Yellow,ECSP60403002,,Tarpaulin & Nets,39269099,18,,22393.42,26886.64,76
Ecopaulin 60X40 300GSM Black,ECSP60403005,,Tarpaulin & Nets,39269099,18,,19455.15,23006.38,60
Ecopaulin 60X40 300GSM Silver/Black,ECSP604030054,,Tarpaulin & Nets,39269099,18,,20942.18,26110.81,56
Ecopaulin 60X40 300GSM Green,ECSP60403003,,Tarpaulin & Nets,39269099,18,,23076.1,27346.19,47
Ecopaulin 60X60 300GSM Blue,ECSP6060300,,Tarpaulin & Nets,39269099,18,,34771.8,44554.3,26
Ecopaulin 60X60 300GSM Yellow,ECSP60603000,,Tarpaulin & Nets,39269099,18,,35181.64,44131.21,15
Ecopaulin 60X60 300GSM Black,ECSP60603004,,Tarpaulin & Nets,39269099,18,,32845.18,40658.57,13
Ecopaulin 60X60 300GSM Silver/Black,ECSP60603007,,Tarpaulin & Nets,39269099,18,,32880.34,40460.15,77
Ecopaulin 60X60 300GSM Green,ECSP60603002,,Tarpaulin & Nets,39269099,18,,31099.93,35867.28,48
Ecopaulin 80X60 300GSM Blue,ECSP8060300,,Tarpaulin & Nets,39269099,18,,39220.11,45790.09,16
Ecopaulin 80X60 300GSM Yellow,ECSP80603000,,Tarpaulin & Nets,39269099,18,,40412.12,50356.07,98
Ecopaulin 80X60 300GSM Black,ECSP80603006,,Tarpaulin & Nets,39269099,18,,39451.98,46833.04,10
Ecopaulin 80X60 300GSM Silver/Black,ECSP806030063,,Tarpaulin & Nets,39269099,18,,44024.92,56861.34,76
Ecopaulin 80X60 300GSM Green,ECSP80603004,,Tarpaulin & Nets,39269099,18,,40731.04,48560.25,32
Ecopaulin 100X100 300GSM Blue,ECSP100100300,,Tarpaulin & Nets,39269099,18,,82596.2,107068.7,61
Ecopaulin 100X100 300GSM Yellow,ECSP1001003004,,Tarpaulin & Nets,39269099,18,,81684.82,102932.23,82
Ecopaulin 100X100 300GSM Black,ECSP1001003007,,Tarpaulin & Nets,39269099,18,,87669.73,103598.3,90
Ecopaulin 100X100 300GSM Silver/Black,ECSP1001003002,,Tarpaulin & Nets,39269099,18,,84758.1,109814.43,0
Ecopaulin 100X100 300GSM Green,ECSP1001003005,,Tarpaulin & Nets,39269099,18,,98041.31,126189.78,28
Shalimar 6X4 70GSM Blue,SHSP6470,,Tarpaulin & Nets,39269099,18,,43.38,51.77,21
Shalimar 6X4 70GSM Yellow,SHSP64706,,Tarpaulin & Nets,39269099,18,,50.82,59.72,19
Shalimar 6X4 70GSM Black,SHSP64703,,Tarpaulin & Nets,39269099,18,,44.15,51.17,85
Shalimar 6X4 70GSM Silver/Black,SHSP647069,,Tarpaulin & Nets,39269099,18,,51.9,63.16,46
Shalimar 6X4 70GSM Green,SHSP64709,,Tarpaulin & Nets,39269099,18,,45.97,54.14,83
Shalimar 8X6 70GSM Blue,SHSP8670,,Tarpaulin & Nets,39269099,18,,86.44,99.85,11
Shalimar 8X6 70GSM Yellow,SHSP86704,,Tarpaulin & Nets,39269099,18,,94.6,113.06,69
Shalimar 8X6 70GSM Black,SHSP86702,,Tarpaulin & Nets,39269099,18,,95.44,121.09,24
Shalimar 8X6 70GSM Silver/Black,SHSP86709,,Tarpaulin & Nets,39269099,18,,102.32,131.56,59
Shalimar 8X6 70GSM Green,SHSP86701,,Tarpaulin & Nets,39269099,18,,94.54,117.67,44
Shalimar 9X6 70GSM Blue,SHSP9670,,Tarpaulin & Nets,39269099,18,,117.52,152.31,66
Shalimar 9X6 70GSM Yellow,SHSP96706,,Tarpaulin & Nets,39269099,18,,107.35,124.93,52
Shalimar 9X6 70GSM Black,SHSP96709,,Tarpaulin & Nets,39269099,18,,113.23,134.18,15
Shalimar 9X6 70GSM Silver/Black,SHSP967063,,Tarpaulin & Nets,39269099,18,,105.82,123.35,77
Shalimar 9X6 70GSM Green,SHSP96704,,Tarpaulin & Nets,39269099,18,,115.55,138.47,73
Shalimar 12X9 70GSM Blue,SHSP12970,,Tarpaulin & Nets,39269099,18,,213.03,250.5,58
Shalimar 12X9 70GSM Yellow,SHSP129705,,Tarpaulin & Nets,39269099,18,,210.3,261.84,88
Shalimar 12X9 70GSM Black,SHSP129708,,Tarpaulin & Nets,39269099,18,,207.65,259.16,95
Shalimar 12X9 70GSM Silver/Black,SHSP1297054,,Tarpaulin & Nets,39269099,18,,229.4,292.21,25
Shalimar 12X9 70GSM Green,SHSP129701,,Tarpaulin & Nets,39269099,18,,236.07,279.28,26
Shalimar 12X10 70GSM Blue,SHSP121070,,Tarpaulin & Nets,39269099,18,,260.21,330.46,84
Shalimar 12X10 70GSM Yellow,SHSP1210700,,Tarpaulin & Nets,39269099,18,,240.28,276.99,88
Shalimar 12X10 70GSM Black,SHSP1210701,,Tarpaulin & Nets,39269099,18,,240.76,304.23,53
Shalimar 12X10 70GSM Silver/Black,SHSP1210705,,Tarpaulin & Nets,39269099,18,,237.59,307.01,93
Shalimar 12X10 70GSM Green,SHSP1210709,,Tarpaulin & Nets,39269099,18,,260.23,312.76,76
Shalimar 15X12 70GSM Blue,SHSP151270,,Tarpaulin & Nets,39269099,18,,389.6,496.62,65
Shalimar 15X12 70GSM Yellow,SHSP1512702,,Tarpaulin & Nets,39269099,18,,325.63,386.11,3
Shalimar 15X12 70GSM Black,SHSP1512704,,Tarpaulin & Nets,39269099,18,,374.25,451.03,56
Shalimar 15X12 70GSM Silver/Black,SHSP1512700,,Tarpaulin & Nets,39269099,18,,374.34,443.09,44
Shalimar 15X12 70GSM Green,SHSP1512706,,Tarpaulin & Nets,39269099,18,,356.19,437.96,69
Shalimar 18X12 70GSM Blue,SHSP181270,,Tarpaulin & Nets,39269099,18,,446.83,542.07,38
Shalimar 18X12 70GSM Yellow,SHSP1812708,,Tarpaulin & Nets,39269099,18,,426.48,543.57,3
Shalimar 18X12 70GSM Black,SHSP1812704,,Tarpaulin & Nets,39269099,18,,460.99,549.21,90
Shalimar 18X12 70GSM Silver/Black,SHSP1812709,,Tarpaulin & Nets,39269099,18,,437.77,549.53,64
Shalimar 18X12 70GSM Green,SHSP1812700,,Tarpaulin & Nets,39269099,18,,461.09,539.79,19
Shalimar 18X15 70GSM Blue,SHSP181570,,Tarpaulin & Nets,39269099,18,,569.33,669.67,41
Shalimar 18X15 70GSM Yellow,SHSP1815705,,Tarpaulin & Nets,39269099,18,,525.31,611.69,71
Shalimar 18X15 70GSM Black,SHSP1815701,,Tarpaulin & Nets,39269099,18,,541.34,690.22,93
Shalimar 18X15 70GSM Silver/Black,SHSP1815700,,Tarpaulin & Nets,39269099,18,,557.48,672.11,81
Shalimar 18X15 70GSM Green,SHSP18157006,,Tarpaulin & Nets,39269099,18,,508.45,660.24,34
Shalimar 21X15 70GSM Blue,SHSP211570,,Tarpaulin & Nets,39269099,18,,669.65,788.79,39
Shalimar 21X15 70GSM Yellow,SHSP2115706,,Tarpaulin & Nets,39269099,18,,684.98,808.56,58
Shalimar 21X15 70GSM Black,SHSP2115702,,Tarpaulin & Nets,39269099,18,,683.72,874.87,64
Shalimar 21X15 70GSM Silver/Black,SHSP2115707,,Tarpaulin & Nets,39269099,18,,603.48,772.75,97
Shalimar 21X15 70GSM Green,SHSP2115700,,Tarpaulin & Nets,39269099,18,,580.19,749.32,38
Shalimar 24X18 70GSM Blue,SHSP241870,,Tarpaulin & Nets,39269099,18,,801.12,947.33,23
Shalimar 24X18 70GSM Yellow,SHSP2418704,,Tarpaulin & Nets,39269099,18,,840.66,996.33,6
Shalimar 24X18 70GSM Black,SHSP2418700,,Tarpaulin & Nets,39269099,18,,877.26,1091.72,98
Shalimar 24X18 70GSM Silver/Black,SHSP24187046,,Tarpaulin & Nets,39269099,18,,948.92,1207.82,3
Shalimar 24X18 70GSM Green,SHSP24187003,,Tarpaulin & Nets,39269099,18,,812.81,1004.98,52
Shalimar 30X20 70GSM Blue,SHSP302070,,Tarpaulin & Nets,39269099,18,,1196.56,1491.4,21
Shalimar 30X20 70GSM Yellow,SHSP3020706,,Tarpaulin & Nets,39269099,18,,1221.42,1435.89,59
Shalimar 30X20 70GSM Black,SHSP3020703,,Tarpaulin & Nets,39269099,18,,1144.24,1395.5,66
Shalimar 30X20 70GSM Silver/Black,SHSP3020709,,Tarpaulin & Nets,39269099,18,,1215.38,1460.56,39
Shalimar 30X20 70GSM Green,SHSP3020702,,Tarpaulin & Nets,39269099,18,,1152.65,1461.46,87
Shalimar 30X24 70GSM Blue,SHSP302470,,Tarpaulin & Nets,39269099,18,,1415.41,1698.58,81
Shalimar 30X24 70GSM Yellow,SHSP3024708,,Tarpaulin & Nets,39269099,18,,1410.76,1790.63,0
Shalimar 30X24 70GSM Black,SHSP3024706,,Tarpaulin & Nets,39269099,18,,1571.05,2010.49,80
Shalimar 30X24 70GSM Silver/Black,SHSP3024701,,Tarpaulin & Nets,39269099,18,,1330.36,1530.44,10
Shalimar 30X24 70GSM Green,SHSP30247017,,Tarpaulin & Nets,39269099,18,,1551.5,1802.58,81
Shalimar 36X24 70GSM Blue,SHSP362470,,Tarpaulin & Nets,39269099,18,,1792.59,2199.93,15
Shalimar 36X24 70GSM Yellow,SHSP3624708,,Tarpaulin & Nets,39269099,18,,1790.88,2318.74,13
Shalimar 36X24 70GSM Black,SHSP3624705,,Tarpaulin & Nets,39269099,18,,1724.06,2013.06,86
Shalimar 36X24 70GSM Silver/Black,SHSP3624704,,Tarpaulin & Nets,39269099,18,,1776.26,2079.34,62
Shalimar 36X24 70GSM Green,SHSP3624706,,Tarpaulin & Nets,39269099,18,,1560.58,1912.62,19
Shalimar 40X30 70GSM Blue,SHSP403070,,Tarpaulin & Nets,39269099,18,,2439.87,3129.11,87
Shalimar 40X30 70GSM Yellow,SHSP4030700,,Tarpaulin & Nets,39269099,18,,2266.69,2781.24,58
Shalimar 40X30 70GSM Black,SHSP4030703,,Tarpaulin & Nets,39269099,18,,2174.47,2785.88,8
Shalimar 40X30 70GSM Silver/Black,SHSP40307000,,Tarpaulin & Nets,39269099,18,,2203.41,2819.14,11
Shalimar 40X30 70GSM Green,SHSP4030706,,Tarpaulin & Nets,39269099,18,,2492.34,2912.26,99
Shalimar 40X40 70GSM Blue,SHSP404070,,Tarpaulin & Nets,39269099,18,,2998.56,3645.2,28
Shalimar 40X40 70GSM Yellow,SHSP4040706,,Tarpaulin & Nets,39269099,18,,3053.7,3708.09,46
Shalimar 40X40 70GSM Black,SHSP4040700,,Tarpaulin & Nets,39269099,18,,3310.42,3924.02,86
Shalimar 40X40 70GSM Silver/Black,SHSP4040707,,Tarpaulin & Nets,39269099,18,,3465.48,4351.32,37
Shalimar 40X40 70GSM Green,SHSP4040702,,Tarpaulin & Nets,39269099,18,,3056.16,3691.94,2
Shalimar 50X40 70GSM Blue,SHSP504070,,Tarpaulin & Nets,39269099,18,,4301.82,5551.79,9
Shalimar 50X40 70GSM Yellow,SHSP5040702,,Tarpaulin & Nets,39269099,18,,4375.51,5386.96,43
Shalimar 50X40 70GSM Black,SHSP5040707,,Tarpaulin & Nets,39269099,18,,4206.76,5207.02,31
Shalimar 50X40 70GSM Silver/Black,SHSP5040708,,Tarpaulin & Nets,39269099,18,,3714.84,4302.26,87
Shalimar 50X40 70GSM Green,SHSP5040709,,Tarpaulin & Nets,39269099,18,,4011.29,5154.41,5
Shalimar 60X40 70GSM Blue,SHSP604070,,Tarpaulin & Nets,39269099,18,,4736.62,6145.02,35
Shalimar 60X40 70GSM Yellow,SHSP6040704,,Tarpaulin & Nets,39269099,18,,4655.98,5781.68,67
Shalimar 60X40 70GSM Black,SHSP6040700,,Tarpaulin & Nets,39269099,18,,4787.78,5507.56,81
Shalimar 60X40 70GSM Silver/Black,SHSP6040702,,Tarpaulin & Nets,39269099,18,,4779.54,6126.72,69
Shalimar 60X40 70GSM Green,SHSP6040701,,Tarpaulin & Nets,39269099,18,,4546.56,5467.95,99
Shalimar 60X60 70GSM Blue,SHSP606070,,Tarpaulin & Nets,39269099,18,,7144.31,8954.73,90
Shalimar 60X60 70GSM Yellow,SHSP6060707,,Tarpaulin & Nets,39269099,18,,7122.81,8997.5,74
Shalimar 60X60 70GSM Black,SHSP6060702,,Tarpaulin & Nets,39269099,18,,7914.16,9609.47,38
Shalimar 60X60 70GSM Silver/Black,SHSP6060701,,Tarpaulin & Nets,39269099,18,,6595.53,7739.36,90
Shalimar 60X60 70GSM Green,SHSP60607077,,Tarpaulin & Nets,39269099,18,,7202.39,9154.35,96
Shalimar 80X60 70GSM Blue,SHSP806070,,Tarpaulin & Nets,39269099,18,,9282.5,11449.74,77
Shalimar 80X60 70GSM Yellow,SHSP8060707,,Tarpaulin & Nets,39269099,18,,9558.41,11495.23,25
Shalimar 80X60 70GSM Black,SHSP8060700,,Tarpaulin & Nets,39269099,18,,10271.79,13248.86,42
Shalimar 80X60 70GSM Silver/Black,SHSP8060703,,Tarpaulin & Nets,39269099,18,,10392.09,12565.92,17
Shalimar 80X60 70GSM Green,SHSP8060709,,Tarpaulin & Nets,39269099,18,,8793.9,10765.13,1
Shalimar 100X100 70GSM Blue,SHSP10010070,,Tarpaulin & Nets,39269099,18,,19450.86,23798.19,83
Shalimar 100X100 70GSM Yellow,SHSP100100707,,Tarpaulin & Nets,39269099,18,,19695.33,23907.51,7
Shalimar 100X100 70GSM Black,SHSP100100704,,Tarpaulin & Nets,39269099,18,,20794.56,24380.08,12
Shalimar 100X100 70GSM Silver/Black,SHSP100100709,,Tarpaulin & Nets,39269099,18,,21703.33,26297.28,59
Shalimar 100X100 70GSM Green,SHSP100100703,,Tarpaulin & Nets,39269099,18,,18513.92,22304.86,2
Shalimar 6X4 90GSM Blue,SHSP6490,,Tarpaulin & Nets,39269099,18,,64.01,82.59,58
Shalimar 6X4 90GSM Yellow,SHSP64902,,Tarpaulin & Nets,39269099,18,,66.86,82.01,69
Shalimar 6X4 90GSM Black,SHSP64905,,Tarpaulin & Nets,39269099,18,,61.8,73.48,45
Shalimar 6X4 90GSM Silver/Black,SHSP64906,,Tarpaulin & Nets,39269099,18,,60.63,77.46,11
Shalimar 6X4 90GSM Green,SHSP64901,,Tarpaulin & Nets,39269099,18,,68.9,82.63,40
Shalimar 8X6 90GSM Blue,SHSP8690,,Tarpaulin & Nets,39269099,18,,136.75,170.51,32
Shalimar 8X6 90GSM Yellow,SHSP86903,,Tarpaulin & Nets,39269099,18,,136.17,170.21,50
Shalimar 8X6 90GSM Black,SHSP86904,,Tarpaulin & Nets,39269099,18,,146.22,187.67,49
Shalimar 8X6 90GSM Silver/Black,SHSP86901,,Tarpaulin & Nets,39269099,18,,142.36,166.67,66
Shalimar 8X6 90GSM Green,SHSP869016,,Tarpaulin & Nets,39269099,18,,142.18,170.93,63
Shalimar 9X6 90GSM Blue,SHSP9690,,Tarpaulin & Nets,39269099,18,,161.84,196.51,96
Shalimar 9X6 90GSM Yellow,SHSP96902,,Tarpaulin & Nets,39269099,18,,150.37,189.26,12
Shalimar 9X6 90GSM Black,SHSP96901,,Tarpaulin & Nets,39269099,18,,141.9,170.71,95
Shalimar 9X6 90GSM Silver/Black,SHSP96908,,Tarpaulin & Nets,39269099,18,,154.5,185.34,61
Shalimar 9X6 90GSM Green,SHSP96903,,Tarpaulin & Nets,39269099,18,,139.61,169.32,32
Shalimar 12X9 90GSM Blue,SHSP12990,,Tarpaulin & Nets,39269099,18,,284.34,359.91,22
Shalimar 12X9 90GSM Yellow,SHSP129907,,Tarpaulin & Nets,39269099,18,,305.5,390.18,71
Shalimar 12X9 90GSM Black,SHSP129905,,Tarpaulin & Nets,39269099,18,,286.5,333.57,5
Shalimar 12X9 90GSM Silver/Black,SHSP1299050,,Tarpaulin & Nets,39269099,18,,315.3,380.83,86
Shalimar 12X9 90GSM Green,SHSP1299078,,Tarpaulin & Nets,39269099,18,,331.89,394.94,0
Shalimar 12X10 90GSM Blue,SHSP121090,,Tarpaulin & Nets,39269099,18,,320.68,371.35,58
Shalimar 12X10 90GSM Yellow,SHSP1210902,,Tarpaulin & Nets,39269099,18,,313.28,390.02,62
Shalimar 12X10 90GSM Black,SHSP1210900,,Tarpaulin & Nets,39269099,18,,310.68,370.04,77
Shalimar 12X10 90GSM Silver/Black,SHSP1210905,,Tarpaulin & Nets,39269099,18,,334.3,402.51,81
Shalimar 12X10 90GSM Green,SHSP1210901,,Tarpaulin & Nets,39269099,18,,358.88,446.98,78
Shalimar 15X12 90GSM Blue,SHSP151290,,Tarpaulin & Nets,39269099,18,,533.43,621.47,99
Shalimar 15X12 90GSM Yellow,SHSP1512901,,Tarpaulin & Nets,39269099,18,,542.07,693.51,73
Shalimar 15X12 90GSM Black,SHSP1512907,,Tarpaulin & Nets,39269099,18,,521.73,630.3,4
Shalimar 15X12 90GSM Silver/Black,SHSP1512904,,Tarpaulin & Nets,39269099,18,,477.58,579.62,21
Shalimar 15X12 90GSM Green,SHSP1512906,,Tarpaulin & Nets,39269099,18,,542.17,684.13,45
Shalimar 18X12 90GSM Blue,SHSP181290,,Tarpaulin & Nets,39269099,18,,661.55,816.78,91
Shalimar 18X12 90GSM Yellow,SHSP1812901,,Tarpaulin & Nets,39269099,18,,614.98,778.46,21
Shalimar 18X12 90GSM Black,SHSP18129019,,Tarpaulin & Nets,39269099,18,,573.63,745.68,39
Shalimar 18X12 90GSM Silver/Black,SHSP18129017,,Tarpaulin & Nets,39269099,18,,656.49,807.66,3
Shalimar 18X12 90GSM Green,SHSP1812904,,Tarpaulin & Nets,39269099,18,,553.12,666.13,41
Shalimar 18X15 90GSM Blue,SHSP181590,,Tarpaulin & Nets,39269099,18,,681.48,867.65,96
Shalimar 18X15 90GSM Yellow,SHSP1815901,,Tarpaulin & Nets,39269099,18,,712.34,875.63,69
Shalimar 18X15 90GSM Black,SHSP1815900,,Tarpaulin & Nets,39269099,18,,806.55,1005.18,97
Shalimar 18X15 90GSM Silver/Black,SHSP1815908,,Tarpaulin & Nets,39269099,18,,758.07,905.8,27
Shalimar 18X15 90GSM Green,SHSP18159000,,Tarpaulin & Nets,39269099,18,,725.95,873.18,43
Shalimar 21X15 90GSM Blue,SHSP211590,,Tarpaulin & Nets,39269099,18,,919.77,1088.87,61
Shalimar 21X15 90GSM Yellow,SHSP2115904,,Tarpaulin & Nets,39269099,18,,794.32,938.07,1
Shalimar 21X15 90GSM Black,SHSP2115907,,Tarpaulin & Nets,39269099,18,,859.1,1039.29,65
Shalimar 21X15 90GSM Silver/Black,SHSP2115900,,Tarpaulin & Nets,39269099,18,,907.05,1064.52,79
Shalimar 21X15 90GSM Green,SHSP2115903,,Tarpaulin & Nets,39269099,18,,910.25,1152.68,71
Shalimar 24X18 90GSM Blue,SHSP241890,,Tarpaulin & Nets,39269099,18,,1141.89,1340.56,85
Shalimar 24X18 90GSM Yellow,SHSP2418900,,Tarpaulin & Nets,39269099,18,,1180.54,1510.47,2
Shalimar 24X18 90GSM Black,SHSP2418903,,Tarpaulin & Nets,39269099,18,,1275.65,1554.7,86
Shalimar 24X18 90GSM Silver/Black,SHSP2418905,,Tarpaulin & Nets,39269099,18,,1224.8,1512.57,95
Shalimar 24X18 90GSM Green,SHSP2418904,,Tarpaulin & Nets,39269099,18,,1209.77,1440.48,91
Shalimar 30X20 90GSM Blue,SHSP302090,,Tarpaulin & Nets,39269099,18,,1748.45,2107.02,96
Shalimar 30X20 90GSM Yellow,SHSP3020905,,Tarpaulin & Nets,39269099,18,,1694.78,2077.3,89
Shalimar 30X20 90GSM Black,SHSP3020908,,Tarpaulin & Nets,39269099,18,,1635.8,1915.62,7
Shalimar 30X20 90GSM Silver/Black,SHSP3020909,,Tarpaulin & Nets,39269099,18,,1708.24,2146.97,62
Shalimar 30X20 90GSM Green,SHSP3020906,,Tarpaulin & Nets,39269099,18,,1597.57,1882.81,23
Shalimar 30X24 90GSM Blue,SHSP302490,,Tarpaulin & Nets,39269099,18,,2081.27,2673.88,46
Shalimar 30X24 90GSM Yellow,SHSP3024905,,Tarpaulin & Nets,39269099,18,,2093.56,2541.63,87
Shalimar 30X24 90GSM Black,SHSP3024908,,Tarpaulin & Nets,39269099,18,,2082.32,2498.55,82
Shalimar 30X24 90GSM Silver/Black,SHSP30249086,,Tarpaulin & Nets,39269099,18,,2086.23,2587.73,37
Shalimar 30X24 90GSM Green,SHSP3024909,,Tarpaulin & Nets,39269099,18,,1854.12,2172.32,97
Shalimar 36X24 90GSM Blue,SHSP362490,,Tarpaulin & Nets,39269099,18,,2339.41,2710.82,37
Shalimar 36X24 90GSM Yellow,SHSP3624908,,Tarpaulin & Nets,39269099,18,,2604.03,3090.99,4
Shalimar 36X24 90GSM Black,SHSP3624909,,Tarpaulin & Nets,39269099,18,,2551.23,3019.6,57
Shalimar 36X24 90GSM Silver/Black,SHSP3624904,,Tarpaulin & Nets,39269099,18,,2576.15,3083.14,11
Shalimar 36X24 90GSM Green,SHSP3624906,,Tarpaulin & Nets,39269099,18,,2261.65,2821.13,61
Shalimar 40X30 90GSM Blue,SHSP403090,,Tarpaulin & Nets,39269099,18,,3457.26,4417.87,99
Shalimar 40X30 90GSM Yellow,SHSP4030903,,Tarpaulin & Nets,39269099,18,,3555.1,4189.56,26
Shalimar 40X30 90GSM Black,SHSP40309032,,Tarpaulin & Nets,39269099,18,,3511.03,4498.07,36
Shalimar 40X30 90GSM Silver/Black,SHSP4030901,,Tarpaulin & Nets,39269099,18,,3558.5,4600.92,87
Shalimar 40X30 90GSM Green,SHSP4030907,,Tarpaulin & Nets,39269099,18,,3683.64,4694.7,73
Shalimar 40X40 90GSM Blue,SHSP404090,,Tarpaulin & Nets,39269099,18,,4152.02,5133.22,9
Shalimar 40X40 90GSM Yellow,SHSP4040902,,Tarpaulin & Nets,39269099,18,,4089.72,4933.04,95
Shalimar 40X40 90GSM Black,SHSP40409022,,Tarpaulin & Nets,39269099,18,,4830.46,5867.77,55
Shalimar 40X40 90GSM Silver/Black,SHSP4040900,,Tarpaulin & Nets,39269099,18,,4690.12,5477.32,40
Shalimar 40X40 90GSM Green,SHSP4040909,,Tarpaulin & Nets,39269099,18,,4843.7,6256.5,90
Shalimar 50X40 90GSM Blue,SHSP504090,,Tarpaulin & Nets,39269099,18,,5629.25,6520.85,77
Shalimar 50X40 90GSM Yellow,SHSP5040907,,Tarpaulin & Nets,39269099,18,,5743.9,6985.46,100
Shalimar 50X40 90GSM Black,SHSP5040905,,Tarpaulin & Nets,39269099,18,,5233.83,6330.89,34
Shalimar 50X40 90GSM Silver/Black,SHSP50409074,,Tarpaulin & Nets,39269099,18,,5894.66,7587.24,39
Shalimar 50X40 90GSM Green,SHSP5040900,,Tarpaulin & Nets,39269099,18,,6157.64,7430.07,20
Shalimar 60X40 90GSM Blue,SHSP604090,,Tarpaulin & Nets,39269099,18,,6638.15,8438.49,40
Shalimar 60X40 90GSM Yellow,SHSP6040900,,Tarpaulin & Nets,39269099,18,,6339.35,7583.05,26
Shalimar 60X40 90GSM Black,SHSP6040906,,Tarpaulin & Nets,39269099,18,,7220.27,9348.26,24
Shalimar 60X40 90GSM Silver/Black,SHSP6040908,,Tarpaulin & Nets,39269099,18,,6324.7,7293.61,19
Shalimar 60X40 90GSM Green,SHSP6040903,,Tarpaulin & Nets,39269099,18,,6235.94,7856.6,30
Shalimar 60X60 90GSM Blue,SHSP606090,,Tarpaulin & Nets,39269099,18,,11058.32,13863.42,80
Shalimar 60X60 90GSM Yellow,SHSP6060902,,Tarpaulin & Nets,39269099,18,,10413.25,13126.73,1
Shalimar 60X60 90GSM Black,SHSP6060909,,Tarpaulin & Nets,39269099,18,,9275.51,11587.77,6
Shalimar 60X60 90GSM Silver/Black,SHSP60609099,,Tarpaulin & Nets,39269099,18,,10094.75,13065.2,74
Shalimar 60X60 90GSM Green,SHSP6060900,,Tarpaulin & Nets,39269099,18,,10106.71,12271.57,22
Shalimar 80X60 90GSM Blue,SHSP806090,,Tarpaulin & Nets,39269099,18,,14278.81,16726.35,63
Shalimar 80X60 90GSM Yellow,SHSP8060901,,Tarpaulin & Nets,39269099,18,,12267.1,15760.49,37
Shalimar 80X60 90GSM Black,SHSP8060907,,Tarpaulin & Nets,39269099,18,,14429.2,18349.01,31
Shalimar 80X60 90GSM Silver/Black,SHSP8060903,,Tarpaulin & Nets,39269099,18,,13585.2,16438.01,21
Shalimar 80X60 90GSM Green,SHSP80609016,,Tarpaulin & Nets,39269099,18,,13378.59,16852.77,27
Shalimar 100X100 90GSM Blue,SHSP10010090,,Tarpaulin & Nets,39269099,18,,28677.51,33118.4,67
Shalimar 100X100 90GSM Yellow,SHSP100100907,,Tarpaulin & Nets,39269099,18,,26837.81,31824.69,82
Shalimar 100X100 90GSM Black,SHSP100100900,,Tarpaulin & Nets,39269099,18,,29706.2,38359.75,63
Shalimar 100X100 90GSM Silver/Black,SHSP100100905,,Tarpaulin & Nets,39269099,18,,26607.26,33326.15,42
Shalimar 100X100 90GSM Green,SHSP100100902,,Tarpaulin & Nets,39269099,18,,28316.76,34810.25,62
Shalimar 6X4 120GSM Blue,SHSP64120,,Tarpaulin & Nets,39269099,18,,81.88,100.34,50
Shalimar 6X4 120GSM Yellow,SHSP641202,,Tarpaulin & Nets,39269099,18,,78.94,98.28,49
Shalimar 6X4 120GSM Black,SHSP641208,,Tarpaulin & Nets,39269099,18,,81.69,103.85,22
Shalimar 6X4 120GSM Silver/Black,SHSP641204,,Tarpaulin & Nets,39269099,18,,77.06,92.86,50
Shalimar 6X4 120GSM Green,SHSP6412087,,Tarpaulin & Nets,39269099,18,,85.97,104.18,48
Shalimar 8X6 120GSM Blue,SHSP86120,,Tarpaulin & Nets,39269099,18,,173.53,204.72,49
Shalimar 8X6 120GSM Yellow,SHSP861205,,Tarpaulin & Nets,39269099,18,,158.38,191.19,62
Shalimar 8X6 120GSM Black,SHSP861209,,Tarpaulin & Nets,39269099,18,,179.86,221.93,11
Shalimar 8X6 120GSM Silver/Black,SHSP861208,,Tarpaulin & Nets,39269099,18,,168.83,210.61,76
Shalimar 8X6 120GSM Green,SHSP861201,,Tarpaulin & Nets,39269099,18,,183.45,220.8,74
Shalimar 9X6 120GSM Blue,SHSP96120,,Tarpaulin & Nets,39269099,18,,174.39,207.15,62
Shalimar 9X6 120GSM Yellow,SHSP961204,,Tarpaulin & Nets,39269099,18,,200.45,230.73,68
Shalimar 9X6 120GSM Black,SHSP961200,,Tarpaulin & Nets,39269099,18,,181.44,220.3,26
Shalimar 9X6 120GSM Silver/Black,SHSP9612044,,Tarpaulin & Nets,39269099,18,,202.62,255.64,25
Shalimar 9X6 120GSM Green,SHSP9612046,,Tarpaulin & Nets,39269099,18,,187.7,241.05,16
Shalimar 12X9 120GSM Blue,SHSP129120,,Tarpaulin & Nets,39269099,18,,346.94,415.31,76
Shalimar 12X9 120GSM Yellow,SHSP1291207,,Tarpaulin & Nets,39269099,18,,346.8,450.64,43
Shalimar 12X9 120GSM Black,SHSP1291209,,Tarpaulin & Nets,39269099,18,,387.31,461.85,100
Shalimar 12X9 120GSM Silver/Black,SHSP1291202,,Tarpaulin & Nets,39269099,18,,412.13,527.01,76
Shalimar 12X9 120GSM Green,SHSP1291201,,Tarpaulin & Nets,39269099,18,,384.68,495.92,86
Shalimar 12X10 120GSM Blue,SHSP1210120,,Tarpaulin & Nets,39269099,18,,434.99,544.38,23
Shalimar 12X10 120GSM Yellow,SHSP12101207,,Tarpaulin & Nets,39269099,18,,391.91,487.6,99
Shalimar 12X10 120GSM Black,SHSP12101205,,Tarpaulin & Nets,39269099,18,,417.81,531.74,80
Shalimar 12X10 120GSM Silver/Black,SHSP12101203,,Tarpaulin & Nets,39269099,18,,394.29,469.7,29
Shalimar 12X10 120GSM Green,SHSP12101206,,Tarpaulin & Nets,39269099,18,,405.94,467.21,33
Shalimar 15X12 120GSM Blue,SHSP1512120,,Tarpaulin & Nets,39269099,18,,634.27,779.24,41
Shalimar 15X12 120GSM Yellow,SHSP15121200,,Tarpaulin & Nets,39269099,18,,567.74,705.21,32
Shalimar 15X12 120GSM Black,SHSP15121202,,Tarpaulin & Nets,39269099,18,,595.8,690.94,41
Shalimar 15X12 120GSM Silver/Black,SHSP15121207,,Tarpaulin & Nets,39269099,18,,611.51,714.63,70
Shalimar 15X12 120GSM Green,SHSP15121203,,Tarpaulin & Nets,39269099,18,,666.57,854.81,60
Shalimar 18X12 120GSM Blue,SHSP1812120,,Tarpaulin & Nets,39269099,18,,771.4,916.07,18
Shalimar 18X12 120GSM Yellow,SHSP18121206,,Tarpaulin & Nets,39269099,18,,776.86,993.6,95
Shalimar 18X12 120GSM Black,SHSP181212065,,Tarpaulin & Nets,39269099,18,,718.71,838.46,79
Shalimar 18X12 120GSM Silver/Black,SHSP18121207,,Tarpaulin & Nets,39269099,18,,737.36,862.39,66
Shalimar 18X12 120GSM Green,SHSP181212077,,Tarpaulin & Nets,39269099,18,,785.61,947.47,12
Shalimar 18X15 120GSM Blue,SHSP1815120,,Tarpaulin & Nets,39269099,18,,1036.72,1220.26,86
Shalimar 18X15 120GSM Yellow,SHSP18151200,,Tarpaulin & Nets,39269099,18,,1029.5,1211.1,69
Shalimar 18X15 120GSM Black,SHSP18151203,,Tarpaulin & Nets,39269099,18,,862.23,1009.29,89
Shalimar 18X15 120GSM Silver/Black,SHSP18151204,,Tarpaulin & Nets,39269099,18,,996.5,1173.75,66
Shalimar 18X15 120GSM Green,SHSP18151209,,Tarpaulin & Nets,39269099,18,,864.54,1083.9,84
Shalimar 21X15 120GSM Blue,SHSP2115120,,Tarpaulin & Nets,39269099,18,,1108.61,1384.89,28
Shalimar 21X15 120GSM Yellow,SHSP21151208,,Tarpaulin & Nets,39269099,18,,1093.18,1350.84,13
Shalimar 21X15 120GSM Black,SHSP21151202,,Tarpaulin & Nets,39269099,18,,1139.35,1330.84,67
Shalimar 21X15 120GSM Silver/Black,SHSP21151203,,Tarpaulin & Nets,39269099,18,,1152.61,1388.78,85
Shalimar 21X15 120GSM Green,SHSP21151200,,Tarpaulin & Nets,39269099,18,,1144.05,1391.33,84
Shalimar 24X18 120GSM Blue,SHSP2418120,,Tarpaulin & Nets,39269099,18,,1439.06,1733.03,99
Shalimar 24X18 120GSM Yellow,SHSP24181205,,Tarpaulin & Nets,39269099,18,,1403.69,1798.87,98
Shalimar 24X18 120GSM Black,SHSP241812054,,Tarpaulin & Nets,39269099,18,,1450.56,1754.7,65
Shalimar 24X18 120GSM Silver/Black,SHSP24181208,,Tarpaulin & Nets,39269099,18,,1641.95,2094.54,77
Shalimar 24X18 120GSM Green,SHSP24181200,,Tarpaulin & Nets,39269099,18,,1475.6,1867.27,4
Shalimar 30X20 120GSM Blue,SHSP3020120,,Tarpaulin & Nets,39269099,18,,2196.54,2796.23,12
Shalimar 30X20 120GSM Yellow,SHSP30201209,,Tarpaulin & Nets,39269099,18,,1991.67,2508.82,8
Shalimar 30X20 120GSM Black,SHSP302012098,,Tarpaulin & Nets,39269099,18,,1961.92,2532.35,62
Shalimar 30X20 120GSM Silver/Black,SHSP30201208,,Tarpaulin & Nets,39269099,18,,2078.44,2622.72,82
Shalimar 30X20 120GSM Green,SHSP30201200,,Tarpaulin & Nets,39269099,18,,1899.24,2243.99,27
Shalimar 30X24 120GSM Blue,SHSP3024120,,Tarpaulin & Nets,39269099,18,,2379.62,2848.12,31
Shalimar 30X24 120GSM Yellow,SHSP30241204,,Tarpaulin & Nets,39269099,18,,2461.59,3160.7,81
Shalimar 30X24 120GSM Black,SHSP30241202,,Tarpaulin & Nets,39269099,18,,2408.63,2959.79,81
Shalimar 30X24 120GSM Silver/Black,SHSP30241208,,Tarpaulin & Nets,39269099,18,,2533.53,3110.61,62
Shalimar 30X24 120GSM Green,SHSP302412023,,Tarpaulin & Nets,39269099,18,,2476.28,3057.98,77
Shalimar 36X24 120GSM Blue,SHSP3624120,,Tarpaulin & Nets,39269099,18,,3090.82,3701.48,48
Shalimar 36X24 120GSM Yellow,SHSP36241209,,Tarpaulin & Nets,39269099,18,,2787.19,3515.07,72
Shalimar 36X24 120GSM Black,SHSP36241204,,Tarpaulin & Nets,39269099,18,,2952.98,3528.71,31
Shalimar 36X24 120GSM Silver/Black,SHSP36241201,,Tarpaulin & Nets,39269099,18,,2921.22,3711.82,31
Shalimar 36X24 120GSM Green,SHSP36241206,,Tarpaulin & Nets,39269099,18,,3088.17,3944.53,56
Shalimar 40X30 120GSM Blue,SHSP4030120,,Tarpaulin & Nets,39269099,18,,4266.43,4941.67,91
Shalimar 40X30 120GSM Yellow,SHSP40301201,,Tarpaulin & Nets,39269099,18,,4478.5,5716.04,65
Shalimar 40X30 120GSM Black,SHSP40301200,,Tarpaulin & Nets,39269099,18,,4221.25,4986.04,71
Shalimar 40X30 120GSM Silver/Black,SHSP40301202,,Tarpaulin & Nets,39269099,18,,3812.55,4869.0,49
Shalimar 40X30 120GSM Green,SHSP40301209,,Tarpaulin & Nets,39269099,18,,3818.08,4833.97,75
Shalimar 40X40 120GSM Blue,SHSP4040120,,Tarpaulin & Nets,39269099,18,,5659.01,6870.73,37
Shalimar 40X40 120GSM Yellow,SHSP40401203,,Tarpaulin & Nets,39269099,18,,5224.51,6230.05,28
Shalimar 40X40 120GSM Black,SHSP40401200,,Tarpaulin & Nets,39269099,18,,5371.48,6671.25,48
Shalimar 40X40 120GSM Silver/Black,SHSP40401206,,Tarpaulin & Nets,39269099,18,,5040.65,5913.27,76
Shalimar 40X40 120GSM Green,SHSP40401209,,Tarpaulin & Nets,39269099,18,,6082.76,7181.42,6
Shalimar 50X40 120GSM Blue,SHSP5040120,,Tarpaulin & Nets,39269099,18,,7187.62,8720.09,62
Shalimar 50X40 120GSM Yellow,SHSP50401206,,Tarpaulin & Nets,39269099,18,,7573.61,8909.1,31
Shalimar 50X40 120GSM Black,SHSP50401204,,Tarpaulin & Nets,39269099,18,,7387.9,9527.43,98
Shalimar 50X40 120GSM Silver/Black,SHSP50401208,,Tarpaulin & Nets,39269099,18,,6635.63,8468.35,48
Shalimar 50X40 120GSM Green,SHSP50401203,,Tarpaulin & Nets,39269099,18,,6663.86,8542.25,11
Shalimar 60X40 120GSM Blue,SHSP6040120,,Tarpaulin & Nets,39269099,18,,8032.62,9988.71,49
Shalimar 60X40 120GSM Yellow,SHSP60401200,,Tarpaulin & Nets,39269099,18,,7764.46,9512.58,88
Shalimar 60X40 120GSM Black,SHSP60401203,,Tarpaulin & Nets,39269099,18,,8674.1,10012.16,29
Shalimar 60X40 120GSM Silver/Black,SHSP60401201,,Tarpaulin & Nets,39269099,18,,8717.55,10921.15,36
Shalimar 60X40 120GSM Green,SHSP604012030,,Tarpaulin & Nets,39269099,18,,8232.64,9917.32,34
Shalimar 60X60 120GSM Blue,SHSP6060120,,Tarpaulin & Nets,39269099,18,,13188.42,15249.96,53
Shalimar 60X60 120GSM Yellow,SHSP60601206,,Tarpaulin & Nets,39269099,18,,12546.49,16202.77,16
Shalimar 60X60 120GSM Black,SHSP60601205,,Tarpaulin & Nets,39269099,18,,11934.17,15335.5,92
Shalimar 60X60 120GSM Silver/Black,SHSP60601201,,Tarpaulin & Nets,39269099,18,,12827.4,15769.11,79
Shalimar 60X60 120GSM Green,SHSP606012056,,Tarpaulin & Nets,39269099,18,,12646.82,14804.57,59
Shalimar 80X60 120GSM Blue,SHSP8060120,,Tarpaulin & Nets,39269099,18,,17232.59,20908.73,26
Shalimar 80X60 120GSM Yellow,SHSP80601204,,Tarpaulin & Nets,39269099,18,,16526.9,19646.96,95
Shalimar 80X60 120GSM Black,SHSP80601202,,Tarpaulin & Nets,39269099,18,,18429.96,23714.03,45
Shalimar 80X60 120GSM Silver/Black,SHSP80601208,,Tarpaulin & Nets,39269099,18,,17945.29,21742.28,14
Shalimar 80X60 120GSM Green,SHSP806012049,,Tarpaulin & Nets,39269099,18,,17927.46,21215.81,3
Shalimar 100X100 120GSM Blue,SHSP100100120,,Tarpaulin & Nets,39269099,18,,37155.58,45395.58,77
Shalimar 100X100 120GSM Yellow,SHSP1001001206,,Tarpaulin & Nets,39269099,18,,36951.04,44377.53,99
Shalimar 100X100 120GSM Black,SHSP1001001205,,Tarpaulin & Nets,39269099,18,,31856.99,39529.13,16
Shalimar 100X100 120GSM Silver/Black,SHSP10010012050,,Tarpaulin & Nets,39269099,18,,33243.89,40027.56,92
Shalimar 100X100 120GSM Green,SHSP1001001207,,Tarpaulin & Nets,39269099,18,,31546.22,39555.22,56
Shalimar 6X4 150GSM Blue,SHSP64150,,Tarpaulin & Nets,39269099,18,,103.48,128.37,20
Shalimar 6X4 150GSM Yellow,SHSP641500,,Tarpaulin & Nets,39269099,18,,117.01,140.61,53
Shalimar 6X4 150GSM Black,SHSP641501,,Tarpaulin & Nets,39269099,18,,117.14,139.96,49
Shalimar 6X4 150GSM Silver/Black,SHSP641505,,Tarpaulin & Nets,39269099,18,,106.2,129.55,42
Shalimar 6X4 150GSM Green,SHSP641503,,Tarpaulin & Nets,39269099,18,,117.67,136.58,50
Shalimar 8X6 150GSM Blue,SHSP86150,,Tarpaulin & Nets,39269099,18,,218.6,273.39,76
Shalimar 8X6 150GSM Yellow,SHSP861508,,Tarpaulin & Nets,39269099,18,,232.55,293.28,44
Shalimar 8X6 150GSM Black,SHSP861507,,Tarpaulin & Nets,39269099,18,,234.4,300.42,37
Shalimar 8X6 150GSM Silver/Black,SHSP861506,,Tarpaulin & Nets,39269099,18,,228.59,296.46,76
Shalimar 8X6 150GSM Green,SHSP8615078,,Tarpaulin & Nets,39269099,18,,227.79,274.15,6
Shalimar 9X6 150GSM Blue,SHSP96150,,Tarpaulin & Nets,39269099,18,,233.62,290.93,4
Shalimar 9X6 150GSM Yellow,SHSP961508,,Tarpaulin & Nets,39269099,18,,221.7,281.32,73
Shalimar 9X6 150GSM Black,SHSP961504,,Tarpaulin & Nets,39269099,18,,233.88,269.26,10
Shalimar 9X6 150GSM Silver/Black,SHSP961503,,Tarpaulin & Nets,39269099,18,,254.08,296.71,73
Shalimar 9X6 150GSM Green,SHSP961501,,Tarpaulin & Nets,39269099,18,,233.11,287.55,55
Shalimar 12X9 150GSM Blue,SHSP129150,,Tarpaulin & Nets,39269099,18,,457.41,543.41,50
Shalimar 12X9 150GSM Yellow,SHSP1291505,,Tarpaulin & Nets,39269099,18,,453.97,548.3,63
Shalimar 12X9 150GSM Black,SHSP1291508,,Tarpaulin & Nets,39269099,18,,503.16,589.91,96
Shalimar 12X9 150GSM Silver/Black,SHSP1291501,,Tarpaulin & Nets,39269099,18,,441.08,533.02,21
Shalimar 12X9 150GSM Green,SHSP1291506,,Tarpaulin & Nets,39269099,18,,528.37,685.78,27
Shalimar 12X10 150GSM Blue,SHSP1210150,,Tarpaulin & Nets,39269099,18,,587.02,690.81,65
Shalimar 12X10 150GSM Yellow,SHSP12101504,,Tarpaulin & Nets,39269099,18,,593.83,746.89,80
Shalimar 12X10 150GSM Black,SHSP12101507,,Tarpaulin & Nets,39269099,18,,526.59,659.19,38
Shalimar 12X10 150GSM Silver/Black,SHSP12101508,,Tarpaulin & Nets,39269099,18,,590.02,740.34,99
Shalimar 12X10 150GSM Green,SHSP121015073,,Tarpaulin & Nets,39269099,18,,534.68,643.19,76
Shalimar 15X12 150GSM Blue,SHSP1512150,,Tarpaulin & Nets,39269099,18,,866.94,1009.71,47
Shalimar 15X12 150GSM Yellow,SHSP15121507,,Tarpaulin & Nets,39269099,18,,736.51,872.38,54
Shalimar 15X12 150GSM Black,SHSP151215076,,Tarpaulin & Nets,39269099,18,,783.68,934.29,69
Shalimar 15X12 150GSM Silver/Black,SHSP15121503,,Tarpaulin & Nets,39269099,18,,754.72,961.89,25
Shalimar 15X12 150GSM Green,SHSP15121506,,Tarpaulin & Nets,39269099,18,,835.29,981.0,71
Shalimar 18X12 150GSM Blue,SHSP1812150,,Tarpaulin & Nets,39269099,18,,1059.19,1342.45,1
Shalimar 18X12 150GSM Yellow,SHSP18121508,,Tarpaulin & Nets,39269099,18,,971.79,1160.03,67
Shalimar 18X12 150GSM Black,SHSP18121502,,Tarpaulin & Nets,39269099,18,,957.43,1150.09,11
Shalimar 18X12 150GSM Silver/Black,SHSP18121509,,Tarpaulin & Nets,39269099,18,,961.1,1151.18,13
Shalimar 18X12 150GSM Green,SHSP18121507,,Tarpaulin & Nets,39269099,18,,967.0,1134.16,96
Shalimar 18X15 150GSM Blue,SHSP1815150,,Tarpaulin & Nets,39269099,18,,1129.65,1422.52,56
Shalimar 18X15 150GSM Yellow,SHSP18151500,,Tarpaulin & Nets,39269099,18,,1194.75,1474.21,100
Shalimar 18X15 150GSM Black,SHSP181515006,,Tarpaulin & Nets,39269099,18,,1297.44,1509.58,26
Shalimar 18X15 150GSM Silver/Black,SHSP18151503,,Tarpaulin & Nets,39269099,18,,1120.38,1290.03,90
Shalimar 18X15 150GSM Green,SHSP18151508,,Tarpaulin & Nets,39269099,18,,1238.78,1484.08,43
Shalimar 21X15 150GSM Blue,SHSP2115150,,Tarpaulin & Nets,39269099,18,,1380.25,1754.76,97
Shalimar 21X15 150GSM Yellow,SHSP21151500,,Tarpaulin & Nets,39269099,18,,1536.01,1944.52,92
Shalimar 21X15 150GSM Black,SHSP21151509,,Tarpaulin & Nets,39269099,18,,1404.83,1726.58,72
Shalimar 21X15 150GSM Silver/Black,SHSP21151504,,Tarpaulin & Nets,39269099,18,,1414.04,1682.59,17
Shalimar 21X15 150GSM Green,SHSP21151505,,Tarpaulin & Nets,39269099,18,,1285.17,1580.91,88
Shalimar 24X18 150GSM Blue,SHSP2418150,,Tarpaulin & Nets,39269099,18,,1843.1,2230.41,33
Shalimar 24X18 150GSM Yellow,SHSP24181508,,Tarpaulin & Nets,39269099,18,,1780.02,2289.06,48
Shalimar 24X18 150GSM Black,SHSP24181505,,Tarpaulin & Nets,39269099,18,,1823.37,2104.68,70
Shalimar 24X18 150GSM Silver/Black,SHSP241815058,,Tarpaulin & Nets,39269099,18,,1993.4,2322.7,95
Shalimar 24X18 150GSM Green,SHSP24181501,,Tarpaulin & Nets,39269099,18,,1848.02,2279.8,59
Shalimar 30X20 150GSM Blue,SHSP3020150,,Tarpaulin & Nets,39269099,18,,2857.27,3405.42,74
Shalimar 30X20 150GSM Yellow,SHSP30201509,,Tarpaulin & Nets,39269099,18,,2438.97,3081.26,59
Shalimar 30X20 150GSM Black,SHSP30201506,,Tarpaulin & Nets,39269099,18,,2654.98,3353.03,15
Shalimar 30X20 150GSM Silver/Black,SHSP30201501,,Tarpaulin & Nets,39269099,18,,2613.77,3171.38,15
Shalimar 30X20 150GSM Green,SHSP30201508,,Tarpaulin & Nets,39269099,18,,2777.12,3386.14,40
Shalimar 30X24 150GSM Blue,SHSP3024150,,Tarpaulin & Nets,39269099,18,,3477.74,4205.44,76
Shalimar 30X24 150GSM Yellow,SHSP30241501,,Tarpaulin & Nets,39269099,18,,2945.69,3593.2,72
Shalimar 30X24 150GSM Black,SHSP30241507,,Tarpaulin & Nets,39269099,18,,3515.97,4247.31,62
Shalimar 30X24 150GSM Silver/Black,SHSP30241504,,Tarpaulin & Nets,39269099,18,,2967.67,3442.12,63
Shalimar 30X24 150GSM Green,SHSP30241508,,Tarpaulin & Nets,39269099,18,,3288.48,4152.16,53
Shalimar 36X24 150GSM Blue,SHSP3624150,,Tarpaulin & Nets,39269099,18,,4223.74,5216.23,8
Shalimar 36X24 150GSM Yellow,SHSP36241505,,Tarpaulin & Nets,39269099,18,,3919.64,4626.11,50
Shalimar 36X24 150GSM Black,SHSP36241501,,Tarpaulin & Nets,39269099,18,,3636.56,4599.21,83
Shalimar 36X24 150GSM Silver/Black,SHSP36241500,,Tarpaulin & Nets,39269099,18,,3514.76,4426.13,14
Shalimar 36X24 150GSM Green,SHSP36241504,,Tarpaulin & Nets,39269099,18,,4020.22,4876.11,3
Shalimar 40X30 150GSM Blue,SHSP4030150,,Tarpaulin & Nets,39269099,18,,5231.57,6359.49,51
Shalimar 40X30 150GSM Yellow,SHSP40301508,,Tarpaulin & Nets,39269099,18,,5244.13,6793.48,10
Shalimar 40X30 150GSM Black,SHSP40301504,,Tarpaulin & Nets,39269099,18,,5197.47,6723.69,72
Shalimar 40X30 150GSM Silver/Black,SHSP403015043,,Tarpaulin & Nets,39269099,18,,5616.53,6867.94,26
Shalimar 40X30 150GSM Green,SHSP403015042,,Tarpaulin & Nets,39269099,18,,5766.76,6756.17,57
Shalimar 40X40 150GSM Blue,SHSP4040150,,Tarpaulin & Nets,39269099,18,,7137.59,8580.68,98
Shalimar 40X40 150GSM Yellow,SHSP40401505,,Tarpaulin & Nets,39269099,18,,7878.33,9072.79,28
Shalimar 40X40 150GSM Black,SHSP40401504,,Tarpaulin & Nets,39269099,18,,7208.91,8755.95,24
Shalimar 40X40 150GSM Silver/Black,SHSP404015051,,Tarpaulin & Nets,39269099,18,,7761.63,8985.78,11
Shalimar 40X40 150GSM Green,SHSP40401506,,Tarpaulin & Nets,39269099,18,,6494.93,8284.04,81
Shalimar 50X40 150GSM Blue,SHSP5040150,,Tarpaulin & Nets,39269099,18,,9408.95,10851.35,56
Shalimar 50X40 150GSM Yellow,SHSP50401508,,Tarpaulin & Nets,39269099,18,,8968.08,11600.15,24
Shalimar 50X40 150GSM Black,SHSP50401500,,Tarpaulin & Nets,39269099,18,,8571.6,10826.0,92
Shalimar 50X40 150GSM Silver/Black,SHSP50401507,,Tarpaulin & Nets,39269099,18,,9797.13,12503.72,52
Shalimar 50X40 150GSM Green,SHSP50401509,,Tarpaulin & Nets,39269099,18,,9618.95,12191.8,93
Shalimar 60X40 150GSM Blue,SHSP6040150,,Tarpaulin & Nets,39269099,18,,10367.38,12640.17,88
Shalimar 60X40 150GSM Yellow,SHSP60401505,,Tarpaulin & Nets,39269099,18,,9856.53,12350.1,81
Shalimar 60X40 150GSM Black,SHSP60401501,,Tarpaulin & Nets,39269099,18,,11016.78,12787.18,97
Shalimar 60X40 150GSM Silver/Black,SHSP60401507,,Tarpaulin & Nets,39269099,18,,10684.63,12632.48,39
Shalimar 60X40 150GSM Green,SHSP60401503,,Tarpaulin & Nets,39269099,18,,9918.34,12185.7,60
Shalimar 60X60 150GSM Blue,SHSP6060150,,Tarpaulin & Nets,39269099,18,,15145.72,17638.14,64
Shalimar 60X60 150GSM Yellow,SHSP60601500,,Tarpaulin & Nets,39269099,18,,15071.32,18161.52,34
Shalimar 60X60 150GSM Black,SHSP60601501,,Tarpaulin & Nets,39269099,18,,16324.67,19188.25,18
Shalimar 60X60 150GSM Silver/Black,SHSP60601507,,Tarpaulin & Nets,39269099,18,,17230.52,21654.46,68
Shalimar 60X60 150GSM Green,SHSP606015077,,Tarpaulin & Nets,39269099,18,,15212.24,18657.85,7
Shalimar 80X60 150GSM Blue,SHSP8060150,,Tarpaulin & Nets,39269099,18,,20825.31,25931.8,40
Shalimar 80X60 150GSM Yellow,SHSP80601507,,Tarpaulin & Nets,39269099,18,,23269.69,29059.06,24
Shalimar 80X60 150GSM Black,SHSP80601503,,Tarpaulin & Nets,39269099,18,,23429.67,27495.2,74
Shalimar 80X60 150GSM Silver/Black,SHSP806015038,,Tarpaulin & Nets,39269099,18,,22154.35,25820.38,22
Shalimar 80X60 150GSM Green,SHSP80601502,,Tarpaulin & Nets,39269099,18,,19779.56,24063.05,74
Shalimar 100X100 150GSM Blue,SHSP100100150,,Tarpaulin & Nets,39269099,18,,42179.37,50915.15,55
Shalimar 100X100 150GSM Yellow,SHSP1001001507,,Tarpaulin & Nets,39269099,18,,44791.49,57927.45,68
Shalimar 100X100 150GSM Black,SHSP1001001508,,Tarpaulin & Nets,39269099,18,,45275.27,57770.58,81
Shalimar 100X100 150GSM Silver/Black,SHSP1001001500,,Tarpaulin & Nets,39269099,18,,43932.32,51589.05,89
Shalimar 100X100 150GSM Green,SHSP1001001506,,Tarpaulin & Nets,39269099,18,,46351.78,59781.99,37
Shalimar 6X4 200GSM Blue,SHSP64200,,Tarpaulin & Nets,39269099,18,,152.09,182.02,95
Shalimar 6X4 200GSM Yellow,SHSP642007,,Tarpaulin & Nets,39269099,18,,133.84,159.7,14
Shalimar 6X4 200GSM Black,SHSP6420070,,Tarpaulin & Nets,39269099,18,,150.76,189.95,46
Shalimar 6X4 200GSM Silver/Black,SHSP642001,,Tarpaulin & Nets,39269099,18,,149.43,175.06,55
Shalimar 6X4 200GSM Green,SHSP642008,,Tarpaulin & Nets,39269099,18,,137.48,169.04,26
Shalimar 8X6 200GSM Blue,SHSP86200,,Tarpaulin & Nets,39269099,18,,294.41,368.36,66
Shalimar 8X6 200GSM Yellow,SHSP862000,,Tarpaulin & Nets,39269099,18,,293.24,377.18,60
Shalimar 8X6 200GSM Black,SHSP862003,,Tarpaulin & Nets,39269099,18,,263.26,331.45,85
Shalimar 8X6 200GSM Silver/Black,SHSP862001,,Tarpaulin & Nets,39269099,18,,312.65,373.1,95
Shalimar 8X6 200GSM Green,SHSP8620017,,Tarpaulin & Nets,39269099,18,,290.31,348.18,35
Shalimar 9X6 200GSM Blue,SHSP96200,,Tarpaulin & Nets,39269099,18,,333.57,402.57,34
Shalimar 9X6 200GSM Yellow,SHSP962007,,Tarpaulin & Nets,39269099,18,,328.1,390.27,14
Shalimar 9X6 200GSM Black,SHSP962002,,Tarpaulin & Nets,39269099,18,,313.05,365.7,64
Shalimar 9X6 200GSM Silver/Black,SHSP9620076,,Tarpaulin & Nets,39269099,18,,321.7,391.37,42
Shalimar 9X6 200GSM Green,SHSP962005,,Tarpaulin & Nets,39269099,18,,313.09,395.16,86
Shalimar 12X9 200GSM Blue,SHSP129200,,Tarpaulin & Nets,39269099,18,,633.45,775.0,47
Shalimar 12X9 200GSM Yellow,SHSP1292001,,Tarpaulin & Nets,39269099,18,,671.54,777.09,53
Shalimar 12X9 200GSM Black,SHSP1292005,,Tarpaulin & Nets,39269099,18,,692.86,857.13,30
Shalimar 12X9 200GSM Silver/Black,SHSP1292006,,Tarpaulin & Nets,39269099,18,,700.96,876.24,42
Shalimar 12X9 200GSM Green,SHSP1292003,,Tarpaulin & Nets,39269099,18,,625.91,767.21,19
Shalimar 12X10 200GSM Blue,SHSP1210200,,Tarpaulin & Nets,39269099,18,,716.71,840.07,18
Shalimar 12X10 200GSM Yellow,SHSP12102009,,Tarpaulin & Nets,39269099,18,,789.88,998.9,100
Shalimar 12X10 200GSM Black,SHSP12102002,,Tarpaulin & Nets,39269099,18,,719.33,884.83,58
Shalimar 12X10 200GSM Silver/Black,SHSP12102001,,Tarpaulin & Nets,39269099,18,,689.89,817.67,48
Shalimar 12X10 200GSM Green,SHSP121020015,,Tarpaulin & Nets,39269099,18,,729.78,869.16,58
Shalimar 15X12 200GSM Blue,SHSP1512200,,Tarpaulin & Nets,39269099,18,,1177.64,1371.72,10
Shalimar 15X12 200GSM Yellow,SHSP15122003,,Tarpaulin & Nets,39269099,18,,988.64,1282.02,22
Shalimar 15X12 200GSM Black,SHSP15122009,,Tarpaulin & Nets,39269099,18,,1063.96,1248.68,12
Shalimar 15X12 200GSM Silver/Black,SHSP15122001,,Tarpaulin & Nets,39269099,18,,1150.51,1408.61,27
Shalimar 15X12 200GSM Green,SHSP15122000,,Tarpaulin & Nets,39269099,18,,1006.64,1255.08,57
Shalimar 18X12 200GSM Blue,SHSP1812200,,Tarpaulin & Nets,39269099,18,,1266.33,1614.81,70
Shalimar 18X12 200GSM Yellow,SHSP18122004,,Tarpaulin & Nets,39269099,18,,1239.43,1453.26,21
Shalimar 18X12 200GSM Black,SHSP18122002,,Tarpaulin & Nets,39269099,18,,1377.3,1721.88,53
Shalimar 18X12 200GSM Silver/Black,SHSP18122001,,Tarpaulin & Nets,39269099,18,,1380.65,1724.89,94
Shalimar 18X12 200GSM Green,SHSP18122008,,Tarpaulin & Nets,39269099,18,,1424.32,1704.75,16
Shalimar 18X15 200GSM Blue,SHSP1815200,,Tarpaulin & Nets,39269099,18,,1591.0,1928.44,7
Shalimar 18X15 200GSM Yellow,SHSP18152004,,Tarpaulin & Nets,39269099,18,,1605.56,2058.41,78
Shalimar 18X15 200GSM Black,SHSP18152008,,Tarpaulin & Nets,39269099,18,,1601.86,1849.76,76
Shalimar 18X15 200GSM Silver/Black,SHSP18152003,,Tarpaulin & Nets,39269099,18,,1739.79,2192.98,62
Shalimar 18X15 200GSM Green,SHSP18152005,,Tarpaulin & Nets,39269099,18,,1759.74,2207.79,91
Shalimar 21X15 200GSM Blue,SHSP2115200,,Tarpaulin & Nets,39269099,18,,2062.65,2489.31,43
Shalimar 21X15 200GSM Yellow,SHSP21152007,,Tarpaulin & Nets,39269099,18,,1859.42,2142.6,13
Shalimar 21X15 200GSM Black,SHSP21152000,,Tarpaulin & Nets,39269099,18,,1825.97,2320.61,68
Shalimar 21X15 200GSM Silver/Black,SHSP21152006,,Tarpaulin & Nets,39269099,18,,2058.25,2539.75,82
Shalimar 21X15 200GSM Green,SHSP211520075,,Tarpaulin & Nets,39269099,18,,1771.04,2056.27,26
Shalimar 24X18 200GSM Blue,SHSP2418200,,Tarpaulin & Nets,39269099,18,,2414.06,2817.22,6
Shalimar 24X18 200GSM Yellow,SHSP24182005,,Tarpaulin & Nets,39269099,18,,2349.26,3033.11,19
Shalimar 24X18 200GSM Black,SHSP24182001,,Tarpaulin & Nets,39269099,18,,2705.43,3225.63,46
Shalimar 24X18 200GSM Silver/Black,SHSP24182006,,Tarpaulin & Nets,39269099,18,,2819.78,3278.28,50
Shalimar 24X18 200GSM Green,SHSP24182000,,Tarpaulin & Nets,39269099,18,,2664.88,3302.98,72
Shalimar 30X20 200GSM Blue,SHSP3020200,,Tarpaulin & Nets,39269099,18,,3552.22,4178.95,22
Shalimar 30X20 200GSM Yellow,SHSP30202008,,Tarpaulin & Nets,39269099,18,,3394.37,4138.42,86
Shalimar 30X20 200GSM Black,SHSP30202007,,Tarpaulin & Nets,39269099,18,,3439.28,4348.28,90
Shalimar 30X20 200GSM Silver/Black,SHSP30202006,,Tarpaulin & Nets,39269099,18,,3632.98,4507.08,97
Shalimar 30X20 200GSM Green,SHSP30202003,,Tarpaulin & Nets,39269099,18,,3754.61,4640.11,39
Shalimar 30X24 200GSM Blue,SHSP3024200,,Tarpaulin & Nets,39269099,18,,4705.83,5769.38,100
Shalimar 30X24 200GSM Yellow,SHSP30242000,,Tarpaulin & Nets,39269099,18,,3889.67,4962.33,49
Shalimar 30X24 200GSM Black,SHSP30242006,,Tarpaulin & Nets,39269099,18,,4410.63,5254.22,11
Shalimar 30X24 200GSM Silver/Black,SHSP30242001,,Tarpaulin & Nets,39269099,18,,4376.92,5216.37,28
Shalimar 30X24 200GSM Green,SHSP302420067,,Tarpaulin & Nets,39269099,18,,4407.52,5664.47,39
Shalimar 36X24 200GSM Blue,SHSP3624200,,Tarpaulin & Nets,39269099,18,,4900.78,6002.41,93
Shalimar 36X24 200GSM Yellow,SHSP36242007,,Tarpaulin & Nets,39269099,18,,4993.4,6391.14,36
Shalimar 36X24 200GSM Black,SHSP36242003,,Tarpaulin & Nets,39269099,18,,4884.4,5805.31,8
Shalimar 36X24 200GSM Silver/Black,SHSP362420072,,Tarpaulin & Nets,39269099,18,,4795.75,5631.47,2
Shalimar 36X24 200GSM Green,SHSP36242005,,Tarpaulin & Nets,39269099,18,,5136.45,6072.11,49
Shalimar 40X30 200GSM Blue,SHSP4030200,,Tarpaulin & Nets,39269099,18,,6711.23,8503.2,68
Shalimar 40X30 200GSM Yellow,SHSP40302008,,Tarpaulin & Nets,39269099,18,,7164.83,8846.89,12
Shalimar 40X30 200GSM Black,SHSP40302009,,Tarpaulin & Nets,39269099,18,,7805.45,9473.13,91
Shalimar 40X30 200GSM Silver/Black,SHSP40302001,,Tarpaulin & Nets,39269099,18,,7073.0,8908.11,7
Shalimar 40X30 200GSM Green,SHSP403020082,,Tarpaulin & Nets,39269099,18,,7287.91,8418.69,38
Shalimar 40X40 200GSM Blue,SHSP4040200,,Tarpaulin & Nets,39269099,18,,9081.87,10811.0,35
Shalimar 40X40 200GSM Yellow,SHSP40402001,,Tarpaulin & Nets,39269099,18,,10457.14,12849.11,11
Shalimar 40X40 200GSM Black,SHSP40402007,,Tarpaulin & Nets,39269099,18,,9186.82,11793.68,24
Shalimar 40X40 200GSM Silver/Black,SHSP40402003,,Tarpaulin & Nets,39269099,18,,9681.89,11202.3,20
Shalimar 40X40 200GSM Green,SHSP40402009,,Tarpaulin & Nets,39269099,18,,8787.34,11376.48,14
Shalimar 50X40 200GSM Blue,SHSP5040200,,Tarpaulin & Nets,39269099,18,,11192.59,13487.03,40
Shalimar 50X40 200GSM Yellow,SHSP50402003,,Tarpaulin & Nets,39269099,18,,12363.1,15740.2,83
Shalimar 50X40 200GSM Black,SHSP50402001,,Tarpaulin & Nets,39269099,18,,11798.99,14053.1,18
Shalimar 50X40 200GSM Silver/Black,SHSP50402005,,Tarpaulin & Nets,39269099,18,,11946.47,14969.84,9
Shalimar 50X40 200GSM Green,SHSP50402006,,Tarpaulin & Nets,39269099,18,,12355.74,15711.49,56
Shalimar 60X40 200GSM Blue,SHSP6040200,,Tarpaulin & Nets,39269099,18,,15626.35,18128.79,36
Shalimar 60X40 200GSM Yellow,SHSP60402008,,Tarpaulin & Nets,39269099,18,,13502.1,16907.03,10
Shalimar 60X40 200GSM Black,SHSP60402006,,Tarpaulin & Nets,39269099,18,,13635.53,16601.5,25
Shalimar 60X40 200GSM Silver/Black,SHSP60402002,,Tarpaulin & Nets,39269099,18,,15509.91,19439.16,89
Shalimar 60X40 200GSM Green,SHSP60402001,,Tarpaulin & Nets,39269099,18,,14566.73,17610.92,93
Shalimar 60X60 200GSM Blue,SHSP6060200,,Tarpaulin & Nets,39269099,18,,21079.09,27349.28,99
Shalimar 60X60 200GSM Yellow,SHSP60602007,,Tarpaulin & Nets,39269099,18,,23153.67,28127.7,59
Shalimar 60X60 200GSM Black,SHSP60602000,,Tarpaulin & Nets,39269099,18,,22062.74,28037.94,41
Shalimar 60X60 200GSM Silver/Black,SHSP60602006,,Tarpaulin & Nets,39269099,18,,22796.39,26339.03,9
Shalimar 60X60 200GSM Green,SHSP60602001,,Tarpaulin & Nets,39269099,18,,22353.08,27455.28,69
Shalimar 80X60 200GSM Blue,SHSP8060200,,Tarpaulin & Nets,39269099,18,,26697.87,33105.51,100
Shalimar 80X60 200GSM Yellow,SHSP80602004,,Tarpaulin & Nets,39269099,18,,30912.68,40072.91,15
Shalimar 80X60 200GSM Black,SHSP806020048,,Tarpaulin & Nets,39269099,18,,28330.96,36518.99,10
Shalimar 80X60 200GSM Silver/Black,SHSP80602006,,Tarpaulin & Nets,39269099,18,,26840.52,33218.05,61
Shalimar 80X60 200GSM Green,SHSP80602005,,Tarpaulin & Nets,39269099,18,,31324.34,38121.63,76
Shalimar 100X100 200GSM Blue,SHSP100100200,,Tarpaulin & Nets,39269099,18,,57589.11,72417.67,73
Shalimar 100X100 200GSM Yellow,SHSP1001002005,,Tarpaulin & Nets,39269099,18,,65427.72,81258.05,86
Shalimar 100X100 200GSM Black,SHSP1001002009,,Tarpaulin & Nets,39269099,18,,65530.44,78896.45,12
Shalimar 100X100 200GSM Silver/Black,SHSP10010020095,,Tarpaulin & Nets,39269099,18,,63237.92,81417.57,90
Shalimar 100X100 200GSM Green,SHSP1001002000,,Tarpaulin & Nets,39269099,18,,65698.39,78735.4,6
Shalimar 6X4 250GSM Blue,SHSP64250,,Tarpaulin & Nets,39269099,18,,195.64,229.41,29
Shalimar 6X4 250GSM Yellow,SHSP642501,,Tarpaulin & Nets,39269099,18,,183.84,222.92,27
Shalimar 6X4 250GSM Black,SHSP642508,,Tarpaulin & Nets,39269099,18,,177.36,212.1,23
Shalimar 6X4 250GSM Silver/Black,SHSP642509,,Tarpaulin & Nets,39269099,18,,197.86,240.29,61
Shalimar 6X4 250GSM Green,SHSP642506,,Tarpaulin & Nets,39269099,18,,166.98,200.31,29
Shalimar 8X6 250GSM Blue,SHSP86250,,Tarpaulin & Nets,39269099,18,,370.97,452.26,57
Shalimar 8X6 250GSM Yellow,SHSP862501,,Tarpaulin & Nets,39269099,18,,342.29,423.16,17
Shalimar 8X6 250GSM Black,SHSP862500,,Tarpaulin & Nets,39269099,18,,331.55,401.91,5
Shalimar 8X6 250GSM Silver/Black,SHSP862506,,Tarpaulin & Nets,39269099,18,,369.59,429.7,30
Shalimar 8X6 250GSM Green,SHSP8625001,,Tarpaulin & Nets,39269099,18,,354.12,451.5,53
Shalimar 9X6 250GSM Blue,SHSP96250,,Tarpaulin & Nets,39269099,18,,430.01,536.06,25
Shalimar 9X6 250GSM Yellow,SHSP962507,,Tarpaulin & Nets,39269099,18,,389.13,464.47,32
Shalimar 9X6 250GSM Black,SHSP962508,,Tarpaulin & Nets,39269099,18,,388.06,449.19,52
Shalimar 9X6 250GSM Silver/Black,SHSP9625080,,Tarpaulin & Nets,39269099,18,,431.44,556.14,68
Shalimar 9X6 250GSM Green,SHSP9625072,,Tarpaulin & Nets,39269099,18,,386.92,467.09,79
Shalimar 12X9 250GSM Blue,SHSP129250,,Tarpaulin & Nets,39269099,18,,889.73,1140.26,89
Shalimar 12X9 250GSM Yellow,SHSP1292502,,Tarpaulin & Nets,39269099,18,,781.63,937.14,58
Shalimar 12X9 250GSM Black,SHSP1292507,,Tarpaulin & Nets,39269099,18,,754.02,927.65,46
Shalimar 12X9 250GSM Silver/Black,SHSP12925070,,Tarpaulin & Nets,39269099,18,,805.83,960.74,42
Shalimar 12X9 250GSM Green,SHSP1292506,,Tarpaulin & Nets,39269099,18,,872.62,1013.27,60
Shalimar 12X10 250GSM Blue,SHSP1210250,,Tarpaulin & Nets,39269099,18,,815.28,952.92,19
Shalimar 12X10 250GSM Yellow,SHSP12102500,,Tarpaulin & Nets,39269099,18,,847.58,998.71,54
Shalimar 12X10 250GSM Black,SHSP12102505,,Tarpaulin & Nets,39269099,18,,822.95,1035.74,30
Shalimar 12X10 250GSM Silver/Black,SHSP12102507,,Tarpaulin & Nets,39269099,18,,857.83,1084.91,31
Shalimar 12X10 250GSM Green,SHSP12102503,,Tarpaulin & Nets,39269099,18,,942.52,1197.77,37
Shalimar 15X12 250GSM Blue,SHSP1512250,,Tarpaulin & Nets,39269099,18,,1357.28,1726.98,77
Shalimar 15X12 250GSM Yellow,SHSP15122501,,Tarpaulin & Nets,39269099,18,,1438.96,1680.49,26
Shalimar 15X12 250GSM Black,SHSP15122508,,Tarpaulin & Nets,39269099,18,,1318.66,1685.45,99
Shalimar 15X12 250GSM Silver/Black,SHSP15122500,,Tarpaulin & Nets,39269099,18,,1440.65,1831.75,45
Shalimar 15X12 250GSM Green,SHSP15122503,,Tarpaulin & Nets,39269099,18,,1401.63,1624.51,64
Shalimar 18X12 250GSM Blue,SHSP1812250,,Tarpaulin & Nets,39269099,18,,1540.92,1997.63,52
Shalimar 18X12 250GSM Yellow,SHSP18122503,,Tarpaulin & Nets,39269099,18,,1598.75,1884.26,53
Shalimar 18X12 250GSM Black,SHSP18122501,,Tarpaulin & Nets,39269099,18,,1499.43,1753.82,82
Shalimar 18X12 250GSM Silver/Black,SHSP18122506,,Tarpaulin & Nets,39269099,18,,1481.45,1876.97,56
Shalimar 18X12 250GSM Green,SHSP18122502,,Tarpaulin & Nets,39269099,18,,1517.56,1883.6,25
Shalimar 18X15 250GSM Blue,SHSP1815250,,Tarpaulin & Nets,39269099,18,,2015.26,2539.18,6
Shalimar 18X15 250GSM Yellow,SHSP18152502,,Tarpaulin & Nets,39269099,18,,2111.26,2463.75,79
Shalimar 18X15 250GSM Black,SHSP18152504,,Tarpaulin & Nets,39269099,18,,2218.27,2573.48,1
Shalimar 18X15 250GSM Silver/Black,SHSP18152506,,Tarpaulin & Nets,39269099,18,,1946.39,2500.85,26
Shalimar 18X15 250GSM Green,SHSP18152500,,Tarpaulin & Nets,39269099,18,,1893.53,2254.33,1
Shalimar 21X15 250GSM Blue,SHSP2115250,,Tarpaulin & Nets,39269099,18,,2417.54,2796.42,73
Shalimar 21X15 250GSM Yellow,SHSP21152504,,Tarpaulin & Nets,39269099,18,,2525.02,2988.46,73
Shalimar 21X15 250GSM Black,SHSP21152509,,Tarpaulin & Nets,39269099,18,,2446.25,2900.58,5
Shalimar 21X15 250GSM Silver/Black,SHSP21152508,,Tarpaulin & Nets,39269099,18,,2331.03,2791.32,31
Shalimar 21X15 250GSM Green,SHSP21152506,,Tarpaulin & Nets,39269099,18,,2391.53,2754.02,19
Shalimar 24X18 250GSM Blue,SHSP2418250,,Tarpaulin & Nets,39269099,18,,3496.64,4489.6,14
Shalimar 24X18 250GSM Yellow,SHSP24182502,,Tarpaulin & Nets,39269099,18,,3548.77,4548.98,2
Shalimar 24X18 250GSM Black,SHSP24182504,,Tarpaulin & Nets,39269099,18,,3066.47,3636.41,47
Shalimar 24X18 250GSM Silver/Black,SHSP24182506,,Tarpaulin & Nets,39269099,18,,3516.81,4097.0,0
Shalimar 24X18 250GSM Green,SHSP241825040,,Tarpaulin & Nets,39269099,18,,3346.12,4037.42,99
Shalimar 30X20 250GSM Blue,SHSP3020250,,Tarpaulin & Nets,39269099,18,,4854.38,5874.91,68
Shalimar 30X20 250GSM Yellow,SHSP30202508,,Tarpaulin & Nets,39269099,18,,4193.93,5171.96,0
Shalimar 30X20 250GSM Black,SHSP30202507,,Tarpaulin & Nets,39269099,18,,4205.83,4867.31,19
Shalimar 30X20 250GSM Silver/Black,SHSP30202501,,Tarpaulin & Nets,39269099,18,,4308.14,5371.85,28
Shalimar 30X20 250GSM Green,SHSP302025076,,Tarpaulin & Nets,39269099,18,,4663.13,5520.7,57
Shalimar 30X24 250GSM Blue,SHSP3024250,,Tarpaulin & Nets,39269099,18,,4899.5,5662.59,31
Shalimar 30X24 250GSM Yellow,SHSP30242500,,Tarpaulin & Nets,39269099,18,,4918.84,6048.3,100
Shalimar 30X24 250GSM Black,SHSP30242505,,Tarpaulin & Nets,39269099,18,,5131.25,6159.57,15
Shalimar 30X24 250GSM Silver/Black,SHSP30242506,,Tarpaulin & Nets,39269099,18,,5616.08,6651.76,0
Shalimar 30X24 250GSM Green,SHSP30242507,,Tarpaulin & Nets,39269099,18,,5545.05,6977.1,56
Shalimar 36X24 250GSM Blue,SHSP3624250,,Tarpaulin & Nets,39269099,18,,6028.22,7732.33,24
Shalimar 36X24 250GSM Yellow,SHSP36242507,,Tarpaulin & Nets,39269099,18,,6867.23,8720.31,48
Shalimar 36X24 250GSM Black,SHSP36242502,,Tarpaulin & Nets,39269099,18,,7077.08,8529.24,13
Shalimar 36X24 250GSM Silver/Black,SHSP36242500,,Tarpaulin & Nets,39269099,18,,6856.91,8373.15,39
Shalimar 36X24 250GSM Green,SHSP362425021,,Tarpaulin & Nets,39269099,18,,6235.39,7850.02,15
Shalimar 40X30 250GSM Blue,SHSP4030250,,Tarpaulin & Nets,39269099,18,,9224.53,10663.11,84
Shalimar 40X30 250GSM Yellow,SHSP40302501,,Tarpaulin & Nets,39269099,18,,8184.27,10138.83,65
Shalimar 40X30 250GSM Black,SHSP403025013,,Tarpaulin & Nets,39269099,18,,9115.52,10985.19,60
Shalimar 40X30 250GSM Silver/Black,SHSP40302509,,Tarpaulin & Nets,39269099,18,,9143.01,11840.44,31
Shalimar 40X30 250GSM Green,SHSP40302505,,Tarpaulin & Nets,39269099,18,,8655.99,10837.8,38
Shalimar 40X40 250GSM Blue,SHSP4040250,,Tarpaulin & Nets,39269099,18,,12171.68,15408.89,73
Shalimar 40X40 250GSM Yellow,SHSP40402506,,Tarpaulin & Nets,39269099,18,,11749.77,13872.12,63
Shalimar 40X40 250GSM Black,SHSP40402505,,Tarpaulin & Nets,39269099,18,,11621.01,13973.26,7
Shalimar 40X40 250GSM Silver/Black,SHSP40402509,,Tarpaulin & Nets,39269099,18,,12537.56,14756.0,45
Shalimar 40X40 250GSM Green,SHSP40402508,,Tarpaulin & Nets,39269099,18,,12461.37,15385.76,61
Shalimar 50X40 250GSM Blue,SHSP5040250,,Tarpaulin & Nets,39269099,18,,15692.41,19603.41,67
Shalimar 50X40 250GSM Yellow,SHSP50402503,,Tarpaulin & Nets,39269099,18,,13558.49,16190.01,56
Shalimar 50X40 250GSM Black,SHSP50402501,,Tarpaulin & Nets,39269099,18,,15699.23,18330.03,2
Shalimar 50X40 250GSM Silver/Black,SHSP50402500,,Tarpaulin & Nets,39269099,18,,14204.2,16479.21,48
Shalimar 50X40 250GSM Green,SHSP50402508,,Tarpaulin & Nets,39269099,18,,14836.64,18953.13,79
Shalimar 60X40 250GSM Blue,SHSP6040250,,Tarpaulin & Nets,39269099,18,,18267.68,22160.03,23
Shalimar 60X40 250GSM Yellow,SHSP60402502,,Tarpaulin & Nets,39269099,18,,16367.3,19727.44,13
Shalimar 60X40 250GSM Black,SHSP60402505,,Tarpaulin & Nets,39269099,18,,18654.9,21773.68,15
Shalimar 60X40 250GSM Silver/Black,SHSP60402508,,Tarpaulin & Nets,39269099,18,,18362.48,22664.88,31
Shalimar 60X40 250GSM Green,SHSP60402503,,Tarpaulin & Nets,39269099,18,,18360.2,21597.35,77
Shalimar 60X60 250GSM Blue,SHSP6060250,,Tarpaulin & Nets,39269099,18,,24665.05,30564.87,79
Shalimar 60X60 250GSM Yellow,SHSP60602503,,Tarpaulin & Nets,39269099,18,,25564.13,31465.5,1
Shalimar 60X60 250GSM Black,SHSP60602504,,Tarpaulin & Nets,39269099,18,,28807.59,36453.98,21
Shalimar 60X60 250GSM Silver/Black,SHSP60602509,,Tarpaulin & Nets,39269099,18,,26696.01,31487.77,29
Shalimar 60X60 250GSM Green,SHSP60602501,,Tarpaulin & Nets,39269099,18,,27229.71,32117.18,94
Shalimar 80X60 250GSM Blue,SHSP8060250,,Tarpaulin & Nets,39269099,18,,33118.82,42756.57,81
Shalimar 80X60 250GSM Yellow,SHSP80602503,,Tarpaulin & Nets,39269099,18,,39229.51,47863.21,45
Shalimar 80X60 250GSM Black,SHSP80602505,,Tarpaulin & Nets,39269099,18,,39340.67,49710.42,21
Shalimar 80X60 250GSM Silver/Black,SHSP80602504,,Tarpaulin & Nets,39269099,18,,38668.22,49472.82,29
Shalimar 80X60 250GSM Green,SHSP80602508,,Tarpaulin & Nets,39269099,18,,35750.62,42021.86,39
Shalimar 100X100 250GSM Blue,SHSP100100250,,Tarpaulin & Nets,39269099,18,,72901.74,84927.75,83
Shalimar 100X100 250GSM Yellow,SHSP1001002505,,Tarpaulin & Nets,39269099,18,,73991.27,92225.36,93
Shalimar 100X100 250GSM Black,SHSP1001002502,,Tarpaulin & Nets,39269099,18,,73581.31,86337.74,40
Shalimar 100X100 250GSM Silver/Black,SHSP1001002508,,Tarpaulin & Nets,39269099,18,,71769.68,91052.2,76
Shalimar 100X100 250GSM Green,SHSP10010025085,,Tarpaulin & Nets,39269099,18,,77534.75,99530.24,42
Shalimar 6X4 300GSM Blue,SHSP64300,,Tarpaulin & Nets,39269099,18,,215.53,263.73,99
Shalimar 6X4 300GSM Yellow,SHSP643000,,Tarpaulin & Nets,39269099,18,,227.37,268.23,100
Shalimar 6X4 300GSM Black,SHSP643002,,Tarpaulin & Nets,39269099,18,,220.1,281.89,33
Shalimar 6X4 300GSM Silver/Black,SHSP643004,,Tarpaulin & Nets,39269099,18,,237.32,298.55,75
Shalimar 6X4 300GSM Green,SHSP6430023,,Tarpaulin & Nets,39269099,18,,229.46,269.77,74
Shalimar 8X6 300GSM Blue,SHSP86300,,Tarpaulin & Nets,39269099,18,,406.91,521.47,63
Shalimar 8X6 300GSM Yellow,SHSP863005,,Tarpaulin & Nets,39269099,18,,395.84,489.36,4
Shalimar 8X6 300GSM Black,SHSP863002,,Tarpaulin & Nets,39269099,18,,397.36,492.79,57
Shalimar 8X6 300GSM Silver/Black,SHSP8630052,,Tarpaulin & Nets,39269099,18,,453.84,580.54,100
Shalimar 8X6 300GSM Green,SHSP863000,,Tarpaulin & Nets,39269099,18,,422.08,532.0,3
Shalimar 9X6 300GSM Blue,SHSP96300,,Tarpaulin & Nets,39269099,18,,507.17,658.1,9
Shalimar 9X6 300GSM Yellow,SHSP963008,,Tarpaulin & Nets,39269099,18,,483.07,564.23,66
Shalimar 9X6 300GSM Black,SHSP963006,,Tarpaulin & Nets,39269099,18,,480.73,609.29,70
Shalimar 9X6 300GSM Silver/Black,SHSP963009,,Tarpaulin & Nets,39269099,18,,503.49,654.47,16
Shalimar 9X6 300GSM Green,SHSP963002,,Tarpaulin & Nets,39269099,18,,481.18,594.42,81
Shalimar 12X9 300GSM Blue,SHSP129300,,Tarpaulin & Nets,39269099,18,,998.55,1168.03,8
Shalimar 12X9 300GSM Yellow,SHSP1293001,,Tarpaulin & Nets,39269099,18,,1064.97,1248.64,98
Shalimar 12X9 300GSM Black,SHSP1293005,,Tarpaulin & Nets,39269099,18,,1065.38,1281.54,43
Shalimar 12X9 300GSM Silver/Black,SHSP1293000,,Tarpaulin & Nets,39269099,18,,991.67,1191.1,52
Shalimar 12X9 300GSM Green,SHSP12930011,,Tarpaulin & Nets,39269099,18,,903.84,1044.37,38
Shalimar 12X10 300GSM Blue,SHSP1210300,,Tarpaulin & Nets,39269099,18,,1002.68,1175.54,97
Shalimar 12X10 300GSM Yellow,SHSP12103002,,Tarpaulin & Nets,39269099,18,,1125.4,1376.15,12
Shalimar 12X10 300GSM Black,SHSP12103008,,Tarpaulin & Nets,39269099,18,,1107.87,1415.86,45
Shalimar 12X10 300GSM Silver/Black,SHSP121030029,,Tarpaulin & Nets,39269099,18,,1137.08,1372.75,80
Shalimar 12X10 300GSM Green,SHSP1210300292,,Tarpaulin & Nets,39269099,18,,1181.28,1458.94,57
Shalimar 15X12 300GSM Blue,SHSP1512300,,Tarpaulin & Nets,39269099,18,,1778.68,2093.0,2
Shalimar 15X12 300GSM Yellow,SHSP15123008,,Tarpaulin & Nets,39269099,18,,1524.85,1860.98,47
Shalimar 15X12 300GSM Black,SHSP15123005,,Tarpaulin & Nets,39269099,18,,1501.25,1732.66,14
Shalimar 15X12 300GSM Silver/Black,SHSP15123009,,Tarpaulin & Nets,39269099,18,,1481.77,1851.09,93
Shalimar 15X12 300GSM Green,SHSP15123007,,Tarpaulin & Nets,39269099,18,,1557.08,1918.42,38
Shalimar 18X12 300GSM Blue,SHSP1812300,,Tarpaulin & Nets,39269099,18,,2054.52,2396.53,95
Shalimar 18X12 300GSM Yellow,SHSP18123002,,Tarpaulin & Nets,39269099,18,,2045.88,2546.69,24
Shalimar 18X12 300GSM Black,SHSP18123008,,Tarpaulin & Nets,39269099,18,,1843.68,2372.01,78
Shalimar 18X12 300GSM Silver/Black,SHSP18123001,,Tarpaulin & Nets,39269099,18,,1943.13,2261.57,32
Shalimar 18X12 300GSM Green,SHSP18123006,,Tarpaulin & Nets,39269099,18,,2055.65,2577.86,41
Shalimar 18X15 300GSM Blue,SHSP1815300,,Tarpaulin & Nets,39269099,18,,2310.27,2979.4,71
Shalimar 18X15 300GSM Yellow,SHSP18153007,,Tarpaulin & Nets,39269099,18,,2259.82,2877.37,33
Shalimar 18X15 300GSM Black,SHSP18153004,,Tarpaulin & Nets,39269099,18,,2496.41,3241.28,13
Shalimar 18X15 300GSM Silver/Black,SHSP18153000,,Tarpaulin & Nets,39269099,18,,2623.91,3243.59,76
Shalimar 18X15 300GSM Green,SHSP18153005,,Tarpaulin & Nets,39269099,18,,2233.75,2764.39,33
Shalimar 21X15 300GSM Blue,SHSP2115300,,Tarpaulin & Nets,39269099,18,,2672.79,3353.91,89
Shalimar 21X15 300GSM Yellow,SHSP21153004,,Tarpaulin & Nets,39269099,18,,2841.52,3425.89,73
Shalimar 21X15 300GSM Black,SHSP21153003,,Tarpaulin & Nets,39269099,18,,2804.21,3335.42,31
Shalimar 21X15 300GSM Silver/Black,SHSP21153001,,Tarpaulin & Nets,39269099,18,,3093.09,3848.33,42
Shalimar 21X15 300GSM Green,SHSP21153006,,Tarpaulin & Nets,39269099,18,,2674.57,3242.97,74
Shalimar 24X18 300GSM Blue,SHSP2418300,,Tarpaulin & Nets,39269099,18,,3537.5,4240.41,53
Shalimar 24X18 300GSM Yellow,SHSP24183008,,Tarpaulin & Nets,39269099,18,,3913.74,4641.45,32
Shalimar 24X18 300GSM Black,SHSP24183007,,Tarpaulin & Nets,39269099,18,,3622.27,4696.33,62
Shalimar 24X18 300GSM Silver/Black,SHSP24183001,,Tarpaulin & Nets,39269099,18,,3940.62,5098.94,3
Shalimar 24X18 300GSM Green,SHSP24183000,,Tarpaulin & Nets,39269099,18,,3732.86,4725.88,91
Shalimar 30X20 300GSM Blue,SHSP3020300,,Tarpaulin & Nets,39269099,18,,5917.35,7252.98,93
Shalimar 30X20 300GSM Yellow,SHSP30203009,,Tarpaulin & Nets,39269099,18,,5823.07,7030.41,80
Shalimar 30X20 300GSM Black,SHSP30203005,,Tarpaulin & Nets,39269099,18,,5478.3,7107.81,79
Shalimar 30X20 300GSM Silver/Black,SHSP30203002,,Tarpaulin & Nets,39269099,18,,5881.05,7092.21,95
Shalimar 30X20 300GSM Green,SHSP30203007,,Tarpaulin & Nets,39269099,18,,5155.47,6672.31,64
Shalimar 30X24 300GSM Blue,SHSP3024300,,Tarpaulin & Nets,39269099,18,,7107.29,8806.96,95
Shalimar 30X24 300GSM Yellow,SHSP30243002,,Tarpaulin & Nets,39269099,18,,6662.58,8531.53,99
Shalimar 30X24 300GSM Black,SHSP30243006,,Tarpaulin & Nets,39269099,18,,6620.16,8410.68,10
Shalimar 30X24 300GSM Silver/Black,SHSP30243007,,Tarpaulin & Nets,39269099,18,,6177.86,7289.82,81
Shalimar 30X24 300GSM Green,SHSP30243005,,Tarpaulin & Nets,39269099,18,,6641.77,8370.51,79
Shalimar 36X24 300GSM Blue,SHSP3624300,,Tarpaulin & Nets,39269099,18,,8281.89,10184.29,89
Shalimar 36X24 300GSM Yellow,SHSP36243005,,Tarpaulin & Nets,39269099,18,,8125.71,10060.85,89
Shalimar 36X24 300GSM Black,SHSP36243006,,Tarpaulin & Nets,39269099,18,,7694.1,9178.79,73
Shalimar 36X24 300GSM Silver/Black,SHSP36243004,,Tarpaulin & Nets,39269099,18,,7138.77,8849.19,68
Shalimar 36X24 300GSM Green,SHSP36243000,,Tarpaulin & Nets,39269099,18,,8376.6,10605.2,96
Shalimar 40X30 300GSM Blue,SHSP4030300,,Tarpaulin & Nets,39269099,18,,10553.55,13469.46,29
Shalimar 40X30 300GSM Yellow,SHSP40303007,,Tarpaulin & Nets,39269099,18,,9742.51,12491.77,9
Shalimar 40X30 300GSM Black,SHSP40303009,,Tarpaulin & Nets,39269099,18,,10056.02,11766.72,50
Shalimar 40X30 300GSM Silver/Black,SHSP40303002,,Tarpaulin & Nets,39269099,18,,10020.67,11898.83,12
Shalimar 40X30 300GSM Green,SHSP403030097,,Tarpaulin & Nets,39269099,18,,9830.44,11719.26,47
Shalimar 40X40 300GSM Blue,SHSP4040300,,Tarpaulin & Nets,39269099,18,,15229.65,17990.27,44
Shalimar 40X40 300GSM Yellow,SHSP40403007,,Tarpaulin & Nets,39269099,18,,13638.46,16789.73,54
Shalimar 40X40 300GSM Black,SHSP40403008,,Tarpaulin & Nets,39269099,18,,13726.78,17340.71,44
Shalimar 40X40 300GSM Silver/Black,SHSP40403001,,Tarpaulin & Nets,39269099,18,,14580.69,17383.69,76
Shalimar 40X40 300GSM Green,SHSP404030018,,Tarpaulin & Nets,39269099,18,,15157.69,17614.86,80
Shalimar 50X40 300GSM Blue,SHSP5040300,,Tarpaulin & Nets,39269099,18,,16506.71,19425.25,21
Shalimar 50X40 300GSM Yellow,SHSP50403002,,Tarpaulin & Nets,39269099,18,,19259.29,23084.3,97
Shalimar 50X40 300GSM Black,SHSP50403007,,Tarpaulin & Nets,39269099,18,,18004.18,23111.91,0
Shalimar 50X40 300GSM Silver/Black,SHSP50403006,,Tarpaulin & Nets,39269099,18,,16792.58,20898.82,9
Shalimar 50X40 300GSM Green,SHSP504030027,,Tarpaulin & Nets,39269099,18,,17940.16,20677.5,51
Shalimar 60X40 300GSM Blue,SHSP6040300,,Tarpaulin & Nets,39269099,18,,22948.62,29682.33,29
Shalimar 60X40 300GSM Yellow,SHSP60403006,,Tarpaulin & Nets,39269099,18,,22987.99,28212.5,72
Shalimar 60X40 300GSM Black,SHSP604030068,,Tarpaulin & Nets,39269099,18,,21140.08,27156.63,27
Shalimar 60X40 300GSM Silver/Black,SHSP60403005,,Tarpaulin & Nets,39269099,18,,22628.37,29324.96,73
Shalimar 60X40 300GSM Green,SHSP604030058,,Tarpaulin & Nets,39269099,18,,21882.26,27160.25,87
Shalimar 60X60 300GSM Blue,SHSP6060300,,Tarpaulin & Nets,39269099,18,,33968.22,41482.25,8
Shalimar 60X60 300GSM Yellow,SHSP60603007,,Tarpaulin & Nets,39269099,18,,29876.15,37955.3,26
Shalimar 60X60 300GSM Black,SHSP60603003,,Tarpaulin & Nets,39269099,18,,34366.86,43754.95,76
Shalimar 60X60 300GSM Silver/Black,SHSP60603004,,Tarpaulin & Nets,39269099,18,,34636.49,40521.43,43
Shalimar 60X60 300GSM Green,SHSP60603005,,Tarpaulin & Nets,39269099,18,,35268.17,41857.96,55
Shalimar 80X60 300GSM Blue,SHSP8060300,,Tarpaulin & Nets,39269099,18,,40440.43,52047.1,44
Shalimar 80X60 300GSM Yellow,SHSP80603000,,Tarpaulin & Nets,39269099,18,,41496.0,48821.42,21
Shalimar 80X60 300GSM Black,SHSP80603005,,Tarpaulin & Nets,39269099,18,,40843.38,48707.76,22
Shalimar 80X60 300GSM Silver/Black,SHSP80603004,,Tarpaulin & Nets,39269099,18,,39373.58,49430.62,42
Shalimar 80X60 300GSM Green,SHSP80603003,,Tarpaulin & Nets,39269099,18,,44865.34,57617.81,91
Shalimar 100X100 300GSM Blue,SHSP100100300,,Tarpaulin & Nets,39269099,18,,84682.2,109389.01,46
Shalimar 100X100 300GSM Yellow,SHSP1001003001,,Tarpaulin & Nets,39269099,18,,86898.49,111407.53,14
Shalimar 100X100 300GSM Black,SHSP1001003007,,Tarpaulin & Nets,39269099,18,,88212.42,107079.56,54
Shalimar 100X100 300GSM Silver/Black,SHSP1001003004,,Tarpaulin & Nets,39269099,18,,82984.99,98334.82,21
Shalimar 100X100 300GSM Green,SHSP1001003000,,Tarpaulin & Nets,39269099,18,,84104.29,104517.98,47
Tirpal 6X4 70GSM Blue,TISP6470,,Tarpaulin & Nets,39269099,18,,43.54,53.23,34
Tirpal 6X4 70GSM Yellow,TISP64702,,Tarpaulin & Nets,39269099,18,,45.24,52.22,32
Tirpal 6X4 70GSM Black,TISP64703,,Tarpaulin & Nets,39269099,18,,48.03,61.92,51
Tirpal 6X4 70GSM Silver/Black,TISP647029,,Tarpaulin & Nets,39269099,18,,50.95,64.94,51
Tirpal 6X4 70GSM Green,TISP64708,,Tarpaulin & Nets,39269099,18,,48.67,62.35,2
Tirpal 8X6 70GSM Blue,TISP8670,,Tarpaulin & Nets,39269099,18,,91.37,114.34,79
Tirpal 8X6 70GSM Yellow,TISP86707,,Tarpaulin & Nets,39269099,18,,89.2,108.34,96
Tirpal 8X6 70GSM Black,TISP86708,,Tarpaulin & Nets,39269099,18,,86.82,109.22,96
Tirpal 8X6 70GSM Silver/Black,TISP86702,,Tarpaulin & Nets,39269099,18,,89.98,105.02,50
Tirpal 8X6 70GSM Green,TISP867020,,Tarpaulin & Nets,39269099,18,,92.29,114.68,22
Tirpal 9X6 70GSM Blue,TISP9670,,Tarpaulin & Nets,39269099,18,,100.0,129.67,20
Tirpal 9X6 70GSM Yellow,TISP96709,,Tarpaulin & Nets,39269099,18,,113.69,138.78,68
Tirpal 9X6 70GSM Black,TISP96702,,Tarpaulin & Nets,39269099,18,,105.89,136.2,61
Tirpal 9X6 70GSM Silver/Black,TISP967090,,Tarpaulin & Nets,39269099,18,,116.05,146.21,98
Tirpal 9X6 70GSM Green,TISP96708,,Tarpaulin & Nets,39269099,18,,104.67,125.85,65
Tirpal 12X9 70GSM Blue,TISP12970,,Tarpaulin & Nets,39269099,18,,218.84,260.27,71
Tirpal 12X9 70GSM Yellow,TISP129702,,Tarpaulin & Nets,39269099,18,,210.14,244.12,98
Tirpal 12X9 70GSM Black,TISP129703,,Tarpaulin & Nets,39269099,18,,215.04,274.06,6
Tirpal 12X9 70GSM Silver/Black,TISP129709,,Tarpaulin & Nets,39269099,18,,207.88,248.13,38
Tirpal 12X9 70GSM Green,TISP129706,,Tarpaulin & Nets,39269099,18,,211.96,268.36,34
Tirpal 12X10 70GSM Blue,TISP121070,,Tarpaulin & Nets,39269099,18,,255.93,325.58,19
Tirpal 12X10 70GSM Yellow,TISP1210703,,Tarpaulin & Nets,39269099,18,,216.9,263.28,10
Tirpal 12X10 70GSM Black,TISP1210707,,Tarpaulin & Nets,39269099,18,,222.84,274.64,29
Tirpal 12X10 70GSM Silver/Black,TISP1210705,,Tarpaulin & Nets,39269099,18,,248.3,304.48,88
Tirpal 12X10 70GSM Green,TISP12107055,,Tarpaulin & Nets,39269099,18,,231.27,275.04,90
Tirpal 15X12 70GSM Blue,TISP151270,,Tarpaulin & Nets,39269099,18,,369.2,455.45,37
Tirpal 15X12 70GSM Yellow,TISP1512708,,Tarpaulin & Nets,39269099,18,,377.14,439.54,27
Tirpal 15X12 70GSM Black,TISP1512702,,Tarpaulin & Nets,39269099,18,,367.28,441.45,48
Tirpal 15X12 70GSM Silver/Black,TISP1512706,,Tarpaulin & Nets,39269099,18,,390.68,482.75,88
Tirpal 15X12 70GSM Green,TISP1512705,,Tarpaulin & Nets,39269099,18,,374.98,453.2,22
Tirpal 18X12 70GSM Blue,TISP181270,,Tarpaulin & Nets,39269099,18,,390.24,471.49,38
Tirpal 18X12 70GSM Yellow,TISP1812702,,Tarpaulin & Nets,39269099,18,,408.58,509.75,88
Tirpal 18X12 70GSM Black,TISP18127023,,Tarpaulin & Nets,39269099,18,,465.18,575.22,33
Tirpal 18X12 70GSM Silver/Black,TISP1812708,,Tarpaulin & Nets,39269099,18,,451.04,562.86,11
Tirpal 18X12 70GSM Green,TISP1812703,,Tarpaulin & Nets,39269099,18,,429.33,543.89,1
Tirpal 18X15 70GSM Blue,TISP181570,,Tarpaulin & Nets,39269099,18,,489.22,593.95,2
Tirpal 18X15 70GSM Yellow,TISP1815707,,Tarpaulin & Nets,39269099,18,,566.97,696.04,56
Tirpal 18X15 70GSM Black,TISP18157078,,Tarpaulin & Nets,39269099,18,,585.72,690.1,100
Tirpal 18X15 70GSM Silver/Black,TISP1815709,,Tarpaulin & Nets,39269099,18,,576.94,710.24,87
Tirpal 18X15 70GSM Green,TISP18157099,,Tarpaulin & Nets,39269099,18,,567.34,707.36,69
Tirpal 21X15 70GSM Blue,TISP211570,,Tarpaulin & Nets,39269099,18,,681.27,842.6,63
Tirpal 21X15 70GSM Yellow,TISP2115707,,Tarpaulin & Nets,39269099,18,,678.57,789.91,13
Tirpal 21X15 70GSM Black,TISP2115702,,Tarpaulin & Nets,39269099,18,,679.96,812.07,5
Tirpal 21X15 70GSM Silver/Black,TISP2115704,,Tarpaulin & Nets,39269099,18,,649.43,771.01,48
Tirpal 21X15 70GSM Green,TISP2115709,,Tarpaulin & Nets,39269099,18,,623.7,718.19,67
Tirpal 24X18 70GSM Blue,TISP241870,,Tarpaulin & Nets,39269099,18,,861.8,1051.95,60
Tirpal 24X18 70GSM Yellow,TISP2418706,,Tarpaulin & Nets,39269099,18,,920.15,1104.89,98
Tirpal 24X18 70GSM Black,TISP2418701,,Tarpaulin & Nets,39269099,18,,912.2,1085.06,58
Tirpal 24X18 70GSM Silver/Black,TISP2418704,,Tarpaulin & Nets,39269099,18,,871.29,1062.46,19
Tirpal 24X18 70GSM Green,TISP2418702,,Tarpaulin & Nets,39269099,18,,949.31,1201.93,32
Tirpal 30X20 70GSM Blue,TISP302070,,Tarpaulin & Nets,39269099,18,,1203.79,1484.25,60
Tirpal 30X20 70GSM Yellow,TISP3020706,,Tarpaulin & Nets,39269099,18,,1089.51,1332.12,43
Tirpal 30X20 70GSM Black,TISP3020704,,Tarpaulin & Nets,39269099,18,,1306.7,1694.48,0
Tirpal 30X20 70GSM Silver/Black,TISP3020708,,Tarpaulin & Nets,39269099,18,,1309.4,1614.16,43
Tirpal 30X20 70GSM Green,TISP3020703,,Tarpaulin & Nets,39269099,18,,1147.84,1438.06,54
Tirpal 30X24 70GSM Blue,TISP302470,,Tarpaulin & Nets,39269099,18,,1382.13,1699.8,57
Tirpal 30X24 70GSM Yellow,TISP3024701,,Tarpaulin & Nets,39269099,18,,1449.95,1862.46,68
Tirpal 30X24 70GSM Black,TISP3024708,,Tarpaulin & Nets,39269099,18,,1458.94,1706.94,17
Tirpal 30X24 70GSM Silver/Black,TISP30247086,,Tarpaulin & Nets,39269099,18,,1434.51,1696.54,21
Tirpal 30X24 70GSM Green,TISP3024704,,Tarpaulin & Nets,39269099,18,,1355.13,1641.56,58
Tirpal 36X24 70GSM Blue,TISP362470,,Tarpaulin & Nets,39269099,18,,1694.93,2141.08,1
Tirpal 36X24 70GSM Yellow,TISP3624705,,Tarpaulin & Nets,39269099,18,,1820.19,2326.73,28
Tirpal 36X24 70GSM Black,TISP3624704,,Tarpaulin & Nets,39269099,18,,1565.89,1967.86,87
Tirpal 36X24 70GSM Silver/Black,TISP3624707,,Tarpaulin & Nets,39269099,18,,1794.4,2119.65,77
Tirpal 36X24 70GSM Green,TISP36247077,,Tarpaulin & Nets,39269099,18,,1734.68,2072.08,21
Tirpal 40X30 70GSM Blue,TISP403070,,Tarpaulin & Nets,39269099,18,,2483.08,2891.68,92
Tirpal 40X30 70GSM Yellow,TISP4030704,,Tarpaulin & Nets,39269099,18,,2393.14,2782.25,57
Tirpal 40X30 70GSM Black,TISP4030709,,Tarpaulin & Nets,39269099,18,,2170.46,2523.72,19
Tirpal 40X30 70GSM Silver/Black,TISP4030701,,Tarpaulin & Nets,39269099,18,,2581.97,3183.6,29
Tirpal 40X30 70GSM Green,TISP4030708,,Tarpaulin & Nets,39269099,18,,2297.92,2700.57,23
Tirpal 40X40 70GSM Blue,TISP404070,,Tarpaulin & Nets,39269099,18,,3486.28,4417.08,44
Tirpal 40X40 70GSM Yellow,TISP4040701,,Tarpaulin & Nets,39269099,18,,3132.56,3883.07,89
Tirpal 40X40 70GSM Black,TISP4040702,,Tarpaulin & Nets,39269099,18,,2969.05,3638.96,43
Tirpal 40X40 70GSM Silver/Black,TISP4040704,,Tarpaulin & Nets,39269099,18,,3167.76,3900.3,20
Tirpal 40X40 70GSM Green,TISP4040705,,Tarpaulin & Nets,39269099,18,,3101.79,3890.47,61
Tirpal 50X40 70GSM Blue,TISP504070,,Tarpaulin & Nets,39269099,18,,3678.18,4434.03,73
Tirpal 50X40 70GSM Yellow,TISP5040703,,Tarpaulin & Nets,39269099,18,,3645.23,4689.83,58
Tirpal 50X40 70GSM Black,TISP50407033,,Tarpaulin & Nets,39269099,18,,3742.29,4486.68,56
Tirpal 50X40 70GSM Silver/Black,TISP5040709,,Tarpaulin & Nets,39269099,18,,4356.39,5628.2,32
Tirpal 50X40 70GSM Green,TISP5040706,,Tarpaulin & Nets,39269099,18,,4098.59,4997.94,14
Tirpal 60X40 70GSM Blue,TISP604070,,Tarpaulin & Nets,39269099,18,,5216.49,6191.62,6
Tirpal 60X40 70GSM Yellow,TISP6040708,,Tarpaulin & Nets,39269099,18,,4492.61,5764.49,60
Tirpal 60X40 70GSM Black,TISP6040709,,Tarpaulin & Nets,39269099,18,,4422.71,5484.85,45
Tirpal 60X40 70GSM Silver/Black,TISP6040704,,Tarpaulin & Nets,39269099,18,,5008.07,6377.82,7
Tirpal 60X40 70GSM Green,TISP60407095,,Tarpaulin & Nets,39269099,18,,4848.82,6157.48,68
Tirpal 60X60 70GSM Blue,TISP606070,,Tarpaulin & Nets,39269099,18,,7277.74,8594.42,23
Tirpal 60X60 70GSM Yellow,TISP6060707,,Tarpaulin & Nets,39269099,18,,7230.78,8988.56,12
Tirpal 60X60 70GSM Black,TISP6060701,,Tarpaulin & Nets,39269099,18,,6503.05,8345.57,52
Tirpal 60X60 70GSM Silver/Black,TISP6060708,,Tarpaulin & Nets,39269099,18,,6883.04,8234.19,85
Tirpal 60X60 70GSM Green,TISP60607019,,Tarpaulin & Nets,39269099,18,,7304.77,8859.66,45
Tirpal 80X60 70GSM Blue,TISP806070,,Tarpaulin & Nets,39269099,18,,8913.02,10882.38,88
Tirpal 80X60 70GSM Yellow,TISP8060700,,Tarpaulin & Nets,39269099,18,,10465.23,12505.97,52
Tirpal 80X60 70GSM Black,TISP80607007,,Tarpaulin & Nets,39269099,18,,9973.5,11875.52,6
Tirpal 80X60 70GSM Silver/Black,TISP8060708,,Tarpaulin & Nets,39269099,18,,8646.45,9968.75,99
Tirpal 80X60 70GSM Green,TISP8060705,,Tarpaulin & Nets,39269099,18,,9724.59,11561.36,76
Tirpal 100X100 70GSM Blue,TISP10010070,,Tarpaulin & Nets,39269099,18,,19386.59,22497.06,57
Tirpal 100X100 70GSM Yellow,TISP100100708,,Tarpaulin & Nets,39269099,18,,21113.35,26415.3,85
Tirpal 100X100 70GSM Black,TISP100100700,,Tarpaulin & Nets,39269099,18,,19086.38,23024.46,9
Tirpal 100X100 70GSM Silver/Black,TISP100100702,,Tarpaulin & Nets,39269099,18,,18710.02,22707.48,85
Tirpal 100X100 70GSM Green,TISP100100706,,Tarpaulin & Nets,39269099,18,,21497.44,26185.37,56
Tirpal 6X4 90GSM Blue,TISP6490,,Tarpaulin & Nets,39269099,18,,69.81,90.37,23
Tirpal 6X4 90GSM Yellow,TISP64908,,Tarpaulin & Nets,39269099,18,,63.21,72.77,32
Tirpal 6X4 90GSM Black,TISP64900,,Tarpaulin & Nets,39269099,18,,69.63,80.12,51
Tirpal 6X4 90GSM Silver/Black,TISP64901,,Tarpaulin & Nets,39269099,18,,73.06,94.14,55
Tirpal 6X4 90GSM Green,TISP64907,,Tarpaulin & Nets,39269099,18,,71.56,92.09,73
Tirpal 8X6 90GSM Blue,TISP8690,,Tarpaulin & Nets,39269099,18,,143.47,182.17,28
Tirpal 8X6 90GSM Yellow,TISP86903,,Tarpaulin & Nets,39269099,18,,134.03,164.31,53
Tirpal 8X6 90GSM Black,TISP86908,,Tarpaulin & Nets,39269099,18,,130.62,161.84,94
Tirpal 8X6 90GSM Silver/Black,TISP869037,,Tarpaulin & Nets,39269099,18,,125.03,152.61,13
Tirpal 8X6 90GSM Green,TISP86909,,Tarpaulin & Nets,39269099,18,,145.58,187.23,27
Tirpal 9X6 90GSM Blue,TISP9690,,Tarpaulin & Nets,39269099,18,,159.73,192.22,44
Tirpal 9X6 90GSM Yellow,TISP96905,,Tarpaulin & Nets,39269099,18,,166.09,202.61,32
Tirpal 9X6 90GSM Black,TISP96902,,Tarpaulin & Nets,39269099,18,,147.14,185.42,10
Tirpal 9X6 90GSM Silver/Black,TISP96904,,Tarpaulin & Nets,39269099,18,,137.24,168.5,57
Tirpal 9X6 90GSM Green,TISP96900,,Tarpaulin & Nets,39269099,18,,156.63,197.85,17
Tirpal 12X9 90GSM Blue,TISP12990,,Tarpaulin & Nets,39269099,18,,331.75,418.87,48
Tirpal 12X9 90GSM Yellow,TISP129903,,Tarpaulin & Nets,39269099,18,,326.04,404.0,15
Tirpal 12X9 90GSM Black,TISP129902,,Tarpaulin & Nets,39269099,18,,276.18,344.32,15
Tirpal 12X9 90GSM Silver/Black,TISP129904,,Tarpaulin & Nets,39269099,18,,285.99,346.37,8
Tirpal 12X9 90GSM Green,TISP129900,,Tarpaulin & Nets,39269099,18,,287.62,350.4,27
Tirpal 12X10 90GSM Blue,TISP121090,,Tarpaulin & Nets,39269099,18,,310.69,388.07,49
Tirpal 12X10 90GSM Yellow,TISP1210903,,Tarpaulin & Nets,39269099,18,,347.24,438.71,29
Tirpal 12X10 90GSM Black,TISP1210907,,Tarpaulin & Nets,39269099,18,,323.42,380.84,3
Tirpal 12X10 90GSM Silver/Black,TISP1210900,,Tarpaulin & Nets,39269099,18,,332.81,399.71,98
Tirpal 12X10 90GSM Green,TISP12109032,,Tarpaulin & Nets,39269099,18,,310.73,364.98,55
Tirpal 15X12 90GSM Blue,TISP151290,,Tarpaulin & Nets,39269099,18,,524.85,621.64,67
Tirpal 15X12 90GSM Yellow,TISP1512901,,Tarpaulin & Nets,39269099,18,,528.02,611.89,52
Tirpal 15X12 90GSM Black,TISP1512909,,Tarpaulin & Nets,39269099,18,,543.65,659.71,87
Tirpal 15X12 90GSM Silver/Black,TISP1512902,,Tarpaulin & Nets,39269099,18,,485.77,601.51,26
Tirpal 15X12 90GSM Green,TISP1512904,,Tarpaulin & Nets,39269099,18,,533.22,620.17,50
Tirpal 18X12 90GSM Blue,TISP181290,,Tarpaulin & Nets,39269099,18,,597.15,716.0,59
Tirpal 18X12 90GSM Yellow,TISP1812907,,Tarpaulin & Nets,39269099,18,,654.83,784.93,75
Tirpal 18X12 90GSM Black,TISP18129075,,Tarpaulin & Nets,39269099,18,,652.04,789.76,15
Tirpal 18X12 90GSM Silver/Black,TISP1812904,,Tarpaulin & Nets,39269099,18,,649.85,819.01,34
Tirpal 18X12 90GSM Green,TISP1812908,,Tarpaulin & Nets,39269099,18,,611.37,774.27,39
Tirpal 18X15 90GSM Blue,TISP181590,,Tarpaulin & Nets,39269099,18,,781.12,997.23,66
Tirpal 18X15 90GSM Yellow,TISP1815904,,Tarpaulin & Nets,39269099,18,,682.12,844.45,75
Tirpal 18X15 90GSM Black,TISP1815902,,Tarpaulin & Nets,39269099,18,,804.17,950.28,62
Tirpal 18X15 90GSM Silver/Black,TISP1815907,,Tarpaulin & Nets,39269099,18,,751.86,935.96,49
Tirpal 18X15 90GSM Green,TISP1815909,,Tarpaulin & Nets,39269099,18,,798.31,1018.87,63
Tirpal 21X15 90GSM Blue,TISP211590,,Tarpaulin & Nets,39269099,18,,882.12,1067.05,15
Tirpal 21X15 90GSM Yellow,TISP2115901,,Tarpaulin & Nets,39269099,18,,958.45,1220.83,59
Tirpal 21X15 90GSM Black,TISP2115903,,Tarpaulin & Nets,39269099,18,,885.0,1141.25,44
Tirpal 21X15 90GSM Silver/Black,TISP2115900,,Tarpaulin & Nets,39269099,18,,823.4,965.03,59
Tirpal 21X15 90GSM Green,TISP2115905,,Tarpaulin & Nets,39269099,18,,832.72,1011.59,17
Tirpal 24X18 90GSM Blue,TISP241890,,Tarpaulin & Nets,39269099,18,,1168.86,1431.98,7
Tirpal 24X18 90GSM Yellow,TISP2418904,,Tarpaulin & Nets,39269099,18,,1269.89,1525.94,38
Tirpal 24X18 90GSM Black,TISP2418902,,Tarpaulin & Nets,39269099,18,,1160.01,1498.14,51
Tirpal 24X18 90GSM Silver/Black,TISP2418905,,Tarpaulin & Nets,39269099,18,,1235.03,1543.95,80
Tirpal 24X18 90GSM Green,TISP24189026,,Tarpaulin & Nets,39269099,18,,1130.24,1416.22,67
Tirpal 30X20 90GSM Blue,TISP302090,,Tarpaulin & Nets,39269099,18,,1627.5,1875.64,31
Tirpal 30X20 90GSM Yellow,TISP3020909,,Tarpaulin & Nets,39269099,18,,1583.13,1892.78,3
Tirpal 30X20 90GSM Black,TISP3020908,,Tarpaulin & Nets,39269099,18,,1532.63,1903.75,75
Tirpal 30X20 90GSM Silver/Black,TISP3020904,,Tarpaulin & Nets,39269099,18,,1639.67,2074.04,18
Tirpal 30X20 90GSM Green,TISP3020900,,Tarpaulin & Nets,39269099,18,,1734.29,2041.06,43
Tirpal 30X24 90GSM Blue,TISP302490,,Tarpaulin & Nets,39269099,18,,2215.26,2668.15,34
Tirpal 30X24 90GSM Yellow,TISP3024901,,Tarpaulin & Nets,39269099,18,,1880.53,2194.88,73
Tirpal 30X24 90GSM Black,TISP3024909,,Tarpaulin & Nets,39269099,18,,1991.96,2312.68,8
Tirpal 30X24 90GSM Silver/Black,TISP3024903,,Tarpaulin & Nets,39269099,18,,2143.76,2649.7,27
Tirpal 30X24 90GSM Green,TISP3024900,,Tarpaulin & Nets,39269099,18,,2096.85,2718.23,59
Tirpal 36X24 90GSM Blue,TISP362490,,Tarpaulin & Nets,39269099,18,,2329.78,2852.43,62
Tirpal 36X24 90GSM Yellow,TISP3624902,,Tarpaulin & Nets,39269099,18,,2332.28,2766.82,73
Tirpal 36X24 90GSM Black,TISP3624904,,Tarpaulin & Nets,39269099,18,,2320.67,2762.56,77
Tirpal 36X24 90GSM Silver/Black,TISP3624907,,Tarpaulin & Nets,39269099,18,,2316.82,2682.2,61
Tirpal 36X24 90GSM Green,TISP36249075,,Tarpaulin & Nets,39269099,18,,2282.11,2958.83,94
Tirpal 40X30 90GSM Blue,TISP403090,,Tarpaulin & Nets,39269099,18,,3071.33,3929.54,55
Tirpal 40X30 90GSM Yellow,TISP4030901,,Tarpaulin & Nets,39269099,18,,3686.5,4257.5,7
Tirpal 40X30 90GSM Black,TISP4030907,,Tarpaulin & Nets,39269099,18,,3156.32,4059.14,72
Tirpal 40X30 90GSM Silver/Black,TISP4030900,,Tarpaulin & Nets,39269099,18,,3182.5,4011.86,47
Tirpal 40X30 90GSM Green,TISP4030904,,Tarpaulin & Nets,39269099,18,,3291.01,4222.07,15
Tirpal 40X40 90GSM Blue,TISP404090,,Tarpaulin & Nets,39269099,18,,4245.88,4951.46,36
Tirpal 40X40 90GSM Yellow,TISP4040909,,Tarpaulin & Nets,39269099,18,,4071.42,4776.89,85
Tirpal 40X40 90GSM Black,TISP4040904,,Tarpaulin & Nets,39269099,18,,4671.83,5776.74,90
Tirpal 40X40 90GSM Silver/Black,TISP4040908,,Tarpaulin & Nets,39269099,18,,4914.8,5753.96,12
Tirpal 40X40 90GSM Green,TISP4040900,,Tarpaulin & Nets,39269099,18,,4592.33,5281.85,64
Tirpal 50X40 90GSM Blue,TISP504090,,Tarpaulin & Nets,39269099,18,,5655.34,7159.21,94
Tirpal 50X40 90GSM Yellow,TISP5040903,,Tarpaulin & Nets,39269099,18,,5944.65,6847.8,14
Tirpal 50X40 90GSM Black,TISP5040908,,Tarpaulin & Nets,39269099,18,,5893.5,7293.98,5
Tirpal 50X40 90GSM Silver/Black,TISP5040905,,Tarpaulin & Nets,39269099,18,,5225.0,6412.27,42
Tirpal 50X40 90GSM Green,TISP50409059,,Tarpaulin & Nets,39269099,18,,5494.18,6769.53,6
Tirpal 60X40 90GSM Blue,TISP604090,,Tarpaulin & Nets,39269099,18,,7094.76,8534.69,15
Tirpal 60X40 90GSM Yellow,TISP6040909,,Tarpaulin & Nets,39269099,18,,7204.81,9061.96,96
Tirpal 60X40 90GSM Black,TISP6040905,,Tarpaulin & Nets,39269099,18,,6564.75,8105.92,5
Tirpal 60X40 90GSM Silver/Black,TISP6040906,,Tarpaulin & Nets,39269099,18,,6489.02,8343.22,32
Tirpal 60X40 90GSM Green,TISP60409097,,Tarpaulin & Nets,39269099,18,,6305.89,7619.76,61
Tirpal 60X60 90GSM Blue,TISP606090,,Tarpaulin & Nets,39269099,18,,9197.95,11751.7,56
Tirpal 60X60 90GSM Yellow,TISP6060900,,Tarpaulin & Nets,39269099,18,,9634.45,11716.97,81
Tirpal 60X60 90GSM Black,TISP6060906,,Tarpaulin & Nets,39269099,18,,10482.42,13496.57,68
Tirpal 60X60 90GSM Silver/Black,TISP6060901,,Tarpaulin & Nets,39269099,18,,9242.07,11360.58,43
Tirpal 60X60 90GSM Green,TISP60609017,,Tarpaulin & Nets,39269099,18,,10722.55,12340.89,34
Tirpal 80X60 90GSM Blue,TISP806090,,Tarpaulin & Nets,39269099,18,,12438.0,15789.73,14
Tirpal 80X60 90GSM Yellow,TISP8060905,,Tarpaulin & Nets,39269099,18,,13820.13,17213.38,50
Tirpal 80X60 90GSM Black,TISP8060904,,Tarpaulin & Nets,39269099,18,,13830.38,16107.78,93
Tirpal 80X60 90GSM Silver/Black,TISP8060907,,Tarpaulin & Nets,39269099,18,,14607.39,18513.15,8
Tirpal 80X60 90GSM Green,TISP80609078,,Tarpaulin & Nets,39269099,18,,13972.34,17922.19,97
Tirpal 100X100 90GSM Blue,TISP10010090,,Tarpaulin & Nets,39269099,18,,29874.72,35010.11,52
Tirpal 100X100 90GSM Yellow,TISP100100908,,Tarpaulin & Nets,39269099,18,,30787.31,39401.44,84
Tirpal 100X100 90GSM Black,TISP1001009081,,Tarpaulin & Nets,39269099,18,,26741.17,31582.9,60
Tirpal 100X100 90GSM Silver/Black,TISP100100902,,Tarpaulin & Nets,39269099,18,,25816.16,32986.42,27
Tirpal 100X100 90GSM Green,TISP1001009029,,Tarpaulin & Nets,39269099,18,,27682.07,35071.65,60
Tirpal 6X4 120GSM Blue,TISP64120,,Tarpaulin & Nets,39269099,18,,80.02,101.27,14
Tirpal 6X4 120GSM Yellow,TISP641207,,Tarpaulin & Nets,39269099,18,,80.75,101.49,38
Tirpal 6X4 120GSM Black,TISP641208,,Tarpaulin & Nets,39269099,18,,78.64,94.85,4
Tirpal 6X4 120GSM Silver/Black,TISP641209,,Tarpaulin & Nets,39269099,18,,91.93,116.04,18
Tirpal 6X4 120GSM Green,TISP641205,,Tarpaulin & Nets,39269099,18,,88.17,113.25,100
Tirpal 8X6 120GSM Blue,TISP86120,,Tarpaulin & Nets,39269099,18,,171.73,216.09,17
Tirpal 8X6 120GSM Yellow,TISP861203,,Tarpaulin & Nets,39269099,18,,169.67,212.74,42
Tirpal 8X6 120GSM Black,TISP8612035,,Tarpaulin & Nets,39269099,18,,179.86,214.27,86
Tirpal 8X6 120GSM Silver/Black,TISP861209,,Tarpaulin & Nets,39269099,18,,169.8,206.84,1
Tirpal 8X6 120GSM Green,TISP861207,,Tarpaulin & Nets,39269099,18,,184.53,225.35,55
Tirpal 9X6 120GSM Blue,TISP96120,,Tarpaulin & Nets,39269099,18,,193.03,236.13,29
Tirpal 9X6 120GSM Yellow,TISP961209,,Tarpaulin & Nets,39269099,18,,190.45,222.71,99
Tirpal 9X6 120GSM Black,TISP961204,,Tarpaulin & Nets,39269099,18,,179.31,219.29,70
Tirpal 9X6 120GSM Silver/Black,TISP961201,,Tarpaulin & Nets,39269099,18,,171.1,202.17,45
Tirpal 9X6 120GSM Green,TISP961200,,Tarpaulin & Nets,39269099,18,,185.35,227.52,19
Tirpal 12X9 120GSM Blue,TISP129120,,Tarpaulin & Nets,39269099,18,,380.54,450.46,41
Tirpal 12X9 120GSM Yellow,TISP1291208,,Tarpaulin & Nets,39269099,18,,349.42,411.78,85
Tirpal 12X9 120GSM Black,TISP1291202,,Tarpaulin & Nets,39269099,18,,370.76,429.45,10
Tirpal 12X9 120GSM Silver/Black,TISP12912084,,Tarpaulin & Nets,39269099,18,,399.65,504.51,21
Tirpal 12X9 120GSM Green,TISP1291204,,Tarpaulin & Nets,39269099,18,,397.98,488.77,72
Tirpal 12X10 120GSM Blue,TISP1210120,,Tarpaulin & Nets,39269099,18,,456.41,570.45,86
Tirpal 12X10 120GSM Yellow,TISP12101201,,Tarpaulin & Nets,39269099,18,,397.14,472.63,1
Tirpal 12X10 120GSM Black,TISP12101206,,Tarpaulin & Nets,39269099,18,,429.92,531.16,64
Tirpal 12X10 120GSM Silver/Black,TISP121012063,,Tarpaulin & Nets,39269099,18,,403.68,517.14,49
Tirpal 12X10 120GSM Green,TISP12101209,,Tarpaulin & Nets,39269099,18,,404.63,522.2,54
Tirpal 15X12 120GSM Blue,TISP1512120,,Tarpaulin & Nets,39269099,18,,670.97,822.65,82
Tirpal 15X12 120GSM Yellow,TISP15121200,,Tarpaulin & Nets,39269099,18,,599.75,763.03,58
Tirpal 15X12 120GSM Black,TISP15121201,,Tarpaulin & Nets,39269099,18,,647.97,790.71,84
Tirpal 15X12 120GSM Silver/Black,TISP15121209,,Tarpaulin & Nets,39269099,18,,667.55,789.12,44
Tirpal 15X12 120GSM Green,TISP15121202,,Tarpaulin & Nets,39269099,18,,626.92,770.91,86
Tirpal 18X12 120GSM Blue,TISP1812120,,Tarpaulin & Nets,39269099,18,,701.16,890.71,10
Tirpal 18X12 120GSM Yellow,TISP18121205,,Tarpaulin & Nets,39269099,18,,750.58,957.7,56
Tirpal 18X12 120GSM Black,TISP18121202,,Tarpaulin & Nets,39269099,18,,687.95,880.8,3
Tirpal 18X12 120GSM Silver/Black,TISP18121203,,Tarpaulin & Nets,39269099,18,,704.77,812.15,3
Tirpal 18X12 120GSM Green,TISP18121206,,Tarpaulin & Nets,39269099,18,,729.42,854.93,36
Tirpal 18X15 120GSM Blue,TISP1815120,,Tarpaulin & Nets,39269099,18,,961.04,1198.7,3
Tirpal 18X15 120GSM Yellow,TISP18151209,,Tarpaulin & Nets,39269099,18,,935.85,1143.91,89
Tirpal 18X15 120GSM Black,TISP18151201,,Tarpaulin & Nets,39269099,18,,879.8,1065.12,16
Tirpal 18X15 120GSM Silver/Black,TISP18151205,,Tarpaulin & Nets,39269099,18,,979.49,1203.33,18
Tirpal 18X15 120GSM Green,TISP18151206,,Tarpaulin & Nets,39269099,18,,970.26,1194.67,65
Tirpal 21X15 120GSM Blue,TISP2115120,,Tarpaulin & Nets,39269099,18,,1191.9,1510.11,90
Tirpal 21X15 120GSM Yellow,TISP21151206,,Tarpaulin & Nets,39269099,18,,1133.57,1303.95,62
Tirpal 21X15 120GSM Black,TISP21151208,,Tarpaulin & Nets,39269099,18,,1111.18,1340.95,77
Tirpal 21X15 120GSM Silver/Black,TISP21151202,,Tarpaulin & Nets,39269099,18,,1057.28,1331.78,51
Tirpal 21X15 120GSM Green,TISP21151205,,Tarpaulin & Nets,39269099,18,,1201.16,1551.85,3
Tirpal 24X18 120GSM Blue,TISP2418120,,Tarpaulin & Nets,39269099,18,,1531.64,1929.37,74
Tirpal 24X18 120GSM Yellow,TISP24181204,,Tarpaulin & Nets,39269099,18,,1420.42,1741.34,2
Tirpal 24X18 120GSM Black,TISP24181200,,Tarpaulin & Nets,39269099,18,,1581.55,1932.41,91
Tirpal 24X18 120GSM Silver/Black,TISP241812045,,Tarpaulin & Nets,39269099,18,,1524.98,1841.1,40
Tirpal 24X18 120GSM Green,TISP24181207,,Tarpaulin & Nets,39269099,18,,1373.06,1680.74,66
Tirpal 30X20 120GSM Blue,TISP3020120,,Tarpaulin & Nets,39269099,18,,2003.73,2375.93,92
Tirpal 30X20 120GSM Yellow,TISP30201202,,Tarpaulin & Nets,39269099,18,,2279.52,2730.53,78
Tirpal 30X20 120GSM Black,TISP30201201,,Tarpaulin & Nets,39269099,18,,2103.53,2460.85,10
Tirpal 30X20 120GSM Silver/Black,TISP30201206,,Tarpaulin & Nets,39269099,18,,1964.0,2312.04,31
Tirpal 30X20 120GSM Green,TISP302012065,,Tarpaulin & Nets,39269099,18,,2298.38,2771.91,61
Tirpal 30X24 120GSM Blue,TISP3024120,,Tarpaulin & Nets,39269099,18,,2381.07,3034.1,38
Tirpal 30X24 120GSM Yellow,TISP30241206,,Tarpaulin & Nets,39269099,18,,2496.12,3103.76,19
Tirpal 30X24 120GSM Black,TISP30241208,,Tarpaulin & Nets,39269099,18,,2615.92,3082.08,36
Tirpal 30X24 120GSM Silver/Black,TISP30241203,,Tarpaulin & Nets,39269099,18,,2533.85,3011.23,69
Tirpal 30X24 120GSM Green,TISP30241204,,Tarpaulin & Nets,39269099,18,,2739.51,3434.84,51
Tirpal 36X24 120GSM Blue,TISP3624120,,Tarpaulin & Nets,39269099,18,,3307.23,4243.07,51
Tirpal 36X24 120GSM Yellow,TISP36241203,,Tarpaulin & Nets,39269099,18,,3189.61,4008.45,85
Tirpal 36X24 120GSM Black,TISP36241202,,Tarpaulin & Nets,39269099,18,,3313.12,4002.86,90
Tirpal 36X24 120GSM Silver/Black,TISP36241207,,Tarpaulin & Nets,39269099,18,,2956.13,3420.34,76
Tirpal 36X24 120GSM Green,TISP36241201,,Tarpaulin & Nets,39269099,18,,2835.52,3534.01,19
Tirpal 40X30 120GSM Blue,TISP4030120,,Tarpaulin & Nets,39269099,18,,3995.1,5065.3,7
Tirpal 40X30 120GSM Yellow,TISP40301209,,Tarpaulin & Nets,39269099,18,,4180.82,4921.87,7
Tirpal 40X30 120GSM Black,TISP403012098,,Tarpaulin & Nets,39269099,18,,4264.57,4999.64,65
Tirpal 40X30 120GSM Silver/Black,TISP40301204,,Tarpaulin & Nets,39269099,18,,4015.93,4953.04,15
Tirpal 40X30 120GSM Green,TISP40301205,,Tarpaulin & Nets,39269099,18,,4299.54,5123.15,66
Tirpal 40X40 120GSM Blue,TISP4040120,,Tarpaulin & Nets,39269099,18,,6106.6,7148.58,96
Tirpal 40X40 120GSM Yellow,TISP40401207,,Tarpaulin & Nets,39269099,18,,5405.4,6602.47,15
Tirpal 40X40 120GSM Black,TISP40401200,,Tarpaulin & Nets,39269099,18,,6046.99,7781.47,67
Tirpal 40X40 120GSM Silver/Black,TISP40401206,,Tarpaulin & Nets,39269099,18,,5613.72,6470.59,18
Tirpal 40X40 120GSM Green,TISP404012065,,Tarpaulin & Nets,39269099,18,,5294.73,6751.28,75
Tirpal 50X40 120GSM Blue,TISP5040120,,Tarpaulin & Nets,39269099,18,,7312.28,8990.92,2
Tirpal 50X40 120GSM Yellow,TISP50401207,,Tarpaulin & Nets,39269099,18,,7319.94,9236.29,9
Tirpal 50X40 120GSM Black,TISP50401209,,Tarpaulin & Nets,39269099,18,,7342.32,8771.89,36
Tirpal 50X40 120GSM Silver/Black,TISP50401205,,Tarpaulin & Nets,39269099,18,,7581.38,9183.11,66
Tirpal 50X40 120GSM Green,TISP50401201,,Tarpaulin & Nets,39269099,18,,7332.88,9113.28,67
Tirpal 60X40 120GSM Blue,TISP6040120,,Tarpaulin & Nets,39269099,18,,7831.27,9791.98,5
Tirpal 60X40 120GSM Yellow,TISP60401201,,Tarpaulin & Nets,39269099,18,,8204.7,10135.3,77
Tirpal 60X40 120GSM Black,TISP60401203,,Tarpaulin & Nets,39269099,18,,8348.76,9667.03,77
Tirpal 60X40 120GSM Silver/Black,TISP60401207,,Tarpaulin & Nets,39269099,18,,7611.63,9740.65,18
Tirpal 60X40 120GSM Green,TISP60401204,,Tarpaulin & Nets,39269099,18,,9183.48,10975.91,64
Tirpal 60X60 120GSM Blue,TISP6060120,,Tarpaulin & Nets,39269099,18,,11932.44,14067.43,80
Tirpal 60X60 120GSM Yellow,TISP60601201,,Tarpaulin & Nets,39269099,18,,13547.49,15654.46,10
Tirpal 60X60 120GSM Black,TISP60601207,,Tarpaulin & Nets,39269099,18,,11509.99,14936.99,48
Tirpal 60X60 120GSM Silver/Black,TISP60601200,,Tarpaulin & Nets,39269099,18,,11872.76,14411.64,44
Tirpal 60X60 120GSM Green,TISP606012007,,Tarpaulin & Nets,39269099,18,,11469.46,13657.58,52
Tirpal 80X60 120GSM Blue,TISP8060120,,Tarpaulin & Nets,39269099,18,,17963.08,23241.81,61
Tirpal 80X60 120GSM Yellow,TISP80601201,,Tarpaulin & Nets,39269099,18,,16352.69,19534.65,46
Tirpal 80X60 120GSM Black,TISP80601200,,Tarpaulin & Nets,39269099,18,,17440.37,21721.15,13
Tirpal 80X60 120GSM Silver/Black,TISP80601208,,Tarpaulin & Nets,39269099,18,,15383.41,18148.03,93
Tirpal 80X60 120GSM Green,TISP80601207,,Tarpaulin & Nets,39269099,18,,17922.76,21944.55,57
Tirpal 100X100 120GSM Blue,TISP100100120,,Tarpaulin & Nets,39269099,18,,32352.8,40767.69,17
Tirpal 100X100 120GSM Yellow,TISP1001001204,,Tarpaulin & Nets,39269099,18,,36875.41,43153.09,31
Tirpal 100X100 120GSM Black,TISP1001001208,,Tarpaulin & Nets,39269099,18,,34353.3,41654.85,87
Tirpal 100X100 120GSM Silver/Black,TISP1001001205,,Tarpaulin & Nets,39269099,18,,38454.65,44752.66,43
Tirpal 100X100 120GSM Green,TISP10010012045,,Tarpaulin & Nets,39269099,18,,36267.24,45587.92,16
Tirpal 6X4 150GSM Blue,TISP64150,,Tarpaulin & Nets,39269099,18,,101.97,131.68,52
Tirpal 6X4 150GSM Yellow,TISP641508,,Tarpaulin & Nets,39269099,18,,112.08,133.3,80
Tirpal 6X4 150GSM Black,TISP641506,,Tarpaulin & Nets,39269099,18,,99.93,120.03,57
Tirpal 6X4 150GSM Silver/Black,TISP641500,,Tarpaulin & Nets,39269099,18,,105.15,123.95,25
Tirpal 6X4 150GSM Green,TISP6415065,,Tarpaulin & Nets,39269099,18,,110.19,130.0,55
Tirpal 8X6 150GSM Blue,TISP86150,,Tarpaulin & Nets,39269099,18,,195.87,253.74,69
Tirpal 8X6 150GSM Yellow,TISP861505,,Tarpaulin & Nets,39269099,18,,197.31,245.57,97
Tirpal 8X6 150GSM Black,TISP861508,,Tarpaulin & Nets,39269099,18,,203.28,248.0,63
Tirpal 8X6 150GSM Silver/Black,TISP8615080,,Tarpaulin & Nets,39269099,18,,230.79,295.27,8
Tirpal 8X6 150GSM Green,TISP861501,,Tarpaulin & Nets,39269099,18,,236.37,295.62,36
Tirpal 9X6 150GSM Blue,TISP96150,,Tarpaulin & Nets,39269099,18,,221.35,279.83,52
Tirpal 9X6 150GSM Yellow,TISP961505,,Tarpaulin & Nets,39269099,18,,233.2,277.04,46
Tirpal 9X6 150GSM Black,TISP961503,,Tarpaulin & Nets,39269099,18,,221.69,281.98,61
Tirpal 9X6 150GSM Silver/Black,TISP961506,,Tarpaulin & Nets,39269099,18,,255.52,321.61,81
Tirpal 9X6 150GSM Green,TISP9615031,,Tarpaulin & Nets,39269099,18,,248.03,289.16,100
Tirpal 12X9 150GSM Blue,TISP129150,,Tarpaulin & Nets,39269099,18,,488.26,580.88,16
Tirpal 12X9 150GSM Yellow,TISP1291509,,Tarpaulin & Nets,39269099,18,,482.59,614.05,96
Tirpal 12X9 150GSM Black,TISP1291505,,Tarpaulin & Nets,39269099,18,,504.39,622.95,33
Tirpal 12X9 150GSM Silver/Black,TISP1291508,,Tarpaulin & Nets,39269099,18,,463.86,566.48,53
Tirpal 12X9 150GSM Green,TISP12915097,,Tarpaulin & Nets,39269099,18,,514.75,647.86,94
Tirpal 12X10 150GSM Blue,TISP1210150,,Tarpaulin & Nets,39269099,18,,592.7,717.75,76
Tirpal 12X10 150GSM Yellow,TISP12101507,,Tarpaulin & Nets,39269099,18,,562.5,711.95,46
Tirpal 12X10 150GSM Black,TISP12101500,,Tarpaulin & Nets,39269099,18,,539.41,641.02,3
Tirpal 12X10 150GSM Silver/Black,TISP121015078,,Tarpaulin & Nets,39269099,18,,555.36,654.72,32
Tirpal 12X10 150GSM Green,TISP12101503,,Tarpaulin & Nets,39269099,18,,572.54,707.6,8
Tirpal 15X12 150GSM Blue,TISP1512150,,Tarpaulin & Nets,39269099,18,,890.69,1060.92,30
Tirpal 15X12 150GSM Yellow,TISP15121500,,Tarpaulin & Nets,39269099,18,,771.67,977.98,14
Tirpal 15X12 150GSM Black,TISP15121502,,Tarpaulin & Nets,39269099,18,,835.78,1021.34,100
Tirpal 15X12 150GSM Silver/Black,TISP15121509,,Tarpaulin & Nets,39269099,18,,845.94,1045.69,79
Tirpal 15X12 150GSM Green,TISP15121504,,Tarpaulin & Nets,39269099,18,,860.51,998.36,6
Tirpal 18X12 150GSM Blue,TISP1812150,,Tarpaulin & Nets,39269099,18,,1069.12,1354.56,38
Tirpal 18X12 150GSM Yellow,TISP18121504,,Tarpaulin & Nets,39269099,18,,890.94,1055.12,22
Tirpal 18X12 150GSM Black,TISP18121503,,Tarpaulin & Nets,39269099,18,,1012.63,1256.61,38
Tirpal 18X12 150GSM Silver/Black,TISP18121509,,Tarpaulin & Nets,39269099,18,,922.68,1141.03,50
Tirpal 18X12 150GSM Green,TISP18121506,,Tarpaulin & Nets,39269099,18,,1037.38,1288.33,86
Tirpal 18X15 150GSM Blue,TISP1815150,,Tarpaulin & Nets,39269099,18,,1142.28,1389.3,93
Tirpal 18X15 150GSM Yellow,TISP18151502,,Tarpaulin & Nets,39269099,18,,1266.27,1524.17,59
Tirpal 18X15 150GSM Black,TISP18151503,,Tarpaulin & Nets,39269099,18,,1176.75,1521.42,54
Tirpal 18X15 150GSM Silver/Black,TISP18151508,,Tarpaulin & Nets,39269099,18,,1268.35,1487.87,79
Tirpal 18X15 150GSM Green,TISP18151500,,Tarpaulin & Nets,39269099,18,,1253.42,1496.81,25
Tirpal 21X15 150GSM Blue,TISP2115150,,Tarpaulin & Nets,39269099,18,,1546.63,2007.71,46
Tirpal 21X15 150GSM Yellow,TISP21151508,,Tarpaulin & Nets,39269099,18,,1498.71,1725.44,29
Tirpal 21X15 150GSM Black,TISP21151501,,Tarpaulin & Nets,39269099,18,,1490.37,1756.75,62
Tirpal 21X15 150GSM Silver/Black,TISP21151506,,Tarpaulin & Nets,39269099,18,,1459.0,1828.23,95
Tirpal 21X15 150GSM Green,TISP21151507,,Tarpaulin & Nets,39269099,18,,1359.06,1605.6,8
Tirpal 24X18 150GSM Blue,TISP2418150,,Tarpaulin & Nets,39269099,18,,1904.16,2290.86,54
Tirpal 24X18 150GSM Yellow,TISP24181505,,Tarpaulin & Nets,39269099,18,,2012.1,2581.43,25
Tirpal 24X18 150GSM Black,TISP24181508,,Tarpaulin & Nets,39269099,18,,1778.19,2154.83,32
Tirpal 24X18 150GSM Silver/Black,TISP24181504,,Tarpaulin & Nets,39269099,18,,1772.82,2245.27,42
Tirpal 24X18 150GSM Green,TISP24181509,,Tarpaulin & Nets,39269099,18,,1831.45,2340.1,73
Tirpal 30X20 150GSM Blue,TISP3020150,,Tarpaulin & Nets,39269099,18,,2943.07,3490.67,97
Tirpal 30X20 150GSM Yellow,TISP30201507,,Tarpaulin & Nets,39269099,18,,2431.14,2908.2,73
Tirpal 30X20 150GSM Black,TISP30201500,,Tarpaulin & Nets,39269099,18,,2588.36,3325.78,13
Tirpal 30X20 150GSM Silver/Black,TISP30201508,,Tarpaulin & Nets,39269099,18,,2560.04,3010.47,22
Tirpal 30X20 150GSM Green,TISP30201502,,Tarpaulin & Nets,39269099,18,,2613.5,3274.78,56
Tirpal 30X24 150GSM Blue,TISP3024150,,Tarpaulin & Nets,39269099,18,,3389.83,4369.22,89
Tirpal 30X24 150GSM Yellow,TISP30241506,,Tarpaulin & Nets,39269099,18,,3328.12,3966.2,57
Tirpal 30X24 150GSM Black,TISP30241508,,Tarpaulin & Nets,39269099,18,,3509.16,4561.36,71
Tirpal 30X24 150GSM Silver/Black,TISP30241504,,Tarpaulin & Nets,39269099,18,,3280.24,3881.07,51
Tirpal 30X24 150GSM Green,TISP302415066,,Tarpaulin & Nets,39269099,18,,3166.37,3849.19,67
Tirpal 36X24 150GSM Blue,TISP3624150,,Tarpaulin & Nets,39269099,18,,3584.25,4591.62,70
Tirpal 36X24 150GSM Yellow,TISP36241509,,Tarpaulin & Nets,39269099,18,,3502.94,4271.45,89
Tirpal 36X24 150GSM Black,TISP36241505,,Tarpaulin & Nets,39269099,18,,3809.53,4382.62,37
Tirpal 36X24 150GSM Silver/Black,TISP36241503,,Tarpaulin & Nets,39269099,18,,4107.44,4773.6,36
Tirpal 36X24 150GSM Green,TISP362415090,,Tarpaulin & Nets,39269099,18,,3861.29,4667.95,66
Tirpal 40X30 150GSM Blue,TISP4030150,,Tarpaulin & Nets,39269099,18,,5393.74,6712.71,7
Tirpal 40X30 150GSM Yellow,TISP40301504,,Tarpaulin & Nets,39269099,18,,5698.63,6753.01,27
Tirpal 40X30 150GSM Black,TISP40301503,,Tarpaulin & Nets,39269099,18,,5762.76,6855.09,15
Tirpal 40X30 150GSM Silver/Black,TISP40301500,,Tarpaulin & Nets,39269099,18,,4885.67,6139.41,46
Tirpal 40X30 150GSM Green,TISP40301501,,Tarpaulin & Nets,39269099,18,,5785.97,7502.57,43
Tirpal 40X40 150GSM Blue,TISP4040150,,Tarpaulin & Nets,39269099,18,,7558.19,8808.36,78
Tirpal 40X40 150GSM Yellow,TISP40401509,,Tarpaulin & Nets,39269099,18,,7611.5,9647.5,47
Tirpal 40X40 150GSM Black,TISP40401503,,Tarpaulin & Nets,39269099,18,,6590.49,7880.31,49
Tirpal 40X40 150GSM Silver/Black,TISP404015031,,Tarpaulin & Nets,39269099,18,,7832.37,9555.02,27
Tirpal 40X40 150GSM Green,TISP40401507,,Tarpaulin & Nets,39269099,18,,7876.07,10074.5,36
Tirpal 50X40 150GSM Blue,TISP5040150,,Tarpaulin & Nets,39269099,18,,9185.16,11900.2,79
Tirpal 50X40 150GSM Yellow,TISP50401501,,Tarpaulin & Nets,39269099,18,,8590.16,10320.98,67
Tirpal 50X40 150GSM Black,TISP504015017,,Tarpaulin & Nets,39269099,18,,9699.49,12549.03,34
Tirpal 50X40 150GSM Silver/Black,TISP50401506,,Tarpaulin & Nets,39269099,18,,9062.93,11261.82,34
Tirpal 50X40 150GSM Green,TISP50401504,,Tarpaulin & Nets,39269099,18,,8603.97,10187.36,27
Tirpal 60X40 150GSM Blue,TISP6040150,,Tarpaulin & Nets,39269099,18,,11212.5,13973.01,9
Tirpal 60X40 150GSM Yellow,TISP60401509,,Tarpaulin & Nets,39269099,18,,10585.64,13626.48,69
Tirpal 60X40 150GSM Black,TISP60401501,,Tarpaulin & Nets,39269099,18,,10662.96,13273.73,27
Tirpal 60X40 150GSM Silver/Black,TISP60401502,,Tarpaulin & Nets,39269099,18,,11027.18,13428.51,99
Tirpal 60X40 150GSM Green,TISP604015096,,Tarpaulin & Nets,39269099,18,,10464.13,13321.38,3
Tirpal 60X60 150GSM Blue,TISP6060150,,Tarpaulin & Nets,39269099,18,,15775.44,19921.46,97
Tirpal 60X60 150GSM Yellow,TISP60601500,,Tarpaulin & Nets,39269099,18,,16314.97,19244.92,30
Tirpal 60X60 150GSM Black,TISP60601506,,Tarpaulin & Nets,39269099,18,,17591.89,20780.34,8
Tirpal 60X60 150GSM Silver/Black,TISP60601509,,Tarpaulin & Nets,39269099,18,,16897.26,20587.89,65
Tirpal 60X60 150GSM Green,TISP606015063,,Tarpaulin & Nets,39269099,18,,16339.43,18924.43,75
Tirpal 80X60 150GSM Blue,TISP8060150,,Tarpaulin & Nets,39269099,18,,22793.92,29020.19,18
Tirpal 80X60 150GSM Yellow,TISP80601501,,Tarpaulin & Nets,39269099,18,,19594.29,22824.17,85
Tirpal 80X60 150GSM Black,TISP80601502,,Tarpaulin & Nets,39269099,18,,20758.91,25829.75,4
Tirpal 80X60 150GSM Silver/Black,TISP80601506,,Tarpaulin & Nets,39269099,18,,19659.53,22643.16,86
Tirpal 80X60 150GSM Green,TISP80601508,,Tarpaulin & Nets,39269099,18,,21918.49,28080.67,45
Tirpal 100X100 150GSM Blue,TISP100100150,,Tarpaulin & Nets,39269099,18,,43849.98,53836.9,35
Tirpal 100X100 150GSM Yellow,TISP1001001502,,Tarpaulin & Nets,39269099,18,,42076.5,48909.63,31
Tirpal 100X100 150GSM Black,TISP1001001503,,Tarpaulin & Nets,39269099,18,,42190.64,52351.78,89
Tirpal 100X100 150GSM Silver/Black,TISP1001001501,,Tarpaulin & Nets,39269099,18,,46882.65,59501.91,82
Tirpal 100X100 150GSM Green,TISP10010015021,,Tarpaulin & Nets,39269099,18,,45629.95,53638.95,3
Tirpal 6X4 200GSM Blue,TISP64200,,Tarpaulin & Nets,39269099,18,,151.24,186.42,83
Tirpal 6X4 200GSM Yellow,TISP642009,,Tarpaulin & Nets,39269099,18,,154.39,198.97,13
Tirpal 6X4 200GSM Black,TISP642008,,Tarpaulin & Nets,39269099,18,,145.68,184.34,99
Tirpal 6X4 200GSM Silver/Black,TISP642007,,Tarpaulin & Nets,39269099,18,,151.61,194.86,12
Tirpal 6X4 200GSM Green,TISP642000,,Tarpaulin & Nets,39269099,18,,142.85,179.16,61
Tirpal 8X6 200GSM Blue,TISP86200,,Tarpaulin & Nets,39269099,18,,299.98,370.74,55
Tirpal 8X6 200GSM Yellow,TISP862005,,Tarpaulin & Nets,39269099,18,,293.42,377.25,9
Tirpal 8X6 200GSM Black,TISP862004,,Tarpaulin & Nets,39269099,18,,280.02,339.7,10
Tirpal 8X6 200GSM Silver/Black,TISP862009,,Tarpaulin & Nets,39269099,18,,313.15,390.08,37
Tirpal 8X6 200GSM Green,TISP8620096,,Tarpaulin & Nets,39269099,18,,281.46,338.81,56
Tirpal 9X6 200GSM Blue,TISP96200,,Tarpaulin & Nets,39269099,18,,352.32,415.95,46
Tirpal 9X6 200GSM Yellow,TISP962008,,Tarpaulin & Nets,39269099,18,,311.45,362.5,95
Tirpal 9X6 200GSM Black,TISP962006,,Tarpaulin & Nets,39269099,18,,305.93,379.8,79
Tirpal 9X6 200GSM Silver/Black,TISP962007,,Tarpaulin & Nets,39269099,18,,304.92,373.21,84
Tirpal 9X6 200GSM Green,TISP962000,,Tarpaulin & Nets,39269099,18,,349.21,402.11,34
Tirpal 12X9 200GSM Blue,TISP129200,,Tarpaulin & Nets,39269099,18,,612.08,767.92,8
Tirpal 12X9 200GSM Yellow,TISP1292004,,Tarpaulin & Nets,39269099,18,,700.39,893.36,65
Tirpal 12X9 200GSM Black,TISP1292002,,Tarpaulin & Nets,39269099,18,,668.3,797.83,49
Tirpal 12X9 200GSM Silver/Black,TISP1292001,,Tarpaulin & Nets,39269099,18,,673.49,874.63,86
Tirpal 12X9 200GSM Green,TISP12920018,,Tarpaulin & Nets,39269099,18,,640.64,756.89,69
Tirpal 12X10 200GSM Blue,TISP1210200,,Tarpaulin & Nets,39269099,18,,738.81,920.49,53
Tirpal 12X10 200GSM Yellow,TISP12102002,,Tarpaulin & Nets,39269099,18,,687.61,876.38,79
Tirpal 12X10 200GSM Black,TISP12102003,,Tarpaulin & Nets,39269099,18,,775.88,984.53,46
Tirpal 12X10 200GSM Silver/Black,TISP12102000,,Tarpaulin & Nets,39269099,18,,723.21,864.55,33
Tirpal 12X10 200GSM Green,TISP12102001,,Tarpaulin & Nets,39269099,18,,672.64,873.68,12
Tirpal 15X12 200GSM Blue,TISP1512200,,Tarpaulin & Nets,39269099,18,,980.96,1187.77,94
Tirpal 15X12 200GSM Yellow,TISP15122007,,Tarpaulin & Nets,39269099,18,,1055.32,1215.26,23
Tirpal 15X12 200GSM Black,TISP15122000,,Tarpaulin & Nets,39269099,18,,1168.14,1424.97,5
Tirpal 15X12 200GSM Silver/Black,TISP15122008,,Tarpaulin & Nets,39269099,18,,1175.75,1446.54,3
Tirpal 15X12 200GSM Green,TISP15122006,,Tarpaulin & Nets,39269099,18,,1121.45,1388.3,90
Tirpal 18X12 200GSM Blue,TISP1812200,,Tarpaulin & Nets,39269099,18,,1271.17,1616.96,67
Tirpal 18X12 200GSM Yellow,TISP18122003,,Tarpaulin & Nets,39269099,18,,1174.83,1420.55,70
Tirpal 18X12 200GSM Black,TISP18122004,,Tarpaulin & Nets,39269099,18,,1364.88,1726.54,33
Tirpal 18X12 200GSM Silver/Black,TISP18122009,,Tarpaulin & Nets,39269099,18,,1250.73,1537.03,69
Tirpal 18X12 200GSM Green,TISP18122002,,Tarpaulin & Nets,39269099,18,,1393.86,1805.52,42
Tirpal 18X15 200GSM Blue,TISP1815200,,Tarpaulin & Nets,39269099,18,,1509.34,1823.57,0
Tirpal 18X15 200GSM Yellow,TISP18152005,,Tarpaulin & Nets,39269099,18,,1778.3,2148.98,5
Tirpal 18X15 200GSM Black,TISP18152004,,Tarpaulin & Nets,39269099,18,,1742.93,2013.98,64
Tirpal 18X15 200GSM Silver/Black,TISP18152003,,Tarpaulin & Nets,39269099,18,,1724.48,2060.96,69
Tirpal 18X15 200GSM Green,TISP18152001,,Tarpaulin & Nets,39269099,18,,1524.19,1855.13,77
Tirpal 21X15 200GSM Blue,TISP2115200,,Tarpaulin & Nets,39269099,18,,1716.85,2214.02,0
Tirpal 21X15 200GSM Yellow,TISP21152001,,Tarpaulin & Nets,39269099,18,,2039.4,2598.38,59
Tirpal 21X15 200GSM Black,TISP21152007,,Tarpaulin & Nets,39269099,18,,1986.17,2558.47,17
Tirpal 21X15 200GSM Silver/Black,TISP21152000,,Tarpaulin & Nets,39269099,18,,1774.96,2050.97,37
Tirpal 21X15 200GSM Green,TISP21152004,,Tarpaulin & Nets,39269099,18,,2041.36,2474.72,38
Tirpal 24X18 200GSM Blue,TISP2418200,,Tarpaulin & Nets,39269099,18,,2683.64,3264.45,45
Tirpal 24X18 200GSM Yellow,TISP24182005,,Tarpaulin & Nets,39269099,18,,2406.18,2791.29,15
Tirpal 24X18 200GSM Black,TISP24182004,,Tarpaulin & Nets,39269099,18,,2336.32,2819.73,58
Tirpal 24X18 200GSM Silver/Black,TISP24182006,,Tarpaulin & Nets,39269099,18,,2694.59,3147.59,6
Tirpal 24X18 200GSM Green,TISP24182009,,Tarpaulin & Nets,39269099,18,,2667.6,3442.15,17
Tirpal 30X20 200GSM Blue,TISP3020200,,Tarpaulin & Nets,39269099,18,,3573.98,4530.43,38
Tirpal 30X20 200GSM Yellow,TISP30202005,,Tarpaulin & Nets,39269099,18,,3675.57,4350.23,59
Tirpal 30X20 200GSM Black,TISP30202003,,Tarpaulin & Nets,39269099,18,,3286.65,4068.96,43
Tirpal 30X20 200GSM Silver/Black,TISP30202006,,Tarpaulin & Nets,39269099,18,,3449.15,4456.95,42
Tirpal 30X20 200GSM Green,TISP30202002,,Tarpaulin & Nets,39269099,18,,3930.69,4837.41,96
Tirpal 30X24 200GSM Blue,TISP3024200,,Tarpaulin & Nets,39269099,18,,4237.89,5410.32,47
Tirpal 30X24 200GSM Yellow,TISP30242005,,Tarpaulin & Nets,39269099,18,,4193.97,5044.07,50
Tirpal 30X24 200GSM Black,TISP30242002,,Tarpaulin & Nets,39269099,18,,4434.2,5137.5,34
Tirpal 30X24 200GSM Silver/Black,TISP302420058,,Tarpaulin & Nets,39269099,18,,4150.97,4898.87,83
Tirpal 30X24 200GSM Green,TISP30242007,,Tarpaulin & Nets,39269099,18,,4012.4,4964.55,92
Tirpal 36X24 200GSM Blue,TISP3624200,,Tarpaulin & Nets,39269099,18,,4951.15,5994.95,91
Tirpal 36X24 200GSM Yellow,TISP36242009,,Tarpaulin & Nets,39269099,18,,4934.02,5839.46,86
Tirpal 36X24 200GSM Black,TISP362420095,,Tarpaulin & Nets,39269099,18,,5322.69,6434.08,37
Tirpal 36X24 200GSM Silver/Black,TISP36242008,,Tarpaulin & Nets,39269099,18,,5675.15,7013.86,10
Tirpal 36X24 200GSM Green,TISP36242004,,Tarpaulin & Nets,39269099,18,,4832.18,6136.12,42
Tirpal 40X30 200GSM Blue,TISP4030200,,Tarpaulin & Nets,39269099,18,,7070.05,8746.11,17
Tirpal 40X30 200GSM Yellow,TISP40302005,,Tarpaulin & Nets,39269099,18,,6956.59,9010.04,89
Tirpal 40X30 200GSM Black,TISP40302004,,Tarpaulin & Nets,39269099,18,,6536.79,8213.17,28
Tirpal 40X30 200GSM Silver/Black,TISP40302003,,Tarpaulin & Nets,39269099,18,,6872.12,8407.78,11
Tirpal 40X30 200GSM Green,TISP40302000,,Tarpaulin & Nets,39269099,18,,7304.27,9377.75,47
Tirpal 40X40 200GSM Blue,TISP4040200,,Tarpaulin & Nets,39269099,18,,10532.9,12938.23,93
Tirpal 40X40 200GSM Yellow,TISP40402004,,Tarpaulin & Nets,39269099,18,,8927.83,11369.76,16
Tirpal 40X40 200GSM Black,TISP40402008,,Tarpaulin & Nets,39269099,18,,8827.06,10309.54,57
Tirpal 40X40 200GSM Silver/Black,TISP40402003,,Tarpaulin & Nets,39269099,18,,9050.56,10561.56,67
Tirpal 40X40 200GSM Green,TISP40402006,,Tarpaulin & Nets,39269099,18,,9226.22,10748.6,87
Tirpal 50X40 200GSM Blue,TISP5040200,,Tarpaulin & Nets,39269099,18,,11640.04,13814.48,54
Tirpal 50X40 200GSM Yellow,TISP50402004,,Tarpaulin & Nets,39269099,18,,12451.85,14543.56,32
Tirpal 50X40 200GSM Black,TISP50402002,,Tarpaulin & Nets,39269099,18,,13105.5,15419.56,42
Tirpal 50X40 200GSM Silver/Black,TISP504020041,,Tarpaulin & Nets,39269099,18,,11174.98,14451.59,73
Tirpal 50X40 200GSM Green,TISP50402009,,Tarpaulin & Nets,39269099,18,,11137.97,14456.0,12
Tirpal 60X40 200GSM Blue,TISP6040200,,Tarpaulin & Nets,39269099,18,,15184.68,19339.94,71
Tirpal 60X40 200GSM Yellow,TISP60402005,,Tarpaulin & Nets,39269099,18,,15796.75,19356.12,42
Tirpal 60X40 200GSM Black,TISP60402001,,Tarpaulin & Nets,39269099,18,,14751.67,19104.11,8
Tirpal 60X40 200GSM Silver/Black,TISP60402004,,Tarpaulin & Nets,39269099,18,,14402.76,18662.78,10
Tirpal 60X40 200GSM Green,TISP60402009,,Tarpaulin & Nets,39269099,18,,15785.3,19163.92,77
Tirpal 60X60 200GSM Blue,TISP6060200,,Tarpaulin & Nets,39269099,18,,20789.23,25042.14,4
Tirpal 60X60 200GSM Yellow,TISP60602005,,Tarpaulin & Nets,39269099,18,,20661.13,25871.32,94
Tirpal 60X60 200GSM Black,TISP60602009,,Tarpaulin & Nets,39269099,18,,21663.8,27847.93,80
Tirpal 60X60 200GSM Silver/Black,TISP606020054,,Tarpaulin & Nets,39269099,18,,23701.64,28452.44,29
Tirpal 60X60 200GSM Green,TISP60602008,,Tarpaulin & Nets,39269099,18,,22241.75,25646.57,62
Tirpal 80X60 200GSM Blue,TISP8060200,,Tarpaulin & Nets,39269099,18,,26276.13,31896.46,27
Tirpal 80X60 200GSM Yellow,TISP80602007,,Tarpaulin & Nets,39269099,18,,30983.93,39076.68,3
Tirpal 80X60 200GSM Black,TISP80602002,,Tarpaulin & Nets,39269099,18,,29465.71,34628.8,75
Tirpal 80X60 200GSM Silver/Black,TISP80602005,,Tarpaulin & Nets,39269099,18,,27602.06,34805.95,14
Tirpal 80X60 200GSM Green,TISP806020059,,Tarpaulin & Nets,39269099,18,,31163.78,37566.59,7
Tirpal 100X100 200GSM Blue,TISP100100200,,Tarpaulin & Nets,39269099,18,,59477.71,76782.45,87
Tirpal 100X100 200GSM Yellow,TISP1001002005,,Tarpaulin & Nets,39269099,18,,63627.86,79080.63,53
Tirpal 100X100 200GSM Black,TISP10010020057,,Tarpaulin & Nets,39269099,18,,61305.27,74106.88,58
Tirpal 100X100 200GSM Silver/Black,TISP1001002009,,Tarpaulin & Nets,39269099,18,,56071.32,69105.17,74
Tirpal 100X100 200GSM Green,TISP10010020097,,Tarpaulin & Nets,39269099,18,,65247.95,82018.71,36
Tirpal 6X4 250GSM Blue,TISP64250,,Tarpaulin & Nets,39269099,18,,165.63,201.95,57
Tirpal 6X4 250GSM Yellow,TISP642500,,Tarpaulin & Nets,39269099,18,,193.28,232.14,22
Tirpal 6X4 250GSM Black,TISP642509,,Tarpaulin & Nets,39269099,18,,182.97,231.18,5
Tirpal 6X4 250GSM Silver/Black,TISP642507,,Tarpaulin & Nets,39269099,18,,185.0,234.62,5
Tirpal 6X4 250GSM Green,TISP642501,,Tarpaulin & Nets,39269099,18,,182.26,231.52,65
Tirpal 8X6 250GSM Blue,TISP86250,,Tarpaulin & Nets,39269099,18,,372.48,455.21,43
Tirpal 8X6 250GSM Yellow,TISP862506,,Tarpaulin & Nets,39269099,18,,342.26,422.46,51
Tirpal 8X6 250GSM Black,TISP862509,,Tarpaulin & Nets,39269099,18,,340.5,425.6,63
Tirpal 8X6 250GSM Silver/Black,TISP862508,,Tarpaulin & Nets,39269099,18,,389.84,499.74,40
Tirpal 8X6 250GSM Green,TISP862505,,Tarpaulin & Nets,39269099,18,,329.47,410.46,76
Tirpal 9X6 250GSM Blue,TISP96250,,Tarpaulin & Nets,39269099,18,,393.97,490.93,93
Tirpal 9X6 250GSM Yellow,TISP962506,,Tarpaulin & Nets,39269099,18,,389.39,478.01,73
Tirpal 9X6 250GSM Black,TISP962503,,Tarpaulin & Nets,39269099,18,,439.5,552.62,65
Tirpal 9X6 250GSM Silver/Black,TISP962500,,Tarpaulin & Nets,39269099,18,,383.79,473.59,70
Tirpal 9X6 250GSM Green,TISP962509,,Tarpaulin & Nets,39269099,18,,397.83,457.6,88
Tirpal 12X9 250GSM Blue,TISP129250,,Tarpaulin & Nets,39269099,18,,803.93,1014.28,44
Tirpal 12X9 250GSM Yellow,TISP1292504,,Tarpaulin & Nets,39269099,18,,778.94,942.18,59
Tirpal 12X9 250GSM Black,TISP1292500,,Tarpaulin & Nets,39269099,18,,764.92,888.87,21
Tirpal 12X9 250GSM Silver/Black,TISP1292502,,Tarpaulin & Nets,39269099,18,,806.26,1017.19,31
Tirpal 12X9 250GSM Green,TISP1292508,,Tarpaulin & Nets,39269099,18,,829.81,1069.82,43
Tirpal 12X10 250GSM Blue,TISP1210250,,Tarpaulin & Nets,39269099,18,,929.84,1165.39,51
Tirpal 12X10 250GSM Yellow,TISP12102509,,Tarpaulin & Nets,39269099,18,,972.71,1219.75,65
Tirpal 12X10 250GSM Black,TISP12102502,,Tarpaulin & Nets,39269099,18,,921.02,1083.25,68
Tirpal 12X10 250GSM Silver/Black,TISP12102508,,Tarpaulin & Nets,39269099,18,,851.9,999.95,13
Tirpal 12X10 250GSM Green,TISP121025083,,Tarpaulin & Nets,39269099,18,,867.36,998.09,51
Tirpal 15X12 250GSM Blue,TISP1512250,,Tarpaulin & Nets,39269099,18,,1348.34,1730.51,41
Tirpal 15X12 250GSM Yellow,TISP15122504,,Tarpaulin & Nets,39269099,18,,1382.09,1625.05,89
Tirpal 15X12 250GSM Black,TISP15122507,,Tarpaulin & Nets,39269099,18,,1301.31,1677.67,36
Tirpal 15X12 250GSM Silver/Black,TISP15122509,,Tarpaulin & Nets,39269099,18,,1330.57,1574.38,3
Tirpal 15X12 250GSM Green,TISP15122502,,Tarpaulin & Nets,39269099,18,,1393.36,1638.83,79
Tirpal 18X12 250GSM Blue,TISP1812250,,Tarpaulin & Nets,39269099,18,,1780.94,2141.88,56
Tirpal 18X12 250GSM Yellow,TISP18122503,,Tarpaulin & Nets,39269099,18,,1774.2,2193.57,41
Tirpal 18X12 250GSM Black,TISP18122500,,Tarpaulin & Nets,39269099,18,,1733.13,2206.08,56
Tirpal 18X12 250GSM Silver/Black,TISP18122502,,Tarpaulin & Nets,39269099,18,,1636.29,2013.99,36
Tirpal 18X12 250GSM Green,TISP181225029,,Tarpaulin & Nets,39269099,18,,1481.97,1728.93,59
Tirpal 18X15 250GSM Blue,TISP1815250,,Tarpaulin & Nets,39269099,18,,2178.4,2518.45,35
Tirpal 18X15 250GSM Yellow,TISP18152506,,Tarpaulin & Nets,39269099,18,,1959.71,2521.66,89
Tirpal 18X15 250GSM Black,TISP18152502,,Tarpaulin & Nets,39269099,18,,1984.38,2335.57,78
Tirpal 18X15 250GSM Silver/Black,TISP18152507,,Tarpaulin & Nets,39269099,18,,2170.75,2811.35,89
Tirpal 18X15 250GSM Green,TISP181525060,,Tarpaulin & Nets,39269099,18,,2000.31,2352.79,90
Tirpal 21X15 250GSM Blue,TISP2115250,,Tarpaulin & Nets,39269099,18,,2482.82,3164.02,6
Tirpal 21X15 250GSM Yellow,TISP21152508,,Tarpaulin & Nets,39269099,18,,2316.71,2986.38,38
Tirpal 21X15 250GSM Black,TISP21152506,,Tarpaulin & Nets,39269099,18,,2433.16,2928.3,35
Tirpal 21X15 250GSM Silver/Black,TISP21152504,,Tarpaulin & Nets,39269099,18,,2568.17,3197.97,95
Tirpal 21X15 250GSM Green,TISP21152509,,Tarpaulin & Nets,39269099,18,,2501.67,3006.03,84
Tirpal 24X18 250GSM Blue,TISP2418250,,Tarpaulin & Nets,39269099,18,,3547.71,4326.45,100
Tirpal 24X18 250GSM Yellow,TISP24182504,,Tarpaulin & Nets,39269099,18,,3126.91,3913.97,13
Tirpal 24X18 250GSM Black,TISP24182505,,Tarpaulin & Nets,39269099,18,,3508.1,4152.58,85
Tirpal 24X18 250GSM Silver/Black,TISP24182503,,Tarpaulin & Nets,39269099,18,,3001.37,3606.02,86
Tirpal 24X18 250GSM Green,TISP24182508,,Tarpaulin & Nets,39269099,18,,3405.6,4326.78,80
Tirpal 30X20 250GSM Blue,TISP3020250,,Tarpaulin & Nets,39269099,18,,4113.47,5203.46,57
Tirpal 30X20 250GSM Yellow,TISP30202502,,Tarpaulin & Nets,39269099,18,,4102.39,4736.39,35
Tirpal 30X20 250GSM Black,TISP30202509,,Tarpaulin & Nets,39269099,18,,4508.23,5517.08,83
Tirpal 30X20 250GSM Silver/Black,TISP30202507,,Tarpaulin & Nets,39269099,18,,4751.49,5564.93,55
Tirpal 30X20 250GSM Green,TISP302025029,,Tarpaulin & Nets,39269099,18,,4230.21,5128.12,98
Tirpal 30X24 250GSM Blue,TISP3024250,,Tarpaulin & Nets,39269099,18,,5899.53,7667.05,76
Tirpal 30X24 250GSM Yellow,TISP30242504,,Tarpaulin & Nets,39269099,18,,5305.24,6553.76,47
Tirpal 30X24 250GSM Black,TISP30242508,,Tarpaulin & Nets,39269099,18,,5599.43,6827.07,11
Tirpal 30X24 250GSM Silver/Black,TISP302425044,,Tarpaulin & Nets,39269099,18,,4945.23,5936.64,37
Tirpal 30X24 250GSM Green,TISP30242506,,Tarpaulin & Nets,39269099,18,,5569.56,6869.71,36
Tirpal 36X24 250GSM Blue,TISP3624250,,Tarpaulin & Nets,39269099,18,,5949.0,7390.43,95
Tirpal 36X24 250GSM Yellow,TISP36242500,,Tarpaulin & Nets,39269099,18,,6687.95,7971.99,55
Tirpal 36X24 250GSM Black,TISP36242505,,Tarpaulin & Nets,39269099,18,,6490.72,8294.94,15
Tirpal 36X24 250GSM Silver/Black,TISP362425055,,Tarpaulin & Nets,39269099,18,,6642.14,8632.17,38
Tirpal 36X24 250GSM Green,TISP36242507,,Tarpaulin & Nets,39269099,18,,6785.38,7875.1,68
Tirpal 40X30 250GSM Blue,TISP4030250,,Tarpaulin & Nets,39269099,18,,8744.16,10992.1,4
Tirpal 40X30 250GSM Yellow,TISP40302507,,Tarpaulin & Nets,39269099,18,,9236.87,11550.28,77
Tirpal 40X30 250GSM Black,TISP40302505,,Tarpaulin & Nets,39269099,18,,9500.68,12242.21,83
Tirpal 40X30 250GSM Silver/Black,TISP40302506,,Tarpaulin & Nets,39269099,18,,8205.11,9860.71,73
Tirpal 40X30 250GSM Green,TISP40302502,,Tarpaulin & Nets,39269099,18,,9754.37,11581.31,3
Tirpal 40X40 250GSM Blue,TISP4040250,,Tarpaulin & Nets,39269099,18,,10904.12,13423.07,78
Tirpal 40X40 250GSM Yellow,TISP40402507,,Tarpaulin & Nets,39269099,18,,11697.66,14960.69,65
Tirpal 40X40 250GSM Black,TISP404025075,,Tarpaulin & Nets,39269099,18,,12990.74,15264.85,8
Tirpal 40X40 250GSM Silver/Black,TISP40402508,,Tarpaulin & Nets,39269099,18,,12631.88,15523.57,79
Tirpal 40X40 250GSM Green,TISP404025087,,Tarpaulin & Nets,39269099,18,,12647.71,15728.93,66
Tirpal 50X40 250GSM Blue,TISP5040250,,Tarpaulin & Nets,39269099,18,,14622.34,17159.62,2
Tirpal 50X40 250GSM Yellow,TISP50402503,,Tarpaulin & Nets,39269099,18,,13670.75,17728.76,25
Tirpal 50X40 250GSM Black,TISP50402502,,Tarpaulin & Nets,39269099,18,,16078.12,20599.7,0
Tirpal 50X40 250GSM Silver/Black,TISP50402504,,Tarpaulin & Nets,39269099,18,,14455.08,18528.61,32
Tirpal 50X40 250GSM Green,TISP504025029,,Tarpaulin & Nets,39269099,18,,14323.14,17772.97,30
Tirpal 60X40 250GSM Blue,TISP6040250,,Tarpaulin & Nets,39269099,18,,19079.23,22422.74,50
Tirpal 60X40 250GSM Yellow,TISP60402503,,Tarpaulin & Nets,39269099,18,,19488.13,23949.28,42
Tirpal 60X40 250GSM Black,TISP604025032,,Tarpaulin & Nets,39269099,18,,16769.51,21625.41,41
Tirpal 60X40 250GSM Silver/Black,TISP60402505,,Tarpaulin & Nets,39269099,18,,16751.13,19736.22,88
Tirpal 60X40 250GSM Green,TISP604025031,,Tarpaulin & Nets,39269099,18,,18398.49,22076.55,43
Tirpal 60X60 250GSM Blue,TISP6060250,,Tarpaulin & Nets,39269099,18,,26019.39,32323.08,38
Tirpal 60X60 250GSM Yellow,TISP60602504,,Tarpaulin & Nets,39269099,18,,25970.5,33015.14,52
Tirpal 60X60 250GSM Black,TISP60602501,,Tarpaulin & Nets,39269099,18,,27928.07,35975.21,91
Tirpal 60X60 250GSM Silver/Black,TISP60602503,,Tarpaulin & Nets,39269099,18,,28091.72,33213.79,39
Tirpal 60X60 250GSM Green,TISP606025017,,Tarpaulin & Nets,39269099,18,,25684.94,30349.03,35
Tirpal 80X60 250GSM Blue,TISP8060250,,Tarpaulin & Nets,39269099,18,,37709.11,45136.49,81
Tirpal 80X60 250GSM Yellow,TISP80602500,,Tarpaulin & Nets,39269099,18,,32610.69,41728.7,24
Tirpal 80X60 250GSM Black,TISP80602501,,Tarpaulin & Nets,39269099,18,,34949.22,44307.74,89
Tirpal 80X60 250GSM Silver/Black,TISP806025014,,Tarpaulin & Nets,39269099,18,,36766.21,45884.26,48
Tirpal 80X60 250GSM Green,TISP806025016,,Tarpaulin & Nets,39269099,18,,32896.56,40161.63,98
Tirpal 100X100 250GSM Blue,TISP100100250,,Tarpaulin & Nets,39269099,18,,78769.11,90840.69,41
Tirpal 100X100 250GSM Yellow,TISP1001002508,,Tarpaulin & Nets,39269099,18,,72714.05,85306.19,41
Tirpal 100X100 250GSM Black,TISP1001002503,,Tarpaulin & Nets,39269099,18,,69217.97,87580.22,61
Tirpal 100X100 250GSM Silver/Black,TISP10010025087,,Tarpaulin & Nets,39269099,18,,68280.29,82242.07,24
Tirpal 100X100 250GSM Green,TISP1001002509,,Tarpaulin & Nets,39269099,18,,68048.61,85693.77,8
Tirpal 6X4 300GSM Blue,TISP64300,,Tarpaulin & Nets,39269099,18,,220.93,278.7,25
Tirpal 6X4 300GSM Yellow,TISP643004,,Tarpaulin & Nets,39269099,18,,215.65,269.55,96
Tirpal 6X4 300GSM Black,TISP643007,,Tarpaulin & Nets,39269099,18,,233.52,281.79,90
Tirpal 6X4 300GSM Silver/Black,TISP643009,,Tarpaulin & Nets,39269099,18,,226.69,279.72,38
Tirpal 6X4 300GSM Green,TISP643000,,Tarpaulin & Nets,39269099,18,,209.04,245.88,63
Tirpal 8X6 300GSM Blue,TISP86300,,Tarpaulin & Nets,39269099,18,,422.01,510.94,10
Tirpal 8X6 300GSM Yellow,TISP863004,,Tarpaulin & Nets,39269099,18,,473.93,588.95,23
Tirpal 8X6 300GSM Black,TISP863007,,Tarpaulin & Nets,39269099,18,,472.53,565.05,8
Tirpal 8X6 300GSM Silver/Black,TISP8630074,,Tarpaulin & Nets,39269099,18,,425.55,521.3,22
Tirpal 8X6 300GSM Green,TISP863005,,Tarpaulin & Nets,39269099,18,,435.42,500.88,65
Tirpal 9X6 300GSM Blue,TISP96300,,Tarpaulin & Nets,39269099,18,,521.46,657.2,3
Tirpal 9X6 300GSM Yellow,TISP963007,,Tarpaulin & Nets,39269099,18,,494.58,639.43,86
Tirpal 9X6 300GSM Black,TISP963005,,Tarpaulin & Nets,39269099,18,,510.59,650.64,68
Tirpal 9X6 300GSM Silver/Black,TISP963004,,Tarpaulin & Nets,39269099,18,,521.79,611.26,61
Tirpal 9X6 300GSM Green,TISP9630040,,Tarpaulin & Nets,39269099,18,,520.19,656.63,46
Tirpal 12X9 300GSM Blue,TISP129300,,Tarpaulin & Nets,39269099,18,,916.98,1057.36,0
Tirpal 12X9 300GSM Yellow,TISP1293006,,Tarpaulin & Nets,39269099,18,,875.24,1035.68,77
Tirpal 12X9 300GSM Black,TISP1293008,,Tarpaulin & Nets,39269099,18,,944.06,1115.61,48
Tirpal 12X9 300GSM Silver/Black,TISP1293003,,Tarpaulin & Nets,39269099,18,,1043.01,1214.15,4
Tirpal 12X9 300GSM Green,TISP12930088,,Tarpaulin & Nets,39269099,18,,1009.35,1232.39,0
Tirpal 12X10 300GSM Blue,TISP1210300,,Tarpaulin & Nets,39269099,18,,1085.6,1390.3,13
Tirpal 12X10 300GSM Yellow,TISP12103003,,Tarpaulin & Nets,39269099,18,,1162.27,1480.1,85
Tirpal 12X10 300GSM Black,TISP121030038,,Tarpaulin & Nets,39269099,18,,1177.76,1397.38,47
Tirpal 12X10 300GSM Silver/Black,TISP12103004,,Tarpaulin & Nets,39269099,18,,1081.17,1381.19,71
Tirpal 12X10 300GSM Green,TISP12103000,,Tarpaulin & Nets,39269099,18,,1186.38,1393.23,21
Tirpal 15X12 300GSM Blue,TISP1512300,,Tarpaulin & Nets,39269099,18,,1616.21,1895.83,37
Tirpal 15X12 300GSM Yellow,TISP15123002,,Tarpaulin & Nets,39269099,18,,1635.22,1884.28,3
Tirpal 15X12 300GSM Black,TISP15123003,,Tarpaulin & Nets,39269099,18,,1748.72,2221.04,72
Tirpal 15X12 300GSM Silver/Black,TISP15123006,,Tarpaulin & Nets,39269099,18,,1472.99,1718.47,27
Tirpal 15X12 300GSM Green,TISP151230063,,Tarpaulin & Nets,39269099,18,,1535.05,1964.7,1
Tirpal 18X12 300GSM Blue,TISP1812300,,Tarpaulin & Nets,39269099,18,,2111.42,2743.01,85
Tirpal 18X12 300GSM Yellow,TISP18123008,,Tarpaulin & Nets,39269099,18,,2032.22,2482.85,41
Tirpal 18X12 300GSM Black,TISP18123009,,Tarpaulin & Nets,39269099,18,,1759.7,2246.01,85
Tirpal 18X12 300GSM Silver/Black,TISP18123005,,Tarpaulin & Nets,39269099,18,,1941.72,2467.18,16
Tirpal 18X12 300GSM Green,TISP18123006,,Tarpaulin & Nets,39269099,18,,2065.26,2514.85,18
Tirpal 18X15 300GSM Blue,TISP1815300,,Tarpaulin & Nets,39269099,18,,2292.68,2912.86,8
Tirpal 18X15 300GSM Yellow,TISP18153000,,Tarpaulin & Nets,39269099,18,,2192.48,2815.47,64
Tirpal 18X15 300GSM Black,TISP18153005,,Tarpaulin & Nets,39269099,18,,2197.57,2685.11,95
Tirpal 18X15 300GSM Silver/Black,TISP18153008,,Tarpaulin & Nets,39269099,18,,2662.4,3141.67,6
Tirpal 18X15 300GSM Green,TISP181530055,,Tarpaulin & Nets,39269099,18,,2488.42,3002.61,65
Tirpal 21X15 300GSM Blue,TISP2115300,,Tarpaulin & Nets,39269099,18,,2780.95,3311.3,95
Tirpal 21X15 300GSM Yellow,TISP21153005,,Tarpaulin & Nets,39269099,18,,3018.06,3608.96,65
Tirpal 21X15 300GSM Black,TISP21153000,,Tarpaulin & Nets,39269099,18,,2671.86,3470.57,14
Tirpal 21X15 300GSM Silver/Black,TISP211530053,,Tarpaulin & Nets,39269099,18,,3074.18,3747.75,72
Tirpal 21X15 300GSM Green,TISP21153001,,Tarpaulin & Nets,39269099,18,,2812.35,3596.56,31
Tirpal 24X18 300GSM Blue,TISP2418300,,Tarpaulin & Nets,39269099,18,,3510.23,4210.11,85
Tirpal 24X18 300GSM Yellow,TISP24183004,,Tarpaulin & Nets,39269099,18,,4008.46,4983.22,12
Tirpal 24X18 300GSM Black,TISP24183009,,Tarpaulin & Nets,39269099,18,,3938.79,4541.0,74
Tirpal 24X18 300GSM Silver/Black,TISP24183003,,Tarpaulin & Nets,39269099,18,,3793.71,4479.38,62
Tirpal 24X18 300GSM Green,TISP24183006,,Tarpaulin & Nets,39269099,18,,4027.9,5087.46,12
Tirpal 30X20 300GSM Blue,TISP3020300,,Tarpaulin & Nets,39269099,18,,5107.27,6611.57,27
Tirpal 30X20 300GSM Yellow,TISP30203008,,Tarpaulin & Nets,39269099,18,,5313.37,6870.01,60
Tirpal 30X20 300GSM Black,TISP30203006,,Tarpaulin & Nets,39269099,18,,5463.13,6316.73,10
Tirpal 30X20 300GSM Silver/Black,TISP30203004,,Tarpaulin & Nets,39269099,18,,5120.72,6031.92,6
Tirpal 30X20 300GSM Green,TISP30203001,,Tarpaulin & Nets,39269099,18,,5283.67,6586.85,98
Tirpal 30X24 300GSM Blue,TISP3024300,,Tarpaulin & Nets,39269099,18,,6379.42,7833.01,99
Tirpal 30X24 300GSM Yellow,TISP30243000,,Tarpaulin & Nets,39269099,18,,6575.45,8146.97,7
Tirpal 30X24 300GSM Black,TISP30243009,,Tarpaulin & Nets,39269099,18,,6855.41,7902.28,86
Tirpal 30X24 300GSM Silver/Black,TISP30243001,,Tarpaulin & Nets,39269099,18,,6067.47,7681.79,81
Tirpal 30X24 300GSM Green,TISP30243006,,Tarpaulin & Nets,39269099,18,,5839.34,6966.58,29
Tirpal 36X24 300GSM Blue,TISP3624300,,Tarpaulin & Nets,39269099,18,,7102.01,8380.54,8
Tirpal 36X24 300GSM Yellow,TISP36243002,,Tarpaulin & Nets,39269099,18,,7304.98,9193.59,48
Tirpal 36X24 300GSM Black,TISP36243003,,Tarpaulin & Nets,39269099,18,,7162.39,9261.39,66
Tirpal 36X24 300GSM Silver/Black,TISP36243001,,Tarpaulin & Nets,39269099,18,,7738.05,9593.9,13
Tirpal 36X24 300GSM Green,TISP36243009,,Tarpaulin & Nets,39269099,18,,8002.64,9277.66,76
Tirpal 40X30 300GSM Blue,TISP4030300,,Tarpaulin & Nets,39269099,18,,11609.21,14128.58,46
Tirpal 40X30 300GSM Yellow,TISP40303002,,Tarpaulin & Nets,39269099,18,,11409.48,14743.78,76
Tirpal 40X30 300GSM Black,TISP40303004,,Tarpaulin & Nets,39269099,18,,10792.21,12814.22,28
Tirpal 40X30 300GSM Silver/Black,TISP40303003,,Tarpaulin & Nets,39269099,18,,10428.26,12927.11,85
Tirpal 40X30 300GSM Green,TISP40303007,,Tarpaulin & Nets,39269099,18,,10330.52,12301.47,17
Tirpal 40X40 300GSM Blue,TISP4040300,,Tarpaulin & Nets,39269099,18,,13676.01,16665.98,22
Tirpal 40X40 300GSM Yellow,TISP40403009,,Tarpaulin & Nets,39269099,18,,14899.65,17375.74,79
Tirpal 40X40 300GSM Black,TISP40403005,,Tarpaulin & Nets,39269099,18,,13705.51,16490.75,27
Tirpal 40X40 300GSM Silver/Black,TISP40403003,,Tarpaulin & Nets,39269099,18,,13492.97,16190.23,72
Tirpal 40X40 300GSM Green,TISP40403004,,Tarpaulin & Nets,39269099,18,,15340.32,18592.53,94
Tirpal 50X40 300GSM Blue,TISP5040300,,Tarpaulin & Nets,39269099,18,,16233.97,19339.06,9
Tirpal 50X40 300GSM Yellow,TISP50403009,,Tarpaulin & Nets,39269099,18,,18886.14,24348.65,29
Tirpal 50X40 300GSM Black,TISP504030096,,Tarpaulin & Nets,39269099,18,,16757.09,21101.57,38
Tirpal 50X40 300GSM Silver/Black,TISP504030098,,Tarpaulin & Nets,39269099,18,,18426.46,23946.32,100
Tirpal 50X40 300GSM Green,TISP50403002,,Tarpaulin & Nets,39269099,18,,18895.84,23582.08,100
Tirpal 60X40 300GSM Blue,TISP6040300,,Tarpaulin & Nets,39269099,18,,23717.45,30514.13,100
Tirpal 60X40 300GSM Yellow,TISP60403003,,Tarpaulin & Nets,39269099,18,,22925.62,27159.67,96
Tirpal 60X40 300GSM Black,TISP60403004,,Tarpaulin & Nets,39269099,18,,20348.46,23584.12,93
Tirpal 60X40 300GSM Silver/Black,TISP60403006,,Tarpaulin & Nets,39269099,18,,20963.54,26432.32,8
Tirpal 60X40 300GSM Green,TISP604030065,,Tarpaulin & Nets,39269099,18,,22470.45,27824.4,24
Tirpal 60X60 300GSM Blue,TISP6060300,,Tarpaulin & Nets,39269099,18,,35071.05,45244.01,21
Tirpal 60X60 300GSM Yellow,TISP60603007,,Tarpaulin & Nets,39269099,18,,32663.75,41975.74,73
Tirpal 60X60 300GSM Black,TISP60603006,,Tarpaulin & Nets,39269099,18,,31978.28,37811.21,7
Tirpal 60X60 300GSM Silver/Black,TISP60603003,,Tarpaulin & Nets,39269099,18,,32787.22,42401.66,33
Tirpal 60X60 300GSM Green,TISP606030039,,Tarpaulin & Nets,39269099,18,,29459.58,38234.6,92
Tirpal 80X60 300GSM Blue,TISP8060300,,Tarpaulin & Nets,39269099,18,,39771.41,49498.01,13
Tirpal 80X60 300GSM Yellow,TISP80603009,,Tarpaulin & Nets,39269099,18,,41171.55,47857.42,8
Tirpal 80X60 300GSM Black,TISP80603008,,Tarpaulin & Nets,39269099,18,,46437.4,57467.32,39
Tirpal 80X60 300GSM Silver/Black,TISP80603002,,Tarpaulin & Nets,39269099,18,,41435.12,52587.93,64
Tirpal 80X60 300GSM Green,TISP806030021,,Tarpaulin & Nets,39269099,18,,45479.22,55215.79,64
Tirpal 100X100 300GSM Blue,TISP100100300,,Tarpaulin & Nets,39269099,18,,94198.87,111724.08,3
Tirpal 100X100 300GSM Yellow,TISP1001003007,,Tarpaulin & Nets,39269099,18,,90390.27,106125.7,70
Tirpal 100X100 300GSM Black,TISP1001003005,,Tarpaulin & Nets,39269099,18,,96121.58,111172.77,55
Tirpal 100X100 300GSM Silver/Black,TISP1001003008,,Tarpaulin & Nets,39269099,18,,95815.45,124436.92,70
Tirpal 100X100 300GSM Green,TISP1001003009,,Tarpaulin & Nets,39269099,18,,87681.88,104544.62,51
VKwik 6X4 70GSM Blue,VKSP6470,,Tarpaulin & Nets,39269099,18,,48.21,57.79,51
VKwik 6X4 70GSM Yellow,VKSP64708,,Tarpaulin & Nets,39269099,18,,50.12,64.27,84
VKwik 6X4 70GSM Black,VKSP64701,,Tarpaulin & Nets,39269099,18,,49.54,59.36,34
VKwik 6X4 70GSM Silver/Black,VKSP64707,,Tarpaulin & Nets,39269099,18,,50.94,61.77,16
VKwik 6X4 70GSM Green,VKSP64703,,Tarpaulin & Nets,39269099,18,,46.1,59.93,94
VKwik 8X6 70GSM Blue,VKSP8670,,Tarpaulin & Nets,39269099,18,,94.69,116.51,90
VKwik 8X6 70GSM Yellow,VKSP86707,,Tarpaulin & Nets,39269099,18,,99.12,115.01,70
VKwik 8X6 70GSM Black,VKSP86708,,Tarpaulin & Nets,39269099,18,,90.68,106.84,61
VKwik 8X6 70GSM Silver/Black,VKSP86702,,Tarpaulin & Nets,39269099,18,,98.1,116.72,25
VKwik 8X6 70GSM Green,VKSP86705,,Tarpaulin & Nets,39269099,18,,102.48,125.14,69
VKwik 9X6 70GSM Blue,VKSP9670,,Tarpaulin & Nets,39269099,18,,105.37,132.22,86
VKwik 9X6 70GSM Yellow,VKSP96709,,Tarpaulin & Nets,39269099,18,,111.38,133.63,36
VKwik 9X6 70GSM Black,VKSP96708,,Tarpaulin & Nets,39269099,18,,115.91,139.41,69
VKwik 9X6 70GSM Silver/Black,VKSP96701,,Tarpaulin & Nets,39269099,18,,113.35,131.41,14
VKwik 9X6 70GSM Green,VKSP96704,,Tarpaulin & Nets,39269099,18,,117.19,143.38,53
VKwik 12X9 70GSM Blue,VKSP12970,,Tarpaulin & Nets,39269099,18,,226.58,282.92,92
VKwik 12X9 70GSM Yellow,VKSP129709,,Tarpaulin & Nets,39269099,18,,197.02,233.69,87
VKwik 12X9 70GSM Black,VKSP1297095,,Tarpaulin & Nets,39269099,18,,222.2,283.49,24
VKwik 12X9 70GSM Silver/Black,VKSP129707,,Tarpaulin & Nets,39269099,18,,201.14,252.9,35
VKwik 12X9 70GSM Green,VKSP129702,,Tarpaulin & Nets,39269099,18,,197.77,242.39,99
VKwik 12X10 70GSM Blue,VKSP121070,,Tarpaulin & Nets,39269099,18,,218.22,277.93,0
VKwik 12X10 70GSM Yellow,VKSP1210702,,Tarpaulin & Nets,39269099,18,,231.45,290.89,82
VKwik 12X10 70GSM Black,VKSP1210704,,Tarpaulin & Nets,39269099,18,,238.65,294.48,1
VKwik 12X10 70GSM Silver/Black,VKSP1210706,,Tarpaulin & Nets,39269099,18,,257.64,331.2,50
VKwik 12X10 70GSM Green,VKSP1210705,,Tarpaulin & Nets,39269099,18,,241.93,309.2,68
VKwik 15X12 70GSM Blue,VKSP151270,,Tarpaulin & Nets,39269099,18,,331.98,391.54,1
VKwik 15X12 70GSM Yellow,VKSP1512703,,Tarpaulin & Nets,39269099,18,,383.56,492.9,70
VKwik 15X12 70GSM Black,VKSP1512707,,Tarpaulin & Nets,39269099,18,,395.88,479.21,78
VKwik 15X12 70GSM Silver/Black,VKSP1512706,,Tarpaulin & Nets,39269099,18,,361.77,469.07,52
VKwik 15X12 70GSM Green,VKSP1512702,,Tarpaulin & Nets,39269099,18,,387.27,454.52,46
VKwik 18X12 70GSM Blue,VKSP181270,,Tarpaulin & Nets,39269099,18,,404.64,487.49,37
VKwik 18X12 70GSM Yellow,VKSP1812704,,Tarpaulin & Nets,39269099,18,,441.9,565.71,91
VKwik 18X12 70GSM Black,VKSP1812703,,Tarpaulin & Nets,39269099,18,,450.79,566.89,29
VKwik 18X12 70GSM Silver/Black,VKSP1812700,,Tarpaulin & Nets,39269099,18,,445.1,521.65,28
VKwik 18X12 70GSM Green,VKSP1812708,,Tarpaulin & Nets,39269099,18,,471.72,566.95,20
VKwik 18X15 70GSM Blue,VKSP181570,,Tarpaulin & Nets,39269099,18,,499.06,641.52,47
VKwik 18X15 70GSM Yellow,VKSP1815704,,Tarpaulin & Nets,39269099,18,,524.82,652.32,37
VKwik 18X15 70GSM Black,VKSP1815706,,Tarpaulin & Nets,39269099,18,,576.92,692.04,37
VKwik 18X15 70GSM Silver/Black,VKSP1815702,,Tarpaulin & Nets,39269099,18,,495.41,626.76,73
VKwik 18X15 70GSM Green,VKSP18157025,,Tarpaulin & Nets,39269099,18,,578.29,687.75,12
VKwik 21X15 70GSM Blue,VKSP211570,,Tarpaulin & Nets,39269099,18,,619.18,739.35,28
VKwik 21X15 70GSM Yellow,VKSP2115703,,Tarpaulin & Nets,39269099,18,,639.03,787.25,100
VKwik 21X15 70GSM Black,VKSP2115706,,Tarpaulin & Nets,39269099,18,,572.93,729.38,21
VKwik 21X15 70GSM Silver/Black,VKSP2115709,,Tarpaulin & Nets,39269099,18,,669.68,856.31,81
VKwik 21X15 70GSM Green,VKSP2115707,,Tarpaulin & Nets,39269099,18,,646.08,790.08,70
VKwik 24X18 70GSM Blue,VKSP241870,,Tarpaulin & Nets,39269099,18,,844.82,980.81,58
VKwik 24X18 70GSM Yellow,VKSP2418707,,Tarpaulin & Nets,39269099,18,,866.67,1044.02,82
VKwik 24X18 70GSM Black,VKSP2418702,,Tarpaulin & Nets,39269099,18,,842.42,1074.39,73
VKwik 24X18 70GSM Silver/Black,VKSP24187028,,Tarpaulin & Nets,39269099,18,,918.89,1187.3,12
VKwik 24X18 70GSM Green,VKSP2418706,,Tarpaulin & Nets,39269099,18,,825.97,957.45,53
VKwik 30X20 70GSM Blue,VKSP302070,,Tarpaulin & Nets,39269099,18,,1199.06,1424.3,48
VKwik 30X20 70GSM Yellow,VKSP3020700,,Tarpaulin & Nets,39269099,18,,1222.29,1550.35,55
VKwik 30X20 70GSM Black,VKSP3020706,,Tarpaulin & Nets,39269099,18,,1246.23,1455.28,87
VKwik 30X20 70GSM Silver/Black,VKSP30207005,,Tarpaulin & Nets,39269099,18,,1108.06,1299.23,14
VKwik 30X20 70GSM Green,VKSP3020701,,Tarpaulin & Nets,39269099,18,,1222.74,1463.63,97
VKwik 30X24 70GSM Blue,VKSP302470,,Tarpaulin & Nets,39269099,18,,1436.19,1652.57,71
VKwik 30X24 70GSM Yellow,VKSP3024706,,Tarpaulin & Nets,39269099,18,,1563.98,1880.82,21
VKwik 30X24 70GSM Black,VKSP3024708,,Tarpaulin & Nets,39269099,18,,1579.44,1972.09,79
VKwik 30X24 70GSM Silver/Black,VKSP30247089,,Tarpaulin & Nets,39269099,18,,1538.37,1998.38,21
VKwik 30X24 70GSM Green,VKSP3024707,,Tarpaulin & Nets,39269099,18,,1482.62,1850.29,10
VKwik 36X24 70GSM Blue,VKSP362470,,Tarpaulin & Nets,39269099,18,,1588.1,2057.69,80
VKwik 36X24 70GSM Yellow,VKSP3624704,,Tarpaulin & Nets,39269099,18,,1887.27,2185.35,54
VKwik 36X24 70GSM Black,VKSP3624705,,Tarpaulin & Nets,39269099,18,,1744.75,2147.1,59
VKwik 36X24 70GSM Silver/Black,VKSP3624701,,Tarpaulin & Nets,39269099,18,,1778.68,2182.93,78
VKwik 36X24 70GSM Green,VKSP3624708,,Tarpaulin & Nets,39269099,18,,1610.3,1909.01,17
VKwik 40X30 70GSM Blue,VKSP403070,,Tarpaulin & Nets,39269099,18,,2618.25,3362.67,5
VKwik 40X30 70GSM Yellow,VKSP4030704,,Tarpaulin & Nets,39269099,18,,2411.28,2933.11,64
VKwik 40X30 70GSM Black,VKSP4030705,,Tarpaulin & Nets,39269099,18,,2181.79,2767.2,11
VKwik 40X30 70GSM Silver/Black,VKSP4030701,,Tarpaulin & Nets,39269099,18,,2234.08,2605.09,77
VKwik 40X30 70GSM Green,VKSP40307041,,Tarpaulin & Nets,39269099,18,,2512.48,2988.6,30
VKwik 40X40 70GSM Blue,VKSP404070,,Tarpaulin & Nets,39269099,18,,3168.85,3879.07,61
VKwik 40X40 70GSM Yellow,VKSP4040702,,Tarpaulin & Nets,39269099,18,,3379.82,4186.34,14
VKwik 40X40 70GSM Black,VKSP4040707,,Tarpaulin & Nets,39269099,18,,3331.71,4058.55,74
VKwik 40X40 70GSM Silver/Black,VKSP40407020,,Tarpaulin & Nets,39269099,18,,2994.8,3691.3,82
VKwik 40X40 70GSM Green,VKSP4040706,,Tarpaulin & Nets,39269099,18,,3215.99,4005.13,34
VKwik 50X40 70GSM Blue,VKSP504070,,Tarpaulin & Nets,39269099,18,,4297.98,5452.3,21
VKwik 50X40 70GSM Yellow,VKSP5040708,,Tarpaulin & Nets,39269099,18,,3885.13,4874.86,40
VKwik 50X40 70GSM Black,VKSP5040703,,Tarpaulin & Nets,39269099,18,,3641.95,4644.76,100
VKwik 50X40 70GSM Silver/Black,VKSP5040705,,Tarpaulin & Nets,39269099,18,,4156.62,5062.22,68
VKwik 50X40 70GSM Green,VKSP5040707,,Tarpaulin & Nets,39269099,18,,3629.1,4483.11,37
VKwik 60X40 70GSM Blue,VKSP604070,,Tarpaulin & Nets,39269099,18,,5146.67,6595.78,38
VKwik 60X40 70GSM Yellow,VKSP6040702,,Tarpaulin & Nets,39269099,18,,4795.71,6066.72,59
VKwik 60X40 70GSM Black,VKSP6040708,,Tarpaulin & Nets,39269099,18,,5271.8,6465.49,87
VKwik 60X40 70GSM Silver/Black,VKSP6040704,,Tarpaulin & Nets,39269099,18,,5196.35,6110.08,35
VKwik 60X40 70GSM Green,VKSP6040706,,Tarpaulin & Nets,39269099,18,,4895.55,5756.63,40
VKwik 60X60 70GSM Blue,VKSP606070,,Tarpaulin & Nets,39269099,18,,7789.6,9806.98,47
VKwik 60X60 70GSM Yellow,VKSP6060701,,Tarpaulin & Nets,39269099,18,,7052.34,8232.27,78
VKwik 60X60 70GSM Black,VKSP6060705,,Tarpaulin & Nets,39269099,18,,6976.55,8557.75,54
VKwik 60X60 70GSM Silver/Black,VKSP60607052,,Tarpaulin & Nets,39269099,18,,6771.92,8331.61,28
VKwik 60X60 70GSM Green,VKSP6060704,,Tarpaulin & Nets,39269099,18,,7901.16,9758.23,62
VKwik 80X60 70GSM Blue,VKSP806070,,Tarpaulin & Nets,39269099,18,,9864.65,11565.07,73
VKwik 80X60 70GSM Yellow,VKSP8060700,,Tarpaulin & Nets,39269099,18,,10410.23,13319.11,18
VKwik 80X60 70GSM Black,VKSP80607000,,Tarpaulin & Nets,39269099,18,,10052.12,12799.59,75
VKwik 80X60 70GSM Silver/Black,VKSP8060706,,Tarpaulin & Nets,39269099,18,,9692.8,11447.51,74
VKwik 80X60 70GSM Green,VKSP8060709,,Tarpaulin & Nets,39269099,18,,9688.77,11692.89,95
VKwik 100X100 70GSM Blue,VKSP10010070,,Tarpaulin & Nets,39269099,18,,20536.91,26439.02,57
VKwik 100X100 70GSM Yellow,VKSP100100705,,Tarpaulin & Nets,39269099,18,,20738.7,26248.94,11
VKwik 100X100 70GSM Black,VKSP100100708,,Tarpaulin & Nets,39269099,18,,18584.62,23263.94,28
VKwik 100X100 70GSM Silver/Black,VKSP100100707,,Tarpaulin & Nets,39269099,18,,18409.12,21473.15,59
VKwik 100X100 70GSM Green,VKSP1001007050,,Tarpaulin & Nets,39269099,18,,19513.23,23366.65,67
VKwik 6X4 90GSM Blue,VKSP6490,,Tarpaulin & Nets,39269099,18,,64.7,78.35,76
VKwik 6X4 90GSM Yellow,VKSP64908,,Tarpaulin & Nets,39269099,18,,61.93,73.35,53
VKwik 6X4 90GSM Black,VKSP64905,,Tarpaulin & Nets,39269099,18,,73.43,90.52,74
VKwik 6X4 90GSM Silver/Black,VKSP64907,,Tarpaulin & Nets,39269099,18,,63.39,73.22,97
VKwik 6X4 90GSM Green,VKSP649058,,Tarpaulin & Nets,39269099,18,,60.76,75.55,49
VKwik 8X6 90GSM Blue,VKSP8690,,Tarpaulin & Nets,39269099,18,,144.3,176.83,56
VKwik 8X6 90GSM Yellow,VKSP86901,,Tarpaulin & Nets,39269099,18,,121.97,140.55,12
VKwik 8X6 90GSM Black,VKSP86906,,Tarpaulin & Nets,39269099,18,,135.16,160.4,42
VKwik 8X6 90GSM Silver/Black,VKSP86900,,Tarpaulin & Nets,39269099,18,,142.54,173.33,73
VKwik 8X6 90GSM Green,VKSP86908,,Tarpaulin & Nets,39269099,18,,121.13,140.57,75
VKwik 9X6 90GSM Blue,VKSP9690,,Tarpaulin & Nets,39269099,18,,148.4,171.18,37
VKwik 9X6 90GSM Yellow,VKSP96902,,Tarpaulin & Nets,39269099,18,,157.21,196.05,93
VKwik 9X6 90GSM Black,VKSP96906,,Tarpaulin & Nets,39269099,18,,136.33,161.53,13
VKwik 9X6 90GSM Silver/Black,VKSP96909,,Tarpaulin & Nets,39269099,18,,147.73,189.41,23
VKwik 9X6 90GSM Green,VKSP96907,,Tarpaulin & Nets,39269099,18,,142.73,176.5,62
VKwik 12X9 90GSM Blue,VKSP12990,,Tarpaulin & Nets,39269099,18,,296.9,382.76,3
VKwik 12X9 90GSM Yellow,VKSP129908,,Tarpaulin & Nets,39269099,18,,294.18,348.6,29
VKwik 12X9 90GSM Black,VKSP129900,,Tarpaulin & Nets,39269099,18,,312.0,394.26,75
VKwik 12X9 90GSM Silver/Black,VKSP129909,,Tarpaulin & Nets,39269099,18,,327.58,393.68,72
VKwik 12X9 90GSM Green,VKSP129902,,Tarpaulin & Nets,39269099,18,,273.91,330.24,47
VKwik 12X10 90GSM Blue,VKSP121090,,Tarpaulin & Nets,39269099,18,,324.57,412.37,6
VKwik 12X10 90GSM Yellow,VKSP1210903,,Tarpaulin & Nets,39269099,18,,307.52,359.09,7
VKwik 12X10 90GSM Black,VKSP1210909,,Tarpaulin & Nets,39269099,18,,309.58,392.91,11
VKwik 12X10 90GSM Silver/Black,VKSP1210902,,Tarpaulin & Nets,39269099,18,,338.75,439.37,49
VKwik 12X10 90GSM Green,VKSP12109021,,Tarpaulin & Nets,39269099,18,,302.63,391.08,51
VKwik 15X12 90GSM Blue,VKSP151290,,Tarpaulin & Nets,39269099,18,,523.79,608.45,33
VKwik 15X12 90GSM Yellow,VKSP1512903,,Tarpaulin & Nets,39269099,18,,493.25,637.97,59
VKwik 15X12 90GSM Black,VKSP1512900,,Tarpaulin & Nets,39269099,18,,551.38,687.05,32
VKwik 15X12 90GSM Silver/Black,VKSP1512909,,Tarpaulin & Nets,39269099,18,,543.28,688.07,69
VKwik 15X12 90GSM Green,VKSP1512906,,Tarpaulin & Nets,39269099,18,,490.39,597.87,36
VKwik 18X12 90GSM Blue,VKSP181290,,Tarpaulin & Nets,39269099,18,,641.54,817.04,85
VKwik 18X12 90GSM Yellow,VKSP1812908,,Tarpaulin & Nets,39269099,18,,650.46,805.4,84
VKwik 18X12 90GSM Black,VKSP1812905,,Tarpaulin & Nets,39269099,18,,623.79,773.73,93
VKwik 18X12 90GSM Silver/Black,VKSP1812909,,Tarpaulin & Nets,39269099,18,,576.49,669.79,98
VKwik 18X12 90GSM Green,VKSP1812900,,Tarpaulin & Nets,39269099,18,,618.76,744.4,34
VKwik 18X15 90GSM Blue,VKSP181590,,Tarpaulin & Nets,39269099,18,,699.4,826.75,66
VKwik 18X15 90GSM Yellow,VKSP1815900,,Tarpaulin & Nets,39269099,18,,806.45,985.96,66
VKwik 18X15 90GSM Black,VKSP1815904,,Tarpaulin & Nets,39269099,18,,692.79,807.61,39
VKwik 18X15 90GSM Silver/Black,VKSP1815905,,Tarpaulin & Nets,39269099,18,,819.44,1020.71,81
VKwik 18X15 90GSM Green,VKSP18159048,,Tarpaulin & Nets,39269099,18,,827.44,1024.3,39
VKwik 21X15 90GSM Blue,VKSP211590,,Tarpaulin & Nets,39269099,18,,899.3,1081.38,1
VKwik 21X15 90GSM Yellow,VKSP2115900,,Tarpaulin & Nets,39269099,18,,934.47,1207.27,42
VKwik 21X15 90GSM Black,VKSP2115909,,Tarpaulin & Nets,39269099,18,,841.74,977.44,84
VKwik 21X15 90GSM Silver/Black,VKSP2115908,,Tarpaulin & Nets,39269099,18,,795.2,1000.26,15
VKwik 21X15 90GSM Green,VKSP2115905,,Tarpaulin & Nets,39269099,18,,921.9,1110.28,97
VKwik 24X18 90GSM Blue,VKSP241890,,Tarpaulin & Nets,39269099,18,,1124.21,1310.86,56
VKwik 24X18 90GSM Yellow,VKSP2418907,,Tarpaulin & Nets,39269099,18,,1271.0,1502.92,2
VKwik 24X18 90GSM Black,VKSP2418903,,Tarpaulin & Nets,39269099,18,,1266.12,1585.65,11
VKwik 24X18 90GSM Silver/Black,VKSP2418908,,Tarpaulin & Nets,39269099,18,,1099.4,1406.32,33
VKwik 24X18 90GSM Green,VKSP2418900,,Tarpaulin & Nets,39269099,18,,1145.42,1416.73,88
VKwik 30X20 90GSM Blue,VKSP302090,,Tarpaulin & Nets,39269099,18,,1584.99,1984.62,9
VKwik 30X20 90GSM Yellow,VKSP3020902,,Tarpaulin & Nets,39269099,18,,1768.66,2069.63,8
VKwik 30X20 90GSM Black,VKSP3020905,,Tarpaulin & Nets,39269099,18,,1710.22,2090.83,43
VKwik 30X20 90GSM Silver/Black,VKSP30209050,,Tarpaulin & Nets,39269099,18,,1554.58,1860.71,38
VKwik 30X20 90GSM Green,VKSP3020903,,Tarpaulin & Nets,39269099,18,,1627.98,1936.25,46
VKwik 30X24 90GSM Blue,VKSP302490,,Tarpaulin & Nets,39269099,18,,2167.47,2625.98,100
VKwik 30X24 90GSM Yellow,VKSP3024900,,Tarpaulin & Nets,39269099,18,,1882.55,2383.23,72
VKwik 30X24 90GSM Black,VKSP30249001,,Tarpaulin & Nets,39269099,18,,2208.43,2800.23,54
VKwik 30X24 90GSM Silver/Black,VKSP3024907,,Tarpaulin & Nets,39269099,18,,2211.68,2768.57,19
VKwik 30X24 90GSM Green,VKSP3024909,,Tarpaulin & Nets,39269099,18,,1845.04,2336.77,26
VKwik 36X24 90GSM Blue,VKSP362490,,Tarpaulin & Nets,39269099,18,,2497.79,2936.94,8
VKwik 36X24 90GSM Yellow,VKSP3624908,,Tarpaulin & Nets,39269099,18,,2580.06,3203.61,4
VKwik 36X24 90GSM Black,VKSP3624903,,Tarpaulin & Nets,39269099,18,,2398.22,3081.19,35
VKwik 36X24 90GSM Silver/Black,VKSP36249035,,Tarpaulin & Nets,39269099,18,,2376.09,2786.82,59
VKwik 36X24 90GSM Green,VKSP36249039,,Tarpaulin & Nets,39269099,18,,2386.03,3001.14,39
VKwik 40X30 90GSM Blue,VKSP403090,,Tarpaulin & Nets,39269099,18,,3618.58,4190.55,7
VKwik 40X30 90GSM Yellow,VKSP4030906,,Tarpaulin & Nets,39269099,18,,3396.44,3971.8,96
VKwik 40X30 90GSM Black,VKSP4030902,,Tarpaulin & Nets,39269099,18,,3261.07,4058.94,32
VKwik 40X30 90GSM Silver/Black,VKSP4030908,,Tarpaulin & Nets,39269099,18,,3335.47,4123.76,34
VKwik 40X30 90GSM Green,VKSP40309064,,Tarpaulin & Nets,39269099,18,,3114.07,3776.05,69
VKwik 40X40 90GSM Blue,VKSP404090,,Tarpaulin & Nets,39269099,18,,4584.87,5287.19,10
VKwik 40X40 90GSM Yellow,VKSP4040902,,Tarpaulin & Nets,39269099,18,,4122.16,5228.25,20
VKwik 40X40 90GSM Black,VKSP4040909,,Tarpaulin & Nets,39269099,18,,4102.98,5312.19,14
VKwik 40X40 90GSM Silver/Black,VKSP4040904,,Tarpaulin & Nets,39269099,18,,4447.39,5323.3,87
VKwik 40X40 90GSM Green,VKSP4040903,,Tarpaulin & Nets,39269099,18,,4266.11,5046.24,89
VKwik 50X40 90GSM Blue,VKSP504090,,Tarpaulin & Nets,39269099,18,,5726.74,7057.68,4
VKwik 50X40 90GSM Yellow,VKSP5040905,,Tarpaulin & Nets,39269099,18,,5086.62,6528.22,100
VKwik 50X40 90GSM Black,VKSP5040903,,Tarpaulin & Nets,39269099,18,,5885.84,7060.79,72
VKwik 50X40 90GSM Silver/Black,VKSP5040901,,Tarpaulin & Nets,39269099,18,,6032.09,6941.95,80
VKwik 50X40 90GSM Green,VKSP5040909,,Tarpaulin & Nets,39269099,18,,5284.94,6818.29,6
VKwik 60X40 90GSM Blue,VKSP604090,,Tarpaulin & Nets,39269099,18,,6083.69,7540.21,15
VKwik 60X40 90GSM Yellow,VKSP6040903,,Tarpaulin & Nets,39269099,18,,6449.08,7555.65,36
VKwik 60X40 90GSM Black,VKSP6040902,,Tarpaulin & Nets,39269099,18,,6474.86,8281.75,86
VKwik 60X40 90GSM Silver/Black,VKSP6040901,,Tarpaulin & Nets,39269099,18,,6259.08,8115.44,47
VKwik 60X40 90GSM Green,VKSP60409031,,Tarpaulin & Nets,39269099,18,,6189.8,7768.62,54
VKwik 60X60 90GSM Blue,VKSP606090,,Tarpaulin & Nets,39269099,18,,10203.51,12913.49,93
VKwik 60X60 90GSM Yellow,VKSP6060901,,Tarpaulin & Nets,39269099,18,,9723.51,12607.05,40
VKwik 60X60 90GSM Black,VKSP6060907,,Tarpaulin & Nets,39269099,18,,10496.0,13297.71,49
VKwik 60X60 90GSM Silver/Black,VKSP6060908,,Tarpaulin & Nets,39269099,18,,9791.87,11687.33,49
VKwik 60X60 90GSM Green,VKSP6060904,,Tarpaulin & Nets,39269099,18,,10445.23,12063.0,34
VKwik 80X60 90GSM Blue,VKSP806090,,Tarpaulin & Nets,39269099,18,,14675.45,18107.86,16
VKwik 80X60 90GSM Yellow,VKSP8060905,,Tarpaulin & Nets,39269099,18,,13091.89,15841.12,65
VKwik 80X60 90GSM Black,VKSP8060909,,Tarpaulin & Nets,39269099,18,,13814.25,15950.51,1
VKwik 80X60 90GSM Silver/Black,VKSP8060900,,Tarpaulin & Nets,39269099,18,,12325.35,15578.01,68
VKwik 80X60 90GSM Green,VKSP80609099,,Tarpaulin & Nets,39269099,18,,14464.27,18323.19,54
VKwik 100X100 90GSM Blue,VKSP10010090,,Tarpaulin & Nets,39269099,18,,27315.15,32208.9,64
VKwik 100X100 90GSM Yellow,VKSP100100909,,Tarpaulin & Nets,39269099,18,,27616.95,32114.92,16
VKwik 100X100 90GSM Black,VKSP100100903,,Tarpaulin & Nets,39269099,18,,30119.7,38718.01,23
VKwik 100X100 90GSM Silver/Black,VKSP100100908,,Tarpaulin & Nets,39269099,18,,29983.93,36267.42,65
VKwik 100X100 90GSM Green,VKSP100100900,,Tarpaulin & Nets,39269099,18,,28520.2,34290.82,16
VKwik 6X4 120GSM Blue,VKSP64120,,Tarpaulin & Nets,39269099,18,,85.92,111.31,79
VKwik 6X4 120GSM Yellow,VKSP641209,,Tarpaulin & Nets,39269099,18,,82.47,97.19,62
VKwik 6X4 120GSM Black,VKSP641202,,Tarpaulin & Nets,39269099,18,,91.08,113.57,35
VKwik 6X4 120GSM Silver/Black,VKSP6412090,,Tarpaulin & Nets,39269099,18,,81.32,103.59,73
VKwik 6X4 120GSM Green,VKSP641207,,Tarpaulin & Nets,39269099,18,,76.84,93.68,13
VKwik 8X6 120GSM Blue,VKSP86120,,Tarpaulin & Nets,39269099,18,,182.95,230.62,70
VKwik 8X6 120GSM Yellow,VKSP861202,,Tarpaulin & Nets,39269099,18,,157.56,203.04,62
VKwik 8X6 120GSM Black,VKSP861207,,Tarpaulin & Nets,39269099,18,,165.36,206.55,12
VKwik 8X6 120GSM Silver/Black,VKSP861201,,Tarpaulin & Nets,39269099,18,,151.37,174.09,49
VKwik 8X6 120GSM Green,VKSP861206,,Tarpaulin & Nets,39269099,18,,181.87,218.61,39
VKwik 9X6 120GSM Blue,VKSP96120,,Tarpaulin & Nets,39269099,18,,182.9,210.37,91
VKwik 9X6 120GSM Yellow,VKSP961208,,Tarpaulin & Nets,39269099,18,,175.24,214.33,18
VKwik 9X6 120GSM Black,VKSP9612087,,Tarpaulin & Nets,39269099,18,,178.27,217.0,77
VKwik 9X6 120GSM Silver/Black,VKSP961201,,Tarpaulin & Nets,39269099,18,,182.06,231.57,43
VKwik 9X6 120GSM Green,VKSP9612013,,Tarpaulin & Nets,39269099,18,,174.03,217.48,24
VKwik 12X9 120GSM Blue,VKSP129120,,Tarpaulin & Nets,39269099,18,,342.8,403.78,77
VKwik 12X9 120GSM Yellow,VKSP1291205,,Tarpaulin & Nets,39269099,18,,364.34,424.68,35
VKwik 12X9 120GSM Black,VKSP12912052,,Tarpaulin & Nets,39269099,18,,399.21,496.22,42
VKwik 12X9 120GSM Silver/Black,VKSP1291200,,Tarpaulin & Nets,39269099,18,,383.58,460.89,94
VKwik 12X9 120GSM Green,VKSP1291203,,Tarpaulin & Nets,39269099,18,,356.94,457.13,51
VKwik 12X10 120GSM Blue,VKSP1210120,,Tarpaulin & Nets,39269099,18,,396.8,507.91,61
VKwik 12X10 120GSM Yellow,VKSP12101200,,Tarpaulin & Nets,39269099,18,,378.32,438.41,25
VKwik 12X10 120GSM Black,VKSP12101209,,Tarpaulin & Nets,39269099,18,,414.59,491.3,27
VKwik 12X10 120GSM Silver/Black,VKSP12101201,,Tarpaulin & Nets,39269099,18,,436.53,553.1,90
VKwik 12X10 120GSM Green,VKSP12101208,,Tarpaulin & Nets,39269099,18,,394.19,507.99,8
VKwik 15X12 120GSM Blue,VKSP1512120,,Tarpaulin & Nets,39269099,18,,625.25,730.53,5
VKwik 15X12 120GSM Yellow,VKSP15121202,,Tarpaulin & Nets,39269099,18,,687.27,860.29,80
VKwik 15X12 120GSM Black,VKSP15121206,,Tarpaulin & Nets,39269099,18,,639.82,744.28,42
VKwik 15X12 120GSM Silver/Black,VKSP15121205,,Tarpaulin & Nets,39269099,18,,674.22,875.84,56
VKwik 15X12 120GSM Green,VKSP15121207,,Tarpaulin & Nets,39269099,18,,584.38,715.06,51
VKwik 18X12 120GSM Blue,VKSP1812120,,Tarpaulin & Nets,39269099,18,,690.19,862.56,34
VKwik 18X12 120GSM Yellow,VKSP18121207,,Tarpaulin & Nets,39269099,18,,688.39,829.14,76
VKwik 18X12 120GSM Black,VKSP18121203,,Tarpaulin & Nets,39269099,18,,738.7,881.92,84
VKwik 18X12 120GSM Silver/Black,VKSP18121208,,Tarpaulin & Nets,39269099,18,,803.22,1000.7,37
VKwik 18X12 120GSM Green,VKSP18121202,,Tarpaulin & Nets,39269099,18,,776.04,997.35,55
VKwik 18X15 120GSM Blue,VKSP1815120,,Tarpaulin & Nets,39269099,18,,1019.87,1319.32,66
VKwik 18X15 120GSM Yellow,VKSP18151206,,Tarpaulin & Nets,39269099,18,,948.94,1111.2,81
VKwik 18X15 120GSM Black,VKSP18151207,,Tarpaulin & Nets,39269099,18,,902.36,1060.09,84
VKwik 18X15 120GSM Silver/Black,VKSP181512068,,Tarpaulin & Nets,39269099,18,,980.45,1188.06,38
VKwik 18X15 120GSM Green,VKSP18151205,,Tarpaulin & Nets,39269099,18,,921.19,1090.1,40
VKwik 21X15 120GSM Blue,VKSP2115120,,Tarpaulin & Nets,39269099,18,,1187.46,1539.77,9
VKwik 21X15 120GSM Yellow,VKSP21151200,,Tarpaulin & Nets,39269099,18,,1022.24,1286.31,1
VKwik 21X15 120GSM Black,VKSP21151209,,Tarpaulin & Nets,39269099,18,,1126.08,1352.58,17
VKwik 21X15 120GSM Silver/Black,VKSP21151203,,Tarpaulin & Nets,39269099,18,,1209.63,1468.05,82
VKwik 21X15 120GSM Green,VKSP21151207,,Tarpaulin & Nets,39269099,18,,1124.03,1294.73,69
VKwik 24X18 120GSM Blue,VKSP2418120,,Tarpaulin & Nets,39269099,18,,1394.74,1632.4,45
VKwik 24X18 120GSM Yellow,VKSP24181204,,Tarpaulin & Nets,39269099,18,,1379.0,1764.24,98
VKwik 24X18 120GSM Black,VKSP24181201,,Tarpaulin & Nets,39269099,18,,1550.4,2004.63,58
VKwik 24X18 120GSM Silver/Black,VKSP24181200,,Tarpaulin & Nets,39269099,18,,1652.48,2104.34,2
VKwik 24X18 120GSM Green,VKSP24181209,,Tarpaulin & Nets,39269099,18,,1487.93,1794.01,21
VKwik 30X20 120GSM Blue,VKSP3020120,,Tarpaulin & Nets,39269099,18,,2113.76,2523.25,69
VKwik 30X20 120GSM Yellow,VKSP30201203,,Tarpaulin & Nets,39269099,18,,2186.45,2670.93,13
VKwik 30X20 120GSM Black,VKSP30201209,,Tarpaulin & Nets,39269099,18,,2094.88,2448.1,89
VKwik 30X20 120GSM Silver/Black,VKSP30201204,,Tarpaulin & Nets,39269099,18,,1958.77,2518.14,32
VKwik 30X20 120GSM Green,VKSP302012093,,Tarpaulin & Nets,39269099,18,,1891.57,2321.85,94
VKwik 30X24 120GSM Blue,VKSP3024120,,Tarpaulin & Nets,39269099,18,,2350.36,2971.86,99
VKwik 30X24 120GSM Yellow,VKSP30241203,,Tarpaulin & Nets,39269099,18,,2443.55,3109.68,41
VKwik 30X24 120GSM Black,VKSP30241201,,Tarpaulin & Nets,39269099,18,,2268.89,2693.36,94
VKwik 30X24 120GSM Silver/Black,VKSP30241207,,Tarpaulin & Nets,39269099,18,,2433.6,2924.47,39
VKwik 30X24 120GSM Green,VKSP302412016,,Tarpaulin & Nets,39269099,18,,2546.93,3004.79,32
VKwik 36X24 120GSM Blue,VKSP3624120,,Tarpaulin & Nets,39269099,18,,2893.89,3503.4,100
VKwik 36X24 120GSM Yellow,VKSP36241204,,Tarpaulin & Nets,39269099,18,,2964.87,3425.93,17
VKwik 36X24 120GSM Black,VKSP36241207,,Tarpaulin & Nets,39269099,18,,2768.16,3324.49,3
VKwik 36X24 120GSM Silver/Black,VKSP362412072,,Tarpaulin & Nets,39269099,18,,3025.9,3734.88,75
VKwik 36X24 120GSM Green,VKSP36241200,,Tarpaulin & Nets,39269099,18,,2947.29,3555.31,21
VKwik 40X30 120GSM Blue,VKSP4030120,,Tarpaulin & Nets,39269099,18,,4166.31,4978.68,42
VKwik 40X30 120GSM Yellow,VKSP40301204,,Tarpaulin & Nets,39269099,18,,4478.02,5543.12,14
VKwik 40X30 120GSM Black,VKSP40301203,,Tarpaulin & Nets,39269099,18,,4403.56,5134.34,20
VKwik 40X30 120GSM Silver/Black,VKSP40301209,,Tarpaulin & Nets,39269099,18,,3829.52,4624.54,63
VKwik 40X30 120GSM Green,VKSP403012036,,Tarpaulin & Nets,39269099,18,,3894.52,4652.84,46
VKwik 40X40 120GSM Blue,VKSP4040120,,Tarpaulin & Nets,39269099,18,,5317.59,6264.33,79
VKwik 40X40 120GSM Yellow,VKSP40401204,,Tarpaulin & Nets,39269099,18,,5146.82,6646.28,35
VKwik 40X40 120GSM Black,VKSP404012040,,Tarpaulin & Nets,39269099,18,,5392.75,6533.17,89
VKwik 40X40 120GSM Silver/Black,VKSP40401203,,Tarpaulin & Nets,39269099,18,,5278.48,6852.71,2
VKwik 40X40 120GSM Green,VKSP40401205,,Tarpaulin & Nets,39269099,18,,5976.07,7575.42,63
VKwik 50X40 120GSM Blue,VKSP5040120,,Tarpaulin & Nets,39269099,18,,7517.19,9041.27,81
VKwik 50X40 120GSM Yellow,VKSP50401203,,Tarpaulin & Nets,39269099,18,,7013.72,8441.57,73
VKwik 50X40 120GSM Black,VKSP50401209,,Tarpaulin & Nets,39269099,18,,7338.26,9210.9,61
VKwik 50X40 120GSM Silver/Black,VKSP50401207,,Tarpaulin & Nets,39269099,18,,7136.52,8300.94,38
VKwik 50X40 120GSM Green,VKSP504012034,,Tarpaulin & Nets,39269099,18,,6541.96,7573.27,33
VKwik 60X40 120GSM Blue,VKSP6040120,,Tarpaulin & Nets,39269099,18,,9178.72,11604.56,84
VKwik 60X40 120GSM Yellow,VKSP60401206,,Tarpaulin & Nets,39269099,18,,8832.54,10544.02,68
VKwik 60X40 120GSM Black,VKSP60401205,,Tarpaulin & Nets,39269099,18,,9103.16,11636.35,66
VKwik 60X40 120GSM Silver/Black,VKSP60401209,,Tarpaulin & Nets,39269099,18,,8472.0,9874.28,15
VKwik 60X40 120GSM Green,VKSP604012090,,Tarpaulin & Nets,39269099,18,,8416.09,10896.24,94
VKwik 60X60 120GSM Blue,VKSP6060120,,Tarpaulin & Nets,39269099,18,,13235.59,16019.29,26
VKwik 60X60 120GSM Yellow,VKSP60601202,,Tarpaulin & Nets,39269099,18,,13701.89,16644.64,98
VKwik 60X60 120GSM Black,VKSP60601206,,Tarpaulin & Nets,39269099,18,,13591.68,17559.43,71
VKwik 60X60 120GSM Silver/Black,VKSP60601205,,Tarpaulin & Nets,39269099,18,,12350.36,16019.06,14
VKwik 60X60 120GSM Green,VKSP606012020,,Tarpaulin & Nets,39269099,18,,11465.48,14076.89,21
VKwik 80X60 120GSM Blue,VKSP8060120,,Tarpaulin & Nets,39269099,18,,16145.57,19839.59,90
VKwik 80X60 120GSM Yellow,VKSP80601209,,Tarpaulin & Nets,39269099,18,,16170.12,19567.7,37
VKwik 80X60 120GSM Black,VKSP80601207,,Tarpaulin & Nets,39269099,18,,15845.54,18351.53,24
VKwik 80X60 120GSM Silver/Black,VKSP80601208,,Tarpaulin & Nets,39269099,18,,18357.69,22330.4,35
VKwik 80X60 120GSM Green,VKSP80601206,,Tarpaulin & Nets,39269099,18,,15614.58,19171.64,51
VKwik 100X100 120GSM Blue,VKSP100100120,,Tarpaulin & Nets,39269099,18,,32704.88,42085.72,43
VKwik 100X100 120GSM Yellow,VKSP1001001205,,Tarpaulin & Nets,39269099,18,,34363.64,41849.02,16
VKwik 100X100 120GSM Black,VKSP1001001203,,Tarpaulin & Nets,39269099,18,,35020.82,43087.84,52
VKwik 100X100 120GSM Silver/Black,VKSP1001001200,,Tarpaulin & Nets,39269099,18,,38492.82,50018.38,57
VKwik 100X100 120GSM Green,VKSP1001001207,,Tarpaulin & Nets,39269099,18,,36110.09,46178.28,38
VKwik 6X4 150GSM Blue,VKSP64150,,Tarpaulin & Nets,39269099,18,,108.94,127.01,86
VKwik 6X4 150GSM Yellow,VKSP641506,,Tarpaulin & Nets,39269099,18,,114.62,143.96,20
VKwik 6X4 150GSM Black,VKSP641502,,Tarpaulin & Nets,39269099,18,,111.97,131.24,14
VKwik 6X4 150GSM Silver/Black,VKSP641509,,Tarpaulin & Nets,39269099,18,,112.47,134.45,64
VKwik 6X4 150GSM Green,VKSP6415068,,Tarpaulin & Nets,39269099,18,,101.34,126.98,50
VKwik 8X6 150GSM Blue,VKSP86150,,Tarpaulin & Nets,39269099,18,,221.02,277.43,53
VKwik 8X6 150GSM Yellow,VKSP861503,,Tarpaulin & Nets,39269099,18,,235.27,294.95,33
VKwik 8X6 150GSM Black,VKSP861500,,Tarpaulin & Nets,39269099,18,,209.4,270.48,60
VKwik 8X6 150GSM Silver/Black,VKSP861502,,Tarpaulin & Nets,39269099,18,,232.1,299.85,15
VKwik 8X6 150GSM Green,VKSP8615031,,Tarpaulin & Nets,39269099,18,,196.18,234.62,66
VKwik 9X6 150GSM Blue,VKSP96150,,Tarpaulin & Nets,39269099,18,,254.05,320.81,2
VKwik 9X6 150GSM Yellow,VKSP961501,,Tarpaulin & Nets,39269099,18,,219.74,254.52,15
VKwik 9X6 150GSM Black,VKSP961507,,Tarpaulin & Nets,39269099,18,,265.19,325.78,7
VKwik 9X6 150GSM Silver/Black,VKSP961502,,Tarpaulin & Nets,39269099,18,,245.35,293.1,22
VKwik 9X6 150GSM Green,VKSP961504,,Tarpaulin & Nets,39269099,18,,235.52,287.73,100
VKwik 12X9 150GSM Blue,VKSP129150,,Tarpaulin & Nets,39269099,18,,512.61,644.12,84
VKwik 12X9 150GSM Yellow,VKSP1291509,,Tarpaulin & Nets,39269099,18,,507.72,614.48,67
VKwik 12X9 150GSM Black,VKSP1291507,,Tarpaulin & Nets,39269099,18,,446.97,570.15,7
VKwik 12X9 150GSM Silver/Black,VKSP1291506,,Tarpaulin & Nets,39269099,18,,441.45,522.88,36
VKwik 12X9 150GSM Green,VKSP1291508,,Tarpaulin & Nets,39269099,18,,458.97,582.44,33
VKwik 12X10 150GSM Blue,VKSP1210150,,Tarpaulin & Nets,39269099,18,,568.12,699.66,64
VKwik 12X10 150GSM Yellow,VKSP12101502,,Tarpaulin & Nets,39269099,18,,581.05,753.41,20
VKwik 12X10 150GSM Black,VKSP12101500,,Tarpaulin & Nets,39269099,18,,496.21,574.96,31
VKwik 12X10 150GSM Silver/Black,VKSP12101505,,Tarpaulin & Nets,39269099,18,,593.59,686.59,95
VKwik 12X10 150GSM Green,VKSP12101506,,Tarpaulin & Nets,39269099,18,,494.96,603.79,93
VKwik 15X12 150GSM Blue,VKSP1512150,,Tarpaulin & Nets,39269099,18,,796.54,957.75,8
VKwik 15X12 150GSM Yellow,VKSP15121509,,Tarpaulin & Nets,39269099,18,,771.96,932.28,49
VKwik 15X12 150GSM Black,VKSP15121507,,Tarpaulin & Nets,39269099,18,,808.49,1002.04,28
VKwik 15X12 150GSM Silver/Black,VKSP15121502,,Tarpaulin & Nets,39269099,18,,790.49,958.4,57
VKwik 15X12 150GSM Green,VKSP15121505,,Tarpaulin & Nets,39269099,18,,776.99,1004.68,67
VKwik 18X12 150GSM Blue,VKSP1812150,,Tarpaulin & Nets,39269099,18,,1068.93,1263.2,18
VKwik 18X12 150GSM Yellow,VKSP18121504,,Tarpaulin & Nets,39269099,18,,915.11,1154.31,47
VKwik 18X12 150GSM Black,VKSP18121503,,Tarpaulin & Nets,39269099,18,,1050.47,1218.57,59
VKwik 18X12 150GSM Silver/Black,VKSP181215045,,Tarpaulin & Nets,39269099,18,,890.28,1032.74,36
VKwik 18X12 150GSM Green,VKSP18121501,,Tarpaulin & Nets,39269099,18,,1010.12,1223.08,99
VKwik 18X15 150GSM Blue,VKSP1815150,,Tarpaulin & Nets,39269099,18,,1270.36,1603.41,99
VKwik 18X15 150GSM Yellow,VKSP18151504,,Tarpaulin & Nets,39269099,18,,1284.29,1607.9,4
VKwik 18X15 150GSM Black,VKSP181515041,,Tarpaulin & Nets,39269099,18,,1107.37,1392.78,10
VKwik 18X15 150GSM Silver/Black,VKSP18151501,,Tarpaulin & Nets,39269099,18,,1185.55,1400.27,71
VKwik 18X15 150GSM Green,VKSP18151503,,Tarpaulin & Nets,39269099,18,,1181.86,1508.49,24
VKwik 21X15 150GSM Blue,VKSP2115150,,Tarpaulin & Nets,39269099,18,,1544.06,1777.28,64
VKwik 21X15 150GSM Yellow,VKSP21151508,,Tarpaulin & Nets,39269099,18,,1328.22,1562.11,32
VKwik 21X15 150GSM Black,VKSP21151507,,Tarpaulin & Nets,39269099,18,,1551.81,1940.09,90
VKwik 21X15 150GSM Silver/Black,VKSP21151501,,Tarpaulin & Nets,39269099,18,,1534.23,1832.98,22
VKwik 21X15 150GSM Green,VKSP21151509,,Tarpaulin & Nets,39269099,18,,1485.45,1720.53,39
VKwik 24X18 150GSM Blue,VKSP2418150,,Tarpaulin & Nets,39269099,18,,2011.9,2550.19,74
VKwik 24X18 150GSM Yellow,VKSP24181505,,Tarpaulin & Nets,39269099,18,,1924.52,2491.7,52
VKwik 24X18 150GSM Black,VKSP24181506,,Tarpaulin & Nets,39269099,18,,1828.46,2195.05,18
VKwik 24X18 150GSM Silver/Black,VKSP241815062,,Tarpaulin & Nets,39269099,18,,2094.38,2508.55,91
VKwik 24X18 150GSM Green,VKSP24181507,,Tarpaulin & Nets,39269099,18,,1793.72,2310.39,11
VKwik 30X20 150GSM Blue,VKSP3020150,,Tarpaulin & Nets,39269099,18,,2768.61,3428.74,76
VKwik 30X20 150GSM Yellow,VKSP30201501,,Tarpaulin & Nets,39269099,18,,2728.05,3313.8,30
VKwik 30X20 150GSM Black,VKSP30201504,,Tarpaulin & Nets,39269099,18,,2505.18,2931.86,51
VKwik 30X20 150GSM Silver/Black,VKSP30201507,,Tarpaulin & Nets,39269099,18,,2629.68,3416.84,8
VKwik 30X20 150GSM Green,VKSP30201508,,Tarpaulin & Nets,39269099,18,,2877.26,3704.69,28
VKwik 30X24 150GSM Blue,VKSP3024150,,Tarpaulin & Nets,39269099,18,,3039.86,3531.11,59
VKwik 30X24 150GSM Yellow,VKSP30241508,,Tarpaulin & Nets,39269099,18,,3172.14,4017.75,60
VKwik 30X24 150GSM Black,VKSP30241507,,Tarpaulin & Nets,39269099,18,,3238.44,4184.37,39
VKwik 30X24 150GSM Silver/Black,VKSP30241501,,Tarpaulin & Nets,39269099,18,,3350.07,4326.01,40
VKwik 30X24 150GSM Green,VKSP302415012,,Tarpaulin & Nets,39269099,18,,3059.1,3645.66,46
VKwik 36X24 150GSM Blue,VKSP3624150,,Tarpaulin & Nets,39269099,18,,3600.33,4331.59,62
VKwik 36X24 150GSM Yellow,VKSP36241507,,Tarpaulin & Nets,39269099,18,,4004.64,5126.53,21
VKwik 36X24 150GSM Black,VKSP36241504,,Tarpaulin & Nets,39269099,18,,3571.37,4171.38,10
VKwik 36X24 150GSM Silver/Black,VKSP362415040,,Tarpaulin & Nets,39269099,18,,3666.65,4451.83,35
VKwik 36X24 150GSM Green,VKSP36241503,,Tarpaulin & Nets,39269099,18,,4024.44,5106.48,5
VKwik 40X30 150GSM Blue,VKSP4030150,,Tarpaulin & Nets,39269099,18,,5451.88,7006.94,88
VKwik 40X30 150GSM Yellow,VKSP40301502,,Tarpaulin & Nets,39269099,18,,5482.99,6734.34,64
VKwik 40X30 150GSM Black,VKSP403015029,,Tarpaulin & Nets,39269099,18,,5218.21,6153.2,36
VKwik 40X30 150GSM Silver/Black,VKSP40301501,,Tarpaulin & Nets,39269099,18,,5766.03,7408.83,52
VKwik 40X30 150GSM Green,VKSP40301505,,Tarpaulin & Nets,39269099,18,,5927.4,7270.65,1
VKwik 40X40 150GSM Blue,VKSP4040150,,Tarpaulin & Nets,39269099,18,,6618.97,8170.88,2
VKwik 40X40 150GSM Yellow,VKSP40401509,,Tarpaulin & Nets,39269099,18,,6957.34,8848.8,85
VKwik 40X40 150GSM Black,VKSP40401501,,Tarpaulin & Nets,39269099,18,,6533.26,7551.48,88
VKwik 40X40 150GSM Silver/Black,VKSP404015097,,Tarpaulin & Nets,39269099,18,,7444.69,9241.51,38
VKwik 40X40 150GSM Green,VKSP40401500,,Tarpaulin & Nets,39269099,18,,7252.2,8994.92,18
VKwik 50X40 150GSM Blue,VKSP5040150,,Tarpaulin & Nets,39269099,18,,9043.05,10629.36,44
VKwik 50X40 150GSM Yellow,VKSP50401502,,Tarpaulin & Nets,39269099,18,,8805.74,10839.07,33
VKwik 50X40 150GSM Black,VKSP50401500,,Tarpaulin & Nets,39269099,18,,8793.89,10389.19,30
VKwik 50X40 150GSM Silver/Black,VKSP50401506,,Tarpaulin & Nets,39269099,18,,8517.31,10041.32,8
VKwik 50X40 150GSM Green,VKSP504015063,,Tarpaulin & Nets,39269099,18,,8494.74,10667.5,7
VKwik 60X40 150GSM Blue,VKSP6040150,,Tarpaulin & Nets,39269099,18,,11349.06,13732.9,13
VKwik 60X40 150GSM Yellow,VKSP60401508,,Tarpaulin & Nets,39269099,18,,11167.74,13106.03,48
VKwik 60X40 150GSM Black,VKSP60401503,,Tarpaulin & Nets,39269099,18,,9864.5,11613.4,23
VKwik 60X40 150GSM Silver/Black,VKSP60401506,,Tarpaulin & Nets,39269099,18,,10077.12,13080.63,48
VKwik 60X40 150GSM Green,VKSP60401504,,Tarpaulin & Nets,39269099,18,,10994.16,14135.93,31
VKwik 60X60 150GSM Blue,VKSP6060150,,Tarpaulin & Nets,39269099,18,,17042.72,20510.39,87
VKwik 60X60 150GSM Yellow,VKSP60601504,,Tarpaulin & Nets,39269099,18,,15177.06,17920.93,17
VKwik 60X60 150GSM Black,VKSP60601505,,Tarpaulin & Nets,39269099,18,,16682.44,21481.11,35
VKwik 60X60 150GSM Silver/Black,VKSP606015042,,Tarpaulin & Nets,39269099,18,,17351.54,21994.87,93
VKwik 60X60 150GSM Green,VKSP60601501,,Tarpaulin & Nets,39269099,18,,16743.2,20115.1,96
VKwik 80X60 150GSM Blue,VKSP8060150,,Tarpaulin & Nets,39269099,18,,22504.2,27996.46,43
VKwik 80X60 150GSM Yellow,VKSP80601509,,Tarpaulin & Nets,39269099,18,,19700.07,24414.14,5
VKwik 80X60 150GSM Black,VKSP80601501,,Tarpaulin & Nets,39269099,18,,19469.0,24914.1,78
VKwik 80X60 150GSM Silver/Black,VKSP80601504,,Tarpaulin & Nets,39269099,18,,21610.61,25760.03,64
VKwik 80X60 150GSM Green,VKSP806015016,,Tarpaulin & Nets,39269099,18,,19965.93,24416.08,18
VKwik 100X100 150GSM Blue,VKSP100100150,,Tarpaulin & Nets,39269099,18,,42446.68,51836.7,99
VKwik 100X100 150GSM Yellow,VKSP1001001507,,Tarpaulin & Nets,39269099,18,,45157.67,55868.34,64
VKwik 100X100 150GSM Black,VKSP1001001505,,Tarpaulin & Nets,39269099,18,,48743.5,56679.97,15
VKwik 100X100 150GSM Silver/Black,VKSP1001001504,,Tarpaulin & Nets,39269099,18,,48817.64,63393.12,52
VKwik 100X100 150GSM Green,VKSP1001001501,,Tarpaulin & Nets,39269099,18,,48934.13,58596.7,2
VKwik 6X4 200GSM Blue,VKSP64200,,Tarpaulin & Nets,39269099,18,,139.3,166.95,34
VKwik 6X4 200GSM Yellow,VKSP642002,,Tarpaulin & Nets,39269099,18,,151.1,195.09,46
VKwik 6X4 200GSM Black,VKSP642001,,Tarpaulin & Nets,39269099,18,,143.63,184.52,87
VKwik 6X4 200GSM Silver/Black,VKSP6420028,,Tarpaulin & Nets,39269099,18,,156.83,202.05,33
VKwik 6X4 200GSM Green,VKSP642006,,Tarpaulin & Nets,39269099,18,,141.39,173.65,9
VKwik 8X6 200GSM Blue,VKSP86200,,Tarpaulin & Nets,39269099,18,,300.22,377.12,59
VKwik 8X6 200GSM Yellow,VKSP862005,,Tarpaulin & Nets,39269099,18,,304.36,374.93,86
VKwik 8X6 200GSM Black,VKSP8620050,,Tarpaulin & Nets,39269099,18,,265.91,334.53,42
VKwik 8X6 200GSM Silver/Black,VKSP862007,,Tarpaulin & Nets,39269099,18,,313.29,372.38,20
VKwik 8X6 200GSM Green,VKSP862000,,Tarpaulin & Nets,39269099,18,,313.83,397.53,86
VKwik 9X6 200GSM Blue,VKSP96200,,Tarpaulin & Nets,39269099,18,,301.4,363.19,41
VKwik 9X6 200GSM Yellow,VKSP962007,,Tarpaulin & Nets,39269099,18,,307.1,364.67,4
VKwik 9X6 200GSM Black,VKSP962004,,Tarpaulin & Nets,39269099,18,,312.78,391.59,59
VKwik 9X6 200GSM Silver/Black,VKSP962003,,Tarpaulin & Nets,39269099,18,,305.62,364.84,71
VKwik 9X6 200GSM Green,VKSP9620038,,Tarpaulin & Nets,39269099,18,,302.33,362.61,58
VKwik 12X9 200GSM Blue,VKSP129200,,Tarpaulin & Nets,39269099,18,,676.05,798.74,10
VKwik 12X9 200GSM Yellow,VKSP1292004,,Tarpaulin & Nets,39269099,18,,628.64,735.68,64
VKwik 12X9 200GSM Black,VKSP1292003,,Tarpaulin & Nets,39269099,18,,683.2,856.98,47
VKwik 12X9 200GSM Silver/Black,VKSP1292000,,Tarpaulin & Nets,39269099,18,,602.1,756.83,83
VKwik 12X9 200GSM Green,VKSP12920035,,Tarpaulin & Nets,39269099,18,,640.19,760.28,47
VKwik 12X10 200GSM Blue,VKSP1210200,,Tarpaulin & Nets,39269099,18,,708.32,838.79,74
VKwik 12X10 200GSM Yellow,VKSP12102008,,Tarpaulin & Nets,39269099,18,,762.7,962.12,19
VKwik 12X10 200GSM Black,VKSP12102001,,Tarpaulin & Nets,39269099,18,,666.77,803.23,30
VKwik 12X10 200GSM Silver/Black,VKSP12102007,,Tarpaulin & Nets,39269099,18,,777.01,962.64,6
VKwik 12X10 200GSM Green,VKSP12102009,,Tarpaulin & Nets,39269099,18,,776.67,899.66,46
VKwik 15X12 200GSM Blue,VKSP1512200,,Tarpaulin & Nets,39269099,18,,1077.39,1296.4,78
VKwik 15X12 200GSM Yellow,VKSP15122001,,Tarpaulin & Nets,39269099,18,,1084.07,1344.26,72
VKwik 15X12 200GSM Black,VKSP15122003,,Tarpaulin & Nets,39269099,18,,1146.16,1338.92,16
VKwik 15X12 200GSM Silver/Black,VKSP15122005,,Tarpaulin & Nets,39269099,18,,1025.46,1189.77,38
VKwik 15X12 200GSM Green,VKSP15122006,,Tarpaulin & Nets,39269099,18,,1183.3,1453.75,74
VKwik 18X12 200GSM Blue,VKSP1812200,,Tarpaulin & Nets,39269099,18,,1304.19,1550.12,50
VKwik 18X12 200GSM Yellow,VKSP18122005,,Tarpaulin & Nets,39269099,18,,1233.02,1499.38,4
VKwik 18X12 200GSM Black,VKSP18122004,,Tarpaulin & Nets,39269099,18,,1418.55,1711.06,68
VKwik 18X12 200GSM Silver/Black,VKSP18122007,,Tarpaulin & Nets,39269099,18,,1239.43,1491.9,43
VKwik 18X12 200GSM Green,VKSP181220076,,Tarpaulin & Nets,39269099,18,,1175.69,1372.17,49
VKwik 18X15 200GSM Blue,VKSP1815200,,Tarpaulin & Nets,39269099,18,,1566.99,1936.38,20
VKwik 18X15 200GSM Yellow,VKSP18152002,,Tarpaulin & Nets,39269099,18,,1460.01,1819.06,81
VKwik 18X15 200GSM Black,VKSP181520022,,Tarpaulin & Nets,39269099,18,,1743.32,2213.42,7
VKwik 18X15 200GSM Silver/Black,VKSP181520025,,Tarpaulin & Nets,39269099,18,,1572.41,1975.25,70
VKwik 18X15 200GSM Green,VKSP18152008,,Tarpaulin & Nets,39269099,18,,1634.35,1993.53,56
VKwik 21X15 200GSM Blue,VKSP2115200,,Tarpaulin & Nets,39269099,18,,1782.22,2109.81,58
VKwik 21X15 200GSM Yellow,VKSP21152002,,Tarpaulin & Nets,39269099,18,,1704.99,2148.83,32
VKwik 21X15 200GSM Black,VKSP21152009,,Tarpaulin & Nets,39269099,18,,2016.6,2561.46,37
VKwik 21X15 200GSM Silver/Black,VKSP21152000,,Tarpaulin & Nets,39269099,18,,1984.23,2341.73,47
VKwik 21X15 200GSM Green,VKSP21152007,,Tarpaulin & Nets,39269099,18,,1979.42,2462.21,16
VKwik 24X18 200GSM Blue,VKSP2418200,,Tarpaulin & Nets,39269099,18,,2500.33,2995.4,72
VKwik 24X18 200GSM Yellow,VKSP24182009,,Tarpaulin & Nets,39269099,18,,2335.17,2841.25,7
VKwik 24X18 200GSM Black,VKSP24182007,,Tarpaulin & Nets,39269099,18,,2342.07,2802.06,37
VKwik 24X18 200GSM Silver/Black,VKSP24182008,,Tarpaulin & Nets,39269099,18,,2782.27,3279.67,98
VKwik 24X18 200GSM Green,VKSP241820080,,Tarpaulin & Nets,39269099,18,,2770.69,3419.72,77
VKwik 30X20 200GSM Blue,VKSP3020200,,Tarpaulin & Nets,39269099,18,,3317.27,3896.19,47
VKwik 30X20 200GSM Yellow,VKSP30202004,,Tarpaulin & Nets,39269099,18,,3807.23,4670.36,7
VKwik 30X20 200GSM Black,VKSP30202001,,Tarpaulin & Nets,39269099,18,,3951.49,4561.72,56
VKwik 30X20 200GSM Silver/Black,VKSP30202007,,Tarpaulin & Nets,39269099,18,,3881.06,4580.66,84
VKwik 30X20 200GSM Green,VKSP302020048,,Tarpaulin & Nets,39269099,18,,3701.68,4762.86,20
VKwik 30X24 200GSM Blue,VKSP3024200,,Tarpaulin & Nets,39269099,18,,4068.83,4894.68,67
VKwik 30X24 200GSM Yellow,VKSP30242009,,Tarpaulin & Nets,39269099,18,,4579.62,5900.12,22
VKwik 30X24 200GSM Black,VKSP30242004,,Tarpaulin & Nets,39269099,18,,4623.74,5545.03,11
VKwik 30X24 200GSM Silver/Black,VKSP30242005,,Tarpaulin & Nets,39269099,18,,4072.75,5265.25,65
VKwik 30X24 200GSM Green,VKSP302420055,,Tarpaulin & Nets,39269099,18,,3972.5,4922.82,97
VKwik 36X24 200GSM Blue,VKSP3624200,,Tarpaulin & Nets,39269099,18,,5483.78,6723.98,12
VKwik 36X24 200GSM Yellow,VKSP36242004,,Tarpaulin & Nets,39269099,18,,5103.5,6192.44,15
VKwik 36X24 200GSM Black,VKSP36242005,,Tarpaulin & Nets,39269099,18,,4712.55,5903.04,78
VKwik 36X24 200GSM Silver/Black,VKSP36242003,,Tarpaulin & Nets,39269099,18,,5209.92,6530.24,32
VKwik 36X24 200GSM Green,VKSP36242009,,Tarpaulin & Nets,39269099,18,,4788.43,5994.56,82
VKwik 40X30 200GSM Blue,VKSP4030200,,Tarpaulin & Nets,39269099,18,,7335.18,8752.9,53
VKwik 40X30 200GSM Yellow,VKSP40302001,,Tarpaulin & Nets,39269099,18,,6519.61,8381.81,2
VKwik 40X30 200GSM Black,VKSP403020011,,Tarpaulin & Nets,39269099,18,,7533.86,8810.16,50
VKwik 40X30 200GSM Silver/Black,VKSP40302006,,Tarpaulin & Nets,39269099,18,,7332.99,8543.95,86
VKwik 40X30 200GSM Green,VKSP403020060,,Tarpaulin & Nets,39269099,18,,7329.91,8662.35,59
VKwik 40X40 200GSM Blue,VKSP4040200,,Tarpaulin & Nets,39269099,18,,9237.8,11831.58,5
VKwik 40X40 200GSM Yellow,VKSP40402004,,Tarpaulin & Nets,39269099,18,,10207.72,12561.46,46
VKwik 40X40 200GSM Black,VKSP40402000,,Tarpaulin & Nets,39269099,18,,9061.76,10602.39,33
VKwik 40X40 200GSM Silver/Black,VKSP40402008,,Tarpaulin & Nets,39269099,18,,8893.91,10724.28,92
VKwik 40X40 200GSM Green,VKSP40402003,,Tarpaulin & Nets,39269099,18,,9207.39,11859.37,81
VKwik 50X40 200GSM Blue,VKSP5040200,,Tarpaulin & Nets,39269099,18,,11756.34,15072.73,50
VKwik 50X40 200GSM Yellow,VKSP50402007,,Tarpaulin & Nets,39269099,18,,11433.64,13239.05,91
VKwik 50X40 200GSM Black,VKSP50402000,,Tarpaulin & Nets,39269099,18,,11442.38,13474.24,68
VKwik 50X40 200GSM Silver/Black,VKSP50402003,,Tarpaulin & Nets,39269099,18,,12047.62,14268.37,26
VKwik 50X40 200GSM Green,VKSP50402001,,Tarpaulin & Nets,39269099,18,,12208.31,15451.54,93
VKwik 60X40 200GSM Blue,VKSP6040200,,Tarpaulin & Nets,39269099,18,,15614.79,18950.45,59
VKwik 60X40 200GSM Yellow,VKSP60402001,,Tarpaulin & Nets,39269099,18,,14737.86,17597.96,38
VKwik 60X40 200GSM Black,VKSP60402008,,Tarpaulin & Nets,39269099,18,,15222.74,19511.77,10
VKwik 60X40 200GSM Silver/Black,VKSP60402006,,Tarpaulin & Nets,39269099,18,,13504.67,17072.52,55
VKwik 60X40 200GSM Green,VKSP604020088,,Tarpaulin & Nets,39269099,18,,14839.7,18365.75,78
VKwik 60X60 200GSM Blue,VKSP6060200,,Tarpaulin & Nets,39269099,18,,21627.77,27828.54,63
VKwik 60X60 200GSM Yellow,VKSP60602003,,Tarpaulin & Nets,39269099,18,,22109.45,27167.26,70
VKwik 60X60 200GSM Black,VKSP60602009,,Tarpaulin & Nets,39269099,18,,20158.73,24551.55,36
VKwik 60X60 200GSM Silver/Black,VKSP60602000,,Tarpaulin & Nets,39269099,18,,19861.35,23093.78,90
VKwik 60X60 200GSM Green,VKSP606020032,,Tarpaulin & Nets,39269099,18,,20944.34,25772.65,36
VKwik 80X60 200GSM Blue,VKSP8060200,,Tarpaulin & Nets,39269099,18,,27221.02,32102.28,20
VKwik 80X60 200GSM Yellow,VKSP80602002,,Tarpaulin & Nets,39269099,18,,28827.05,36894.08,72
VKwik 80X60 200GSM Black,VKSP80602003,,Tarpaulin & Nets,39269099,18,,26768.08,31374.44,94
VKwik 80X60 200GSM Silver/Black,VKSP806020024,,Tarpaulin & Nets,39269099,18,,31397.23,37552.63,87
VKwik 80X60 200GSM Green,VKSP80602008,,Tarpaulin & Nets,39269099,18,,30589.4,37300.82,51
VKwik 100X100 200GSM Blue,VKSP100100200,,Tarpaulin & Nets,39269099,18,,60827.32,78180.17,27
VKwik 100X100 200GSM Yellow,VKSP1001002007,,Tarpaulin & Nets,39269099,18,,56022.77,68341.85,19
VKwik 100X100 200GSM Black,VKSP1001002000,,Tarpaulin & Nets,39269099,18,,63970.76,77112.36,56
VKwik 100X100 200GSM Silver/Black,VKSP1001002004,,Tarpaulin & Nets,39269099,18,,61337.69,72469.5,71
VKwik 100X100 200GSM Green,VKSP1001002008,,Tarpaulin & Nets,39269099,18,,59705.0,72509.23,99
VKwik 6X4 250GSM Blue,VKSP64250,,Tarpaulin & Nets,39269099,18,,179.05,211.32,65
VKwik 6X4 250GSM Yellow,VKSP642500,,Tarpaulin & Nets,39269099,18,,178.24,220.15,94
VKwik 6X4 250GSM Black,VKSP642507,,Tarpaulin & Nets,39269099,18,,173.44,212.79,55
VKwik 6X4 250GSM Silver/Black,VKSP642505,,Tarpaulin & Nets,39269099,18,,172.87,202.97,49
VKwik 6X4 250GSM Green,VKSP642509,,Tarpaulin & Nets,39269099,18,,190.73,233.77,52
VKwik 8X6 250GSM Blue,VKSP86250,,Tarpaulin & Nets,39269099,18,,366.82,462.85,49
VKwik 8X6 250GSM Yellow,VKSP862505,,Tarpaulin & Nets,39269099,18,,334.35,434.12,47
VKwik 8X6 250GSM Black,VKSP862502,,Tarpaulin & Nets,39269099,18,,335.46,405.84,46
VKwik 8X6 250GSM Silver/Black,VKSP862507,,Tarpaulin & Nets,39269099,18,,364.3,473.39,51
VKwik 8X6 250GSM Green,VKSP8625055,,Tarpaulin & Nets,39269099,18,,394.87,506.26,78
VKwik 9X6 250GSM Blue,VKSP96250,,Tarpaulin & Nets,39269099,18,,386.43,489.9,26
VKwik 9X6 250GSM Yellow,VKSP962507,,Tarpaulin & Nets,39269099,18,,370.62,454.98,80
VKwik 9X6 250GSM Black,VKSP962508,,Tarpaulin & Nets,39269099,18,,434.96,519.99,22
VKwik 9X6 250GSM Silver/Black,VKSP962502,,Tarpaulin & Nets,39269099,18,,383.5,492.34,87
VKwik 9X6 250GSM Green,VKSP9625077,,Tarpaulin & Nets,39269099,18,,378.98,452.08,25
VKwik 12X9 250GSM Blue,VKSP129250,,Tarpaulin & Nets,39269099,18,,765.97,951.97,92
VKwik 12X9 250GSM Yellow,VKSP1292502,,Tarpaulin & Nets,39269099,18,,788.22,966.15,0
VKwik 12X9 250GSM Black,VKSP1292503,,Tarpaulin & Nets,39269099,18,,820.17,1054.61,6
VKwik 12X9 250GSM Silver/Black,VKSP1292506,,Tarpaulin & Nets,39269099,18,,857.3,1037.57,17
VKwik 12X9 250GSM Green,VKSP1292501,,Tarpaulin & Nets,39269099,18,,777.62,979.68,70
VKwik 12X10 250GSM Blue,VKSP1210250,,Tarpaulin & Nets,39269099,18,,972.1,1160.24,20
VKwik 12X10 250GSM Yellow,VKSP12102508,,Tarpaulin & Nets,39269099,18,,985.38,1220.07,94
VKwik 12X10 250GSM Black,VKSP121025089,,Tarpaulin & Nets,39269099,18,,887.16,1110.63,75
VKwik 12X10 250GSM Silver/Black,VKSP12102500,,Tarpaulin & Nets,39269099,18,,859.93,1087.16,98
VKwik 12X10 250GSM Green,VKSP12102505,,Tarpaulin & Nets,39269099,18,,977.62,1140.06,4
VKwik 15X12 250GSM Blue,VKSP1512250,,Tarpaulin & Nets,39269099,18,,1301.0,1515.09,18
VKwik 15X12 250GSM Yellow,VKSP15122502,,Tarpaulin & Nets,39269099,18,,1313.69,1595.33,82
VKwik 15X12 250GSM Black,VKSP151225026,,Tarpaulin & Nets,39269099,18,,1259.99,1496.1,66
VKwik 15X12 250GSM Silver/Black,VKSP15122509,,Tarpaulin & Nets,39269099,18,,1476.71,1737.48,52
VKwik 15X12 250GSM Green,VKSP15122500,,Tarpaulin & Nets,39269099,18,,1287.22,1671.9,3
VKwik 18X12 250GSM Blue,VKSP1812250,,Tarpaulin & Nets,39269099,18,,1722.39,2155.7,70
VKwik 18X12 250GSM Yellow,VKSP18122503,,Tarpaulin & Nets,39269099,18,,1536.3,1956.36,2
VKwik 18X12 250GSM Black,VKSP18122505,,Tarpaulin & Nets,39269099,18,,1735.63,2084.99,28
VKwik 18X12 250GSM Silver/Black,VKSP18122504,,Tarpaulin & Nets,39269099,18,,1567.6,1863.52,75
VKwik 18X12 250GSM Green,VKSP18122509,,Tarpaulin & Nets,39269099,18,,1605.38,1919.93,91
VKwik 18X15 250GSM Blue,VKSP1815250,,Tarpaulin & Nets,39269099,18,,1963.88,2360.13,15
VKwik 18X15 250GSM Yellow,VKSP18152500,,Tarpaulin & Nets,39269099,18,,2155.5,2481.6,61
VKwik 18X15 250GSM Black,VKSP18152504,,Tarpaulin & Nets,39269099,18,,2131.42,2601.83,80
VKwik 18X15 250GSM Silver/Black,VKSP18152503,,Tarpaulin & Nets,39269099,18,,1934.53,2336.95,95
VKwik 18X15 250GSM Green,VKSP18152508,,Tarpaulin & Nets,39269099,18,,2224.5,2650.19,84
VKwik 21X15 250GSM Blue,VKSP2115250,,Tarpaulin & Nets,39269099,18,,2214.8,2566.45,86
VKwik 21X15 250GSM Yellow,VKSP21152506,,Tarpaulin & Nets,39269099,18,,2416.27,2930.32,64
VKwik 21X15 250GSM Black,VKSP21152505,,Tarpaulin & Nets,39269099,18,,2333.33,2737.06,79
VKwik 21X15 250GSM Silver/Black,VKSP21152503,,Tarpaulin & Nets,39269099,18,,2164.74,2645.77,60
VKwik 21X15 250GSM Green,VKSP21152504,,Tarpaulin & Nets,39269099,18,,2545.7,2972.11,61
VKwik 24X18 250GSM Blue,VKSP2418250,,Tarpaulin & Nets,39269099,18,,3083.28,3728.26,96
VKwik 24X18 250GSM Yellow,VKSP24182501,,Tarpaulin & Nets,39269099,18,,2999.06,3599.66,29
VKwik 24X18 250GSM Black,VKSP24182508,,Tarpaulin & Nets,39269099,18,,3119.21,3621.09,53
VKwik 24X18 250GSM Silver/Black,VKSP24182500,,Tarpaulin & Nets,39269099,18,,3009.0,3567.65,91
VKwik 24X18 250GSM Green,VKSP24182507,,Tarpaulin & Nets,39269099,18,,2958.63,3630.4,64
VKwik 30X20 250GSM Blue,VKSP3020250,,Tarpaulin & Nets,39269099,18,,4793.9,5715.71,63
VKwik 30X20 250GSM Yellow,VKSP30202508,,Tarpaulin & Nets,39269099,18,,4587.98,5501.57,98
VKwik 30X20 250GSM Black,VKSP30202507,,Tarpaulin & Nets,39269099,18,,4418.86,5626.33,71
VKwik 30X20 250GSM Silver/Black,VKSP30202509,,Tarpaulin & Nets,39269099,18,,4450.3,5144.77,72
VKwik 30X20 250GSM Green,VKSP302025079,,Tarpaulin & Nets,39269099,18,,4887.25,6163.81,36
VKwik 30X24 250GSM Blue,VKSP3024250,,Tarpaulin & Nets,39269099,18,,5306.17,6546.73,41
VKwik 30X24 250GSM Yellow,VKSP30242504,,Tarpaulin & Nets,39269099,18,,5519.85,6414.9,62
VKwik 30X24 250GSM Black,VKSP30242508,,Tarpaulin & Nets,39269099,18,,5040.43,6016.02,82
VKwik 30X24 250GSM Silver/Black,VKSP30242506,,Tarpaulin & Nets,39269099,18,,5817.6,6835.32,45
VKwik 30X24 250GSM Green,VKSP302425064,,Tarpaulin & Nets,39269099,18,,5026.91,6476.27,78
VKwik 36X24 250GSM Blue,VKSP3624250,,Tarpaulin & Nets,39269099,18,,6963.52,8069.19,94
VKwik 36X24 250GSM Yellow,VKSP36242507,,Tarpaulin & Nets,39269099,18,,6567.58,7919.22,52
VKwik 36X24 250GSM Black,VKSP36242509,,Tarpaulin & Nets,39269099,18,,6523.55,7990.59,51
VKwik 36X24 250GSM Silver/Black,VKSP36242506,,Tarpaulin & Nets,39269099,18,,6192.51,7714.16,59
VKwik 36X24 250GSM Green,VKSP362425090,,Tarpaulin & Nets,39269099,18,,6118.08,7287.07,18
VKwik 40X30 250GSM Blue,VKSP4030250,,Tarpaulin & Nets,39269099,18,,8953.1,10834.46,51
VKwik 40X30 250GSM Yellow,VKSP40302504,,Tarpaulin & Nets,39269099,18,,9210.26,10619.35,54
VKwik 40X30 250GSM Black,VKSP40302500,,Tarpaulin & Nets,39269099,18,,9613.2,11274.31,96
VKwik 40X30 250GSM Silver/Black,VKSP40302507,,Tarpaulin & Nets,39269099,18,,9817.02,12359.04,53
VKwik 40X30 250GSM Green,VKSP403025041,,Tarpaulin & Nets,39269099,18,,9504.4,11585.45,88
VKwik 40X40 250GSM Blue,VKSP4040250,,Tarpaulin & Nets,39269099,18,,11211.86,12985.88,100
VKwik 40X40 250GSM Yellow,VKSP40402505,,Tarpaulin & Nets,39269099,18,,12448.65,15409.54,1
VKwik 40X40 250GSM Black,VKSP40402504,,Tarpaulin & Nets,39269099,18,,11235.79,13716.54,69
VKwik 40X40 250GSM Silver/Black,VKSP40402500,,Tarpaulin & Nets,39269099,18,,12133.97,14054.25,82
VKwik 40X40 250GSM Green,VKSP40402502,,Tarpaulin & Nets,39269099,18,,11879.77,14085.12,31
VKwik 50X40 250GSM Blue,VKSP5040250,,Tarpaulin & Nets,39269099,18,,15229.7,18225.36,85
VKwik 50X40 250GSM Yellow,VKSP50402502,,Tarpaulin & Nets,39269099,18,,14995.15,19340.91,64
VKwik 50X40 250GSM Black,VKSP50402509,,Tarpaulin & Nets,39269099,18,,14744.95,19136.72,51
VKwik 50X40 250GSM Silver/Black,VKSP50402506,,Tarpaulin & Nets,39269099,18,,14653.21,17276.53,13
VKwik 50X40 250GSM Green,VKSP50402503,,Tarpaulin & Nets,39269099,18,,14671.8,17669.15,47
VKwik 60X40 250GSM Blue,VKSP6040250,,Tarpaulin & Nets,39269099,18,,16261.36,18700.63,41
VKwik 60X40 250GSM Yellow,VKSP60402501,,Tarpaulin & Nets,39269099,18,,17259.93,21269.27,93
VKwik 60X40 250GSM Black,VKSP60402503,,Tarpaulin & Nets,39269099,18,,16352.86,20064.14,18
VKwik 60X40 250GSM Silver/Black,VKSP60402500,,Tarpaulin & Nets,39269099,18,,16823.95,20032.13,2
VKwik 60X40 250GSM Green,VKSP60402508,,Tarpaulin & Nets,39269099,18,,16715.33,21162.4,69
VKwik 60X60 250GSM Blue,VKSP6060250,,Tarpaulin & Nets,39269099,18,,24812.05,29348.72,59
VKwik 60X60 250GSM Yellow,VKSP60602504,,Tarpaulin & Nets,39269099,18,,28177.29,35133.67,94
VKwik 60X60 250GSM Black,VKSP60602503,,Tarpaulin & Nets,39269099,18,,24300.34,30570.63,85
VKwik 60X60 250GSM Silver/Black,VKSP60602509,,Tarpaulin & Nets,39269099,18,,25189.67,32468.36,47
VKwik 60X60 250GSM Green,VKSP60602502,,Tarpaulin & Nets,39269099,18,,25278.04,32231.25,86
VKwik 80X60 250GSM Blue,VKSP8060250,,Tarpaulin & Nets,39269099,18,,33138.63,40432.45,100
VKwik 80X60 250GSM Yellow,VKSP80602504,,Tarpaulin & Nets,39269099,18,,35185.31,45071.01,6
VKwik 80X60 250GSM Black,VKSP80602508,,Tarpaulin & Nets,39269099,18,,33163.59,39473.83,19
VKwik 80X60 250GSM Silver/Black,VKSP80602501,,Tarpaulin & Nets,39269099,18,,39150.57,46253.65,35
VKwik 80X60 250GSM Green,VKSP80602505,,Tarpaulin & Nets,39269099,18,,35314.81,43904.75,36
VKwik 100X100 250GSM Blue,VKSP100100250,,Tarpaulin & Nets,39269099,18,,71549.48,83392.01,35
VKwik 100X100 250GSM Yellow,VKSP1001002507,,Tarpaulin & Nets,39269099,18,,71088.84,87763.13,8
VKwik 100X100 250GSM Black,VKSP10010025079,,Tarpaulin & Nets,39269099,18,,79175.92,98146.25,99
VKwik 100X100 250GSM Silver/Black,VKSP1001002501,,Tarpaulin & Nets,39269099,18,,79900.32,99374.34,34
VKwik 100X100 250GSM Green,VKSP1001002500,,Tarpaulin & Nets,39269099,18,,80748.94,97427.64,84
VKwik 6X4 300GSM Blue,VKSP64300,,Tarpaulin & Nets,39269099,18,,229.12,272.33,60
VKwik 6X4 300GSM Yellow,VKSP643009,,Tarpaulin & Nets,39269099,18,,230.86,276.1,19
VKwik 6X4 300GSM Black,VKSP6430093,,Tarpaulin & Nets,39269099,18,,213.5,257.71,64
VKwik 6X4 300GSM Silver/Black,VKSP643001,,Tarpaulin & Nets,39269099,18,,209.56,270.44,37
VKwik 6X4 300GSM Green,VKSP643002,,Tarpaulin & Nets,39269099,18,,229.62,281.82,72
VKwik 8X6 300GSM Blue,VKSP86300,,Tarpaulin & Nets,39269099,18,,437.92,541.56,1
VKwik 8X6 300GSM Yellow,VKSP863009,,Tarpaulin & Nets,39269099,18,,393.82,457.54,90
VKwik 8X6 300GSM Black,VKSP8630097,,Tarpaulin & Nets,39269099,18,,413.08,507.71,33
VKwik 8X6 300GSM Silver/Black,VKSP863001,,Tarpaulin & Nets,39269099,18,,427.52,496.79,14
VKwik 8X6 300GSM Green,VKSP863003,,Tarpaulin & Nets,39269099,18,,407.03,471.59,90
VKwik 9X6 300GSM Blue,VKSP96300,,Tarpaulin & Nets,39269099,18,,509.48,655.3,46
VKwik 9X6 300GSM Yellow,VKSP963000,,Tarpaulin & Nets,39269099,18,,506.07,656.92,39
VKwik 9X6 300GSM Black,VKSP963008,,Tarpaulin & Nets,39269099,18,,491.95,603.56,31
VKwik 9X6 300GSM Silver/Black,VKSP963001,,Tarpaulin & Nets,39269099,18,,511.92,630.17,8
VKwik 9X6 300GSM Green,VKSP9630015,,Tarpaulin & Nets,39269099,18,,460.82,596.7,48
VKwik 12X9 300GSM Blue,VKSP129300,,Tarpaulin & Nets,39269099,18,,881.08,1140.97,11
VKwik 12X9 300GSM Yellow,VKSP1293001,,Tarpaulin & Nets,39269099,18,,900.25,1146.2,55
VKwik 12X9 300GSM Black,VKSP1293005,,Tarpaulin & Nets,39269099,18,,1007.72,1179.66,92
VKwik 12X9 300GSM Silver/Black,VKSP12930056,,Tarpaulin & Nets,39269099,18,,926.32,1101.5,61
VKwik 12X9 300GSM Green,VKSP1293009,,Tarpaulin & Nets,39269099,18,,1053.97,1349.83,0
VKwik 12X10 300GSM Blue,VKSP1210300,,Tarpaulin & Nets,39269099,18,,1161.66,1464.79,74
VKwik 12X10 300GSM Yellow,VKSP12103003,,Tarpaulin & Nets,39269099,18,,1029.29,1261.13,9
VKwik 12X10 300GSM Black,VKSP12103009,,Tarpaulin & Nets,39269099,18,,1045.17,1223.66,23
VKwik 12X10 300GSM Silver/Black,VKSP12103001,,Tarpaulin & Nets,39269099,18,,1046.24,1253.43,58
VKwik 12X10 300GSM Green,VKSP12103004,,Tarpaulin & Nets,39269099,18,,1000.2,1285.08,29
VKwik 15X12 300GSM Blue,VKSP1512300,,Tarpaulin & Nets,39269099,18,,1701.07,2031.8,7
VKwik 15X12 300GSM Yellow,VKSP15123006,,Tarpaulin & Nets,39269099,18,,1646.63,2016.18,98
VKwik 15X12 300GSM Black,VKSP15123002,,Tarpaulin & Nets,39269099,18,,1702.73,2042.18,1
VKwik 15X12 300GSM Silver/Black,VKSP15123000,,Tarpaulin & Nets,39269099,18,,1720.52,2201.53,5
VKwik 15X12 300GSM Green,VKSP15123009,,Tarpaulin & Nets,39269099,18,,1569.86,2014.96,55
VKwik 18X12 300GSM Blue,VKSP1812300,,Tarpaulin & Nets,39269099,18,,1837.53,2326.56,16
VKwik 18X12 300GSM Yellow,VKSP18123009,,Tarpaulin & Nets,39269099,18,,1875.98,2343.07,60
VKwik 18X12 300GSM Black,VKSP18123006,,Tarpaulin & Nets,39269099,18,,1927.27,2444.63,3
VKwik 18X12 300GSM Silver/Black,VKSP18123008,,Tarpaulin & Nets,39269099,18,,1990.36,2368.24,77
VKwik 18X12 300GSM Green,VKSP181230091,,Tarpaulin & Nets,39269099,18,,1808.82,2339.29,69
VKwik 18X15 300GSM Blue,VKSP1815300,,Tarpaulin & Nets,39269099,18,,2376.27,2882.23,12
VKwik 18X15 300GSM Yellow,VKSP18153006,,Tarpaulin & Nets,39269099,18,,2390.45,2785.53,54
VKwik 18X15 300GSM Black,VKSP18153000,,Tarpaulin & Nets,39269099,18,,2196.58,2771.62,20
VKwik 18X15 300GSM Silver/Black,VKSP18153007,,Tarpaulin & Nets,39269099,18,,2290.47,2777.62,28
VKwik 18X15 300GSM Green,VKSP18153001,,Tarpaulin & Nets,39269099,18,,2647.58,3050.89,67
VKwik 21X15 300GSM Blue,VKSP2115300,,Tarpaulin & Nets,39269099,18,,2934.34,3516.57,56
VKwik 21X15 300GSM Yellow,VKSP21153005,,Tarpaulin & Nets,39269099,18,,3043.03,3851.05,42
VKwik 21X15 300GSM Black,VKSP21153008,,Tarpaulin & Nets,39269099,18,,2575.61,2998.78,88
VKwik 21X15 300GSM Silver/Black,VKSP21153003,,Tarpaulin & Nets,39269099,18,,2976.77,3429.74,52
VKwik 21X15 300GSM Green,VKSP21153004,,Tarpaulin & Nets,39269099,18,,2872.42,3631.87,64
VKwik 24X18 300GSM Blue,VKSP2418300,,Tarpaulin & Nets,39269099,18,,3799.1,4765.05,29
VKwik 24X18 300GSM Yellow,VKSP24183007,,Tarpaulin & Nets,39269099,18,,3661.93,4229.2,67
VKwik 24X18 300GSM Black,VKSP24183003,,Tarpaulin & Nets,39269099,18,,3873.95,4545.55,41
VKwik 24X18 300GSM Silver/Black,VKSP24183005,,Tarpaulin & Nets,39269099,18,,4166.29,5204.4,7
VKwik 24X18 300GSM Green,VKSP241830057,,Tarpaulin & Nets,39269099,18,,3758.33,4391.53,33
VKwik 30X20 300GSM Blue,VKSP3020300,,Tarpaulin & Nets,39269099,18,,4959.29,6074.64,80
VKwik 30X20 300GSM Yellow,VKSP30203008,,Tarpaulin & Nets,39269099,18,,5366.54,6425.52,29
VKwik 30X20 300GSM Black,VKSP30203005,,Tarpaulin & Nets,39269099,18,,5629.0,7309.98,46
VKwik 30X20 300GSM Silver/Black,VKSP302030058,,Tarpaulin & Nets,39269099,18,,4965.96,6066.76,19
VKwik 30X20 300GSM Green,VKSP30203003,,Tarpaulin & Nets,39269099,18,,5503.31,6447.22,90
VKwik 30X24 300GSM Blue,VKSP3024300,,Tarpaulin & Nets,39269099,18,,6890.71,8131.65,91
VKwik 30X24 300GSM Yellow,VKSP30243004,,Tarpaulin & Nets,39269099,18,,6293.43,7522.34,41
VKwik 30X24 300GSM Black,VKSP30243005,,Tarpaulin & Nets,39269099,18,,5917.71,7464.18,68
VKwik 30X24 300GSM Silver/Black,VKSP30243000,,Tarpaulin & Nets,39269099,18,,7113.57,8991.44,74
VKwik 30X24 300GSM Green,VKSP302430042,,Tarpaulin & Nets,39269099,18,,7011.87,8157.77,66
VKwik 36X24 300GSM Blue,VKSP3624300,,Tarpaulin & Nets,39269099,18,,8318.6,10498.66,32
VKwik 36X24 300GSM Yellow,VKSP36243009,,Tarpaulin & Nets,39269099,18,,8543.51,9912.19,82
VKwik 36X24 300GSM Black,VKSP36243002,,Tarpaulin & Nets,39269099,18,,7088.33,8335.31,13
VKwik 36X24 300GSM Silver/Black,VKSP362430028,,Tarpaulin & Nets,39269099,18,,7438.16,9662.36,26
VKwik 36X24 300GSM Green,VKSP36243008,,Tarpaulin & Nets,39269099,18,,7635.62,9603.69,39
VKwik 40X30 300GSM Blue,VKSP4030300,,Tarpaulin & Nets,39269099,18,,10795.54,12528.7,5
VKwik 40X30 300GSM Yellow,VKSP40303000,,Tarpaulin & Nets,39269099,18,,10507.86,12842.24,76
VKwik 40X30 300GSM Black,VKSP40303002,,Tarpaulin & Nets,39269099,18,,11826.34,13737.18,20
VKwik 40X30 300GSM Silver/Black,VKSP403030022,,Tarpaulin & Nets,39269099,18,,9997.49,12439.08,34
VKwik 40X30 300GSM Green,VKSP40303008,,Tarpaulin & Nets,39269099,18,,10349.96,12912.34,53
VKwik 40X40 300GSM Blue,VKSP4040300,,Tarpaulin & Nets,39269099,18,,15785.63,19773.93,63
VKwik 40X40 300GSM Yellow,VKSP40403003,,Tarpaulin & Nets,39269099,18,,14166.45,16321.59,17
VKwik 40X40 300GSM Black,VKSP40403005,,Tarpaulin & Nets,39269099,18,,15660.58,18053.14,1
VKwik 40X40 300GSM Silver/Black,VKSP40403007,,Tarpaulin & Nets,39269099,18,,13270.55,16755.16,87
VKwik 40X40 300GSM Green,VKSP404030057,,Tarpaulin & Nets,39269099,18,,15675.42,19775.86,34
VKwik 50X40 300GSM Blue,VKSP5040300,,Tarpaulin & Nets,39269099,18,,16665.7,19167.51,48
VKwik 50X40 300GSM Yellow,VKSP50403001,,Tarpaulin & Nets,39269099,18,,16948.99,20825.59,91
VKwik 50X40 300GSM Black,VKSP50403005,,Tarpaulin & Nets,39269099,18,,16616.83,20437.2,97
VKwik 50X40 300GSM Silver/Black,VKSP50403000,,Tarpaulin & Nets,39269099,18,,16958.09,20661.58,91
VKwik 50X40 300GSM Green,VKSP50403003,,Tarpaulin & Nets,39269099,18,,16217.93,19939.13,28
VKwik 60X40 300GSM Blue,VKSP6040300,,Tarpaulin & Nets,39269099,18,,20061.21,23075.15,68
VKwik 60X40 300GSM Yellow,VKSP60403008,,Tarpaulin & Nets,39269099,18,,19787.42,23260.38,100
VKwik 60X40 300GSM Black,VKSP60403003,,Tarpaulin & Nets,39269099,18,,20197.2,23534.21,71
VKwik 60X40 300GSM Silver/Black,VKSP60403007,,Tarpaulin & Nets,39269099,18,,20437.25,25960.21,45
VKwik 60X40 300GSM Green,VKSP60403009,,Tarpaulin & Nets,39269099,18,,22715.38,28117.54,6
VKwik 60X60 300GSM Blue,VKSP6060300,,Tarpaulin & Nets,39269099,18,,30961.03,36578.9,82
VKwik 60X60 300GSM Yellow,VKSP60603007,,Tarpaulin & Nets,39269099,18,,32158.42,38396.38,52
VKwik 60X60 300GSM Black,VKSP60603005,,Tarpaulin & Nets,39269099,18,,32096.26,37662.89,76
VKwik 60X60 300GSM Silver/Black,VKSP60603002,,Tarpaulin & Nets,39269099,18,,33171.76,42010.59,2
VKwik 60X60 300GSM Green,VKSP60603006,,Tarpaulin & Nets,39269099,18,,29302.11,36094.29,41
VKwik 80X60 300GSM Blue,VKSP8060300,,Tarpaulin & Nets,39269099,18,,43908.68,51353.63,52
VKwik 80X60 300GSM Yellow,VKSP80603002,,Tarpaulin & Nets,39269099,18,,41575.04,47859.34,52
VKwik 80X60 300GSM Black,VKSP806030021,,Tarpaulin & Nets,39269099,18,,46438.7,56210.45,75
VKwik 80X60 300GSM Silver/Black,VKSP80603006,,Tarpaulin & Nets,39269099,18,,47147.0,56790.3,52
VKwik 80X60 300GSM Green,VKSP80603005,,Tarpaulin & Nets,39269099,18,,44079.43,56918.94,36
VKwik 100X100 300GSM Blue,VKSP100100300,,Tarpaulin & Nets,39269099,18,,83325.84,98401.99,86
VKwik 100X100 300GSM Yellow,VKSP1001003006,,Tarpaulin & Nets,39269099,18,,98246.68,115497.86,78
VKwik 100X100 300GSM Black,VKSP1001003005,,Tarpaulin & Nets,39269099,18,,83539.79,96675.08,30
VKwik 100X100 300GSM Silver/Black,VKSP1001003008,,Tarpaulin & Nets,39269099,18,,89445.15,106810.57,33
VKwik 100X100 300GSM Green,VKSP1001003003,,Tarpaulin & Nets,39269099,18,,83652.48,104043.23,52
